chrom	start	end	strand	score	score_type	coverage	ref_base	five_mer_raw	center_status	drach
chr1	10151212	10151213	+	0.15353	delta_sum_err	589	A	CCAGA	ok	False
chr1	10151219	10151220	+	0.13749	delta_sum_err	384	A	ATACA	ok	False
chr1	10151227	10151228	+	0.16932	delta_sum_err	513	A	AGAAA	ok	False
chr1	10151260	10151261	+	0.1156	delta_sum_err	405	A	TTAAC	ok	False
chr1	10181701	10181702	+	0.12942	delta_sum_err	82	A	TTAGG	ok	False
chr1	10181875	10181876	+	0.12254	delta_sum_err	88	A	GGATT	ok	False
chr1	10181897	10181898	+	0.12292	delta_sum_err	88	A	AGACT	ok	True
chr1	10181900	10181901	+	0.14306	delta_sum_err	88	A	CTACA	ok	False
chr1	10181944	10181945	+	0.28472	delta_sum_err	82	A	TCAAC	ok	False
chr1	10181945	10181946	+	0.31736	delta_sum_err	89	A	CAACG	ok	False
chr1	10182382	10182383	+	0.13675	delta_sum_err	102	A	TCATC	ok	False
chr1	10182569	10182570	+	0.30275	delta_sum_err	87	A	GGACT	ok	True
chr1	10182604	10182605	+	0.21296	delta_sum_err	85	A	GTAAA	ok	False
chr1	10182606	10182607	+	0.12096	delta_sum_err	106	A	AAACT	ok	True
chr1	10300986	10300987	+	0.13445	delta_sum_err	69	A	ATAAG	ok	False
chr1	10301053	10301054	+	0.18429	delta_sum_err	81	A	TAACA	ok	True
chr1	10301109	10301110	+	0.12791	delta_sum_err	80	A	GCAGG	ok	False
chr1	10371907	10371908	+	0.18826	delta_sum_err	48	A	ATACA	ok	False
chr1	10371909	10371910	+	0.12348	delta_sum_err	55	A	ACATA	ok	False
chr1	10372020	10372021	+	0.17155	delta_sum_err	62	A	TTAAG	ok	False
chr1	10372384	10372385	+	0.18249	delta_sum_err	56	A	ACATT	ok	False
chr1	10372394	10372395	+	0.1162	delta_sum_err	69	A	GTATA	ok	False
chr1	10372432	10372433	+	0.18382	delta_sum_err	88	A	TCAAC	ok	False
chr1	10372605	10372606	+	0.13233	delta_sum_err	93	A	ATAAC	ok	False
chr1	10372832	10372833	+	0.11652	delta_sum_err	105	A	CCAGC	ok	False
chr1	10373154	10373155	+	0.13248	delta_sum_err	67	A	CCAAC	ok	False
chr1	10373232	10373233	+	0.13565	delta_sum_err	91	A	ACATC	ok	False
chr1	10373551	10373552	+	0.18857	delta_sum_err	88	A	GCAAA	ok	False
chr1	10375804	10375805	+	0.15714	delta_sum_err	46	A	CAATA	ok	False
chr1	10375814	10375815	+	0.18068	delta_sum_err	43	A	TTACT	ok	False
chr1	10375828	10375829	+	0.12238	delta_sum_err	46	A	AGATA	ok	False
chr1	10375899	10375900	+	0.11384	delta_sum_err	70	A	TTAGT	ok	False
chr1	10375919	10375920	+	0.22368	delta_sum_err	70	A	GCACA	ok	False
chr1	10376029	10376030	+	0.1269	delta_sum_err	70	A	CGATT	ok	False
chr1	10376225	10376226	+	0.18126	delta_sum_err	68	A	ACATT	ok	False
chr1	10376622	10376623	+	0.12285	delta_sum_err	77	A	ACACC	ok	False
chr1	10377291	10377292	+	0.21044	delta_sum_err	75	A	CTAAG	ok	False
chr1	10377313	10377314	+	0.24563	delta_sum_err	71	A	TCAAC	ok	False
chr1	10377314	10377315	+	0.20979	delta_sum_err	77	A	CAACA	ok	False
chr1	10377754	10377755	+	0.115	delta_sum_err	95	A	CAAAC	ok	False
chr1	10478004	10478005	+	0.14532	delta_sum_err	36	A	CCACC	ok	False
chr1	10491733	10491734	+	0.14318	delta_sum_err	5	A	ACAAA	ok	False
chr1	10491734	10491735	+	0.12348	delta_sum_err	7	A	CAAAA	ok	False
chr1	10491792	10491793	+	0.1197	delta_sum_err	17	A	TCACC	ok	False
chr1	10491796	10491797	+	0.125	delta_sum_err	17	A	CGATT	ok	False
chr1	10491800	10491801	+	0.125	delta_sum_err	15	A	TCATT	ok	False
chr1	10492527	10492528	+	0.16279	delta_sum_err	15	A	TCAAC	ok	False
chr1	10492886	10492887	+	0.11628	delta_sum_err	21	A	TCAAG	ok	False
chr1	10493163	10493164	+	0.22417	delta_sum_err	4	A	CGAAA	ok	False
chr1	10493482	10493483	+	0.13333	delta_sum_err	19	A	TCACT	ok	False
chr1	10493515	10493516	+	0.12222	delta_sum_err	23	A	GCACA	ok	False
chr1	10493642	10493643	+	0.12573	delta_sum_err	15	A	ACATA	ok	False
chr1	10493647	10493648	+	0.14689	delta_sum_err	22	A	TGACC	ok	True
chr1	10493668	10493669	+	0.12515	delta_sum_err	23	A	CCATC	ok	False
chr1	10493779	10493780	+	0.14161	delta_sum_err	21	A	GCAAG	ok	False
chr1	10493976	10493977	+	0.12536	delta_sum_err	24	A	ACAAC	ok	False
chr1	10494240	10494241	+	0.1324	delta_sum_err	21	A	CCATC	ok	False
chr1	10494472	10494473	+	0.19927	delta_sum_err	18	A	TCACT	ok	False
chr1	10494493	10494494	+	0.16618	delta_sum_err	11	A	GAACT	ok	True
chr1	10640599	10640600	+	0.37961	delta_sum_err	702	A	GTAGA	ok	False
chr1	10640613	10640614	+	0.3038	delta_sum_err	551	A	TGACT	ok	True
chr1	10640665	10640666	+	0.1136	delta_sum_err	699	A	TGACA	ok	True
chr1	10717899	10717900	+	0.21525	delta_sum_err	40	A	CGAAA	ok	False
chr1	10717917	10717918	+	0.12668	delta_sum_err	48	A	ACATG	ok	False
chr1	10717959	10717960	+	0.13393	delta_sum_err	46	A	CAACT	ok	False
chr1	10718132	10718133	+	0.11623	delta_sum_err	29	A	TGAAA	ok	False
chr1	10718150	10718151	+	0.23136	delta_sum_err	27	A	GCAAA	ok	False
chr1	10718152	10718153	+	0.22478	delta_sum_err	53	A	AAAAC	ok	False
chr1	10718153	10718154	+	0.18586	delta_sum_err	51	A	AAACC	ok	True
chr1	10718234	10718235	+	0.12394	delta_sum_err	54	A	TCACA	ok	False
chr1	10718276	10718277	+	0.24395	delta_sum_err	48	A	TCATA	ok	False
chr1	10718467	10718468	+	0.15878	delta_sum_err	49	A	GCATA	ok	False
chr1	10718476	10718477	+	0.16987	delta_sum_err	68	A	CCAGC	ok	False
chr1	10718483	10718484	+	0.11822	delta_sum_err	52	A	ATACT	ok	False
chr1	10718540	10718541	+	0.12702	delta_sum_err	68	A	ACATT	ok	False
chr1	10718548	10718549	+	0.12205	delta_sum_err	62	A	CTACA	ok	False
chr1	10718577	10718578	+	0.12536	delta_sum_err	62	A	TCACC	ok	False
chr1	10718699	10718700	+	0.14773	delta_sum_err	73	A	GCATA	ok	False
chr1	10718703	10718704	+	0.13863	delta_sum_err	63	A	ACATT	ok	False
chr1	10718712	10718713	+	0.17689	delta_sum_err	72	A	ATAGC	ok	False
chr1	10718917	10718918	+	0.11909	delta_sum_err	71	A	CCATG	ok	False
chr1	10718954	10718955	+	0.14956	delta_sum_err	63	A	TTAAA	ok	False
chr1	10723273	10723274	+	0.11905	delta_sum_err	34	A	TCAAA	ok	False
chr1	11311248	11311249	+	0.12097	delta_sum_err	21	A	GCATA	ok	False
chr1	1136594	1136595	+	0.14018	delta_sum_err	132	A	CTAAA	ok	False
chr1	1136995	1136996	+	0.12095	delta_sum_err	94	A	CCAAA	ok	False
chr1	1136999	1137000	+	0.13986	delta_sum_err	142	A	AAATC	ok	False
chr1	1138532	1138533	+	0.32544	delta_sum_err	141	A	TGAGA	ok	False
chr1	1138534	1138535	+	0.14129	delta_sum_err	146	A	AGACA	ok	True
chr1	11529666	11529667	+	0.16599	delta_sum_err	85	A	ATACA	ok	False
chr1	11529857	11529858	+	0.19381	delta_sum_err	99	A	GTATT	ok	False
chr1	11530071	11530072	+	0.11429	delta_sum_err	96	A	GTACT	ok	False
chr1	11530682	11530683	+	0.15202	delta_sum_err	106	A	TTATT	ok	False
chr1	11530815	11530816	+	0.14746	delta_sum_err	91	A	TCACT	ok	False
chr1	11530941	11530942	+	0.14896	delta_sum_err	104	A	AGAAA	ok	False
chr1	11530943	11530944	+	0.14166	delta_sum_err	111	A	AAAAT	ok	False
chr1	11530944	11530945	+	0.2	delta_sum_err	111	A	AAATT	ok	False
chr1	11531102	11531103	+	0.15537	delta_sum_err	108	A	TTAGT	ok	False
chr1	11531109	11531110	+	0.12441	delta_sum_err	93	A	CTATA	ok	False
chr1	11531181	11531182	+	0.34274	delta_sum_err	90	A	ATATA	ok	False
chr1	11532947	11532948	+	0.11374	delta_sum_err	594	A	CGACA	ok	False
chr1	11608012	11608013	+	0.12993	delta_sum_err	67	A	AGATA	ok	False
chr1	11608033	11608034	+	0.13246	delta_sum_err	65	A	GGAAA	ok	False
chr1	11608928	11608929	+	0.14623	delta_sum_err	110	A	TCAAC	ok	False
chr1	11609360	11609361	+	0.11439	delta_sum_err	123	A	GAATC	ok	False
chr1	11609462	11609463	+	0.14677	delta_sum_err	123	A	TCATC	ok	False
chr1	11609645	11609646	+	0.22869	delta_sum_err	84	A	CGAAA	ok	False
chr1	11609646	11609647	+	0.21623	delta_sum_err	98	A	GAAAA	ok	False
chr1	11609647	11609648	+	0.2061	delta_sum_err	120	A	AAAAG	ok	False
chr1	11609701	11609702	+	0.12058	delta_sum_err	105	A	TCATT	ok	False
chr1	11609707	11609708	+	0.1975	delta_sum_err	92	A	GTAAA	ok	False
chr1	11738866	11738867	+	0.13919	delta_sum_err	56	A	CAACC	ok	False
chr1	11738896	11738897	+	0.1169	delta_sum_err	56	A	CAAGC	ok	False
chr1	11738937	11738938	+	0.11608	delta_sum_err	53	A	CGAGG	ok	False
chr1	11738978	11738979	+	0.19591	delta_sum_err	56	A	TCACC	ok	False
chr1	11739011	11739012	+	0.16176	delta_sum_err	50	A	ACAAA	ok	False
chr1	11739067	11739068	+	0.1461	delta_sum_err	51	A	TCACC	ok	False
chr1	11739124	11739125	+	0.1166	delta_sum_err	61	A	GTATG	ok	False
chr1	11739135	11739136	+	0.11935	delta_sum_err	63	A	ATAGG	ok	False
chr1	11739182	11739183	+	0.13641	delta_sum_err	65	A	AAAGA	ok	False
chr1	11739184	11739185	+	0.21337	delta_sum_err	50	A	AGACT	ok	True
chr1	1191651	1191652	+	0.14043	delta_sum_err	76	A	TCACC	ok	False
chr1	1191659	1191660	+	0.1852	delta_sum_err	73	A	TCAAC	ok	False
chr1	1192427	1192428	+	0.15629	delta_sum_err	85	A	CTAAA	ok	False
chr1	1192460	1192461	+	0.11598	delta_sum_err	80	A	ACATA	ok	False
chr1	1192548	1192549	+	0.14053	delta_sum_err	94	A	TTACA	ok	False
chr1	1192550	1192551	+	0.12684	delta_sum_err	92	A	ACATT	ok	False
chr1	11928836	11928837	+	0.11821	delta_sum_err	56	A	CTAAA	ok	False
chr1	11928989	11928990	+	0.12455	delta_sum_err	76	A	GCAAC	ok	False
chr1	11929030	11929031	+	0.16189	delta_sum_err	57	A	GGAGA	ok	False
chr1	11929284	11929285	+	0.14772	delta_sum_err	47	A	ATATT	ok	False
chr1	1193168	1193169	+	0.17602	delta_sum_err	92	A	CAAAA	ok	False
chr1	1193266	1193267	+	0.13977	delta_sum_err	114	A	GCAAG	ok	False
chr1	1193581	1193582	+	0.21055	delta_sum_err	73	A	GTAAA	ok	False
chr1	1193669	1193670	+	0.12801	delta_sum_err	112	A	TCAAG	ok	False
chr1	1193733	1193734	+	0.12477	delta_sum_err	108	A	TCACG	ok	False
chr1	1193791	1193792	+	0.11846	delta_sum_err	113	A	ATATG	ok	False
chr1	1193825	1193826	+	0.17861	delta_sum_err	81	A	GTACC	ok	False
chr1	1193867	1193868	+	0.11588	delta_sum_err	84	A	ATATA	ok	False
chr1	11957115	11957116	+	0.12492	delta_sum_err	120	A	CCAAA	ok	False
chr1	11957198	11957199	+	0.24705	delta_sum_err	236	A	CCAAC	ok	False
chr1	11957199	11957200	+	0.17479	delta_sum_err	300	A	CAACA	ok	False
chr1	11957201	11957202	+	0.32823	delta_sum_err	220	A	ACATG	ok	False
chr1	12005268	12005269	+	0.12352	delta_sum_err	42	A	CAATC	ok	False
chr1	12006683	12006684	+	0.13443	delta_sum_err	46	A	GTACC	ok	False
chr1	12006686	12006687	+	0.13443	delta_sum_err	49	A	CCATT	ok	False
chr1	12006821	12006822	+	0.11649	delta_sum_err	35	A	TCACT	ok	False
chr1	12006863	12006864	+	0.14285	delta_sum_err	48	A	TCATT	ok	False
chr1	12006870	12006871	+	0.11959	delta_sum_err	49	A	CTACG	ok	False
chr1	12007477	12007478	+	0.13273	delta_sum_err	42	A	GTACT	ok	False
chr1	12007496	12007497	+	0.20588	delta_sum_err	32	A	TGAAA	ok	False
chr1	12007923	12007924	+	0.12578	delta_sum_err	39	A	ACATT	ok	False
chr1	12008602	12008603	+	0.11768	delta_sum_err	66	A	GTATC	ok	False
chr1	12008642	12008643	+	0.18619	delta_sum_err	66	A	GCACC	ok	False
chr1	12008694	12008695	+	0.17324	delta_sum_err	63	A	CCAAG	ok	False
chr1	12008703	12008704	+	0.21982	delta_sum_err	49	A	TGAAG	ok	False
chr1	12008704	12008705	+	0.20963	delta_sum_err	63	A	GAAGA	ok	False
chr1	12008706	12008707	+	0.13636	delta_sum_err	60	A	AGACA	ok	True
chr1	12008708	12008709	+	0.14902	delta_sum_err	64	A	ACAAG	ok	False
chr1	12008714	12008715	+	0.13388	delta_sum_err	56	A	ATATG	ok	False
chr1	12012308	12012309	+	0.19228	delta_sum_err	330	A	GTAAA	ok	False
chr1	12012309	12012310	+	0.12685	delta_sum_err	382	A	TAAAC	ok	False
chr1	12012310	12012311	+	0.13686	delta_sum_err	400	A	AAACC	ok	True
chr1	12012331	12012332	+	0.11377	delta_sum_err	362	A	CGAGA	ok	False
chr1	12012362	12012363	+	0.1492	delta_sum_err	203	A	GGAGA	ok	False
chr1	12012364	12012365	+	0.14459	delta_sum_err	176	A	AGACA	ok	True
chr1	12024573	12024574	+	0.12608	delta_sum_err	620	A	CCACC	ok	False
chr1	12024587	12024588	+	0.15663	delta_sum_err	606	A	AAACT	ok	True
chr1	12024651	12024652	+	0.37507	delta_sum_err	365	A	GGAGA	ok	False
chr1	1216425	1216426	+	0.13133	delta_sum_err	158	A	TCAAA	ok	False
chr1	1217325	1217326	+	0.11491	delta_sum_err	338	A	GCAAG	ok	False
chr1	1217358	1217359	+	0.34773	delta_sum_err	256	A	TGACA	ok	True
chr1	1217364	1217365	+	0.12552	delta_sum_err	308	A	TCAAA	ok	False
chr1	12265262	12265263	+	0.11912	delta_sum_err	152	A	TCACT	ok	False
chr1	12266297	12266298	+	0.13242	delta_sum_err	123	A	GCAAA	ok	False
chr1	12266685	12266686	+	0.31939	delta_sum_err	147	A	GGACC	ok	True
chr1	12266739	12266740	+	0.13005	delta_sum_err	148	A	GAATT	ok	False
chr1	12582162	12582163	+	0.13605	delta_sum_err	43	A	TCAAA	ok	False
chr1	12582210	12582211	+	0.11904	delta_sum_err	60	A	ATAAC	ok	False
chr1	12582233	12582234	+	0.15581	delta_sum_err	57	A	CCATC	ok	False
chr1	12582253	12582254	+	0.12922	delta_sum_err	59	A	TCAAC	ok	False
chr1	12582554	12582555	+	0.1555	delta_sum_err	50	A	TCACC	ok	False
chr1	12582573	12582574	+	0.14824	delta_sum_err	56	A	CGAAA	ok	False
chr1	12867714	12867715	+	0.12879	delta_sum_err	88	A	GAAAG	ok	False
chr1	12867849	12867850	+	0.25791	delta_sum_err	78	A	GGATA	ok	False
chr1	12867965	12867966	+	0.18789	delta_sum_err	89	A	CTAAG	ok	False
chr1	12867966	12867967	+	0.2	delta_sum_err	94	A	TAAGC	ok	False
chr1	13079266	13079267	+	0.11428	delta_sum_err	26	A	TGAAA	ok	False
chr1	13079316	13079317	+	0.12988	delta_sum_err	50	A	TCAAT	ok	False
chr1	13079512	13079513	+	0.12856	delta_sum_err	57	A	TTAAC	ok	False
chr1	13079513	13079514	+	0.1484	delta_sum_err	58	A	TAACA	ok	True
chr1	13079616	13079617	+	0.16723	delta_sum_err	60	A	TTAGA	ok	False
chr1	13079652	13079653	+	0.12818	delta_sum_err	57	A	ATATT	ok	False
chr1	13079733	13079734	+	0.24984	delta_sum_err	45	A	ACATA	ok	False
chr1	13079735	13079736	+	0.15356	delta_sum_err	49	A	ATAAG	ok	False
chr1	13210305	13210306	+	0.23424	delta_sum_err	548	A	GGACC	ok	True
chr1	13226567	13226568	+	0.1412	delta_sum_err	313	A	CCACA	ok	False
chr1	13226569	13226570	+	0.1288	delta_sum_err	333	A	ACAAG	ok	False
chr1	13226977	13226978	+	0.11708	delta_sum_err	376	A	ACAGC	ok	False
chr1	13672748	13672749	+	0.1468	delta_sum_err	74	A	TCATC	ok	False
chr1	13673506	13673507	+	0.17906	delta_sum_err	82	A	ACATA	ok	False
chr1	13673522	13673523	+	0.11559	delta_sum_err	95	A	GTACG	ok	False
chr1	13673616	13673617	+	0.11981	delta_sum_err	104	A	ATAAG	ok	False
chr1	13673672	13673673	+	0.11942	delta_sum_err	95	A	AGACT	ok	True
chr1	13674002	13674003	+	0.25648	delta_sum_err	61	A	GTATG	ok	False
chr1	13674005	13674006	+	0.13889	delta_sum_err	85	A	TGACA	ok	True
chr1	13674027	13674028	+	0.12798	delta_sum_err	73	A	TCACA	ok	False
chr1	14026777	14026778	+	0.14083	delta_sum_err	144	A	TTACA	ok	False
chr1	14026828	14026829	+	0.2	delta_sum_err	107	A	TCACC	ok	False
chr1	14026880	14026881	+	0.2136	delta_sum_err	72	A	TTAAA	ok	False
chr1	14159066	14159067	+	0.12551	delta_sum_err	174	A	CTAAA	ok	False
chr1	14160992	14160993	+	0.13251	delta_sum_err	318	A	ACATT	ok	False
chr1	1482964	1482965	+	0.20723	delta_sum_err	30	A	GTACA	ok	False
chr1	1482966	1482967	+	0.1148	delta_sum_err	33	A	ACACG	ok	False
chr1	1483018	1483019	+	0.15893	delta_sum_err	36	A	AAATT	ok	False
chr1	1483027	1483028	+	0.32946	delta_sum_err	22	A	ATAGG	ok	False
chr1	1483055	1483056	+	0.13889	delta_sum_err	36	A	TCAAT	ok	False
chr1	1483056	1483057	+	0.13889	delta_sum_err	37	A	CAATT	ok	False
chr1	1483147	1483148	+	0.12247	delta_sum_err	38	A	GTAGA	ok	False
chr1	1483364	1483365	+	0.15682	delta_sum_err	41	A	TTATC	ok	False
chr1	1483968	1483969	+	0.3328	delta_sum_err	37	A	GGACA	ok	True
chr1	1483970	1483971	+	0.24484	delta_sum_err	49	A	ACACA	ok	False
chr1	1484026	1484027	+	0.22222	delta_sum_err	38	A	AGAAA	ok	False
chr1	16127170	16127171	+	0.23482	delta_sum_err	168	A	ACAAC	ok	False
chr1	16127171	16127172	+	0.25121	delta_sum_err	175	A	CAACT	ok	False
chr1	16127196	16127197	+	0.16964	delta_sum_err	150	A	TGACT	ok	True
chr1	16129618	16129619	+	0.12074	delta_sum_err	1358	A	CCAAA	ok	False
chr1	16129702	16129703	+	0.14778	delta_sum_err	922	A	TGAAC	ok	False
chr1	16129716	16129717	+	0.16151	delta_sum_err	929	A	TTAAG	ok	False
chr1	16129717	16129718	+	0.13082	delta_sum_err	993	A	TAAGA	ok	False
chr1	16268711	16268712	+	0.42925	delta_sum_err	575	A	TTAAA	ok	False
chr1	16268712	16268713	+	0.1182	delta_sum_err	684	A	TAAAC	ok	False
chr1	16268715	16268716	+	0.11547	delta_sum_err	700	A	ACAAT	ok	False
chr1	16268765	16268766	+	0.13543	delta_sum_err	303	A	TTAAA	ok	False
chr1	16268790	16268791	+	0.20835	delta_sum_err	268	A	TGAGA	ok	False
chr1	16468171	16468172	+	0.13739	delta_sum_err	113	A	AGAAA	ok	False
chr1	16469603	16469604	+	0.11784	delta_sum_err	169	A	CCAAC	ok	False
chr1	16470261	16470262	+	0.13686	delta_sum_err	194	A	CCATG	ok	False
chr1	16470469	16470470	+	0.18388	delta_sum_err	115	A	TTAAA	ok	False
chr1	16646987	16646988	+	0.12412	delta_sum_err	71	A	TGATC	ok	False
chr1	16647032	16647033	+	0.18101	delta_sum_err	59	A	TCACA	ok	False
chr1	16647871	16647872	+	0.1142	delta_sum_err	67	A	GTATA	ok	False
chr1	16647887	16647888	+	0.11848	delta_sum_err	79	A	GAAGA	ok	False
chr1	16647962	16647963	+	0.12356	delta_sum_err	77	A	TTAAG	ok	False
chr1	16648278	16648279	+	0.13338	delta_sum_err	65	A	AGATA	ok	False
chr1	16648322	16648323	+	0.19219	delta_sum_err	78	A	GGAAA	ok	False
chr1	16648468	16648469	+	0.31317	delta_sum_err	56	A	CTAAA	ok	False
chr1	16648469	16648470	+	0.26996	delta_sum_err	62	A	TAAAC	ok	False
chr1	16648470	16648471	+	0.27946	delta_sum_err	74	A	AAACC	ok	True
chr1	16648496	16648497	+	0.29254	delta_sum_err	78	A	TCAAC	ok	False
chr1	16648497	16648498	+	0.213	delta_sum_err	87	A	CAACC	ok	False
chr1	16873262	16873263	+	0.16956	delta_sum_err	2395	A	GGACA	ok	True
chr1	17123901	17123902	+	0.13452	delta_sum_err	125	A	CAATA	ok	False
chr1	17124142	17124143	+	0.13708	delta_sum_err	125	A	ACATA	ok	False
chr1	17127075	17127076	+	0.1226	delta_sum_err	68	A	CCAAA	ok	False
chr1	17127198	17127199	+	0.13815	delta_sum_err	138	A	TCACA	ok	False
chr1	17179463	17179464	+	0.13871	delta_sum_err	203	A	GCATC	ok	False
chr1	17180140	17180141	+	0.13723	delta_sum_err	247	A	GGACC	ok	True
chr1	17180441	17180442	+	0.1231	delta_sum_err	162	A	GTACA	ok	False
chr1	17180711	17180712	+	0.18588	delta_sum_err	83	A	TCACA	ok	False
chr1	17180713	17180714	+	0.16838	delta_sum_err	79	A	ACATT	ok	False
chr1	17180743	17180744	+	0.14109	delta_sum_err	65	A	TTACT	ok	False
chr1	17180789	17180790	+	0.12903	delta_sum_err	58	A	GCAAA	ok	False
chr1	17191444	17191445	+	0.18648	delta_sum_err	26	A	AGAAA	ok	False
chr1	17191480	17191481	+	0.28382	delta_sum_err	34	A	TCACC	ok	False
chr1	17191505	17191506	+	0.11905	delta_sum_err	38	A	GCACG	ok	False
chr1	17191513	17191514	+	0.16808	delta_sum_err	34	A	AAACC	ok	True
chr1	17191671	17191672	+	0.27731	delta_sum_err	33	A	CCACC	ok	False
chr1	17191762	17191763	+	0.13052	delta_sum_err	39	A	TCAAC	ok	False
chr1	17191780	17191781	+	0.11667	delta_sum_err	41	A	CTAAA	ok	False
chr1	17191918	17191919	+	0.11715	delta_sum_err	43	A	TTATT	ok	False
chr1	17192617	17192618	+	0.14406	delta_sum_err	44	A	CCACC	ok	False
chr1	17192644	17192645	+	0.11981	delta_sum_err	51	A	AAACC	ok	True
chr1	17192648	17192649	+	0.13643	delta_sum_err	43	A	CCAAG	ok	False
chr1	17192657	17192658	+	0.20833	delta_sum_err	46	A	AGAAA	ok	False
chr1	17192790	17192791	+	0.13707	delta_sum_err	49	A	CGAGT	ok	False
chr1	17192952	17192953	+	0.12957	delta_sum_err	59	A	CAACG	ok	False
chr1	17192983	17192984	+	0.12576	delta_sum_err	57	A	CCACG	ok	False
chr1	17193060	17193061	+	0.13125	delta_sum_err	46	A	AAATA	ok	False
chr1	17193092	17193093	+	0.16129	delta_sum_err	53	A	GGACT	ok	True
chr1	17193096	17193097	+	0.14855	delta_sum_err	39	A	TGAAA	ok	False
chr1	17847636	17847637	+	0.12707	delta_sum_err	118	A	AGATA	ok	False
chr1	17847670	17847671	+	0.1245	delta_sum_err	156	A	AGAGG	ok	False
chr1	17847678	17847679	+	0.17362	delta_sum_err	98	A	AGATA	ok	False
chr1	17868247	17868248	+	0.21935	delta_sum_err	416	A	TGAAC	ok	False
chr1	17868270	17868271	+	0.15081	delta_sum_err	508	A	AGAAC	ok	False
chr1	17868271	17868272	+	0.20716	delta_sum_err	535	A	GAACC	ok	True
chr1	17908267	17908268	+	0.14757	delta_sum_err	78	A	GCAAA	ok	False
chr1	17908320	17908321	+	0.12033	delta_sum_err	101	A	GAAGA	ok	False
chr1	17908338	17908339	+	0.23092	delta_sum_err	96	A	CGAGT	ok	False
chr1	17908343	17908344	+	0.14199	delta_sum_err	91	A	ATAGG	ok	False
chr1	17908418	17908419	+	0.2715	delta_sum_err	88	A	GGACC	ok	True
chr1	17908471	17908472	+	0.14164	delta_sum_err	74	A	ATATC	ok	False
chr1	17967906	17967907	+	0.13213	delta_sum_err	66	A	CTAGT	ok	False
chr1	17967925	17967926	+	0.12504	delta_sum_err	66	A	TGAGC	ok	False
chr1	17968061	17968062	+	0.11725	delta_sum_err	66	A	ACAAC	ok	False
chr1	17968200	17968201	+	0.15385	delta_sum_err	63	A	ACATG	ok	False
chr1	17968554	17968555	+	0.27509	delta_sum_err	39	A	ATAAA	ok	False
chr1	17968568	17968569	+	0.11942	delta_sum_err	78	A	ATATG	ok	False
chr1	17968586	17968587	+	0.11628	delta_sum_err	77	A	TCAAG	ok	False
chr1	17969075	17969076	+	0.13339	delta_sum_err	68	A	GTAAA	ok	False
chr1	17969095	17969096	+	0.15502	delta_sum_err	35	A	CCAAA	ok	False
chr1	17969143	17969144	+	0.1866	delta_sum_err	67	A	GGACA	ok	True
chr1	17969170	17969171	+	0.15436	delta_sum_err	61	A	GGAAC	ok	False
chr1	17969181	17969182	+	0.12338	delta_sum_err	75	A	TCAAA	ok	False
chr1	18036014	18036015	+	0.13251	delta_sum_err	115	A	AGAAA	ok	False
chr1	18036243	18036244	+	0.14386	delta_sum_err	167	A	TTAGC	ok	False
chr1	18036257	18036258	+	0.15664	delta_sum_err	189	A	GCAAG	ok	False
chr1	18036270	18036271	+	0.12571	delta_sum_err	176	A	CCAAC	ok	False
chr1	18099588	18099589	+	0.11662	delta_sum_err	137	A	CTACC	ok	False
chr1	18099772	18099773	+	0.125	delta_sum_err	142	A	AAAGT	ok	False
chr1	18099832	18099833	+	0.11393	delta_sum_err	150	A	GTAGT	ok	False
chr1	18099892	18099893	+	0.16751	delta_sum_err	125	A	AGAAA	ok	False
chr1	18100055	18100056	+	0.18618	delta_sum_err	146	A	CTAAA	ok	False
chr1	18100057	18100058	+	0.20922	delta_sum_err	154	A	AAACA	ok	True
chr1	18100180	18100181	+	0.12752	delta_sum_err	150	A	TCAAA	ok	False
chr1	18100325	18100326	+	0.35309	delta_sum_err	144	A	TCAAA	ok	False
chr1	18100716	18100717	+	0.11404	delta_sum_err	168	A	GCAAC	ok	False
chr1	18100717	18100718	+	0.13304	delta_sum_err	158	A	CAACT	ok	False
chr1	18100747	18100748	+	0.18642	delta_sum_err	165	A	TGAAA	ok	False
chr1	18100819	18100820	+	0.1752	delta_sum_err	148	A	ACATT	ok	False
chr1	18100842	18100843	+	0.21005	delta_sum_err	111	A	TCAAA	ok	False
chr1	18101129	18101130	+	0.11817	delta_sum_err	160	A	CAATG	ok	False
chr1	18101469	18101470	+	0.20641	delta_sum_err	157	A	ATACT	ok	False
chr1	18101525	18101526	+	0.13286	delta_sum_err	162	A	AGAAC	ok	False
chr1	18101526	18101527	+	0.13848	delta_sum_err	166	A	GAACC	ok	True
chr1	18101531	18101532	+	0.16348	delta_sum_err	168	A	TTAAA	ok	False
chr1	18216561	18216562	+	0.16835	delta_sum_err	73	A	CAACC	ok	False
chr1	18216880	18216881	+	0.14451	delta_sum_err	67	A	ACACT	ok	False
chr1	18216927	18216928	+	0.16747	delta_sum_err	79	A	CTACT	ok	False
chr1	18216931	18216932	+	0.23404	delta_sum_err	68	A	TTACC	ok	False
chr1	18217059	18217060	+	0.1841	delta_sum_err	80	A	ACAAC	ok	False
chr1	18217221	18217222	+	0.24893	delta_sum_err	83	A	TCACT	ok	False
chr1	18217227	18217228	+	0.19884	delta_sum_err	65	A	CCACA	ok	False
chr1	18217267	18217268	+	0.15211	delta_sum_err	91	A	TTACT	ok	False
chr1	18217306	18217307	+	0.17436	delta_sum_err	79	A	ACATG	ok	False
chr1	18217317	18217318	+	0.11987	delta_sum_err	73	A	ACAAC	ok	False
chr1	18217579	18217580	+	0.1165	delta_sum_err	98	A	TCAGG	ok	False
chr1	18217930	18217931	+	0.20319	delta_sum_err	112	A	CCACA	ok	False
chr1	18218210	18218211	+	0.15248	delta_sum_err	68	A	ATAAA	ok	False
chr1	18218211	18218212	+	0.19067	delta_sum_err	92	A	TAAAA	ok	False
chr1	18218228	18218229	+	0.17367	delta_sum_err	78	A	GGACT	ok	True
chr1	18504924	18504925	+	0.13224	delta_sum_err	103	A	GTACG	ok	False
chr1	18505049	18505050	+	0.18269	delta_sum_err	79	A	CCAAA	ok	False
chr1	18505416	18505417	+	0.12435	delta_sum_err	110	A	TCAAA	ok	False
chr1	18505425	18505426	+	0.11702	delta_sum_err	107	A	ACAAA	ok	False
chr1	18517739	18517740	+	0.13154	delta_sum_err	102	A	TGAGA	ok	False
chr1	18518520	18518521	+	0.13294	delta_sum_err	117	A	TTACA	ok	False
chr1	18518778	18518779	+	0.17913	delta_sum_err	94	A	GAAAA	ok	False
chr1	18518957	18518958	+	0.11874	delta_sum_err	132	A	CCACC	ok	False
chr1	18519441	18519442	+	0.13784	delta_sum_err	170	A	TCAAC	ok	False
chr1	18519519	18519520	+	0.13571	delta_sum_err	156	A	CCACC	ok	False
chr1	18519804	18519805	+	0.19647	delta_sum_err	148	A	GTACT	ok	False
chr1	18519816	18519817	+	0.22464	delta_sum_err	73	A	TCAAA	ok	False
chr1	18519817	18519818	+	0.23913	delta_sum_err	142	A	CAAAA	ok	False
chr1	18519818	18519819	+	0.2029	delta_sum_err	161	A	AAAAA	ok	False
chr1	18519904	18519905	+	0.11459	delta_sum_err	90	A	TGAAT	ok	False
chr1	18702032	18702033	+	0.12195	delta_sum_err	39	A	CCAAC	ok	False
chr1	18702098	18702099	+	0.18669	delta_sum_err	33	A	TCACC	ok	False
chr1	18703377	18703378	+	0.13091	delta_sum_err	53	A	CTAGT	ok	False
chr1	18703600	18703601	+	0.1463	delta_sum_err	50	A	AAATA	ok	False
chr1	18704202	18704203	+	0.11411	delta_sum_err	65	A	ACATT	ok	False
chr1	18704503	18704504	+	0.14681	delta_sum_err	79	A	GCATC	ok	False
chr1	18704576	18704577	+	0.19259	delta_sum_err	52	A	TCATA	ok	False
chr1	18704737	18704738	+	0.13745	delta_sum_err	69	A	TCACT	ok	False
chr1	18704765	18704766	+	0.11369	delta_sum_err	81	A	GTACT	ok	False
chr1	18802948	18802949	+	0.12293	delta_sum_err	98	A	CTAAA	ok	False
chr1	18803016	18803017	+	0.16979	delta_sum_err	112	A	ACATT	ok	False
chr1	18866432	18866433	+	0.14233	delta_sum_err	209	A	TCAAG	ok	False
chr1	18867086	18867087	+	0.2207	delta_sum_err	208	A	AGAAC	ok	False
chr1	18937282	18937283	+	0.16791	delta_sum_err	73	A	ATAAC	ok	False
chr1	18937300	18937301	+	0.14889	delta_sum_err	67	A	CTAAA	ok	False
chr1	18937304	18937305	+	0.13399	delta_sum_err	71	A	AAATT	ok	False
chr1	18937454	18937455	+	0.14336	delta_sum_err	72	A	ACATT	ok	False
chr1	18937524	18937525	+	0.12704	delta_sum_err	58	A	AAAAA	ok	False
chr1	18937558	18937559	+	0.17334	delta_sum_err	62	A	TTACA	ok	False
chr1	18984459	18984460	+	0.19049	delta_sum_err	93	A	TAAAA	ok	False
chr1	18985721	18985722	+	0.14889	delta_sum_err	299	A	CCACC	ok	False
chr1	18986101	18986102	+	0.13161	delta_sum_err	323	A	ACACC	ok	False
chr1	18986411	18986412	+	0.14	delta_sum_err	173	A	AAAAA	ok	False
chr1	18986412	18986413	+	0.18134	delta_sum_err	232	A	AAAAA	ok	False
chr1	18986509	18986510	+	0.12609	delta_sum_err	261	A	ACATG	ok	False
chr1	19152809	19152810	+	0.13427	delta_sum_err	385	A	CGAGA	ok	False
chr1	19152833	19152834	+	0.13013	delta_sum_err	501	A	CAAAT	ok	False
chr1	19153752	19153753	+	0.11872	delta_sum_err	362	A	TCATA	ok	False
chr1	19153761	19153762	+	0.17264	delta_sum_err	413	A	TGACA	ok	True
chr1	19153763	19153764	+	0.18404	delta_sum_err	454	A	ACACA	ok	False
chr1	19153823	19153824	+	0.17361	delta_sum_err	379	A	CGAAC	ok	False
chr1	19153843	19153844	+	0.20824	delta_sum_err	310	A	TTAAA	ok	False
chr1	19153844	19153845	+	0.22416	delta_sum_err	318	A	TAAAG	ok	False
chr1	19153845	19153846	+	0.2037	delta_sum_err	390	A	AAAGA	ok	False
chr1	19516361	19516362	+	0.14778	delta_sum_err	62	A	ACAAA	ok	False
chr1	19646295	19646296	+	0.18486	delta_sum_err	229	A	ATAAG	ok	False
chr1	19646296	19646297	+	0.16731	delta_sum_err	240	A	TAAGA	ok	False
chr1	19646351	19646352	+	0.11781	delta_sum_err	203	A	GTACT	ok	False
chr1	19646365	19646366	+	0.12931	delta_sum_err	200	A	AGACG	ok	False
chr1	19646370	19646371	+	0.15772	delta_sum_err	228	A	CCAGT	ok	False
chr1	19685836	19685837	+	0.18022	delta_sum_err	88	A	CGAGT	ok	False
chr1	19685887	19685888	+	0.1602	delta_sum_err	68	A	TCACC	ok	False
chr1	19686058	19686059	+	0.15256	delta_sum_err	117	A	GTAGT	ok	False
chr1	19687197	19687198	+	0.15762	delta_sum_err	120	A	CTAAC	ok	False
chr1	19687714	19687715	+	0.18693	delta_sum_err	112	A	TCATA	ok	False
chr1	19687743	19687744	+	0.16669	delta_sum_err	122	A	ATAAA	ok	False
chr1	19687823	19687824	+	0.14276	delta_sum_err	113	A	ATAAC	ok	False
chr1	19844782	19844783	+	0.21316	delta_sum_err	58	A	AAATC	ok	False
chr1	19844785	19844786	+	0.12017	delta_sum_err	52	A	TCAAT	ok	False
chr1	19844786	19844787	+	0.14158	delta_sum_err	52	A	CAATC	ok	False
chr1	19844789	19844790	+	0.11364	delta_sum_err	50	A	TCATG	ok	False
chr1	19844970	19844971	+	0.12395	delta_sum_err	55	A	GGAAA	ok	False
chr1	19844973	19844974	+	0.15255	delta_sum_err	65	A	AAAGG	ok	False
chr1	19844995	19844996	+	0.11824	delta_sum_err	61	A	ACATA	ok	False
chr1	19844997	19844998	+	0.17353	delta_sum_err	62	A	ATACG	ok	False
chr1	19845014	19845015	+	0.16276	delta_sum_err	62	A	GTACT	ok	False
chr1	19845740	19845741	+	0.15203	delta_sum_err	45	A	TCACT	ok	False
chr1	19845773	19845774	+	0.1174	delta_sum_err	71	A	GCAAG	ok	False
chr1	19846977	19846978	+	0.34906	delta_sum_err	61	A	TTAAA	ok	False
chr1	19847052	19847053	+	0.13662	delta_sum_err	100	A	ACAAC	ok	False
chr1	19847160	19847161	+	0.13467	delta_sum_err	48	A	GCAAA	ok	False
chr1	19847666	19847667	+	0.20743	delta_sum_err	90	A	GGAAA	ok	False
chr1	19847670	19847671	+	0.19303	delta_sum_err	119	A	ACAGA	ok	False
chr1	20037688	20037689	+	0.138	delta_sum_err	206	A	CCAAC	ok	False
chr1	20038101	20038102	+	0.12164	delta_sum_err	219	A	ATATT	ok	False
chr1	20038167	20038168	+	0.2002	delta_sum_err	170	A	TCAAC	ok	False
chr1	200681	200682	+	0.13574	delta_sum_err	95	A	CTAAG	ok	False
chr1	201197	201198	+	0.15306	delta_sum_err	105	A	TTACA	ok	False
chr1	20135222	20135223	+	0.11428	delta_sum_err	33	A	ACACC	ok	False
chr1	20135228	20135229	+	0.11587	delta_sum_err	34	A	TCAAG	ok	False
chr1	20135276	20135277	+	0.18095	delta_sum_err	31	A	CCACC	ok	False
chr1	20135342	20135343	+	0.13438	delta_sum_err	36	A	GGATC	ok	False
chr1	20135349	20135350	+	0.16216	delta_sum_err	30	A	AGAAA	ok	False
chr1	20135923	20135924	+	0.15325	delta_sum_err	36	A	ATACG	ok	False
chr1	20136056	20136057	+	0.15278	delta_sum_err	36	A	ACATG	ok	False
chr1	20136106	20136107	+	0.16412	delta_sum_err	47	A	CCAGT	ok	False
chr1	20136218	20136219	+	0.16576	delta_sum_err	49	A	ACAAC	ok	False
chr1	20136374	20136375	+	0.13031	delta_sum_err	53	A	ACAAC	ok	False
chr1	20136630	20136631	+	0.13788	delta_sum_err	55	A	GCATC	ok	False
chr1	20136869	20136870	+	0.22807	delta_sum_err	47	A	AAACT	ok	True
chr1	20136877	20136878	+	0.12662	delta_sum_err	44	A	TTAAC	ok	False
chr1	20136900	20136901	+	0.18519	delta_sum_err	51	A	GAACC	ok	True
chr1	201553	201554	+	0.13538	delta_sum_err	55	A	GGAAA	ok	False
chr1	201554	201555	+	0.15227	delta_sum_err	107	A	GAAAA	ok	False
chr1	201676	201677	+	0.14108	delta_sum_err	127	A	TGAGA	ok	False
chr1	20169100	20169101	+	0.15625	delta_sum_err	36	A	GCATT	ok	False
chr1	20169192	20169193	+	0.13269	delta_sum_err	30	A	GTATA	ok	False
chr1	20169222	20169223	+	0.3201	delta_sum_err	36	A	GCAAG	ok	False
chr1	20169264	20169265	+	0.11429	delta_sum_err	41	A	AGATC	ok	False
chr1	20169293	20169294	+	0.13333	delta_sum_err	40	A	TCAGG	ok	False
chr1	20169316	20169317	+	0.16335	delta_sum_err	43	A	CTAGA	ok	False
chr1	20169323	20169324	+	0.17578	delta_sum_err	37	A	TTACA	ok	False
chr1	20169503	20169504	+	0.13726	delta_sum_err	35	A	CGAGA	ok	False
chr1	20169525	20169526	+	0.11939	delta_sum_err	43	A	TAACA	ok	True
chr1	20169527	20169528	+	0.18739	delta_sum_err	24	A	ACAAA	ok	False
chr1	20169541	20169542	+	0.34014	delta_sum_err	16	A	AGAAA	ok	False
chr1	20260678	20260679	+	0.12956	delta_sum_err	43	A	TCATA	ok	False
chr1	20260952	20260953	+	0.12734	delta_sum_err	29	A	GGAAA	ok	False
chr1	20261086	20261087	+	0.12885	delta_sum_err	58	A	CTACC	ok	False
chr1	20261145	20261146	+	0.18615	delta_sum_err	63	A	GCATT	ok	False
chr1	20261199	20261200	+	0.14936	delta_sum_err	64	A	ACATG	ok	False
chr1	20261263	20261264	+	0.19117	delta_sum_err	48	A	TGAAA	ok	False
chr1	20261468	20261469	+	0.14112	delta_sum_err	70	A	ACAAG	ok	False
chr1	20261474	20261475	+	0.12318	delta_sum_err	71	A	AAATT	ok	False
chr1	20261559	20261560	+	0.16883	delta_sum_err	78	A	AGAAA	ok	False
chr1	20261560	20261561	+	0.16883	delta_sum_err	77	A	GAAAG	ok	False
chr1	20261596	20261597	+	0.11538	delta_sum_err	77	A	CTACG	ok	False
chr1	20261606	20261607	+	0.1148	delta_sum_err	77	A	CTAGC	ok	False
chr1	20261704	20261705	+	0.17441	delta_sum_err	77	A	TCATG	ok	False
chr1	20261719	20261720	+	0.12526	delta_sum_err	57	A	CCAAA	ok	False
chr1	20261733	20261734	+	0.16593	delta_sum_err	87	A	ACATC	ok	False
chr1	20261780	20261781	+	0.21443	delta_sum_err	54	A	ACAAC	ok	False
chr1	20261825	20261826	+	0.11883	delta_sum_err	98	A	CTAGT	ok	False
chr1	20261869	20261870	+	0.16052	delta_sum_err	89	A	TCACC	ok	False
chr1	20262109	20262110	+	0.13688	delta_sum_err	93	A	ATACA	ok	False
chr1	20262111	20262112	+	0.11494	delta_sum_err	95	A	ACATC	ok	False
chr1	20262140	20262141	+	0.12698	delta_sum_err	93	A	TCAAC	ok	False
chr1	20262141	20262142	+	0.17843	delta_sum_err	82	A	CAACT	ok	False
chr1	20262171	20262172	+	0.16074	delta_sum_err	83	A	TGACC	ok	True
chr1	2032496	2032497	+	0.12331	delta_sum_err	77	A	TCATC	ok	False
chr1	2032543	2032544	+	0.14576	delta_sum_err	62	A	ACATC	ok	False
chr1	2032666	2032667	+	0.13772	delta_sum_err	79	A	CAACC	ok	False
chr1	2033161	2033162	+	0.15138	delta_sum_err	78	A	TCACC	ok	False
chr1	2033253	2033254	+	0.15001	delta_sum_err	86	A	GTAAG	ok	False
chr1	2033254	2033255	+	0.14444	delta_sum_err	87	A	TAAGC	ok	False
chr1	2033277	2033278	+	0.16432	delta_sum_err	75	A	TTACC	ok	False
chr1	2033371	2033372	+	0.11489	delta_sum_err	90	A	CAACA	ok	False
chr1	2033528	2033529	+	0.12794	delta_sum_err	94	A	ACAAA	ok	False
chr1	2033577	2033578	+	0.13693	delta_sum_err	88	A	CCACA	ok	False
chr1	2033621	2033622	+	0.14591	delta_sum_err	82	A	GTAAA	ok	False
chr1	2033681	2033682	+	0.24489	delta_sum_err	78	A	CCAAA	ok	False
chr1	2033715	2033716	+	0.12	delta_sum_err	91	A	CTACT	ok	False
chr1	20389580	20389581	+	0.1368	delta_sum_err	154	A	CCATT	ok	False
chr1	20390200	20390201	+	0.14194	delta_sum_err	156	A	GCAAA	ok	False
chr1	20390273	20390274	+	0.14684	delta_sum_err	138	A	TTACT	ok	False
chr1	20390862	20390863	+	0.11422	delta_sum_err	173	A	TGAAA	ok	False
chr1	20390866	20390867	+	0.12977	delta_sum_err	178	A	AGATT	ok	False
chr1	20390909	20390910	+	0.13073	delta_sum_err	146	A	TGACT	ok	True
chr1	20390926	20390927	+	0.23529	delta_sum_err	72	A	CTAAA	ok	False
chr1	20431434	20431435	+	0.20906	delta_sum_err	31	A	GCATG	ok	False
chr1	20431525	20431526	+	0.1781	delta_sum_err	39	A	ATAGT	ok	False
chr1	20431529	20431530	+	0.1282	delta_sum_err	36	A	TAATA	ok	False
chr1	20431580	20431581	+	0.12393	delta_sum_err	33	A	GTACA	ok	False
chr1	20431687	20431688	+	0.2	delta_sum_err	37	A	ATAGT	ok	False
chr1	20431721	20431722	+	0.2473	delta_sum_err	37	A	GTACG	ok	False
chr1	20431765	20431766	+	0.17798	delta_sum_err	33	A	TTACG	ok	False
chr1	20431798	20431799	+	0.26105	delta_sum_err	25	A	CTAAA	ok	False
chr1	20431857	20431858	+	0.14285	delta_sum_err	22	A	CGAAA	ok	False
chr1	20439596	20439597	+	0.11952	delta_sum_err	310	A	TCACC	ok	False
chr1	20440073	20440074	+	0.16184	delta_sum_err	257	A	GAAAA	ok	False
chr1	20440772	20440773	+	0.14219	delta_sum_err	419	A	ATAGA	ok	False
chr1	20440927	20440928	+	0.15154	delta_sum_err	405	A	ATACT	ok	False
chr1	20441055	20441056	+	0.13551	delta_sum_err	248	A	TGAAC	ok	False
chr1	20441067	20441068	+	0.14128	delta_sum_err	159	A	GTAAA	ok	False
chr1	2049324	2049325	+	0.16804	delta_sum_err	2527	A	ACAGA	ok	False
chr1	20614778	20614779	+	0.15164	delta_sum_err	119	A	ACAAC	ok	False
chr1	20713981	20713982	+	0.17934	delta_sum_err	159	A	CCATG	ok	False
chr1	20963352	20963353	+	0.1397	delta_sum_err	275	A	GCAAA	ok	False
chr1	20963353	20963354	+	0.12672	delta_sum_err	294	A	CAAAC	ok	False
chr1	20963354	20963355	+	0.16657	delta_sum_err	292	A	AAACC	ok	True
chr1	20963403	20963404	+	0.16456	delta_sum_err	188	A	GTAAA	ok	False
chr1	21028447	21028448	+	0.19048	delta_sum_err	59	A	CCACC	ok	False
chr1	21028465	21028466	+	0.15696	delta_sum_err	54	A	TTACA	ok	False
chr1	21028735	21028736	+	0.153	delta_sum_err	83	A	ACACT	ok	False
chr1	21029154	21029155	+	0.12449	delta_sum_err	75	A	CAAGG	ok	False
chr1	21030358	21030359	+	0.11568	delta_sum_err	110	A	ACATC	ok	False
chr1	21030445	21030446	+	0.14735	delta_sum_err	103	A	TCACT	ok	False
chr1	21030452	21030453	+	0.1354	delta_sum_err	130	A	TTAAC	ok	False
chr1	21030481	21030482	+	0.21321	delta_sum_err	124	A	GGACC	ok	True
chr1	21030562	21030563	+	0.15363	delta_sum_err	116	A	GGACT	ok	True
chr1	21030596	21030597	+	0.18379	delta_sum_err	106	A	TGACA	ok	True
chr1	21031926	21031927	+	0.16422	delta_sum_err	245	A	GGACT	ok	True
chr1	21031982	21031983	+	0.18102	delta_sum_err	264	A	GAAGA	ok	False
chr1	21031986	21031987	+	0.15265	delta_sum_err	246	A	AGAGA	ok	False
chr1	21031988	21031989	+	0.47196	delta_sum_err	206	A	AGACA	ok	True
chr1	21031990	21031991	+	0.19129	delta_sum_err	280	A	ACACG	ok	False
chr1	21142129	21142130	+	0.1173	delta_sum_err	90	A	GCAGA	ok	False
chr1	21142141	21142142	+	0.14662	delta_sum_err	85	A	TCACA	ok	False
chr1	21142293	21142294	+	0.20076	delta_sum_err	96	A	TCAAG	ok	False
chr1	21142299	21142300	+	0.19602	delta_sum_err	82	A	ACAAA	ok	False
chr1	21143580	21143581	+	0.12434	delta_sum_err	83	A	TCACA	ok	False
chr1	21143582	21143583	+	0.14502	delta_sum_err	88	A	ACAAC	ok	False
chr1	21143586	21143587	+	0.11619	delta_sum_err	95	A	CTATC	ok	False
chr1	21143804	21143805	+	0.20001	delta_sum_err	105	A	TCATG	ok	False
chr1	21143812	21143813	+	0.11429	delta_sum_err	106	A	CCACT	ok	False
chr1	21143902	21143903	+	0.12425	delta_sum_err	83	A	AGAAA	ok	False
chr1	21144184	21144185	+	0.14075	delta_sum_err	114	A	GTAAG	ok	False
chr1	21144255	21144256	+	0.21731	delta_sum_err	80	A	TTAAA	ok	False
chr1	21144257	21144258	+	0.14869	delta_sum_err	108	A	AAACA	ok	True
chr1	21144259	21144260	+	0.14869	delta_sum_err	111	A	ACACT	ok	False
chr1	21144307	21144308	+	0.12361	delta_sum_err	105	A	TGACA	ok	True
chr1	21256967	21256968	+	0.11906	delta_sum_err	83	A	ACACA	ok	False
chr1	21256969	21256970	+	0.20031	delta_sum_err	70	A	ACAAA	ok	False
chr1	21257120	21257121	+	0.1463	delta_sum_err	86	A	ACAAA	ok	False
chr1	21257129	21257130	+	0.17222	delta_sum_err	97	A	GCAAT	ok	False
chr1	21257130	21257131	+	0.1637	delta_sum_err	98	A	CAATT	ok	False
chr1	21257634	21257635	+	0.14404	delta_sum_err	93	A	GCAAG	ok	False
chr1	21257680	21257681	+	0.14338	delta_sum_err	103	A	GCATC	ok	False
chr1	21257687	21257688	+	0.27989	delta_sum_err	97	A	GGACC	ok	True
chr1	21257711	21257712	+	0.17344	delta_sum_err	98	A	AAATT	ok	False
chr1	21355654	21355655	+	0.11726	delta_sum_err	305	A	TTACC	ok	False
chr1	21356439	21356440	+	0.31461	delta_sum_err	239	A	TTAAG	ok	False
chr1	21356440	21356441	+	0.32598	delta_sum_err	369	A	TAAGA	ok	False
chr1	21378190	21378191	+	0.12675	delta_sum_err	150	A	CAATA	ok	False
chr1	21378970	21378971	+	0.17878	delta_sum_err	143	A	GAAGA	ok	False
chr1	21379062	21379063	+	0.11932	delta_sum_err	137	A	GCAAC	ok	False
chr1	21380240	21380241	+	0.13507	delta_sum_err	218	A	TGACA	ok	True
chr1	21380242	21380243	+	0.18256	delta_sum_err	221	A	ACAGA	ok	False
chr1	21380262	21380263	+	0.16645	delta_sum_err	120	A	ACATT	ok	False
chr1	21380267	21380268	+	0.15609	delta_sum_err	128	A	ACAAC	ok	False
chr1	21380268	21380269	+	0.17374	delta_sum_err	126	A	CAACT	ok	False
chr1	21676619	21676620	+	0.15479	delta_sum_err	29	A	TCACT	ok	False
chr1	21676649	21676650	+	0.16357	delta_sum_err	33	A	ACAAC	ok	False
chr1	21676838	21676839	+	0.125	delta_sum_err	40	A	GGACA	ok	True
chr1	21676849	21676850	+	0.1439	delta_sum_err	35	A	TTACT	ok	False
chr1	21676877	21676878	+	0.2561	delta_sum_err	34	A	TCACC	ok	False
chr1	21676883	21676884	+	0.14024	delta_sum_err	32	A	CCACC	ok	False
chr1	21676922	21676923	+	0.14512	delta_sum_err	37	A	TCACC	ok	False
chr1	21676946	21676947	+	0.14634	delta_sum_err	36	A	ACATG	ok	False
chr1	21678220	21678221	+	0.22907	delta_sum_err	34	A	TCACT	ok	False
chr1	21678247	21678248	+	0.11454	delta_sum_err	38	A	CTATT	ok	False
chr1	21678429	21678430	+	0.16053	delta_sum_err	40	A	CGATA	ok	False
chr1	21678431	21678432	+	0.13273	delta_sum_err	36	A	ATAAA	ok	False
chr1	21678455	21678456	+	0.17811	delta_sum_err	30	A	CTATA	ok	False
chr1	21678519	21678520	+	0.14286	delta_sum_err	46	A	AAATT	ok	False
chr1	21678604	21678605	+	0.17566	delta_sum_err	39	A	GCAAC	ok	False
chr1	21678807	21678808	+	0.1212	delta_sum_err	46	A	GTAAG	ok	False
chr1	21678878	21678879	+	0.12112	delta_sum_err	43	A	CAAGC	ok	False
chr1	21679607	21679608	+	0.23297	delta_sum_err	41	A	TGAAA	ok	False
chr1	21679918	21679919	+	0.15223	delta_sum_err	45	A	GAAAA	ok	False
chr1	21679999	21680000	+	0.12308	delta_sum_err	51	A	CAACA	ok	False
chr1	21680049	21680050	+	0.12496	delta_sum_err	62	A	CCACT	ok	False
chr1	21680286	21680287	+	0.12978	delta_sum_err	68	A	ACAAG	ok	False
chr1	21680367	21680368	+	0.24874	delta_sum_err	54	A	TTAAA	ok	False
chr1	21680368	21680369	+	0.22715	delta_sum_err	65	A	TAAAC	ok	False
chr1	21680369	21680370	+	0.11856	delta_sum_err	65	A	AAACT	ok	True
chr1	21680409	21680410	+	0.12297	delta_sum_err	53	A	CTAAA	ok	False
chr1	2170239	2170240	+	0.1205	delta_sum_err	75	A	TTAAC	ok	False
chr1	2170723	2170724	+	0.12089	delta_sum_err	100	A	ATACT	ok	False
chr1	2170794	2170795	+	0.1361	delta_sum_err	104	A	TCAAC	ok	False
chr1	2171667	2171668	+	0.12499	delta_sum_err	89	A	CTACA	ok	False
chr1	2171816	2171817	+	0.16525	delta_sum_err	110	A	TCACA	ok	False
chr1	2171819	2171820	+	0.13351	delta_sum_err	119	A	CAACC	ok	False
chr1	2171890	2171891	+	0.29939	delta_sum_err	61	A	ACAAA	ok	False
chr1	2171891	2171892	+	0.15726	delta_sum_err	109	A	CAAAC	ok	False
chr1	2171953	2171954	+	0.11475	delta_sum_err	111	A	TCATC	ok	False
chr1	21936620	21936621	+	0.14941	delta_sum_err	71	A	ACAAG	ok	False
chr1	21936621	21936622	+	0.13932	delta_sum_err	77	A	CAAGA	ok	False
chr1	21936623	21936624	+	0.12417	delta_sum_err	82	A	AGAAA	ok	False
chr1	21937753	21937754	+	0.1361	delta_sum_err	80	A	TCAAG	ok	False
chr1	21937811	21937812	+	0.41967	delta_sum_err	27	A	GTAAA	ok	False
chr1	2204357	2204358	+	0.14211	delta_sum_err	65	A	ACATT	ok	False
chr1	2204534	2204535	+	0.13951	delta_sum_err	104	A	GCAAC	ok	False
chr1	22051562	22051563	+	0.21083	delta_sum_err	67	A	CCATG	ok	False
chr1	22051591	22051592	+	0.34027	delta_sum_err	69	A	GCAGC	ok	False
chr1	22051607	22051608	+	0.14812	delta_sum_err	61	A	ACAAA	ok	False
chr1	22051857	22051858	+	0.16385	delta_sum_err	69	A	TCATG	ok	False
chr1	2205282	2205283	+	0.18282	delta_sum_err	100	A	ACATT	ok	False
chr1	22053078	22053079	+	0.11897	delta_sum_err	93	A	ACAGG	ok	False
chr1	22053347	22053348	+	0.13	delta_sum_err	96	A	TTAGA	ok	False
chr1	22053374	22053375	+	0.13091	delta_sum_err	69	A	CCAAA	ok	False
chr1	22053644	22053645	+	0.13111	delta_sum_err	100	A	AAAGC	ok	False
chr1	22053805	22053806	+	0.11531	delta_sum_err	83	A	CAAAC	ok	False
chr1	22053816	22053817	+	0.14636	delta_sum_err	61	A	AGAAA	ok	False
chr1	2205515	2205516	+	0.18859	delta_sum_err	101	A	GCATT	ok	False
chr1	2205572	2205573	+	0.1175	delta_sum_err	126	A	TGATT	ok	False
chr1	2205596	2205597	+	0.11997	delta_sum_err	122	A	TCAGA	ok	False
chr1	2205986	2205987	+	0.16251	delta_sum_err	132	A	TCAAC	ok	False
chr1	2206488	2206489	+	0.13182	delta_sum_err	127	A	ACAAA	ok	False
chr1	2206835	2206836	+	0.21213	delta_sum_err	144	A	TTATG	ok	False
chr1	2206838	2206839	+	0.23334	delta_sum_err	154	A	TGACC	ok	True
chr1	22410230	22410231	+	0.13793	delta_sum_err	55	A	CGATG	ok	False
chr1	22410246	22410247	+	0.125	delta_sum_err	61	A	GAATA	ok	False
chr1	22462399	22462400	+	0.18233	delta_sum_err	53	A	GGAGA	ok	False
chr1	22462421	22462422	+	0.16667	delta_sum_err	40	A	TCAAA	ok	False
chr1	22462466	22462467	+	0.12281	delta_sum_err	55	A	CAAAA	ok	False
chr1	22462493	22462494	+	0.11403	delta_sum_err	59	A	ACATG	ok	False
chr1	22462525	22462526	+	0.13158	delta_sum_err	51	A	CTACT	ok	False
chr1	22462594	22462595	+	0.12445	delta_sum_err	55	A	AAACA	ok	True
chr1	22462684	22462685	+	0.1782	delta_sum_err	49	A	TCAAA	ok	False
chr1	2249373	2249374	+	0.17998	delta_sum_err	244	A	AGAGA	ok	False
chr1	2250385	2250386	+	0.14222	delta_sum_err	209	A	CAACT	ok	False
chr1	2250479	2250480	+	0.12645	delta_sum_err	59	A	TTAGT	ok	False
chr1	22814398	22814399	+	0.12879	delta_sum_err	32	A	TCAAA	ok	False
chr1	22814448	22814449	+	0.15928	delta_sum_err	40	A	ACATT	ok	False
chr1	22814540	22814541	+	0.14286	delta_sum_err	50	A	CCATC	ok	False
chr1	22814638	22814639	+	0.17423	delta_sum_err	23	A	GCAAA	ok	False
chr1	22814728	22814729	+	0.17095	delta_sum_err	50	A	CTAAG	ok	False
chr1	22814834	22814835	+	0.13158	delta_sum_err	57	A	GAATC	ok	False
chr1	22814855	22814856	+	0.11794	delta_sum_err	50	A	TCAAA	ok	False
chr1	22814967	22814968	+	0.1205	delta_sum_err	61	A	CCACA	ok	False
chr1	22815019	22815020	+	0.1331	delta_sum_err	44	A	TCAAA	ok	False
chr1	22815020	22815021	+	0.13309	delta_sum_err	61	A	CAAAA	ok	False
chr1	22815089	22815090	+	0.225	delta_sum_err	53	A	TTACT	ok	False
chr1	22815118	22815119	+	0.17411	delta_sum_err	51	A	ACAAC	ok	False
chr1	22815434	22815435	+	0.18966	delta_sum_err	61	A	ACATC	ok	False
chr1	22815437	22815438	+	0.3141	delta_sum_err	73	A	TCACA	ok	False
chr1	22815458	22815459	+	0.13138	delta_sum_err	74	A	TCACA	ok	False
chr1	22815483	22815484	+	0.18831	delta_sum_err	57	A	GAAAA	ok	False
chr1	22815541	22815542	+	0.12805	delta_sum_err	69	A	AAATA	ok	False
chr1	22815562	22815563	+	0.11416	delta_sum_err	56	A	GTACT	ok	False
chr1	22815585	22815586	+	0.22807	delta_sum_err	47	A	AAACT	ok	True
chr1	23129383	23129384	+	0.14663	delta_sum_err	108	A	GCAAA	ok	False
chr1	23129731	23129732	+	0.11428	delta_sum_err	106	A	ACATT	ok	False
chr1	23202509	23202510	+	0.36184	delta_sum_err	12	A	ACAAA	ok	False
chr1	23202512	23202513	+	0.14474	delta_sum_err	33	A	AAAGG	ok	False
chr1	23202686	23202687	+	0.18206	delta_sum_err	42	A	CCAGT	ok	False
chr1	23202699	23202700	+	0.13766	delta_sum_err	39	A	TCAAA	ok	False
chr1	23202701	23202702	+	0.12012	delta_sum_err	42	A	AAATC	ok	False
chr1	23202714	23202715	+	0.11429	delta_sum_err	44	A	TAAGC	ok	False
chr1	23202816	23202817	+	0.14445	delta_sum_err	44	A	AGACC	ok	True
chr1	23202881	23202882	+	0.19444	delta_sum_err	47	A	GAAAC	ok	False
chr1	23202882	23202883	+	0.11807	delta_sum_err	47	A	AAACA	ok	True
chr1	23203367	23203368	+	0.11726	delta_sum_err	35	A	ACAAA	ok	False
chr1	23203484	23203485	+	0.14728	delta_sum_err	51	A	TCAGA	ok	False
chr1	23203509	23203510	+	0.15738	delta_sum_err	52	A	GCACC	ok	False
chr1	23252914	23252915	+	0.13027	delta_sum_err	65	A	CCAAA	ok	False
chr1	23253394	23253395	+	0.19897	delta_sum_err	34	A	CCAAA	ok	False
chr1	23253395	23253396	+	0.11511	delta_sum_err	62	A	CAAAA	ok	False
chr1	23253516	23253517	+	0.15348	delta_sum_err	67	A	ATAAA	ok	False
chr1	2342046	2342047	+	0.11463	delta_sum_err	796	A	ATAAA	ok	False
chr1	23733025	23733026	+	0.23895	delta_sum_err	94	A	CGAAA	ok	False
chr1	23733171	23733172	+	0.31429	delta_sum_err	105	A	CTAGT	ok	False
chr1	23733415	23733416	+	0.13839	delta_sum_err	108	A	GGAGT	ok	False
chr1	23733524	23733525	+	0.12177	delta_sum_err	115	A	CTACA	ok	False
chr1	23733576	23733577	+	0.13241	delta_sum_err	95	A	TCAGA	ok	False
chr1	23733585	23733586	+	0.15202	delta_sum_err	98	A	TCAAC	ok	False
chr1	23733586	23733587	+	0.19756	delta_sum_err	102	A	CAACA	ok	False
chr1	23733611	23733612	+	0.14249	delta_sum_err	116	A	TTATT	ok	False
chr1	23733628	23733629	+	0.17744	delta_sum_err	29	A	GGAAA	ok	False
chr1	23733641	23733642	+	0.15731	delta_sum_err	100	A	ATAGA	ok	False
chr1	23733681	23733682	+	0.21481	delta_sum_err	116	A	TAACC	ok	True
chr1	23733700	23733701	+	0.13491	delta_sum_err	105	A	TCATA	ok	False
chr1	23733714	23733715	+	0.13054	delta_sum_err	92	A	TTAGA	ok	False
chr1	23789384	23789385	+	0.17626	delta_sum_err	100	A	TCAAA	ok	False
chr1	23789942	23789943	+	0.12276	delta_sum_err	108	A	ACATT	ok	False
chr1	23790154	23790155	+	0.13467	delta_sum_err	145	A	TTAAG	ok	False
chr1	23790188	23790189	+	0.12018	delta_sum_err	144	A	TTAGG	ok	False
chr1	23790627	23790628	+	0.11782	delta_sum_err	170	A	AAATT	ok	False
chr1	23790719	23790720	+	0.16113	delta_sum_err	108	A	TGATA	ok	False
chr1	23790723	23790724	+	0.14662	delta_sum_err	138	A	ATATA	ok	False
chr1	23790725	23790726	+	0.12749	delta_sum_err	138	A	ATAAA	ok	False
chr1	23790762	23790763	+	0.21597	delta_sum_err	143	A	ATAAC	ok	False
chr1	23790763	23790764	+	0.36867	delta_sum_err	148	A	TAACC	ok	True
chr1	23790778	23790779	+	0.1756	delta_sum_err	108	A	TCAAA	ok	False
chr1	23790817	23790818	+	0.12751	delta_sum_err	142	A	AAATT	ok	False
chr1	23835245	23835246	+	0.23686	delta_sum_err	469	A	ACAGA	ok	False
chr1	23835285	23835286	+	0.28128	delta_sum_err	328	A	GGACT	ok	True
chr1	23835367	23835368	+	0.1647	delta_sum_err	401	A	TCAAA	ok	False
chr1	23835368	23835369	+	0.14189	delta_sum_err	424	A	CAAAC	ok	False
chr1	23835371	23835372	+	0.1236	delta_sum_err	129	A	ACAAA	ok	False
chr1	23835372	23835373	+	0.16522	delta_sum_err	261	A	CAAAA	ok	False
chr1	23888946	23888947	+	0.12868	delta_sum_err	181	A	AAATC	ok	False
chr1	23889111	23889112	+	0.11434	delta_sum_err	220	A	TGAGG	ok	False
chr1	23889140	23889141	+	0.11716	delta_sum_err	246	A	ATAGC	ok	False
chr1	23889173	23889174	+	0.11733	delta_sum_err	232	A	TTAGC	ok	False
chr1	23889231	23889232	+	0.18305	delta_sum_err	157	A	TCAAA	ok	False
chr1	23957657	23957658	+	0.12026	delta_sum_err	86	A	TCATG	ok	False
chr1	23958075	23958076	+	0.1145	delta_sum_err	101	A	TCAAC	ok	False
chr1	23958135	23958136	+	0.13654	delta_sum_err	76	A	TCACT	ok	False
chr1	23958184	23958185	+	0.26155	delta_sum_err	60	A	AGAAA	ok	False
chr1	23958186	23958187	+	0.11622	delta_sum_err	105	A	AAAAC	ok	False
chr1	23958202	23958203	+	0.13536	delta_sum_err	87	A	GTAAT	ok	False
chr1	23958203	23958204	+	0.19417	delta_sum_err	91	A	TAATG	ok	False
chr1	23958206	23958207	+	0.12745	delta_sum_err	100	A	TGACC	ok	True
chr1	23958220	23958221	+	0.15687	delta_sum_err	100	A	CGACT	ok	False
chr1	23958245	23958246	+	0.29735	delta_sum_err	92	A	TGAGA	ok	False
chr1	24030246	24030247	+	0.14706	delta_sum_err	31	A	ATAGA	ok	False
chr1	24030425	24030426	+	0.13036	delta_sum_err	33	A	TCACA	ok	False
chr1	24030509	24030510	+	0.18237	delta_sum_err	35	A	CAATT	ok	False
chr1	24030516	24030517	+	0.14749	delta_sum_err	32	A	AGAAA	ok	False
chr1	24030585	24030586	+	0.15204	delta_sum_err	32	A	CAATT	ok	False
chr1	24036159	24036160	+	0.24167	delta_sum_err	120	A	CCAGC	ok	False
chr1	24036747	24036748	+	0.13988	delta_sum_err	144	A	TCACC	ok	False
chr1	24037137	24037138	+	0.12883	delta_sum_err	176	A	CCAAA	ok	False
chr1	24037150	24037151	+	0.16407	delta_sum_err	159	A	TTACA	ok	False
chr1	24037158	24037159	+	0.13881	delta_sum_err	167	A	AAAAG	ok	False
chr1	24037159	24037160	+	0.1579	delta_sum_err	180	A	AAAGA	ok	False
chr1	24037229	24037230	+	0.14682	delta_sum_err	139	A	ATACA	ok	False
chr1	24058077	24058078	+	0.18461	delta_sum_err	109	A	GTATA	ok	False
chr1	24058144	24058145	+	0.25184	delta_sum_err	135	A	CCAGT	ok	False
chr1	24058230	24058231	+	0.13287	delta_sum_err	131	A	TTATT	ok	False
chr1	24058238	24058239	+	0.13763	delta_sum_err	143	A	CCAAC	ok	False
chr1	24099959	24099960	+	0.12066	delta_sum_err	117	A	AGAAA	ok	False
chr1	24100092	24100093	+	0.16847	delta_sum_err	119	A	ACAGA	ok	False
chr1	24100267	24100268	+	0.11921	delta_sum_err	114	A	ACATT	ok	False
chr1	24100301	24100302	+	0.12342	delta_sum_err	135	A	GCACG	ok	False
chr1	24100486	24100487	+	0.19011	delta_sum_err	84	A	GGAAA	ok	False
chr1	24100650	24100651	+	0.14541	delta_sum_err	118	A	CGAGA	ok	False
chr1	24100707	24100708	+	0.13256	delta_sum_err	123	A	CGAGG	ok	False
chr1	24100723	24100724	+	0.11765	delta_sum_err	144	A	GGAGG	ok	False
chr1	24100737	24100738	+	0.14953	delta_sum_err	134	A	TTAAG	ok	False
chr1	24100760	24100761	+	0.11785	delta_sum_err	131	A	ACATT	ok	False
chr1	24100809	24100810	+	0.13966	delta_sum_err	117	A	ATACA	ok	False
chr1	24100814	24100815	+	0.30892	delta_sum_err	101	A	GGACA	ok	True
chr1	24100819	24100820	+	0.12588	delta_sum_err	93	A	AAAAA	ok	False
chr1	24128870	24128871	+	0.14686	delta_sum_err	36	A	TTATG	ok	False
chr1	24128888	24128889	+	0.1464	delta_sum_err	29	A	ACATA	ok	False
chr1	24128970	24128971	+	0.13154	delta_sum_err	36	A	GCATC	ok	False
chr1	24128993	24128994	+	0.12755	delta_sum_err	30	A	ATATG	ok	False
chr1	24129030	24129031	+	0.12795	delta_sum_err	42	A	TCATG	ok	False
chr1	24129057	24129058	+	0.12795	delta_sum_err	41	A	CGAGT	ok	False
chr1	24129062	24129063	+	0.16335	delta_sum_err	40	A	TTACC	ok	False
chr1	24236345	24236346	+	0.12146	delta_sum_err	119	A	TCACC	ok	False
chr1	24237085	24237086	+	0.11682	delta_sum_err	140	A	GGAGA	ok	False
chr1	24237300	24237301	+	0.14736	delta_sum_err	140	A	TCACA	ok	False
chr1	24237508	24237509	+	0.12783	delta_sum_err	121	A	CGAAA	ok	False
chr1	24239006	24239007	+	0.11931	delta_sum_err	139	A	GTAAA	ok	False
chr1	24240349	24240350	+	0.12921	delta_sum_err	182	A	GCAAG	ok	False
chr1	24240451	24240452	+	0.12326	delta_sum_err	174	A	TGACT	ok	True
chr1	24240477	24240478	+	0.22541	delta_sum_err	116	A	GTAAA	ok	False
chr1	24240478	24240479	+	0.27128	delta_sum_err	148	A	TAAAC	ok	False
chr1	24240498	24240499	+	0.1485	delta_sum_err	140	A	AGAAA	ok	False
chr1	24240499	24240500	+	0.15411	delta_sum_err	154	A	GAAAG	ok	False
chr1	24240500	24240501	+	0.21476	delta_sum_err	185	A	AAAGA	ok	False
chr1	24240502	24240503	+	0.30354	delta_sum_err	132	A	AGACA	ok	True
chr1	24240580	24240581	+	0.29444	delta_sum_err	104	A	AGACA	ok	True
chr1	24240582	24240583	+	0.1728	delta_sum_err	136	A	ACACT	ok	False
chr1	24240609	24240610	+	0.16144	delta_sum_err	92	A	TGACT	ok	True
chr1	24240629	24240630	+	0.2362	delta_sum_err	50	A	GGACA	ok	True
chr1	24240631	24240632	+	0.11392	delta_sum_err	63	A	ACACG	ok	False
chr1	24299465	24299466	+	0.11585	delta_sum_err	74	A	CTAAT	ok	False
chr1	24299466	24299467	+	0.12385	delta_sum_err	81	A	TAATG	ok	False
chr1	24299548	24299549	+	0.1198	delta_sum_err	71	A	AAACT	ok	True
chr1	24299562	24299563	+	0.1157	delta_sum_err	39	A	AAAAA	ok	False
chr1	24299563	24299564	+	0.16769	delta_sum_err	32	A	AAAAA	ok	False
chr1	2439623	2439624	+	0.1626	delta_sum_err	839	A	TTAGA	ok	False
chr1	2439627	2439628	+	0.1485	delta_sum_err	809	A	ACACA	ok	False
chr1	24485324	24485325	+	0.12997	delta_sum_err	139	A	CAAAA	ok	False
chr1	24486670	24486671	+	0.12063	delta_sum_err	159	A	TGATC	ok	False
chr1	24486785	24486786	+	0.21429	delta_sum_err	143	A	TCACT	ok	False
chr1	24486821	24486822	+	0.17342	delta_sum_err	139	A	AGAAC	ok	False
chr1	24486844	24486845	+	0.45592	delta_sum_err	138	A	GTAGA	ok	False
chr1	24542016	24542017	+	0.17109	delta_sum_err	412	A	CGACA	ok	False
chr1	24542073	24542074	+	0.20757	delta_sum_err	78	A	ACATC	ok	False
chr1	24552089	24552090	+	0.12747	delta_sum_err	73	A	ACAAA	ok	False
chr1	24555786	24555787	+	0.12806	delta_sum_err	84	A	TTATA	ok	False
chr1	24555872	24555873	+	0.13933	delta_sum_err	85	A	TTAGC	ok	False
chr1	24556087	24556088	+	0.18535	delta_sum_err	94	A	CTAAA	ok	False
chr1	24556133	24556134	+	0.16508	delta_sum_err	87	A	ACAAA	ok	False
chr1	24556178	24556179	+	0.12668	delta_sum_err	78	A	CCATA	ok	False
chr1	24556244	24556245	+	0.18631	delta_sum_err	43	A	AGAAA	ok	False
chr1	24556245	24556246	+	0.20333	delta_sum_err	62	A	GAAAA	ok	False
chr1	24556266	24556267	+	0.11608	delta_sum_err	81	A	GAACA	ok	True
chr1	24556461	24556462	+	0.11746	delta_sum_err	59	A	TCATA	ok	False
chr1	24556921	24556922	+	0.14287	delta_sum_err	103	A	CCACA	ok	False
chr1	24557121	24557122	+	0.12301	delta_sum_err	119	A	CTAAG	ok	False
chr1	24557156	24557157	+	0.13236	delta_sum_err	139	A	GTAAA	ok	False
chr1	24557393	24557394	+	0.13718	delta_sum_err	211	A	TGAAC	ok	False
chr1	24557407	24557408	+	0.11891	delta_sum_err	178	A	ATACT	ok	False
chr1	2455743	2455744	+	0.13841	delta_sum_err	214	A	AAACT	ok	True
chr1	2456635	2456636	+	0.16285	delta_sum_err	238	A	TCACC	ok	False
chr1	2456996	2456997	+	0.13249	delta_sum_err	340	A	GAAGT	ok	False
chr1	2457210	2457211	+	0.11515	delta_sum_err	325	A	TGAAC	ok	False
chr1	2459322	2459323	+	0.12017	delta_sum_err	214	A	TCACT	ok	False
chr1	2459727	2459728	+	0.13103	delta_sum_err	276	A	CAACC	ok	False
chr1	2460113	2460114	+	0.14592	delta_sum_err	242	A	TGAAC	ok	False
chr1	2460451	2460452	+	0.13154	delta_sum_err	284	A	GCAAA	ok	False
chr1	2460494	2460495	+	0.33671	delta_sum_err	132	A	CAAAA	ok	False
chr1	2460495	2460496	+	0.12278	delta_sum_err	347	A	AAAAA	ok	False
chr1	2460652	2460653	+	0.14011	delta_sum_err	369	A	TGAAC	ok	False
chr1	24648155	24648156	+	0.15972	delta_sum_err	36	A	GCAGC	ok	False
chr1	24648163	24648164	+	0.15625	delta_sum_err	36	A	CGATA	ok	False
chr1	24648498	24648499	+	0.18702	delta_sum_err	40	A	GTAGC	ok	False
chr1	24648535	24648536	+	0.20635	delta_sum_err	44	A	TTACA	ok	False
chr1	24648565	24648566	+	0.2014	delta_sum_err	39	A	TTAAA	ok	False
chr1	24648723	24648724	+	0.11778	delta_sum_err	34	A	TCATA	ok	False
chr1	24779489	24779490	+	0.16668	delta_sum_err	67	A	GGAAG	ok	False
chr1	24779707	24779708	+	0.124	delta_sum_err	73	A	TCATC	ok	False
chr1	24779936	24779937	+	0.13801	delta_sum_err	72	A	GGATT	ok	False
chr1	24780269	24780270	+	0.11728	delta_sum_err	73	A	CGACT	ok	False
chr1	24780273	24780274	+	0.15078	delta_sum_err	69	A	TGAGA	ok	False
chr1	24780294	24780295	+	0.23455	delta_sum_err	68	A	CGAAT	ok	False
chr1	24780295	24780296	+	0.1426	delta_sum_err	74	A	GAATG	ok	False
chr1	24780347	24780348	+	0.17247	delta_sum_err	71	A	CCAAC	ok	False
chr1	24780378	24780379	+	0.16499	delta_sum_err	73	A	TCAAA	ok	False
chr1	24780407	24780408	+	0.16386	delta_sum_err	80	A	TCACC	ok	False
chr1	24780418	24780419	+	0.11904	delta_sum_err	76	A	AGAAA	ok	False
chr1	24780485	24780486	+	0.19186	delta_sum_err	58	A	GTACT	ok	False
chr1	24840527	24840528	+	0.39087	delta_sum_err	400	A	GTAGA	ok	False
chr1	24840535	24840536	+	0.18467	delta_sum_err	444	A	GGATC	ok	False
chr1	24840551	24840552	+	0.51982	delta_sum_err	417	A	CCAAG	ok	False
chr1	24840552	24840553	+	0.64821	delta_sum_err	440	A	CAAGA	ok	False
chr1	24903572	24903573	+	0.19117	delta_sum_err	48	A	ATAAT	ok	False
chr1	24903854	24903855	+	0.15578	delta_sum_err	37	A	GCAAA	ok	False
chr1	24903978	24903979	+	0.17963	delta_sum_err	48	A	TCAAC	ok	False
chr1	24904030	24904031	+	0.18929	delta_sum_err	34	A	GCAAA	ok	False
chr1	24904163	24904164	+	0.14976	delta_sum_err	48	A	GGAGA	ok	False
chr1	24904281	24904282	+	0.12844	delta_sum_err	62	A	TAACC	ok	True
chr1	24930203	24930204	+	0.12914	delta_sum_err	107	A	CAACC	ok	False
chr1	24930422	24930423	+	0.15632	delta_sum_err	33	A	GAAAA	ok	False
chr1	25236078	25236079	+	0.12303	delta_sum_err	220	A	GGACA	ok	True
chr1	25236717	25236718	+	0.16379	delta_sum_err	142	A	ACAAA	ok	False
chr1	25236720	25236721	+	0.15623	delta_sum_err	199	A	AAACT	ok	True
chr1	25236750	25236751	+	0.12314	delta_sum_err	211	A	CGAAC	ok	False
chr1	25263013	25263014	+	0.12773	delta_sum_err	576	A	TCACA	ok	False
chr1	25263325	25263326	+	0.17014	delta_sum_err	859	A	TCACG	ok	False
chr1	25263484	25263485	+	0.15168	delta_sum_err	648	A	CAAAA	ok	False
chr1	25263664	25263665	+	0.11494	delta_sum_err	824	A	TGAAC	ok	False
chr1	25263708	25263709	+	0.38813	delta_sum_err	667	A	GTAAG	ok	False
chr1	25263709	25263710	+	0.42182	delta_sum_err	863	A	TAAGA	ok	False
chr1	25263749	25263750	+	0.12971	delta_sum_err	649	A	TGACT	ok	True
chr1	25263761	25263762	+	0.18034	delta_sum_err	360	A	TCAGT	ok	False
chr1	2536404	2536405	+	0.18848	delta_sum_err	105	A	GGATC	ok	False
chr1	2537334	2537335	+	0.14407	delta_sum_err	106	A	ACATT	ok	False
chr1	25375671	25375672	+	0.12671	delta_sum_err	371	A	GGAGT	ok	False
chr1	25375971	25375972	+	0.18844	delta_sum_err	247	A	ATAAC	ok	False
chr1	25375972	25375973	+	0.11798	delta_sum_err	292	A	TAACT	ok	True
chr1	2537751	2537752	+	0.13071	delta_sum_err	115	A	CCACC	ok	False
chr1	2537773	2537774	+	0.15094	delta_sum_err	104	A	TTAAA	ok	False
chr1	25495867	25495868	+	0.39748	delta_sum_err	947	A	TTAGA	ok	False
chr1	25658087	25658088	+	0.13143	delta_sum_err	98	A	CTAAT	ok	False
chr1	25658229	25658230	+	0.12993	delta_sum_err	102	A	CCAAG	ok	False
chr1	25658424	25658425	+	0.1368	delta_sum_err	56	A	TGAAA	ok	False
chr1	25658691	25658692	+	0.1136	delta_sum_err	120	A	TCATG	ok	False
chr1	25747053	25747054	+	0.12823	delta_sum_err	27	A	ACATG	ok	False
chr1	25747071	25747072	+	0.13939	delta_sum_err	30	A	CAACA	ok	False
chr1	25747073	25747074	+	0.2197	delta_sum_err	32	A	ACACA	ok	False
chr1	25747075	25747076	+	0.14848	delta_sum_err	32	A	ACAGC	ok	False
chr1	25747081	25747082	+	0.14166	delta_sum_err	28	A	TCACC	ok	False
chr1	25747091	25747092	+	0.11693	delta_sum_err	32	A	TTAAC	ok	False
chr1	25747095	25747096	+	0.11406	delta_sum_err	21	A	CCAAA	ok	False
chr1	25747216	25747217	+	0.11777	delta_sum_err	33	A	CTACC	ok	False
chr1	25747469	25747470	+	0.15915	delta_sum_err	35	A	ATACT	ok	False
chr1	25747478	25747479	+	0.13158	delta_sum_err	35	A	GTAGC	ok	False
chr1	25747493	25747494	+	0.17544	delta_sum_err	33	A	GGAGC	ok	False
chr1	25748073	25748074	+	0.17857	delta_sum_err	31	A	CTACT	ok	False
chr1	25748189	25748190	+	0.17157	delta_sum_err	40	A	TTATT	ok	False
chr1	25748378	25748379	+	0.15796	delta_sum_err	43	A	ACACC	ok	False
chr1	25749265	25749266	+	0.14894	delta_sum_err	45	A	CCAAA	ok	False
chr1	25749281	25749282	+	0.17023	delta_sum_err	45	A	TCACC	ok	False
chr1	25749299	25749300	+	0.14893	delta_sum_err	42	A	CCAAA	ok	False
chr1	25749301	25749302	+	0.12766	delta_sum_err	47	A	AAATC	ok	False
chr1	25749328	25749329	+	0.16312	delta_sum_err	42	A	TCACA	ok	False
chr1	25749330	25749331	+	0.12499	delta_sum_err	41	A	ACAAC	ok	False
chr1	25749480	25749481	+	0.17417	delta_sum_err	53	A	GGATT	ok	False
chr1	25749579	25749580	+	0.14087	delta_sum_err	52	A	CAATA	ok	False
chr1	25749581	25749582	+	0.13823	delta_sum_err	35	A	ATATG	ok	False
chr1	25749798	25749799	+	0.13851	delta_sum_err	60	A	GCACG	ok	False
chr1	25749960	25749961	+	0.19999	delta_sum_err	60	A	TTACT	ok	False
chr1	25881383	25881384	+	0.14126	delta_sum_err	47	A	TGACC	ok	True
chr1	25881499	25881500	+	0.11704	delta_sum_err	59	A	TGACA	ok	True
chr1	25881503	25881504	+	0.12016	delta_sum_err	46	A	ATATT	ok	False
chr1	26037356	26037357	+	0.13369	delta_sum_err	94	A	GGAAA	ok	False
chr1	26037632	26037633	+	0.12629	delta_sum_err	136	A	ATAAA	ok	False
chr1	26089871	26089872	+	0.1137	delta_sum_err	141	A	CCACA	ok	False
chr1	26090332	26090333	+	0.22644	delta_sum_err	84	A	GCAAG	ok	False
chr1	26090333	26090334	+	0.28527	delta_sum_err	90	A	CAAGA	ok	False
chr1	26127340	26127341	+	0.13985	delta_sum_err	110	A	CGAAA	ok	False
chr1	26127852	26127853	+	0.26124	delta_sum_err	151	A	GGACT	ok	True
chr1	26127872	26127873	+	0.1887	delta_sum_err	159	A	TTACA	ok	False
chr1	26127874	26127875	+	0.22477	delta_sum_err	158	A	ACAAA	ok	False
chr1	26127875	26127876	+	0.27393	delta_sum_err	168	A	CAAAC	ok	False
chr1	26127876	26127877	+	0.27116	delta_sum_err	171	A	AAACC	ok	True
chr1	26142122	26142123	+	0.13097	delta_sum_err	114	A	GCACA	ok	False
chr1	26142322	26142323	+	0.15055	delta_sum_err	127	A	CTAAG	ok	False
chr1	26142341	26142342	+	0.12751	delta_sum_err	117	A	ATAAT	ok	False
chr1	26142381	26142382	+	0.13221	delta_sum_err	88	A	TCAAA	ok	False
chr1	26142462	26142463	+	0.12767	delta_sum_err	133	A	GAACA	ok	True
chr1	26142948	26142949	+	0.15548	delta_sum_err	133	A	TCATT	ok	False
chr1	26143172	26143173	+	0.16094	delta_sum_err	124	A	CTAAA	ok	False
chr1	26191144	26191145	+	0.26674	delta_sum_err	381	A	GAAAA	ok	False
chr1	26233285	26233286	+	0.12041	delta_sum_err	87	A	GTAAA	ok	False
chr1	26234135	26234136	+	0.1197	delta_sum_err	94	A	AGAAA	ok	False
chr1	26234723	26234724	+	0.55978	delta_sum_err	128	A	ACAAG	ok	False
chr1	26234724	26234725	+	0.5856	delta_sum_err	155	A	CAAGA	ok	False
chr1	26234736	26234737	+	0.38133	delta_sum_err	126	A	TTAAA	ok	False
chr1	26234737	26234738	+	0.21982	delta_sum_err	137	A	TAAAC	ok	False
chr1	26234770	26234771	+	0.37762	delta_sum_err	73	A	TGAGA	ok	False
chr1	26234772	26234773	+	0.12829	delta_sum_err	136	A	AGACT	ok	True
chr1	26234848	26234849	+	0.11495	delta_sum_err	121	A	GGATT	ok	False
chr1	26234864	26234865	+	0.54208	delta_sum_err	117	A	CTAGA	ok	False
chr1	26234866	26234867	+	0.11965	delta_sum_err	111	A	AGACT	ok	True
chr1	26234871	26234872	+	0.12172	delta_sum_err	103	A	TCAAA	ok	False
chr1	26234874	26234875	+	0.13392	delta_sum_err	116	A	AAATT	ok	False
chr1	2637723	2637724	+	0.28449	delta_sum_err	400	A	ATAAG	ok	False
chr1	2637724	2637725	+	0.28207	delta_sum_err	486	A	TAAGA	ok	False
chr1	2637757	2637758	+	0.38334	delta_sum_err	492	A	TCAGA	ok	False
chr1	2637770	2637771	+	0.31499	delta_sum_err	315	A	TTAAA	ok	False
chr1	2637774	2637775	+	0.15771	delta_sum_err	484	A	ACAGT	ok	False
chr1	2637856	2637857	+	0.17215	delta_sum_err	375	A	GGATT	ok	False
chr1	26401867	26401868	+	0.16129	delta_sum_err	38	A	GGAGA	ok	False
chr1	26402008	26402009	+	0.16311	delta_sum_err	38	A	TTATA	ok	False
chr1	26402016	26402017	+	0.11585	delta_sum_err	26	A	GCATA	ok	False
chr1	26420470	26420471	+	0.12401	delta_sum_err	26	A	TCAAA	ok	False
chr1	26420706	26420707	+	0.15007	delta_sum_err	43	A	CCAAG	ok	False
chr1	26420929	26420930	+	0.11357	delta_sum_err	41	A	TGAAG	ok	False
chr1	26421003	26421004	+	0.11355	delta_sum_err	45	A	TTACC	ok	False
chr1	26421073	26421074	+	0.11538	delta_sum_err	45	A	CTACC	ok	False
chr1	26421239	26421240	+	0.15094	delta_sum_err	52	A	GAAGG	ok	False
chr1	26421868	26421869	+	0.13285	delta_sum_err	59	A	ATACT	ok	False
chr1	26421992	26421993	+	0.1376	delta_sum_err	49	A	ACAAA	ok	False
chr1	26422168	26422169	+	0.12839	delta_sum_err	67	A	CTAAC	ok	False
chr1	26422327	26422328	+	0.14666	delta_sum_err	67	A	AGAGA	ok	False
chr1	26422401	26422402	+	0.14157	delta_sum_err	65	A	ATACT	ok	False
chr1	26422420	26422421	+	0.16087	delta_sum_err	55	A	TTAAG	ok	False
chr1	26422421	26422422	+	0.18469	delta_sum_err	59	A	TAAGC	ok	False
chr1	26422449	26422450	+	0.31618	delta_sum_err	37	A	GTAAA	ok	False
chr1	26422450	26422451	+	0.15909	delta_sum_err	41	A	TAAAC	ok	False
chr1	26422451	26422452	+	0.14773	delta_sum_err	47	A	AAACC	ok	True
chr1	26640734	26640735	+	0.12012	delta_sum_err	103	A	TCACT	ok	False
chr1	26641438	26641439	+	0.15059	delta_sum_err	109	A	GTATG	ok	False
chr1	26641521	26641522	+	0.13043	delta_sum_err	120	A	GTATA	ok	False
chr1	26641651	26641652	+	0.14185	delta_sum_err	112	A	TCACT	ok	False
chr1	26641737	26641738	+	0.14889	delta_sum_err	138	A	AGAAC	ok	False
chr1	26641986	26641987	+	0.2126	delta_sum_err	80	A	ACAAA	ok	False
chr1	26642091	26642092	+	0.14809	delta_sum_err	131	A	ATATT	ok	False
chr1	26642111	26642112	+	0.17012	delta_sum_err	71	A	CAAAA	ok	False
chr1	26654822	26654823	+	0.1282	delta_sum_err	49	A	AAACC	ok	True
chr1	26654900	26654901	+	0.14722	delta_sum_err	29	A	ACAGA	ok	False
chr1	26654936	26654937	+	0.1175	delta_sum_err	46	A	GAATA	ok	False
chr1	26655832	26655833	+	0.13385	delta_sum_err	62	A	CTAAG	ok	False
chr1	26655914	26655915	+	0.19074	delta_sum_err	37	A	TCAAA	ok	False
chr1	26656337	26656338	+	0.12518	delta_sum_err	53	A	CCATA	ok	False
chr1	26656356	26656357	+	0.11594	delta_sum_err	67	A	TCATC	ok	False
chr1	26656359	26656360	+	0.13347	delta_sum_err	69	A	TCAAG	ok	False
chr1	26656463	26656464	+	0.12211	delta_sum_err	72	A	TAACA	ok	True
chr1	26656732	26656733	+	0.21669	delta_sum_err	75	A	ACAAG	ok	False
chr1	26656798	26656799	+	0.13217	delta_sum_err	68	A	CTACA	ok	False
chr1	26656800	26656801	+	0.12379	delta_sum_err	63	A	ACATA	ok	False
chr1	26656802	26656803	+	0.12809	delta_sum_err	67	A	ATAAA	ok	False
chr1	26656904	26656905	+	0.15585	delta_sum_err	75	A	GAAGA	ok	False
chr1	26656966	26656967	+	0.12162	delta_sum_err	66	A	GGATT	ok	False
chr1	26656985	26656986	+	0.18116	delta_sum_err	56	A	AGAAC	ok	False
chr1	26687260	26687261	+	0.14034	delta_sum_err	94	A	ACATA	ok	False
chr1	26688233	26688234	+	0.12884	delta_sum_err	253	A	TGAGA	ok	False
chr1	26688265	26688266	+	0.16074	delta_sum_err	212	A	GAACA	ok	True
chr1	2684508	2684509	+	0.1463	delta_sum_err	151	A	TCATG	ok	False
chr1	2685256	2685257	+	0.15435	delta_sum_err	153	A	GCATT	ok	False
chr1	2685488	2685489	+	0.21279	delta_sum_err	183	A	CCAGA	ok	False
chr1	2685531	2685532	+	0.21415	delta_sum_err	147	A	ACATG	ok	False
chr1	2685553	2685554	+	0.22978	delta_sum_err	128	A	ATACA	ok	False
chr1	2685555	2685556	+	0.23521	delta_sum_err	131	A	ACAAC	ok	False
chr1	2685556	2685557	+	0.14508	delta_sum_err	167	A	CAACA	ok	False
chr1	26936902	26936903	+	0.13888	delta_sum_err	280	A	ACACC	ok	False
chr1	26937011	26937012	+	0.12025	delta_sum_err	315	A	TCAGT	ok	False
chr1	26937386	26937387	+	0.19143	delta_sum_err	267	A	AGAAA	ok	False
chr1	26937398	26937399	+	0.11865	delta_sum_err	163	A	AAAAA	ok	False
chr1	26937465	26937466	+	0.26562	delta_sum_err	274	A	CGAGA	ok	False
chr1	26964481	26964482	+	0.17043	delta_sum_err	48	A	TGAAA	ok	False
chr1	26964506	26964507	+	0.13115	delta_sum_err	59	A	CCAGA	ok	False
chr1	26964527	26964528	+	0.12798	delta_sum_err	57	A	CGAAA	ok	False
chr1	26966149	26966150	+	0.15918	delta_sum_err	75	A	TCACA	ok	False
chr1	26966178	26966179	+	0.20519	delta_sum_err	81	A	CCAAC	ok	False
chr1	26966200	26966201	+	0.11624	delta_sum_err	75	A	CCAAC	ok	False
chr1	26966224	26966225	+	0.18695	delta_sum_err	78	A	CCACC	ok	False
chr1	26966229	26966230	+	0.1714	delta_sum_err	87	A	GCAAA	ok	False
chr1	26966257	26966258	+	0.15184	delta_sum_err	83	A	ACATA	ok	False
chr1	26966413	26966414	+	0.12245	delta_sum_err	83	A	TTACT	ok	False
chr1	26966638	26966639	+	0.25556	delta_sum_err	61	A	GTAAA	ok	False
chr1	2698113	2698114	+	0.12609	delta_sum_err	31	A	TTATA	ok	False
chr1	2698715	2698716	+	0.11621	delta_sum_err	46	A	AGAAA	ok	False
chr1	2699014	2699015	+	0.14981	delta_sum_err	47	A	CCACC	ok	False
chr1	2699038	2699039	+	0.12753	delta_sum_err	40	A	CCACC	ok	False
chr1	2699082	2699083	+	0.15682	delta_sum_err	54	A	AGAAA	ok	False
chr1	2699215	2699216	+	0.13205	delta_sum_err	47	A	TGAAA	ok	False
chr1	2699328	2699329	+	0.18644	delta_sum_err	48	A	GGAAA	ok	False
chr1	2699354	2699355	+	0.12653	delta_sum_err	51	A	ATATT	ok	False
chr1	2699360	2699361	+	0.13362	delta_sum_err	58	A	TCAGA	ok	False
chr1	2699379	2699380	+	0.14505	delta_sum_err	39	A	ACATA	ok	False
chr1	2699592	2699593	+	0.16368	delta_sum_err	57	A	CCAAA	ok	False
chr1	2699895	2699896	+	0.11767	delta_sum_err	69	A	GCAGA	ok	False
chr1	2700273	2700274	+	0.18078	delta_sum_err	65	A	TAACG	ok	False
chr1	2700355	2700356	+	0.11937	delta_sum_err	54	A	TCAAC	ok	False
chr1	2700875	2700876	+	0.13006	delta_sum_err	42	A	GCAAC	ok	False
chr1	2700876	2700877	+	0.12678	delta_sum_err	47	A	CAACA	ok	False
chr1	27111515	27111516	+	0.11707	delta_sum_err	62	A	GTAAC	ok	False
chr1	27111562	27111563	+	0.12538	delta_sum_err	67	A	CGAAG	ok	False
chr1	27111840	27111841	+	0.13737	delta_sum_err	70	A	GTACA	ok	False
chr1	27111851	27111852	+	0.1304	delta_sum_err	42	A	TTAAA	ok	False
chr1	2713076	2713077	+	0.12187	delta_sum_err	136	A	GCAAA	ok	False
chr1	2713603	2713604	+	0.115	delta_sum_err	174	A	ACATG	ok	False
chr1	2713869	2713870	+	0.17835	delta_sum_err	162	A	GCATA	ok	False
chr1	2714183	2714184	+	0.12644	delta_sum_err	195	A	TTACT	ok	False
chr1	2714650	2714651	+	0.13324	delta_sum_err	136	A	ATAAA	ok	False
chr1	27149493	27149494	+	0.13068	delta_sum_err	81	A	ACAAA	ok	False
chr1	27149515	27149516	+	0.13068	delta_sum_err	95	A	CTACA	ok	False
chr1	27149602	27149603	+	0.12091	delta_sum_err	97	A	ACAAG	ok	False
chr1	27150531	27150532	+	0.1317	delta_sum_err	79	A	TCAAC	ok	False
chr1	27303659	27303660	+	0.14269	delta_sum_err	54	A	GAAAT	ok	False
chr1	27303662	27303663	+	0.12986	delta_sum_err	54	A	ATATA	ok	False
chr1	27303664	27303665	+	0.11414	delta_sum_err	8	A	ATAAA	ok	False
chr1	27303665	27303666	+	0.1572	delta_sum_err	27	A	TAAAA	ok	False
chr1	27303666	27303667	+	0.14637	delta_sum_err	39	A	AAAAA	ok	False
chr1	27303690	27303691	+	0.1605	delta_sum_err	56	A	TTAAG	ok	False
chr1	27303748	27303749	+	0.13506	delta_sum_err	82	A	ACATA	ok	False
chr1	27303763	27303764	+	0.14205	delta_sum_err	90	A	AGATC	ok	False
chr1	27303883	27303884	+	0.12886	delta_sum_err	2	A	ACAGG	ok	False
chr1	27303922	27303923	+	0.15255	delta_sum_err	79	A	CTAAG	ok	False
chr1	27303946	27303947	+	0.12898	delta_sum_err	87	A	TCAAC	ok	False
chr1	27304063	27304064	+	0.11397	delta_sum_err	95	A	ATAGA	ok	False
chr1	27304219	27304220	+	0.17448	delta_sum_err	81	A	CCACC	ok	False
chr1	27304322	27304323	+	0.1845	delta_sum_err	91	A	CTAAA	ok	False
chr1	27304391	27304392	+	0.15215	delta_sum_err	104	A	CTAGT	ok	False
chr1	27304419	27304420	+	0.1629	delta_sum_err	59	A	TGAAA	ok	False
chr1	27439513	27439514	+	0.13818	delta_sum_err	60	A	CTAAG	ok	False
chr1	27439562	27439563	+	0.12365	delta_sum_err	48	A	ACAAA	ok	False
chr1	27439746	27439747	+	0.11811	delta_sum_err	37	A	CGAAA	ok	False
chr1	27439747	27439748	+	0.12396	delta_sum_err	48	A	GAAAA	ok	False
chr1	27440159	27440160	+	0.14185	delta_sum_err	70	A	CGAGA	ok	False
chr1	27440161	27440162	+	0.11589	delta_sum_err	69	A	AGAAG	ok	False
chr1	27440398	27440399	+	0.14507	delta_sum_err	52	A	ACAAA	ok	False
chr1	27474076	27474077	+	0.13759	delta_sum_err	52	A	TAATA	ok	False
chr1	27474234	27474235	+	0.22254	delta_sum_err	61	A	TCAAA	ok	False
chr1	27474692	27474693	+	0.26133	delta_sum_err	59	A	TCAAC	ok	False
chr1	27474693	27474694	+	0.13406	delta_sum_err	65	A	CAACA	ok	False
chr1	27474770	27474771	+	0.12948	delta_sum_err	68	A	CCATT	ok	False
chr1	27474891	27474892	+	0.20714	delta_sum_err	67	A	GCATG	ok	False
chr1	27474957	27474958	+	0.2634	delta_sum_err	55	A	TCACT	ok	False
chr1	27474991	27474992	+	0.26103	delta_sum_err	48	A	TAAAA	ok	False
chr1	27474992	27474993	+	0.17463	delta_sum_err	55	A	AAAAA	ok	False
chr1	27479109	27479110	+	0.16541	delta_sum_err	87	A	GCAAA	ok	False
chr1	27479469	27479470	+	0.11563	delta_sum_err	15	A	GCAAA	ok	False
chr1	27479471	27479472	+	0.14266	delta_sum_err	16	A	AAACA	ok	True
chr1	27479878	27479879	+	0.11841	delta_sum_err	101	A	TCACC	ok	False
chr1	27479899	27479900	+	0.11399	delta_sum_err	100	A	TAAGG	ok	False
chr1	27480461	27480462	+	0.12012	delta_sum_err	109	A	TTATA	ok	False
chr1	27480611	27480612	+	0.16552	delta_sum_err	105	A	GAACT	ok	True
chr1	27481276	27481277	+	0.11503	delta_sum_err	131	A	GGATT	ok	False
chr1	27481349	27481350	+	0.18888	delta_sum_err	75	A	GTAGA	ok	False
chr1	27481363	27481364	+	0.16388	delta_sum_err	101	A	GGAGA	ok	False
chr1	27481376	27481377	+	0.13805	delta_sum_err	107	A	GGAAT	ok	False
chr1	27481377	27481378	+	0.22061	delta_sum_err	128	A	GAATG	ok	False
chr1	27481389	27481390	+	0.11931	delta_sum_err	121	A	ATAGT	ok	False
chr1	27632117	27632118	+	0.1577	delta_sum_err	58	A	CCAGG	ok	False
chr1	27632186	27632187	+	0.21875	delta_sum_err	44	A	CCAAA	ok	False
chr1	27632262	27632263	+	0.18751	delta_sum_err	55	A	TCACT	ok	False
chr1	27632282	27632283	+	0.17187	delta_sum_err	44	A	ACAAA	ok	False
chr1	27632347	27632348	+	0.21212	delta_sum_err	55	A	TCAAA	ok	False
chr1	27632381	27632382	+	0.12121	delta_sum_err	68	A	ACAAA	ok	False
chr1	27632513	27632514	+	0.15412	delta_sum_err	64	A	GCATC	ok	False
chr1	27632517	27632518	+	0.18592	delta_sum_err	73	A	CGAAT	ok	False
chr1	27632594	27632595	+	0.27175	delta_sum_err	38	A	GGAAA	ok	False
chr1	27632701	27632702	+	0.14268	delta_sum_err	54	A	GTATA	ok	False
chr1	27632728	27632729	+	0.13131	delta_sum_err	67	A	TAACC	ok	True
chr1	27632735	27632736	+	0.20328	delta_sum_err	73	A	GGATT	ok	False
chr1	27632743	27632744	+	0.14267	delta_sum_err	73	A	ATATC	ok	False
chr1	27632757	27632758	+	0.12501	delta_sum_err	69	A	TAATA	ok	False
chr1	27632779	27632780	+	0.17993	delta_sum_err	54	A	CGAAA	ok	False
chr1	27787712	27787713	+	0.14384	delta_sum_err	341	A	TCAAA	ok	False
chr1	28053898	28053899	+	0.12341	delta_sum_err	200	A	AAAAC	ok	False
chr1	28079555	28079556	+	0.13821	delta_sum_err	302	A	TCACA	ok	False
chr1	28079849	28079850	+	0.16866	delta_sum_err	356	A	CGAAC	ok	False
chr1	28079931	28079932	+	0.39842	delta_sum_err	219	A	CCAAG	ok	False
chr1	28079932	28079933	+	0.43158	delta_sum_err	238	A	CAAGA	ok	False
chr1	28079934	28079935	+	0.13224	delta_sum_err	222	A	AGACA	ok	True
chr1	28252358	28252359	+	0.11931	delta_sum_err	131	A	ATATC	ok	False
chr1	28272745	28272746	+	0.11729	delta_sum_err	736	A	CGAGA	ok	False
chr1	28272749	28272750	+	0.28573	delta_sum_err	552	A	ATACT	ok	False
chr1	2827682	2827683	+	0.18947	delta_sum_err	76	A	TCACA	ok	False
chr1	2827705	2827706	+	0.12075	delta_sum_err	78	A	CGAAA	ok	False
chr1	2827763	2827764	+	0.15126	delta_sum_err	102	A	CCAGG	ok	False
chr1	2827919	2827920	+	0.20719	delta_sum_err	78	A	TCATG	ok	False
chr1	2828128	2828129	+	0.14859	delta_sum_err	89	A	GTAAA	ok	False
chr1	2828131	2828132	+	0.11634	delta_sum_err	80	A	AAACA	ok	True
chr1	2829088	2829089	+	0.13703	delta_sum_err	114	A	ATAAG	ok	False
chr1	2829189	2829190	+	0.46203	delta_sum_err	123	A	TCAGA	ok	False
chr1	2829195	2829196	+	0.19536	delta_sum_err	82	A	AGAAA	ok	False
chr1	2829214	2829215	+	0.24443	delta_sum_err	89	A	GTACT	ok	False
chr1	2829228	2829229	+	0.14396	delta_sum_err	115	A	TCATG	ok	False
chr1	2829234	2829235	+	0.12272	delta_sum_err	66	A	ATAAA	ok	False
chr1	28328053	28328054	+	0.14691	delta_sum_err	96	A	CCACC	ok	False
chr1	28328271	28328272	+	0.20244	delta_sum_err	98	A	TTACC	ok	False
chr1	28328744	28328745	+	0.12041	delta_sum_err	97	A	AAAGA	ok	False
chr1	28328848	28328849	+	0.11456	delta_sum_err	137	A	ATAGA	ok	False
chr1	28328918	28328919	+	0.14267	delta_sum_err	110	A	AAACT	ok	True
chr1	28328943	28328944	+	0.13011	delta_sum_err	71	A	TGAAA	ok	False
chr1	28328944	28328945	+	0.15556	delta_sum_err	77	A	GAAAG	ok	False
chr1	28402142	28402143	+	0.36016	delta_sum_err	199	A	TTAGA	ok	False
chr1	28402144	28402145	+	0.22254	delta_sum_err	162	A	AGACA	ok	True
chr1	28402146	28402147	+	0.20376	delta_sum_err	168	A	ACACA	ok	False
chr1	28402173	28402174	+	0.14675	delta_sum_err	173	A	ATATG	ok	False
chr1	28517568	28517569	+	0.20278	delta_sum_err	316	A	TCATG	ok	False
chr1	28517686	28517687	+	0.11687	delta_sum_err	128	A	CAAAA	ok	False
chr1	28536151	28536152	+	0.14217	delta_sum_err	80	A	TCACC	ok	False
chr1	28536157	28536158	+	0.15174	delta_sum_err	79	A	AAATT	ok	False
chr1	28536287	28536288	+	0.13256	delta_sum_err	80	A	TCATC	ok	False
chr1	28536344	28536345	+	0.1333	delta_sum_err	82	A	GCAAC	ok	False
chr1	28536461	28536462	+	0.12592	delta_sum_err	58	A	AGATA	ok	False
chr1	28536877	28536878	+	0.1366	delta_sum_err	85	A	AGACA	ok	True
chr1	28536887	28536888	+	0.13403	delta_sum_err	91	A	CCAAT	ok	False
chr1	28536943	28536944	+	0.14444	delta_sum_err	81	A	CGAAA	ok	False
chr1	28536958	28536959	+	0.15359	delta_sum_err	93	A	AGAAA	ok	False
chr1	28537002	28537003	+	0.18493	delta_sum_err	78	A	ATAAA	ok	False
chr1	28537010	28537011	+	0.34445	delta_sum_err	29	A	GAAAA	ok	False
chr1	28537103	28537104	+	0.23656	delta_sum_err	60	A	ATAAA	ok	False
chr1	28594593	28594594	+	0.22089	delta_sum_err	333	A	AGAAG	ok	False
chr1	28594594	28594595	+	0.34624	delta_sum_err	394	A	GAAGA	ok	False
chr1	28594617	28594618	+	0.15498	delta_sum_err	323	A	ACAAC	ok	False
chr1	28594618	28594619	+	0.19048	delta_sum_err	296	A	CAACT	ok	False
chr1	28594625	28594626	+	0.2857	delta_sum_err	340	A	GTAAG	ok	False
chr1	28594626	28594627	+	0.25454	delta_sum_err	379	A	TAAGA	ok	False
chr1	28594628	28594629	+	0.17366	delta_sum_err	376	A	AGACT	ok	True
chr1	28594667	28594668	+	0.14685	delta_sum_err	244	A	GCACT	ok	False
chr1	28594697	28594698	+	0.14719	delta_sum_err	137	A	TCAAC	ok	False
chr1	28594700	28594701	+	0.13501	delta_sum_err	128	A	ACAAA	ok	False
chr1	28594715	28594716	+	0.16931	delta_sum_err	103	A	ATAAA	ok	False
chr1	28684961	28684962	+	0.12729	delta_sum_err	138	A	TCATG	ok	False
chr1	28686116	28686117	+	0.1135	delta_sum_err	178	A	TCATT	ok	False
chr1	28686172	28686173	+	0.14202	delta_sum_err	145	A	TGAAC	ok	False
chr1	28695936	28695937	+	0.14634	delta_sum_err	80	A	TTATT	ok	False
chr1	28695990	28695991	+	0.13387	delta_sum_err	69	A	CAACA	ok	False
chr1	28695998	28695999	+	0.12592	delta_sum_err	67	A	ACAAC	ok	False
chr1	28696085	28696086	+	0.11627	delta_sum_err	72	A	CGAAA	ok	False
chr1	28696302	28696303	+	0.12146	delta_sum_err	96	A	TCAGT	ok	False
chr1	28696306	28696307	+	0.11573	delta_sum_err	92	A	TCATT	ok	False
chr1	28696458	28696459	+	0.14383	delta_sum_err	84	A	TGAGG	ok	False
chr1	28696572	28696573	+	0.12567	delta_sum_err	95	A	GCAGA	ok	False
chr1	28696805	28696806	+	0.12679	delta_sum_err	102	A	CCACC	ok	False
chr1	28697510	28697511	+	0.21007	delta_sum_err	138	A	TAACT	ok	True
chr1	28697825	28697826	+	0.12415	delta_sum_err	155	A	CCATA	ok	False
chr1	28698144	28698145	+	0.12699	delta_sum_err	167	A	GAAAT	ok	False
chr1	28698147	28698148	+	0.11561	delta_sum_err	161	A	ATACA	ok	False
chr1	28698284	28698285	+	0.11702	delta_sum_err	123	A	TCAAA	ok	False
chr1	28698344	28698345	+	0.22004	delta_sum_err	39	A	TAAAA	ok	False
chr1	28698345	28698346	+	0.35533	delta_sum_err	93	A	AAAAA	ok	False
chr1	28698560	28698561	+	0.18003	delta_sum_err	101	A	GGACA	ok	True
chr1	28698644	28698645	+	0.13856	delta_sum_err	43	A	GGAAC	ok	False
chr1	2876948	2876949	+	0.14443	delta_sum_err	25	A	ATACA	ok	False
chr1	2877013	2877014	+	0.11365	delta_sum_err	20	A	TCATA	ok	False
chr1	2877075	2877076	+	0.11607	delta_sum_err	30	A	AAATT	ok	False
chr1	2877094	2877095	+	0.16747	delta_sum_err	23	A	TGAAA	ok	False
chr1	28778159	28778160	+	0.1162	delta_sum_err	92	A	CCAAA	ok	False
chr1	28934950	28934951	+	0.14267	delta_sum_err	68	A	GTAGG	ok	False
chr1	28935137	28935138	+	0.11945	delta_sum_err	78	A	CCAGT	ok	False
chr1	28935169	28935170	+	0.13647	delta_sum_err	62	A	TTACT	ok	False
chr1	28935273	28935274	+	0.14744	delta_sum_err	81	A	GGATT	ok	False
chr1	28935328	28935329	+	0.16667	delta_sum_err	81	A	TTAGA	ok	False
chr1	29117715	29117716	+	0.16407	delta_sum_err	46	A	TCACT	ok	False
chr1	29117944	29117945	+	0.11475	delta_sum_err	58	A	ACATC	ok	False
chr1	29119380	29119381	+	0.1481	delta_sum_err	83	A	TCATT	ok	False
chr1	29119887	29119888	+	0.18947	delta_sum_err	42	A	TGAAA	ok	False
chr1	29119922	29119923	+	0.11498	delta_sum_err	87	A	GGAGG	ok	False
chr1	29119968	29119969	+	0.13685	delta_sum_err	68	A	TCATA	ok	False
chr1	29120022	29120023	+	0.22222	delta_sum_err	78	A	ACAAC	ok	False
chr1	29120023	29120024	+	0.20832	delta_sum_err	81	A	CAACT	ok	False
chr1	29120049	29120050	+	0.14433	delta_sum_err	91	A	TGACA	ok	True
chr1	29120051	29120052	+	0.15526	delta_sum_err	84	A	ACAAA	ok	False
chr1	29207930	29207931	+	0.14208	delta_sum_err	54	A	CAAAA	ok	False
chr1	29207931	29207932	+	0.21973	delta_sum_err	81	A	AAAAA	ok	False
chr1	29207932	29207933	+	0.15793	delta_sum_err	220	A	AAAAA	ok	False
chr1	29207966	29207967	+	0.2188	delta_sum_err	247	A	ACAAC	ok	False
chr1	29207967	29207968	+	0.13524	delta_sum_err	244	A	CAACT	ok	False
chr1	29207994	29207995	+	0.20319	delta_sum_err	243	A	TCACA	ok	False
chr1	29339422	29339423	+	0.12264	delta_sum_err	163	A	CGAAA	ok	False
chr1	29339595	29339596	+	0.11403	delta_sum_err	134	A	TAACC	ok	True
chr1	29339749	29339750	+	0.11427	delta_sum_err	66	A	TTAAG	ok	False
chr1	29346952	29346953	+	0.15047	delta_sum_err	678	A	TGACT	ok	True
chr1	29346968	29346969	+	0.14147	delta_sum_err	659	A	ATAAC	ok	False
chr1	293590	293591	+	0.13567	delta_sum_err	62	A	CGAGA	ok	False
chr1	293739	293740	+	0.1357	delta_sum_err	86	A	AAACT	ok	True
chr1	294368	294369	+	0.19501	delta_sum_err	83	A	CCACC	ok	False
chr1	294543	294544	+	0.12443	delta_sum_err	93	A	TGAGT	ok	False
chr1	294620	294621	+	0.12668	delta_sum_err	96	A	GCATT	ok	False
chr1	29462252	29462253	+	0.13322	delta_sum_err	49	A	TTACC	ok	False
chr1	29462332	29462333	+	0.12732	delta_sum_err	39	A	ATACA	ok	False
chr1	29462654	29462655	+	0.1179	delta_sum_err	57	A	CAAAC	ok	False
chr1	29462820	29462821	+	0.17027	delta_sum_err	54	A	ATACA	ok	False
chr1	29462822	29462823	+	0.14505	delta_sum_err	47	A	ACAAA	ok	False
chr1	29463034	29463035	+	0.11697	delta_sum_err	54	A	CGACC	ok	False
chr1	29463112	29463113	+	0.15186	delta_sum_err	51	A	CCATA	ok	False
chr1	29463126	29463127	+	0.13415	delta_sum_err	59	A	TAATC	ok	False
chr1	29463160	29463161	+	0.16782	delta_sum_err	60	A	TCATC	ok	False
chr1	29463185	29463186	+	0.22131	delta_sum_err	44	A	TCATA	ok	False
chr1	29463222	29463223	+	0.14035	delta_sum_err	55	A	TTATC	ok	False
chr1	294774	294775	+	0.11622	delta_sum_err	98	A	ACACT	ok	False
chr1	294834	294835	+	0.17408	delta_sum_err	101	A	CTAAT	ok	False
chr1	294835	294836	+	0.13992	delta_sum_err	106	A	TAATG	ok	False
chr1	294928	294929	+	0.18979	delta_sum_err	83	A	ATATT	ok	False
chr1	29549771	29549772	+	0.17014	delta_sum_err	41	A	TCACC	ok	False
chr1	29549781	29549782	+	0.1142	delta_sum_err	49	A	AAATT	ok	False
chr1	29549822	29549823	+	0.17857	delta_sum_err	48	A	CCAAT	ok	False
chr1	29549823	29549824	+	0.125	delta_sum_err	52	A	CAATT	ok	False
chr1	29550119	29550120	+	0.11599	delta_sum_err	51	A	GTACA	ok	False
chr1	29550209	29550210	+	0.13559	delta_sum_err	54	A	CAAAA	ok	False
chr1	29550551	29550552	+	0.13432	delta_sum_err	55	A	CCATG	ok	False
chr1	29550619	29550620	+	0.1381	delta_sum_err	62	A	TTATG	ok	False
chr1	29550677	29550678	+	0.11429	delta_sum_err	62	A	CTATG	ok	False
chr1	29550788	29550789	+	0.13268	delta_sum_err	69	A	CTACT	ok	False
chr1	29550916	29550917	+	0.17447	delta_sum_err	63	A	TCAAC	ok	False
chr1	29550919	29550920	+	0.11706	delta_sum_err	75	A	ACATG	ok	False
chr1	29551000	29551001	+	0.13708	delta_sum_err	39	A	TCAAA	ok	False
chr1	29551001	29551002	+	0.1243	delta_sum_err	71	A	CAAAA	ok	False
chr1	29551048	29551049	+	0.12042	delta_sum_err	58	A	AGAAA	ok	False
chr1	29551064	29551065	+	0.22367	delta_sum_err	75	A	GTACA	ok	False
chr1	29551193	29551194	+	0.21739	delta_sum_err	61	A	TGAAA	ok	False
chr1	29551976	29551977	+	0.14597	delta_sum_err	139	A	TCACA	ok	False
chr1	29552310	29552311	+	0.11544	delta_sum_err	147	A	TTAAG	ok	False
chr1	29577524	29577525	+	0.1866	delta_sum_err	638	A	TCAAC	ok	False
chr1	29577525	29577526	+	0.13804	delta_sum_err	606	A	CAACT	ok	False
chr1	29577540	29577541	+	0.1378	delta_sum_err	526	A	ACAAA	ok	False
chr1	29592988	29592989	+	0.12	delta_sum_err	46	A	CTAGT	ok	False
chr1	29593165	29593166	+	0.21747	delta_sum_err	41	A	ATACA	ok	False
chr1	29593320	29593321	+	0.11598	delta_sum_err	46	A	ACAAA	ok	False
chr1	29593348	29593349	+	0.19251	delta_sum_err	16	A	CCAAA	ok	False
chr1	29593991	29593992	+	0.13913	delta_sum_err	56	A	ATAAT	ok	False
chr1	29594010	29594011	+	0.11905	delta_sum_err	62	A	CGATT	ok	False
chr1	29596013	29596014	+	0.17094	delta_sum_err	38	A	TCACA	ok	False
chr1	29596015	29596016	+	0.11538	delta_sum_err	58	A	ACACA	ok	False
chr1	29596017	29596018	+	0.11966	delta_sum_err	59	A	ACAAC	ok	False
chr1	29596128	29596129	+	0.11684	delta_sum_err	62	A	TGAAC	ok	False
chr1	29596153	29596154	+	0.14918	delta_sum_err	60	A	TGACA	ok	True
chr1	29596158	29596159	+	0.1312	delta_sum_err	57	A	TTAAA	ok	False
chr1	29660459	29660460	+	0.1357	delta_sum_err	49	A	AGAAA	ok	False
chr1	29661431	29661432	+	0.13359	delta_sum_err	89	A	CAATA	ok	False
chr1	29661722	29661723	+	0.13502	delta_sum_err	92	A	TCACC	ok	False
chr1	29661760	29661761	+	0.11518	delta_sum_err	81	A	TCACT	ok	False
chr1	29662167	29662168	+	0.13461	delta_sum_err	74	A	TCAAA	ok	False
chr1	29662701	29662702	+	0.14504	delta_sum_err	104	A	TAACA	ok	True
chr1	29664167	29664168	+	0.11434	delta_sum_err	169	A	CAACC	ok	False
chr1	29664671	29664672	+	0.26363	delta_sum_err	147	A	TGAAC	ok	False
chr1	29664672	29664673	+	0.24828	delta_sum_err	158	A	GAACC	ok	True
chr1	29664675	29664676	+	0.17303	delta_sum_err	157	A	CCAAC	ok	False
chr1	29664676	29664677	+	0.27455	delta_sum_err	177	A	CAACA	ok	False
chr1	29664678	29664679	+	0.35768	delta_sum_err	113	A	ACAAC	ok	False
chr1	29664748	29664749	+	0.12377	delta_sum_err	175	A	TCATG	ok	False
chr1	29664860	29664861	+	0.13772	delta_sum_err	151	A	GTACC	ok	False
chr1	29736865	29736866	+	0.19359	delta_sum_err	11806	A	TCAGA	ok	False
chr1	29802940	29802941	+	0.11828	delta_sum_err	86	A	TCAAG	ok	False
chr1	29803303	29803304	+	0.12307	delta_sum_err	82	A	ACACA	ok	False
chr1	29803305	29803306	+	0.11657	delta_sum_err	46	A	ACATT	ok	False
chr1	29803478	29803479	+	0.12641	delta_sum_err	95	A	GTAAC	ok	False
chr1	29803479	29803480	+	0.11688	delta_sum_err	100	A	TAACA	ok	True
chr1	29803488	29803489	+	0.12208	delta_sum_err	103	A	GCATC	ok	False
chr1	29803718	29803719	+	0.18442	delta_sum_err	107	A	CCACA	ok	False
chr1	29803753	29803754	+	0.23377	delta_sum_err	100	A	GGATT	ok	False
chr1	29803815	29803816	+	0.34415	delta_sum_err	83	A	GGACT	ok	True
chr1	29803857	29803858	+	0.46951	delta_sum_err	105	A	GGATT	ok	False
chr1	29803874	29803875	+	0.14086	delta_sum_err	81	A	TAACA	ok	True
chr1	3017520	3017521	+	0.15943	delta_sum_err	886	A	GCAAA	ok	False
chr1	3018081	3018082	+	0.12234	delta_sum_err	1009	A	TCACC	ok	False
chr1	3018158	3018159	+	0.16206	delta_sum_err	215	A	CTAAA	ok	False
chr1	30217560	30217561	+	0.19153	delta_sum_err	115	A	CCATT	ok	False
chr1	30217914	30217915	+	0.21718	delta_sum_err	117	A	ACAAC	ok	False
chr1	30218002	30218003	+	0.12434	delta_sum_err	102	A	TCATA	ok	False
chr1	30218346	30218347	+	0.15676	delta_sum_err	140	A	TTAGC	ok	False
chr1	30218498	30218499	+	0.11909	delta_sum_err	147	A	TCAGC	ok	False
chr1	30218647	30218648	+	0.13233	delta_sum_err	111	A	GAAAA	ok	False
chr1	30218818	30218819	+	0.11406	delta_sum_err	149	A	CGAAA	ok	False
chr1	30219345	30219346	+	0.1391	delta_sum_err	156	A	GTACA	ok	False
chr1	30219382	30219383	+	0.13021	delta_sum_err	185	A	CCAAG	ok	False
chr1	30219868	30219869	+	0.34698	delta_sum_err	154	A	TGACA	ok	True
chr1	30219884	30219885	+	0.13297	delta_sum_err	160	A	ACACT	ok	False
chr1	30219887	30219888	+	0.17052	delta_sum_err	163	A	CTATA	ok	False
chr1	30219889	30219890	+	0.12357	delta_sum_err	133	A	ATACT	ok	False
chr1	30219903	30219904	+	0.11857	delta_sum_err	130	A	ATACA	ok	False
chr1	30242318	30242319	+	0.15325	delta_sum_err	112	A	GTATG	ok	False
chr1	30242356	30242357	+	0.13888	delta_sum_err	117	A	ATATG	ok	False
chr1	30242521	30242522	+	0.11358	delta_sum_err	124	A	ACACC	ok	False
chr1	30242731	30242732	+	0.11724	delta_sum_err	139	A	CCACC	ok	False
chr1	30242953	30242954	+	0.17678	delta_sum_err	104	A	TCACT	ok	False
chr1	30242963	30242964	+	0.14867	delta_sum_err	116	A	AAATA	ok	False
chr1	30358976	30358977	+	0.15339	delta_sum_err	31	A	CGAAA	ok	False
chr1	30358993	30358994	+	0.11355	delta_sum_err	49	A	TTACA	ok	False
chr1	30358995	30358996	+	0.14968	delta_sum_err	34	A	ACATT	ok	False
chr1	30359002	30359003	+	0.12581	delta_sum_err	51	A	ACAGT	ok	False
chr1	30359045	30359046	+	0.195	delta_sum_err	42	A	CCAAA	ok	False
chr1	30359162	30359163	+	0.12656	delta_sum_err	49	A	CAAGC	ok	False
chr1	30359239	30359240	+	0.13726	delta_sum_err	48	A	GTACT	ok	False
chr1	30359318	30359319	+	0.11408	delta_sum_err	44	A	TGAAA	ok	False
chr1	30359342	30359343	+	0.22817	delta_sum_err	22	A	GCAAA	ok	False
chr1	30359354	30359355	+	0.13541	delta_sum_err	19	A	ATAAA	ok	False
chr1	3094138	3094139	+	0.17846	delta_sum_err	71	A	TCACA	ok	False
chr1	3094183	3094184	+	0.14016	delta_sum_err	93	A	TTACC	ok	False
chr1	3094348	3094349	+	0.12927	delta_sum_err	92	A	GAACA	ok	True
chr1	3094733	3094734	+	0.11572	delta_sum_err	111	A	AAAGG	ok	False
chr1	3107652	3107653	+	0.26681	delta_sum_err	356	A	GCAGA	ok	False
chr1	3107658	3107659	+	0.35584	delta_sum_err	255	A	TTAAA	ok	False
chr1	3120121	3120122	+	0.11366	delta_sum_err	87	A	CGATA	ok	False
chr1	3120407	3120408	+	0.12781	delta_sum_err	82	A	GGAAA	ok	False
chr1	3120516	3120517	+	0.12455	delta_sum_err	121	A	TCAAG	ok	False
chr1	3121395	3121396	+	0.15217	delta_sum_err	123	A	CTAAA	ok	False
chr1	3121449	3121450	+	0.12207	delta_sum_err	108	A	AGAAA	ok	False
chr1	3121466	3121467	+	0.13333	delta_sum_err	139	A	GCAAA	ok	False
chr1	3122259	3122260	+	0.14813	delta_sum_err	181	A	GCATA	ok	False
chr1	3122261	3122262	+	0.68126	delta_sum_err	193	A	ATAGA	ok	False
chr1	3122296	3122297	+	0.31396	delta_sum_err	156	A	GGACA	ok	True
chr1	3122337	3122338	+	0.11538	delta_sum_err	153	A	CCAGA	ok	False
chr1	3122394	3122395	+	0.15826	delta_sum_err	128	A	ATAGG	ok	False
chr1	3176385	3176386	+	0.31534	delta_sum_err	28	A	CAAAA	ok	False
chr1	3176413	3176414	+	0.11364	delta_sum_err	38	A	GCAAC	ok	False
chr1	3176752	3176753	+	0.20883	delta_sum_err	39	A	TCAAA	ok	False
chr1	3176753	3176754	+	0.25231	delta_sum_err	42	A	CAAAC	ok	False
chr1	3176754	3176755	+	0.16536	delta_sum_err	42	A	AAACA	ok	True
chr1	3176784	3176785	+	0.13044	delta_sum_err	45	A	TTATC	ok	False
chr1	3176799	3176800	+	0.222	delta_sum_err	35	A	TTATA	ok	False
chr1	3535818	3535819	+	0.17857	delta_sum_err	100	A	TCAAA	ok	False
chr1	3536164	3536165	+	0.1559	delta_sum_err	105	A	TGAAA	ok	False
chr1	3536425	3536426	+	0.12003	delta_sum_err	130	A	TCATA	ok	False
chr1	3536500	3536501	+	0.11503	delta_sum_err	145	A	TAAGC	ok	False
chr1	3536666	3536667	+	0.16337	delta_sum_err	143	A	TTACC	ok	False
chr1	3536715	3536716	+	0.13098	delta_sum_err	153	A	CAACT	ok	False
chr1	3537702	3537703	+	0.12835	delta_sum_err	185	A	ACAGC	ok	False
chr1	3537921	3537922	+	0.14407	delta_sum_err	166	A	TGAAA	ok	False
chr1	3537941	3537942	+	0.14234	delta_sum_err	165	A	ATATT	ok	False
chr1	3538062	3538063	+	0.14705	delta_sum_err	180	A	GCAAG	ok	False
chr1	3538123	3538124	+	0.16901	delta_sum_err	107	A	CCAAA	ok	False
chr1	3538170	3538171	+	0.14001	delta_sum_err	166	A	TTACT	ok	False
chr1	3538181	3538182	+	0.15548	delta_sum_err	161	A	ATAAG	ok	False
chr1	3538182	3538183	+	0.14581	delta_sum_err	188	A	TAAGA	ok	False
chr1	3538184	3538185	+	0.15731	delta_sum_err	186	A	AGATA	ok	False
chr1	3538186	3538187	+	0.15498	delta_sum_err	166	A	ATACT	ok	False
chr1	3538201	3538202	+	0.14213	delta_sum_err	130	A	TGAAA	ok	False
chr1	3538204	3538205	+	0.13036	delta_sum_err	189	A	AAACT	ok	True
chr1	3538233	3538234	+	0.1151	delta_sum_err	170	A	TAACG	ok	False
chr1	3777392	3777393	+	0.14195	delta_sum_err	24	A	TCAAA	ok	False
chr1	3777452	3777453	+	0.12213	delta_sum_err	33	A	ATAAA	ok	False
chr1	3777534	3777535	+	0.15876	delta_sum_err	45	A	TCACT	ok	False
chr1	3778968	3778969	+	0.13598	delta_sum_err	49	A	ATACA	ok	False
chr1	3779028	3779029	+	0.14022	delta_sum_err	50	A	CGAAG	ok	False
chr1	3779255	3779256	+	0.12663	delta_sum_err	56	A	CTAGT	ok	False
chr1	3779273	3779274	+	0.14349	delta_sum_err	53	A	CGATA	ok	False
chr1	3779317	3779318	+	0.12166	delta_sum_err	52	A	CCACA	ok	False
chr1	3779319	3779320	+	0.1304	delta_sum_err	47	A	ACATC	ok	False
chr1	3779359	3779360	+	0.15807	delta_sum_err	56	A	CTAAC	ok	False
chr1	3779450	3779451	+	0.20577	delta_sum_err	56	A	TCACT	ok	False
chr1	3779784	3779785	+	0.12128	delta_sum_err	75	A	CCACT	ok	False
chr1	3779890	3779891	+	0.13392	delta_sum_err	74	A	AAATC	ok	False
chr1	3780171	3780172	+	0.13288	delta_sum_err	22	A	AGAAA	ok	False
chr1	3780225	3780226	+	0.16226	delta_sum_err	74	A	ATATT	ok	False
chr1	3780249	3780250	+	0.13055	delta_sum_err	70	A	CAATA	ok	False
chr1	3848455	3848456	+	0.11767	delta_sum_err	124	A	ACATA	ok	False
chr1	3848641	3848642	+	0.16857	delta_sum_err	162	A	CTACA	ok	False
chr1	3848643	3848644	+	0.16762	delta_sum_err	160	A	ACATA	ok	False
chr1	3848770	3848771	+	0.11942	delta_sum_err	171	A	ACAAG	ok	False
chr1	3848784	3848785	+	0.13862	delta_sum_err	153	A	GGAGA	ok	False
chr1	3848816	3848817	+	0.14225	delta_sum_err	152	A	CCAAC	ok	False
chr1	3848830	3848831	+	0.13081	delta_sum_err	176	A	GCAAT	ok	False
chr1	3848833	3848834	+	0.12412	delta_sum_err	175	A	ATAAC	ok	False
chr1	3848840	3848841	+	0.13532	delta_sum_err	182	A	TAAGT	ok	False
chr1	3848865	3848866	+	0.15263	delta_sum_err	106	A	AGAAA	ok	False
chr1	3848936	3848937	+	0.28317	delta_sum_err	136	A	TTAAA	ok	False
chr1	3848937	3848938	+	0.16205	delta_sum_err	159	A	TAAAC	ok	False
chr1	3848946	3848947	+	0.12437	delta_sum_err	183	A	ATAAG	ok	False
chr1	3849056	3849057	+	0.13509	delta_sum_err	159	A	TGAAC	ok	False
chr1	3849089	3849090	+	0.18122	delta_sum_err	143	A	TCAAC	ok	False
chr1	3849096	3849097	+	0.11656	delta_sum_err	156	A	GAACC	ok	True
chr1	3914856	3914857	+	0.21576	delta_sum_err	77	A	TCAAA	ok	False
chr1	3914956	3914957	+	0.11363	delta_sum_err	103	A	CAACA	ok	False
chr1	3917223	3917224	+	0.19512	delta_sum_err	127	A	TTAGC	ok	False
chr1	3917230	3917231	+	0.12089	delta_sum_err	130	A	ATATG	ok	False
chr1	3917989	3917990	+	0.31535	delta_sum_err	118	A	GTACT	ok	False
chr1	3918029	3918030	+	0.2069	delta_sum_err	115	A	ATATT	ok	False
chr1	3918037	3918038	+	0.45418	delta_sum_err	120	A	CCAAA	ok	False
chr1	3918038	3918039	+	0.14307	delta_sum_err	158	A	CAAAC	ok	False
chr1	3918039	3918040	+	0.16691	delta_sum_err	158	A	AAACA	ok	True
chr1	3918041	3918042	+	0.18465	delta_sum_err	154	A	ACACA	ok	False
chr1	3918087	3918088	+	0.28572	delta_sum_err	118	A	TTAAC	ok	False
chr1	3940208	3940209	+	0.13191	delta_sum_err	57	A	TGATT	ok	False
chr1	3940288	3940289	+	0.22355	delta_sum_err	47	A	CCAAC	ok	False
chr1	3940303	3940304	+	0.11953	delta_sum_err	49	A	ACATC	ok	False
chr1	3940350	3940351	+	0.125	delta_sum_err	57	A	GGAAG	ok	False
chr1	3940491	3940492	+	0.14116	delta_sum_err	58	A	CTAGT	ok	False
chr1	3940497	3940498	+	0.24461	delta_sum_err	51	A	TCACC	ok	False
chr1	3940564	3940565	+	0.17241	delta_sum_err	50	A	ACAAG	ok	False
chr1	3940673	3940674	+	0.15517	delta_sum_err	51	A	TGAAT	ok	False
chr1	3940693	3940694	+	0.14317	delta_sum_err	49	A	ATAAA	ok	False
chr1	3940694	3940695	+	0.12281	delta_sum_err	53	A	TAAAC	ok	False
chr1	3940695	3940696	+	0.1579	delta_sum_err	50	A	AAACT	ok	True
chr1	3967582	3967583	+	0.14935	delta_sum_err	62	A	GAAAA	ok	False
chr1	3967693	3967694	+	0.1226	delta_sum_err	85	A	TCACA	ok	False
chr1	3967826	3967827	+	0.13649	delta_sum_err	64	A	ATATG	ok	False
chr1	3968365	3968366	+	0.21696	delta_sum_err	43	A	CGAAA	ok	False
chr1	3968825	3968826	+	0.11644	delta_sum_err	107	A	CAAGC	ok	False
chr1	3969031	3969032	+	0.12533	delta_sum_err	75	A	ACATG	ok	False
chr1	3969534	3969535	+	0.11615	delta_sum_err	110	A	TGAAG	ok	False
chr1	3969543	3969544	+	0.11757	delta_sum_err	101	A	ATACA	ok	False
chr1	3969620	3969621	+	0.18296	delta_sum_err	96	A	TGATA	ok	False
chr1	3969667	3969668	+	0.13725	delta_sum_err	56	A	CTAAA	ok	False
chr1	3969679	3969680	+	0.12511	delta_sum_err	45	A	AGAAA	ok	False
chr1	3969685	3969686	+	0.30511	delta_sum_err	76	A	CTAAA	ok	False
chr1	3969686	3969687	+	0.14006	delta_sum_err	91	A	TAAAC	ok	False
chr1	3997587	3997588	+	0.13947	delta_sum_err	323	A	GAAGA	ok	False
chr1	3997682	3997683	+	0.28888	delta_sum_err	203	A	TTAAA	ok	False
chr1	3997685	3997686	+	0.13038	delta_sum_err	304	A	AAACT	ok	True
chr1	3997721	3997722	+	0.14757	delta_sum_err	191	A	CCACC	ok	False
chr1	3997724	3997725	+	0.13193	delta_sum_err	193	A	CCACC	ok	False
chr1	410172	410173	+	0.14286	delta_sum_err	59	A	TTAGA	ok	False
chr1	410409	410410	+	0.12516	delta_sum_err	68	A	TAACA	ok	True
chr1	410417	410418	+	0.12778	delta_sum_err	62	A	CTACA	ok	False
chr1	410466	410467	+	0.12252	delta_sum_err	66	A	CGAAT	ok	False
chr1	410474	410475	+	0.14624	delta_sum_err	53	A	GTAAC	ok	False
chr1	4106188	4106189	+	0.12151	delta_sum_err	56	A	CCAAC	ok	False
chr1	4106226	4106227	+	0.12239	delta_sum_err	58	A	ACAAC	ok	False
chr1	4106251	4106252	+	0.16034	delta_sum_err	62	A	TTATA	ok	False
chr1	4106253	4106254	+	0.24288	delta_sum_err	59	A	ATACC	ok	False
chr1	4106355	4106356	+	0.13626	delta_sum_err	46	A	ATATT	ok	False
chr1	4106485	4106486	+	0.12243	delta_sum_err	62	A	GCACT	ok	False
chr1	4106685	4106686	+	0.15325	delta_sum_err	55	A	ACACA	ok	False
chr1	4108500	4108501	+	0.15353	delta_sum_err	62	A	TCAAC	ok	False
chr1	4108545	4108546	+	0.14827	delta_sum_err	73	A	TTACC	ok	False
chr1	4108558	4108559	+	0.13963	delta_sum_err	68	A	CAACA	ok	False
chr1	4108699	4108700	+	0.12689	delta_sum_err	66	A	TAACC	ok	True
chr1	4108726	4108727	+	0.11968	delta_sum_err	75	A	CCATT	ok	False
chr1	4109226	4109227	+	0.13044	delta_sum_err	73	A	GAAAA	ok	False
chr1	4109285	4109286	+	0.13073	delta_sum_err	74	A	TCATT	ok	False
chr1	4109296	4109297	+	0.13214	delta_sum_err	97	A	GAATT	ok	False
chr1	4109498	4109499	+	0.11764	delta_sum_err	62	A	ACATT	ok	False
chr1	4148791	4148792	+	0.14754	delta_sum_err	56	A	ATACT	ok	False
chr1	4149624	4149625	+	0.11397	delta_sum_err	61	A	TCATG	ok	False
chr1	4149680	4149681	+	0.12967	delta_sum_err	54	A	TCAAA	ok	False
chr1	4149681	4149682	+	0.17143	delta_sum_err	65	A	CAAAA	ok	False
chr1	4149978	4149979	+	0.12857	delta_sum_err	69	A	TCATT	ok	False
chr1	4150105	4150106	+	0.12715	delta_sum_err	62	A	ATACC	ok	False
chr1	4150167	4150168	+	0.13889	delta_sum_err	47	A	TCATA	ok	False
chr1	4150389	4150390	+	0.13159	delta_sum_err	58	A	TCACC	ok	False
chr1	4150712	4150713	+	0.11547	delta_sum_err	80	A	ACACA	ok	False
chr1	4150771	4150772	+	0.12006	delta_sum_err	65	A	TTACT	ok	False
chr1	4150776	4150777	+	0.20422	delta_sum_err	64	A	TGAAC	ok	False
chr1	4150777	4150778	+	0.21787	delta_sum_err	85	A	GAACA	ok	True
chr1	4150841	4150842	+	0.26367	delta_sum_err	63	A	TGAGA	ok	False
chr1	4150843	4150844	+	0.17765	delta_sum_err	76	A	AGACT	ok	True
chr1	4150864	4150865	+	0.12196	delta_sum_err	74	A	AGACT	ok	True
chr1	4150875	4150876	+	0.21892	delta_sum_err	70	A	TTAAG	ok	False
chr1	4150876	4150877	+	0.19595	delta_sum_err	79	A	TAAGA	ok	False
chr1	4150881	4150882	+	0.21904	delta_sum_err	52	A	CTAAA	ok	False
chr1	4156592	4156593	+	0.14744	delta_sum_err	71	A	ACAAA	ok	False
chr1	4156688	4156689	+	0.1193	delta_sum_err	79	A	TCAGT	ok	False
chr1	4156819	4156820	+	0.12301	delta_sum_err	22	A	CGAAA	ok	False
chr1	4156881	4156882	+	0.20751	delta_sum_err	84	A	CCACA	ok	False
chr1	4156922	4156923	+	0.12413	delta_sum_err	85	A	GTAGC	ok	False
chr1	4157485	4157486	+	0.14728	delta_sum_err	93	A	ATACA	ok	False
chr1	4157487	4157488	+	0.18129	delta_sum_err	92	A	ACATA	ok	False
chr1	4157545	4157546	+	0.15169	delta_sum_err	29	A	AGAAA	ok	False
chr1	4157546	4157547	+	0.11487	delta_sum_err	73	A	GAAAA	ok	False
chr1	4159324	4159325	+	0.13689	delta_sum_err	52	A	TCACT	ok	False
chr1	4160139	4160140	+	0.11905	delta_sum_err	79	A	AGAAA	ok	False
chr1	4160152	4160153	+	0.12271	delta_sum_err	71	A	ATACA	ok	False
chr1	4161194	4161195	+	0.11444	delta_sum_err	101	A	TCAGT	ok	False
chr1	4223813	4223814	+	0.12063	delta_sum_err	124	A	CGAGC	ok	False
chr1	4225017	4225018	+	0.15	delta_sum_err	150	A	ATAAA	ok	False
chr1	4225018	4225019	+	0.15834	delta_sum_err	162	A	TAAAA	ok	False
chr1	4225023	4225024	+	0.27631	delta_sum_err	132	A	TCACT	ok	False
chr1	4225027	4225028	+	0.11367	delta_sum_err	149	A	TGATT	ok	False
chr1	4376071	4376072	+	0.1225	delta_sum_err	72	A	TTACA	ok	False
chr1	4376241	4376242	+	0.13503	delta_sum_err	82	A	TCACC	ok	False
chr1	4376862	4376863	+	0.1469	delta_sum_err	89	A	ACATC	ok	False
chr1	4376901	4376902	+	0.24144	delta_sum_err	76	A	CCAAA	ok	False
chr1	4377588	4377589	+	0.15915	delta_sum_err	107	A	ACATT	ok	False
chr1	4378248	4378249	+	0.14311	delta_sum_err	104	A	CCACT	ok	False
chr1	4378301	4378302	+	0.2282	delta_sum_err	100	A	TCACA	ok	False
chr1	4378316	4378317	+	0.12606	delta_sum_err	91	A	GTAAC	ok	False
chr1	4378317	4378318	+	0.23439	delta_sum_err	102	A	TAACA	ok	True
chr1	4378319	4378320	+	0.12234	delta_sum_err	95	A	ACATA	ok	False
chr1	4378409	4378410	+	0.14384	delta_sum_err	107	A	TCAGA	ok	False
chr1	4378411	4378412	+	0.30253	delta_sum_err	82	A	AGACA	ok	True
chr1	4378422	4378423	+	0.47259	delta_sum_err	111	A	GAAGA	ok	False
chr1	4378426	4378427	+	0.1419	delta_sum_err	110	A	ACAGA	ok	False
chr1	4378428	4378429	+	0.15966	delta_sum_err	111	A	AGAAG	ok	False
chr1	455843	455844	+	0.1965	delta_sum_err	54	A	TCACT	ok	False
chr1	455878	455879	+	0.175	delta_sum_err	58	A	TAATT	ok	False
chr1	456568	456569	+	0.19464	delta_sum_err	60	A	TGATA	ok	False
chr1	456605	456606	+	0.13407	delta_sum_err	61	A	AGAAC	ok	False
chr1	456902	456903	+	0.13997	delta_sum_err	56	A	GCATC	ok	False
chr1	456912	456913	+	0.11941	delta_sum_err	61	A	TAACA	ok	True
chr1	457284	457285	+	0.14013	delta_sum_err	67	A	GCAAG	ok	False
chr1	457547	457548	+	0.11538	delta_sum_err	74	A	GCACA	ok	False
chr1	457561	457562	+	0.15385	delta_sum_err	66	A	CTAAC	ok	False
chr1	457564	457565	+	0.12821	delta_sum_err	67	A	ACATT	ok	False
chr1	458039	458040	+	0.51677	delta_sum_err	27	A	ATAAA	ok	False
chr1	4839875	4839876	+	0.22551	delta_sum_err	23	A	ACAAA	ok	False
chr1	4839882	4839883	+	0.218	delta_sum_err	126	A	TCAAA	ok	False
chr1	4839899	4839900	+	0.13859	delta_sum_err	72	A	CCACC	ok	False
chr1	4840007	4840008	+	0.17333	delta_sum_err	128	A	TCACC	ok	False
chr1	4840684	4840685	+	0.13404	delta_sum_err	148	A	GGACT	ok	True
chr1	4840711	4840712	+	0.11368	delta_sum_err	164	A	AAAGA	ok	False
chr1	4889517	4889518	+	0.47167	delta_sum_err	456	A	GGACA	ok	True
chr1	4889519	4889520	+	0.22154	delta_sum_err	836	A	ACACA	ok	False
chr1	4899162	4899163	+	0.1548	delta_sum_err	35	A	TCAAA	ok	False
chr1	4899163	4899164	+	0.1894	delta_sum_err	43	A	CAAAT	ok	False
chr1	4899164	4899165	+	0.12223	delta_sum_err	44	A	AAATC	ok	False
chr1	4899518	4899519	+	0.16065	delta_sum_err	154	A	TAACC	ok	True
chr1	4899865	4899866	+	0.13232	delta_sum_err	104	A	TCATC	ok	False
chr1	4899879	4899880	+	0.22964	delta_sum_err	94	A	TTAAG	ok	False
chr1	4899880	4899881	+	0.28334	delta_sum_err	104	A	TAAGA	ok	False
chr1	5058882	5058883	+	0.12135	delta_sum_err	21	A	TCAAA	ok	False
chr1	5058944	5058945	+	0.12678	delta_sum_err	43	A	TAATC	ok	False
chr1	5059538	5059539	+	0.18183	delta_sum_err	40	A	ACAAT	ok	False
chr1	5059793	5059794	+	0.17146	delta_sum_err	46	A	ACAAC	ok	False
chr1	5059973	5059974	+	0.1283	delta_sum_err	45	A	ATAAA	ok	False
chr1	5059990	5059991	+	0.15574	delta_sum_err	40	A	CCAAA	ok	False
chr1	5060053	5060054	+	0.17088	delta_sum_err	51	A	TTAAA	ok	False
chr1	5060442	5060443	+	0.1297	delta_sum_err	52	A	CCACG	ok	False
chr1	5060620	5060621	+	0.11392	delta_sum_err	59	A	TCATT	ok	False
chr1	5060783	5060784	+	0.14063	delta_sum_err	62	A	ACAAG	ok	False
chr1	5060932	5060933	+	0.13773	delta_sum_err	66	A	ACACG	ok	False
chr1	5060941	5060942	+	0.1363	delta_sum_err	66	A	GCATC	ok	False
chr1	5060944	5060945	+	0.12769	delta_sum_err	59	A	TCATT	ok	False
chr1	5061048	5061049	+	0.18582	delta_sum_err	48	A	GTACT	ok	False
chr1	518358	518359	+	0.12614	delta_sum_err	129	A	TCATA	ok	False
chr1	520251	520252	+	0.12118	delta_sum_err	218	A	ACAAA	ok	False
chr1	520252	520253	+	0.13645	delta_sum_err	255	A	CAAAC	ok	False
chr1	520318	520319	+	0.16339	delta_sum_err	199	A	GTACT	ok	False
chr1	5203508	5203509	+	0.1394	delta_sum_err	323	A	CAAAG	ok	False
chr1	520376	520377	+	0.11765	delta_sum_err	51	A	GTAAG	ok	False
chr1	520377	520378	+	0.12	delta_sum_err	50	A	TAAGT	ok	False
chr1	5203896	5203897	+	0.11964	delta_sum_err	275	A	TGAAA	ok	False
chr1	5203990	5203991	+	0.12603	delta_sum_err	259	A	TTACT	ok	False
chr1	5204054	5204055	+	0.16056	delta_sum_err	250	A	TTACT	ok	False
chr1	5204070	5204071	+	0.15899	delta_sum_err	235	A	CTACT	ok	False
chr1	5204095	5204096	+	0.13158	delta_sum_err	248	A	TAACA	ok	True
chr1	5326419	5326420	+	0.12438	delta_sum_err	56	A	ATAGA	ok	False
chr1	5326530	5326531	+	0.17008	delta_sum_err	29	A	TCACC	ok	False
chr1	5326533	5326534	+	0.18293	delta_sum_err	61	A	CCACA	ok	False
chr1	5326624	5326625	+	0.12676	delta_sum_err	65	A	CAAGG	ok	False
chr1	5326703	5326704	+	0.11691	delta_sum_err	73	A	ACAGC	ok	False
chr1	5326741	5326742	+	0.11565	delta_sum_err	64	A	GGAGG	ok	False
chr1	5326815	5326816	+	0.12248	delta_sum_err	74	A	TTAGG	ok	False
chr1	5326929	5326930	+	0.17025	delta_sum_err	69	A	ACACC	ok	False
chr1	5327075	5327076	+	0.22361	delta_sum_err	75	A	GCAAC	ok	False
chr1	5327809	5327810	+	0.14114	delta_sum_err	86	A	ACATG	ok	False
chr1	5328057	5328058	+	0.28627	delta_sum_err	87	A	TCACA	ok	False
chr1	5328059	5328060	+	0.21153	delta_sum_err	99	A	ACACC	ok	False
chr1	5328442	5328443	+	0.11926	delta_sum_err	94	A	TTACA	ok	False
chr1	5328686	5328687	+	0.11545	delta_sum_err	116	A	TTAGA	ok	False
chr1	5328770	5328771	+	0.17415	delta_sum_err	107	A	AGAAG	ok	False
chr1	5328771	5328772	+	0.38613	delta_sum_err	113	A	GAAGA	ok	False
chr1	5328839	5328840	+	0.13327	delta_sum_err	76	A	CCAAA	ok	False
chr1	539657	539658	+	0.11624	delta_sum_err	258	A	GCATA	ok	False
chr1	539659	539660	+	0.13141	delta_sum_err	237	A	ATACC	ok	False
chr1	539922	539923	+	0.30086	delta_sum_err	273	A	TCAAA	ok	False
chr1	539923	539924	+	0.17924	delta_sum_err	290	A	CAAAC	ok	False
chr1	5399342	5399343	+	0.12417	delta_sum_err	111	A	CTAAG	ok	False
chr1	539942	539943	+	0.11906	delta_sum_err	163	A	ATACA	ok	False
chr1	539947	539948	+	0.33564	delta_sum_err	183	A	TGAAG	ok	False
chr1	539948	539949	+	0.36178	delta_sum_err	261	A	GAAGA	ok	False
chr1	539950	539951	+	0.22261	delta_sum_err	260	A	AGACC	ok	True
chr1	5399705	5399706	+	0.1244	delta_sum_err	82	A	ACACC	ok	False
chr1	539985	539986	+	0.17034	delta_sum_err	105	A	TGAAC	ok	False
chr1	539989	539990	+	0.11803	delta_sum_err	76	A	CAACC	ok	False
chr1	5400066	5400067	+	0.14405	delta_sum_err	142	A	CTACA	ok	False
chr1	5400562	5400563	+	0.16064	delta_sum_err	156	A	TTACC	ok	False
chr1	5402331	5402332	+	0.12667	delta_sum_err	288	A	AGAAC	ok	False
chr1	5402485	5402486	+	0.12727	delta_sum_err	92	A	CGAGA	ok	False
chr1	5472296	5472297	+	0.14436	delta_sum_err	412	A	GCAAC	ok	False
chr1	5472836	5472837	+	0.1543	delta_sum_err	455	A	GGACA	ok	True
chr1	5472858	5472859	+	0.21247	delta_sum_err	363	A	GGAAC	ok	False
chr1	5472884	5472885	+	0.46203	delta_sum_err	456	A	CTAGA	ok	False
chr1	5478874	5478875	+	0.13462	delta_sum_err	90	A	TCACC	ok	False
chr1	5479251	5479252	+	0.17459	delta_sum_err	140	A	TCACC	ok	False
chr1	5482115	5482116	+	0.13911	delta_sum_err	120	A	ACACT	ok	False
chr1	5482127	5482128	+	0.12457	delta_sum_err	108	A	ACAAC	ok	False
chr1	5489537	5489538	+	0.18682	delta_sum_err	89	A	GGAAA	ok	False
chr1	5489578	5489579	+	0.14054	delta_sum_err	163	A	TAACC	ok	True
chr1	5489640	5489641	+	0.11455	delta_sum_err	136	A	TGAAA	ok	False
chr1	5490361	5490362	+	0.12402	delta_sum_err	189	A	TTAGG	ok	False
chr1	5490479	5490480	+	0.12055	delta_sum_err	178	A	GGAAG	ok	False
chr1	5490485	5490486	+	0.1625	delta_sum_err	182	A	TTATA	ok	False
chr1	5490535	5490536	+	0.17338	delta_sum_err	183	A	AAAGG	ok	False
chr1	5490564	5490565	+	0.12968	delta_sum_err	115	A	TGAAA	ok	False
chr1	5491123	5491124	+	0.17447	delta_sum_err	153	A	GGAAA	ok	False
chr1	5515866	5515867	+	0.15905	delta_sum_err	138	A	GAAAA	ok	False
chr1	5540897	5540898	+	0.14472	delta_sum_err	73	A	AGAAA	ok	False
chr1	5541566	5541567	+	0.12117	delta_sum_err	96	A	ACACA	ok	False
chr1	5542598	5542599	+	0.12202	delta_sum_err	121	A	CCAGC	ok	False
chr1	5542724	5542725	+	0.16731	delta_sum_err	76	A	TAAAA	ok	False
chr1	5542725	5542726	+	0.23173	delta_sum_err	93	A	AAAAA	ok	False
chr1	5542726	5542727	+	0.12307	delta_sum_err	111	A	AAAAA	ok	False
chr1	5542754	5542755	+	0.24547	delta_sum_err	96	A	AGAAC	ok	False
chr1	5542805	5542806	+	0.38132	delta_sum_err	100	A	TGAAG	ok	False
chr1	5542806	5542807	+	0.25517	delta_sum_err	115	A	GAAGA	ok	False
chr1	5581109	5581110	+	0.15672	delta_sum_err	69	A	GCATC	ok	False
chr1	5581179	5581180	+	0.15672	delta_sum_err	69	A	CCACG	ok	False
chr1	5581223	5581224	+	0.16184	delta_sum_err	64	A	GTACA	ok	False
chr1	5581272	5581273	+	0.13791	delta_sum_err	56	A	CGACA	ok	False
chr1	5581274	5581275	+	0.1701	delta_sum_err	53	A	ACATC	ok	False
chr1	5581475	5581476	+	0.19128	delta_sum_err	70	A	ACATT	ok	False
chr1	5581525	5581526	+	0.13657	delta_sum_err	72	A	TCATG	ok	False
chr1	5581553	5581554	+	0.11379	delta_sum_err	71	A	TCACT	ok	False
chr1	5581707	5581708	+	0.19114	delta_sum_err	65	A	ATAAA	ok	False
chr1	5581741	5581742	+	0.12896	delta_sum_err	84	A	ACAGC	ok	False
chr1	5581754	5581755	+	0.12895	delta_sum_err	85	A	GCAGC	ok	False
chr1	5581907	5581908	+	0.14286	delta_sum_err	87	A	ACAGA	ok	False
chr1	5581928	5581929	+	0.11904	delta_sum_err	84	A	TCATA	ok	False
chr1	5581952	5581953	+	0.12143	delta_sum_err	86	A	ATAGA	ok	False
chr1	5581992	5581993	+	0.1395	delta_sum_err	64	A	TTACA	ok	False
chr1	5582006	5582007	+	0.1226	delta_sum_err	68	A	TCATA	ok	False
chr1	5608836	5608837	+	0.18104	delta_sum_err	41	A	ACACC	ok	False
chr1	5608844	5608845	+	0.15907	delta_sum_err	36	A	CTACA	ok	False
chr1	5608858	5608859	+	0.25147	delta_sum_err	40	A	ACATC	ok	False
chr1	5608873	5608874	+	0.19549	delta_sum_err	41	A	TTACC	ok	False
chr1	5608941	5608942	+	0.13107	delta_sum_err	51	A	CTACT	ok	False
chr1	5608966	5608967	+	0.14222	delta_sum_err	54	A	CCACC	ok	False
chr1	5609029	5609030	+	0.14058	delta_sum_err	56	A	GCAAT	ok	False
chr1	5609534	5609535	+	0.11457	delta_sum_err	43	A	CGAAA	ok	False
chr1	5609666	5609667	+	0.16968	delta_sum_err	65	A	TAACA	ok	True
chr1	5609702	5609703	+	0.12309	delta_sum_err	50	A	CGAGA	ok	False
chr1	5609775	5609776	+	0.13967	delta_sum_err	40	A	CTAAA	ok	False
chr1	5610831	5610832	+	0.17787	delta_sum_err	77	A	TCACC	ok	False
chr1	5611036	5611037	+	0.11394	delta_sum_err	82	A	GCATC	ok	False
chr1	5611125	5611126	+	0.1342	delta_sum_err	83	A	AGAAA	ok	False
chr1	5611298	5611299	+	0.11667	delta_sum_err	79	A	TCATA	ok	False
chr1	5611307	5611308	+	0.12236	delta_sum_err	70	A	ACACC	ok	False
chr1	5623422	5623423	+	0.11763	delta_sum_err	81	A	GCAAC	ok	False
chr1	5623592	5623593	+	0.15659	delta_sum_err	47	A	TCAAA	ok	False
chr1	5623597	5623598	+	0.15522	delta_sum_err	77	A	AAATT	ok	False
chr1	5623761	5623762	+	0.16708	delta_sum_err	69	A	GGAAG	ok	False
chr1	5623767	5623768	+	0.13767	delta_sum_err	79	A	GTAGG	ok	False
chr1	5623929	5623930	+	0.11837	delta_sum_err	87	A	CTACT	ok	False
chr1	5624683	5624684	+	0.13208	delta_sum_err	37	A	GCAAA	ok	False
chr1	5624699	5624700	+	0.15461	delta_sum_err	89	A	AGAAA	ok	False
chr1	5625449	5625450	+	0.16495	delta_sum_err	110	A	ATAGT	ok	False
chr1	5625490	5625491	+	0.12735	delta_sum_err	89	A	TTACA	ok	False
chr1	5625517	5625518	+	0.21194	delta_sum_err	48	A	GTAAA	ok	False
chr1	5625527	5625528	+	0.11888	delta_sum_err	92	A	GGATC	ok	False
chr1	5625533	5625534	+	0.18327	delta_sum_err	104	A	TTAAA	ok	False
chr1	5625549	5625550	+	0.44428	delta_sum_err	53	A	TGAAC	ok	False
chr1	5625550	5625551	+	0.13085	delta_sum_err	101	A	GAACA	ok	True
chr1	5625573	5625574	+	0.20154	delta_sum_err	87	A	ATAAC	ok	False
chr1	5724021	5724022	+	0.20614	delta_sum_err	105	A	TCACC	ok	False
chr1	5724968	5724969	+	0.11457	delta_sum_err	168	A	ACACA	ok	False
chr1	5725849	5725850	+	0.14165	delta_sum_err	193	A	TGATA	ok	False
chr1	5726345	5726346	+	0.15362	delta_sum_err	183	A	ACATA	ok	False
chr1	5726352	5726353	+	0.13991	delta_sum_err	187	A	AGAAT	ok	False
chr1	5776177	5776178	+	0.13447	delta_sum_err	284	A	TTACC	ok	False
chr1	5776203	5776204	+	0.14389	delta_sum_err	294	A	TGACC	ok	True
chr1	5776237	5776238	+	0.17134	delta_sum_err	273	A	GTAAC	ok	False
chr1	5845242	5845243	+	0.14943	delta_sum_err	131	A	CTAAA	ok	False
chr1	5845478	5845479	+	0.14041	delta_sum_err	249	A	TCACC	ok	False
chr1	5870164	5870165	+	0.12301	delta_sum_err	59	A	ACAAG	ok	False
chr1	5870203	5870204	+	0.16617	delta_sum_err	39	A	ACAAA	ok	False
chr1	5870204	5870205	+	0.1379	delta_sum_err	52	A	CAAAA	ok	False
chr1	5870395	5870396	+	0.12026	delta_sum_err	62	A	GCAAG	ok	False
chr1	5870762	5870763	+	0.16216	delta_sum_err	70	A	TAATA	ok	False
chr1	5870786	5870787	+	0.13038	delta_sum_err	59	A	TTATA	ok	False
chr1	5879742	5879743	+	0.211	delta_sum_err	140	A	TCACA	ok	False
chr1	5879931	5879932	+	0.13943	delta_sum_err	127	A	TTAAC	ok	False
chr1	5889346	5889347	+	0.14444	delta_sum_err	100	A	TTATA	ok	False
chr1	5889797	5889798	+	0.16379	delta_sum_err	99	A	GTAAA	ok	False
chr1	5889843	5889844	+	0.17749	delta_sum_err	79	A	AGAAA	ok	False
chr1	5889851	5889852	+	0.13355	delta_sum_err	128	A	TGAAA	ok	False
chr1	5890113	5890114	+	0.11997	delta_sum_err	140	A	CTAGA	ok	False
chr1	5890193	5890194	+	0.14032	delta_sum_err	131	A	TCATC	ok	False
chr1	5890294	5890295	+	0.14398	delta_sum_err	120	A	GTACA	ok	False
chr1	5890296	5890297	+	0.21997	delta_sum_err	124	A	ACATG	ok	False
chr1	5890303	5890304	+	0.13051	delta_sum_err	144	A	AAATG	ok	False
chr1	5890355	5890356	+	0.12571	delta_sum_err	116	A	ATAAC	ok	False
chr1	5890359	5890360	+	0.1497	delta_sum_err	128	A	CAATA	ok	False
chr1	5922842	5922843	+	0.23095	delta_sum_err	22	A	ACAAA	ok	False
chr1	5924039	5924040	+	0.15833	delta_sum_err	47	A	TGAGA	ok	False
chr1	5924205	5924206	+	0.11473	delta_sum_err	50	A	CGACT	ok	False
chr1	5924215	5924216	+	0.17555	delta_sum_err	35	A	TTACA	ok	False
chr1	5924221	5924222	+	0.12223	delta_sum_err	50	A	CCACA	ok	False
chr1	5924505	5924506	+	0.11566	delta_sum_err	48	A	ATATG	ok	False
chr1	5924523	5924524	+	0.15617	delta_sum_err	42	A	TCATA	ok	False
chr1	5925017	5925018	+	0.12419	delta_sum_err	53	A	GCAAG	ok	False
chr1	5925036	5925037	+	0.13881	delta_sum_err	52	A	TTAGC	ok	False
chr1	5925163	5925164	+	0.11586	delta_sum_err	56	A	CCAAA	ok	False
chr1	5925340	5925341	+	0.19349	delta_sum_err	38	A	ACAAA	ok	False
chr1	5925397	5925398	+	0.15128	delta_sum_err	60	A	TCATC	ok	False
chr1	5925545	5925546	+	0.12901	delta_sum_err	61	A	GAATC	ok	False
chr1	5925587	5925588	+	0.14286	delta_sum_err	64	A	GCAAG	ok	False
chr1	5925769	5925770	+	0.1525	delta_sum_err	40	A	CCACA	ok	False
chr1	5925771	5925772	+	0.14359	delta_sum_err	35	A	ACAAA	ok	False
chr1	5925987	5925988	+	0.11405	delta_sum_err	66	A	ACATG	ok	False
chr1	5926008	5926009	+	0.17458	delta_sum_err	51	A	ATACT	ok	False
chr1	5926024	5926025	+	0.1385	delta_sum_err	74	A	ATAAG	ok	False
chr1	5926141	5926142	+	0.15944	delta_sum_err	50	A	AGAAA	ok	False
chr1	5926168	5926169	+	0.28326	delta_sum_err	44	A	TCATC	ok	False
chr1	5926172	5926173	+	0.19642	delta_sum_err	56	A	CGACT	ok	False
chr1	5926292	5926293	+	0.14266	delta_sum_err	38	A	ATAAA	ok	False
chr1	6005022	6005023	+	0.1186	delta_sum_err	35	A	TTAAA	ok	False
chr1	6005125	6005126	+	0.13698	delta_sum_err	71	A	CAATG	ok	False
chr1	6005351	6005352	+	0.12829	delta_sum_err	63	A	ACAAA	ok	False
chr1	6005384	6005385	+	0.11538	delta_sum_err	80	A	ATAGA	ok	False
chr1	6005593	6005594	+	0.1375	delta_sum_err	77	A	CTACT	ok	False
chr1	6005661	6005662	+	0.15123	delta_sum_err	83	A	AGATT	ok	False
chr1	6005808	6005809	+	0.12583	delta_sum_err	78	A	GTAAC	ok	False
chr1	6005820	6005821	+	0.13253	delta_sum_err	79	A	ACAGG	ok	False
chr1	6005864	6005865	+	0.15874	delta_sum_err	82	A	ACAAG	ok	False
chr1	6005865	6005866	+	0.17858	delta_sum_err	85	A	CAAGC	ok	False
chr1	6005870	6005871	+	0.14286	delta_sum_err	83	A	ACAAG	ok	False
chr1	6006070	6006071	+	0.11916	delta_sum_err	69	A	GAAGG	ok	False
chr1	6006247	6006248	+	0.14302	delta_sum_err	77	A	TGAAT	ok	False
chr1	6006270	6006271	+	0.14016	delta_sum_err	76	A	TCACA	ok	False
chr1	6006286	6006287	+	0.30189	delta_sum_err	70	A	GGAAC	ok	False
chr1	6006304	6006305	+	0.16071	delta_sum_err	77	A	TGAGA	ok	False
chr1	6104779	6104780	+	0.17647	delta_sum_err	31	A	GGATC	ok	False
chr1	6104786	6104787	+	0.11765	delta_sum_err	31	A	CCAGG	ok	False
chr1	6104824	6104825	+	0.29005	delta_sum_err	14	A	ACAAA	ok	False
chr1	6105048	6105049	+	0.13889	delta_sum_err	36	A	CCAGT	ok	False
chr1	6105164	6105165	+	0.16136	delta_sum_err	31	A	TCATG	ok	False
chr1	6149324	6149325	+	0.13201	delta_sum_err	103	A	TTAAA	ok	False
chr1	6149329	6149330	+	0.12592	delta_sum_err	95	A	AGAAA	ok	False
chr1	6149341	6149342	+	0.11905	delta_sum_err	126	A	ACAAT	ok	False
chr1	6149350	6149351	+	0.11406	delta_sum_err	105	A	TCACT	ok	False
chr1	6149439	6149440	+	0.12389	delta_sum_err	129	A	CAATG	ok	False
chr1	6149443	6149444	+	0.13522	delta_sum_err	110	A	GGAAA	ok	False
chr1	6149545	6149546	+	0.22647	delta_sum_err	124	A	ACAAG	ok	False
chr1	6149546	6149547	+	0.27352	delta_sum_err	133	A	CAAGT	ok	False
chr1	6149793	6149794	+	0.12666	delta_sum_err	129	A	TTACA	ok	False
chr1	6149795	6149796	+	0.1744	delta_sum_err	140	A	ACAAG	ok	False
chr1	6222769	6222770	+	0.1207	delta_sum_err	307	A	ACACC	ok	False
chr1	6223976	6223977	+	0.18163	delta_sum_err	340	A	CGACA	ok	False
chr1	6223979	6223980	+	0.25123	delta_sum_err	274	A	CAACT	ok	False
chr1	632176	632177	+	0.12245	delta_sum_err	29	A	CCAAT	ok	False
chr1	632177	632178	+	0.12245	delta_sum_err	29	A	CAATG	ok	False
chr1	632207	632208	+	0.14875	delta_sum_err	15	A	AGAGG	ok	False
chr1	632339	632340	+	0.1195	delta_sum_err	20	A	GGAAA	ok	False
chr1	632538	632539	+	0.12986	delta_sum_err	30	A	ACACC	ok	False
chr1	632553	632554	+	0.18814	delta_sum_err	31	A	CAACA	ok	False
chr1	632898	632899	+	0.23592	delta_sum_err	23	A	GTAAA	ok	False
chr1	632901	632902	+	0.12551	delta_sum_err	33	A	AAAGG	ok	False
chr1	633129	633130	+	0.11455	delta_sum_err	31	A	CAAAC	ok	False
chr1	633130	633131	+	0.15745	delta_sum_err	31	A	AAACC	ok	True
chr1	633136	633137	+	0.1257	delta_sum_err	27	A	TTACT	ok	False
chr1	633159	633160	+	0.17675	delta_sum_err	23	A	ATAAA	ok	False
chr1	6460664	6460665	+	0.14728	delta_sum_err	152	A	TCATA	ok	False
chr1	6462127	6462128	+	0.22057	delta_sum_err	159	A	ATAAA	ok	False
chr1	6462128	6462129	+	0.26079	delta_sum_err	151	A	TAAAC	ok	False
chr1	6462129	6462130	+	0.23074	delta_sum_err	164	A	AAACC	ok	True
chr1	6462132	6462133	+	0.15577	delta_sum_err	180	A	CCACT	ok	False
chr1	6462141	6462142	+	0.16823	delta_sum_err	163	A	ATACA	ok	False
chr1	6462143	6462144	+	0.13776	delta_sum_err	161	A	ACACA	ok	False
chr1	6462173	6462174	+	0.21483	delta_sum_err	142	A	GCAAC	ok	False
chr1	6688881	6688882	+	0.11585	delta_sum_err	67	A	GCAGC	ok	False
chr1	6688918	6688919	+	0.13429	delta_sum_err	56	A	GGAGA	ok	False
chr1	6688990	6688991	+	0.11466	delta_sum_err	86	A	TTAGA	ok	False
chr1	6689027	6689028	+	0.12528	delta_sum_err	84	A	TGACA	ok	True
chr1	6689423	6689424	+	0.15842	delta_sum_err	86	A	GGACA	ok	True
chr1	6689588	6689589	+	0.1636	delta_sum_err	77	A	CCACA	ok	False
chr1	6689651	6689652	+	0.12495	delta_sum_err	96	A	CCACT	ok	False
chr1	6689769	6689770	+	0.17641	delta_sum_err	67	A	CTAAA	ok	False
chr1	6824912	6824913	+	0.11389	delta_sum_err	67	A	AGATC	ok	False
chr1	6824950	6824951	+	0.11925	delta_sum_err	60	A	CGAAT	ok	False
chr1	6825146	6825147	+	0.12289	delta_sum_err	48	A	AAAGA	ok	False
chr1	6825148	6825149	+	0.13296	delta_sum_err	59	A	AGAGA	ok	False
chr1	6825224	6825225	+	0.15187	delta_sum_err	74	A	GCAGC	ok	False
chr1	6825292	6825293	+	0.18208	delta_sum_err	68	A	GGATA	ok	False
chr1	6913270	6913271	+	0.11576	delta_sum_err	115	A	CCAAC	ok	False
chr1	6914421	6914422	+	0.26508	delta_sum_err	110	A	TGAAA	ok	False
chr1	6914431	6914432	+	0.11384	delta_sum_err	330	A	CAACA	ok	False
chr1	6914491	6914492	+	0.18075	delta_sum_err	194	A	GCACA	ok	False
chr1	6914506	6914507	+	0.11774	delta_sum_err	201	A	ATACA	ok	False
chr1	6928153	6928154	+	0.14966	delta_sum_err	36	A	GGAGG	ok	False
chr1	6928213	6928214	+	0.11993	delta_sum_err	43	A	TCAAA	ok	False
chr1	6928268	6928269	+	0.14336	delta_sum_err	37	A	CCAAC	ok	False
chr1	6928278	6928279	+	0.13462	delta_sum_err	45	A	ATAGT	ok	False
chr1	6928302	6928303	+	0.25175	delta_sum_err	27	A	TCACC	ok	False
chr1	6928395	6928396	+	0.15732	delta_sum_err	21	A	AAATA	ok	False
chr1	6928397	6928398	+	0.11491	delta_sum_err	37	A	ATATA	ok	False
chr1	6928399	6928400	+	0.13954	delta_sum_err	43	A	ATATT	ok	False
chr1	6943325	6943326	+	0.16284	delta_sum_err	234	A	GCAAA	ok	False
chr1	6944910	6944911	+	0.18645	delta_sum_err	192	A	ACAAA	ok	False
chr1	6944947	6944948	+	0.13205	delta_sum_err	385	A	TGAAG	ok	False
chr1	6944972	6944973	+	0.18563	delta_sum_err	313	A	ATACT	ok	False
chr1	6944977	6944978	+	0.12053	delta_sum_err	329	A	AAAAA	ok	False
chr1	6944981	6944982	+	0.12671	delta_sum_err	297	A	AAAGA	ok	False
chr1	6950138	6950139	+	0.18782	delta_sum_err	95	A	CCAAG	ok	False
chr1	6950189	6950190	+	0.13542	delta_sum_err	83	A	TGAAC	ok	False
chr1	7019433	7019434	+	0.1413	delta_sum_err	78	A	TCACT	ok	False
chr1	7019437	7019438	+	0.169	delta_sum_err	85	A	TCACC	ok	False
chr1	7019500	7019501	+	0.15054	delta_sum_err	74	A	TCACA	ok	False
chr1	7020239	7020240	+	0.14934	delta_sum_err	100	A	GTATT	ok	False
chr1	7020248	7020249	+	0.18485	delta_sum_err	58	A	CCAAA	ok	False
chr1	7020341	7020342	+	0.13179	delta_sum_err	105	A	TTAAA	ok	False
chr1	7020357	7020358	+	0.177	delta_sum_err	111	A	GAAGA	ok	False
chr1	7020385	7020386	+	0.20761	delta_sum_err	65	A	ACAAA	ok	False
chr1	7020481	7020482	+	0.34757	delta_sum_err	76	A	ATAAA	ok	False
chr1	7020482	7020483	+	0.40662	delta_sum_err	81	A	TAAAC	ok	False
chr1	7020483	7020484	+	0.18532	delta_sum_err	92	A	AAACC	ok	True
chr1	7020486	7020487	+	0.21672	delta_sum_err	96	A	CCACT	ok	False
chr1	7146336	7146337	+	0.12716	delta_sum_err	228	A	CAAAA	ok	False
chr1	7177489	7177490	+	0.16105	delta_sum_err	88	A	CCAAA	ok	False
chr1	7178189	7178190	+	0.12832	delta_sum_err	112	A	CAACA	ok	False
chr1	7178191	7178192	+	0.11667	delta_sum_err	112	A	ACAAG	ok	False
chr1	7178344	7178345	+	0.13954	delta_sum_err	117	A	TGACG	ok	False
chr1	7178485	7178486	+	0.12722	delta_sum_err	111	A	CTAAG	ok	False
chr1	7178524	7178525	+	0.11514	delta_sum_err	83	A	GCAAA	ok	False
chr1	7178553	7178554	+	0.11969	delta_sum_err	88	A	TGAAA	ok	False
chr1	7178554	7178555	+	0.11514	delta_sum_err	113	A	GAAAT	ok	False
chr1	7178676	7178677	+	0.18119	delta_sum_err	101	A	AGACT	ok	True
chr1	7178704	7178705	+	0.30939	delta_sum_err	36	A	ATAAA	ok	False
chr1	7180555	7180556	+	0.11404	delta_sum_err	46	A	TGAAA	ok	False
chr1	7180730	7180731	+	0.1201	delta_sum_err	76	A	ACATG	ok	False
chr1	7181016	7181017	+	0.13387	delta_sum_err	81	A	CAAGT	ok	False
chr1	7181211	7181212	+	0.1139	delta_sum_err	80	A	GCAAG	ok	False
chr1	7181326	7181327	+	0.11942	delta_sum_err	65	A	CTATT	ok	False
chr1	7374318	7374319	+	0.20505	delta_sum_err	68	A	ACAAA	ok	False
chr1	7374794	7374795	+	0.11953	delta_sum_err	154	A	GTACA	ok	False
chr1	7374801	7374802	+	0.17911	delta_sum_err	185	A	ACACA	ok	False
chr1	7375139	7375140	+	0.13642	delta_sum_err	36	A	AGATT	ok	False
chr1	7375720	7375721	+	0.2455	delta_sum_err	160	A	TGACT	ok	True
chr1	7375727	7375728	+	0.13908	delta_sum_err	176	A	CTATA	ok	False
chr1	7627508	7627509	+	0.12348	delta_sum_err	80	A	ATATG	ok	False
chr1	7627925	7627926	+	0.12878	delta_sum_err	82	A	TTACA	ok	False
chr1	7627927	7627928	+	0.12165	delta_sum_err	76	A	ACATT	ok	False
chr1	7628051	7628052	+	0.19196	delta_sum_err	90	A	CTAAA	ok	False
chr1	7628124	7628125	+	0.17784	delta_sum_err	86	A	TAACC	ok	True
chr1	7628192	7628193	+	0.23542	delta_sum_err	86	A	TGATT	ok	False
chr1	7628215	7628216	+	0.18603	delta_sum_err	86	A	TTATA	ok	False
chr1	787201	787202	+	0.14685	delta_sum_err	46	A	TCATC	ok	False
chr1	787247	787248	+	0.16531	delta_sum_err	46	A	TAACA	ok	True
chr1	787258	787259	+	0.18249	delta_sum_err	50	A	CAATC	ok	False
chr1	787262	787263	+	0.1743	delta_sum_err	49	A	CTACC	ok	False
chr1	787277	787278	+	0.125	delta_sum_err	51	A	CAACC	ok	False
chr1	787361	787362	+	0.13169	delta_sum_err	46	A	ACAAA	ok	False
chr1	787379	787380	+	0.22064	delta_sum_err	34	A	CCACT	ok	False
chr1	787859	787860	+	0.11846	delta_sum_err	62	A	TCAGC	ok	False
chr1	788038	788039	+	0.15931	delta_sum_err	65	A	TCATC	ok	False
chr1	788473	788474	+	0.14948	delta_sum_err	76	A	TTAAA	ok	False
chr1	788528	788529	+	0.13998	delta_sum_err	81	A	CAATG	ok	False
chr1	7912520	7912521	+	0.12484	delta_sum_err	95	A	TTACA	ok	False
chr1	7912859	7912860	+	0.1426	delta_sum_err	104	A	CCACA	ok	False
chr1	7913924	7913925	+	0.13778	delta_sum_err	113	A	TCACA	ok	False
chr1	7914722	7914723	+	0.28347	delta_sum_err	121	A	TCAAA	ok	False
chr1	7914723	7914724	+	0.17714	delta_sum_err	171	A	CAAAA	ok	False
chr1	7914748	7914749	+	0.16029	delta_sum_err	135	A	ATAAA	ok	False
chr1	7914802	7914803	+	0.1353	delta_sum_err	177	A	TAATA	ok	False
chr1	7926215	7926216	+	0.15668	delta_sum_err	84	A	CGAAA	ok	False
chr1	7926256	7926257	+	0.12689	delta_sum_err	120	A	AGATC	ok	False
chr1	7927036	7927037	+	0.12522	delta_sum_err	122	A	AGAAT	ok	False
chr1	7927044	7927045	+	0.22148	delta_sum_err	62	A	ACAAA	ok	False
chr1	7927063	7927064	+	0.13934	delta_sum_err	113	A	AAATT	ok	False
chr1	8003935	8003936	+	0.15079	delta_sum_err	153	A	GTAAA	ok	False
chr1	8004191	8004192	+	0.12727	delta_sum_err	174	A	ACATA	ok	False
chr1	8004193	8004194	+	0.12021	delta_sum_err	196	A	ATAAG	ok	False
chr1	8027661	8027662	+	0.13432	delta_sum_err	289	A	ACATA	ok	False
chr1	8027663	8027664	+	0.15215	delta_sum_err	215	A	ATACC	ok	False
chr1	8068243	8068244	+	0.12859	delta_sum_err	209	A	GCAAA	ok	False
chr1	8069255	8069256	+	0.26378	delta_sum_err	289	A	TCAAA	ok	False
chr1	8069256	8069257	+	0.35321	delta_sum_err	336	A	CAAAA	ok	False
chr1	8069257	8069258	+	0.36497	delta_sum_err	356	A	AAAAG	ok	False
chr1	8069258	8069259	+	0.50628	delta_sum_err	372	A	AAAGA	ok	False
chr1	8069260	8069261	+	0.11674	delta_sum_err	366	A	AGACG	ok	False
chr1	8080051	8080052	+	0.12272	delta_sum_err	235	A	ACAAA	ok	False
chr1	8080453	8080454	+	0.20829	delta_sum_err	241	A	GTACA	ok	False
chr1	8080455	8080456	+	0.24648	delta_sum_err	188	A	ACATT	ok	False
chr1	8102160	8102161	+	0.16259	delta_sum_err	57	A	GGAGA	ok	False
chr1	8102179	8102180	+	0.12511	delta_sum_err	59	A	TCAAG	ok	False
chr1	8102237	8102238	+	0.15322	delta_sum_err	58	A	CGATC	ok	False
chr1	8102240	8102241	+	0.1353	delta_sum_err	51	A	TCATA	ok	False
chr1	8102245	8102246	+	0.12903	delta_sum_err	55	A	TCACT	ok	False
chr1	8102276	8102277	+	0.17777	delta_sum_err	34	A	TTATA	ok	False
chr1	8222233	8222234	+	0.13402	delta_sum_err	60	A	GCATG	ok	False
chr1	8222681	8222682	+	0.11556	delta_sum_err	70	A	TCAGT	ok	False
chr1	8222739	8222740	+	0.11988	delta_sum_err	63	A	TGAAA	ok	False
chr1	8223285	8223286	+	0.13996	delta_sum_err	86	A	TCAGT	ok	False
chr1	8223721	8223722	+	0.1781	delta_sum_err	93	A	CGAAG	ok	False
chr1	8224179	8224180	+	0.17533	delta_sum_err	63	A	ATAAC	ok	False
chr1	8224261	8224262	+	0.19657	delta_sum_err	97	A	TTACA	ok	False
chr1	8224268	8224269	+	0.17177	delta_sum_err	97	A	ATAAG	ok	False
chr1	8224275	8224276	+	0.15342	delta_sum_err	99	A	TAATT	ok	False
chr1	8224316	8224317	+	0.32037	delta_sum_err	82	A	TGAAC	ok	False
chr1	8224319	8224320	+	0.18182	delta_sum_err	89	A	ACAAC	ok	False
chr1	8224320	8224321	+	0.22896	delta_sum_err	102	A	CAACC	ok	False
chr1	8224323	8224324	+	0.3426	delta_sum_err	100	A	CCAAG	ok	False
chr1	8224324	8224325	+	0.45118	delta_sum_err	103	A	CAAGA	ok	False
chr1	8224356	8224357	+	0.18848	delta_sum_err	82	A	ATACT	ok	False
chr1	8263493	8263494	+	0.12119	delta_sum_err	533	A	TGAAC	ok	False
chr1	8323882	8323883	+	0.11726	delta_sum_err	70	A	CTATC	ok	False
chr1	8323965	8323966	+	0.13158	delta_sum_err	65	A	ATACT	ok	False
chr1	8324045	8324046	+	0.1192	delta_sum_err	59	A	AAATA	ok	False
chr1	8324065	8324066	+	0.14938	delta_sum_err	66	A	GTATA	ok	False
chr1	8338517	8338518	+	0.19166	delta_sum_err	204	A	GTAGA	ok	False
chr1	8338555	8338556	+	0.23266	delta_sum_err	107	A	GTAAA	ok	False
chr1	8338580	8338581	+	0.14693	delta_sum_err	120	A	CTACT	ok	False
chr1	8420394	8420395	+	0.15195	delta_sum_err	57	A	TCACC	ok	False
chr1	8420405	8420406	+	0.13832	delta_sum_err	61	A	ATAAC	ok	False
chr1	8420451	8420452	+	0.1236	delta_sum_err	60	A	CGAGA	ok	False
chr1	8420532	8420533	+	0.14882	delta_sum_err	60	A	CCACT	ok	False
chr1	8420844	8420845	+	0.19178	delta_sum_err	64	A	GCAAC	ok	False
chr1	8420845	8420846	+	0.159	delta_sum_err	64	A	CAACA	ok	False
chr1	8420882	8420883	+	0.12242	delta_sum_err	73	A	CCAAC	ok	False
chr1	8422254	8422255	+	0.1344	delta_sum_err	61	A	TGAAA	ok	False
chr1	8422271	8422272	+	0.12644	delta_sum_err	74	A	ACATG	ok	False
chr1	8422354	8422355	+	0.11902	delta_sum_err	76	A	ACATA	ok	False
chr1	8422501	8422502	+	0.14433	delta_sum_err	93	A	AAACA	ok	True
chr1	8422783	8422784	+	0.13897	delta_sum_err	73	A	TTACA	ok	False
chr1	8422825	8422826	+	0.1967	delta_sum_err	58	A	TAACA	ok	True
chr1	8422827	8422828	+	0.12175	delta_sum_err	93	A	ACACA	ok	False
chr1	8422862	8422863	+	0.24566	delta_sum_err	69	A	TTACA	ok	False
chr1	8422866	8422867	+	0.15273	delta_sum_err	63	A	ACATT	ok	False
chr1	8422880	8422881	+	0.13113	delta_sum_err	65	A	GCAAA	ok	False
chr1	8640807	8640808	+	0.12349	delta_sum_err	115	A	ACAAC	ok	False
chr1	8640858	8640859	+	0.26592	delta_sum_err	104	A	TGAAA	ok	False
chr1	8641476	8641477	+	0.14106	delta_sum_err	108	A	GCAAA	ok	False
chr1	8641992	8641993	+	0.14645	delta_sum_err	120	A	CGAAA	ok	False
chr1	8642259	8642260	+	0.13727	delta_sum_err	120	A	TCACA	ok	False
chr1	8642413	8642414	+	0.13304	delta_sum_err	101	A	AGAAA	ok	False
chr1	8642414	8642415	+	0.14942	delta_sum_err	113	A	GAAAA	ok	False
chr1	8642419	8642420	+	0.16616	delta_sum_err	51	A	AAAGG	ok	False
chr1	8642668	8642669	+	0.14036	delta_sum_err	136	A	TAATA	ok	False
chr1	8642709	8642710	+	0.1298	delta_sum_err	146	A	TTATT	ok	False
chr1	8642752	8642753	+	0.16361	delta_sum_err	116	A	GAATA	ok	False
chr1	8642925	8642926	+	0.12987	delta_sum_err	137	A	AGAAA	ok	False
chr1	8643145	8643146	+	0.18017	delta_sum_err	114	A	TTACA	ok	False
chr1	8643314	8643315	+	0.30525	delta_sum_err	56	A	TTAAA	ok	False
chr1	8643327	8643328	+	0.14573	delta_sum_err	101	A	GTAAA	ok	False
chr1	8643401	8643402	+	0.2043	delta_sum_err	123	A	TAACA	ok	True
chr1	8776331	8776332	+	0.18427	delta_sum_err	79	A	CCAAT	ok	False
chr1	8777071	8777072	+	0.15322	delta_sum_err	72	A	CCACC	ok	False
chr1	8777147	8777148	+	0.22414	delta_sum_err	58	A	ACATT	ok	False
chr1	8813237	8813238	+	0.14452	delta_sum_err	59	A	CCAAT	ok	False
chr1	8813238	8813239	+	0.12354	delta_sum_err	62	A	CAATT	ok	False
chr1	8814005	8814006	+	0.13784	delta_sum_err	55	A	ACAAT	ok	False
chr1	8814006	8814007	+	0.11905	delta_sum_err	56	A	CAATG	ok	False
chr1	8828320	8828321	+	0.16302	delta_sum_err	52	A	CCACC	ok	False
chr1	8828381	8828382	+	0.13805	delta_sum_err	70	A	TCACA	ok	False
chr1	8828431	8828432	+	0.16047	delta_sum_err	53	A	ACATT	ok	False
chr1	8828503	8828504	+	0.12803	delta_sum_err	62	A	TTAAA	ok	False
chr1	8828670	8828671	+	0.13345	delta_sum_err	50	A	CAACC	ok	False
chr1	8828673	8828674	+	0.125	delta_sum_err	41	A	CCAAA	ok	False
chr1	8861285	8861286	+	0.15247	delta_sum_err	138	A	CTACA	ok	False
chr1	8977585	8977586	+	0.11685	delta_sum_err	89	A	TAAAA	ok	False
chr1	8977729	8977730	+	0.20472	delta_sum_err	101	A	GGACC	ok	True
chr1	8977882	8977883	+	0.11568	delta_sum_err	79	A	GCAAA	ok	False
chr1	8977911	8977912	+	0.12689	delta_sum_err	69	A	ACACA	ok	False
chr1	8977920	8977921	+	0.20223	delta_sum_err	89	A	CCACA	ok	False
chr1	8978058	8978059	+	0.12446	delta_sum_err	68	A	ACATT	ok	False
chr1	8978063	8978064	+	0.20915	delta_sum_err	75	A	GCACA	ok	False
chr1	907694	907695	+	0.13362	delta_sum_err	108	A	ACAAC	ok	False
chr1	907747	907748	+	0.11565	delta_sum_err	91	A	CCAAA	ok	False
chr1	907918	907919	+	0.12993	delta_sum_err	133	A	TGAAA	ok	False
chr1	908123	908124	+	0.11557	delta_sum_err	144	A	GCAAA	ok	False
chr1	908260	908261	+	0.11428	delta_sum_err	158	A	AGAAG	ok	False
chr1	908545	908546	+	0.11427	delta_sum_err	165	A	GTATG	ok	False
chr1	908659	908660	+	0.11497	delta_sum_err	179	A	ACACA	ok	False
chr1	908831	908832	+	0.15061	delta_sum_err	179	A	TCACA	ok	False
chr1	909318	909319	+	0.53525	delta_sum_err	208	A	TCAGA	ok	False
chr1	9172100	9172101	+	0.16129	delta_sum_err	139	A	AGAAG	ok	False
chr1	9172474	9172475	+	0.22345	delta_sum_err	87	A	GAAAA	ok	False
chr1	9172772	9172773	+	0.15	delta_sum_err	154	A	AAAAC	ok	False
chr1	9172775	9172776	+	0.12143	delta_sum_err	149	A	ACACA	ok	False
chr1	9172796	9172797	+	0.16071	delta_sum_err	118	A	CCAAA	ok	False
chr1	9207185	9207186	+	0.24167	delta_sum_err	836	A	TTAGA	ok	False
chr1	9207187	9207188	+	0.14713	delta_sum_err	835	A	AGACC	ok	True
chr1	9207212	9207213	+	0.29373	delta_sum_err	699	A	GCAAG	ok	False
chr1	9207213	9207214	+	0.42577	delta_sum_err	809	A	CAAGA	ok	False
chr1	9207215	9207216	+	0.12217	delta_sum_err	754	A	AGACA	ok	True
chr1	9207217	9207218	+	0.16687	delta_sum_err	734	A	ACAAC	ok	False
chr1	9207260	9207261	+	0.1476	delta_sum_err	638	A	TGAAA	ok	False
chr1	9216092	9216093	+	0.12932	delta_sum_err	50	A	ATATA	ok	False
chr1	9216113	9216114	+	0.13713	delta_sum_err	59	A	GTATT	ok	False
chr1	9217801	9217802	+	0.26606	delta_sum_err	21	A	CAAAA	ok	False
chr1	9217802	9217803	+	0.2443	delta_sum_err	64	A	AAAAA	ok	False
chr1	9217804	9217805	+	0.15293	delta_sum_err	78	A	AAAAC	ok	False
chr1	9217831	9217832	+	0.1312	delta_sum_err	71	A	ATATA	ok	False
chr1	9217833	9217834	+	0.1647	delta_sum_err	70	A	ATATA	ok	False
chr1	9217835	9217836	+	0.14118	delta_sum_err	73	A	ATATG	ok	False
chr1	9217884	9217885	+	0.15056	delta_sum_err	70	A	TTAAG	ok	False
chr1	9217903	9217904	+	0.21795	delta_sum_err	73	A	TGAAG	ok	False
chr1	9217910	9217911	+	0.13714	delta_sum_err	65	A	GCAAC	ok	False
chr1	9217911	9217912	+	0.11905	delta_sum_err	65	A	CAACA	ok	False
chr1	9217913	9217914	+	0.13738	delta_sum_err	61	A	ACACT	ok	False
chr1	9259789	9259790	+	0.20588	delta_sum_err	61	A	TAACA	ok	True
chr1	9259868	9259869	+	0.14285	delta_sum_err	64	A	CTACG	ok	False
chr1	9259882	9259883	+	0.15714	delta_sum_err	69	A	GGATC	ok	False
chr1	9260498	9260499	+	0.15652	delta_sum_err	73	A	GGAGA	ok	False
chr1	9260655	9260656	+	0.20627	delta_sum_err	68	A	GCAAA	ok	False
chr1	9261042	9261043	+	0.15638	delta_sum_err	62	A	TAACT	ok	True
chr1	9481793	9481794	+	0.12071	delta_sum_err	76	A	TGAGA	ok	False
chr1	9482773	9482774	+	0.11567	delta_sum_err	85	A	TTACA	ok	False
chr1	9482781	9482782	+	0.22567	delta_sum_err	42	A	CGAAA	ok	False
chr1	9482865	9482866	+	0.12078	delta_sum_err	64	A	ACATG	ok	False
chr1	9482887	9482888	+	0.12315	delta_sum_err	35	A	ACAAA	ok	False
chr1	9493573	9493574	+	0.22541	delta_sum_err	59	A	ACATA	ok	False
chr1	9494005	9494006	+	0.22607	delta_sum_err	92	A	CTACT	ok	False
chr1	9494016	9494017	+	0.16881	delta_sum_err	99	A	TGACT	ok	True
chr1	9516735	9516736	+	0.14224	delta_sum_err	377	A	ATAGA	ok	False
chr1	9516772	9516773	+	0.13527	delta_sum_err	346	A	ATACT	ok	False
chr1	9516795	9516796	+	0.37627	delta_sum_err	252	A	ATAAG	ok	False
chr1	9516796	9516797	+	0.49788	delta_sum_err	380	A	TAAGA	ok	False
chr1	9516804	9516805	+	0.11416	delta_sum_err	360	A	ATACT	ok	False
chr1	9532609	9532610	+	0.12353	delta_sum_err	198	A	ACATA	ok	False
chr1	9533867	9533868	+	0.14285	delta_sum_err	222	A	TGAGA	ok	False
chr1	9533869	9533870	+	0.20555	delta_sum_err	189	A	AGACA	ok	True
chr1	9533902	9533903	+	0.22475	delta_sum_err	214	A	TCAAC	ok	False
chr1	9533903	9533904	+	0.12806	delta_sum_err	224	A	CAACT	ok	False
chr1	9533910	9533911	+	0.11514	delta_sum_err	206	A	TCATA	ok	False
chr1	9533921	9533922	+	0.61738	delta_sum_err	245	A	TCAGA	ok	False
chr1	9533950	9533951	+	0.14917	delta_sum_err	229	A	GGATT	ok	False
chr1	9533990	9533991	+	0.15635	delta_sum_err	151	A	CGATT	ok	False
chr1	9740758	9740759	+	0.11476	delta_sum_err	210	A	CCACC	ok	False
chr1	9742075	9742076	+	0.14869	delta_sum_err	287	A	GGACA	ok	True
chr1	9742095	9742096	+	0.11746	delta_sum_err	298	A	CAACT	ok	False
chr1	9746916	9746917	+	0.11765	delta_sum_err	65	A	CTAAA	ok	False
chr1	9747056	9747057	+	0.11631	delta_sum_err	89	A	CCAAG	ok	False
chr1	9747812	9747813	+	0.12761	delta_sum_err	109	A	ATACA	ok	False
chr1	9747982	9747983	+	0.42923	delta_sum_err	89	A	ATAAG	ok	False
chr1	9747983	9747984	+	0.53458	delta_sum_err	99	A	TAAGA	ok	False
chr1	991648	991649	+	0.12345	delta_sum_err	65	A	TGAAA	ok	False
chr1	991708	991709	+	0.29412	delta_sum_err	52	A	TCATA	ok	False
chr1	992507	992508	+	0.125	delta_sum_err	87	A	TCAGC	ok	False
chr1	993054	993055	+	0.13914	delta_sum_err	80	A	ACATT	ok	False
chr1	993076	993077	+	0.14211	delta_sum_err	80	A	TCACT	ok	False
chr1	993080	993081	+	0.12331	delta_sum_err	77	A	TGAGA	ok	False
chr1	993096	993097	+	0.24838	delta_sum_err	37	A	ACAAA	ok	False
chr2	10243496	10243497	+	0.19598	delta_sum_err	308	A	TGATA	ok	False
chr2	10567318	10567319	+	0.17074	delta_sum_err	107	A	TCACT	ok	False
chr2	10567805	10567806	+	0.11636	delta_sum_err	227	A	CGATT	ok	False
chr2	10575068	10575069	+	0.15226	delta_sum_err	41	A	ACAAC	ok	False
chr2	10575069	10575070	+	0.15359	delta_sum_err	41	A	CAACT	ok	False
chr2	10575075	10575076	+	0.2008	delta_sum_err	32	A	ACACC	ok	False
chr2	10575125	10575126	+	0.17708	delta_sum_err	43	A	CCACA	ok	False
chr2	10575131	10575132	+	0.13839	delta_sum_err	47	A	CCACA	ok	False
chr2	10575168	10575169	+	0.1375	delta_sum_err	45	A	CTACG	ok	False
chr2	10575222	10575223	+	0.12259	delta_sum_err	46	A	GAAGG	ok	False
chr2	10575251	10575252	+	0.12741	delta_sum_err	45	A	TGAAG	ok	False
chr2	10575252	10575253	+	0.1226	delta_sum_err	46	A	GAAGA	ok	False
chr2	10575315	10575316	+	0.19339	delta_sum_err	49	A	TTAAC	ok	False
chr2	10575382	10575383	+	0.12443	delta_sum_err	43	A	ATAAA	ok	False
chr2	10575765	10575766	+	0.11425	delta_sum_err	55	A	GGATT	ok	False
chr2	10575769	10575770	+	0.18101	delta_sum_err	46	A	TCACA	ok	False
chr2	10575803	10575804	+	0.1251	delta_sum_err	44	A	AGACA	ok	True
chr2	10575924	10575925	+	0.16193	delta_sum_err	61	A	GGATC	ok	False
chr2	10576222	10576223	+	0.15765	delta_sum_err	33	A	ACAAA	ok	False
chr2	10576631	10576632	+	0.19099	delta_sum_err	64	A	TCAAA	ok	False
chr2	10576790	10576791	+	0.1313	delta_sum_err	75	A	TAAAC	ok	False
chr2	10576791	10576792	+	0.15429	delta_sum_err	77	A	AAACA	ok	True
chr2	10609797	10609798	+	0.11409	delta_sum_err	444	A	GGATC	ok	False
chr2	10740419	10740420	+	0.22275	delta_sum_err	328	A	TGAAA	ok	False
chr2	10740423	10740424	+	0.28002	delta_sum_err	485	A	AAAGA	ok	False
chr2	10740425	10740426	+	0.12513	delta_sum_err	437	A	AGACT	ok	True
chr2	10740466	10740467	+	0.46565	delta_sum_err	392	A	GTAAG	ok	False
chr2	10740467	10740468	+	0.58052	delta_sum_err	489	A	TAAGA	ok	False
chr2	10856991	10856992	+	0.14748	delta_sum_err	187	A	ACATT	ok	False
chr2	10860904	10860905	+	0.16602	delta_sum_err	18	A	GCACC	ok	False
chr2	10860910	10860911	+	0.225	delta_sum_err	36	A	CCACC	ok	False
chr2	10860949	10860950	+	0.14286	delta_sum_err	41	A	CCATG	ok	False
chr2	10861120	10861121	+	0.11628	delta_sum_err	39	A	ACATG	ok	False
chr2	10861156	10861157	+	0.2093	delta_sum_err	43	A	TCAAA	ok	False
chr2	10861218	10861219	+	0.18182	delta_sum_err	43	A	GTACC	ok	False
chr2	10861291	10861292	+	0.16698	delta_sum_err	44	A	TCATT	ok	False
chr2	10861320	10861321	+	0.17247	delta_sum_err	43	A	GTAGC	ok	False
chr2	10861546	10861547	+	0.11825	delta_sum_err	39	A	TCACT	ok	False
chr2	10862186	10862187	+	0.12077	delta_sum_err	51	A	AGAGG	ok	False
chr2	10862210	10862211	+	0.1397	delta_sum_err	42	A	CCATT	ok	False
chr2	11041861	11041862	+	0.18228	delta_sum_err	82	A	ATATC	ok	False
chr2	11041950	11041951	+	0.13717	delta_sum_err	83	A	CCACA	ok	False
chr2	11041997	11041998	+	0.12555	delta_sum_err	85	A	TTACC	ok	False
chr2	11042439	11042440	+	0.12333	delta_sum_err	89	A	TTAGC	ok	False
chr2	11042604	11042605	+	0.14368	delta_sum_err	89	A	TTACC	ok	False
chr2	11042847	11042848	+	0.12641	delta_sum_err	84	A	ATAAA	ok	False
chr2	11042917	11042918	+	0.14574	delta_sum_err	96	A	CAAAA	ok	False
chr2	11043070	11043071	+	0.12715	delta_sum_err	107	A	ATATC	ok	False
chr2	1120870	1120871	+	0.13273	delta_sum_err	160	A	TCACC	ok	False
chr2	1121387	1121388	+	0.11795	delta_sum_err	173	A	TTATT	ok	False
chr2	11215922	11215923	+	0.128	delta_sum_err	85	A	GGATT	ok	False
chr2	11216410	11216411	+	0.12228	delta_sum_err	93	A	GCATC	ok	False
chr2	11216415	11216416	+	0.12686	delta_sum_err	92	A	TGAAG	ok	False
chr2	11216455	11216456	+	0.18312	delta_sum_err	87	A	ATAAA	ok	False
chr2	11216545	11216546	+	0.31598	delta_sum_err	87	A	AAAAC	ok	False
chr2	11216546	11216547	+	0.15307	delta_sum_err	83	A	AAACT	ok	True
chr2	1121848	1121849	+	0.17618	delta_sum_err	180	A	GTAAA	ok	False
chr2	1121956	1121957	+	0.19129	delta_sum_err	151	A	CAACT	ok	False
chr2	11220881	11220882	+	0.14688	delta_sum_err	41	A	CTAGC	ok	False
chr2	11220888	11220889	+	0.18299	delta_sum_err	37	A	CTAAA	ok	False
chr2	11220991	11220992	+	0.17464	delta_sum_err	45	A	TTAGA	ok	False
chr2	11221122	11221123	+	0.16135	delta_sum_err	36	A	GCATA	ok	False
chr2	11221287	11221288	+	0.20436	delta_sum_err	47	A	TCATC	ok	False
chr2	11221323	11221324	+	0.26707	delta_sum_err	44	A	ACACG	ok	False
chr2	11270170	11270171	+	0.16044	delta_sum_err	26	A	CCAAA	ok	False
chr2	11270813	11270814	+	0.13814	delta_sum_err	2162	A	AAACT	ok	True
chr2	11341851	11341852	+	0.13902	delta_sum_err	90	A	CCATA	ok	False
chr2	11343073	11343074	+	0.15375	delta_sum_err	126	A	ACATC	ok	False
chr2	11343473	11343474	+	0.12614	delta_sum_err	111	A	TTATA	ok	False
chr2	11343500	11343501	+	0.13689	delta_sum_err	102	A	AAACT	ok	True
chr2	11513204	11513205	+	0.13497	delta_sum_err	63	A	CGATC	ok	False
chr2	11513228	11513229	+	0.32507	delta_sum_err	59	A	CTAGC	ok	False
chr2	11513264	11513265	+	0.14061	delta_sum_err	57	A	ACACA	ok	False
chr2	11532054	11532055	+	0.16149	delta_sum_err	135	A	TCATC	ok	False
chr2	11532065	11532066	+	0.16154	delta_sum_err	136	A	AAAAA	ok	False
chr2	11532868	11532869	+	0.12255	delta_sum_err	150	A	TCAAA	ok	False
chr2	11533114	11533115	+	0.23493	delta_sum_err	116	A	TGAAC	ok	False
chr2	11533117	11533118	+	0.2161	delta_sum_err	113	A	ACAAC	ok	False
chr2	11533147	11533148	+	0.20732	delta_sum_err	132	A	TGACT	ok	True
chr2	11533188	11533189	+	0.16379	delta_sum_err	103	A	TGAAC	ok	False
chr2	11723609	11723610	+	0.14899	delta_sum_err	103	A	AGAAA	ok	False
chr2	11723643	11723644	+	0.11356	delta_sum_err	106	A	TCAAA	ok	False
chr2	11723684	11723685	+	0.19595	delta_sum_err	111	A	TTAGA	ok	False
chr2	11723708	11723709	+	0.1404	delta_sum_err	103	A	TAAAC	ok	False
chr2	11723949	11723950	+	0.1233	delta_sum_err	118	A	ATATG	ok	False
chr2	11723967	11723968	+	0.13983	delta_sum_err	109	A	TCATT	ok	False
chr2	11724036	11724037	+	0.11773	delta_sum_err	89	A	CCACA	ok	False
chr2	11724038	11724039	+	0.12459	delta_sum_err	104	A	ACATC	ok	False
chr2	11724173	11724174	+	0.11408	delta_sum_err	123	A	TCAAA	ok	False
chr2	11724214	11724215	+	0.183	delta_sum_err	106	A	TTATA	ok	False
chr2	11724231	11724232	+	0.12667	delta_sum_err	123	A	CTATG	ok	False
chr2	11817776	11817777	+	0.42219	delta_sum_err	817	A	TTAGA	ok	False
chr2	11817778	11817779	+	0.21614	delta_sum_err	658	A	AGACA	ok	True
chr2	11817780	11817781	+	0.12574	delta_sum_err	745	A	ACATT	ok	False
chr2	11819444	11819445	+	0.14548	delta_sum_err	756	A	CGACT	ok	False
chr2	11819455	11819456	+	0.48307	delta_sum_err	883	A	TTAGA	ok	False
chr2	11819495	11819496	+	0.17238	delta_sum_err	316	A	ACATC	ok	False
chr2	11860795	11860796	+	0.16774	delta_sum_err	71	A	TCAGA	ok	False
chr2	11860865	11860866	+	0.14092	delta_sum_err	55	A	CGAAA	ok	False
chr2	11860896	11860897	+	0.122	delta_sum_err	64	A	TCAAA	ok	False
chr2	11860904	11860905	+	0.11775	delta_sum_err	72	A	TCACC	ok	False
chr2	11863501	11863502	+	0.22743	delta_sum_err	43	A	GCAAA	ok	False
chr2	11863542	11863543	+	0.13182	delta_sum_err	72	A	GGAAA	ok	False
chr2	11863698	11863699	+	0.11893	delta_sum_err	40	A	GCAAA	ok	False
chr2	11863723	11863724	+	0.13641	delta_sum_err	66	A	CCAAG	ok	False
chr2	11863730	11863731	+	0.1403	delta_sum_err	65	A	ACATT	ok	False
chr2	11863768	11863769	+	0.15662	delta_sum_err	67	A	TGAAT	ok	False
chr2	11863780	11863781	+	0.17255	delta_sum_err	72	A	TGACT	ok	True
chr2	11926576	11926577	+	0.1258	delta_sum_err	61	A	TCAAA	ok	False
chr2	11928257	11928258	+	0.11974	delta_sum_err	141	A	AGATA	ok	False
chr2	11929345	11929346	+	0.13334	delta_sum_err	112	A	GAAAA	ok	False
chr2	12014621	12014622	+	0.1758	delta_sum_err	58	A	TCAAC	ok	False
chr2	12014655	12014656	+	0.16547	delta_sum_err	49	A	TCAAC	ok	False
chr2	12014656	12014657	+	0.16547	delta_sum_err	50	A	CAACA	ok	False
chr2	12014712	12014713	+	0.14718	delta_sum_err	56	A	CGAAA	ok	False
chr2	12015237	12015238	+	0.12597	delta_sum_err	63	A	CTACA	ok	False
chr2	12015517	12015518	+	0.11552	delta_sum_err	63	A	CCACA	ok	False
chr2	12016086	12016087	+	0.16661	delta_sum_err	67	A	CCACT	ok	False
chr2	12016377	12016378	+	0.2329	delta_sum_err	52	A	GCAAA	ok	False
chr2	12543577	12543578	+	0.16438	delta_sum_err	68	A	TGAGA	ok	False
chr2	12543721	12543722	+	0.13517	delta_sum_err	64	A	AGACA	ok	True
chr2	12543752	12543753	+	0.14469	delta_sum_err	73	A	TCAGT	ok	False
chr2	12543764	12543765	+	0.18961	delta_sum_err	63	A	ACATC	ok	False
chr2	12543771	12543772	+	0.12484	delta_sum_err	69	A	TGATA	ok	False
chr2	12543786	12543787	+	0.14018	delta_sum_err	60	A	GTACC	ok	False
chr2	12587088	12587089	+	0.12267	delta_sum_err	112	A	TCAGC	ok	False
chr2	12587208	12587209	+	0.13487	delta_sum_err	105	A	GCAAC	ok	False
chr2	12587209	12587210	+	0.15865	delta_sum_err	103	A	CAACA	ok	False
chr2	12587211	12587212	+	0.22857	delta_sum_err	103	A	ACAAA	ok	False
chr2	12587212	12587213	+	0.11978	delta_sum_err	115	A	CAAAA	ok	False
chr2	12587340	12587341	+	0.12489	delta_sum_err	110	A	CAAGC	ok	False
chr2	12587346	12587347	+	0.13781	delta_sum_err	104	A	ACAAC	ok	False
chr2	12587372	12587373	+	0.1753	delta_sum_err	95	A	CCATG	ok	False
chr2	12587382	12587383	+	0.11673	delta_sum_err	106	A	TCACA	ok	False
chr2	12667061	12667062	+	0.12319	delta_sum_err	44	A	TCAAA	ok	False
chr2	12667525	12667526	+	0.2094	delta_sum_err	77	A	CGATT	ok	False
chr2	12667549	12667550	+	0.15242	delta_sum_err	78	A	ACAAG	ok	False
chr2	12667573	12667574	+	0.12637	delta_sum_err	71	A	CCACC	ok	False
chr2	12668072	12668073	+	0.20586	delta_sum_err	61	A	TCATA	ok	False
chr2	12668332	12668333	+	0.11518	delta_sum_err	95	A	TCAAC	ok	False
chr2	12668548	12668549	+	0.1276	delta_sum_err	94	A	TTAAC	ok	False
chr2	12668611	12668612	+	0.1228	delta_sum_err	100	A	TTAGC	ok	False
chr2	12669029	12669030	+	0.13396	delta_sum_err	110	A	TTACC	ok	False
chr2	12669912	12669913	+	0.17651	delta_sum_err	138	A	ATAAA	ok	False
chr2	12669913	12669914	+	0.24803	delta_sum_err	168	A	TAAAG	ok	False
chr2	12669914	12669915	+	0.24098	delta_sum_err	172	A	AAAGA	ok	False
chr2	12669916	12669917	+	0.17088	delta_sum_err	149	A	AGACA	ok	True
chr2	12697867	12697868	+	0.16175	delta_sum_err	92	A	CTAGT	ok	False
chr2	1285159	1285160	+	0.1327	delta_sum_err	96	A	ATAAA	ok	False
chr2	1285186	1285187	+	0.19136	delta_sum_err	122	A	GCAAA	ok	False
chr2	1285638	1285639	+	0.23055	delta_sum_err	151	A	TCACT	ok	False
chr2	1285866	1285867	+	0.13096	delta_sum_err	166	A	GAACC	ok	True
chr2	1285884	1285885	+	0.12103	delta_sum_err	152	A	GCAGA	ok	False
chr2	1285993	1285994	+	0.14881	delta_sum_err	153	A	TGAAA	ok	False
chr2	12975141	12975142	+	0.14515	delta_sum_err	56	A	ATACA	ok	False
chr2	12975143	12975144	+	0.25806	delta_sum_err	58	A	ACATA	ok	False
chr2	12975168	12975169	+	0.2422	delta_sum_err	60	A	GCATC	ok	False
chr2	12975233	12975234	+	0.19508	delta_sum_err	56	A	GCAAA	ok	False
chr2	12975252	12975253	+	0.17921	delta_sum_err	55	A	TTACT	ok	False
chr2	12975281	12975282	+	0.26933	delta_sum_err	46	A	GGACA	ok	True
chr2	12975283	12975284	+	0.12647	delta_sum_err	61	A	ACAAG	ok	False
chr2	12975288	12975289	+	0.19611	delta_sum_err	52	A	ATACT	ok	False
chr2	13141468	13141469	+	0.12308	delta_sum_err	80	A	AGAAA	ok	False
chr2	13141469	13141470	+	0.11462	delta_sum_err	88	A	GAAAA	ok	False
chr2	13141515	13141516	+	0.12713	delta_sum_err	287	A	TTATT	ok	False
chr2	13142246	13142247	+	0.19972	delta_sum_err	226	A	TCACC	ok	False
chr2	13162516	13162517	+	0.15303	delta_sum_err	53	A	ACAAG	ok	False
chr2	13162520	13162521	+	0.14815	delta_sum_err	55	A	GCACC	ok	False
chr2	13162547	13162548	+	0.11892	delta_sum_err	49	A	TCACT	ok	False
chr2	13162559	13162560	+	0.2067	delta_sum_err	40	A	AGAAA	ok	False
chr2	13162679	13162680	+	0.11475	delta_sum_err	56	A	CTACA	ok	False
chr2	13162781	13162782	+	0.16084	delta_sum_err	56	A	ACAAA	ok	False
chr2	13163218	13163219	+	0.11768	delta_sum_err	65	A	CTAGA	ok	False
chr2	13163358	13163359	+	0.12487	delta_sum_err	32	A	CAAAA	ok	False
chr2	13163359	13163360	+	0.13219	delta_sum_err	43	A	AAAAA	ok	False
chr2	13163372	13163373	+	0.16922	delta_sum_err	61	A	AAATA	ok	False
chr2	13175395	13175396	+	0.13379	delta_sum_err	252	A	GCAAA	ok	False
chr2	13177088	13177089	+	0.13347	delta_sum_err	398	A	ATACT	ok	False
chr2	13177118	13177119	+	0.12143	delta_sum_err	426	A	CAAAC	ok	False
chr2	13177141	13177142	+	0.16871	delta_sum_err	415	A	ATACT	ok	False
chr2	13294155	13294156	+	0.11367	delta_sum_err	61	A	AAAGC	ok	False
chr2	13294503	13294504	+	0.13235	delta_sum_err	60	A	TCAAA	ok	False
chr2	13294550	13294551	+	0.25051	delta_sum_err	36	A	CCAAA	ok	False
chr2	13294571	13294572	+	0.11428	delta_sum_err	38	A	AGAAA	ok	False
chr2	13294847	13294848	+	0.1899	delta_sum_err	73	A	TAAAG	ok	False
chr2	13294888	13294889	+	0.12983	delta_sum_err	74	A	AGATT	ok	False
chr2	13294978	13294979	+	0.18701	delta_sum_err	74	A	AAACT	ok	True
chr2	13294996	13294997	+	0.12	delta_sum_err	70	A	TGAAT	ok	False
chr2	13295017	13295018	+	0.12162	delta_sum_err	67	A	GGATT	ok	False
chr2	13295029	13295030	+	0.14955	delta_sum_err	57	A	GTAAA	ok	False
chr2	13295031	13295032	+	0.12291	delta_sum_err	73	A	AAACA	ok	True
chr2	1333375	1333376	+	0.15897	delta_sum_err	108	A	CAAAA	ok	False
chr2	1333817	1333818	+	0.11491	delta_sum_err	181	A	TCAAC	ok	False
chr2	1334462	1334463	+	0.12719	delta_sum_err	183	A	TTACA	ok	False
chr2	1334485	1334486	+	0.23278	delta_sum_err	133	A	AGAAA	ok	False
chr2	1334520	1334521	+	0.19889	delta_sum_err	131	A	AGAAA	ok	False
chr2	13382078	13382079	+	0.11367	delta_sum_err	64	A	AGATT	ok	False
chr2	13382694	13382695	+	0.17648	delta_sum_err	61	A	ATATT	ok	False
chr2	13382708	13382709	+	0.13235	delta_sum_err	70	A	GGATA	ok	False
chr2	13382754	13382755	+	0.11765	delta_sum_err	57	A	CCAAA	ok	False
chr2	13382840	13382841	+	0.11509	delta_sum_err	64	A	GGAAA	ok	False
chr2	13383230	13383231	+	0.14132	delta_sum_err	76	A	CCAAC	ok	False
chr2	13383330	13383331	+	0.15066	delta_sum_err	53	A	TAATA	ok	False
chr2	13383350	13383351	+	0.23277	delta_sum_err	78	A	GCATA	ok	False
chr2	13383417	13383418	+	0.21245	delta_sum_err	44	A	CTAAA	ok	False
chr2	13412197	13412198	+	0.13782	delta_sum_err	222	A	TCATT	ok	False
chr2	13412955	13412956	+	0.11608	delta_sum_err	179	A	GCATA	ok	False
chr2	13413108	13413109	+	0.18939	delta_sum_err	231	A	GAACC	ok	True
chr2	13413154	13413155	+	0.18616	delta_sum_err	195	A	CTACA	ok	False
chr2	13413156	13413157	+	0.1471	delta_sum_err	209	A	ACACT	ok	False
chr2	13413168	13413169	+	0.12381	delta_sum_err	172	A	GCAAA	ok	False
chr2	13413172	13413173	+	0.12848	delta_sum_err	163	A	ATAAA	ok	False
chr2	13413176	13413177	+	0.21379	delta_sum_err	136	A	ACAAA	ok	False
chr2	13451274	13451275	+	0.13807	delta_sum_err	244	A	CCATG	ok	False
chr2	13451734	13451735	+	0.32269	delta_sum_err	245	A	TGACA	ok	True
chr2	13451736	13451737	+	0.17744	delta_sum_err	267	A	ACACT	ok	False
chr2	13451766	13451767	+	0.12493	delta_sum_err	247	A	CAAGC	ok	False
chr2	13451769	13451770	+	0.48629	delta_sum_err	232	A	GCAGA	ok	False
chr2	13451773	13451774	+	0.20436	delta_sum_err	288	A	ACAAG	ok	False
chr2	13497305	13497306	+	0.15875	delta_sum_err	46	A	GAAAA	ok	False
chr2	13497731	13497732	+	0.1283	delta_sum_err	76	A	CCACC	ok	False
chr2	13497747	13497748	+	0.11877	delta_sum_err	61	A	CTATA	ok	False
chr2	13497832	13497833	+	0.13885	delta_sum_err	89	A	TTACC	ok	False
chr2	13499185	13499186	+	0.14671	delta_sum_err	92	A	ATAGG	ok	False
chr2	13499195	13499196	+	0.13355	delta_sum_err	95	A	TGATT	ok	False
chr2	13499274	13499275	+	0.2	delta_sum_err	77	A	CGAAT	ok	False
chr2	13499451	13499452	+	0.12415	delta_sum_err	86	A	TTACA	ok	False
chr2	13499935	13499936	+	0.12727	delta_sum_err	86	A	CGAAA	ok	False
chr2	13518515	13518516	+	0.1424	delta_sum_err	63	A	CCACA	ok	False
chr2	13519098	13519099	+	0.11773	delta_sum_err	64	A	TCACT	ok	False
chr2	13519141	13519142	+	0.14166	delta_sum_err	57	A	CGAAG	ok	False
chr2	13519142	13519143	+	0.11542	delta_sum_err	71	A	GAAGG	ok	False
chr2	13519146	13519147	+	0.11667	delta_sum_err	71	A	GCACC	ok	False
chr2	13519688	13519689	+	0.17983	delta_sum_err	76	A	CCAAA	ok	False
chr2	13528324	13528325	+	0.41264	delta_sum_err	33	A	TCAAA	ok	False
chr2	13528325	13528326	+	0.37096	delta_sum_err	43	A	CAAAG	ok	False
chr2	13528326	13528327	+	0.38441	delta_sum_err	47	A	AAAGA	ok	False
chr2	13528330	13528331	+	0.25	delta_sum_err	46	A	ACAGA	ok	False
chr2	13528340	13528341	+	0.15322	delta_sum_err	42	A	AGACT	ok	True
chr2	13528374	13528375	+	0.33668	delta_sum_err	22	A	TGAAA	ok	False
chr2	13644541	13644542	+	0.14235	delta_sum_err	36	A	TCACA	ok	False
chr2	13645007	13645008	+	0.14559	delta_sum_err	65	A	ATATT	ok	False
chr2	13645014	13645015	+	0.20714	delta_sum_err	61	A	CCAGA	ok	False
chr2	13645039	13645040	+	0.12143	delta_sum_err	48	A	CCAGA	ok	False
chr2	13645653	13645654	+	0.13499	delta_sum_err	67	A	ATAAA	ok	False
chr2	13659067	13659068	+	0.1471	delta_sum_err	51	A	ATATT	ok	False
chr2	13659445	13659446	+	0.15499	delta_sum_err	61	A	TCAAG	ok	False
chr2	13659746	13659747	+	0.12045	delta_sum_err	58	A	AAACA	ok	True
chr2	13659989	13659990	+	0.15904	delta_sum_err	77	A	CAAAT	ok	False
chr2	13659990	13659991	+	0.14192	delta_sum_err	77	A	AAATT	ok	False
chr2	13660003	13660004	+	0.11524	delta_sum_err	67	A	TCAAC	ok	False
chr2	13660213	13660214	+	0.11539	delta_sum_err	78	A	TTACC	ok	False
chr2	13660707	13660708	+	0.13789	delta_sum_err	67	A	GTATG	ok	False
chr2	13851676	13851677	+	0.14945	delta_sum_err	67	A	ATACA	ok	False
chr2	13851765	13851766	+	0.1723	delta_sum_err	91	A	GCAAA	ok	False
chr2	13851802	13851803	+	0.14016	delta_sum_err	91	A	TTACA	ok	False
chr2	13851925	13851926	+	0.13623	delta_sum_err	73	A	TTATA	ok	False
chr2	13851974	13851975	+	0.21185	delta_sum_err	98	A	TTAGA	ok	False
chr2	13852054	13852055	+	0.1551	delta_sum_err	91	A	TAATA	ok	False
chr2	14066531	14066532	+	0.18452	delta_sum_err	90	A	CCACC	ok	False
chr2	14067396	14067397	+	0.11846	delta_sum_err	118	A	TGAGT	ok	False
chr2	14067403	14067404	+	0.20646	delta_sum_err	90	A	TTAAA	ok	False
chr2	14067418	14067419	+	0.11765	delta_sum_err	105	A	GTATC	ok	False
chr2	14079059	14079060	+	0.12135	delta_sum_err	165	A	GGATT	ok	False
chr2	14079985	14079986	+	0.16985	delta_sum_err	184	A	GAACC	ok	True
chr2	14080024	14080025	+	0.15947	delta_sum_err	170	A	ATAAG	ok	False
chr2	14080025	14080026	+	0.12257	delta_sum_err	176	A	TAAGA	ok	False
chr2	14080038	14080039	+	0.15655	delta_sum_err	150	A	ACATA	ok	False
chr2	14080040	14080041	+	0.13603	delta_sum_err	142	A	ATACA	ok	False
chr2	14162731	14162732	+	0.11957	delta_sum_err	90	A	CAATG	ok	False
chr2	14164715	14164716	+	0.11764	delta_sum_err	103	A	AGAAA	ok	False
chr2	14164828	14164829	+	0.11448	delta_sum_err	104	A	CCACA	ok	False
chr2	14164950	14164951	+	0.14027	delta_sum_err	81	A	TCACT	ok	False
chr2	14173615	14173616	+	0.14645	delta_sum_err	190	A	CCAAA	ok	False
chr2	14174439	14174440	+	0.17703	delta_sum_err	347	A	GTACA	ok	False
chr2	14174494	14174495	+	0.49619	delta_sum_err	394	A	TCAGA	ok	False
chr2	14174496	14174497	+	0.15925	delta_sum_err	361	A	AGACA	ok	True
chr2	14174510	14174511	+	0.20452	delta_sum_err	393	A	AAAGA	ok	False
chr2	14174512	14174513	+	0.13222	delta_sum_err	349	A	AGACT	ok	True
chr2	14462175	14462176	+	0.11963	delta_sum_err	74	A	CCACT	ok	False
chr2	14462775	14462776	+	0.11667	delta_sum_err	99	A	GCAGT	ok	False
chr2	14463355	14463356	+	0.14081	delta_sum_err	73	A	CCAAC	ok	False
chr2	14463358	14463359	+	0.13354	delta_sum_err	92	A	ACATT	ok	False
chr2	14464243	14464244	+	0.16653	delta_sum_err	118	A	CTAAA	ok	False
chr2	14464369	14464370	+	0.12344	delta_sum_err	130	A	AAACT	ok	True
chr2	14464393	14464394	+	0.11838	delta_sum_err	116	A	ATACA	ok	False
chr2	14464645	14464646	+	0.12993	delta_sum_err	113	A	CCACC	ok	False
chr2	14464656	14464657	+	0.18343	delta_sum_err	143	A	ACAGA	ok	False
chr2	14464682	14464683	+	0.26626	delta_sum_err	139	A	TTAGA	ok	False
chr2	14464746	14464747	+	0.15971	delta_sum_err	120	A	TTACT	ok	False
chr2	14464760	14464761	+	0.13264	delta_sum_err	76	A	TTAAA	ok	False
chr2	14464764	14464765	+	0.18685	delta_sum_err	135	A	AAAAC	ok	False
chr2	14464776	14464777	+	0.59151	delta_sum_err	132	A	ATAGA	ok	False
chr2	14530725	14530726	+	0.14241	delta_sum_err	246	A	GGACA	ok	True
chr2	14530758	14530759	+	0.18975	delta_sum_err	294	A	TCAAA	ok	False
chr2	14530759	14530760	+	0.2005	delta_sum_err	302	A	CAAAC	ok	False
chr2	14530760	14530761	+	0.15027	delta_sum_err	297	A	AAACC	ok	True
chr2	14530789	14530790	+	0.1431	delta_sum_err	271	A	ACAAC	ok	False
chr2	14530801	14530802	+	0.2025	delta_sum_err	222	A	TTACA	ok	False
chr2	14530803	14530804	+	0.31393	delta_sum_err	271	A	ACATA	ok	False
chr2	14530805	14530806	+	0.41508	delta_sum_err	284	A	ATAGA	ok	False
chr2	14562303	14562304	+	0.12711	delta_sum_err	104	A	TTATA	ok	False
chr2	14562709	14562710	+	0.17394	delta_sum_err	94	A	ATATA	ok	False
chr2	14562726	14562727	+	0.21228	delta_sum_err	111	A	CTAGA	ok	False
chr2	14562802	14562803	+	0.133	delta_sum_err	80	A	ATAAA	ok	False
chr2	14577287	14577288	+	0.16557	delta_sum_err	65	A	CCAAC	ok	False
chr2	14577297	14577298	+	0.16506	delta_sum_err	80	A	TCAAA	ok	False
chr2	14577298	14577299	+	0.11403	delta_sum_err	85	A	CAAAA	ok	False
chr2	14577332	14577333	+	0.14257	delta_sum_err	82	A	GTAGC	ok	False
chr2	14577633	14577634	+	0.1143	delta_sum_err	76	A	AGAAA	ok	False
chr2	14577902	14577903	+	0.13704	delta_sum_err	84	A	ATAGG	ok	False
chr2	14578005	14578006	+	0.13739	delta_sum_err	114	A	TGAGT	ok	False
chr2	14708373	14708374	+	0.20246	delta_sum_err	48	A	TGAAA	ok	False
chr2	14708524	14708525	+	0.11764	delta_sum_err	194	A	CCAAA	ok	False
chr2	14709528	14709529	+	0.12704	delta_sum_err	185	A	TCAAC	ok	False
chr2	14709726	14709727	+	0.19398	delta_sum_err	213	A	ACAAA	ok	False
chr2	14710081	14710082	+	0.13173	delta_sum_err	209	A	AAATT	ok	False
chr2	14710088	14710089	+	0.13779	delta_sum_err	149	A	ATAAA	ok	False
chr2	14710097	14710098	+	0.20903	delta_sum_err	152	A	AAACT	ok	True
chr2	14710115	14710116	+	0.24148	delta_sum_err	128	A	ATACA	ok	False
chr2	14710117	14710118	+	0.54075	delta_sum_err	136	A	ACAGA	ok	False
chr2	14710122	14710123	+	0.33234	delta_sum_err	123	A	CTAGA	ok	False
chr2	14849584	14849585	+	0.15299	delta_sum_err	135	A	TCACC	ok	False
chr2	14892118	14892119	+	0.12271	delta_sum_err	597	A	ATACA	ok	False
chr2	14981073	14981074	+	0.14724	delta_sum_err	50	A	GCAAA	ok	False
chr2	14981473	14981474	+	0.26732	delta_sum_err	60	A	TTACA	ok	False
chr2	14981950	14981951	+	0.14571	delta_sum_err	69	A	ATAAA	ok	False
chr2	14981967	14981968	+	0.11881	delta_sum_err	98	A	CAAAC	ok	False
chr2	14981970	14981971	+	0.1191	delta_sum_err	92	A	ACATC	ok	False
chr2	15052715	15052716	+	0.13026	delta_sum_err	144	A	TCACA	ok	False
chr2	15052862	15052863	+	0.12485	delta_sum_err	157	A	ACATT	ok	False
chr2	15053206	15053207	+	0.12229	delta_sum_err	193	A	ATATA	ok	False
chr2	15053261	15053262	+	0.11686	delta_sum_err	178	A	AAATA	ok	False
chr2	15055609	15055610	+	0.16188	delta_sum_err	108	A	AAATT	ok	False
chr2	15055718	15055719	+	0.16613	delta_sum_err	95	A	GTACA	ok	False
chr2	15055749	15055750	+	0.13177	delta_sum_err	103	A	TGAAG	ok	False
chr2	15055750	15055751	+	0.16748	delta_sum_err	106	A	GAAGG	ok	False
chr2	15055840	15055841	+	0.18885	delta_sum_err	107	A	TTAAA	ok	False
chr2	15055881	15055882	+	0.40705	delta_sum_err	64	A	ATAAA	ok	False
chr2	15118479	15118480	+	0.16129	delta_sum_err	25	A	TGAAC	ok	False
chr2	15118490	15118491	+	0.16129	delta_sum_err	28	A	TCAAG	ok	False
chr2	15166111	15166112	+	0.13298	delta_sum_err	82	A	GGAGG	ok	False
chr2	15166389	15166390	+	0.14971	delta_sum_err	115	A	GTACC	ok	False
chr2	15168722	15168723	+	0.13333	delta_sum_err	95	A	GCAAA	ok	False
chr2	15169341	15169342	+	0.11595	delta_sum_err	104	A	CAAAA	ok	False
chr2	15169371	15169372	+	0.11812	delta_sum_err	105	A	ATAAA	ok	False
chr2	15169462	15169463	+	0.25361	delta_sum_err	75	A	TGAGA	ok	False
chr2	15169464	15169465	+	0.17392	delta_sum_err	84	A	AGACA	ok	True
chr2	15169472	15169473	+	0.1715	delta_sum_err	72	A	TCACT	ok	False
chr2	15171216	15171217	+	0.12528	delta_sum_err	417	A	TGAAC	ok	False
chr2	15171260	15171261	+	0.26327	delta_sum_err	341	A	TTAAC	ok	False
chr2	15172191	15172192	+	0.11919	delta_sum_err	318	A	TCACC	ok	False
chr2	15172370	15172371	+	0.17782	delta_sum_err	242	A	GGAAA	ok	False
chr2	15173096	15173097	+	0.18562	delta_sum_err	289	A	AGAAA	ok	False
chr2	15173097	15173098	+	0.17525	delta_sum_err	322	A	GAAAG	ok	False
chr2	15173098	15173099	+	0.35181	delta_sum_err	354	A	AAAGA	ok	False
chr2	15173117	15173118	+	0.28632	delta_sum_err	306	A	TGACA	ok	True
chr2	15173119	15173120	+	0.19122	delta_sum_err	334	A	ACACA	ok	False
chr2	15229441	15229442	+	0.13851	delta_sum_err	90	A	ACAAC	ok	False
chr2	15229702	15229703	+	0.12078	delta_sum_err	94	A	GTAGG	ok	False
chr2	15230073	15230074	+	0.12779	delta_sum_err	35	A	GTAAA	ok	False
chr2	1528076	1528077	+	0.17725	delta_sum_err	257	A	CCACT	ok	False
chr2	1528266	1528267	+	0.15928	delta_sum_err	280	A	GCAGT	ok	False
chr2	1528378	1528379	+	0.25351	delta_sum_err	289	A	AAAGA	ok	False
chr2	1528420	1528421	+	0.12228	delta_sum_err	254	A	TAAAC	ok	False
chr2	1528431	1528432	+	0.39511	delta_sum_err	208	A	TGAGA	ok	False
chr2	15592683	15592684	+	0.12523	delta_sum_err	97	A	GCAAA	ok	False
chr2	15593507	15593508	+	0.17992	delta_sum_err	113	A	TGAAC	ok	False
chr2	15593764	15593765	+	0.14	delta_sum_err	97	A	TAATA	ok	False
chr2	15593905	15593906	+	0.16705	delta_sum_err	23	A	CGAAA	ok	False
chr2	15593906	15593907	+	0.23927	delta_sum_err	71	A	GAAAA	ok	False
chr2	15617731	15617732	+	0.13491	delta_sum_err	102	A	ACAAA	ok	False
chr2	15617739	15617740	+	0.15534	delta_sum_err	135	A	AAACA	ok	True
chr2	15617749	15617750	+	0.14007	delta_sum_err	160	A	TTAGA	ok	False
chr2	15619122	15619123	+	0.12315	delta_sum_err	170	A	CGAGA	ok	False
chr2	15739505	15739506	+	0.12055	delta_sum_err	37	A	GCAAG	ok	False
chr2	15739605	15739606	+	0.1321	delta_sum_err	38	A	ACATT	ok	False
chr2	15739644	15739645	+	0.14286	delta_sum_err	37	A	AAATC	ok	False
chr2	15739717	15739718	+	0.56774	delta_sum_err	26	A	TGACA	ok	True
chr2	15832205	15832206	+	0.15324	delta_sum_err	90	A	ATATC	ok	False
chr2	15832209	15832210	+	0.14022	delta_sum_err	95	A	CGACT	ok	False
chr2	15832762	15832763	+	0.1465	delta_sum_err	92	A	TTACA	ok	False
chr2	15833025	15833026	+	0.12825	delta_sum_err	97	A	TTACA	ok	False
chr2	15833686	15833687	+	0.2128	delta_sum_err	106	A	GCATG	ok	False
chr2	15833775	15833776	+	0.14576	delta_sum_err	99	A	ATAAA	ok	False
chr2	15833776	15833777	+	0.2658	delta_sum_err	101	A	TAAAC	ok	False
chr2	15833777	15833778	+	0.12009	delta_sum_err	112	A	AAACC	ok	True
chr2	15833783	15833784	+	0.31551	delta_sum_err	82	A	TTAAG	ok	False
chr2	15833784	15833785	+	0.23736	delta_sum_err	106	A	TAAGG	ok	False
chr2	15833787	15833788	+	0.47392	delta_sum_err	62	A	GGACA	ok	True
chr2	15833789	15833790	+	0.32971	delta_sum_err	100	A	ACATT	ok	False
chr2	15833834	15833835	+	0.15864	delta_sum_err	58	A	AGAAA	ok	False
chr2	15833843	15833844	+	0.15263	delta_sum_err	64	A	TAAAC	ok	False
chr2	15835159	15835160	+	0.16413	delta_sum_err	29	A	TCACA	ok	False
chr2	15835480	15835481	+	0.1223	delta_sum_err	29	A	TCACC	ok	False
chr2	15835486	15835487	+	0.11765	delta_sum_err	31	A	CCAAA	ok	False
chr2	15835601	15835602	+	0.12745	delta_sum_err	33	A	TCAAG	ok	False
chr2	15835894	15835895	+	0.11966	delta_sum_err	31	A	ATAAA	ok	False
chr2	15835954	15835955	+	0.11666	delta_sum_err	35	A	ACATG	ok	False
chr2	15836115	15836116	+	0.14451	delta_sum_err	36	A	ACAAG	ok	False
chr2	15836288	15836289	+	0.13203	delta_sum_err	37	A	ATACT	ok	False
chr2	15836305	15836306	+	0.13961	delta_sum_err	26	A	GGAAA	ok	False
chr2	15836389	15836390	+	0.13933	delta_sum_err	43	A	TGAAG	ok	False
chr2	15836440	15836441	+	0.12233	delta_sum_err	43	A	TTACA	ok	False
chr2	15836442	15836443	+	0.12234	delta_sum_err	41	A	ACATG	ok	False
chr2	15836584	15836585	+	0.12777	delta_sum_err	41	A	TCACT	ok	False
chr2	15836603	15836604	+	0.18388	delta_sum_err	39	A	TCATG	ok	False
chr2	15836621	15836622	+	0.13442	delta_sum_err	47	A	TTACA	ok	False
chr2	15836757	15836758	+	0.11637	delta_sum_err	36	A	GAAAA	ok	False
chr2	15836758	15836759	+	0.14199	delta_sum_err	41	A	AAAAA	ok	False
chr2	15836760	15836761	+	0.16667	delta_sum_err	46	A	AAAAC	ok	False
chr2	15891110	15891111	+	0.11764	delta_sum_err	73	A	CTAAA	ok	False
chr2	15891145	15891146	+	0.15273	delta_sum_err	46	A	CCACC	ok	False
chr2	15891296	15891297	+	0.17766	delta_sum_err	82	A	TCACT	ok	False
chr2	15891399	15891400	+	0.14601	delta_sum_err	90	A	AGAAG	ok	False
chr2	15891664	15891665	+	0.1247	delta_sum_err	108	A	CCACC	ok	False
chr2	15891830	15891831	+	0.30512	delta_sum_err	88	A	ATAAA	ok	False
chr2	15981345	15981346	+	0.1421	delta_sum_err	465	A	GCAAA	ok	False
chr2	15981415	15981416	+	0.11507	delta_sum_err	565	A	CGAGA	ok	False
chr2	15981528	15981529	+	0.1732	delta_sum_err	541	A	CTACG	ok	False
chr2	15981531	15981532	+	0.15821	delta_sum_err	496	A	CGACT	ok	False
chr2	15981545	15981546	+	0.21269	delta_sum_err	156	A	TTAAA	ok	False
chr2	15981546	15981547	+	0.18693	delta_sum_err	432	A	TAAAA	ok	False
chr2	16011957	16011958	+	0.11883	delta_sum_err	528	A	CCATG	ok	False
chr2	16012515	16012516	+	0.127	delta_sum_err	69	A	GGAGT	ok	False
chr2	16012537	16012538	+	0.16229	delta_sum_err	85	A	CCAAC	ok	False
chr2	16050482	16050483	+	0.25806	delta_sum_err	37	A	ACAAG	ok	False
chr2	16050483	16050484	+	0.23104	delta_sum_err	37	A	CAAGC	ok	False
chr2	16050983	16050984	+	0.12878	delta_sum_err	27	A	ACATT	ok	False
chr2	16076822	16076823	+	0.15637	delta_sum_err	57	A	GCATC	ok	False
chr2	16076844	16076845	+	0.16677	delta_sum_err	54	A	CCACA	ok	False
chr2	16077195	16077196	+	0.16383	delta_sum_err	35	A	TTAAA	ok	False
chr2	16077904	16077905	+	0.13846	delta_sum_err	63	A	CTACA	ok	False
chr2	16077920	16077921	+	0.13078	delta_sum_err	35	A	ACAAA	ok	False
chr2	16077921	16077922	+	0.13557	delta_sum_err	47	A	CAAAC	ok	False
chr2	16078057	16078058	+	0.12219	delta_sum_err	67	A	CAACC	ok	False
chr2	16078065	16078066	+	0.14367	delta_sum_err	70	A	GTAAT	ok	False
chr2	16078093	16078094	+	0.12852	delta_sum_err	67	A	CCAGG	ok	False
chr2	16078179	16078180	+	0.165	delta_sum_err	62	A	TCATT	ok	False
chr2	16128623	16128624	+	0.17241	delta_sum_err	124	A	CCACT	ok	False
chr2	16128816	16128817	+	0.15002	delta_sum_err	125	A	CCAAC	ok	False
chr2	16292449	16292450	+	0.12182	delta_sum_err	328	A	ACATG	ok	False
chr2	16293807	16293808	+	0.13752	delta_sum_err	261	A	GAAAA	ok	False
chr2	16293808	16293809	+	0.13094	delta_sum_err	302	A	AAAAA	ok	False
chr2	16295892	16295893	+	0.16426	delta_sum_err	32	A	ATAGG	ok	False
chr2	16296013	16296014	+	0.125	delta_sum_err	35	A	TGAGC	ok	False
chr2	16296200	16296201	+	0.16279	delta_sum_err	39	A	GCAAG	ok	False
chr2	16296233	16296234	+	0.11905	delta_sum_err	39	A	GAATT	ok	False
chr2	1645539	1645540	+	0.1945	delta_sum_err	59	A	CAACA	ok	False
chr2	1645586	1645587	+	0.20989	delta_sum_err	48	A	TCACT	ok	False
chr2	1645620	1645621	+	0.13859	delta_sum_err	62	A	GTACA	ok	False
chr2	1645765	1645766	+	0.11384	delta_sum_err	64	A	GGAAG	ok	False
chr2	1645925	1645926	+	0.12519	delta_sum_err	75	A	GGATC	ok	False
chr2	1645965	1645966	+	0.12214	delta_sum_err	62	A	ATATT	ok	False
chr2	1646002	1646003	+	0.12777	delta_sum_err	63	A	TCACT	ok	False
chr2	1646181	1646182	+	0.1419	delta_sum_err	68	A	TAACT	ok	True
chr2	1646185	1646186	+	0.3018	delta_sum_err	68	A	TCACA	ok	False
chr2	1646187	1646188	+	0.15241	delta_sum_err	53	A	ACAAG	ok	False
chr2	1646220	1646221	+	0.1895	delta_sum_err	51	A	GTATA	ok	False
chr2	1646230	1646231	+	0.1503	delta_sum_err	62	A	TGAAC	ok	False
chr2	1646264	1646265	+	0.13961	delta_sum_err	66	A	TAACT	ok	True
chr2	1646278	1646279	+	0.39663	delta_sum_err	47	A	GGACC	ok	True
chr2	1646281	1646282	+	0.16975	delta_sum_err	60	A	CCATA	ok	False
chr2	1646286	1646287	+	0.17059	delta_sum_err	72	A	ATAGA	ok	False
chr2	1646826	1646827	+	0.11547	delta_sum_err	52	A	GGAAA	ok	False
chr2	1646870	1646871	+	0.11489	delta_sum_err	86	A	GCATA	ok	False
chr2	1647442	1647443	+	0.16705	delta_sum_err	172	A	GCATA	ok	False
chr2	16475926	16475927	+	0.22792	delta_sum_err	712	A	ATAAA	ok	False
chr2	16475927	16475928	+	0.21831	delta_sum_err	905	A	TAAAG	ok	False
chr2	16475928	16475929	+	0.31289	delta_sum_err	928	A	AAAGA	ok	False
chr2	16475971	16475972	+	0.13323	delta_sum_err	644	A	TTAAG	ok	False
chr2	16475972	16475973	+	0.1274	delta_sum_err	800	A	TAAGA	ok	False
chr2	16476019	16476020	+	0.35307	delta_sum_err	354	A	CAAAA	ok	False
chr2	16476034	16476035	+	0.11391	delta_sum_err	745	A	ATACA	ok	False
chr2	16476848	16476849	+	0.14619	delta_sum_err	140	A	CCAAA	ok	False
chr2	16477706	16477707	+	0.16529	delta_sum_err	237	A	AAAAC	ok	False
chr2	16477720	16477721	+	0.11797	delta_sum_err	216	A	ATAAC	ok	False
chr2	1648429	1648430	+	0.11965	delta_sum_err	204	A	GTACA	ok	False
chr2	1648431	1648432	+	0.15385	delta_sum_err	194	A	ACATT	ok	False
chr2	1648437	1648438	+	0.15617	delta_sum_err	205	A	ATACC	ok	False
chr2	1648467	1648468	+	0.17341	delta_sum_err	189	A	ACAAC	ok	False
chr2	1648468	1648469	+	0.18329	delta_sum_err	162	A	CAACT	ok	False
chr2	1648482	1648483	+	0.16147	delta_sum_err	200	A	TTAAG	ok	False
chr2	1648483	1648484	+	0.1888	delta_sum_err	223	A	TAAGA	ok	False
chr2	16509069	16509070	+	0.14847	delta_sum_err	78	A	TCAGG	ok	False
chr2	16509094	16509095	+	0.17434	delta_sum_err	61	A	CCACG	ok	False
chr2	16509222	16509223	+	0.12115	delta_sum_err	80	A	GCATA	ok	False
chr2	16509256	16509257	+	0.17093	delta_sum_err	71	A	ATAGG	ok	False
chr2	16509463	16509464	+	0.1303	delta_sum_err	72	A	TCACA	ok	False
chr2	16509465	16509466	+	0.1697	delta_sum_err	80	A	ACACT	ok	False
chr2	16509917	16509918	+	0.11975	delta_sum_err	78	A	TAACC	ok	True
chr2	16589905	16589906	+	0.125	delta_sum_err	62	A	TGATT	ok	False
chr2	16589923	16589924	+	0.13589	delta_sum_err	63	A	TTAAA	ok	False
chr2	16589927	16589928	+	0.27698	delta_sum_err	41	A	AGAAA	ok	False
chr2	16589968	16589969	+	0.14063	delta_sum_err	56	A	CCATA	ok	False
chr2	16589977	16589978	+	0.12501	delta_sum_err	63	A	TAACA	ok	True
chr2	16589979	16589980	+	0.1875	delta_sum_err	62	A	ACAAA	ok	False
chr2	16590238	16590239	+	0.16304	delta_sum_err	43	A	CGAAA	ok	False
chr2	16590263	16590264	+	0.15942	delta_sum_err	62	A	GCAGC	ok	False
chr2	16590407	16590408	+	0.125	delta_sum_err	71	A	ATAGT	ok	False
chr2	16590612	16590613	+	0.17368	delta_sum_err	73	A	CCAGG	ok	False
chr2	16590793	16590794	+	0.17746	delta_sum_err	66	A	TCAAC	ok	False
chr2	16590845	16590846	+	0.28968	delta_sum_err	38	A	TCAAA	ok	False
chr2	16590855	16590856	+	0.11865	delta_sum_err	55	A	GTATA	ok	False
chr2	16592096	16592097	+	0.13419	delta_sum_err	89	A	CGAGG	ok	False
chr2	16592531	16592532	+	0.20486	delta_sum_err	66	A	TTACC	ok	False
chr2	16592540	16592541	+	0.13684	delta_sum_err	89	A	TTAAT	ok	False
chr2	16592547	16592548	+	0.11579	delta_sum_err	90	A	CTACT	ok	False
chr2	16592556	16592557	+	0.11931	delta_sum_err	52	A	GCATA	ok	False
chr2	16592871	16592872	+	0.11465	delta_sum_err	56	A	TGAAA	ok	False
chr2	16592919	16592920	+	0.1185	delta_sum_err	90	A	TCATA	ok	False
chr2	16593282	16593283	+	0.22277	delta_sum_err	83	A	TCACA	ok	False
chr2	16593298	16593299	+	0.20934	delta_sum_err	94	A	CTAGA	ok	False
chr2	16593520	16593521	+	0.12993	delta_sum_err	88	A	GGAAA	ok	False
chr2	16593547	16593548	+	0.12135	delta_sum_err	101	A	TGAGA	ok	False
chr2	16593558	16593559	+	0.14323	delta_sum_err	95	A	ACATA	ok	False
chr2	16593560	16593561	+	0.13937	delta_sum_err	86	A	ATACA	ok	False
chr2	16593579	16593580	+	0.13765	delta_sum_err	95	A	TAACT	ok	True
chr2	16593599	16593600	+	0.29221	delta_sum_err	82	A	ATAAA	ok	False
chr2	16593600	16593601	+	0.28637	delta_sum_err	100	A	TAAAG	ok	False
chr2	16727895	16727896	+	0.27041	delta_sum_err	104	A	CCACC	ok	False
chr2	16727903	16727904	+	0.16297	delta_sum_err	101	A	TCACC	ok	False
chr2	16727977	16727978	+	0.12947	delta_sum_err	72	A	CCACT	ok	False
chr2	16728073	16728074	+	0.25343	delta_sum_err	72	A	ATAAA	ok	False
chr2	16728075	16728076	+	0.17121	delta_sum_err	115	A	AAACA	ok	True
chr2	16912907	16912908	+	0.11615	delta_sum_err	68	A	ACAAC	ok	False
chr2	16913534	16913535	+	0.11438	delta_sum_err	74	A	GAACT	ok	True
chr2	16913844	16913845	+	0.13104	delta_sum_err	83	A	CCATG	ok	False
chr2	16914019	16914020	+	0.1643	delta_sum_err	73	A	CGACA	ok	False
chr2	16914045	16914046	+	0.15056	delta_sum_err	86	A	TCATC	ok	False
chr2	16914350	16914351	+	0.13611	delta_sum_err	71	A	TCACA	ok	False
chr2	16914352	16914353	+	0.13354	delta_sum_err	81	A	ACACA	ok	False
chr2	16914358	16914359	+	0.17075	delta_sum_err	61	A	ATAAA	ok	False
chr2	16915091	16915092	+	0.18671	delta_sum_err	91	A	TTAAC	ok	False
chr2	16915110	16915111	+	0.52382	delta_sum_err	105	A	GTAGA	ok	False
chr2	16915112	16915113	+	0.14607	delta_sum_err	72	A	AGACT	ok	True
chr2	16915124	16915125	+	0.11581	delta_sum_err	98	A	AGAAA	ok	False
chr2	16915154	16915155	+	0.18039	delta_sum_err	74	A	TCATA	ok	False
chr2	16919071	16919072	+	0.12778	delta_sum_err	248	A	ATACT	ok	False
chr2	16919716	16919717	+	0.1565	delta_sum_err	278	A	GGATC	ok	False
chr2	16919731	16919732	+	0.19853	delta_sum_err	264	A	TCAAA	ok	False
chr2	16919732	16919733	+	0.22344	delta_sum_err	278	A	CAAAC	ok	False
chr2	17012402	17012403	+	0.12062	delta_sum_err	180	A	CCATC	ok	False
chr2	17012415	17012416	+	0.18033	delta_sum_err	206	A	CCAAG	ok	False
chr2	17013051	17013052	+	0.15604	delta_sum_err	156	A	TCATT	ok	False
chr2	17013241	17013242	+	0.12292	delta_sum_err	200	A	ACAAA	ok	False
chr2	17058016	17058017	+	0.1714	delta_sum_err	134	A	CTAAA	ok	False
chr2	17136009	17136010	+	0.11469	delta_sum_err	137	A	TTACC	ok	False
chr2	17138121	17138122	+	0.11769	delta_sum_err	25	A	CAAAA	ok	False
chr2	17138483	17138484	+	0.1352	delta_sum_err	51	A	TCACA	ok	False
chr2	17138882	17138883	+	0.11925	delta_sum_err	49	A	TCACT	ok	False
chr2	17138894	17138895	+	0.11439	delta_sum_err	67	A	AGATC	ok	False
chr2	17139070	17139071	+	0.13798	delta_sum_err	59	A	GTACT	ok	False
chr2	17139434	17139435	+	0.14879	delta_sum_err	68	A	ATAGG	ok	False
chr2	17140989	17140990	+	0.17957	delta_sum_err	71	A	TGAGG	ok	False
chr2	17141186	17141187	+	0.11348	delta_sum_err	96	A	CTAAG	ok	False
chr2	17141187	17141188	+	0.13488	delta_sum_err	101	A	TAAGT	ok	False
chr2	17141290	17141291	+	0.16199	delta_sum_err	103	A	TCATT	ok	False
chr2	17141314	17141315	+	0.25906	delta_sum_err	71	A	TTAAA	ok	False
chr2	17141318	17141319	+	0.2809	delta_sum_err	100	A	AAAGA	ok	False
chr2	17141320	17141321	+	0.20454	delta_sum_err	93	A	AGACA	ok	True
chr2	1722671	1722672	+	0.15663	delta_sum_err	71	A	GTATG	ok	False
chr2	1722841	1722842	+	0.2252	delta_sum_err	77	A	TCACT	ok	False
chr2	1722858	1722859	+	0.25714	delta_sum_err	74	A	TCACA	ok	False
chr2	1723604	1723605	+	0.1505	delta_sum_err	77	A	CTAAA	ok	False
chr2	1723657	1723658	+	0.17929	delta_sum_err	60	A	ACATA	ok	False
chr2	1723659	1723660	+	0.11364	delta_sum_err	82	A	ATATG	ok	False
chr2	1723662	1723663	+	0.18433	delta_sum_err	69	A	TGAAC	ok	False
chr2	1723720	1723721	+	0.17786	delta_sum_err	71	A	ACAAC	ok	False
chr2	1723721	1723722	+	0.12824	delta_sum_err	72	A	CAACC	ok	False
chr2	17270468	17270469	+	0.13136	delta_sum_err	283	A	ACAAA	ok	False
chr2	17364413	17364414	+	0.13357	delta_sum_err	125	A	CTATA	ok	False
chr2	17590638	17590639	+	0.13766	delta_sum_err	239	A	AAATC	ok	False
chr2	17591694	17591695	+	0.14089	delta_sum_err	245	A	ATACT	ok	False
chr2	17591732	17591733	+	0.20261	delta_sum_err	242	A	CGACT	ok	False
chr2	17591777	17591778	+	0.16058	delta_sum_err	220	A	TCAAC	ok	False
chr2	17625688	17625689	+	0.20659	delta_sum_err	137	A	CGAAG	ok	False
chr2	17625691	17625692	+	0.13529	delta_sum_err	154	A	AGACT	ok	True
chr2	17625722	17625723	+	0.2	delta_sum_err	146	A	TGAAC	ok	False
chr2	17625787	17625788	+	0.38093	delta_sum_err	126	A	TTAAC	ok	False
chr2	17775485	17775486	+	0.12132	delta_sum_err	148	A	ACAAG	ok	False
chr2	17775536	17775537	+	0.11521	delta_sum_err	154	A	ACACT	ok	False
chr2	17775878	17775879	+	0.11916	delta_sum_err	166	A	ACAAG	ok	False
chr2	17776095	17776096	+	0.11882	delta_sum_err	161	A	CTAAG	ok	False
chr2	17776211	17776212	+	0.26666	delta_sum_err	90	A	GCAAA	ok	False
chr2	17776212	17776213	+	0.13333	delta_sum_err	163	A	CAAAA	ok	False
chr2	17776213	17776214	+	0.12941	delta_sum_err	171	A	AAAAC	ok	False
chr2	17776214	17776215	+	0.13333	delta_sum_err	170	A	AAACC	ok	True
chr2	17794373	17794374	+	0.12499	delta_sum_err	96	A	TGAGG	ok	False
chr2	17795126	17795127	+	0.11587	delta_sum_err	67	A	GGAAA	ok	False
chr2	17795447	17795448	+	0.15907	delta_sum_err	85	A	TTATA	ok	False
chr2	17795511	17795512	+	0.21006	delta_sum_err	133	A	CTAGA	ok	False
chr2	17795539	17795540	+	0.13987	delta_sum_err	127	A	CGATT	ok	False
chr2	17795551	17795552	+	0.12066	delta_sum_err	102	A	AAAAA	ok	False
chr2	17888470	17888471	+	0.16217	delta_sum_err	37	A	TCAGA	ok	False
chr2	17888494	17888495	+	0.14992	delta_sum_err	29	A	CCAAA	ok	False
chr2	17888742	17888743	+	0.14578	delta_sum_err	38	A	TTAGT	ok	False
chr2	17888747	17888748	+	0.15532	delta_sum_err	26	A	TCACC	ok	False
chr2	17888767	17888768	+	0.13571	delta_sum_err	34	A	TCAAC	ok	False
chr2	17888878	17888879	+	0.11846	delta_sum_err	39	A	CTATC	ok	False
chr2	17888892	17888893	+	0.1338	delta_sum_err	30	A	ATACT	ok	False
chr2	17888896	17888897	+	0.23066	delta_sum_err	23	A	TTAAA	ok	False
chr2	17895267	17895268	+	0.12123	delta_sum_err	279	A	CCAAA	ok	False
chr2	17918986	17918987	+	0.144	delta_sum_err	136	A	CTACA	ok	False
chr2	17919247	17919248	+	0.11436	delta_sum_err	185	A	CGAAT	ok	False
chr2	17920206	17920207	+	0.17254	delta_sum_err	182	A	TCACT	ok	False
chr2	17920261	17920262	+	0.19037	delta_sum_err	222	A	TGAAC	ok	False
chr2	17920286	17920287	+	0.17664	delta_sum_err	174	A	ATATA	ok	False
chr2	17920288	17920289	+	0.2654	delta_sum_err	159	A	ATATG	ok	False
chr2	17920291	17920292	+	0.13904	delta_sum_err	188	A	TGACT	ok	True
chr2	17920691	17920692	+	0.13004	delta_sum_err	79	A	GTATT	ok	False
chr2	17920939	17920940	+	0.13142	delta_sum_err	79	A	ACAAC	ok	False
chr2	17921586	17921587	+	0.12232	delta_sum_err	96	A	ATAAG	ok	False
chr2	17921600	17921601	+	0.15234	delta_sum_err	62	A	GCAAA	ok	False
chr2	18070581	18070582	+	0.18658	delta_sum_err	54	A	TTAAA	ok	False
chr2	18070582	18070583	+	0.12616	delta_sum_err	60	A	TAAAG	ok	False
chr2	18073301	18073302	+	0.15185	delta_sum_err	41	A	GGAAA	ok	False
chr2	18073550	18073551	+	0.11504	delta_sum_err	45	A	TCAAA	ok	False
chr2	18073779	18073780	+	0.13883	delta_sum_err	57	A	CGACT	ok	False
chr2	18120007	18120008	+	0.135	delta_sum_err	65	A	TGAGA	ok	False
chr2	18120011	18120012	+	0.12103	delta_sum_err	54	A	AGAAA	ok	False
chr2	18121394	18121395	+	0.12046	delta_sum_err	108	A	GGAAG	ok	False
chr2	18122366	18122367	+	0.11571	delta_sum_err	128	A	ACAAA	ok	False
chr2	18122431	18122432	+	0.13473	delta_sum_err	170	A	GCAAG	ok	False
chr2	18122470	18122471	+	0.12781	delta_sum_err	146	A	ATACA	ok	False
chr2	18122696	18122697	+	0.38285	delta_sum_err	72	A	TTAAA	ok	False
chr2	18152328	18152329	+	0.11538	delta_sum_err	36	A	GGACA	ok	True
chr2	18152335	18152336	+	0.13682	delta_sum_err	30	A	TCACA	ok	False
chr2	18152380	18152381	+	0.13248	delta_sum_err	31	A	TCAAA	ok	False
chr2	18152398	18152399	+	0.17243	delta_sum_err	27	A	TCACC	ok	False
chr2	18152422	18152423	+	0.14308	delta_sum_err	37	A	TCAAT	ok	False
chr2	18152443	18152444	+	0.12037	delta_sum_err	36	A	CAATC	ok	False
chr2	18152527	18152528	+	0.12393	delta_sum_err	35	A	TTAAA	ok	False
chr2	18152542	18152543	+	0.15151	delta_sum_err	27	A	CGAAA	ok	False
chr2	18152718	18152719	+	0.1141	delta_sum_err	36	A	ATAAA	ok	False
chr2	18152719	18152720	+	0.13078	delta_sum_err	36	A	TAAAC	ok	False
chr2	18152743	18152744	+	0.13846	delta_sum_err	33	A	CCATT	ok	False
chr2	18152771	18152772	+	0.11539	delta_sum_err	38	A	CCAAG	ok	False
chr2	18153089	18153090	+	0.171	delta_sum_err	43	A	TGATC	ok	False
chr2	18153406	18153407	+	0.12962	delta_sum_err	45	A	CAACC	ok	False
chr2	18153544	18153545	+	0.133	delta_sum_err	60	A	CCAAG	ok	False
chr2	18153683	18153684	+	0.135	delta_sum_err	61	A	TGATA	ok	False
chr2	18153846	18153847	+	0.11406	delta_sum_err	40	A	TCAAA	ok	False
chr2	18224350	18224351	+	0.1162	delta_sum_err	69	A	GCACA	ok	False
chr2	18224352	18224353	+	0.11809	delta_sum_err	74	A	ACACC	ok	False
chr2	18224417	18224418	+	0.11988	delta_sum_err	66	A	ACAAA	ok	False
chr2	18224551	18224552	+	0.20463	delta_sum_err	66	A	TCACC	ok	False
chr2	18225221	18225222	+	0.12924	delta_sum_err	76	A	ACACA	ok	False
chr2	18225534	18225535	+	0.15967	delta_sum_err	65	A	GCATA	ok	False
chr2	18225906	18225907	+	0.12694	delta_sum_err	88	A	CCACC	ok	False
chr2	18226013	18226014	+	0.23627	delta_sum_err	78	A	TCAAA	ok	False
chr2	18226014	18226015	+	0.17563	delta_sum_err	95	A	CAAAG	ok	False
chr2	18226023	18226024	+	0.11842	delta_sum_err	76	A	TCAAA	ok	False
chr2	18226055	18226056	+	0.13291	delta_sum_err	79	A	TTAAA	ok	False
chr2	18226996	18226997	+	0.17553	delta_sum_err	184	A	ATAGA	ok	False
chr2	18227118	18227119	+	0.1426	delta_sum_err	135	A	CCAAC	ok	False
chr2	18227137	18227138	+	0.12136	delta_sum_err	196	A	CGATT	ok	False
chr2	18227306	18227307	+	0.11892	delta_sum_err	179	A	TCATG	ok	False
chr2	18227372	18227373	+	0.12466	delta_sum_err	195	A	CGATA	ok	False
chr2	18227792	18227793	+	0.13208	delta_sum_err	146	A	TAATA	ok	False
chr2	18227994	18227995	+	0.13709	delta_sum_err	181	A	ACAAA	ok	False
chr2	18228073	18228074	+	0.21355	delta_sum_err	223	A	AAAGA	ok	False
chr2	18228110	18228111	+	0.553	delta_sum_err	229	A	TCAGA	ok	False
chr2	18228141	18228142	+	0.12402	delta_sum_err	136	A	GGACT	ok	True
chr2	18242877	18242878	+	0.13313	delta_sum_err	72	A	CAACT	ok	False
chr2	18242895	18242896	+	0.17356	delta_sum_err	69	A	TCAAA	ok	False
chr2	18242978	18242979	+	0.11429	delta_sum_err	34	A	CCAAA	ok	False
chr2	18243159	18243160	+	0.11559	delta_sum_err	72	A	TTATT	ok	False
chr2	18243170	18243171	+	0.13699	delta_sum_err	74	A	GCAGT	ok	False
chr2	18243384	18243385	+	0.11998	delta_sum_err	59	A	TCACC	ok	False
chr2	18243750	18243751	+	0.17427	delta_sum_err	64	A	TGAGG	ok	False
chr2	18243803	18243804	+	0.125	delta_sum_err	79	A	CCAAC	ok	False
chr2	18243987	18243988	+	0.16579	delta_sum_err	58	A	GGAAG	ok	False
chr2	18244032	18244033	+	0.15539	delta_sum_err	83	A	CTATT	ok	False
chr2	18244371	18244372	+	0.15261	delta_sum_err	76	A	ATATT	ok	False
chr2	18244375	18244376	+	0.18675	delta_sum_err	68	A	TCACA	ok	False
chr2	18244379	18244380	+	0.17615	delta_sum_err	85	A	ACAAC	ok	False
chr2	18244901	18244902	+	0.12474	delta_sum_err	74	A	TCACC	ok	False
chr2	18244954	18244955	+	0.31036	delta_sum_err	58	A	CCAAA	ok	False
chr2	18244966	18244967	+	0.17672	delta_sum_err	75	A	TTAAA	ok	False
chr2	18244969	18244970	+	0.12221	delta_sum_err	87	A	AAATA	ok	False
chr2	18244974	18244975	+	0.14999	delta_sum_err	78	A	CTAAA	ok	False
chr2	18244979	18244980	+	0.1635	delta_sum_err	85	A	TCAAA	ok	False
chr2	18244980	18244981	+	0.20476	delta_sum_err	86	A	CAAAC	ok	False
chr2	18244981	18244982	+	0.16984	delta_sum_err	88	A	AAACC	ok	True
chr2	18262511	18262512	+	0.19034	delta_sum_err	52	A	GCAAA	ok	False
chr2	18262555	18262556	+	0.11932	delta_sum_err	76	A	CTAAC	ok	False
chr2	18262630	18262631	+	0.15133	delta_sum_err	86	A	TTAGA	ok	False
chr2	18262711	18262712	+	0.1713	delta_sum_err	71	A	ACATT	ok	False
chr2	18262744	18262745	+	0.12596	delta_sum_err	79	A	TCACT	ok	False
chr2	18262925	18262926	+	0.13614	delta_sum_err	43	A	AGAAA	ok	False
chr2	18263059	18263060	+	0.23706	delta_sum_err	76	A	TGATA	ok	False
chr2	18263103	18263104	+	0.12611	delta_sum_err	100	A	TTAGT	ok	False
chr2	18263624	18263625	+	0.12613	delta_sum_err	98	A	CTACA	ok	False
chr2	18263973	18263974	+	0.11362	delta_sum_err	120	A	GAACC	ok	True
chr2	18264029	18264030	+	0.16043	delta_sum_err	83	A	TCATA	ok	False
chr2	18264429	18264430	+	0.18787	delta_sum_err	101	A	AAAAG	ok	False
chr2	18264430	18264431	+	0.17616	delta_sum_err	112	A	AAAGC	ok	False
chr2	18264782	18264783	+	0.12532	delta_sum_err	129	A	TTACA	ok	False
chr2	18264874	18264875	+	0.12296	delta_sum_err	151	A	AAATC	ok	False
chr2	18264877	18264878	+	0.12022	delta_sum_err	148	A	TCATT	ok	False
chr2	18264998	18264999	+	0.1581	delta_sum_err	131	A	CGAGG	ok	False
chr2	18265245	18265246	+	0.12849	delta_sum_err	146	A	GTACT	ok	False
chr2	18265254	18265255	+	0.20743	delta_sum_err	130	A	CTAAA	ok	False
chr2	18265265	18265266	+	0.15337	delta_sum_err	156	A	GGATT	ok	False
chr2	18265292	18265293	+	0.20254	delta_sum_err	112	A	ATAAC	ok	False
chr2	18265293	18265294	+	0.20139	delta_sum_err	130	A	TAACA	ok	True
chr2	18309343	18309344	+	0.11364	delta_sum_err	88	A	CAATT	ok	False
chr2	18309800	18309801	+	0.16124	delta_sum_err	68	A	ATAAA	ok	False
chr2	18414304	18414305	+	0.16111	delta_sum_err	179	A	CGAAG	ok	False
chr2	18414993	18414994	+	0.12482	delta_sum_err	165	A	ACAAA	ok	False
chr2	18415150	18415151	+	0.12969	delta_sum_err	160	A	CAAAA	ok	False
chr2	18415155	18415156	+	0.11641	delta_sum_err	203	A	AAATC	ok	False
chr2	18425699	18425700	+	0.14735	delta_sum_err	109	A	GCAAA	ok	False
chr2	18504300	18504301	+	0.12821	delta_sum_err	82	A	GCAAC	ok	False
chr2	18504579	18504580	+	0.28735	delta_sum_err	92	A	GTAGA	ok	False
chr2	18504584	18504585	+	0.26347	delta_sum_err	58	A	CGAAC	ok	False
chr2	18504600	18504601	+	0.1171	delta_sum_err	88	A	CCACA	ok	False
chr2	18526282	18526283	+	0.12932	delta_sum_err	95	A	TCACT	ok	False
chr2	18526460	18526461	+	0.12712	delta_sum_err	80	A	CGACT	ok	False
chr2	18526524	18526525	+	0.14876	delta_sum_err	98	A	GGACT	ok	True
chr2	18526623	18526624	+	0.33035	delta_sum_err	62	A	GTACT	ok	False
chr2	18526639	18526640	+	0.23364	delta_sum_err	104	A	TGACC	ok	True
chr2	18526663	18526664	+	0.15825	delta_sum_err	69	A	TAACT	ok	True
chr2	18526697	18526698	+	0.15481	delta_sum_err	68	A	TTAGC	ok	False
chr2	18625631	18625632	+	0.15203	delta_sum_err	121	A	TTACT	ok	False
chr2	18625659	18625660	+	0.11693	delta_sum_err	123	A	GTACA	ok	False
chr2	18625661	18625662	+	0.13866	delta_sum_err	117	A	ACATA	ok	False
chr2	18625663	18625664	+	0.37402	delta_sum_err	150	A	ATAGA	ok	False
chr2	18626503	18626504	+	0.11989	delta_sum_err	1387	A	TAAGA	ok	False
chr2	18841189	18841190	+	0.40216	delta_sum_err	41	A	ATAAA	ok	False
chr2	18841204	18841205	+	0.12108	delta_sum_err	147	A	AAATA	ok	False
chr2	18841206	18841207	+	0.13025	delta_sum_err	146	A	ATACT	ok	False
chr2	18855862	18855863	+	0.18482	delta_sum_err	75	A	CTACC	ok	False
chr2	18856617	18856618	+	0.125	delta_sum_err	105	A	GAATT	ok	False
chr2	18857589	18857590	+	0.11645	delta_sum_err	69	A	CCAAA	ok	False
chr2	18857910	18857911	+	0.26076	delta_sum_err	92	A	TAACC	ok	True
chr2	18919696	18919697	+	0.13621	delta_sum_err	54	A	GCATA	ok	False
chr2	18920055	18920056	+	0.16886	delta_sum_err	76	A	GCAAA	ok	False
chr2	18920095	18920096	+	0.12572	delta_sum_err	86	A	ATAGA	ok	False
chr2	18920670	18920671	+	0.1307	delta_sum_err	90	A	TCAGG	ok	False
chr2	18921055	18921056	+	0.11439	delta_sum_err	70	A	TCATT	ok	False
chr2	18921113	18921114	+	0.21863	delta_sum_err	73	A	CTAAA	ok	False
chr2	18921114	18921115	+	0.13864	delta_sum_err	101	A	TAAAA	ok	False
chr2	18921115	18921116	+	0.14808	delta_sum_err	109	A	AAAAA	ok	False
chr2	18921116	18921117	+	0.13863	delta_sum_err	113	A	AAAAC	ok	False
chr2	18921120	18921121	+	0.22723	delta_sum_err	101	A	CCAAA	ok	False
chr2	18921121	18921122	+	0.1452	delta_sum_err	108	A	CAAAC	ok	False
chr2	18921122	18921123	+	0.19236	delta_sum_err	113	A	AAACA	ok	True
chr2	18921144	18921145	+	0.16169	delta_sum_err	103	A	GTAAA	ok	False
chr2	18979601	18979602	+	0.17687	delta_sum_err	77	A	TCATG	ok	False
chr2	18979687	18979688	+	0.12482	delta_sum_err	218	A	CCACC	ok	False
chr2	19079585	19079586	+	0.12234	delta_sum_err	40	A	GGAAA	ok	False
chr2	19079593	19079594	+	0.12766	delta_sum_err	44	A	CAAAA	ok	False
chr2	19079659	19079660	+	0.14362	delta_sum_err	43	A	CGAAG	ok	False
chr2	19079819	19079820	+	0.16489	delta_sum_err	44	A	ATAAA	ok	False
chr2	19079968	19079969	+	0.15	delta_sum_err	48	A	TTATT	ok	False
chr2	19136077	19136078	+	0.12884	delta_sum_err	55	A	CCAAC	ok	False
chr2	19151781	19151782	+	0.1721	delta_sum_err	82	A	TCAGC	ok	False
chr2	19152257	19152258	+	0.11497	delta_sum_err	114	A	GTATA	ok	False
chr2	19238529	19238530	+	0.19034	delta_sum_err	51	A	TCATT	ok	False
chr2	19238589	19238590	+	0.23031	delta_sum_err	59	A	CCAGT	ok	False
chr2	19238610	19238611	+	0.11587	delta_sum_err	58	A	TCATG	ok	False
chr2	19238666	19238667	+	0.15865	delta_sum_err	56	A	CTAGG	ok	False
chr2	19238683	19238684	+	0.12248	delta_sum_err	40	A	TCACA	ok	False
chr2	19238963	19238964	+	0.14103	delta_sum_err	69	A	GGAGG	ok	False
chr2	19239116	19239117	+	0.16481	delta_sum_err	62	A	ACAAA	ok	False
chr2	19239139	19239140	+	0.11646	delta_sum_err	63	A	CGAAA	ok	False
chr2	19239141	19239142	+	0.24024	delta_sum_err	75	A	AAATG	ok	False
chr2	19239174	19239175	+	0.14391	delta_sum_err	62	A	ACATA	ok	False
chr2	19244826	19244827	+	0.19166	delta_sum_err	1263	A	TGAGA	ok	False
chr2	19245081	19245082	+	0.40568	delta_sum_err	1302	A	TCAAG	ok	False
chr2	19245082	19245083	+	0.507	delta_sum_err	1557	A	CAAGA	ok	False
chr2	19345253	19345254	+	0.1201	delta_sum_err	555	A	GGATC	ok	False
chr2	19368565	19368566	+	0.15816	delta_sum_err	276	A	TCAAA	ok	False
chr2	19368566	19368567	+	0.20202	delta_sum_err	346	A	CAAAG	ok	False
chr2	19368567	19368568	+	0.18547	delta_sum_err	351	A	AAAGA	ok	False
chr2	19368633	19368634	+	0.11738	delta_sum_err	316	A	CAAAC	ok	False
chr2	19368657	19368658	+	0.19118	delta_sum_err	289	A	GTACT	ok	False
chr2	19368679	19368680	+	0.3897	delta_sum_err	228	A	TTACT	ok	False
chr2	19368701	19368702	+	0.11925	delta_sum_err	263	A	GAATT	ok	False
chr2	19368720	19368721	+	0.12975	delta_sum_err	139	A	TTACA	ok	False
chr2	19441722	19441723	+	0.14285	delta_sum_err	146	A	ACATT	ok	False
chr2	19441822	19441823	+	0.1592	delta_sum_err	103	A	GGAAA	ok	False
chr2	19441975	19441976	+	0.17262	delta_sum_err	134	A	ATAAA	ok	False
chr2	19442005	19442006	+	0.20173	delta_sum_err	170	A	AAATT	ok	False
chr2	19442026	19442027	+	0.54624	delta_sum_err	174	A	TCAGA	ok	False
chr2	19442028	19442029	+	0.15171	delta_sum_err	166	A	AGACA	ok	True
chr2	19442060	19442061	+	0.16419	delta_sum_err	106	A	TTACA	ok	False
chr2	19472843	19472844	+	0.20821	delta_sum_err	45	A	GCATC	ok	False
chr2	19472956	19472957	+	0.13485	delta_sum_err	51	A	GTACA	ok	False
chr2	19473137	19473138	+	0.14609	delta_sum_err	47	A	ACATC	ok	False
chr2	19473216	19473217	+	0.14238	delta_sum_err	61	A	ACAGC	ok	False
chr2	19473342	19473343	+	0.11587	delta_sum_err	64	A	CCACC	ok	False
chr2	19473350	19473351	+	0.13993	delta_sum_err	51	A	ACATG	ok	False
chr2	19473375	19473376	+	0.1542	delta_sum_err	64	A	GCACA	ok	False
chr2	19473626	19473627	+	0.12328	delta_sum_err	115	A	GCAAA	ok	False
chr2	19474041	19474042	+	0.1832	delta_sum_err	115	A	GGACA	ok	True
chr2	19483325	19483326	+	0.14219	delta_sum_err	75	A	GTAAA	ok	False
chr2	19483328	19483329	+	0.13171	delta_sum_err	137	A	AAAGA	ok	False
chr2	19483334	19483335	+	0.14584	delta_sum_err	127	A	TTAGT	ok	False
chr2	19483682	19483683	+	0.11866	delta_sum_err	138	A	TAAAA	ok	False
chr2	19483768	19483769	+	0.21327	delta_sum_err	152	A	TCAAG	ok	False
chr2	19522347	19522348	+	0.12737	delta_sum_err	71	A	TTACG	ok	False
chr2	19522442	19522443	+	0.18833	delta_sum_err	83	A	CCAGA	ok	False
chr2	19522533	19522534	+	0.17313	delta_sum_err	84	A	TCACA	ok	False
chr2	19522700	19522701	+	0.17749	delta_sum_err	69	A	ATAAA	ok	False
chr2	19523378	19523379	+	0.11857	delta_sum_err	101	A	CCACC	ok	False
chr2	19523705	19523706	+	0.11656	delta_sum_err	114	A	CTACA	ok	False
chr2	19523734	19523735	+	0.12312	delta_sum_err	111	A	ACATT	ok	False
chr2	19523868	19523869	+	0.12516	delta_sum_err	98	A	ATAAA	ok	False
chr2	19523875	19523876	+	0.11566	delta_sum_err	108	A	CTAAG	ok	False
chr2	19530774	19530775	+	0.11496	delta_sum_err	327	A	GTAAA	ok	False
chr2	19531091	19531092	+	0.12412	delta_sum_err	413	A	TCACC	ok	False
chr2	19531442	19531443	+	0.13139	delta_sum_err	486	A	AAAAC	ok	False
chr2	19531496	19531497	+	0.15375	delta_sum_err	443	A	TGAAC	ok	False
chr2	19531497	19531498	+	0.28462	delta_sum_err	461	A	GAACC	ok	True
chr2	19531531	19531532	+	0.12883	delta_sum_err	377	A	GGACA	ok	True
chr2	19552050	19552051	+	0.17156	delta_sum_err	118	A	CTAGT	ok	False
chr2	19552100	19552101	+	0.15179	delta_sum_err	106	A	ATAAA	ok	False
chr2	19552137	19552138	+	0.22489	delta_sum_err	84	A	CTAAA	ok	False
chr2	19552221	19552222	+	0.14228	delta_sum_err	95	A	GTATA	ok	False
chr2	19552223	19552224	+	0.18891	delta_sum_err	86	A	ATACT	ok	False
chr2	19552231	19552232	+	0.18487	delta_sum_err	84	A	CCACC	ok	False
chr2	19552244	19552245	+	0.43808	delta_sum_err	66	A	GGACA	ok	True
chr2	19558208	19558209	+	0.28735	delta_sum_err	28	A	GGAAA	ok	False
chr2	19558272	19558273	+	0.1451	delta_sum_err	42	A	ATACC	ok	False
chr2	19558892	19558893	+	0.12494	delta_sum_err	443	A	CAAGA	ok	False
chr2	19615066	19615067	+	0.11359	delta_sum_err	65	A	GTAGT	ok	False
chr2	19615102	19615103	+	0.12698	delta_sum_err	64	A	CTATC	ok	False
chr2	19615189	19615190	+	0.12121	delta_sum_err	66	A	GGATT	ok	False
chr2	19615210	19615211	+	0.15197	delta_sum_err	65	A	AGAGA	ok	False
chr2	19615212	19615213	+	0.13704	delta_sum_err	66	A	AGAAG	ok	False
chr2	19615255	19615256	+	0.12029	delta_sum_err	61	A	GTAAG	ok	False
chr2	19615346	19615347	+	0.11587	delta_sum_err	67	A	CCATG	ok	False
chr2	19615424	19615425	+	0.19452	delta_sum_err	57	A	ACAAA	ok	False
chr2	19615451	19615452	+	0.11429	delta_sum_err	70	A	TGAAA	ok	False
chr2	19615580	19615581	+	0.12933	delta_sum_err	60	A	TCAAA	ok	False
chr2	19615587	19615588	+	0.13398	delta_sum_err	65	A	ACATA	ok	False
chr2	19615640	19615641	+	0.1452	delta_sum_err	67	A	TTAAG	ok	False
chr2	19662913	19662914	+	0.14871	delta_sum_err	51	A	TCACT	ok	False
chr2	19662931	19662932	+	0.11947	delta_sum_err	55	A	ATAGA	ok	False
chr2	19662943	19662944	+	0.24951	delta_sum_err	54	A	CCACC	ok	False
chr2	19663518	19663519	+	0.12418	delta_sum_err	75	A	CCAAG	ok	False
chr2	19663540	19663541	+	0.17011	delta_sum_err	65	A	TTAAC	ok	False
chr2	19663916	19663917	+	0.14025	delta_sum_err	46	A	TGAAC	ok	False
chr2	19663917	19663918	+	0.13881	delta_sum_err	60	A	GAACT	ok	True
chr2	19663944	19663945	+	0.11533	delta_sum_err	63	A	GTAAA	ok	False
chr2	1993618	1993619	+	0.11389	delta_sum_err	320	A	TTATG	ok	False
chr2	2146034	2146035	+	0.16768	delta_sum_err	88	A	CCATT	ok	False
chr2	2146109	2146110	+	0.16569	delta_sum_err	67	A	CCAAC	ok	False
chr2	2146138	2146139	+	0.16099	delta_sum_err	93	A	CCAAG	ok	False
chr2	2146294	2146295	+	0.15006	delta_sum_err	70	A	ATACT	ok	False
chr2	2146300	2146301	+	0.12871	delta_sum_err	93	A	TAACC	ok	True
chr2	2146363	2146364	+	0.16062	delta_sum_err	84	A	ATACA	ok	False
chr2	2146475	2146476	+	0.15853	delta_sum_err	75	A	CAATA	ok	False
chr2	2146527	2146528	+	0.30529	delta_sum_err	88	A	GCAAC	ok	False
chr2	2146535	2146536	+	0.13462	delta_sum_err	94	A	CAAGA	ok	False
chr2	2146543	2146544	+	0.21635	delta_sum_err	83	A	GAATA	ok	False
chr2	2234216	2234217	+	0.16193	delta_sum_err	72	A	AGAAG	ok	False
chr2	2234418	2234419	+	0.14514	delta_sum_err	61	A	TCACA	ok	False
chr2	2236182	2236183	+	0.12899	delta_sum_err	104	A	TCATC	ok	False
chr2	2323112	2323113	+	0.17021	delta_sum_err	93	A	CCAGT	ok	False
chr2	267131	267132	+	0.12733	delta_sum_err	153	A	AAATC	ok	False
chr2	267318	267319	+	0.13723	delta_sum_err	153	A	GTAGC	ok	False
chr2	2765160	2765161	+	0.12218	delta_sum_err	220	A	TCAAC	ok	False
chr2	3781395	3781396	+	0.12399	delta_sum_err	112	A	TCATT	ok	False
chr2	3781451	3781452	+	0.118	delta_sum_err	144	A	ACAAC	ok	False
chr2	3781459	3781460	+	0.12058	delta_sum_err	136	A	CTACT	ok	False
chr2	3781472	3781473	+	0.11901	delta_sum_err	145	A	GCAAT	ok	False
chr2	3781617	3781618	+	0.12271	delta_sum_err	142	A	GGAAA	ok	False
chr2	3781670	3781671	+	0.12588	delta_sum_err	132	A	TCACA	ok	False
chr2	3781813	3781814	+	0.13068	delta_sum_err	153	A	CGAGG	ok	False
chr2	3781955	3781956	+	0.2847	delta_sum_err	153	A	TGAGA	ok	False
chr2	3813	3814	+	0.15798	delta_sum_err	37	A	TCAGT	ok	False
chr2	3817	3818	+	0.1395	delta_sum_err	33	A	TTATA	ok	False
chr2	4041	4042	+	0.16129	delta_sum_err	33	A	ATAGT	ok	False
chr2	4144	4145	+	0.16608	delta_sum_err	20	A	GCAAA	ok	False
chr2	4179	4180	+	0.1983	delta_sum_err	28	A	CAATA	ok	False
chr2	4182	4183	+	0.13567	delta_sum_err	30	A	TAAAT	ok	False
chr2	4186	4187	+	0.11575	delta_sum_err	25	A	TAACA	ok	True
chr2	4188	4189	+	0.16887	delta_sum_err	24	A	ACAAT	ok	False
chr2	4189	4190	+	0.23909	delta_sum_err	27	A	CAATA	ok	False
chr2	491859	491860	+	0.25667	delta_sum_err	166	A	TCAAG	ok	False
chr2	491887	491888	+	0.12556	delta_sum_err	139	A	TGAAC	ok	False
chr2	491897	491898	+	0.13585	delta_sum_err	156	A	TTAAC	ok	False
chr2	491929	491930	+	0.135	delta_sum_err	119	A	GCAAA	ok	False
chr2	491932	491933	+	0.17387	delta_sum_err	101	A	AAACT	ok	True
chr2	5189	5190	+	0.21969	delta_sum_err	32	A	GTATT	ok	False
chr2	540313	540314	+	0.12303	delta_sum_err	267	A	ACACA	ok	False
chr2	6314197	6314198	+	0.1842	delta_sum_err	142	A	CAATT	ok	False
chr2	6314405	6314406	+	0.11406	delta_sum_err	122	A	ACAAA	ok	False
chr2	6314669	6314670	+	0.12344	delta_sum_err	140	A	TCAAA	ok	False
chr2	6314936	6314937	+	0.12173	delta_sum_err	117	A	ATAGG	ok	False
chr2	6315504	6315505	+	0.12687	delta_sum_err	131	A	ATACT	ok	False
chr2	6315520	6315521	+	0.12696	delta_sum_err	173	A	AAATT	ok	False
chr2	6400916	6400917	+	0.16854	delta_sum_err	87	A	ATACT	ok	False
chr2	6518881	6518882	+	0.12739	delta_sum_err	106	A	GGATA	ok	False
chr2	6519066	6519067	+	0.13951	delta_sum_err	160	A	AGAAA	ok	False
chr2	6519067	6519068	+	0.13381	delta_sum_err	164	A	GAAAG	ok	False
chr2	6519907	6519908	+	0.1656	delta_sum_err	100	A	CTACT	ok	False
chr2	6519915	6519916	+	0.18363	delta_sum_err	102	A	GGATA	ok	False
chr2	6519982	6519983	+	0.2626	delta_sum_err	101	A	TTAAC	ok	False
chr2	6798197	6798198	+	0.1544	delta_sum_err	51	A	TTAAA	ok	False
chr2	6810873	6810874	+	0.18116	delta_sum_err	78	A	TGATA	ok	False
chr2	6811169	6811170	+	0.17075	delta_sum_err	96	A	ACAAG	ok	False
chr2	6811951	6811952	+	0.1182	delta_sum_err	125	A	GTAGA	ok	False
chr2	6812141	6812142	+	0.12672	delta_sum_err	152	A	ATACC	ok	False
chr2	6812665	6812666	+	0.16613	delta_sum_err	216	A	TGATT	ok	False
chr2	6947415	6947416	+	0.1169	delta_sum_err	31	A	CTAGA	ok	False
chr2	6950157	6950158	+	0.15274	delta_sum_err	179	A	AGAAA	ok	False
chr2	6950901	6950902	+	0.1391	delta_sum_err	197	A	ACATT	ok	False
chr2	7051426	7051427	+	0.12774	delta_sum_err	46	A	ATACA	ok	False
chr2	7051476	7051477	+	0.1175	delta_sum_err	45	A	CCACC	ok	False
chr2	7051783	7051784	+	0.13264	delta_sum_err	52	A	TAACC	ok	True
chr2	7051792	7051793	+	0.12522	delta_sum_err	49	A	GGATA	ok	False
chr2	7051860	7051861	+	0.12121	delta_sum_err	54	A	TTAAC	ok	False
chr2	7051867	7051868	+	0.1461	delta_sum_err	54	A	GTATA	ok	False
chr2	7051917	7051918	+	0.11817	delta_sum_err	59	A	GTAGT	ok	False
chr2	7052154	7052155	+	0.16339	delta_sum_err	64	A	ATAAA	ok	False
chr2	7052361	7052362	+	0.12163	delta_sum_err	69	A	CGAAG	ok	False
chr2	7052461	7052462	+	0.12289	delta_sum_err	71	A	GCAGC	ok	False
chr2	7052731	7052732	+	0.1498	delta_sum_err	54	A	TGAAA	ok	False
chr2	7499109	7499110	+	0.12592	delta_sum_err	116	A	ACATT	ok	False
chr2	7499134	7499135	+	0.11655	delta_sum_err	108	A	ATACT	ok	False
chr2	7548171	7548172	+	0.16479	delta_sum_err	382	A	AGAAC	ok	False
chr2	7548174	7548175	+	0.15094	delta_sum_err	381	A	ACAAA	ok	False
chr2	7548175	7548176	+	0.11378	delta_sum_err	431	A	CAAAC	ok	False
chr2	7548176	7548177	+	0.11379	delta_sum_err	427	A	AAACC	ok	True
chr2	7556319	7556320	+	0.21389	delta_sum_err	85	A	TGAAG	ok	False
chr2	7556612	7556613	+	0.12427	delta_sum_err	95	A	AAAGA	ok	False
chr2	7557112	7557113	+	0.11374	delta_sum_err	100	A	GCATG	ok	False
chr2	7566318	7566319	+	0.43298	delta_sum_err	168	A	ACAGA	ok	False
chr2	774619	774620	+	0.12121	delta_sum_err	57	A	TCACT	ok	False
chr2	775187	775188	+	0.2206	delta_sum_err	51	A	TTAAA	ok	False
chr2	775188	775189	+	0.19118	delta_sum_err	63	A	TAAAC	ok	False
chr2	775189	775190	+	0.30884	delta_sum_err	65	A	AAACC	ok	True
chr2	775214	775215	+	0.36765	delta_sum_err	53	A	CGACC	ok	False
chr2	775281	775282	+	0.12699	delta_sum_err	57	A	CAAAC	ok	False
chr2	7838231	7838232	+	0.13975	delta_sum_err	838	A	GAACC	ok	True
chr2	7948155	7948156	+	0.20994	delta_sum_err	36	A	CCAAA	ok	False
chr2	7948194	7948195	+	0.18269	delta_sum_err	30	A	TTAAA	ok	False
chr2	7948196	7948197	+	0.14824	delta_sum_err	39	A	AAATC	ok	False
chr2	8223183	8223184	+	0.15357	delta_sum_err	39	A	AAATT	ok	False
chr2	8223618	8223619	+	0.15788	delta_sum_err	43	A	CTAAA	ok	False
chr2	8224122	8224123	+	0.14127	delta_sum_err	52	A	ACAGA	ok	False
chr2	8224251	8224252	+	0.15335	delta_sum_err	57	A	GTATG	ok	False
chr2	8224401	8224402	+	0.12917	delta_sum_err	60	A	CTATG	ok	False
chr2	8224617	8224618	+	0.12027	delta_sum_err	66	A	GGATA	ok	False
chr2	8227216	8227217	+	0.12399	delta_sum_err	112	A	GCAAA	ok	False
chr2	8227411	8227412	+	0.14733	delta_sum_err	115	A	AAACT	ok	True
chr2	8227518	8227519	+	0.12954	delta_sum_err	100	A	AGACA	ok	True
chr2	8513042	8513043	+	0.12167	delta_sum_err	586	A	TGAAC	ok	False
chr2	8513171	8513172	+	0.13193	delta_sum_err	175	A	ACATT	ok	False
chr2	8514117	8514118	+	0.12335	delta_sum_err	147	A	GCATT	ok	False
chr2	8514174	8514175	+	0.12168	delta_sum_err	149	A	ATATG	ok	False
chr2	8514366	8514367	+	0.13561	delta_sum_err	145	A	TCACA	ok	False
chr2	8514390	8514391	+	0.30318	delta_sum_err	169	A	AAAGA	ok	False
chr2	8514403	8514404	+	0.27499	delta_sum_err	168	A	AAAGA	ok	False
chr2	8514405	8514406	+	0.1586	delta_sum_err	158	A	AGACT	ok	True
chr2	8514468	8514469	+	0.11418	delta_sum_err	122	A	CTATA	ok	False
chr2	8514470	8514471	+	0.37074	delta_sum_err	134	A	ATAGA	ok	False
chr2	8514472	8514473	+	0.1561	delta_sum_err	119	A	AGACA	ok	True
chr2	8514486	8514487	+	0.18457	delta_sum_err	105	A	GTACT	ok	False
chr2	8515973	8515974	+	0.41564	delta_sum_err	233	A	TTAGA	ok	False
chr2	8515996	8515997	+	0.19899	delta_sum_err	221	A	TGAAC	ok	False
chr2	8516028	8516029	+	0.11908	delta_sum_err	144	A	GTACC	ok	False
chr2	8516035	8516036	+	0.122	delta_sum_err	141	A	TTAAA	ok	False
chr2	8613466	8613467	+	0.12122	delta_sum_err	48	A	AAAGG	ok	False
chr2	8614128	8614129	+	0.14571	delta_sum_err	47	A	TCACG	ok	False
chr2	8614375	8614376	+	0.11765	delta_sum_err	46	A	ATATG	ok	False
chr2	8614399	8614400	+	0.13674	delta_sum_err	47	A	TCACA	ok	False
chr2	8614544	8614545	+	0.18521	delta_sum_err	48	A	GGACA	ok	True
chr2	8614546	8614547	+	0.15182	delta_sum_err	42	A	ACATA	ok	False
chr2	8614548	8614549	+	0.13361	delta_sum_err	22	A	ATAAA	ok	False
chr2	8614598	8614599	+	0.21093	delta_sum_err	50	A	TCAAC	ok	False
chr2	8614731	8614732	+	0.17308	delta_sum_err	44	A	TGAAA	ok	False
chr2	8614891	8614892	+	0.13276	delta_sum_err	58	A	TGAAG	ok	False
chr2	8614914	8614915	+	0.1569	delta_sum_err	45	A	TCACC	ok	False
chr2	8615046	8615047	+	0.125	delta_sum_err	46	A	TCAAA	ok	False
chr2	8615048	8615049	+	0.125	delta_sum_err	61	A	AAAAG	ok	False
chr2	8615052	8615053	+	0.175	delta_sum_err	54	A	GTAAC	ok	False
chr2	8615055	8615056	+	0.14167	delta_sum_err	61	A	ACAGT	ok	False
chr2	8615374	8615375	+	0.13057	delta_sum_err	57	A	ACAAC	ok	False
chr2	8615627	8615628	+	0.25678	delta_sum_err	63	A	CTACA	ok	False
chr2	8615648	8615649	+	0.1359	delta_sum_err	64	A	TAAAA	ok	False
chr2	8615788	8615789	+	0.27922	delta_sum_err	54	A	TGAGA	ok	False
chr2	8615830	8615831	+	0.16595	delta_sum_err	53	A	TCATA	ok	False
chr2	8615836	8615837	+	0.18614	delta_sum_err	59	A	TTATA	ok	False
chr2	8615838	8615839	+	0.47836	delta_sum_err	65	A	ATAGA	ok	False
chr2	8615868	8615869	+	0.11599	delta_sum_err	50	A	ACAAA	ok	False
chr2	8615872	8615873	+	0.15054	delta_sum_err	35	A	ATAAA	ok	False
chr2	8615909	8615910	+	0.1158	delta_sum_err	53	A	GAACC	ok	True
chr2	8615930	8615931	+	0.13297	delta_sum_err	49	A	CTATT	ok	False
chr2	8615938	8615939	+	0.19143	delta_sum_err	45	A	TGAAT	ok	False
chr2	8615944	8615945	+	0.13866	delta_sum_err	45	A	GCAAT	ok	False
chr2	8726915	8726916	+	0.21697	delta_sum_err	56	A	GCAAA	ok	False
chr2	8727210	8727211	+	0.16521	delta_sum_err	48	A	TGAAA	ok	False
chr2	8727481	8727482	+	0.11654	delta_sum_err	72	A	CGAGT	ok	False
chr2	8737719	8737720	+	0.19217	delta_sum_err	828	A	CCAAC	ok	False
chr2	8788183	8788184	+	0.16595	delta_sum_err	102	A	GCAAC	ok	False
chr2	8788991	8788992	+	0.2154	delta_sum_err	104	A	CCATA	ok	False
chr2	8789153	8789154	+	0.12654	delta_sum_err	134	A	TCACA	ok	False
chr2	8789191	8789192	+	0.23649	delta_sum_err	124	A	TGACT	ok	True
chr2	8807106	8807107	+	0.11806	delta_sum_err	64	A	ACAAA	ok	False
chr2	8807371	8807372	+	0.12707	delta_sum_err	109	A	CCAAT	ok	False
chr2	8807911	8807912	+	0.13418	delta_sum_err	109	A	CCAAT	ok	False
chr2	8807912	8807913	+	0.11751	delta_sum_err	109	A	CAATT	ok	False
chr2	8807916	8807917	+	0.2375	delta_sum_err	98	A	TTACA	ok	False
chr2	8807918	8807919	+	0.15001	delta_sum_err	111	A	ACACT	ok	False
chr2	8815109	8815110	+	0.16798	delta_sum_err	122	A	GCAAC	ok	False
chr2	8815126	8815127	+	0.13834	delta_sum_err	132	A	GCAAA	ok	False
chr2	8815131	8815132	+	0.13333	delta_sum_err	144	A	TTATG	ok	False
chr2	8815134	8815135	+	0.13833	delta_sum_err	153	A	TGACA	ok	True
chr2	8831752	8831753	+	0.12057	delta_sum_err	137	A	TCAGC	ok	False
chr2	8856414	8856415	+	0.16869	delta_sum_err	101	A	TCACA	ok	False
chr2	8856517	8856518	+	0.12731	delta_sum_err	107	A	AAATA	ok	False
chr2	8864731	8864732	+	0.1579	delta_sum_err	33	A	TCACT	ok	False
chr2	8979913	8979914	+	0.19792	delta_sum_err	93	A	AAATT	ok	False
chr2	8980144	8980145	+	0.11775	delta_sum_err	90	A	ACACC	ok	False
chr2	8981054	8981055	+	0.18763	delta_sum_err	118	A	ACACT	ok	False
chr2	8981084	8981085	+	0.128	delta_sum_err	116	A	ATACT	ok	False
chr2	8988151	8988152	+	0.11503	delta_sum_err	337	A	ACAAC	ok	False
chr2	8988519	8988520	+	0.11712	delta_sum_err	294	A	AGATA	ok	False
chr2	9017523	9017524	+	0.17072	delta_sum_err	95	A	TCACC	ok	False
chr2	9017847	9017848	+	0.12525	delta_sum_err	129	A	AGAAC	ok	False
chr2	9017854	9017855	+	0.15446	delta_sum_err	141	A	ACAAA	ok	False
chr2	9017880	9017881	+	0.21869	delta_sum_err	45	A	TTAAA	ok	False
chr2	9017913	9017914	+	0.2084	delta_sum_err	135	A	TTAAC	ok	False
chr2	9017921	9017922	+	0.20841	delta_sum_err	112	A	TAAAA	ok	False
chr2	9017922	9017923	+	0.20377	delta_sum_err	130	A	AAAAA	ok	False
chr2	9017923	9017924	+	0.18373	delta_sum_err	137	A	AAAAC	ok	False
chr2	9017930	9017931	+	0.12223	delta_sum_err	113	A	ACATT	ok	False
chr2	9069718	9069719	+	0.15441	delta_sum_err	203	A	GCATT	ok	False
chr2	9070313	9070314	+	0.13734	delta_sum_err	214	A	CGACA	ok	False
chr2	9070371	9070372	+	0.11475	delta_sum_err	213	A	ATATT	ok	False
chr2	9219368	9219369	+	0.11957	delta_sum_err	62	A	AGAAA	ok	False
chr2	9219415	9219416	+	0.1521	delta_sum_err	71	A	TCATC	ok	False
chr2	9219433	9219434	+	0.14253	delta_sum_err	86	A	TCATC	ok	False
chr2	9219467	9219468	+	0.1332	delta_sum_err	94	A	GAAAC	ok	False
chr2	9219611	9219612	+	0.13097	delta_sum_err	94	A	CAACT	ok	False
chr2	9237214	9237215	+	0.17654	delta_sum_err	392	A	CAAGC	ok	False
chr2	9237631	9237632	+	0.22476	delta_sum_err	404	A	AGAAC	ok	False
chr2	9355124	9355125	+	0.19054	delta_sum_err	69	A	CTACT	ok	False
chr2	9355291	9355292	+	0.12693	delta_sum_err	73	A	TTAAG	ok	False
chr2	9356871	9356872	+	0.13683	delta_sum_err	79	A	ACAAG	ok	False
chr2	9356961	9356962	+	0.15925	delta_sum_err	85	A	TGAAC	ok	False
chr2	9356991	9356992	+	0.14089	delta_sum_err	102	A	ACAAC	ok	False
chr2	9357015	9357016	+	0.1337	delta_sum_err	126	A	CAATT	ok	False
chr2	9515075	9515076	+	0.20346	delta_sum_err	70	A	AGAAA	ok	False
chr2	9515076	9515077	+	0.21862	delta_sum_err	85	A	GAAAA	ok	False
chr2	9515414	9515415	+	0.17019	delta_sum_err	86	A	GTATG	ok	False
chr2	9637182	9637183	+	0.24407	delta_sum_err	152	A	TCACC	ok	False
chr2	9638281	9638282	+	0.1846	delta_sum_err	180	A	TTACT	ok	False
chr2	9638613	9638614	+	0.18934	delta_sum_err	138	A	ATACA	ok	False
chr2	9790102	9790103	+	0.16103	delta_sum_err	140	A	TTACA	ok	False
chr2	9793618	9793619	+	0.15105	delta_sum_err	96	A	TAACA	ok	True
chr2	9793661	9793662	+	0.11856	delta_sum_err	111	A	TCATG	ok	False
chr2	9794123	9794124	+	0.12097	delta_sum_err	116	A	ACATC	ok	False
chr2	9926153	9926154	+	0.19918	delta_sum_err	40	A	TGAAA	ok	False
chr2	9926184	9926185	+	0.12411	delta_sum_err	45	A	ATAAT	ok	False
chr2	9926185	9926186	+	0.19267	delta_sum_err	42	A	TAATA	ok	False
chr2	9926197	9926198	+	0.13061	delta_sum_err	46	A	AGATC	ok	False
chr3	10018926	10018927	+	0.18614	delta_sum_err	351	A	GTACA	ok	False
chr3	10018928	10018929	+	0.14075	delta_sum_err	315	A	ACATT	ok	False
chr3	10018962	10018963	+	0.11993	delta_sum_err	347	A	ATAAC	ok	False
chr3	10019048	10019049	+	0.30329	delta_sum_err	100	A	CCATG	ok	False
chr3	10122651	10122652	+	0.13333	delta_sum_err	76	A	GCATA	ok	False
chr3	10122684	10122685	+	0.13554	delta_sum_err	69	A	AAAGA	ok	False
chr3	10122758	10122759	+	0.11957	delta_sum_err	89	A	GAAAC	ok	False
chr3	10122873	10122874	+	0.22222	delta_sum_err	68	A	TTAGA	ok	False
chr3	10122877	10122878	+	0.18571	delta_sum_err	59	A	AGAAC	ok	False
chr3	10315187	10315188	+	0.20816	delta_sum_err	32	A	TTAAA	ok	False
chr3	10316722	10316723	+	0.11859	delta_sum_err	65	A	TCACT	ok	False
chr3	10316727	10316728	+	0.26731	delta_sum_err	43	A	GCAGT	ok	False
chr3	10317222	10317223	+	0.12272	delta_sum_err	87	A	ACAGT	ok	False
chr3	10317241	10317242	+	0.18078	delta_sum_err	77	A	GGAGG	ok	False
chr3	10317310	10317311	+	0.11909	delta_sum_err	71	A	ACATT	ok	False
chr3	10317561	10317562	+	0.14382	delta_sum_err	90	A	TCACC	ok	False
chr3	10317637	10317638	+	0.16161	delta_sum_err	95	A	CCAGC	ok	False
chr3	10317725	10317726	+	0.12621	delta_sum_err	97	A	TTAAG	ok	False
chr3	10318011	10318012	+	0.14426	delta_sum_err	90	A	TTATA	ok	False
chr3	10318712	10318713	+	0.11911	delta_sum_err	486	A	ACATT	ok	False
chr3	10318720	10318721	+	0.13098	delta_sum_err	540	A	CCACC	ok	False
chr3	10318774	10318775	+	0.14544	delta_sum_err	502	A	CGAGA	ok	False
chr3	10324994	10324995	+	0.13175	delta_sum_err	464	A	CCACC	ok	False
chr3	1034030	1034031	+	0.1305	delta_sum_err	108	A	ACATC	ok	False
chr3	1034344	1034345	+	0.12443	delta_sum_err	117	A	ATATC	ok	False
chr3	1034372	1034373	+	0.13779	delta_sum_err	102	A	TCAAC	ok	False
chr3	1034608	1034609	+	0.33551	delta_sum_err	85	A	ATAAA	ok	False
chr3	1034624	1034625	+	0.12659	delta_sum_err	119	A	AAAAT	ok	False
chr3	10525211	10525212	+	0.14824	delta_sum_err	82	A	GCAAA	ok	False
chr3	10526687	10526688	+	0.11353	delta_sum_err	105	A	ATAAA	ok	False
chr3	10526692	10526693	+	0.12012	delta_sum_err	98	A	TGAAA	ok	False
chr3	10538781	10538782	+	0.14303	delta_sum_err	175	A	ACAAA	ok	False
chr3	10538847	10538848	+	0.14037	delta_sum_err	159	A	ACAAA	ok	False
chr3	10538964	10538965	+	0.13954	delta_sum_err	185	A	TTACC	ok	False
chr3	10539243	10539244	+	0.12028	delta_sum_err	177	A	TCACA	ok	False
chr3	10539461	10539462	+	0.11804	delta_sum_err	215	A	GCACC	ok	False
chr3	10539507	10539508	+	0.18369	delta_sum_err	140	A	ATAAA	ok	False
chr3	10539536	10539537	+	0.12208	delta_sum_err	203	A	TTAGA	ok	False
chr3	10539735	10539736	+	0.2009	delta_sum_err	243	A	GTAAG	ok	False
chr3	10539736	10539737	+	0.23941	delta_sum_err	253	A	TAAGA	ok	False
chr3	10539883	10539884	+	0.11578	delta_sum_err	222	A	CCATA	ok	False
chr3	10539995	10539996	+	0.12343	delta_sum_err	181	A	TGAAA	ok	False
chr3	1082744	1082745	+	0.13717	delta_sum_err	447	A	CCAAC	ok	False
chr3	1083291	1083292	+	0.23601	delta_sum_err	641	A	GTAGA	ok	False
chr3	1168385	1168386	+	0.47451	delta_sum_err	1306	A	TTAGA	ok	False
chr3	1168526	1168527	+	0.23052	delta_sum_err	65	A	TTAAA	ok	False
chr3	1168527	1168528	+	0.13833	delta_sum_err	124	A	TAAAA	ok	False
chr3	1314303	1314304	+	0.16826	delta_sum_err	60	A	ACAAA	ok	False
chr3	1314306	1314307	+	0.21147	delta_sum_err	88	A	AAATC	ok	False
chr3	1330642	1330643	+	0.13905	delta_sum_err	401	A	TCACC	ok	False
chr3	1331477	1331478	+	0.15837	delta_sum_err	457	A	ACACA	ok	False
chr3	1331516	1331517	+	0.1685	delta_sum_err	487	A	TGACT	ok	True
chr3	1331530	1331531	+	0.14354	delta_sum_err	481	A	GTAAA	ok	False
chr3	1331558	1331559	+	0.17463	delta_sum_err	402	A	GGAAC	ok	False
chr3	1361541	1361542	+	0.13536	delta_sum_err	411	A	CCAAA	ok	False
chr3	1362157	1362158	+	0.12806	delta_sum_err	397	A	CCAAC	ok	False
chr3	1362161	1362162	+	0.4713	delta_sum_err	461	A	CTAGA	ok	False
chr3	1362163	1362164	+	0.13899	delta_sum_err	427	A	AGACA	ok	True
chr3	1362235	1362236	+	0.1139	delta_sum_err	253	A	ACATA	ok	False
chr3	1362260	1362261	+	0.1499	delta_sum_err	308	A	ATACA	ok	False
chr3	1362262	1362263	+	0.32019	delta_sum_err	250	A	ACAAC	ok	False
chr3	1362263	1362264	+	0.1237	delta_sum_err	288	A	CAACT	ok	False
chr3	14197305	14197306	+	0.1147	delta_sum_err	41	A	TCAGT	ok	False
chr3	14197395	14197396	+	0.125	delta_sum_err	30	A	ACACC	ok	False
chr3	14197701	14197702	+	0.139	delta_sum_err	57	A	TCATA	ok	False
chr3	14197715	14197716	+	0.12335	delta_sum_err	57	A	CAAAG	ok	False
chr3	14197776	14197777	+	0.13135	delta_sum_err	56	A	TCATT	ok	False
chr3	14197779	14197780	+	0.12794	delta_sum_err	60	A	TTAAA	ok	False
chr3	14197826	14197827	+	0.19618	delta_sum_err	64	A	GTAGT	ok	False
chr3	14197841	14197842	+	0.11751	delta_sum_err	65	A	CTAAT	ok	False
chr3	14197891	14197892	+	0.12228	delta_sum_err	65	A	AAAAG	ok	False
chr3	14198143	14198144	+	0.18393	delta_sum_err	54	A	GTAGT	ok	False
chr3	14198149	14198150	+	0.23053	delta_sum_err	51	A	ACAAT	ok	False
chr3	14198258	14198259	+	0.16698	delta_sum_err	54	A	GTAAT	ok	False
chr3	14198280	14198281	+	0.23631	delta_sum_err	49	A	ATATT	ok	False
chr3	14198309	14198310	+	0.15212	delta_sum_err	49	A	GTAGT	ok	False
chr3	14198433	14198434	+	0.1591	delta_sum_err	79	A	GAAGA	ok	False
chr3	14198611	14198612	+	0.1476	delta_sum_err	80	A	ACAAC	ok	False
chr3	14199402	14199403	+	0.12548	delta_sum_err	218	A	CGAGA	ok	False
chr3	14199464	14199465	+	0.12774	delta_sum_err	220	A	TGAAC	ok	False
chr3	14199651	14199652	+	0.12439	delta_sum_err	45	A	AAACC	ok	True
chr3	14200484	14200485	+	0.17694	delta_sum_err	18	A	TGAAA	ok	False
chr3	14200487	14200488	+	0.15369	delta_sum_err	24	A	AAAGA	ok	False
chr3	14200601	14200602	+	0.15774	delta_sum_err	40	A	GGACC	ok	True
chr3	14200745	14200746	+	0.12477	delta_sum_err	57	A	CCATT	ok	False
chr3	14200928	14200929	+	0.14175	delta_sum_err	63	A	TGAAC	ok	False
chr3	14201117	14201118	+	0.19786	delta_sum_err	78	A	CAATG	ok	False
chr3	14201575	14201576	+	0.13897	delta_sum_err	107	A	AAATG	ok	False
chr3	14202739	14202740	+	0.15125	delta_sum_err	159	A	TTAAA	ok	False
chr3	15661148	15661149	+	0.13541	delta_sum_err	58	A	CGAAT	ok	False
chr3	15661151	15661152	+	0.19318	delta_sum_err	49	A	ATACA	ok	False
chr3	15661194	15661195	+	0.20063	delta_sum_err	60	A	CTACC	ok	False
chr3	15661211	15661212	+	0.13482	delta_sum_err	70	A	TCAGA	ok	False
chr3	15661249	15661250	+	0.13204	delta_sum_err	36	A	ACAAA	ok	False
chr3	15661608	15661609	+	0.19217	delta_sum_err	68	A	CCACA	ok	False
chr3	15661612	15661613	+	0.15003	delta_sum_err	72	A	ACATG	ok	False
chr3	15661644	15661645	+	0.13267	delta_sum_err	75	A	GGACC	ok	True
chr3	15661785	15661786	+	0.11549	delta_sum_err	80	A	ATAGT	ok	False
chr3	1591425	1591426	+	0.12	delta_sum_err	47	A	CGATA	ok	False
chr3	1591448	1591449	+	0.16571	delta_sum_err	44	A	TCAAC	ok	False
chr3	1591517	1591518	+	0.13296	delta_sum_err	48	A	ACAGG	ok	False
chr3	1591536	1591537	+	0.12142	delta_sum_err	38	A	GTATA	ok	False
chr3	1591575	1591576	+	0.12398	delta_sum_err	51	A	TAAGC	ok	False
chr3	1591605	1591606	+	0.12208	delta_sum_err	42	A	ACATT	ok	False
chr3	1591839	1591840	+	0.11428	delta_sum_err	47	A	GGATA	ok	False
chr3	1591866	1591867	+	0.13585	delta_sum_err	15	A	GAAAA	ok	False
chr3	1591867	1591868	+	0.19569	delta_sum_err	29	A	AAAAA	ok	False
chr3	1591868	1591869	+	0.18652	delta_sum_err	30	A	AAAAA	ok	False
chr3	15983636	15983637	+	0.14394	delta_sum_err	33	A	TTAGG	ok	False
chr3	15984662	15984663	+	0.21818	delta_sum_err	32	A	GCACC	ok	False
chr3	15984706	15984707	+	0.16786	delta_sum_err	30	A	TCACA	ok	False
chr3	15984708	15984709	+	0.17321	delta_sum_err	27	A	ACATT	ok	False
chr3	15984855	15984856	+	0.14166	delta_sum_err	40	A	TTATT	ok	False
chr3	15984899	15984900	+	0.16016	delta_sum_err	39	A	TCAGA	ok	False
chr3	15985099	15985100	+	0.13631	delta_sum_err	38	A	GTAAA	ok	False
chr3	15985198	15985199	+	0.18533	delta_sum_err	37	A	TCACT	ok	False
chr3	15985243	15985244	+	0.11575	delta_sum_err	38	A	AAACT	ok	True
chr3	15989036	15989037	+	0.14374	delta_sum_err	241	A	TTAAA	ok	False
chr3	1605496	1605497	+	0.11594	delta_sum_err	95	A	ATATT	ok	False
chr3	1605558	1605559	+	0.13378	delta_sum_err	61	A	CCAAC	ok	False
chr3	1605757	1605758	+	0.15827	delta_sum_err	104	A	TCAGC	ok	False
chr3	1606038	1606039	+	0.17593	delta_sum_err	91	A	TCAAC	ok	False
chr3	1606096	1606097	+	0.19175	delta_sum_err	94	A	GGATC	ok	False
chr3	1606111	1606112	+	0.27454	delta_sum_err	82	A	TCAAA	ok	False
chr3	1615401	1615402	+	0.13701	delta_sum_err	89	A	TTAAA	ok	False
chr3	1622041	1622042	+	0.12899	delta_sum_err	576	A	TGATA	ok	False
chr3	1622855	1622856	+	0.11625	delta_sum_err	687	A	GGAAC	ok	False
chr3	1622880	1622881	+	0.43145	delta_sum_err	715	A	TCAGA	ok	False
chr3	1622882	1622883	+	0.27591	delta_sum_err	670	A	AGACA	ok	True
chr3	1622884	1622885	+	0.19963	delta_sum_err	588	A	ACATG	ok	False
chr3	1622909	1622910	+	0.15828	delta_sum_err	678	A	GGATT	ok	False
chr3	1622971	1622972	+	0.11455	delta_sum_err	173	A	CTACT	ok	False
chr3	16272796	16272797	+	0.13825	delta_sum_err	60	A	CCAAG	ok	False
chr3	16273018	16273019	+	0.2377	delta_sum_err	54	A	CCACA	ok	False
chr3	16273149	16273150	+	0.15668	delta_sum_err	53	A	TCACG	ok	False
chr3	16299375	16299376	+	0.12129	delta_sum_err	123	A	GCAAA	ok	False
chr3	16299528	16299529	+	0.14087	delta_sum_err	117	A	TCAAC	ok	False
chr3	16299651	16299652	+	0.13828	delta_sum_err	121	A	GGATT	ok	False
chr3	16299677	16299678	+	0.13703	delta_sum_err	119	A	ACAAG	ok	False
chr3	16388367	16388368	+	0.12305	delta_sum_err	240	A	CTAAA	ok	False
chr3	16388375	16388376	+	0.17744	delta_sum_err	282	A	ATAAT	ok	False
chr3	16525600	16525601	+	0.11987	delta_sum_err	48	A	TCACG	ok	False
chr3	16525610	16525611	+	0.12712	delta_sum_err	47	A	ATATT	ok	False
chr3	16525668	16525669	+	0.12992	delta_sum_err	41	A	ATACA	ok	False
chr3	16526141	16526142	+	0.1917	delta_sum_err	47	A	ACAAC	ok	False
chr3	16526565	16526566	+	0.12614	delta_sum_err	59	A	ACACA	ok	False
chr3	16527721	16527722	+	0.13128	delta_sum_err	66	A	TGAGA	ok	False
chr3	16527839	16527840	+	0.12226	delta_sum_err	70	A	CCAAT	ok	False
chr3	16823481	16823482	+	0.22708	delta_sum_err	59	A	TCACC	ok	False
chr3	16823652	16823653	+	0.15385	delta_sum_err	60	A	TTACA	ok	False
chr3	16823654	16823655	+	0.13797	delta_sum_err	65	A	ACAAC	ok	False
chr3	16823673	16823674	+	0.13433	delta_sum_err	68	A	AGACT	ok	True
chr3	16823884	16823885	+	0.15308	delta_sum_err	68	A	ATATT	ok	False
chr3	16823908	16823909	+	0.11957	delta_sum_err	63	A	GGAGA	ok	False
chr3	16823947	16823948	+	0.13751	delta_sum_err	63	A	ACAAA	ok	False
chr3	16823970	16823971	+	0.14643	delta_sum_err	56	A	CTAAA	ok	False
chr3	16914624	16914625	+	0.13673	delta_sum_err	184	A	CTACT	ok	False
chr3	16915631	16915632	+	0.12804	delta_sum_err	252	A	GGATA	ok	False
chr3	16915641	16915642	+	0.11538	delta_sum_err	262	A	AAACT	ok	True
chr3	16915655	16915656	+	0.44995	delta_sum_err	257	A	GTAGA	ok	False
chr3	16915686	16915687	+	0.52691	delta_sum_err	195	A	TTAGA	ok	False
chr3	16915688	16915689	+	0.12766	delta_sum_err	179	A	AGACT	ok	True
chr3	1696603	1696604	+	0.13461	delta_sum_err	256	A	TTAAA	ok	False
chr3	1696612	1696613	+	0.12886	delta_sum_err	387	A	GTAGG	ok	False
chr3	17087635	17087636	+	0.11364	delta_sum_err	129	A	AAAAC	ok	False
chr3	17088496	17088497	+	0.13937	delta_sum_err	209	A	TGATT	ok	False
chr3	17088600	17088601	+	0.11974	delta_sum_err	200	A	ATATA	ok	False
chr3	17088708	17088709	+	0.12929	delta_sum_err	186	A	GGATT	ok	False
chr3	17228711	17228712	+	0.16327	delta_sum_err	58	A	CCACA	ok	False
chr3	1742348	1742349	+	0.15625	delta_sum_err	97	A	AGATT	ok	False
chr3	1742351	1742352	+	0.21623	delta_sum_err	74	A	TTAAA	ok	False
chr3	1742362	1742363	+	0.12	delta_sum_err	93	A	CCATG	ok	False
chr3	1742367	1742368	+	0.13375	delta_sum_err	77	A	GCATA	ok	False
chr3	1742734	1742735	+	0.14481	delta_sum_err	97	A	TTAAG	ok	False
chr3	1742949	1742950	+	0.1476	delta_sum_err	73	A	CGAAA	ok	False
chr3	1742960	1742961	+	0.14541	delta_sum_err	61	A	GCAAA	ok	False
chr3	1743114	1743115	+	0.13207	delta_sum_err	95	A	ATAAG	ok	False
chr3	1743115	1743116	+	0.12264	delta_sum_err	98	A	TAAGC	ok	False
chr3	1743119	1743120	+	0.14269	delta_sum_err	80	A	CCAAC	ok	False
chr3	1743120	1743121	+	0.28126	delta_sum_err	94	A	CAACA	ok	False
chr3	1743122	1743123	+	0.11984	delta_sum_err	86	A	ACAAA	ok	False
chr3	1743123	1743124	+	0.13167	delta_sum_err	97	A	CAAAG	ok	False
chr3	17445992	17445993	+	0.1443	delta_sum_err	60	A	ACAGT	ok	False
chr3	17446044	17446045	+	0.16336	delta_sum_err	57	A	TGACA	ok	True
chr3	17446048	17446049	+	0.13021	delta_sum_err	54	A	ACACA	ok	False
chr3	17446053	17446054	+	0.13853	delta_sum_err	47	A	TCACA	ok	False
chr3	17446138	17446139	+	0.16228	delta_sum_err	56	A	CGATT	ok	False
chr3	17446158	17446159	+	0.14913	delta_sum_err	37	A	CCATA	ok	False
chr3	17446221	17446222	+	0.11458	delta_sum_err	38	A	CTATA	ok	False
chr3	17446248	17446249	+	0.13871	delta_sum_err	58	A	TTATA	ok	False
chr3	17450303	17450304	+	0.14883	delta_sum_err	84	A	TAATT	ok	False
chr3	17450528	17450529	+	0.15451	delta_sum_err	73	A	TGAAA	ok	False
chr3	17514355	17514356	+	0.11881	delta_sum_err	50	A	TGAGG	ok	False
chr3	17514484	17514485	+	0.14033	delta_sum_err	49	A	TTACT	ok	False
chr3	17514508	17514509	+	0.17716	delta_sum_err	49	A	TCACT	ok	False
chr3	17514571	17514572	+	0.11764	delta_sum_err	67	A	CTACT	ok	False
chr3	17514579	17514580	+	0.12515	delta_sum_err	62	A	TCAAT	ok	False
chr3	17514580	17514581	+	0.13966	delta_sum_err	68	A	CAATG	ok	False
chr3	17514629	17514630	+	0.12958	delta_sum_err	72	A	TGATG	ok	False
chr3	17514811	17514812	+	0.22078	delta_sum_err	74	A	CTAGC	ok	False
chr3	17514941	17514942	+	0.19061	delta_sum_err	69	A	CGAGA	ok	False
chr3	17514943	17514944	+	0.1752	delta_sum_err	60	A	AGACA	ok	True
chr3	17569565	17569566	+	0.1152	delta_sum_err	86	A	AGAAA	ok	False
chr3	17570375	17570376	+	0.15721	delta_sum_err	112	A	CCAAA	ok	False
chr3	17570376	17570377	+	0.3006	delta_sum_err	230	A	CAAAA	ok	False
chr3	17570403	17570404	+	0.12572	delta_sum_err	300	A	GCACA	ok	False
chr3	17570473	17570474	+	0.15949	delta_sum_err	173	A	ACAAA	ok	False
chr3	17649915	17649916	+	0.16454	delta_sum_err	91	A	AGAAA	ok	False
chr3	17779358	17779359	+	0.24441	delta_sum_err	458	A	ATAAA	ok	False
chr3	17779359	17779360	+	0.23714	delta_sum_err	626	A	TAAAA	ok	False
chr3	17779404	17779405	+	0.20781	delta_sum_err	733	A	TGAAG	ok	False
chr3	17779405	17779406	+	0.30921	delta_sum_err	832	A	GAAGA	ok	False
chr3	17779407	17779408	+	0.19168	delta_sum_err	674	A	AGACA	ok	True
chr3	17779436	17779437	+	0.1423	delta_sum_err	717	A	TCACT	ok	False
chr3	17929846	17929847	+	0.17907	delta_sum_err	143	A	GCACC	ok	False
chr3	17929894	17929895	+	0.13925	delta_sum_err	107	A	GCAAA	ok	False
chr3	17930335	17930336	+	0.12	delta_sum_err	156	A	GAAGC	ok	False
chr3	17930345	17930346	+	0.12045	delta_sum_err	162	A	GGAAA	ok	False
chr3	17931012	17931013	+	0.12445	delta_sum_err	86	A	CCAAA	ok	False
chr3	17931553	17931554	+	0.13437	delta_sum_err	170	A	AAACT	ok	True
chr3	17931565	17931566	+	0.15477	delta_sum_err	145	A	ACATT	ok	False
chr3	17931588	17931589	+	0.16442	delta_sum_err	131	A	TCAAC	ok	False
chr3	17931628	17931629	+	0.13762	delta_sum_err	146	A	GTAAA	ok	False
chr3	17931642	17931643	+	0.11892	delta_sum_err	145	A	ATAAT	ok	False
chr3	17989298	17989299	+	0.3962	delta_sum_err	42	A	TCACA	ok	False
chr3	17989300	17989301	+	0.13885	delta_sum_err	45	A	ACAAC	ok	False
chr3	17989354	17989355	+	0.11641	delta_sum_err	39	A	ACATC	ok	False
chr3	17989400	17989401	+	0.19895	delta_sum_err	44	A	ATACA	ok	False
chr3	17989402	17989403	+	0.12977	delta_sum_err	44	A	ACACT	ok	False
chr3	17989434	17989435	+	0.19434	delta_sum_err	43	A	GGAGA	ok	False
chr3	17989448	17989449	+	0.16864	delta_sum_err	43	A	GGATA	ok	False
chr3	17989575	17989576	+	0.11441	delta_sum_err	29	A	CGAAA	ok	False
chr3	17989581	17989582	+	0.18429	delta_sum_err	38	A	CTACC	ok	False
chr3	17989593	17989594	+	0.141	delta_sum_err	43	A	AGAGA	ok	False
chr3	17989596	17989597	+	0.12121	delta_sum_err	45	A	GAAAA	ok	False
chr3	18049731	18049732	+	0.1136	delta_sum_err	75	A	CTAGG	ok	False
chr3	18050265	18050266	+	0.11348	delta_sum_err	94	A	GGATC	ok	False
chr3	18050625	18050626	+	0.20476	delta_sum_err	74	A	TCAAA	ok	False
chr3	18050705	18050706	+	0.12145	delta_sum_err	103	A	ACAGC	ok	False
chr3	18050713	18050714	+	0.13092	delta_sum_err	98	A	ATACA	ok	False
chr3	18050715	18050716	+	0.18195	delta_sum_err	104	A	ACAAT	ok	False
chr3	18050759	18050760	+	0.12387	delta_sum_err	97	A	GGAGA	ok	False
chr3	18050811	18050812	+	0.13689	delta_sum_err	91	A	TTACA	ok	False
chr3	18051357	18051358	+	0.1285	delta_sum_err	144	A	GGACC	ok	True
chr3	18131150	18131151	+	0.125	delta_sum_err	81	A	TCAAA	ok	False
chr3	18131151	18131152	+	0.125	delta_sum_err	92	A	CAAAA	ok	False
chr3	18131228	18131229	+	0.17815	delta_sum_err	91	A	AAACA	ok	True
chr3	18131235	18131236	+	0.15337	delta_sum_err	80	A	GGAGA	ok	False
chr3	18131447	18131448	+	0.21569	delta_sum_err	100	A	TGACC	ok	True
chr3	18131458	18131459	+	0.11764	delta_sum_err	92	A	GTACT	ok	False
chr3	18207839	18207840	+	0.14338	delta_sum_err	45	A	CAACA	ok	False
chr3	18208837	18208838	+	0.12145	delta_sum_err	72	A	ACATC	ok	False
chr3	18208873	18208874	+	0.1325	delta_sum_err	70	A	GCAAA	ok	False
chr3	18208910	18208911	+	0.12242	delta_sum_err	61	A	TGAAA	ok	False
chr3	18208923	18208924	+	0.1207	delta_sum_err	76	A	GGAGA	ok	False
chr3	18209581	18209582	+	0.11846	delta_sum_err	78	A	ACATT	ok	False
chr3	18209702	18209703	+	0.16087	delta_sum_err	74	A	TTAAT	ok	False
chr3	18209788	18209789	+	0.13244	delta_sum_err	73	A	CGAAA	ok	False
chr3	18341816	18341817	+	0.15438	delta_sum_err	104	A	GTAAC	ok	False
chr3	18342213	18342214	+	0.13612	delta_sum_err	126	A	TTAAA	ok	False
chr3	18342303	18342304	+	0.12061	delta_sum_err	146	A	TTATT	ok	False
chr3	18342326	18342327	+	0.13231	delta_sum_err	143	A	AAATA	ok	False
chr3	18425035	18425036	+	0.12002	delta_sum_err	62	A	GAACA	ok	True
chr3	18425248	18425249	+	0.12606	delta_sum_err	99	A	TCACT	ok	False
chr3	18425260	18425261	+	0.16807	delta_sum_err	97	A	GCAAA	ok	False
chr3	18425610	18425611	+	0.13403	delta_sum_err	119	A	TTAGA	ok	False
chr3	18425627	18425628	+	0.11641	delta_sum_err	106	A	ATACC	ok	False
chr3	1849023	1849024	+	0.15425	delta_sum_err	134	A	TCACC	ok	False
chr3	1849232	1849233	+	0.13868	delta_sum_err	167	A	TCATT	ok	False
chr3	18504869	18504870	+	0.43126	delta_sum_err	1025	A	CTAGA	ok	False
chr3	188549	188550	+	0.14483	delta_sum_err	113	A	CGATC	ok	False
chr3	188655	188656	+	0.19847	delta_sum_err	72	A	CCAAA	ok	False
chr3	188656	188657	+	0.14234	delta_sum_err	101	A	CAAAA	ok	False
chr3	189259	189260	+	0.16286	delta_sum_err	125	A	TCAAG	ok	False
chr3	19025489	19025490	+	0.21559	delta_sum_err	109	A	CCAAA	ok	False
chr3	19025561	19025562	+	0.11388	delta_sum_err	136	A	GAAAA	ok	False
chr3	19025628	19025629	+	0.21283	delta_sum_err	185	A	CGATC	ok	False
chr3	19025646	19025647	+	0.11888	delta_sum_err	184	A	TAACT	ok	True
chr3	19025973	19025974	+	0.14602	delta_sum_err	173	A	GGAGT	ok	False
chr3	19026107	19026108	+	0.13429	delta_sum_err	210	A	CAAAA	ok	False
chr3	19026206	19026207	+	0.23156	delta_sum_err	194	A	CCACA	ok	False
chr3	19026249	19026250	+	0.13866	delta_sum_err	220	A	TGAAG	ok	False
chr3	19026490	19026491	+	0.14073	delta_sum_err	217	A	TGAAA	ok	False
chr3	19026550	19026551	+	0.14682	delta_sum_err	243	A	ATAAG	ok	False
chr3	19026769	19026770	+	0.1165	delta_sum_err	185	A	TCATA	ok	False
chr3	19026775	19026776	+	0.14012	delta_sum_err	177	A	AGAAA	ok	False
chr3	19026794	19026795	+	0.18642	delta_sum_err	171	A	GCACT	ok	False
chr3	190659	190660	+	0.14476	delta_sum_err	153	A	ACAAA	ok	False
chr3	19084659	19084660	+	0.14382	delta_sum_err	39	A	TAACG	ok	False
chr3	19084738	19084739	+	0.13542	delta_sum_err	45	A	CCACA	ok	False
chr3	19084778	19084779	+	0.16447	delta_sum_err	34	A	CCACA	ok	False
chr3	19084819	19084820	+	0.12857	delta_sum_err	47	A	ATATC	ok	False
chr3	19084971	19084972	+	0.22462	delta_sum_err	32	A	TTATA	ok	False
chr3	19085204	19085205	+	0.11667	delta_sum_err	57	A	AAATA	ok	False
chr3	19085228	19085229	+	0.21166	delta_sum_err	59	A	ATATA	ok	False
chr3	19085255	19085256	+	0.20317	delta_sum_err	39	A	GAACT	ok	True
chr3	19085348	19085349	+	0.15306	delta_sum_err	62	A	ACAAG	ok	False
chr3	19085409	19085410	+	0.14493	delta_sum_err	66	A	CTAGA	ok	False
chr3	19109188	19109189	+	0.18512	delta_sum_err	119	A	TCACC	ok	False
chr3	19109810	19109811	+	0.11975	delta_sum_err	146	A	TCAAG	ok	False
chr3	19109821	19109822	+	0.15457	delta_sum_err	143	A	ATAAA	ok	False
chr3	19109895	19109896	+	0.32578	delta_sum_err	116	A	ATATA	ok	False
chr3	19109897	19109898	+	0.1636	delta_sum_err	124	A	ATACT	ok	False
chr3	19170695	19170696	+	0.17647	delta_sum_err	43	A	CGAAG	ok	False
chr3	19170710	19170711	+	0.19493	delta_sum_err	42	A	CTACA	ok	False
chr3	19170728	19170729	+	0.12468	delta_sum_err	40	A	GCAAC	ok	False
chr3	19170742	19170743	+	0.11693	delta_sum_err	42	A	ACAGT	ok	False
chr3	19170846	19170847	+	0.11615	delta_sum_err	42	A	CTAAT	ok	False
chr3	19170847	19170848	+	0.11615	delta_sum_err	44	A	TAATC	ok	False
chr3	19170958	19170959	+	0.17214	delta_sum_err	41	A	TCAAC	ok	False
chr3	19170989	19170990	+	0.18331	delta_sum_err	43	A	TAAAT	ok	False
chr3	19170990	19170991	+	0.15629	delta_sum_err	44	A	AAATT	ok	False
chr3	19171014	19171015	+	0.2118	delta_sum_err	33	A	TAAAA	ok	False
chr3	19171029	19171030	+	0.17516	delta_sum_err	34	A	GTATG	ok	False
chr3	19171032	19171033	+	0.20373	delta_sum_err	37	A	TGACA	ok	True
chr3	19188549	19188550	+	0.12579	delta_sum_err	262	A	GGATT	ok	False
chr3	19188554	19188555	+	0.22266	delta_sum_err	251	A	CAAAC	ok	False
chr3	19188555	19188556	+	0.17474	delta_sum_err	254	A	AAACA	ok	True
chr3	19188605	19188606	+	0.12766	delta_sum_err	194	A	ACAAC	ok	False
chr3	19188614	19188615	+	0.12981	delta_sum_err	217	A	GTACC	ok	False
chr3	19323604	19323605	+	0.11536	delta_sum_err	41	A	TTAAA	ok	False
chr3	19323726	19323727	+	0.15686	delta_sum_err	25	A	ATAAA	ok	False
chr3	19371471	19371472	+	0.12335	delta_sum_err	191	A	CTACC	ok	False
chr3	19372449	19372450	+	0.19366	delta_sum_err	148	A	CAAAA	ok	False
chr3	19372451	19372452	+	0.12135	delta_sum_err	189	A	AAAAC	ok	False
chr3	19372559	19372560	+	0.11723	delta_sum_err	135	A	GCAAG	ok	False
chr3	19398151	19398152	+	0.15791	delta_sum_err	336	A	AAACT	ok	True
chr3	19398217	19398218	+	0.14842	delta_sum_err	394	A	ACACC	ok	False
chr3	19398224	19398225	+	0.17746	delta_sum_err	336	A	TCACT	ok	False
chr3	19398261	19398262	+	0.12895	delta_sum_err	278	A	ATAAA	ok	False
chr3	19412251	19412252	+	0.12595	delta_sum_err	72	A	TTACC	ok	False
chr3	19412293	19412294	+	0.18755	delta_sum_err	58	A	TTACA	ok	False
chr3	19412297	19412298	+	0.15829	delta_sum_err	28	A	AGAAA	ok	False
chr3	19412340	19412341	+	0.18968	delta_sum_err	69	A	ATACA	ok	False
chr3	19412401	19412402	+	0.16667	delta_sum_err	86	A	TTAGC	ok	False
chr3	19412438	19412439	+	0.1226	delta_sum_err	75	A	ACATG	ok	False
chr3	19412459	19412460	+	0.12222	delta_sum_err	89	A	AAATC	ok	False
chr3	19412585	19412586	+	0.126	delta_sum_err	95	A	GAAGG	ok	False
chr3	19412662	19412663	+	0.12847	delta_sum_err	86	A	CTAAA	ok	False
chr3	19412771	19412772	+	0.24296	delta_sum_err	94	A	TAATT	ok	False
chr3	19422424	19422425	+	0.12201	delta_sum_err	135	A	ATAAC	ok	False
chr3	19422851	19422852	+	0.12835	delta_sum_err	157	A	GCATG	ok	False
chr3	19422974	19422975	+	0.27303	delta_sum_err	181	A	GAAGA	ok	False
chr3	19422992	19422993	+	0.2291	delta_sum_err	100	A	AGAAA	ok	False
chr3	19423057	19423058	+	0.17648	delta_sum_err	102	A	ACAAC	ok	False
chr3	19423058	19423059	+	0.12201	delta_sum_err	105	A	CAACA	ok	False
chr3	19423062	19423063	+	0.14934	delta_sum_err	88	A	ATATC	ok	False
chr3	19506766	19506767	+	0.27583	delta_sum_err	907	A	TGACT	ok	True
chr3	19506800	19506801	+	0.14192	delta_sum_err	1003	A	GGATT	ok	False
chr3	19569790	19569791	+	0.15288	delta_sum_err	40	A	AAATT	ok	False
chr3	19569834	19569835	+	0.12903	delta_sum_err	45	A	CCAGA	ok	False
chr3	19569841	19569842	+	0.12062	delta_sum_err	39	A	GCAAC	ok	False
chr3	19569889	19569890	+	0.16059	delta_sum_err	43	A	CCATG	ok	False
chr3	19569911	19569912	+	0.15218	delta_sum_err	44	A	TTACG	ok	False
chr3	19570075	19570076	+	0.14901	delta_sum_err	22	A	AGAAA	ok	False
chr3	19570076	19570077	+	0.14805	delta_sum_err	35	A	GAAAA	ok	False
chr3	19570246	19570247	+	0.11913	delta_sum_err	54	A	TCAAA	ok	False
chr3	19822913	19822914	+	0.1286	delta_sum_err	76	A	GAACC	ok	True
chr3	19823181	19823182	+	0.12182	delta_sum_err	53	A	TAAAA	ok	False
chr3	19823182	19823183	+	0.27211	delta_sum_err	71	A	AAAAA	ok	False
chr3	19823214	19823215	+	0.11727	delta_sum_err	86	A	GGACA	ok	True
chr3	19823277	19823278	+	0.12297	delta_sum_err	85	A	CCATT	ok	False
chr3	19823292	19823293	+	0.11499	delta_sum_err	76	A	TCAAG	ok	False
chr3	19864860	19864861	+	0.16128	delta_sum_err	60	A	CTAGG	ok	False
chr3	19864996	19864997	+	0.14939	delta_sum_err	16	A	ACAAA	ok	False
chr3	19864997	19864998	+	0.23473	delta_sum_err	52	A	CAAAA	ok	False
chr3	19865026	19865027	+	0.16476	delta_sum_err	50	A	TGAAA	ok	False
chr3	19865621	19865622	+	0.13222	delta_sum_err	74	A	AAATT	ok	False
chr3	19865779	19865780	+	0.1232	delta_sum_err	75	A	ACAAG	ok	False
chr3	19866796	19866797	+	0.12621	delta_sum_err	91	A	GCACG	ok	False
chr3	19866853	19866854	+	0.11799	delta_sum_err	92	A	ATATC	ok	False
chr3	19866993	19866994	+	0.11483	delta_sum_err	84	A	TTACC	ok	False
chr3	19867034	19867035	+	0.14908	delta_sum_err	76	A	GTACT	ok	False
chr3	19952819	19952820	+	0.12514	delta_sum_err	351	A	TCAAC	ok	False
chr3	19952868	19952869	+	0.46299	delta_sum_err	449	A	TCAGA	ok	False
chr3	19952870	19952871	+	0.18303	delta_sum_err	412	A	AGACA	ok	True
chr3	19952872	19952873	+	0.15313	delta_sum_err	419	A	ACACG	ok	False
chr3	19952920	19952921	+	0.15496	delta_sum_err	240	A	TGAAA	ok	False
chr3	19952940	19952941	+	0.15714	delta_sum_err	65	A	TCATA	ok	False
chr3	19952942	19952943	+	0.17224	delta_sum_err	55	A	ATAAA	ok	False
chr3	20016946	20016947	+	0.12699	delta_sum_err	38	A	GAAAA	ok	False
chr3	20017008	20017009	+	0.13019	delta_sum_err	277	A	TCACG	ok	False
chr3	20018462	20018463	+	0.14307	delta_sum_err	576	A	TCAGA	ok	False
chr3	20018577	20018578	+	0.15042	delta_sum_err	497	A	TGACT	ok	True
chr3	20018667	20018668	+	0.1314	delta_sum_err	123	A	CTATA	ok	False
chr3	20040119	20040120	+	0.20924	delta_sum_err	61	A	TTATT	ok	False
chr3	20040461	20040462	+	0.12166	delta_sum_err	66	A	CTATC	ok	False
chr3	20041028	20041029	+	0.12374	delta_sum_err	47	A	GCAAC	ok	False
chr3	20041029	20041030	+	0.12373	delta_sum_err	52	A	CAACA	ok	False
chr3	20041082	20041083	+	0.12753	delta_sum_err	39	A	GAATA	ok	False
chr3	20041102	20041103	+	0.23517	delta_sum_err	66	A	AGATT	ok	False
chr3	20041117	20041118	+	0.49978	delta_sum_err	15	A	GTAAA	ok	False
chr3	20133543	20133544	+	0.21439	delta_sum_err	13	A	AAAGA	ok	False
chr3	2017511	2017512	+	0.20363	delta_sum_err	44	A	TTAAA	ok	False
chr3	2017579	2017580	+	0.1481	delta_sum_err	62	A	GCAGC	ok	False
chr3	2017730	2017731	+	0.11368	delta_sum_err	56	A	GTATG	ok	False
chr3	2018122	2018123	+	0.12587	delta_sum_err	53	A	CTATA	ok	False
chr3	2018375	2018376	+	0.23557	delta_sum_err	74	A	CTACC	ok	False
chr3	2018399	2018400	+	0.14447	delta_sum_err	70	A	CGAGA	ok	False
chr3	2018434	2018435	+	0.19387	delta_sum_err	76	A	TCACA	ok	False
chr3	2018514	2018515	+	0.12383	delta_sum_err	77	A	GCAAT	ok	False
chr3	2018515	2018516	+	0.12661	delta_sum_err	81	A	CAATG	ok	False
chr3	2018932	2018933	+	0.13187	delta_sum_err	93	A	CGATC	ok	False
chr3	2018937	2018938	+	0.2271	delta_sum_err	82	A	CCATG	ok	False
chr3	2019393	2019394	+	0.1624	delta_sum_err	91	A	TCAAG	ok	False
chr3	2019446	2019447	+	0.11795	delta_sum_err	60	A	TGAAA	ok	False
chr3	2019520	2019521	+	0.17456	delta_sum_err	88	A	TCACC	ok	False
chr3	2019588	2019589	+	0.34431	delta_sum_err	78	A	CCAAA	ok	False
chr3	2019589	2019590	+	0.2233	delta_sum_err	92	A	CAAAC	ok	False
chr3	2019590	2019591	+	0.29979	delta_sum_err	72	A	AAACC	ok	True
chr3	2019613	2019614	+	0.12763	delta_sum_err	86	A	TTAGA	ok	False
chr3	2019615	2019616	+	0.25196	delta_sum_err	86	A	AGAGA	ok	False
chr3	2019620	2019621	+	0.14083	delta_sum_err	101	A	CGATT	ok	False
chr3	2019655	2019656	+	0.13078	delta_sum_err	60	A	GCAAA	ok	False
chr3	20211176	20211177	+	0.19203	delta_sum_err	49	A	GCAAA	ok	False
chr3	20211583	20211584	+	0.18811	delta_sum_err	74	A	AGAAA	ok	False
chr3	20211707	20211708	+	0.15806	delta_sum_err	91	A	CGAAA	ok	False
chr3	20211744	20211745	+	0.1426	delta_sum_err	72	A	GCATG	ok	False
chr3	20211817	20211818	+	0.27231	delta_sum_err	88	A	CCACT	ok	False
chr3	20212787	20212788	+	0.11654	delta_sum_err	127	A	CGACA	ok	False
chr3	20212906	20212907	+	0.19882	delta_sum_err	31	A	CTAAA	ok	False
chr3	20212907	20212908	+	0.27017	delta_sum_err	65	A	TAAAA	ok	False
chr3	20212984	20212985	+	0.13141	delta_sum_err	76	A	GCATA	ok	False
chr3	20212986	20212987	+	0.16676	delta_sum_err	90	A	ATATA	ok	False
chr3	20480132	20480133	+	0.12299	delta_sum_err	88	A	TTAAA	ok	False
chr3	20480179	20480180	+	0.22872	delta_sum_err	49	A	ATAGA	ok	False
chr3	20480186	20480187	+	0.1875	delta_sum_err	94	A	GAATC	ok	False
chr3	20480189	20480190	+	0.11458	delta_sum_err	95	A	TCATC	ok	False
chr3	20480217	20480218	+	0.13541	delta_sum_err	89	A	GGAAG	ok	False
chr3	20480271	20480272	+	0.1598	delta_sum_err	75	A	TCAAA	ok	False
chr3	20501040	20501041	+	0.17593	delta_sum_err	230	A	TGAAA	ok	False
chr3	20501054	20501055	+	0.16333	delta_sum_err	299	A	GCAGT	ok	False
chr3	20501076	20501077	+	0.14908	delta_sum_err	156	A	TTAAA	ok	False
chr3	20501116	20501117	+	0.14244	delta_sum_err	295	A	CCACA	ok	False
chr3	20501238	20501239	+	0.1872	delta_sum_err	171	A	TGAAA	ok	False
chr3	20501446	20501447	+	0.24105	delta_sum_err	232	A	ACAAA	ok	False
chr3	20501594	20501595	+	0.15479	delta_sum_err	290	A	TTAAG	ok	False
chr3	20501605	20501606	+	0.14846	delta_sum_err	291	A	CTATC	ok	False
chr3	20501638	20501639	+	0.16169	delta_sum_err	303	A	GGATT	ok	False
chr3	20556122	20556123	+	0.21172	delta_sum_err	586	A	GCAAC	ok	False
chr3	20556161	20556162	+	0.11977	delta_sum_err	697	A	ATACA	ok	False
chr3	20556201	20556202	+	0.14911	delta_sum_err	498	A	TTACT	ok	False
chr3	20556351	20556352	+	0.14286	delta_sum_err	37	A	AAACC	ok	True
chr3	20699312	20699313	+	0.13772	delta_sum_err	274	A	ACAAA	ok	False
chr3	20699919	20699920	+	0.58595	delta_sum_err	352	A	CTAGA	ok	False
chr3	20703521	20703522	+	0.11979	delta_sum_err	97	A	GGATC	ok	False
chr3	20704914	20704915	+	0.13701	delta_sum_err	128	A	TCAAG	ok	False
chr3	20705161	20705162	+	0.13384	delta_sum_err	121	A	CCAAA	ok	False
chr3	20789100	20789101	+	0.14458	delta_sum_err	87	A	TCACA	ok	False
chr3	20789311	20789312	+	0.17876	delta_sum_err	54	A	CCAAA	ok	False
chr3	20789312	20789313	+	0.16801	delta_sum_err	85	A	CAAAA	ok	False
chr3	20789451	20789452	+	0.1257	delta_sum_err	95	A	TCAAA	ok	False
chr3	20789712	20789713	+	0.12427	delta_sum_err	37	A	CGAGA	ok	False
chr3	20789813	20789814	+	0.1371	delta_sum_err	98	A	ACATA	ok	False
chr3	20789815	20789816	+	0.16479	delta_sum_err	97	A	ATATA	ok	False
chr3	20789831	20789832	+	0.11791	delta_sum_err	95	A	ACATA	ok	False
chr3	20941569	20941570	+	0.12704	delta_sum_err	108	A	TCACC	ok	False
chr3	20943211	20943212	+	0.13465	delta_sum_err	35	A	ATAAA	ok	False
chr3	20943212	20943213	+	0.12108	delta_sum_err	54	A	TAAAA	ok	False
chr3	20943213	20943214	+	0.17193	delta_sum_err	95	A	AAAAA	ok	False
chr3	20943251	20943252	+	0.1459	delta_sum_err	155	A	AAACC	ok	True
chr3	209981	209982	+	0.14456	delta_sum_err	51	A	ACAAA	ok	False
chr3	21261984	21261985	+	0.11737	delta_sum_err	73	A	ACATA	ok	False
chr3	21262474	21262475	+	0.13494	delta_sum_err	67	A	CCAAA	ok	False
chr3	21674719	21674720	+	0.18163	delta_sum_err	314	A	TGACT	ok	True
chr3	21707354	21707355	+	0.12674	delta_sum_err	177	A	TCACA	ok	False
chr3	21708524	21708525	+	0.16302	delta_sum_err	208	A	ACAAG	ok	False
chr3	21708705	21708706	+	0.22442	delta_sum_err	81	A	CTAAA	ok	False
chr3	21708706	21708707	+	0.17965	delta_sum_err	182	A	TAAAA	ok	False
chr3	21708722	21708723	+	0.15648	delta_sum_err	192	A	GTATG	ok	False
chr3	21708778	21708779	+	0.24559	delta_sum_err	137	A	GAAAA	ok	False
chr3	21711815	21711816	+	0.14533	delta_sum_err	81	A	ACATC	ok	False
chr3	21712321	21712322	+	0.13726	delta_sum_err	92	A	CGATA	ok	False
chr3	21712484	21712485	+	0.11791	delta_sum_err	109	A	GTATT	ok	False
chr3	21712619	21712620	+	0.15325	delta_sum_err	108	A	GTATG	ok	False
chr3	21712705	21712706	+	0.13623	delta_sum_err	107	A	GCAAG	ok	False
chr3	21712738	21712739	+	0.15321	delta_sum_err	94	A	CGAAA	ok	False
chr3	21712831	21712832	+	0.12423	delta_sum_err	80	A	ACAAA	ok	False
chr3	22143197	22143198	+	0.14242	delta_sum_err	51	A	GTAAA	ok	False
chr3	22143226	22143227	+	0.13755	delta_sum_err	51	A	CAACC	ok	False
chr3	22143238	22143239	+	0.16251	delta_sum_err	31	A	TCACC	ok	False
chr3	22143344	22143345	+	0.12013	delta_sum_err	49	A	TTACT	ok	False
chr3	22143697	22143698	+	0.1299	delta_sum_err	68	A	GTAGA	ok	False
chr3	22143865	22143866	+	0.13291	delta_sum_err	72	A	TCATG	ok	False
chr3	22143920	22143921	+	0.2178	delta_sum_err	83	A	GCACC	ok	False
chr3	22144058	22144059	+	0.12877	delta_sum_err	97	A	CGATT	ok	False
chr3	22151323	22151324	+	0.14651	delta_sum_err	140	A	TCAAA	ok	False
chr3	22151934	22151935	+	0.13754	delta_sum_err	98	A	AGAAA	ok	False
chr3	22152083	22152084	+	0.1189	delta_sum_err	142	A	TGATA	ok	False
chr3	22152562	22152563	+	0.12701	delta_sum_err	198	A	CTACA	ok	False
chr3	22153512	22153513	+	0.12198	delta_sum_err	209	A	ATAAA	ok	False
chr3	22154031	22154032	+	0.21987	delta_sum_err	242	A	TCAAC	ok	False
chr3	22154354	22154355	+	0.13049	delta_sum_err	289	A	ACATT	ok	False
chr3	22154408	22154409	+	0.21434	delta_sum_err	319	A	TAACC	ok	True
chr3	22154429	22154430	+	0.16686	delta_sum_err	99	A	ACAAA	ok	False
chr3	22154430	22154431	+	0.35539	delta_sum_err	202	A	CAAAA	ok	False
chr3	22269831	22269832	+	0.51212	delta_sum_err	939	A	CAAGA	ok	False
chr3	22269841	22269842	+	0.17939	delta_sum_err	797	A	ACATT	ok	False
chr3	22269881	22269882	+	0.11461	delta_sum_err	240	A	TAATT	ok	False
chr3	22454114	22454115	+	0.11868	delta_sum_err	285	A	CCACC	ok	False
chr3	22612583	22612584	+	0.11519	delta_sum_err	424	A	GGAAA	ok	False
chr3	22664185	22664186	+	0.12727	delta_sum_err	106	A	AGATA	ok	False
chr3	22786176	22786177	+	0.13761	delta_sum_err	26	A	GGAAA	ok	False
chr3	22786841	22786842	+	0.11727	delta_sum_err	72	A	TCACA	ok	False
chr3	22787108	22787109	+	0.13182	delta_sum_err	81	A	AAACT	ok	True
chr3	22787197	22787198	+	0.1471	delta_sum_err	54	A	TCACA	ok	False
chr3	22902710	22902711	+	0.1178	delta_sum_err	123	A	CCACA	ok	False
chr3	22903931	22903932	+	0.14709	delta_sum_err	190	A	TGACT	ok	True
chr3	22975195	22975196	+	0.17797	delta_sum_err	1121	A	TTATG	ok	False
chr3	22975198	22975199	+	0.23475	delta_sum_err	956	A	TGACT	ok	True
chr3	22975213	22975214	+	0.21145	delta_sum_err	1189	A	CCAAA	ok	False
chr3	22975214	22975215	+	0.22407	delta_sum_err	1327	A	CAAAC	ok	False
chr3	22975215	22975216	+	0.14282	delta_sum_err	1331	A	AAACC	ok	True
chr3	23090610	23090611	+	0.53658	delta_sum_err	227	A	TCAGA	ok	False
chr3	23132389	23132390	+	0.11503	delta_sum_err	391	A	CAACT	ok	False
chr3	23133150	23133151	+	0.24412	delta_sum_err	143	A	TGAAA	ok	False
chr3	23133180	23133181	+	0.11558	delta_sum_err	475	A	TTAAA	ok	False
chr3	23133209	23133210	+	0.42489	delta_sum_err	436	A	GCAGA	ok	False
chr3	23136310	23136311	+	0.12689	delta_sum_err	27	A	TCATC	ok	False
chr3	23136555	23136556	+	0.11765	delta_sum_err	31	A	TGAGT	ok	False
chr3	23137119	23137120	+	0.12539	delta_sum_err	30	A	TAACA	ok	True
chr3	23137870	23137871	+	0.16021	delta_sum_err	58	A	TCATC	ok	False
chr3	23138588	23138589	+	0.16742	delta_sum_err	39	A	GCATA	ok	False
chr3	23138657	23138658	+	0.15464	delta_sum_err	56	A	GCAAA	ok	False
chr3	23138908	23138909	+	0.14062	delta_sum_err	62	A	CTATA	ok	False
chr3	23138940	23138941	+	0.26562	delta_sum_err	62	A	TAACC	ok	True
chr3	23138945	23138946	+	0.14285	delta_sum_err	63	A	TAATG	ok	False
chr3	23146913	23146914	+	0.16184	delta_sum_err	42	A	GGAAA	ok	False
chr3	23147550	23147551	+	0.11835	delta_sum_err	68	A	GGAAA	ok	False
chr3	23147839	23147840	+	0.52308	delta_sum_err	99	A	TCAGA	ok	False
chr3	23147846	23147847	+	0.41872	delta_sum_err	79	A	CCAAA	ok	False
chr3	23147847	23147848	+	0.15308	delta_sum_err	89	A	CAAAC	ok	False
chr3	23147848	23147849	+	0.22872	delta_sum_err	92	A	AAACA	ok	True
chr3	23147850	23147851	+	0.17872	delta_sum_err	94	A	ACATA	ok	False
chr3	23168632	23168633	+	0.12493	delta_sum_err	76	A	TCAAA	ok	False
chr3	23168845	23168846	+	0.12178	delta_sum_err	96	A	AGAAA	ok	False
chr3	23168912	23168913	+	0.14109	delta_sum_err	84	A	CGACA	ok	False
chr3	23169177	23169178	+	0.13334	delta_sum_err	57	A	GGATT	ok	False
chr3	23454410	23454411	+	0.12159	delta_sum_err	109	A	ACATT	ok	False
chr3	23456010	23456011	+	0.35956	delta_sum_err	124	A	ATACT	ok	False
chr3	2380104	2380105	+	0.12963	delta_sum_err	94	A	TGACT	ok	True
chr3	2624174	2624175	+	0.12021	delta_sum_err	41	A	CCATG	ok	False
chr3	2624193	2624194	+	0.23398	delta_sum_err	38	A	ATAAA	ok	False
chr3	2712672	2712673	+	0.13626	delta_sum_err	37	A	ACAAA	ok	False
chr3	2712673	2712674	+	0.14015	delta_sum_err	47	A	CAAAG	ok	False
chr3	2712674	2712675	+	0.18131	delta_sum_err	41	A	AAAGA	ok	False
chr3	2712960	2712961	+	0.14238	delta_sum_err	53	A	TTAGG	ok	False
chr3	2712982	2712983	+	0.12236	delta_sum_err	52	A	TTAAC	ok	False
chr3	2713134	2713135	+	0.22638	delta_sum_err	53	A	CCAAG	ok	False
chr3	2713135	2713136	+	0.16186	delta_sum_err	56	A	CAAGT	ok	False
chr3	2917975	2917976	+	0.20949	delta_sum_err	779	A	TCAAA	ok	False
chr3	2917987	2917988	+	0.12224	delta_sum_err	841	A	AGATA	ok	False
chr3	2917989	2917990	+	0.18728	delta_sum_err	801	A	ATACT	ok	False
chr3	2954109	2954110	+	0.11362	delta_sum_err	141	A	ACATG	ok	False
chr3	2991038	2991039	+	0.1317	delta_sum_err	76	A	CAACC	ok	False
chr3	2991451	2991452	+	0.13415	delta_sum_err	76	A	CGAGA	ok	False
chr3	2991453	2991454	+	0.12825	delta_sum_err	71	A	AGAGT	ok	False
chr3	3014526	3014527	+	0.11554	delta_sum_err	213	A	AAAGG	ok	False
chr3	3014704	3014705	+	0.14444	delta_sum_err	206	A	AAACT	ok	True
chr3	3022891	3022892	+	0.19576	delta_sum_err	83	A	GGATT	ok	False
chr3	3027106	3027107	+	0.11865	delta_sum_err	222	A	GGATT	ok	False
chr3	3027142	3027143	+	0.22007	delta_sum_err	155	A	TCAAC	ok	False
chr3	3027143	3027144	+	0.19814	delta_sum_err	145	A	CAACT	ok	False
chr3	3102255	3102256	+	0.12538	delta_sum_err	83	A	ACAAG	ok	False
chr3	3103547	3103548	+	0.12393	delta_sum_err	124	A	AGATT	ok	False
chr3	3103799	3103800	+	0.15873	delta_sum_err	106	A	CTAAA	ok	False
chr3	3103842	3103843	+	0.15555	delta_sum_err	99	A	GTACA	ok	False
chr3	3103844	3103845	+	0.1291	delta_sum_err	116	A	ACATT	ok	False
chr3	3103852	3103853	+	0.1947	delta_sum_err	71	A	TAAAA	ok	False
chr3	3241664	3241665	+	0.1371	delta_sum_err	75	A	TGAAG	ok	False
chr3	3241748	3241749	+	0.13233	delta_sum_err	98	A	AGATC	ok	False
chr3	3242081	3242082	+	0.2291	delta_sum_err	104	A	ATAAT	ok	False
chr3	3242143	3242144	+	0.16666	delta_sum_err	91	A	TCACC	ok	False
chr3	3242181	3242182	+	0.12122	delta_sum_err	109	A	CAACC	ok	False
chr3	3242313	3242314	+	0.1209	delta_sum_err	77	A	ACATA	ok	False
chr3	3319444	3319445	+	0.11978	delta_sum_err	96	A	CAAAA	ok	False
chr3	3319693	3319694	+	0.15456	delta_sum_err	109	A	TGAAA	ok	False
chr3	3319942	3319943	+	0.17621	delta_sum_err	126	A	GGATT	ok	False
chr3	3400661	3400662	+	0.15902	delta_sum_err	351	A	TCATG	ok	False
chr3	3419647	3419648	+	0.15345	delta_sum_err	276	A	TGAAA	ok	False
chr3	3419652	3419653	+	0.12166	delta_sum_err	312	A	CAAAC	ok	False
chr3	3419653	3419654	+	0.19673	delta_sum_err	237	A	AAACT	ok	True
chr3	3419689	3419690	+	0.12437	delta_sum_err	314	A	CAACT	ok	False
chr3	3443148	3443149	+	0.1878	delta_sum_err	42	A	ATAAC	ok	False
chr3	3443417	3443418	+	0.14058	delta_sum_err	18	A	ATAAA	ok	False
chr3	3481351	3481352	+	0.16519	delta_sum_err	330	A	CCAAC	ok	False
chr3	3481388	3481389	+	0.1785	delta_sum_err	361	A	GGACC	ok	True
chr3	3500012	3500013	+	0.1164	delta_sum_err	154	A	ACACA	ok	False
chr3	3500014	3500015	+	0.11923	delta_sum_err	157	A	ACAAC	ok	False
chr3	3501260	3501261	+	0.13333	delta_sum_err	206	A	CGAAG	ok	False
chr3	3502163	3502164	+	0.13849	delta_sum_err	237	A	TCAGA	ok	False
chr3	3502291	3502292	+	0.11994	delta_sum_err	74	A	ATACA	ok	False
chr3	3674031	3674032	+	0.15794	delta_sum_err	777	A	TCACT	ok	False
chr3	368315	368316	+	0.12815	delta_sum_err	159	A	ATATC	ok	False
chr3	3919609	3919610	+	0.13919	delta_sum_err	65	A	TCACA	ok	False
chr3	3920169	3920170	+	0.19721	delta_sum_err	72	A	GTAGT	ok	False
chr3	3920187	3920188	+	0.11478	delta_sum_err	68	A	CGAAA	ok	False
chr3	3920916	3920917	+	0.11931	delta_sum_err	75	A	TCACA	ok	False
chr3	3921217	3921218	+	0.14529	delta_sum_err	95	A	TCAAA	ok	False
chr3	3921233	3921234	+	0.19049	delta_sum_err	73	A	TCATA	ok	False
chr3	3921290	3921291	+	0.14602	delta_sum_err	100	A	ACACC	ok	False
chr3	3943051	3943052	+	0.20142	delta_sum_err	93	A	TCAAA	ok	False
chr3	3943140	3943141	+	0.12471	delta_sum_err	111	A	CAAAA	ok	False
chr3	3943718	3943719	+	0.19334	delta_sum_err	129	A	ATAAA	ok	False
chr3	3943719	3943720	+	0.24749	delta_sum_err	132	A	TAAAC	ok	False
chr3	4012980	4012981	+	0.13869	delta_sum_err	86	A	GAAGA	ok	False
chr3	4013344	4013345	+	0.12837	delta_sum_err	123	A	GAACC	ok	True
chr3	405102	405103	+	0.11528	delta_sum_err	98	A	CTACA	ok	False
chr3	405104	405105	+	0.12032	delta_sum_err	69	A	ACAAC	ok	False
chr3	405185	405186	+	0.13817	delta_sum_err	120	A	ACATC	ok	False
chr3	4128650	4128651	+	0.17089	delta_sum_err	75	A	TCAGT	ok	False
chr3	4129106	4129107	+	0.14802	delta_sum_err	74	A	CTAAA	ok	False
chr3	4129193	4129194	+	0.1285	delta_sum_err	71	A	CCACT	ok	False
chr3	4129639	4129640	+	0.2	delta_sum_err	55	A	AAAAA	ok	False
chr3	4129668	4129669	+	0.16437	delta_sum_err	75	A	AGAAA	ok	False
chr3	4129688	4129689	+	0.24118	delta_sum_err	65	A	TCACT	ok	False
chr3	4129760	4129761	+	0.15374	delta_sum_err	76	A	TTACA	ok	False
chr3	4129782	4129783	+	0.14794	delta_sum_err	85	A	TGAGG	ok	False
chr3	4129816	4129817	+	0.25882	delta_sum_err	86	A	TCAGA	ok	False
chr3	4129856	4129857	+	0.15947	delta_sum_err	72	A	CCAAA	ok	False
chr3	416901	416902	+	0.1203	delta_sum_err	91	A	GTATC	ok	False
chr3	417040	417041	+	0.1498	delta_sum_err	62	A	ACATT	ok	False
chr3	417267	417268	+	0.15325	delta_sum_err	109	A	GAAGC	ok	False
chr3	417288	417289	+	0.19799	delta_sum_err	107	A	CCACC	ok	False
chr3	417318	417319	+	0.11623	delta_sum_err	105	A	CCACC	ok	False
chr3	417339	417340	+	0.1904	delta_sum_err	100	A	TTAGC	ok	False
chr3	417347	417348	+	0.14551	delta_sum_err	94	A	ACATA	ok	False
chr3	417470	417471	+	0.22807	delta_sum_err	103	A	TGACC	ok	True
chr3	417474	417475	+	0.50038	delta_sum_err	94	A	CGAGA	ok	False
chr3	4391716	4391717	+	0.11645	delta_sum_err	110	A	AGAAA	ok	False
chr3	4433816	4433817	+	0.18586	delta_sum_err	81	A	GAAGC	ok	False
chr3	4435162	4435163	+	0.14857	delta_sum_err	80	A	GGAAA	ok	False
chr3	4435165	4435166	+	0.21527	delta_sum_err	123	A	AAACT	ok	True
chr3	4511096	4511097	+	0.12728	delta_sum_err	47	A	CCACA	ok	False
chr3	4511326	4511327	+	0.11382	delta_sum_err	56	A	GCAAA	ok	False
chr3	4511966	4511967	+	0.11522	delta_sum_err	73	A	TTAGC	ok	False
chr3	4512158	4512159	+	0.11708	delta_sum_err	76	A	TAACA	ok	True
chr3	4512859	4512860	+	0.11479	delta_sum_err	77	A	CTAAA	ok	False
chr3	4514590	4514591	+	0.11645	delta_sum_err	109	A	TCATT	ok	False
chr3	4516142	4516143	+	0.16258	delta_sum_err	213	A	ATACT	ok	False
chr3	4516153	4516154	+	0.2108	delta_sum_err	233	A	TGAGA	ok	False
chr3	4516155	4516156	+	0.13123	delta_sum_err	221	A	AGACA	ok	True
chr3	4818438	4818439	+	0.13643	delta_sum_err	67	A	ACATT	ok	False
chr3	4818443	4818444	+	0.15359	delta_sum_err	68	A	TAACC	ok	True
chr3	4818446	4818447	+	0.11765	delta_sum_err	37	A	CCATA	ok	False
chr3	482712	482713	+	0.12771	delta_sum_err	65	A	CCACG	ok	False
chr3	482761	482762	+	0.29412	delta_sum_err	67	A	CCATC	ok	False
chr3	483149	483150	+	0.12102	delta_sum_err	77	A	TGAGG	ok	False
chr3	483181	483182	+	0.11546	delta_sum_err	67	A	ACAAA	ok	False
chr3	483821	483822	+	0.11955	delta_sum_err	83	A	TTACA	ok	False
chr3	484105	484106	+	0.30555	delta_sum_err	60	A	TTAAA	ok	False
chr3	484107	484108	+	0.14076	delta_sum_err	81	A	AAAAC	ok	False
chr3	4911699	4911700	+	0.12392	delta_sum_err	224	A	TCAAT	ok	False
chr3	4911700	4911701	+	0.16657	delta_sum_err	230	A	CAATG	ok	False
chr3	4911805	4911806	+	0.20098	delta_sum_err	135	A	CAAGA	ok	False
chr3	4911985	4911986	+	0.17843	delta_sum_err	95	A	ACAAA	ok	False
chr3	4912021	4912022	+	0.14432	delta_sum_err	209	A	CAACT	ok	False
chr3	4915533	4915534	+	0.13091	delta_sum_err	31	A	AGAAA	ok	False
chr3	4915716	4915717	+	0.12331	delta_sum_err	27	A	GTAAA	ok	False
chr3	4915734	4915735	+	0.2	delta_sum_err	31	A	TGACC	ok	True
chr3	4915787	4915788	+	0.17368	delta_sum_err	33	A	TTAAC	ok	False
chr3	4915877	4915878	+	0.11428	delta_sum_err	33	A	CGAGT	ok	False
chr3	4916286	4916287	+	0.13175	delta_sum_err	38	A	GAAGA	ok	False
chr3	4916347	4916348	+	0.12063	delta_sum_err	33	A	TCAAA	ok	False
chr3	4916520	4916521	+	0.12766	delta_sum_err	46	A	TGACA	ok	True
chr3	4916599	4916600	+	0.14332	delta_sum_err	46	A	GCATG	ok	False
chr3	4916842	4916843	+	0.26144	delta_sum_err	41	A	CCACA	ok	False
chr3	4916844	4916845	+	0.1268	delta_sum_err	44	A	ACATG	ok	False
chr3	4916858	4916859	+	0.13086	delta_sum_err	44	A	CGAGT	ok	False
chr3	4916882	4916883	+	0.11913	delta_sum_err	44	A	CGAAA	ok	False
chr3	4916884	4916885	+	0.13392	delta_sum_err	50	A	AAATT	ok	False
chr3	4916942	4916943	+	0.12501	delta_sum_err	42	A	ATAAT	ok	False
chr3	4925152	4925153	+	0.13044	delta_sum_err	44	A	TGAGG	ok	False
chr3	4925671	4925672	+	0.125	delta_sum_err	43	A	CCACC	ok	False
chr3	4925811	4925812	+	0.17602	delta_sum_err	32	A	ACAAA	ok	False
chr3	4926113	4926114	+	0.13793	delta_sum_err	52	A	TAACA	ok	True
chr3	4926781	4926782	+	0.13616	delta_sum_err	49	A	GCAAA	ok	False
chr3	4938017	4938018	+	0.12501	delta_sum_err	55	A	TCAAG	ok	False
chr3	4938124	4938125	+	0.12292	delta_sum_err	50	A	CCACC	ok	False
chr3	4938315	4938316	+	0.16668	delta_sum_err	63	A	TCATT	ok	False
chr3	4938351	4938352	+	0.15151	delta_sum_err	62	A	ATAGG	ok	False
chr3	4938491	4938492	+	0.12773	delta_sum_err	71	A	AAATC	ok	False
chr3	4939180	4939181	+	0.19168	delta_sum_err	48	A	GCAAA	ok	False
chr3	5021323	5021324	+	0.13489	delta_sum_err	79	A	TTACC	ok	False
chr3	5021326	5021327	+	0.12451	delta_sum_err	76	A	CCAAA	ok	False
chr3	5021795	5021796	+	0.12538	delta_sum_err	78	A	TCATA	ok	False
chr3	5021852	5021853	+	0.14253	delta_sum_err	96	A	TAACC	ok	True
chr3	5022911	5022912	+	0.15921	delta_sum_err	102	A	TCAAA	ok	False
chr3	5117500	5117501	+	0.49638	delta_sum_err	486	A	TCAGA	ok	False
chr3	5188407	5188408	+	0.17053	delta_sum_err	81	A	AAACC	ok	True
chr3	5189539	5189540	+	0.15936	delta_sum_err	373	A	TGACT	ok	True
chr3	5361030	5361031	+	0.1902	delta_sum_err	234	A	TCAAA	ok	False
chr3	543231	543232	+	0.25253	delta_sum_err	155	A	GTAAA	ok	False
chr3	5568134	5568135	+	0.12035	delta_sum_err	165	A	GCATT	ok	False
chr3	5589217	5589218	+	0.11985	delta_sum_err	240	A	CCACA	ok	False
chr3	5593641	5593642	+	0.1375	delta_sum_err	75	A	GCACT	ok	False
chr3	5595153	5595154	+	0.15427	delta_sum_err	200	A	AAAAC	ok	False
chr3	5645361	5645362	+	0.1573	delta_sum_err	54	A	AAAAA	ok	False
chr3	5677123	5677124	+	0.23191	delta_sum_err	31	A	CAATG	ok	False
chr3	5677140	5677141	+	0.13322	delta_sum_err	29	A	GCACT	ok	False
chr3	5677516	5677517	+	0.18421	delta_sum_err	30	A	TGAGC	ok	False
chr3	5677901	5677902	+	0.11471	delta_sum_err	26	A	ATAGG	ok	False
chr3	5706771	5706772	+	0.1215	delta_sum_err	42	A	AGAAA	ok	False
chr3	579716	579717	+	0.15522	delta_sum_err	65	A	CTAGA	ok	False
chr3	579913	579914	+	0.1147	delta_sum_err	72	A	TCAGA	ok	False
chr3	580331	580332	+	0.1823	delta_sum_err	74	A	TTACA	ok	False
chr3	580451	580452	+	0.11563	delta_sum_err	44	A	TCATA	ok	False
chr3	581033	581034	+	0.12627	delta_sum_err	84	A	TTATA	ok	False
chr3	581498	581499	+	0.28498	delta_sum_err	64	A	TTAAA	ok	False
chr3	581499	581500	+	0.21881	delta_sum_err	73	A	TAAAC	ok	False
chr3	581562	581563	+	0.11521	delta_sum_err	99	A	TAAAA	ok	False
chr3	581574	581575	+	0.12619	delta_sum_err	95	A	TCATA	ok	False
chr3	5883104	5883105	+	0.25824	delta_sum_err	95	A	TCAGA	ok	False
chr3	6182571	6182572	+	0.13158	delta_sum_err	35	A	TTAGT	ok	False
chr3	6182604	6182605	+	0.201	delta_sum_err	35	A	CCATG	ok	False
chr3	6182629	6182630	+	0.15384	delta_sum_err	37	A	GGAGC	ok	False
chr3	6267091	6267092	+	0.12082	delta_sum_err	138	A	TCAAG	ok	False
chr3	6267166	6267167	+	0.12668	delta_sum_err	132	A	CTAGC	ok	False
chr3	6453931	6453932	+	0.28592	delta_sum_err	706	A	CAAAG	ok	False
chr3	6475013	6475014	+	0.1288	delta_sum_err	192	A	TAATC	ok	False
chr3	6476197	6476198	+	0.13841	delta_sum_err	245	A	TTACA	ok	False
chr3	6476618	6476619	+	0.12941	delta_sum_err	263	A	TGAAA	ok	False
chr3	6476815	6476816	+	0.12646	delta_sum_err	265	A	TCACA	ok	False
chr3	6477011	6477012	+	0.1247	delta_sum_err	190	A	AAAAA	ok	False
chr3	6477012	6477013	+	0.12191	delta_sum_err	196	A	AAAAA	ok	False
chr3	6747165	6747166	+	0.11404	delta_sum_err	128	A	CAAGA	ok	False
chr3	6774013	6774014	+	0.12689	delta_sum_err	45	A	ATAAC	ok	False
chr3	6774021	6774022	+	0.16774	delta_sum_err	40	A	TAAGG	ok	False
chr3	6774146	6774147	+	0.21667	delta_sum_err	22	A	CGAAA	ok	False
chr3	6865014	6865015	+	0.11764	delta_sum_err	81	A	TCACG	ok	False
chr3	6866291	6866292	+	0.12399	delta_sum_err	39	A	TGAAA	ok	False
chr3	6866319	6866320	+	0.16796	delta_sum_err	93	A	AAATT	ok	False
chr3	6876516	6876517	+	0.13943	delta_sum_err	112	A	TCAAC	ok	False
chr3	7281044	7281045	+	0.1881	delta_sum_err	59	A	TTACC	ok	False
chr3	7281058	7281059	+	0.16593	delta_sum_err	62	A	TCAAC	ok	False
chr3	7281222	7281223	+	0.13011	delta_sum_err	68	A	ATATG	ok	False
chr3	7281289	7281290	+	0.14316	delta_sum_err	62	A	CTAAA	ok	False
chr3	7281319	7281320	+	0.13615	delta_sum_err	65	A	GTACA	ok	False
chr3	7281522	7281523	+	0.18326	delta_sum_err	73	A	TTAAA	ok	False
chr3	7281657	7281658	+	0.12925	delta_sum_err	102	A	CTAGG	ok	False
chr3	7281679	7281680	+	0.21564	delta_sum_err	65	A	CCACA	ok	False
chr3	7836551	7836552	+	0.25454	delta_sum_err	60	A	TCACG	ok	False
chr3	7836581	7836582	+	0.16447	delta_sum_err	69	A	TTACA	ok	False
chr3	7837216	7837217	+	0.12795	delta_sum_err	80	A	CAAAG	ok	False
chr3	7838919	7838920	+	0.12599	delta_sum_err	191	A	GGATC	ok	False
chr3	7838981	7838982	+	0.32979	delta_sum_err	246	A	ATAAA	ok	False
chr3	7908142	7908143	+	0.16129	delta_sum_err	49	A	TAACA	ok	True
chr3	7961539	7961540	+	0.19324	delta_sum_err	80	A	CAACA	ok	False
chr3	7961556	7961557	+	0.13947	delta_sum_err	98	A	CCAGC	ok	False
chr3	7961560	7961561	+	0.12894	delta_sum_err	84	A	CTACA	ok	False
chr3	7961562	7961563	+	0.14142	delta_sum_err	92	A	ACAAC	ok	False
chr3	7961663	7961664	+	0.15686	delta_sum_err	82	A	TCACC	ok	False
chr3	7961706	7961707	+	0.1382	delta_sum_err	103	A	ACAGA	ok	False
chr3	7961830	7961831	+	0.2353	delta_sum_err	59	A	TTACC	ok	False
chr3	7961837	7961838	+	0.14041	delta_sum_err	85	A	CCACA	ok	False
chr3	7961889	7961890	+	0.14095	delta_sum_err	104	A	TTAGA	ok	False
chr3	7961892	7961893	+	0.11764	delta_sum_err	106	A	GAAGA	ok	False
chr3	7961943	7961944	+	0.2747	delta_sum_err	90	A	TCACT	ok	False
chr3	7961949	7961950	+	0.1232	delta_sum_err	95	A	ATACT	ok	False
chr3	7961994	7961995	+	0.13874	delta_sum_err	103	A	CTATT	ok	False
chr3	7962100	7962101	+	0.26276	delta_sum_err	58	A	ATAAA	ok	False
chr3	8112863	8112864	+	0.13263	delta_sum_err	147	A	GCAAA	ok	False
chr3	8114868	8114869	+	0.11918	delta_sum_err	386	A	AGACT	ok	True
chr3	8139873	8139874	+	0.12121	delta_sum_err	55	A	TAATG	ok	False
chr3	8139932	8139933	+	0.12727	delta_sum_err	52	A	ATATG	ok	False
chr3	8141098	8141099	+	0.11539	delta_sum_err	72	A	TCATT	ok	False
chr3	8141297	8141298	+	0.13132	delta_sum_err	68	A	GGAAG	ok	False
chr3	8141517	8141518	+	0.13406	delta_sum_err	85	A	ACACA	ok	False
chr3	8141570	8141571	+	0.16292	delta_sum_err	83	A	TCACA	ok	False
chr3	8141578	8141579	+	0.15417	delta_sum_err	87	A	ACAAC	ok	False
chr3	8141579	8141580	+	0.23625	delta_sum_err	89	A	CAACC	ok	False
chr3	8141689	8141690	+	0.17912	delta_sum_err	86	A	TCAAG	ok	False
chr3	8141841	8141842	+	0.41998	delta_sum_err	104	A	TTAGA	ok	False
chr3	8141893	8141894	+	0.1436	delta_sum_err	93	A	ACAAC	ok	False
chr3	8141894	8141895	+	0.16177	delta_sum_err	103	A	CAACA	ok	False
chr3	8172675	8172676	+	0.11645	delta_sum_err	79	A	GCAAA	ok	False
chr3	8172676	8172677	+	0.11693	delta_sum_err	85	A	CAAAA	ok	False
chr3	8172722	8172723	+	0.13767	delta_sum_err	77	A	GGAAA	ok	False
chr3	8172866	8172867	+	0.19132	delta_sum_err	68	A	TCAGA	ok	False
chr3	8172938	8172939	+	0.13738	delta_sum_err	80	A	CCAAA	ok	False
chr3	8172991	8172992	+	0.14366	delta_sum_err	78	A	TCAAA	ok	False
chr3	8173074	8173075	+	0.15987	delta_sum_err	83	A	TCACC	ok	False
chr3	8173092	8173093	+	0.20526	delta_sum_err	84	A	TCACC	ok	False
chr3	8173185	8173186	+	0.12541	delta_sum_err	81	A	ACAAA	ok	False
chr3	8173478	8173479	+	0.15532	delta_sum_err	62	A	TGAAA	ok	False
chr3	8173521	8173522	+	0.12649	delta_sum_err	88	A	TCATC	ok	False
chr3	8375821	8375822	+	0.11784	delta_sum_err	390	A	CAAAA	ok	False
chr3	8603701	8603702	+	0.14999	delta_sum_err	60	A	ATAGC	ok	False
chr3	8604100	8604101	+	0.12185	delta_sum_err	58	A	TCAAA	ok	False
chr3	8604218	8604219	+	0.12365	delta_sum_err	52	A	TCACT	ok	False
chr3	8604316	8604317	+	0.20129	delta_sum_err	55	A	CTAAA	ok	False
chr3	8604517	8604518	+	0.1485	delta_sum_err	76	A	TTACG	ok	False
chr3	8644170	8644171	+	0.14965	delta_sum_err	121	A	TCAAG	ok	False
chr3	8704156	8704157	+	0.41335	delta_sum_err	132	A	TTAGA	ok	False
chr3	8704179	8704180	+	0.15818	delta_sum_err	110	A	TTAAA	ok	False
chr3	8704180	8704181	+	0.24445	delta_sum_err	117	A	TAAAC	ok	False
chr3	8704181	8704182	+	0.12121	delta_sum_err	126	A	AAACC	ok	True
chr3	8729010	8729011	+	0.12219	delta_sum_err	130	A	GTAAA	ok	False
chr3	8729215	8729216	+	0.12932	delta_sum_err	55	A	CCATA	ok	False
chr3	9183437	9183438	+	0.12217	delta_sum_err	78	A	TCACA	ok	False
chr3	9184043	9184044	+	0.18182	delta_sum_err	90	A	TTATG	ok	False
chr3	9184059	9184060	+	0.15609	delta_sum_err	65	A	TCACC	ok	False
chr3	9184066	9184067	+	0.16064	delta_sum_err	66	A	CAAAA	ok	False
chr3	9184400	9184401	+	0.13164	delta_sum_err	87	A	ACACC	ok	False
chr3	9184447	9184448	+	0.17835	delta_sum_err	93	A	TCAAA	ok	False
chr3	9184494	9184495	+	0.12121	delta_sum_err	95	A	GAAAC	ok	False
chr3	9184531	9184532	+	0.50451	delta_sum_err	65	A	TTAAA	ok	False
chr3	9526181	9526182	+	0.16164	delta_sum_err	293	A	TGAGA	ok	False
chr3	9526183	9526184	+	0.118	delta_sum_err	279	A	AGACC	ok	True
chr3	9526186	9526187	+	0.22	delta_sum_err	278	A	CCATG	ok	False
chr3	9526189	9526190	+	0.16704	delta_sum_err	295	A	TGACC	ok	True
chr3	9526231	9526232	+	0.15284	delta_sum_err	277	A	ATACC	ok	False
chr3	9527591	9527592	+	0.13316	delta_sum_err	137	A	GCAAA	ok	False
chr3	9528315	9528316	+	0.33199	delta_sum_err	201	A	TGAGA	ok	False
chr3	9758501	9758502	+	0.14453	delta_sum_err	88	A	AAACC	ok	True
chr3	9813678	9813679	+	0.11602	delta_sum_err	171	A	TCACG	ok	False
chr3	9814283	9814284	+	0.12734	delta_sum_err	192	A	TGATT	ok	False
chr3	9814455	9814456	+	0.1151	delta_sum_err	169	A	ATAAA	ok	False
chr3	9814579	9814580	+	0.17734	delta_sum_err	185	A	TCAAA	ok	False
chr3	9814689	9814690	+	0.14533	delta_sum_err	155	A	TTAAC	ok	False
chr3	9990217	9990218	+	0.12086	delta_sum_err	155	A	TTAAC	ok	False
chr3	9990715	9990716	+	0.1149	delta_sum_err	157	A	TTACA	ok	False
chr3	9991480	9991481	+	0.27004	delta_sum_err	171	A	GTAAG	ok	False
chr3	9991481	9991482	+	0.16154	delta_sum_err	213	A	TAAGA	ok	False
chr3	9991528	9991529	+	0.12033	delta_sum_err	217	A	GGATT	ok	False
chr3	9991677	9991678	+	0.17646	delta_sum_err	207	A	CGATA	ok	False
chr3	9991679	9991680	+	0.12216	delta_sum_err	197	A	ATACT	ok	False
chr3	9991687	9991688	+	0.1282	delta_sum_err	181	A	TGAAA	ok	False
chr4	10297543	10297544	+	0.14603	delta_sum_err	52	A	GTAGT	ok	False
chr4	10297705	10297706	+	0.16363	delta_sum_err	45	A	TTACA	ok	False
chr4	10297707	10297708	+	0.15758	delta_sum_err	45	A	ACATT	ok	False
chr4	10297879	10297880	+	0.11765	delta_sum_err	52	A	CAAAA	ok	False
chr4	10298020	10298021	+	0.13234	delta_sum_err	42	A	CCAAC	ok	False
chr4	10298021	10298022	+	0.15337	delta_sum_err	31	A	CAACA	ok	False
chr4	10298032	10298033	+	0.17332	delta_sum_err	44	A	ACATC	ok	False
chr4	10298048	10298049	+	0.13445	delta_sum_err	52	A	CTACC	ok	False
chr4	10298283	10298284	+	0.13235	delta_sum_err	41	A	ATAAA	ok	False
chr4	10298416	10298417	+	0.20125	delta_sum_err	50	A	TTACA	ok	False
chr4	10298561	10298562	+	0.1197	delta_sum_err	55	A	AAAGG	ok	False
chr4	10298720	10298721	+	0.11397	delta_sum_err	54	A	GAAGC	ok	False
chr4	10298774	10298775	+	0.1257	delta_sum_err	58	A	CCAAA	ok	False
chr4	10298828	10298829	+	0.11571	delta_sum_err	62	A	TCATC	ok	False
chr4	10298911	10298912	+	0.1625	delta_sum_err	55	A	TTAAA	ok	False
chr4	10298930	10298931	+	0.12945	delta_sum_err	57	A	AGACA	ok	True
chr4	10298932	10298933	+	0.1666	delta_sum_err	55	A	ACAAC	ok	False
chr4	10299088	10299089	+	0.13547	delta_sum_err	55	A	AAAAC	ok	False
chr4	10299139	10299140	+	0.1994	delta_sum_err	36	A	TGAAA	ok	False
chr4	10299190	10299191	+	0.1679	delta_sum_err	54	A	GTAAA	ok	False
chr4	10299216	10299217	+	0.16223	delta_sum_err	42	A	TTATA	ok	False
chr4	10299223	10299224	+	0.1359	delta_sum_err	43	A	GTAAA	ok	False
chr4	10303263	10303264	+	0.16009	delta_sum_err	496	A	ATAGT	ok	False
chr4	10303285	10303286	+	0.1381	delta_sum_err	462	A	GTAAC	ok	False
chr4	10303286	10303287	+	0.12806	delta_sum_err	455	A	TAACC	ok	True
chr4	10303295	10303296	+	0.23576	delta_sum_err	421	A	TGACT	ok	True
chr4	10477628	10477629	+	0.12121	delta_sum_err	69	A	TCACT	ok	False
chr4	10478086	10478087	+	0.12252	delta_sum_err	74	A	GCAGT	ok	False
chr4	10478095	10478096	+	0.13427	delta_sum_err	71	A	ATACT	ok	False
chr4	10478246	10478247	+	0.1433	delta_sum_err	84	A	TTACT	ok	False
chr4	10478262	10478263	+	0.2239	delta_sum_err	82	A	GCAAA	ok	False
chr4	10478275	10478276	+	0.12669	delta_sum_err	82	A	CGAGA	ok	False
chr4	10478550	10478551	+	0.1298	delta_sum_err	74	A	CTACA	ok	False
chr4	10478585	10478586	+	0.11656	delta_sum_err	59	A	TTAAC	ok	False
chr4	10478800	10478801	+	0.15804	delta_sum_err	74	A	GTAAA	ok	False
chr4	10479454	10479455	+	0.1415	delta_sum_err	102	A	CCATT	ok	False
chr4	10480017	10480018	+	0.12286	delta_sum_err	115	A	AGAAC	ok	False
chr4	10480032	10480033	+	0.23077	delta_sum_err	91	A	GGAGA	ok	False
chr4	10480034	10480035	+	0.14316	delta_sum_err	109	A	AGACA	ok	True
chr4	10480036	10480037	+	0.11859	delta_sum_err	102	A	ACATG	ok	False
chr4	10480059	10480060	+	0.12235	delta_sum_err	103	A	GTAAC	ok	False
chr4	10480068	10480069	+	0.42733	delta_sum_err	107	A	CTAGA	ok	False
chr4	10482788	10482789	+	0.1167	delta_sum_err	13	A	GGAAA	ok	False
chr4	10482885	10482886	+	0.12537	delta_sum_err	65	A	TCAGC	ok	False
chr4	10483040	10483041	+	0.14039	delta_sum_err	72	A	TCATT	ok	False
chr4	10483101	10483102	+	0.16035	delta_sum_err	63	A	GAATA	ok	False
chr4	10483121	10483122	+	0.14251	delta_sum_err	64	A	ATACT	ok	False
chr4	10483367	10483368	+	0.1502	delta_sum_err	86	A	GTAGA	ok	False
chr4	10483596	10483597	+	0.12381	delta_sum_err	105	A	CAAGG	ok	False
chr4	10483689	10483690	+	0.20404	delta_sum_err	92	A	GCATA	ok	False
chr4	10483772	10483773	+	0.1167	delta_sum_err	74	A	CCAAA	ok	False
chr4	10483788	10483789	+	0.11668	delta_sum_err	83	A	TTATT	ok	False
chr4	10499361	10499362	+	0.1312	delta_sum_err	172	A	TCAAG	ok	False
chr4	10500403	10500404	+	0.15722	delta_sum_err	193	A	CCACC	ok	False
chr4	10500467	10500468	+	0.26133	delta_sum_err	170	A	TCAAA	ok	False
chr4	10500468	10500469	+	0.18585	delta_sum_err	192	A	CAAAC	ok	False
chr4	10500469	10500470	+	0.18699	delta_sum_err	211	A	AAACA	ok	True
chr4	10500538	10500539	+	0.2437	delta_sum_err	171	A	ATAAA	ok	False
chr4	10500539	10500540	+	0.23013	delta_sum_err	188	A	TAAAC	ok	False
chr4	10500540	10500541	+	0.22703	delta_sum_err	203	A	AAACC	ok	True
chr4	10500624	10500625	+	0.13817	delta_sum_err	198	A	TGACA	ok	True
chr4	10504972	10504973	+	0.12	delta_sum_err	66	A	TTACG	ok	False
chr4	10504980	10504981	+	0.17248	delta_sum_err	70	A	CCATC	ok	False
chr4	10505084	10505085	+	0.24215	delta_sum_err	59	A	TTAAC	ok	False
chr4	10505085	10505086	+	0.21549	delta_sum_err	62	A	TAACT	ok	True
chr4	10505095	10505096	+	0.12645	delta_sum_err	57	A	ATAAA	ok	False
chr4	10505103	10505104	+	0.24431	delta_sum_err	63	A	TTAAG	ok	False
chr4	10505114	10505115	+	0.29165	delta_sum_err	56	A	TAACC	ok	True
chr4	10774316	10774317	+	0.13458	delta_sum_err	67	A	ATAAA	ok	False
chr4	10774348	10774349	+	0.15107	delta_sum_err	87	A	ACATT	ok	False
chr4	10774367	10774368	+	0.16873	delta_sum_err	74	A	CCAAA	ok	False
chr4	10775756	10775757	+	0.13296	delta_sum_err	97	A	TCAAC	ok	False
chr4	10775763	10775764	+	0.14452	delta_sum_err	78	A	ATATT	ok	False
chr4	10775853	10775854	+	0.17403	delta_sum_err	37	A	TCAAA	ok	False
chr4	10941624	10941625	+	0.11543	delta_sum_err	111	A	AAATT	ok	False
chr4	10942058	10942059	+	0.13267	delta_sum_err	87	A	AGAAA	ok	False
chr4	10942078	10942079	+	0.15015	delta_sum_err	115	A	CCAAA	ok	False
chr4	10943319	10943320	+	0.12219	delta_sum_err	64	A	AAAAA	ok	False
chr4	10943405	10943406	+	0.1266	delta_sum_err	122	A	GGAAA	ok	False
chr4	10989975	10989976	+	0.22768	delta_sum_err	45	A	CAAAA	ok	False
chr4	10989980	10989981	+	0.17415	delta_sum_err	62	A	AAATT	ok	False
chr4	1109225	1109226	+	0.12777	delta_sum_err	47	A	TGAGC	ok	False
chr4	1109234	1109235	+	0.21885	delta_sum_err	49	A	AGATC	ok	False
chr4	1109281	1109282	+	0.125	delta_sum_err	50	A	ACAGC	ok	False
chr4	1109293	1109294	+	0.11851	delta_sum_err	50	A	CCAAT	ok	False
chr4	1109312	1109313	+	0.13089	delta_sum_err	51	A	ACAAG	ok	False
chr4	1109336	1109337	+	0.12981	delta_sum_err	42	A	CGAAC	ok	False
chr4	1109355	1109356	+	0.1274	delta_sum_err	43	A	GTACT	ok	False
chr4	1109436	1109437	+	0.3694	delta_sum_err	22	A	ATAAA	ok	False
chr4	1109437	1109438	+	0.26882	delta_sum_err	35	A	TAAAA	ok	False
chr4	11155894	11155895	+	0.11996	delta_sum_err	28	A	CGACA	ok	False
chr4	11155896	11155897	+	0.11693	delta_sum_err	26	A	ACATG	ok	False
chr4	11156079	11156080	+	0.15625	delta_sum_err	29	A	ACATG	ok	False
chr4	11156127	11156128	+	0.125	delta_sum_err	31	A	AGATC	ok	False
chr4	11156201	11156202	+	0.14482	delta_sum_err	18	A	GGAGG	ok	False
chr4	11156322	11156323	+	0.16556	delta_sum_err	28	A	ACAAA	ok	False
chr4	11156343	11156344	+	0.28049	delta_sum_err	16	A	CGAAA	ok	False
chr4	11156661	11156662	+	0.13715	delta_sum_err	37	A	AGAAA	ok	False
chr4	11156703	11156704	+	0.15559	delta_sum_err	29	A	GGAAA	ok	False
chr4	11156736	11156737	+	0.13869	delta_sum_err	32	A	GGAAA	ok	False
chr4	11156872	11156873	+	0.1972	delta_sum_err	38	A	TTACA	ok	False
chr4	11156880	11156881	+	0.1671	delta_sum_err	40	A	TCATG	ok	False
chr4	11156967	11156968	+	0.15773	delta_sum_err	39	A	ATAGT	ok	False
chr4	11266801	11266802	+	0.53169	delta_sum_err	405	A	GCAGA	ok	False
chr4	11266814	11266815	+	0.1333	delta_sum_err	433	A	GCACT	ok	False
chr4	11266870	11266871	+	0.52971	delta_sum_err	354	A	GCAGA	ok	False
chr4	11266872	11266873	+	0.12442	delta_sum_err	403	A	AGACA	ok	True
chr4	11266887	11266888	+	0.13782	delta_sum_err	430	A	CTAAA	ok	False
chr4	11266888	11266889	+	0.11475	delta_sum_err	454	A	TAAAG	ok	False
chr4	11266889	11266890	+	0.18483	delta_sum_err	460	A	AAAGA	ok	False
chr4	11307799	11307800	+	0.15536	delta_sum_err	61	A	TCATA	ok	False
chr4	11307801	11307802	+	0.13651	delta_sum_err	67	A	ATAAA	ok	False
chr4	11307814	11307815	+	0.12519	delta_sum_err	73	A	CAAGA	ok	False
chr4	11307852	11307853	+	0.12658	delta_sum_err	71	A	CCATC	ok	False
chr4	11308039	11308040	+	0.14117	delta_sum_err	76	A	CTATC	ok	False
chr4	11308044	11308045	+	0.15072	delta_sum_err	72	A	AAACA	ok	True
chr4	11308366	11308367	+	0.16748	delta_sum_err	83	A	AGAAA	ok	False
chr4	11308490	11308491	+	0.12629	delta_sum_err	85	A	ACAGA	ok	False
chr4	11308540	11308541	+	0.13838	delta_sum_err	83	A	TGAGA	ok	False
chr4	11308596	11308597	+	0.13359	delta_sum_err	94	A	TTATT	ok	False
chr4	11308636	11308637	+	0.11919	delta_sum_err	91	A	ATAGA	ok	False
chr4	11308658	11308659	+	0.18421	delta_sum_err	72	A	AAACT	ok	True
chr4	11335650	11335651	+	0.2803	delta_sum_err	2303	A	TTAGA	ok	False
chr4	1134942	1134943	+	0.14995	delta_sum_err	103	A	CTAAG	ok	False
chr4	1136370	1136371	+	0.13164	delta_sum_err	101	A	CCATG	ok	False
chr4	1136376	1136377	+	0.13854	delta_sum_err	95	A	TCACT	ok	False
chr4	1136408	1136409	+	0.13501	delta_sum_err	119	A	GGATA	ok	False
chr4	1136559	1136560	+	0.13292	delta_sum_err	119	A	TGAGA	ok	False
chr4	1136799	1136800	+	0.13248	delta_sum_err	118	A	GCATG	ok	False
chr4	1136852	1136853	+	0.15151	delta_sum_err	134	A	AGACA	ok	True
chr4	1136870	1136871	+	0.13003	delta_sum_err	122	A	CTAAG	ok	False
chr4	1136889	1136890	+	0.11565	delta_sum_err	134	A	TGATC	ok	False
chr4	1136989	1136990	+	0.17119	delta_sum_err	110	A	TCAAA	ok	False
chr4	1137035	1137036	+	0.45725	delta_sum_err	112	A	TTAGA	ok	False
chr4	11424832	11424833	+	0.19936	delta_sum_err	85	A	TCACA	ok	False
chr4	11424834	11424835	+	0.15194	delta_sum_err	60	A	ACATA	ok	False
chr4	11424901	11424902	+	0.22745	delta_sum_err	68	A	TCATG	ok	False
chr4	11425442	11425443	+	0.12135	delta_sum_err	98	A	CTAAG	ok	False
chr4	11492113	11492114	+	0.15245	delta_sum_err	69	A	GTAAG	ok	False
chr4	11572128	11572129	+	0.12226	delta_sum_err	69	A	AAAGA	ok	False
chr4	11572143	11572144	+	0.13659	delta_sum_err	80	A	TCAAT	ok	False
chr4	11572179	11572180	+	0.11604	delta_sum_err	77	A	GAACC	ok	True
chr4	11572182	11572183	+	0.13257	delta_sum_err	78	A	CCATC	ok	False
chr4	11572245	11572246	+	0.11756	delta_sum_err	44	A	GCAAA	ok	False
chr4	11572351	11572352	+	0.14947	delta_sum_err	72	A	TGACT	ok	True
chr4	11656735	11656736	+	0.20224	delta_sum_err	84	A	ACACA	ok	False
chr4	11656812	11656813	+	0.15984	delta_sum_err	88	A	TAAAA	ok	False
chr4	11656844	11656845	+	0.1399	delta_sum_err	68	A	ATACA	ok	False
chr4	11656849	11656850	+	0.12904	delta_sum_err	91	A	TAAAT	ok	False
chr4	11656899	11656900	+	0.18613	delta_sum_err	86	A	TAACT	ok	True
chr4	11791942	11791943	+	0.13062	delta_sum_err	155	A	CAACA	ok	False
chr4	11791967	11791968	+	0.11873	delta_sum_err	156	A	CCAGA	ok	False
chr4	11792735	11792736	+	0.2095	delta_sum_err	181	A	CCAAG	ok	False
chr4	11792794	11792795	+	0.33152	delta_sum_err	128	A	TGACA	ok	True
chr4	11792796	11792797	+	0.21719	delta_sum_err	146	A	ACATT	ok	False
chr4	11792811	11792812	+	0.20918	delta_sum_err	130	A	ATAAA	ok	False
chr4	12007077	12007078	+	0.17401	delta_sum_err	77	A	ACACA	ok	False
chr4	12220828	12220829	+	0.12364	delta_sum_err	162	A	CAACA	ok	False
chr4	12220970	12220971	+	0.12379	delta_sum_err	162	A	ATAGC	ok	False
chr4	12221006	12221007	+	0.11941	delta_sum_err	176	A	ACAGT	ok	False
chr4	12312883	12312884	+	0.13333	delta_sum_err	23	A	GTAAA	ok	False
chr4	12312926	12312927	+	0.1533	delta_sum_err	26	A	CTATA	ok	False
chr4	12312997	12312998	+	0.15152	delta_sum_err	28	A	ATAAA	ok	False
chr4	12318039	12318040	+	0.13541	delta_sum_err	155	A	GAAAA	ok	False
chr4	12319540	12319541	+	0.12721	delta_sum_err	273	A	CCACT	ok	False
chr4	12319698	12319699	+	0.12269	delta_sum_err	270	A	TGACT	ok	True
chr4	12319809	12319810	+	0.16578	delta_sum_err	186	A	GAATT	ok	False
chr4	12565455	12565456	+	0.13806	delta_sum_err	51	A	CGACA	ok	False
chr4	12565457	12565458	+	0.164	delta_sum_err	49	A	ACACA	ok	False
chr4	12565578	12565579	+	0.15252	delta_sum_err	54	A	CAAGC	ok	False
chr4	12565605	12565606	+	0.11923	delta_sum_err	52	A	ACATG	ok	False
chr4	12565711	12565712	+	0.12504	delta_sum_err	47	A	CCAAA	ok	False
chr4	12565949	12565950	+	0.15491	delta_sum_err	60	A	TGAAC	ok	False
chr4	12566027	12566028	+	0.11651	delta_sum_err	62	A	AGAAA	ok	False
chr4	12566254	12566255	+	0.12788	delta_sum_err	52	A	AAAGA	ok	False
chr4	12566552	12566553	+	0.11561	delta_sum_err	68	A	CTAAA	ok	False
chr4	12592593	12592594	+	0.14415	delta_sum_err	110	A	CAAGT	ok	False
chr4	12592636	12592637	+	0.11707	delta_sum_err	98	A	CCACG	ok	False
chr4	12592650	12592651	+	0.12103	delta_sum_err	109	A	ACAAA	ok	False
chr4	12593161	12593162	+	0.1298	delta_sum_err	158	A	AAATT	ok	False
chr4	12593422	12593423	+	0.21062	delta_sum_err	155	A	TCACA	ok	False
chr4	12593424	12593425	+	0.15067	delta_sum_err	176	A	ACAGA	ok	False
chr4	12593470	12593471	+	0.1454	delta_sum_err	151	A	ACATG	ok	False
chr4	12593517	12593518	+	0.17166	delta_sum_err	153	A	AGAAC	ok	False
chr4	12593547	12593548	+	0.37343	delta_sum_err	116	A	GGACA	ok	True
chr4	12593549	12593550	+	0.37607	delta_sum_err	107	A	ACAAC	ok	False
chr4	12593550	12593551	+	0.16622	delta_sum_err	153	A	CAACA	ok	False
chr4	12593552	12593553	+	0.13974	delta_sum_err	148	A	ACATT	ok	False
chr4	12742987	12742988	+	0.11522	delta_sum_err	32	A	ACACA	ok	False
chr4	12743041	12743042	+	0.12121	delta_sum_err	34	A	TTACA	ok	False
chr4	12743229	12743230	+	0.15671	delta_sum_err	32	A	AAAGG	ok	False
chr4	12743249	12743250	+	0.1368	delta_sum_err	34	A	ATAGT	ok	False
chr4	12743324	12743325	+	0.19916	delta_sum_err	33	A	CTACC	ok	False
chr4	12743494	12743495	+	0.14799	delta_sum_err	30	A	TGAAT	ok	False
chr4	12743579	12743580	+	0.11959	delta_sum_err	41	A	TGAGT	ok	False
chr4	12743623	12743624	+	0.1143	delta_sum_err	38	A	TGAAA	ok	False
chr4	12743629	12743630	+	0.13017	delta_sum_err	37	A	GTACT	ok	False
chr4	12743750	12743751	+	0.13571	delta_sum_err	44	A	TAACA	ok	True
chr4	12743809	12743810	+	0.12202	delta_sum_err	40	A	CTACT	ok	False
chr4	12743868	12743869	+	0.15508	delta_sum_err	48	A	ATAAC	ok	False
chr4	12743869	12743870	+	0.19117	delta_sum_err	49	A	TAACC	ok	True
chr4	12744190	12744191	+	0.1229	delta_sum_err	52	A	AGAAG	ok	False
chr4	12744272	12744273	+	0.20238	delta_sum_err	28	A	ATAAA	ok	False
chr4	12744275	12744276	+	0.11951	delta_sum_err	52	A	AAACC	ok	True
chr4	12744354	12744355	+	0.12074	delta_sum_err	45	A	TTAAC	ok	False
chr4	12744364	12744365	+	0.48553	delta_sum_err	39	A	CTAAG	ok	False
chr4	12744365	12744366	+	0.46811	delta_sum_err	48	A	TAAGA	ok	False
chr4	12827978	12827979	+	0.12458	delta_sum_err	51	A	ACACA	ok	False
chr4	12828012	12828013	+	0.14162	delta_sum_err	56	A	TCACA	ok	False
chr4	12828027	12828028	+	0.12477	delta_sum_err	54	A	ACATT	ok	False
chr4	12828083	12828084	+	0.12769	delta_sum_err	58	A	TCACT	ok	False
chr4	12828109	12828110	+	0.1277	delta_sum_err	16	A	TAATT	ok	False
chr4	12828634	12828635	+	0.13668	delta_sum_err	74	A	CCACC	ok	False
chr4	12828649	12828650	+	0.21164	delta_sum_err	63	A	CCACC	ok	False
chr4	12829094	12829095	+	0.11736	delta_sum_err	80	A	TCACA	ok	False
chr4	12829160	12829161	+	0.19286	delta_sum_err	61	A	AGAAA	ok	False
chr4	12871085	12871086	+	0.11685	delta_sum_err	976	A	TTAGA	ok	False
chr4	12871133	12871134	+	0.20251	delta_sum_err	814	A	TGACA	ok	True
chr4	12871139	12871140	+	0.2976	delta_sum_err	835	A	TGAGA	ok	False
chr4	12871141	12871142	+	0.15075	delta_sum_err	897	A	AGACA	ok	True
chr4	12871143	12871144	+	0.26544	delta_sum_err	868	A	ACAAC	ok	False
chr4	12871144	12871145	+	0.13084	delta_sum_err	914	A	CAACT	ok	False
chr4	12878514	12878515	+	0.16451	delta_sum_err	286	A	GCAGA	ok	False
chr4	12878586	12878587	+	0.17614	delta_sum_err	98	A	CCAAA	ok	False
chr4	12878587	12878588	+	0.14343	delta_sum_err	154	A	CAAAA	ok	False
chr4	12878600	12878601	+	0.12957	delta_sum_err	162	A	ATACT	ok	False
chr4	12878629	12878630	+	0.19318	delta_sum_err	62	A	TTAAA	ok	False
chr4	12878634	12878635	+	0.14926	delta_sum_err	68	A	ATAAA	ok	False
chr4	1293345	1293346	+	0.12597	delta_sum_err	182	A	CAATT	ok	False
chr4	1293893	1293894	+	0.18364	delta_sum_err	139	A	TCACC	ok	False
chr4	1294039	1294040	+	0.14932	delta_sum_err	209	A	GCAGT	ok	False
chr4	1294230	1294231	+	0.11886	delta_sum_err	183	A	ATACA	ok	False
chr4	1294279	1294280	+	0.14849	delta_sum_err	219	A	ATAGG	ok	False
chr4	1294583	1294584	+	0.12751	delta_sum_err	200	A	TCATA	ok	False
chr4	1294745	1294746	+	0.20296	delta_sum_err	181	A	CTAAA	ok	False
chr4	1294748	1294749	+	0.17371	delta_sum_err	254	A	AAACT	ok	True
chr4	1294774	1294775	+	0.16166	delta_sum_err	259	A	AAAGA	ok	False
chr4	1294793	1294794	+	0.12028	delta_sum_err	241	A	AGAAC	ok	False
chr4	1294830	1294831	+	0.1911	delta_sum_err	190	A	ATAAA	ok	False
chr4	12973101	12973102	+	0.125	delta_sum_err	117	A	CAAAG	ok	False
chr4	12973220	12973221	+	0.1168	delta_sum_err	95	A	TCACT	ok	False
chr4	12974193	12974194	+	0.12724	delta_sum_err	98	A	TCAAA	ok	False
chr4	12974638	12974639	+	0.16864	delta_sum_err	127	A	CAACT	ok	False
chr4	12974648	12974649	+	0.24078	delta_sum_err	94	A	TTAAA	ok	False
chr4	12974649	12974650	+	0.17915	delta_sum_err	118	A	TAAAG	ok	False
chr4	12974650	12974651	+	0.21005	delta_sum_err	148	A	AAAGA	ok	False
chr4	12974660	12974661	+	0.24974	delta_sum_err	111	A	CCAAA	ok	False
chr4	12974661	12974662	+	0.21781	delta_sum_err	146	A	CAAAG	ok	False
chr4	12974662	12974663	+	0.2011	delta_sum_err	151	A	AAAGA	ok	False
chr4	12974664	12974665	+	0.18802	delta_sum_err	139	A	AGACC	ok	True
chr4	12974735	12974736	+	0.12762	delta_sum_err	110	A	TCACA	ok	False
chr4	12974738	12974739	+	0.14183	delta_sum_err	121	A	CAATA	ok	False
chr4	12974742	12974743	+	0.18354	delta_sum_err	103	A	ATACA	ok	False
chr4	12974744	12974745	+	0.20455	delta_sum_err	93	A	ACAAC	ok	False
chr4	12974745	12974746	+	0.12217	delta_sum_err	97	A	CAACT	ok	False
chr4	130164	130165	+	0.12026	delta_sum_err	27	A	GGACT	ok	True
chr4	130186	130187	+	0.12784	delta_sum_err	28	A	CTACT	ok	False
chr4	130198	130199	+	0.1875	delta_sum_err	23	A	ATACA	ok	False
chr4	13286623	13286624	+	0.18504	delta_sum_err	316	A	AGAAC	ok	False
chr4	13286708	13286709	+	0.23376	delta_sum_err	65	A	TCAAC	ok	False
chr4	13391555	13391556	+	0.12829	delta_sum_err	188	A	CAAAA	ok	False
chr4	13391794	13391795	+	0.13764	delta_sum_err	176	A	CCAAC	ok	False
chr4	13469744	13469745	+	0.27259	delta_sum_err	92	A	TCAAA	ok	False
chr4	13469745	13469746	+	0.11991	delta_sum_err	111	A	CAAAC	ok	False
chr4	13469746	13469747	+	0.17918	delta_sum_err	122	A	AAACA	ok	True
chr4	13469787	13469788	+	0.17807	delta_sum_err	99	A	GGAAC	ok	False
chr4	13469811	13469812	+	0.12157	delta_sum_err	115	A	TTACT	ok	False
chr4	13469815	13469816	+	0.31254	delta_sum_err	99	A	TCAAA	ok	False
chr4	13469816	13469817	+	0.25229	delta_sum_err	107	A	CAAAC	ok	False
chr4	13469817	13469818	+	0.2765	delta_sum_err	108	A	AAACA	ok	True
chr4	13469819	13469820	+	0.16643	delta_sum_err	91	A	ACATA	ok	False
chr4	13469845	13469846	+	0.2757	delta_sum_err	79	A	TGAAC	ok	False
chr4	13469863	13469864	+	0.34504	delta_sum_err	78	A	TCAAA	ok	False
chr4	13469864	13469865	+	0.30768	delta_sum_err	105	A	CAAAG	ok	False
chr4	13469865	13469866	+	0.32882	delta_sum_err	110	A	AAAGA	ok	False
chr4	13469872	13469873	+	0.11519	delta_sum_err	101	A	CTACC	ok	False
chr4	13469903	13469904	+	0.19314	delta_sum_err	62	A	TAAAA	ok	False
chr4	13498526	13498527	+	0.25763	delta_sum_err	161	A	GCAGA	ok	False
chr4	13498560	13498561	+	0.21585	delta_sum_err	143	A	AGAAA	ok	False
chr4	13498588	13498589	+	0.20444	delta_sum_err	139	A	TTAAA	ok	False
chr4	13498593	13498594	+	0.2696	delta_sum_err	170	A	GAACC	ok	True
chr4	13498643	13498644	+	0.20571	delta_sum_err	124	A	ATACT	ok	False
chr4	13572449	13572450	+	0.22097	delta_sum_err	49	A	CGAAG	ok	False
chr4	13572450	13572451	+	0.28979	delta_sum_err	47	A	GAAGC	ok	False
chr4	13572453	13572454	+	0.19838	delta_sum_err	49	A	GCATT	ok	False
chr4	13572487	13572488	+	0.13415	delta_sum_err	59	A	TCACC	ok	False
chr4	13572508	13572509	+	0.125	delta_sum_err	67	A	ACAAT	ok	False
chr4	13572509	13572510	+	0.14063	delta_sum_err	67	A	CAATC	ok	False
chr4	13572513	13572514	+	0.125	delta_sum_err	49	A	CTACA	ok	False
chr4	13572541	13572542	+	0.11935	delta_sum_err	66	A	TCACA	ok	False
chr4	13572606	13572607	+	0.1445	delta_sum_err	71	A	GCATT	ok	False
chr4	13572630	13572631	+	0.19823	delta_sum_err	75	A	CAATT	ok	False
chr4	13572647	13572648	+	0.15264	delta_sum_err	68	A	ACATG	ok	False
chr4	13572662	13572663	+	0.11447	delta_sum_err	73	A	CAAGC	ok	False
chr4	13572738	13572739	+	0.11688	delta_sum_err	77	A	CGAGC	ok	False
chr4	13572901	13572902	+	0.17143	delta_sum_err	90	A	AAATC	ok	False
chr4	13572910	13572911	+	0.17143	delta_sum_err	93	A	ACAAC	ok	False
chr4	13572943	13572944	+	0.15953	delta_sum_err	99	A	ATACA	ok	False
chr4	13572951	13572952	+	0.21906	delta_sum_err	96	A	ACAAG	ok	False
chr4	13572954	13572955	+	0.22619	delta_sum_err	96	A	AGAAA	ok	False
chr4	13572974	13572975	+	0.2395	delta_sum_err	95	A	TGAAA	ok	False
chr4	13726765	13726766	+	0.12435	delta_sum_err	27	A	ACATT	ok	False
chr4	13727110	13727111	+	0.14473	delta_sum_err	33	A	AAACT	ok	True
chr4	14060852	14060853	+	0.18032	delta_sum_err	76	A	CTAGG	ok	False
chr4	14060874	14060875	+	0.1985	delta_sum_err	83	A	GCATC	ok	False
chr4	14060965	14060966	+	0.14056	delta_sum_err	97	A	TCAGT	ok	False
chr4	14061142	14061143	+	0.14	delta_sum_err	89	A	AGAAC	ok	False
chr4	14151047	14151048	+	0.11655	delta_sum_err	229	A	CAACT	ok	False
chr4	1415982	1415983	+	0.12925	delta_sum_err	154	A	GAAGT	ok	False
chr4	1416011	1416012	+	0.16581	delta_sum_err	55	A	AAAAA	ok	False
chr4	1416164	1416165	+	0.14964	delta_sum_err	97	A	ACAAA	ok	False
chr4	1416583	1416584	+	0.13219	delta_sum_err	141	A	TTACA	ok	False
chr4	1416585	1416586	+	0.14857	delta_sum_err	154	A	ACATA	ok	False
chr4	1416914	1416915	+	0.12294	delta_sum_err	190	A	ACACA	ok	False
chr4	1417218	1417219	+	0.12265	delta_sum_err	117	A	TAAAA	ok	False
chr4	14307644	14307645	+	0.13398	delta_sum_err	125	A	GGAGG	ok	False
chr4	14307693	14307694	+	0.12543	delta_sum_err	136	A	TTAAG	ok	False
chr4	14312497	14312498	+	0.13939	delta_sum_err	49	A	AGAAA	ok	False
chr4	14312654	14312655	+	0.12398	delta_sum_err	52	A	TGAGG	ok	False
chr4	14313143	14313144	+	0.13717	delta_sum_err	49	A	GTATG	ok	False
chr4	14313511	14313512	+	0.15289	delta_sum_err	57	A	TCAAC	ok	False
chr4	14313512	14313513	+	0.1922	delta_sum_err	60	A	CAACA	ok	False
chr4	14313521	14313522	+	0.14088	delta_sum_err	63	A	CTACT	ok	False
chr4	14313542	14313543	+	0.12319	delta_sum_err	66	A	GTAGT	ok	False
chr4	14313782	14313783	+	0.17208	delta_sum_err	51	A	CCAAA	ok	False
chr4	14313885	14313886	+	0.12583	delta_sum_err	59	A	GCACT	ok	False
chr4	14314057	14314058	+	0.13345	delta_sum_err	54	A	ACACA	ok	False
chr4	14314061	14314062	+	0.11413	delta_sum_err	64	A	ACATC	ok	False
chr4	14314137	14314138	+	0.15396	delta_sum_err	68	A	ATATA	ok	False
chr4	14314439	14314440	+	0.18447	delta_sum_err	57	A	ATACT	ok	False
chr4	14314458	14314459	+	0.21904	delta_sum_err	61	A	GGATC	ok	False
chr4	14314470	14314471	+	0.15	delta_sum_err	48	A	TCATA	ok	False
chr4	14321148	14321149	+	0.12768	delta_sum_err	138	A	GGAAG	ok	False
chr4	14321201	14321202	+	0.12785	delta_sum_err	124	A	ACATC	ok	False
chr4	14321401	14321402	+	0.25601	delta_sum_err	145	A	GTAGA	ok	False
chr4	14321421	14321422	+	0.24048	delta_sum_err	136	A	TCACA	ok	False
chr4	14321443	14321444	+	0.13427	delta_sum_err	106	A	TCAAA	ok	False
chr4	14382176	14382177	+	0.12336	delta_sum_err	78	A	CTAGA	ok	False
chr4	14382239	14382240	+	0.13776	delta_sum_err	84	A	TCAGT	ok	False
chr4	14382491	14382492	+	0.15117	delta_sum_err	85	A	ACAGA	ok	False
chr4	14382533	14382534	+	0.17647	delta_sum_err	44	A	CGAAA	ok	False
chr4	14382534	14382535	+	0.12723	delta_sum_err	70	A	GAAAA	ok	False
chr4	14382586	14382587	+	0.11622	delta_sum_err	63	A	TCACA	ok	False
chr4	14382624	14382625	+	0.39083	delta_sum_err	53	A	TGACA	ok	True
chr4	1440250	1440251	+	0.12304	delta_sum_err	188	A	ACATA	ok	False
chr4	1441760	1441761	+	0.11673	delta_sum_err	1943	A	GTAAG	ok	False
chr4	14451221	14451222	+	0.14176	delta_sum_err	794	A	TCAAA	ok	False
chr4	14451255	14451256	+	0.36572	delta_sum_err	476	A	AGAAA	ok	False
chr4	14673145	14673146	+	0.18012	delta_sum_err	334	A	TTACC	ok	False
chr4	14673995	14673996	+	0.17744	delta_sum_err	368	A	TGACC	ok	True
chr4	14674004	14674005	+	0.1196	delta_sum_err	320	A	GGAAA	ok	False
chr4	14674023	14674024	+	0.13793	delta_sum_err	356	A	TTACA	ok	False
chr4	1476375	1476376	+	0.13981	delta_sum_err	30	A	GCATG	ok	False
chr4	14800580	14800581	+	0.1875	delta_sum_err	53	A	CGAAA	ok	False
chr4	14800585	14800586	+	0.11581	delta_sum_err	63	A	CTATT	ok	False
chr4	14922325	14922326	+	0.11658	delta_sum_err	276	A	TGAAA	ok	False
chr4	14922376	14922377	+	0.12152	delta_sum_err	287	A	CGACA	ok	False
chr4	14982808	14982809	+	0.14285	delta_sum_err	107	A	CTAAT	ok	False
chr4	14982975	14982976	+	0.11539	delta_sum_err	57	A	GCAGG	ok	False
chr4	14983052	14983053	+	0.14867	delta_sum_err	104	A	AAATA	ok	False
chr4	14983384	14983385	+	0.15057	delta_sum_err	83	A	GGACA	ok	True
chr4	15067152	15067153	+	0.18746	delta_sum_err	42	A	GGAAA	ok	False
chr4	15067500	15067501	+	0.11924	delta_sum_err	127	A	ACATT	ok	False
chr4	15067539	15067540	+	0.11975	delta_sum_err	75	A	GGAAA	ok	False
chr4	15068765	15068766	+	0.1244	delta_sum_err	161	A	TAATA	ok	False
chr4	15189214	15189215	+	0.11973	delta_sum_err	110	A	GTAGC	ok	False
chr4	15189239	15189240	+	0.19473	delta_sum_err	108	A	TTACA	ok	False
chr4	15189243	15189244	+	0.12826	delta_sum_err	104	A	ACAAC	ok	False
chr4	15189635	15189636	+	0.13727	delta_sum_err	114	A	GGACA	ok	True
chr4	15189685	15189686	+	0.12403	delta_sum_err	81	A	ATATA	ok	False
chr4	15190207	15190208	+	0.15814	delta_sum_err	79	A	CCAAA	ok	False
chr4	15190501	15190502	+	0.12878	delta_sum_err	127	A	TAACA	ok	True
chr4	15190653	15190654	+	0.15274	delta_sum_err	94	A	TCACT	ok	False
chr4	15190879	15190880	+	0.11393	delta_sum_err	104	A	CCAAA	ok	False
chr4	15190971	15190972	+	0.12275	delta_sum_err	109	A	GCAAA	ok	False
chr4	15190972	15190973	+	0.20383	delta_sum_err	118	A	CAAAC	ok	False
chr4	15190973	15190974	+	0.15038	delta_sum_err	123	A	AAACA	ok	True
chr4	15191010	15191011	+	0.30509	delta_sum_err	76	A	TTAAG	ok	False
chr4	15191011	15191012	+	0.34887	delta_sum_err	128	A	TAAGA	ok	False
chr4	15191018	15191019	+	0.22272	delta_sum_err	95	A	TTAAA	ok	False
chr4	15191019	15191020	+	0.31714	delta_sum_err	113	A	TAAAC	ok	False
chr4	15191020	15191021	+	0.27955	delta_sum_err	115	A	AAACT	ok	True
chr4	15191046	15191047	+	0.14495	delta_sum_err	117	A	TGAAT	ok	False
chr4	15191047	15191048	+	0.19849	delta_sum_err	130	A	GAATG	ok	False
chr4	15191050	15191051	+	0.29143	delta_sum_err	129	A	TGACC	ok	True
chr4	15295446	15295447	+	0.1317	delta_sum_err	80	A	CCACT	ok	False
chr4	15295933	15295934	+	0.11482	delta_sum_err	72	A	AAAGG	ok	False
chr4	15296004	15296005	+	0.27774	delta_sum_err	76	A	GTAAC	ok	False
chr4	15296034	15296035	+	0.18125	delta_sum_err	44	A	GCACA	ok	False
chr4	15296036	15296037	+	0.11736	delta_sum_err	76	A	ACACA	ok	False
chr4	15296076	15296077	+	0.14354	delta_sum_err	92	A	TAATA	ok	False
chr4	15296099	15296100	+	0.12397	delta_sum_err	75	A	AGAAA	ok	False
chr4	15296102	15296103	+	0.12089	delta_sum_err	87	A	AAATT	ok	False
chr4	15376908	15376909	+	0.14889	delta_sum_err	65	A	GCACG	ok	False
chr4	15376911	15376912	+	0.19653	delta_sum_err	67	A	CGAGC	ok	False
chr4	15376925	15376926	+	0.19851	delta_sum_err	54	A	AAAAA	ok	False
chr4	15376952	15376953	+	0.12009	delta_sum_err	66	A	GCACT	ok	False
chr4	15376971	15376972	+	0.13491	delta_sum_err	64	A	ATATG	ok	False
chr4	15470442	15470443	+	0.15301	delta_sum_err	511	A	TTATG	ok	False
chr4	15470445	15470446	+	0.23602	delta_sum_err	513	A	TGACA	ok	True
chr4	15470463	15470464	+	0.39732	delta_sum_err	495	A	GTAAG	ok	False
chr4	15470464	15470465	+	0.48425	delta_sum_err	565	A	TAAGA	ok	False
chr4	15470542	15470543	+	0.18001	delta_sum_err	176	A	TGACT	ok	True
chr4	15488046	15488047	+	0.17858	delta_sum_err	55	A	GAACC	ok	True
chr4	15488129	15488130	+	0.23214	delta_sum_err	69	A	ACATG	ok	False
chr4	15488216	15488217	+	0.12442	delta_sum_err	82	A	GTAGT	ok	False
chr4	15488403	15488404	+	0.11874	delta_sum_err	90	A	GGAAA	ok	False
chr4	15488567	15488568	+	0.13201	delta_sum_err	94	A	TCACG	ok	False
chr4	15488581	15488582	+	0.13651	delta_sum_err	98	A	ACAAA	ok	False
chr4	15488653	15488654	+	0.14073	delta_sum_err	88	A	TTAAA	ok	False
chr4	15488746	15488747	+	0.15419	delta_sum_err	114	A	AAAAT	ok	False
chr4	15488774	15488775	+	0.11363	delta_sum_err	110	A	CTAGA	ok	False
chr4	15676915	15676916	+	0.12291	delta_sum_err	73	A	TTACC	ok	False
chr4	15677614	15677615	+	0.14517	delta_sum_err	77	A	ACATG	ok	False
chr4	15677819	15677820	+	0.14623	delta_sum_err	98	A	ATAAA	ok	False
chr4	15677836	15677837	+	0.13829	delta_sum_err	89	A	TCACT	ok	False
chr4	15721446	15721447	+	0.12991	delta_sum_err	66	A	TCACC	ok	False
chr4	15721558	15721559	+	0.18429	delta_sum_err	85	A	TCAGG	ok	False
chr4	15721697	15721698	+	0.16163	delta_sum_err	98	A	GAAGC	ok	False
chr4	15722853	15722854	+	0.13333	delta_sum_err	91	A	GGAAG	ok	False
chr4	15935486	15935487	+	0.12943	delta_sum_err	41	A	TCAAA	ok	False
chr4	15935508	15935509	+	0.12527	delta_sum_err	60	A	CCAAC	ok	False
chr4	15936041	15936042	+	0.12706	delta_sum_err	69	A	AAACC	ok	True
chr4	15936047	15936048	+	0.19474	delta_sum_err	57	A	TTAAA	ok	False
chr4	15936091	15936092	+	0.13333	delta_sum_err	60	A	TCACT	ok	False
chr4	15936423	15936424	+	0.17311	delta_sum_err	77	A	CCAGC	ok	False
chr4	15936573	15936574	+	0.11848	delta_sum_err	84	A	GGATT	ok	False
chr4	15936764	15936765	+	0.11844	delta_sum_err	88	A	ACATC	ok	False
chr4	15936819	15936820	+	0.19916	delta_sum_err	89	A	ATACC	ok	False
chr4	15937015	15937016	+	0.17118	delta_sum_err	80	A	GCACT	ok	False
chr4	15937167	15937168	+	0.2453	delta_sum_err	75	A	CGAGA	ok	False
chr4	15937302	15937303	+	0.1234	delta_sum_err	99	A	TCACT	ok	False
chr4	15937391	15937392	+	0.1181	delta_sum_err	87	A	GCAAA	ok	False
chr4	15937562	15937563	+	0.12157	delta_sum_err	93	A	ACATA	ok	False
chr4	15937586	15937587	+	0.14467	delta_sum_err	98	A	ACATA	ok	False
chr4	15937589	15937590	+	0.14406	delta_sum_err	104	A	TAAGG	ok	False
chr4	15937785	15937786	+	0.14962	delta_sum_err	80	A	ATAAG	ok	False
chr4	160903	160904	+	0.1305	delta_sum_err	53	A	TCATA	ok	False
chr4	160944	160945	+	0.11742	delta_sum_err	54	A	TCATT	ok	False
chr4	160991	160992	+	0.15548	delta_sum_err	63	A	GCAGC	ok	False
chr4	161109	161110	+	0.11539	delta_sum_err	62	A	TCACT	ok	False
chr4	161176	161177	+	0.16063	delta_sum_err	60	A	AAAAA	ok	False
chr4	16117955	16117956	+	0.21147	delta_sum_err	47	A	TAAAA	ok	False
chr4	16118031	16118032	+	0.23387	delta_sum_err	59	A	ATAGT	ok	False
chr4	16118588	16118589	+	0.12581	delta_sum_err	66	A	GTATA	ok	False
chr4	161217	161218	+	0.11594	delta_sum_err	64	A	ACATC	ok	False
chr4	161245	161246	+	0.13245	delta_sum_err	72	A	CGACA	ok	False
chr4	161364	161365	+	0.1136	delta_sum_err	43	A	TCACC	ok	False
chr4	16140867	16140868	+	0.1214	delta_sum_err	72	A	TGAAA	ok	False
chr4	16141000	16141001	+	0.12324	delta_sum_err	85	A	GTAGT	ok	False
chr4	16141023	16141024	+	0.18087	delta_sum_err	86	A	GGAAA	ok	False
chr4	16141080	16141081	+	0.15208	delta_sum_err	86	A	TGAAA	ok	False
chr4	16141238	16141239	+	0.1564	delta_sum_err	92	A	CCATG	ok	False
chr4	16141412	16141413	+	0.17379	delta_sum_err	78	A	AGAAA	ok	False
chr4	16141504	16141505	+	0.11572	delta_sum_err	83	A	GGACT	ok	True
chr4	161715	161716	+	0.16345	delta_sum_err	66	A	GCACC	ok	False
chr4	161835	161836	+	0.30421	delta_sum_err	78	A	TTAGA	ok	False
chr4	161870	161871	+	0.11576	delta_sum_err	84	A	CGATG	ok	False
chr4	162054	162055	+	0.13804	delta_sum_err	98	A	TCAGT	ok	False
chr4	162273	162274	+	0.20869	delta_sum_err	80	A	TCAAA	ok	False
chr4	162318	162319	+	0.19286	delta_sum_err	101	A	GTACC	ok	False
chr4	162684	162685	+	0.13147	delta_sum_err	111	A	AAAGA	ok	False
chr4	162862	162863	+	0.11611	delta_sum_err	46	A	GTAAA	ok	False
chr4	162863	162864	+	0.14852	delta_sum_err	84	A	TAAAA	ok	False
chr4	162923	162924	+	0.11802	delta_sum_err	87	A	GTAAA	ok	False
chr4	16311123	16311124	+	0.15524	delta_sum_err	426	A	GCAAA	ok	False
chr4	16336535	16336536	+	0.12808	delta_sum_err	74	A	CCATA	ok	False
chr4	16336595	16336596	+	0.16679	delta_sum_err	100	A	TCATT	ok	False
chr4	16336691	16336692	+	0.13188	delta_sum_err	24	A	CCAAA	ok	False
chr4	16336701	16336702	+	0.24129	delta_sum_err	55	A	TCAAA	ok	False
chr4	16336721	16336722	+	0.13262	delta_sum_err	68	A	CAAAA	ok	False
chr4	16336903	16336904	+	0.12175	delta_sum_err	98	A	CCAAA	ok	False
chr4	16337562	16337563	+	0.1714	delta_sum_err	106	A	ACAAA	ok	False
chr4	16337821	16337822	+	0.18219	delta_sum_err	130	A	GGAAA	ok	False
chr4	16338465	16338466	+	0.18704	delta_sum_err	139	A	CGAAA	ok	False
chr4	16339229	16339230	+	0.13467	delta_sum_err	203	A	CCAGT	ok	False
chr4	16339982	16339983	+	0.20516	delta_sum_err	217	A	GGATT	ok	False
chr4	16339994	16339995	+	0.16132	delta_sum_err	123	A	ATAAC	ok	False
chr4	16340014	16340015	+	0.1581	delta_sum_err	164	A	TTAAA	ok	False
chr4	16340015	16340016	+	0.16294	delta_sum_err	179	A	TAAAC	ok	False
chr4	16340016	16340017	+	0.19935	delta_sum_err	190	A	AAACC	ok	True
chr4	16340028	16340029	+	0.36122	delta_sum_err	107	A	TTAAA	ok	False
chr4	16340029	16340030	+	0.35731	delta_sum_err	101	A	TAAAC	ok	False
chr4	16340030	16340031	+	0.13429	delta_sum_err	151	A	AAACC	ok	True
chr4	16340033	16340034	+	0.20551	delta_sum_err	142	A	CCACA	ok	False
chr4	16340035	16340036	+	0.16471	delta_sum_err	149	A	ACAAA	ok	False
chr4	16340041	16340042	+	0.13366	delta_sum_err	111	A	GAAAA	ok	False
chr4	16341263	16341264	+	0.11485	delta_sum_err	82	A	TCAAA	ok	False
chr4	16355270	16355271	+	0.11902	delta_sum_err	50	A	TCACC	ok	False
chr4	16355287	16355288	+	0.17047	delta_sum_err	50	A	GCACA	ok	False
chr4	16355422	16355423	+	0.18917	delta_sum_err	49	A	CCAAG	ok	False
chr4	16356401	16356402	+	0.18929	delta_sum_err	37	A	CTACT	ok	False
chr4	16356546	16356547	+	0.13333	delta_sum_err	47	A	GCACC	ok	False
chr4	16356594	16356595	+	0.12234	delta_sum_err	59	A	TCAAC	ok	False
chr4	16356746	16356747	+	0.21205	delta_sum_err	62	A	TTACC	ok	False
chr4	16356768	16356769	+	0.16338	delta_sum_err	63	A	TCAGC	ok	False
chr4	16356773	16356774	+	0.15021	delta_sum_err	66	A	TTACC	ok	False
chr4	16356786	16356787	+	0.13703	delta_sum_err	66	A	CCATA	ok	False
chr4	16356806	16356807	+	0.19434	delta_sum_err	61	A	ATATT	ok	False
chr4	16357032	16357033	+	0.3419	delta_sum_err	67	A	GCAGA	ok	False
chr4	16357123	16357124	+	0.11625	delta_sum_err	61	A	TTATT	ok	False
chr4	16402383	16402384	+	0.14953	delta_sum_err	117	A	CTACA	ok	False
chr4	16402482	16402483	+	0.11928	delta_sum_err	122	A	CTAAT	ok	False
chr4	16403566	16403567	+	0.14716	delta_sum_err	87	A	CAAAA	ok	False
chr4	16403568	16403569	+	0.13476	delta_sum_err	142	A	AAAAC	ok	False
chr4	16403633	16403634	+	0.13003	delta_sum_err	123	A	GGATT	ok	False
chr4	16403643	16403644	+	0.14554	delta_sum_err	140	A	TCATA	ok	False
chr4	16403677	16403678	+	0.18572	delta_sum_err	124	A	ATACT	ok	False
chr4	16403698	16403699	+	0.11983	delta_sum_err	129	A	AAATT	ok	False
chr4	16403705	16403706	+	0.13231	delta_sum_err	142	A	TGAAG	ok	False
chr4	16548708	16548709	+	0.21071	delta_sum_err	222	A	CTAGA	ok	False
chr4	16549416	16549417	+	0.17721	delta_sum_err	318	A	CTACA	ok	False
chr4	16550306	16550307	+	0.16244	delta_sum_err	305	A	GGACT	ok	True
chr4	16556990	16556991	+	0.12762	delta_sum_err	194	A	ATATC	ok	False
chr4	16558346	16558347	+	0.11753	delta_sum_err	242	A	CTAGA	ok	False
chr4	16558358	16558359	+	0.15756	delta_sum_err	196	A	CCATA	ok	False
chr4	16558624	16558625	+	0.24515	delta_sum_err	204	A	TCAAA	ok	False
chr4	16558625	16558626	+	0.29083	delta_sum_err	244	A	CAAAG	ok	False
chr4	16558626	16558627	+	0.12803	delta_sum_err	256	A	AAAGA	ok	False
chr4	16558643	16558644	+	0.37131	delta_sum_err	206	A	GTAAG	ok	False
chr4	16558644	16558645	+	0.39446	delta_sum_err	256	A	TAAGA	ok	False
chr4	16558660	16558661	+	0.14915	delta_sum_err	236	A	TCAAC	ok	False
chr4	16558661	16558662	+	0.1389	delta_sum_err	229	A	CAACT	ok	False
chr4	16558683	16558684	+	0.28581	delta_sum_err	116	A	CTAAA	ok	False
chr4	16558726	16558727	+	0.20112	delta_sum_err	93	A	TGAAA	ok	False
chr4	16558739	16558740	+	0.26341	delta_sum_err	66	A	GTAAA	ok	False
chr4	16558745	16558746	+	0.13139	delta_sum_err	127	A	CAACA	ok	False
chr4	16615046	16615047	+	0.12215	delta_sum_err	782	A	TTACC	ok	False
chr4	16618434	16618435	+	0.11387	delta_sum_err	74	A	TGAGA	ok	False
chr4	16618438	16618439	+	0.15058	delta_sum_err	56	A	ACAAA	ok	False
chr4	16618439	16618440	+	0.18977	delta_sum_err	36	A	CAAAA	ok	False
chr4	16618440	16618441	+	0.19819	delta_sum_err	34	A	AAAAA	ok	False
chr4	16618441	16618442	+	0.15126	delta_sum_err	35	A	AAAAA	ok	False
chr4	16618442	16618443	+	0.2235	delta_sum_err	27	A	AAAAA	ok	False
chr4	16635958	16635959	+	0.2212	delta_sum_err	50	A	CGATA	ok	False
chr4	16635994	16635995	+	0.11708	delta_sum_err	65	A	TGAAT	ok	False
chr4	16636021	16636022	+	0.12495	delta_sum_err	67	A	GCAGC	ok	False
chr4	16636190	16636191	+	0.12392	delta_sum_err	48	A	GGACA	ok	True
chr4	16636198	16636199	+	0.17333	delta_sum_err	72	A	AGATC	ok	False
chr4	16636438	16636439	+	0.12048	delta_sum_err	76	A	GCATC	ok	False
chr4	16636736	16636737	+	0.12167	delta_sum_err	78	A	GCATT	ok	False
chr4	16708677	16708678	+	0.12236	delta_sum_err	773	A	CGAAA	ok	False
chr4	16710151	16710152	+	0.14558	delta_sum_err	88	A	GTAGT	ok	False
chr4	16840005	16840006	+	0.11455	delta_sum_err	231	A	CCAAA	ok	False
chr4	16841827	16841828	+	0.20063	delta_sum_err	361	A	TGAAC	ok	False
chr4	16841852	16841853	+	0.31205	delta_sum_err	307	A	GTACA	ok	False
chr4	16841854	16841855	+	0.14627	delta_sum_err	330	A	ACACT	ok	False
chr4	16856006	16856007	+	0.15162	delta_sum_err	114	A	CCACC	ok	False
chr4	16856058	16856059	+	0.12015	delta_sum_err	120	A	GCAAA	ok	False
chr4	16856458	16856459	+	0.23241	delta_sum_err	101	A	ATAAA	ok	False
chr4	16856459	16856460	+	0.25001	delta_sum_err	103	A	TAAAC	ok	False
chr4	16856460	16856461	+	0.12122	delta_sum_err	126	A	AAACC	ok	True
chr4	16856471	16856472	+	0.11857	delta_sum_err	132	A	GAATT	ok	False
chr4	16904392	16904393	+	0.15625	delta_sum_err	46	A	AGATC	ok	False
chr4	16904427	16904428	+	0.12908	delta_sum_err	40	A	CAACT	ok	False
chr4	16904675	16904676	+	0.19092	delta_sum_err	45	A	GCAAA	ok	False
chr4	16904687	16904688	+	0.11616	delta_sum_err	46	A	ATACA	ok	False
chr4	16904760	16904761	+	0.16216	delta_sum_err	48	A	TAATG	ok	False
chr4	16904858	16904859	+	0.19027	delta_sum_err	48	A	CCAAT	ok	False
chr4	16904966	16904967	+	0.11765	delta_sum_err	46	A	CTAAG	ok	False
chr4	16905316	16905317	+	0.2012	delta_sum_err	44	A	ACATT	ok	False
chr4	16905383	16905384	+	0.11665	delta_sum_err	49	A	TCAAA	ok	False
chr4	16905419	16905420	+	0.11849	delta_sum_err	55	A	CTATT	ok	False
chr4	16905548	16905549	+	0.26686	delta_sum_err	60	A	TTAAA	ok	False
chr4	16905549	16905550	+	0.12294	delta_sum_err	64	A	TAAAG	ok	False
chr4	16905646	16905647	+	0.1848	delta_sum_err	37	A	GGAAA	ok	False
chr4	16905664	16905665	+	0.13889	delta_sum_err	55	A	ACAAA	ok	False
chr4	16945095	16945096	+	0.13998	delta_sum_err	114	A	ACAAC	ok	False
chr4	16945098	16945099	+	0.13501	delta_sum_err	112	A	ACATC	ok	False
chr4	16945668	16945669	+	0.12459	delta_sum_err	100	A	TCATA	ok	False
chr4	16946002	16946003	+	0.14419	delta_sum_err	112	A	TCACC	ok	False
chr4	17097964	17097965	+	0.16122	delta_sum_err	240	A	ACATC	ok	False
chr4	17098753	17098754	+	0.12013	delta_sum_err	237	A	TGATA	ok	False
chr4	17344511	17344512	+	0.11511	delta_sum_err	101	A	CGAGA	ok	False
chr4	17443304	17443305	+	0.12766	delta_sum_err	44	A	TGACC	ok	True
chr4	17443311	17443312	+	0.13177	delta_sum_err	37	A	CCACA	ok	False
chr4	17443333	17443334	+	0.11874	delta_sum_err	44	A	TTAAC	ok	False
chr4	17443665	17443666	+	0.12625	delta_sum_err	47	A	ATAGA	ok	False
chr4	17443775	17443776	+	0.11875	delta_sum_err	44	A	ATATA	ok	False
chr4	17443779	17443780	+	0.14375	delta_sum_err	41	A	ATATA	ok	False
chr4	17443781	17443782	+	0.115	delta_sum_err	36	A	ATACA	ok	False
chr4	17443790	17443791	+	0.12875	delta_sum_err	43	A	TTAAT	ok	False
chr4	17555575	17555576	+	0.12155	delta_sum_err	151	A	ATAAA	ok	False
chr4	17632883	17632884	+	0.11634	delta_sum_err	44	A	TCACG	ok	False
chr4	17632900	17632901	+	0.15517	delta_sum_err	56	A	TTATT	ok	False
chr4	17633065	17633066	+	0.13627	delta_sum_err	44	A	AAATA	ok	False
chr4	17633157	17633158	+	0.14733	delta_sum_err	47	A	ATAAA	ok	False
chr4	17633159	17633160	+	0.13839	delta_sum_err	45	A	AAATC	ok	False
chr4	17746202	17746203	+	0.144	delta_sum_err	123	A	CTAGA	ok	False
chr4	17746561	17746562	+	0.43548	delta_sum_err	123	A	ACAGA	ok	False
chr4	17746565	17746566	+	0.20162	delta_sum_err	105	A	ACAAA	ok	False
chr4	17902520	17902521	+	0.12377	delta_sum_err	37	A	TCAAA	ok	False
chr4	17902538	17902539	+	0.15	delta_sum_err	35	A	AGAAA	ok	False
chr4	17902581	17902582	+	0.29143	delta_sum_err	23	A	AGAAA	ok	False
chr4	17902592	17902593	+	0.15143	delta_sum_err	31	A	TTACA	ok	False
chr4	17902807	17902808	+	0.16011	delta_sum_err	46	A	GCAAA	ok	False
chr4	17902850	17902851	+	0.12719	delta_sum_err	49	A	CGACA	ok	False
chr4	17903088	17903089	+	0.13514	delta_sum_err	61	A	CCAAA	ok	False
chr4	17903099	17903100	+	0.12526	delta_sum_err	60	A	TTATT	ok	False
chr4	17903267	17903268	+	0.15574	delta_sum_err	55	A	TCACC	ok	False
chr4	17903342	17903343	+	0.18157	delta_sum_err	64	A	AGAAA	ok	False
chr4	17903361	17903362	+	0.11923	delta_sum_err	58	A	ACAAA	ok	False
chr4	17903418	17903419	+	0.12698	delta_sum_err	54	A	TTATA	ok	False
chr4	17903420	17903421	+	0.11707	delta_sum_err	63	A	ATATC	ok	False
chr4	17903479	17903480	+	0.24404	delta_sum_err	66	A	GCACC	ok	False
chr4	17936142	17936143	+	0.13637	delta_sum_err	26	A	CGATA	ok	False
chr4	17936174	17936175	+	0.13333	delta_sum_err	34	A	TCATT	ok	False
chr4	17936271	17936272	+	0.12107	delta_sum_err	38	A	CTATT	ok	False
chr4	17936507	17936508	+	0.15505	delta_sum_err	37	A	TCACC	ok	False
chr4	17936857	17936858	+	0.15385	delta_sum_err	48	A	TCAGA	ok	False
chr4	17936898	17936899	+	0.11901	delta_sum_err	38	A	GTATA	ok	False
chr4	17936962	17936963	+	0.1135	delta_sum_err	60	A	ATAAA	ok	False
chr4	18148854	18148855	+	0.15196	delta_sum_err	223	A	AGAAA	ok	False
chr4	18148953	18148954	+	0.12504	delta_sum_err	249	A	GTAGA	ok	False
chr4	18148959	18148960	+	0.18658	delta_sum_err	252	A	AGACA	ok	True
chr4	18149062	18149063	+	0.19987	delta_sum_err	272	A	TGAGA	ok	False
chr4	18149064	18149065	+	0.21888	delta_sum_err	258	A	AGACC	ok	True
chr4	18149105	18149106	+	0.22483	delta_sum_err	213	A	GGAGA	ok	False
chr4	18149109	18149110	+	0.14773	delta_sum_err	265	A	ACACC	ok	False
chr4	18149151	18149152	+	0.11654	delta_sum_err	156	A	AGAAA	ok	False
chr4	18149154	18149155	+	0.1494	delta_sum_err	214	A	AAAAC	ok	False
chr4	18258484	18258485	+	0.11976	delta_sum_err	810	A	CCACC	ok	False
chr4	18258544	18258545	+	0.13418	delta_sum_err	966	A	TTAGA	ok	False
chr4	18258591	18258592	+	0.23081	delta_sum_err	652	A	TTAAA	ok	False
chr4	18258601	18258602	+	0.49824	delta_sum_err	508	A	TCAAG	ok	False
chr4	18258602	18258603	+	0.46786	delta_sum_err	587	A	CAAGA	ok	False
chr4	18433224	18433225	+	0.13812	delta_sum_err	153	A	TCAAA	ok	False
chr4	18519741	18519742	+	0.11666	delta_sum_err	56	A	TCACA	ok	False
chr4	18519761	18519762	+	0.12279	delta_sum_err	83	A	CCACA	ok	False
chr4	18520440	18520441	+	0.14957	delta_sum_err	78	A	CGAAA	ok	False
chr4	1933517	1933518	+	0.11364	delta_sum_err	331	A	CAAAG	ok	False
chr4	2326164	2326165	+	0.11405	delta_sum_err	120	A	TAACA	ok	True
chr4	2662191	2662192	+	0.11428	delta_sum_err	51	A	CAACC	ok	False
chr4	2662217	2662218	+	0.13221	delta_sum_err	50	A	TAATC	ok	False
chr4	2662617	2662618	+	0.21579	delta_sum_err	57	A	GTAGA	ok	False
chr4	334761	334762	+	0.13108	delta_sum_err	65	A	TCATT	ok	False
chr4	334961	334962	+	0.1211	delta_sum_err	73	A	GCATG	ok	False
chr4	335214	335215	+	0.15813	delta_sum_err	57	A	ACATA	ok	False
chr4	336109	336110	+	0.19455	delta_sum_err	106	A	TTATT	ok	False
chr4	381812	381813	+	0.1162	delta_sum_err	77	A	TTATC	ok	False
chr4	381968	381969	+	0.21131	delta_sum_err	117	A	CCAAC	ok	False
chr4	38210	38211	+	0.13184	delta_sum_err	501	A	GGATT	ok	False
chr4	382414	382415	+	0.15425	delta_sum_err	161	A	ATATC	ok	False
chr4	456170	456171	+	0.13135	delta_sum_err	214	A	TCACA	ok	False
chr4	456371	456372	+	0.13907	delta_sum_err	222	A	ATATT	ok	False
chr4	479819	479820	+	0.1579	delta_sum_err	84	A	GTACT	ok	False
chr4	5230981	5230982	+	0.27128	delta_sum_err	96	A	CGAAT	ok	False
chr4	5231217	5231218	+	0.11584	delta_sum_err	31	A	CGAAA	ok	False
chr4	5231219	5231220	+	0.17837	delta_sum_err	85	A	AAAAA	ok	False
chr4	5231220	5231221	+	0.1709	delta_sum_err	97	A	AAAAA	ok	False
chr4	5231882	5231883	+	0.12779	delta_sum_err	88	A	TCAAC	ok	False
chr4	5231883	5231884	+	0.14077	delta_sum_err	88	A	CAACT	ok	False
chr4	5231894	5231895	+	0.17603	delta_sum_err	87	A	TAACA	ok	True
chr4	5231966	5231967	+	0.12391	delta_sum_err	75	A	CTAAA	ok	False
chr4	5315861	5315862	+	0.22421	delta_sum_err	60	A	CGAAA	ok	False
chr4	5315875	5315876	+	0.20987	delta_sum_err	68	A	AAATA	ok	False
chr4	5316227	5316228	+	0.16262	delta_sum_err	70	A	TCACA	ok	False
chr4	5316229	5316230	+	0.13435	delta_sum_err	85	A	ACACG	ok	False
chr4	5316820	5316821	+	0.17395	delta_sum_err	95	A	TAACC	ok	True
chr4	5317065	5317066	+	0.13725	delta_sum_err	95	A	TTATC	ok	False
chr4	5317222	5317223	+	0.11867	delta_sum_err	69	A	AGAAA	ok	False
chr4	5317265	5317266	+	0.1183	delta_sum_err	88	A	ATACC	ok	False
chr4	5317331	5317332	+	0.18868	delta_sum_err	85	A	TCATG	ok	False
chr4	5317373	5317374	+	0.14189	delta_sum_err	89	A	GGAAG	ok	False
chr4	5551139	5551140	+	0.15249	delta_sum_err	60	A	TCACT	ok	False
chr4	5551184	5551185	+	0.12403	delta_sum_err	76	A	ACATG	ok	False
chr4	5551348	5551349	+	0.14788	delta_sum_err	62	A	GAAAA	ok	False
chr4	5726371	5726372	+	0.14229	delta_sum_err	68	A	ACAGC	ok	False
chr4	5727104	5727105	+	0.14745	delta_sum_err	51	A	GTATA	ok	False
chr4	5727133	5727134	+	0.16153	delta_sum_err	65	A	TTAGA	ok	False
chr4	5727175	5727176	+	0.12554	delta_sum_err	47	A	ATAAG	ok	False
chr4	5727180	5727181	+	0.38839	delta_sum_err	48	A	TCAAA	ok	False
chr4	5727182	5727183	+	0.23737	delta_sum_err	55	A	AAACA	ok	True
chr4	5741252	5741253	+	0.14052	delta_sum_err	112	A	GCAAA	ok	False
chr4	5741254	5741255	+	0.12256	delta_sum_err	122	A	AAACG	ok	False
chr4	5741510	5741511	+	0.14285	delta_sum_err	46	A	TTAAG	ok	False
chr4	5775451	5775452	+	0.14335	delta_sum_err	184	A	CAAGC	ok	False
chr4	5777194	5777195	+	0.20244	delta_sum_err	204	A	CTAAA	ok	False
chr4	5777321	5777322	+	0.14283	delta_sum_err	235	A	GGATA	ok	False
chr4	5777412	5777413	+	0.18454	delta_sum_err	272	A	GGATT	ok	False
chr4	5777416	5777417	+	0.14157	delta_sum_err	250	A	TCAAC	ok	False
chr4	5792641	5792642	+	0.15693	delta_sum_err	30	A	ATATT	ok	False
chr4	5924418	5924419	+	0.38312	delta_sum_err	1108	A	ACAAG	ok	False
chr4	5924419	5924420	+	0.36856	delta_sum_err	1272	A	CAAGA	ok	False
chr4	6174998	6174999	+	0.25011	delta_sum_err	449	A	GGATA	ok	False
chr4	6175011	6175012	+	0.15697	delta_sum_err	524	A	GGACC	ok	True
chr4	6175034	6175035	+	0.41551	delta_sum_err	368	A	GGACC	ok	True
chr4	6175073	6175074	+	0.13674	delta_sum_err	370	A	ACATT	ok	False
chr4	6175112	6175113	+	0.15802	delta_sum_err	209	A	TGAAT	ok	False
chr4	6175113	6175114	+	0.20803	delta_sum_err	215	A	GAATA	ok	False
chr4	6190317	6190318	+	0.11469	delta_sum_err	67	A	CCAAC	ok	False
chr4	6190330	6190331	+	0.12052	delta_sum_err	65	A	TCACG	ok	False
chr4	6190371	6190372	+	0.12993	delta_sum_err	58	A	CCAAC	ok	False
chr4	6190452	6190453	+	0.12076	delta_sum_err	71	A	CCAAT	ok	False
chr4	6190526	6190527	+	0.14455	delta_sum_err	66	A	TGAAG	ok	False
chr4	6190610	6190611	+	0.2175	delta_sum_err	55	A	ACAAC	ok	False
chr4	6190611	6190612	+	0.1775	delta_sum_err	57	A	CAACT	ok	False
chr4	6190640	6190641	+	0.11958	delta_sum_err	58	A	ATACA	ok	False
chr4	6190642	6190643	+	0.14083	delta_sum_err	43	A	ACAAA	ok	False
chr4	6218444	6218445	+	0.2178	delta_sum_err	36	A	GCAAA	ok	False
chr4	6218468	6218469	+	0.19528	delta_sum_err	63	A	ACAAA	ok	False
chr4	6218629	6218630	+	0.12013	delta_sum_err	69	A	TGAAA	ok	False
chr4	6218755	6218756	+	0.15714	delta_sum_err	72	A	ACAAC	ok	False
chr4	6218839	6218840	+	0.13453	delta_sum_err	71	A	GTAAA	ok	False
chr4	6386018	6386019	+	0.33775	delta_sum_err	184	A	GGATA	ok	False
chr4	6801800	6801801	+	0.16563	delta_sum_err	231	A	GCAAA	ok	False
chr4	6801819	6801820	+	0.12917	delta_sum_err	282	A	CCAAA	ok	False
chr4	6801820	6801821	+	0.13766	delta_sum_err	315	A	CAAAC	ok	False
chr4	6801821	6801822	+	0.12846	delta_sum_err	316	A	AAACC	ok	True
chr4	6801902	6801903	+	0.12859	delta_sum_err	247	A	ATAAA	ok	False
chr4	6801910	6801911	+	0.1294	delta_sum_err	259	A	AAAGA	ok	False
chr4	6801912	6801913	+	0.14447	delta_sum_err	207	A	AGACT	ok	True
chr4	6818669	6818670	+	0.15469	delta_sum_err	175	A	CAACA	ok	False
chr4	6818801	6818802	+	0.1649	delta_sum_err	169	A	AGACT	ok	True
chr4	6818883	6818884	+	0.13197	delta_sum_err	174	A	GTACA	ok	False
chr4	697091	697092	+	0.11777	delta_sum_err	96	A	TCAAC	ok	False
chr4	7004913	7004914	+	0.17748	delta_sum_err	53	A	TGAAA	ok	False
chr4	7004914	7004915	+	0.16321	delta_sum_err	65	A	GAAAA	ok	False
chr4	7005132	7005133	+	0.12571	delta_sum_err	65	A	CTATA	ok	False
chr4	7215317	7215318	+	0.12245	delta_sum_err	98	A	TGAAG	ok	False
chr4	7215335	7215336	+	0.12857	delta_sum_err	33	A	AAAAA	ok	False
chr4	7215336	7215337	+	0.23	delta_sum_err	65	A	AAAAA	ok	False
chr4	7215337	7215338	+	0.12571	delta_sum_err	89	A	AAAAA	ok	False
chr4	7215366	7215367	+	0.11765	delta_sum_err	100	A	ACAAG	ok	False
chr4	7215367	7215368	+	0.11848	delta_sum_err	99	A	CAAGC	ok	False
chr4	7215375	7215376	+	0.18487	delta_sum_err	66	A	CCACC	ok	False
chr4	7215387	7215388	+	0.11872	delta_sum_err	85	A	CCAAA	ok	False
chr4	7215584	7215585	+	0.16769	delta_sum_err	108	A	TCATT	ok	False
chr4	7215676	7215677	+	0.12838	delta_sum_err	94	A	CGAAC	ok	False
chr4	7215677	7215678	+	0.12721	delta_sum_err	97	A	GAACA	ok	True
chr4	7215796	7215797	+	0.11939	delta_sum_err	109	A	TCAAA	ok	False
chr4	7215850	7215851	+	0.11486	delta_sum_err	109	A	ATAAA	ok	False
chr4	730100	730101	+	0.12858	delta_sum_err	69	A	GGATT	ok	False
chr4	731635	731636	+	0.15045	delta_sum_err	75	A	CGAAA	ok	False
chr4	731867	731868	+	0.1153	delta_sum_err	71	A	TGAAC	ok	False
chr4	732051	732052	+	0.14925	delta_sum_err	74	A	GGAAA	ok	False
chr4	732313	732314	+	0.40444	delta_sum_err	39	A	GTAAA	ok	False
chr4	7454310	7454311	+	0.12064	delta_sum_err	248	A	AAACT	ok	True
chr4	7454321	7454322	+	0.11655	delta_sum_err	229	A	CGAAT	ok	False
chr4	7489461	7489462	+	0.17001	delta_sum_err	40	A	CTACC	ok	False
chr4	7489561	7489562	+	0.11624	delta_sum_err	43	A	ACATT	ok	False
chr4	7489611	7489612	+	0.16752	delta_sum_err	19	A	ACAAA	ok	False
chr4	7522619	7522620	+	0.13076	delta_sum_err	1672	A	TGACA	ok	True
chr4	7843001	7843002	+	0.13313	delta_sum_err	36	A	AAACC	ok	True
chr4	7843108	7843109	+	0.1656	delta_sum_err	41	A	GCACA	ok	False
chr4	7843251	7843252	+	0.11874	delta_sum_err	42	A	TTAGA	ok	False
chr4	7843271	7843272	+	0.11427	delta_sum_err	33	A	GCACA	ok	False
chr4	7843441	7843442	+	0.13261	delta_sum_err	74	A	ATATG	ok	False
chr4	7864613	7864614	+	0.12776	delta_sum_err	222	A	AAATT	ok	False
chr4	7864715	7864716	+	0.13756	delta_sum_err	222	A	GAAAC	ok	False
chr4	7864791	7864792	+	0.1828	delta_sum_err	149	A	GGATT	ok	False
chr4	7925133	7925134	+	0.13088	delta_sum_err	381	A	TGAAT	ok	False
chr4	8021544	8021545	+	0.13315	delta_sum_err	191	A	GGAAC	ok	False
chr4	8021699	8021700	+	0.14836	delta_sum_err	189	A	ATAGA	ok	False
chr4	8021705	8021706	+	0.1328	delta_sum_err	220	A	AGACA	ok	True
chr4	8021736	8021737	+	0.11671	delta_sum_err	150	A	CAACT	ok	False
chr4	8022123	8022124	+	0.11384	delta_sum_err	136	A	CTATT	ok	False
chr4	8022145	8022146	+	0.20051	delta_sum_err	140	A	AAAAC	ok	False
chr4	8022165	8022166	+	0.20715	delta_sum_err	103	A	TGAAA	ok	False
chr4	8345122	8345123	+	0.13622	delta_sum_err	49	A	ACATC	ok	False
chr4	8345152	8345153	+	0.15027	delta_sum_err	45	A	GTAAA	ok	False
chr4	8419030	8419031	+	0.15142	delta_sum_err	123	A	TCATG	ok	False
chr4	8572415	8572416	+	0.17842	delta_sum_err	738	A	GGAAG	ok	False
chr4	8572416	8572417	+	0.19415	delta_sum_err	844	A	GAAGA	ok	False
chr4	8845109	8845110	+	0.14919	delta_sum_err	100	A	CAAAG	ok	False
chr4	8845127	8845128	+	0.15414	delta_sum_err	102	A	TCAGC	ok	False
chr4	8845151	8845152	+	0.16535	delta_sum_err	81	A	TCACC	ok	False
chr4	8845410	8845411	+	0.1233	delta_sum_err	94	A	ATATG	ok	False
chr4	8845491	8845492	+	0.11966	delta_sum_err	107	A	GCAAG	ok	False
chr4	8876148	8876149	+	0.11553	delta_sum_err	174	A	AGAAA	ok	False
chr4	8877671	8877672	+	0.11621	delta_sum_err	325	A	AGACC	ok	True
chr4	8884172	8884173	+	0.175	delta_sum_err	54	A	ACATT	ok	False
chr4	8887214	8887215	+	0.13825	delta_sum_err	187	A	GCACT	ok	False
chr4	8910183	8910184	+	0.12054	delta_sum_err	33	A	CTACA	ok	False
chr4	8910192	8910193	+	0.17708	delta_sum_err	33	A	TCACC	ok	False
chr4	8910239	8910240	+	0.24332	delta_sum_err	31	A	CTAAA	ok	False
chr4	8910431	8910432	+	0.11428	delta_sum_err	39	A	GGATA	ok	False
chr4	8910624	8910625	+	0.12594	delta_sum_err	36	A	CTACA	ok	False
chr4	8910712	8910713	+	0.12647	delta_sum_err	36	A	GTATA	ok	False
chr4	8917507	8917508	+	0.11629	delta_sum_err	66	A	TCACT	ok	False
chr4	8917577	8917578	+	0.13706	delta_sum_err	16	A	GAAAA	ok	False
chr4	8917578	8917579	+	0.16842	delta_sum_err	65	A	AAAAA	ok	False
chr4	8917735	8917736	+	0.11704	delta_sum_err	79	A	ACAAC	ok	False
chr4	8918400	8918401	+	0.11764	delta_sum_err	98	A	TCAAT	ok	False
chr4	8918401	8918402	+	0.116	delta_sum_err	99	A	CAATA	ok	False
chr4	8918428	8918429	+	0.13302	delta_sum_err	92	A	GCAAA	ok	False
chr4	8918487	8918488	+	0.14574	delta_sum_err	102	A	TTACT	ok	False
chr4	8918593	8918594	+	0.11588	delta_sum_err	93	A	GTAAC	ok	False
chr4	8918697	8918698	+	0.12266	delta_sum_err	91	A	GCAAC	ok	False
chr4	8985071	8985072	+	0.123	delta_sum_err	68	A	GGAGG	ok	False
chr4	8985451	8985452	+	0.13542	delta_sum_err	34	A	ATACA	ok	False
chr4	9029251	9029252	+	0.12829	delta_sum_err	152	A	ACAAA	ok	False
chr4	9255391	9255392	+	0.14583	delta_sum_err	42	A	CCAAA	ok	False
chr4	9781922	9781923	+	0.31433	delta_sum_err	149	A	GTAGA	ok	False
chr4	9804120	9804121	+	0.11576	delta_sum_err	84	A	GGAAA	ok	False
chr4	9929151	9929152	+	0.12581	delta_sum_err	66	A	ACAAA	ok	False
chr4	9929213	9929214	+	0.114	delta_sum_err	73	A	GAATC	ok	False
chr5	10478303	10478304	+	0.12347	delta_sum_err	61	A	GTAGC	ok	False
chr5	10478343	10478344	+	0.16532	delta_sum_err	48	A	CGAAA	ok	False
chr5	1131439	1131440	+	0.11392	delta_sum_err	70	A	AGAAG	ok	False
chr5	1131620	1131621	+	0.12186	delta_sum_err	51	A	TCAAA	ok	False
chr5	1131736	1131737	+	0.12043	delta_sum_err	72	A	CTACA	ok	False
chr5	1131738	1131739	+	0.12271	delta_sum_err	71	A	ACAAA	ok	False
chr5	1132066	1132067	+	0.16549	delta_sum_err	68	A	CGATA	ok	False
chr5	1132708	1132709	+	0.12119	delta_sum_err	69	A	GGAAA	ok	False
chr5	1132722	1132723	+	0.11365	delta_sum_err	56	A	AGAAA	ok	False
chr5	1132754	1132755	+	0.15336	delta_sum_err	83	A	TCAAA	ok	False
chr5	1132762	1132763	+	0.15488	delta_sum_err	75	A	TCAAC	ok	False
chr5	1133027	1133028	+	0.14458	delta_sum_err	92	A	TTATT	ok	False
chr5	1133410	1133411	+	0.19499	delta_sum_err	95	A	CCACA	ok	False
chr5	1133412	1133413	+	0.14849	delta_sum_err	94	A	ACATA	ok	False
chr5	1133422	1133423	+	0.11472	delta_sum_err	102	A	ATATA	ok	False
chr5	1133982	1133983	+	0.11729	delta_sum_err	111	A	TTAAG	ok	False
chr5	1134403	1134404	+	0.15322	delta_sum_err	85	A	TCAAA	ok	False
chr5	1134407	1134408	+	0.1138	delta_sum_err	122	A	AAATC	ok	False
chr5	1135288	1135289	+	0.12048	delta_sum_err	154	A	GCAGG	ok	False
chr5	1135773	1135774	+	0.12692	delta_sum_err	133	A	GCAAA	ok	False
chr5	1136264	1136265	+	0.13583	delta_sum_err	215	A	CTAAT	ok	False
chr5	1136973	1136974	+	0.12437	delta_sum_err	223	A	CGAAA	ok	False
chr5	1138310	1138311	+	0.14415	delta_sum_err	389	A	GGACA	ok	True
chr5	1138340	1138341	+	0.1852	delta_sum_err	336	A	ACAAC	ok	False
chr5	1138341	1138342	+	0.11402	delta_sum_err	372	A	CAACA	ok	False
chr5	1138349	1138350	+	0.1301	delta_sum_err	399	A	CCATG	ok	False
chr5	1138360	1138361	+	0.14099	delta_sum_err	386	A	ATAAC	ok	False
chr5	1138385	1138386	+	0.24981	delta_sum_err	296	A	ATAAC	ok	False
chr5	1138395	1138396	+	0.20274	delta_sum_err	269	A	TCAAC	ok	False
chr5	1320272	1320273	+	0.12459	delta_sum_err	70	A	TCATG	ok	False
chr5	1321349	1321350	+	0.164	delta_sum_err	133	A	ACAAA	ok	False
chr5	1321647	1321648	+	0.13166	delta_sum_err	158	A	CTAAA	ok	False
chr5	13587121	13587122	+	0.25722	delta_sum_err	152	A	CCATT	ok	False
chr5	13587263	13587264	+	0.11772	delta_sum_err	150	A	GGAGG	ok	False
chr5	13587582	13587583	+	0.13393	delta_sum_err	93	A	GGAAA	ok	False
chr5	13587811	13587812	+	0.12195	delta_sum_err	152	A	CCACA	ok	False
chr5	13588355	13588356	+	0.27181	delta_sum_err	157	A	ATAAG	ok	False
chr5	13588356	13588357	+	0.36283	delta_sum_err	171	A	TAAGA	ok	False
chr5	13588358	13588359	+	0.15029	delta_sum_err	151	A	AGACT	ok	True
chr5	13588404	13588405	+	0.17001	delta_sum_err	133	A	TCATA	ok	False
chr5	13588406	13588407	+	0.12865	delta_sum_err	138	A	ATAAA	ok	False
chr5	13588410	13588411	+	0.15577	delta_sum_err	137	A	ACAAG	ok	False
chr5	13588416	13588417	+	0.2699	delta_sum_err	114	A	GGAAA	ok	False
chr5	13588444	13588445	+	0.23384	delta_sum_err	157	A	TCAAG	ok	False
chr5	13833302	13833303	+	0.12938	delta_sum_err	1755	A	TTAAA	ok	False
chr5	13833315	13833316	+	0.22821	delta_sum_err	1705	A	TTAAG	ok	False
chr5	13833316	13833317	+	0.23927	delta_sum_err	1901	A	TAAGA	ok	False
chr5	13833350	13833351	+	0.12288	delta_sum_err	1383	A	TTAAA	ok	False
chr5	13833369	13833370	+	0.23753	delta_sum_err	1221	A	GGACA	ok	True
chr5	1389199	1389200	+	0.13714	delta_sum_err	138	A	TCACA	ok	False
chr5	1389246	1389247	+	0.12132	delta_sum_err	148	A	AGAAA	ok	False
chr5	1389459	1389460	+	0.14192	delta_sum_err	168	A	GCATG	ok	False
chr5	1389710	1389711	+	0.15762	delta_sum_err	181	A	AGAAA	ok	False
chr5	1389711	1389712	+	0.18164	delta_sum_err	202	A	GAAAG	ok	False
chr5	1389712	1389713	+	0.21964	delta_sum_err	213	A	AAAGA	ok	False
chr5	1389714	1389715	+	0.1912	delta_sum_err	179	A	AGACA	ok	True
chr5	1389781	1389782	+	0.38756	delta_sum_err	183	A	TGAGA	ok	False
chr5	14276553	14276554	+	0.14651	delta_sum_err	66	A	CCACT	ok	False
chr5	14276719	14276720	+	0.13799	delta_sum_err	71	A	TGAAA	ok	False
chr5	14276803	14276804	+	0.17809	delta_sum_err	65	A	TGAAG	ok	False
chr5	14276804	14276805	+	0.34461	delta_sum_err	73	A	GAAGA	ok	False
chr5	14276880	14276881	+	0.14949	delta_sum_err	67	A	ATAAG	ok	False
chr5	1478481	1478482	+	0.11717	delta_sum_err	66	A	TGAAA	ok	False
chr5	1478528	1478529	+	0.13043	delta_sum_err	65	A	GCAGA	ok	False
chr5	1478607	1478608	+	0.12847	delta_sum_err	64	A	TCACA	ok	False
chr5	1478690	1478691	+	0.13091	delta_sum_err	70	A	TCACT	ok	False
chr5	1478704	1478705	+	0.15372	delta_sum_err	72	A	TAACC	ok	True
chr5	1478862	1478863	+	0.13816	delta_sum_err	60	A	GCAAC	ok	False
chr5	1478902	1478903	+	0.16827	delta_sum_err	66	A	CCAAC	ok	False
chr5	1478903	1478904	+	0.13676	delta_sum_err	67	A	CAACA	ok	False
chr5	1478971	1478972	+	0.21329	delta_sum_err	62	A	CCACT	ok	False
chr5	1479914	1479915	+	0.19549	delta_sum_err	74	A	ATACT	ok	False
chr5	1479953	1479954	+	0.17444	delta_sum_err	73	A	CCAAA	ok	False
chr5	1479978	1479979	+	0.17852	delta_sum_err	91	A	GGATT	ok	False
chr5	1479989	1479990	+	0.15385	delta_sum_err	79	A	GGATA	ok	False
chr5	1479991	1479992	+	0.12324	delta_sum_err	86	A	ATATT	ok	False
chr5	1480002	1480003	+	0.16458	delta_sum_err	73	A	TCAAC	ok	False
chr5	15407038	15407039	+	0.13201	delta_sum_err	63	A	CGACT	ok	False
chr5	15407230	15407231	+	0.13433	delta_sum_err	70	A	CAAGC	ok	False
chr5	15407384	15407385	+	0.11765	delta_sum_err	70	A	TGAAG	ok	False
chr5	15407435	15407436	+	0.12132	delta_sum_err	72	A	TAACA	ok	True
chr5	15407437	15407438	+	0.22073	delta_sum_err	64	A	ACAAG	ok	False
chr5	15407474	15407475	+	0.17417	delta_sum_err	67	A	TCACA	ok	False
chr5	15407531	15407532	+	0.42231	delta_sum_err	74	A	TCAGA	ok	False
chr5	15407566	15407567	+	0.17183	delta_sum_err	71	A	TTAAT	ok	False
chr5	15407569	15407570	+	0.22495	delta_sum_err	55	A	ATATG	ok	False
chr5	15407640	15407641	+	0.28493	delta_sum_err	40	A	TTACT	ok	False
chr5	15410369	15410370	+	0.11579	delta_sum_err	161	A	CGAAA	ok	False
chr5	15411321	15411322	+	0.1285	delta_sum_err	262	A	AGAAA	ok	False
chr5	15411374	15411375	+	0.36627	delta_sum_err	257	A	AGACA	ok	True
chr5	15411376	15411377	+	0.12129	delta_sum_err	337	A	ACACA	ok	False
chr5	15411474	15411475	+	0.30196	delta_sum_err	155	A	TCAAA	ok	False
chr5	15421910	15421911	+	0.14392	delta_sum_err	114	A	CTATT	ok	False
chr5	15422168	15422169	+	0.14833	delta_sum_err	110	A	TTAGC	ok	False
chr5	15423019	15423020	+	0.15217	delta_sum_err	120	A	GGAAA	ok	False
chr5	15423228	15423229	+	0.12968	delta_sum_err	121	A	CCACC	ok	False
chr5	15423267	15423268	+	0.11729	delta_sum_err	135	A	ATAAA	ok	False
chr5	15423273	15423274	+	0.23854	delta_sum_err	49	A	GTAAA	ok	False
chr5	15423278	15423279	+	0.12552	delta_sum_err	113	A	ACAAA	ok	False
chr5	15423298	15423299	+	0.28117	delta_sum_err	135	A	AAAGA	ok	False
chr5	15423300	15423301	+	0.22667	delta_sum_err	121	A	AGACA	ok	True
chr5	15423314	15423315	+	0.12474	delta_sum_err	95	A	TGATA	ok	False
chr5	1563660	1563661	+	0.195	delta_sum_err	140	A	TCATG	ok	False
chr5	1563913	1563914	+	0.29729	delta_sum_err	147	A	TTAAA	ok	False
chr5	1564334	1564335	+	0.14523	delta_sum_err	191	A	GAAGA	ok	False
chr5	1564354	1564355	+	0.12551	delta_sum_err	159	A	CGAGA	ok	False
chr5	1564878	1564879	+	0.16189	delta_sum_err	226	A	GTATT	ok	False
chr5	15845014	15845015	+	0.1158	delta_sum_err	130	A	GCAGC	ok	False
chr5	15845792	15845793	+	0.21456	delta_sum_err	73	A	TCACC	ok	False
chr5	15845886	15845887	+	0.13692	delta_sum_err	143	A	AAATC	ok	False
chr5	15845893	15845894	+	0.12439	delta_sum_err	111	A	CTAAA	ok	False
chr5	15845990	15845991	+	0.19989	delta_sum_err	112	A	GTACT	ok	False
chr5	15846003	15846004	+	0.32399	delta_sum_err	129	A	ATAAG	ok	False
chr5	15846004	15846005	+	0.32525	delta_sum_err	144	A	TAAGA	ok	False
chr5	15846044	15846045	+	0.11418	delta_sum_err	129	A	CTACT	ok	False
chr5	15904063	15904064	+	0.18406	delta_sum_err	384	A	ACATT	ok	False
chr5	15905244	15905245	+	0.41803	delta_sum_err	525	A	TCAGA	ok	False
chr5	15905249	15905250	+	0.17432	delta_sum_err	205	A	CTAAA	ok	False
chr5	15905254	15905255	+	0.15179	delta_sum_err	517	A	ACACT	ok	False
chr5	15905321	15905322	+	0.14676	delta_sum_err	457	A	TGAAG	ok	False
chr5	16286219	16286220	+	0.11917	delta_sum_err	56	A	ACAAA	ok	False
chr5	16286277	16286278	+	0.11628	delta_sum_err	79	A	AAAAG	ok	False
chr5	16286278	16286279	+	0.16541	delta_sum_err	72	A	AAAGC	ok	False
chr5	16286290	16286291	+	0.1189	delta_sum_err	78	A	TGACA	ok	True
chr5	16286801	16286802	+	0.12008	delta_sum_err	85	A	CTATA	ok	False
chr5	16286990	16286991	+	0.11891	delta_sum_err	76	A	CGATT	ok	False
chr5	16287025	16287026	+	0.13603	delta_sum_err	76	A	CCACA	ok	False
chr5	16287125	16287126	+	0.16892	delta_sum_err	74	A	TCACT	ok	False
chr5	16287362	16287363	+	0.12121	delta_sum_err	98	A	AGACT	ok	True
chr5	16287649	16287650	+	0.23987	delta_sum_err	62	A	ACAAA	ok	False
chr5	16287650	16287651	+	0.24729	delta_sum_err	92	A	CAAAA	ok	False
chr5	16287651	16287652	+	0.13848	delta_sum_err	99	A	AAAAA	ok	False
chr5	16287668	16287669	+	0.14706	delta_sum_err	90	A	AGAAC	ok	False
chr5	16301283	16301284	+	0.16629	delta_sum_err	172	A	TCAAC	ok	False
chr5	16301426	16301427	+	0.12014	delta_sum_err	192	A	ATATT	ok	False
chr5	16340754	16340755	+	0.14109	delta_sum_err	85	A	CTACC	ok	False
chr5	16342265	16342266	+	0.13289	delta_sum_err	103	A	TTACA	ok	False
chr5	16342406	16342407	+	0.17171	delta_sum_err	81	A	TCAAA	ok	False
chr5	16342407	16342408	+	0.31162	delta_sum_err	92	A	CAAAA	ok	False
chr5	16342408	16342409	+	0.30399	delta_sum_err	111	A	AAAAG	ok	False
chr5	16342409	16342410	+	0.41573	delta_sum_err	114	A	AAAGA	ok	False
chr5	16342411	16342412	+	0.22505	delta_sum_err	95	A	AGACA	ok	True
chr5	16342413	16342414	+	0.19271	delta_sum_err	84	A	ACATG	ok	False
chr5	16342434	16342435	+	0.17213	delta_sum_err	87	A	TTAGA	ok	False
chr5	16342436	16342437	+	0.43672	delta_sum_err	80	A	AGAAA	ok	False
chr5	16342437	16342438	+	0.39935	delta_sum_err	111	A	GAAAG	ok	False
chr5	16342470	16342471	+	0.11481	delta_sum_err	108	A	TTAAC	ok	False
chr5	16342476	16342477	+	0.12653	delta_sum_err	100	A	TCAAG	ok	False
chr5	16342477	16342478	+	0.13813	delta_sum_err	111	A	CAAGT	ok	False
chr5	16342481	16342482	+	0.23696	delta_sum_err	84	A	TCACA	ok	False
chr5	16342483	16342484	+	0.20811	delta_sum_err	93	A	ACACA	ok	False
chr5	16342485	16342486	+	0.25145	delta_sum_err	94	A	ACATG	ok	False
chr5	16342488	16342489	+	0.14251	delta_sum_err	113	A	TGATT	ok	False
chr5	16342499	16342500	+	0.13198	delta_sum_err	97	A	TTATA	ok	False
chr5	16342530	16342531	+	0.18269	delta_sum_err	102	A	TAAAC	ok	False
chr5	16342531	16342532	+	0.15291	delta_sum_err	101	A	AAACC	ok	True
chr5	16342536	16342537	+	0.14444	delta_sum_err	97	A	GGACT	ok	True
chr5	16411938	16411939	+	0.14244	delta_sum_err	709	A	CGAAT	ok	False
chr5	16412013	16412014	+	0.18545	delta_sum_err	328	A	TCAAA	ok	False
chr5	16412035	16412036	+	0.16947	delta_sum_err	250	A	TCAAA	ok	False
chr5	16637179	16637180	+	0.1174	delta_sum_err	72	A	ACAAC	ok	False
chr5	16637310	16637311	+	0.12833	delta_sum_err	60	A	TCACC	ok	False
chr5	16637362	16637363	+	0.17208	delta_sum_err	71	A	GGAGA	ok	False
chr5	16637421	16637422	+	0.13622	delta_sum_err	74	A	GTAAG	ok	False
chr5	16637429	16637430	+	0.25401	delta_sum_err	74	A	ATAAG	ok	False
chr5	16637514	16637515	+	0.15	delta_sum_err	74	A	TCAAG	ok	False
chr5	16637547	16637548	+	0.11875	delta_sum_err	70	A	TAAAC	ok	False
chr5	16637548	16637549	+	0.19375	delta_sum_err	76	A	AAACC	ok	True
chr5	1666036	1666037	+	0.12076	delta_sum_err	70	A	CCACA	ok	False
chr5	16677289	16677290	+	0.15614	delta_sum_err	306	A	TTAAC	ok	False
chr5	16677316	16677317	+	0.14202	delta_sum_err	301	A	TCAAC	ok	False
chr5	16677317	16677318	+	0.29144	delta_sum_err	258	A	CAACT	ok	False
chr5	16677331	16677332	+	0.13094	delta_sum_err	259	A	GTACT	ok	False
chr5	16677441	16677442	+	0.23624	delta_sum_err	57	A	AGAAA	ok	False
chr5	16815636	16815637	+	0.1375	delta_sum_err	27	A	GTATA	ok	False
chr5	16815785	16815786	+	0.11693	delta_sum_err	34	A	CCACC	ok	False
chr5	16815819	16815820	+	0.15401	delta_sum_err	34	A	TCAGA	ok	False
chr5	16815837	16815838	+	0.12222	delta_sum_err	36	A	CGACA	ok	False
chr5	16815846	16815847	+	0.12128	delta_sum_err	36	A	CAATT	ok	False
chr5	16815851	16815852	+	0.13617	delta_sum_err	35	A	CCAAC	ok	False
chr5	16815852	16815853	+	0.11789	delta_sum_err	33	A	CAACT	ok	False
chr5	16815917	16815918	+	0.18405	delta_sum_err	38	A	CAAAA	ok	False
chr5	16815983	16815984	+	0.14103	delta_sum_err	34	A	TCAAC	ok	False
chr5	16816499	16816500	+	0.17108	delta_sum_err	48	A	TCACC	ok	False
chr5	16816528	16816529	+	0.13021	delta_sum_err	49	A	CTAGC	ok	False
chr5	16816698	16816699	+	0.15231	delta_sum_err	43	A	TGAGG	ok	False
chr5	16816704	16816705	+	0.20308	delta_sum_err	49	A	CCATA	ok	False
chr5	16816727	16816728	+	0.12468	delta_sum_err	38	A	CCACT	ok	False
chr5	16816752	16816753	+	0.13133	delta_sum_err	53	A	CCATT	ok	False
chr5	16816987	16816988	+	0.12562	delta_sum_err	57	A	GAAAG	ok	False
chr5	16816988	16816989	+	0.15287	delta_sum_err	29	A	AAAGA	ok	False
chr5	16817010	16817011	+	0.12565	delta_sum_err	37	A	ACATA	ok	False
chr5	16827396	16827397	+	0.21372	delta_sum_err	35	A	CCACG	ok	False
chr5	16827514	16827515	+	0.15595	delta_sum_err	36	A	GTACA	ok	False
chr5	16827522	16827523	+	0.11688	delta_sum_err	20	A	AGAAA	ok	False
chr5	16827538	16827539	+	0.13854	delta_sum_err	38	A	TCATG	ok	False
chr5	16827655	16827656	+	0.19327	delta_sum_err	40	A	GGAAA	ok	False
chr5	16827829	16827830	+	0.12596	delta_sum_err	37	A	CAAAA	ok	False
chr5	16827888	16827889	+	0.17022	delta_sum_err	45	A	TAACT	ok	True
chr5	16828005	16828006	+	0.14706	delta_sum_err	53	A	CCAGC	ok	False
chr5	16828009	16828010	+	0.19449	delta_sum_err	45	A	CGAGT	ok	False
chr5	16828047	16828048	+	0.14964	delta_sum_err	50	A	ACAAG	ok	False
chr5	16828152	16828153	+	0.11525	delta_sum_err	57	A	TCATC	ok	False
chr5	16828186	16828187	+	0.26128	delta_sum_err	33	A	GTAAA	ok	False
chr5	16828249	16828250	+	0.13837	delta_sum_err	50	A	CTAAA	ok	False
chr5	16828304	16828305	+	0.12885	delta_sum_err	59	A	ATACC	ok	False
chr5	16828344	16828345	+	0.36842	delta_sum_err	57	A	ATAGA	ok	False
chr5	16902595	16902596	+	0.11683	delta_sum_err	89	A	TCACA	ok	False
chr5	16902750	16902751	+	0.13838	delta_sum_err	92	A	ACAAA	ok	False
chr5	16902831	16902832	+	0.18287	delta_sum_err	157	A	TCACA	ok	False
chr5	16903215	16903216	+	0.13227	delta_sum_err	140	A	GGAGA	ok	False
chr5	16903945	16903946	+	0.12291	delta_sum_err	253	A	TTAAG	ok	False
chr5	16903946	16903947	+	0.1435	delta_sum_err	287	A	TAAGG	ok	False
chr5	16904199	16904200	+	0.19249	delta_sum_err	266	A	TGAGA	ok	False
chr5	16905184	16905185	+	0.12856	delta_sum_err	282	A	AGACT	ok	True
chr5	17325038	17325039	+	0.11867	delta_sum_err	153	A	CTACA	ok	False
chr5	17325040	17325041	+	0.13473	delta_sum_err	159	A	ACATC	ok	False
chr5	17325782	17325783	+	0.14315	delta_sum_err	150	A	GCAAA	ok	False
chr5	17325872	17325873	+	0.12515	delta_sum_err	105	A	GTATA	ok	False
chr5	17325893	17325894	+	0.17606	delta_sum_err	91	A	TTACA	ok	False
chr5	17390951	17390952	+	0.17535	delta_sum_err	30	A	GCAAG	ok	False
chr5	17390992	17390993	+	0.19769	delta_sum_err	30	A	CCACA	ok	False
chr5	17390994	17390995	+	0.12738	delta_sum_err	32	A	ACATG	ok	False
chr5	17391071	17391072	+	0.27792	delta_sum_err	33	A	CTAAA	ok	False
chr5	17391301	17391302	+	0.1238	delta_sum_err	39	A	TTACA	ok	False
chr5	17391584	17391585	+	0.13017	delta_sum_err	42	A	CAAGT	ok	False
chr5	17391592	17391593	+	0.12699	delta_sum_err	35	A	TGAGA	ok	False
chr5	17391676	17391677	+	0.13617	delta_sum_err	44	A	CCACG	ok	False
chr5	17391895	17391896	+	0.17374	delta_sum_err	47	A	CTAGT	ok	False
chr5	17392126	17392127	+	0.13889	delta_sum_err	47	A	GTAAC	ok	False
chr5	17392381	17392382	+	0.11848	delta_sum_err	46	A	GAAGA	ok	False
chr5	17392402	17392403	+	0.16327	delta_sum_err	39	A	AGAGG	ok	False
chr5	17392498	17392499	+	0.14667	delta_sum_err	46	A	TAAAG	ok	False
chr5	17392513	17392514	+	0.18444	delta_sum_err	35	A	ATAAA	ok	False
chr5	17460862	17460863	+	0.15853	delta_sum_err	71	A	CCAAA	ok	False
chr5	17461183	17461184	+	0.14957	delta_sum_err	83	A	ACAAC	ok	False
chr5	17461184	17461185	+	0.12052	delta_sum_err	85	A	CAACT	ok	False
chr5	17461480	17461481	+	0.13177	delta_sum_err	55	A	CGAAA	ok	False
chr5	17461561	17461562	+	0.14215	delta_sum_err	76	A	ACAAA	ok	False
chr5	17461574	17461575	+	0.19853	delta_sum_err	86	A	TTAGA	ok	False
chr5	17461618	17461619	+	0.14131	delta_sum_err	83	A	TCATG	ok	False
chr5	17461634	17461635	+	0.27117	delta_sum_err	65	A	ATACT	ok	False
chr5	17685133	17685134	+	0.12599	delta_sum_err	121	A	CCACT	ok	False
chr5	17685441	17685442	+	0.12833	delta_sum_err	117	A	GCAAA	ok	False
chr5	17685613	17685614	+	0.12116	delta_sum_err	121	A	CGAAA	ok	False
chr5	17686326	17686327	+	0.13884	delta_sum_err	175	A	CGATC	ok	False
chr5	17686373	17686374	+	0.15676	delta_sum_err	139	A	GCAAA	ok	False
chr5	17686375	17686376	+	0.23305	delta_sum_err	206	A	AAATG	ok	False
chr5	17686419	17686420	+	0.16192	delta_sum_err	188	A	TGACT	ok	True
chr5	17686442	17686443	+	0.45551	delta_sum_err	129	A	TGACA	ok	True
chr5	17686458	17686459	+	0.14207	delta_sum_err	194	A	CAACA	ok	False
chr5	17686460	17686461	+	0.54322	delta_sum_err	195	A	ACAGA	ok	False
chr5	17686518	17686519	+	0.13816	delta_sum_err	141	A	TTAAG	ok	False
chr5	17692991	17692992	+	0.14696	delta_sum_err	163	A	GCAGG	ok	False
chr5	17693284	17693285	+	0.14226	delta_sum_err	152	A	TCACA	ok	False
chr5	17693286	17693287	+	0.12564	delta_sum_err	149	A	ACATC	ok	False
chr5	17693294	17693295	+	0.2839	delta_sum_err	165	A	GGATT	ok	False
chr5	17712831	17712832	+	0.12591	delta_sum_err	211	A	CCATT	ok	False
chr5	17712841	17712842	+	0.12037	delta_sum_err	193	A	CCACA	ok	False
chr5	17761489	17761490	+	0.18393	delta_sum_err	43	A	GTAAG	ok	False
chr5	17761522	17761523	+	0.14015	delta_sum_err	56	A	CGAGA	ok	False
chr5	17761583	17761584	+	0.13542	delta_sum_err	56	A	CTACT	ok	False
chr5	17761623	17761624	+	0.13612	delta_sum_err	60	A	ACAAG	ok	False
chr5	17761653	17761654	+	0.14995	delta_sum_err	56	A	GGACA	ok	True
chr5	17761699	17761700	+	0.12145	delta_sum_err	50	A	TCACC	ok	False
chr5	17761723	17761724	+	0.14892	delta_sum_err	52	A	TCAAA	ok	False
chr5	17761879	17761880	+	0.1613	delta_sum_err	21	A	TTATA	ok	False
chr5	17761881	17761882	+	0.21678	delta_sum_err	43	A	ATATA	ok	False
chr5	17798398	17798399	+	0.2315	delta_sum_err	60	A	CAAAA	ok	False
chr5	17798645	17798646	+	0.17296	delta_sum_err	92	A	AGATT	ok	False
chr5	17800727	17800728	+	0.27085	delta_sum_err	171	A	AAAGA	ok	False
chr5	1790791	1790792	+	0.17931	delta_sum_err	188	A	TCAAA	ok	False
chr5	18013657	18013658	+	0.18436	delta_sum_err	74	A	ACAAA	ok	False
chr5	18013729	18013730	+	0.11833	delta_sum_err	81	A	TGAAA	ok	False
chr5	18013986	18013987	+	0.14898	delta_sum_err	85	A	GGAAA	ok	False
chr5	18013987	18013988	+	0.13296	delta_sum_err	88	A	GAAAG	ok	False
chr5	18014585	18014586	+	0.11394	delta_sum_err	85	A	GGAAA	ok	False
chr5	18014958	18014959	+	0.14464	delta_sum_err	82	A	CCAAA	ok	False
chr5	18015234	18015235	+	0.13199	delta_sum_err	90	A	TTACC	ok	False
chr5	18015244	18015245	+	0.12123	delta_sum_err	89	A	TCATT	ok	False
chr5	18015319	18015320	+	0.19544	delta_sum_err	31	A	ACACC	ok	False
chr5	18015357	18015358	+	0.19348	delta_sum_err	72	A	TTAAG	ok	False
chr5	18397320	18397321	+	0.12022	delta_sum_err	212	A	GCATA	ok	False
chr5	18397945	18397946	+	0.13796	delta_sum_err	239	A	TTAAA	ok	False
chr5	18397970	18397971	+	0.19387	delta_sum_err	265	A	TGACT	ok	True
chr5	18397998	18397999	+	0.16542	delta_sum_err	209	A	TTATG	ok	False
chr5	18398001	18398002	+	0.25038	delta_sum_err	212	A	TGACA	ok	True
chr5	18398025	18398026	+	0.25648	delta_sum_err	214	A	GGATT	ok	False
chr5	18398029	18398030	+	0.14709	delta_sum_err	165	A	TCAAG	ok	False
chr5	18629623	18629624	+	0.27731	delta_sum_err	75	A	ATACA	ok	False
chr5	18629625	18629626	+	0.30299	delta_sum_err	70	A	ACATA	ok	False
chr5	18629627	18629628	+	0.14631	delta_sum_err	63	A	ATAAA	ok	False
chr5	18629629	18629630	+	0.125	delta_sum_err	81	A	AAAAG	ok	False
chr5	18634756	18634757	+	0.13333	delta_sum_err	102	A	GGAGT	ok	False
chr5	18634765	18634766	+	0.11641	delta_sum_err	101	A	CTACA	ok	False
chr5	18634767	18634768	+	0.13457	delta_sum_err	107	A	ACACA	ok	False
chr5	18634916	18634917	+	0.12807	delta_sum_err	72	A	ACAAA	ok	False
chr5	18635973	18635974	+	0.13103	delta_sum_err	102	A	GCATA	ok	False
chr5	18636035	18636036	+	0.125	delta_sum_err	121	A	TAATT	ok	False
chr5	18671221	18671222	+	0.2436	delta_sum_err	116	A	ACAAG	ok	False
chr5	18834040	18834041	+	0.11944	delta_sum_err	284	A	AGAAG	ok	False
chr5	18834521	18834522	+	0.27673	delta_sum_err	269	A	CAACT	ok	False
chr5	18834558	18834559	+	0.18774	delta_sum_err	259	A	TCAGA	ok	False
chr5	18834560	18834561	+	0.13793	delta_sum_err	134	A	AGACA	ok	True
chr5	18891153	18891154	+	0.14881	delta_sum_err	38	A	CTAGC	ok	False
chr5	19090535	19090536	+	0.12339	delta_sum_err	146	A	CCACC	ok	False
chr5	19090602	19090603	+	0.13454	delta_sum_err	116	A	TCACC	ok	False
chr5	19092073	19092074	+	0.13429	delta_sum_err	90	A	AAAAA	ok	False
chr5	19092169	19092170	+	0.11479	delta_sum_err	182	A	GGACT	ok	True
chr5	19092206	19092207	+	0.12719	delta_sum_err	120	A	ACAAA	ok	False
chr5	19092209	19092210	+	0.11413	delta_sum_err	182	A	AAAAC	ok	False
chr5	19092210	19092211	+	0.15388	delta_sum_err	172	A	AAACC	ok	True
chr5	19092259	19092260	+	0.39547	delta_sum_err	59	A	GTATG	ok	False
chr5	19092262	19092263	+	0.11421	delta_sum_err	126	A	TGACT	ok	True
chr5	19137646	19137647	+	0.12364	delta_sum_err	89	A	TTACT	ok	False
chr5	19137673	19137674	+	0.25136	delta_sum_err	91	A	CCAGA	ok	False
chr5	19137716	19137717	+	0.16875	delta_sum_err	81	A	GCACA	ok	False
chr5	19137740	19137741	+	0.19097	delta_sum_err	89	A	AAATG	ok	False
chr5	19167901	19167902	+	0.13214	delta_sum_err	121	A	GCACA	ok	False
chr5	19167925	19167926	+	0.14026	delta_sum_err	124	A	CCATC	ok	False
chr5	19168072	19168073	+	0.11832	delta_sum_err	119	A	TCACT	ok	False
chr5	19168210	19168211	+	0.1238	delta_sum_err	119	A	TCACA	ok	False
chr5	19168320	19168321	+	0.20736	delta_sum_err	119	A	TCACA	ok	False
chr5	19168499	19168500	+	0.11378	delta_sum_err	133	A	CAACC	ok	False
chr5	19168750	19168751	+	0.17631	delta_sum_err	130	A	TCACA	ok	False
chr5	19168752	19168753	+	0.27156	delta_sum_err	137	A	ACACC	ok	False
chr5	19168784	19168785	+	0.53791	delta_sum_err	133	A	TTAGA	ok	False
chr5	19168799	19168800	+	0.18941	delta_sum_err	112	A	TTAAC	ok	False
chr5	19168802	19168803	+	0.3882	delta_sum_err	94	A	ACAAC	ok	False
chr5	19168880	19168881	+	0.11811	delta_sum_err	127	A	GAAAC	ok	False
chr5	19168887	19168888	+	0.22858	delta_sum_err	95	A	ATAAC	ok	False
chr5	1921308	1921309	+	0.1495	delta_sum_err	157	A	AGAAC	ok	False
chr5	1921309	1921310	+	0.18585	delta_sum_err	166	A	GAACC	ok	True
chr5	19241778	19241779	+	0.19618	delta_sum_err	53	A	CCATG	ok	False
chr5	19242193	19242194	+	0.1608	delta_sum_err	48	A	TTAAA	ok	False
chr5	19242195	19242196	+	0.1384	delta_sum_err	66	A	AAATG	ok	False
chr5	19242315	19242316	+	0.1764	delta_sum_err	46	A	TCAAA	ok	False
chr5	19242589	19242590	+	0.15184	delta_sum_err	69	A	TCACG	ok	False
chr5	19243341	19243342	+	0.12054	delta_sum_err	44	A	GAAAA	ok	False
chr5	19243382	19243383	+	0.1173	delta_sum_err	69	A	TAAGG	ok	False
chr5	19243406	19243407	+	0.22414	delta_sum_err	75	A	ACAAG	ok	False
chr5	19243407	19243408	+	0.28756	delta_sum_err	81	A	CAAGA	ok	False
chr5	19243438	19243439	+	0.12954	delta_sum_err	60	A	TAACT	ok	True
chr5	19243467	19243468	+	0.29054	delta_sum_err	38	A	TGAAC	ok	False
chr5	19309876	19309877	+	0.13978	delta_sum_err	102	A	GCAGT	ok	False
chr5	19309886	19309887	+	0.18586	delta_sum_err	88	A	CAACA	ok	False
chr5	19310022	19310023	+	0.11943	delta_sum_err	103	A	AGATA	ok	False
chr5	19310029	19310030	+	0.11437	delta_sum_err	100	A	TAAAT	ok	False
chr5	19310112	19310113	+	0.12085	delta_sum_err	84	A	GTAAA	ok	False
chr5	19310154	19310155	+	0.11627	delta_sum_err	50	A	GTAAA	ok	False
chr5	19310156	19310157	+	0.13508	delta_sum_err	81	A	AAAGA	ok	False
chr5	1936579	1936580	+	0.15602	delta_sum_err	75	A	CCAAA	ok	False
chr5	19377542	19377543	+	0.12201	delta_sum_err	123	A	AAAGA	ok	False
chr5	19377559	19377560	+	0.12167	delta_sum_err	124	A	CGATT	ok	False
chr5	19377845	19377846	+	0.11567	delta_sum_err	124	A	ATAAC	ok	False
chr5	19378178	19378179	+	0.16437	delta_sum_err	132	A	GGACC	ok	True
chr5	19378215	19378216	+	0.12019	delta_sum_err	120	A	TCACA	ok	False
chr5	19378267	19378268	+	0.29928	delta_sum_err	104	A	GTAAG	ok	False
chr5	19378268	19378269	+	0.42101	delta_sum_err	133	A	TAAGA	ok	False
chr5	19378270	19378271	+	0.1808	delta_sum_err	111	A	AGACA	ok	True
chr5	19378277	19378278	+	0.11867	delta_sum_err	129	A	GTACC	ok	False
chr5	19378284	19378285	+	0.14231	delta_sum_err	114	A	ACACC	ok	False
chr5	19378299	19378300	+	0.49359	delta_sum_err	121	A	GCAGA	ok	False
chr5	1937857	1937858	+	0.1877	delta_sum_err	109	A	TCAAC	ok	False
chr5	1937923	1937924	+	0.11711	delta_sum_err	115	A	AGATT	ok	False
chr5	1937927	1937928	+	0.21026	delta_sum_err	83	A	TCACC	ok	False
chr5	1937993	1937994	+	0.14833	delta_sum_err	80	A	TCAAA	ok	False
chr5	1938016	1938017	+	0.50674	delta_sum_err	97	A	TCAGA	ok	False
chr5	19388774	19388775	+	0.12913	delta_sum_err	108	A	GCATC	ok	False
chr5	19388847	19388848	+	0.14414	delta_sum_err	156	A	TTAGG	ok	False
chr5	19390435	19390436	+	0.20842	delta_sum_err	145	A	CTATA	ok	False
chr5	19390455	19390456	+	0.2764	delta_sum_err	93	A	TTAAA	ok	False
chr5	19390456	19390457	+	0.25793	delta_sum_err	120	A	TAAAC	ok	False
chr5	19390457	19390458	+	0.19751	delta_sum_err	164	A	AAACC	ok	True
chr5	19390462	19390463	+	0.19354	delta_sum_err	77	A	GCAAA	ok	False
chr5	19390476	19390477	+	0.30271	delta_sum_err	128	A	TGACA	ok	True
chr5	19390571	19390572	+	0.11933	delta_sum_err	104	A	TAAAC	ok	False
chr5	19570289	19570290	+	0.15278	delta_sum_err	64	A	AAACT	ok	True
chr5	19570469	19570470	+	0.14286	delta_sum_err	83	A	TCAAA	ok	False
chr5	19571165	19571166	+	0.14558	delta_sum_err	96	A	CCACT	ok	False
chr5	19571388	19571389	+	0.11728	delta_sum_err	109	A	TCATT	ok	False
chr5	19572284	19572285	+	0.1318	delta_sum_err	109	A	GGAAA	ok	False
chr5	19572521	19572522	+	0.13643	delta_sum_err	148	A	TCAAA	ok	False
chr5	19572648	19572649	+	0.19589	delta_sum_err	113	A	CTACT	ok	False
chr5	19572675	19572676	+	0.12441	delta_sum_err	122	A	AAAGA	ok	False
chr5	19572698	19572699	+	0.13716	delta_sum_err	116	A	TCACA	ok	False
chr5	19572700	19572701	+	0.22701	delta_sum_err	119	A	ACAAT	ok	False
chr5	19572701	19572702	+	0.20852	delta_sum_err	118	A	CAATA	ok	False
chr5	19572728	19572729	+	0.17318	delta_sum_err	85	A	AGAAG	ok	False
chr5	19572729	19572730	+	0.33007	delta_sum_err	92	A	GAAGA	ok	False
chr5	19572731	19572732	+	0.1746	delta_sum_err	79	A	AGACC	ok	True
chr5	20071293	20071294	+	0.12725	delta_sum_err	42	A	TGAAA	ok	False
chr5	20304194	20304195	+	0.25225	delta_sum_err	144	A	TCACT	ok	False
chr5	20305128	20305129	+	0.13333	delta_sum_err	193	A	AAAAC	ok	False
chr5	20306081	20306082	+	0.12355	delta_sum_err	270	A	GCAAG	ok	False
chr5	20315517	20315518	+	0.15229	delta_sum_err	88	A	CCATA	ok	False
chr5	20316930	20316931	+	0.12958	delta_sum_err	55	A	GGAAA	ok	False
chr5	20317195	20317196	+	0.18647	delta_sum_err	109	A	AAATT	ok	False
chr5	20317228	20317229	+	0.12106	delta_sum_err	96	A	AGAAA	ok	False
chr5	20317236	20317237	+	0.14168	delta_sum_err	84	A	CAACT	ok	False
chr5	20317303	20317304	+	0.37656	delta_sum_err	62	A	TGACA	ok	True
chr5	20689521	20689522	+	0.21042	delta_sum_err	72	A	ACAAA	ok	False
chr5	20691998	20691999	+	0.13771	delta_sum_err	129	A	TGATT	ok	False
chr5	20692811	20692812	+	0.12647	delta_sum_err	138	A	GCAGC	ok	False
chr5	20693124	20693125	+	0.20248	delta_sum_err	71	A	TTACT	ok	False
chr5	20693161	20693162	+	0.19762	delta_sum_err	74	A	CCAAA	ok	False
chr5	20693169	20693170	+	0.1165	delta_sum_err	90	A	ATAAT	ok	False
chr5	20745401	20745402	+	0.26666	delta_sum_err	178	A	TAAAC	ok	False
chr5	20936510	20936511	+	0.12626	delta_sum_err	55	A	AGATT	ok	False
chr5	20937191	20937192	+	0.16095	delta_sum_err	49	A	GCATA	ok	False
chr5	21009679	21009680	+	0.18774	delta_sum_err	203	A	CTAAG	ok	False
chr5	21009680	21009681	+	0.18222	delta_sum_err	228	A	TAAGT	ok	False
chr5	21010179	21010180	+	0.11423	delta_sum_err	218	A	ACAAA	ok	False
chr5	21010271	21010272	+	0.13718	delta_sum_err	234	A	ATACT	ok	False
chr5	21112373	21112374	+	0.11913	delta_sum_err	167	A	CAACC	ok	False
chr5	21112905	21112906	+	0.11726	delta_sum_err	217	A	ACAGC	ok	False
chr5	21113126	21113127	+	0.11945	delta_sum_err	175	A	GAACA	ok	True
chr5	21113283	21113284	+	0.13904	delta_sum_err	119	A	TGAAA	ok	False
chr5	21113364	21113365	+	0.20789	delta_sum_err	196	A	TCAAC	ok	False
chr5	21213268	21213269	+	0.11642	delta_sum_err	122	A	TAACC	ok	True
chr5	21213360	21213361	+	0.15584	delta_sum_err	120	A	TTAAA	ok	False
chr5	21213385	21213386	+	0.13334	delta_sum_err	122	A	TCAAA	ok	False
chr5	21214406	21214407	+	0.12802	delta_sum_err	147	A	AAAGT	ok	False
chr5	21214479	21214480	+	0.11979	delta_sum_err	138	A	TAACC	ok	True
chr5	21214594	21214595	+	0.20894	delta_sum_err	144	A	AGACC	ok	True
chr5	21214619	21214620	+	0.1642	delta_sum_err	144	A	AGAAT	ok	False
chr5	21214633	21214634	+	0.13579	delta_sum_err	137	A	TGAAG	ok	False
chr5	21287842	21287843	+	0.12739	delta_sum_err	58	A	AGATT	ok	False
chr5	21287902	21287903	+	0.23817	delta_sum_err	54	A	GTACA	ok	False
chr5	21288322	21288323	+	0.13686	delta_sum_err	59	A	TGATT	ok	False
chr5	21288423	21288424	+	0.1533	delta_sum_err	65	A	AAACT	ok	True
chr5	21288433	21288434	+	0.1278	delta_sum_err	67	A	TCAAG	ok	False
chr5	21288475	21288476	+	0.2029	delta_sum_err	59	A	AGAAA	ok	False
chr5	21288623	21288624	+	0.19344	delta_sum_err	64	A	AAATA	ok	False
chr5	21288640	21288641	+	0.11443	delta_sum_err	27	A	TTAAA	ok	False
chr5	21288725	21288726	+	0.25437	delta_sum_err	59	A	GGACA	ok	True
chr5	21288749	21288750	+	0.15977	delta_sum_err	61	A	GCATC	ok	False
chr5	21288786	21288787	+	0.12162	delta_sum_err	73	A	AGATT	ok	False
chr5	21294708	21294709	+	0.11434	delta_sum_err	123	A	GGACC	ok	True
chr5	21294739	21294740	+	0.11385	delta_sum_err	151	A	GCAAA	ok	False
chr5	21296539	21296540	+	0.31747	delta_sum_err	184	A	TTAAG	ok	False
chr5	21296540	21296541	+	0.29288	delta_sum_err	230	A	TAAGA	ok	False
chr5	21296642	21296643	+	0.17085	delta_sum_err	199	A	TTAGA	ok	False
chr5	21296644	21296645	+	0.13679	delta_sum_err	193	A	AGAAC	ok	False
chr5	2132905	2132906	+	0.15213	delta_sum_err	54	A	AAACT	ok	True
chr5	2132987	2132988	+	0.12626	delta_sum_err	57	A	CCATA	ok	False
chr5	2133040	2133041	+	0.20563	delta_sum_err	52	A	TCACA	ok	False
chr5	2133070	2133071	+	0.17242	delta_sum_err	63	A	AAATC	ok	False
chr5	2133092	2133093	+	0.16471	delta_sum_err	60	A	TTAAC	ok	False
chr5	2133337	2133338	+	0.16048	delta_sum_err	60	A	GGACA	ok	True
chr5	2133392	2133393	+	0.12792	delta_sum_err	68	A	ACAAC	ok	False
chr5	2133459	2133460	+	0.15278	delta_sum_err	61	A	GAAAA	ok	False
chr5	2133518	2133519	+	0.18968	delta_sum_err	52	A	ATAAA	ok	False
chr5	21413826	21413827	+	0.15318	delta_sum_err	155	A	CTACA	ok	False
chr5	21413921	21413922	+	0.1878	delta_sum_err	172	A	GCAAG	ok	False
chr5	21414008	21414009	+	0.14296	delta_sum_err	170	A	TCACA	ok	False
chr5	21414731	21414732	+	0.14167	delta_sum_err	198	A	TAATT	ok	False
chr5	21414872	21414873	+	0.1582	delta_sum_err	157	A	ATAAA	ok	False
chr5	21414899	21414900	+	0.24137	delta_sum_err	162	A	ATAAC	ok	False
chr5	21414900	21414901	+	0.20695	delta_sum_err	173	A	TAACA	ok	True
chr5	21414915	21414916	+	0.14345	delta_sum_err	149	A	ACAAA	ok	False
chr5	21414936	21414937	+	0.18572	delta_sum_err	130	A	TTAAA	ok	False
chr5	21465271	21465272	+	0.12896	delta_sum_err	89	A	TTATC	ok	False
chr5	21465705	21465706	+	0.11987	delta_sum_err	96	A	TCATC	ok	False
chr5	21465938	21465939	+	0.12296	delta_sum_err	70	A	GCATT	ok	False
chr5	21465977	21465978	+	0.18891	delta_sum_err	60	A	CCACC	ok	False
chr5	21466645	21466646	+	0.21594	delta_sum_err	103	A	GTAGA	ok	False
chr5	21466647	21466648	+	0.20042	delta_sum_err	110	A	AGAAC	ok	False
chr5	21466648	21466649	+	0.22464	delta_sum_err	111	A	GAACC	ok	True
chr5	21466702	21466703	+	0.21239	delta_sum_err	87	A	TCACA	ok	False
chr5	21466704	21466705	+	0.19527	delta_sum_err	98	A	ACACT	ok	False
chr5	21466762	21466763	+	0.26881	delta_sum_err	75	A	GGAGA	ok	False
chr5	21477514	21477515	+	0.26753	delta_sum_err	89	A	GTATT	ok	False
chr5	21477522	21477523	+	0.17758	delta_sum_err	89	A	ATAGC	ok	False
chr5	21477573	21477574	+	0.175	delta_sum_err	77	A	GTAAA	ok	False
chr5	21477597	21477598	+	0.17222	delta_sum_err	94	A	TGATT	ok	False
chr5	21478262	21478263	+	0.14386	delta_sum_err	87	A	GGACC	ok	True
chr5	21478305	21478306	+	0.17122	delta_sum_err	62	A	TTAAA	ok	False
chr5	21478323	21478324	+	0.12366	delta_sum_err	96	A	GTAGT	ok	False
chr5	21478334	21478335	+	0.13406	delta_sum_err	92	A	TTATA	ok	False
chr5	21478363	21478364	+	0.175	delta_sum_err	81	A	AAAAC	ok	False
chr5	21479685	21479686	+	0.16502	delta_sum_err	65	A	ACAGC	ok	False
chr5	21479743	21479744	+	0.12439	delta_sum_err	47	A	AGAAA	ok	False
chr5	21480182	21480183	+	0.16785	delta_sum_err	65	A	TCACT	ok	False
chr5	21480471	21480472	+	0.13386	delta_sum_err	62	A	TCAAA	ok	False
chr5	21480579	21480580	+	0.1265	delta_sum_err	86	A	CAATC	ok	False
chr5	21480765	21480766	+	0.13726	delta_sum_err	80	A	ATACC	ok	False
chr5	21480821	21480822	+	0.1292	delta_sum_err	90	A	GAAAG	ok	False
chr5	21481053	21481054	+	0.12876	delta_sum_err	83	A	TCATA	ok	False
chr5	21481087	21481088	+	0.12278	delta_sum_err	94	A	ATACA	ok	False
chr5	21481105	21481106	+	0.15973	delta_sum_err	73	A	TGAAT	ok	False
chr5	21560853	21560854	+	0.16349	delta_sum_err	37	A	AAAAA	ok	False
chr5	21560854	21560855	+	0.15982	delta_sum_err	36	A	AAAAC	ok	False
chr5	21560855	21560856	+	0.24706	delta_sum_err	35	A	AAACT	ok	True
chr5	21560889	21560890	+	0.12847	delta_sum_err	43	A	TCAGC	ok	False
chr5	21560987	21560988	+	0.14266	delta_sum_err	38	A	GGAGG	ok	False
chr5	21561082	21561083	+	0.11742	delta_sum_err	41	A	TAAGG	ok	False
chr5	21561140	21561141	+	0.13825	delta_sum_err	37	A	ACATA	ok	False
chr5	21561142	21561143	+	0.13068	delta_sum_err	47	A	ATATC	ok	False
chr5	21561469	21561470	+	0.1426	delta_sum_err	50	A	TGATC	ok	False
chr5	21561572	21561573	+	0.31319	delta_sum_err	46	A	GCAAC	ok	False
chr5	21561576	21561577	+	0.13242	delta_sum_err	50	A	CTAGA	ok	False
chr5	21561618	21561619	+	0.12362	delta_sum_err	50	A	ATATT	ok	False
chr5	21561649	21561650	+	0.14609	delta_sum_err	47	A	TCATA	ok	False
chr5	21561765	21561766	+	0.18306	delta_sum_err	52	A	TCACC	ok	False
chr5	21561951	21561952	+	0.1617	delta_sum_err	56	A	CTAAA	ok	False
chr5	21562022	21562023	+	0.14476	delta_sum_err	51	A	GAAAA	ok	False
chr5	21562063	21562064	+	0.27164	delta_sum_err	25	A	GCAAA	ok	False
chr5	21562064	21562065	+	0.22537	delta_sum_err	42	A	CAAAA	ok	False
chr5	21562092	21562093	+	0.19011	delta_sum_err	43	A	ACATA	ok	False
chr5	21562130	21562131	+	0.11611	delta_sum_err	48	A	TCACT	ok	False
chr5	21562136	21562137	+	0.13364	delta_sum_err	45	A	TCAAA	ok	False
chr5	21562137	21562138	+	0.2451	delta_sum_err	49	A	CAAAC	ok	False
chr5	2168088	2168089	+	0.13406	delta_sum_err	127	A	CAACA	ok	False
chr5	2168092	2168093	+	0.1173	delta_sum_err	132	A	ACATG	ok	False
chr5	2168283	2168284	+	0.13691	delta_sum_err	124	A	CAACA	ok	False
chr5	2168285	2168286	+	0.12338	delta_sum_err	127	A	ACAGC	ok	False
chr5	2168321	2168322	+	0.13922	delta_sum_err	120	A	GCAGG	ok	False
chr5	2168343	2168344	+	0.16461	delta_sum_err	106	A	TTACA	ok	False
chr5	2168345	2168346	+	0.14308	delta_sum_err	123	A	ACAAC	ok	False
chr5	2168793	2168794	+	0.12539	delta_sum_err	119	A	GCAAG	ok	False
chr5	2168815	2168816	+	0.12926	delta_sum_err	112	A	TTACC	ok	False
chr5	2168834	2168835	+	0.19537	delta_sum_err	136	A	TCACA	ok	False
chr5	2169219	2169220	+	0.38701	delta_sum_err	155	A	TTAGA	ok	False
chr5	2169227	2169228	+	0.17118	delta_sum_err	145	A	TGACT	ok	True
chr5	2169328	2169329	+	0.28399	delta_sum_err	52	A	TCAAA	ok	False
chr5	2169329	2169330	+	0.13706	delta_sum_err	93	A	CAAAA	ok	False
chr5	21709399	21709400	+	0.12412	delta_sum_err	72	A	TGACA	ok	True
chr5	21709443	21709444	+	0.18362	delta_sum_err	70	A	CAACC	ok	False
chr5	21709451	21709452	+	0.14945	delta_sum_err	73	A	GAAGG	ok	False
chr5	21709463	21709464	+	0.1461	delta_sum_err	78	A	GCAGC	ok	False
chr5	21709542	21709543	+	0.11667	delta_sum_err	67	A	ACAAA	ok	False
chr5	21709554	21709555	+	0.14524	delta_sum_err	65	A	CCAAA	ok	False
chr5	21709596	21709597	+	0.14453	delta_sum_err	75	A	TTAAC	ok	False
chr5	21709605	21709606	+	0.12941	delta_sum_err	79	A	TGAAA	ok	False
chr5	21709617	21709618	+	0.12437	delta_sum_err	83	A	CTATC	ok	False
chr5	21709645	21709646	+	0.13954	delta_sum_err	75	A	TTACT	ok	False
chr5	21709649	21709650	+	0.11565	delta_sum_err	80	A	TCATC	ok	False
chr5	21709703	21709704	+	0.18451	delta_sum_err	72	A	ACACA	ok	False
chr5	21709963	21709964	+	0.17642	delta_sum_err	77	A	GTAAT	ok	False
chr5	21709964	21709965	+	0.14894	delta_sum_err	79	A	TAATG	ok	False
chr5	21760454	21760455	+	0.40612	delta_sum_err	489	A	TTAGA	ok	False
chr5	21760478	21760479	+	0.16302	delta_sum_err	438	A	CGAAC	ok	False
chr5	21792260	21792261	+	0.13517	delta_sum_err	80	A	TGAAC	ok	False
chr5	21792322	21792323	+	0.18968	delta_sum_err	80	A	TAACT	ok	True
chr5	21792338	21792339	+	0.12718	delta_sum_err	71	A	GTATG	ok	False
chr5	21792341	21792342	+	0.16204	delta_sum_err	68	A	TGACT	ok	True
chr5	21792354	21792355	+	0.32486	delta_sum_err	20	A	ATAAA	ok	False
chr5	21888384	21888385	+	0.17953	delta_sum_err	22	A	CCATG	ok	False
chr5	21888419	21888420	+	0.13726	delta_sum_err	25	A	CGATC	ok	False
chr5	21982476	21982477	+	0.11982	delta_sum_err	183	A	TCATG	ok	False
chr5	21984110	21984111	+	0.11569	delta_sum_err	258	A	TCAAA	ok	False
chr5	21984171	21984172	+	0.12253	delta_sum_err	282	A	ACAAA	ok	False
chr5	21984203	21984204	+	0.12248	delta_sum_err	266	A	GTAAA	ok	False
chr5	21984235	21984236	+	0.18465	delta_sum_err	159	A	CCAAA	ok	False
chr5	21984332	21984333	+	0.13414	delta_sum_err	116	A	ATAAA	ok	False
chr5	21990681	21990682	+	0.11826	delta_sum_err	29	A	GAACC	ok	True
chr5	22051150	22051151	+	0.1877	delta_sum_err	54	A	CTAGC	ok	False
chr5	22051536	22051537	+	0.12037	delta_sum_err	52	A	GCAAG	ok	False
chr5	22052251	22052252	+	0.13892	delta_sum_err	46	A	CTAAC	ok	False
chr5	22053310	22053311	+	0.17045	delta_sum_err	59	A	TCACC	ok	False
chr5	22053551	22053552	+	0.15538	delta_sum_err	53	A	ACAAC	ok	False
chr5	22053951	22053952	+	0.15654	delta_sum_err	21	A	CCAAA	ok	False
chr5	22087031	22087032	+	0.13097	delta_sum_err	71	A	GCAAA	ok	False
chr5	22125092	22125093	+	0.13104	delta_sum_err	78	A	AGAAA	ok	False
chr5	22126167	22126168	+	0.1418	delta_sum_err	110	A	GCAGC	ok	False
chr5	22126223	22126224	+	0.11878	delta_sum_err	104	A	GCATC	ok	False
chr5	22126285	22126286	+	0.12987	delta_sum_err	56	A	GAAAA	ok	False
chr5	22126382	22126383	+	0.21231	delta_sum_err	102	A	ATACA	ok	False
chr5	22126384	22126385	+	0.18603	delta_sum_err	99	A	ACATG	ok	False
chr5	22126459	22126460	+	0.1381	delta_sum_err	51	A	TTACA	ok	False
chr5	22156648	22156649	+	0.11616	delta_sum_err	107	A	GAATC	ok	False
chr5	22156741	22156742	+	0.14009	delta_sum_err	102	A	CTAAA	ok	False
chr5	22156918	22156919	+	0.11373	delta_sum_err	101	A	TTAAA	ok	False
chr5	22157144	22157145	+	0.11666	delta_sum_err	81	A	CCAAA	ok	False
chr5	22157444	22157445	+	0.11382	delta_sum_err	113	A	TCATG	ok	False
chr5	22157891	22157892	+	0.22447	delta_sum_err	86	A	GAAAA	ok	False
chr5	22157896	22157897	+	0.11807	delta_sum_err	124	A	ACAAC	ok	False
chr5	22157956	22157957	+	0.12576	delta_sum_err	121	A	TTAAA	ok	False
chr5	22157990	22157991	+	0.1174	delta_sum_err	114	A	GGAAC	ok	False
chr5	22158024	22158025	+	0.12499	delta_sum_err	83	A	TAAAA	ok	False
chr5	22158025	22158026	+	0.125	delta_sum_err	94	A	AAAAA	ok	False
chr5	22158026	22158027	+	0.15625	delta_sum_err	96	A	AAAAG	ok	False
chr5	22184443	22184444	+	0.2831	delta_sum_err	664	A	ATAGA	ok	False
chr5	22184445	22184446	+	0.17007	delta_sum_err	618	A	AGACC	ok	True
chr5	22184470	22184471	+	0.13625	delta_sum_err	584	A	TGAAT	ok	False
chr5	22217249	22217250	+	0.19214	delta_sum_err	42	A	TCACC	ok	False
chr5	22217332	22217333	+	0.125	delta_sum_err	39	A	TCACA	ok	False
chr5	22217335	22217336	+	0.20833	delta_sum_err	44	A	CAATC	ok	False
chr5	22218504	22218505	+	0.143	delta_sum_err	56	A	CAATT	ok	False
chr5	22218631	22218632	+	0.13889	delta_sum_err	59	A	CAAAA	ok	False
chr5	22218792	22218793	+	0.1536	delta_sum_err	50	A	TGAAA	ok	False
chr5	22218903	22218904	+	0.24921	delta_sum_err	64	A	TCAGT	ok	False
chr5	22218921	22218922	+	0.17282	delta_sum_err	65	A	CCATG	ok	False
chr5	22218998	22218999	+	0.26243	delta_sum_err	19	A	AGAAA	ok	False
chr5	22219049	22219050	+	0.1453	delta_sum_err	68	A	CCATT	ok	False
chr5	22219119	22219120	+	0.15384	delta_sum_err	59	A	GTAAC	ok	False
chr5	22219134	22219135	+	0.14103	delta_sum_err	58	A	TGAAC	ok	False
chr5	22219143	22219144	+	0.21047	delta_sum_err	57	A	ATATG	ok	False
chr5	22219146	22219147	+	0.19765	delta_sum_err	57	A	TGACA	ok	True
chr5	22219161	22219162	+	0.14035	delta_sum_err	65	A	CAATT	ok	False
chr5	22298192	22298193	+	0.11494	delta_sum_err	76	A	GGACT	ok	True
chr5	22393914	22393915	+	0.12626	delta_sum_err	169	A	GCAAG	ok	False
chr5	22400311	22400312	+	0.16499	delta_sum_err	93	A	CGAAA	ok	False
chr5	22400731	22400732	+	0.11955	delta_sum_err	127	A	CAATT	ok	False
chr5	22605108	22605109	+	0.20076	delta_sum_err	57	A	AGAAA	ok	False
chr5	22605109	22605110	+	0.11837	delta_sum_err	102	A	GAAAA	ok	False
chr5	226431	226432	+	0.11688	delta_sum_err	60	A	GGACA	ok	True
chr5	226461	226462	+	0.1156	delta_sum_err	39	A	ACAAA	ok	False
chr5	226791	226792	+	0.172	delta_sum_err	66	A	CCAAC	ok	False
chr5	226801	226802	+	0.2665	delta_sum_err	65	A	ACATT	ok	False
chr5	226817	226818	+	0.1242	delta_sum_err	64	A	AGAAA	ok	False
chr5	22683614	22683615	+	0.11558	delta_sum_err	188	A	GCAAG	ok	False
chr5	22683917	22683918	+	0.25708	delta_sum_err	127	A	TCACA	ok	False
chr5	22683951	22683952	+	0.11574	delta_sum_err	191	A	AGACA	ok	True
chr5	22689127	22689128	+	0.1268	delta_sum_err	264	A	ACATG	ok	False
chr5	22717161	22717162	+	0.25338	delta_sum_err	27	A	ATAAC	ok	False
chr5	22717162	22717163	+	0.13684	delta_sum_err	31	A	TAACC	ok	True
chr5	22717204	22717205	+	0.12865	delta_sum_err	34	A	CAACC	ok	False
chr5	22717306	22717307	+	0.1828	delta_sum_err	33	A	TGATA	ok	False
chr5	22717676	22717677	+	0.14286	delta_sum_err	40	A	TTAAG	ok	False
chr5	22717717	22717718	+	0.15826	delta_sum_err	39	A	CCAAA	ok	False
chr5	22717721	22717722	+	0.13726	delta_sum_err	37	A	AGAAA	ok	False
chr5	22737017	22737018	+	0.14509	delta_sum_err	55	A	ACATC	ok	False
chr5	22737115	22737116	+	0.14254	delta_sum_err	58	A	ATAAA	ok	False
chr5	22737171	22737172	+	0.17051	delta_sum_err	60	A	GTATA	ok	False
chr5	22737219	22737220	+	0.21112	delta_sum_err	44	A	CTAGG	ok	False
chr5	23356821	23356822	+	0.15139	delta_sum_err	87	A	TTACC	ok	False
chr5	23515314	23515315	+	0.11693	delta_sum_err	110	A	GTATA	ok	False
chr5	23515400	23515401	+	0.14687	delta_sum_err	112	A	ATACT	ok	False
chr5	23516440	23516441	+	0.1183	delta_sum_err	142	A	TCAAA	ok	False
chr5	23516542	23516543	+	0.31494	delta_sum_err	62	A	GTAAA	ok	False
chr5	23516583	23516584	+	0.24523	delta_sum_err	120	A	TGACT	ok	True
chr5	23529154	23529155	+	0.11869	delta_sum_err	90	A	ACATT	ok	False
chr5	23529910	23529911	+	0.11707	delta_sum_err	104	A	AAAAG	ok	False
chr5	2356138	2356139	+	0.13187	delta_sum_err	44	A	TTATA	ok	False
chr5	2356415	2356416	+	0.14648	delta_sum_err	52	A	TTAGG	ok	False
chr5	2356441	2356442	+	0.11467	delta_sum_err	56	A	GGACC	ok	True
chr5	23571173	23571174	+	0.11957	delta_sum_err	86	A	TGAGA	ok	False
chr5	23571183	23571184	+	0.12444	delta_sum_err	86	A	TAAGG	ok	False
chr5	23571186	23571187	+	0.57143	delta_sum_err	58	A	GGACA	ok	True
chr5	23571188	23571189	+	0.35877	delta_sum_err	82	A	ACATG	ok	False
chr5	2357881	2357882	+	0.15006	delta_sum_err	77	A	ATACA	ok	False
chr5	2358140	2358141	+	0.2105	delta_sum_err	56	A	ATAAA	ok	False
chr5	23619551	23619552	+	0.14826	delta_sum_err	213	A	GAAAA	ok	False
chr5	23619552	23619553	+	0.11392	delta_sum_err	206	A	AAAAC	ok	False
chr5	23620112	23620113	+	0.18861	delta_sum_err	196	A	CCACA	ok	False
chr5	23620971	23620972	+	0.13817	delta_sum_err	254	A	GTACT	ok	False
chr5	23621019	23621020	+	0.118	delta_sum_err	137	A	TTAAA	ok	False
chr5	23621020	23621021	+	0.11823	delta_sum_err	242	A	TAAAA	ok	False
chr5	23717887	23717888	+	0.12387	delta_sum_err	103	A	GTACA	ok	False
chr5	23717892	23717893	+	0.15	delta_sum_err	98	A	CTAAG	ok	False
chr5	23718443	23718444	+	0.16856	delta_sum_err	49	A	CCAAA	ok	False
chr5	23718452	23718453	+	0.1313	delta_sum_err	94	A	CTAAG	ok	False
chr5	23719168	23719169	+	0.19121	delta_sum_err	125	A	CAACT	ok	False
chr5	23719414	23719415	+	0.17459	delta_sum_err	102	A	ACAAA	ok	False
chr5	23719554	23719555	+	0.13769	delta_sum_err	130	A	TGATG	ok	False
chr5	23719557	23719558	+	0.14772	delta_sum_err	113	A	TGACT	ok	True
chr5	23719568	23719569	+	0.39341	delta_sum_err	60	A	TTAAA	ok	False
chr5	23719586	23719587	+	0.31967	delta_sum_err	85	A	TTACT	ok	False
chr5	23735517	23735518	+	0.23612	delta_sum_err	193	A	TGAAA	ok	False
chr5	24120306	24120307	+	0.15363	delta_sum_err	169	A	AAACA	ok	True
chr5	24121135	24121136	+	0.13834	delta_sum_err	354	A	GGAAT	ok	False
chr5	24121673	24121674	+	0.14595	delta_sum_err	377	A	GTACT	ok	False
chr5	24121800	24121801	+	0.19524	delta_sum_err	308	A	TTAAA	ok	False
chr5	24121849	24121850	+	0.13889	delta_sum_err	309	A	CGAAC	ok	False
chr5	24121850	24121851	+	0.16785	delta_sum_err	327	A	GAACC	ok	True
chr5	24123116	24123117	+	0.14501	delta_sum_err	174	A	CCATG	ok	False
chr5	24123160	24123161	+	0.15822	delta_sum_err	138	A	GGACA	ok	True
chr5	24123540	24123541	+	0.12371	delta_sum_err	187	A	TCAAG	ok	False
chr5	24123544	24123545	+	0.14064	delta_sum_err	183	A	GCAAC	ok	False
chr5	24123633	24123634	+	0.13691	delta_sum_err	166	A	CGACT	ok	False
chr5	24123683	24123684	+	0.16892	delta_sum_err	180	A	TTAGA	ok	False
chr5	24123687	24123688	+	0.17122	delta_sum_err	141	A	ATACA	ok	False
chr5	24123689	24123690	+	0.2187	delta_sum_err	159	A	ACACT	ok	False
chr5	24123696	24123697	+	0.12614	delta_sum_err	186	A	ACACC	ok	False
chr5	24123764	24123765	+	0.11389	delta_sum_err	166	A	TCAAA	ok	False
chr5	24127318	24127319	+	0.11777	delta_sum_err	330	A	GGAAA	ok	False
chr5	24282215	24282216	+	0.37192	delta_sum_err	361	A	TTAAG	ok	False
chr5	24282216	24282217	+	0.35553	delta_sum_err	493	A	TAAGA	ok	False
chr5	24282218	24282219	+	0.13313	delta_sum_err	437	A	AGACA	ok	True
chr5	24282313	24282314	+	0.26869	delta_sum_err	436	A	CTATA	ok	False
chr5	24282315	24282316	+	0.53181	delta_sum_err	448	A	ATAGA	ok	False
chr5	24289281	24289282	+	0.17332	delta_sum_err	324	A	GGAAA	ok	False
chr5	24359515	24359516	+	0.17576	delta_sum_err	44	A	GTAAA	ok	False
chr5	24359771	24359772	+	0.11649	delta_sum_err	56	A	ATAAG	ok	False
chr5	24361503	24361504	+	0.20873	delta_sum_err	96	A	CTAAA	ok	False
chr5	24361807	24361808	+	0.1205	delta_sum_err	105	A	TAAGA	ok	False
chr5	24361990	24361991	+	0.13889	delta_sum_err	87	A	ACAAA	ok	False
chr5	24363311	24363312	+	0.34834	delta_sum_err	76	A	TGAAA	ok	False
chr5	24386198	24386199	+	0.17028	delta_sum_err	75	A	ACAAA	ok	False
chr5	24612291	24612292	+	0.12095	delta_sum_err	412	A	GTAGA	ok	False
chr5	24612359	24612360	+	0.19084	delta_sum_err	337	A	CGACT	ok	False
chr5	24784012	24784013	+	0.11969	delta_sum_err	70	A	GCACA	ok	False
chr5	24784113	24784114	+	0.11587	delta_sum_err	75	A	GAATA	ok	False
chr5	24784128	24784129	+	0.17869	delta_sum_err	35	A	TTAAA	ok	False
chr5	24785011	24785012	+	0.16633	delta_sum_err	89	A	CGAAA	ok	False
chr5	24785165	24785166	+	0.22749	delta_sum_err	92	A	CCAGT	ok	False
chr5	24785271	24785272	+	0.22681	delta_sum_err	70	A	TTAAA	ok	False
chr5	25181710	25181711	+	0.13009	delta_sum_err	76	A	CTACA	ok	False
chr5	25182091	25182092	+	0.12286	delta_sum_err	97	A	GAACA	ok	True
chr5	25182244	25182245	+	0.15803	delta_sum_err	86	A	GCATG	ok	False
chr5	25182900	25182901	+	0.12768	delta_sum_err	83	A	CGAAA	ok	False
chr5	25183015	25183016	+	0.12062	delta_sum_err	106	A	TCACC	ok	False
chr5	25183213	25183214	+	0.15966	delta_sum_err	106	A	ACATC	ok	False
chr5	25183334	25183335	+	0.16308	delta_sum_err	96	A	GCATT	ok	False
chr5	25183424	25183425	+	0.11904	delta_sum_err	120	A	CCAAG	ok	False
chr5	25183484	25183485	+	0.13247	delta_sum_err	104	A	ACAGG	ok	False
chr5	25183532	25183533	+	0.28125	delta_sum_err	62	A	CAAAA	ok	False
chr5	25183574	25183575	+	0.18229	delta_sum_err	105	A	GGAAC	ok	False
chr5	25183619	25183620	+	0.31314	delta_sum_err	113	A	TGACA	ok	True
chr5	25183642	25183643	+	0.15309	delta_sum_err	102	A	GTACT	ok	False
chr5	25184516	25184517	+	0.20062	delta_sum_err	73	A	TCACA	ok	False
chr5	25184587	25184588	+	0.16361	delta_sum_err	82	A	GCATC	ok	False
chr5	25184591	25184592	+	0.14117	delta_sum_err	81	A	CGATC	ok	False
chr5	25184658	25184659	+	0.11704	delta_sum_err	85	A	GAAGC	ok	False
chr5	25184797	25184798	+	0.12596	delta_sum_err	78	A	ACAAC	ok	False
chr5	25184835	25184836	+	0.12158	delta_sum_err	92	A	CTAAT	ok	False
chr5	25185105	25185106	+	0.11456	delta_sum_err	85	A	TCACC	ok	False
chr5	25185139	25185140	+	0.14691	delta_sum_err	94	A	ACAAC	ok	False
chr5	25185217	25185218	+	0.22556	delta_sum_err	94	A	ATATT	ok	False
chr5	25185892	25185893	+	0.15384	delta_sum_err	88	A	TCACC	ok	False
chr5	25186041	25186042	+	0.1252	delta_sum_err	115	A	ACAAA	ok	False
chr5	25186143	25186144	+	0.18315	delta_sum_err	102	A	CCACC	ok	False
chr5	25186186	25186187	+	0.12629	delta_sum_err	128	A	CAACA	ok	False
chr5	25186401	25186402	+	0.11959	delta_sum_err	155	A	GAATA	ok	False
chr5	25186444	25186445	+	0.12718	delta_sum_err	153	A	AAAAC	ok	False
chr5	25186491	25186492	+	0.13457	delta_sum_err	45	A	AAAAA	ok	False
chr5	25186492	25186493	+	0.1284	delta_sum_err	80	A	AAAAA	ok	False
chr5	25186548	25186549	+	0.18149	delta_sum_err	139	A	TGACT	ok	True
chr5	25186571	25186572	+	0.19346	delta_sum_err	128	A	GTACT	ok	False
chr5	25452116	25452117	+	0.11659	delta_sum_err	55	A	TGAGG	ok	False
chr5	25452410	25452411	+	0.14286	delta_sum_err	44	A	GTATA	ok	False
chr5	25452571	25452572	+	0.17085	delta_sum_err	59	A	GCATT	ok	False
chr5	25453611	25453612	+	0.12438	delta_sum_err	95	A	GTAGG	ok	False
chr5	25489315	25489316	+	0.38581	delta_sum_err	49	A	TGAAA	ok	False
chr5	25489319	25489320	+	0.11628	delta_sum_err	83	A	ACATT	ok	False
chr5	25489412	25489413	+	0.12052	delta_sum_err	72	A	TTAGT	ok	False
chr5	25610847	25610848	+	0.18807	delta_sum_err	45	A	CTAAA	ok	False
chr5	25610995	25610996	+	0.13397	delta_sum_err	58	A	GCAGT	ok	False
chr5	25611064	25611065	+	0.15797	delta_sum_err	57	A	TTAGC	ok	False
chr5	25611076	25611077	+	0.12519	delta_sum_err	54	A	GCAGG	ok	False
chr5	25611210	25611211	+	0.13119	delta_sum_err	63	A	GAATC	ok	False
chr5	25611398	25611399	+	0.149	delta_sum_err	55	A	CCACC	ok	False
chr5	25611418	25611419	+	0.1646	delta_sum_err	67	A	CCAAG	ok	False
chr5	25611458	25611459	+	0.13059	delta_sum_err	66	A	ATATA	ok	False
chr5	25611460	25611461	+	0.11774	delta_sum_err	62	A	ATACT	ok	False
chr5	25611490	25611491	+	0.21393	delta_sum_err	61	A	CGAAA	ok	False
chr5	25611660	25611661	+	0.12042	delta_sum_err	70	A	GCAGG	ok	False
chr5	25611682	25611683	+	0.13236	delta_sum_err	62	A	CGAAA	ok	False
chr5	25611769	25611770	+	0.15104	delta_sum_err	47	A	CCATA	ok	False
chr5	25611784	25611785	+	0.16971	delta_sum_err	65	A	AGAAA	ok	False
chr5	25611861	25611862	+	0.11437	delta_sum_err	62	A	TCACC	ok	False
chr5	25611871	25611872	+	0.16176	delta_sum_err	63	A	TCACC	ok	False
chr5	25611903	25611904	+	0.16081	delta_sum_err	55	A	AGAAA	ok	False
chr5	25704146	25704147	+	0.12921	delta_sum_err	106	A	ACACC	ok	False
chr5	25705124	25705125	+	0.15135	delta_sum_err	89	A	ATAAA	ok	False
chr5	25722130	25722131	+	0.15369	delta_sum_err	34	A	TCACC	ok	False
chr5	25750301	25750302	+	0.15792	delta_sum_err	315	A	GCATG	ok	False
chr5	2579014	2579015	+	0.11808	delta_sum_err	517	A	AGACT	ok	True
chr5	2580681	2580682	+	0.12727	delta_sum_err	153	A	TCACC	ok	False
chr5	2580791	2580792	+	0.15276	delta_sum_err	144	A	ACAAC	ok	False
chr5	2580816	2580817	+	0.14373	delta_sum_err	164	A	TCAGC	ok	False
chr5	25921567	25921568	+	0.12084	delta_sum_err	82	A	CTACA	ok	False
chr5	25921595	25921596	+	0.19462	delta_sum_err	85	A	CGAAA	ok	False
chr5	25921911	25921912	+	0.12963	delta_sum_err	112	A	GGATC	ok	False
chr5	25922103	25922104	+	0.12383	delta_sum_err	107	A	CAACC	ok	False
chr5	25922133	25922134	+	0.25459	delta_sum_err	104	A	ACACT	ok	False
chr5	25950361	25950362	+	0.14153	delta_sum_err	91	A	TCACC	ok	False
chr5	25951722	25951723	+	0.12561	delta_sum_err	145	A	TGAAA	ok	False
chr5	25951900	25951901	+	0.13827	delta_sum_err	173	A	TTAGA	ok	False
chr5	25952133	25952134	+	0.13298	delta_sum_err	166	A	ATAGC	ok	False
chr5	25952271	25952272	+	0.14472	delta_sum_err	128	A	ACATT	ok	False
chr5	25953618	25953619	+	0.16324	delta_sum_err	190	A	GGAGA	ok	False
chr5	25971191	25971192	+	0.11631	delta_sum_err	111	A	GTAAA	ok	False
chr5	25971227	25971228	+	0.17619	delta_sum_err	107	A	ATACT	ok	False
chr5	25971293	25971294	+	0.15982	delta_sum_err	77	A	CGAAA	ok	False
chr5	25972189	25972190	+	0.17145	delta_sum_err	148	A	TCATG	ok	False
chr5	25972481	25972482	+	0.16302	delta_sum_err	157	A	TTAGA	ok	False
chr5	25972519	25972520	+	0.2213	delta_sum_err	157	A	TTAGA	ok	False
chr5	25974511	25974512	+	0.17682	delta_sum_err	79	A	GCATT	ok	False
chr5	25974681	25974682	+	0.16973	delta_sum_err	46	A	CCAGA	ok	False
chr5	25975160	25975161	+	0.13789	delta_sum_err	98	A	CCATT	ok	False
chr5	26062613	26062614	+	0.33955	delta_sum_err	440	A	GTAAA	ok	False
chr5	26062617	26062618	+	0.20545	delta_sum_err	834	A	ACACT	ok	False
chr5	26177110	26177111	+	0.1404	delta_sum_err	57	A	CCACA	ok	False
chr5	26177526	26177527	+	0.14768	delta_sum_err	35	A	ATAAA	ok	False
chr5	26177560	26177561	+	0.11861	delta_sum_err	80	A	ATATA	ok	False
chr5	26177562	26177563	+	0.13864	delta_sum_err	83	A	ATAGC	ok	False
chr5	26177611	26177612	+	0.14214	delta_sum_err	82	A	AAAAC	ok	False
chr5	26177612	26177613	+	0.1851	delta_sum_err	82	A	AAACA	ok	True
chr5	26177614	26177615	+	0.13451	delta_sum_err	79	A	ACACC	ok	False
chr5	26177624	26177625	+	0.13483	delta_sum_err	79	A	ATATC	ok	False
chr5	26177648	26177649	+	0.12022	delta_sum_err	85	A	CAAAG	ok	False
chr5	26177759	26177760	+	0.1437	delta_sum_err	69	A	TCACT	ok	False
chr5	26177797	26177798	+	0.12099	delta_sum_err	45	A	AGAAA	ok	False
chr5	26177798	26177799	+	0.12915	delta_sum_err	45	A	GAAAA	ok	False
chr5	26177801	26177802	+	0.1345	delta_sum_err	41	A	AAAAA	ok	False
chr5	26254512	26254513	+	0.15278	delta_sum_err	87	A	TCACC	ok	False
chr5	26254731	26254732	+	0.12619	delta_sum_err	97	A	GCAAA	ok	False
chr5	26255134	26255135	+	0.21568	delta_sum_err	117	A	CTACA	ok	False
chr5	26255154	26255155	+	0.15	delta_sum_err	94	A	CCACT	ok	False
chr5	26255310	26255311	+	0.17893	delta_sum_err	80	A	TCACC	ok	False
chr5	26255313	26255314	+	0.15024	delta_sum_err	100	A	CCACT	ok	False
chr5	26256251	26256252	+	0.34017	delta_sum_err	109	A	GTAAG	ok	False
chr5	26297611	26297612	+	0.15625	delta_sum_err	45	A	TTACG	ok	False
chr5	26297713	26297714	+	0.1713	delta_sum_err	46	A	TCAAC	ok	False
chr5	26297714	26297715	+	0.12121	delta_sum_err	48	A	CAACA	ok	False
chr5	26297912	26297913	+	0.38835	delta_sum_err	19	A	ATAAA	ok	False
chr5	26297915	26297916	+	0.12245	delta_sum_err	48	A	AAACA	ok	True
chr5	26351604	26351605	+	0.19257	delta_sum_err	26	A	TCACA	ok	False
chr5	26351607	26351608	+	0.13685	delta_sum_err	27	A	CAACT	ok	False
chr5	26351651	26351652	+	0.14174	delta_sum_err	28	A	ACACA	ok	False
chr5	26351660	26351661	+	0.17107	delta_sum_err	26	A	TCAGC	ok	False
chr5	26351690	26351691	+	0.12904	delta_sum_err	29	A	CCAGA	ok	False
chr5	26410551	26410552	+	0.13627	delta_sum_err	90	A	GAAAA	ok	False
chr5	26416167	26416168	+	0.13275	delta_sum_err	21	A	TTAGA	ok	False
chr5	26416184	26416185	+	0.27196	delta_sum_err	15	A	ATAAA	ok	False
chr5	26416422	26416423	+	0.17941	delta_sum_err	35	A	TCATC	ok	False
chr5	26416439	26416440	+	0.18678	delta_sum_err	35	A	TCAAG	ok	False
chr5	26416440	26416441	+	0.11399	delta_sum_err	37	A	CAAGA	ok	False
chr5	26416560	26416561	+	0.12916	delta_sum_err	39	A	CCATC	ok	False
chr5	26416762	26416763	+	0.11928	delta_sum_err	30	A	ATAAC	ok	False
chr5	26466361	26466362	+	0.20999	delta_sum_err	22	A	ACAGA	ok	False
chr5	26466741	26466742	+	0.18687	delta_sum_err	35	A	GCAAA	ok	False
chr5	26466771	26466772	+	0.13636	delta_sum_err	46	A	TCACT	ok	False
chr5	26467134	26467135	+	0.12122	delta_sum_err	56	A	AAAGG	ok	False
chr5	26467310	26467311	+	0.17448	delta_sum_err	48	A	ACATA	ok	False
chr5	26468061	26468062	+	0.14763	delta_sum_err	56	A	ACATA	ok	False
chr5	2666061	2666062	+	0.20112	delta_sum_err	141	A	ACATC	ok	False
chr5	2667110	2667111	+	0.22898	delta_sum_err	165	A	CGAAC	ok	False
chr5	2667113	2667114	+	0.13796	delta_sum_err	173	A	ACATG	ok	False
chr5	26768491	26768492	+	0.1723	delta_sum_err	97	A	TCACT	ok	False
chr5	26768631	26768632	+	0.13263	delta_sum_err	85	A	TTAAA	ok	False
chr5	2681332	2681333	+	0.11628	delta_sum_err	38	A	GGAAA	ok	False
chr5	2681411	2681412	+	0.16414	delta_sum_err	39	A	GCAGC	ok	False
chr5	2681540	2681541	+	0.13738	delta_sum_err	35	A	CCACG	ok	False
chr5	2681582	2681583	+	0.125	delta_sum_err	43	A	AAATT	ok	False
chr5	2681616	2681617	+	0.14894	delta_sum_err	42	A	GAAAG	ok	False
chr5	26854174	26854175	+	0.14031	delta_sum_err	58	A	TTAAA	ok	False
chr5	26854213	26854214	+	0.21347	delta_sum_err	62	A	CTATT	ok	False
chr5	26854781	26854782	+	0.11359	delta_sum_err	61	A	CAACC	ok	False
chr5	26855122	26855123	+	0.11671	delta_sum_err	65	A	TTAAG	ok	False
chr5	26959517	26959518	+	0.23509	delta_sum_err	193	A	TGAAA	ok	False
chr5	26959521	26959522	+	0.19652	delta_sum_err	217	A	ACACA	ok	False
chr5	2826126	2826127	+	0.17073	delta_sum_err	61	A	TCAAA	ok	False
chr5	2828413	2828414	+	0.20193	delta_sum_err	52	A	CGAAA	ok	False
chr5	2828414	2828415	+	0.16466	delta_sum_err	93	A	GAAAA	ok	False
chr5	2828531	2828532	+	0.17257	delta_sum_err	147	A	GGAGA	ok	False
chr5	2828610	2828611	+	0.14632	delta_sum_err	96	A	GGATT	ok	False
chr5	290310	290311	+	0.14261	delta_sum_err	151	A	AGAAA	ok	False
chr5	291179	291180	+	0.15999	delta_sum_err	141	A	TTAAA	ok	False
chr5	3054318	3054319	+	0.11987	delta_sum_err	208	A	GGATT	ok	False
chr5	3096515	3096516	+	0.17202	delta_sum_err	62	A	GCAAA	ok	False
chr5	3556105	3556106	+	0.15719	delta_sum_err	104	A	GGATC	ok	False
chr5	3556156	3556157	+	0.14702	delta_sum_err	95	A	TCAAC	ok	False
chr5	3556157	3556158	+	0.125	delta_sum_err	104	A	CAACA	ok	False
chr5	3556175	3556176	+	0.12441	delta_sum_err	101	A	TGACA	ok	True
chr5	3646491	3646492	+	0.11991	delta_sum_err	101	A	TGAAG	ok	False
chr5	3647154	3647155	+	0.13221	delta_sum_err	89	A	ATATA	ok	False
chr5	3647156	3647157	+	0.13663	delta_sum_err	58	A	ATATT	ok	False
chr5	3654713	3654714	+	0.11896	delta_sum_err	76	A	AAAGG	ok	False
chr5	3656331	3656332	+	0.12603	delta_sum_err	109	A	ATACA	ok	False
chr5	3656341	3656342	+	0.17497	delta_sum_err	93	A	CCATG	ok	False
chr5	3656513	3656514	+	0.1756	delta_sum_err	106	A	AGATA	ok	False
chr5	3656517	3656518	+	0.22314	delta_sum_err	85	A	ATAAC	ok	False
chr5	3756417	3756418	+	0.1394	delta_sum_err	48	A	ATACC	ok	False
chr5	3757010	3757011	+	0.13772	delta_sum_err	57	A	CCAAC	ok	False
chr5	3757071	3757072	+	0.12307	delta_sum_err	59	A	CCATG	ok	False
chr5	3757219	3757220	+	0.14767	delta_sum_err	66	A	TGAGT	ok	False
chr5	3758151	3758152	+	0.15528	delta_sum_err	59	A	CTACA	ok	False
chr5	3758214	3758215	+	0.16312	delta_sum_err	60	A	TAATA	ok	False
chr5	3914507	3914508	+	0.19363	delta_sum_err	89	A	CCACA	ok	False
chr5	3914509	3914510	+	0.15265	delta_sum_err	113	A	ACACA	ok	False
chr5	3914560	3914561	+	0.14549	delta_sum_err	114	A	ACATC	ok	False
chr5	3914884	3914885	+	0.11937	delta_sum_err	129	A	GAAAG	ok	False
chr5	3914939	3914940	+	0.18393	delta_sum_err	127	A	CCACA	ok	False
chr5	3914941	3914942	+	0.248	delta_sum_err	128	A	ACATA	ok	False
chr5	3914943	3914944	+	0.15883	delta_sum_err	129	A	ATACT	ok	False
chr5	3915191	3915192	+	0.12174	delta_sum_err	144	A	GAAAA	ok	False
chr5	3915449	3915450	+	0.14919	delta_sum_err	166	A	GTAGT	ok	False
chr5	3915669	3915670	+	0.22857	delta_sum_err	122	A	TCACC	ok	False
chr5	3915697	3915698	+	0.15273	delta_sum_err	148	A	CCAAA	ok	False
chr5	4197109	4197110	+	0.15362	delta_sum_err	100	A	TCATG	ok	False
chr5	419718	419719	+	0.12368	delta_sum_err	506	A	TGACA	ok	True
chr5	4341552	4341553	+	0.11384	delta_sum_err	218	A	CGACA	ok	False
chr5	4341864	4341865	+	0.13397	delta_sum_err	254	A	TAATC	ok	False
chr5	4399133	4399134	+	0.12636	delta_sum_err	113	A	TGAAA	ok	False
chr5	4402419	4402420	+	0.11454	delta_sum_err	184	A	AAAAA	ok	False
chr5	4447041	4447042	+	0.11862	delta_sum_err	57	A	ATAGG	ok	False
chr5	4447331	4447332	+	0.13931	delta_sum_err	98	A	TTAAA	ok	False
chr5	4447351	4447352	+	0.17137	delta_sum_err	100	A	ATAGA	ok	False
chr5	4472147	4472148	+	0.14642	delta_sum_err	79	A	AGAAA	ok	False
chr5	4472210	4472211	+	0.12916	delta_sum_err	70	A	TCACC	ok	False
chr5	4472561	4472562	+	0.15631	delta_sum_err	115	A	CCAAA	ok	False
chr5	451516	451517	+	0.11652	delta_sum_err	119	A	CCACC	ok	False
chr5	4528192	4528193	+	0.11981	delta_sum_err	158	A	ATATA	ok	False
chr5	4528331	4528332	+	0.27299	delta_sum_err	155	A	GTAAG	ok	False
chr5	4528371	4528372	+	0.32956	delta_sum_err	151	A	GGACA	ok	True
chr5	452911	452912	+	0.12412	delta_sum_err	205	A	TCAAA	ok	False
chr5	453018	453019	+	0.13165	delta_sum_err	236	A	GGATC	ok	False
chr5	453021	453022	+	0.21009	delta_sum_err	224	A	TCAAA	ok	False
chr5	4537818	4537819	+	0.15114	delta_sum_err	50	A	ATATA	ok	False
chr5	4538351	4538352	+	0.11428	delta_sum_err	57	A	CCACA	ok	False
chr5	4538461	4538462	+	0.1307	delta_sum_err	49	A	GTAAA	ok	False
chr5	4556319	4556320	+	0.17892	delta_sum_err	36	A	CTACA	ok	False
chr5	4557172	4557173	+	0.1188	delta_sum_err	37	A	TCATG	ok	False
chr5	4558115	4558116	+	0.13191	delta_sum_err	72	A	ACACT	ok	False
chr5	4603541	4603542	+	0.12283	delta_sum_err	78	A	TCAGC	ok	False
chr5	4603717	4603718	+	0.11409	delta_sum_err	80	A	CTAGT	ok	False
chr5	4603871	4603872	+	0.12203	delta_sum_err	69	A	ATAAA	ok	False
chr5	4691368	4691369	+	0.25676	delta_sum_err	69	A	AGAAA	ok	False
chr5	4691391	4691392	+	0.13514	delta_sum_err	71	A	CCACA	ok	False
chr5	4691453	4691454	+	0.12411	delta_sum_err	73	A	AGAAA	ok	False
chr5	4691642	4691643	+	0.12529	delta_sum_err	73	A	GTAAG	ok	False
chr5	4691670	4691671	+	0.11393	delta_sum_err	79	A	AAAAG	ok	False
chr5	4691716	4691717	+	0.18907	delta_sum_err	46	A	CCAAA	ok	False
chr5	4762510	4762511	+	0.12163	delta_sum_err	1818	A	ACATT	ok	False
chr5	4778901	4778902	+	0.12988	delta_sum_err	114	A	ATACC	ok	False
chr5	4779461	4779462	+	0.11989	delta_sum_err	21	A	ATAAA	ok	False
chr5	4848781	4848782	+	0.19482	delta_sum_err	62	A	GGAGA	ok	False
chr5	5093180	5093181	+	0.1375	delta_sum_err	75	A	AAAGC	ok	False
chr5	5093871	5093872	+	0.19048	delta_sum_err	99	A	ACAAG	ok	False
chr5	5094016	5094017	+	0.12719	delta_sum_err	105	A	CAAGC	ok	False
chr5	5094107	5094108	+	0.18727	delta_sum_err	65	A	CCAAA	ok	False
chr5	5094181	5094182	+	0.30248	delta_sum_err	107	A	CGAAC	ok	False
chr5	5094182	5094183	+	0.11801	delta_sum_err	108	A	GAACC	ok	True
chr5	5227971	5227972	+	0.15555	delta_sum_err	38	A	AAACA	ok	True
chr5	5228141	5228142	+	0.14374	delta_sum_err	54	A	ACAAC	ok	False
chr5	5228145	5228146	+	0.1465	delta_sum_err	63	A	CCACA	ok	False
chr5	5273716	5273717	+	0.17273	delta_sum_err	40	A	TCACT	ok	False
chr5	5273891	5273892	+	0.17091	delta_sum_err	48	A	ACAGC	ok	False
chr5	5275154	5275155	+	0.12435	delta_sum_err	57	A	ACATG	ok	False
chr5	5275601	5275602	+	0.18516	delta_sum_err	81	A	CTACA	ok	False
chr5	5275771	5275772	+	0.11919	delta_sum_err	86	A	CAATG	ok	False
chr5	5485017	5485018	+	0.15241	delta_sum_err	159	A	ATATA	ok	False
chr5	5485019	5485020	+	0.159	delta_sum_err	141	A	ATACC	ok	False
chr5	5651029	5651030	+	0.19676	delta_sum_err	372	A	CAAAC	ok	False
chr5	5651050	5651051	+	0.1693	delta_sum_err	363	A	TGACA	ok	True
chr5	5659031	5659032	+	0.15444	delta_sum_err	49	A	TAATC	ok	False
chr5	5659121	5659122	+	0.1549	delta_sum_err	51	A	ATAAC	ok	False
chr5	5659122	5659123	+	0.13046	delta_sum_err	49	A	TAACC	ok	True
chr5	5659159	5659160	+	0.12854	delta_sum_err	52	A	GAATT	ok	False
chr5	5659182	5659183	+	0.16881	delta_sum_err	51	A	GCACA	ok	False
chr5	5659213	5659214	+	0.14523	delta_sum_err	33	A	ATAAC	ok	False
chr5	5659411	5659412	+	0.12195	delta_sum_err	54	A	TAAAT	ok	False
chr5	5686841	5686842	+	0.12903	delta_sum_err	52	A	ACAAC	ok	False
chr5	5711464	5711465	+	0.20498	delta_sum_err	47	A	CAACA	ok	False
chr5	5712860	5712861	+	0.19051	delta_sum_err	48	A	GCACA	ok	False
chr5	5712883	5712884	+	0.15033	delta_sum_err	50	A	AGAAG	ok	False
chr5	5712988	5712989	+	0.11953	delta_sum_err	49	A	TGAAG	ok	False
chr5	5713320	5713321	+	0.15231	delta_sum_err	48	A	ACAAA	ok	False
chr5	5713436	5713437	+	0.14455	delta_sum_err	61	A	CCACG	ok	False
chr5	5713556	5713557	+	0.11403	delta_sum_err	61	A	GTACG	ok	False
chr5	5713612	5713613	+	0.12179	delta_sum_err	69	A	TCATC	ok	False
chr5	5713624	5713625	+	0.12179	delta_sum_err	67	A	TCAAT	ok	False
chr5	5713625	5713626	+	0.14957	delta_sum_err	69	A	CAATT	ok	False
chr5	5714333	5714334	+	0.12194	delta_sum_err	76	A	TGAAA	ok	False
chr5	5714372	5714373	+	0.15852	delta_sum_err	76	A	ACATG	ok	False
chr5	5714543	5714544	+	0.17765	delta_sum_err	62	A	CTACA	ok	False
chr5	5714677	5714678	+	0.13954	delta_sum_err	85	A	CGAGA	ok	False
chr5	5714683	5714684	+	0.12938	delta_sum_err	85	A	TGATT	ok	False
chr5	5714706	5714707	+	0.11547	delta_sum_err	75	A	CAAGA	ok	False
chr5	5714767	5714768	+	0.15883	delta_sum_err	85	A	ACAAG	ok	False
chr5	5714867	5714868	+	0.25001	delta_sum_err	85	A	GAAGA	ok	False
chr5	5714929	5714930	+	0.15266	delta_sum_err	76	A	TTATC	ok	False
chr5	5714936	5714937	+	0.14006	delta_sum_err	66	A	TGAAC	ok	False
chr5	5714957	5714958	+	0.13849	delta_sum_err	77	A	TTATT	ok	False
chr5	5789711	5789712	+	0.1149	delta_sum_err	116	A	TTATA	ok	False
chr5	587831	587832	+	0.11745	delta_sum_err	208	A	CTAAA	ok	False
chr5	588651	588652	+	0.21027	delta_sum_err	247	A	GTACT	ok	False
chr5	5908180	5908181	+	0.13669	delta_sum_err	620	A	AGAAC	ok	False
chr5	634051	634052	+	0.11975	delta_sum_err	230	A	ATAAG	ok	False
chr5	6414868	6414869	+	0.1172	delta_sum_err	165	A	GCAAA	ok	False
chr5	6414877	6414878	+	0.12902	delta_sum_err	167	A	GGAAA	ok	False
chr5	6415670	6415671	+	0.12945	delta_sum_err	176	A	TTATA	ok	False
chr5	6472491	6472492	+	0.20889	delta_sum_err	63	A	TAACC	ok	True
chr5	6472501	6472502	+	0.22264	delta_sum_err	54	A	TCAAA	ok	False
chr5	6472631	6472632	+	0.1474	delta_sum_err	66	A	CTAAG	ok	False
chr5	6472691	6472692	+	0.13636	delta_sum_err	64	A	CTAGC	ok	False
chr5	648761	648762	+	0.19057	delta_sum_err	74	A	CTAGA	ok	False
chr5	649791	649792	+	0.13364	delta_sum_err	33	A	CCAAA	ok	False
chr5	650501	650502	+	0.1636	delta_sum_err	85	A	GCATG	ok	False
chr5	651274	651275	+	0.13712	delta_sum_err	87	A	CTACC	ok	False
chr5	6556931	6556932	+	0.13587	delta_sum_err	63	A	TCACT	ok	False
chr5	6558148	6558149	+	0.15194	delta_sum_err	98	A	TAATC	ok	False
chr5	6558173	6558174	+	0.23923	delta_sum_err	95	A	GAAGA	ok	False
chr5	6558175	6558176	+	0.14739	delta_sum_err	82	A	AGACT	ok	True
chr5	6558241	6558242	+	0.1157	delta_sum_err	88	A	GTACT	ok	False
chr5	6597541	6597542	+	0.11501	delta_sum_err	31	A	GGAAA	ok	False
chr5	6597711	6597712	+	0.18218	delta_sum_err	34	A	ACAAA	ok	False
chr5	6761828	6761829	+	0.14453	delta_sum_err	222	A	ATAAA	ok	False
chr5	6761936	6761937	+	0.1151	delta_sum_err	124	A	GGAAA	ok	False
chr5	6814164	6814165	+	0.24928	delta_sum_err	57	A	CAATC	ok	False
chr5	6814168	6814169	+	0.1342	delta_sum_err	60	A	CGAAA	ok	False
chr5	6814169	6814170	+	0.1342	delta_sum_err	61	A	GAAAC	ok	False
chr5	6814170	6814171	+	0.12049	delta_sum_err	61	A	AAACC	ok	True
chr5	6814191	6814192	+	0.14956	delta_sum_err	61	A	AGATT	ok	False
chr5	6814201	6814202	+	0.13495	delta_sum_err	63	A	ACACA	ok	False
chr5	6814328	6814329	+	0.11625	delta_sum_err	62	A	ACATC	ok	False
chr5	6815026	6815027	+	0.12524	delta_sum_err	82	A	GTACA	ok	False
chr5	6815259	6815260	+	0.15306	delta_sum_err	96	A	GAATT	ok	False
chr5	6815345	6815346	+	0.14561	delta_sum_err	87	A	ATAAG	ok	False
chr5	6834271	6834272	+	0.12962	delta_sum_err	46	A	CTAAC	ok	False
chr5	6834931	6834932	+	0.1446	delta_sum_err	72	A	ATAGA	ok	False
chr5	6835581	6835582	+	0.15019	delta_sum_err	71	A	CCATA	ok	False
chr5	6939179	6939180	+	0.12585	delta_sum_err	143	A	CTACT	ok	False
chr5	6939761	6939762	+	0.16694	delta_sum_err	177	A	TGACC	ok	True
chr5	7014726	7014727	+	0.15413	delta_sum_err	502	A	CAACC	ok	False
chr5	7016411	7016412	+	0.25131	delta_sum_err	506	A	GTAAA	ok	False
chr5	7016436	7016437	+	0.14035	delta_sum_err	670	A	ATAAA	ok	False
chr5	7016437	7016438	+	0.11885	delta_sum_err	862	A	TAAAG	ok	False
chr5	7016438	7016439	+	0.16934	delta_sum_err	879	A	AAAGA	ok	False
chr5	7091470	7091471	+	0.13853	delta_sum_err	61	A	TTACT	ok	False
chr5	7091581	7091582	+	0.16114	delta_sum_err	61	A	AGAAA	ok	False
chr5	7091854	7091855	+	0.18479	delta_sum_err	79	A	CTATT	ok	False
chr5	7091867	7091868	+	0.13106	delta_sum_err	87	A	GCATT	ok	False
chr5	7092212	7092213	+	0.20573	delta_sum_err	85	A	AAACC	ok	True
chr5	7167013	7167014	+	0.16613	delta_sum_err	206	A	TAAAA	ok	False
chr5	7167144	7167145	+	0.12972	delta_sum_err	198	A	GTAAC	ok	False
chr5	7177479	7177480	+	0.16335	delta_sum_err	29	A	CGAAG	ok	False
chr5	7222313	7222314	+	0.131	delta_sum_err	91	A	ATAAC	ok	False
chr5	734010	734011	+	0.13278	delta_sum_err	30	A	AAAAA	ok	False
chr5	734011	734012	+	0.1232	delta_sum_err	39	A	AAAAA	ok	False
chr5	734681	734682	+	0.16289	delta_sum_err	35	A	CTAGA	ok	False
chr5	7502714	7502715	+	0.13741	delta_sum_err	91	A	CAACT	ok	False
chr5	7503133	7503134	+	0.13758	delta_sum_err	101	A	CCATG	ok	False
chr5	7536147	7536148	+	0.13364	delta_sum_err	189	A	ATAAC	ok	False
chr5	7667125	7667126	+	0.12478	delta_sum_err	180	A	TTAAC	ok	False
chr5	7703122	7703123	+	0.13464	delta_sum_err	62	A	CCACA	ok	False
chr5	7705181	7705182	+	0.18559	delta_sum_err	95	A	TCAAA	ok	False
chr5	7779154	7779155	+	0.11613	delta_sum_err	245	A	CCAGT	ok	False
chr5	7780531	7780532	+	0.19846	delta_sum_err	244	A	TTAAC	ok	False
chr5	798130	798131	+	0.1437	delta_sum_err	121	A	TCACA	ok	False
chr5	8031761	8031762	+	0.14112	delta_sum_err	191	A	TCACT	ok	False
chr5	814169	814170	+	0.15598	delta_sum_err	70	A	AGAAA	ok	False
chr5	814175	814176	+	0.19179	delta_sum_err	44	A	TTAAA	ok	False
chr5	814180	814181	+	0.11633	delta_sum_err	76	A	AAAGA	ok	False
chr5	815426	815427	+	0.13875	delta_sum_err	100	A	ATATT	ok	False
chr5	815500	815501	+	0.27084	delta_sum_err	84	A	TCAAA	ok	False
chr5	815501	815502	+	0.28188	delta_sum_err	90	A	CAAAC	ok	False
chr5	815502	815503	+	0.11932	delta_sum_err	93	A	AAACA	ok	True
chr5	815525	815526	+	0.3042	delta_sum_err	92	A	TGAGA	ok	False
chr5	815541	815542	+	0.16162	delta_sum_err	94	A	AAATT	ok	False
chr5	8189249	8189250	+	0.11944	delta_sum_err	118	A	ATAAA	ok	False
chr5	8217864	8217865	+	0.125	delta_sum_err	32	A	GGAAG	ok	False
chr5	8217887	8217888	+	0.13542	delta_sum_err	24	A	TTAAA	ok	False
chr5	8217888	8217889	+	0.16288	delta_sum_err	30	A	TAAAA	ok	False
chr5	8217893	8217894	+	0.14867	delta_sum_err	39	A	AAATC	ok	False
chr5	8218333	8218334	+	0.17425	delta_sum_err	28	A	TCACC	ok	False
chr5	8218403	8218404	+	0.12353	delta_sum_err	32	A	CGAAA	ok	False
chr5	8218497	8218498	+	0.16414	delta_sum_err	39	A	CCATA	ok	False
chr5	8218644	8218645	+	0.12018	delta_sum_err	35	A	AGAAA	ok	False
chr5	8218651	8218652	+	0.12766	delta_sum_err	44	A	CCATG	ok	False
chr5	8218772	8218773	+	0.11827	delta_sum_err	46	A	GGAAA	ok	False
chr5	8218886	8218887	+	0.16029	delta_sum_err	39	A	CGACT	ok	False
chr5	8218905	8218906	+	0.13235	delta_sum_err	49	A	TCAAA	ok	False
chr5	8219129	8219130	+	0.12805	delta_sum_err	39	A	CGATA	ok	False
chr5	8219195	8219196	+	0.25652	delta_sum_err	23	A	GAATA	ok	False
chr5	8219223	8219224	+	0.11453	delta_sum_err	44	A	TCACT	ok	False
chr5	8269031	8269032	+	0.12762	delta_sum_err	41	A	GCATG	ok	False
chr5	8269041	8269042	+	0.11711	delta_sum_err	42	A	TCACT	ok	False
chr5	8269391	8269392	+	0.135	delta_sum_err	22	A	ACAAA	ok	False
chr5	8269981	8269982	+	0.13159	delta_sum_err	57	A	GAATC	ok	False
chr5	8271015	8271016	+	0.19451	delta_sum_err	60	A	TTAAA	ok	False
chr5	8271017	8271018	+	0.12014	delta_sum_err	62	A	AAACT	ok	True
chr5	8279125	8279126	+	0.1256	delta_sum_err	205	A	GTACT	ok	False
chr5	8279153	8279154	+	0.30282	delta_sum_err	114	A	CCAAA	ok	False
chr5	8279154	8279155	+	0.12861	delta_sum_err	189	A	CAAAA	ok	False
chr5	8367102	8367103	+	0.13594	delta_sum_err	146	A	CCAAA	ok	False
chr5	8438671	8438672	+	0.16944	delta_sum_err	82	A	CTAAG	ok	False
chr5	8438718	8438719	+	0.14038	delta_sum_err	69	A	TCACA	ok	False
chr5	8591193	8591194	+	0.20833	delta_sum_err	55	A	TCAAA	ok	False
chr5	864012	864013	+	0.24005	delta_sum_err	119	A	TGAAG	ok	False
chr5	865170	865171	+	0.32859	delta_sum_err	64	A	CTAAA	ok	False
chr5	8774071	8774072	+	0.11358	delta_sum_err	103	A	CAATC	ok	False
chr5	8774170	8774171	+	0.12037	delta_sum_err	105	A	TAACA	ok	True
chr5	884412	884413	+	0.14329	delta_sum_err	65	A	GTATA	ok	False
chr5	884651	884652	+	0.11765	delta_sum_err	85	A	CAAAA	ok	False
chr5	885124	885125	+	0.14247	delta_sum_err	90	A	ACAGC	ok	False
chr5	885196	885197	+	0.15698	delta_sum_err	87	A	TTAAA	ok	False
chr5	9073411	9073412	+	0.13645	delta_sum_err	240	A	AGATC	ok	False
chr5	9074518	9074519	+	0.15552	delta_sum_err	186	A	TCATA	ok	False
chr5	9202161	9202162	+	0.12698	delta_sum_err	79	A	CTACT	ok	False
chr5	9202178	9202179	+	0.11701	delta_sum_err	88	A	ACAAC	ok	False
chr5	9208801	9208802	+	0.17677	delta_sum_err	124	A	TCATT	ok	False
chr5	9209113	9209114	+	0.12957	delta_sum_err	138	A	CAAGC	ok	False
chr5	9209179	9209180	+	0.12986	delta_sum_err	128	A	ACAAA	ok	False
chr5	9210035	9210036	+	0.13781	delta_sum_err	161	A	TCAAG	ok	False
chr5	9210128	9210129	+	0.11568	delta_sum_err	167	A	ATATT	ok	False
chr5	9210479	9210480	+	0.12443	delta_sum_err	115	A	AGAAA	ok	False
chr5	9651035	9651036	+	0.22727	delta_sum_err	68	A	ACATA	ok	False
chr5	9651070	9651071	+	0.14129	delta_sum_err	81	A	ACATT	ok	False
chr5	9651675	9651676	+	0.19394	delta_sum_err	88	A	AAATT	ok	False
chr5	9653125	9653126	+	0.15693	delta_sum_err	96	A	TTACA	ok	False
chr5	9830851	9830852	+	0.16262	delta_sum_err	97	A	CCATG	ok	False
chr5	9831434	9831435	+	0.14328	delta_sum_err	88	A	GCATG	ok	False
chr5	9831551	9831552	+	0.16215	delta_sum_err	105	A	TAAGG	ok	False
chr5	9831559	9831560	+	0.12617	delta_sum_err	86	A	AGAAA	ok	False
chr5	9831618	9831619	+	0.19193	delta_sum_err	94	A	TGAAG	ok	False
chr5	9831619	9831620	+	0.20371	delta_sum_err	104	A	GAAGA	ok	False
chr5	9831664	9831665	+	0.11926	delta_sum_err	99	A	ATACC	ok	False
chr5	9831685	9831686	+	0.11547	delta_sum_err	87	A	GCATA	ok	False
chr5	9831714	9831715	+	0.1182	delta_sum_err	88	A	ACATT	ok	False
chr5	9831740	9831741	+	0.2391	delta_sum_err	98	A	AGATT	ok	False
chr5	9831750	9831751	+	0.15741	delta_sum_err	89	A	AGAAA	ok	False
chr5	9836161	9836162	+	0.12018	delta_sum_err	217	A	TGAAA	ok	False
chr5	9837190	9837191	+	0.17926	delta_sum_err	472	A	TTAGA	ok	False
chr5	9874412	9874413	+	0.49866	delta_sum_err	652	A	TCAAG	ok	False
chr5	9874413	9874414	+	0.55031	delta_sum_err	801	A	CAAGA	ok	False
chr2	2026965	2026966	+	0.12207	delta_sum_err	807	A	TGAAC	ok	False
chr2	2033205	2033206	+	0.14286	delta_sum_err	35	A	ATATA	ok	False
chr2	2033844	2033845	+	0.1302	delta_sum_err	137	A	ATATG	ok	False
chr2	223206	223207	+	0.1481	delta_sum_err	85	A	AAAAC	ok	False
chr2	223240	223241	+	0.19501	delta_sum_err	70	A	TTAAG	ok	False
chr2	223246	223247	+	0.1437	delta_sum_err	76	A	TCACT	ok	False
chr2	223267	223268	+	0.14607	delta_sum_err	78	A	TGAAC	ok	False
chr2	223282	223283	+	0.11489	delta_sum_err	83	A	ACATG	ok	False
chr2	2234267	2234268	+	0.13636	delta_sum_err	68	A	CTATT	ok	False
chr2	2234275	2234276	+	0.19318	delta_sum_err	75	A	TCACC	ok	False
chr2	2234464	2234465	+	0.12223	delta_sum_err	88	A	GCAGA	ok	False
chr2	2234604	2234605	+	0.12514	delta_sum_err	77	A	TTACC	ok	False
chr2	2234797	2234798	+	0.12489	delta_sum_err	76	A	CTAAA	ok	False
chr2	2234900	2234901	+	0.14475	delta_sum_err	83	A	TTACA	ok	False
chr2	2234902	2234903	+	0.12323	delta_sum_err	84	A	ACACA	ok	False
chr2	2234907	2234908	+	0.11497	delta_sum_err	90	A	CAACA	ok	False
chr2	2235065	2235066	+	0.13245	delta_sum_err	88	A	ACAAG	ok	False
chr2	2235066	2235067	+	0.11459	delta_sum_err	93	A	CAAGT	ok	False
chr2	2235492	2235493	+	0.13582	delta_sum_err	89	A	TGAAA	ok	False
chr2	2236066	2236067	+	0.11539	delta_sum_err	99	A	GGAAC	ok	False
chr2	2236237	2236238	+	0.16272	delta_sum_err	98	A	TGAGA	ok	False
chr2	2322852	2322853	+	0.16415	delta_sum_err	35	A	AGAAA	ok	False
chr2	2322853	2322854	+	0.12046	delta_sum_err	84	A	GAAAA	ok	False
chr2	2322950	2322951	+	0.13044	delta_sum_err	78	A	TTAAA	ok	False
chr2	2323050	2323051	+	0.12696	delta_sum_err	91	A	CCACA	ok	False
chr2	2323677	2323678	+	0.13574	delta_sum_err	110	A	GTACA	ok	False
chr2	2324434	2324435	+	0.14435	delta_sum_err	118	A	TCAAC	ok	False
chr2	2324564	2324565	+	0.15831	delta_sum_err	120	A	GCAAA	ok	False
chr2	2324625	2324626	+	0.14912	delta_sum_err	67	A	AGAAA	ok	False
chr2	2324824	2324825	+	0.14029	delta_sum_err	126	A	GCACT	ok	False
chr2	2325023	2325024	+	0.18276	delta_sum_err	121	A	GCAAC	ok	False
chr2	2325024	2325025	+	0.1183	delta_sum_err	126	A	CAACT	ok	False
chr2	267309	267310	+	0.15354	delta_sum_err	132	A	TCACT	ok	False
chr2	2763632	2763633	+	0.15739	delta_sum_err	156	A	TCATC	ok	False
chr2	2763730	2763731	+	0.13712	delta_sum_err	165	A	TAACT	ok	True
chr2	3730	3731	+	0.134	delta_sum_err	36	A	TCATA	ok	False
chr2	3732	3733	+	0.11765	delta_sum_err	24	A	ATATG	ok	False
chr2	3759	3760	+	0.12101	delta_sum_err	34	A	GCATG	ok	False
chr2	3765	3766	+	0.11429	delta_sum_err	33	A	GTAAG	ok	False
chr2	3808	3809	+	0.12857	delta_sum_err	36	A	TTAAA	ok	False
chr2	3809	3810	+	0.11764	delta_sum_err	37	A	TAAAT	ok	False
chr2	3829	3830	+	0.14706	delta_sum_err	29	A	TGATG	ok	False
chr2	3847	3848	+	0.11764	delta_sum_err	33	A	GGATA	ok	False
chr2	3864	3865	+	0.12389	delta_sum_err	35	A	CTAGA	ok	False
chr2	3978	3979	+	0.13783	delta_sum_err	29	A	GCATG	ok	False
chr2	4049	4050	+	0.14706	delta_sum_err	33	A	CTACC	ok	False
chr2	4246	4247	+	0.21875	delta_sum_err	32	A	CGAGG	ok	False
chr2	4249	4250	+	0.12026	delta_sum_err	32	A	GGATC	ok	False
chr2	4275	4276	+	0.15625	delta_sum_err	33	A	CCAGC	ok	False
chr2	4323	4324	+	0.17943	delta_sum_err	30	A	GCAGT	ok	False
chr2	4338	4339	+	0.16129	delta_sum_err	28	A	GTAGT	ok	False
chr2	490288	490289	+	0.11886	delta_sum_err	163	A	ACAAG	ok	False
chr2	5260	5261	+	0.20238	delta_sum_err	38	A	TCATT	ok	False
chr2	5283	5284	+	0.18129	delta_sum_err	38	A	CGAGG	ok	False
chr2	5287	5288	+	0.14636	delta_sum_err	39	A	GAATT	ok	False
chr2	5343	5344	+	0.15843	delta_sum_err	47	A	ACACA	ok	False
chr2	5462	5463	+	0.13409	delta_sum_err	57	A	GAAGG	ok	False
chr2	6392260	6392261	+	0.1381	delta_sum_err	45	A	CTATC	ok	False
chr2	6392559	6392560	+	0.13566	delta_sum_err	49	A	TCATA	ok	False
chr2	6393005	6393006	+	0.15983	delta_sum_err	50	A	CTAAA	ok	False
chr2	6399732	6399733	+	0.16882	delta_sum_err	63	A	TTACT	ok	False
chr2	6399797	6399798	+	0.16568	delta_sum_err	60	A	CCACC	ok	False
chr2	6399887	6399888	+	0.22286	delta_sum_err	24	A	CCACC	ok	False
chr2	6400953	6400954	+	0.15708	delta_sum_err	77	A	TTAGT	ok	False
chr2	6520026	6520027	+	0.12079	delta_sum_err	108	A	CAATT	ok	False
chr2	673334	673335	+	0.13586	delta_sum_err	105	A	AGAAA	ok	False
chr2	674596	674597	+	0.18878	delta_sum_err	135	A	TGAAA	ok	False
chr2	674597	674598	+	0.17702	delta_sum_err	138	A	GAAAG	ok	False
chr2	674598	674599	+	0.24814	delta_sum_err	160	A	AAAGA	ok	False
chr2	674600	674601	+	0.24226	delta_sum_err	134	A	AGACA	ok	True
chr2	674602	674603	+	0.12489	delta_sum_err	150	A	ACAAA	ok	False
chr2	674603	674604	+	0.14842	delta_sum_err	172	A	CAAAG	ok	False
chr2	674604	674605	+	0.31108	delta_sum_err	173	A	AAAGA	ok	False
chr2	674640	674641	+	0.12823	delta_sum_err	131	A	GTATG	ok	False
chr2	674655	674656	+	0.21461	delta_sum_err	121	A	GTACA	ok	False
chr2	674657	674658	+	0.30314	delta_sum_err	126	A	ACATG	ok	False
chr2	6947440	6947441	+	0.11385	delta_sum_err	32	A	GAATT	ok	False
chr2	6947562	6947563	+	0.15323	delta_sum_err	27	A	TCATG	ok	False
chr2	6947722	6947723	+	0.15865	delta_sum_err	30	A	TGAAA	ok	False
chr2	7052205	7052206	+	0.16586	delta_sum_err	68	A	ATAAT	ok	False
chr2	7052206	7052207	+	0.1246	delta_sum_err	69	A	TAATG	ok	False
chr2	7052236	7052237	+	0.12481	delta_sum_err	69	A	AGATC	ok	False
chr2	7052356	7052357	+	0.13062	delta_sum_err	61	A	TAACT	ok	True
chr2	7052532	7052533	+	0.11842	delta_sum_err	72	A	CGATT	ok	False
chr2	7052553	7052554	+	0.19737	delta_sum_err	69	A	ACATA	ok	False
chr2	7052562	7052563	+	0.11842	delta_sum_err	72	A	CTAAA	ok	False
chr2	7052563	7052564	+	0.13158	delta_sum_err	75	A	TAAAG	ok	False
chr2	7052699	7052700	+	0.1147	delta_sum_err	68	A	CGATA	ok	False
chr2	7052765	7052766	+	0.22369	delta_sum_err	72	A	CTAGA	ok	False
chr2	7498875	7498876	+	0.1562	delta_sum_err	141	A	CCATT	ok	False
chr2	7547774	7547775	+	0.14077	delta_sum_err	325	A	ACATA	ok	False
chr2	7548222	7548223	+	0.13054	delta_sum_err	414	A	AAAAC	ok	False
chr2	7548259	7548260	+	0.31512	delta_sum_err	311	A	GGACC	ok	True
chr2	7556060	7556061	+	0.13137	delta_sum_err	76	A	CCACC	ok	False
chr2	7556066	7556067	+	0.11631	delta_sum_err	79	A	TCACC	ok	False
chr2	7556296	7556297	+	0.12298	delta_sum_err	94	A	AGATC	ok	False
chr2	7557527	7557528	+	0.12116	delta_sum_err	122	A	CTAGA	ok	False
chr2	7557866	7557867	+	0.16264	delta_sum_err	135	A	AAATG	ok	False
chr2	7564527	7564528	+	0.12321	delta_sum_err	99	A	GCATC	ok	False
chr2	7564554	7564555	+	0.1752	delta_sum_err	108	A	ACACG	ok	False
chr2	7564652	7564653	+	0.21909	delta_sum_err	96	A	ACAAC	ok	False
chr2	7566382	7566383	+	0.37501	delta_sum_err	105	A	GTAAA	ok	False
chr2	7566423	7566424	+	0.15077	delta_sum_err	130	A	TTAAG	ok	False
chr2	7566457	7566458	+	0.15277	delta_sum_err	73	A	ATACT	ok	False
chr2	775290	775291	+	0.11977	delta_sum_err	64	A	TGATT	ok	False
chr2	7838230	7838231	+	0.15058	delta_sum_err	851	A	TGAAC	ok	False
chr2	7947886	7947887	+	0.17089	delta_sum_err	31	A	CCAAC	ok	False
chr2	7947893	7947894	+	0.19356	delta_sum_err	37	A	CTAGT	ok	False
chr2	7947900	7947901	+	0.15345	delta_sum_err	17	A	TCAAA	ok	False
chr2	7947949	7947950	+	0.16874	delta_sum_err	37	A	CAACT	ok	False
chr2	7948050	7948051	+	0.14227	delta_sum_err	39	A	TGATC	ok	False
chr2	7948208	7948209	+	0.24679	delta_sum_err	34	A	GCAAA	ok	False
chr2	7948232	7948233	+	0.125	delta_sum_err	40	A	TTATC	ok	False
chr2	7948298	7948299	+	0.15	delta_sum_err	38	A	TGAAC	ok	False
chr2	8223295	8223296	+	0.11548	delta_sum_err	56	A	GAAGG	ok	False
chr2	8224038	8224039	+	0.13842	delta_sum_err	52	A	CCATT	ok	False
chr2	8224076	8224077	+	0.1211	delta_sum_err	62	A	ATAGC	ok	False
chr2	8224638	8224639	+	0.20759	delta_sum_err	61	A	TTACA	ok	False
chr2	8224640	8224641	+	0.14984	delta_sum_err	64	A	ACATC	ok	False
chr2	8224673	8224674	+	0.15768	delta_sum_err	61	A	GCAAA	ok	False
chr2	8225070	8225071	+	0.18815	delta_sum_err	73	A	GTAGG	ok	False
chr2	8225476	8225477	+	0.13553	delta_sum_err	66	A	TGAAA	ok	False
chr2	8225535	8225536	+	0.13375	delta_sum_err	90	A	GCACC	ok	False
chr2	8226222	8226223	+	0.11508	delta_sum_err	86	A	TCACA	ok	False
chr2	8226728	8226729	+	0.14509	delta_sum_err	114	A	TAACA	ok	True
chr2	8226732	8226733	+	0.1317	delta_sum_err	90	A	ATACT	ok	False
chr2	8226806	8226807	+	0.15333	delta_sum_err	116	A	ACAAC	ok	False
chr2	8226907	8226908	+	0.12618	delta_sum_err	116	A	TCACA	ok	False
chr2	8226947	8226948	+	0.11461	delta_sum_err	138	A	TCAAT	ok	False
chr2	8227400	8227401	+	0.13014	delta_sum_err	143	A	TAACT	ok	True
chr2	8227408	8227409	+	0.14591	delta_sum_err	100	A	CCAAA	ok	False
chr2	8227452	8227453	+	0.19334	delta_sum_err	125	A	AAACT	ok	True
chr2	8227545	8227546	+	0.1612	delta_sum_err	75	A	CTAAT	ok	False
chr2	8726026	8726027	+	0.31995	delta_sum_err	62	A	TAACC	ok	True
chr2	8726898	8726899	+	0.11764	delta_sum_err	52	A	AGAAA	ok	False
chr2	8726938	8726939	+	0.13044	delta_sum_err	63	A	GTAGC	ok	False
chr2	8727234	8727235	+	0.11842	delta_sum_err	57	A	AGAAA	ok	False
chr2	8727473	8727474	+	0.16766	delta_sum_err	48	A	CAACT	ok	False
chr2	8727490	8727491	+	0.22239	delta_sum_err	53	A	ATAAA	ok	False
chr2	8727494	8727495	+	0.12082	delta_sum_err	52	A	ACATT	ok	False
chr2	8727502	8727503	+	0.29651	delta_sum_err	42	A	TCAAA	ok	False
chr2	8727567	8727568	+	0.20869	delta_sum_err	31	A	ACAAA	ok	False
chr2	8727568	8727569	+	0.14706	delta_sum_err	60	A	CAAAC	ok	False
chr2	8737692	8737693	+	0.13548	delta_sum_err	748	A	ACAAA	ok	False
chr2	8787068	8787069	+	0.14025	delta_sum_err	85	A	CTAAA	ok	False
chr2	8787348	8787349	+	0.11534	delta_sum_err	91	A	CAATC	ok	False
chr2	8787486	8787487	+	0.13737	delta_sum_err	94	A	ACAAG	ok	False
chr2	8787529	8787530	+	0.12821	delta_sum_err	95	A	AGAAA	ok	False
chr2	8788259	8788260	+	0.15536	delta_sum_err	92	A	TCATA	ok	False
chr2	8788838	8788839	+	0.14066	delta_sum_err	100	A	GCACT	ok	False
chr2	8789076	8789077	+	0.13701	delta_sum_err	132	A	ATACC	ok	False
chr2	8789246	8789247	+	0.1625	delta_sum_err	80	A	TGAAA	ok	False
chr2	8789250	8789251	+	0.17932	delta_sum_err	139	A	AAAAT	ok	False
chr2	8789256	8789257	+	0.20493	delta_sum_err	119	A	ATAAC	ok	False
chr2	8789292	8789293	+	0.12563	delta_sum_err	101	A	CAATA	ok	False
chr2	8806936	8806937	+	0.12565	delta_sum_err	82	A	GGAAG	ok	False
chr2	8807532	8807533	+	0.20435	delta_sum_err	104	A	ATAAA	ok	False
chr2	8807943	8807944	+	0.33173	delta_sum_err	94	A	TCAAA	ok	False
chr2	8807945	8807946	+	0.1843	delta_sum_err	115	A	AAACA	ok	True
chr2	8807996	8807997	+	0.15854	delta_sum_err	81	A	AGATT	ok	False
chr2	8832807	8832808	+	0.26523	delta_sum_err	167	A	TGAAC	ok	False
chr2	8832842	8832843	+	0.14746	delta_sum_err	168	A	TTAAG	ok	False
chr2	8856359	8856360	+	0.11598	delta_sum_err	86	A	ACAAA	ok	False
chr2	8856429	8856430	+	0.14034	delta_sum_err	78	A	TCACC	ok	False
chr2	8856578	8856579	+	0.13886	delta_sum_err	98	A	GCAAA	ok	False
chr2	8856673	8856674	+	0.17418	delta_sum_err	75	A	CCACC	ok	False
chr2	8857557	8857558	+	0.1217	delta_sum_err	105	A	ACAAA	ok	False
chr2	8857675	8857676	+	0.11745	delta_sum_err	138	A	TAAGG	ok	False
chr2	8857680	8857681	+	0.42903	delta_sum_err	96	A	AGACC	ok	True
chr2	8857689	8857690	+	0.11661	delta_sum_err	112	A	TCATA	ok	False
chr2	8857736	8857737	+	0.13131	delta_sum_err	88	A	ATAAA	ok	False
chr2	8864647	8864648	+	0.17317	delta_sum_err	35	A	ATACT	ok	False
chr2	8864668	8864669	+	0.15281	delta_sum_err	32	A	TTAAA	ok	False
chr2	8864669	8864670	+	0.17912	delta_sum_err	33	A	TAAAG	ok	False
chr2	8864670	8864671	+	0.15874	delta_sum_err	31	A	AAAGG	ok	False
chr2	8864694	8864695	+	0.14686	delta_sum_err	34	A	GGAGT	ok	False
chr2	8864698	8864699	+	0.15789	delta_sum_err	32	A	TGAAG	ok	False
chr2	8965356	8965357	+	0.33345	delta_sum_err	132	A	TGAAA	ok	False
chr2	8965360	8965361	+	0.46792	delta_sum_err	219	A	ACAGA	ok	False
chr2	8979935	8979936	+	0.16667	delta_sum_err	91	A	ACACC	ok	False
chr2	8980033	8980034	+	0.19085	delta_sum_err	86	A	ACATG	ok	False
chr2	8980226	8980227	+	0.16763	delta_sum_err	105	A	CCAGT	ok	False
chr2	8980552	8980553	+	0.11382	delta_sum_err	118	A	TTAGG	ok	False
chr2	8980683	8980684	+	0.12556	delta_sum_err	99	A	ACATT	ok	False
chr2	8980692	8980693	+	0.18052	delta_sum_err	99	A	CAATA	ok	False
chr2	8980738	8980739	+	0.12422	delta_sum_err	119	A	TGACA	ok	True
chr2	8980740	8980741	+	0.11732	delta_sum_err	118	A	ACACC	ok	False
chr2	8980945	8980946	+	0.15238	delta_sum_err	124	A	AGAAG	ok	False
chr2	8989222	8989223	+	0.1584	delta_sum_err	389	A	CAACA	ok	False
chr2	8989224	8989225	+	0.23868	delta_sum_err	302	A	ACAAC	ok	False
chr2	8989268	8989269	+	0.27202	delta_sum_err	381	A	TCAGA	ok	False
chr2	8989342	8989343	+	0.11802	delta_sum_err	70	A	ATACA	ok	False
chr2	8989344	8989345	+	0.12954	delta_sum_err	71	A	ACATT	ok	False
chr2	9069350	9069351	+	0.13021	delta_sum_err	71	A	GGAAA	ok	False
chr2	9069407	9069408	+	0.11736	delta_sum_err	190	A	ATAAG	ok	False
chr2	9070237	9070238	+	0.12214	delta_sum_err	211	A	TTATA	ok	False
chr2	9070239	9070240	+	0.12214	delta_sum_err	229	A	ATAGA	ok	False
chr2	9070344	9070345	+	0.3435	delta_sum_err	219	A	TTAGA	ok	False
chr2	9070346	9070347	+	0.1772	delta_sum_err	215	A	AGACA	ok	True
chr2	9070383	9070384	+	0.22852	delta_sum_err	152	A	TGAAA	ok	False
chr2	9220586	9220587	+	0.15498	delta_sum_err	62	A	ATAAC	ok	False
chr2	9237240	9237241	+	0.12377	delta_sum_err	393	A	TCAAG	ok	False
chr2	9237632	9237633	+	0.19159	delta_sum_err	388	A	GAACC	ok	True
chr2	9237654	9237655	+	0.1426	delta_sum_err	387	A	TGAGA	ok	False
chr2	9237694	9237695	+	0.14267	delta_sum_err	160	A	CAACA	ok	False
chr2	9354997	9354998	+	0.12581	delta_sum_err	66	A	GCATT	ok	False
chr2	9355065	9355066	+	0.23444	delta_sum_err	61	A	ACATC	ok	False
chr2	9355282	9355283	+	0.14008	delta_sum_err	76	A	GTAAT	ok	False
chr2	9356330	9356331	+	0.13929	delta_sum_err	88	A	CCAAT	ok	False
chr2	9356423	9356424	+	0.1145	delta_sum_err	85	A	TCAAA	ok	False
chr2	9356424	9356425	+	0.16797	delta_sum_err	92	A	CAAAG	ok	False
chr2	9356425	9356426	+	0.24354	delta_sum_err	93	A	AAAGG	ok	False
chr2	9356704	9356705	+	0.2	delta_sum_err	70	A	TCATA	ok	False
chr2	9356722	9356723	+	0.16316	delta_sum_err	77	A	CCAAA	ok	False
chr2	9356744	9356745	+	0.12632	delta_sum_err	63	A	GCAAA	ok	False
chr2	9356862	9356863	+	0.11579	delta_sum_err	53	A	TCAAA	ok	False
chr2	9356944	9356945	+	0.15008	delta_sum_err	79	A	TGAGA	ok	False
chr2	9356992	9356993	+	0.23887	delta_sum_err	94	A	CAACT	ok	False
chr2	9357004	9357005	+	0.13148	delta_sum_err	101	A	ATAAC	ok	False
chr2	9357005	9357006	+	0.14685	delta_sum_err	102	A	TAACA	ok	True
chr2	9357007	9357008	+	0.16723	delta_sum_err	109	A	ACAAC	ok	False
chr2	9357035	9357036	+	0.18226	delta_sum_err	304	A	CCATA	ok	False
chr2	9357044	9357045	+	0.33097	delta_sum_err	171	A	TTATA	ok	False
chr2	9357046	9357047	+	0.1467	delta_sum_err	219	A	ATATA	ok	False
chr2	9357048	9357049	+	0.14887	delta_sum_err	268	A	ATATA	ok	False
chr2	9357052	9357053	+	0.1276	delta_sum_err	289	A	ATATA	ok	False
chr2	9357054	9357055	+	0.21513	delta_sum_err	262	A	ATATA	ok	False
chr2	9357056	9357057	+	0.18567	delta_sum_err	259	A	ATAAA	ok	False
chr2	9357057	9357058	+	0.21875	delta_sum_err	318	A	TAAAG	ok	False
chr2	9357058	9357059	+	0.27942	delta_sum_err	340	A	AAAGA	ok	False
chr2	9637202	9637203	+	0.1803	delta_sum_err	150	A	TAACT	ok	True
chr2	9637562	9637563	+	0.12404	delta_sum_err	178	A	GAAGA	ok	False
chr2	9637902	9637903	+	0.16393	delta_sum_err	179	A	TCAAC	ok	False
chr2	9638534	9638535	+	0.22741	delta_sum_err	123	A	TGAAA	ok	False
chr2	9638568	9638569	+	0.31428	delta_sum_err	159	A	GTAAG	ok	False
chr2	9638569	9638570	+	0.37979	delta_sum_err	191	A	TAAGA	ok	False
chr2	9638604	9638605	+	0.14711	delta_sum_err	138	A	TCAAA	ok	False
chr2	9786368	9786369	+	0.15741	delta_sum_err	53	A	TAATC	ok	False
chr2	9786376	9786377	+	0.12254	delta_sum_err	64	A	AGACA	ok	True
chr2	9789944	9789945	+	0.13399	delta_sum_err	398	A	TCACC	ok	False
chr2	9792358	9792359	+	0.15992	delta_sum_err	95	A	TCAAG	ok	False
chr2	9792520	9792521	+	0.14206	delta_sum_err	96	A	GGACA	ok	True
chr2	9792564	9792565	+	0.13404	delta_sum_err	99	A	CAAAA	ok	False
chr2	9792995	9792996	+	0.12499	delta_sum_err	106	A	CAAAA	ok	False
chr2	9793636	9793637	+	0.23087	delta_sum_err	42	A	AGAAA	ok	False
chr2	9794080	9794081	+	0.17449	delta_sum_err	85	A	ACATA	ok	False
chr2	9794370	9794371	+	0.1141	delta_sum_err	110	A	CCAAC	ok	False
chr2	9794530	9794531	+	0.12767	delta_sum_err	130	A	TAAAG	ok	False
chr2	9795670	9795671	+	0.13237	delta_sum_err	137	A	ACACA	ok	False
chr2	9795739	9795740	+	0.15444	delta_sum_err	104	A	GTAAT	ok	False
chr2	9795740	9795741	+	0.12766	delta_sum_err	123	A	TAATA	ok	False
chr2	9795744	9795745	+	0.14467	delta_sum_err	138	A	AGAAG	ok	False
chr2	9795782	9795783	+	0.19683	delta_sum_err	69	A	ACATA	ok	False
chr2	9795789	9795790	+	0.11514	delta_sum_err	109	A	TTAAT	ok	False
chr2	9795822	9795823	+	0.16956	delta_sum_err	115	A	TGAGA	ok	False
chr2	9795830	9795831	+	0.16194	delta_sum_err	103	A	TTACA	ok	False
chr2	9795834	9795835	+	0.11709	delta_sum_err	94	A	AGAAA	ok	False
chr2	9795844	9795845	+	0.15249	delta_sum_err	60	A	ATAAA	ok	False
chr2	9842068	9842069	+	0.17174	delta_sum_err	143	A	ATAAA	ok	False
chr2	9842353	9842354	+	0.14072	delta_sum_err	136	A	GAAAA	ok	False
chr2	9842354	9842355	+	0.1208	delta_sum_err	219	A	AAAAA	ok	False
chr2	9925475	9925476	+	0.12216	delta_sum_err	38	A	TCATC	ok	False
chr2	9925600	9925601	+	0.125	delta_sum_err	44	A	GAAAA	ok	False
chr2	9925833	9925834	+	0.11429	delta_sum_err	44	A	GGAGG	ok	False
chr2	9925853	9925854	+	0.13044	delta_sum_err	41	A	CCAAT	ok	False
chr2	9926246	9926247	+	0.14894	delta_sum_err	40	A	CAAAA	ok	False
chr3	20040069	20040070	+	0.12153	delta_sum_err	47	A	GGAAA	ok	False
chr3	20040265	20040266	+	0.14158	delta_sum_err	57	A	GCAAG	ok	False
chr3	20040299	20040300	+	0.27041	delta_sum_err	57	A	CGAGT	ok	False
chr3	20040450	20040451	+	0.14699	delta_sum_err	54	A	TCACA	ok	False
chr3	20040602	20040603	+	0.13236	delta_sum_err	65	A	TTAAG	ok	False
chr3	20040659	20040660	+	0.22635	delta_sum_err	43	A	TCAAA	ok	False
chr3	20040995	20040996	+	0.15032	delta_sum_err	64	A	TGAGA	ok	False
chr3	20040999	20041000	+	0.11914	delta_sum_err	66	A	ACACA	ok	False
chr3	20479853	20479854	+	0.11584	delta_sum_err	89	A	CTAGA	ok	False
chr3	20479859	20479860	+	0.12537	delta_sum_err	84	A	TTAGC	ok	False
chr3	20480258	20480259	+	0.15754	delta_sum_err	87	A	CTAAA	ok	False
chr3	20480267	20480268	+	0.16463	delta_sum_err	94	A	CTATT	ok	False
chr3	20480272	20480273	+	0.17912	delta_sum_err	90	A	CAAAT	ok	False
chr3	20480307	20480308	+	0.125	delta_sum_err	71	A	ACAAA	ok	False
chr3	20480343	20480344	+	0.18312	delta_sum_err	56	A	CCAAA	ok	False
chr3	20480346	20480347	+	0.12186	delta_sum_err	92	A	AAACA	ok	True
chr3	20480348	20480349	+	0.27982	delta_sum_err	73	A	ACATG	ok	False
chr3	20480377	20480378	+	0.1261	delta_sum_err	59	A	TTAAA	ok	False
chr3	20500646	20500647	+	0.17946	delta_sum_err	213	A	TGAAA	ok	False
chr3	20556222	20556223	+	0.15959	delta_sum_err	517	A	GCAAC	ok	False
chr3	20556223	20556224	+	0.11938	delta_sum_err	512	A	CAACA	ok	False
chr3	20556349	20556350	+	0.13964	delta_sum_err	36	A	TCAAA	ok	False
chr3	20699293	20699294	+	0.12819	delta_sum_err	225	A	TTACA	ok	False
chr3	20699295	20699296	+	0.17239	delta_sum_err	211	A	ACATC	ok	False
chr3	20699949	20699950	+	0.50902	delta_sum_err	279	A	TGAGA	ok	False
chr3	20699958	20699959	+	0.35708	delta_sum_err	125	A	GTAAA	ok	False
chr3	20704476	20704477	+	0.14745	delta_sum_err	76	A	GTAAA	ok	False
chr3	20705246	20705247	+	0.13772	delta_sum_err	126	A	AAATT	ok	False
chr3	20705280	20705281	+	0.12016	delta_sum_err	113	A	TAAAA	ok	False
chr3	20789097	20789098	+	0.12331	delta_sum_err	96	A	AGATC	ok	False
chr3	20789277	20789278	+	0.13208	delta_sum_err	99	A	GTAAG	ok	False
chr3	20789334	20789335	+	0.12789	delta_sum_err	74	A	CGAGA	ok	False
chr3	20789862	20789863	+	0.1677	delta_sum_err	100	A	TGATT	ok	False
chr3	20789875	20789876	+	0.15666	delta_sum_err	89	A	TAATC	ok	False
chr3	20943093	20943094	+	0.11586	delta_sum_err	149	A	TCATT	ok	False
chr3	20943224	20943225	+	0.4505	delta_sum_err	107	A	GGACA	ok	True
chr3	20943226	20943227	+	0.46262	delta_sum_err	143	A	ACATG	ok	False
chr3	20943248	20943249	+	0.16751	delta_sum_err	87	A	GCAAA	ok	False
chr3	20943249	20943250	+	0.11504	delta_sum_err	150	A	CAAAA	ok	False
chr3	20943250	20943251	+	0.22419	delta_sum_err	155	A	AAAAC	ok	False
chr3	209956	209957	+	0.21585	delta_sum_err	41	A	ACAGA	ok	False
chr3	209958	209959	+	0.11748	delta_sum_err	69	A	AGAGA	ok	False
chr3	209996	209997	+	0.17285	delta_sum_err	81	A	CTACC	ok	False
chr3	22269687	22269688	+	0.18208	delta_sum_err	819	A	GCACC	ok	False
chr3	22269830	22269831	+	0.47886	delta_sum_err	874	A	TCAAG	ok	False
chr3	22269839	22269840	+	0.13716	delta_sum_err	769	A	ATACA	ok	False
chr3	22456937	22456938	+	0.16282	delta_sum_err	756	A	CAAAG	ok	False
chr3	22457022	22457023	+	0.12729	delta_sum_err	674	A	AAAGA	ok	False
chr3	22457024	22457025	+	0.15574	delta_sum_err	599	A	AGACA	ok	True
chr3	2253377	2253378	+	0.56551	delta_sum_err	434	A	TCAGA	ok	False
chr3	2253423	2253424	+	0.13256	delta_sum_err	384	A	TGACT	ok	True
chr3	2253446	2253447	+	0.12849	delta_sum_err	294	A	CGACT	ok	False
chr3	22664260	22664261	+	0.11567	delta_sum_err	97	A	GCATC	ok	False
chr3	22664295	22664296	+	0.12817	delta_sum_err	94	A	GCAAG	ok	False
chr3	22664296	22664297	+	0.1485	delta_sum_err	109	A	CAAGC	ok	False
chr3	22737428	22737429	+	0.12126	delta_sum_err	338	A	TGAAA	ok	False
chr3	22737945	22737946	+	0.11509	delta_sum_err	378	A	CCAAC	ok	False
chr3	22745695	22745696	+	0.12512	delta_sum_err	91	A	CTAAC	ok	False
chr3	22786098	22786099	+	0.12632	delta_sum_err	35	A	TCAAA	ok	False
chr3	22786270	22786271	+	0.11955	delta_sum_err	26	A	AGAAA	ok	False
chr3	22786483	22786484	+	0.12541	delta_sum_err	47	A	TCACC	ok	False
chr3	22786776	22786777	+	0.1187	delta_sum_err	75	A	AGATT	ok	False
chr3	22786857	22786858	+	0.16306	delta_sum_err	76	A	CTAGC	ok	False
chr3	22786864	22786865	+	0.11427	delta_sum_err	65	A	GTAAC	ok	False
chr3	22787468	22787469	+	0.20074	delta_sum_err	75	A	GTATA	ok	False
chr3	22787594	22787595	+	0.11578	delta_sum_err	84	A	TCATG	ok	False
chr3	22902907	22902908	+	0.18572	delta_sum_err	165	A	CCACA	ok	False
chr3	22903893	22903894	+	0.13478	delta_sum_err	212	A	ATAGA	ok	False
chr3	22903944	22903945	+	0.12285	delta_sum_err	139	A	GCAAA	ok	False
chr3	22903956	22903957	+	0.11494	delta_sum_err	136	A	CAACT	ok	False
chr3	22904028	22904029	+	0.13052	delta_sum_err	24	A	GGAAA	ok	False
chr3	22973648	22973649	+	0.11772	delta_sum_err	85	A	GCAAA	ok	False
chr3	23037282	23037283	+	0.12305	delta_sum_err	992	A	ACAGC	ok	False
chr3	23037658	23037659	+	0.11878	delta_sum_err	972	A	TAAAA	ok	False
chr3	23053702	23053703	+	0.58483	delta_sum_err	184	A	TCAGA	ok	False
chr3	23090598	23090599	+	0.18188	delta_sum_err	190	A	ATAAA	ok	False
chr3	23090672	23090673	+	0.14593	delta_sum_err	191	A	TGAGA	ok	False
chr3	23454288	23454289	+	0.19445	delta_sum_err	86	A	TCACT	ok	False
chr3	23454307	23454308	+	0.21616	delta_sum_err	121	A	TGACC	ok	True
chr3	23455032	23455033	+	0.11724	delta_sum_err	82	A	AGAAA	ok	False
chr3	2379338	2379339	+	0.12528	delta_sum_err	39	A	TCAAC	ok	False
chr3	2379438	2379439	+	0.15284	delta_sum_err	68	A	ATAAC	ok	False
chr3	2379490	2379491	+	0.12241	delta_sum_err	76	A	TCACC	ok	False
chr3	2389575	2389576	+	0.14846	delta_sum_err	205	A	AAATT	ok	False
chr3	2389583	2389584	+	0.22233	delta_sum_err	177	A	GTACT	ok	False
chr3	2564503	2564504	+	0.11996	delta_sum_err	90	A	CCAAA	ok	False
chr3	2565395	2565396	+	0.1755	delta_sum_err	96	A	ACATC	ok	False
chr3	2565858	2565859	+	0.18289	delta_sum_err	164	A	TTAGA	ok	False
chr3	2586299	2586300	+	0.13778	delta_sum_err	570	A	GGACC	ok	True
chr3	2624093	2624094	+	0.18966	delta_sum_err	41	A	ATAAA	ok	False
chr3	2624097	2624098	+	0.11879	delta_sum_err	53	A	ATAAG	ok	False
chr3	2954005	2954006	+	0.11847	delta_sum_err	167	A	TCACC	ok	False
chr3	2955546	2955547	+	0.30326	delta_sum_err	182	A	TGAAC	ok	False
chr3	2990353	2990354	+	0.13147	delta_sum_err	49	A	CTAAA	ok	False
chr3	2990595	2990596	+	0.13838	delta_sum_err	63	A	TCAAG	ok	False
chr3	2990939	2990940	+	0.13862	delta_sum_err	66	A	CGACA	ok	False
chr3	3022079	3022080	+	0.13861	delta_sum_err	53	A	AGAGG	ok	False
chr3	3022353	3022354	+	0.21864	delta_sum_err	57	A	CTAAA	ok	False
chr3	3022386	3022387	+	0.12044	delta_sum_err	76	A	TCACT	ok	False
chr3	3022426	3022427	+	0.1367	delta_sum_err	44	A	AGAAA	ok	False
chr3	3022646	3022647	+	0.18336	delta_sum_err	83	A	GTAGG	ok	False
chr3	3022795	3022796	+	0.11984	delta_sum_err	110	A	GCAGC	ok	False
chr3	3022867	3022868	+	0.1655	delta_sum_err	80	A	TTAAA	ok	False
chr3	3022870	3022871	+	0.20559	delta_sum_err	105	A	AAACT	ok	True
chr3	3022909	3022910	+	0.16785	delta_sum_err	99	A	ATACT	ok	False
chr3	3242079	3242080	+	0.1247	delta_sum_err	104	A	ATATA	ok	False
chr3	3242367	3242368	+	0.14044	delta_sum_err	72	A	ATAAA	ok	False
chr3	3400592	3400593	+	0.22796	delta_sum_err	290	A	CAAAA	ok	False
chr3	3442650	3442651	+	0.11538	delta_sum_err	41	A	TAAGA	ok	False
chr3	3442783	3442784	+	0.13063	delta_sum_err	38	A	GTACT	ok	False
chr3	3442869	3442870	+	0.1213	delta_sum_err	38	A	GGAAG	ok	False
chr3	3442930	3442931	+	0.11972	delta_sum_err	40	A	ATAAT	ok	False
chr3	3442967	3442968	+	0.14078	delta_sum_err	38	A	TCACC	ok	False
chr3	3443276	3443277	+	0.11424	delta_sum_err	48	A	CTAGT	ok	False
chr3	3502249	3502250	+	0.1807	delta_sum_err	193	A	GGAAA	ok	False
chr3	3502269	3502270	+	0.13136	delta_sum_err	225	A	CGATA	ok	False
chr3	3502293	3502294	+	0.12466	delta_sum_err	82	A	ACATT	ok	False
chr3	3579923	3579924	+	0.11667	delta_sum_err	123	A	TCACT	ok	False
chr3	3580225	3580226	+	0.13138	delta_sum_err	79	A	AGAAA	ok	False
chr3	3580392	3580393	+	0.37823	delta_sum_err	120	A	TTAAA	ok	False
chr3	366256	366257	+	0.11559	delta_sum_err	96	A	TTAAC	ok	False
chr3	366280	366281	+	0.14783	delta_sum_err	108	A	TCAGG	ok	False
chr3	366922	366923	+	0.14691	delta_sum_err	83	A	ACATT	ok	False
chr3	368245	368246	+	0.12158	delta_sum_err	105	A	CCAAC	ok	False
chr3	368246	368247	+	0.13747	delta_sum_err	121	A	CAACC	ok	False
chr3	368285	368286	+	0.19827	delta_sum_err	164	A	CCAGC	ok	False
chr3	3920908	3920909	+	0.12026	delta_sum_err	84	A	GTACA	ok	False
chr3	3920939	3920940	+	0.15404	delta_sum_err	97	A	TCATA	ok	False
chr3	3942353	3942354	+	0.12297	delta_sum_err	98	A	CGAAG	ok	False
chr3	3943082	3943083	+	0.11911	delta_sum_err	98	A	GCAAA	ok	False
chr3	3943720	3943721	+	0.15244	delta_sum_err	136	A	AAACC	ok	True
chr3	405532	405533	+	0.1446	delta_sum_err	130	A	GAACC	ok	True
chr3	4392750	4392751	+	0.1406	delta_sum_err	166	A	TGAAC	ok	False
chr3	4435204	4435205	+	0.38218	delta_sum_err	66	A	GTAAA	ok	False
chr3	4435205	4435206	+	0.18181	delta_sum_err	112	A	TAAAC	ok	False
chr3	4435206	4435207	+	0.14835	delta_sum_err	112	A	AAACA	ok	True
chr3	4435208	4435209	+	0.20413	delta_sum_err	73	A	ACATT	ok	False
chr3	4435222	4435223	+	0.15833	delta_sum_err	108	A	AGACT	ok	True
chr3	4435254	4435255	+	0.21099	delta_sum_err	93	A	AGAAC	ok	False
chr3	4435257	4435258	+	0.11764	delta_sum_err	102	A	ACACA	ok	False
chr3	4729877	4729878	+	0.14017	delta_sum_err	153	A	TAATA	ok	False
chr3	482030	482031	+	0.21564	delta_sum_err	45	A	TCAAA	ok	False
chr3	4820878	4820879	+	0.18949	delta_sum_err	727	A	CAAAA	ok	False
chr3	4824007	4824008	+	0.22296	delta_sum_err	1801	A	TCAAG	ok	False
chr3	4824008	4824009	+	0.22524	delta_sum_err	1968	A	CAAGA	ok	False
chr3	482493	482494	+	0.17964	delta_sum_err	48	A	AGAAA	ok	False
chr3	482508	482509	+	0.14434	delta_sum_err	65	A	CAACC	ok	False
chr3	482642	482643	+	0.11587	delta_sum_err	63	A	CAAAA	ok	False
chr3	482974	482975	+	0.1679	delta_sum_err	63	A	ACATT	ok	False
chr3	483523	483524	+	0.12282	delta_sum_err	89	A	GCAGC	ok	False
chr3	4924976	4924977	+	0.12427	delta_sum_err	34	A	GCATC	ok	False
chr3	4925352	4925353	+	0.13043	delta_sum_err	41	A	TTACA	ok	False
chr3	4925379	4925380	+	0.15217	delta_sum_err	43	A	TCACC	ok	False
chr3	4925382	4925383	+	0.13044	delta_sum_err	34	A	CCATA	ok	False
chr3	4925484	4925485	+	0.13044	delta_sum_err	42	A	TTAGT	ok	False
chr3	4925499	4925500	+	0.17391	delta_sum_err	45	A	ATAAA	ok	False
chr3	4925894	4925895	+	0.1152	delta_sum_err	41	A	GGATA	ok	False
chr3	4926079	4926080	+	0.15695	delta_sum_err	47	A	CTAGA	ok	False
chr3	4926400	4926401	+	0.14457	delta_sum_err	50	A	TCAAA	ok	False
chr3	4926526	4926527	+	0.11375	delta_sum_err	63	A	CCAGT	ok	False
chr3	4926556	4926557	+	0.11641	delta_sum_err	52	A	AAAGA	ok	False
chr3	4926624	4926625	+	0.12028	delta_sum_err	62	A	CCAAC	ok	False
chr3	4926680	4926681	+	0.19643	delta_sum_err	56	A	TCAAA	ok	False
chr3	4926762	4926763	+	0.11608	delta_sum_err	63	A	AAATT	ok	False
chr3	4926932	4926933	+	0.1163	delta_sum_err	42	A	ACAAA	ok	False
chr3	4938602	4938603	+	0.12952	delta_sum_err	76	A	AAACG	ok	False
chr3	5022862	5022863	+	0.24572	delta_sum_err	106	A	ATATG	ok	False
chr3	5022886	5022887	+	0.12419	delta_sum_err	107	A	CAAAC	ok	False
chr3	5332443	5332444	+	0.12952	delta_sum_err	56	A	TAACA	ok	True
chr3	5332445	5332446	+	0.117	delta_sum_err	65	A	ACATC	ok	False
chr3	5332454	5332455	+	0.12711	delta_sum_err	55	A	ATAGG	ok	False
chr3	5332896	5332897	+	0.16301	delta_sum_err	72	A	TTACA	ok	False
chr3	5333692	5333693	+	0.23895	delta_sum_err	106	A	GGACT	ok	True
chr3	542384	542385	+	0.14096	delta_sum_err	302	A	GCACC	ok	False
chr3	542548	542549	+	0.14324	delta_sum_err	285	A	TGAAA	ok	False
chr3	5557924	5557925	+	0.15974	delta_sum_err	189	A	TCAAA	ok	False
chr3	5567427	5567428	+	0.12051	delta_sum_err	139	A	GCATA	ok	False
chr3	5594320	5594321	+	0.14698	delta_sum_err	89	A	CTAAA	ok	False
chr3	5645026	5645027	+	0.12234	delta_sum_err	100	A	ACATC	ok	False
chr3	5677662	5677663	+	0.2647	delta_sum_err	30	A	CCACC	ok	False
chr3	5706256	5706257	+	0.21818	delta_sum_err	91	A	TTATA	ok	False
chr3	5706772	5706773	+	0.16901	delta_sum_err	103	A	GAAAA	ok	False
chr3	5882443	5882444	+	0.12529	delta_sum_err	122	A	TGAAA	ok	False
chr3	5882744	5882745	+	0.13705	delta_sum_err	123	A	TTACA	ok	False
chr3	605227	605228	+	0.13846	delta_sum_err	66	A	GGAAG	ok	False
chr3	605294	605295	+	0.13295	delta_sum_err	67	A	GTAAT	ok	False
chr3	605302	605303	+	0.1173	delta_sum_err	61	A	CTACT	ok	False
chr3	6267638	6267639	+	0.13112	delta_sum_err	81	A	ATATT	ok	False
chr3	6453932	6453933	+	0.22879	delta_sum_err	782	A	AAAGA	ok	False
chr3	6475825	6475826	+	0.13036	delta_sum_err	219	A	GTATT	ok	False
chr3	6774238	6774239	+	0.1389	delta_sum_err	43	A	TTAAG	ok	False
chr3	6774275	6774276	+	0.11944	delta_sum_err	34	A	CTACT	ok	False
chr3	6774288	6774289	+	0.21649	delta_sum_err	38	A	ATACA	ok	False
chr3	6877270	6877271	+	0.12301	delta_sum_err	109	A	CGAAA	ok	False
chr3	6877520	6877521	+	0.17515	delta_sum_err	84	A	TTAAA	ok	False
chr3	6877562	6877563	+	0.18768	delta_sum_err	71	A	ATAAA	ok	False
chr3	7282053	7282054	+	0.13146	delta_sum_err	121	A	TCATT	ok	False
chr3	7282060	7282061	+	0.12858	delta_sum_err	110	A	AGACA	ok	True
chr3	7282092	7282093	+	0.20108	delta_sum_err	65	A	TAAAA	ok	False
chr3	7282093	7282094	+	0.26071	delta_sum_err	90	A	AAAAA	ok	False
chr3	7838267	7838268	+	0.11801	delta_sum_err	87	A	TCAAG	ok	False
chr3	7838442	7838443	+	0.12097	delta_sum_err	68	A	ATAAA	ok	False
chr3	7838832	7838833	+	0.13167	delta_sum_err	91	A	GTAAA	ok	False
chr3	7962045	7962046	+	0.14761	delta_sum_err	90	A	TAACT	ok	True
chr3	7962090	7962091	+	0.11538	delta_sum_err	103	A	TTAAT	ok	False
chr3	8376298	8376299	+	0.22073	delta_sum_err	502	A	ATAAG	ok	False
chr3	8376299	8376300	+	0.13896	delta_sum_err	569	A	TAAGA	ok	False
chr3	8473872	8473873	+	0.14513	delta_sum_err	191	A	TAACC	ok	True
chr3	8475727	8475728	+	0.23812	delta_sum_err	139	A	GCAAA	ok	False
chr3	8603526	8603527	+	0.19114	delta_sum_err	32	A	TCAAA	ok	False
chr3	8603582	8603583	+	0.19575	delta_sum_err	58	A	AGAAC	ok	False
chr3	8603602	8603603	+	0.2009	delta_sum_err	52	A	ACACA	ok	False
chr3	8604027	8604028	+	0.12118	delta_sum_err	56	A	TCACT	ok	False
chr3	8604442	8604443	+	0.12061	delta_sum_err	72	A	CCAAG	ok	False
chr3	8605237	8605238	+	0.19754	delta_sum_err	66	A	TTATA	ok	False
chr3	87082	87083	+	0.13887	delta_sum_err	240	A	TCAAC	ok	False
chr3	8728635	8728636	+	0.17211	delta_sum_err	109	A	AGAAA	ok	False
chr3	8728998	8728999	+	0.15296	delta_sum_err	93	A	CTATA	ok	False
chr3	8729207	8729208	+	0.11377	delta_sum_err	77	A	GTATA	ok	False
chr3	8729233	8729234	+	0.33005	delta_sum_err	101	A	CGACT	ok	False
chr3	8729290	8729291	+	0.19048	delta_sum_err	80	A	AGACC	ok	True
chr3	8746822	8746823	+	0.18139	delta_sum_err	76	A	TGAAA	ok	False
chr3	8747352	8747353	+	0.12794	delta_sum_err	96	A	GGACC	ok	True
chr3	9357223	9357224	+	0.13729	delta_sum_err	91	A	CGATA	ok	False
chr3	9357263	9357264	+	0.13208	delta_sum_err	104	A	ATACT	ok	False
chr3	9525557	9525558	+	0.13902	delta_sum_err	162	A	TCAAA	ok	False
chr3	9525558	9525559	+	0.16918	delta_sum_err	231	A	CAAAA	ok	False
chr3	9525559	9525560	+	0.12862	delta_sum_err	261	A	AAAAA	ok	False
chr3	9528246	9528247	+	0.15864	delta_sum_err	200	A	ACAAC	ok	False
chr3	9528282	9528283	+	0.16457	delta_sum_err	159	A	CTAAC	ok	False
chr3	9528283	9528284	+	0.14133	delta_sum_err	189	A	TAACA	ok	True
chr3	9528287	9528288	+	0.14917	delta_sum_err	195	A	ATAAG	ok	False
chr3	9673256	9673257	+	0.13543	delta_sum_err	97	A	ATAGC	ok	False
chr3	9673293	9673294	+	0.17021	delta_sum_err	85	A	CTAAA	ok	False
chr3	9673295	9673296	+	0.11616	delta_sum_err	91	A	AAACT	ok	True
chr3	9673382	9673383	+	0.13454	delta_sum_err	81	A	AGACA	ok	True
chr3	9757442	9757443	+	0.12673	delta_sum_err	116	A	CTATA	ok	False
chr3	9757872	9757873	+	0.121	delta_sum_err	126	A	CCAAC	ok	False
chr3	9827897	9827898	+	0.11964	delta_sum_err	72	A	CTATT	ok	False
chr3	9827959	9827960	+	0.11535	delta_sum_err	61	A	GCAAC	ok	False
chr3	9828226	9828227	+	0.15629	delta_sum_err	65	A	ATACA	ok	False
chr3	9828444	9828445	+	0.12099	delta_sum_err	35	A	TCAAA	ok	False
chr3	9990254	9990255	+	0.13933	delta_sum_err	147	A	TGAAA	ok	False
chr3	9990259	9990260	+	0.11375	delta_sum_err	158	A	GCATC	ok	False
chr4	2325458	2325459	+	0.14592	delta_sum_err	83	A	GTAGC	ok	False
chr4	2325499	2325500	+	0.16761	delta_sum_err	93	A	GGATT	ok	False
chr4	2325758	2325759	+	0.11786	delta_sum_err	98	A	TTAGT	ok	False
chr4	2325937	2325938	+	0.12637	delta_sum_err	50	A	CGAAA	ok	False
chr4	2325986	2325987	+	0.13162	delta_sum_err	108	A	TTACT	ok	False
chr4	2326295	2326296	+	0.11859	delta_sum_err	120	A	ACAAA	ok	False
chr4	2445928	2445929	+	0.16126	delta_sum_err	162	A	AGAAA	ok	False
chr4	2446799	2446800	+	0.13184	delta_sum_err	298	A	CCAAC	ok	False
chr4	2446984	2446985	+	0.22125	delta_sum_err	307	A	ATAAG	ok	False
chr4	2446985	2446986	+	0.18232	delta_sum_err	340	A	TAAGA	ok	False
chr4	2662283	2662284	+	0.11602	delta_sum_err	51	A	TCATA	ok	False
chr4	2662445	2662446	+	0.22064	delta_sum_err	36	A	ATACC	ok	False
chr4	2662592	2662593	+	0.18827	delta_sum_err	46	A	TCACA	ok	False
chr4	2662594	2662595	+	0.23591	delta_sum_err	51	A	ACACT	ok	False
chr4	2662623	2662624	+	0.12457	delta_sum_err	56	A	GAACA	ok	True
chr4	2662643	2662644	+	0.17281	delta_sum_err	52	A	CGAAA	ok	False
chr4	2662702	2662703	+	0.11667	delta_sum_err	57	A	TTATC	ok	False
chr4	2662705	2662706	+	0.13772	delta_sum_err	46	A	TCACA	ok	False
chr4	2662728	2662729	+	0.15513	delta_sum_err	42	A	TCATT	ok	False
chr4	2662835	2662836	+	0.19519	delta_sum_err	46	A	TGAAC	ok	False
chr4	382423	382424	+	0.14164	delta_sum_err	154	A	CCAAA	ok	False
chr4	38266	38267	+	0.1625	delta_sum_err	439	A	AGAAT	ok	False
chr4	458294	458295	+	0.12518	delta_sum_err	285	A	GAACT	ok	True
chr4	458332	458333	+	0.13304	delta_sum_err	266	A	GGACT	ok	True
chr4	5230356	5230357	+	0.11701	delta_sum_err	86	A	CGATA	ok	False
chr4	5230435	5230436	+	0.1346	delta_sum_err	100	A	AAACA	ok	True
chr4	5230534	5230535	+	0.12	delta_sum_err	102	A	TGATT	ok	False
chr4	5230975	5230976	+	0.1609	delta_sum_err	97	A	TAACT	ok	True
chr4	5230982	5230983	+	0.26609	delta_sum_err	99	A	GAATC	ok	False
chr4	5725247	5725248	+	0.12649	delta_sum_err	35	A	CAACC	ok	False
chr4	5725434	5725435	+	0.19887	delta_sum_err	42	A	ATATT	ok	False
chr4	5725443	5725444	+	0.11931	delta_sum_err	45	A	TGAAA	ok	False
chr4	5725553	5725554	+	0.14706	delta_sum_err	36	A	TGAGA	ok	False
chr4	5725754	5725755	+	0.12059	delta_sum_err	44	A	GCATA	ok	False
chr4	5725870	5725871	+	0.17386	delta_sum_err	55	A	GCACC	ok	False
chr4	5725936	5725937	+	0.11936	delta_sum_err	56	A	GGATT	ok	False
chr4	5726368	5726369	+	0.16666	delta_sum_err	55	A	TCAAC	ok	False
chr4	5726924	5726925	+	0.33568	delta_sum_err	54	A	GCAAA	ok	False
chr4	5727097	5727098	+	0.12501	delta_sum_err	67	A	ATACA	ok	False
chr4	5740328	5740329	+	0.12646	delta_sum_err	80	A	ACAAA	ok	False
chr4	5775429	5775430	+	0.22462	delta_sum_err	158	A	ATACA	ok	False
chr4	5792595	5792596	+	0.18395	delta_sum_err	31	A	TTAGC	ok	False
chr4	5924398	5924399	+	0.27135	delta_sum_err	960	A	CGACA	ok	False
chr4	5924476	5924477	+	0.12795	delta_sum_err	145	A	ACATA	ok	False
chr4	6277479	6277480	+	0.13905	delta_sum_err	84	A	GGAGA	ok	False
chr4	6278202	6278203	+	0.12584	delta_sum_err	53	A	ACAAA	ok	False
chr4	6278333	6278334	+	0.12543	delta_sum_err	80	A	ATAAA	ok	False
chr4	6278362	6278363	+	0.31386	delta_sum_err	62	A	TGAAC	ok	False
chr4	6278465	6278466	+	0.14196	delta_sum_err	74	A	CTAAG	ok	False
chr4	6278468	6278469	+	0.14474	delta_sum_err	68	A	AGAAC	ok	False
chr4	6385925	6385926	+	0.11612	delta_sum_err	219	A	ATAAA	ok	False
chr4	6385929	6385930	+	0.11611	delta_sum_err	205	A	ACATT	ok	False
chr4	6385992	6385993	+	0.19714	delta_sum_err	235	A	GGACT	ok	True
chr4	6386072	6386073	+	0.15161	delta_sum_err	180	A	TCATA	ok	False
chr4	697082	697083	+	0.27553	delta_sum_err	72	A	ATAAA	ok	False
chr4	697092	697093	+	0.18005	delta_sum_err	98	A	CAACT	ok	False
chr4	7004532	7004533	+	0.11896	delta_sum_err	57	A	TTACT	ok	False
chr4	7004742	7004743	+	0.11439	delta_sum_err	67	A	TCATG	ok	False
chr4	7005926	7005927	+	0.12596	delta_sum_err	103	A	TCACA	ok	False
chr4	730062	730063	+	0.14286	delta_sum_err	42	A	TCAAA	ok	False
chr4	730222	730223	+	0.12636	delta_sum_err	63	A	ACATT	ok	False
chr4	730256	730257	+	0.20358	delta_sum_err	48	A	GGAAG	ok	False
chr4	730257	730258	+	0.18873	delta_sum_err	49	A	GAAGA	ok	False
chr4	732367	732368	+	0.16106	delta_sum_err	93	A	CAAAC	ok	False
chr4	7843220	7843221	+	0.11667	delta_sum_err	53	A	CTAGA	ok	False
chr4	7846279	7846280	+	0.13813	delta_sum_err	112	A	GGAGG	ok	False
chr4	7846429	7846430	+	0.12887	delta_sum_err	113	A	TCACG	ok	False
chr4	7864562	7864563	+	0.12867	delta_sum_err	180	A	GAAGG	ok	False
chr4	7925052	7925053	+	0.51317	delta_sum_err	389	A	GTAGA	ok	False
chr4	7925080	7925081	+	0.17476	delta_sum_err	421	A	TTAGA	ok	False
chr4	8844742	8844743	+	0.20819	delta_sum_err	67	A	ACATT	ok	False
chr4	8845092	8845093	+	0.14081	delta_sum_err	76	A	ATACA	ok	False
chr4	8845626	8845627	+	0.18155	delta_sum_err	96	A	TTAAA	ok	False
chr4	8845672	8845673	+	0.23758	delta_sum_err	71	A	TCAAA	ok	False
chr4	8884203	8884204	+	0.11838	delta_sum_err	49	A	TCAAA	ok	False
chr4	8884259	8884260	+	0.14612	delta_sum_err	85	A	CCAAA	ok	False
chr4	8884273	8884274	+	0.1514	delta_sum_err	72	A	TCAAC	ok	False
chr4	8884292	8884293	+	0.17669	delta_sum_err	83	A	CAACT	ok	False
chr4	8885502	8885503	+	0.11599	delta_sum_err	120	A	TTAGT	ok	False
chr4	8887253	8887254	+	0.11982	delta_sum_err	217	A	TGAGA	ok	False
chr4	8985322	8985323	+	0.14292	delta_sum_err	81	A	TTATA	ok	False
chr4	9029369	9029370	+	0.12451	delta_sum_err	175	A	GTAAA	ok	False
chr4	922026	922027	+	0.12875	delta_sum_err	84	A	CTAAG	ok	False
chr4	922283	922284	+	0.17749	delta_sum_err	95	A	CAAAA	ok	False
chr4	922300	922301	+	0.11376	delta_sum_err	94	A	GCACT	ok	False
chr4	922580	922581	+	0.13255	delta_sum_err	106	A	TAAGC	ok	False
chr4	922652	922653	+	0.17375	delta_sum_err	63	A	AGAAA	ok	False
chr4	922662	922663	+	0.21926	delta_sum_err	69	A	TTAAA	ok	False
chr4	922663	922664	+	0.187	delta_sum_err	98	A	TAAAC	ok	False
chr4	922664	922665	+	0.28385	delta_sum_err	97	A	AAACC	ok	True
chr4	9255300	9255301	+	0.12084	delta_sum_err	56	A	ATAAG	ok	False
chr4	9255358	9255359	+	0.13542	delta_sum_err	60	A	GTAGT	ok	False
chr4	9255406	9255407	+	0.1375	delta_sum_err	60	A	CGATA	ok	False
chr4	9255432	9255433	+	0.12193	delta_sum_err	60	A	CCACC	ok	False
chr4	9255465	9255466	+	0.11629	delta_sum_err	60	A	CCACC	ok	False
chr4	9255565	9255566	+	0.22294	delta_sum_err	63	A	CCAAA	ok	False
chr4	9255593	9255594	+	0.11567	delta_sum_err	58	A	CGAAA	ok	False
chr4	9255797	9255798	+	0.1208	delta_sum_err	72	A	ATATG	ok	False
chr4	9280549	9280550	+	0.12204	delta_sum_err	367	A	TTAGT	ok	False
chr4	9280697	9280698	+	0.19972	delta_sum_err	300	A	TGAGA	ok	False
chr4	9700232	9700233	+	0.11698	delta_sum_err	383	A	CCACA	ok	False
chr4	9929242	9929243	+	0.12702	delta_sum_err	72	A	TAACT	ok	True
chr4	9929332	9929333	+	0.12863	delta_sum_err	70	A	TAACT	ok	True
chr4	9929375	9929376	+	0.15373	delta_sum_err	37	A	AGAAA	ok	False
chr4	9929403	9929404	+	0.17804	delta_sum_err	44	A	TTAAA	ok	False
chr4	9929443	9929444	+	0.15771	delta_sum_err	70	A	ATAAG	ok	False
chr5	20303559	20303560	+	0.16034	delta_sum_err	92	A	ACAAA	ok	False
chr5	20303622	20303623	+	0.17662	delta_sum_err	115	A	CAACC	ok	False
chr5	20303640	20303641	+	0.13361	delta_sum_err	134	A	GTATG	ok	False
chr5	20303782	20303783	+	0.21477	delta_sum_err	144	A	TAACG	ok	False
chr5	20303788	20303789	+	0.18128	delta_sum_err	134	A	TGAAG	ok	False
chr5	20303949	20303950	+	0.12338	delta_sum_err	132	A	CTAAG	ok	False
chr5	20304542	20304543	+	0.12015	delta_sum_err	156	A	ACACA	ok	False
chr5	20304750	20304751	+	0.1467	delta_sum_err	112	A	TGAAA	ok	False
chr5	20305585	20305586	+	0.11851	delta_sum_err	137	A	TGAGA	ok	False
chr5	20305605	20305606	+	0.13281	delta_sum_err	208	A	ATAAC	ok	False
chr5	20305956	20305957	+	0.12771	delta_sum_err	271	A	CAAAG	ok	False
chr5	20306038	20306039	+	0.11492	delta_sum_err	222	A	AGAAA	ok	False
chr5	20692603	20692604	+	0.14481	delta_sum_err	132	A	CCACA	ok	False
chr5	20692984	20692985	+	0.14421	delta_sum_err	122	A	CAACA	ok	False
chr5	20693023	20693024	+	0.12192	delta_sum_err	115	A	GGAAA	ok	False
chr5	20693063	20693064	+	0.17947	delta_sum_err	113	A	TCACT	ok	False
chr5	20744652	20744653	+	0.12187	delta_sum_err	151	A	GGAAG	ok	False
chr5	20745400	20745401	+	0.20417	delta_sum_err	163	A	ATAAA	ok	False
chr5	20745402	20745403	+	0.13021	delta_sum_err	188	A	AAACA	ok	True
chr5	20745404	20745405	+	0.12793	delta_sum_err	151	A	ACATT	ok	False
chr5	20745426	20745427	+	0.12232	delta_sum_err	172	A	CCACT	ok	False
chr5	20745466	20745467	+	0.17832	delta_sum_err	96	A	CCAAA	ok	False
chr5	20936496	20936497	+	0.18519	delta_sum_err	46	A	CTACC	ok	False
chr5	20936552	20936553	+	0.13445	delta_sum_err	54	A	ACAAC	ok	False
chr5	20936597	20936598	+	0.13364	delta_sum_err	53	A	GTAGG	ok	False
chr5	20936609	20936610	+	0.16563	delta_sum_err	53	A	TCACC	ok	False
chr5	20936764	20936765	+	0.11746	delta_sum_err	49	A	ACAAA	ok	False
chr5	20937326	20937327	+	0.22309	delta_sum_err	57	A	GGACC	ok	True
chr5	20937370	20937371	+	0.25658	delta_sum_err	23	A	GTAAA	ok	False
chr5	2203904	2203905	+	0.11398	delta_sum_err	371	A	TCAAA	ok	False
chr5	22039532	22039533	+	0.11571	delta_sum_err	62	A	ACATT	ok	False
chr5	2203957	2203958	+	0.17129	delta_sum_err	425	A	GGATT	ok	False
chr5	22052296	22052297	+	0.13141	delta_sum_err	57	A	TCAGT	ok	False
chr5	22052887	22052888	+	0.15175	delta_sum_err	57	A	CTACC	ok	False
chr5	22053274	22053275	+	0.1166	delta_sum_err	53	A	GCATA	ok	False
chr5	22053276	22053277	+	0.23887	delta_sum_err	58	A	ATATC	ok	False
chr5	22053292	22053293	+	0.12348	delta_sum_err	57	A	ACATT	ok	False
chr5	22053348	22053349	+	0.13876	delta_sum_err	65	A	TTACG	ok	False
chr5	22053543	22053544	+	0.11556	delta_sum_err	62	A	TAACC	ok	True
chr5	22053549	22053550	+	0.14467	delta_sum_err	48	A	ATACA	ok	False
chr5	22053908	22053909	+	0.11941	delta_sum_err	60	A	CTACT	ok	False
chr5	22053924	22053925	+	0.14925	delta_sum_err	65	A	AAAAC	ok	False
chr5	22053925	22053926	+	0.26216	delta_sum_err	65	A	AAACT	ok	True
chr5	22053929	22053930	+	0.25144	delta_sum_err	52	A	TTAAC	ok	False
chr5	22053957	22053958	+	0.12937	delta_sum_err	47	A	ACAAA	ok	False
chr5	22053974	22053975	+	0.13287	delta_sum_err	44	A	GTAAA	ok	False
chr5	22053978	22053979	+	0.44172	delta_sum_err	34	A	ATAAA	ok	False
chr5	22086062	22086063	+	0.12957	delta_sum_err	28	A	ATAAA	ok	False
chr5	22086604	22086605	+	0.16974	delta_sum_err	61	A	TCAAA	ok	False
chr5	22087302	22087303	+	0.13043	delta_sum_err	78	A	GTATA	ok	False
chr5	22087533	22087534	+	0.13155	delta_sum_err	86	A	ACATG	ok	False
chr5	22087536	22087537	+	0.12766	delta_sum_err	91	A	TGAGA	ok	False
chr5	22087893	22087894	+	0.12042	delta_sum_err	93	A	CGAAC	ok	False
chr5	22087894	22087895	+	0.15647	delta_sum_err	100	A	GAACC	ok	True
chr5	22245053	22245054	+	0.15991	delta_sum_err	124	A	ACAAC	ok	False
chr5	22245665	22245666	+	0.1939	delta_sum_err	83	A	ATACT	ok	False
chr5	22245700	22245701	+	0.17563	delta_sum_err	109	A	ACATC	ok	False
chr5	22297343	22297344	+	0.1698	delta_sum_err	60	A	TCAAG	ok	False
chr5	22297570	22297571	+	0.19391	delta_sum_err	53	A	GGAAA	ok	False
chr5	22297697	22297698	+	0.12652	delta_sum_err	74	A	GCATG	ok	False
chr5	22297980	22297981	+	0.12437	delta_sum_err	74	A	TAATG	ok	False
chr5	22392436	22392437	+	0.12987	delta_sum_err	132	A	CCAGC	ok	False
chr5	22392799	22392800	+	0.12587	delta_sum_err	128	A	GTAAA	ok	False
chr5	22393295	22393296	+	0.12274	delta_sum_err	136	A	CTATC	ok	False
chr5	22393586	22393587	+	0.1696	delta_sum_err	167	A	CTACA	ok	False
chr5	22393986	22393987	+	0.17133	delta_sum_err	166	A	TTACC	ok	False
chr5	22394044	22394045	+	0.26268	delta_sum_err	124	A	GTACT	ok	False
chr5	22394060	22394061	+	0.12555	delta_sum_err	165	A	CGATG	ok	False
chr5	22394063	22394064	+	0.15356	delta_sum_err	156	A	TGACA	ok	True
chr5	22400488	22400489	+	0.125	delta_sum_err	124	A	GGAGC	ok	False
chr5	22400664	22400665	+	0.11607	delta_sum_err	121	A	ATACA	ok	False
chr5	22400683	22400684	+	0.12054	delta_sum_err	97	A	GCATA	ok	False
chr5	22400759	22400760	+	0.2015	delta_sum_err	121	A	TGATT	ok	False
chr5	22530348	22530349	+	0.17299	delta_sum_err	82	A	ATAAA	ok	False
chr5	22530366	22530367	+	0.12056	delta_sum_err	88	A	CCAAG	ok	False
chr5	22530393	22530394	+	0.13771	delta_sum_err	81	A	TTACA	ok	False
chr5	22530405	22530406	+	0.21679	delta_sum_err	86	A	TCACC	ok	False
chr5	22530839	22530840	+	0.14636	delta_sum_err	95	A	ATATT	ok	False
chr5	22530896	22530897	+	0.11746	delta_sum_err	87	A	TCATA	ok	False
chr5	22530906	22530907	+	0.15018	delta_sum_err	89	A	GCATT	ok	False
chr5	22604703	22604704	+	0.11836	delta_sum_err	117	A	GGAGG	ok	False
chr5	22604900	22604901	+	0.1259	delta_sum_err	111	A	TTACA	ok	False
chr5	22604969	22604970	+	0.17963	delta_sum_err	93	A	AAAAA	ok	False
chr5	22604970	22604971	+	0.11969	delta_sum_err	111	A	AAAAA	ok	False
chr5	22605095	22605096	+	0.17817	delta_sum_err	64	A	AAAAA	ok	False
chr5	22605096	22605097	+	0.15322	delta_sum_err	101	A	AAAAA	ok	False
chr5	226582	226583	+	0.17955	delta_sum_err	71	A	AGAGG	ok	False
chr5	226786	226787	+	0.16838	delta_sum_err	54	A	TTAAA	ok	False
chr5	226787	226788	+	0.24402	delta_sum_err	62	A	TAAAC	ok	False
chr5	226788	226789	+	0.11409	delta_sum_err	71	A	AAACC	ok	True
chr5	226799	226800	+	0.53011	delta_sum_err	32	A	CGACA	ok	False
chr5	22688840	22688841	+	0.18421	delta_sum_err	219	A	TCAGC	ok	False
chr5	22689473	22689474	+	0.15893	delta_sum_err	263	A	ATAAG	ok	False
chr5	22689474	22689475	+	0.17249	delta_sum_err	295	A	TAAGA	ok	False
chr5	22689504	22689505	+	0.1573	delta_sum_err	226	A	TTAAA	ok	False
chr5	22736063	22736064	+	0.20073	delta_sum_err	30	A	ACAAA	ok	False
chr5	22736064	22736065	+	0.19911	delta_sum_err	53	A	CAAAG	ok	False
chr5	22736304	22736305	+	0.15341	delta_sum_err	45	A	AGAAA	ok	False
chr5	22736783	22736784	+	0.20843	delta_sum_err	48	A	ATAAC	ok	False
chr5	22737042	22737043	+	0.11385	delta_sum_err	57	A	CTACC	ok	False
chr5	22737233	22737234	+	0.25267	delta_sum_err	53	A	AAATT	ok	False
chr5	23355647	23355648	+	0.12719	delta_sum_err	67	A	GTAAA	ok	False
chr5	23355652	23355653	+	0.15137	delta_sum_err	75	A	TCAGT	ok	False
chr5	23355656	23355657	+	0.14268	delta_sum_err	64	A	TTACC	ok	False
chr5	23355785	23355786	+	0.11966	delta_sum_err	59	A	TCACT	ok	False
chr5	23355868	23355869	+	0.15578	delta_sum_err	77	A	GAACG	ok	False
chr5	23356848	23356849	+	0.16104	delta_sum_err	81	A	TTACC	ok	False
chr5	23529672	23529673	+	0.14018	delta_sum_err	104	A	TCAAC	ok	False
chr5	23529890	23529891	+	0.17167	delta_sum_err	104	A	GCACC	ok	False
chr5	23529907	23529908	+	0.2093	delta_sum_err	61	A	CGAAA	ok	False
chr5	23529908	23529909	+	0.16625	delta_sum_err	93	A	GAAAA	ok	False
chr5	23529909	23529910	+	0.16035	delta_sum_err	98	A	AAAAA	ok	False
chr5	23529976	23529977	+	0.19652	delta_sum_err	93	A	GGACA	ok	True
chr5	23529978	23529979	+	0.15914	delta_sum_err	98	A	ACATT	ok	False
chr5	23530037	23530038	+	0.23572	delta_sum_err	74	A	AAACT	ok	True
chr5	23530072	23530073	+	0.12829	delta_sum_err	91	A	GTACT	ok	False
chr5	23559599	23559600	+	0.18123	delta_sum_err	91	A	CTACC	ok	False
chr5	2356406	2356407	+	0.15627	delta_sum_err	53	A	ACATC	ok	False
chr5	2357330	2357331	+	0.1187	delta_sum_err	52	A	TTACT	ok	False
chr5	2357775	2357776	+	0.12155	delta_sum_err	69	A	ATATC	ok	False
chr5	2357875	2357876	+	0.12633	delta_sum_err	39	A	GCAAA	ok	False
chr5	2357935	2357936	+	0.15689	delta_sum_err	82	A	CAACC	ok	False
chr5	23596779	23596780	+	0.16392	delta_sum_err	89	A	TTACA	ok	False
chr5	23596825	23596826	+	0.13113	delta_sum_err	70	A	CTAAA	ok	False
chr5	23620350	23620351	+	0.22532	delta_sum_err	274	A	TCAAG	ok	False
chr5	23620895	23620896	+	0.11664	delta_sum_err	321	A	TAATT	ok	False
chr5	23620930	23620931	+	0.65011	delta_sum_err	314	A	TTAGA	ok	False
chr5	23620948	23620949	+	0.54434	delta_sum_err	313	A	CTAGA	ok	False
chr5	23734377	23734378	+	0.12637	delta_sum_err	152	A	GTAAA	ok	False
chr5	23735546	23735547	+	0.12366	delta_sum_err	291	A	TCAAG	ok	False
chr5	24279979	24279980	+	0.16191	delta_sum_err	72	A	CTAAA	ok	False
chr5	24280934	24280935	+	0.11979	delta_sum_err	298	A	TTAAA	ok	False
chr5	24280935	24280936	+	0.11638	delta_sum_err	332	A	TAAAG	ok	False
chr5	24280936	24280937	+	0.11467	delta_sum_err	339	A	AAAGG	ok	False
chr5	24282307	24282308	+	0.14647	delta_sum_err	142	A	CCAAA	ok	False
chr5	24282308	24282309	+	0.16148	delta_sum_err	447	A	CAAAA	ok	False
chr5	24282353	24282354	+	0.13048	delta_sum_err	214	A	TGAAC	ok	False
chr5	24290722	24290723	+	0.1767	delta_sum_err	490	A	TTAAA	ok	False
chr5	24290772	24290773	+	0.14761	delta_sum_err	661	A	TGACT	ok	True
chr5	24290805	24290806	+	0.35142	delta_sum_err	553	A	TGAGA	ok	False
chr5	24290807	24290808	+	0.13014	delta_sum_err	660	A	AGACT	ok	True
chr5	24359500	24359501	+	0.11969	delta_sum_err	50	A	CGAAA	ok	False
chr5	24359752	24359753	+	0.12308	delta_sum_err	56	A	AAATA	ok	False
chr5	24359780	24359781	+	0.12528	delta_sum_err	62	A	TGAGA	ok	False
chr5	24360076	24360077	+	0.11565	delta_sum_err	67	A	TCAAG	ok	False
chr5	24360303	24360304	+	0.13158	delta_sum_err	70	A	ACAAG	ok	False
chr5	24360596	24360597	+	0.11681	delta_sum_err	53	A	GCAAA	ok	False
chr5	24360837	24360838	+	0.12717	delta_sum_err	68	A	TGAAA	ok	False
chr5	24363236	24363237	+	0.20507	delta_sum_err	154	A	ACATG	ok	False
chr5	24363395	24363396	+	0.21736	delta_sum_err	127	A	CCAAA	ok	False
chr5	24386383	24386384	+	0.2103	delta_sum_err	108	A	TCACC	ok	False
chr5	24386583	24386584	+	0.1203	delta_sum_err	137	A	CGAAG	ok	False
chr5	24783969	24783970	+	0.21157	delta_sum_err	70	A	AGATT	ok	False
chr5	24783973	24783974	+	0.20151	delta_sum_err	68	A	TCAAG	ok	False
chr5	24784480	24784481	+	0.13889	delta_sum_err	73	A	TGAAG	ok	False
chr5	24784757	24784758	+	0.1578	delta_sum_err	73	A	GTAAA	ok	False
chr5	24785264	24785265	+	0.13005	delta_sum_err	80	A	GTACT	ok	False
chr5	24785279	24785280	+	0.15456	delta_sum_err	86	A	TTAGA	ok	False
chr5	24785282	24785283	+	0.26983	delta_sum_err	89	A	GAACC	ok	True
chr5	25037449	25037450	+	0.14969	delta_sum_err	34	A	CTAAA	ok	False
chr5	25037454	25037455	+	0.125	delta_sum_err	38	A	ATAAT	ok	False
chr5	25037508	25037509	+	0.13333	delta_sum_err	34	A	GCAAA	ok	False
chr5	25037572	25037573	+	0.15082	delta_sum_err	49	A	CCACC	ok	False
chr5	25037632	25037633	+	0.12247	delta_sum_err	48	A	GCAAA	ok	False
chr5	25037866	25037867	+	0.12576	delta_sum_err	62	A	CCAAA	ok	False
chr5	25452593	25452594	+	0.12472	delta_sum_err	65	A	TAATT	ok	False
chr5	25452797	25452798	+	0.13461	delta_sum_err	53	A	GTACA	ok	False
chr5	25452929	25452930	+	0.1704	delta_sum_err	71	A	CCAGC	ok	False
chr5	25453036	25453037	+	0.11453	delta_sum_err	74	A	TAACT	ok	True
chr5	25453262	25453263	+	0.11625	delta_sum_err	75	A	GCAGG	ok	False
chr5	25453286	25453287	+	0.11646	delta_sum_err	74	A	CTAAA	ok	False
chr5	25453334	25453335	+	0.13292	delta_sum_err	86	A	CTAAC	ok	False
chr5	25453597	25453598	+	0.11666	delta_sum_err	88	A	TGAGA	ok	False
chr5	25453760	25453761	+	0.16627	delta_sum_err	71	A	TTAAG	ok	False
chr5	25489046	25489047	+	0.11983	delta_sum_err	77	A	GGAAA	ok	False
chr5	25489300	25489301	+	0.13298	delta_sum_err	84	A	TCATT	ok	False
chr5	25489303	25489304	+	0.11926	delta_sum_err	74	A	TTAAA	ok	False
chr5	25489356	25489357	+	0.13715	delta_sum_err	79	A	GGAAT	ok	False
chr5	25489380	25489381	+	0.25271	delta_sum_err	70	A	AGAGA	ok	False
chr5	25489382	25489383	+	0.14444	delta_sum_err	71	A	AGACT	ok	True
chr5	25704078	25704079	+	0.12193	delta_sum_err	87	A	TGAAA	ok	False
chr5	25704343	25704344	+	0.18464	delta_sum_err	107	A	TTACC	ok	False
chr5	25704389	25704390	+	0.15417	delta_sum_err	98	A	ATAAC	ok	False
chr5	25704424	25704425	+	0.11611	delta_sum_err	107	A	CGAAA	ok	False
chr5	25704559	25704560	+	0.19676	delta_sum_err	112	A	TCACC	ok	False
chr5	25704658	25704659	+	0.11471	delta_sum_err	107	A	TAACA	ok	True
chr5	25704807	25704808	+	0.12534	delta_sum_err	132	A	CTAGT	ok	False
chr5	25704982	25704983	+	0.11756	delta_sum_err	150	A	GCACG	ok	False
chr5	25704999	25705000	+	0.13547	delta_sum_err	91	A	TAAAA	ok	False
chr5	25722232	25722233	+	0.18183	delta_sum_err	41	A	TCACC	ok	False
chr5	25722388	25722389	+	0.15047	delta_sum_err	50	A	TTAAC	ok	False
chr5	25750269	25750270	+	0.19868	delta_sum_err	412	A	ATAAC	ok	False
chr5	25750270	25750271	+	0.187	delta_sum_err	485	A	TAACA	ok	True
chr5	25750288	25750289	+	0.15307	delta_sum_err	497	A	AGAAC	ok	False
chr5	25750334	25750335	+	0.29417	delta_sum_err	175	A	TTAAG	ok	False
chr5	25750335	25750336	+	0.28977	delta_sum_err	301	A	TAAGA	ok	False
chr5	2580562	2580563	+	0.20833	delta_sum_err	92	A	CCAAA	ok	False
chr5	2580598	2580599	+	0.15171	delta_sum_err	149	A	TCAGT	ok	False
chr5	2580655	2580656	+	0.16832	delta_sum_err	142	A	CCATG	ok	False
chr5	2580799	2580800	+	0.11726	delta_sum_err	153	A	GTATA	ok	False
chr5	2580832	2580833	+	0.17852	delta_sum_err	147	A	CCACC	ok	False
chr5	2580929	2580930	+	0.24547	delta_sum_err	99	A	TGACC	ok	True
chr5	2582277	2582278	+	0.29215	delta_sum_err	74	A	CTACA	ok	False
chr5	2582279	2582280	+	0.26961	delta_sum_err	59	A	ACAAA	ok	False
chr5	2582304	2582305	+	0.25713	delta_sum_err	113	A	AGAAA	ok	False
chr5	2582345	2582346	+	0.19328	delta_sum_err	134	A	TGAAC	ok	False
chr5	2582346	2582347	+	0.26415	delta_sum_err	153	A	GAACC	ok	True
chr5	25922090	25922091	+	0.11812	delta_sum_err	119	A	ACAGT	ok	False
chr5	25923250	25923251	+	0.37647	delta_sum_err	87	A	TTAGA	ok	False
chr5	25923252	25923253	+	0.19922	delta_sum_err	71	A	AGACA	ok	True
chr5	25949387	25949388	+	0.14924	delta_sum_err	78	A	AGAAA	ok	False
chr5	25949576	25949577	+	0.12174	delta_sum_err	101	A	CAAAA	ok	False
chr5	25949809	25949810	+	0.15196	delta_sum_err	101	A	AAAGG	ok	False
chr5	25952672	25952673	+	0.12535	delta_sum_err	208	A	CAATC	ok	False
chr5	25953672	25953673	+	0.1232	delta_sum_err	213	A	GTATA	ok	False
chr5	25953726	25953727	+	0.1352	delta_sum_err	222	A	TCAGC	ok	False
chr5	25953730	25953731	+	0.19218	delta_sum_err	186	A	CTACT	ok	False
chr5	25953734	25953735	+	0.20793	delta_sum_err	158	A	TCACT	ok	False
chr5	25953737	25953738	+	0.59135	delta_sum_err	211	A	CTAGA	ok	False
chr5	25969759	25969760	+	0.1755	delta_sum_err	66	A	ACAAC	ok	False
chr5	25970256	25970257	+	0.11393	delta_sum_err	70	A	TGAAA	ok	False
chr5	25970755	25970756	+	0.15691	delta_sum_err	71	A	GGAAA	ok	False
chr5	25972485	25972486	+	0.11458	delta_sum_err	160	A	ACAAG	ok	False
chr5	25972494	25972495	+	0.39978	delta_sum_err	146	A	GGACC	ok	True
chr5	25974422	25974423	+	0.13831	delta_sum_err	84	A	TCATA	ok	False
chr5	25975044	25975045	+	0.16112	delta_sum_err	78	A	CGAGA	ok	False
chr5	25975342	25975343	+	0.12049	delta_sum_err	101	A	TGAGA	ok	False
chr5	25975368	25975369	+	0.12388	delta_sum_err	92	A	ACAAA	ok	False
chr5	25975437	25975438	+	0.11622	delta_sum_err	101	A	GCATC	ok	False
chr5	25975634	25975635	+	0.29814	delta_sum_err	95	A	GCAAC	ok	False
chr5	26062582	26062583	+	0.14222	delta_sum_err	704	A	TGAAC	ok	False
chr5	26062638	26062639	+	0.13534	delta_sum_err	660	A	TTACA	ok	False
chr5	26254564	26254565	+	0.17252	delta_sum_err	80	A	ATAAC	ok	False
chr5	26254565	26254566	+	0.12772	delta_sum_err	82	A	TAACT	ok	True
chr5	26254883	26254884	+	0.14318	delta_sum_err	82	A	GAAAA	ok	False
chr5	26254926	26254927	+	0.17321	delta_sum_err	84	A	ACAAA	ok	False
chr5	26254979	26254980	+	0.14605	delta_sum_err	112	A	CAATA	ok	False
chr5	26255494	26255495	+	0.13449	delta_sum_err	125	A	TCAAG	ok	False
chr5	26256252	26256253	+	0.36721	delta_sum_err	147	A	TAAGA	ok	False
chr5	26297424	26297425	+	0.12097	delta_sum_err	29	A	GGAGA	ok	False
chr5	26297464	26297465	+	0.19729	delta_sum_err	39	A	CTAGT	ok	False
chr5	26297482	26297483	+	0.17961	delta_sum_err	41	A	CTAGT	ok	False
chr5	26297543	26297544	+	0.39494	delta_sum_err	46	A	TCACA	ok	False
chr5	26297545	26297546	+	0.15491	delta_sum_err	45	A	ACACT	ok	False
chr5	26297554	26297555	+	0.16024	delta_sum_err	43	A	TTAGG	ok	False
chr5	26297596	26297597	+	0.13542	delta_sum_err	43	A	ATAAA	ok	False
chr5	26297683	26297684	+	0.12059	delta_sum_err	48	A	TCAAG	ok	False
chr5	26297702	26297703	+	0.11999	delta_sum_err	45	A	TCAAC	ok	False
chr5	26297709	26297710	+	0.19109	delta_sum_err	48	A	TGATT	ok	False
chr5	26297787	26297788	+	0.13265	delta_sum_err	32	A	ATACT	ok	False
chr5	26297858	26297859	+	0.13984	delta_sum_err	42	A	CTATA	ok	False
chr5	26297870	26297871	+	0.14105	delta_sum_err	34	A	CTAGA	ok	False
chr5	26300059	26300060	+	0.12001	delta_sum_err	169	A	GCAAA	ok	False
chr5	26352026	26352027	+	0.12026	delta_sum_err	31	A	TTACA	ok	False
chr5	26352053	26352054	+	0.11742	delta_sum_err	28	A	CTAAA	ok	False
chr5	26352086	26352087	+	0.11931	delta_sum_err	31	A	ATACT	ok	False
chr5	26466392	26466393	+	0.17308	delta_sum_err	52	A	TCAGC	ok	False
chr5	26466622	26466623	+	0.12121	delta_sum_err	53	A	CCAGC	ok	False
chr5	26466738	26466739	+	0.14477	delta_sum_err	53	A	ATAGC	ok	False
chr5	26467308	26467309	+	0.1326	delta_sum_err	49	A	CTACA	ok	False
chr5	26467565	26467566	+	0.1201	delta_sum_err	53	A	TTACA	ok	False
chr5	26467940	26467941	+	0.13729	delta_sum_err	68	A	GTAAG	ok	False
chr5	26468059	26468060	+	0.11508	delta_sum_err	65	A	GTACA	ok	False
chr5	26468096	26468097	+	0.12402	delta_sum_err	66	A	TCATT	ok	False
chr5	26468256	26468257	+	0.53717	delta_sum_err	71	A	TCAGA	ok	False
chr5	26468282	26468283	+	0.28442	delta_sum_err	69	A	TAACT	ok	True
chr5	2666059	2666060	+	0.22214	delta_sum_err	141	A	CCACA	ok	False
chr5	2666674	2666675	+	0.12847	delta_sum_err	182	A	GCAGT	ok	False
chr5	26768522	26768523	+	0.18472	delta_sum_err	98	A	TTAAA	ok	False
chr5	26768607	26768608	+	0.13256	delta_sum_err	89	A	GTAAA	ok	False
chr5	26854272	26854273	+	0.19355	delta_sum_err	61	A	CAAGT	ok	False
chr5	26854400	26854401	+	0.24196	delta_sum_err	55	A	TCACT	ok	False
chr5	26854638	26854639	+	0.14993	delta_sum_err	61	A	CTACC	ok	False
chr5	26887052	26887053	+	0.1468	delta_sum_err	67	A	CCACC	ok	False
chr5	26887065	26887066	+	0.11429	delta_sum_err	63	A	GGAGA	ok	False
chr5	26958094	26958095	+	0.12979	delta_sum_err	217	A	TCAAA	ok	False
chr5	26959464	26959465	+	0.11422	delta_sum_err	282	A	AGAAC	ok	False
chr5	2825798	2825799	+	0.16702	delta_sum_err	70	A	CCAAA	ok	False
chr5	2825857	2825858	+	0.11951	delta_sum_err	72	A	CCATG	ok	False
chr5	2825902	2825903	+	0.19511	delta_sum_err	60	A	TCACC	ok	False
chr5	2825975	2825976	+	0.15238	delta_sum_err	71	A	GCAAA	ok	False
chr5	2826882	2826883	+	0.13801	delta_sum_err	87	A	AGAGG	ok	False
chr5	2826968	2826969	+	0.14471	delta_sum_err	82	A	TCATG	ok	False
chr5	2827387	2827388	+	0.18245	delta_sum_err	85	A	TCATT	ok	False
chr5	2828284	2828285	+	0.1265	delta_sum_err	144	A	TTACA	ok	False
chr5	2828490	2828491	+	0.38822	delta_sum_err	89	A	AGAAA	ok	False
chr5	2828568	2828569	+	0.11616	delta_sum_err	159	A	GTATT	ok	False
chr5	2828585	2828586	+	0.13789	delta_sum_err	116	A	TTAAG	ok	False
chr5	2828586	2828587	+	0.13022	delta_sum_err	133	A	TAAGG	ok	False
chr5	2868908	2868909	+	0.12005	delta_sum_err	92	A	TTACC	ok	False
chr5	289986	289987	+	0.11697	delta_sum_err	107	A	AGAGA	ok	False
chr5	289996	289997	+	0.2197	delta_sum_err	75	A	ATAGA	ok	False
chr5	290969	290970	+	0.13973	delta_sum_err	166	A	GCACA	ok	False
chr5	3053992	3053993	+	0.14121	delta_sum_err	130	A	CCAGA	ok	False
chr5	3054298	3054299	+	0.22136	delta_sum_err	148	A	TGAAC	ok	False
chr5	3054323	3054324	+	0.13019	delta_sum_err	209	A	TTATT	ok	False
chr5	3096292	3096293	+	0.12246	delta_sum_err	97	A	GAAGA	ok	False
chr5	3096828	3096829	+	0.14488	delta_sum_err	83	A	AGAGT	ok	False
chr5	3465294	3465295	+	0.14865	delta_sum_err	105	A	TCACC	ok	False
chr5	3556652	3556653	+	0.12607	delta_sum_err	116	A	GTAGC	ok	False
chr5	3556892	3556893	+	0.13	delta_sum_err	92	A	GGATT	ok	False
chr5	3645522	3645523	+	0.20953	delta_sum_err	81	A	CCAAA	ok	False
chr5	3646492	3646493	+	0.15988	delta_sum_err	105	A	GAAGA	ok	False
chr5	3756872	3756873	+	0.11813	delta_sum_err	52	A	GCACA	ok	False
chr5	3757052	3757053	+	0.163	delta_sum_err	50	A	ACAAA	ok	False
chr5	3757224	3757225	+	0.12926	delta_sum_err	61	A	GTACT	ok	False
chr5	3757242	3757243	+	0.11822	delta_sum_err	63	A	ACACA	ok	False
chr5	3757244	3757245	+	0.14188	delta_sum_err	63	A	ACATG	ok	False
chr5	426374	426375	+	0.11563	delta_sum_err	118	A	TCACT	ok	False
chr5	426948	426949	+	0.12334	delta_sum_err	275	A	GCACG	ok	False
chr5	4446882	4446883	+	0.18659	delta_sum_err	50	A	TAAGG	ok	False
chr5	4447250	4447251	+	0.1257	delta_sum_err	61	A	TCAAA	ok	False
chr5	4472375	4472376	+	0.14122	delta_sum_err	89	A	ACATA	ok	False
chr5	4472667	4472668	+	0.16982	delta_sum_err	89	A	TTACC	ok	False
chr5	4472725	4472726	+	0.1205	delta_sum_err	121	A	CCATT	ok	False
chr5	4472748	4472749	+	0.16943	delta_sum_err	116	A	GCATG	ok	False
chr5	4472768	4472769	+	0.11539	delta_sum_err	113	A	CTATA	ok	False
chr5	4472778	4472779	+	0.21155	delta_sum_err	103	A	GGACT	ok	True
chr5	4527004	4527005	+	0.16386	delta_sum_err	159	A	CAAAT	ok	False
chr5	4527005	4527006	+	0.18404	delta_sum_err	165	A	AAATC	ok	False
chr5	452726	452727	+	0.13272	delta_sum_err	202	A	CGAAA	ok	False
chr5	4528238	4528239	+	0.16446	delta_sum_err	181	A	GCAAG	ok	False
chr5	4528325	4528326	+	0.20946	delta_sum_err	188	A	AAACT	ok	True
chr5	4528332	4528333	+	0.17033	delta_sum_err	186	A	TAAGA	ok	False
chr5	4528338	4528339	+	0.1253	delta_sum_err	175	A	TTAGA	ok	False
chr5	4528342	4528343	+	0.53361	delta_sum_err	102	A	AGAAC	ok	False
chr5	4528343	4528344	+	0.30157	delta_sum_err	141	A	GAACA	ok	True
chr5	4528345	4528346	+	0.16355	delta_sum_err	168	A	ACACA	ok	False
chr5	4528373	4528374	+	0.19568	delta_sum_err	154	A	ACATA	ok	False
chr5	4528388	4528389	+	0.12426	delta_sum_err	161	A	AAAGA	ok	False
chr5	453022	453023	+	0.28992	delta_sum_err	235	A	CAAAC	ok	False
chr5	453023	453024	+	0.1942	delta_sum_err	231	A	AAACC	ok	True
chr5	4537352	4537353	+	0.11522	delta_sum_err	47	A	ACATA	ok	False
chr5	4537832	4537833	+	0.1142	delta_sum_err	50	A	TCAAT	ok	False
chr5	4538222	4538223	+	0.12366	delta_sum_err	47	A	GCAAG	ok	False
chr5	4538627	4538628	+	0.15143	delta_sum_err	60	A	ATAGG	ok	False
chr5	4538652	4538653	+	0.21177	delta_sum_err	48	A	TCATA	ok	False
chr5	4539072	4539073	+	0.13141	delta_sum_err	59	A	GGAAC	ok	False
chr5	4556382	4556383	+	0.15297	delta_sum_err	37	A	GGATA	ok	False
chr5	4557268	4557269	+	0.15531	delta_sum_err	44	A	CCAGC	ok	False
chr5	4578208	4578209	+	0.19254	delta_sum_err	133	A	ATAAA	ok	False
chr5	4604323	4604324	+	0.16169	delta_sum_err	47	A	TTACA	ok	False
chr5	4604325	4604326	+	0.20967	delta_sum_err	42	A	ACAAC	ok	False
chr5	4825284	4825285	+	0.34583	delta_sum_err	114	A	AGAAA	ok	False
chr5	4825364	4825365	+	0.14091	delta_sum_err	47	A	CTATA	ok	False
chr5	4848772	4848773	+	0.13032	delta_sum_err	71	A	TCATA	ok	False
chr5	4977862	4977863	+	0.11488	delta_sum_err	181	A	TTAAG	ok	False
chr5	5092343	5092344	+	0.1625	delta_sum_err	71	A	TGATC	ok	False
chr5	5092370	5092371	+	0.12303	delta_sum_err	76	A	CGAAG	ok	False
chr5	5093205	5093206	+	0.13355	delta_sum_err	64	A	ACATC	ok	False
chr5	5093245	5093246	+	0.1293	delta_sum_err	75	A	CAACA	ok	False
chr5	5093832	5093833	+	0.12886	delta_sum_err	78	A	GCAAA	ok	False
chr5	5094200	5094201	+	0.1686	delta_sum_err	92	A	TTACA	ok	False
chr5	5094202	5094203	+	0.1549	delta_sum_err	96	A	ACACA	ok	False
chr5	5094228	5094229	+	0.18182	delta_sum_err	97	A	GTACT	ok	False
chr5	5094288	5094289	+	0.27195	delta_sum_err	74	A	ATAAA	ok	False
chr5	5094290	5094291	+	0.14823	delta_sum_err	92	A	AAACA	ok	True
chr5	5227967	5227968	+	0.36294	delta_sum_err	23	A	CCAAA	ok	False
chr5	5228872	5228873	+	0.23529	delta_sum_err	83	A	TCAGA	ok	False
chr5	5229044	5229045	+	0.26792	delta_sum_err	33	A	ATAAA	ok	False
chr5	5229047	5229048	+	0.11938	delta_sum_err	76	A	AAACT	ok	True
chr5	5229055	5229056	+	0.14824	delta_sum_err	75	A	AGACC	ok	True
chr5	5270036	5270037	+	0.2052	delta_sum_err	392	A	ACAAT	ok	False
chr5	5270037	5270038	+	0.20355	delta_sum_err	407	A	CAATG	ok	False
chr5	5270040	5270041	+	0.15234	delta_sum_err	370	A	TGACT	ok	True
chr5	5272900	5272901	+	0.20421	delta_sum_err	21	A	ACAAA	ok	False
chr5	5273042	5273043	+	0.25462	delta_sum_err	34	A	CTACT	ok	False
chr5	5273095	5273096	+	0.19048	delta_sum_err	42	A	GGATC	ok	False
chr5	5273888	5273889	+	0.11395	delta_sum_err	48	A	GCAAC	ok	False
chr5	5273889	5273890	+	0.13944	delta_sum_err	51	A	CAACA	ok	False
chr5	5274490	5274491	+	0.11445	delta_sum_err	57	A	GTATG	ok	False
chr5	533529	533530	+	0.12367	delta_sum_err	403	A	CTAAA	ok	False
chr5	5379524	5379525	+	0.13347	delta_sum_err	192	A	GCAAA	ok	False
chr5	5484972	5484973	+	0.17313	delta_sum_err	30	A	GTAAA	ok	False
chr5	5652263	5652264	+	0.13096	delta_sum_err	53	A	TCAAA	ok	False
chr5	5652666	5652667	+	0.13693	delta_sum_err	82	A	TTAAT	ok	False
chr5	5658652	5658653	+	0.13125	delta_sum_err	41	A	AAACC	ok	True
chr5	5659220	5659221	+	0.12573	delta_sum_err	54	A	ATATA	ok	False
chr5	5686452	5686453	+	0.139	delta_sum_err	52	A	CGACA	ok	False
chr5	588294	588295	+	0.12569	delta_sum_err	285	A	GCATA	ok	False
chr5	588672	588673	+	0.26867	delta_sum_err	258	A	ACAAC	ok	False
chr5	5908262	5908263	+	0.15565	delta_sum_err	626	A	GGACC	ok	True
chr5	5939273	5939274	+	0.1567	delta_sum_err	468	A	TTAAA	ok	False
chr5	6220375	6220376	+	0.16882	delta_sum_err	95	A	ACAAA	ok	False
chr5	6220520	6220521	+	0.11649	delta_sum_err	78	A	GCAAA	ok	False
chr5	6220573	6220574	+	0.19716	delta_sum_err	83	A	ACATT	ok	False
chr5	634952	634953	+	0.21	delta_sum_err	252	A	TGAAC	ok	False
chr5	6425054	6425055	+	0.18067	delta_sum_err	198	A	TCACT	ok	False
chr5	6425840	6425841	+	0.14791	delta_sum_err	259	A	TAACA	ok	True
chr5	6470207	6470208	+	0.1282	delta_sum_err	44	A	TCAAT	ok	False
chr5	6470527	6470528	+	0.1673	delta_sum_err	23	A	CTAAA	ok	False
chr5	6470852	6470853	+	0.14371	delta_sum_err	47	A	TCACT	ok	False
chr5	6472520	6472521	+	0.14746	delta_sum_err	62	A	CTACC	ok	False
chr5	6472835	6472836	+	0.11414	delta_sum_err	59	A	CTACC	ok	False
chr5	648802	648803	+	0.17544	delta_sum_err	78	A	CAACC	ok	False
chr5	649632	649633	+	0.11763	delta_sum_err	80	A	AGATT	ok	False
chr5	649792	649793	+	0.2429	delta_sum_err	51	A	CAAAA	ok	False
chr5	6556882	6556883	+	0.19055	delta_sum_err	39	A	CGAAA	ok	False
chr5	6557032	6557033	+	0.12532	delta_sum_err	60	A	CCAAA	ok	False
chr5	6557255	6557256	+	0.12963	delta_sum_err	71	A	ACACC	ok	False
chr5	6557829	6557830	+	0.12694	delta_sum_err	83	A	CGAGC	ok	False
chr5	6597525	6597526	+	0.23633	delta_sum_err	45	A	TCATA	ok	False
chr5	6740892	6740893	+	0.11586	delta_sum_err	56	A	TTACT	ok	False
chr5	6834522	6834523	+	0.13607	delta_sum_err	58	A	CCACC	ok	False
chr5	6834552	6834553	+	0.30219	delta_sum_err	56	A	CGAGT	ok	False
chr5	6834929	6834930	+	0.14769	delta_sum_err	72	A	TCATA	ok	False
chr5	7092202	7092203	+	0.11737	delta_sum_err	89	A	GCAGA	ok	False
chr5	7092244	7092245	+	0.20601	delta_sum_err	48	A	GTAAA	ok	False
chr5	7092338	7092339	+	0.12757	delta_sum_err	89	A	CTAGA	ok	False
chr5	7092348	7092349	+	0.16892	delta_sum_err	74	A	CGAAG	ok	False
chr5	7222333	7222334	+	0.2173	delta_sum_err	98	A	CCACA	ok	False
chr5	7222875	7222876	+	0.1684	delta_sum_err	81	A	ACAAA	ok	False
chr5	7222896	7222897	+	0.13187	delta_sum_err	101	A	TGAAG	ok	False
chr5	7223502	7223503	+	0.12345	delta_sum_err	91	A	ACAAC	ok	False
chr5	7223503	7223504	+	0.24047	delta_sum_err	99	A	CAACA	ok	False
chr5	734264	734265	+	0.15778	delta_sum_err	44	A	ACAGG	ok	False
chr5	734282	734283	+	0.11565	delta_sum_err	48	A	ATAAC	ok	False
chr5	734327	734328	+	0.15028	delta_sum_err	51	A	ACATC	ok	False
chr5	7502759	7502760	+	0.14602	delta_sum_err	68	A	ATACA	ok	False
chr5	7503222	7503223	+	0.13445	delta_sum_err	115	A	TAACT	ok	True
chr5	7536237	7536238	+	0.14562	delta_sum_err	175	A	GAAGA	ok	False
chr5	7666238	7666239	+	0.13954	delta_sum_err	132	A	CCAAA	ok	False
chr5	7703223	7703224	+	0.18779	delta_sum_err	69	A	CCACC	ok	False
chr5	7705249	7705250	+	0.16707	delta_sum_err	56	A	GCAAC	ok	False
chr5	799042	799043	+	0.12493	delta_sum_err	140	A	CAACC	ok	False
chr5	8269389	8269390	+	0.12269	delta_sum_err	36	A	CTACA	ok	False
chr5	8269890	8269891	+	0.13585	delta_sum_err	47	A	CCAAA	ok	False
chr5	8269898	8269899	+	0.15302	delta_sum_err	43	A	TGAAA	ok	False
chr5	8269984	8269985	+	0.17982	delta_sum_err	53	A	TCACA	ok	False
chr5	8270737	8270738	+	0.16391	delta_sum_err	56	A	ATAAA	ok	False
chr5	8270792	8270793	+	0.16616	delta_sum_err	54	A	GGAAA	ok	False
chr5	8270984	8270985	+	0.11376	delta_sum_err	52	A	TTAAA	ok	False
chr5	8365726	8365727	+	0.18468	delta_sum_err	111	A	TCACC	ok	False
chr5	8367228	8367229	+	0.12106	delta_sum_err	181	A	TTACC	ok	False
chr5	8367256	8367257	+	0.15499	delta_sum_err	138	A	ATAAA	ok	False
chr5	8438720	8438721	+	0.1776	delta_sum_err	74	A	ACATC	ok	False
chr5	862660	862661	+	0.12879	delta_sum_err	120	A	ACATC	ok	False
chr5	863208	863209	+	0.13361	delta_sum_err	140	A	ACATC	ok	False
chr5	863932	863933	+	0.12981	delta_sum_err	151	A	CAAGG	ok	False
chr5	865529	865530	+	0.14294	delta_sum_err	117	A	ATAAA	ok	False
chr5	865624	865625	+	0.21821	delta_sum_err	90	A	TGAAA	ok	False
chr5	883723	883724	+	0.13091	delta_sum_err	71	A	TCATC	ok	False
chr5	883726	883727	+	0.12415	delta_sum_err	71	A	TCAAG	ok	False
chr5	884235	884236	+	0.11966	delta_sum_err	78	A	CTATC	ok	False
chr5	884926	884927	+	0.15164	delta_sum_err	88	A	GCAAA	ok	False
chr5	885322	885323	+	0.13019	delta_sum_err	90	A	TAATT	ok	False
chr5	9072765	9072766	+	0.14325	delta_sum_err	183	A	TGAAG	ok	False
chr5	9074624	9074625	+	0.14201	delta_sum_err	252	A	TTACA	ok	False
chr5	9208733	9208734	+	0.15108	delta_sum_err	73	A	TCAAA	ok	False
chr5	9209752	9209753	+	0.1325	delta_sum_err	162	A	AGAAA	ok	False
chr5	9209760	9209761	+	0.11969	delta_sum_err	152	A	ACATT	ok	False
chr5	9209977	9209978	+	0.12279	delta_sum_err	166	A	TTAAC	ok	False
chr5	9648932	9648933	+	0.13092	delta_sum_err	62	A	TCATA	ok	False
chr5	9653392	9653393	+	0.1508	delta_sum_err	109	A	GCAAC	ok	False
chr5	9654248	9654249	+	0.11659	delta_sum_err	130	A	ACAAG	ok	False
chr5	9837276	9837277	+	0.18387	delta_sum_err	248	A	CCAAA	ok	False
chr1	20037511	20037512	+	0.11328	delta_sum_err	172	A	CGACA	ok	False
chr1	20135864	20135865	+	0.11339	delta_sum_err	39	A	AGAGG	ok	False
chr1	22053137	22053138	+	0.11341	delta_sum_err	90	A	ATATC	ok	False
chr1	23789987	23789988	+	0.11341	delta_sum_err	151	A	CTAGT	ok	False
chr1	26233951	26233952	+	0.11292	delta_sum_err	130	A	TGAAG	ok	False
chr1	27787713	27787714	+	0.11328	delta_sum_err	450	A	CAAAG	ok	False
chr1	28684836	28684837	+	0.11338	delta_sum_err	143	A	ACATC	ok	False
chr1	293553	293554	+	0.1131	delta_sum_err	81	A	CAACT	ok	False
chr1	293569	293570	+	0.1131	delta_sum_err	81	A	GGATA	ok	False
chr1	29803678	29803679	+	0.11298	delta_sum_err	88	A	TGAAA	ok	False
chr1	30242795	30242796	+	0.11333	delta_sum_err	142	A	TCATG	ok	False
chr1	4839958	4839959	+	0.11275	delta_sum_err	147	A	CAACC	ok	False
chr1	5623916	5623917	+	0.1134	delta_sum_err	87	A	GTAAG	ok	False
chr1	5890358	5890359	+	0.11333	delta_sum_err	139	A	ACAAT	ok	False
chr1	6149347	6149348	+	0.11339	delta_sum_err	122	A	TCATC	ok	False
chr1	7375145	7375146	+	0.11293	delta_sum_err	69	A	GAATT	ok	False
chr2	14562413	14562414	+	0.11303	delta_sum_err	107	A	CAACC	ok	False
chr2	14709143	14709144	+	0.11285	delta_sum_err	207	A	TAACT	ok	True
chr2	2324773	2324774	+	0.11355	delta_sum_err	135	A	ATAAC	ok	False
chr2	8227300	8227301	+	0.11371	delta_sum_err	134	A	CGAAA	ok	False
chr3	10018963	10018964	+	0.11289	delta_sum_err	412	A	TAACT	ok	True
chr3	1034706	1034707	+	0.1131	delta_sum_err	98	A	GCATT	ok	False
chr3	10539063	10539064	+	0.11326	delta_sum_err	172	A	CTATA	ok	False
chr3	16525725	16525726	+	0.11335	delta_sum_err	51	A	TGACA	ok	True
chr3	17088508	17088509	+	0.11312	delta_sum_err	116	A	GCAAA	ok	False
chr3	19084780	19084781	+	0.11285	delta_sum_err	46	A	ACACG	ok	False
chr3	19085323	19085324	+	0.11338	delta_sum_err	54	A	CCATG	ok	False
chr3	20040029	20040030	+	0.11367	delta_sum_err	61	A	AAATC	ok	False
chr3	20212798	20212799	+	0.11309	delta_sum_err	109	A	TCACA	ok	False
chr3	20699547	20699548	+	0.11324	delta_sum_err	300	A	ACATA	ok	False
chr3	20705162	20705163	+	0.11322	delta_sum_err	140	A	CAAAC	ok	False
chr3	22144315	22144316	+	0.11275	delta_sum_err	105	A	ATACT	ok	False
chr3	23147525	23147526	+	0.11345	delta_sum_err	97	A	TGAAA	ok	False
chr3	3319557	3319558	+	0.11338	delta_sum_err	119	A	AGATC	ok	False
chr3	3400594	3400595	+	0.21062	delta_sum_err	422	A	AAAAC	ok	False
chr3	3400664	3400665	+	0.11276	delta_sum_err	400	A	TGACA	ok	True
chr3	3400666	3400667	+	0.15924	delta_sum_err	390	A	ACAAT	ok	False
chr3	3400667	3400668	+	0.19475	delta_sum_err	372	A	CAATG	ok	False
chr3	3578840	3578841	+	0.12929	delta_sum_err	121	A	GAAGA	ok	False
chr3	3579889	3579890	+	0.12764	delta_sum_err	126	A	TCATG	ok	False
chr3	3579963	3579964	+	0.27662	delta_sum_err	108	A	CCAAC	ok	False
chr3	3580385	3580386	+	0.17434	delta_sum_err	147	A	TGAGA	ok	False
chr3	3580387	3580388	+	0.24688	delta_sum_err	143	A	AGACC	ok	True
chr3	3580440	3580441	+	0.11586	delta_sum_err	154	A	CGACC	ok	False
chr3	366797	366798	+	0.19759	delta_sum_err	91	A	ACAAA	ok	False
chr3	366937	366938	+	0.22331	delta_sum_err	73	A	ACACT	ok	False
chr3	367399	367400	+	0.15974	delta_sum_err	90	A	GGAAA	ok	False
chr3	3674007	3674008	+	0.23665	delta_sum_err	398	A	CTAAA	ok	False
chr3	3674008	3674009	+	0.12906	delta_sum_err	786	A	TAAAA	ok	False
chr3	368682	368683	+	0.11365	delta_sum_err	152	A	CCATT	ok	False
chr3	368700	368701	+	0.12159	delta_sum_err	139	A	CTACT	ok	False
chr3	368705	368706	+	0.17886	delta_sum_err	52	A	GGAAA	ok	False
chr3	368706	368707	+	0.18954	delta_sum_err	120	A	GAAAA	ok	False
chr3	3943083	3943084	+	0.1442	delta_sum_err	106	A	CAAAG	ok	False
chr3	404809	404810	+	0.15164	delta_sum_err	85	A	ACACT	ok	False
chr3	404994	404995	+	0.16443	delta_sum_err	92	A	GTAAA	ok	False
chr3	4129850	4129851	+	0.1134	delta_sum_err	87	A	TTAGA	ok	False
chr3	4433869	4433870	+	0.12289	delta_sum_err	98	A	GGAGG	ok	False
chr3	4434449	4434450	+	0.11442	delta_sum_err	112	A	GCAAC	ok	False
chr3	4435074	4435075	+	0.16992	delta_sum_err	123	A	GAACT	ok	True
chr3	4730639	4730640	+	0.1434	delta_sum_err	179	A	CTACA	ok	False
chr3	483007	483008	+	0.11667	delta_sum_err	75	A	ATAGT	ok	False
chr3	483493	483494	+	0.11606	delta_sum_err	68	A	TGAGG	ok	False
chr3	483533	483534	+	0.18011	delta_sum_err	92	A	ACAAG	ok	False
chr3	483569	483570	+	0.11345	delta_sum_err	63	A	AAAGG	ok	False
chr3	483656	483657	+	0.12125	delta_sum_err	95	A	GCAAG	ok	False
chr3	484038	484039	+	0.19686	delta_sum_err	87	A	ATACC	ok	False
chr3	484060	484061	+	0.14424	delta_sum_err	102	A	GTAGA	ok	False
chr3	4938330	4938331	+	0.13636	delta_sum_err	58	A	GGAAA	ok	False
chr3	4938454	4938455	+	0.18822	delta_sum_err	46	A	ACAAA	ok	False
chr3	4938657	4938658	+	0.15981	delta_sum_err	76	A	CTATT	ok	False
chr3	5333598	5333599	+	0.21303	delta_sum_err	114	A	GCACT	ok	False
chr3	5359778	5359779	+	0.12008	delta_sum_err	292	A	CCACT	ok	False
chr3	5557699	5557700	+	0.14179	delta_sum_err	196	A	ACATT	ok	False
chr3	5558004	5558005	+	0.11642	delta_sum_err	235	A	ACATC	ok	False
chr3	5589958	5589959	+	0.24055	delta_sum_err	246	A	ATAAA	ok	False
chr3	5593560	5593561	+	0.11495	delta_sum_err	79	A	GCACC	ok	False
chr3	5593973	5593974	+	0.11321	delta_sum_err	94	A	GCAAG	ok	False
chr3	5594766	5594767	+	0.16882	delta_sum_err	29	A	CGAAA	ok	False
chr3	5594767	5594768	+	0.16013	delta_sum_err	49	A	GAAAA	ok	False
chr3	5644996	5644997	+	0.1372	delta_sum_err	125	A	TCAAC	ok	False
chr3	5645360	5645361	+	0.16654	delta_sum_err	40	A	GAAAA	ok	False
chr3	5677550	5677551	+	0.14473	delta_sum_err	25	A	TCAAC	ok	False
chr3	5677599	5677600	+	0.1282	delta_sum_err	32	A	CAATT	ok	False
chr3	5705845	5705846	+	0.13457	delta_sum_err	106	A	AAACT	ok	True
chr3	5706346	5706347	+	0.14858	delta_sum_err	121	A	CAACA	ok	False
chr3	5706773	5706774	+	0.15431	delta_sum_err	120	A	AAAAA	ok	False
chr3	5706830	5706831	+	0.14064	delta_sum_err	135	A	TTACT	ok	False
chr3	5706860	5706861	+	0.11271	delta_sum_err	112	A	GGACT	ok	True
chr3	580983	580984	+	0.11968	delta_sum_err	73	A	TCATG	ok	False
chr3	604896	604897	+	0.14248	delta_sum_err	57	A	GCAAA	ok	False
chr3	604898	604899	+	0.11881	delta_sum_err	58	A	AAATT	ok	False
chr3	605038	605039	+	0.11974	delta_sum_err	47	A	GGAAA	ok	False
chr3	605045	605046	+	0.17596	delta_sum_err	58	A	AGAAA	ok	False
chr3	6453930	6453931	+	0.24624	delta_sum_err	552	A	TCAAA	ok	False
chr3	6453963	6453964	+	0.13769	delta_sum_err	630	A	CGACT	ok	False
chr3	6477005	6477006	+	0.11481	delta_sum_err	109	A	TCAAA	ok	False
chr3	6477006	6477007	+	0.11983	delta_sum_err	107	A	CAAAA	ok	False
chr3	6744880	6744881	+	0.17593	delta_sum_err	191	A	AGAAA	ok	False
chr3	6746375	6746376	+	0.13514	delta_sum_err	286	A	GGATT	ok	False
chr3	6746465	6746466	+	0.1272	delta_sum_err	118	A	AGAAA	ok	False
chr3	6746809	6746810	+	0.11867	delta_sum_err	332	A	ATAGG	ok	False
chr3	6747096	6747097	+	0.14749	delta_sum_err	312	A	TCAAA	ok	False
chr3	6774074	6774075	+	0.18195	delta_sum_err	38	A	GCAAA	ok	False
chr3	6774075	6774076	+	0.1375	delta_sum_err	40	A	CAAAG	ok	False
chr3	6774076	6774077	+	0.17291	delta_sum_err	44	A	AAAGC	ok	False
chr3	6774080	6774081	+	0.17778	delta_sum_err	41	A	CTATA	ok	False
chr3	6866374	6866375	+	0.14773	delta_sum_err	70	A	TGAAC	ok	False
chr3	6866379	6866380	+	0.11632	delta_sum_err	94	A	AAACT	ok	True
chr3	6866383	6866384	+	0.14548	delta_sum_err	76	A	TTAAA	ok	False
chr3	6866384	6866385	+	0.29015	delta_sum_err	75	A	TAAAC	ok	False
chr3	6866406	6866407	+	0.14286	delta_sum_err	83	A	TTAAT	ok	False
chr3	6866407	6866408	+	0.1188	delta_sum_err	92	A	TAATG	ok	False
chr3	6876736	6876737	+	0.13158	delta_sum_err	105	A	GCAAG	ok	False
chr3	6876888	6876889	+	0.11282	delta_sum_err	110	A	TCAAG	ok	False
chr3	7836755	7836756	+	0.16579	delta_sum_err	64	A	AGAAA	ok	False
chr3	7837006	7837007	+	0.19211	delta_sum_err	68	A	CTACA	ok	False
chr3	7837030	7837031	+	0.1412	delta_sum_err	75	A	GCACC	ok	False
chr3	7837074	7837075	+	0.16292	delta_sum_err	78	A	TCATC	ok	False
chr3	7837348	7837349	+	0.24884	delta_sum_err	74	A	TCATG	ok	False
chr3	7837368	7837369	+	0.13104	delta_sum_err	79	A	ATACC	ok	False
chr3	7838945	7838946	+	0.17743	delta_sum_err	202	A	ACAAC	ok	False
chr3	7838946	7838947	+	0.30943	delta_sum_err	216	A	CAACA	ok	False
chr3	7838956	7838957	+	0.14993	delta_sum_err	253	A	TTAAA	ok	False
chr3	7838960	7838961	+	0.14706	delta_sum_err	263	A	ATAAG	ok	False
chr3	7838966	7838967	+	0.17803	delta_sum_err	256	A	ACATT	ok	False
chr3	7838994	7838995	+	0.13333	delta_sum_err	251	A	GGACA	ok	True
chr3	7908048	7908049	+	0.13562	delta_sum_err	48	A	TAATC	ok	False
chr3	7908067	7908068	+	0.13956	delta_sum_err	42	A	TCATC	ok	False
chr3	7908448	7908449	+	0.18343	delta_sum_err	41	A	TTAAA	ok	False
chr3	8375820	8375821	+	0.11287	delta_sum_err	231	A	ACAAA	ok	False
chr3	8474858	8474859	+	0.11508	delta_sum_err	187	A	GCATA	ok	False
chr3	8475690	8475691	+	0.11719	delta_sum_err	158	A	TCATA	ok	False
chr3	8475755	8475756	+	0.14018	delta_sum_err	182	A	CTACT	ok	False
chr3	8603540	8603541	+	0.1743	delta_sum_err	49	A	ACATA	ok	False
chr3	8603600	8603601	+	0.14507	delta_sum_err	52	A	CCACA	ok	False
chr3	8603847	8603848	+	0.18333	delta_sum_err	47	A	GCACA	ok	False
chr3	8603955	8603956	+	0.19999	delta_sum_err	50	A	TCAAC	ok	False
chr3	8604039	8604040	+	0.2045	delta_sum_err	41	A	CGAAA	ok	False
chr3	8604063	8604064	+	0.17767	delta_sum_err	62	A	GGATT	ok	False
chr3	8604445	8604446	+	0.12455	delta_sum_err	64	A	AGAAA	ok	False
chr3	8604465	8604466	+	0.11967	delta_sum_err	68	A	GCACA	ok	False
chr3	8604473	8604474	+	0.13345	delta_sum_err	63	A	TTACA	ok	False
chr3	8604598	8604599	+	0.19299	delta_sum_err	69	A	ACATT	ok	False
chr3	8605086	8605087	+	0.13673	delta_sum_err	24	A	AAAAA	ok	False
chr3	8605087	8605088	+	0.14224	delta_sum_err	26	A	AAAAA	ok	False
chr3	8605088	8605089	+	0.1255	delta_sum_err	38	A	AAAAA	ok	False
chr3	8643757	8643758	+	0.11274	delta_sum_err	91	A	TTAGC	ok	False
chr3	8643847	8643848	+	0.14258	delta_sum_err	96	A	CTAGT	ok	False
chr3	8644006	8644007	+	0.12337	delta_sum_err	110	A	GCATT	ok	False
chr3	8644049	8644050	+	0.11817	delta_sum_err	111	A	ATAAC	ok	False
chr3	86609	86610	+	0.1398	delta_sum_err	214	A	TCAAC	ok	False
chr3	8704006	8704007	+	0.14439	delta_sum_err	126	A	CTAGT	ok	False
chr3	8746430	8746431	+	0.13304	delta_sum_err	42	A	CAAAA	ok	False
chr3	8746608	8746609	+	0.15909	delta_sum_err	73	A	TCAGG	ok	False
chr3	8747337	8747338	+	0.14565	delta_sum_err	67	A	TTACC	ok	False
chr3	8747346	8747347	+	0.16019	delta_sum_err	87	A	ACACT	ok	False
chr3	8747754	8747755	+	0.27472	delta_sum_err	70	A	TTACT	ok	False
chr3	8747759	8747760	+	0.11792	delta_sum_err	85	A	ACAAA	ok	False
chr3	87648	87649	+	0.13843	delta_sum_err	260	A	TTAAA	ok	False
chr3	87709	87710	+	0.13547	delta_sum_err	218	A	CAACT	ok	False
chr3	87746	87747	+	0.13509	delta_sum_err	293	A	AGAAG	ok	False
chr3	9065956	9065957	+	0.13818	delta_sum_err	526	A	TGAAG	ok	False
chr3	9065995	9065996	+	0.19714	delta_sum_err	382	A	ATACT	ok	False
chr3	9184532	9184533	+	0.11276	delta_sum_err	92	A	TAAAC	ok	False
chr3	9356933	9356934	+	0.12245	delta_sum_err	98	A	TTAAA	ok	False
chr3	9357689	9357690	+	0.26787	delta_sum_err	113	A	CAAAA	ok	False
chr3	9357793	9357794	+	0.16186	delta_sum_err	84	A	ATACT	ok	False
chr3	9407685	9407686	+	0.13319	delta_sum_err	27	A	ACAAA	ok	False
chr3	9407809	9407810	+	0.14017	delta_sum_err	78	A	CTAGC	ok	False
chr3	957586	957587	+	0.16878	delta_sum_err	35	A	ACAAA	ok	False
chr3	960539	960540	+	0.13418	delta_sum_err	398	A	ACATT	ok	False
chr3	9673307	9673308	+	0.19638	delta_sum_err	85	A	CGACT	ok	False
chr3	9673358	9673359	+	0.11957	delta_sum_err	97	A	GAAAC	ok	False
chr3	9673380	9673381	+	0.53514	delta_sum_err	55	A	TGAGA	ok	False
chr3	9756387	9756388	+	0.14748	delta_sum_err	64	A	TAATT	ok	False
chr3	9756948	9756949	+	0.12409	delta_sum_err	95	A	GCAAA	ok	False
chr3	9757444	9757445	+	0.15163	delta_sum_err	97	A	ATACT	ok	False
chr3	9757779	9757780	+	0.12936	delta_sum_err	125	A	AAACA	ok	True
chr3	9758500	9758501	+	0.1172	delta_sum_err	122	A	AAAAC	ok	False
chr3	9797985	9797986	+	0.12501	delta_sum_err	41	A	TTATG	ok	False
chr3	9990304	9990305	+	0.13037	delta_sum_err	144	A	ATACT	ok	False
chr3	9990730	9990731	+	0.19389	delta_sum_err	141	A	TCACC	ok	False
chr4	10943318	10943319	+	0.11303	delta_sum_err	52	A	AAAAA	ok	False
chr4	1109358	1109359	+	0.11298	delta_sum_err	41	A	CTAAA	ok	False
chr4	1136038	1136039	+	0.11295	delta_sum_err	121	A	TGATC	ok	False
chr4	1136875	1136876	+	0.11301	delta_sum_err	110	A	CCACC	ok	False
chr4	161636	161637	+	0.11322	delta_sum_err	76	A	TGATC	ok	False
chr4	16636255	16636256	+	0.11327	delta_sum_err	72	A	TCAAG	ok	False
chr4	16636290	16636291	+	0.11292	delta_sum_err	75	A	AGATT	ok	False
chr4	17746327	17746328	+	0.11291	delta_sum_err	121	A	CAATA	ok	False
chr4	335474	335475	+	0.14488	delta_sum_err	94	A	TCATG	ok	False
chr4	479304	479305	+	0.14259	delta_sum_err	77	A	CGAAG	ok	False
chr4	479386	479387	+	0.13763	delta_sum_err	70	A	GCATT	ok	False
chr4	479638	479639	+	0.14025	delta_sum_err	90	A	GTAGC	ok	False
chr4	5317364	5317365	+	0.11305	delta_sum_err	86	A	ATAAA	ok	False
chr4	5725933	5725934	+	0.11361	delta_sum_err	56	A	GTAGG	ok	False
chr4	5740593	5740594	+	0.12322	delta_sum_err	94	A	TCACA	ok	False
chr4	5775663	5775664	+	0.17813	delta_sum_err	185	A	CTACA	ok	False
chr4	6386076	6386077	+	0.16049	delta_sum_err	134	A	ATATG	ok	False
chr4	6836337	6836338	+	0.12457	delta_sum_err	102	A	TTAAA	ok	False
chr4	6836548	6836549	+	0.14255	delta_sum_err	65	A	ACAAA	ok	False
chr4	6836555	6836556	+	0.14194	delta_sum_err	85	A	GCAAA	ok	False
chr4	696305	696306	+	0.13824	delta_sum_err	90	A	ACATA	ok	False
chr4	7004383	7004384	+	0.11595	delta_sum_err	44	A	TCATT	ok	False
chr4	730080	730081	+	0.14285	delta_sum_err	66	A	GGAGG	ok	False
chr4	730084	730085	+	0.12857	delta_sum_err	51	A	GCACC	ok	False
chr4	730300	730301	+	0.16549	delta_sum_err	68	A	CTATG	ok	False
chr4	730579	730580	+	0.12542	delta_sum_err	69	A	CGACC	ok	False
chr4	730585	730586	+	0.18434	delta_sum_err	50	A	TCACC	ok	False
chr4	7843380	7843381	+	0.11917	delta_sum_err	79	A	TTAGA	ok	False
chr4	7843398	7843399	+	0.13648	delta_sum_err	69	A	CAAAA	ok	False
chr4	7846383	7846384	+	0.12606	delta_sum_err	112	A	TTAAG	ok	False
chr4	8344677	8344678	+	0.12626	delta_sum_err	43	A	ACAAC	ok	False
chr4	8344749	8344750	+	0.11283	delta_sum_err	59	A	CTAAC	ok	False
chr4	8344854	8344855	+	0.13334	delta_sum_err	54	A	TCACC	ok	False
chr4	8843656	8843657	+	0.12236	delta_sum_err	77	A	TTAGC	ok	False
chr4	8843693	8843694	+	0.12158	delta_sum_err	81	A	GCATG	ok	False
chr4	8845333	8845334	+	0.13208	delta_sum_err	101	A	GTATA	ok	False
chr4	8845335	8845336	+	0.12481	delta_sum_err	101	A	ATACG	ok	False
chr4	8845639	8845640	+	0.25956	delta_sum_err	88	A	ATAAA	ok	False
chr4	8887433	8887434	+	0.19816	delta_sum_err	96	A	ATAAA	ok	False
chr4	8887553	8887554	+	0.11785	delta_sum_err	49	A	TGACA	ok	True
chr4	8985438	8985439	+	0.11905	delta_sum_err	35	A	ATATA	ok	False
chr4	8985453	8985454	+	0.16816	delta_sum_err	30	A	ACATT	ok	False
chr4	9803905	9803906	+	0.12715	delta_sum_err	126	A	CCACC	ok	False
chr5	16340705	16340706	+	0.11295	delta_sum_err	71	A	CTACT	ok	False
chr5	17686381	17686382	+	0.11271	delta_sum_err	180	A	CTATA	ok	False
chr5	20693042	20693043	+	0.11353	delta_sum_err	117	A	GAAAA	ok	False
chr5	22298013	22298014	+	0.11339	delta_sum_err	68	A	CAACT	ok	False
chr5	23559650	23559651	+	0.11335	delta_sum_err	137	A	CCAAG	ok	False
chr5	2357619	2357620	+	0.11315	delta_sum_err	56	A	TTATA	ok	False
chr5	24363204	24363205	+	0.1135	delta_sum_err	141	A	GCAAC	ok	False
chr5	25037608	25037609	+	0.1132	delta_sum_err	41	A	CCATA	ok	False
chr5	25182983	25182984	+	0.11305	delta_sum_err	109	A	TCAGC	ok	False
chr5	25453464	25453465	+	0.11322	delta_sum_err	91	A	ACACA	ok	False
chr5	26467773	26467774	+	0.113	delta_sum_err	67	A	GCAGC	ok	False
chr5	3054343	3054344	+	0.13769	delta_sum_err	201	A	AGAAC	ok	False
chr5	3054344	3054345	+	0.12329	delta_sum_err	198	A	GAACC	ok	True
chr5	3054456	3054457	+	0.11315	delta_sum_err	68	A	GCAAA	ok	False
chr5	3054458	3054459	+	0.11618	delta_sum_err	127	A	AAAAA	ok	False
chr5	3054459	3054460	+	0.14215	delta_sum_err	141	A	AAAAA	ok	False
chr5	3097348	3097349	+	0.14483	delta_sum_err	106	A	TCACT	ok	False
chr5	3097355	3097356	+	0.17063	delta_sum_err	110	A	TCAAG	ok	False
chr5	3097498	3097499	+	0.13514	delta_sum_err	111	A	TGATA	ok	False
chr5	3464356	3464357	+	0.11389	delta_sum_err	102	A	AAACC	ok	True
chr5	3465666	3465667	+	0.2044	delta_sum_err	83	A	ATAAA	ok	False
chr5	3556099	3556100	+	0.17161	delta_sum_err	81	A	ACAAA	ok	False
chr5	3556344	3556345	+	0.11459	delta_sum_err	77	A	ACATT	ok	False
chr5	3556764	3556765	+	0.1361	delta_sum_err	107	A	CGACA	ok	False
chr5	3556784	3556785	+	0.12777	delta_sum_err	116	A	TTAGA	ok	False
chr5	3556835	3556836	+	0.16855	delta_sum_err	114	A	GCACA	ok	False
chr5	3556864	3556865	+	0.11605	delta_sum_err	99	A	ACAAG	ok	False
chr5	3556865	3556866	+	0.13907	delta_sum_err	68	A	CAAGA	ok	False
chr5	3556869	3556870	+	0.13214	delta_sum_err	100	A	AGATT	ok	False
chr5	3556889	3556890	+	0.12347	delta_sum_err	106	A	TCAGG	ok	False
chr5	3644699	3644700	+	0.16938	delta_sum_err	71	A	CCACC	ok	False
chr5	3645538	3645539	+	0.11418	delta_sum_err	89	A	TGAAA	ok	False
chr5	3645600	3645601	+	0.16027	delta_sum_err	93	A	GAATA	ok	False
chr5	3645606	3645607	+	0.13216	delta_sum_err	98	A	ATAAA	ok	False
chr5	3645896	3645897	+	0.13387	delta_sum_err	84	A	TCATA	ok	False
chr5	3646547	3646548	+	0.12778	delta_sum_err	109	A	TTATA	ok	False
chr5	3654657	3654658	+	0.16996	delta_sum_err	85	A	TCAAA	ok	False
chr5	3655678	3655679	+	0.12197	delta_sum_err	108	A	TCAGC	ok	False
chr5	3655978	3655979	+	0.17137	delta_sum_err	88	A	TCAAA	ok	False
chr5	3656309	3656310	+	0.17224	delta_sum_err	104	A	CTACT	ok	False
chr5	3756385	3756386	+	0.13333	delta_sum_err	51	A	TCAGA	ok	False
chr5	3757783	3757784	+	0.1211	delta_sum_err	74	A	TGATC	ok	False
chr5	3757807	3757808	+	0.13194	delta_sum_err	57	A	TCAGA	ok	False
chr5	4397899	4397900	+	0.11968	delta_sum_err	142	A	GCAAG	ok	False
chr5	4447349	4447350	+	0.12885	delta_sum_err	102	A	CAATA	ok	False
chr5	453006	453007	+	0.1146	delta_sum_err	243	A	TAAGA	ok	False
chr5	453030	453031	+	0.1354	delta_sum_err	215	A	CTAAA	ok	False
chr5	4537664	4537665	+	0.12441	delta_sum_err	49	A	CTACA	ok	False
chr5	4537979	4537980	+	0.12947	delta_sum_err	51	A	GCATC	ok	False
chr5	4538068	4538069	+	0.13131	delta_sum_err	52	A	TCACC	ok	False
chr5	4538407	4538408	+	0.15489	delta_sum_err	58	A	ATATC	ok	False
chr5	4538630	4538631	+	0.13329	delta_sum_err	60	A	GGAAA	ok	False
chr5	4538640	4538641	+	0.16438	delta_sum_err	60	A	AGAAA	ok	False
chr5	4539063	4539064	+	0.42628	delta_sum_err	73	A	TCAAG	ok	False
chr5	4539064	4539065	+	0.4141	delta_sum_err	75	A	CAAGA	ok	False
chr5	4556345	4556346	+	0.14595	delta_sum_err	36	A	ATAAA	ok	False
chr5	4603605	4603606	+	0.18186	delta_sum_err	65	A	GCATT	ok	False
chr5	4779319	4779320	+	0.11327	delta_sum_err	104	A	TTATA	ok	False
chr5	4848783	4848784	+	0.20611	delta_sum_err	84	A	AGACA	ok	True
chr5	5093350	5093351	+	0.11687	delta_sum_err	76	A	CAACA	ok	False
chr5	5093834	5093835	+	0.15126	delta_sum_err	102	A	AAAGC	ok	False
chr5	5094309	5094310	+	0.14705	delta_sum_err	77	A	GTACT	ok	False
chr5	534375	534376	+	0.12956	delta_sum_err	444	A	GCATC	ok	False
chr5	534509	534510	+	0.16449	delta_sum_err	353	A	TTAAA	ok	False
chr5	5483861	5483862	+	0.11312	delta_sum_err	164	A	GGAGG	ok	False
chr5	5484973	5484974	+	0.33051	delta_sum_err	102	A	TAAAA	ok	False
chr5	5659037	5659038	+	0.19297	delta_sum_err	47	A	TCAAG	ok	False
chr5	5659038	5659039	+	0.17297	delta_sum_err	47	A	CAAGC	ok	False
chr5	5686395	5686396	+	0.14322	delta_sum_err	48	A	ACATC	ok	False
chr5	5686635	5686636	+	0.12536	delta_sum_err	47	A	CCACC	ok	False
chr5	5712963	5712964	+	0.11279	delta_sum_err	42	A	GTAAA	ok	False
chr5	5713020	5713021	+	0.11279	delta_sum_err	50	A	TCACC	ok	False
chr5	588673	588674	+	0.26415	delta_sum_err	260	A	CAACC	ok	False
chr5	633839	633840	+	0.22343	delta_sum_err	179	A	GCAAA	ok	False
chr5	634037	634038	+	0.18145	delta_sum_err	163	A	GGAAA	ok	False
chr5	634396	634397	+	0.13028	delta_sum_err	253	A	TAACA	ok	True
chr5	634990	634991	+	0.2276	delta_sum_err	243	A	CAACA	ok	False
chr5	635035	635036	+	0.23933	delta_sum_err	126	A	TGACA	ok	True
chr5	635067	635068	+	0.15317	delta_sum_err	161	A	ATACT	ok	False
chr5	6457307	6457308	+	0.12698	delta_sum_err	157	A	ACAAA	ok	False
chr5	6556939	6556940	+	0.29077	delta_sum_err	57	A	TCAAA	ok	False
chr5	659638	659639	+	0.44477	delta_sum_err	360	A	GTAAG	ok	False
chr5	659639	659640	+	0.51785	delta_sum_err	414	A	TAAGA	ok	False
chr5	6740903	6740904	+	0.125	delta_sum_err	48	A	ACAAA	ok	False
chr5	6763357	6763358	+	0.12218	delta_sum_err	148	A	GGAAA	ok	False
chr5	6833834	6833835	+	0.11677	delta_sum_err	33	A	TCAAA	ok	False
chr5	6834374	6834375	+	0.11587	delta_sum_err	46	A	ACATC	ok	False
chr5	6834773	6834774	+	0.14921	delta_sum_err	63	A	ATAGT	ok	False
chr5	6835040	6835041	+	0.11804	delta_sum_err	72	A	TTAAG	ok	False
chr5	6835688	6835689	+	0.15086	delta_sum_err	88	A	CTAGG	ok	False
chr5	6835907	6835908	+	0.11979	delta_sum_err	94	A	CCAAC	ok	False
chr5	6836584	6836585	+	0.1424	delta_sum_err	84	A	ACAAA	ok	False
chr5	6939466	6939467	+	0.11418	delta_sum_err	159	A	TCATT	ok	False
chr5	6939758	6939759	+	0.42028	delta_sum_err	163	A	TCATG	ok	False
chr5	6939789	6939790	+	0.40879	delta_sum_err	136	A	TTAAA	ok	False
chr5	6939803	6939804	+	0.29092	delta_sum_err	104	A	TCAAA	ok	False
chr5	6939804	6939805	+	0.33178	delta_sum_err	125	A	CAAAG	ok	False
chr5	6939805	6939806	+	0.43746	delta_sum_err	130	A	AAAGA	ok	False
chr5	6939807	6939808	+	0.12853	delta_sum_err	106	A	AGACC	ok	True
chr5	734337	734338	+	0.17672	delta_sum_err	49	A	TAATA	ok	False
chr5	734856	734857	+	0.14113	delta_sum_err	45	A	TAACA	ok	True
chr5	7503059	7503060	+	0.11374	delta_sum_err	88	A	TCACC	ok	False
chr5	7536098	7536099	+	0.15164	delta_sum_err	131	A	TGAAA	ok	False
chr5	7703166	7703167	+	0.11334	delta_sum_err	70	A	CCATA	ok	False
chr5	797308	797309	+	0.28861	delta_sum_err	93	A	TCAAA	ok	False
chr5	799036	799037	+	0.16923	delta_sum_err	45	A	ATAAA	ok	False
chr5	8219436	8219437	+	0.11321	delta_sum_err	49	A	TTAAA	ok	False
chr5	8365864	8365865	+	0.16154	delta_sum_err	130	A	ACAAG	ok	False
chr5	8365957	8365958	+	0.11589	delta_sum_err	133	A	AAACC	ok	True
chr5	8366477	8366478	+	0.1141	delta_sum_err	124	A	ACAAA	ok	False
chr5	8438904	8438905	+	0.47931	delta_sum_err	76	A	GTAAG	ok	False
chr5	8438905	8438906	+	0.40358	delta_sum_err	88	A	TAAGA	ok	False
chr5	863957	863958	+	0.12997	delta_sum_err	136	A	CTAAA	ok	False
chr5	863958	863959	+	0.14215	delta_sum_err	144	A	TAAAC	ok	False
chr5	863970	863971	+	0.11901	delta_sum_err	147	A	GGACC	ok	True
chr5	8773943	8773944	+	0.13533	delta_sum_err	93	A	TCACC	ok	False
chr5	884563	884564	+	0.14076	delta_sum_err	81	A	TTAGG	ok	False
chr5	885330	885331	+	0.1825	delta_sum_err	82	A	GTACA	ok	False
chr5	885367	885368	+	0.11733	delta_sum_err	55	A	CAAAA	ok	False
chr5	885383	885384	+	0.34445	delta_sum_err	86	A	AAAGA	ok	False
chr5	9073086	9073087	+	0.15872	delta_sum_err	229	A	CGATA	ok	False
chr5	9073996	9073997	+	0.11299	delta_sum_err	189	A	ATAAA	ok	False
chr5	9653387	9653388	+	0.12619	delta_sum_err	122	A	ATATT	ok	False
chr5	9653630	9653631	+	0.1158	delta_sum_err	107	A	CAACT	ok	False
chr5	9654083	9654084	+	0.11843	delta_sum_err	102	A	TTATA	ok	False
chr5	9654334	9654335	+	0.16328	delta_sum_err	83	A	GTAAA	ok	False
chr5	9874379	9874380	+	0.49309	delta_sum_err	836	A	CCAGA	ok	False
chr1	18704799	18704800	+	0.11328	delta_sum_err	79	A	TGAAT	ok	False
chr1	21144256	21144257	+	0.11321	delta_sum_err	100	A	TAAAC	ok	False
chr1	22410286	22410287	+	0.11314	delta_sum_err	54	A	CCATG	ok	False
chr1	2250428	2250429	+	0.11327	delta_sum_err	113	A	GTAAC	ok	False
chr1	26642101	26642102	+	0.1134	delta_sum_err	126	A	ATATA	ok	False
chr1	27474965	27474966	+	0.11339	delta_sum_err	66	A	AAATA	ok	False
chr1	28079854	28079855	+	0.11337	delta_sum_err	388	A	ATAAA	ok	False
chr1	4002554	4002555	+	0.11333	delta_sum_err	730	A	ACATG	ok	False
chr2	11216404	11216405	+	0.1134	delta_sum_err	97	A	AGATC	ok	False
chr2	16509405	16509406	+	0.11345	delta_sum_err	84	A	TTAGT	ok	False
chr2	491860	491861	+	0.11309	delta_sum_err	169	A	CAAGA	ok	False
chr2	9794572	9794573	+	0.11306	delta_sum_err	119	A	TAACA	ok	True
chr4	10477752	10477753	+	0.11332	delta_sum_err	60	A	TCACA	ok	False
chr4	15488901	15488902	+	0.11333	delta_sum_err	155	A	GTAGG	ok	False
chr4	17902725	17902726	+	0.11321	delta_sum_err	47	A	ATACT	ok	False
chr4	455845	455846	+	0.12562	delta_sum_err	187	A	GTAGA	ok	False
chr4	456476	456477	+	0.11405	delta_sum_err	191	A	CCACA	ok	False
chr4	456485	456486	+	0.12509	delta_sum_err	193	A	ACATT	ok	False
chr4	457886	457887	+	0.12407	delta_sum_err	225	A	CCAAC	ok	False
chr4	479409	479410	+	0.14695	delta_sum_err	89	A	CAATT	ok	False
chr4	479575	479576	+	0.20985	delta_sum_err	90	A	TTAGG	ok	False
chr4	479790	479791	+	0.28899	delta_sum_err	76	A	TCAAA	ok	False
chr4	479806	479807	+	0.11325	delta_sum_err	89	A	CCAAC	ok	False
chr4	494748	494749	+	0.26638	delta_sum_err	1119	A	TCAAC	ok	False
chr4	494749	494750	+	0.15798	delta_sum_err	1374	A	CAACA	ok	False
chr4	5550568	5550569	+	0.11796	delta_sum_err	39	A	CTAAA	ok	False
chr4	5550569	5550570	+	0.11463	delta_sum_err	64	A	TAAAG	ok	False
chr4	5550570	5550571	+	0.12857	delta_sum_err	66	A	AAAGC	ok	False
chr4	5550579	5550580	+	0.13172	delta_sum_err	74	A	CTATT	ok	False
chr4	5550600	5550601	+	0.24711	delta_sum_err	55	A	TTACC	ok	False
chr4	5740689	5740690	+	0.16805	delta_sum_err	49	A	GCAAA	ok	False
chr4	5740794	5740795	+	0.1206	delta_sum_err	101	A	CGAAA	ok	False
chr4	695468	695469	+	0.14165	delta_sum_err	94	A	TAAAC	ok	False
chr4	695959	695960	+	0.11438	delta_sum_err	100	A	ACATT	ok	False
chr4	696505	696506	+	0.14345	delta_sum_err	86	A	ACATA	ok	False
chr4	696979	696980	+	0.12249	delta_sum_err	90	A	TGAAA	ok	False
chr4	7005044	7005045	+	0.12194	delta_sum_err	78	A	TTATG	ok	False
chr4	7489464	7489465	+	0.20569	delta_sum_err	37	A	CCACA	ok	False
chr4	7846405	7846406	+	0.13509	delta_sum_err	56	A	CCAAA	ok	False
chr4	7864748	7864749	+	0.30772	delta_sum_err	214	A	GGATT	ok	False
chr4	7864769	7864770	+	0.12518	delta_sum_err	176	A	GTAAC	ok	False
chr4	7864770	7864771	+	0.18702	delta_sum_err	199	A	TAACA	ok	True
chr4	7864797	7864798	+	0.21265	delta_sum_err	84	A	CTAAA	ok	False
chr4	7864798	7864799	+	0.11459	delta_sum_err	147	A	TAAAA	ok	False
chr4	7925095	7925096	+	0.1133	delta_sum_err	395	A	TGACT	ok	True
chr4	8845586	8845587	+	0.11721	delta_sum_err	114	A	TGATT	ok	False
chr4	8845598	8845599	+	0.13445	delta_sum_err	104	A	GGAGA	ok	False
chr4	8845600	8845601	+	0.14997	delta_sum_err	105	A	AGAAT	ok	False
chr4	8845640	8845641	+	0.1155	delta_sum_err	109	A	TAAAC	ok	False
chr4	8876087	8876088	+	0.1156	delta_sum_err	223	A	CGACA	ok	False
chr4	8877678	8877679	+	0.20504	delta_sum_err	215	A	GTAAA	ok	False
chr4	8877685	8877686	+	0.11694	delta_sum_err	311	A	TGACA	ok	True
chr4	8884068	8884069	+	0.125	delta_sum_err	55	A	GTAGT	ok	False
chr4	8884664	8884665	+	0.15231	delta_sum_err	76	A	GCAAA	ok	False
chr4	8884706	8884707	+	0.1208	delta_sum_err	95	A	TCAAA	ok	False
chr4	8885648	8885649	+	0.11667	delta_sum_err	116	A	ACAAA	ok	False
chr4	8887540	8887541	+	0.16792	delta_sum_err	56	A	TCATA	ok	False
chr4	8918710	8918711	+	0.11336	delta_sum_err	71	A	AGAAA	ok	False
chr4	8984956	8984957	+	0.15117	delta_sum_err	76	A	CAATT	ok	False
chr4	922282	922283	+	0.11342	delta_sum_err	32	A	TCAAA	ok	False
chr4	9780486	9780487	+	0.11357	delta_sum_err	157	A	CAATC	ok	False
chr4	9780586	9780587	+	0.18018	delta_sum_err	120	A	CGAAA	ok	False
chr5	17761464	17761465	+	0.1132	delta_sum_err	49	A	CTACA	ok	False
chr5	24784205	24784206	+	0.11331	delta_sum_err	73	A	TTACC	ok	False
chr5	4446948	4446949	+	0.15993	delta_sum_err	46	A	ACACT	ok	False
chr5	4446967	4446968	+	0.15758	delta_sum_err	45	A	ATATA	ok	False
chr5	4447006	4447007	+	0.11662	delta_sum_err	52	A	TTACC	ok	False
chr5	4447077	4447078	+	0.1402	delta_sum_err	52	A	CCAAA	ok	False
chr5	4489475	4489476	+	0.11677	delta_sum_err	283	A	CCACC	ok	False
chr5	4556480	4556481	+	0.11463	delta_sum_err	33	A	GGAGT	ok	False
chr5	4558078	4558079	+	0.16296	delta_sum_err	67	A	ACATT	ok	False
chr5	4777905	4777906	+	0.13714	delta_sum_err	78	A	TCACT	ok	False
chr5	4779455	4779456	+	0.16999	delta_sum_err	50	A	ATAAA	ok	False
chr5	4779459	4779460	+	0.12346	delta_sum_err	45	A	ACATA	ok	False
chr5	4779477	4779478	+	0.15747	delta_sum_err	44	A	GCATA	ok	False
chr5	4848775	4848776	+	0.18617	delta_sum_err	87	A	TAAAA	ok	False
chr5	4848785	4848786	+	0.23072	delta_sum_err	91	A	ACAAG	ok	False
chr5	4848790	4848791	+	0.14229	delta_sum_err	29	A	ATAAA	ok	False
chr5	4978650	4978651	+	0.11897	delta_sum_err	177	A	TCATC	ok	False
chr5	4978675	4978676	+	0.1304	delta_sum_err	177	A	TTACA	ok	False
chr5	4978760	4978761	+	0.12044	delta_sum_err	159	A	GGAAC	ok	False
chr5	4978797	4978798	+	0.51984	delta_sum_err	105	A	TTAAG	ok	False
chr5	4978798	4978799	+	0.49575	delta_sum_err	164	A	TAAGA	ok	False
chr5	5484988	5484989	+	0.16025	delta_sum_err	148	A	TCAAA	ok	False
chr5	5484999	5485000	+	0.22309	delta_sum_err	161	A	TCAAC	ok	False
chr5	5649695	5649696	+	0.11875	delta_sum_err	296	A	TCAAA	ok	False
chr5	5650984	5650985	+	0.20434	delta_sum_err	264	A	TTAAA	ok	False
chr5	5686454	5686455	+	0.14252	delta_sum_err	44	A	ACATC	ok	False
chr5	5686574	5686575	+	0.11402	delta_sum_err	55	A	CAAGG	ok	False
chr5	6470485	6470486	+	0.15202	delta_sum_err	48	A	ACAGT	ok	False
chr5	6470594	6470595	+	0.1591	delta_sum_err	50	A	GCACA	ok	False
chr5	6470666	6470667	+	0.1598	delta_sum_err	48	A	CTAAA	ok	False
chr5	6470859	6470860	+	0.14745	delta_sum_err	43	A	AAACA	ok	True
chr5	649645	649646	+	0.19711	delta_sum_err	65	A	TCAAA	ok	False
chr5	649848	649849	+	0.13826	delta_sum_err	81	A	TCATC	ok	False
chr5	649964	649965	+	0.13827	delta_sum_err	79	A	TCAAA	ok	False
chr5	650004	650005	+	0.14013	delta_sum_err	69	A	ATAAA	ok	False
chr5	6556488	6556489	+	0.1383	delta_sum_err	38	A	AGAAA	ok	False
chr5	6556940	6556941	+	0.15308	delta_sum_err	60	A	CAAAG	ok	False
chr5	6557497	6557498	+	0.16668	delta_sum_err	69	A	CTAAA	ok	False
chr5	6740897	6740898	+	0.15152	delta_sum_err	63	A	ATAGC	ok	False
chr5	6764444	6764445	+	0.11667	delta_sum_err	178	A	ATAAA	ok	False
chr5	6764465	6764466	+	0.15525	delta_sum_err	206	A	AGAAC	ok	False
chr5	6764508	6764509	+	0.4258	delta_sum_err	173	A	GGACC	ok	True
chr5	797470	797471	+	0.11432	delta_sum_err	107	A	ACAAA	ok	False
chr5	8589484	8589485	+	0.11412	delta_sum_err	149	A	CAAAT	ok	False
chr5	8590949	8590950	+	0.15149	delta_sum_err	187	A	AGATA	ok	False
chr5	8774080	8774081	+	0.13588	delta_sum_err	64	A	CAACC	ok	False
chr5	8774086	8774087	+	0.1277	delta_sum_err	101	A	CCACC	ok	False
chr5	8774465	8774466	+	0.19337	delta_sum_err	91	A	TCACA	ok	False
chr5	8774758	8774759	+	0.12314	delta_sum_err	66	A	ACATA	ok	False
chr5	884645	884646	+	0.18053	delta_sum_err	71	A	TGAAA	ok	False
chr5	884746	884747	+	0.20076	delta_sum_err	80	A	GCAAA	ok	False
chr5	884755	884756	+	0.14394	delta_sum_err	88	A	CAAGC	ok	False
chr5	884904	884905	+	0.13643	delta_sum_err	63	A	CGAAA	ok	False
chr5	9074900	9074901	+	0.13747	delta_sum_err	256	A	TCAAA	ok	False
chr5	9075545	9075546	+	0.13669	delta_sum_err	288	A	ATAAA	ok	False
chr5	9208904	9208905	+	0.1135	delta_sum_err	133	A	GCAGA	ok	False
chr5	9648877	9648878	+	0.13619	delta_sum_err	42	A	CTAAA	ok	False
chr1	12582240	12582241	+	0.11299	delta_sum_err	63	A	GAATT	ok	False
chr1	12582369	12582370	+	0.1124	delta_sum_err	64	A	AAATC	ok	False
chr1	14158616	14158617	+	0.11299	delta_sum_err	169	A	ACATG	ok	False
chr1	17908157	17908158	+	0.11273	delta_sum_err	88	A	CTACT	ok	False
chr1	18517707	18517708	+	0.11274	delta_sum_err	137	A	CTAGA	ok	False
chr1	21256781	21256782	+	0.11235	delta_sum_err	90	A	TCACA	ok	False
chr1	24036485	24036486	+	0.1125	delta_sum_err	125	A	TCACT	ok	False
chr1	24058205	24058206	+	0.11289	delta_sum_err	141	A	GAATT	ok	False
chr1	24780506	24780507	+	0.1125	delta_sum_err	79	A	CTAGT	ok	False
chr1	25263718	25263719	+	0.11246	delta_sum_err	802	A	GGATA	ok	False
chr1	2537774	2537775	+	0.11265	delta_sum_err	118	A	TAAAG	ok	False
chr1	28252170	28252171	+	0.11319	delta_sum_err	101	A	GCAAA	ok	False
chr1	28328325	28328326	+	0.11246	delta_sum_err	113	A	TTACT	ok	False
chr1	29120052	29120053	+	0.11341	delta_sum_err	91	A	CAAAT	ok	False
chr1	4889546	4889547	+	0.11247	delta_sum_err	852	A	TGACT	ok	True
chr1	5402299	5402300	+	0.11278	delta_sum_err	309	A	AAAAA	ok	False
chr1	5870162	5870163	+	0.1126	delta_sum_err	53	A	TTACA	ok	False
chr1	5925548	5925549	+	0.11263	delta_sum_err	60	A	TCATA	ok	False
chr1	5925552	5925553	+	0.1123	delta_sum_err	51	A	ACATA	ok	False
chr1	5925784	5925785	+	0.11245	delta_sum_err	67	A	GCAGC	ok	False
chr1	6005429	6005430	+	0.11281	delta_sum_err	72	A	TTAAG	ok	False
chr1	6105098	6105099	+	0.11262	delta_sum_err	34	A	GTATC	ok	False
chr1	632975	632976	+	0.11247	delta_sum_err	34	A	GTACG	ok	False
chr1	7628185	7628186	+	0.11327	delta_sum_err	93	A	TGAAG	ok	False
chr2	11216510	11216511	+	0.11255	delta_sum_err	76	A	CAAAA	ok	False
chr2	1285860	1285861	+	0.11342	delta_sum_err	166	A	GTAGT	ok	False
chr2	14079851	14079852	+	0.11255	delta_sum_err	178	A	GGAAA	ok	False
chr2	15055714	15055715	+	0.11228	delta_sum_err	110	A	ACATG	ok	False
chr2	15055865	15055866	+	0.11255	delta_sum_err	98	A	AAACA	ok	True
chr2	15229350	15229351	+	0.11236	delta_sum_err	31	A	CCAAA	ok	False
chr2	1528419	1528420	+	0.11235	delta_sum_err	239	A	TTAAA	ok	False
chr2	16295860	16295861	+	0.11249	delta_sum_err	22	A	TTACA	ok	False
chr2	16589896	16589897	+	0.11291	delta_sum_err	61	A	ACAGT	ok	False
chr2	16592924	16592925	+	0.11244	delta_sum_err	86	A	TCACC	ok	False
chr2	1723655	1723656	+	0.11236	delta_sum_err	68	A	CTACA	ok	False
chr2	17775092	17775093	+	0.11319	delta_sum_err	125	A	CGATA	ok	False
chr2	18121675	18121676	+	0.11305	delta_sum_err	113	A	ACACT	ok	False
chr2	18122285	18122286	+	0.11249	delta_sum_err	118	A	CCAAA	ok	False
chr2	18857909	18857910	+	0.11341	delta_sum_err	99	A	ATAAC	ok	False
chr2	7051864	7051865	+	0.11256	delta_sum_err	55	A	CAAGT	ok	False
chr2	7052355	7052356	+	0.11261	delta_sum_err	61	A	TTAAC	ok	False
chr2	7566490	7566491	+	0.11277	delta_sum_err	45	A	TCACA	ok	False
chr2	775280	775281	+	0.11256	delta_sum_err	57	A	TCAAA	ok	False
chr2	9355481	9355482	+	0.1123	delta_sum_err	74	A	AGACA	ok	True
chr2	9925790	9925791	+	0.11304	delta_sum_err	41	A	ATAAG	ok	False
chr2	9925796	9925797	+	0.11241	delta_sum_err	18	A	GCAAA	ok	False
chr3	10315317	10315318	+	0.11248	delta_sum_err	64	A	TCACC	ok	False
chr3	19372452	19372453	+	0.11248	delta_sum_err	189	A	AAACA	ok	True
chr3	19865472	19865473	+	0.11235	delta_sum_err	56	A	GGAAA	ok	False
chr3	23456052	23456053	+	0.11234	delta_sum_err	78	A	CCAAT	ok	False
chr3	5455770	5455771	+	0.11245	delta_sum_err	351	A	ACATT	ok	False
chr3	5594415	5594416	+	0.11263	delta_sum_err	109	A	AAATC	ok	False
chr3	5594904	5594905	+	0.11256	delta_sum_err	147	A	CCACG	ok	False
chr3	8605085	8605086	+	0.11269	delta_sum_err	22	A	CAAAA	ok	False
chr3	9184525	9184526	+	0.11225	delta_sum_err	89	A	TGAAT	ok	False
chr3	9407585	9407586	+	0.11228	delta_sum_err	66	A	ATACT	ok	False
chr4	10943065	10943066	+	0.11225	delta_sum_err	162	A	CAAAG	ok	False
chr4	11156138	11156139	+	0.1125	delta_sum_err	29	A	GTAAA	ok	False
chr4	15190896	15190897	+	0.11295	delta_sum_err	129	A	ACATT	ok	False
chr4	5725319	5725320	+	0.1125	delta_sum_err	37	A	TCAAA	ok	False
chr4	7454309	7454310	+	0.11252	delta_sum_err	255	A	AAAAC	ok	False
chr5	1479954	1479955	+	0.1128	delta_sum_err	91	A	CAAAA	ok	False
chr5	16340669	16340670	+	0.11252	delta_sum_err	88	A	TCATG	ok	False
chr5	16637515	16637516	+	0.1125	delta_sum_err	77	A	CAAGA	ok	False
chr5	17391188	17391189	+	0.1125	delta_sum_err	29	A	ACAAC	ok	False
chr5	19168779	19168780	+	0.11259	delta_sum_err	113	A	GCATG	ok	False
chr5	19242239	19242240	+	0.11243	delta_sum_err	57	A	ACAAA	ok	False
chr5	19572538	19572539	+	0.11248	delta_sum_err	135	A	CCAAC	ok	False
chr5	21214697	21214698	+	0.11286	delta_sum_err	80	A	AAAAA	ok	False
chr5	21287881	21287882	+	0.11236	delta_sum_err	59	A	TGATA	ok	False
chr5	21466698	21466699	+	0.11228	delta_sum_err	101	A	CTATT	ok	False
chr5	21562125	21562126	+	0.11258	delta_sum_err	57	A	TCATT	ok	False
chr5	22297979	22297980	+	0.11261	delta_sum_err	71	A	CTAAT	ok	False
chr5	22400314	22400315	+	0.11264	delta_sum_err	121	A	AAACT	ok	True
chr5	22717601	22717602	+	0.11251	delta_sum_err	36	A	TCATG	ok	False
chr5	25185009	25185010	+	0.11336	delta_sum_err	71	A	GGAGG	ok	False
chr5	25186493	25186494	+	0.11235	delta_sum_err	116	A	AAAAA	ok	False
chr5	25922108	25922109	+	0.1124	delta_sum_err	103	A	GCAAT	ok	False
chr5	25974760	25974761	+	0.11247	delta_sum_err	90	A	GCACA	ok	False
chr5	26768609	26768610	+	0.11256	delta_sum_err	101	A	AAACC	ok	True
chr5	26854546	26854547	+	0.11244	delta_sum_err	64	A	CAACT	ok	False
chr5	3647050	3647051	+	0.11226	delta_sum_err	109	A	AAATA	ok	False
chr5	3758078	3758079	+	0.11263	delta_sum_err	65	A	TCACA	ok	False
chr5	4472562	4472563	+	0.11301	delta_sum_err	120	A	CAAAG	ok	False
chr5	4538557	4538558	+	0.11267	delta_sum_err	67	A	TAATT	ok	False
chr5	4691149	4691150	+	0.1129	delta_sum_err	65	A	CCATC	ok	False
chr5	4778140	4778141	+	0.11291	delta_sum_err	94	A	TCAAG	ok	False
chr5	4978800	4978801	+	0.11284	delta_sum_err	163	A	AGACC	ok	True
chr5	5652276	5652277	+	0.11364	delta_sum_err	57	A	CCAAA	ok	False
chr5	5658650	5658651	+	0.1875	delta_sum_err	41	A	AAAAA	ok	False
chr5	5658660	5658661	+	0.1875	delta_sum_err	41	A	ACATC	ok	False
chr5	5658760	5658761	+	0.11689	delta_sum_err	42	A	CCATA	ok	False
chr5	5659085	5659086	+	0.15527	delta_sum_err	43	A	TCAAA	ok	False
chr5	5686519	5686520	+	0.11294	delta_sum_err	50	A	TCAAA	ok	False
chr5	5686750	5686751	+	0.13846	delta_sum_err	53	A	CTAAA	ok	False
chr5	5686777	5686778	+	0.20906	delta_sum_err	48	A	GCATT	ok	False
chr5	5686795	5686796	+	0.15791	delta_sum_err	48	A	TTAAA	ok	False
chr5	588655	588656	+	0.13469	delta_sum_err	307	A	TGAAG	ok	False
chr5	588700	588701	+	0.13792	delta_sum_err	233	A	ATAAA	ok	False
chr5	6470685	6470686	+	0.1129	delta_sum_err	54	A	AAACG	ok	False
chr5	6472490	6472491	+	0.11264	delta_sum_err	65	A	CTAAC	ok	False
chr5	650000	650001	+	0.11481	delta_sum_err	69	A	TCAAA	ok	False
chr5	650019	650020	+	0.11296	delta_sum_err	80	A	GGATA	ok	False
chr5	6556905	6556906	+	0.30696	delta_sum_err	45	A	TCACT	ok	False
chr5	6556908	6556909	+	0.18712	delta_sum_err	62	A	CTAGA	ok	False
chr5	659650	659651	+	0.12459	delta_sum_err	328	A	TTAAG	ok	False
chr5	6597700	6597701	+	0.11236	delta_sum_err	42	A	TTATA	ok	False
chr5	6764260	6764261	+	0.1125	delta_sum_err	206	A	TCACC	ok	False
chr5	797500	797501	+	0.17022	delta_sum_err	118	A	CTACA	ok	False
chr5	797779	797780	+	0.18042	delta_sum_err	103	A	GCAAA	ok	False
chr5	797799	797800	+	0.13838	delta_sum_err	114	A	TCACC	ok	False
chr5	798995	798996	+	0.11713	delta_sum_err	121	A	CTAAA	ok	False
chr5	863847	863848	+	0.1124	delta_sum_err	104	A	TCAAA	ok	False
chr5	865600	865601	+	0.11364	delta_sum_err	126	A	ATACT	ok	False
chr5	9075086	9075087	+	0.21321	delta_sum_err	262	A	ACAAC	ok	False
chr1	10044502	10044503	-	0.10417	delta_sum_err	49	T	CATGA	ok	False
chr1	10044686	10044687	-	0.10417	delta_sum_err	47	T	AGTAT	ok	False
chr1	10044813	10044814	-	0.2038	delta_sum_err	40	T	TGTAC	ok	False
chr1	10051518	10051519	-	0.13461	delta_sum_err	6	T	CCTGA	ok	False
chr1	10051663	10051664	-	0.13182	delta_sum_err	41	T	TATAT	ok	False
chr1	10051713	10051714	-	0.13182	delta_sum_err	42	T	CTTAA	ok	False
chr1	10052074	10052075	-	0.12195	delta_sum_err	41	T	CTTAA	ok	False
chr1	10052482	10052483	-	0.10128	delta_sum_err	5	T	ATTAG	ok	False
chr1	10052489	10052490	-	0.10128	delta_sum_err	5	T	AATCA	ok	False
chr1	10052493	10052494	-	0.10128	delta_sum_err	4	T	AGTTA	ok	True
chr1	10052494	10052495	-	0.1276	delta_sum_err	4	T	GTTAA	ok	False
chr1	10052499	10052500	-	0.10128	delta_sum_err	5	T	GGTCT	ok	True
chr1	10052501	10052502	-	0.10128	delta_sum_err	5	T	TCTCA	ok	False
chr1	10052504	10052505	-	0.10128	delta_sum_err	5	T	CATAC	ok	False
chr1	10052507	10052508	-	0.10128	delta_sum_err	5	T	ACTGT	ok	False
chr1	10052509	10052510	-	0.10128	delta_sum_err	5	T	TGTTA	ok	True
chr1	10052510	10052511	-	0.10128	delta_sum_err	5	T	GTTAA	ok	False
chr1	10052514	10052515	-	0.10128	delta_sum_err	5	T	ACTTG	ok	False
chr1	10052515	10052516	-	0.10128	delta_sum_err	5	T	CTTGC	ok	False
chr1	10052520	10052521	-	0.10128	delta_sum_err	5	T	AGTTC	ok	True
chr1	10052521	10052522	-	0.10128	delta_sum_err	5	T	GTTCA	ok	False
chr1	1042993	1042994	-	0.10053	delta_sum_err	107	T	GATGA	ok	False
chr1	10584178	10584179	-	0.15051	delta_sum_err	136	T	GATAA	ok	False
chr1	10585209	10585210	-	0.11167	delta_sum_err	118	T	CTTGT	ok	False
chr1	10835503	10835504	-	0.10012	delta_sum_err	88	T	TCTAG	ok	False
chr1	10858536	10858537	-	0.15869	delta_sum_err	110	T	TTTGA	ok	False
chr1	10858735	10858736	-	0.12399	delta_sum_err	101	T	GGTAG	ok	False
chr1	10993999	10994000	-	0.12001	delta_sum_err	119	T	ATTTC	ok	False
chr1	1141664	1141665	-	0.13505	delta_sum_err	227	T	CATAA	ok	False
chr1	11537461	11537462	-	0.12044	delta_sum_err	220	T	CATCT	ok	False
chr1	11605923	11605924	-	0.13654	delta_sum_err	103	T	AATAA	ok	False
chr1	11606885	11606886	-	0.10896	delta_sum_err	117	T	GATAG	ok	False
chr1	11607570	11607571	-	0.14286	delta_sum_err	108	T	CTTAA	ok	False
chr1	11690781	11690782	-	0.10242	delta_sum_err	55	T	AATAG	ok	False
chr1	11690942	11690943	-	0.10784	delta_sum_err	53	T	AGTCC	ok	True
chr1	11758743	11758744	-	0.14195	delta_sum_err	58	T	AATAG	ok	False
chr1	1185634	1185635	-	0.125	delta_sum_err	60	T	TTTGA	ok	False
chr1	1185721	1185722	-	0.10865	delta_sum_err	58	T	CATTT	ok	False
chr1	11875746	11875747	-	0.1082	delta_sum_err	90	T	AGTAC	ok	False
chr1	12588034	12588035	-	0.11233	delta_sum_err	73	T	TGTAA	ok	False
chr1	12588944	12588945	-	0.125	delta_sum_err	54	T	AGTGC	ok	False
chr1	12589299	12589300	-	0.16129	delta_sum_err	69	T	TCTCC	ok	False
chr1	1357608	1357609	-	0.14938	delta_sum_err	122	T	GGTAA	ok	False
chr1	15651239	15651240	-	0.10634	delta_sum_err	620	T	GATAA	ok	False
chr1	156858	156859	-	0.10357	delta_sum_err	75	T	TGTAT	ok	False
chr1	157364	157365	-	0.15733	delta_sum_err	73	T	CCTGA	ok	False
chr1	16983239	16983240	-	0.1228	delta_sum_err	82	T	TCTTA	ok	False
chr1	17396304	17396305	-	0.1524	delta_sum_err	164	T	GGTAA	ok	False
chr1	17396643	17396644	-	0.10886	delta_sum_err	140	T	TGTGA	ok	False
chr1	17397111	17397112	-	0.1074	delta_sum_err	140	T	CTTGG	ok	False
chr1	17561157	17561158	-	0.17	delta_sum_err	21	T	ATTGG	ok	False
chr1	1766707	1766708	-	0.1069	delta_sum_err	372	T	TGTTG	ok	False
chr1	17908754	17908755	-	0.10539	delta_sum_err	92	T	AGTAC	ok	False
chr1	17910215	17910216	-	0.1228	delta_sum_err	63	T	TCTGA	ok	False
chr1	18176988	18176989	-	0.20158	delta_sum_err	124	T	TGTAT	ok	False
chr1	18286947	18286948	-	0.16047	delta_sum_err	133	T	TTTAA	ok	False
chr1	1829821	1829822	-	0.10917	delta_sum_err	85	T	AGTGT	ok	False
chr1	18321758	18321759	-	0.10204	delta_sum_err	50	T	TCTTA	ok	False
chr1	18501867	18501868	-	0.13428	delta_sum_err	150	T	TGTAA	ok	False
chr1	19325934	19325935	-	0.11417	delta_sum_err	49	T	GATGT	ok	False
chr1	19326075	19326076	-	0.10564	delta_sum_err	48	T	TATAA	ok	False
chr1	19326750	19326751	-	0.10031	delta_sum_err	46	T	CGTGA	ok	False
chr1	19335031	19335032	-	0.10618	delta_sum_err	34	T	TTTGA	ok	False
chr1	19383385	19383386	-	0.10043	delta_sum_err	36	T	TATAA	ok	False
chr1	19383681	19383682	-	0.14631	delta_sum_err	0	T	ACTGA	ok	False
chr1	19383833	19383834	-	0.13158	delta_sum_err	35	T	CGTCC	ok	False
chr1	19492356	19492357	-	0.11615	delta_sum_err	143	T	CTTTG	ok	False
chr1	1961237	1961238	-	0.13326	delta_sum_err	152	T	CTTGA	ok	False
chr1	1962478	1962479	-	0.13498	delta_sum_err	97	T	TGTAG	ok	False
chr1	19985799	19985800	-	0.11765	delta_sum_err	48	T	CGTGA	ok	False
chr1	19985842	19985843	-	0.17871	delta_sum_err	48	T	GATGA	ok	False
chr1	19985901	19985902	-	0.12355	delta_sum_err	40	T	CTTGA	ok	False
chr1	19991902	19991903	-	0.11793	delta_sum_err	72	T	CGTGA	ok	False
chr1	19991967	19991968	-	0.10076	delta_sum_err	6	T	CGTTT	ok	False
chr1	19992256	19992257	-	0.11587	delta_sum_err	71	T	CCTGA	ok	False
chr1	19993029	19993030	-	0.12702	delta_sum_err	62	T	GATGA	ok	False
chr1	19993054	19993055	-	0.14725	delta_sum_err	54	T	AGTAA	ok	False
chr1	2011957	2011958	-	0.14118	delta_sum_err	93	T	GATAA	ok	False
chr1	20160683	20160684	-	0.10756	delta_sum_err	55	T	GTTAA	ok	False
chr1	20195339	20195340	-	0.10061	delta_sum_err	72	T	CTTAA	ok	False
chr1	20196899	20196900	-	0.11265	delta_sum_err	62	T	AGTTA	ok	True
chr1	20197651	20197652	-	0.15645	delta_sum_err	20	T	TCTGC	ok	False
chr1	20197655	20197656	-	0.1777	delta_sum_err	4	T	CGTTA	ok	False
chr1	20197656	20197657	-	0.19465	delta_sum_err	15	T	GTTAC	ok	False
chr1	20197661	20197662	-	0.21159	delta_sum_err	13	T	AATGT	ok	False
chr1	20197663	20197664	-	0.17769	delta_sum_err	12	T	TGTTC	ok	True
chr1	20197664	20197665	-	0.20996	delta_sum_err	15	T	GTTCA	ok	False
chr1	20197674	20197675	-	0.27119	delta_sum_err	9	T	AATGT	ok	False
chr1	20197676	20197677	-	0.23729	delta_sum_err	9	T	TGTTA	ok	True
chr1	20197677	20197678	-	0.22034	delta_sum_err	10	T	GTTAA	ok	False
chr1	20197680	20197681	-	0.22034	delta_sum_err	9	T	AATCA	ok	False
chr1	20197683	20197684	-	0.22034	delta_sum_err	12	T	CATGT	ok	False
chr1	20197685	20197686	-	0.22034	delta_sum_err	13	T	TGTCC	ok	True
chr1	20197736	20197737	-	0.18798	delta_sum_err	34	T	CCTCC	ok	False
chr1	20197743	20197744	-	0.18798	delta_sum_err	34	T	CATCA	ok	False
chr1	20197746	20197747	-	0.20301	delta_sum_err	31	T	CATGT	ok	False
chr1	20197748	20197749	-	0.18798	delta_sum_err	33	T	TGTGG	ok	False
chr1	20197751	20197752	-	0.18798	delta_sum_err	34	T	GGTTA	ok	True
chr1	20197752	20197753	-	0.18798	delta_sum_err	34	T	GTTAG	ok	False
chr1	20401537	20401538	-	0.14187	delta_sum_err	182	T	CATAA	ok	False
chr1	20598644	20598645	-	0.10847	delta_sum_err	60	T	ACTAT	ok	False
chr1	2076563	2076564	-	0.10715	delta_sum_err	172	T	AGTCC	ok	True
chr1	20804179	20804180	-	0.18915	delta_sum_err	20	T	CATCG	ok	False
chr1	20804184	20804185	-	0.20503	delta_sum_err	19	T	AATAA	ok	False
chr1	20804187	20804188	-	0.22829	delta_sum_err	20	T	AATAC	ok	False
chr1	20804192	20804193	-	0.20503	delta_sum_err	19	T	ACTTC	ok	False
chr1	20804193	20804194	-	0.20503	delta_sum_err	20	T	CTTCA	ok	False
chr1	20804196	20804197	-	0.18422	delta_sum_err	22	T	CATTA	ok	False
chr1	20804197	20804198	-	0.20748	delta_sum_err	22	T	ATTAA	ok	False
chr1	20804204	20804205	-	0.18422	delta_sum_err	22	T	GATAA	ok	False
chr1	20804207	20804208	-	0.18422	delta_sum_err	22	T	AATTC	ok	False
chr1	20804208	20804209	-	0.18422	delta_sum_err	22	T	ATTCG	ok	False
chr1	20804212	20804213	-	0.20748	delta_sum_err	22	T	GCTTC	ok	False
chr1	20804213	20804214	-	0.18422	delta_sum_err	22	T	CTTCA	ok	False
chr1	20804217	20804218	-	0.16462	delta_sum_err	19	T	AATCG	ok	False
chr1	20804221	20804222	-	0.18788	delta_sum_err	19	T	GATAT	ok	False
chr1	20804223	20804224	-	0.18422	delta_sum_err	22	T	TATTA	ok	False
chr1	20804224	20804225	-	0.20748	delta_sum_err	22	T	ATTAT	ok	False
chr1	20804226	20804227	-	0.16461	delta_sum_err	22	T	TATCA	ok	False
chr1	20804234	20804235	-	0.18422	delta_sum_err	22	T	CATCC	ok	False
chr1	20804238	20804239	-	0.18788	delta_sum_err	20	T	CCTAA	ok	False
chr1	20804241	20804242	-	0.21112	delta_sum_err	22	T	AATAA	ok	False
chr1	20804246	20804247	-	0.18423	delta_sum_err	18	T	AATTT	ok	False
chr1	20804247	20804248	-	0.21112	delta_sum_err	22	T	ATTTA	ok	False
chr1	20804248	20804249	-	0.18422	delta_sum_err	22	T	TTTAT	ok	False
chr1	20804250	20804251	-	0.18422	delta_sum_err	22	T	TATTG	ok	False
chr1	20804251	20804252	-	0.18422	delta_sum_err	22	T	ATTGT	ok	False
chr1	20804253	20804254	-	0.20748	delta_sum_err	20	T	TGTAA	ok	False
chr1	20804257	20804258	-	0.18422	delta_sum_err	22	T	AGTAA	ok	False
chr1	20804261	20804262	-	0.19151	delta_sum_err	22	T	AATAA	ok	False
chr1	20804269	20804270	-	0.18422	delta_sum_err	22	T	ACTGG	ok	False
chr1	20804282	20804283	-	0.18422	delta_sum_err	21	T	CATAA	ok	False
chr1	20804444	20804445	-	0.14167	delta_sum_err	37	T	ACTAT	ok	False
chr1	20804448	20804449	-	0.17075	delta_sum_err	28	T	TGTGA	ok	False
chr1	20804490	20804491	-	0.10256	delta_sum_err	35	T	TTTGA	ok	False
chr1	20968138	20968139	-	0.10358	delta_sum_err	301	T	AGTCT	ok	True
chr1	20968804	20968805	-	0.10412	delta_sum_err	258	T	GTTAA	ok	False
chr1	20970115	20970116	-	0.13531	delta_sum_err	121	T	TGTAA	ok	False
chr1	21072940	21072941	-	0.10817	delta_sum_err	32	T	TCTTT	ok	False
chr1	21090250	21090251	-	0.1057	delta_sum_err	124	T	CTTCA	ok	False
chr1	21363087	21363088	-	0.11429	delta_sum_err	37	T	CTTAA	ok	False
chr1	21363138	21363139	-	0.10062	delta_sum_err	36	T	TGTAA	ok	False
chr1	21363190	21363191	-	0.12074	delta_sum_err	32	T	AGTAA	ok	False
chr1	21505202	21505203	-	0.10629	delta_sum_err	64	T	AATTG	ok	False
chr1	21505253	21505254	-	0.10489	delta_sum_err	64	T	ACTGT	ok	False
chr1	21505495	21505496	-	0.11607	delta_sum_err	53	T	GCTAT	ok	False
chr1	21613178	21613179	-	0.10969	delta_sum_err	100	T	AGTCC	ok	True
chr1	2192076	2192077	-	0.10119	delta_sum_err	91	T	CTTAA	ok	False
chr1	2193068	2193069	-	0.16883	delta_sum_err	77	T	CTTGA	ok	False
chr1	22095731	22095732	-	0.13141	delta_sum_err	66	T	GTTAA	ok	False
chr1	22096182	22096183	-	0.12037	delta_sum_err	54	T	AGTAC	ok	False
chr1	22354822	22354823	-	0.10526	delta_sum_err	134	T	TATGT	ok	False
chr1	22355035	22355036	-	0.11617	delta_sum_err	139	T	CATGA	ok	False
chr1	22718781	22718782	-	0.13287	delta_sum_err	96	T	AGTTG	ok	False
chr1	22798222	22798223	-	0.11376	delta_sum_err	36	T	AATGC	ok	False
chr1	22798510	22798511	-	0.10204	delta_sum_err	43	T	GGTTA	ok	True
chr1	22800663	22800664	-	0.12903	delta_sum_err	31	T	AATAG	ok	False
chr1	22800672	22800673	-	0.12802	delta_sum_err	31	T	CATCC	ok	False
chr1	22800771	22800772	-	0.13105	delta_sum_err	31	T	TATAA	ok	False
chr1	22800801	22800802	-	0.125	delta_sum_err	31	T	CTTGA	ok	False
chr1	22800816	22800817	-	0.12903	delta_sum_err	30	T	GCTAG	ok	False
chr1	22813015	22813016	-	0.10094	delta_sum_err	107	T	TGTGT	ok	False
chr1	22813034	22813035	-	0.10811	delta_sum_err	118	T	TCTTG	ok	False
chr1	23136845	23136846	-	0.10053	delta_sum_err	286	T	CGTTG	ok	False
chr1	23234724	23234725	-	0.11213	delta_sum_err	227	T	TGTAT	ok	False
chr1	23235851	23235852	-	0.11189	delta_sum_err	149	T	CTTTA	ok	False
chr1	23235852	23235853	-	0.15074	delta_sum_err	146	T	TTTAA	ok	False
chr1	23657756	23657757	-	0.10419	delta_sum_err	89	T	AGTAA	ok	False
chr1	23657778	23657779	-	0.10419	delta_sum_err	95	T	TCTTA	ok	False
chr1	23738860	23738861	-	0.11528	delta_sum_err	76	T	TGTTT	ok	True
chr1	23738884	23738885	-	0.10139	delta_sum_err	140	T	TTTAA	ok	False
chr1	24052663	24052664	-	0.10606	delta_sum_err	108	T	AATGT	ok	False
chr1	24061314	24061315	-	0.13246	delta_sum_err	56	T	AGTCC	ok	True
chr1	24061376	24061377	-	0.12727	delta_sum_err	49	T	GGTAA	ok	False
chr1	24134768	24134769	-	0.12382	delta_sum_err	58	T	TCTAT	ok	False
chr1	2421256	2421257	-	0.10332	delta_sum_err	146	T	TTTAA	ok	False
chr1	2421780	2421781	-	0.13333	delta_sum_err	94	T	TGTGA	ok	False
chr1	24557639	24557640	-	0.1084	delta_sum_err	93	T	CCTAA	ok	False
chr1	24559414	24559415	-	0.13527	delta_sum_err	385	T	AGTCA	ok	True
chr1	2463076	2463077	-	0.11724	delta_sum_err	51	T	GATAA	ok	False
chr1	24774342	24774343	-	0.19257	delta_sum_err	134	T	ATTAA	ok	False
chr1	24774473	24774474	-	0.10239	delta_sum_err	133	T	TCTGA	ok	False
chr1	25045228	25045229	-	0.24798	delta_sum_err	15	T	TCTGC	ok	False
chr1	25045238	25045239	-	0.29984	delta_sum_err	24	T	CCTCA	ok	False
chr1	25045241	25045242	-	0.30315	delta_sum_err	24	T	CATGA	ok	False
chr1	25045246	25045247	-	0.30398	delta_sum_err	25	T	GGTAA	ok	False
chr1	25045251	25045252	-	0.28758	delta_sum_err	27	T	ACTTA	ok	False
chr1	25045252	25045253	-	0.30398	delta_sum_err	28	T	CTTAT	ok	False
chr1	25045254	25045255	-	0.29849	delta_sum_err	35	T	TATTG	ok	False
chr1	25045255	25045256	-	0.29849	delta_sum_err	35	T	ATTGA	ok	False
chr1	25045265	25045266	-	0.29173	delta_sum_err	35	T	GATGA	ok	False
chr1	25045272	25045273	-	0.21271	delta_sum_err	46	T	ACTTG	ok	False
chr1	25045273	25045274	-	0.20812	delta_sum_err	53	T	CTTGT	ok	False
chr1	25045275	25045276	-	0.24701	delta_sum_err	51	T	TGTCT	ok	True
chr1	25045277	25045278	-	0.2036	delta_sum_err	49	T	TCTCG	ok	False
chr1	25045282	25045283	-	0.25034	delta_sum_err	55	T	AGTTG	ok	False
chr1	25045283	25045284	-	0.21217	delta_sum_err	59	T	GTTGT	ok	False
chr1	25045285	25045286	-	0.22294	delta_sum_err	57	T	TGTTT	ok	True
chr1	25045286	25045287	-	0.17105	delta_sum_err	61	T	GTTTG	ok	False
chr1	25045287	25045288	-	0.22733	delta_sum_err	63	T	TTTGG	ok	False
chr1	25045290	25045291	-	0.27935	delta_sum_err	58	T	GGTCT	ok	True
chr1	25045292	25045293	-	0.21749	delta_sum_err	61	T	TCTCA	ok	False
chr1	25045295	25045296	-	0.20857	delta_sum_err	58	T	CATTG	ok	False
chr1	25045296	25045297	-	0.18984	delta_sum_err	63	T	ATTGA	ok	False
chr1	25045299	25045300	-	0.22044	delta_sum_err	66	T	GATAC	ok	False
chr1	25045302	25045303	-	0.21147	delta_sum_err	67	T	ACTGT	ok	False
chr1	25045304	25045305	-	0.24117	delta_sum_err	66	T	TGTCA	ok	True
chr1	25045312	25045313	-	0.22044	delta_sum_err	67	T	ACTTA	ok	False
chr1	25045313	25045314	-	0.20157	delta_sum_err	67	T	CTTAA	ok	False
chr1	25045320	25045321	-	0.22044	delta_sum_err	66	T	CATTA	ok	False
chr1	25045321	25045322	-	0.21147	delta_sum_err	67	T	ATTAC	ok	False
chr1	25045327	25045328	-	0.20157	delta_sum_err	67	T	GCTAA	ok	False
chr1	25045330	25045331	-	0.23033	delta_sum_err	64	T	AATTT	ok	False
chr1	25045331	25045332	-	0.23034	delta_sum_err	67	T	ATTTA	ok	False
chr1	25045332	25045333	-	0.22044	delta_sum_err	66	T	TTTAA	ok	False
chr1	25045337	25045338	-	0.23033	delta_sum_err	53	T	CATGA	ok	False
chr1	25045349	25045350	-	0.22044	delta_sum_err	65	T	CATAA	ok	False
chr1	25045352	25045353	-	0.21146	delta_sum_err	63	T	AATGA	ok	False
chr1	25045359	25045360	-	0.20157	delta_sum_err	66	T	CATCA	ok	False
chr1	25045362	25045363	-	0.23034	delta_sum_err	66	T	CATTC	ok	False
chr1	25045363	25045364	-	0.22044	delta_sum_err	67	T	ATTCC	ok	False
chr1	25045369	25045370	-	0.23034	delta_sum_err	66	T	AATCT	ok	False
chr1	25045371	25045372	-	0.24024	delta_sum_err	66	T	TCTTT	ok	False
chr1	25045372	25045373	-	0.22137	delta_sum_err	67	T	CTTTA	ok	False
chr1	25045373	25045374	-	0.26004	delta_sum_err	66	T	TTTAT	ok	False
chr1	25045375	25045376	-	0.22044	delta_sum_err	66	T	TATAG	ok	False
chr1	25045381	25045382	-	0.22044	delta_sum_err	57	T	CATTT	ok	False
chr1	25045382	25045383	-	0.22044	delta_sum_err	67	T	ATTTA	ok	False
chr1	25045383	25045384	-	0.24024	delta_sum_err	61	T	TTTAA	ok	False
chr1	25045396	25045397	-	0.22044	delta_sum_err	65	T	GATCA	ok	False
chr1	25045399	25045400	-	0.22044	delta_sum_err	67	T	CATCA	ok	False
chr1	25045404	25045405	-	0.24116	delta_sum_err	62	T	GCTTA	ok	False
chr1	25045405	25045406	-	0.24116	delta_sum_err	62	T	CTTAT	ok	False
chr1	25045407	25045408	-	0.23033	delta_sum_err	62	T	TATTT	ok	False
chr1	25045408	25045409	-	0.20157	delta_sum_err	67	T	ATTTG	ok	False
chr1	25045409	25045410	-	0.22044	delta_sum_err	67	T	TTTGT	ok	False
chr1	25045411	25045412	-	0.23034	delta_sum_err	67	T	TGTAC	ok	False
chr1	25045414	25045415	-	0.21147	delta_sum_err	65	T	ACTGG	ok	False
chr1	25045417	25045418	-	0.24024	delta_sum_err	65	T	GGTTG	ok	False
chr1	25045418	25045419	-	0.22044	delta_sum_err	66	T	GTTGT	ok	False
chr1	25045420	25045421	-	0.2124	delta_sum_err	67	T	TGTTG	ok	False
chr1	25045421	25045422	-	0.22044	delta_sum_err	67	T	GTTGA	ok	False
chr1	25045424	25045425	-	0.24117	delta_sum_err	65	T	GATTA	ok	False
chr1	25045425	25045426	-	0.1926	delta_sum_err	66	T	ATTAT	ok	False
chr1	25045427	25045428	-	0.22044	delta_sum_err	67	T	TATAG	ok	False
chr1	25045431	25045432	-	0.22044	delta_sum_err	61	T	GCTTT	ok	False
chr1	25045432	25045433	-	0.20156	delta_sum_err	64	T	CTTTG	ok	False
chr1	25045433	25045434	-	0.23033	delta_sum_err	62	T	TTTGG	ok	False
chr1	25045436	25045437	-	0.25014	delta_sum_err	65	T	GGTTA	ok	True
chr1	25045437	25045438	-	0.20157	delta_sum_err	66	T	GTTAC	ok	False
chr1	25045444	25045445	-	0.22043	delta_sum_err	64	T	AATGC	ok	False
chr1	25045454	25045455	-	0.22044	delta_sum_err	66	T	GATTC	ok	False
chr1	25045455	25045456	-	0.22044	delta_sum_err	66	T	ATTCC	ok	False
chr1	25045482	25045483	-	0.24086	delta_sum_err	65	T	AGTGA	ok	False
chr1	25045492	25045493	-	0.23096	delta_sum_err	67	T	AATGC	ok	False
chr1	25045496	25045497	-	0.22163	delta_sum_err	67	T	CCTCG	ok	False
chr1	25045499	25045500	-	0.22163	delta_sum_err	67	T	CGTCT	ok	False
chr1	25045501	25045502	-	0.24086	delta_sum_err	66	T	TCTCG	ok	False
chr1	25045505	25045506	-	0.23096	delta_sum_err	67	T	GATCT	ok	False
chr1	25045507	25045508	-	0.23096	delta_sum_err	67	T	TCTGG	ok	False
chr1	25045510	25045511	-	0.22277	delta_sum_err	67	T	GGTTC	ok	True
chr1	25045511	25045512	-	0.23095	delta_sum_err	64	T	GTTCT	ok	False
chr1	25045513	25045514	-	0.23096	delta_sum_err	67	T	TCTCT	ok	False
chr1	25045515	25045516	-	0.24085	delta_sum_err	64	T	TCTAA	ok	False
chr1	25045522	25045523	-	0.23096	delta_sum_err	66	T	CATCA	ok	False
chr1	25045525	25045526	-	0.22163	delta_sum_err	66	T	CATTA	ok	False
chr1	25045526	25045527	-	0.24086	delta_sum_err	67	T	ATTAT	ok	False
chr1	25045528	25045529	-	0.25362	delta_sum_err	66	T	TATAA	ok	False
chr1	25045533	25045534	-	0.23096	delta_sum_err	66	T	ACTTG	ok	False
chr1	25045534	25045535	-	0.23096	delta_sum_err	66	T	CTTGC	ok	False
chr1	25045624	25045625	-	0.24359	delta_sum_err	66	T	CGTGC	ok	False
chr1	25045637	25045638	-	0.23446	delta_sum_err	66	T	GATCT	ok	False
chr1	25045639	25045640	-	0.24359	delta_sum_err	66	T	TCTAC	ok	False
chr1	25045652	25045653	-	0.24359	delta_sum_err	66	T	GATGA	ok	False
chr1	25045656	25045657	-	0.26379	delta_sum_err	66	T	AATCC	ok	False
chr1	25045674	25045675	-	0.24019	delta_sum_err	63	T	AGTCA	ok	True
chr1	25045677	25045678	-	0.26059	delta_sum_err	54	T	CATTT	ok	False
chr1	25045678	25045679	-	0.23116	delta_sum_err	65	T	ATTTC	ok	False
chr1	25045679	25045680	-	0.2606	delta_sum_err	65	T	TTTCA	ok	False
chr1	25045683	25045684	-	0.23234	delta_sum_err	63	T	ACTTG	ok	False
chr1	25045684	25045685	-	0.20173	delta_sum_err	63	T	CTTGA	ok	False
chr1	25045692	25045693	-	0.24018	delta_sum_err	52	T	CATTT	ok	False
chr1	25045693	25045694	-	0.24018	delta_sum_err	64	T	ATTTT	ok	False
chr1	25045694	25045695	-	0.25039	delta_sum_err	65	T	TTTTA	ok	False
chr1	25045695	25045696	-	0.24019	delta_sum_err	65	T	TTTAG	ok	False
chr1	25045699	25045700	-	0.24019	delta_sum_err	65	T	GCTAT	ok	False
chr1	25045701	25045702	-	0.24019	delta_sum_err	65	T	TATTC	ok	False
chr1	25045702	25045703	-	0.25039	delta_sum_err	65	T	ATTCC	ok	False
chr1	25045784	25045785	-	0.21075	delta_sum_err	64	T	CCTCT	ok	False
chr1	25045786	25045787	-	0.19152	delta_sum_err	64	T	TCTGG	ok	False
chr1	25045794	25045795	-	0.23117	delta_sum_err	50	T	CATGT	ok	False
chr1	25045796	25045797	-	0.20172	delta_sum_err	55	T	TGTAT	ok	False
chr1	25045798	25045799	-	0.21075	delta_sum_err	56	T	TATTT	ok	False
chr1	25045799	25045800	-	0.21193	delta_sum_err	64	T	ATTTA	ok	False
chr1	25045800	25045801	-	0.1927	delta_sum_err	64	T	TTTAC	ok	False
chr1	25045803	25045804	-	0.23115	delta_sum_err	62	T	ACTAG	ok	False
chr1	25045812	25045813	-	0.22096	delta_sum_err	61	T	CATGT	ok	False
chr1	25045814	25045815	-	0.23116	delta_sum_err	61	T	TGTAT	ok	False
chr1	25045816	25045817	-	0.22096	delta_sum_err	56	T	TATTT	ok	False
chr1	25045817	25045818	-	0.23116	delta_sum_err	65	T	ATTTG	ok	False
chr1	25045818	25045819	-	0.22096	delta_sum_err	65	T	TTTGA	ok	False
chr1	25045824	25045825	-	0.22096	delta_sum_err	65	T	CGTCT	ok	False
chr1	25045826	25045827	-	0.23116	delta_sum_err	65	T	TCTCG	ok	False
chr1	25045831	25045832	-	0.2278	delta_sum_err	60	T	GGTGT	ok	False
chr1	25045833	25045834	-	0.21748	delta_sum_err	64	T	TGTCC	ok	True
chr1	25045842	25045843	-	0.21749	delta_sum_err	61	T	AATGT	ok	False
chr1	25045844	25045845	-	0.19826	delta_sum_err	61	T	TGTAT	ok	False
chr1	25045846	25045847	-	0.20856	delta_sum_err	64	T	TATAA	ok	False
chr1	25045853	25045854	-	0.23811	delta_sum_err	62	T	AATAC	ok	False
chr1	25045859	25045860	-	0.2278	delta_sum_err	60	T	CATAT	ok	False
chr1	25045861	25045862	-	0.19825	delta_sum_err	63	T	TATAA	ok	False
chr1	25045864	25045865	-	0.25872	delta_sum_err	64	T	AATAC	ok	False
chr1	25045870	25045871	-	0.15641	delta_sum_err	64	T	CCTAA	ok	False
chr1	25045875	25045876	-	0.23811	delta_sum_err	59	T	GATGA	ok	False
chr1	25045878	25045879	-	0.19826	delta_sum_err	58	T	GATAT	ok	False
chr1	25045880	25045881	-	0.24841	delta_sum_err	64	T	TATAC	ok	False
chr1	25045885	25045886	-	0.24842	delta_sum_err	61	T	GGTAC	ok	False
chr1	25045890	25045891	-	0.21748	delta_sum_err	64	T	GCTAC	ok	False
chr1	25045893	25045894	-	0.21749	delta_sum_err	61	T	ACTCT	ok	False
chr1	25045895	25045896	-	0.21748	delta_sum_err	63	T	TCTCC	ok	False
chr1	25045899	25045900	-	0.18921	delta_sum_err	61	T	CATAC	ok	False
chr1	25045904	25045905	-	0.18566	delta_sum_err	59	T	ACTTC	ok	False
chr1	25045905	25045906	-	0.22488	delta_sum_err	63	T	CTTCT	ok	False
chr1	25045907	25045908	-	0.2353	delta_sum_err	59	T	TCTTG	ok	False
chr1	25045908	25045909	-	0.22488	delta_sum_err	63	T	CTTGG	ok	False
chr1	25045911	25045912	-	0.22488	delta_sum_err	62	T	GGTCT	ok	True
chr1	25045994	25045995	-	0.21756	delta_sum_err	56	T	AATTT	ok	False
chr1	25045995	25045996	-	0.21757	delta_sum_err	61	T	ATTTC	ok	False
chr1	25045996	25045997	-	0.21757	delta_sum_err	61	T	TTTCA	ok	False
chr1	25046001	25046002	-	0.21756	delta_sum_err	56	T	GCTTT	ok	False
chr1	25046002	25046003	-	0.17835	delta_sum_err	60	T	CTTTT	ok	False
chr1	25046003	25046004	-	0.17105	delta_sum_err	60	T	TTTTG	ok	False
chr1	25046004	25046005	-	0.19796	delta_sum_err	61	T	TTTGG	ok	False
chr1	25046007	25046008	-	0.24948	delta_sum_err	60	T	GGTGC	ok	False
chr1	25046010	25046011	-	0.21757	delta_sum_err	60	T	GCTAC	ok	False
chr1	25046018	25046019	-	0.21755	delta_sum_err	57	T	CATTA	ok	False
chr1	25046019	25046020	-	0.22821	delta_sum_err	60	T	ATTAG	ok	False
chr1	25046024	25046025	-	0.21757	delta_sum_err	54	T	AGTAT	ok	False
chr1	25046026	25046027	-	0.22986	delta_sum_err	56	T	TATAG	ok	False
chr1	25046034	25046035	-	0.21379	delta_sum_err	59	T	GGTAA	ok	False
chr1	25046045	25046046	-	0.21378	delta_sum_err	49	T	GGTAG	ok	False
chr1	25046048	25046049	-	0.21379	delta_sum_err	57	T	AGTTC	ok	True
chr1	25046049	25046050	-	0.21378	delta_sum_err	59	T	GTTCC	ok	False
chr1	25046061	25046062	-	0.20493	delta_sum_err	59	T	AATAC	ok	False
chr1	25046066	25046067	-	0.2353	delta_sum_err	53	T	ACTGC	ok	False
chr1	25046069	25046070	-	0.22455	delta_sum_err	54	T	GCTTG	ok	False
chr1	25046070	25046071	-	0.22455	delta_sum_err	58	T	CTTGC	ok	False
chr1	25046075	25046076	-	0.22454	delta_sum_err	60	T	AATCT	ok	False
chr1	25046077	25046078	-	0.24605	delta_sum_err	59	T	TCTGA	ok	False
chr1	25046081	25046082	-	0.20303	delta_sum_err	57	T	AGTAG	ok	False
chr1	25046084	25046085	-	0.20304	delta_sum_err	58	T	AGTAG	ok	False
chr1	25046087	25046088	-	0.20304	delta_sum_err	56	T	AGTTA	ok	True
chr1	25046088	25046089	-	0.20304	delta_sum_err	59	T	GTTAA	ok	False
chr1	25046200	25046201	-	0.21132	delta_sum_err	50	T	CATGA	ok	False
chr1	25046206	25046207	-	0.21133	delta_sum_err	55	T	GCTCG	ok	False
chr1	25046209	25046210	-	0.21361	delta_sum_err	56	T	CGTAC	ok	False
chr1	25046221	25046222	-	0.22208	delta_sum_err	60	T	AATTT	ok	False
chr1	25046222	25046223	-	0.22208	delta_sum_err	60	T	ATTTC	ok	False
chr1	25046223	25046224	-	0.23283	delta_sum_err	60	T	TTTCT	ok	False
chr1	25046225	25046226	-	0.22209	delta_sum_err	53	T	TCTTG	ok	False
chr1	25046226	25046227	-	0.22208	delta_sum_err	51	T	CTTGT	ok	False
chr1	25046228	25046229	-	0.17742	delta_sum_err	55	T	TGTGA	ok	False
chr1	25046233	25046234	-	0.23531	delta_sum_err	54	T	ACTAC	ok	False
chr1	25046238	25046239	-	0.2334	delta_sum_err	59	T	GGTGT	ok	False
chr1	25046240	25046241	-	0.16762	delta_sum_err	54	T	TGTAA	ok	False
chr1	25046246	25046247	-	0.23339	delta_sum_err	60	T	AATTG	ok	False
chr1	25046247	25046248	-	0.24414	delta_sum_err	60	T	ATTGG	ok	False
chr1	25046252	25046253	-	0.31269	delta_sum_err	60	T	ACTGA	ok	False
chr1	25046262	25046263	-	0.24516	delta_sum_err	60	T	GATTC	ok	False
chr1	25046263	25046264	-	0.24516	delta_sum_err	60	T	ATTCT	ok	False
chr1	25046265	25046266	-	0.24516	delta_sum_err	57	T	TCTTG	ok	False
chr1	25046266	25046267	-	0.26667	delta_sum_err	59	T	CTTGA	ok	False
chr1	25046269	25046270	-	0.24516	delta_sum_err	60	T	GATCC	ok	False
chr1	25046272	25046273	-	0.23591	delta_sum_err	59	T	CCTCC	ok	False
chr1	25046277	25046278	-	0.27742	delta_sum_err	59	T	AATGA	ok	False
chr1	25046283	25046284	-	0.24516	delta_sum_err	60	T	GCTCC	ok	False
chr1	25046291	25046292	-	0.23591	delta_sum_err	59	T	GATGA	ok	False
chr1	25046294	25046295	-	0.25591	delta_sum_err	60	T	GATCT	ok	False
chr1	25046296	25046297	-	0.24516	delta_sum_err	60	T	TCTAA	ok	False
chr1	25046299	25046300	-	0.24516	delta_sum_err	57	T	AATCT	ok	False
chr1	25046301	25046302	-	0.25591	delta_sum_err	59	T	TCTAA	ok	False
chr1	25046304	25046305	-	0.24516	delta_sum_err	60	T	AATCT	ok	False
chr1	25046306	25046307	-	0.24516	delta_sum_err	60	T	TCTTT	ok	False
chr1	25046307	25046308	-	0.25591	delta_sum_err	60	T	CTTTG	ok	False
chr1	25046308	25046309	-	0.24516	delta_sum_err	60	T	TTTGA	ok	False
chr1	25046315	25046316	-	0.24516	delta_sum_err	60	T	AATCA	ok	False
chr1	25046326	25046327	-	0.24516	delta_sum_err	59	T	AGTTC	ok	True
chr1	25046327	25046328	-	0.24516	delta_sum_err	60	T	GTTCC	ok	False
chr1	25046332	25046333	-	0.25591	delta_sum_err	60	T	GATCT	ok	False
chr1	25046334	25046335	-	0.2213	delta_sum_err	46	T	TCTTT	ok	False
chr1	25046335	25046336	-	0.24131	delta_sum_err	56	T	CTTTT	ok	False
chr1	25046336	25046337	-	0.2213	delta_sum_err	59	T	TTTTA	ok	False
chr1	25046337	25046338	-	0.2413	delta_sum_err	59	T	TTTAG	ok	False
chr1	25046348	25046349	-	0.25934	delta_sum_err	57	T	CGTTG	ok	False
chr1	25046349	25046350	-	0.24835	delta_sum_err	57	T	GTTGC	ok	False
chr1	25046353	25046354	-	0.23736	delta_sum_err	56	T	CGTTT	ok	False
chr1	25046354	25046355	-	0.23736	delta_sum_err	58	T	GTTTC	ok	False
chr1	25046355	25046356	-	0.23736	delta_sum_err	58	T	TTTCA	ok	False
chr1	25046358	25046359	-	0.2496	delta_sum_err	58	T	CATCA	ok	False
chr1	25046642	25046643	-	0.26496	delta_sum_err	51	T	GATGA	ok	False
chr1	25046655	25046656	-	0.28718	delta_sum_err	54	T	GCTGA	ok	False
chr1	25046662	25046663	-	0.27607	delta_sum_err	53	T	AATGA	ok	False
chr1	25046680	25046681	-	0.28261	delta_sum_err	51	T	CATCT	ok	False
chr1	25046682	25046683	-	0.2826	delta_sum_err	56	T	TCTCT	ok	False
chr1	25046684	25046685	-	0.2896	delta_sum_err	55	T	TCTGA	ok	False
chr1	25046687	25046688	-	0.27836	delta_sum_err	54	T	GATTC	ok	False
chr1	25046688	25046689	-	0.27836	delta_sum_err	55	T	ATTCA	ok	False
chr1	25046693	25046694	-	0.27836	delta_sum_err	55	T	AATCT	ok	False
chr1	25046695	25046696	-	0.30083	delta_sum_err	52	T	TCTTC	ok	False
chr1	25046696	25046697	-	0.2896	delta_sum_err	55	T	CTTCA	ok	False
chr1	25046703	25046704	-	0.27836	delta_sum_err	53	T	ACTAA	ok	False
chr1	25046706	25046707	-	0.27836	delta_sum_err	54	T	AATTG	ok	False
chr1	25046707	25046708	-	0.27836	delta_sum_err	55	T	ATTGC	ok	False
chr1	25046716	25046717	-	0.27273	delta_sum_err	43	T	AATTG	ok	False
chr1	25046717	25046718	-	0.26692	delta_sum_err	42	T	ATTGA	ok	False
chr1	25046720	25046721	-	0.2503	delta_sum_err	37	T	GATCT	ok	False
chr1	25046722	25046723	-	0.25029	delta_sum_err	34	T	TCTTT	ok	False
chr1	25046723	25046724	-	0.25029	delta_sum_err	36	T	CTTTC	ok	False
chr1	25046724	25046725	-	0.25029	delta_sum_err	36	T	TTTCA	ok	False
chr1	25046727	25046728	-	0.22947	delta_sum_err	37	T	CATCA	ok	False
chr1	25046732	25046733	-	0.25029	delta_sum_err	34	T	CCTTC	ok	False
chr1	25046733	25046734	-	0.2503	delta_sum_err	35	T	CTTCT	ok	False
chr1	25046735	25046736	-	0.2503	delta_sum_err	37	T	TCTTC	ok	False
chr1	25046736	25046737	-	0.26438	delta_sum_err	37	T	CTTCA	ok	False
chr1	25046745	25046746	-	0.24346	delta_sum_err	31	T	ACTCT	ok	False
chr1	25046747	25046748	-	0.24346	delta_sum_err	36	T	TCTCT	ok	False
chr1	25046749	25046750	-	0.25193	delta_sum_err	32	T	TCTGC	ok	False
chr1	25046753	25046754	-	0.24468	delta_sum_err	21	T	CATAT	ok	False
chr1	25046755	25046756	-	0.24468	delta_sum_err	30	T	TATAT	ok	False
chr1	25046757	25046758	-	0.24468	delta_sum_err	33	T	TATAT	ok	False
chr1	25046759	25046760	-	0.24468	delta_sum_err	32	T	TATAA	ok	False
chr1	25046762	25046763	-	0.25939	delta_sum_err	33	T	AATGG	ok	False
chr1	25046768	25046769	-	0.23722	delta_sum_err	32	T	AATGG	ok	False
chr1	25046771	25046772	-	0.25215	delta_sum_err	32	T	GGTTG	ok	False
chr1	25046772	25046773	-	0.26707	delta_sum_err	33	T	GTTGC	ok	False
chr1	25046779	25046780	-	0.23722	delta_sum_err	32	T	GATTT	ok	False
chr1	25046780	25046781	-	0.23722	delta_sum_err	33	T	ATTTC	ok	False
chr1	25046781	25046782	-	0.23722	delta_sum_err	33	T	TTTCC	ok	False
chr1	25046786	25046787	-	0.22341	delta_sum_err	34	T	ACTGG	ok	False
chr1	25046790	25046791	-	0.26596	delta_sum_err	34	T	GATAA	ok	False
chr1	25046806	25046807	-	0.25953	delta_sum_err	30	T	AGTGG	ok	False
chr1	25046821	25046822	-	0.25349	delta_sum_err	14	T	AGTTG	ok	False
chr1	25046822	25046823	-	0.2739	delta_sum_err	15	T	GTTGT	ok	False
chr1	25046824	25046825	-	0.25349	delta_sum_err	15	T	TGTCT	ok	True
chr1	25046826	25046827	-	0.23309	delta_sum_err	12	T	TCTTT	ok	False
chr1	25046827	25046828	-	0.23309	delta_sum_err	13	T	CTTTC	ok	False
chr1	25046828	25046829	-	0.23309	delta_sum_err	13	T	TTTCA	ok	False
chr1	25046832	25046833	-	0.23308	delta_sum_err	14	T	ACTCT	ok	False
chr1	25046834	25046835	-	0.23308	delta_sum_err	14	T	TCTTT	ok	False
chr1	25046835	25046836	-	0.23308	delta_sum_err	14	T	CTTTC	ok	False
chr1	25046836	25046837	-	0.23308	delta_sum_err	14	T	TTTCT	ok	False
chr1	25046838	25046839	-	0.27391	delta_sum_err	13	T	TCTTT	ok	False
chr1	25046839	25046840	-	0.2182	delta_sum_err	13	T	CTTTG	ok	False
chr1	25046840	25046841	-	0.20269	delta_sum_err	12	T	TTTGC	ok	False
chr1	25046843	25046844	-	0.1865	delta_sum_err	11	T	GCTCA	ok	False
chr1	25046847	25046848	-	0.17752	delta_sum_err	9	T	AGTGT	ok	False
chr1	25046849	25046850	-	0.17752	delta_sum_err	9	T	TGTCG	ok	False
chr1	25047216	25047217	-	0.10527	delta_sum_err	3	T	GATTT	ok	False
chr1	25047222	25047223	-	0.10527	delta_sum_err	1	T	AGTGA	ok	False
chr1	25047226	25047227	-	0.10527	delta_sum_err	3	T	AATTT	ok	False
chr1	25047227	25047228	-	0.10527	delta_sum_err	3	T	ATTTA	ok	False
chr1	25188765	25188766	-	0.10341	delta_sum_err	148	T	CGTGA	ok	False
chr1	25416018	25416019	-	0.14869	delta_sum_err	181	T	GGTCC	ok	True
chr1	25449370	25449371	-	0.11344	delta_sum_err	65	T	ACTGA	ok	False
chr1	25449392	25449393	-	0.13018	delta_sum_err	99	T	ATTAA	ok	False
chr1	25449421	25449422	-	0.10008	delta_sum_err	103	T	TTTAG	ok	False
chr1	25449430	25449431	-	0.21331	delta_sum_err	106	T	CATAA	ok	False
chr1	25710119	25710120	-	0.10417	delta_sum_err	96	T	TTTAA	ok	False
chr1	25710334	25710335	-	0.10878	delta_sum_err	81	T	GTTAA	ok	False
chr1	25734308	25734309	-	0.20893	delta_sum_err	57	T	TCTAA	ok	False
chr1	25734753	25734754	-	0.10526	delta_sum_err	53	T	CGTAC	ok	False
chr1	25735262	25735263	-	0.22727	delta_sum_err	44	T	GCTGA	ok	False
chr1	25735547	25735548	-	0.12142	delta_sum_err	39	T	GATAA	ok	False
chr1	2575137	2575138	-	0.10844	delta_sum_err	168	T	CCTAG	ok	False
chr1	25777953	25777954	-	0.12308	delta_sum_err	170	T	AGTCT	ok	True
chr1	2586214	2586215	-	0.12366	delta_sum_err	21	T	AATGA	ok	False
chr1	2586234	2586235	-	0.10114	delta_sum_err	19	T	AATTT	ok	False
chr1	2586235	2586236	-	0.10113	delta_sum_err	21	T	ATTTG	ok	False
chr1	2586236	2586237	-	0.10113	delta_sum_err	21	T	TTTGT	ok	False
chr1	2586245	2586246	-	0.10114	delta_sum_err	18	T	GCTTT	ok	False
chr1	2586253	2586254	-	0.19877	delta_sum_err	22	T	TATAG	ok	False
chr1	2586267	2586268	-	0.10113	delta_sum_err	13	T	AATGT	ok	False
chr1	2586269	2586270	-	0.10113	delta_sum_err	13	T	TGTAA	ok	False
chr1	25927044	25927045	-	0.10309	delta_sum_err	60	T	CTTAT	ok	False
chr1	25927177	25927178	-	0.15665	delta_sum_err	52	T	GGTGA	ok	False
chr1	26487180	26487181	-	0.11522	delta_sum_err	73	T	CATAG	ok	False
chr1	26487338	26487339	-	0.11943	delta_sum_err	57	T	CTTGT	ok	False
chr1	26487355	26487356	-	0.12619	delta_sum_err	58	T	GATTG	ok	False
chr1	26487372	26487373	-	0.13393	delta_sum_err	47	T	AGTGA	ok	False
chr1	26487383	26487384	-	0.10773	delta_sum_err	49	T	GATTA	ok	False
chr1	26487391	26487392	-	0.10773	delta_sum_err	50	T	TTTTA	ok	False
chr1	26512859	26512860	-	0.12644	delta_sum_err	62	T	AGTAA	ok	False
chr1	26512943	26512944	-	0.17111	delta_sum_err	87	T	ATTAA	ok	False
chr1	26513189	26513190	-	0.10204	delta_sum_err	79	T	CGTAT	ok	False
chr1	26711155	26711156	-	0.15331	delta_sum_err	131	T	TGTAC	ok	False
chr1	27109340	27109341	-	0.15648	delta_sum_err	312	T	TGTCA	ok	True
chr1	27274272	27274273	-	0.16216	delta_sum_err	36	T	TTTGG	ok	False
chr1	2748481	2748482	-	0.11441	delta_sum_err	100	T	ATTAA	ok	False
chr1	2748491	2748492	-	0.11274	delta_sum_err	98	T	CTTCC	ok	False
chr1	2748502	2748503	-	0.12844	delta_sum_err	97	T	GATCC	ok	False
chr1	2748738	2748739	-	0.12146	delta_sum_err	109	T	CATAG	ok	False
chr1	27540384	27540385	-	0.14121	delta_sum_err	345	T	AGTCT	ok	True
chr1	27864478	27864479	-	0.13277	delta_sum_err	83	T	AATAA	ok	False
chr1	27864954	27864955	-	0.1068	delta_sum_err	65	T	CTTGA	ok	False
chr1	27865020	27865021	-	0.10259	delta_sum_err	53	T	TGTAC	ok	False
chr1	27865373	27865374	-	0.12434	delta_sum_err	55	T	GTTAA	ok	False
chr1	28135548	28135549	-	0.10526	delta_sum_err	61	T	ATTAT	ok	False
chr1	28135871	28135872	-	0.11973	delta_sum_err	9	T	CCTGT	ok	False
chr1	28135873	28135874	-	0.11973	delta_sum_err	10	T	TGTAA	ok	False
chr1	28135880	28135881	-	0.13586	delta_sum_err	10	T	ATTAT	ok	False
chr1	28135882	28135883	-	0.13586	delta_sum_err	8	T	TATGT	ok	False
chr1	28135884	28135885	-	0.11973	delta_sum_err	11	T	TGTTT	ok	True
chr1	28135885	28135886	-	0.11973	delta_sum_err	11	T	GTTTG	ok	False
chr1	28135886	28135887	-	0.16192	delta_sum_err	11	T	TTTGA	ok	False
chr1	28135891	28135892	-	0.13586	delta_sum_err	10	T	GGTTA	ok	True
chr1	28135892	28135893	-	0.13586	delta_sum_err	11	T	GTTAG	ok	False
chr1	28135895	28135896	-	0.11973	delta_sum_err	7	T	AGTTA	ok	True
chr1	28135896	28135897	-	0.11973	delta_sum_err	9	T	GTTAT	ok	False
chr1	28135898	28135899	-	0.13586	delta_sum_err	9	T	TATCT	ok	False
chr1	28135994	28135995	-	0.13522	delta_sum_err	54	T	TGTAG	ok	False
chr1	28136124	28136125	-	0.11185	delta_sum_err	13	T	CATGC	ok	False
chr1	28136469	28136470	-	0.10914	delta_sum_err	43	T	GGTGA	ok	False
chr1	28152174	28152175	-	0.10733	delta_sum_err	92	T	CTTGA	ok	False
chr1	28153049	28153050	-	0.11688	delta_sum_err	92	T	CTTAA	ok	False
chr1	28154962	28154963	-	0.10882	delta_sum_err	1	T	AGTAC	ok	False
chr1	28155860	28155861	-	0.10022	delta_sum_err	67	T	GCTAT	ok	False
chr1	28157634	28157635	-	0.12904	delta_sum_err	293	T	TGTAT	ok	False
chr1	28338122	28338123	-	0.1174	delta_sum_err	85	T	TCTTA	ok	False
chr1	28338954	28338955	-	0.12785	delta_sum_err	50	T	TGTAA	ok	False
chr1	28338988	28338989	-	0.11111	delta_sum_err	55	T	CTTAA	ok	False
chr1	28339718	28339719	-	0.125	delta_sum_err	40	T	CCTAT	ok	False
chr1	28339720	28339721	-	0.1125	delta_sum_err	39	T	TATGA	ok	False
chr1	28578129	28578130	-	0.10426	delta_sum_err	57	T	TATAA	ok	False
chr1	28578193	28578194	-	0.11912	delta_sum_err	55	T	TCTAT	ok	False
chr1	28578997	28578998	-	0.20922	delta_sum_err	39	T	GGTAC	ok	False
chr1	28579008	28579009	-	0.11755	delta_sum_err	43	T	TGTGG	ok	False
chr1	28579043	28579044	-	0.10582	delta_sum_err	40	T	AGTCC	ok	True
chr1	28579327	28579328	-	0.12427	delta_sum_err	42	T	ACTGA	ok	False
chr1	28579624	28579625	-	0.10929	delta_sum_err	40	T	GATGA	ok	False
chr1	28579845	28579846	-	0.12766	delta_sum_err	31	T	CGTGT	ok	False
chr1	28579920	28579921	-	0.11162	delta_sum_err	40	T	TCTAG	ok	False
chr1	28579929	28579930	-	0.13485	delta_sum_err	40	T	ACTGA	ok	False
chr1	28580012	28580013	-	0.11586	delta_sum_err	31	T	CCTTC	ok	False
chr1	28580724	28580725	-	0.10141	delta_sum_err	37	T	GATGA	ok	False
chr1	28581022	28581023	-	0.13589	delta_sum_err	26	T	TTTTG	ok	False
chr1	28581053	28581054	-	0.22857	delta_sum_err	29	T	GGTAT	ok	False
chr1	29236617	29236618	-	0.15	delta_sum_err	39	T	TATAA	ok	False
chr1	29236731	29236732	-	0.10271	delta_sum_err	38	T	CGTCG	ok	False
chr1	29637730	29637731	-	0.14412	delta_sum_err	101	T	CGTAG	ok	False
chr1	2971677	2971678	-	0.1383	delta_sum_err	215	T	TCTTA	ok	False
chr1	29725056	29725057	-	0.10897	delta_sum_err	154	T	CGTCT	ok	False
chr1	29912362	29912363	-	0.13334	delta_sum_err	59	T	CGTGA	ok	False
chr1	29912574	29912575	-	0.11429	delta_sum_err	46	T	TATGT	ok	False
chr1	29926327	29926328	-	0.18563	delta_sum_err	28	T	ACTGC	ok	False
chr1	29926341	29926342	-	0.17964	delta_sum_err	28	T	GATGC	ok	False
chr1	29926354	29926355	-	0.17964	delta_sum_err	25	T	AGTTC	ok	True
chr1	29926355	29926356	-	0.17964	delta_sum_err	29	T	GTTCA	ok	False
chr1	29926360	29926361	-	0.1747	delta_sum_err	28	T	GATTG	ok	False
chr1	29926361	29926362	-	0.1747	delta_sum_err	28	T	ATTGA	ok	False
chr1	29926372	29926373	-	0.15432	delta_sum_err	24	T	AATCA	ok	False
chr1	29926381	29926382	-	0.10458	delta_sum_err	16	T	AATCG	ok	False
chr1	29926385	29926386	-	0.10527	delta_sum_err	12	T	GGTGA	ok	False
chr1	29926396	29926397	-	0.10526	delta_sum_err	15	T	TCTAG	ok	False
chr1	29950043	29950044	-	0.13377	delta_sum_err	55	T	TGTGG	ok	False
chr1	29950542	29950543	-	0.11264	delta_sum_err	59	T	CGTAC	ok	False
chr1	30007542	30007543	-	0.1002	delta_sum_err	66	T	GCTGA	ok	False
chr1	30007612	30007613	-	0.1267	delta_sum_err	66	T	CATAA	ok	False
chr1	30007882	30007883	-	0.10086	delta_sum_err	63	T	CCTTG	ok	False
chr1	30007895	30007896	-	0.12771	delta_sum_err	62	T	CTTAG	ok	False
chr1	30008182	30008183	-	0.10022	delta_sum_err	52	T	TTTCC	ok	False
chr1	30008197	30008198	-	0.10022	delta_sum_err	53	T	ACTGG	ok	False
chr1	30373321	30373322	-	0.10294	delta_sum_err	41	T	AGTAT	ok	False
chr1	30373332	30373333	-	0.1141	delta_sum_err	67	T	ATTCC	ok	False
chr1	30373368	30373369	-	0.11365	delta_sum_err	63	T	GCTGT	ok	False
chr1	31598	31599	-	0.11511	delta_sum_err	118	T	TCTTG	ok	False
chr1	3395917	3395918	-	0.1021	delta_sum_err	75	T	CCTAA	ok	False
chr1	3396714	3396715	-	0.14087	delta_sum_err	64	T	CGTAG	ok	False
chr1	3460037	3460038	-	0.11628	delta_sum_err	135	T	GGTTT	ok	True
chr1	3460884	3460885	-	0.13179	delta_sum_err	132	T	CTTCA	ok	False
chr1	3502224	3502225	-	0.11566	delta_sum_err	133	T	AGTAC	ok	False
chr1	3607836	3607837	-	0.12376	delta_sum_err	102	T	AGTCT	ok	True
chr1	3608773	3608774	-	0.10526	delta_sum_err	96	T	CTTGA	ok	False
chr1	3609127	3609128	-	0.10145	delta_sum_err	92	T	CCTAG	ok	False
chr1	3609622	3609623	-	0.10915	delta_sum_err	88	T	TGTTG	ok	False
chr1	3610116	3610117	-	0.1056	delta_sum_err	83	T	TCTAA	ok	False
chr1	3610285	3610286	-	0.2266	delta_sum_err	12	T	ACTGA	ok	False
chr1	4019858	4019859	-	0.10054	delta_sum_err	191	T	TCTAG	ok	False
chr1	4187787	4187788	-	0.11667	delta_sum_err	111	T	ATTAT	ok	False
chr1	4242412	4242413	-	0.11104	delta_sum_err	11	T	TGTGA	ok	False
chr1	4356118	4356119	-	0.10841	delta_sum_err	66	T	AGTAA	ok	False
chr1	4356714	4356715	-	0.10748	delta_sum_err	58	T	CTTAC	ok	False
chr1	4362009	4362010	-	0.15556	delta_sum_err	86	T	TGTAA	ok	False
chr1	4394305	4394306	-	0.1024	delta_sum_err	70	T	TGTTG	ok	False
chr1	4396373	4396374	-	0.12016	delta_sum_err	57	T	GATGT	ok	False
chr1	4396382	4396383	-	0.10234	delta_sum_err	62	T	AATCC	ok	False
chr1	4396405	4396406	-	0.12127	delta_sum_err	71	T	ATTGT	ok	False
chr1	4396425	4396426	-	0.1583	delta_sum_err	70	T	AGTCA	ok	True
chr1	4396434	4396435	-	0.13051	delta_sum_err	71	T	TTTTA	ok	False
chr1	4396438	4396439	-	0.10715	delta_sum_err	65	T	AATGT	ok	False
chr1	4396445	4396446	-	0.11506	delta_sum_err	71	T	TATAG	ok	False
chr1	4396479	4396480	-	0.123	delta_sum_err	69	T	GTTGA	ok	False
chr1	4396482	4396483	-	0.19444	delta_sum_err	73	T	GATAA	ok	False
chr1	4396495	4396496	-	0.12301	delta_sum_err	74	T	CTTTA	ok	False
chr1	4396518	4396519	-	0.11111	delta_sum_err	75	T	TGTAT	ok	False
chr1	4396554	4396555	-	0.1111	delta_sum_err	72	T	CTTTA	ok	False
chr1	4396570	4396571	-	0.19444	delta_sum_err	73	T	CGTAA	ok	False
chr1	4396623	4396624	-	0.10802	delta_sum_err	72	T	CGTAA	ok	False
chr1	4396672	4396673	-	0.10277	delta_sum_err	70	T	CTTGG	ok	False
chr1	4396682	4396683	-	0.10169	delta_sum_err	71	T	GTTAG	ok	False
chr1	4396700	4396701	-	0.11419	delta_sum_err	72	T	AGTGC	ok	False
chr1	4396753	4396754	-	0.11025	delta_sum_err	68	T	TCTCC	ok	False
chr1	4396782	4396783	-	0.14806	delta_sum_err	69	T	TCTGA	ok	False
chr1	4396789	4396790	-	0.10908	delta_sum_err	67	T	CATGG	ok	False
chr1	4396795	4396796	-	0.10909	delta_sum_err	65	T	AGTTG	ok	False
chr1	4396813	4396814	-	0.11255	delta_sum_err	67	T	CTTGA	ok	False
chr1	4396876	4396877	-	0.10545	delta_sum_err	65	T	TGTTT	ok	True
chr1	4396878	4396879	-	0.10545	delta_sum_err	66	T	TTTAT	ok	False
chr1	4396880	4396881	-	0.10545	delta_sum_err	67	T	TATGT	ok	False
chr1	4396901	4396902	-	0.10641	delta_sum_err	65	T	GATAA	ok	False
chr1	4396922	4396923	-	0.10917	delta_sum_err	63	T	CATTT	ok	False
chr1	4396933	4396934	-	0.10252	delta_sum_err	62	T	CCTTT	ok	False
chr1	4396934	4396935	-	0.10252	delta_sum_err	64	T	CTTTA	ok	False
chr1	4396935	4396936	-	0.11135	delta_sum_err	61	T	TTTAG	ok	False
chr1	4396940	4396941	-	0.11622	delta_sum_err	64	T	AGTAT	ok	False
chr1	4396942	4396943	-	0.11622	delta_sum_err	62	T	TATCC	ok	False
chr1	4396945	4396946	-	0.10252	delta_sum_err	64	T	CCTCC	ok	False
chr1	4396960	4396961	-	0.10252	delta_sum_err	63	T	CGTAT	ok	False
chr1	4396962	4396963	-	0.10253	delta_sum_err	63	T	TATTT	ok	False
chr1	4396963	4396964	-	0.10252	delta_sum_err	65	T	ATTTC	ok	False
chr1	4396964	4396965	-	0.10252	delta_sum_err	64	T	TTTCC	ok	False
chr1	4396970	4396971	-	0.10252	delta_sum_err	53	T	GGTAT	ok	False
chr1	4396972	4396973	-	0.11622	delta_sum_err	65	T	TATCT	ok	False
chr1	4396974	4396975	-	0.14361	delta_sum_err	65	T	TCTTG	ok	False
chr1	4396975	4396976	-	0.10251	delta_sum_err	65	T	CTTGA	ok	False
chr1	4396979	4396980	-	0.10252	delta_sum_err	64	T	ACTTA	ok	False
chr1	4396982	4396983	-	0.10253	delta_sum_err	63	T	TATCT	ok	False
chr1	4396984	4396985	-	0.10251	delta_sum_err	64	T	TCTCC	ok	False
chr1	4396987	4396988	-	0.10252	delta_sum_err	60	T	CCTCA	ok	False
chr1	4396993	4396994	-	0.10252	delta_sum_err	65	T	AGTAC	ok	False
chr1	4396996	4396997	-	0.10252	delta_sum_err	65	T	ACTTC	ok	False
chr1	4396997	4396998	-	0.10252	delta_sum_err	64	T	CTTCC	ok	False
chr1	4397003	4397004	-	0.10252	delta_sum_err	65	T	AATCA	ok	False
chr1	4397007	4397008	-	0.11622	delta_sum_err	62	T	AGTTT	ok	True
chr1	4397008	4397009	-	0.10252	delta_sum_err	65	T	GTTTC	ok	False
chr1	4397009	4397010	-	0.10252	delta_sum_err	65	T	TTTCT	ok	False
chr1	4397011	4397012	-	0.10252	delta_sum_err	64	T	TCTTC	ok	False
chr1	4397012	4397013	-	0.10251	delta_sum_err	65	T	CTTCT	ok	False
chr1	4397019	4397020	-	0.11622	delta_sum_err	60	T	TGTAT	ok	False
chr1	4397021	4397022	-	0.10252	delta_sum_err	65	T	TATGA	ok	False
chr1	4397026	4397027	-	0.10252	delta_sum_err	64	T	ACTTC	ok	False
chr1	4397027	4397028	-	0.10252	delta_sum_err	64	T	CTTCA	ok	False
chr1	4397037	4397038	-	0.11136	delta_sum_err	65	T	GATAG	ok	False
chr1	4397042	4397043	-	0.10252	delta_sum_err	65	T	AATCT	ok	False
chr1	4397044	4397045	-	0.10252	delta_sum_err	65	T	TCTCA	ok	False
chr1	4397056	4397057	-	0.10251	delta_sum_err	65	T	GCTCA	ok	False
chr1	4397060	4397061	-	0.10252	delta_sum_err	62	T	AATCG	ok	False
chr1	4397064	4397065	-	0.10252	delta_sum_err	64	T	GCTTG	ok	False
chr1	4397065	4397066	-	0.10252	delta_sum_err	65	T	CTTGG	ok	False
chr1	4397068	4397069	-	0.14362	delta_sum_err	65	T	GGTTG	ok	False
chr1	4397069	4397070	-	0.11622	delta_sum_err	64	T	GTTGA	ok	False
chr1	4397078	4397079	-	0.10252	delta_sum_err	65	T	GTTTT	ok	False
chr1	4397079	4397080	-	0.10251	delta_sum_err	65	T	TTTTC	ok	False
chr1	4397080	4397081	-	0.11621	delta_sum_err	65	T	TTTCA	ok	False
chr1	4397089	4397090	-	0.1147	delta_sum_err	63	T	CGTAA	ok	False
chr1	4397098	4397099	-	0.10081	delta_sum_err	64	T	CATCA	ok	False
chr1	4397107	4397108	-	0.10081	delta_sum_err	63	T	CATTC	ok	False
chr1	4397108	4397109	-	0.10081	delta_sum_err	63	T	ATTCA	ok	False
chr1	4397117	4397118	-	0.11313	delta_sum_err	63	T	CTTAG	ok	False
chr1	4397122	4397123	-	0.11313	delta_sum_err	63	T	CTTGA	ok	False
chr1	4397145	4397146	-	0.12016	delta_sum_err	63	T	TCTGA	ok	False
chr1	4397148	4397149	-	0.10606	delta_sum_err	62	T	GATTG	ok	False
chr1	4397149	4397150	-	0.10607	delta_sum_err	63	T	ATTGA	ok	False
chr1	4397153	4397154	-	0.15933	delta_sum_err	63	T	ACTGA	ok	False
chr1	4397158	4397159	-	0.10607	delta_sum_err	63	T	GCTCA	ok	False
chr1	4397175	4397176	-	0.12312	delta_sum_err	63	T	GCTGA	ok	False
chr1	449411	449412	-	0.10798	delta_sum_err	93	T	GCTTA	ok	False
chr1	4577138	4577139	-	0.11667	delta_sum_err	57	T	GTTAA	ok	False
chr1	4577408	4577409	-	0.12231	delta_sum_err	63	T	ATTCC	ok	False
chr1	47630	47631	-	0.11787	delta_sum_err	122	T	TCTGT	ok	False
chr1	47685	47686	-	0.12416	delta_sum_err	104	T	CTTAT	ok	False
chr1	48116	48117	-	0.14894	delta_sum_err	97	T	TCTGA	ok	False
chr1	48185	48186	-	0.13494	delta_sum_err	95	T	TTTAG	ok	False
chr1	5066724	5066725	-	0.13711	delta_sum_err	57	T	ATTAT	ok	False
chr1	5066731	5066732	-	0.13626	delta_sum_err	59	T	AGTCC	ok	True
chr1	5066751	5066752	-	0.12748	delta_sum_err	56	T	CCTAT	ok	False
chr1	5102567	5102568	-	0.13579	delta_sum_err	85	T	GGTCA	ok	True
chr1	5103886	5103887	-	0.15096	delta_sum_err	81	T	GCTGA	ok	False
chr1	5129156	5129157	-	0.11252	delta_sum_err	119	T	TGTGA	ok	False
chr1	5166408	5166409	-	0.10667	delta_sum_err	373	T	TTTCC	ok	False
chr1	5210394	5210395	-	0.1285	delta_sum_err	54	T	ACTAT	ok	False
chr1	5210463	5210464	-	0.25701	delta_sum_err	57	T	TCTCC	ok	False
chr1	5296295	5296296	-	0.10247	delta_sum_err	65	T	TTTAA	ok	False
chr1	5296300	5296301	-	0.10247	delta_sum_err	31	T	AGTTT	ok	True
chr1	5296544	5296545	-	0.11765	delta_sum_err	86	T	TCTAT	ok	False
chr1	5555640	5555641	-	0.14757	delta_sum_err	60	T	CCTAG	ok	False
chr1	5556702	5556703	-	0.10539	delta_sum_err	51	T	ATTAA	ok	False
chr1	5776399	5776400	-	0.10702	delta_sum_err	173	T	AGTCT	ok	True
chr1	6152472	6152473	-	0.12464	delta_sum_err	435	T	GGTCG	ok	False
chr1	6377367	6377368	-	0.14592	delta_sum_err	456	T	AGTCT	ok	True
chr1	6459296	6459297	-	0.10127	delta_sum_err	68	T	CCTTT	ok	False
chr1	6459298	6459299	-	0.17199	delta_sum_err	70	T	TTTAA	ok	False
chr1	6459430	6459431	-	0.12728	delta_sum_err	48	T	AATAT	ok	False
chr1	6459443	6459444	-	0.11125	delta_sum_err	68	T	CGTTA	ok	False
chr1	6459487	6459488	-	0.10145	delta_sum_err	66	T	CCTAA	ok	False
chr1	6459513	6459514	-	0.11344	delta_sum_err	67	T	GGTCG	ok	False
chr1	6459521	6459522	-	0.11344	delta_sum_err	64	T	AGTGG	ok	False
chr1	6459532	6459533	-	0.11805	delta_sum_err	56	T	AGTAA	ok	False
chr1	6459569	6459570	-	0.11576	delta_sum_err	64	T	TGTGG	ok	False
chr1	6459574	6459575	-	0.11576	delta_sum_err	63	T	ATTAG	ok	False
chr1	6459581	6459582	-	0.21875	delta_sum_err	63	T	TGTTG	ok	False
chr1	6459594	6459595	-	0.27025	delta_sum_err	64	T	GCTAT	ok	False
chr1	6459596	6459597	-	0.10168	delta_sum_err	62	T	TATGG	ok	False
chr1	6459599	6459600	-	0.13293	delta_sum_err	60	T	GGTAA	ok	False
chr1	64613	64614	-	0.11111	delta_sum_err	52	T	TTTCC	ok	False
chr1	659072	659073	-	0.22587	delta_sum_err	32	T	CGTAA	ok	False
chr1	661549	661550	-	0.12202	delta_sum_err	51	T	CGTAA	ok	False
chr1	6712186	6712187	-	0.17113	delta_sum_err	52	T	GGTAA	ok	False
chr1	6712217	6712218	-	0.12378	delta_sum_err	55	T	ACTAA	ok	False
chr1	6802605	6802606	-	0.1338	delta_sum_err	79	T	ACTAA	ok	False
chr1	6804403	6804404	-	0.10578	delta_sum_err	58	T	AGTTG	ok	False
chr1	6804844	6804845	-	0.11515	delta_sum_err	56	T	GGTTG	ok	False
chr1	7039421	7039422	-	0.10032	delta_sum_err	98	T	CGTAC	ok	False
chr1	7039789	7039790	-	0.1149	delta_sum_err	88	T	CATCC	ok	False
chr1	7083528	7083529	-	0.12827	delta_sum_err	84	T	AGTCA	ok	True
chr1	7083600	7083601	-	0.10606	delta_sum_err	83	T	TCTTG	ok	False
chr1	7088083	7088084	-	0.12037	delta_sum_err	101	T	TATAG	ok	False
chr1	7088434	7088435	-	0.14634	delta_sum_err	109	T	CTTGA	ok	False
chr1	7399472	7399473	-	0.1003	delta_sum_err	4	T	TATAA	ok	False
chr1	7400129	7400130	-	0.12372	delta_sum_err	37	T	TGTAG	ok	False
chr1	7400443	7400444	-	0.10811	delta_sum_err	37	T	CTTAA	ok	False
chr1	7454942	7454943	-	0.12079	delta_sum_err	34	T	TGTTA	ok	True
chr1	7454964	7454965	-	0.13889	delta_sum_err	36	T	ACTAA	ok	False
chr1	7529892	7529893	-	0.10022	delta_sum_err	55	T	AATTG	ok	False
chr1	7878993	7878994	-	0.14635	delta_sum_err	234	T	AGTGT	ok	False
chr1	8030796	8030797	-	0.10882	delta_sum_err	74	T	GGTAA	ok	False
chr1	8031174	8031175	-	0.12463	delta_sum_err	72	T	CCTGA	ok	False
chr1	8032265	8032266	-	0.125	delta_sum_err	56	T	ACTAT	ok	False
chr1	8082031	8082032	-	0.11141	delta_sum_err	137	T	ACTAT	ok	False
chr1	8082204	8082205	-	0.11396	delta_sum_err	133	T	CCTCA	ok	False
chr1	8082252	8082253	-	0.11893	delta_sum_err	122	T	CATAA	ok	False
chr1	870723	870724	-	0.11823	delta_sum_err	130	T	TATAA	ok	False
chr1	8854097	8854098	-	0.15966	delta_sum_err	106	T	TATAA	ok	False
chr1	8933791	8933792	-	0.10527	delta_sum_err	121	T	AGTAA	ok	False
chr1	9832964	9832965	-	0.16215	delta_sum_err	106	T	TCTAT	ok	False
chr1	9934151	9934152	-	0.15513	delta_sum_err	61	T	GATAA	ok	False
chr1	9935014	9935015	-	0.20486	delta_sum_err	44	T	CCTAT	ok	False
chr1	9935018	9935019	-	0.10337	delta_sum_err	45	T	TATCT	ok	False
chr2	10043469	10043470	-	0.11138	delta_sum_err	92	T	TGTAG	ok	False
chr2	10137321	10137322	-	0.10315	delta_sum_err	68	T	TATCC	ok	False
chr2	10265614	10265615	-	0.12242	delta_sum_err	51	T	ACTAA	ok	False
chr2	10265794	10265795	-	0.26048	delta_sum_err	49	T	CATAA	ok	False
chr2	10265894	10265895	-	0.1875	delta_sum_err	43	T	TGTAG	ok	False
chr2	1039416	1039417	-	0.10883	delta_sum_err	144	T	CATAA	ok	False
chr2	11111790	11111791	-	0.10403	delta_sum_err	140	T	GATAA	ok	False
chr2	11113493	11113494	-	0.11321	delta_sum_err	91	T	TCTGA	ok	False
chr2	11131865	11131866	-	0.10156	delta_sum_err	52	T	ATTCC	ok	False
chr2	11131887	11131888	-	0.10298	delta_sum_err	49	T	CATAC	ok	False
chr2	11172721	11172722	-	0.10804	delta_sum_err	68	T	AGTAG	ok	False
chr2	11348442	11348443	-	0.10238	delta_sum_err	86	T	CTTTG	ok	False
chr2	11348629	11348630	-	0.12135	delta_sum_err	71	T	TGTAA	ok	False
chr2	11348634	11348635	-	0.13837	delta_sum_err	78	T	ACTAA	ok	False
chr2	11393055	11393056	-	0.11641	delta_sum_err	61	T	TATAG	ok	False
chr2	1148434	1148435	-	0.12195	delta_sum_err	38	T	TCTAT	ok	False
chr2	1148639	1148640	-	0.12195	delta_sum_err	36	T	TGTAA	ok	False
chr2	11758094	11758095	-	0.10062	delta_sum_err	96	T	CATTT	ok	False
chr2	11758135	11758136	-	0.16519	delta_sum_err	124	T	ACTAA	ok	False
chr2	11758710	11758711	-	0.13636	delta_sum_err	115	T	CCTTG	ok	False
chr2	11804335	11804336	-	0.13865	delta_sum_err	135	T	CTTGA	ok	False
chr2	12618157	12618158	-	0.18398	delta_sum_err	49	T	CTTAA	ok	False
chr2	12618189	12618190	-	0.13939	delta_sum_err	48	T	TCTTG	ok	False
chr2	12631582	12631583	-	0.12116	delta_sum_err	28	T	AGTAT	ok	False
chr2	12631592	12631593	-	0.12116	delta_sum_err	29	T	ATTTA	ok	False
chr2	12631613	12631614	-	0.12116	delta_sum_err	29	T	TCTGC	ok	False
chr2	12631618	12631619	-	0.14556	delta_sum_err	25	T	AATTT	ok	False
chr2	12631620	12631621	-	0.12116	delta_sum_err	29	T	TTTTG	ok	False
chr2	12631632	12631633	-	0.12116	delta_sum_err	29	T	GCTCA	ok	False
chr2	12631636	12631637	-	0.12116	delta_sum_err	28	T	AATTT	ok	False
chr2	12631637	12631638	-	0.12116	delta_sum_err	29	T	ATTTG	ok	False
chr2	12631641	12631642	-	0.16994	delta_sum_err	29	T	GTTTC	ok	False
chr2	12631646	12631647	-	0.12116	delta_sum_err	29	T	TCTCT	ok	False
chr2	12631648	12631649	-	0.12116	delta_sum_err	29	T	TCTTG	ok	False
chr2	12631657	12631658	-	0.12116	delta_sum_err	27	T	AATAC	ok	False
chr2	12631670	12631671	-	0.12116	delta_sum_err	29	T	ACTGC	ok	False
chr2	12631680	12631681	-	0.12116	delta_sum_err	29	T	CTTCT	ok	False
chr2	12631683	12631684	-	0.12177	delta_sum_err	29	T	CTTCC	ok	False
chr2	12631693	12631694	-	0.11451	delta_sum_err	29	T	CTTGA	ok	False
chr2	12631702	12631703	-	0.12177	delta_sum_err	29	T	TCTAT	ok	False
chr2	12631720	12631721	-	0.12178	delta_sum_err	26	T	CTTCT	ok	False
chr2	12631727	12631728	-	0.12177	delta_sum_err	28	T	TCTGG	ok	False
chr2	13004780	13004781	-	0.12288	delta_sum_err	146	T	CTTAG	ok	False
chr2	13019044	13019045	-	0.19504	delta_sum_err	104	T	AATTT	ok	False
chr2	13019045	13019046	-	0.20493	delta_sum_err	110	T	ATTTA	ok	False
chr2	13019046	13019047	-	0.18406	delta_sum_err	116	T	TTTAT	ok	False
chr2	13019048	13019049	-	0.1577	delta_sum_err	117	T	TATCA	ok	False
chr2	13019052	13019053	-	0.18077	delta_sum_err	118	T	AATTT	ok	False
chr2	13019053	13019054	-	0.17307	delta_sum_err	119	T	ATTTG	ok	False
chr2	13019054	13019055	-	0.17366	delta_sum_err	120	T	TTTGG	ok	False
chr2	13019057	13019058	-	0.18183	delta_sum_err	121	T	GGTTC	ok	True
chr2	13019058	13019059	-	0.16748	delta_sum_err	120	T	GTTCT	ok	False
chr2	13019060	13019061	-	0.20536	delta_sum_err	122	T	TCTCA	ok	False
chr2	13019064	13019065	-	0.20564	delta_sum_err	123	T	ACTGA	ok	False
chr2	13019070	13019071	-	0.11736	delta_sum_err	124	T	CATTA	ok	False
chr2	13019071	13019072	-	0.10255	delta_sum_err	105	T	ATTAT	ok	False
chr2	13019073	13019074	-	0.15046	delta_sum_err	127	T	TATGG	ok	False
chr2	13019077	13019078	-	0.10317	delta_sum_err	203	T	GATGG	ok	False
chr2	13209190	13209191	-	0.14007	delta_sum_err	100	T	TGTAA	ok	False
chr2	132855	132856	-	0.19555	delta_sum_err	591	T	TGTCT	ok	True
chr2	13372053	13372054	-	0.25	delta_sum_err	52	T	TTTAG	ok	False
chr2	13788602	13788603	-	0.13516	delta_sum_err	83	T	TGTGT	ok	False
chr2	13788604	13788605	-	0.12325	delta_sum_err	82	T	TGTTG	ok	False
chr2	13789055	13789056	-	0.15625	delta_sum_err	77	T	CATAA	ok	False
chr2	13789076	13789077	-	0.125	delta_sum_err	79	T	TCTAA	ok	False
chr2	13864505	13864506	-	0.1288	delta_sum_err	93	T	GATAA	ok	False
chr2	13944886	13944887	-	0.14375	delta_sum_err	40	T	AATAT	ok	False
chr2	1401375	1401376	-	0.16666	delta_sum_err	34	T	TGTAA	ok	False
chr2	1401562	1401563	-	0.14706	delta_sum_err	33	T	TTTAA	ok	False
chr2	14020305	14020306	-	0.12973	delta_sum_err	247	T	CTTGA	ok	False
chr2	14043655	14043656	-	0.11141	delta_sum_err	89	T	TATGA	ok	False
chr2	14143630	14143631	-	0.11243	delta_sum_err	332	T	TGTCG	ok	False
chr2	14143633	14143634	-	0.21563	delta_sum_err	348	T	CGTCT	ok	False
chr2	14176515	14176516	-	0.11765	delta_sum_err	90	T	GGTTC	ok	True
chr2	14176594	14176595	-	0.10889	delta_sum_err	91	T	GATGA	ok	False
chr2	14176737	14176738	-	0.11521	delta_sum_err	91	T	CTTAT	ok	False
chr2	14176995	14176996	-	0.11111	delta_sum_err	97	T	CTTGA	ok	False
chr2	14177970	14177971	-	0.13062	delta_sum_err	44	T	TCTGA	ok	False
chr2	14522511	14522512	-	0.11508	delta_sum_err	54	T	AGTTT	ok	True
chr2	14522515	14522516	-	0.10137	delta_sum_err	56	T	TGTCC	ok	True
chr2	14534187	14534188	-	0.12987	delta_sum_err	148	T	GGTGG	ok	False
chr2	14544099	14544100	-	0.125	delta_sum_err	25	T	TCTGA	ok	False
chr2	14544279	14544280	-	0.13105	delta_sum_err	25	T	GTTCA	ok	False
chr2	14568072	14568073	-	0.16217	delta_sum_err	81	T	TATGG	ok	False
chr2	14568076	14568077	-	0.12021	delta_sum_err	83	T	GCTAA	ok	False
chr2	14568080	14568081	-	0.16888	delta_sum_err	88	T	AATCT	ok	False
chr2	14568082	14568083	-	0.17505	delta_sum_err	89	T	TCTCG	ok	False
chr2	14568085	14568086	-	0.16418	delta_sum_err	89	T	CGTCT	ok	False
chr2	14568087	14568088	-	0.14321	delta_sum_err	91	T	TCTTG	ok	False
chr2	14568088	14568089	-	0.11779	delta_sum_err	93	T	CTTGT	ok	False
chr2	14568090	14568091	-	0.12886	delta_sum_err	88	T	TGTTT	ok	True
chr2	14568092	14568093	-	0.10943	delta_sum_err	100	T	TTTCT	ok	False
chr2	14568094	14568095	-	0.10485	delta_sum_err	95	T	TCTTA	ok	False
chr2	14568095	14568096	-	0.1479	delta_sum_err	97	T	CTTAA	ok	False
chr2	14568098	14568099	-	0.11906	delta_sum_err	95	T	AATTA	ok	False
chr2	14568099	14568100	-	0.12409	delta_sum_err	95	T	ATTAT	ok	False
chr2	14568101	14568102	-	0.11905	delta_sum_err	100	T	TATAA	ok	False
chr2	14568105	14568106	-	0.10943	delta_sum_err	87	T	ACTTT	ok	False
chr2	14568106	14568107	-	0.11905	delta_sum_err	101	T	CTTTG	ok	False
chr2	14568107	14568108	-	0.11905	delta_sum_err	101	T	TTTGC	ok	False
chr2	14568112	14568113	-	0.11974	delta_sum_err	108	T	AATAA	ok	False
chr2	14568236	14568237	-	0.10475	delta_sum_err	113	T	ACTTG	ok	False
chr2	14568237	14568238	-	0.13571	delta_sum_err	116	T	CTTGA	ok	False
chr2	14568240	14568241	-	0.10594	delta_sum_err	110	T	GATCG	ok	False
chr2	14568305	14568306	-	0.10107	delta_sum_err	115	T	CATCG	ok	False
chr2	14568313	14568314	-	0.10953	delta_sum_err	114	T	GATGA	ok	False
chr2	14568325	14568326	-	0.10953	delta_sum_err	110	T	TCTTG	ok	False
chr2	14568332	14568333	-	0.10107	delta_sum_err	115	T	CATCA	ok	False
chr2	14568351	14568352	-	0.12632	delta_sum_err	113	T	ATTGA	ok	False
chr2	14568362	14568363	-	0.10282	delta_sum_err	111	T	TGTCG	ok	False
chr2	14568414	14568415	-	0.11528	delta_sum_err	111	T	CGTTA	ok	False
chr2	14568415	14568416	-	0.14114	delta_sum_err	111	T	GTTAT	ok	False
chr2	14568430	14568431	-	0.11528	delta_sum_err	113	T	ATTAT	ok	False
chr2	14568439	14568440	-	0.11528	delta_sum_err	110	T	GCTAT	ok	False
chr2	14568447	14568448	-	0.10673	delta_sum_err	112	T	TATCA	ok	False
chr2	14568459	14568460	-	0.15021	delta_sum_err	109	T	TGTTA	ok	True
chr2	14568462	14568463	-	0.10681	delta_sum_err	110	T	TATCG	ok	False
chr2	14568471	14568472	-	0.10713	delta_sum_err	107	T	CATTG	ok	False
chr2	14568492	14568493	-	0.1009	delta_sum_err	95	T	CTTTC	ok	False
chr2	14568493	14568494	-	0.1008	delta_sum_err	95	T	TTTCT	ok	False
chr2	14568500	14568501	-	0.16095	delta_sum_err	69	T	GATGC	ok	False
chr2	14568504	14568505	-	0.16129	delta_sum_err	57	T	CCTCC	ok	False
chr2	14568869	14568870	-	0.10492	delta_sum_err	55	T	AGTTT	ok	True
chr2	14568989	14568990	-	0.10811	delta_sum_err	73	T	TCTGA	ok	False
chr2	14569021	14569022	-	0.11012	delta_sum_err	65	T	AATGT	ok	False
chr2	14569039	14569040	-	0.12939	delta_sum_err	73	T	GTTGG	ok	False
chr2	14569225	14569226	-	0.13816	delta_sum_err	63	T	CTTAT	ok	False
chr2	14569227	14569228	-	0.14129	delta_sum_err	62	T	TATGT	ok	False
chr2	14569612	14569613	-	0.10474	delta_sum_err	50	T	GCTGG	ok	False
chr2	14569888	14569889	-	0.11385	delta_sum_err	47	T	CTTTG	ok	False
chr2	15320880	15320881	-	0.11563	delta_sum_err	635	T	CGTCC	ok	False
chr2	1533853	1533854	-	0.14892	delta_sum_err	157	T	TCTAG	ok	False
chr2	15472830	15472831	-	0.16546	delta_sum_err	95	T	ATTAA	ok	False
chr2	15474043	15474044	-	0.11068	delta_sum_err	86	T	TCTGA	ok	False
chr2	15474225	15474226	-	0.11514	delta_sum_err	80	T	TGTGA	ok	False
chr2	15474527	15474528	-	0.1052	delta_sum_err	74	T	GCTTG	ok	False
chr2	15598266	15598267	-	0.10404	delta_sum_err	184	T	TCTCC	ok	False
chr2	15599154	15599155	-	0.1031	delta_sum_err	167	T	TCTCC	ok	False
chr2	15634655	15634656	-	0.17115	delta_sum_err	352	T	AGTCA	ok	True
chr2	15635846	15635847	-	0.10775	delta_sum_err	319	T	CATAG	ok	False
chr2	15640251	15640252	-	0.17016	delta_sum_err	117	T	TTTAA	ok	False
chr2	15991923	15991924	-	0.10816	delta_sum_err	21	T	CATGT	ok	False
chr2	15991934	15991935	-	0.14857	delta_sum_err	27	T	GGTGT	ok	False
chr2	15991944	15991945	-	0.10857	delta_sum_err	27	T	GCTAG	ok	False
chr2	15991947	15991948	-	0.12857	delta_sum_err	27	T	AGTTG	ok	False
chr2	15991948	15991949	-	0.10857	delta_sum_err	27	T	GTTGC	ok	False
chr2	15992517	15992518	-	0.10798	delta_sum_err	13	T	GATGA	ok	False
chr2	15992520	15992521	-	0.1301	delta_sum_err	17	T	GATGG	ok	False
chr2	15992523	15992524	-	0.17177	delta_sum_err	18	T	GGTCG	ok	False
chr2	15992528	15992529	-	0.15093	delta_sum_err	17	T	GATAC	ok	False
chr2	15992531	15992532	-	0.13224	delta_sum_err	21	T	ACTTA	ok	False
chr2	15992532	15992533	-	0.15179	delta_sum_err	21	T	CTTAC	ok	False
chr2	15992977	15992978	-	0.10417	delta_sum_err	47	T	TCTTG	ok	False
chr2	16197244	16197245	-	0.15152	delta_sum_err	39	T	TATAA	ok	False
chr2	16197476	16197477	-	0.10526	delta_sum_err	37	T	GATGA	ok	False
chr2	16415551	16415552	-	0.11949	delta_sum_err	106	T	AGTAA	ok	False
chr2	16415766	16415767	-	0.10736	delta_sum_err	87	T	GCTAT	ok	False
chr2	16450719	16450720	-	0.11364	delta_sum_err	303	T	TATCT	ok	False
chr2	16471952	16471953	-	0.16872	delta_sum_err	46	T	AATGT	ok	False
chr2	16472015	16472016	-	0.10404	delta_sum_err	89	T	TCTAG	ok	False
chr2	16473589	16473590	-	0.11806	delta_sum_err	63	T	TGTGT	ok	False
chr2	16543862	16543863	-	0.10025	delta_sum_err	47	T	AATAA	ok	False
chr2	16543883	16543884	-	0.12162	delta_sum_err	53	T	GATTA	ok	False
chr2	16543893	16543894	-	0.10769	delta_sum_err	54	T	GATTA	ok	False
chr2	16543894	16543895	-	0.11112	delta_sum_err	57	T	ATTAA	ok	False
chr2	16543907	16543908	-	0.10737	delta_sum_err	61	T	AGTTG	ok	False
chr2	16543939	16543940	-	0.12	delta_sum_err	62	T	CTTTA	ok	False
chr2	16544032	16544033	-	0.28732	delta_sum_err	64	T	ATTAA	ok	False
chr2	16544110	16544111	-	0.13846	delta_sum_err	61	T	TTTTC	ok	False
chr2	16544183	16544184	-	0.11923	delta_sum_err	63	T	CTTTT	ok	False
chr2	16544204	16544205	-	0.10145	delta_sum_err	62	T	ATTTC	ok	False
chr2	16544233	16544234	-	0.10145	delta_sum_err	62	T	TCTCG	ok	False
chr2	16544240	16544241	-	0.10145	delta_sum_err	62	T	ACTCG	ok	False
chr2	16544245	16544246	-	0.10145	delta_sum_err	61	T	CCTTA	ok	False
chr2	16544258	16544259	-	0.10145	delta_sum_err	62	T	AATTC	ok	False
chr2	16544259	16544260	-	0.10145	delta_sum_err	62	T	ATTCT	ok	False
chr2	16544262	16544263	-	0.10145	delta_sum_err	62	T	CTTCC	ok	False
chr2	16544275	16544276	-	0.12294	delta_sum_err	61	T	GTTTG	ok	False
chr2	16544304	16544305	-	0.10294	delta_sum_err	58	T	CATGT	ok	False
chr2	16544306	16544307	-	0.10294	delta_sum_err	61	T	TGTTC	ok	True
chr2	16544316	16544317	-	0.14447	delta_sum_err	59	T	AGTAG	ok	False
chr2	16544330	16544331	-	0.10448	delta_sum_err	60	T	GGTCA	ok	True
chr2	16544334	16544335	-	0.10448	delta_sum_err	60	T	ACTGC	ok	False
chr2	16544340	16544341	-	0.12606	delta_sum_err	58	T	TGTGA	ok	False
chr2	16544360	16544361	-	0.10938	delta_sum_err	58	T	CTTGA	ok	False
chr2	16544406	16544407	-	0.12979	delta_sum_err	58	T	TCTGC	ok	False
chr2	16544427	16544428	-	0.10938	delta_sum_err	58	T	AGTCC	ok	True
chr2	16544431	16544432	-	0.11417	delta_sum_err	56	T	CGTGA	ok	False
chr2	16544434	16544435	-	0.10938	delta_sum_err	58	T	GATCC	ok	False
chr2	16544438	16544439	-	0.10938	delta_sum_err	58	T	CTTTC	ok	False
chr2	16544457	16544458	-	0.13457	delta_sum_err	57	T	GATGT	ok	False
chr2	16544495	16544496	-	0.11111	delta_sum_err	55	T	AGTTG	ok	False
chr2	16544501	16544502	-	0.11111	delta_sum_err	50	T	AGTAA	ok	False
chr2	16544542	16544543	-	0.13691	delta_sum_err	56	T	TTTCT	ok	False
chr2	16544881	16544882	-	0.13239	delta_sum_err	47	T	GGTAT	ok	False
chr2	16544908	16544909	-	0.13604	delta_sum_err	50	T	GATAT	ok	False
chr2	16544911	16544912	-	0.14093	delta_sum_err	53	T	ATTGA	ok	False
chr2	16544921	16544922	-	0.10922	delta_sum_err	53	T	CTTAA	ok	False
chr2	16544940	16544941	-	0.10345	delta_sum_err	50	T	GCTAG	ok	False
chr2	16544944	16544945	-	0.10345	delta_sum_err	51	T	GGTCA	ok	True
chr2	16544952	16544953	-	0.12069	delta_sum_err	48	T	TGTTC	ok	True
chr2	16544958	16544959	-	0.12068	delta_sum_err	40	T	CGTGG	ok	False
chr2	16544961	16544962	-	0.10749	delta_sum_err	50	T	GGTGG	ok	False
chr2	16544987	16544988	-	0.12654	delta_sum_err	49	T	GCTAG	ok	False
chr2	16545002	16545003	-	0.10107	delta_sum_err	50	T	GTTTG	ok	False
chr2	16545003	16545004	-	0.10107	delta_sum_err	47	T	TTTGG	ok	False
chr2	16545016	16545017	-	0.14455	delta_sum_err	50	T	AATTG	ok	False
chr2	16545017	16545018	-	0.10107	delta_sum_err	50	T	ATTGG	ok	False
chr2	16545035	16545036	-	0.10058	delta_sum_err	49	T	GATCG	ok	False
chr2	16545044	16545045	-	0.10059	delta_sum_err	50	T	ACTAC	ok	False
chr2	16545060	16545061	-	0.12749	delta_sum_err	47	T	CATTG	ok	False
chr2	16545061	16545062	-	0.10527	delta_sum_err	49	T	ATTGA	ok	False
chr2	16545067	16545068	-	0.10059	delta_sum_err	50	T	GGTCG	ok	False
chr2	16545070	16545071	-	0.13217	delta_sum_err	45	T	CGTTG	ok	False
chr2	16545071	16545072	-	0.10059	delta_sum_err	49	T	GTTGG	ok	False
chr2	16545078	16545079	-	0.10059	delta_sum_err	45	T	CATTT	ok	False
chr2	16545079	16545080	-	0.10059	delta_sum_err	50	T	ATTTT	ok	False
chr2	16545080	16545081	-	0.10059	delta_sum_err	50	T	TTTTA	ok	False
chr2	16545081	16545082	-	0.10058	delta_sum_err	50	T	TTTAG	ok	False
chr2	16545085	16545086	-	0.11812	delta_sum_err	49	T	GCTCA	ok	False
chr2	16545096	16545097	-	0.14035	delta_sum_err	48	T	GCTCC	ok	False
chr2	16545104	16545105	-	0.11813	delta_sum_err	46	T	ACTCA	ok	False
chr2	16545112	16545113	-	0.11813	delta_sum_err	47	T	CATTG	ok	False
chr2	16545113	16545114	-	0.11813	delta_sum_err	47	T	ATTGT	ok	False
chr2	16545115	16545116	-	0.11813	delta_sum_err	48	T	TGTTA	ok	True
chr2	16545128	16545129	-	0.11813	delta_sum_err	49	T	CGTAC	ok	False
chr2	16545143	16545144	-	0.10526	delta_sum_err	46	T	CGTGT	ok	False
chr2	16545145	16545146	-	0.12748	delta_sum_err	49	T	TGTTG	ok	False
chr2	16545146	16545147	-	0.14971	delta_sum_err	49	T	GTTGG	ok	False
chr2	16545149	16545150	-	0.14035	delta_sum_err	49	T	GGTCC	ok	True
chr2	16545154	16545155	-	0.17863	delta_sum_err	48	T	CGTAC	ok	False
chr2	16545159	16545160	-	0.11762	delta_sum_err	49	T	CCTTG	ok	False
chr2	16545160	16545161	-	0.11762	delta_sum_err	48	T	CTTGG	ok	False
chr2	16545164	16545165	-	0.13516	delta_sum_err	48	T	GCTGT	ok	False
chr2	16545166	16545167	-	0.18062	delta_sum_err	45	T	TGTAT	ok	False
chr2	16545168	16545169	-	0.14036	delta_sum_err	47	T	TATAG	ok	False
chr2	16545172	16545173	-	0.15789	delta_sum_err	48	T	GGTTA	ok	True
chr2	16545173	16545174	-	0.13516	delta_sum_err	48	T	GTTAC	ok	False
chr2	16545192	16545193	-	0.14235	delta_sum_err	45	T	CCTCC	ok	False
chr2	16545306	16545307	-	0.13516	delta_sum_err	48	T	CGTCG	ok	False
chr2	16545310	16545311	-	0.13518	delta_sum_err	47	T	GCTGC	ok	False
chr2	16545318	16545319	-	0.12281	delta_sum_err	49	T	CGTAA	ok	False
chr2	16545325	16545326	-	0.10527	delta_sum_err	48	T	AGTGG	ok	False
chr2	16545330	16545331	-	0.10526	delta_sum_err	41	T	CGTGT	ok	False
chr2	16545336	16545337	-	0.10526	delta_sum_err	42	T	CGTTT	ok	False
chr2	16545337	16545338	-	0.14035	delta_sum_err	49	T	GTTTT	ok	False
chr2	16545338	16545339	-	0.10008	delta_sum_err	49	T	TTTTG	ok	False
chr2	16545339	16545340	-	0.12281	delta_sum_err	48	T	TTTGC	ok	False
chr2	16545357	16545358	-	0.10527	delta_sum_err	47	T	AGTAA	ok	False
chr2	16545361	16545362	-	0.11762	delta_sum_err	47	T	AATAC	ok	False
chr2	16545370	16545371	-	0.11762	delta_sum_err	48	T	GATTC	ok	False
chr2	16545371	16545372	-	0.11762	delta_sum_err	48	T	ATTCT	ok	False
chr2	16545373	16545374	-	0.11762	delta_sum_err	46	T	TCTAG	ok	False
chr2	16545378	16545379	-	0.11762	delta_sum_err	49	T	CGTCG	ok	False
chr2	16545401	16545402	-	0.11709	delta_sum_err	35	T	AATGT	ok	False
chr2	16545403	16545404	-	0.1171	delta_sum_err	49	T	TGTGG	ok	False
chr2	16545406	16545407	-	0.14035	delta_sum_err	45	T	GGTAA	ok	False
chr2	16545410	16545411	-	0.14607	delta_sum_err	49	T	AATAG	ok	False
chr2	16545415	16545416	-	0.11709	delta_sum_err	48	T	AATTG	ok	False
chr2	16545416	16545417	-	0.11709	delta_sum_err	48	T	ATTGC	ok	False
chr2	16545419	16545420	-	0.11709	delta_sum_err	47	T	GCTAG	ok	False
chr2	16545422	16545423	-	0.11709	delta_sum_err	46	T	AGTTT	ok	True
chr2	16545423	16545424	-	0.11709	delta_sum_err	49	T	GTTTA	ok	False
chr2	16545424	16545425	-	0.11709	delta_sum_err	48	T	TTTAA	ok	False
chr2	16545427	16545428	-	0.11709	delta_sum_err	49	T	AATAG	ok	False
chr2	16545433	16545434	-	0.1196	delta_sum_err	37	T	CATTT	ok	False
chr2	16545434	16545435	-	0.11961	delta_sum_err	44	T	ATTTT	ok	False
chr2	16545436	16545437	-	0.12501	delta_sum_err	31	T	TTTGT	ok	False
chr2	16545438	16545439	-	0.14825	delta_sum_err	45	T	TGTGT	ok	False
chr2	16545440	16545441	-	0.10175	delta_sum_err	44	T	TGTGT	ok	False
chr2	16545442	16545443	-	0.1196	delta_sum_err	41	T	TGTGA	ok	False
chr2	16545446	16545447	-	0.1196	delta_sum_err	48	T	AATTA	ok	False
chr2	16545447	16545448	-	0.1196	delta_sum_err	48	T	ATTAC	ok	False
chr2	16545450	16545451	-	0.14285	delta_sum_err	47	T	ACTAG	ok	False
chr2	16545463	16545464	-	0.11959	delta_sum_err	48	T	AGTTT	ok	True
chr2	16545464	16545465	-	0.1196	delta_sum_err	49	T	GTTTT	ok	False
chr2	16545465	16545466	-	0.1196	delta_sum_err	49	T	TTTTA	ok	False
chr2	16545466	16545467	-	0.20017	delta_sum_err	49	T	TTTAA	ok	False
chr2	16545471	16545472	-	0.14287	delta_sum_err	47	T	AGTTA	ok	True
chr2	16545472	16545473	-	0.1196	delta_sum_err	49	T	GTTAC	ok	False
chr2	16545475	16545476	-	0.12501	delta_sum_err	49	T	ACTAT	ok	False
chr2	16545477	16545478	-	0.15593	delta_sum_err	42	T	TATGA	ok	False
chr2	16545486	16545487	-	0.11847	delta_sum_err	48	T	GATTG	ok	False
chr2	16545487	16545488	-	0.11847	delta_sum_err	48	T	ATTGT	ok	False
chr2	16545490	16545491	-	0.17378	delta_sum_err	48	T	GTTAA	ok	False
chr2	16545501	16545502	-	0.11847	delta_sum_err	48	T	AATGA	ok	False
chr2	16545522	16545523	-	0.12106	delta_sum_err	43	T	CCTTC	ok	False
chr2	16545523	16545524	-	0.12106	delta_sum_err	38	T	CTTCG	ok	False
chr2	16545529	16545530	-	0.12106	delta_sum_err	47	T	GCTTG	ok	False
chr2	16545530	16545531	-	0.16984	delta_sum_err	47	T	CTTGC	ok	False
chr2	16545535	16545536	-	0.12106	delta_sum_err	47	T	GCTCT	ok	False
chr2	16545537	16545538	-	0.12107	delta_sum_err	46	T	TCTTG	ok	False
chr2	16545538	16545539	-	0.12963	delta_sum_err	42	T	CTTGT	ok	False
chr2	16545540	16545541	-	0.13208	delta_sum_err	41	T	TGTAT	ok	False
chr2	16545553	16545554	-	0.12355	delta_sum_err	43	T	AGTTA	ok	True
chr2	16545554	16545555	-	0.12355	delta_sum_err	44	T	GTTAG	ok	False
chr2	16545558	16545559	-	0.12355	delta_sum_err	44	T	GGTTT	ok	True
chr2	16545559	16545560	-	0.12355	delta_sum_err	44	T	GTTTG	ok	False
chr2	16545560	16545561	-	0.10432	delta_sum_err	43	T	TTTGT	ok	False
chr2	16545562	16545563	-	0.12875	delta_sum_err	42	T	TGTTG	ok	False
chr2	16545563	16545564	-	0.12875	delta_sum_err	42	T	GTTGA	ok	False
chr2	16698207	16698208	-	0.13384	delta_sum_err	124	T	CTTAA	ok	False
chr2	16945121	16945122	-	0.10175	delta_sum_err	154	T	CATAA	ok	False
chr2	17201895	17201896	-	0.12638	delta_sum_err	201	T	CCTAA	ok	False
chr2	17295403	17295404	-	0.1107	delta_sum_err	90	T	CGTAG	ok	False
chr2	17324877	17324878	-	0.125	delta_sum_err	79	T	GCTCC	ok	False
chr2	17376590	17376591	-	0.1103	delta_sum_err	101	T	AATGC	ok	False
chr2	17376926	17376927	-	0.10572	delta_sum_err	89	T	TGTAA	ok	False
chr2	17697940	17697941	-	0.11414	delta_sum_err	78	T	CCTAT	ok	False
chr2	17698768	17698769	-	0.1401	delta_sum_err	58	T	CTTAT	ok	False
chr2	17731901	17731902	-	0.10163	delta_sum_err	194	T	CATAA	ok	False
chr2	17735816	17735817	-	0.10242	delta_sum_err	84	T	GATAA	ok	False
chr2	17736216	17736217	-	0.16216	delta_sum_err	67	T	TGTAA	ok	False
chr2	17738001	17738002	-	0.1303	delta_sum_err	45	T	GGTAA	ok	False
chr2	17776283	17776284	-	0.13131	delta_sum_err	211	T	GGTCT	ok	True
chr2	17826220	17826221	-	0.14746	delta_sum_err	168	T	TATAG	ok	False
chr2	1799296	1799297	-	0.25134	delta_sum_err	63	T	TGTGA	ok	False
chr2	1799299	1799300	-	0.21687	delta_sum_err	63	T	GATTT	ok	False
chr2	1799300	1799301	-	0.19664	delta_sum_err	76	T	ATTTT	ok	False
chr2	1799301	1799302	-	0.18604	delta_sum_err	76	T	TTTTG	ok	False
chr2	1799302	1799303	-	0.1384	delta_sum_err	79	T	TTTGA	ok	False
chr2	1799306	1799307	-	0.20455	delta_sum_err	82	T	ACTCT	ok	False
chr2	1799308	1799309	-	0.18415	delta_sum_err	80	T	TCTTG	ok	False
chr2	1799309	1799310	-	0.18428	delta_sum_err	83	T	CTTGC	ok	False
chr2	1799315	1799316	-	0.11841	delta_sum_err	118	T	AATAA	ok	False
chr2	18132174	18132175	-	0.1295	delta_sum_err	184	T	CTTGA	ok	False
chr2	18205402	18205403	-	0.16286	delta_sum_err	127	T	TATAA	ok	False
chr2	18205777	18205778	-	0.10203	delta_sum_err	131	T	GGTTG	ok	False
chr2	1823229	1823230	-	0.17122	delta_sum_err	18	T	GATAA	ok	False
chr2	1823232	1823233	-	0.14167	delta_sum_err	20	T	AATAA	ok	False
chr2	1823244	1823245	-	0.14126	delta_sum_err	34	T	CATAA	ok	False
chr2	1823271	1823272	-	0.10331	delta_sum_err	17	T	GGTTT	ok	True
chr2	1823272	1823273	-	0.1136	delta_sum_err	54	T	GTTTT	ok	False
chr2	1823273	1823274	-	0.11888	delta_sum_err	67	T	TTTTT	ok	False
chr2	1823274	1823275	-	0.12658	delta_sum_err	69	T	TTTTT	ok	False
chr2	1823275	1823276	-	0.11045	delta_sum_err	69	T	TTTTC	ok	False
chr2	1823276	1823277	-	0.13745	delta_sum_err	69	T	TTTCT	ok	False
chr2	1823278	1823279	-	0.13415	delta_sum_err	70	T	TCTGG	ok	False
chr2	1823281	1823282	-	0.11829	delta_sum_err	67	T	GGTGC	ok	False
chr2	1823294	1823295	-	0.13228	delta_sum_err	74	T	ACTCA	ok	False
chr2	1823299	1823300	-	0.13998	delta_sum_err	85	T	CCTGC	ok	False
chr2	18250256	18250257	-	0.10688	delta_sum_err	222	T	GCTCA	ok	False
chr2	18462384	18462385	-	0.13254	delta_sum_err	81	T	CGTGG	ok	False
chr2	18500991	18500992	-	0.11278	delta_sum_err	116	T	AGTAA	ok	False
chr2	18799751	18799752	-	0.12501	delta_sum_err	95	T	ATTAG	ok	False
chr2	18799799	18799800	-	0.15636	delta_sum_err	99	T	TTTAA	ok	False
chr2	18984451	18984452	-	0.10686	delta_sum_err	98	T	AATAA	ok	False
chr2	18984462	18984463	-	0.1041	delta_sum_err	98	T	AGTAC	ok	False
chr2	18984938	18984939	-	0.10197	delta_sum_err	96	T	CCTGA	ok	False
chr2	19004693	19004694	-	0.13208	delta_sum_err	133	T	TCTAT	ok	False
chr2	19004968	19004969	-	0.11724	delta_sum_err	122	T	ATTAA	ok	False
chr2	19554896	19554897	-	0.10427	delta_sum_err	111	T	TGTAT	ok	False
chr2	19555001	19555002	-	0.13661	delta_sum_err	207	T	ACTAT	ok	False
chr2	19555648	19555649	-	0.12374	delta_sum_err	197	T	CATAA	ok	False
chr2	19619001	19619002	-	0.10704	delta_sum_err	79	T	CCTCC	ok	False
chr2	199869	199870	-	0.10708	delta_sum_err	50	T	TCTGT	ok	False
chr2	199889	199890	-	0.11919	delta_sum_err	51	T	ACTGA	ok	False
chr2	200129	200130	-	0.14022	delta_sum_err	51	T	TTTGA	ok	False
chr2	201078	201079	-	0.11472	delta_sum_err	40	T	CATGT	ok	False
chr2	6921098	6921099	-	0.11893	delta_sum_err	37	T	GATAG	ok	False
chr2	6921151	6921152	-	0.11628	delta_sum_err	42	T	GATAA	ok	False
chr2	6921966	6921967	-	0.10526	delta_sum_err	30	T	ACTGA	ok	False
chr2	7160127	7160128	-	0.11813	delta_sum_err	136	T	GCTGA	ok	False
chr2	8113120	8113121	-	0.11111	delta_sum_err	59	T	CATAT	ok	False
chr2	84143	84144	-	0.12387	delta_sum_err	108	T	GATAG	ok	False
chr2	9318410	9318411	-	0.10619	delta_sum_err	42	T	CCTAG	ok	False
chr2	9824516	9824517	-	0.10952	delta_sum_err	75	T	AGTGC	ok	False
chr2	9825136	9825137	-	0.10657	delta_sum_err	73	T	CCTTA	ok	False
chr2	9825137	9825138	-	0.10497	delta_sum_err	74	T	CTTAA	ok	False
chr2	9825413	9825414	-	0.125	delta_sum_err	70	T	ATTAA	ok	False
chr3	1009123	1009124	-	0.13304	delta_sum_err	158	T	CCTAA	ok	False
chr3	10286166	10286167	-	0.13779	delta_sum_err	79	T	TGTGG	ok	False
chr3	10287327	10287328	-	0.14583	delta_sum_err	60	T	GGTTG	ok	False
chr3	10287339	10287340	-	0.11111	delta_sum_err	61	T	ACTGA	ok	False
chr3	10902839	10902840	-	0.13372	delta_sum_err	221	T	CTTAT	ok	False
chr3	11267375	11267376	-	0.12903	delta_sum_err	59	T	ATTAG	ok	False
chr3	12449754	12449755	-	0.11547	delta_sum_err	54	T	CCTAC	ok	False
chr3	12450810	12450811	-	0.13304	delta_sum_err	43	T	TTTAG	ok	False
chr3	13526445	13526446	-	0.12268	delta_sum_err	349	T	TGTAG	ok	False
chr3	1459209	1459210	-	0.12371	delta_sum_err	12	T	GCTGT	ok	False
chr3	1459211	1459212	-	0.12371	delta_sum_err	12	T	TGTCT	ok	True
chr3	1459489	1459490	-	0.13668	delta_sum_err	79	T	AATAG	ok	False
chr3	1462658	1462659	-	0.10027	delta_sum_err	68	T	TGTGA	ok	False
chr3	15799972	15799973	-	0.10123	delta_sum_err	247	T	GATAA	ok	False
chr3	15800035	15800036	-	0.11879	delta_sum_err	594	T	GGTTC	ok	True
chr3	15866261	15866262	-	0.14374	delta_sum_err	185	T	TGTAA	ok	False
chr3	15870560	15870561	-	0.10128	delta_sum_err	197	T	CTTGA	ok	False
chr3	162258	162259	-	0.13211	delta_sum_err	39	T	ATTAA	ok	False
chr3	162676	162677	-	0.11135	delta_sum_err	35	T	TGTGG	ok	False
chr3	16897411	16897412	-	0.12353	delta_sum_err	256	T	AATAA	ok	False
chr3	16907565	16907566	-	0.13633	delta_sum_err	137	T	ATTGT	ok	False
chr3	16907676	16907677	-	0.15314	delta_sum_err	136	T	AGTCA	ok	True
chr3	16909453	16909454	-	0.11451	delta_sum_err	99	T	GGTTC	ok	True
chr3	17011	17012	-	0.12579	delta_sum_err	83	T	CCTCT	ok	False
chr3	17020080	17020081	-	0.10616	delta_sum_err	117	T	CTTAA	ok	False
chr3	17400157	17400158	-	0.14655	delta_sum_err	65	T	CATAA	ok	False
chr3	17400630	17400631	-	0.12308	delta_sum_err	60	T	CTTAA	ok	False
chr3	17401022	17401023	-	0.1087	delta_sum_err	54	T	CGTGA	ok	False
chr3	17401053	17401054	-	0.10514	delta_sum_err	55	T	TCTAT	ok	False
chr3	17453538	17453539	-	0.13102	delta_sum_err	215	T	CTTAT	ok	False
chr3	17468	17469	-	0.13819	delta_sum_err	73	T	ATTAG	ok	False
chr3	17525650	17525651	-	0.12903	delta_sum_err	27	T	TTTGA	ok	False
chr3	17525671	17525672	-	0.12904	delta_sum_err	28	T	GATCA	ok	False
chr3	17525691	17525692	-	0.12903	delta_sum_err	25	T	TGTAG	ok	False
chr3	17525726	17525727	-	0.22581	delta_sum_err	28	T	CTTTG	ok	False
chr3	17717003	17717004	-	0.10026	delta_sum_err	134	T	CTTAA	ok	False
chr3	17771418	17771419	-	0.14772	delta_sum_err	30	T	CGTTG	ok	False
chr3	17771512	17771513	-	0.1195	delta_sum_err	30	T	ATTAA	ok	False
chr3	17771565	17771566	-	0.13907	delta_sum_err	21	T	CCTTC	ok	False
chr3	17771566	17771567	-	0.13907	delta_sum_err	24	T	CTTCA	ok	False
chr3	17771578	17771579	-	0.12903	delta_sum_err	23	T	AGTGA	ok	False
chr3	17771583	17771584	-	0.14001	delta_sum_err	23	T	AATCT	ok	False
chr3	17771585	17771586	-	0.14001	delta_sum_err	24	T	TCTCT	ok	False
chr3	17771587	17771588	-	0.14002	delta_sum_err	24	T	TCTTT	ok	False
chr3	17771588	17771589	-	0.10776	delta_sum_err	24	T	CTTTG	ok	False
chr3	17771589	17771590	-	0.10776	delta_sum_err	24	T	TTTGA	ok	False
chr3	17771594	17771595	-	0.14046	delta_sum_err	24	T	AATCA	ok	False
chr3	17771597	17771598	-	0.14045	delta_sum_err	23	T	CATTC	ok	False
chr3	17771598	17771599	-	0.14046	delta_sum_err	24	T	ATTCT	ok	False
chr3	17771600	17771601	-	0.14046	delta_sum_err	23	T	TCTGT	ok	False
chr3	17771606	17771607	-	0.14046	delta_sum_err	24	T	AATCC	ok	False
chr3	17771613	17771614	-	0.14045	delta_sum_err	22	T	AGTAC	ok	False
chr3	17771628	17771629	-	0.14046	delta_sum_err	24	T	GATCC	ok	False
chr3	17771635	17771636	-	0.14046	delta_sum_err	24	T	AATTT	ok	False
chr3	17771636	17771637	-	0.14046	delta_sum_err	24	T	ATTTA	ok	False
chr3	17771637	17771638	-	0.14046	delta_sum_err	24	T	TTTAT	ok	False
chr3	17771639	17771640	-	0.14046	delta_sum_err	24	T	TATCT	ok	False
chr3	17771641	17771642	-	0.18213	delta_sum_err	24	T	TCTTG	ok	False
chr3	17771642	17771643	-	0.14987	delta_sum_err	21	T	CTTGA	ok	False
chr3	17771650	17771651	-	0.20384	delta_sum_err	24	T	GATAA	ok	False
chr3	17771658	17771659	-	0.14001	delta_sum_err	24	T	ACTAA	ok	False
chr3	17771661	17771662	-	0.14002	delta_sum_err	24	T	AATTC	ok	False
chr3	17771662	17771663	-	0.14001	delta_sum_err	24	T	ATTCG	ok	False
chr3	17771667	17771668	-	0.14001	delta_sum_err	24	T	GATCG	ok	False
chr3	17771673	17771674	-	0.18256	delta_sum_err	24	T	AGTAA	ok	False
chr3	17771679	17771680	-	0.16129	delta_sum_err	24	T	ACTCA	ok	False
chr3	17771713	17771714	-	0.17158	delta_sum_err	21	T	GATAT	ok	False
chr3	17771715	17771716	-	0.14001	delta_sum_err	23	T	TATGG	ok	False
chr3	17771722	17771723	-	0.14001	delta_sum_err	24	T	GATCA	ok	False
chr3	17771728	17771729	-	0.16129	delta_sum_err	24	T	CATCC	ok	False
chr3	17771732	17771733	-	0.1835	delta_sum_err	22	T	CCTAA	ok	False
chr3	17771735	17771736	-	0.16129	delta_sum_err	24	T	AATCG	ok	False
chr3	17771738	17771739	-	0.13907	delta_sum_err	24	T	CGTAG	ok	False
chr3	17771742	17771743	-	0.13907	delta_sum_err	24	T	GATCC	ok	False
chr3	17771747	17771748	-	0.12903	delta_sum_err	22	T	GATGA	ok	False
chr3	17771752	17771753	-	0.12903	delta_sum_err	24	T	GATTA	ok	False
chr3	17771753	17771754	-	0.13907	delta_sum_err	24	T	ATTAT	ok	False
chr3	17771755	17771756	-	0.13907	delta_sum_err	23	T	TATTA	ok	False
chr3	17771756	17771757	-	0.16129	delta_sum_err	24	T	ATTAG	ok	False
chr3	17771763	17771764	-	0.16129	delta_sum_err	24	T	AATTA	ok	False
chr3	17771764	17771765	-	0.13907	delta_sum_err	24	T	ATTAA	ok	False
chr3	17771772	17771773	-	0.13906	delta_sum_err	24	T	CATAA	ok	False
chr3	17771775	17771776	-	0.13907	delta_sum_err	23	T	AATTG	ok	False
chr3	17771776	17771777	-	0.10681	delta_sum_err	23	T	ATTGA	ok	False
chr3	17771783	17771784	-	0.10681	delta_sum_err	24	T	AATTA	ok	False
chr3	17771800	17771801	-	0.10681	delta_sum_err	24	T	AATCC	ok	False
chr3	17771808	17771809	-	0.16129	delta_sum_err	22	T	CATGG	ok	False
chr3	17771815	17771816	-	0.12903	delta_sum_err	21	T	GCTAG	ok	False
chr3	17771819	17771820	-	0.1957	delta_sum_err	24	T	GGTTA	ok	True
chr3	17771820	17771821	-	0.10681	delta_sum_err	24	T	GTTAG	ok	False
chr3	17771827	17771828	-	0.13907	delta_sum_err	24	T	GGTCG	ok	False
chr3	17771831	17771832	-	0.13907	delta_sum_err	24	T	GATGC	ok	False
chr3	17771845	17771846	-	0.13907	delta_sum_err	20	T	GCTAG	ok	False
chr3	17771855	17771856	-	0.13907	delta_sum_err	24	T	GCTAC	ok	False
chr3	17771858	17771859	-	0.16129	delta_sum_err	24	T	ACTTA	ok	False
chr3	17771859	17771860	-	0.13907	delta_sum_err	17	T	CTTAG	ok	False
chr3	17771870	17771871	-	0.17348	delta_sum_err	23	T	AGTCG	ok	False
chr3	17771874	17771875	-	0.13907	delta_sum_err	24	T	GGTGC	ok	False
chr3	17771877	17771878	-	0.13119	delta_sum_err	21	T	GCTAG	ok	False
chr3	17771894	17771895	-	0.13907	delta_sum_err	24	T	CATCA	ok	False
chr3	17771900	17771901	-	0.20574	delta_sum_err	24	T	CGTTG	ok	False
chr3	17771901	17771902	-	0.13907	delta_sum_err	24	T	GTTGA	ok	False
chr3	17832880	17832881	-	0.10267	delta_sum_err	53	T	ATTAA	ok	False
chr3	17909287	17909288	-	0.12771	delta_sum_err	127	T	TCTAT	ok	False
chr3	18054468	18054469	-	0.11038	delta_sum_err	71	T	GATAA	ok	False
chr3	18054605	18054606	-	0.10164	delta_sum_err	3	T	TATCA	ok	False
chr3	18166823	18166824	-	0.22472	delta_sum_err	481	T	GGTCT	ok	True
chr3	1826183	1826184	-	0.10727	delta_sum_err	137	T	TTTAA	ok	False
chr3	1831479	1831480	-	0.1012	delta_sum_err	105	T	TCTGA	ok	False
chr3	1831870	1831871	-	0.13046	delta_sum_err	73	T	TGTTG	ok	False
chr3	183308	183309	-	0.12467	delta_sum_err	103	T	TCTGA	ok	False
chr3	183688	183689	-	0.10165	delta_sum_err	88	T	CGTAG	ok	False
chr3	184075	184076	-	0.11167	delta_sum_err	88	T	TCTGA	ok	False
chr3	184155	184156	-	0.135	delta_sum_err	84	T	ATTAG	ok	False
chr3	18492596	18492597	-	0.18498	delta_sum_err	142	T	TGTCA	ok	True
chr3	18894104	18894105	-	0.1063	delta_sum_err	62	T	TGTGG	ok	False
chr3	18894799	18894800	-	0.125	delta_sum_err	60	T	GGTAC	ok	False
chr3	18945178	18945179	-	0.10556	delta_sum_err	58	T	TCTTG	ok	False
chr3	18945272	18945273	-	0.10701	delta_sum_err	59	T	CTTAA	ok	False
chr3	19217308	19217309	-	0.10946	delta_sum_err	161	T	CGTAA	ok	False
chr3	19225437	19225438	-	0.12044	delta_sum_err	107	T	GGTTA	ok	True
chr3	19227024	19227025	-	0.10131	delta_sum_err	89	T	TTTAG	ok	False
chr3	19228009	19228010	-	0.10205	delta_sum_err	73	T	GGTGA	ok	False
chr3	1925050	1925051	-	0.14277	delta_sum_err	39	T	TGTTG	ok	False
chr3	19277922	19277923	-	0.10741	delta_sum_err	90	T	ACTTC	ok	False
chr3	19317996	19317997	-	0.14254	delta_sum_err	80	T	AGTCT	ok	True
chr3	194729	194730	-	0.14962	delta_sum_err	94	T	TTTCT	ok	False
chr3	194731	194732	-	0.14573	delta_sum_err	123	T	TCTGT	ok	False
chr3	194733	194734	-	0.13518	delta_sum_err	124	T	TGTCC	ok	True
chr3	194743	194744	-	0.10647	delta_sum_err	131	T	GATTT	ok	False
chr3	194744	194745	-	0.1016	delta_sum_err	155	T	ATTTT	ok	False
chr3	194953	194954	-	0.11514	delta_sum_err	545	T	AATAA	ok	False
chr3	194962	194963	-	0.12905	delta_sum_err	612	T	AATTG	ok	False
chr3	194963	194964	-	0.12655	delta_sum_err	629	T	ATTGT	ok	False
chr3	194965	194966	-	0.14082	delta_sum_err	655	T	TGTTC	ok	True
chr3	194966	194967	-	0.13592	delta_sum_err	688	T	GTTCA	ok	False
chr3	194969	194970	-	0.13133	delta_sum_err	934	T	CATAA	ok	False
chr3	194972	194973	-	0.12316	delta_sum_err	1090	T	AATTA	ok	False
chr3	194973	194974	-	0.14619	delta_sum_err	1104	T	ATTAA	ok	False
chr3	194987	194988	-	0.12227	delta_sum_err	1345	T	GATCT	ok	False
chr3	194989	194990	-	0.11622	delta_sum_err	1445	T	TCTAT	ok	False
chr3	194991	194992	-	0.12632	delta_sum_err	1634	T	TATAT	ok	False
chr3	194993	194994	-	0.13002	delta_sum_err	1706	T	TATCA	ok	False
chr3	194996	194997	-	0.12866	delta_sum_err	1750	T	CATCT	ok	False
chr3	194998	194999	-	0.12461	delta_sum_err	1763	T	TCTGC	ok	False
chr3	195001	195002	-	0.12494	delta_sum_err	1677	T	GCTTT	ok	False
chr3	195002	195003	-	0.12394	delta_sum_err	1885	T	CTTTT	ok	False
chr3	195003	195004	-	0.12396	delta_sum_err	1901	T	TTTTC	ok	False
chr3	195004	195005	-	0.12743	delta_sum_err	1920	T	TTTCC	ok	False
chr3	195007	195008	-	0.12491	delta_sum_err	1253	T	CCTTT	ok	False
chr3	195008	195009	-	0.12265	delta_sum_err	1718	T	CTTTT	ok	False
chr3	195009	195010	-	0.12185	delta_sum_err	1889	T	TTTTT	ok	False
chr3	195010	195011	-	0.12612	delta_sum_err	1936	T	TTTTG	ok	False
chr3	195011	195012	-	0.12185	delta_sum_err	1933	T	TTTGT	ok	False
chr3	195013	195014	-	0.1221	delta_sum_err	1707	T	TGTTT	ok	True
chr3	195014	195015	-	0.12365	delta_sum_err	1947	T	GTTTT	ok	False
chr3	195015	195016	-	0.11417	delta_sum_err	1492	T	TTTTA	ok	False
chr3	195016	195017	-	0.12199	delta_sum_err	1105	T	TTTAT	ok	False
chr3	195018	195019	-	0.13366	delta_sum_err	1512	T	TATAT	ok	False
chr3	195020	195021	-	0.12474	delta_sum_err	1778	T	TATAT	ok	False
chr3	195022	195023	-	0.11898	delta_sum_err	1853	T	TATAT	ok	False
chr3	195024	195025	-	0.12091	delta_sum_err	1755	T	TATGA	ok	False
chr3	195033	195034	-	0.12156	delta_sum_err	1794	T	AGTTG	ok	False
chr3	195034	195035	-	0.12388	delta_sum_err	1890	T	GTTGG	ok	False
chr3	195037	195038	-	0.1276	delta_sum_err	1941	T	GGTAG	ok	False
chr3	195051	195052	-	0.12365	delta_sum_err	2345	T	GATAA	ok	False
chr3	195055	195056	-	0.12677	delta_sum_err	2355	T	ACTCA	ok	False
chr3	195058	195059	-	0.12549	delta_sum_err	2389	T	CATCA	ok	False
chr3	195075	195076	-	0.13131	delta_sum_err	2338	T	CATTA	ok	False
chr3	195076	195077	-	0.1292	delta_sum_err	2385	T	ATTAC	ok	False
chr3	195082	195083	-	0.12601	delta_sum_err	2385	T	AATTA	ok	False
chr3	195083	195084	-	0.12418	delta_sum_err	2382	T	ATTAC	ok	False
chr3	195087	195088	-	0.12735	delta_sum_err	2258	T	CATAT	ok	False
chr3	195089	195090	-	0.12661	delta_sum_err	2313	T	TATGG	ok	False
chr3	195094	195095	-	0.12536	delta_sum_err	2262	T	GGTAG	ok	False
chr3	195098	195099	-	0.12836	delta_sum_err	1955	T	GATAT	ok	False
chr3	195100	195101	-	0.12702	delta_sum_err	2270	T	TATAT	ok	False
chr3	195102	195103	-	0.12552	delta_sum_err	2253	T	TATAT	ok	False
chr3	195104	195105	-	0.13019	delta_sum_err	1912	T	TATTA	ok	False
chr3	195105	195106	-	0.12601	delta_sum_err	1493	T	ATTAT	ok	False
chr3	195107	195108	-	0.12785	delta_sum_err	2309	T	TATAT	ok	False
chr3	195109	195110	-	0.12486	delta_sum_err	2302	T	TATAC	ok	False
chr3	195114	195115	-	0.12349	delta_sum_err	2268	T	GATGA	ok	False
chr3	195117	195118	-	0.12679	delta_sum_err	2336	T	GATAA	ok	False
chr3	195120	195121	-	0.12524	delta_sum_err	2364	T	AATAA	ok	False
chr3	195123	195124	-	0.12716	delta_sum_err	2002	T	AATGA	ok	False
chr3	195126	195127	-	0.12077	delta_sum_err	2308	T	GATGA	ok	False
chr3	195129	195130	-	0.12787	delta_sum_err	2373	T	GATGA	ok	False
chr3	195132	195133	-	0.12101	delta_sum_err	2373	T	GATGA	ok	False
chr3	195135	195136	-	0.12524	delta_sum_err	2381	T	GATGG	ok	False
chr3	195139	195140	-	0.12457	delta_sum_err	2400	T	GATGG	ok	False
chr3	195142	195143	-	0.12921	delta_sum_err	2397	T	GGTCA	ok	True
chr3	195145	195146	-	0.1349	delta_sum_err	1965	T	CATGA	ok	False
chr3	195148	195149	-	0.12348	delta_sum_err	2190	T	GATGA	ok	False
chr3	195151	195152	-	0.1291	delta_sum_err	2336	T	GATGA	ok	False
chr3	195154	195155	-	0.1276	delta_sum_err	2322	T	GATGA	ok	False
chr3	195157	195158	-	0.131	delta_sum_err	2348	T	GATGA	ok	False
chr3	195160	195161	-	0.12246	delta_sum_err	2354	T	GATGA	ok	False
chr3	195163	195164	-	0.12788	delta_sum_err	2400	T	GATGG	ok	False
chr3	195167	195168	-	0.12675	delta_sum_err	2361	T	GATTG	ok	False
chr3	195168	195169	-	0.12696	delta_sum_err	2400	T	ATTGG	ok	False
chr3	195171	195172	-	0.1295	delta_sum_err	2405	T	GGTTC	ok	True
chr3	195172	195173	-	0.12991	delta_sum_err	2417	T	GTTCA	ok	False
chr3	195175	195176	-	0.12806	delta_sum_err	2318	T	CATAC	ok	False
chr3	19834478	19834479	-	0.13535	delta_sum_err	78	T	AGTAT	ok	False
chr3	19834519	19834520	-	0.10204	delta_sum_err	86	T	AGTAC	ok	False
chr3	19834760	19834761	-	0.13684	delta_sum_err	96	T	TCTGG	ok	False
chr3	20128607	20128608	-	0.10856	delta_sum_err	124	T	CTTAA	ok	False
chr3	20223301	20223302	-	0.10871	delta_sum_err	57	T	TCTAA	ok	False
chr3	20223881	20223882	-	0.11668	delta_sum_err	49	T	AATCC	ok	False
chr3	20224418	20224419	-	0.11882	delta_sum_err	44	T	TGTAA	ok	False
chr3	20231833	20231834	-	0.10522	delta_sum_err	93	T	AGTGT	ok	False
chr3	20232961	20232962	-	0.13125	delta_sum_err	75	T	GGTTA	ok	True
chr3	20399148	20399149	-	0.10472	delta_sum_err	64	T	TTTGG	ok	False
chr3	20521169	20521170	-	0.11905	delta_sum_err	84	T	GATAA	ok	False
chr3	20521186	20521187	-	0.10621	delta_sum_err	83	T	TCTAA	ok	False
chr3	20521360	20521361	-	0.10202	delta_sum_err	79	T	GCTGT	ok	False
chr3	20521878	20521879	-	0.11746	delta_sum_err	52	T	AGTAA	ok	False
chr3	20625971	20625972	-	0.13514	delta_sum_err	71	T	CCTAT	ok	False
chr3	20933112	20933113	-	0.10605	delta_sum_err	84	T	AATGC	ok	False
chr3	21034675	21034676	-	0.11765	delta_sum_err	28	T	ATTGA	ok	False
chr3	21034678	21034679	-	0.19935	delta_sum_err	31	T	GATAG	ok	False
chr3	21034685	21034686	-	0.15128	delta_sum_err	34	T	CCTAA	ok	False
chr3	21098457	21098458	-	0.11225	delta_sum_err	168	T	GATAA	ok	False
chr3	21099289	21099290	-	0.10324	delta_sum_err	140	T	TCTAT	ok	False
chr3	21100022	21100023	-	0.13505	delta_sum_err	115	T	TGTGA	ok	False
chr3	21290996	21290997	-	0.16933	delta_sum_err	60	T	ATTAT	ok	False
chr3	2129659	2129660	-	0.10169	delta_sum_err	60	T	AATAA	ok	False
chr3	2129684	2129685	-	0.10833	delta_sum_err	56	T	TGTAA	ok	False
chr3	213010	213011	-	0.11573	delta_sum_err	78	T	GATAA	ok	False
chr3	213124	213125	-	0.10202	delta_sum_err	77	T	GATCC	ok	False
chr3	213210	213211	-	0.18266	delta_sum_err	37	T	TCTAC	ok	False
chr3	213311	213312	-	0.10249	delta_sum_err	77	T	CCTGT	ok	False
chr3	21428609	21428610	-	0.11111	delta_sum_err	81	T	ATTAT	ok	False
chr3	21635275	21635276	-	0.11372	delta_sum_err	105	T	AATAA	ok	False
chr3	21635329	21635330	-	0.12534	delta_sum_err	105	T	CATGA	ok	False
chr3	21636530	21636531	-	0.11837	delta_sum_err	6	T	ACTAA	ok	False
chr3	21797168	21797169	-	0.12904	delta_sum_err	24	T	ATTAT	ok	False
chr3	21797186	21797187	-	0.25806	delta_sum_err	28	T	TATAT	ok	False
chr3	21797193	21797194	-	0.15933	delta_sum_err	29	T	GATAA	ok	False
chr3	21797241	21797242	-	0.11111	delta_sum_err	33	T	AGTAC	ok	False
chr3	21797269	21797270	-	0.14189	delta_sum_err	36	T	CTTAA	ok	False
chr3	21797926	21797927	-	0.10909	delta_sum_err	59	T	TGTAG	ok	False
chr3	21995762	21995763	-	0.10978	delta_sum_err	539	T	AGTCT	ok	True
chr3	22251694	22251695	-	0.11518	delta_sum_err	53	T	ACTTC	ok	False
chr3	22251695	22251696	-	0.11518	delta_sum_err	56	T	CTTCA	ok	False
chr3	22251698	22251699	-	0.25104	delta_sum_err	59	T	CATCG	ok	False
chr3	22251701	22251702	-	0.12593	delta_sum_err	31	T	CGTGT	ok	False
chr3	22251703	22251704	-	0.12591	delta_sum_err	47	T	TGTTT	ok	True
chr3	22251704	22251705	-	0.12593	delta_sum_err	49	T	GTTTT	ok	False
chr3	22251705	22251706	-	0.11518	delta_sum_err	51	T	TTTTT	ok	False
chr3	22251706	22251707	-	0.11518	delta_sum_err	53	T	TTTTA	ok	False
chr3	22251707	22251708	-	0.11518	delta_sum_err	55	T	TTTAG	ok	False
chr3	22251710	22251711	-	0.11517	delta_sum_err	23	T	AGTTA	ok	True
chr3	22251711	22251712	-	0.11518	delta_sum_err	56	T	GTTAA	ok	False
chr3	22251725	22251726	-	0.12593	delta_sum_err	38	T	CATAC	ok	False
chr3	22251930	22251931	-	0.13483	delta_sum_err	8	T	TCTGC	ok	False
chr3	23092514	23092515	-	0.14706	delta_sum_err	68	T	TGTAG	ok	False
chr3	2610282	2610283	-	0.12121	delta_sum_err	51	T	CTTGT	ok	False
chr3	2664621	2664622	-	0.11561	delta_sum_err	381	T	CTTGA	ok	False
chr3	2849131	2849132	-	0.10436	delta_sum_err	61	T	CATAA	ok	False
chr3	3091080	3091081	-	0.10335	delta_sum_err	54	T	GCTAG	ok	False
chr3	3233910	3233911	-	0.10195	delta_sum_err	67	T	CTTAA	ok	False
chr3	3234511	3234512	-	0.11842	delta_sum_err	8	T	GGTCC	ok	True
chr3	3234531	3234532	-	0.1026	delta_sum_err	7	T	GTTTT	ok	False
chr3	341595	341596	-	0.10102	delta_sum_err	42	T	GATGT	ok	False
chr3	341789	341790	-	0.11497	delta_sum_err	35	T	TGTAA	ok	False
chr3	488103	488104	-	0.1059	delta_sum_err	103	T	AGTGA	ok	False
chr3	5308910	5308911	-	0.11737	delta_sum_err	45	T	TTTAA	ok	False
chr3	5619757	5619758	-	0.11107	delta_sum_err	64	T	AATGA	ok	False
chr3	5620815	5620816	-	0.11016	delta_sum_err	44	T	ACTAT	ok	False
chr3	5669411	5669412	-	0.10502	delta_sum_err	31	T	CATCT	ok	False
chr3	5669413	5669414	-	0.10789	delta_sum_err	32	T	TCTAC	ok	False
chr3	5669416	5669417	-	0.11441	delta_sum_err	29	T	ACTAT	ok	False
chr3	5669418	5669419	-	0.24803	delta_sum_err	32	T	TATAA	ok	False
chr3	603041	603042	-	0.14912	delta_sum_err	109	T	TGTGC	ok	False
chr3	6091848	6091849	-	0.11611	delta_sum_err	123	T	TGTGA	ok	False
chr3	6627144	6627145	-	0.12247	delta_sum_err	73	T	TTTAA	ok	False
chr3	6880661	6880662	-	0.13043	delta_sum_err	111	T	GGTCT	ok	True
chr3	6881456	6881457	-	0.12065	delta_sum_err	89	T	CTTGG	ok	False
chr3	7109972	7109973	-	0.11115	delta_sum_err	128	T	AATAA	ok	False
chr3	762167	762168	-	0.16393	delta_sum_err	59	T	TGTTG	ok	False
chr3	762184	762185	-	0.11783	delta_sum_err	57	T	CATGA	ok	False
chr3	8010511	8010512	-	0.10326	delta_sum_err	84	T	ACTGA	ok	False
chr3	8531597	8531598	-	0.13725	delta_sum_err	85	T	AGTCT	ok	True
chr3	8869871	8869872	-	0.11765	delta_sum_err	56	T	CCTGA	ok	False
chr3	9375196	9375197	-	0.14201	delta_sum_err	64	T	TATAA	ok	False
chr3	9712359	9712360	-	0.11187	delta_sum_err	8	T	CTTAA	ok	False
chr3	9912517	9912518	-	0.1108	delta_sum_err	89	T	TGTAG	ok	False
chr3	9914445	9914446	-	0.15237	delta_sum_err	60	T	CTTAA	ok	False
chr4	10289840	10289841	-	0.11021	delta_sum_err	48	T	CCTAG	ok	False
chr4	10583197	10583198	-	0.10586	delta_sum_err	88	T	TGTAT	ok	False
chr4	10583213	10583214	-	0.12643	delta_sum_err	93	T	GATAT	ok	False
chr4	1075781	1075782	-	0.10712	delta_sum_err	62	T	TGTTG	ok	False
chr4	10777806	10777807	-	0.14667	delta_sum_err	74	T	GGTTG	ok	False
chr4	10784603	10784604	-	0.13218	delta_sum_err	72	T	CTTAA	ok	False
chr4	10784628	10784629	-	0.10293	delta_sum_err	70	T	CCTAA	ok	False
chr4	10784857	10784858	-	0.10526	delta_sum_err	43	T	CGTGT	ok	False
chr4	10785128	10785129	-	0.102	delta_sum_err	49	T	ACTGC	ok	False
chr4	10785879	10785880	-	0.11765	delta_sum_err	47	T	CATAC	ok	False
chr4	10889211	10889212	-	0.14088	delta_sum_err	466	T	CTTAA	ok	False
chr4	1112242	1112243	-	0.16104	delta_sum_err	276	T	ATTAT	ok	False
chr4	1112611	1112612	-	0.10828	delta_sum_err	293	T	TCTGG	ok	False
chr4	11591726	11591727	-	0.10373	delta_sum_err	77	T	AGTTG	ok	False
chr4	11659030	11659031	-	0.10654	delta_sum_err	62	T	TGTTG	ok	False
chr4	11988057	11988058	-	0.10989	delta_sum_err	89	T	GGTTG	ok	False
chr4	12005217	12005218	-	0.11241	delta_sum_err	44	T	CGTAG	ok	False
chr4	12005310	12005311	-	0.12419	delta_sum_err	43	T	GCTGA	ok	False
chr4	12005576	12005577	-	0.11035	delta_sum_err	35	T	GGTGT	ok	False
chr4	12005580	12005581	-	0.16592	delta_sum_err	36	T	TCTTA	ok	False
chr4	12106172	12106173	-	0.11134	delta_sum_err	75	T	ATTAA	ok	False
chr4	12403961	12403962	-	0.12963	delta_sum_err	82	T	CTTGA	ok	False
chr4	12404623	12404624	-	0.11696	delta_sum_err	58	T	AATGA	ok	False
chr4	12790829	12790830	-	0.11262	delta_sum_err	87	T	TGTAA	ok	False
chr4	12819616	12819617	-	0.1035	delta_sum_err	161	T	GGTTC	ok	True
chr4	12884365	12884366	-	0.11905	delta_sum_err	64	T	TATAA	ok	False
chr4	12898612	12898613	-	0.13036	delta_sum_err	141	T	TGTAT	ok	False
chr4	13503981	13503982	-	0.10125	delta_sum_err	101	T	TCTAG	ok	False
chr4	13504162	13504163	-	0.12772	delta_sum_err	18	T	ATTAA	ok	False
chr4	13604752	13604753	-	0.11363	delta_sum_err	41	T	TGTAA	ok	False
chr4	13604763	13604764	-	0.11364	delta_sum_err	43	T	GATAG	ok	False
chr4	13604944	13604945	-	0.12121	delta_sum_err	42	T	ACTAG	ok	False
chr4	13604978	13604979	-	0.11363	delta_sum_err	43	T	CTTGA	ok	False
chr4	13605168	13605169	-	0.15625	delta_sum_err	42	T	TCTTG	ok	False
chr4	13605186	13605187	-	0.11647	delta_sum_err	43	T	TCTTG	ok	False
chr4	13605196	13605197	-	0.1875	delta_sum_err	43	T	GCTGT	ok	False
chr4	13663955	13663956	-	0.15233	delta_sum_err	32	T	CCTAA	ok	False
chr4	13663999	13664000	-	0.1568	delta_sum_err	33	T	CGTGA	ok	False
chr4	13936028	13936029	-	0.17907	delta_sum_err	194	T	CCTAT	ok	False
chr4	13937684	13937685	-	0.10526	delta_sum_err	63	T	GTTAT	ok	False
chr4	13937899	13937900	-	0.1249	delta_sum_err	87	T	CGTCA	ok	False
chr4	13938568	13938569	-	0.1111	delta_sum_err	72	T	CCTGA	ok	False
chr4	13939065	13939066	-	0.13636	delta_sum_err	68	T	TCTGT	ok	False
chr4	14000109	14000110	-	0.13152	delta_sum_err	98	T	TATTA	ok	False
chr4	14000412	14000413	-	0.10781	delta_sum_err	93	T	ACTAT	ok	False
chr4	14000646	14000647	-	0.15295	delta_sum_err	65	T	CCTGC	ok	False
chr4	14297220	14297221	-	0.11667	delta_sum_err	55	T	TTTGA	ok	False
chr4	14297761	14297762	-	0.12597	delta_sum_err	54	T	CTTGA	ok	False
chr4	14562868	14562869	-	0.10696	delta_sum_err	124	T	AGTCT	ok	True
chr4	14562871	14562872	-	0.14214	delta_sum_err	126	T	CTTAA	ok	False
chr4	14772908	14772909	-	0.10588	delta_sum_err	83	T	TCTTG	ok	False
chr4	14774211	14774212	-	0.13798	delta_sum_err	56	T	GCTGG	ok	False
chr4	14774604	14774605	-	0.11111	delta_sum_err	49	T	AGTGG	ok	False
chr4	14803670	14803671	-	0.10659	delta_sum_err	116	T	CCTGC	ok	False
chr4	14803682	14803683	-	0.14744	delta_sum_err	109	T	TGTAG	ok	False
chr4	14825891	14825892	-	0.18155	delta_sum_err	46	T	TGTAA	ok	False
chr4	14829045	14829046	-	0.11321	delta_sum_err	54	T	TCTTG	ok	False
chr4	14957614	14957615	-	0.10542	delta_sum_err	69	T	AATAA	ok	False
chr4	15346139	15346140	-	0.12632	delta_sum_err	649	T	GGTCT	ok	True
chr4	15527117	15527118	-	0.15193	delta_sum_err	86	T	CATAA	ok	False
chr4	16039455	16039456	-	0.18623	delta_sum_err	128	T	ACTGA	ok	False
chr4	16039740	16039741	-	0.16555	delta_sum_err	119	T	TGTGA	ok	False
chr4	16167428	16167429	-	0.10447	delta_sum_err	107	T	CATAA	ok	False
chr4	16167736	16167737	-	0.10195	delta_sum_err	104	T	ACTGT	ok	False
chr4	16370064	16370065	-	0.11101	delta_sum_err	78	T	CTTGA	ok	False
chr4	16370385	16370386	-	0.14472	delta_sum_err	71	T	TTTAA	ok	False
chr4	16370631	16370632	-	0.11996	delta_sum_err	71	T	CTTAA	ok	False
chr4	16388109	16388110	-	0.10196	delta_sum_err	54	T	TGTAA	ok	False
chr4	16388487	16388488	-	0.11478	delta_sum_err	41	T	TCTCT	ok	False
chr4	16534920	16534921	-	0.10259	delta_sum_err	1450	T	AGTCT	ok	True
chr4	16940670	16940671	-	0.15881	delta_sum_err	224	T	TCTAA	ok	False
chr4	16941583	16941584	-	0.16429	delta_sum_err	181	T	CTTAC	ok	False
chr4	16972924	16972925	-	0.14237	delta_sum_err	136	T	AGTCA	ok	True
chr4	17139469	17139470	-	0.10964	delta_sum_err	58	T	CCTAT	ok	False
chr4	17240581	17240582	-	0.14109	delta_sum_err	86	T	TGTAC	ok	False
chr4	17281875	17281876	-	0.11111	delta_sum_err	41	T	TTTAA	ok	False
chr4	17281917	17281918	-	0.10327	delta_sum_err	43	T	ATTAA	ok	False
chr4	17281953	17281954	-	0.10427	delta_sum_err	42	T	TCTTA	ok	False
chr4	17281996	17281997	-	0.10922	delta_sum_err	37	T	TTTAC	ok	False
chr4	17282028	17282029	-	0.11256	delta_sum_err	37	T	TGTAC	ok	False
chr4	17282119	17282120	-	0.12059	delta_sum_err	5	T	ACTTT	ok	False
chr4	17282141	17282142	-	0.11345	delta_sum_err	36	T	TTTGG	ok	False
chr4	17282144	17282145	-	0.14285	delta_sum_err	37	T	GGTGA	ok	False
chr4	17282215	17282216	-	0.10442	delta_sum_err	38	T	CGTCC	ok	False
chr4	17342132	17342133	-	0.13512	delta_sum_err	137	T	TTTAA	ok	False
chr4	17353526	17353527	-	0.20245	delta_sum_err	44	T	TCTGT	ok	False
chr4	17353528	17353529	-	0.19998	delta_sum_err	43	T	TGTTT	ok	True
chr4	17353529	17353530	-	0.22436	delta_sum_err	48	T	GTTTT	ok	False
chr4	17353530	17353531	-	0.19733	delta_sum_err	48	T	TTTTG	ok	False
chr4	17353531	17353532	-	0.19732	delta_sum_err	47	T	TTTGA	ok	False
chr4	17353534	17353535	-	0.19733	delta_sum_err	40	T	GATTT	ok	False
chr4	17353535	17353536	-	0.19734	delta_sum_err	48	T	ATTTT	ok	False
chr4	17353536	17353537	-	0.19733	delta_sum_err	48	T	TTTTT	ok	False
chr4	17353537	17353538	-	0.19733	delta_sum_err	48	T	TTTTC	ok	False
chr4	17353538	17353539	-	0.19733	delta_sum_err	48	T	TTTCG	ok	False
chr4	17353543	17353544	-	0.19733	delta_sum_err	48	T	AATTA	ok	False
chr4	17353544	17353545	-	0.22674	delta_sum_err	48	T	ATTAA	ok	False
chr4	17353549	17353550	-	0.21499	delta_sum_err	44	T	GGTAG	ok	False
chr4	17353558	17353559	-	0.19311	delta_sum_err	47	T	GCTCA	ok	False
chr4	17353564	17353565	-	0.18486	delta_sum_err	46	T	CCTAA	ok	False
chr4	17353567	17353568	-	0.19311	delta_sum_err	45	T	AATGG	ok	False
chr4	17353573	17353574	-	0.20341	delta_sum_err	47	T	AATAA	ok	False
chr4	17353578	17353579	-	0.17833	delta_sum_err	47	T	GATAA	ok	False
chr4	17353582	17353583	-	0.17833	delta_sum_err	47	T	ACTTG	ok	False
chr4	17353583	17353584	-	0.17833	delta_sum_err	47	T	CTTGT	ok	False
chr4	17353585	17353586	-	0.17834	delta_sum_err	38	T	TGTTT	ok	True
chr4	17353586	17353587	-	0.17704	delta_sum_err	47	T	GTTTT	ok	False
chr4	17353587	17353588	-	0.17112	delta_sum_err	47	T	TTTTC	ok	False
chr4	17353588	17353589	-	0.18082	delta_sum_err	46	T	TTTCC	ok	False
chr4	17353594	17353595	-	0.17704	delta_sum_err	47	T	CGTTG	ok	False
chr4	17353595	17353596	-	0.18295	delta_sum_err	47	T	GTTGA	ok	False
chr4	17353601	17353602	-	0.16306	delta_sum_err	47	T	ACTGT	ok	False
chr4	17353603	17353604	-	0.18082	delta_sum_err	46	T	TGTGC	ok	False
chr4	17353609	17353610	-	0.17112	delta_sum_err	46	T	AATGG	ok	False
chr4	17353612	17353613	-	0.17113	delta_sum_err	45	T	GGTTA	ok	True
chr4	17353613	17353614	-	0.17704	delta_sum_err	46	T	GTTAG	ok	False
chr4	17353623	17353624	-	0.17704	delta_sum_err	46	T	GATAC	ok	False
chr4	17353777	17353778	-	0.14395	delta_sum_err	34	T	CCTGC	ok	False
chr4	17353784	17353785	-	0.14615	delta_sum_err	42	T	AATAT	ok	False
chr4	17353786	17353787	-	0.13799	delta_sum_err	43	T	TATCA	ok	False
chr4	17353794	17353795	-	0.13046	delta_sum_err	40	T	CATAC	ok	False
chr4	17353797	17353798	-	0.1092	delta_sum_err	27	T	ACTGT	ok	False
chr4	17353799	17353800	-	0.1092	delta_sum_err	27	T	TGTTT	ok	True
chr4	17353800	17353801	-	0.1092	delta_sum_err	27	T	GTTTG	ok	False
chr4	17353801	17353802	-	0.1092	delta_sum_err	27	T	TTTGT	ok	False
chr4	17353803	17353804	-	0.1092	delta_sum_err	27	T	TGTTA	ok	True
chr4	17353804	17353805	-	0.11393	delta_sum_err	26	T	GTTAG	ok	False
chr4	17353808	17353809	-	0.10921	delta_sum_err	27	T	GATCG	ok	False
chr4	17353813	17353814	-	0.1092	delta_sum_err	27	T	CATAC	ok	False
chr4	17353821	17353822	-	0.1092	delta_sum_err	27	T	AATAA	ok	False
chr4	17353826	17353827	-	0.11569	delta_sum_err	24	T	CATTT	ok	False
chr4	17353827	17353828	-	0.1092	delta_sum_err	27	T	ATTTA	ok	False
chr4	17353828	17353829	-	0.12691	delta_sum_err	27	T	TTTAA	ok	False
chr4	17353833	17353834	-	0.10921	delta_sum_err	24	T	AGTAT	ok	False
chr4	17353835	17353836	-	0.11569	delta_sum_err	27	T	TATAC	ok	False
chr4	17353839	17353840	-	0.10743	delta_sum_err	27	T	CATAA	ok	False
chr4	17353847	17353848	-	0.10921	delta_sum_err	25	T	AATAT	ok	False
chr4	17353849	17353850	-	0.1092	delta_sum_err	27	T	TATCT	ok	False
chr4	17353851	17353852	-	0.1092	delta_sum_err	26	T	TCTGT	ok	False
chr4	17353854	17353855	-	0.10381	delta_sum_err	24	T	GTTGG	ok	False
chr4	17353857	17353858	-	0.10381	delta_sum_err	26	T	GGTTG	ok	False
chr4	17353858	17353859	-	0.11516	delta_sum_err	26	T	GTTGA	ok	False
chr4	17353863	17353864	-	0.10382	delta_sum_err	25	T	CTTGT	ok	False
chr4	17353865	17353866	-	0.10383	delta_sum_err	20	T	TGTAG	ok	False
chr4	17353868	17353869	-	0.10383	delta_sum_err	20	T	AGTTT	ok	True
chr4	17353869	17353870	-	0.10382	delta_sum_err	26	T	GTTTT	ok	False
chr4	17353870	17353871	-	0.10382	delta_sum_err	26	T	TTTTA	ok	False
chr4	17353871	17353872	-	0.10382	delta_sum_err	26	T	TTTAG	ok	False
chr4	17353874	17353875	-	0.10383	delta_sum_err	1	T	AGTTT	ok	True
chr4	17353875	17353876	-	0.10383	delta_sum_err	1	T	GTTTT	ok	False
chr4	17353876	17353877	-	0.10382	delta_sum_err	6	T	TTTTT	ok	False
chr4	17353877	17353878	-	0.10383	delta_sum_err	15	T	TTTTT	ok	False
chr4	17617211	17617212	-	0.12412	delta_sum_err	91	T	CTTAA	ok	False
chr4	17626214	17626215	-	0.11842	delta_sum_err	64	T	AGTAT	ok	False
chr4	17803062	17803063	-	0.12972	delta_sum_err	108	T	CTTGA	ok	False
chr4	17803819	17803820	-	0.10325	delta_sum_err	73	T	AGTAT	ok	False
chr4	18097451	18097452	-	0.10626	delta_sum_err	88	T	CTTAG	ok	False
chr4	18098037	18098038	-	0.11429	delta_sum_err	58	T	GTTCC	ok	False
chr4	18113235	18113236	-	0.10624	delta_sum_err	54	T	CGTCT	ok	False
chr4	18358127	18358128	-	0.16699	delta_sum_err	43	T	GCTAT	ok	False
chr4	18358137	18358138	-	0.12709	delta_sum_err	44	T	CCTCT	ok	False
chr4	18358341	18358342	-	0.10296	delta_sum_err	53	T	AGTGC	ok	False
chr4	18571671	18571672	-	0.10247	delta_sum_err	104	T	GATAA	ok	False
chr4	6107662	6107663	-	0.10938	delta_sum_err	61	T	CTTAT	ok	False
chr4	6478921	6478922	-	0.13788	delta_sum_err	15	T	TCTGC	ok	False
chr4	7351373	7351374	-	0.13943	delta_sum_err	51	T	TATAA	ok	False
chr4	7401580	7401581	-	0.14936	delta_sum_err	36	T	CTTAA	ok	False
chr4	7401606	7401607	-	0.10321	delta_sum_err	36	T	CTTGA	ok	False
chr4	7491521	7491522	-	0.12027	delta_sum_err	28	T	TGTAA	ok	False
chr4	7991956	7991957	-	0.11146	delta_sum_err	159	T	CGTAG	ok	False
chr4	8424731	8424732	-	0.12247	delta_sum_err	104	T	TATAA	ok	False
chr4	8987001	8987002	-	0.10738	delta_sum_err	7	T	AGTGA	ok	False
chr4	8987013	8987014	-	0.11164	delta_sum_err	7	T	AATCA	ok	False
chr4	8987019	8987020	-	0.10729	delta_sum_err	6	T	AATCA	ok	False
chr4	8987061	8987062	-	0.13206	delta_sum_err	6	T	ATTGC	ok	False
chr4	9200130	9200131	-	0.12821	delta_sum_err	38	T	TTTAT	ok	False
chr4	9248138	9248139	-	0.10476	delta_sum_err	56	T	TGTAC	ok	False
chr4	9261911	9261912	-	0.102	delta_sum_err	80	T	TGTCA	ok	True
chr4	9261916	9261917	-	0.17728	delta_sum_err	89	T	AATAA	ok	False
chr4	9261923	9261924	-	0.11052	delta_sum_err	67	T	TGTCG	ok	False
chr4	9301477	9301478	-	0.11247	delta_sum_err	71	T	GCTAG	ok	False
chr4	9301603	9301604	-	0.18414	delta_sum_err	75	T	CTTGA	ok	False
chr4	9425231	9425232	-	0.14457	delta_sum_err	65	T	TATAA	ok	False
chr4	9427175	9427176	-	0.11429	delta_sum_err	43	T	CTTGT	ok	False
chr4	979291	979292	-	0.11356	delta_sum_err	147	T	GGTTC	ok	True
chr4	9918148	9918149	-	0.11403	delta_sum_err	118	T	AGTCA	ok	True
chr4	9918349	9918350	-	0.16303	delta_sum_err	97	T	GATAG	ok	False
chr4	9918790	9918791	-	0.11926	delta_sum_err	85	T	GCTAT	ok	False
chr5	1038552	1038553	-	0.15084	delta_sum_err	198	T	TGTCT	ok	True
chr5	1040311	1040312	-	0.2871	delta_sum_err	188	T	CCTGC	ok	False
chr5	1040319	1040320	-	0.14236	delta_sum_err	177	T	AATCT	ok	False
chr5	1040699	1040700	-	0.19923	delta_sum_err	86	T	CATAC	ok	False
chr5	1250306	1250307	-	0.17978	delta_sum_err	86	T	GGTTA	ok	True
chr5	1250312	1250313	-	0.11409	delta_sum_err	92	T	TGTAA	ok	False
chr5	13109605	13109606	-	0.12767	delta_sum_err	98	T	TGTAA	ok	False
chr5	13110483	13110484	-	0.11484	delta_sum_err	77	T	AATGT	ok	False
chr5	13711666	13711667	-	0.10062	delta_sum_err	175	T	CCTAC	ok	False
chr5	13858597	13858598	-	0.1394	delta_sum_err	22	T	TGTAT	ok	False
chr5	13858599	13858600	-	0.12208	delta_sum_err	19	T	TATCA	ok	False
chr5	13858604	13858605	-	0.12859	delta_sum_err	16	T	AATTC	ok	False
chr5	13858605	13858606	-	0.12859	delta_sum_err	17	T	ATTCG	ok	False
chr5	13858609	13858610	-	0.12859	delta_sum_err	16	T	GATAC	ok	False
chr5	13858616	13858617	-	0.11563	delta_sum_err	17	T	AATCA	ok	False
chr5	13956879	13956880	-	0.10302	delta_sum_err	102	T	CTTAA	ok	False
chr5	13957051	13957052	-	0.1619	delta_sum_err	103	T	GATAA	ok	False
chr5	13957504	13957505	-	0.12691	delta_sum_err	89	T	TGTGA	ok	False
chr5	14119666	14119667	-	0.10451	delta_sum_err	133	T	CATTG	ok	False
chr5	14121146	14121147	-	0.13514	delta_sum_err	96	T	GTTGA	ok	False
chr5	14121359	14121360	-	0.13985	delta_sum_err	95	T	CATCC	ok	False
chr5	14481082	14481083	-	0.10833	delta_sum_err	104	T	AATAA	ok	False
chr5	14482744	14482745	-	0.13799	delta_sum_err	116	T	CCTCC	ok	False
chr5	145750	145751	-	0.10734	delta_sum_err	123	T	TGTTT	ok	True
chr5	1458705	1458706	-	0.10145	delta_sum_err	68	T	CGTGG	ok	False
chr5	14805279	14805280	-	0.13515	delta_sum_err	95	T	CATAA	ok	False
chr5	14934798	14934799	-	0.12454	delta_sum_err	56	T	TGTTG	ok	False
chr5	15377225	15377226	-	0.10274	delta_sum_err	120	T	CTTAA	ok	False
chr5	15380939	15380940	-	0.13492	delta_sum_err	38	T	AGTCA	ok	True
chr5	15380952	15380953	-	0.26393	delta_sum_err	94	T	AATTA	ok	False
chr5	15380953	15380954	-	0.26235	delta_sum_err	91	T	ATTAT	ok	False
chr5	15380955	15380956	-	0.28267	delta_sum_err	101	T	TATGA	ok	False
chr5	15380961	15380962	-	0.31199	delta_sum_err	148	T	GATAA	ok	False
chr5	15380964	15380965	-	0.2993	delta_sum_err	148	T	AATTT	ok	False
chr5	15380965	15380966	-	0.30568	delta_sum_err	157	T	ATTTA	ok	False
chr5	15380966	15380967	-	0.31782	delta_sum_err	154	T	TTTAA	ok	False
chr5	15380980	15380981	-	0.29212	delta_sum_err	157	T	AATGT	ok	False
chr5	15380982	15380983	-	0.25178	delta_sum_err	218	T	TGTTG	ok	False
chr5	15380983	15380984	-	0.25629	delta_sum_err	243	T	GTTGT	ok	False
chr5	15380985	15380986	-	0.22544	delta_sum_err	328	T	TGTTT	ok	True
chr5	15380986	15380987	-	0.22534	delta_sum_err	351	T	GTTTA	ok	False
chr5	15380987	15380988	-	0.23904	delta_sum_err	357	T	TTTAA	ok	False
chr5	15380996	15380997	-	0.21084	delta_sum_err	476	T	GCTAA	ok	False
chr5	15381007	15381008	-	0.18659	delta_sum_err	583	T	AATAA	ok	False
chr5	15381012	15381013	-	0.15417	delta_sum_err	600	T	GATTT	ok	False
chr5	15381013	15381014	-	0.15221	delta_sum_err	615	T	ATTTC	ok	False
chr5	15381014	15381015	-	0.15345	delta_sum_err	622	T	TTTCA	ok	False
chr5	15381023	15381024	-	0.10454	delta_sum_err	969	T	TTTAA	ok	False
chr5	15382019	15382020	-	0.1522	delta_sum_err	69	T	TCTTA	ok	False
chr5	15384127	15384128	-	0.16907	delta_sum_err	27	T	AATTT	ok	False
chr5	15384128	15384129	-	0.17429	delta_sum_err	29	T	ATTTA	ok	False
chr5	15384129	15384130	-	0.16792	delta_sum_err	29	T	TTTAA	ok	False
chr5	15384138	15384139	-	0.21098	delta_sum_err	37	T	ACTAA	ok	False
chr5	15384143	15384144	-	0.20949	delta_sum_err	35	T	AATGT	ok	False
chr5	15384145	15384146	-	0.21265	delta_sum_err	38	T	TGTTA	ok	True
chr5	15384146	15384147	-	0.21265	delta_sum_err	40	T	GTTAG	ok	False
chr5	15384149	15384150	-	0.2278	delta_sum_err	37	T	AGTTA	ok	True
chr5	15384150	15384151	-	0.23222	delta_sum_err	35	T	GTTAA	ok	False
chr5	15384159	15384160	-	0.22995	delta_sum_err	53	T	GATAA	ok	False
chr5	15384168	15384169	-	0.21289	delta_sum_err	83	T	AATAA	ok	False
chr5	15384177	15384178	-	0.20175	delta_sum_err	96	T	AGTTA	ok	True
chr5	15384178	15384179	-	0.21684	delta_sum_err	103	T	GTTAA	ok	False
chr5	15384184	15384185	-	0.25622	delta_sum_err	154	T	AGTGA	ok	False
chr5	15384187	15384188	-	0.24117	delta_sum_err	197	T	GATAA	ok	False
chr5	15384199	15384200	-	0.13575	delta_sum_err	479	T	AATGA	ok	False
chr5	15472362	15472363	-	0.10526	delta_sum_err	77	T	TGTGA	ok	False
chr5	15472580	15472581	-	0.10526	delta_sum_err	76	T	CGTAA	ok	False
chr5	16315834	16315835	-	0.14815	delta_sum_err	106	T	TCTTG	ok	False
chr5	16381922	16381923	-	0.10633	delta_sum_err	89	T	TGTAA	ok	False
chr5	16492585	16492586	-	0.14514	delta_sum_err	92	T	GTTCC	ok	False
chr5	17099011	17099012	-	0.10448	delta_sum_err	51	T	AGTAA	ok	False
chr5	17099177	17099178	-	0.10462	delta_sum_err	47	T	CGTAG	ok	False
chr5	17160643	17160644	-	0.10417	delta_sum_err	95	T	GATGA	ok	False
chr5	17508084	17508085	-	0.108	delta_sum_err	64	T	TTTAA	ok	False
chr5	1824081	1824082	-	0.11192	delta_sum_err	95	T	CATAG	ok	False
chr5	18663037	18663038	-	0.10601	delta_sum_err	195	T	AATCG	ok	False
chr5	18663559	18663560	-	0.13425	delta_sum_err	158	T	CCTTT	ok	False
chr5	18663560	18663561	-	0.11829	delta_sum_err	160	T	CTTTC	ok	False
chr5	18663568	18663569	-	0.11828	delta_sum_err	163	T	CCTTG	ok	False
chr5	18663575	18663576	-	0.12287	delta_sum_err	161	T	AGTTC	ok	True
chr5	18663576	18663577	-	0.12821	delta_sum_err	162	T	GTTCA	ok	False
chr5	18663580	18663581	-	0.12287	delta_sum_err	161	T	AGTGG	ok	False
chr5	18663583	18663584	-	0.12821	delta_sum_err	122	T	GGTTT	ok	True
chr5	18663585	18663586	-	0.12286	delta_sum_err	162	T	TTTTA	ok	False
chr5	18663586	18663587	-	0.1239	delta_sum_err	162	T	TTTAC	ok	False
chr5	18663589	18663590	-	0.12925	delta_sum_err	162	T	ACTAG	ok	False
chr5	18663676	18663677	-	0.10008	delta_sum_err	14	T	ACTGA	ok	False
chr5	18663689	18663690	-	0.10817	delta_sum_err	16	T	CTTAC	ok	False
chr5	18774166	18774167	-	0.20833	delta_sum_err	110	T	ATTAT	ok	False
chr5	18775207	18775208	-	0.11071	delta_sum_err	86	T	GGTGA	ok	False
chr5	18775955	18775956	-	0.13157	delta_sum_err	74	T	TATAA	ok	False
chr5	18776286	18776287	-	0.10383	delta_sum_err	64	T	GCTAA	ok	False
chr5	19093363	19093364	-	0.10811	delta_sum_err	54	T	TTTAG	ok	False
chr5	19093916	19093917	-	0.10811	delta_sum_err	55	T	TCTGA	ok	False
chr5	19094722	19094723	-	0.10714	delta_sum_err	40	T	GCTCA	ok	False
chr5	19094821	19094822	-	0.1076	delta_sum_err	37	T	TGTAT	ok	False
chr5	19289782	19289783	-	0.10001	delta_sum_err	9	T	ATTTT	ok	False
chr5	19289826	19289827	-	0.11243	delta_sum_err	11	T	AATCA	ok	False
chr5	19289831	19289832	-	0.11245	delta_sum_err	8	T	AATAT	ok	False
chr5	19289833	19289834	-	0.11243	delta_sum_err	11	T	TATTG	ok	False
chr5	19289834	19289835	-	0.11244	delta_sum_err	11	T	ATTGA	ok	False
chr5	19289838	19289839	-	0.11243	delta_sum_err	11	T	AATAA	ok	False
chr5	19289842	19289843	-	0.11244	delta_sum_err	10	T	AATTA	ok	False
chr5	19289843	19289844	-	0.13397	delta_sum_err	10	T	ATTAT	ok	False
chr5	19289845	19289846	-	0.11245	delta_sum_err	10	T	TATGT	ok	False
chr5	19289847	19289848	-	0.11244	delta_sum_err	8	T	TGTAG	ok	False
chr5	19289876	19289877	-	0.11244	delta_sum_err	11	T	GATAA	ok	False
chr5	19289884	19289885	-	0.11243	delta_sum_err	14	T	GATAA	ok	False
chr5	19289896	19289897	-	0.12563	delta_sum_err	16	T	ACTAA	ok	False
chr5	19292750	19292751	-	0.13363	delta_sum_err	254	T	AGTCT	ok	True
chr5	19292769	19292770	-	0.15141	delta_sum_err	237	T	TGTCT	ok	True
chr5	1930911	1930912	-	0.14602	delta_sum_err	55	T	TGTAT	ok	False
chr5	1931005	1931006	-	0.10623	delta_sum_err	59	T	CTTGA	ok	False
chr5	1931554	1931555	-	0.10695	delta_sum_err	50	T	TATGA	ok	False
chr5	19696048	19696049	-	0.15731	delta_sum_err	81	T	AGTCT	ok	True
chr5	19696460	19696461	-	0.13053	delta_sum_err	86	T	CCTAG	ok	False
chr5	20012775	20012776	-	0.10632	delta_sum_err	18	T	CCTAT	ok	False
chr5	20012777	20012778	-	0.10632	delta_sum_err	20	T	TATCA	ok	False
chr5	20201819	20201820	-	0.12581	delta_sum_err	65	T	ATTAT	ok	False
chr5	20202175	20202176	-	0.11539	delta_sum_err	10	T	CCTGT	ok	False
chr5	20202177	20202178	-	0.11539	delta_sum_err	10	T	TGTAT	ok	False
chr5	20202179	20202180	-	0.11539	delta_sum_err	10	T	TATAA	ok	False
chr5	20202185	20202186	-	0.10256	delta_sum_err	7	T	CATGA	ok	False
chr5	20202192	20202193	-	0.10256	delta_sum_err	9	T	CATTA	ok	False
chr5	20202193	20202194	-	0.1282	delta_sum_err	9	T	ATTAA	ok	False
chr5	20202619	20202620	-	0.12381	delta_sum_err	68	T	CATAA	ok	False
chr5	20202911	20202912	-	0.13114	delta_sum_err	6	T	AATGT	ok	False
chr5	20202913	20202914	-	0.11476	delta_sum_err	5	T	TGTTT	ok	True
chr5	20202914	20202915	-	0.11475	delta_sum_err	7	T	GTTTT	ok	False
chr5	20202915	20202916	-	0.11475	delta_sum_err	7	T	TTTTA	ok	False
chr5	20202916	20202917	-	0.11475	delta_sum_err	7	T	TTTAG	ok	False
chr5	20202921	20202922	-	0.11475	delta_sum_err	6	T	ATTAG	ok	False
chr5	20202941	20202942	-	0.11475	delta_sum_err	7	T	AATAA	ok	False
chr5	20202951	20202952	-	0.11475	delta_sum_err	6	T	GTTGT	ok	False
chr5	20203561	20203562	-	0.30894	delta_sum_err	43	T	TGTAG	ok	False
chr5	20716605	20716606	-	0.11108	delta_sum_err	193	T	CTTGA	ok	False
chr5	20719659	20719660	-	0.16176	delta_sum_err	88	T	CTTAA	ok	False
chr5	20719793	20719794	-	0.12722	delta_sum_err	78	T	CATAG	ok	False
chr5	21335184	21335185	-	0.10558	delta_sum_err	121	T	TCTGT	ok	False
chr5	21335326	21335327	-	0.10541	delta_sum_err	117	T	GGTAA	ok	False
chr5	21335392	21335393	-	0.11315	delta_sum_err	115	T	TGTAA	ok	False
chr5	21632722	21632723	-	0.15227	delta_sum_err	820	T	GATGT	ok	False
chr5	21634176	21634177	-	0.11316	delta_sum_err	99	T	CTTAG	ok	False
chr5	21723537	21723538	-	0.11765	delta_sum_err	179	T	CCTAC	ok	False
chr5	21724282	21724283	-	0.25372	delta_sum_err	81	T	CCTGC	ok	False
chr5	2182260	2182261	-	0.10529	delta_sum_err	265	T	TTTGG	ok	False
chr5	21985988	21985989	-	0.12633	delta_sum_err	44	T	CTTTG	ok	False
chr5	22383718	22383719	-	0.10461	delta_sum_err	198	T	TCTTA	ok	False
chr5	22961782	22961783	-	0.10332	delta_sum_err	67	T	CCTAG	ok	False
chr5	23231084	23231085	-	0.11942	delta_sum_err	40	T	AGTTT	ok	True
chr5	23231085	23231086	-	0.11943	delta_sum_err	41	T	GTTTA	ok	False
chr5	23231086	23231087	-	0.11942	delta_sum_err	40	T	TTTAG	ok	False
chr5	23231095	23231096	-	0.14071	delta_sum_err	39	T	ACTTA	ok	False
chr5	23231096	23231097	-	0.20454	delta_sum_err	41	T	CTTAA	ok	False
chr5	23231101	23231102	-	0.11942	delta_sum_err	39	T	CATAC	ok	False
chr5	23231118	23231119	-	0.10588	delta_sum_err	45	T	CCTTA	ok	False
chr5	23231119	23231120	-	0.13647	delta_sum_err	45	T	CTTAT	ok	False
chr5	23231121	23231122	-	0.10588	delta_sum_err	43	T	TATTC	ok	False
chr5	23231122	23231123	-	0.10588	delta_sum_err	35	T	ATTCT	ok	False
chr5	23231124	23231125	-	0.12588	delta_sum_err	42	T	TCTCT	ok	False
chr5	23231126	23231127	-	0.10588	delta_sum_err	43	T	TCTTG	ok	False
chr5	23231127	23231128	-	0.12588	delta_sum_err	45	T	CTTGT	ok	False
chr5	23231129	23231130	-	0.10589	delta_sum_err	41	T	TGTTA	ok	True
chr5	23231137	23231138	-	0.10588	delta_sum_err	43	T	AATCA	ok	False
chr5	23231140	23231141	-	0.10588	delta_sum_err	45	T	CATCA	ok	False
chr5	23231143	23231144	-	0.10588	delta_sum_err	45	T	CATCA	ok	False
chr5	23231147	23231148	-	0.10589	delta_sum_err	43	T	ATTAT	ok	False
chr5	23231149	23231150	-	0.10588	delta_sum_err	44	T	TATCA	ok	False
chr5	23231152	23231153	-	0.10588	delta_sum_err	41	T	CATCT	ok	False
chr5	23231154	23231155	-	0.10588	delta_sum_err	44	T	TCTCT	ok	False
chr5	23231156	23231157	-	0.11647	delta_sum_err	44	T	TCTTA	ok	False
chr5	23231157	23231158	-	0.14823	delta_sum_err	44	T	CTTAA	ok	False
chr5	23231171	23231172	-	0.10588	delta_sum_err	42	T	TCTTC	ok	False
chr5	23231172	23231173	-	0.12588	delta_sum_err	45	T	CTTCT	ok	False
chr5	23231174	23231175	-	0.12588	delta_sum_err	45	T	TCTTC	ok	False
chr5	23231177	23231178	-	0.10588	delta_sum_err	44	T	TCTTC	ok	False
chr5	23231178	23231179	-	0.12588	delta_sum_err	44	T	CTTCC	ok	False
chr5	23231182	23231183	-	0.13647	delta_sum_err	45	T	CTTAA	ok	False
chr5	23231185	23231186	-	0.10588	delta_sum_err	44	T	AATCA	ok	False
chr5	23231188	23231189	-	0.14588	delta_sum_err	45	T	CATCT	ok	False
chr5	23231190	23231191	-	0.10588	delta_sum_err	44	T	TCTTC	ok	False
chr5	23231191	23231192	-	0.10588	delta_sum_err	45	T	CTTCT	ok	False
chr5	23231193	23231194	-	0.14588	delta_sum_err	39	T	TCTTG	ok	False
chr5	23231194	23231195	-	0.10588	delta_sum_err	44	T	CTTGT	ok	False
chr5	23231197	23231198	-	0.12588	delta_sum_err	44	T	GTTAA	ok	False
chr5	23231201	23231202	-	0.10588	delta_sum_err	45	T	AATCT	ok	False
chr5	23231203	23231204	-	0.10588	delta_sum_err	42	T	TCTTT	ok	False
chr5	23231204	23231205	-	0.12425	delta_sum_err	44	T	CTTTA	ok	False
chr5	23231205	23231206	-	0.10384	delta_sum_err	44	T	TTTAT	ok	False
chr5	23231207	23231208	-	0.10385	delta_sum_err	40	T	TATTA	ok	False
chr5	23231208	23231209	-	0.10384	delta_sum_err	44	T	ATTAA	ok	False
chr5	23231217	23231218	-	0.10171	delta_sum_err	41	T	TGTAG	ok	False
chr5	23231220	23231221	-	0.10171	delta_sum_err	41	T	AGTGA	ok	False
chr5	23231228	23231229	-	0.10171	delta_sum_err	44	T	GCTGT	ok	False
chr5	23231230	23231231	-	0.10172	delta_sum_err	42	T	TGTCT	ok	True
chr5	23231232	23231233	-	0.10171	delta_sum_err	44	T	TCTCA	ok	False
chr5	23231236	23231237	-	0.10171	delta_sum_err	38	T	AATGT	ok	False
chr5	23231238	23231239	-	0.10172	delta_sum_err	43	T	TGTCT	ok	True
chr5	23231240	23231241	-	0.12254	delta_sum_err	43	T	TCTAG	ok	False
chr5	23231243	23231244	-	0.12254	delta_sum_err	44	T	AGTCC	ok	True
chr5	23231247	23231248	-	0.10173	delta_sum_err	39	T	CCTTT	ok	False
chr5	23231248	23231249	-	0.14338	delta_sum_err	43	T	CTTTA	ok	False
chr5	23231253	23231254	-	0.10171	delta_sum_err	43	T	GCTTC	ok	False
chr5	23231254	23231255	-	0.10171	delta_sum_err	43	T	CTTCA	ok	False
chr5	23231261	23231262	-	0.12078	delta_sum_err	43	T	ACTGA	ok	False
chr5	23231265	23231266	-	0.12078	delta_sum_err	42	T	ACTCT	ok	False
chr5	23231286	23231287	-	0.11893	delta_sum_err	40	T	TATGA	ok	False
chr5	23231292	23231293	-	0.11892	delta_sum_err	41	T	GTTCC	ok	False
chr5	23231296	23231297	-	0.10358	delta_sum_err	41	T	CCTAA	ok	False
chr5	23231387	23231388	-	0.11125	delta_sum_err	41	T	CGTCT	ok	False
chr5	23231397	23231398	-	0.11125	delta_sum_err	41	T	CTTGA	ok	False
chr5	23231417	23231418	-	0.10262	delta_sum_err	39	T	AGTTC	ok	True
chr5	23231448	23231449	-	0.10828	delta_sum_err	37	T	CGTTG	ok	False
chr5	23231466	23231467	-	0.10828	delta_sum_err	37	T	TCTGA	ok	False
chr5	23231475	23231476	-	0.12433	delta_sum_err	37	T	CGTGT	ok	False
chr5	23231477	23231478	-	0.15375	delta_sum_err	38	T	TGTAA	ok	False
chr5	23231493	23231494	-	0.17647	delta_sum_err	35	T	CATGA	ok	False
chr5	23231508	23231509	-	0.10161	delta_sum_err	38	T	CTTCC	ok	False
chr5	23231519	23231520	-	0.13101	delta_sum_err	35	T	TCTAT	ok	False
chr5	23231729	23231730	-	0.1125	delta_sum_err	34	T	ACTGT	ok	False
chr5	23231771	23231772	-	0.1125	delta_sum_err	34	T	TTTGA	ok	False
chr5	23231774	23231775	-	0.1125	delta_sum_err	34	T	GATTC	ok	False
chr5	23561649	23561650	-	0.12941	delta_sum_err	101	T	TTTGA	ok	False
chr5	23801162	23801163	-	0.10292	delta_sum_err	74	T	GCTGA	ok	False
chr5	23874512	23874513	-	0.11213	delta_sum_err	64	T	TATAA	ok	False
chr5	23917358	23917359	-	0.11263	delta_sum_err	72	T	CTTGA	ok	False
chr5	23917493	23917494	-	0.12501	delta_sum_err	70	T	CATAA	ok	False
chr5	23917561	23917562	-	0.14326	delta_sum_err	2	T	GCTAC	ok	False
chr5	24112300	24112301	-	0.13009	delta_sum_err	301	T	TGTCT	ok	True
chr5	26125349	26125350	-	0.14923	delta_sum_err	87	T	AGTAA	ok	False
chr5	26125638	26125639	-	0.10622	delta_sum_err	2	T	CCTTT	ok	False
chr5	26125639	26125640	-	0.10623	delta_sum_err	3	T	CTTTT	ok	False
chr5	26125640	26125641	-	0.10623	delta_sum_err	3	T	TTTTT	ok	False
chr5	26125641	26125642	-	0.10623	delta_sum_err	4	T	TTTTT	ok	False
chr5	26125642	26125643	-	0.10623	delta_sum_err	4	T	TTTTA	ok	False
chr5	26125643	26125644	-	0.10623	delta_sum_err	4	T	TTTAT	ok	False
chr5	26125645	26125646	-	0.10623	delta_sum_err	4	T	TATTA	ok	False
chr5	26125646	26125647	-	0.10623	delta_sum_err	4	T	ATTAG	ok	False
chr5	26125650	26125651	-	0.13187	delta_sum_err	4	T	GATTA	ok	False
chr5	26125651	26125652	-	0.10623	delta_sum_err	4	T	ATTAT	ok	False
chr5	26125653	26125654	-	0.10624	delta_sum_err	3	T	TATTA	ok	False
chr5	26125654	26125655	-	0.10624	delta_sum_err	3	T	ATTAG	ok	False
chr5	26125660	26125661	-	0.10623	delta_sum_err	4	T	CGTAT	ok	False
chr5	26125662	26125663	-	0.10624	delta_sum_err	3	T	TATAA	ok	False
chr5	26125665	26125666	-	0.10623	delta_sum_err	4	T	AATTA	ok	False
chr5	26125666	26125667	-	0.10624	delta_sum_err	3	T	ATTAT	ok	False
chr5	26125668	26125669	-	0.10623	delta_sum_err	4	T	TATGT	ok	False
chr5	26125670	26125671	-	0.10623	delta_sum_err	4	T	TGTTT	ok	True
chr5	26125671	26125672	-	0.10623	delta_sum_err	4	T	GTTTG	ok	False
chr5	26125672	26125673	-	0.10623	delta_sum_err	4	T	TTTGA	ok	False
chr5	26125680	26125681	-	0.10623	delta_sum_err	4	T	GATTA	ok	False
chr5	26125681	26125682	-	0.10623	delta_sum_err	4	T	ATTAG	ok	False
chr5	26125685	26125686	-	0.10623	delta_sum_err	4	T	GATCG	ok	False
chr5	26125689	26125690	-	0.10623	delta_sum_err	4	T	GATCG	ok	False
chr5	2631696	2631697	-	0.13494	delta_sum_err	159	T	CATAG	ok	False
chr5	2955514	2955515	-	0.13216	delta_sum_err	229	T	AGTCT	ok	True
chr5	3685174	3685175	-	0.125	delta_sum_err	74	T	TGTCA	ok	True
chr5	3687197	3687198	-	0.11852	delta_sum_err	45	T	GCTAG	ok	False
chr5	4170940	4170941	-	0.10806	delta_sum_err	53	T	GGTGA	ok	False
chr5	4305310	4305311	-	0.125	delta_sum_err	105	T	AGTCA	ok	True
chr5	4786012	4786013	-	0.12912	delta_sum_err	82	T	AGTAT	ok	False
chr5	4786115	4786116	-	0.10714	delta_sum_err	80	T	AATGC	ok	False
chr5	4786198	4786199	-	0.10112	delta_sum_err	81	T	TGTGA	ok	False
chr5	5014312	5014313	-	0.125	delta_sum_err	116	T	AGTCT	ok	True
chr5	5176901	5176902	-	0.1228	delta_sum_err	59	T	TCTGA	ok	False
chr5	5261449	5261450	-	0.11161	delta_sum_err	89	T	GGTGG	ok	False
chr5	5841388	5841389	-	0.10257	delta_sum_err	73	T	CCTGA	ok	False
chr5	6183698	6183699	-	0.11285	delta_sum_err	79	T	CGTGT	ok	False
chr5	6465313	6465314	-	0.12098	delta_sum_err	127	T	ACTGC	ok	False
chr5	6525195	6525196	-	0.16499	delta_sum_err	54	T	TCTCT	ok	False
chr5	6715552	6715553	-	0.12771	delta_sum_err	84	T	ATTGA	ok	False
chr5	6715576	6715577	-	0.15152	delta_sum_err	63	T	GATAT	ok	False
chr5	6715769	6715770	-	0.11066	delta_sum_err	78	T	AATGG	ok	False
chr5	693139	693140	-	0.10853	delta_sum_err	1150	T	ATTAA	ok	False
chr5	7214729	7214730	-	0.1334	delta_sum_err	138	T	GATAA	ok	False
chr5	7315270	7315271	-	0.10485	delta_sum_err	79	T	AGTGA	ok	False
chr5	7315937	7315938	-	0.124	delta_sum_err	56	T	AGTAC	ok	False
chr5	7316209	7316210	-	0.12083	delta_sum_err	52	T	TCTTC	ok	False
chr5	7316213	7316214	-	0.13655	delta_sum_err	54	T	CATAG	ok	False
chr5	7316286	7316287	-	0.1119	delta_sum_err	45	T	GGTGC	ok	False
chr5	7316309	7316310	-	0.10311	delta_sum_err	54	T	AATGC	ok	False
chr5	7316376	7316377	-	0.12885	delta_sum_err	52	T	CTTAA	ok	False
chr5	7316393	7316394	-	0.11485	delta_sum_err	28	T	CATTT	ok	False
chr5	7316543	7316544	-	0.1046	delta_sum_err	47	T	CCTGG	ok	False
chr5	7316553	7316554	-	0.11762	delta_sum_err	46	T	GATTT	ok	False
chr5	7316554	7316555	-	0.11762	delta_sum_err	46	T	ATTTG	ok	False
chr5	7316555	7316556	-	0.1389	delta_sum_err	46	T	TTTGA	ok	False
chr5	7316560	7316561	-	0.11111	delta_sum_err	43	T	GATAA	ok	False
chr5	7316564	7316565	-	0.11111	delta_sum_err	45	T	AATGA	ok	False
chr5	7316570	7316571	-	0.13889	delta_sum_err	36	T	AGTGA	ok	False
chr5	7316576	7316577	-	0.11667	delta_sum_err	23	T	GGTGA	ok	False
chr5	7316583	7316584	-	0.11667	delta_sum_err	45	T	AATTC	ok	False
chr5	7316584	7316585	-	0.11667	delta_sum_err	45	T	ATTCA	ok	False
chr5	7316590	7316591	-	0.12777	delta_sum_err	40	T	AGTTG	ok	False
chr5	7316591	7316592	-	0.11667	delta_sum_err	41	T	GTTGT	ok	False
chr5	7316593	7316594	-	0.13888	delta_sum_err	42	T	TGTGT	ok	False
chr5	7316595	7316596	-	0.11429	delta_sum_err	44	T	TGTTG	ok	False
chr5	7316598	7316599	-	0.12063	delta_sum_err	43	T	TGTGT	ok	False
chr5	7316600	7316601	-	0.16507	delta_sum_err	43	T	TGTTG	ok	False
chr5	7316601	7316602	-	0.12064	delta_sum_err	44	T	GTTGT	ok	False
chr5	7316603	7316604	-	0.10794	delta_sum_err	44	T	TGTTA	ok	True
chr5	7316616	7316617	-	0.1063	delta_sum_err	28	T	AGTGT	ok	False
chr5	7316618	7316619	-	0.16129	delta_sum_err	44	T	TGTGT	ok	False
chr5	8175330	8175331	-	0.18853	delta_sum_err	85	T	CGTAG	ok	False
chr5	8175371	8175372	-	0.10152	delta_sum_err	81	T	CATAG	ok	False
chr5	8468419	8468420	-	0.16943	delta_sum_err	93	T	CATAA	ok	False
chr5	8501801	8501802	-	0.11392	delta_sum_err	78	T	CGTAG	ok	False
chr5	8501829	8501830	-	0.10778	delta_sum_err	60	T	AGTGA	ok	False
chr5	9287761	9287762	-	0.13565	delta_sum_err	78	T	TTTAA	ok	False
chr5	9458186	9458187	-	0.15	delta_sum_err	60	T	TCTGA	ok	False
chr2	2269790	2269791	-	0.15867	delta_sum_err	83	T	CTTAA	ok	False
chr2	297890	297891	-	0.11111	delta_sum_err	65	T	TGTAT	ok	False
chr2	6394539	6394540	-	0.10705	delta_sum_err	135	T	GGTCA	ok	True
chr2	6409044	6409045	-	0.10075	delta_sum_err	73	T	TGTAC	ok	False
chr2	7995832	7995833	-	0.12468	delta_sum_err	53	T	TATAA	ok	False
chr2	83848	83849	-	0.12103	delta_sum_err	116	T	GCTAG	ok	False
chr2	84452	84453	-	0.10785	delta_sum_err	89	T	TTTAA	ok	False
chr2	8738242	8738243	-	0.11261	delta_sum_err	89	T	CCTGA	ok	False
chr2	8739348	8739349	-	0.1039	delta_sum_err	97	T	AGTAA	ok	False
chr2	8879987	8879988	-	0.12733	delta_sum_err	60	T	CGTAA	ok	False
chr2	94973	94974	-	0.10704	delta_sum_err	97	T	CTTAA	ok	False
chr2	9526759	9526760	-	0.11967	delta_sum_err	111	T	TGTGA	ok	False
chr2	9538347	9538348	-	0.11256	delta_sum_err	67	T	AATAA	ok	False
chr2	9538798	9538799	-	0.10345	delta_sum_err	59	T	TTTAG	ok	False
chr2	9824082	9824083	-	0.11112	delta_sum_err	72	T	AATGA	ok	False
chr2	9825350	9825351	-	0.11167	delta_sum_err	72	T	CTTGA	ok	False
chr2	9825475	9825476	-	0.1568	delta_sum_err	66	T	CATGA	ok	False
chr3	20223359	20223360	-	0.11137	delta_sum_err	54	T	GGTTA	ok	True
chr3	20223364	20223365	-	0.10234	delta_sum_err	58	T	GTTTC	ok	False
chr3	20223399	20223400	-	0.11	delta_sum_err	60	T	TTTGC	ok	False
chr3	20223547	20223548	-	0.10019	delta_sum_err	55	T	TTTCA	ok	False
chr3	20224289	20224290	-	0.14103	delta_sum_err	45	T	CGTTG	ok	False
chr3	20224325	20224326	-	0.11325	delta_sum_err	48	T	CCTCA	ok	False
chr3	20224453	20224454	-	0.21875	delta_sum_err	47	T	TGTGG	ok	False
chr3	20232208	20232209	-	0.11906	delta_sum_err	88	T	TATAG	ok	False
chr3	20232237	20232238	-	0.1019	delta_sum_err	82	T	TGTGG	ok	False
chr3	20232386	20232387	-	0.13665	delta_sum_err	82	T	TATAA	ok	False
chr3	20232464	20232465	-	0.10018	delta_sum_err	79	T	CATAC	ok	False
chr3	20232967	20232968	-	0.1125	delta_sum_err	74	T	GGTTT	ok	True
chr3	20398662	20398663	-	0.10867	delta_sum_err	62	T	CTTCC	ok	False
chr3	20398688	20398689	-	0.15624	delta_sum_err	62	T	TGTAA	ok	False
chr3	20398732	20398733	-	0.10795	delta_sum_err	53	T	TCTGC	ok	False
chr3	20398972	20398973	-	0.12212	delta_sum_err	63	T	CTTAA	ok	False
chr3	20398977	20398978	-	0.10539	delta_sum_err	64	T	GATAA	ok	False
chr3	20625956	20625957	-	0.11356	delta_sum_err	76	T	CTTGA	ok	False
chr3	20847570	20847571	-	0.10331	delta_sum_err	45	T	TGTAG	ok	False
chr3	20932982	20932983	-	0.13047	delta_sum_err	86	T	CTTAT	ok	False
chr3	22252340	22252341	-	0.10007	delta_sum_err	66	T	CTTGT	ok	False
chr3	22252345	22252346	-	0.10007	delta_sum_err	77	T	GGTAC	ok	False
chr3	23343322	23343323	-	0.1046	delta_sum_err	162	T	CCTAA	ok	False
chr3	2384635	2384636	-	0.11939	delta_sum_err	79	T	GGTTC	ok	True
chr3	2654668	2654669	-	0.13981	delta_sum_err	236	T	TGTCT	ok	True
chr3	2848972	2848973	-	0.10103	delta_sum_err	52	T	TGTGA	ok	False
chr3	3234506	3234507	-	0.13368	delta_sum_err	10	T	TCTGG	ok	False
chr3	3234525	3234526	-	0.1026	delta_sum_err	6	T	CATAA	ok	False
chr3	3234530	3234531	-	0.12112	delta_sum_err	4	T	GGTTT	ok	True
chr3	3234532	3234533	-	0.1026	delta_sum_err	8	T	TTTTA	ok	False
chr3	3234535	3234536	-	0.1026	delta_sum_err	8	T	TATGA	ok	False
chr3	3234540	3234541	-	0.1026	delta_sum_err	8	T	AATCT	ok	False
chr3	3234850	3234851	-	0.11838	delta_sum_err	7	T	ACTGA	ok	False
chr3	3962860	3962861	-	0.12501	delta_sum_err	56	T	CCTAT	ok	False
chr3	5597724	5597725	-	0.11029	delta_sum_err	23	T	CCTAA	ok	False
chr3	5620699	5620700	-	0.11305	delta_sum_err	48	T	GATAA	ok	False
chr3	5624824	5624825	-	0.10981	delta_sum_err	29	T	GCTAA	ok	False
chr3	5624869	5624870	-	0.1055	delta_sum_err	28	T	TCTTG	ok	False
chr3	5669402	5669403	-	0.10335	delta_sum_err	29	T	ATTAT	ok	False
chr3	6879727	6879728	-	0.15341	delta_sum_err	160	T	AGTCT	ok	True
chr3	7056532	7056533	-	0.10822	delta_sum_err	84	T	GATGA	ok	False
chr3	7086342	7086343	-	0.17224	delta_sum_err	53	T	CATAA	ok	False
chr3	7628073	7628074	-	0.12314	delta_sum_err	60	T	CGTAA	ok	False
chr3	7628543	7628544	-	0.12647	delta_sum_err	62	T	GTTAA	ok	False
chr3	7792690	7792691	-	0.11585	delta_sum_err	154	T	TGTCA	ok	True
chr3	8423270	8423271	-	0.10283	delta_sum_err	180	T	CTTGA	ok	False
chr3	88244	88245	-	0.11625	delta_sum_err	82	T	CTTGA	ok	False
chr4	2376069	2376070	-	0.12322	delta_sum_err	104	T	ACTGG	ok	False
chr4	2427984	2427985	-	0.11774	delta_sum_err	91	T	ATTAT	ok	False
chr4	2593599	2593600	-	0.11174	delta_sum_err	59	T	GGTGA	ok	False
chr4	7025972	7025973	-	0.10227	delta_sum_err	37	T	TCTAG	ok	False
chr4	7026043	7026044	-	0.10832	delta_sum_err	36	T	TGTGG	ok	False
chr4	7228269	7228270	-	0.11609	delta_sum_err	91	T	ACTAT	ok	False
chr4	7229697	7229698	-	0.11201	delta_sum_err	78	T	CTTCT	ok	False
chr4	7229847	7229848	-	0.13514	delta_sum_err	69	T	TGTGA	ok	False
chr4	796247	796248	-	0.10107	delta_sum_err	212	T	GGTCC	ok	True
chr4	8304829	8304830	-	0.10526	delta_sum_err	53	T	TCTAG	ok	False
chr4	8425734	8425735	-	0.125	delta_sum_err	86	T	TGTAA	ok	False
chr4	8987025	8987026	-	0.11593	delta_sum_err	5	T	AGTCA	ok	True
chr4	9247776	9247777	-	0.11667	delta_sum_err	72	T	GGTTG	ok	False
chr4	9427303	9427304	-	0.11046	delta_sum_err	40	T	TGTAA	ok	False
chr4	9607238	9607239	-	0.11112	delta_sum_err	111	T	AGTGT	ok	False
chr5	20202200	20202201	-	0.10257	delta_sum_err	10	T	AGTTC	ok	True
chr5	20202242	20202243	-	0.10423	delta_sum_err	9	T	CTTAT	ok	False
chr5	20202797	20202798	-	0.1021	delta_sum_err	66	T	ACTAA	ok	False
chr5	20202873	20202874	-	0.11428	delta_sum_err	8	T	TCTGA	ok	False
chr5	20202876	20202877	-	0.11429	delta_sum_err	3	T	GATTT	ok	False
chr5	20202877	20202878	-	0.11429	delta_sum_err	7	T	ATTTT	ok	False
chr5	20202878	20202879	-	0.11429	delta_sum_err	9	T	TTTTT	ok	False
chr5	20202879	20202880	-	0.11429	delta_sum_err	9	T	TTTTG	ok	False
chr5	20202880	20202881	-	0.11429	delta_sum_err	9	T	TTTGC	ok	False
chr5	20202885	20202886	-	0.14285	delta_sum_err	8	T	GGTAT	ok	False
chr5	20202887	20202888	-	0.14285	delta_sum_err	8	T	TATTG	ok	False
chr5	20202888	20202889	-	0.15872	delta_sum_err	8	T	ATTGA	ok	False
chr5	20202903	20202904	-	0.11475	delta_sum_err	7	T	AGTCA	ok	True
chr5	20202907	20202908	-	0.11475	delta_sum_err	4	T	AGTAA	ok	False
chr5	20202920	20202921	-	0.11475	delta_sum_err	7	T	GATTA	ok	False
chr5	20202927	20202928	-	0.11475	delta_sum_err	6	T	GGTAG	ok	False
chr5	20202950	20202951	-	0.11475	delta_sum_err	6	T	AGTTG	ok	False
chr5	20202953	20202954	-	0.13114	delta_sum_err	7	T	TGTTA	ok	True
chr5	20202954	20202955	-	0.11475	delta_sum_err	7	T	GTTAC	ok	False
chr5	20675838	20675839	-	0.10186	delta_sum_err	107	T	ATTAA	ok	False
chr5	20939922	20939923	-	0.1039	delta_sum_err	62	T	TGTAC	ok	False
chr5	20940527	20940528	-	0.10169	delta_sum_err	47	T	GCTGA	ok	False
chr5	20940833	20940834	-	0.11538	delta_sum_err	44	T	AGTAA	ok	False
chr5	22266076	22266077	-	0.125	delta_sum_err	39	T	CGTAA	ok	False
chr5	22383732	22383733	-	0.1126	delta_sum_err	203	T	ATTAA	ok	False
chr5	22944807	22944808	-	0.10828	delta_sum_err	222	T	CCTGC	ok	False
chr5	23833885	23833886	-	0.15844	delta_sum_err	63	T	TTTAA	ok	False
chr5	23996545	23996546	-	0.10345	delta_sum_err	6	T	GCTGC	ok	False
chr5	23996763	23996764	-	0.10281	delta_sum_err	52	T	CGTTA	ok	False
chr5	242602	242603	-	0.10069	delta_sum_err	147	T	CATAA	ok	False
chr5	25734662	25734663	-	0.20229	delta_sum_err	411	T	GGTCT	ok	True
chr5	25944443	25944444	-	0.13514	delta_sum_err	39	T	GCTGG	ok	False
chr5	26246039	26246040	-	0.10108	delta_sum_err	129	T	TGTAA	ok	False
chr5	2633079	2633080	-	0.10113	delta_sum_err	155	T	TCTTA	ok	False
chr5	2633295	2633296	-	0.13215	delta_sum_err	169	T	TTTAG	ok	False
chr5	26820539	26820540	-	0.1098	delta_sum_err	51	T	TCTCC	ok	False
chr5	2709857	2709858	-	0.13125	delta_sum_err	80	T	TCTTA	ok	False
chr5	2760646	2760647	-	0.10131	delta_sum_err	100	T	AGTGG	ok	False
chr5	3429009	3429010	-	0.15395	delta_sum_err	79	T	AGTTT	ok	True
chr5	3429897	3429898	-	0.10135	delta_sum_err	144	T	CATAA	ok	False
chr5	3686262	3686263	-	0.10255	delta_sum_err	56	T	TATGG	ok	False
chr5	4205247	4205248	-	0.12434	delta_sum_err	53	T	CATAA	ok	False
chr5	4934922	4934923	-	0.11939	delta_sum_err	37	T	CATAA	ok	False
chr5	4934928	4934929	-	0.15064	delta_sum_err	36	T	TATAA	ok	False
chr5	5243932	5243933	-	0.21355	delta_sum_err	82	T	GGTTT	ok	True
chr5	5360982	5360983	-	0.13541	delta_sum_err	82	T	TTTAA	ok	False
chr5	6463922	6463923	-	0.10758	delta_sum_err	162	T	CTTAA	ok	False
chr5	6525752	6525753	-	0.10256	delta_sum_err	70	T	TCTCC	ok	False
chr5	6787274	6787275	-	0.12821	delta_sum_err	153	T	CTTGG	ok	False
chr5	7249387	7249388	-	0.13936	delta_sum_err	180	T	TGTGG	ok	False
chr5	8455528	8455529	-	0.15681	delta_sum_err	93	T	CATCT	ok	False
chr5	9287853	9287854	-	0.11563	delta_sum_err	77	T	TATAA	ok	False
chr5	9458392	9458393	-	0.13636	delta_sum_err	0	T	CCTAA	ok	False
chr3	340774	340775	-	0.10256	delta_sum_err	52	T	TCTGA	ok	False
chr3	3860359	3860360	-	0.11433	delta_sum_err	71	T	AGTAC	ok	False
chr3	3909030	3909031	-	0.19686	delta_sum_err	169	T	TGTCA	ok	True
chr3	3960606	3960607	-	0.11129	delta_sum_err	110	T	TTTTC	ok	False
chr3	3994546	3994547	-	0.10881	delta_sum_err	77	T	TATAA	ok	False
chr3	4386336	4386337	-	0.14646	delta_sum_err	31	T	CTTAA	ok	False
chr3	4386383	4386384	-	0.15638	delta_sum_err	27	T	CCTTA	ok	False
chr3	4659990	4659991	-	0.10479	delta_sum_err	62	T	TGTAA	ok	False
chr3	4676657	4676658	-	0.111	delta_sum_err	117	T	TTTTG	ok	False
chr3	487958	487959	-	0.10539	delta_sum_err	129	T	TTTAA	ok	False
chr3	5348990	5348991	-	0.12092	delta_sum_err	92	T	CATAA	ok	False
chr3	5468458	5468459	-	0.11765	delta_sum_err	32	T	CTTAT	ok	False
chr3	5596040	5596041	-	0.10655	delta_sum_err	98	T	CATAA	ok	False
chr3	5669390	5669391	-	0.14956	delta_sum_err	27	T	TCTGA	ok	False
chr3	5669394	5669395	-	0.10155	delta_sum_err	31	T	AATCC	ok	False
chr3	5669404	5669405	-	0.10502	delta_sum_err	31	T	TATTA	ok	False
chr3	5669405	5669406	-	0.10502	delta_sum_err	31	T	ATTAG	ok	False
chr3	604546	604547	-	0.10395	delta_sum_err	90	T	GATGA	ok	False
chr3	7003533	7003534	-	0.12158	delta_sum_err	99	T	GTTCC	ok	False
chr3	749545	749546	-	0.13051	delta_sum_err	100	T	TATAA	ok	False
chr3	749657	749658	-	0.13041	delta_sum_err	102	T	CATAA	ok	False
chr3	8459456	8459457	-	0.1107	delta_sum_err	12	T	TTTTA	ok	False
chr3	9375404	9375405	-	0.11283	delta_sum_err	62	T	TCTTG	ok	False
chr4	8987034	8987035	-	0.11593	delta_sum_err	5	T	GATCA	ok	False
chr4	9773659	9773660	-	0.10698	delta_sum_err	148	T	CGTTG	ok	False
chr5	4305864	4305865	-	0.13325	delta_sum_err	96	T	CATAA	ok	False
chr5	4305994	4305995	-	0.10689	delta_sum_err	93	T	TGTGG	ok	False
chr5	4308530	4308531	-	0.11188	delta_sum_err	90	T	AATGT	ok	False
chr5	4308599	4308600	-	0.10468	delta_sum_err	118	T	AATGA	ok	False
chr5	4308645	4308646	-	0.10314	delta_sum_err	120	T	TCTAA	ok	False
chr5	5003867	5003868	-	0.10569	delta_sum_err	39	T	AGTGT	ok	False
chr5	8336943	8336944	-	0.13188	delta_sum_err	35	T	TCTAG	ok	False
chr4	7657488	7657489	-	0.15126	delta_sum_err	52	T	CATAG	ok	False
chr4	8050047	8050048	-	0.13923	delta_sum_err	76	T	TCTGA	ok	False
chr4	844699	844700	-	0.12121	delta_sum_err	34	T	TCTGA	ok	False
chr4	8987008	8987009	-	0.10738	delta_sum_err	8	T	CATCA	ok	False
chr4	8987044	8987045	-	0.11593	delta_sum_err	4	T	AATGT	ok	False
chr4	8987046	8987047	-	0.15559	delta_sum_err	6	T	TGTCA	ok	True
chr4	8987049	8987050	-	0.13206	delta_sum_err	6	T	CATGA	ok	False
chr4	8987060	8987061	-	0.11593	delta_sum_err	6	T	GATTG	ok	False
chr4	9605850	9605851	-	0.11516	delta_sum_err	173	T	GATAG	ok	False
chr4	9606558	9606559	-	0.1093	delta_sum_err	144	T	TCTGT	ok	False
chr4	9774669	9774670	-	0.10598	delta_sum_err	148	T	GCTGA	ok	False
chr5	8455544	8455545	-	0.11458	delta_sum_err	94	T	CCTAA	ok	False
chr5	8455558	8455559	-	0.10911	delta_sum_err	65	T	TGTCT	ok	True
chr5	6787078	6787079	-	0.12272	delta_sum_err	139	T	CTTAT	ok	False
chr5	6787669	6787670	-	0.1513	delta_sum_err	147	T	AGTAA	ok	False
