chrom	start	end	strand	score	score_type	src_coverage	coverage	ref_base	five_mer_raw	center_status
Curlcake1	31	32	+	0.97	prob	587	587	T	GATCC	ok
Curlcake1	37	38	+	0.835	prob	8003	8003	T	GCTGT	ok
Curlcake1	39	40	+	0.935	prob	8004	8004	T	TGTGG	ok
Curlcake1	45	46	+	0.965	prob	8006	8006	T	AGTCG	ok
Curlcake1	49	50	+	0.98	prob	8010	8010	T	GATGA	ok
Curlcake1	53	54	+	0.98	prob	8014	8014	T	AATCA	ok
Curlcake1	62	63	+	0.745	prob	8023	8023	T	CCTTG	ok
Curlcake1	63	64	+	0.775	prob	8024	8024	T	CTTGG	ok
Curlcake1	70	71	+	0.875	prob	8031	8031	T	CCTAT	ok
Curlcake1	72	73	+	0.92	prob	8032	8032	T	TATCT	ok
Curlcake1	74	75	+	0.975	prob	8034	8034	T	TCTCA	ok
Curlcake1	88	89	+	0.77	prob	8046	8046	T	AGTAA	ok
Curlcake1	91	92	+	0.91	prob	8049	8049	T	AATCC	ok
Curlcake1	94	95	+	0.935	prob	8052	8052	T	CCTGC	ok
Curlcake1	98	99	+	0.805	prob	8055	8055	T	CGTGG	ok
Curlcake1	104	105	+	0.83	prob	8061	8061	T	ACTAC	ok
Curlcake1	111	112	+	0.9	prob	8067	8067	T	AGTCG	ok
Curlcake1	114	115	+	0.86	prob	8067	8067	T	CGTTT	ok
Curlcake1	115	116	+	0.86	prob	8068	8068	T	GTTTT	ok
Curlcake1	116	117	+	0.96	prob	8069	8069	T	TTTTC	ok
Curlcake1	117	118	+	0.87	prob	8070	8070	T	TTTCG	ok
Curlcake1	120	121	+	0.68	prob	8072	8072	T	CGTGG	ok
Curlcake1	131	132	+	0.83	prob	8084	8084	T	CCTCG	ok
Curlcake1	137	138	+	0.855	prob	8086	8086	T	CCTCC	ok
Curlcake1	146	147	+	0.855	prob	8093	8093	T	CATAT	ok
Curlcake1	148	149	+	0.745	prob	8095	8095	T	TATGG	ok
Curlcake1	156	157	+	0.875	prob	8102	8102	T	CGTCG	ok
Curlcake1	160	161	+	0.735	prob	8103	8103	T	GCTCA	ok
Curlcake1	165	166	+	0.88	prob	8107	8107	T	AATCC	ok
Curlcake1	172	173	+	0.935	prob	8113	8113	T	AGTAG	ok
Curlcake1	177	178	+	0.845	prob	8114	8114	T	ACTAT	ok
Curlcake1	179	180	+	0.825	prob	8113	8113	T	TATCT	ok
Curlcake1	181	182	+	0.915	prob	8112	8112	T	TCTAT	ok
Curlcake1	183	184	+	0.86	prob	8112	8112	T	TATTA	ok
Curlcake1	184	185	+	0.845	prob	8113	8113	T	ATTAA	ok
Curlcake1	188	189	+	0.85	prob	8113	8113	T	ACTAA	ok
Curlcake1	191	192	+	0.855	prob	8106	8106	T	AATTG	ok
Curlcake1	192	193	+	0.92	prob	8087	8087	T	ATTGT	ok
Curlcake1	194	195	+	0.935	prob	8074	8074	T	TGTGG	ok
Curlcake1	198	199	+	0.89	prob	8072	8072	T	GATCG	ok
Curlcake1	202	203	+	0.91	prob	8067	8067	T	GATGC	ok
Curlcake1	205	206	+	0.955	prob	8066	8066	T	GCTGA	ok
Curlcake1	211	212	+	0.785	prob	8052	8052	T	GCTAC	ok
Curlcake1	219	220	+	0.94	prob	8048	8048	T	GGTCT	ok
Curlcake1	221	222	+	0.915	prob	8042	8042	T	TCTAG	ok
Curlcake1	224	225	+	0.85	prob	8030	8030	T	AGTTC	ok
Curlcake1	225	226	+	0.725	prob	8025	8025	T	GTTCG	ok
Curlcake1	234	235	+	0.825	prob	7992	7992	T	AATAA	ok
Curlcake1	237	238	+	0.94	prob	7988	7988	T	AATGT	ok
Curlcake1	239	240	+	0.895	prob	7990	7990	T	TGTGC	ok
Curlcake1	242	243	+	0.825	prob	7990	7990	T	GCTAC	ok
Curlcake1	246	247	+	0.855	prob	7977	7977	T	CGTCG	ok
Curlcake1	266	267	+	0.87	prob	7964	7964	T	GCTAA	ok
Curlcake1	274	275	+	0.75	prob	7976	7976	T	CCTAT	ok
Curlcake1	276	277	+	0.92	prob	7985	7985	T	TATCG	ok
Curlcake1	279	280	+	0.85	prob	7960	7960	T	CGTTC	ok
Curlcake1	280	281	+	0.88	prob	7976	7976	T	GTTCA	ok
Curlcake1	283	284	+	0.915	prob	7969	7969	T	CATTT	ok
Curlcake1	284	285	+	0.825	prob	7950	7950	T	ATTTG	ok
Curlcake1	285	286	+	0.835	prob	7970	7970	T	TTTGA	ok
Curlcake1	288	289	+	0.85	prob	7979	7979	T	GATAC	ok
Curlcake1	292	293	+	0.825	prob	7974	7974	T	CGTAA	ok
Curlcake1	297	298	+	0.91	prob	7966	7966	T	CATCA	ok
Curlcake1	301	302	+	0.825	prob	7945	7945	T	AATCA	ok
Curlcake1	306	307	+	0.8	prob	7971	7971	T	CCTTG	ok
Curlcake1	307	308	+	0.845	prob	7975	7975	T	CTTGC	ok
Curlcake1	313	314	+	0.91	prob	7959	7959	T	ACTAG	ok
Curlcake1	317	318	+	0.88	prob	7973	7973	T	GCTCG	ok
Curlcake1	325	326	+	0.785	prob	7972	7972	T	GGTAT	ok
Curlcake1	327	328	+	0.785	prob	7977	7977	T	TATGG	ok
Curlcake1	330	331	+	0.785	prob	7965	7965	T	GGTTC	ok
Curlcake1	331	332	+	0.895	prob	7977	7977	T	GTTCA	ok
Curlcake1	341	342	+	0.92	prob	7975	7975	T	GGTGT	ok
Curlcake1	343	344	+	0.91	prob	7978	7978	T	TGTTA	ok
Curlcake1	344	345	+	0.86	prob	7966	7966	T	GTTAG	ok
Curlcake1	367	368	+	0.875	prob	7989	7989	T	CGTTT	ok
Curlcake1	368	369	+	0.81	prob	7987	7987	T	GTTTA	ok
Curlcake1	369	370	+	0.82	prob	7987	7987	T	TTTAT	ok
Curlcake1	371	372	+	0.83	prob	7988	7988	T	TATCA	ok
Curlcake1	374	375	+	0.725	prob	7983	7983	T	CATAC	ok
Curlcake1	379	380	+	0.79	prob	7989	7989	T	CATAT	ok
Curlcake1	381	382	+	0.82	prob	7984	7984	T	TATGC	ok
Curlcake1	384	385	+	0.815	prob	7985	7985	T	GCTCA	ok
Curlcake1	390	391	+	0.855	prob	7981	7981	T	CATAC	ok
Curlcake1	393	394	+	0.83	prob	7978	7978	T	ACTTC	ok
Curlcake1	394	395	+	0.84	prob	7988	7988	T	CTTCC	ok
Curlcake1	403	404	+	0.85	prob	7978	7978	T	AGTCT	ok
Curlcake1	405	406	+	0.925	prob	7987	7987	T	TCTGT	ok
Curlcake1	407	408	+	0.855	prob	7976	7976	T	TGTTG	ok
Curlcake1	408	409	+	0.835	prob	7980	7980	T	GTTGG	ok
Curlcake1	411	412	+	0.795	prob	7986	7986	T	GGTCT	ok
Curlcake1	421	422	+	0.92	prob	7982	7982	T	GGTAT	ok
Curlcake1	423	424	+	0.815	prob	7984	7984	T	TATAG	ok
Curlcake1	445	446	+	0.83	prob	7946	7946	T	GATAG	ok
Curlcake1	448	449	+	0.935	prob	7930	7930	T	AGTGC	ok
Curlcake1	452	453	+	0.845	prob	7948	7948	T	CGTAA	ok
Curlcake1	455	456	+	0.935	prob	7983	7983	T	AATAG	ok
Curlcake1	458	459	+	0.945	prob	7976	7976	T	AGTTC	ok
Curlcake1	459	460	+	0.9	prob	7977	7977	T	GTTCG	ok
Curlcake1	474	475	+	0.855	prob	7973	7973	T	CATCC	ok
Curlcake1	480	481	+	0.825	prob	7972	7972	T	CCTCG	ok
Curlcake1	486	487	+	0.72	prob	7977	7977	T	CGTTT	ok
Curlcake1	487	488	+	0.82	prob	7976	7976	T	GTTTT	ok
Curlcake1	488	489	+	0.955	prob	7975	7975	T	TTTTC	ok
Curlcake1	489	490	+	0.91	prob	7965	7965	T	TTTCG	ok
Curlcake1	497	498	+	0.785	prob	7976	7976	T	CGTTA	ok
Curlcake1	498	499	+	0.845	prob	7967	7967	T	GTTAA	ok
Curlcake1	501	502	+	0.82	prob	7976	7976	T	AATAT	ok
Curlcake1	503	504	+	0.765	prob	7976	7976	T	TATGG	ok
Curlcake1	510	511	+	0.94	prob	7974	7974	T	CGTAA	ok
Curlcake1	523	524	+	0.815	prob	7985	7985	T	AGTTT	ok
Curlcake1	524	525	+	0.945	prob	7983	7983	T	GTTTC	ok
Curlcake1	525	526	+	0.96	prob	7978	7978	T	TTTCA	ok
Curlcake1	528	529	+	0.84	prob	7986	7986	T	CATAA	ok
Curlcake1	538	539	+	0.91	prob	7982	7982	T	CCTTT	ok
Curlcake1	539	540	+	0.935	prob	7982	7982	T	CTTTC	ok
Curlcake1	540	541	+	0.865	prob	7985	7985	T	TTTCC	ok
Curlcake1	544	545	+	0.915	prob	7981	7981	T	CGTTG	ok
Curlcake1	545	546	+	0.85	prob	7975	7975	T	GTTGC	ok
Curlcake1	548	549	+	0.825	prob	7984	7984	T	GCTCG	ok
Curlcake1	553	554	+	0.765	prob	7985	7985	T	GGTGA	ok
Curlcake1	561	562	+	0.775	prob	7984	7984	T	CATAC	ok
Curlcake1	565	566	+	0.755	prob	7981	7981	T	CGTGC	ok
Curlcake1	568	569	+	0.775	prob	7985	7985	T	GCTGC	ok
Curlcake1	572	573	+	0.745	prob	7982	7982	T	CCTGG	ok
Curlcake1	579	580	+	0.92	prob	7976	7976	T	GGTAT	ok
Curlcake1	581	582	+	0.85	prob	7946	7946	T	TATCC	ok
Curlcake1	584	585	+	0.89	prob	7945	7945	T	CCTAC	ok
Curlcake1	588	589	+	0.79	prob	7964	7964	T	CATGG	ok
Curlcake1	591	592	+	0.95	prob	7987	7987	T	GGTTA	ok
Curlcake1	592	593	+	0.77	prob	7981	7981	T	GTTAA	ok
Curlcake1	596	597	+	0.955	prob	7975	7975	T	AATGC	ok
Curlcake1	599	600	+	0.96	prob	7985	7985	T	GCTGC	ok
Curlcake1	608	609	+	0.815	prob	7986	7986	T	CGTTA	ok
Curlcake1	609	610	+	0.9	prob	7986	7986	T	GTTAG	ok
Curlcake1	623	624	+	0.87	prob	7983	7983	T	AATAA	ok
Curlcake1	629	630	+	0.89	prob	7989	7989	T	AGTCT	ok
Curlcake1	631	632	+	0.91	prob	7992	7992	T	TCTAC	ok
Curlcake1	638	639	+	0.835	prob	7988	7988	T	GGTCT	ok
Curlcake1	640	641	+	0.845	prob	7989	7989	T	TCTAC	ok
Curlcake1	646	647	+	0.745	prob	7983	7983	T	GGTAC	ok
Curlcake1	653	654	+	0.83	prob	7986	7986	T	AGTTC	ok
Curlcake1	654	655	+	0.86	prob	7984	7984	T	GTTCG	ok
Curlcake1	657	658	+	0.77	prob	7988	7988	T	CGTGA	ok
Curlcake1	663	664	+	0.935	prob	7984	7984	T	AGTTC	ok
Curlcake1	664	665	+	0.9	prob	7979	7979	T	GTTCT	ok
Curlcake1	666	667	+	0.95	prob	7984	7984	T	TCTTC	ok
Curlcake1	667	668	+	0.955	prob	7981	7981	T	CTTCA	ok
Curlcake1	670	671	+	0.9	prob	7986	7986	T	CATGC	ok
Curlcake1	673	674	+	0.895	prob	7988	7988	T	GCTCG	ok
Curlcake1	676	677	+	0.97	prob	7985	7985	T	CGTCT	ok
Curlcake1	678	679	+	0.965	prob	7977	7977	T	TCTCA	ok
Curlcake1	681	682	+	0.89	prob	7985	7985	T	CATAA	ok
Curlcake1	689	690	+	0.935	prob	7982	7982	T	ACTGG	ok
Curlcake1	700	701	+	0.94	prob	7978	7978	T	CCTTT	ok
Curlcake1	701	702	+	0.915	prob	7976	7976	T	CTTTG	ok
Curlcake1	702	703	+	0.88	prob	7979	7979	T	TTTGT	ok
Curlcake1	704	705	+	0.845	prob	7984	7984	T	TGTTG	ok
Curlcake1	705	706	+	0.82	prob	7980	7980	T	GTTGC	ok
Curlcake1	709	710	+	0.79	prob	7977	7977	T	CGTCA	ok
Curlcake1	713	714	+	0.78	prob	7981	7981	T	AATGA	ok
Curlcake1	734	735	+	0.845	prob	7987	7987	T	GGTCA	ok
Curlcake1	747	748	+	0.785	prob	7988	7988	T	AGTAC	ok
Curlcake1	751	752	+	0.84	prob	7982	7982	T	CATGG	ok
Curlcake1	758	759	+	0.865	prob	7987	7987	T	CATTC	ok
Curlcake1	759	760	+	0.895	prob	7986	7986	T	ATTCT	ok
Curlcake1	761	762	+	0.92	prob	7987	7987	T	TCTCC	ok
Curlcake1	766	767	+	0.94	prob	7981	7981	T	AGTAT	ok
Curlcake1	768	769	+	0.94	prob	7986	7986	T	TATAG	ok
Curlcake1	771	772	+	0.96	prob	7986	7986	T	AGTGA	ok
Curlcake1	776	777	+	0.83	prob	7986	7986	T	AATAA	ok
Curlcake1	789	790	+	0.905	prob	7984	7984	T	GGTAA	ok
Curlcake1	798	799	+	0.865	prob	7976	7976	T	AATGT	ok
Curlcake1	800	801	+	0.84	prob	7985	7985	T	TGTGG	ok
Curlcake1	810	811	+	0.885	prob	7978	7978	T	ACTCC	ok
Curlcake1	816	817	+	0.865	prob	7978	7978	T	CGTTC	ok
Curlcake1	817	818	+	0.93	prob	7979	7979	T	GTTCC	ok
Curlcake1	820	821	+	0.88	prob	7979	7979	T	CCTGT	ok
Curlcake1	822	823	+	0.875	prob	7980	7980	T	TGTTC	ok
Curlcake1	823	824	+	0.92	prob	7981	7981	T	GTTCG	ok
Curlcake1	826	827	+	0.86	prob	7980	7980	T	CGTGG	ok
Curlcake1	832	833	+	0.91	prob	7979	7979	T	CCTAT	ok
Curlcake1	834	835	+	0.91	prob	7979	7979	T	TATTG	ok
Curlcake1	835	836	+	0.85	prob	7977	7977	T	ATTGG	ok
Curlcake1	840	841	+	0.835	prob	7974	7974	T	GATAT	ok
Curlcake1	842	843	+	0.96	prob	7981	7981	T	TATGT	ok
Curlcake1	844	845	+	0.975	prob	7981	7981	T	TGTCT	ok
Curlcake1	846	847	+	0.955	prob	7979	7979	T	TCTTT	ok
Curlcake1	847	848	+	0.935	prob	7976	7976	T	CTTTA	ok
Curlcake1	848	849	+	0.935	prob	7982	7982	T	TTTAT	ok
Curlcake1	850	851	+	0.945	prob	7982	7982	T	TATCA	ok
Curlcake1	860	861	+	0.935	prob	7986	7986	T	CCTTA	ok
Curlcake1	861	862	+	0.975	prob	7981	7981	T	CTTAT	ok
Curlcake1	863	864	+	0.895	prob	7988	7988	T	TATTT	ok
Curlcake1	864	865	+	0.885	prob	7982	7982	T	ATTTA	ok
Curlcake1	865	866	+	0.875	prob	7983	7983	T	TTTAC	ok
Curlcake1	871	872	+	0.91	prob	7981	7981	T	CGTAT	ok
Curlcake1	873	874	+	0.95	prob	7982	7982	T	TATAC	ok
Curlcake1	877	878	+	0.92	prob	7983	7983	T	CATGC	ok
Curlcake1	885	886	+	0.925	prob	7986	7986	T	AGTAG	ok
Curlcake1	891	892	+	0.92	prob	7985	7985	T	CCTCG	ok
Curlcake1	897	898	+	0.91	prob	7981	7981	T	GGTCC	ok
Curlcake1	900	901	+	0.785	prob	7977	7977	T	CCTAA	ok
Curlcake1	906	907	+	0.95	prob	7987	7987	T	GGTCA	ok
Curlcake1	911	912	+	0.96	prob	7977	7977	T	GGTGT	ok
Curlcake1	913	914	+	0.915	prob	7984	7984	T	TGTTA	ok
Curlcake1	914	915	+	0.825	prob	7981	7981	T	GTTAC	ok
Curlcake1	920	921	+	0.92	prob	7974	7974	T	ACTTA	ok
Curlcake1	921	922	+	0.93	prob	7986	7986	T	CTTAC	ok
Curlcake1	925	926	+	0.945	prob	7985	7985	T	CCTCA	ok
Curlcake1	929	930	+	0.855	prob	7987	7987	T	AATTT	ok
Curlcake1	930	931	+	0.905	prob	7985	7985	T	ATTTT	ok
Curlcake1	931	932	+	0.955	prob	7982	7982	T	TTTTC	ok
Curlcake1	932	933	+	0.98	prob	7983	7983	T	TTTCT	ok
Curlcake1	934	935	+	0.98	prob	7986	7986	T	TCTCT	ok
Curlcake1	936	937	+	0.955	prob	7988	7988	T	TCTGG	ok
Curlcake1	941	942	+	0.91	prob	7986	7986	T	AGTAG	ok
Curlcake1	944	945	+	0.935	prob	7988	7988	T	AGTAC	ok
Curlcake1	947	948	+	0.925	prob	7980	7980	T	ACTTA	ok
Curlcake1	948	949	+	0.945	prob	7985	7985	T	CTTAG	ok
Curlcake1	953	954	+	0.9	prob	7988	7988	T	ACTAC	ok
Curlcake1	958	959	+	0.975	prob	7961	7961	T	CATCT	ok
Curlcake1	960	961	+	0.95	prob	7984	7984	T	TCTTT	ok
Curlcake1	961	962	+	0.955	prob	7986	7986	T	CTTTG	ok
Curlcake1	962	963	+	0.965	prob	7985	7985	T	TTTGT	ok
Curlcake1	964	965	+	0.935	prob	7984	7984	T	TGTTG	ok
Curlcake1	965	966	+	0.915	prob	7980	7980	T	GTTGA	ok
Curlcake1	972	973	+	0.965	prob	7859	7859	T	AATCA	ok
Curlcake1	975	976	+	0.945	prob	7931	7931	T	CATCT	ok
Curlcake1	977	978	+	0.985	prob	7988	7988	T	TCTCA	ok
Curlcake1	982	983	+	0.915	prob	7985	7985	T	CCTCT	ok
Curlcake1	984	985	+	0.955	prob	7987	7987	T	TCTCT	ok
Curlcake1	986	987	+	0.93	prob	7988	7988	T	TCTAG	ok
Curlcake1	989	990	+	0.92	prob	7985	7985	T	AGTCA	ok
Curlcake1	996	997	+	0.97	prob	7990	7990	T	GATAG	ok
Curlcake1	1001	1002	+	0.88	prob	7986	7986	T	CGTCC	ok
Curlcake1	1006	1007	+	0.945	prob	7989	7989	T	ACTGT	ok
Curlcake1	1008	1009	+	0.94	prob	7986	7986	T	TGTCT	ok
Curlcake1	1010	1011	+	0.97	prob	7985	7985	T	TCTAA	ok
Curlcake1	1013	1014	+	0.96	prob	7983	7983	T	AATTA	ok
Curlcake1	1014	1015	+	0.94	prob	7973	7973	T	ATTAT	ok
Curlcake1	1016	1017	+	0.935	prob	7987	7987	T	TATAC	ok
Curlcake1	1022	1023	+	0.84	prob	7985	7985	T	ACTAT	ok
Curlcake1	1024	1025	+	0.885	prob	7981	7981	T	TATTC	ok
Curlcake1	1025	1026	+	0.885	prob	7981	7981	T	ATTCG	ok
Curlcake1	1029	1030	+	0.87	prob	7984	7984	T	GATCA	ok
Curlcake1	1035	1036	+	0.945	prob	7986	7986	T	GGTCG	ok
Curlcake1	1042	1043	+	0.925	prob	7988	7988	T	AGTGG	ok
Curlcake1	1046	1047	+	0.835	prob	7987	7987	T	GATAC	ok
Curlcake1	1049	1050	+	0.915	prob	7987	7987	T	ACTGA	ok
Curlcake1	1055	1056	+	0.89	prob	7986	7986	T	AATCA	ok
Curlcake1	1059	1060	+	0.905	prob	7990	7990	T	ACTAT	ok
Curlcake1	1061	1062	+	0.895	prob	7990	7990	T	TATGT	ok
Curlcake1	1063	1064	+	0.93	prob	7987	7987	T	TGTAG	ok
Curlcake1	1069	1070	+	0.69	prob	7985	7985	T	GCTTC	ok
Curlcake1	1070	1071	+	0.905	prob	7987	7987	T	CTTCG	ok
Curlcake1	1080	1081	+	0.955	prob	7984	7984	T	CCTGA	ok
Curlcake1	1084	1085	+	0.975	prob	7982	7982	T	AATTT	ok
Curlcake1	1085	1086	+	0.965	prob	7983	7983	T	ATTTT	ok
Curlcake1	1086	1087	+	0.725	prob	7979	7979	T	TTTTA	ok
Curlcake1	1087	1088	+	0.95	prob	7977	7977	T	TTTAA	ok
Curlcake1	1091	1092	+	0.93	prob	7986	7986	T	AGTTA	ok
Curlcake1	1092	1093	+	0.905	prob	7981	7981	T	GTTAT	ok
Curlcake1	1094	1095	+	0.895	prob	7984	7984	T	TATAT	ok
Curlcake1	1096	1097	+	0.91	prob	7984	7984	T	TATCC	ok
Curlcake1	1099	1100	+	0.925	prob	7984	7984	T	CCTAA	ok
Curlcake1	1108	1109	+	0.955	prob	7983	7983	T	AGTGA	ok
Curlcake1	1114	1115	+	0.96	prob	7975	7975	T	CATTT	ok
Curlcake1	1115	1116	+	0.9	prob	7977	7977	T	ATTTC	ok
Curlcake1	1116	1117	+	0.94	prob	7984	7984	T	TTTCC	ok
Curlcake1	1124	1125	+	0.885	prob	7981	7981	T	GATTT	ok
Curlcake1	1125	1126	+	0.935	prob	7966	7966	T	ATTTC	ok
Curlcake1	1126	1127	+	0.905	prob	7983	7983	T	TTTCC	ok
Curlcake1	1130	1131	+	0.95	prob	7976	7976	T	CGTAG	ok
Curlcake1	1133	1134	+	0.915	prob	7982	7982	T	AGTTG	ok
Curlcake1	1134	1135	+	0.945	prob	7981	7981	T	GTTGC	ok
Curlcake1	1139	1140	+	0.955	prob	7982	7982	T	AATGT	ok
Curlcake1	1141	1142	+	0.945	prob	7979	7979	T	TGTCA	ok
Curlcake1	1152	1153	+	0.885	prob	7986	7986	T	GATCT	ok
Curlcake1	1154	1155	+	0.92	prob	7983	7983	T	TCTAG	ok
Curlcake1	1159	1160	+	0.845	prob	7986	7986	T	GGTTA	ok
Curlcake1	1160	1161	+	0.93	prob	7986	7986	T	GTTAG	ok
Curlcake1	1165	1166	+	0.965	prob	7984	7984	T	AGTGC	ok
Curlcake1	1169	1170	+	0.945	prob	7983	7983	T	CCTAG	ok
Curlcake1	1173	1174	+	0.93	prob	7984	7984	T	GGTGC	ok
Curlcake1	1176	1177	+	0.85	prob	7980	7980	T	GCTAT	ok
Curlcake1	1178	1179	+	0.845	prob	7981	7981	T	TATCC	ok
Curlcake1	1184	1185	+	0.88	prob	7984	7984	T	CGTGG	ok
Curlcake1	1187	1188	+	0.955	prob	7982	7982	T	GGTGT	ok
Curlcake1	1189	1190	+	0.875	prob	7979	7979	T	TGTCC	ok
Curlcake1	1193	1194	+	0.855	prob	7979	7979	T	CCTGG	ok
Curlcake1	1201	1202	+	0.92	prob	7979	7979	T	GCTAC	ok
Curlcake1	1206	1207	+	0.885	prob	7975	7975	T	CCTTC	ok
Curlcake1	1207	1208	+	0.87	prob	7977	7977	T	CTTCG	ok
Curlcake1	1210	1211	+	0.92	prob	7977	7977	T	CGTGG	ok
Curlcake1	1216	1217	+	0.955	prob	7975	7975	T	CATAA	ok
Curlcake1	1220	1221	+	0.92	prob	7975	7975	T	ACTCG	ok
Curlcake1	1231	1232	+	0.955	prob	7976	7976	T	ACTAG	ok
Curlcake1	1234	1235	+	0.945	prob	7979	7979	T	AGTCC	ok
Curlcake1	1239	1240	+	0.935	prob	7973	7973	T	GATCG	ok
Curlcake1	1254	1255	+	0.935	prob	7975	7975	T	AATCA	ok
Curlcake1	1269	1270	+	0.96	prob	7972	7972	T	GGTCG	ok
Curlcake1	1274	1275	+	0.97	prob	7978	7978	T	AATCT	ok
Curlcake1	1276	1277	+	0.9	prob	7970	7970	T	TCTTA	ok
Curlcake1	1277	1278	+	0.935	prob	7977	7977	T	CTTAA	ok
Curlcake1	1286	1287	+	0.96	prob	7973	7973	T	AATAG	ok
Curlcake1	1297	1298	+	0.955	prob	7980	7980	T	AGTTT	ok
Curlcake1	1298	1299	+	0.9	prob	7978	7978	T	GTTTA	ok
Curlcake1	1299	1300	+	0.94	prob	7971	7971	T	TTTAG	ok
Curlcake1	1305	1306	+	0.93	prob	7978	7978	T	CATGT	ok
Curlcake1	1307	1308	+	0.9	prob	7971	7971	T	TGTTA	ok
Curlcake1	1308	1309	+	0.9	prob	7969	7969	T	GTTAA	ok
Curlcake1	1317	1318	+	0.97	prob	7977	7977	T	GGTGC	ok
Curlcake1	1327	1328	+	0.945	prob	7976	7976	T	ACTGG	ok
Curlcake1	1336	1337	+	0.93	prob	7980	7980	T	AGTAA	ok
Curlcake1	1341	1342	+	0.935	prob	7974	7974	T	CGTTC	ok
Curlcake1	1342	1343	+	0.88	prob	7981	7981	T	GTTCC	ok
Curlcake1	1346	1347	+	0.96	prob	7978	7978	T	CCTCC	ok
Curlcake1	1349	1350	+	0.9	prob	7978	7978	T	CCTCC	ok
Curlcake1	1353	1354	+	0.96	prob	7984	7984	T	CATAT	ok
Curlcake1	1355	1356	+	0.935	prob	7981	7981	T	TATCT	ok
Curlcake1	1357	1358	+	0.91	prob	7980	7980	T	TCTAT	ok
Curlcake1	1359	1360	+	0.905	prob	7983	7983	T	TATAC	ok
Curlcake1	1382	1383	+	0.88	prob	7983	7983	T	AGTGG	ok
Curlcake1	1388	1389	+	0.855	prob	7983	7983	T	ACTGG	ok
Curlcake1	1396	1397	+	0.93	prob	7986	7986	T	GGTTT	ok
Curlcake1	1397	1398	+	0.88	prob	7986	7986	T	GTTTG	ok
Curlcake1	1398	1399	+	0.85	prob	7985	7985	T	TTTGG	ok
Curlcake1	1402	1403	+	0.93	prob	7982	7982	T	GGTAT	ok
Curlcake1	1404	1405	+	0.98	prob	7980	7980	T	TATCT	ok
Curlcake1	1406	1407	+	0.965	prob	7984	7984	T	TCTTC	ok
Curlcake1	1407	1408	+	0.955	prob	7981	7981	T	CTTCA	ok
Curlcake1	1413	1414	+	0.945	prob	7984	7984	T	AATTG	ok
Curlcake1	1414	1415	+	0.955	prob	7985	7985	T	ATTGT	ok
Curlcake1	1416	1417	+	0.965	prob	7986	7986	T	TGTGC	ok
Curlcake1	1420	1421	+	0.965	prob	7984	7984	T	CATTA	ok
Curlcake1	1421	1422	+	0.925	prob	7986	7986	T	ATTAC	ok
Curlcake1	1424	1425	+	0.935	prob	7984	7984	T	ACTGT	ok
Curlcake1	1426	1427	+	0.925	prob	7986	7986	T	TGTTG	ok
Curlcake1	1427	1428	+	0.925	prob	7987	7987	T	GTTGG	ok
Curlcake1	1435	1436	+	0.925	prob	7992	7992	T	GGTTG	ok
Curlcake1	1436	1437	+	0.835	prob	7989	7989	T	GTTGG	ok
Curlcake1	1440	1441	+	0.945	prob	7987	7987	T	GATGC	ok
Curlcake1	1443	1444	+	0.88	prob	7989	7989	T	GCTTC	ok
Curlcake1	1444	1445	+	0.875	prob	7989	7989	T	CTTCG	ok
Curlcake1	1452	1453	+	0.93	prob	7990	7990	T	AATAT	ok
Curlcake1	1454	1455	+	0.96	prob	7989	7989	T	TATCG	ok
Curlcake1	1458	1459	+	0.835	prob	7988	7988	T	GATAC	ok
Curlcake1	1464	1465	+	0.86	prob	7991	7991	T	GATCT	ok
Curlcake1	1466	1467	+	0.955	prob	7991	7991	T	TCTAC	ok
Curlcake1	1469	1470	+	0.85	prob	7990	7990	T	ACTTG	ok
Curlcake1	1470	1471	+	0.88	prob	7986	7986	T	CTTGC	ok
Curlcake1	1475	1476	+	0.955	prob	7988	7988	T	GGTGA	ok
Curlcake1	1485	1486	+	0.82	prob	7992	7992	T	AATTC	ok
Curlcake1	1486	1487	+	0.955	prob	7991	7991	T	ATTCG	ok
Curlcake1	1491	1492	+	0.93	prob	7980	7980	T	CGTAG	ok
Curlcake1	1498	1499	+	0.94	prob	7991	7991	T	AATAG	ok
Curlcake1	1501	1502	+	0.93	prob	7990	7990	T	AGTGA	ok
Curlcake1	1508	1509	+	0.92	prob	7992	7992	T	CATCG	ok
Curlcake1	1517	1518	+	0.94	prob	7988	7988	T	CATCA	ok
Curlcake1	1521	1522	+	0.93	prob	7993	7993	T	AATGC	ok
Curlcake1	1524	1525	+	0.89	prob	7989	7989	T	GCTGA	ok
Curlcake1	1544	1545	+	0.88	prob	7988	7988	T	GATCA	ok
Curlcake1	1550	1551	+	0.905	prob	7988	7988	T	GATAA	ok
Curlcake1	1554	1555	+	0.965	prob	7990	7990	T	ACTTG	ok
Curlcake1	1555	1556	+	0.975	prob	7989	7989	T	CTTGT	ok
Curlcake1	1557	1558	+	0.945	prob	7986	7986	T	TGTAA	ok
Curlcake1	1566	1567	+	0.93	prob	7984	7984	T	GGTAT	ok
Curlcake1	1568	1569	+	0.96	prob	7982	7982	T	TATAG	ok
Curlcake1	1575	1576	+	0.97	prob	7989	7989	T	GCTCA	ok
Curlcake1	1589	1590	+	0.9	prob	7987	7987	T	AATAC	ok
Curlcake1	1592	1593	+	0.965	prob	7990	7990	T	ACTGC	ok
Curlcake1	1597	1598	+	0.96	prob	7988	7988	T	AATCA	ok
Curlcake1	1600	1601	+	0.95	prob	7989	7989	T	CATGG	ok
Curlcake1	1605	1606	+	0.88	prob	7991	7991	T	AGTCG	ok
Curlcake1	1608	1609	+	0.91	prob	7988	7988	T	CGTAA	ok
Curlcake1	1621	1622	+	0.965	prob	7996	7996	T	CATGT	ok
Curlcake1	1623	1624	+	0.965	prob	7995	7995	T	TGTCA	ok
Curlcake1	1629	1630	+	0.95	prob	7995	7995	T	CATCG	ok
Curlcake1	1632	1633	+	0.89	prob	7995	7995	T	CGTAC	ok
Curlcake1	1638	1639	+	0.935	prob	7992	7992	T	CGTTC	ok
Curlcake1	1639	1640	+	0.935	prob	7991	7991	T	GTTCG	ok
Curlcake1	1642	1643	+	0.97	prob	7993	7993	T	CGTCA	ok
Curlcake1	1645	1646	+	0.93	prob	7993	7993	T	CATTC	ok
Curlcake1	1646	1647	+	0.955	prob	7993	7993	T	ATTCT	ok
Curlcake1	1648	1649	+	0.965	prob	7994	7994	T	TCTAG	ok
Curlcake1	1652	1653	+	0.92	prob	7993	7993	T	GGTAT	ok
Curlcake1	1654	1655	+	0.935	prob	7995	7995	T	TATTT	ok
Curlcake1	1655	1656	+	0.97	prob	7993	7993	T	ATTTA	ok
Curlcake1	1656	1657	+	0.975	prob	7992	7992	T	TTTAT	ok
Curlcake1	1658	1659	+	0.87	prob	7989	7989	T	TATTC	ok
Curlcake1	1659	1660	+	0.965	prob	7987	7987	T	ATTCA	ok
Curlcake1	1668	1669	+	0.89	prob	7992	7992	T	GATAG	ok
Curlcake1	1676	1677	+	0.92	prob	7985	7985	T	CGTGG	ok
Curlcake1	1681	1682	+	0.88	prob	7987	7987	T	AGTTA	ok
Curlcake1	1682	1683	+	0.95	prob	7986	7986	T	GTTAT	ok
Curlcake1	1684	1685	+	0.955	prob	7988	7988	T	TATTG	ok
Curlcake1	1685	1686	+	0.925	prob	7988	7988	T	ATTGA	ok
Curlcake1	1689	1690	+	0.945	prob	7984	7984	T	AATCC	ok
Curlcake1	1705	1706	+	0.905	prob	7982	7982	T	GCTGC	ok
Curlcake1	1717	1718	+	0.885	prob	7976	7976	T	GCTAC	ok
Curlcake1	1731	1732	+	0.95	prob	7983	7983	T	GATCG	ok
Curlcake1	1736	1737	+	0.9	prob	7981	7981	T	GATGG	ok
Curlcake1	1739	1740	+	0.89	prob	7982	7982	T	GGTAG	ok
Curlcake1	1752	1753	+	0.875	prob	7989	7989	T	CGTGG	ok
Curlcake1	1756	1757	+	0.815	prob	7981	7981	T	GGTAG	ok
Curlcake1	1765	1766	+	0.885	prob	7993	7993	T	CCTGG	ok
Curlcake1	1769	1770	+	0.965	prob	7994	7994	T	GGTTA	ok
Curlcake1	1770	1771	+	0.96	prob	7993	7993	T	GTTAT	ok
Curlcake1	1772	1773	+	0.93	prob	7992	7992	T	TATCA	ok
Curlcake1	1783	1784	+	0.87	prob	7991	7991	T	GATCG	ok
Curlcake1	1789	1790	+	0.925	prob	7992	7992	T	ACTCT	ok
Curlcake1	1791	1792	+	0.96	prob	7991	7991	T	TCTTC	ok
Curlcake1	1792	1793	+	0.935	prob	7990	7990	T	CTTCC	ok
Curlcake1	1795	1796	+	0.92	prob	7992	7992	T	CCTGG	ok
Curlcake1	1800	1801	+	0.955	prob	7997	7997	T	GCTTA	ok
Curlcake1	1801	1802	+	0.935	prob	7998	7998	T	CTTAT	ok
Curlcake1	1803	1804	+	0.945	prob	7999	7999	T	TATGC	ok
Curlcake1	1808	1809	+	0.94	prob	7998	7998	T	GATAC	ok
Curlcake1	1812	1813	+	0.95	prob	8002	8002	T	CATCA	ok
Curlcake1	1823	1824	+	0.96	prob	8008	8008	T	AATGA	ok
Curlcake1	1826	1827	+	0.955	prob	8010	8010	T	GATGC	ok
Curlcake1	1833	1834	+	0.92	prob	8007	8007	T	CGTAC	ok
Curlcake1	1841	1842	+	0.955	prob	8012	8012	T	GATCG	ok
Curlcake1	1844	1845	+	0.945	prob	8010	8010	T	CGTTA	ok
Curlcake1	1845	1846	+	0.925	prob	8009	8009	T	GTTAC	ok
Curlcake1	1857	1858	+	0.94	prob	8006	8006	T	CGTCG	ok
Curlcake1	1877	1878	+	0.905	prob	8005	8005	T	AGTGT	ok
Curlcake1	1879	1880	+	0.97	prob	8005	8005	T	TGTGC	ok
Curlcake1	1882	1883	+	0.945	prob	8003	8003	T	GCTCT	ok
Curlcake1	1884	1885	+	0.93	prob	8004	8004	T	TCTAG	ok
Curlcake1	1887	1888	+	0.965	prob	8003	8003	T	AGTAT	ok
Curlcake1	1889	1890	+	0.965	prob	8004	8004	T	TATGT	ok
Curlcake1	1891	1892	+	0.965	prob	8003	8003	T	TGTTT	ok
Curlcake1	1892	1893	+	0.955	prob	8003	8003	T	GTTTG	ok
Curlcake1	1893	1894	+	0.97	prob	8003	8003	T	TTTGT	ok
Curlcake1	1895	1896	+	0.935	prob	8002	8002	T	TGTGA	ok
Curlcake1	1899	1900	+	0.975	prob	7997	7997	T	AGTAG	ok
Curlcake1	1908	1909	+	0.89	prob	8004	8004	T	GGTCG	ok
Curlcake1	1914	1915	+	0.95	prob	8001	8001	T	CGTTT	ok
Curlcake1	1915	1916	+	0.92	prob	8000	8000	T	GTTTA	ok
Curlcake1	1916	1917	+	0.95	prob	8000	8000	T	TTTAT	ok
Curlcake1	1918	1919	+	0.935	prob	8001	8001	T	TATGC	ok
Curlcake1	1922	1923	+	0.89	prob	7997	7997	T	CGTTC	ok
Curlcake1	1923	1924	+	0.885	prob	7996	7996	T	GTTCT	ok
Curlcake1	1925	1926	+	0.89	prob	7998	7998	T	TCTCT	ok
Curlcake1	1927	1928	+	0.875	prob	7998	7998	T	TCTTT	ok
Curlcake1	1928	1929	+	0.895	prob	7999	7999	T	CTTTC	ok
Curlcake1	1929	1930	+	0.945	prob	8000	8000	T	TTTCC	ok
Curlcake1	1932	1933	+	0.935	prob	8000	8000	T	CCTCC	ok
Curlcake1	1935	1936	+	0.905	prob	7999	7999	T	CCTAG	ok
Curlcake1	1939	1940	+	0.95	prob	8005	8005	T	GATGG	ok
Curlcake1	1947	1948	+	0.925	prob	8010	8010	T	CCTCC	ok
Curlcake1	1954	1955	+	0.955	prob	8010	8010	T	AATGA	ok
Curlcake1	1957	1958	+	0.875	prob	8009	8009	T	GATGG	ok
Curlcake1	1967	1968	+	0.785	prob	8012	8012	T	ACTTT	ok
Curlcake1	1968	1969	+	0.98	prob	8011	8011	T	CTTTT	ok
Curlcake1	1969	1970	+	0.98	prob	8012	8012	T	TTTTA	ok
Curlcake1	1970	1971	+	0.945	prob	8011	8011	T	TTTAT	ok
Curlcake1	1972	1973	+	0.94	prob	8011	8011	T	TATCG	ok
Curlcake1	1978	1979	+	0.935	prob	8012	8012	T	CATGT	ok
Curlcake1	1980	1981	+	0.95	prob	8007	8007	T	TGTGA	ok
Curlcake1	1991	1992	+	0.955	prob	8011	8011	T	CCTAA	ok
Curlcake1	2003	2004	+	0.95	prob	8013	8013	T	GGTCT	ok
Curlcake1	2005	2006	+	0.97	prob	8015	8015	T	TCTTG	ok
Curlcake1	2006	2007	+	0.875	prob	8016	8016	T	CTTGG	ok
Curlcake1	2009	2010	+	0.93	prob	8019	8019	T	GGTCT	ok
Curlcake1	2011	2012	+	0.975	prob	8019	8019	T	TCTTG	ok
Curlcake1	2012	2013	+	0.955	prob	8019	8019	T	CTTGG	ok
Curlcake1	2015	2016	+	0.94	prob	8017	8017	T	GGTAT	ok
Curlcake1	2017	2018	+	0.925	prob	8017	8017	T	TATCG	ok
Curlcake1	2026	2027	+	0.955	prob	8026	8026	T	AGTAT	ok
Curlcake1	2028	2029	+	0.945	prob	8025	8025	T	TATAA	ok
Curlcake1	2035	2036	+	0.935	prob	8023	8023	T	AATTT	ok
Curlcake1	2036	2037	+	0.95	prob	8024	8024	T	ATTTC	ok
Curlcake1	2037	2038	+	0.91	prob	8023	8023	T	TTTCT	ok
Curlcake1	2039	2040	+	0.925	prob	8023	8023	T	TCTTC	ok
Curlcake1	2040	2041	+	0.95	prob	8023	8023	T	CTTCA	ok
Curlcake1	2044	2045	+	0.95	prob	8022	8022	T	ACTCG	ok
Curlcake1	2055	2056	+	0.975	prob	8031	8031	T	AATGT	ok
Curlcake1	2057	2058	+	0.955	prob	8031	8031	T	TGTTG	ok
Curlcake1	2058	2059	+	0.895	prob	8032	8032	T	GTTGA	ok
Curlcake1	2071	2072	+	0.975	prob	8036	8036	T	AATTC	ok
Curlcake1	2072	2073	+	0.99	prob	8034	8034	T	ATTCT	ok
Curlcake1	2074	2075	+	0.98	prob	8034	8034	T	TCTCT	ok
Curlcake1	2076	2077	+	0.93	prob	8035	8035	T	TCTAT	ok
Curlcake1	2078	2079	+	0.93	prob	8034	8034	T	TATTA	ok
Curlcake1	2079	2080	+	0.92	prob	8032	8032	T	ATTAA	ok
Curlcake1	2089	2090	+	0.965	prob	8030	8030	T	GGTCT	ok
Curlcake1	2091	2092	+	0.97	prob	8031	8031	T	TCTGC	ok
Curlcake1	2094	2095	+	0.965	prob	8031	8031	T	GCTAT	ok
Curlcake1	2096	2097	+	0.885	prob	8031	8031	T	TATTT	ok
Curlcake1	2097	2098	+	0.965	prob	8030	8030	T	ATTTC	ok
Curlcake1	2098	2099	+	0.97	prob	8031	8031	T	TTTCG	ok
Curlcake1	2109	2110	+	0.94	prob	8017	8017	T	AGTCA	ok
Curlcake1	2116	2117	+	0.91	prob	8018	8018	T	GCTCG	ok
Curlcake1	2119	2120	+	0.96	prob	8019	8019	T	CGTAT	ok
Curlcake1	2121	2122	+	0.94	prob	8018	8018	T	TATAT	ok
Curlcake1	2123	2124	+	0.985	prob	8020	8020	T	TATCG	ok
Curlcake1	2126	2127	+	0.98	prob	8018	8018	T	CGTGA	ok
Curlcake1	2131	2132	+	0.9	prob	8020	8020	T	CCTCT	ok
Curlcake1	2133	2134	+	0.93	prob	8019	8019	T	TCTTG	ok
Curlcake1	2134	2135	+	0.905	prob	8020	8020	T	CTTGG	ok
Curlcake1	2140	2141	+	0.9	prob	8023	8023	T	GATCG	ok
Curlcake1	2143	2144	+	0.945	prob	8024	8024	T	CGTGT	ok
Curlcake1	2145	2146	+	0.875	prob	8026	8026	T	TGTCC	ok
Curlcake1	2152	2153	+	0.87	prob	8026	8026	T	GCTTG	ok
Curlcake1	2153	2154	+	0.885	prob	8024	8024	T	CTTGT	ok
Curlcake1	2155	2156	+	0.845	prob	8026	8026	T	TGTGA	ok
Curlcake1	2159	2160	+	0.77	prob	8029	8029	T	AATGT	ok
Curlcake1	2161	2162	+	0.875	prob	8029	8029	T	TGTAG	ok
Curlcake1	2166	2167	+	0.835	prob	8032	8032	T	GCTCG	ok
Curlcake1	2179	2180	+	0.94	prob	8035	8035	T	CCTCG	ok
Curlcake1	2182	2183	+	0.92	prob	8035	8035	T	CGTTA	ok
Curlcake1	2183	2184	+	0.905	prob	8034	8034	T	GTTAC	ok
Curlcake1	2186	2187	+	0.92	prob	8031	8031	T	ACTAT	ok
Curlcake1	2188	2189	+	0.855	prob	8030	8030	T	TATAC	ok
Curlcake1	2199	2200	+	0.8	prob	8017	8017	T	AGTGG	ok
Curlcake1	2206	2207	+	0.81	prob	7984	7984	T	AGTAC	ok
Curlcake1	2213	2214	+	0.905	prob	7951	7951	T	CATCA	ok
Curlcake1	2217	2218	+	0.695	prob	7943	7943	T	AATAA	ok
Curlcake1	2222	2223	+	0.805	prob	7903	7903	T	AATAA	ok
Curlcake1	2235	2236	+	0.83	prob	7843	7843	T	GCTCA	ok
Curlcake1	2241	2242	+	0.865	prob	7808	7808	T	GATGC	ok
Curlcake1	2248	2249	+	0.855	prob	7800	7800	T	CCTAG	ok
Curlcake1	2255	2256	+	0.865	prob	7783	7783	T	AATGA	ok
Curlcake1	2258	2259	+	0.835	prob	7771	7771	T	GATTT	ok
Curlcake1	2259	2260	+	0.9	prob	7762	7762	T	ATTTT	ok
Curlcake1	2260	2261	+	0.87	prob	7754	7754	T	TTTTA	ok
Curlcake1	2261	2262	+	0.9	prob	7744	7744	T	TTTAG	ok
Curlcake1	2268	2269	+	0.91	prob	7568	7568	T	GATCA	ok
Curlcake1	2271	2272	+	0.94	prob	7468	7468	T	CATTG	ok
Curlcake1	2272	2273	+	0.955	prob	7408	7408	T	ATTGG	ok
Curlcake2	42	43	+	0.58	prob	8008	8008	T	ATTAT	ok
Curlcake2	44	45	+	0.795	prob	8009	8009	T	TATGG	ok
Curlcake2	55	56	+	0.705	prob	8020	8020	T	CATTA	ok
Curlcake2	56	57	+	0.79	prob	8021	8021	T	ATTAT	ok
Curlcake2	58	59	+	0.845	prob	8023	8023	T	TATCG	ok
Curlcake2	67	68	+	0.905	prob	8030	8030	T	CGTGC	ok
Curlcake2	70	71	+	0.91	prob	8033	8033	T	GCTAC	ok
Curlcake2	75	76	+	0.935	prob	8038	8038	T	CCTGA	ok
Curlcake2	79	80	+	0.9	prob	8042	8042	T	AATGA	ok
Curlcake2	82	83	+	0.855	prob	8045	8045	T	GATAC	ok
Curlcake2	91	92	+	0.925	prob	8054	8054	T	CGTGT	ok
Curlcake2	93	94	+	0.91	prob	8053	8053	T	TGTGT	ok
Curlcake2	95	96	+	0.76	prob	8054	8054	T	TGTCC	ok
Curlcake2	101	102	+	0.88	prob	8059	8059	T	CGTCG	ok
Curlcake2	107	108	+	0.905	prob	8065	8065	T	GCTGT	ok
Curlcake2	109	110	+	0.86	prob	8067	8067	T	TGTTG	ok
Curlcake2	110	111	+	0.84	prob	8068	8068	T	GTTGC	ok
Curlcake2	114	115	+	0.68	prob	8069	8069	T	CGTAA	ok
Curlcake2	118	119	+	0.85	prob	8053	8053	T	AGTCG	ok
Curlcake2	121	122	+	0.785	prob	8053	8053	T	CGTCA	ok
Curlcake2	127	128	+	0.81	prob	8053	8053	T	CATAC	ok
Curlcake2	131	132	+	0.775	prob	8044	8044	T	CGTCC	ok
Curlcake2	135	136	+	0.675	prob	8044	8044	T	CCTTG	ok
Curlcake2	136	137	+	0.88	prob	8045	8045	T	CTTGG	ok
Curlcake2	143	144	+	0.88	prob	8042	8042	T	CGTGC	ok
Curlcake2	147	148	+	0.88	prob	8038	8038	T	CATAT	ok
Curlcake2	149	150	+	0.745	prob	8042	8042	T	TATTC	ok
Curlcake2	150	151	+	0.825	prob	8042	8042	T	ATTCC	ok
Curlcake2	153	154	+	0.83	prob	8040	8040	T	CCTCA	ok
Curlcake2	157	158	+	0.92	prob	8051	8051	T	AGTCA	ok
Curlcake2	161	162	+	0.965	prob	8051	8051	T	ACTAC	ok
Curlcake2	164	165	+	0.925	prob	8051	8051	T	ACTTT	ok
Curlcake2	165	166	+	0.8	prob	8047	8047	T	CTTTC	ok
Curlcake2	166	167	+	0.81	prob	8046	8046	T	TTTCT	ok
Curlcake2	168	169	+	0.755	prob	8043	8043	T	TCTAG	ok
Curlcake2	173	174	+	0.895	prob	8059	8059	T	ACTCA	ok
Curlcake2	177	178	+	0.88	prob	8047	8047	T	AATAT	ok
Curlcake2	179	180	+	0.875	prob	8042	8042	T	TATCT	ok
Curlcake2	181	182	+	0.9	prob	8038	8038	T	TCTTT	ok
Curlcake2	182	183	+	0.925	prob	8033	8033	T	CTTTC	ok
Curlcake2	183	184	+	0.885	prob	8032	8032	T	TTTCG	ok
Curlcake2	187	188	+	0.945	prob	8030	8030	T	GATGC	ok
Curlcake2	190	191	+	0.83	prob	8019	8019	T	GCTCC	ok
Curlcake2	195	196	+	0.905	prob	8013	8013	T	CGTCG	ok
Curlcake2	199	200	+	0.82	prob	7998	7998	T	GATCA	ok
Curlcake2	204	205	+	0.87	prob	7986	7986	T	AGTAA	ok
Curlcake2	208	209	+	0.875	prob	7970	7970	T	ACTCG	ok
Curlcake2	212	213	+	0.86	prob	7970	7970	T	GCTGT	ok
Curlcake2	214	215	+	0.76	prob	7964	7964	T	TGTCT	ok
Curlcake2	216	217	+	0.89	prob	7963	7963	T	TCTCG	ok
Curlcake2	220	221	+	0.79	prob	7969	7969	T	GCTCT	ok
Curlcake2	222	223	+	0.915	prob	7966	7966	T	TCTGT	ok
Curlcake2	224	225	+	0.735	prob	7973	7973	T	TGTGA	ok
Curlcake2	233	234	+	0.915	prob	7960	7960	T	AATAG	ok
Curlcake2	240	241	+	0.875	prob	7962	7962	T	CCTCG	ok
Curlcake2	246	247	+	0.77	prob	7953	7953	T	GCTAA	ok
Curlcake2	250	251	+	0.865	prob	7950	7950	T	AATGC	ok
Curlcake2	267	268	+	0.785	prob	7982	7982	T	AATCA	ok
Curlcake2	270	271	+	0.805	prob	7974	7974	T	CATAG	ok
Curlcake2	292	293	+	0.93	prob	7991	7991	T	CCTAA	ok
Curlcake2	306	307	+	0.885	prob	7890	7890	T	CATGG	ok
Curlcake2	310	311	+	0.9	prob	7991	7991	T	GCTGT	ok
Curlcake2	312	313	+	0.89	prob	7989	7989	T	TGTCA	ok
Curlcake2	315	316	+	0.935	prob	7990	7990	T	CATCG	ok
Curlcake2	319	320	+	0.815	prob	7990	7990	T	GCTTG	ok
Curlcake2	320	321	+	0.815	prob	7992	7992	T	CTTGG	ok
Curlcake2	327	328	+	0.64	prob	7995	7995	T	GATTC	ok
Curlcake2	328	329	+	0.83	prob	7989	7989	T	ATTCG	ok
Curlcake2	335	336	+	0.8	prob	7991	7991	T	ACTTA	ok
Curlcake2	336	337	+	0.745	prob	7990	7990	T	CTTAA	ok
Curlcake2	344	345	+	0.93	prob	7986	7986	T	CGTCA	ok
Curlcake2	350	351	+	0.885	prob	7979	7979	T	GCTAA	ok
Curlcake2	356	357	+	0.935	prob	7988	7988	T	GGTAA	ok
Curlcake2	362	363	+	0.935	prob	7984	7984	T	GGTTG	ok
Curlcake2	363	364	+	0.935	prob	7986	7986	T	GTTGG	ok
Curlcake2	369	370	+	0.95	prob	7985	7985	T	CGTGT	ok
Curlcake2	371	372	+	0.945	prob	7987	7987	T	TGTTA	ok
Curlcake2	372	373	+	0.895	prob	7986	7986	T	GTTAA	ok
Curlcake2	379	380	+	0.94	prob	7986	7986	T	AGTTG	ok
Curlcake2	380	381	+	0.905	prob	7983	7983	T	GTTGC	ok
Curlcake2	383	384	+	0.915	prob	7988	7988	T	GCTCG	ok
Curlcake2	387	388	+	0.825	prob	7994	7994	T	GGTCA	ok
Curlcake2	390	391	+	0.905	prob	7979	7979	T	CATGT	ok
Curlcake2	392	393	+	0.84	prob	7992	7992	T	TGTCT	ok
Curlcake2	394	395	+	0.925	prob	7988	7988	T	TCTCC	ok
Curlcake2	399	400	+	0.82	prob	7990	7990	T	GCTAC	ok
Curlcake2	403	404	+	0.905	prob	7986	7986	T	CCTGT	ok
Curlcake2	405	406	+	0.895	prob	7984	7984	T	TGTGA	ok
Curlcake2	408	409	+	0.93	prob	7977	7977	T	GATCA	ok
Curlcake2	411	412	+	0.875	prob	7980	7980	T	CATAT	ok
Curlcake2	413	414	+	0.88	prob	7981	7981	T	TATCG	ok
Curlcake2	422	423	+	0.85	prob	7984	7984	T	CATAA	ok
Curlcake2	425	426	+	0.815	prob	7982	7982	T	AATAG	ok
Curlcake2	429	430	+	0.89	prob	7987	7987	T	GCTAA	ok
Curlcake2	433	434	+	0.87	prob	7983	7983	T	ACTTG	ok
Curlcake2	434	435	+	0.845	prob	7982	7982	T	CTTGC	ok
Curlcake2	444	445	+	0.84	prob	7986	7986	T	GATGG	ok
Curlcake2	451	452	+	0.935	prob	7987	7987	T	CGTGT	ok
Curlcake2	453	454	+	0.79	prob	7986	7986	T	TGTGA	ok
Curlcake2	459	460	+	0.905	prob	7986	7986	T	GCTGG	ok
Curlcake2	462	463	+	0.81	prob	7983	7983	T	GGTAG	ok
Curlcake2	479	480	+	0.715	prob	7986	7986	T	CCTTA	ok
Curlcake2	480	481	+	0.805	prob	7987	7987	T	CTTAC	ok
Curlcake2	507	508	+	0.87	prob	7980	7980	T	ACTCG	ok
Curlcake2	510	511	+	0.94	prob	7977	7977	T	CGTAG	ok
Curlcake2	513	514	+	0.92	prob	7978	7978	T	AGTAA	ok
Curlcake2	518	519	+	0.745	prob	7952	7952	T	AATTG	ok
Curlcake2	519	520	+	0.895	prob	7951	7951	T	ATTGA	ok
Curlcake2	522	523	+	0.76	prob	7954	7954	T	GATAC	ok
Curlcake2	526	527	+	0.825	prob	7981	7981	T	CATCG	ok
Curlcake2	531	532	+	0.88	prob	7981	7981	T	CGTTA	ok
Curlcake2	532	533	+	0.805	prob	7978	7978	T	GTTAA	ok
Curlcake2	535	536	+	0.825	prob	7982	7982	T	AATCG	ok
Curlcake2	538	539	+	0.75	prob	7981	7981	T	CGTGG	ok
Curlcake2	544	545	+	0.935	prob	7982	7982	T	GCTGG	ok
Curlcake2	551	552	+	0.85	prob	7976	7976	T	CGTGC	ok
Curlcake2	559	560	+	0.785	prob	7983	7983	T	GGTTC	ok
Curlcake2	560	561	+	0.685	prob	7988	7988	T	GTTCT	ok
Curlcake2	562	563	+	0.85	prob	7985	7985	T	TCTTG	ok
Curlcake2	563	564	+	0.915	prob	7987	7987	T	CTTGA	ok
Curlcake2	568	569	+	0.835	prob	7978	7978	T	CATGT	ok
Curlcake2	570	571	+	0.95	prob	7979	7979	T	TGTGT	ok
Curlcake2	572	573	+	0.785	prob	7982	7982	T	TGTGG	ok
Curlcake2	576	577	+	0.875	prob	7980	7980	T	GGTTA	ok
Curlcake2	577	578	+	0.955	prob	7984	7984	T	GTTAT	ok
Curlcake2	579	580	+	0.955	prob	7984	7984	T	TATGT	ok
Curlcake2	581	582	+	0.84	prob	7977	7977	T	TGTAA	ok
Curlcake2	585	586	+	0.795	prob	7971	7971	T	AGTAT	ok
Curlcake2	587	588	+	0.86	prob	7980	7980	T	TATAA	ok
Curlcake2	596	597	+	0.93	prob	7980	7980	T	CCTTG	ok
Curlcake2	597	598	+	0.835	prob	7982	7982	T	CTTGC	ok
Curlcake2	604	605	+	0.91	prob	7976	7976	T	CGTTG	ok
Curlcake2	605	606	+	0.945	prob	7982	7982	T	GTTGG	ok
Curlcake2	616	617	+	0.785	prob	7978	7978	T	CCTAA	ok
Curlcake2	621	622	+	0.875	prob	7980	7980	T	GCTGA	ok
Curlcake2	633	634	+	0.88	prob	7976	7976	T	GGTGC	ok
Curlcake2	636	637	+	0.825	prob	7983	7983	T	GCTCA	ok
Curlcake2	639	640	+	0.905	prob	7977	7977	T	CATAA	ok
Curlcake2	643	644	+	0.945	prob	7984	7984	T	ACTCA	ok
Curlcake2	649	650	+	0.89	prob	7982	7982	T	ACTTC	ok
Curlcake2	650	651	+	0.86	prob	7984	7984	T	CTTCG	ok
Curlcake2	656	657	+	0.825	prob	7987	7987	T	CGTTC	ok
Curlcake2	657	658	+	0.775	prob	7985	7985	T	GTTCC	ok
Curlcake2	663	664	+	0.79	prob	7987	7987	T	CGTGG	ok
Curlcake2	667	668	+	0.79	prob	7985	7985	T	GGTGG	ok
Curlcake2	673	674	+	0.84	prob	7983	7983	T	GATAG	ok
Curlcake2	679	680	+	0.88	prob	7989	7989	T	CATTG	ok
Curlcake2	680	681	+	0.91	prob	7987	7987	T	ATTGG	ok
Curlcake2	683	684	+	0.78	prob	7989	7989	T	GGTAT	ok
Curlcake2	685	686	+	0.805	prob	7985	7985	T	TATGG	ok
Curlcake2	688	689	+	0.87	prob	7981	7981	T	GGTTT	ok
Curlcake2	689	690	+	0.85	prob	7989	7989	T	GTTTG	ok
Curlcake2	690	691	+	0.89	prob	7984	7984	T	TTTGG	ok
Curlcake2	693	694	+	0.895	prob	7986	7986	T	GGTCT	ok
Curlcake2	695	696	+	0.89	prob	7983	7983	T	TCTTC	ok
Curlcake2	696	697	+	0.89	prob	7987	7987	T	CTTCT	ok
Curlcake2	698	699	+	0.89	prob	7986	7986	T	TCTGC	ok
Curlcake2	704	705	+	0.9	prob	7989	7989	T	AGTCG	ok
Curlcake2	714	715	+	0.84	prob	7991	7991	T	GATGT	ok
Curlcake2	716	717	+	0.935	prob	7986	7986	T	TGTGA	ok
Curlcake2	719	720	+	0.815	prob	7980	7980	T	GATCA	ok
Curlcake2	723	724	+	0.96	prob	7985	7985	T	AATGT	ok
Curlcake2	725	726	+	0.89	prob	7985	7985	T	TGTAA	ok
Curlcake2	738	739	+	0.965	prob	7986	7986	T	AATGA	ok
Curlcake2	741	742	+	0.93	prob	7984	7984	T	GATAG	ok
Curlcake2	744	745	+	0.795	prob	7991	7991	T	AGTAA	ok
Curlcake2	752	753	+	0.85	prob	7977	7977	T	GATCC	ok
Curlcake2	758	759	+	0.92	prob	7992	7992	T	GCTGT	ok
Curlcake2	760	761	+	0.915	prob	7994	7994	T	TGTGG	ok
Curlcake2	766	767	+	0.945	prob	7994	7994	T	AGTCG	ok
Curlcake2	770	771	+	0.935	prob	7993	7993	T	GATGA	ok
Curlcake2	774	775	+	0.795	prob	7995	7995	T	AATCA	ok
Curlcake2	781	782	+	0.98	prob	7976	7976	T	AATCT	ok
Curlcake2	783	784	+	0.935	prob	7991	7991	T	TCTTG	ok
Curlcake2	784	785	+	0.83	prob	7992	7992	T	CTTGG	ok
Curlcake2	791	792	+	0.94	prob	7995	7995	T	CCTAT	ok
Curlcake2	793	794	+	0.91	prob	7997	7997	T	TATCT	ok
Curlcake2	795	796	+	0.96	prob	7993	7993	T	TCTCA	ok
Curlcake2	809	810	+	0.81	prob	7987	7987	T	AGTAA	ok
Curlcake2	812	813	+	0.855	prob	7987	7987	T	AATCC	ok
Curlcake2	815	816	+	0.84	prob	7990	7990	T	CCTGC	ok
Curlcake2	819	820	+	0.77	prob	7984	7984	T	CGTGG	ok
Curlcake2	825	826	+	0.825	prob	7984	7984	T	ACTAC	ok
Curlcake2	832	833	+	0.945	prob	7974	7974	T	AGTCA	ok
Curlcake2	835	836	+	0.845	prob	7980	7980	T	CATTT	ok
Curlcake2	836	837	+	0.96	prob	7980	7980	T	ATTTT	ok
Curlcake2	837	838	+	0.97	prob	7980	7980	T	TTTTC	ok
Curlcake2	838	839	+	0.935	prob	7980	7980	T	TTTCG	ok
Curlcake2	841	842	+	0.755	prob	7972	7972	T	CGTGG	ok
Curlcake2	852	853	+	0.87	prob	7979	7979	T	CCTCG	ok
Curlcake2	858	859	+	0.895	prob	7978	7978	T	CCTCC	ok
Curlcake2	867	868	+	0.915	prob	7979	7979	T	CATAT	ok
Curlcake2	869	870	+	0.905	prob	7977	7977	T	TATGG	ok
Curlcake2	877	878	+	0.92	prob	7968	7968	T	CGTCG	ok
Curlcake2	881	882	+	0.94	prob	7963	7963	T	GCTCA	ok
Curlcake2	893	894	+	0.9	prob	7961	7961	T	AGTAG	ok
Curlcake2	898	899	+	0.915	prob	7964	7964	T	ACTAT	ok
Curlcake2	900	901	+	0.95	prob	7965	7965	T	TATCA	ok
Curlcake2	905	906	+	0.915	prob	7966	7966	T	ACTAA	ok
Curlcake2	909	910	+	0.945	prob	7968	7968	T	ACTAT	ok
Curlcake2	911	912	+	0.905	prob	7968	7968	T	TATTG	ok
Curlcake2	912	913	+	0.96	prob	7967	7967	T	ATTGT	ok
Curlcake2	914	915	+	0.92	prob	7962	7962	T	TGTGG	ok
Curlcake2	918	919	+	0.91	prob	7965	7965	T	GCTCG	ok
Curlcake2	925	926	+	0.81	prob	7960	7960	T	GCTGA	ok
Curlcake2	931	932	+	0.865	prob	7965	7965	T	GCTAC	ok
Curlcake2	939	940	+	0.875	prob	7966	7966	T	AATCA	ok
Curlcake2	944	945	+	0.81	prob	7971	7971	T	GGTTC	ok
Curlcake2	945	946	+	0.945	prob	7975	7975	T	GTTCG	ok
Curlcake2	954	955	+	0.805	prob	7972	7972	T	AATAA	ok
Curlcake2	957	958	+	0.93	prob	7974	7974	T	AATGT	ok
Curlcake2	959	960	+	0.795	prob	7968	7968	T	TGTGC	ok
Curlcake2	962	963	+	0.84	prob	7974	7974	T	GCTAC	ok
Curlcake2	966	967	+	0.885	prob	7972	7972	T	CGTCT	ok
Curlcake2	968	969	+	0.935	prob	7974	7974	T	TCTCG	ok
Curlcake2	990	991	+	0.925	prob	7990	7990	T	CCTGT	ok
Curlcake2	992	993	+	0.89	prob	7991	7991	T	TGTCG	ok
Curlcake2	995	996	+	0.945	prob	7988	7988	T	CGTTC	ok
Curlcake2	996	997	+	0.935	prob	7988	7988	T	GTTCA	ok
Curlcake2	999	1000	+	0.84	prob	7988	7988	T	CATTG	ok
Curlcake2	1000	1001	+	0.945	prob	7983	7983	T	ATTGG	ok
Curlcake2	1004	1005	+	0.79	prob	7986	7986	T	GATAC	ok
Curlcake2	1008	1009	+	0.875	prob	7988	7988	T	CGTAA	ok
Curlcake2	1013	1014	+	0.93	prob	7988	7988	T	CATCA	ok
Curlcake2	1017	1018	+	0.85	prob	7989	7989	T	AATCA	ok
Curlcake2	1022	1023	+	0.91	prob	7985	7985	T	CCTTG	ok
Curlcake2	1023	1024	+	0.965	prob	7991	7991	T	CTTGC	ok
Curlcake2	1029	1030	+	0.935	prob	7989	7989	T	ACTGC	ok
Curlcake2	1032	1033	+	0.93	prob	7987	7987	T	GCTCG	ok
Curlcake2	1038	1039	+	0.915	prob	7987	7987	T	GGTAT	ok
Curlcake2	1040	1041	+	0.895	prob	7988	7988	T	TATGG	ok
Curlcake2	1043	1044	+	0.905	prob	7983	7983	T	GGTTC	ok
Curlcake2	1044	1045	+	0.93	prob	7988	7988	T	GTTCA	ok
Curlcake2	1050	1051	+	0.945	prob	7984	7984	T	CGTGG	ok
Curlcake2	1053	1054	+	0.91	prob	7987	7987	T	GGTTG	ok
Curlcake2	1054	1055	+	0.935	prob	7988	7988	T	GTTGT	ok
Curlcake2	1056	1057	+	0.905	prob	7986	7986	T	TGTTA	ok
Curlcake2	1057	1058	+	0.94	prob	7985	7985	T	GTTAG	ok
Curlcake2	1080	1081	+	0.935	prob	7983	7983	T	CGTTT	ok
Curlcake2	1081	1082	+	0.925	prob	7985	7985	T	GTTTA	ok
Curlcake2	1082	1083	+	0.96	prob	7982	7982	T	TTTAT	ok
Curlcake2	1084	1085	+	0.83	prob	7987	7987	T	TATCA	ok
Curlcake2	1092	1093	+	0.965	prob	7986	7986	T	CATAT	ok
Curlcake2	1094	1095	+	0.885	prob	7987	7987	T	TATCC	ok
Curlcake2	1097	1098	+	0.895	prob	7986	7986	T	CCTTA	ok
Curlcake2	1098	1099	+	0.875	prob	7987	7987	T	CTTAA	ok
Curlcake2	1107	1108	+	0.885	prob	7988	7988	T	CCTCC	ok
Curlcake2	1116	1117	+	0.945	prob	7990	7990	T	AGTCT	ok
Curlcake2	1118	1119	+	0.925	prob	7991	7991	T	TCTGT	ok
Curlcake2	1120	1121	+	0.86	prob	7985	7985	T	TGTTG	ok
Curlcake2	1121	1122	+	0.92	prob	7987	7987	T	GTTGG	ok
Curlcake2	1124	1125	+	0.91	prob	7986	7986	T	GGTCT	ok
Curlcake2	1126	1127	+	0.935	prob	7988	7988	T	TCTAA	ok
Curlcake2	1132	1133	+	0.9	prob	7989	7989	T	ACTGT	ok
Curlcake2	1134	1135	+	0.91	prob	7990	7990	T	TGTAT	ok
Curlcake2	1136	1137	+	0.915	prob	7990	7990	T	TATAG	ok
Curlcake2	1158	1159	+	0.885	prob	7988	7988	T	GGTAG	ok
Curlcake2	1161	1162	+	0.925	prob	7994	7994	T	AGTGC	ok
Curlcake2	1165	1166	+	0.825	prob	7987	7987	T	CGTAA	ok
Curlcake2	1171	1172	+	0.92	prob	7984	7984	T	AGTGG	ok
Curlcake2	1175	1176	+	0.88	prob	7984	7984	T	GATTA	ok
Curlcake2	1176	1177	+	0.89	prob	7986	7986	T	ATTAG	ok
Curlcake2	1186	1187	+	0.95	prob	7988	7988	T	CATCC	ok
Curlcake2	1192	1193	+	0.82	prob	7989	7989	T	CCTCT	ok
Curlcake2	1194	1195	+	0.94	prob	7988	7988	T	TCTCC	ok
Curlcake2	1198	1199	+	0.75	prob	7986	7986	T	CGTTT	ok
Curlcake2	1199	1200	+	0.97	prob	7984	7984	T	GTTTT	ok
Curlcake2	1200	1201	+	0.97	prob	7984	7984	T	TTTTC	ok
Curlcake2	1201	1202	+	0.945	prob	7978	7978	T	TTTCT	ok
Curlcake2	1203	1204	+	0.95	prob	7981	7981	T	TCTGG	ok
Curlcake2	1209	1210	+	0.985	prob	7987	7987	T	CGTTA	ok
Curlcake2	1210	1211	+	0.925	prob	7985	7985	T	GTTAA	ok
Curlcake2	1213	1214	+	0.93	prob	7987	7987	T	AATAT	ok
Curlcake2	1215	1216	+	0.915	prob	7985	7985	T	TATGT	ok
Curlcake2	1217	1218	+	0.94	prob	7985	7985	T	TGTGT	ok
Curlcake2	1219	1220	+	0.915	prob	7982	7982	T	TGTCG	ok
Curlcake2	1234	1235	+	0.93	prob	7985	7985	T	GATTT	ok
Curlcake2	1235	1236	+	0.965	prob	7988	7988	T	ATTTC	ok
Curlcake2	1236	1237	+	0.965	prob	7984	7984	T	TTTCA	ok
Curlcake2	1239	1240	+	0.93	prob	7984	7984	T	CATCA	ok
Curlcake2	1249	1250	+	0.895	prob	7986	7986	T	CCTTT	ok
Curlcake2	1250	1251	+	0.93	prob	7985	7985	T	CTTTC	ok
Curlcake2	1251	1252	+	0.945	prob	7986	7986	T	TTTCC	ok
Curlcake2	1255	1256	+	0.9	prob	7980	7980	T	CGTGC	ok
Curlcake2	1258	1259	+	0.895	prob	7983	7983	T	GCTGG	ok
Curlcake2	1263	1264	+	0.875	prob	7987	7987	T	GGTGA	ok
Curlcake2	1271	1272	+	0.9	prob	7981	7981	T	CATAC	ok
Curlcake2	1278	1279	+	0.965	prob	7986	7986	T	GATGC	ok
Curlcake2	1282	1283	+	0.895	prob	7984	7984	T	CCTGG	ok
Curlcake2	1289	1290	+	0.835	prob	7987	7987	T	GGTAT	ok
Curlcake2	1291	1292	+	0.85	prob	7985	7985	T	TATAC	ok
Curlcake2	1294	1295	+	0.965	prob	7986	7986	T	ACTAC	ok
Curlcake2	1297	1298	+	0.905	prob	7986	7986	T	ACTTG	ok
Curlcake2	1298	1299	+	0.865	prob	7988	7988	T	CTTGG	ok
Curlcake2	1302	1303	+	0.915	prob	7990	7990	T	GGTAA	ok
Curlcake2	1306	1307	+	0.95	prob	7985	7985	T	AATGC	ok
Curlcake2	1309	1310	+	0.91	prob	7985	7985	T	GCTGC	ok
Curlcake2	1318	1319	+	0.945	prob	7985	7985	T	CGTAG	ok
Curlcake2	1330	1331	+	0.93	prob	7990	7990	T	AATAA	ok
Curlcake2	1335	1336	+	0.97	prob	7983	7983	T	AATGT	ok
Curlcake2	1337	1338	+	0.845	prob	7991	7991	T	TGTCC	ok
Curlcake2	1344	1345	+	0.96	prob	7992	7992	T	GGTCT	ok
Curlcake2	1346	1347	+	0.955	prob	7992	7992	T	TCTCA	ok
Curlcake2	1349	1350	+	0.98	prob	7991	7991	T	CATGT	ok
Curlcake2	1351	1352	+	0.915	prob	7988	7988	T	TGTAC	ok
Curlcake2	1356	1357	+	0.98	prob	7992	7992	T	AATGT	ok
Curlcake2	1358	1359	+	0.885	prob	7992	7992	T	TGTTC	ok
Curlcake2	1359	1360	+	0.835	prob	7992	7992	T	GTTCG	ok
Curlcake2	1368	1369	+	0.93	prob	7994	7994	T	AGTGC	ok
Curlcake2	1371	1372	+	0.925	prob	7994	7994	T	GCTCT	ok
Curlcake2	1373	1374	+	0.95	prob	7992	7992	T	TCTAT	ok
Curlcake2	1375	1376	+	0.92	prob	7992	7992	T	TATGC	ok
Curlcake2	1378	1379	+	0.945	prob	7991	7991	T	GCTCA	ok
Curlcake2	1383	1384	+	0.93	prob	7990	7990	T	GCTCA	ok
Curlcake2	1386	1387	+	0.86	prob	7991	7991	T	CATCC	ok
Curlcake2	1390	1391	+	0.9	prob	7988	7988	T	CGTCA	ok
Curlcake2	1394	1395	+	0.94	prob	7988	7988	T	ACTGA	ok
Curlcake2	1398	1399	+	0.905	prob	7989	7989	T	ACTAA	ok
Curlcake2	1406	1407	+	0.95	prob	7990	7990	T	CATTG	ok
Curlcake2	1407	1408	+	0.91	prob	7989	7989	T	ATTGC	ok
Curlcake2	1410	1411	+	0.97	prob	7989	7989	T	GCTGA	ok
Curlcake2	1414	1415	+	0.965	prob	7988	7988	T	AGTCC	ok
Curlcake2	1418	1419	+	0.89	prob	7986	7986	T	CATGA	ok
Curlcake2	1423	1424	+	0.94	prob	7988	7988	T	GGTAA	ok
Curlcake2	1426	1427	+	0.94	prob	7986	7986	T	AATAA	ok
Curlcake2	1435	1436	+	0.9	prob	7991	7991	T	GCTCC	ok
Curlcake2	1444	1445	+	0.92	prob	7984	7984	T	AGTCC	ok
Curlcake2	1448	1449	+	0.935	prob	7987	7987	T	CCTAA	ok
Curlcake2	1451	1452	+	0.87	prob	7988	7988	T	AATAG	ok
Curlcake2	1454	1455	+	0.935	prob	7990	7990	T	AGTGT	ok
Curlcake2	1456	1457	+	0.935	prob	7991	7991	T	TGTGC	ok
Curlcake2	1461	1462	+	0.885	prob	7990	7990	T	GCTTC	ok
Curlcake2	1462	1463	+	0.955	prob	7988	7988	T	CTTCT	ok
Curlcake2	1464	1465	+	0.88	prob	7988	7988	T	TCTCC	ok
Curlcake2	1467	1468	+	0.97	prob	7988	7988	T	CCTGA	ok
Curlcake2	1471	1472	+	0.96	prob	7990	7990	T	AATTG	ok
Curlcake2	1472	1473	+	0.95	prob	7991	7991	T	ATTGT	ok
Curlcake2	1474	1475	+	0.99	prob	7989	7989	T	TGTCA	ok
Curlcake2	1479	1480	+	0.955	prob	7988	7988	T	AATGA	ok
Curlcake2	1490	1491	+	0.975	prob	7997	7997	T	GATGT	ok
Curlcake2	1492	1493	+	0.955	prob	7994	7994	T	TGTAT	ok
Curlcake2	1494	1495	+	0.93	prob	7993	7993	T	TATTC	ok
Curlcake2	1495	1496	+	0.93	prob	7992	7992	T	ATTCC	ok
Curlcake2	1513	1514	+	0.905	prob	7992	7992	T	ACTCC	ok
Curlcake2	1519	1520	+	0.86	prob	7983	7983	T	CGTTC	ok
Curlcake2	1520	1521	+	0.905	prob	7989	7989	T	GTTCC	ok
Curlcake2	1523	1524	+	0.925	prob	7989	7989	T	CCTGT	ok
Curlcake2	1525	1526	+	0.925	prob	7989	7989	T	TGTAC	ok
Curlcake2	1529	1530	+	0.93	prob	7987	7987	T	CGTTG	ok
Curlcake2	1530	1531	+	0.885	prob	7987	7987	T	GTTGG	ok
Curlcake2	1537	1538	+	0.94	prob	7988	7988	T	GATTG	ok
Curlcake2	1538	1539	+	0.875	prob	7989	7989	T	ATTGG	ok
Curlcake2	1543	1544	+	0.965	prob	7990	7990	T	GATAT	ok
Curlcake2	1545	1546	+	0.975	prob	7991	7991	T	TATGC	ok
Curlcake2	1549	1550	+	0.955	prob	7984	7984	T	CATTT	ok
Curlcake2	1550	1551	+	0.96	prob	7986	7986	T	ATTTC	ok
Curlcake2	1551	1552	+	0.935	prob	7986	7986	T	TTTCT	ok
Curlcake2	1553	1554	+	0.97	prob	7981	7981	T	TCTTA	ok
Curlcake2	1554	1555	+	0.94	prob	7983	7983	T	CTTAG	ok
Curlcake2	1560	1561	+	0.94	prob	7987	7987	T	CCTGC	ok
Curlcake2	1563	1564	+	0.95	prob	7986	7986	T	GCTAT	ok
Curlcake2	1565	1566	+	0.965	prob	7986	7986	T	TATTA	ok
Curlcake2	1566	1567	+	0.925	prob	7987	7987	T	ATTAT	ok
Curlcake2	1568	1569	+	0.925	prob	7986	7986	T	TATAC	ok
Curlcake2	1574	1575	+	0.94	prob	7988	7988	T	CGTAT	ok
Curlcake2	1576	1577	+	0.92	prob	7989	7989	T	TATAA	ok
Curlcake2	1586	1587	+	0.9	prob	7987	7987	T	CGTCG	ok
Curlcake2	1592	1593	+	0.93	prob	7989	7989	T	GGTCG	ok
Curlcake2	1597	1598	+	0.955	prob	7991	7991	T	CGTTA	ok
Curlcake2	1598	1599	+	0.96	prob	7991	7991	T	GTTAC	ok
Curlcake2	1601	1602	+	0.97	prob	7988	7988	T	ACTAA	ok
Curlcake2	1604	1605	+	0.98	prob	7991	7991	T	AATGG	ok
Curlcake2	1607	1608	+	0.975	prob	7985	7985	T	GGTGA	ok
Curlcake2	1612	1613	+	0.955	prob	7986	7986	T	AGTGA	ok
Curlcake2	1615	1616	+	0.87	prob	7982	7982	T	GATAC	ok
Curlcake2	1626	1627	+	0.87	prob	7987	7987	T	CCTAA	ok
Curlcake2	1631	1632	+	0.945	prob	7988	7988	T	CGTCC	ok
Curlcake2	1639	1640	+	0.98	prob	7986	7986	T	AGTAT	ok
Curlcake2	1641	1642	+	0.985	prob	7985	7985	T	TATTT	ok
Curlcake2	1642	1643	+	0.98	prob	7984	7984	T	ATTTA	ok
Curlcake2	1643	1644	+	0.95	prob	7982	7982	T	TTTAG	ok
Curlcake2	1647	1648	+	0.955	prob	7983	7983	T	GATAC	ok
Curlcake2	1654	1655	+	0.98	prob	7992	7992	T	GATAT	ok
Curlcake2	1656	1657	+	1	prob	7989	7989	T	TATTT	ok
Curlcake2	1657	1658	+	0.98	prob	7986	7986	T	ATTTG	ok
Curlcake2	1658	1659	+	0.96	prob	7985	7985	T	TTTGA	ok
Curlcake2	1665	1666	+	0.95	prob	7989	7989	T	ACTCA	ok
Curlcake2	1668	1669	+	0.97	prob	7992	7992	T	CATTA	ok
Curlcake2	1669	1670	+	0.985	prob	7992	7992	T	ATTAA	ok
Curlcake2	1673	1674	+	0.935	prob	7996	7996	T	ACTCC	ok
Curlcake2	1676	1677	+	0.96	prob	7994	7994	T	CCTCT	ok
Curlcake2	1678	1679	+	0.96	prob	7995	7995	T	TCTGG	ok
Curlcake2	1681	1682	+	0.965	prob	7992	7992	T	GGTCA	ok
Curlcake2	1688	1689	+	0.975	prob	7992	7992	T	GATGC	ok
Curlcake2	1691	1692	+	0.97	prob	7990	7990	T	GCTTC	ok
Curlcake2	1692	1693	+	0.98	prob	7989	7989	T	CTTCC	ok
Curlcake2	1697	1698	+	0.95	prob	7989	7989	T	ACTGG	ok
Curlcake2	1702	1703	+	0.955	prob	7992	7992	T	ACTCT	ok
Curlcake2	1704	1705	+	0.985	prob	7993	7993	T	TCTAA	ok
Curlcake2	1710	1711	+	0.975	prob	7996	7996	T	ACTGT	ok
Curlcake2	1712	1713	+	0.985	prob	7991	7991	T	TGTTT	ok
Curlcake2	1713	1714	+	0.97	prob	7991	7991	T	GTTTG	ok
Curlcake2	1714	1715	+	0.97	prob	7991	7991	T	TTTGA	ok
Curlcake2	1717	1718	+	0.935	prob	7978	7978	T	GATCA	ok
Curlcake2	1723	1724	+	0.915	prob	7986	7986	T	GGTGG	ok
Curlcake2	1728	1729	+	0.99	prob	7990	7990	T	CCTAT	ok
Curlcake2	1730	1731	+	0.995	prob	7992	7992	T	TATAG	ok
Curlcake2	1733	1734	+	0.915	prob	7993	7993	T	AGTTA	ok
Curlcake2	1734	1735	+	0.865	prob	7992	7992	T	GTTAC	ok
Curlcake2	1740	1741	+	0.96	prob	7985	7985	T	AATAG	ok
Curlcake2	1744	1745	+	0.925	prob	7988	7988	T	GCTCT	ok
Curlcake2	1746	1747	+	0.985	prob	7989	7989	T	TCTGT	ok
Curlcake2	1748	1749	+	0.915	prob	7988	7988	T	TGTAA	ok
Curlcake2	1756	1757	+	0.865	prob	7990	7990	T	GCTTC	ok
Curlcake2	1757	1758	+	0.92	prob	7986	7986	T	CTTCG	ok
Curlcake2	1762	1763	+	0.93	prob	7986	7986	T	GATGG	ok
Curlcake2	1770	1771	+	0.985	prob	7988	7988	T	GATTT	ok
Curlcake2	1771	1772	+	0.975	prob	7989	7989	T	ATTTA	ok
Curlcake2	1772	1773	+	0.97	prob	7990	7990	T	TTTAT	ok
Curlcake2	1774	1775	+	0.94	prob	7988	7988	T	TATTA	ok
Curlcake2	1775	1776	+	0.97	prob	7982	7982	T	ATTAG	ok
Curlcake2	1779	1780	+	0.955	prob	7983	7983	T	GGTAC	ok
Curlcake2	1786	1787	+	0.94	prob	7984	7984	T	CATAG	ok
Curlcake2	1795	1796	+	0.965	prob	7987	7987	T	AGTGA	ok
Curlcake2	1801	1802	+	0.925	prob	7988	7988	T	CATAT	ok
Curlcake2	1803	1804	+	0.895	prob	7986	7986	T	TATAC	ok
Curlcake2	1813	1814	+	0.93	prob	7984	7984	T	CATCG	ok
Curlcake2	1817	1818	+	0.935	prob	7986	7986	T	GGTAA	ok
Curlcake2	1821	1822	+	0.98	prob	7993	7993	T	AGTGT	ok
Curlcake2	1823	1824	+	0.955	prob	7990	7990	T	TGTAA	ok
Curlcake2	1826	1827	+	0.98	prob	7992	7992	T	AATGC	ok
Curlcake2	1834	1835	+	0.955	prob	7989	7989	T	GATCT	ok
Curlcake2	1836	1837	+	0.965	prob	7986	7986	T	TCTAG	ok
Curlcake2	1841	1842	+	0.985	prob	7994	7994	T	GGTGT	ok
Curlcake2	1843	1844	+	0.96	prob	7995	7995	T	TGTGA	ok
Curlcake2	1851	1852	+	0.92	prob	7992	7992	T	CCTAG	ok
Curlcake2	1855	1856	+	0.91	prob	7995	7995	T	GGTGC	ok
Curlcake2	1858	1859	+	0.575	prob	7995	7995	T	GCTTT	ok
Curlcake2	1859	1860	+	0.9	prob	7996	7996	T	CTTTC	ok
Curlcake2	1860	1861	+	0.975	prob	7997	7997	T	TTTCA	ok
Curlcake2	1868	1869	+	0.945	prob	7997	7997	T	GGTCT	ok
Curlcake2	1870	1871	+	0.815	prob	7997	7997	T	TCTGG	ok
Curlcake2	1880	1881	+	0.94	prob	7999	7999	T	CCTGC	ok
Curlcake2	1885	1886	+	0.905	prob	8002	8002	T	CCTTC	ok
Curlcake2	1886	1887	+	0.895	prob	8003	8003	T	CTTCG	ok
Curlcake2	1889	1890	+	0.98	prob	8002	8002	T	CGTAG	ok
Curlcake2	1892	1893	+	0.95	prob	8004	8004	T	AGTCA	ok
Curlcake2	1901	1902	+	0.925	prob	8008	8008	T	CCTCA	ok
Curlcake2	1907	1908	+	0.945	prob	8009	8009	T	ACTTA	ok
Curlcake2	1908	1909	+	0.955	prob	8008	8008	T	CTTAG	ok
Curlcake2	1911	1912	+	0.93	prob	8010	8010	T	AGTCC	ok
Curlcake2	1916	1917	+	0.89	prob	8008	8008	T	GATCG	ok
Curlcake2	1924	1925	+	0.905	prob	8007	8007	T	AGTAA	ok
Curlcake2	1930	1931	+	0.91	prob	8014	8014	T	CATGA	ok
Curlcake2	1935	1936	+	0.915	prob	8016	8016	T	CGTAG	ok
Curlcake2	1951	1952	+	0.935	prob	8018	8018	T	CGTTA	ok
Curlcake2	1952	1953	+	0.95	prob	8019	8019	T	GTTAT	ok
Curlcake2	1954	1955	+	0.97	prob	8021	8021	T	TATAT	ok
Curlcake2	1956	1957	+	0.985	prob	8022	8022	T	TATAG	ok
Curlcake2	1961	1962	+	0.915	prob	8027	8027	T	GCTAG	ok
Curlcake2	1967	1968	+	0.945	prob	8030	8030	T	AGTAT	ok
Curlcake2	1969	1970	+	0.935	prob	8029	8029	T	TATAT	ok
Curlcake2	1971	1972	+	0.975	prob	8030	8030	T	TATGA	ok
Curlcake2	1977	1978	+	0.965	prob	8024	8024	T	GGTTA	ok
Curlcake2	1978	1979	+	0.96	prob	8023	8023	T	GTTAA	ok
Curlcake2	1985	1986	+	0.89	prob	8015	8015	T	GGTTC	ok
Curlcake2	1986	1987	+	0.88	prob	8016	8016	T	GTTCC	ok
Curlcake2	1995	1996	+	0.935	prob	8018	8018	T	ACTGC	ok
Curlcake2	2002	2003	+	0.975	prob	8020	8020	T	AGTCA	ok
Curlcake2	2006	2007	+	0.935	prob	8022	8022	T	AATTC	ok
Curlcake2	2007	2008	+	0.945	prob	8022	8022	T	ATTCC	ok
Curlcake2	2010	2011	+	0.965	prob	8018	8018	T	CCTCC	ok
Curlcake2	2013	2014	+	0.965	prob	8017	8017	T	CCTAT	ok
Curlcake2	2016	2017	+	0.88	prob	8016	8016	T	ATTTT	ok
Curlcake2	2017	2018	+	0.905	prob	8017	8017	T	TTTTT	ok
Curlcake2	2018	2019	+	0.96	prob	8016	8016	T	TTTTC	ok
Curlcake2	2019	2020	+	0.97	prob	8015	8015	T	TTTCA	ok
Curlcake2	2028	2029	+	0.955	prob	8019	8019	T	GCTGA	ok
Curlcake2	2042	2043	+	0.99	prob	8028	8028	T	CCTGG	ok
Curlcake2	2045	2046	+	0.995	prob	8025	8025	T	GGTTT	ok
Curlcake2	2046	2047	+	0.965	prob	8026	8026	T	GTTTG	ok
Curlcake2	2047	2048	+	0.98	prob	8027	8027	T	TTTGT	ok
Curlcake2	2049	2050	+	0.975	prob	8025	8025	T	TGTAG	ok
Curlcake2	2053	2054	+	0.98	prob	8027	8027	T	GATGG	ok
Curlcake2	2056	2057	+	0.965	prob	8027	8027	T	GGTCG	ok
Curlcake2	2061	2062	+	0.955	prob	8029	8029	T	ACTAG	ok
Curlcake2	2065	2066	+	0.99	prob	8030	8030	T	GCTTT	ok
Curlcake2	2066	2067	+	0.995	prob	8031	8031	T	CTTTT	ok
Curlcake2	2067	2068	+	0.985	prob	8031	8031	T	TTTTA	ok
Curlcake2	2068	2069	+	0.94	prob	8031	8031	T	TTTAA	ok
Curlcake2	2073	2074	+	0.975	prob	8031	8031	T	ACTGA	ok
Curlcake2	2078	2079	+	0.97	prob	8033	8033	T	ACTAC	ok
Curlcake2	2085	2086	+	0.92	prob	8038	8038	T	GCTAG	ok
Curlcake2	2092	2093	+	0.96	prob	8044	8044	T	GGTTT	ok
Curlcake2	2093	2094	+	0.96	prob	8045	8045	T	GTTTA	ok
Curlcake2	2094	2095	+	0.945	prob	8045	8045	T	TTTAG	ok
Curlcake2	2099	2100	+	0.98	prob	8045	8045	T	CGTAC	ok
Curlcake2	2104	2105	+	0.94	prob	8045	8045	T	GATAA	ok
Curlcake2	2108	2109	+	0.92	prob	8048	8048	T	AATTT	ok
Curlcake2	2109	2110	+	0.95	prob	8048	8048	T	ATTTC	ok
Curlcake2	2110	2111	+	0.98	prob	8046	8046	T	TTTCG	ok
Curlcake2	2114	2115	+	0.93	prob	8045	8045	T	GATTC	ok
Curlcake2	2115	2116	+	0.945	prob	8046	8046	T	ATTCC	ok
Curlcake2	2120	2121	+	0.865	prob	8052	8052	T	GGTTT	ok
Curlcake2	2121	2122	+	0.915	prob	8052	8052	T	GTTTC	ok
Curlcake2	2122	2123	+	0.95	prob	8053	8053	T	TTTCT	ok
Curlcake2	2124	2125	+	0.96	prob	8053	8053	T	TCTCA	ok
Curlcake2	2129	2130	+	0.955	prob	8053	8053	T	AGTTG	ok
Curlcake2	2130	2131	+	0.99	prob	8054	8054	T	GTTGA	ok
Curlcake2	2135	2136	+	0.865	prob	8056	8056	T	GCTCC	ok
Curlcake2	2140	2141	+	0.975	prob	8056	8056	T	CCTGA	ok
Curlcake2	2146	2147	+	0.945	prob	8064	8064	T	AGTGG	ok
Curlcake2	2149	2150	+	0.96	prob	8062	8062	T	GGTGC	ok
Curlcake2	2153	2154	+	0.91	prob	8063	8063	T	CCTCG	ok
Curlcake2	2164	2165	+	0.94	prob	8063	8063	T	AATAC	ok
Curlcake2	2172	2173	+	0.965	prob	8060	8060	T	AATCT	ok
Curlcake2	2174	2175	+	0.995	prob	8062	8062	T	TCTGT	ok
Curlcake2	2176	2177	+	0.99	prob	8061	8061	T	TGTGA	ok
Curlcake2	2179	2180	+	0.94	prob	8061	8061	T	GATTA	ok
Curlcake2	2180	2181	+	0.975	prob	8061	8061	T	ATTAC	ok
Curlcake2	2187	2188	+	0.96	prob	7941	7941	T	GGTCC	ok
Curlcake2	2207	2208	+	0.88	prob	8000	8000	T	CATGC	ok
Curlcake2	2210	2211	+	0.92	prob	8001	8001	T	GCTAG	ok
Curlcake2	2213	2214	+	0.955	prob	7999	7999	T	AGTAA	ok
Curlcake2	2218	2219	+	0.985	prob	8001	8001	T	GATTA	ok
Curlcake2	2219	2220	+	0.99	prob	8002	8002	T	ATTAA	ok
Curlcake2	2223	2224	+	0.915	prob	8001	8001	T	AATAT	ok
Curlcake2	2225	2226	+	0.93	prob	8002	8002	T	TATAT	ok
Curlcake2	2227	2228	+	0.92	prob	8004	8004	T	TATCA	ok
Curlcake2	2253	2254	+	0.955	prob	8004	8004	T	CCTTC	ok
Curlcake2	2254	2255	+	0.885	prob	8005	8005	T	CTTCC	ok
Curlcake2	2261	2262	+	0.905	prob	8008	8008	T	AGTAA	ok
Curlcake2	2269	2270	+	0.975	prob	8004	8004	T	CGTTT	ok
Curlcake2	2270	2271	+	0.96	prob	8005	8005	T	GTTTC	ok
Curlcake2	2271	2272	+	0.98	prob	8006	8006	T	TTTCA	ok
Curlcake2	2281	2282	+	0.9	prob	8007	8007	T	ACTTC	ok
Curlcake2	2282	2283	+	0.98	prob	8004	8004	T	CTTCG	ok
Curlcake2	2286	2287	+	0.78	prob	8004	8004	T	GCTTT	ok
Curlcake2	2287	2288	+	0.92	prob	8005	8005	T	CTTTA	ok
Curlcake2	2288	2289	+	0.89	prob	8006	8006	T	TTTAG	ok
Curlcake2	2291	2292	+	0.9	prob	8006	8006	T	AGTAC	ok
Curlcake2	2298	2299	+	0.875	prob	8009	8009	T	AGTCG	ok
Curlcake2	2301	2302	+	0.92	prob	8010	8010	T	CGTCG	ok
Curlcake2	2304	2305	+	0.955	prob	8010	8010	T	CGTAC	ok
Curlcake2	2307	2308	+	0.9	prob	8013	8013	T	ACTTC	ok
Curlcake2	2308	2309	+	0.985	prob	8013	8013	T	CTTCT	ok
Curlcake2	2310	2311	+	0.95	prob	8013	8013	T	TCTGA	ok
Curlcake2	2316	2317	+	0.875	prob	8014	8014	T	AATAG	ok
Curlcake2	2321	2322	+	0.925	prob	8015	8015	T	AGTAG	ok
Curlcake2	2329	2330	+	0.88	prob	8015	8015	T	AATCG	ok
Curlcake2	2335	2336	+	0.92	prob	8010	8010	T	AATCC	ok
Curlcake2	2348	2349	+	0.94	prob	8016	8016	T	CGTGC	ok
Curlcake2	2358	2359	+	0.88	prob	8020	8020	T	GCTAC	ok
Curlcake2	2371	2372	+	0.66	prob	8028	8028	T	AATGG	ok
Curlcake2	2375	2376	+	0.76	prob	8028	8028	T	GGTGG	ok
Curlcake2	2389	2390	+	0.795	prob	8030	8030	T	ACTTG	ok
Curlcake2	2390	2391	+	0.815	prob	8030	8030	T	CTTGA	ok
Curlcake2	2399	2400	+	0.915	prob	8030	8030	T	CATGT	ok
Curlcake2	2401	2402	+	0.83	prob	8031	8031	T	TGTTA	ok
Curlcake2	2402	2403	+	0.77	prob	8031	8031	T	GTTAT	ok
Curlcake2	2404	2405	+	0.845	prob	8028	8028	T	TATCG	ok
Curlcake2	2408	2409	+	0.865	prob	8020	8020	T	GCTAT	ok
Curlcake2	2410	2411	+	0.825	prob	8019	8019	T	TATGA	ok
Curlcake2	2414	2415	+	0.84	prob	8019	8019	T	AGTAC	ok
Curlcake2	2423	2424	+	0.895	prob	8011	8011	T	GATGA	ok
Curlcake2	2431	2432	+	0.895	prob	7999	7999	T	GATGA	ok
Curlcake2	2436	2437	+	0.895	prob	7983	7983	T	CATAC	ok
Curlcake2	2439	2440	+	0.895	prob	7979	7979	T	ACTTA	ok
Curlcake2	2440	2441	+	0.89	prob	7978	7978	T	CTTAA	ok
Curlcake2	2443	2444	+	0.82	prob	7975	7975	T	AATTG	ok
Curlcake2	2444	2445	+	0.83	prob	7974	7974	T	ATTGA	ok
Curlcake2	2448	2449	+	0.785	prob	7973	7973	T	AGTGG	ok
Curlcake2	2452	2453	+	0.825	prob	7966	7966	T	GGTTG	ok
Curlcake2	2453	2454	+	0.89	prob	7964	7964	T	GTTGA	ok
Curlcake2	2463	2464	+	0.865	prob	7941	7941	T	CATGG	ok
Curlcake2	2466	2467	+	0.84	prob	7929	7929	T	GGTAG	ok
Curlcake2	2470	2471	+	0.765	prob	7907	7907	T	GGTCA	ok
Curlcake2	2473	2474	+	0.955	prob	7853	7853	T	CATAG	ok
Curlcake2	2481	2482	+	0.94	prob	7782	7782	T	AATTC	ok
Curlcake2	2482	2483	+	0.94	prob	7735	7735	T	ATTCT	ok
Curlcake2	2484	2485	+	0.96	prob	7650	7650	T	TCTAA	ok
Curlcake2	2487	2488	+	0.925	prob	7516	7516	T	AATTG	ok
Curlcake2	2488	2489	+	0.91	prob	7496	7496	T	ATTGG	ok
Curlcake3	38	39	+	0.86	prob	8004	8004	T	AGTTA	ok
Curlcake3	39	40	+	0.905	prob	8005	8005	T	GTTAG	ok
Curlcake3	42	43	+	0.955	prob	8008	8008	T	AGTGG	ok
Curlcake3	48	49	+	0.965	prob	8014	8014	T	GCTGG	ok
Curlcake3	53	54	+	0.93	prob	8019	8019	T	CATGT	ok
Curlcake3	55	56	+	0.94	prob	8020	8020	T	TGTGG	ok
Curlcake3	58	59	+	0.92	prob	8023	8023	T	GGTAA	ok
Curlcake3	70	71	+	0.91	prob	8034	8034	T	GGTCG	ok
Curlcake3	73	74	+	0.95	prob	8036	8036	T	CGTGA	ok
Curlcake3	76	77	+	0.97	prob	8039	8039	T	GATGA	ok
Curlcake3	79	80	+	0.885	prob	8042	8042	T	GATGC	ok
Curlcake3	83	84	+	0.9	prob	8045	8045	T	CGTTC	ok
Curlcake3	84	85	+	0.95	prob	8046	8046	T	GTTCT	ok
Curlcake3	86	87	+	0.9	prob	8048	8048	T	TCTCT	ok
Curlcake3	88	89	+	0.805	prob	8050	8050	T	TCTTC	ok
Curlcake3	89	90	+	0.86	prob	8051	8051	T	CTTCC	ok
Curlcake3	95	96	+	0.875	prob	8056	8056	T	AATTT	ok
Curlcake3	96	97	+	0.905	prob	8057	8057	T	ATTTG	ok
Curlcake3	97	98	+	0.825	prob	8058	8058	T	TTTGT	ok
Curlcake3	99	100	+	0.885	prob	8059	8059	T	TGTCC	ok
Curlcake3	102	103	+	0.88	prob	8061	8061	T	CCTCA	ok
Curlcake3	105	106	+	0.82	prob	8064	8064	T	CATAC	ok
Curlcake3	117	118	+	0.93	prob	8076	8076	T	GCTAA	ok
Curlcake3	122	123	+	0.935	prob	8077	8077	T	CCTTA	ok
Curlcake3	123	124	+	0.895	prob	8078	8078	T	CTTAT	ok
Curlcake3	125	126	+	0.93	prob	8078	8078	T	TATTT	ok
Curlcake3	126	127	+	0.76	prob	8079	8079	T	ATTTC	ok
Curlcake3	127	128	+	0.885	prob	8080	8080	T	TTTCC	ok
Curlcake3	132	133	+	0.895	prob	8084	8084	T	AGTCT	ok
Curlcake3	134	135	+	0.88	prob	8085	8085	T	TCTTA	ok
Curlcake3	135	136	+	0.85	prob	8086	8086	T	CTTAA	ok
Curlcake3	145	146	+	0.89	prob	8088	8088	T	ACTCG	ok
Curlcake3	158	159	+	0.875	prob	8088	8088	T	CATCG	ok
Curlcake3	161	162	+	0.93	prob	8084	8084	T	CGTTG	ok
Curlcake3	162	163	+	0.925	prob	8084	8084	T	GTTGC	ok
Curlcake3	169	170	+	0.765	prob	8076	8076	T	ACTAG	ok
Curlcake3	173	174	+	0.915	prob	8074	8074	T	GATTG	ok
Curlcake3	174	175	+	0.92	prob	8071	8071	T	ATTGA	ok
Curlcake3	177	178	+	0.815	prob	8065	8065	T	GATTC	ok
Curlcake3	178	179	+	0.89	prob	8066	8066	T	ATTCA	ok
Curlcake3	182	183	+	0.875	prob	8058	8058	T	AATGC	ok
Curlcake3	202	203	+	0.86	prob	7986	7986	T	GATAA	ok
Curlcake3	208	209	+	0.945	prob	7991	7991	T	AGTGT	ok
Curlcake3	210	211	+	0.86	prob	7986	7986	T	TGTCT	ok
Curlcake3	212	213	+	0.81	prob	7992	7992	T	TCTTT	ok
Curlcake3	213	214	+	0.945	prob	7992	7992	T	CTTTC	ok
Curlcake3	214	215	+	0.955	prob	7986	7986	T	TTTCT	ok
Curlcake3	216	217	+	0.91	prob	7985	7985	T	TCTAT	ok
Curlcake3	218	219	+	0.97	prob	7993	7993	T	TATAT	ok
Curlcake3	220	221	+	0.87	prob	7986	7986	T	TATTG	ok
Curlcake3	221	222	+	0.88	prob	7990	7990	T	ATTGC	ok
Curlcake3	225	226	+	0.805	prob	7995	7995	T	CATCA	ok
Curlcake3	228	229	+	0.885	prob	7987	7987	T	CATGC	ok
Curlcake3	233	234	+	0.71	prob	7985	7985	T	CGTCT	ok
Curlcake3	235	236	+	0.75	prob	7991	7991	T	TCTTC	ok
Curlcake3	236	237	+	0.9	prob	7990	7990	T	CTTCG	ok
Curlcake3	241	242	+	0.955	prob	7983	7983	T	AATGA	ok
Curlcake3	244	245	+	0.89	prob	7934	7934	T	GATCG	ok
Curlcake3	249	250	+	0.75	prob	7937	7937	T	GCTAA	ok
Curlcake3	252	253	+	0.82	prob	7979	7979	T	AATCT	ok
Curlcake3	254	255	+	0.8	prob	7984	7984	T	TCTAC	ok
Curlcake3	260	261	+	0.69	prob	7984	7984	T	CATAG	ok
Curlcake3	276	277	+	0.93	prob	7981	7981	T	AGTTG	ok
Curlcake3	277	278	+	0.905	prob	7973	7973	T	GTTGT	ok
Curlcake3	279	280	+	0.845	prob	7979	7979	T	TGTCT	ok
Curlcake3	281	282	+	0.93	prob	7982	7982	T	TCTCT	ok
Curlcake3	283	284	+	0.905	prob	7977	7977	T	TCTCT	ok
Curlcake3	285	286	+	0.925	prob	7984	7984	T	TCTGC	ok
Curlcake3	295	296	+	0.88	prob	7934	7934	T	GATTA	ok
Curlcake3	296	297	+	0.92	prob	7944	7944	T	ATTAT	ok
Curlcake3	298	299	+	0.895	prob	7948	7948	T	TATGT	ok
Curlcake3	300	301	+	0.79	prob	7981	7981	T	TGTAG	ok
Curlcake3	306	307	+	0.915	prob	7987	7987	T	GCTCT	ok
Curlcake3	308	309	+	0.895	prob	7982	7982	T	TCTCG	ok
Curlcake3	317	318	+	0.765	prob	7952	7952	T	GATCA	ok
Curlcake3	321	322	+	0.775	prob	7972	7972	T	ACTTA	ok
Curlcake3	322	323	+	0.83	prob	7984	7984	T	CTTAT	ok
Curlcake3	324	325	+	0.86	prob	7988	7988	T	TATCT	ok
Curlcake3	326	327	+	0.895	prob	7975	7975	T	TCTGA	ok
Curlcake3	338	339	+	0.84	prob	7986	7986	T	AGTTC	ok
Curlcake3	339	340	+	0.88	prob	7982	7982	T	GTTCC	ok
Curlcake3	343	344	+	0.765	prob	7979	7979	T	CATAA	ok
Curlcake3	346	347	+	0.93	prob	7975	7975	T	AATTT	ok
Curlcake3	347	348	+	0.91	prob	7975	7975	T	ATTTT	ok
Curlcake3	348	349	+	0.865	prob	7964	7964	T	TTTTA	ok
Curlcake3	349	350	+	0.82	prob	7951	7951	T	TTTAG	ok
Curlcake3	354	355	+	0.875	prob	7988	7988	T	GATTC	ok
Curlcake3	355	356	+	0.785	prob	7989	7989	T	ATTCG	ok
Curlcake3	364	365	+	0.775	prob	7980	7980	T	AATTG	ok
Curlcake3	365	366	+	0.845	prob	7974	7974	T	ATTGG	ok
Curlcake3	368	369	+	0.62	prob	7940	7940	T	GGTAC	ok
Curlcake3	379	380	+	0.935	prob	7983	7983	T	GGTTT	ok
Curlcake3	380	381	+	0.92	prob	7980	7980	T	GTTTT	ok
Curlcake3	381	382	+	0.935	prob	7983	7983	T	TTTTG	ok
Curlcake3	382	383	+	0.945	prob	7969	7969	T	TTTGA	ok
Curlcake3	386	387	+	0.94	prob	7950	7950	T	AATGT	ok
Curlcake3	388	389	+	0.93	prob	7940	7940	T	TGTAA	ok
Curlcake3	392	393	+	0.91	prob	7960	7960	T	ACTGT	ok
Curlcake3	394	395	+	0.875	prob	7979	7979	T	TGTCC	ok
Curlcake3	401	402	+	0.885	prob	7974	7974	T	ACTGG	ok
Curlcake3	404	405	+	0.875	prob	7963	7963	T	GGTGG	ok
Curlcake3	409	410	+	0.84	prob	7976	7976	T	AGTGA	ok
Curlcake3	413	414	+	0.92	prob	7966	7966	T	AGTTG	ok
Curlcake3	414	415	+	0.945	prob	7949	7949	T	GTTGC	ok
Curlcake3	418	419	+	0.82	prob	7929	7929	T	CGTCA	ok
Curlcake3	422	423	+	0.765	prob	7932	7932	T	AGTCG	ok
Curlcake3	441	442	+	0.91	prob	7932	7932	T	CCTTT	ok
Curlcake3	442	443	+	0.925	prob	7961	7961	T	CTTTT	ok
Curlcake3	443	444	+	0.91	prob	7947	7947	T	TTTTT	ok
Curlcake3	444	445	+	0.925	prob	7934	7934	T	TTTTG	ok
Curlcake3	445	446	+	0.89	prob	7900	7900	T	TTTGT	ok
Curlcake3	447	448	+	0.705	prob	7823	7823	T	TGTTT	ok
Curlcake3	448	449	+	0.855	prob	7800	7800	T	GTTTC	ok
Curlcake3	449	450	+	0.825	prob	7793	7793	T	TTTCC	ok
Curlcake3	452	453	+	0.815	prob	7757	7757	T	CCTTT	ok
Curlcake3	453	454	+	0.915	prob	7768	7768	T	CTTTA	ok
Curlcake3	454	455	+	0.52	prob	7824	7824	T	TTTAA	ok
Curlcake3	462	463	+	0.715	prob	7981	7981	T	CGTCT	ok
Curlcake3	464	465	+	0.855	prob	7955	7955	T	TCTAC	ok
Curlcake3	467	468	+	0.9	prob	7941	7941	T	ACTAT	ok
Curlcake3	469	470	+	0.725	prob	7969	7969	T	TATGG	ok
Curlcake3	474	475	+	0.88	prob	7929	7929	T	CGTGA	ok
Curlcake3	481	482	+	0.78	prob	7971	7971	T	CCTTA	ok
Curlcake3	482	483	+	0.81	prob	7968	7968	T	CTTAG	ok
Curlcake3	487	488	+	0.775	prob	7959	7959	T	CCTAA	ok
Curlcake3	494	495	+	0.895	prob	7973	7973	T	CATGC	ok
Curlcake3	502	503	+	0.825	prob	7968	7968	T	CATGT	ok
Curlcake3	504	505	+	0.8	prob	7975	7975	T	TGTCA	ok
Curlcake3	511	512	+	0.945	prob	7975	7975	T	GCTCT	ok
Curlcake3	513	514	+	0.795	prob	7974	7974	T	TCTTG	ok
Curlcake3	514	515	+	0.89	prob	7969	7969	T	CTTGT	ok
Curlcake3	516	517	+	0.93	prob	7973	7973	T	TGTGT	ok
Curlcake3	518	519	+	0.74	prob	7961	7961	T	TGTGG	ok
Curlcake3	536	537	+	0.91	prob	7971	7971	T	CCTCT	ok
Curlcake3	538	539	+	0.905	prob	7966	7966	T	TCTAC	ok
Curlcake3	544	545	+	0.84	prob	7965	7965	T	CCTTA	ok
Curlcake3	545	546	+	0.81	prob	7969	7969	T	CTTAC	ok
Curlcake3	553	554	+	0.9	prob	7976	7976	T	AGTTC	ok
Curlcake3	554	555	+	0.87	prob	7971	7971	T	GTTCA	ok
Curlcake3	561	562	+	0.88	prob	7975	7975	T	CGTAC	ok
Curlcake3	565	566	+	0.88	prob	7972	7972	T	CATAA	ok
Curlcake3	572	573	+	0.935	prob	7972	7972	T	GCTGG	ok
Curlcake3	581	582	+	0.925	prob	7979	7979	T	GGTAC	ok
Curlcake3	585	586	+	0.87	prob	7978	7978	T	CCTAT	ok
Curlcake3	587	588	+	0.89	prob	7978	7978	T	TATGT	ok
Curlcake3	589	590	+	0.9	prob	7983	7983	T	TGTTT	ok
Curlcake3	590	591	+	0.805	prob	7979	7979	T	GTTTA	ok
Curlcake3	591	592	+	0.78	prob	7975	7975	T	TTTAA	ok
Curlcake3	595	596	+	0.93	prob	7976	7976	T	AGTAG	ok
Curlcake3	598	599	+	0.9	prob	7981	7981	T	AGTAG	ok
Curlcake3	602	603	+	0.915	prob	7984	7984	T	GCTAT	ok
Curlcake3	604	605	+	0.95	prob	7972	7972	T	TATCC	ok
Curlcake3	612	613	+	0.84	prob	7982	7982	T	ACTTT	ok
Curlcake3	613	614	+	0.865	prob	7980	7980	T	CTTTC	ok
Curlcake3	614	615	+	0.94	prob	7974	7974	T	TTTCG	ok
Curlcake3	619	620	+	0.89	prob	7984	7984	T	CCTGT	ok
Curlcake3	621	622	+	0.93	prob	7979	7979	T	TGTGC	ok
Curlcake3	631	632	+	0.92	prob	7969	7969	T	CATTG	ok
Curlcake3	632	633	+	0.955	prob	7970	7970	T	ATTGA	ok
Curlcake3	638	639	+	0.89	prob	7975	7975	T	ACTTG	ok
Curlcake3	639	640	+	0.885	prob	7977	7977	T	CTTGT	ok
Curlcake3	641	642	+	0.855	prob	7978	7978	T	TGTCG	ok
Curlcake3	647	648	+	0.87	prob	7977	7977	T	ACTTC	ok
Curlcake3	648	649	+	0.895	prob	7973	7973	T	CTTCA	ok
Curlcake3	653	654	+	0.66	prob	7982	7982	T	GATAA	ok
Curlcake3	661	662	+	0.86	prob	7977	7977	T	CGTGG	ok
Curlcake3	667	668	+	0.92	prob	7972	7972	T	AGTGC	ok
Curlcake3	677	678	+	0.925	prob	7979	7979	T	ACTGG	ok
Curlcake3	684	685	+	0.71	prob	7983	7983	T	ACTGC	ok
Curlcake3	693	694	+	0.945	prob	7981	7981	T	ACTCA	ok
Curlcake3	699	700	+	0.955	prob	7982	7982	T	CATTG	ok
Curlcake3	700	701	+	0.945	prob	7978	7978	T	ATTGT	ok
Curlcake3	702	703	+	0.93	prob	7983	7983	T	TGTTG	ok
Curlcake3	703	704	+	0.85	prob	7985	7985	T	GTTGT	ok
Curlcake3	705	706	+	0.825	prob	7986	7986	T	TGTAC	ok
Curlcake3	708	709	+	0.91	prob	7979	7979	T	ACTGC	ok
Curlcake3	714	715	+	0.81	prob	7984	7984	T	CGTAC	ok
Curlcake3	720	721	+	0.955	prob	7980	7980	T	AATGA	ok
Curlcake3	727	728	+	0.93	prob	7977	7977	T	CGTGA	ok
Curlcake3	733	734	+	0.915	prob	7981	7981	T	AGTAC	ok
Curlcake3	738	739	+	0.88	prob	7981	7981	T	AGTCC	ok
Curlcake3	741	742	+	0.82	prob	7985	7985	T	CCTGG	ok
Curlcake3	745	746	+	0.915	prob	7981	7981	T	GGTCA	ok
Curlcake3	757	758	+	0.95	prob	7983	7983	T	GCTTG	ok
Curlcake3	758	759	+	0.975	prob	7985	7985	T	CTTGT	ok
Curlcake3	760	761	+	0.785	prob	7980	7980	T	TGTAA	ok
Curlcake3	779	780	+	0.815	prob	7979	7979	T	GATCG	ok
Curlcake3	784	785	+	0.9	prob	7975	7975	T	AGTTC	ok
Curlcake3	785	786	+	0.89	prob	7972	7972	T	GTTCT	ok
Curlcake3	787	788	+	0.9	prob	7970	7970	T	TCTTG	ok
Curlcake3	788	789	+	0.92	prob	7975	7975	T	CTTGA	ok
Curlcake3	791	792	+	0.83	prob	7972	7972	T	GATAA	ok
Curlcake3	794	795	+	0.85	prob	7973	7973	T	AATAC	ok
Curlcake3	797	798	+	0.95	prob	7976	7976	T	ACTGT	ok
Curlcake3	799	800	+	0.74	prob	7971	7971	T	TGTGT	ok
Curlcake3	801	802	+	0.835	prob	7972	7972	T	TGTTC	ok
Curlcake3	802	803	+	0.885	prob	7971	7971	T	GTTCT	ok
Curlcake3	804	805	+	0.845	prob	7970	7970	T	TCTAG	ok
Curlcake3	810	811	+	0.925	prob	7977	7977	T	GGTGT	ok
Curlcake3	812	813	+	0.84	prob	7966	7966	T	TGTAT	ok
Curlcake3	814	815	+	0.945	prob	7966	7966	T	TATCT	ok
Curlcake3	816	817	+	0.93	prob	7962	7962	T	TCTTC	ok
Curlcake3	817	818	+	0.91	prob	7964	7964	T	CTTCA	ok
Curlcake3	831	832	+	0.89	prob	7959	7959	T	CATCC	ok
Curlcake3	836	837	+	0.885	prob	7953	7953	T	AATAG	ok
Curlcake3	846	847	+	0.785	prob	7961	7961	T	GCTTG	ok
Curlcake3	847	848	+	0.95	prob	7957	7957	T	CTTGC	ok
Curlcake3	850	851	+	0.78	prob	7960	7960	T	GCTTA	ok
Curlcake3	851	852	+	0.93	prob	7958	7958	T	CTTAT	ok
Curlcake3	853	854	+	0.92	prob	7959	7959	T	TATGA	ok
Curlcake3	857	858	+	0.9	prob	7963	7963	T	ACTCA	ok
Curlcake3	861	862	+	0.94	prob	7970	7970	T	AGTAC	ok
Curlcake3	864	865	+	0.83	prob	7966	7966	T	ACTCC	ok
Curlcake3	873	874	+	0.725	prob	7959	7959	T	GATCT	ok
Curlcake3	875	876	+	0.76	prob	7958	7958	T	TCTGG	ok
Curlcake3	882	883	+	0.775	prob	7966	7966	T	CCTAC	ok
Curlcake3	886	887	+	0.835	prob	7970	7970	T	CATGG	ok
Curlcake3	890	891	+	0.875	prob	7971	7971	T	GATGT	ok
Curlcake3	892	893	+	0.865	prob	7970	7970	T	TGTGA	ok
Curlcake3	896	897	+	0.775	prob	7969	7969	T	ACTTC	ok
Curlcake3	897	898	+	0.905	prob	7968	7968	T	CTTCC	ok
Curlcake3	900	901	+	0.81	prob	7967	7967	T	CCTAG	ok
Curlcake3	907	908	+	0.895	prob	7965	7965	T	CGTGT	ok
Curlcake3	909	910	+	0.905	prob	7966	7966	T	TGTCC	ok
Curlcake3	921	922	+	0.91	prob	7967	7967	T	GGTTA	ok
Curlcake3	922	923	+	0.815	prob	7967	7967	T	GTTAG	ok
Curlcake3	929	930	+	0.83	prob	7982	7982	T	CATTA	ok
Curlcake3	930	931	+	0.795	prob	7982	7982	T	ATTAG	ok
Curlcake3	940	941	+	0.925	prob	7987	7987	T	ACTCG	ok
Curlcake3	943	944	+	0.81	prob	7986	7986	T	CGTGC	ok
Curlcake3	952	953	+	0.88	prob	7987	7987	T	GATTT	ok
Curlcake3	953	954	+	0.87	prob	7982	7982	T	ATTTG	ok
Curlcake3	954	955	+	0.815	prob	7982	7982	T	TTTGC	ok
Curlcake3	959	960	+	0.81	prob	7983	7983	T	AGTCA	ok
Curlcake3	964	965	+	0.885	prob	7983	7983	T	CATCT	ok
Curlcake3	966	967	+	0.935	prob	7982	7982	T	TCTGC	ok
Curlcake3	969	970	+	0.885	prob	7983	7983	T	GCTTG	ok
Curlcake3	970	971	+	0.94	prob	7984	7984	T	CTTGG	ok
Curlcake3	973	974	+	0.965	prob	7983	7983	T	GGTTA	ok
Curlcake3	974	975	+	0.95	prob	7982	7982	T	GTTAT	ok
Curlcake3	976	977	+	0.615	prob	7982	7982	T	TATTC	ok
Curlcake3	977	978	+	0.855	prob	7980	7980	T	ATTCG	ok
Curlcake3	986	987	+	0.925	prob	7982	7982	T	AGTTT	ok
Curlcake3	987	988	+	0.84	prob	7982	7982	T	GTTTA	ok
Curlcake3	988	989	+	0.84	prob	7982	7982	T	TTTAC	ok
Curlcake3	991	992	+	0.83	prob	7982	7982	T	ACTCA	ok
Curlcake3	997	998	+	0.87	prob	7978	7978	T	GGTTC	ok
Curlcake3	998	999	+	0.83	prob	7977	7977	T	GTTCT	ok
Curlcake3	1000	1001	+	0.94	prob	7981	7981	T	TCTGC	ok
Curlcake3	1006	1007	+	0.865	prob	7981	7981	T	GATAG	ok
Curlcake3	1009	1010	+	0.9	prob	7982	7982	T	AGTCG	ok
Curlcake3	1013	1014	+	0.83	prob	7982	7982	T	GGTTG	ok
Curlcake3	1014	1015	+	0.845	prob	7980	7980	T	GTTGC	ok
Curlcake3	1019	1020	+	0.92	prob	7980	7980	T	CATCT	ok
Curlcake3	1021	1022	+	0.835	prob	7979	7979	T	TCTAT	ok
Curlcake3	1023	1024	+	0.925	prob	7980	7980	T	TATCG	ok
Curlcake3	1026	1027	+	0.885	prob	7971	7971	T	CGTCA	ok
Curlcake3	1029	1030	+	0.9	prob	7973	7973	T	CATCT	ok
Curlcake3	1031	1032	+	0.93	prob	7974	7974	T	TCTCC	ok
Curlcake3	1042	1043	+	0.795	prob	7978	7978	T	GATTG	ok
Curlcake3	1043	1044	+	0.855	prob	7975	7975	T	ATTGC	ok
Curlcake3	1050	1051	+	0.795	prob	7976	7976	T	CATTC	ok
Curlcake3	1051	1052	+	0.935	prob	7976	7976	T	ATTCG	ok
Curlcake3	1054	1055	+	0.85	prob	7977	7977	T	CGTCC	ok
Curlcake3	1059	1060	+	0.93	prob	7975	7975	T	CATTT	ok
Curlcake3	1060	1061	+	0.95	prob	7973	7973	T	ATTTG	ok
Curlcake3	1061	1062	+	0.81	prob	7975	7975	T	TTTGG	ok
Curlcake3	1067	1068	+	0.89	prob	7970	7970	T	CGTTG	ok
Curlcake3	1068	1069	+	0.945	prob	7968	7968	T	GTTGA	ok
Curlcake3	1071	1072	+	0.88	prob	7974	7974	T	GATGG	ok
Curlcake3	1081	1082	+	0.9	prob	7983	7983	T	CATCG	ok
Curlcake3	1086	1087	+	0.85	prob	7978	7978	T	CATGG	ok
Curlcake3	1090	1091	+	0.925	prob	7979	7979	T	GCTGC	ok
Curlcake3	1096	1097	+	0.92	prob	7980	7980	T	GCTTA	ok
Curlcake3	1097	1098	+	0.805	prob	7975	7975	T	CTTAA	ok
Curlcake3	1113	1114	+	0.91	prob	7983	7983	T	GATGA	ok
Curlcake3	1116	1117	+	0.955	prob	7983	7983	T	GATGC	ok
Curlcake3	1121	1122	+	0.905	prob	7984	7984	T	CGTAG	ok
Curlcake3	1126	1127	+	0.925	prob	7988	7988	T	GCTGT	ok
Curlcake3	1128	1129	+	0.955	prob	7989	7989	T	TGTAG	ok
Curlcake3	1133	1134	+	0.925	prob	7992	7992	T	AATGC	ok
Curlcake3	1148	1149	+	0.81	prob	7986	7986	T	GATCG	ok
Curlcake3	1151	1152	+	0.945	prob	7986	7986	T	CGTGA	ok
Curlcake3	1154	1155	+	0.915	prob	7986	7986	T	GATCG	ok
Curlcake3	1158	1159	+	0.92	prob	7989	7989	T	GCTAC	ok
Curlcake3	1164	1165	+	0.83	prob	7984	7984	T	GATCC	ok
Curlcake3	1169	1170	+	0.94	prob	7989	7989	T	AGTCT	ok
Curlcake3	1171	1172	+	0.935	prob	7988	7988	T	TCTTC	ok
Curlcake3	1172	1173	+	0.965	prob	7989	7989	T	CTTCC	ok
Curlcake3	1176	1177	+	0.915	prob	7987	7987	T	CATAG	ok
Curlcake3	1179	1180	+	0.905	prob	7987	7987	T	AGTTG	ok
Curlcake3	1180	1181	+	0.935	prob	7987	7987	T	GTTGG	ok
Curlcake3	1184	1185	+	0.89	prob	7989	7989	T	GATTC	ok
Curlcake3	1185	1186	+	0.955	prob	7987	7987	T	ATTCT	ok
Curlcake3	1187	1188	+	0.94	prob	7988	7988	T	TCTGC	ok
Curlcake3	1190	1191	+	0.925	prob	7987	7987	T	GCTAG	ok
Curlcake3	1193	1194	+	0.945	prob	7988	7988	T	AGTAG	ok
Curlcake3	1196	1197	+	0.94	prob	7988	7988	T	AGTAG	ok
Curlcake3	1201	1202	+	0.945	prob	7986	7986	T	CGTAG	ok
Curlcake3	1208	1209	+	0.775	prob	7989	7989	T	GATAA	ok
Curlcake3	1211	1212	+	0.76	prob	7992	7992	T	AATAT	ok
Curlcake3	1213	1214	+	0.89	prob	7990	7990	T	TATGC	ok
Curlcake3	1222	1223	+	0.9	prob	7989	7989	T	CGTGC	ok
Curlcake3	1229	1230	+	0.95	prob	7988	7988	T	CGTGG	ok
Curlcake3	1235	1236	+	0.895	prob	7990	7990	T	CGTGA	ok
Curlcake3	1241	1242	+	0.86	prob	7988	7988	T	AATCA	ok
Curlcake3	1244	1245	+	0.94	prob	7987	7987	T	CATCG	ok
Curlcake3	1251	1252	+	0.9	prob	7991	7991	T	GATGT	ok
Curlcake3	1253	1254	+	0.95	prob	7989	7989	T	TGTGT	ok
Curlcake3	1255	1256	+	0.925	prob	7987	7987	T	TGTGG	ok
Curlcake3	1259	1260	+	0.91	prob	7986	7986	T	GATCT	ok
Curlcake3	1261	1262	+	0.895	prob	7986	7986	T	TCTAG	ok
Curlcake3	1264	1265	+	0.905	prob	7989	7989	T	AGTTG	ok
Curlcake3	1265	1266	+	0.85	prob	7990	7990	T	GTTGG	ok
Curlcake3	1272	1273	+	0.925	prob	7985	7985	T	CGTTG	ok
Curlcake3	1273	1274	+	0.945	prob	7986	7986	T	GTTGA	ok
Curlcake3	1277	1278	+	0.9	prob	7986	7986	T	ACTCC	ok
Curlcake3	1283	1284	+	0.92	prob	7985	7985	T	GCTTA	ok
Curlcake3	1284	1285	+	0.93	prob	7986	7986	T	CTTAT	ok
Curlcake3	1286	1287	+	0.89	prob	7987	7987	T	TATGA	ok
Curlcake3	1295	1296	+	0.92	prob	7987	7987	T	AATAT	ok
Curlcake3	1297	1298	+	0.88	prob	7988	7988	T	TATTA	ok
Curlcake3	1298	1299	+	0.945	prob	7979	7979	T	ATTAG	ok
Curlcake3	1301	1302	+	0.95	prob	7988	7988	T	AGTAG	ok
Curlcake3	1307	1308	+	0.845	prob	7989	7989	T	AATAA	ok
Curlcake3	1338	1339	+	0.865	prob	7989	7989	T	CCTGC	ok
Curlcake3	1343	1344	+	0.94	prob	7994	7994	T	CGTGG	ok
Curlcake3	1346	1347	+	0.94	prob	7993	7993	T	GGTCG	ok
Curlcake3	1349	1350	+	0.915	prob	7987	7987	T	CGTAT	ok
Curlcake3	1351	1352	+	0.94	prob	7987	7987	T	TATCG	ok
Curlcake3	1356	1357	+	0.87	prob	7988	7988	T	AGTCC	ok
Curlcake3	1365	1366	+	0.9	prob	7991	7991	T	GGTAC	ok
Curlcake3	1372	1373	+	0.945	prob	7989	7989	T	ACTGA	ok
Curlcake3	1376	1377	+	0.935	prob	7988	7988	T	AGTGC	ok
Curlcake3	1381	1382	+	0.91	prob	7988	7988	T	GGTTA	ok
Curlcake3	1382	1383	+	0.845	prob	7989	7989	T	GTTAA	ok
Curlcake3	1389	1390	+	0.8	prob	7994	7994	T	ACTGT	ok
Curlcake3	1391	1392	+	0.91	prob	7994	7994	T	TGTCG	ok
Curlcake3	1394	1395	+	0.88	prob	7996	7996	T	CGTCT	ok
Curlcake3	1396	1397	+	0.935	prob	7997	7997	T	TCTTA	ok
Curlcake3	1397	1398	+	0.77	prob	7995	7995	T	CTTAA	ok
Curlcake3	1405	1406	+	0.9	prob	7989	7989	T	CGTAT	ok
Curlcake3	1407	1408	+	0.865	prob	7991	7991	T	TATCT	ok
Curlcake3	1409	1410	+	0.87	prob	7993	7993	T	TCTCC	ok
Curlcake3	1412	1413	+	0.94	prob	7993	7993	T	CCTCC	ok
Curlcake3	1415	1416	+	0.89	prob	7991	7991	T	CCTAG	ok
Curlcake3	1419	1420	+	0.82	prob	7994	7994	T	GATCC	ok
Curlcake3	1422	1423	+	0.98	prob	7990	7990	T	CCTAT	ok
Curlcake3	1424	1425	+	0.955	prob	7992	7992	T	TATTT	ok
Curlcake3	1425	1426	+	0.97	prob	7988	7988	T	ATTTT	ok
Curlcake3	1426	1427	+	0.985	prob	7991	7991	T	TTTTG	ok
Curlcake3	1427	1428	+	0.97	prob	7988	7988	T	TTTGT	ok
Curlcake3	1429	1430	+	0.925	prob	7988	7988	T	TGTAA	ok
Curlcake3	1433	1434	+	0.93	prob	7985	7985	T	AATTA	ok
Curlcake3	1434	1435	+	0.92	prob	7983	7983	T	ATTAG	ok
Curlcake3	1437	1438	+	0.945	prob	7991	7991	T	AGTGA	ok
Curlcake3	1440	1441	+	0.85	prob	7993	7993	T	GATTG	ok
Curlcake3	1441	1442	+	0.92	prob	7993	7993	T	ATTGC	ok
Curlcake3	1446	1447	+	0.88	prob	7992	7992	T	GCTAC	ok
Curlcake3	1455	1456	+	0.945	prob	7989	7989	T	CCTTA	ok
Curlcake3	1456	1457	+	0.965	prob	7990	7990	T	CTTAC	ok
Curlcake3	1463	1464	+	0.96	prob	7986	7986	T	CCTGA	ok
Curlcake3	1472	1473	+	0.935	prob	7992	7992	T	GGTGT	ok
Curlcake3	1474	1475	+	0.915	prob	7990	7990	T	TGTTA	ok
Curlcake3	1475	1476	+	0.905	prob	7988	7988	T	GTTAG	ok
Curlcake3	1481	1482	+	0.92	prob	7993	7993	T	GATAT	ok
Curlcake3	1483	1484	+	0.88	prob	7992	7992	T	TATGA	ok
Curlcake3	1488	1489	+	0.935	prob	7991	7991	T	GATAA	ok
Curlcake3	1491	1492	+	0.83	prob	7992	7992	T	AATCG	ok
Curlcake3	1497	1498	+	0.85	prob	7994	7994	T	ACTGA	ok
Curlcake3	1500	1501	+	0.905	prob	7995	7995	T	GATCT	ok
Curlcake3	1502	1503	+	0.885	prob	7992	7992	T	TCTCG	ok
Curlcake3	1509	1510	+	0.905	prob	7987	7987	T	CGTCC	ok
Curlcake3	1515	1516	+	0.76	prob	7986	7986	T	GCTAG	ok
Curlcake3	1523	1524	+	0.87	prob	7988	7988	T	GGTTT	ok
Curlcake3	1524	1525	+	0.93	prob	7988	7988	T	GTTTC	ok
Curlcake3	1525	1526	+	0.925	prob	7983	7983	T	TTTCG	ok
Curlcake3	1528	1529	+	0.9	prob	7982	7982	T	CGTAC	ok
Curlcake3	1535	1536	+	0.99	prob	7986	7986	T	GGTTT	ok
Curlcake3	1536	1537	+	0.97	prob	7987	7987	T	GTTTG	ok
Curlcake3	1537	1538	+	0.99	prob	7986	7986	T	TTTGT	ok
Curlcake3	1539	1540	+	0.96	prob	7980	7980	T	TGTTG	ok
Curlcake3	1540	1541	+	0.915	prob	7981	7981	T	GTTGA	ok
Curlcake3	1544	1545	+	0.88	prob	7982	7982	T	ACTTA	ok
Curlcake3	1545	1546	+	0.965	prob	7984	7984	T	CTTAT	ok
Curlcake3	1547	1548	+	0.9	prob	7986	7986	T	TATGT	ok
Curlcake3	1549	1550	+	0.815	prob	7984	7984	T	TGTCC	ok
Curlcake3	1553	1554	+	0.885	prob	7982	7982	T	CATTG	ok
Curlcake3	1554	1555	+	0.965	prob	7977	7977	T	ATTGT	ok
Curlcake3	1556	1557	+	0.97	prob	7977	7977	T	TGTAC	ok
Curlcake3	1559	1560	+	0.865	prob	7977	7977	T	ACTTC	ok
Curlcake3	1560	1561	+	0.975	prob	7974	7974	T	CTTCA	ok
Curlcake3	1567	1568	+	0.87	prob	7987	7987	T	GGTAT	ok
Curlcake3	1569	1570	+	0.865	prob	7987	7987	T	TATCC	ok
Curlcake3	1575	1576	+	0.795	prob	7984	7984	T	ACTAC	ok
Curlcake3	1582	1583	+	0.895	prob	7979	7979	T	CGTAG	ok
Curlcake3	1590	1591	+	0.955	prob	7960	7960	T	CATCT	ok
Curlcake3	1592	1593	+	0.985	prob	7980	7980	T	TCTGT	ok
Curlcake3	1594	1595	+	0.965	prob	7982	7982	T	TGTTT	ok
Curlcake3	1595	1596	+	0.905	prob	7982	7982	T	GTTTG	ok
Curlcake3	1596	1597	+	0.925	prob	7981	7981	T	TTTGG	ok
Curlcake3	1599	1600	+	0.845	prob	7861	7861	T	GGTAT	ok
Curlcake3	1601	1602	+	0.935	prob	7908	7908	T	TATGG	ok
Curlcake3	1606	1607	+	0.96	prob	7315	7315	T	CATCA	ok
Curlcake3	1610	1611	+	0.995	prob	7980	7980	T	ACTTG	ok
Curlcake3	1611	1612	+	0.965	prob	7988	7988	T	CTTGA	ok
Curlcake3	1614	1615	+	0.895	prob	7984	7984	T	GATCC	ok
Curlcake3	1620	1621	+	0.93	prob	7989	7989	T	GCTGG	ok
Curlcake3	1623	1624	+	0.93	prob	7984	7984	T	GGTTC	ok
Curlcake3	1624	1625	+	0.96	prob	7987	7987	T	GTTCT	ok
Curlcake3	1626	1627	+	0.915	prob	7988	7988	T	TCTGG	ok
Curlcake3	1630	1631	+	0.89	prob	7989	7989	T	GGTAT	ok
Curlcake3	1632	1633	+	0.915	prob	7990	7990	T	TATGC	ok
Curlcake3	1635	1636	+	0.95	prob	7989	7989	T	GCTCG	ok
Curlcake3	1640	1641	+	0.9	prob	7993	7993	T	ACTCC	ok
Curlcake3	1647	1648	+	0.92	prob	7997	7997	T	AATGT	ok
Curlcake3	1649	1650	+	0.92	prob	7997	7997	T	TGTTG	ok
Curlcake3	1650	1651	+	0.845	prob	7994	7994	T	GTTGA	ok
Curlcake3	1654	1655	+	0.885	prob	7993	7993	T	ACTGG	ok
Curlcake3	1660	1661	+	0.89	prob	7993	7993	T	AATGA	ok
Curlcake3	1664	1665	+	0.955	prob	7991	7991	T	AATGG	ok
Curlcake3	1667	1668	+	0.89	prob	7988	7988	T	GGTTT	ok
Curlcake3	1668	1669	+	0.885	prob	7991	7991	T	GTTTA	ok
Curlcake3	1669	1670	+	0.885	prob	7990	7990	T	TTTAG	ok
Curlcake3	1672	1673	+	0.92	prob	7988	7988	T	AGTAG	ok
Curlcake3	1676	1677	+	0.86	prob	7990	7990	T	GGTTT	ok
Curlcake3	1677	1678	+	0.85	prob	7991	7991	T	GTTTG	ok
Curlcake3	1678	1679	+	0.9	prob	7991	7991	T	TTTGT	ok
Curlcake3	1680	1681	+	0.9	prob	7991	7991	T	TGTCT	ok
Curlcake3	1682	1683	+	0.935	prob	7989	7989	T	TCTGC	ok
Curlcake3	1694	1695	+	0.905	prob	7992	7992	T	GATGG	ok
Curlcake3	1698	1699	+	0.94	prob	7990	7990	T	GCTTG	ok
Curlcake3	1699	1700	+	0.9	prob	7991	7991	T	CTTGC	ok
Curlcake3	1708	1709	+	0.95	prob	7995	7995	T	ACTGC	ok
Curlcake3	1725	1726	+	0.93	prob	7993	7993	T	AATGT	ok
Curlcake3	1727	1728	+	0.95	prob	7992	7992	T	TGTAC	ok
Curlcake3	1732	1733	+	0.93	prob	7993	7993	T	CGTAG	ok
Curlcake3	1741	1742	+	0.96	prob	7994	7994	T	ACTGA	ok
Curlcake3	1757	1758	+	0.905	prob	7991	7991	T	GATTT	ok
Curlcake3	1758	1759	+	0.905	prob	7992	7992	T	ATTTT	ok
Curlcake3	1759	1760	+	0.935	prob	7992	7992	T	TTTTG	ok
Curlcake3	1760	1761	+	0.885	prob	7992	7992	T	TTTGC	ok
Curlcake3	1763	1764	+	0.915	prob	7991	7991	T	GCTCA	ok
Curlcake3	1767	1768	+	0.96	prob	7992	7992	T	ACTCG	ok
Curlcake3	1770	1771	+	0.92	prob	7990	7990	T	CGTGG	ok
Curlcake3	1774	1775	+	0.91	prob	7993	7993	T	GCTTT	ok
Curlcake3	1775	1776	+	0.965	prob	7993	7993	T	CTTTG	ok
Curlcake3	1776	1777	+	0.975	prob	7992	7992	T	TTTGA	ok
Curlcake3	1780	1781	+	0.85	prob	7989	7989	T	AATTC	ok
Curlcake3	1781	1782	+	0.94	prob	7989	7989	T	ATTCG	ok
Curlcake3	1795	1796	+	0.875	prob	7993	7993	T	GGTAA	ok
Curlcake3	1822	1823	+	0.87	prob	7993	7993	T	CCTGT	ok
Curlcake3	1824	1825	+	0.775	prob	7991	7991	T	TGTCG	ok
Curlcake3	1836	1837	+	0.855	prob	7998	7998	T	GCTGC	ok
Curlcake3	1843	1844	+	0.89	prob	7993	7993	T	ACTAA	ok
Curlcake3	1850	1851	+	0.925	prob	7989	7989	T	GCTCA	ok
Curlcake3	1854	1855	+	0.925	prob	7989	7989	T	ACTTT	ok
Curlcake3	1855	1856	+	0.89	prob	7989	7989	T	CTTTA	ok
Curlcake3	1856	1857	+	0.97	prob	7990	7990	T	TTTAC	ok
Curlcake3	1859	1860	+	0.88	prob	7984	7984	T	ACTTT	ok
Curlcake3	1860	1861	+	0.965	prob	7983	7983	T	CTTTC	ok
Curlcake3	1861	1862	+	0.96	prob	7986	7986	T	TTTCA	ok
Curlcake3	1869	1870	+	0.895	prob	7991	7991	T	ACTCG	ok
Curlcake3	1873	1874	+	0.875	prob	7991	7991	T	GATAA	ok
Curlcake3	1876	1877	+	0.945	prob	7989	7989	T	AATGG	ok
Curlcake3	1879	1880	+	0.925	prob	7988	7988	T	GGTTC	ok
Curlcake3	1880	1881	+	0.93	prob	7987	7987	T	GTTCC	ok
Curlcake3	1884	1885	+	0.92	prob	7990	7990	T	CCTTA	ok
Curlcake3	1885	1886	+	0.905	prob	7990	7990	T	CTTAA	ok
Curlcake3	1891	1892	+	0.875	prob	7995	7995	T	CGTCT	ok
Curlcake3	1893	1894	+	0.81	prob	7992	7992	T	TCTAA	ok
Curlcake3	1897	1898	+	0.925	prob	7986	7986	T	AGTAG	ok
Curlcake3	1904	1905	+	0.955	prob	7991	7991	T	CGTAC	ok
Curlcake3	1909	1910	+	0.93	prob	7996	7996	T	AGTCT	ok
Curlcake3	1911	1912	+	0.94	prob	7996	7996	T	TCTGC	ok
Curlcake3	1918	1919	+	0.94	prob	8000	8000	T	CCTTG	ok
Curlcake3	1919	1920	+	0.925	prob	8001	8001	T	CTTGC	ok
Curlcake3	1922	1923	+	0.935	prob	7997	7997	T	GCTCC	ok
Curlcake3	1927	1928	+	0.92	prob	7998	7998	T	ACTTG	ok
Curlcake3	1928	1929	+	0.91	prob	7998	7998	T	CTTGG	ok
Curlcake3	1931	1932	+	0.86	prob	7999	7999	T	GGTTT	ok
Curlcake3	1932	1933	+	0.835	prob	8000	8000	T	GTTTC	ok
Curlcake3	1933	1934	+	0.83	prob	8000	8000	T	TTTCT	ok
Curlcake3	1935	1936	+	0.88	prob	7998	7998	T	TCTGG	ok
Curlcake3	1939	1940	+	0.82	prob	8001	8001	T	GATGC	ok
Curlcake3	1944	1945	+	0.84	prob	8001	8001	T	CCTTT	ok
Curlcake3	1945	1946	+	0.895	prob	8001	8001	T	CTTTA	ok
Curlcake3	1946	1947	+	0.94	prob	7999	7999	T	TTTAC	ok
Curlcake3	1957	1958	+	0.915	prob	7997	7997	T	CGTCC	ok
Curlcake3	1963	1964	+	0.945	prob	8008	8008	T	GATGC	ok
Curlcake3	1969	1970	+	0.91	prob	8010	8010	T	ACTCG	ok
Curlcake3	1973	1974	+	0.81	prob	8008	8008	T	GGTGA	ok
Curlcake3	1983	1984	+	0.925	prob	8013	8013	T	AGTTT	ok
Curlcake3	1984	1985	+	0.905	prob	8013	8013	T	GTTTG	ok
Curlcake3	1985	1986	+	0.95	prob	8013	8013	T	TTTGG	ok
Curlcake3	1992	1993	+	0.955	prob	8011	8011	T	AATGA	ok
Curlcake3	1997	1998	+	0.89	prob	8013	8013	T	CATAC	ok
Curlcake3	2001	2002	+	0.855	prob	8015	8015	T	CGTTG	ok
Curlcake3	2002	2003	+	0.92	prob	8010	8010	T	GTTGC	ok
Curlcake3	2006	2007	+	0.95	prob	8004	8004	T	CGTTT	ok
Curlcake3	2007	2008	+	0.955	prob	8001	8001	T	GTTTG	ok
Curlcake3	2008	2009	+	0.995	prob	8001	8001	T	TTTGA	ok
Curlcake3	2011	2012	+	0.94	prob	7994	7994	T	GATTA	ok
Curlcake3	2012	2013	+	0.9	prob	7995	7995	T	ATTAA	ok
Curlcake3	2019	2020	+	0.95	prob	8001	8001	T	CATCG	ok
Curlcake3	2023	2024	+	0.925	prob	7998	7998	T	GCTCG	ok
Curlcake3	2027	2028	+	0.91	prob	7997	7997	T	GCTTG	ok
Curlcake3	2028	2029	+	0.94	prob	7995	7995	T	CTTGT	ok
Curlcake3	2030	2031	+	0.85	prob	7996	7996	T	TGTCT	ok
Curlcake3	2032	2033	+	0.89	prob	7998	7998	T	TCTCA	ok
Curlcake3	2036	2037	+	0.945	prob	8000	8000	T	AGTGC	ok
Curlcake3	2039	2040	+	0.84	prob	8000	8000	T	GCTGA	ok
Curlcake3	2048	2049	+	0.835	prob	8002	8002	T	CCTAC	ok
Curlcake3	2056	2057	+	0.92	prob	8007	8007	T	CCTCA	ok
Curlcake3	2062	2063	+	0.865	prob	8009	8009	T	GATCT	ok
Curlcake3	2064	2065	+	0.925	prob	8008	8008	T	TCTCC	ok
Curlcake3	2067	2068	+	0.815	prob	8009	8009	T	CCTAA	ok
Curlcake3	2070	2071	+	0.87	prob	8007	8007	T	AATAC	ok
Curlcake3	2080	2081	+	0.905	prob	8009	8009	T	ACTCA	ok
Curlcake3	2092	2093	+	0.905	prob	8020	8020	T	GGTCC	ok
Curlcake3	2097	2098	+	0.855	prob	8019	8019	T	GGTTG	ok
Curlcake3	2098	2099	+	0.77	prob	8020	8020	T	GTTGC	ok
Curlcake3	2101	2102	+	0.89	prob	8015	8015	T	GCTGC	ok
Curlcake3	2104	2105	+	0.95	prob	8012	8012	T	GCTCC	ok
Curlcake3	2109	2110	+	0.675	prob	8012	8012	T	CCTTT	ok
Curlcake3	2110	2111	+	0.875	prob	8012	8012	T	CTTTC	ok
Curlcake3	2111	2112	+	0.93	prob	8013	8013	T	TTTCA	ok
Curlcake3	2119	2120	+	0.975	prob	8010	8010	T	GGTCC	ok
Curlcake3	2124	2125	+	0.93	prob	8011	8011	T	CCTCG	ok
Curlcake3	2127	2128	+	0.965	prob	8007	8007	T	CGTGG	ok
Curlcake3	2132	2133	+	0.945	prob	8009	8009	T	CATAA	ok
Curlcake3	2137	2138	+	0.955	prob	8016	8016	T	GGTTG	ok
Curlcake3	2138	2139	+	0.92	prob	8016	8016	T	GTTGT	ok
Curlcake3	2140	2141	+	0.895	prob	8016	8016	T	TGTCG	ok
Curlcake3	2150	2151	+	0.965	prob	8018	8018	T	CCTTG	ok
Curlcake3	2151	2152	+	0.98	prob	8019	8019	T	CTTGG	ok
Curlcake3	2154	2155	+	0.97	prob	8019	8019	T	GGTTT	ok
Curlcake3	2155	2156	+	0.93	prob	8019	8019	T	GTTTA	ok
Curlcake3	2156	2157	+	0.955	prob	8018	8018	T	TTTAA	ok
Curlcake3	2159	2160	+	0.925	prob	8018	8018	T	AATAA	ok
Curlcake3	2162	2163	+	0.945	prob	8017	8017	T	AATGG	ok
Curlcake3	2165	2166	+	0.9	prob	8017	8017	T	GGTCG	ok
Curlcake3	2173	2174	+	0.965	prob	8018	8018	T	CGTGA	ok
Curlcake3	2178	2179	+	0.925	prob	8022	8022	T	GCTTC	ok
Curlcake3	2179	2180	+	0.96	prob	8022	8022	T	CTTCT	ok
Curlcake3	2181	2182	+	0.965	prob	8021	8021	T	TCTAC	ok
Curlcake3	2185	2186	+	0.955	prob	8021	8021	T	CCTTC	ok
Curlcake3	2186	2187	+	0.915	prob	8022	8022	T	CTTCC	ok
Curlcake3	2196	2197	+	0.87	prob	8026	8026	T	AATGG	ok
Curlcake3	2201	2202	+	0.985	prob	8023	8023	T	GCTAA	ok
Curlcake3	2207	2208	+	0.96	prob	8022	8022	T	CCTAG	ok
Curlcake3	2211	2212	+	0.96	prob	8027	8027	T	GCTGA	ok
Curlcake3	2214	2215	+	0.945	prob	8027	8027	T	GATAC	ok
Curlcake3	2218	2219	+	0.93	prob	8027	8027	T	CATCG	ok
Curlcake3	2222	2223	+	0.92	prob	8026	8026	T	GCTGG	ok
Curlcake3	2233	2234	+	0.9	prob	8033	8033	T	GCTGC	ok
Curlcake3	2244	2245	+	0.89	prob	8034	8034	T	ACTAA	ok
Curlcake3	2248	2249	+	0.955	prob	8034	8034	T	AATCA	ok
Curlcake3	2254	2255	+	0.975	prob	8036	8036	T	GGTTC	ok
Curlcake3	2255	2256	+	0.965	prob	8037	8037	T	GTTCA	ok
Curlcake3	2258	2259	+	0.935	prob	8037	8037	T	CATGG	ok
Curlcake3	2261	2262	+	0.905	prob	8033	8033	T	GGTGT	ok
Curlcake3	2263	2264	+	0.93	prob	8035	8035	T	TGTCC	ok
Curlcake3	2268	2269	+	0.96	prob	8036	8036	T	GATTT	ok
Curlcake3	2269	2270	+	0.95	prob	8033	8033	T	ATTTG	ok
Curlcake3	2270	2271	+	1	prob	8033	8033	T	TTTGA	ok
Curlcake3	2275	2276	+	0.97	prob	8020	8020	T	AATCC	ok
Curlcake3	2279	2280	+	0.955	prob	8010	8010	T	CGTGC	ok
Curlcake3	2282	2283	+	0.945	prob	8011	8011	T	GCTCC	ok
Curlcake3	2286	2287	+	0.9	prob	8010	8010	T	CCTTA	ok
Curlcake3	2287	2288	+	0.955	prob	8011	8011	T	CTTAG	ok
Curlcake3	2292	2293	+	0.945	prob	8013	8013	T	CCTGC	ok
Curlcake3	2307	2308	+	0.9	prob	8016	8016	T	CGTAA	ok
Curlcake3	2310	2311	+	0.945	prob	8016	8016	T	AATGG	ok
Curlcake3	2316	2317	+	0.945	prob	8008	8008	T	CGTTC	ok
Curlcake3	2317	2318	+	0.975	prob	8009	8009	T	GTTCT	ok
Curlcake3	2319	2320	+	0.955	prob	8010	8010	T	TCTGG	ok
Curlcake3	2324	2325	+	0.875	prob	8012	8012	T	AGTTA	ok
Curlcake3	2325	2326	+	0.91	prob	8013	8013	T	GTTAG	ok
Curlcake3	2328	2329	+	0.925	prob	8012	8012	T	AGTTA	ok
Curlcake3	2329	2330	+	0.945	prob	8009	8009	T	GTTAA	ok
Curlcake3	2344	2345	+	0.97	prob	8018	8018	T	CGTCG	ok
Curlcake3	2350	2351	+	0.93	prob	8020	8020	T	ACTAA	ok
Curlcake3	2353	2354	+	0.945	prob	8022	8022	T	AATTT	ok
Curlcake3	2354	2355	+	0.93	prob	8023	8023	T	ATTTG	ok
Curlcake3	2355	2356	+	0.95	prob	8024	8024	T	TTTGC	ok
Curlcake3	2358	2359	+	0.905	prob	8023	8023	T	GCTCG	ok
Curlcake3	2364	2365	+	0.945	prob	8035	8035	T	CGTTG	ok
Curlcake3	2365	2366	+	0.995	prob	8035	8035	T	GTTGA	ok
Curlcake3	2370	2371	+	0.945	prob	8039	8039	T	CATTA	ok
Curlcake3	2371	2372	+	0.945	prob	8038	8038	T	ATTAT	ok
Curlcake3	2373	2374	+	0.935	prob	8040	8040	T	TATGC	ok
Curlcake3	2392	2393	+	0.91	prob	8043	8043	T	AGTAC	ok
Curlcake3	2403	2404	+	0.96	prob	8047	8047	T	AATTG	ok
Curlcake3	2404	2405	+	0.96	prob	8048	8048	T	ATTGC	ok
Curlcake3	2412	2413	+	0.96	prob	8045	8045	T	CGTCA	ok
Curlcake3	2417	2418	+	0.97	prob	8050	8050	T	ACTTT	ok
Curlcake3	2418	2419	+	0.96	prob	8050	8050	T	CTTTT	ok
Curlcake3	2419	2420	+	0.965	prob	8048	8048	T	TTTTG	ok
Curlcake3	2420	2421	+	0.955	prob	8048	8048	T	TTTGA	ok
Curlcake3	2427	2428	+	0.81	prob	8049	8049	T	AATAA	ok
Curlcake3	2430	2431	+	0.94	prob	8047	8047	T	AATAT	ok
Curlcake3	2432	2433	+	0.955	prob	8048	8048	T	TATGC	ok
Curlcake3	2436	2437	+	0.915	prob	8048	8048	T	CCTAC	ok
Curlcake3	2440	2441	+	0.945	prob	8052	8052	T	CCTTA	ok
Curlcake3	2441	2442	+	0.955	prob	8052	8052	T	CTTAT	ok
Curlcake3	2443	2444	+	0.925	prob	8054	8054	T	TATTA	ok
Curlcake3	2444	2445	+	0.955	prob	8055	8055	T	ATTAT	ok
Curlcake3	2446	2447	+	0.95	prob	8055	8055	T	TATAG	ok
Curlcake3	2449	2450	+	0.885	prob	8051	8051	T	AGTCT	ok
Curlcake3	2451	2452	+	0.93	prob	8050	8050	T	TCTAA	ok
Curlcake3	2460	2461	+	0.88	prob	8054	8054	T	AGTAC	ok
Curlcake3	2464	2465	+	0.855	prob	8057	8057	T	CCTAG	ok
Curlcake3	2469	2470	+	0.905	prob	8061	8061	T	CGTGG	ok
Curlcake3	2472	2473	+	0.9	prob	8062	8062	T	GGTGG	ok
Curlcake3	2486	2487	+	0.9	prob	8066	8066	T	GATAG	ok
Curlcake3	2492	2493	+	0.885	prob	8071	8071	T	CCTGT	ok
Curlcake3	2494	2495	+	0.865	prob	8071	8071	T	TGTAA	ok
Curlcake3	2503	2504	+	0.825	prob	8078	8078	T	CATGG	ok
Curlcake3	2513	2514	+	0.96	prob	8089	8089	T	GGTGT	ok
Curlcake3	2515	2516	+	0.885	prob	8091	8091	T	TGTAC	ok
Curlcake3	2520	2521	+	0.83	prob	8094	8094	T	CATCT	ok
Curlcake3	2522	2523	+	0.895	prob	8092	8092	T	TCTAC	ok
Curlcake3	2531	2532	+	0.93	prob	8094	8094	T	AGTAT	ok
Curlcake3	2533	2534	+	0.875	prob	8096	8096	T	TATAC	ok
Curlcake3	2537	2538	+	0.84	prob	8093	8093	T	CGTTC	ok
Curlcake3	2538	2539	+	0.885	prob	8093	8093	T	GTTCG	ok
Curlcake3	2548	2549	+	0.895	prob	8083	8083	T	AATAC	ok
Curlcake3	2553	2554	+	0.935	prob	8076	8076	T	AATCT	ok
Curlcake3	2555	2556	+	0.85	prob	8076	8076	T	TCTTA	ok
Curlcake3	2556	2557	+	0.86	prob	8074	8074	T	CTTAA	ok
Curlcake3	2560	2561	+	0.85	prob	8070	8070	T	AATTT	ok
Curlcake3	2561	2562	+	0.955	prob	8069	8069	T	ATTTT	ok
Curlcake3	2562	2563	+	0.93	prob	8068	8068	T	TTTTC	ok
Curlcake3	2563	2564	+	0.96	prob	8065	8065	T	TTTCG	ok
Curlcake3	2566	2567	+	0.87	prob	8055	8055	T	CGTGG	ok
Curlcake3	2573	2574	+	0.89	prob	8033	8033	T	AATAT	ok
Curlcake3	2575	2576	+	0.935	prob	8029	8029	T	TATCA	ok
Curlcake3	2580	2581	+	0.845	prob	8024	8024	T	CATGG	ok
Curlcake3	2587	2588	+	0.835	prob	7998	7998	T	CGTGT	ok
Curlcake3	2589	2590	+	0.85	prob	7990	7990	T	TGTCA	ok
Curlcake3	2595	2596	+	0.705	prob	7968	7968	T	CATAA	ok
Curlcake3	2602	2603	+	0.85	prob	7946	7946	T	CATGG	ok
Curlcake3	2607	2608	+	0.89	prob	7884	7884	T	ACTGT	ok
Curlcake3	2609	2610	+	0.87	prob	7879	7879	T	TGTCC	ok
Curlcake3	2613	2614	+	0.895	prob	7817	7817	T	CATGT	ok
Curlcake3	2615	2616	+	0.915	prob	7780	7780	T	TGTCT	ok
Curlcake3	2617	2618	+	0.895	prob	7610	7610	T	TCTAT	ok
Curlcake3	2619	2620	+	0.915	prob	7541	7541	T	TATTA	ok
Curlcake3	2620	2621	+	0.92	prob	7500	7500	T	ATTAG	ok
Curlcake4	38	39	+	0.93	prob	8004	8004	T	ACTCT	ok
Curlcake4	40	41	+	0.875	prob	8005	8005	T	TCTCG	ok
Curlcake4	47	48	+	0.75	prob	8012	8012	T	CCTCG	ok
Curlcake4	56	57	+	0.81	prob	8019	8019	T	GATCC	ok
Curlcake4	67	68	+	0.86	prob	8030	8030	T	CATCC	ok
Curlcake4	70	71	+	0.905	prob	8033	8033	T	CCTAA	ok
Curlcake4	79	80	+	0.88	prob	8040	8040	T	AGTCA	ok
Curlcake4	85	86	+	0.865	prob	8046	8046	T	ACTCC	ok
Curlcake4	88	89	+	0.815	prob	8049	8049	T	CCTGG	ok
Curlcake4	98	99	+	0.775	prob	8058	8058	T	GCTCC	ok
Curlcake4	102	103	+	0.785	prob	8062	8062	T	CCTTG	ok
Curlcake4	103	104	+	0.625	prob	8063	8063	T	CTTGA	ok
Curlcake4	109	110	+	0.895	prob	8069	8069	T	ACTAG	ok
Curlcake4	116	117	+	0.945	prob	8077	8077	T	GATGC	ok
Curlcake4	119	120	+	0.84	prob	8078	8078	T	GCTCC	ok
Curlcake4	123	124	+	0.735	prob	8080	8080	T	CCTCG	ok
Curlcake4	129	130	+	0.81	prob	8082	8082	T	CGTGG	ok
Curlcake4	132	133	+	0.925	prob	8082	8082	T	GGTGT	ok
Curlcake4	134	135	+	0.9	prob	8083	8083	T	TGTTT	ok
Curlcake4	135	136	+	0.94	prob	8084	8084	T	GTTTT	ok
Curlcake4	136	137	+	0.9	prob	8084	8084	T	TTTTC	ok
Curlcake4	137	138	+	0.925	prob	8083	8083	T	TTTCT	ok
Curlcake4	139	140	+	0.885	prob	8079	8079	T	TCTCT	ok
Curlcake4	141	142	+	0.93	prob	8078	8078	T	TCTAG	ok
Curlcake4	147	148	+	0.885	prob	8085	8085	T	GGTAT	ok
Curlcake4	149	150	+	0.905	prob	8087	8087	T	TATAG	ok
Curlcake4	155	156	+	0.81	prob	8083	8083	T	GCTTC	ok
Curlcake4	156	157	+	0.8	prob	8081	8081	T	CTTCT	ok
Curlcake4	158	159	+	0.95	prob	8079	8079	T	TCTGT	ok
Curlcake4	160	161	+	0.875	prob	8078	8078	T	TGTCT	ok
Curlcake4	162	163	+	0.89	prob	8077	8077	T	TCTTC	ok
Curlcake4	163	164	+	0.905	prob	8078	8078	T	CTTCC	ok
Curlcake4	166	167	+	0.895	prob	8075	8075	T	CCTAT	ok
Curlcake4	168	169	+	0.72	prob	8077	8077	T	TATGG	ok
Curlcake4	177	178	+	0.84	prob	8072	8072	T	ACTAG	ok
Curlcake4	182	183	+	0.925	prob	8071	8071	T	AATGA	ok
Curlcake4	186	187	+	0.89	prob	8064	8064	T	ACTGT	ok
Curlcake4	188	189	+	0.875	prob	8055	8055	T	TGTCA	ok
Curlcake4	191	192	+	0.905	prob	8051	8051	T	CATCA	ok
Curlcake4	195	196	+	0.845	prob	8032	8032	T	ACTGG	ok
Curlcake4	200	201	+	0.725	prob	8016	8016	T	CATGG	ok
Curlcake4	205	206	+	0.745	prob	7989	7989	T	CATCA	ok
Curlcake4	218	219	+	0.875	prob	7986	7986	T	CCTGC	ok
Curlcake4	222	223	+	0.93	prob	7983	7983	T	CGTGG	ok
Curlcake4	225	226	+	0.93	prob	7987	7987	T	GGTCT	ok
Curlcake4	227	228	+	0.93	prob	7982	7982	T	TCTGA	ok
Curlcake4	230	231	+	0.825	prob	7984	7984	T	GATTA	ok
Curlcake4	231	232	+	0.845	prob	7982	7982	T	ATTAG	ok
Curlcake4	235	236	+	0.8	prob	7977	7977	T	GCTTG	ok
Curlcake4	236	237	+	0.7	prob	7977	7977	T	CTTGG	ok
Curlcake4	239	240	+	0.9	prob	7972	7972	T	GGTTA	ok
Curlcake4	247	248	+	0.955	prob	7986	7986	T	GCTTG	ok
Curlcake4	248	249	+	0.89	prob	7988	7988	T	CTTGC	ok
Curlcake4	254	255	+	0.945	prob	7963	7963	T	GATGT	ok
Curlcake4	256	257	+	0.93	prob	7953	7953	T	TGTAT	ok
Curlcake4	258	259	+	0.9	prob	7948	7948	T	TATTT	ok
Curlcake4	259	260	+	0.825	prob	7949	7949	T	ATTTA	ok
Curlcake4	260	261	+	0.955	prob	7942	7942	T	TTTAG	ok
Curlcake4	269	270	+	0.895	prob	7933	7933	T	CGTTT	ok
Curlcake4	270	271	+	0.87	prob	7981	7981	T	GTTTC	ok
Curlcake4	271	272	+	0.785	prob	7983	7983	T	TTTCG	ok
Curlcake4	283	284	+	0.865	prob	7983	7983	T	GGTTT	ok
Curlcake4	284	285	+	0.83	prob	7987	7987	T	GTTTC	ok
Curlcake4	285	286	+	0.815	prob	7987	7987	T	TTTCA	ok
Curlcake4	291	292	+	0.935	prob	7971	7971	T	CATTG	ok
Curlcake4	292	293	+	0.94	prob	7972	7972	T	ATTGG	ok
Curlcake4	298	299	+	0.895	prob	7978	7978	T	CATAG	ok
Curlcake4	302	303	+	0.75	prob	7984	7984	T	GCTAC	ok
Curlcake4	306	307	+	0.76	prob	7975	7975	T	CCTAC	ok
Curlcake4	312	313	+	0.695	prob	7975	7975	T	AATCC	ok
Curlcake4	316	317	+	0.785	prob	7983	7983	T	CCTAC	ok
Curlcake4	321	322	+	0.91	prob	7983	7983	T	GATTG	ok
Curlcake4	322	323	+	0.84	prob	7985	7985	T	ATTGA	ok
Curlcake4	325	326	+	0.725	prob	7968	7968	T	GATAC	ok
Curlcake4	332	333	+	0.885	prob	7985	7985	T	GGTCG	ok
Curlcake4	342	343	+	0.81	prob	7967	7967	T	AATGA	ok
Curlcake4	345	346	+	0.64	prob	7902	7902	T	GATCC	ok
Curlcake4	356	357	+	0.825	prob	7985	7985	T	GGTGC	ok
Curlcake4	360	361	+	0.805	prob	7989	7989	T	CCTCA	ok
Curlcake4	364	365	+	0.805	prob	7985	7985	T	ACTGG	ok
Curlcake4	367	368	+	0.755	prob	7979	7979	T	GGTGG	ok
Curlcake4	374	375	+	0.785	prob	7987	7987	T	AGTCT	ok
Curlcake4	376	377	+	0.855	prob	7974	7974	T	TCTAG	ok
Curlcake4	380	381	+	0.815	prob	7975	7975	T	GATTC	ok
Curlcake4	381	382	+	0.775	prob	7990	7990	T	ATTCA	ok
Curlcake4	384	385	+	0.755	prob	7976	7976	T	CATCC	ok
Curlcake4	388	389	+	0.74	prob	7980	7980	T	CGTGG	ok
Curlcake4	395	396	+	0.73	prob	7966	7966	T	CATCG	ok
Curlcake4	403	404	+	0.86	prob	7976	7976	T	AGTCC	ok
Curlcake4	406	407	+	0.81	prob	7982	7982	T	CCTCC	ok
Curlcake4	410	411	+	0.745	prob	7980	7980	T	CGTTA	ok
Curlcake4	411	412	+	0.915	prob	7979	7979	T	GTTAT	ok
Curlcake4	413	414	+	0.75	prob	7980	7980	T	TATGC	ok
Curlcake4	421	422	+	0.78	prob	7982	7982	T	CCTAT	ok
Curlcake4	423	424	+	0.795	prob	7977	7977	T	TATGA	ok
Curlcake4	427	428	+	0.855	prob	7980	7980	T	ACTCC	ok
Curlcake4	443	444	+	0.825	prob	7931	7931	T	GCTAA	ok
Curlcake4	455	456	+	0.73	prob	7917	7917	T	CATTC	ok
Curlcake4	456	457	+	0.805	prob	7975	7975	T	ATTCC	ok
Curlcake4	461	462	+	0.695	prob	7980	7980	T	CGTAC	ok
Curlcake4	469	470	+	0.91	prob	7972	7972	T	AGTAG	ok
Curlcake4	480	481	+	0.82	prob	7968	7968	T	CCTTA	ok
Curlcake4	481	482	+	0.88	prob	7967	7967	T	CTTAA	ok
Curlcake4	490	491	+	0.73	prob	7978	7978	T	AGTGG	ok
Curlcake4	495	496	+	0.77	prob	7971	7971	T	GATGC	ok
Curlcake4	498	499	+	0.75	prob	7974	7974	T	GCTAG	ok
Curlcake4	503	504	+	0.855	prob	7970	7970	T	GATCG	ok
Curlcake4	508	509	+	0.77	prob	7975	7975	T	GCTAA	ok
Curlcake4	514	515	+	0.95	prob	7973	7973	T	GGTTT	ok
Curlcake4	515	516	+	0.715	prob	7974	7974	T	GTTTC	ok
Curlcake4	516	517	+	0.92	prob	7974	7974	T	TTTCT	ok
Curlcake4	518	519	+	0.915	prob	7976	7976	T	TCTCC	ok
Curlcake4	521	522	+	0.81	prob	7973	7973	T	CCTAA	ok
Curlcake4	524	525	+	0.9	prob	7960	7960	T	AATAG	ok
Curlcake4	534	535	+	0.88	prob	7980	7980	T	AGTTT	ok
Curlcake4	535	536	+	0.965	prob	7974	7974	T	GTTTC	ok
Curlcake4	536	537	+	0.9	prob	7976	7976	T	TTTCT	ok
Curlcake4	538	539	+	0.9	prob	7969	7969	T	TCTTT	ok
Curlcake4	539	540	+	0.94	prob	7980	7980	T	CTTTC	ok
Curlcake4	540	541	+	0.92	prob	7981	7981	T	TTTCA	ok
Curlcake4	544	545	+	0.9	prob	7962	7962	T	AATGA	ok
Curlcake4	548	549	+	0.91	prob	7963	7963	T	AATAC	ok
Curlcake4	552	553	+	0.865	prob	7986	7986	T	CATTG	ok
Curlcake4	553	554	+	0.81	prob	7982	7982	T	ATTGA	ok
Curlcake4	557	558	+	0.88	prob	7979	7979	T	ACTCC	ok
Curlcake4	560	561	+	0.92	prob	7979	7979	T	CCTCA	ok
Curlcake4	565	566	+	0.775	prob	7988	7988	T	CCTGC	ok
Curlcake4	569	570	+	0.755	prob	7984	7984	T	CGTAA	ok
Curlcake4	573	574	+	0.92	prob	7974	7974	T	AGTTG	ok
Curlcake4	574	575	+	0.95	prob	7972	7972	T	GTTGC	ok
Curlcake4	582	583	+	0.8	prob	7977	7977	T	CCTGA	ok
Curlcake4	588	589	+	0.765	prob	7973	7973	T	GCTTG	ok
Curlcake4	589	590	+	0.93	prob	7972	7972	T	CTTGC	ok
Curlcake4	593	594	+	0.855	prob	7971	7971	T	CGTGA	ok
Curlcake4	596	597	+	0.74	prob	7976	7976	T	GATAA	ok
Curlcake4	600	601	+	0.7	prob	7960	7960	T	AATCC	ok
Curlcake4	607	608	+	0.8	prob	7974	7974	T	GGTTC	ok
Curlcake4	608	609	+	0.91	prob	7975	7975	T	GTTCG	ok
Curlcake4	616	617	+	0.67	prob	7962	7962	T	GCTAG	ok
Curlcake4	629	630	+	0.82	prob	7971	7971	T	GCTGC	ok
Curlcake4	632	633	+	0.78	prob	7965	7965	T	GCTGC	ok
Curlcake4	642	643	+	0.765	prob	7970	7970	T	GCTGC	ok
Curlcake4	647	648	+	0.85	prob	7974	7974	T	AGTTG	ok
Curlcake4	648	649	+	0.94	prob	7971	7971	T	GTTGG	ok
Curlcake4	657	658	+	0.94	prob	7968	7968	T	CATGG	ok
Curlcake4	661	662	+	0.825	prob	7972	7972	T	GATAA	ok
Curlcake4	665	666	+	0.845	prob	7954	7954	T	AATTG	ok
Curlcake4	666	667	+	0.89	prob	7965	7965	T	ATTGC	ok
Curlcake4	679	680	+	0.785	prob	7886	7886	T	GCTAC	ok
Curlcake4	682	683	+	0.815	prob	7882	7882	T	ACTTA	ok
Curlcake4	683	684	+	0.78	prob	7885	7885	T	CTTAA	ok
Curlcake4	686	687	+	0.875	prob	7878	7878	T	AATGC	ok
Curlcake4	690	691	+	0.88	prob	7884	7884	T	CCTGC	ok
Curlcake4	695	696	+	0.88	prob	7884	7884	T	GCTCC	ok
Curlcake4	703	704	+	0.85	prob	7891	7891	T	CCTTT	ok
Curlcake4	704	705	+	0.925	prob	7887	7887	T	CTTTG	ok
Curlcake4	705	706	+	0.84	prob	7889	7889	T	TTTGA	ok
Curlcake4	709	710	+	0.895	prob	7983	7983	T	AGTTT	ok
Curlcake4	710	711	+	0.935	prob	7983	7983	T	GTTTT	ok
Curlcake4	711	712	+	0.965	prob	7981	7981	T	TTTTT	ok
Curlcake4	712	713	+	0.85	prob	7981	7981	T	TTTTG	ok
Curlcake4	713	714	+	0.76	prob	7982	7982	T	TTTGC	ok
Curlcake4	722	723	+	0.865	prob	7970	7970	T	GATCC	ok
Curlcake4	727	728	+	0.905	prob	7978	7978	T	AGTAG	ok
Curlcake4	732	733	+	0.835	prob	7978	7978	T	AATCC	ok
Curlcake4	735	736	+	0.885	prob	7979	7979	T	CCTCC	ok
Curlcake4	741	742	+	0.83	prob	7977	7977	T	CGTCG	ok
Curlcake4	747	748	+	0.76	prob	7975	7975	T	AATTA	ok
Curlcake4	748	749	+	0.865	prob	7975	7975	T	ATTAG	ok
Curlcake4	754	755	+	0.94	prob	7978	7978	T	CCTGT	ok
Curlcake4	756	757	+	0.96	prob	7979	7979	T	TGTGG	ok
Curlcake4	766	767	+	0.915	prob	7978	7978	T	GGTGC	ok
Curlcake4	778	779	+	0.855	prob	7978	7978	T	AATTA	ok
Curlcake4	779	780	+	0.755	prob	7983	7983	T	ATTAA	ok
Curlcake4	784	785	+	0.93	prob	7985	7985	T	ACTGT	ok
Curlcake4	786	787	+	0.925	prob	7982	7982	T	TGTGG	ok
Curlcake4	790	791	+	0.725	prob	7985	7985	T	GCTCA	ok
Curlcake4	800	801	+	0.85	prob	7983	7983	T	GCTAG	ok
Curlcake4	804	805	+	0.97	prob	7985	7985	T	GGTTT	ok
Curlcake4	805	806	+	0.985	prob	7987	7987	T	GTTTT	ok
Curlcake4	806	807	+	0.95	prob	7987	7987	T	TTTTT	ok
Curlcake4	807	808	+	0.865	prob	7987	7987	T	TTTTC	ok
Curlcake4	808	809	+	0.92	prob	7986	7986	T	TTTCT	ok
Curlcake4	810	811	+	0.76	prob	7985	7985	T	TCTGG	ok
Curlcake4	817	818	+	0.805	prob	7988	7988	T	CATAG	ok
Curlcake4	824	825	+	0.93	prob	7989	7989	T	GATTG	ok
Curlcake4	825	826	+	0.8	prob	7988	7988	T	ATTGC	ok
Curlcake4	829	830	+	0.815	prob	7990	7990	T	CCTCA	ok
Curlcake4	832	833	+	0.93	prob	7988	7988	T	CATGT	ok
Curlcake4	834	835	+	0.84	prob	7988	7988	T	TGTCC	ok
Curlcake4	838	839	+	0.855	prob	7986	7986	T	CATCG	ok
Curlcake4	845	846	+	0.825	prob	7985	7985	T	CATAC	ok
Curlcake4	848	849	+	0.825	prob	7987	7987	T	ACTGG	ok
Curlcake4	851	852	+	0.945	prob	7986	7986	T	GGTGA	ok
Curlcake4	854	855	+	0.92	prob	7986	7986	T	GATTG	ok
Curlcake4	855	856	+	0.955	prob	7983	7983	T	ATTGT	ok
Curlcake4	857	858	+	0.93	prob	7982	7982	T	TGTCC	ok
Curlcake4	865	866	+	0.74	prob	7984	7984	T	CGTCC	ok
Curlcake4	868	869	+	0.895	prob	7984	7984	T	CCTCA	ok
Curlcake4	872	873	+	0.885	prob	7982	7982	T	AATTT	ok
Curlcake4	873	874	+	0.885	prob	7984	7984	T	ATTTT	ok
Curlcake4	874	875	+	0.96	prob	7980	7980	T	TTTTT	ok
Curlcake4	875	876	+	0.975	prob	7977	7977	T	TTTTT	ok
Curlcake4	876	877	+	0.965	prob	7975	7975	T	TTTTT	ok
Curlcake4	877	878	+	0.855	prob	7975	7975	T	TTTTA	ok
Curlcake4	878	879	+	0.96	prob	7978	7978	T	TTTAA	ok
Curlcake4	884	885	+	0.785	prob	7983	7983	T	GCTAA	ok
Curlcake4	892	893	+	0.755	prob	7987	7987	T	AGTAA	ok
Curlcake4	895	896	+	0.945	prob	7985	7985	T	AATGC	ok
Curlcake4	900	901	+	0.895	prob	7988	7988	T	CATCG	ok
Curlcake4	903	904	+	0.905	prob	7989	7989	T	CGTGG	ok
Curlcake4	910	911	+	0.955	prob	7988	7988	T	AGTGA	ok
Curlcake4	914	915	+	0.89	prob	7988	7988	T	AATGT	ok
Curlcake4	916	917	+	0.835	prob	7981	7981	T	TGTCG	ok
Curlcake4	923	924	+	0.93	prob	7987	7987	T	GGTGG	ok
Curlcake4	931	932	+	0.8	prob	7989	7989	T	ACTAA	ok
Curlcake4	935	936	+	0.8	prob	7987	7987	T	ACTAG	ok
Curlcake4	939	940	+	0.835	prob	7983	7983	T	GGTTA	ok
Curlcake4	940	941	+	0.83	prob	7985	7985	T	GTTAG	ok
Curlcake4	943	944	+	0.82	prob	7985	7985	T	AGTGG	ok
Curlcake4	951	952	+	0.76	prob	7983	7983	T	GCTCC	ok
Curlcake4	962	963	+	0.835	prob	7983	7983	T	AATTC	ok
Curlcake4	963	964	+	0.94	prob	7984	7984	T	ATTCG	ok
Curlcake4	970	971	+	0.91	prob	7984	7984	T	CATGC	ok
Curlcake4	973	974	+	0.93	prob	7984	7984	T	GCTGT	ok
Curlcake4	975	976	+	0.925	prob	7982	7982	T	TGTAA	ok
Curlcake4	980	981	+	0.93	prob	7981	7981	T	CGTTA	ok
Curlcake4	981	982	+	0.96	prob	7983	7983	T	GTTAA	ok
Curlcake4	986	987	+	0.845	prob	7981	7981	T	GATTA	ok
Curlcake4	987	988	+	0.865	prob	7985	7985	T	ATTAG	ok
Curlcake4	990	991	+	0.81	prob	7984	7984	T	AGTAA	ok
Curlcake4	999	1000	+	0.935	prob	7987	7987	T	GCTGT	ok
Curlcake4	1001	1002	+	0.92	prob	7984	7984	T	TGTCG	ok
Curlcake4	1004	1005	+	0.815	prob	7976	7976	T	CGTTC	ok
Curlcake4	1005	1006	+	0.88	prob	7983	7983	T	GTTCT	ok
Curlcake4	1007	1008	+	0.9	prob	7980	7980	T	TCTAG	ok
Curlcake4	1014	1015	+	0.825	prob	7985	7985	T	CATCG	ok
Curlcake4	1023	1024	+	0.835	prob	7981	7981	T	GGTTA	ok
Curlcake4	1024	1025	+	0.945	prob	7980	7980	T	GTTAT	ok
Curlcake4	1026	1027	+	0.9	prob	7982	7982	T	TATAG	ok
Curlcake4	1029	1030	+	0.855	prob	7971	7971	T	AGTTT	ok
Curlcake4	1030	1031	+	0.87	prob	7972	7972	T	GTTTT	ok
Curlcake4	1031	1032	+	0.945	prob	7973	7973	T	TTTTT	ok
Curlcake4	1032	1033	+	0.955	prob	7972	7972	T	TTTTC	ok
Curlcake4	1033	1034	+	0.91	prob	7972	7972	T	TTTCG	ok
Curlcake4	1037	1038	+	0.855	prob	7965	7965	T	GGTTG	ok
Curlcake4	1038	1039	+	0.865	prob	7967	7967	T	GTTGA	ok
Curlcake4	1042	1043	+	0.815	prob	7972	7972	T	AATGC	ok
Curlcake4	1045	1046	+	0.825	prob	7968	7968	T	GCTCA	ok
Curlcake4	1050	1051	+	0.8	prob	7962	7962	T	CGTCC	ok
Curlcake4	1054	1055	+	0.85	prob	7965	7965	T	CCTAA	ok
Curlcake4	1067	1068	+	0.93	prob	7966	7966	T	AATAG	ok
Curlcake4	1070	1071	+	0.795	prob	7965	7965	T	AGTAT	ok
Curlcake4	1072	1073	+	0.82	prob	7970	7970	T	TATAG	ok
Curlcake4	1076	1077	+	0.835	prob	7980	7980	T	GCTTT	ok
Curlcake4	1077	1078	+	0.885	prob	7976	7976	T	CTTTG	ok
Curlcake4	1078	1079	+	0.74	prob	7980	7980	T	TTTGG	ok
Curlcake4	1083	1084	+	0.925	prob	7980	7980	T	GCTCT	ok
Curlcake4	1085	1086	+	0.89	prob	7976	7976	T	TCTTC	ok
Curlcake4	1086	1087	+	0.97	prob	7979	7979	T	CTTCA	ok
Curlcake4	1089	1090	+	0.875	prob	7978	7978	T	CATGC	ok
Curlcake4	1097	1098	+	0.755	prob	7981	7981	T	GATCA	ok
Curlcake4	1102	1103	+	0.9	prob	7980	7980	T	CCTCA	ok
Curlcake4	1105	1106	+	0.815	prob	7983	7983	T	CATTC	ok
Curlcake4	1106	1107	+	0.96	prob	7983	7983	T	ATTCT	ok
Curlcake4	1108	1109	+	0.99	prob	7982	7982	T	TCTGC	ok
Curlcake4	1111	1112	+	0.835	prob	7981	7981	T	GCTTC	ok
Curlcake4	1112	1113	+	0.97	prob	7983	7983	T	CTTCT	ok
Curlcake4	1114	1115	+	0.93	prob	7981	7981	T	TCTAA	ok
Curlcake4	1118	1119	+	0.9	prob	7982	7982	T	ACTCA	ok
Curlcake4	1127	1128	+	0.76	prob	7986	7986	T	CCTAC	ok
Curlcake4	1135	1136	+	0.84	prob	7981	7981	T	GGTAC	ok
Curlcake4	1147	1148	+	0.88	prob	7983	7983	T	CATGT	ok
Curlcake4	1149	1150	+	0.875	prob	7982	7982	T	TGTCG	ok
Curlcake4	1156	1157	+	0.835	prob	7984	7984	T	ACTTA	ok
Curlcake4	1157	1158	+	0.875	prob	7985	7985	T	CTTAG	ok
Curlcake4	1160	1161	+	0.925	prob	7986	7986	T	AGTCT	ok
Curlcake4	1162	1163	+	0.905	prob	7989	7989	T	TCTTT	ok
Curlcake4	1163	1164	+	0.95	prob	7986	7986	T	CTTTT	ok
Curlcake4	1164	1165	+	0.985	prob	7987	7987	T	TTTTT	ok
Curlcake4	1165	1166	+	0.91	prob	7986	7986	T	TTTTG	ok
Curlcake4	1166	1167	+	0.84	prob	7986	7986	T	TTTGA	ok
Curlcake4	1179	1180	+	0.875	prob	7987	7987	T	CATCT	ok
Curlcake4	1181	1182	+	0.975	prob	7984	7984	T	TCTCT	ok
Curlcake4	1183	1184	+	0.93	prob	7985	7985	T	TCTCA	ok
Curlcake4	1190	1191	+	0.93	prob	7985	7985	T	CGTTC	ok
Curlcake4	1191	1192	+	0.945	prob	7987	7987	T	GTTCC	ok
Curlcake4	1196	1197	+	0.945	prob	7982	7982	T	AATCG	ok
Curlcake4	1204	1205	+	0.82	prob	7988	7988	T	GATTA	ok
Curlcake4	1205	1206	+	0.82	prob	7989	7989	T	ATTAG	ok
Curlcake4	1219	1220	+	0.9	prob	7983	7983	T	CGTTA	ok
Curlcake4	1220	1221	+	0.945	prob	7983	7983	T	GTTAC	ok
Curlcake4	1223	1224	+	0.85	prob	7981	7981	T	ACTTA	ok
Curlcake4	1224	1225	+	0.86	prob	7979	7979	T	CTTAG	ok
Curlcake4	1229	1230	+	0.85	prob	7988	7988	T	GATGG	ok
Curlcake4	1233	1234	+	0.955	prob	7985	7985	T	GGTAA	ok
Curlcake4	1238	1239	+	0.94	prob	7987	7987	T	CATTT	ok
Curlcake4	1239	1240	+	0.965	prob	7983	7983	T	ATTTG	ok
Curlcake4	1240	1241	+	0.955	prob	7983	7983	T	TTTGT	ok
Curlcake4	1242	1243	+	0.84	prob	7989	7989	T	TGTAT	ok
Curlcake4	1244	1245	+	0.895	prob	7987	7987	T	TATGA	ok
Curlcake4	1248	1249	+	0.76	prob	7987	7987	T	ACTAA	ok
Curlcake4	1253	1254	+	0.92	prob	7985	7985	T	GATCA	ok
Curlcake4	1257	1258	+	0.935	prob	7987	7987	T	ACTTG	ok
Curlcake4	1258	1259	+	0.96	prob	7988	7988	T	CTTGA	ok
Curlcake4	1263	1264	+	0.955	prob	7987	7987	T	AATAA	ok
Curlcake4	1267	1268	+	0.87	prob	7982	7982	T	AATAC	ok
Curlcake4	1277	1278	+	0.81	prob	7977	7977	T	GGTAC	ok
Curlcake4	1281	1282	+	0.865	prob	7981	7981	T	CGTTC	ok
Curlcake4	1282	1283	+	0.77	prob	7980	7980	T	GTTCG	ok
Curlcake4	1295	1296	+	0.96	prob	7980	7980	T	CGTGT	ok
Curlcake4	1297	1298	+	0.73	prob	7978	7978	T	TGTAC	ok
Curlcake4	1301	1302	+	0.825	prob	7981	7981	T	CATCA	ok
Curlcake4	1306	1307	+	0.865	prob	7981	7981	T	GGTCA	ok
Curlcake4	1311	1312	+	0.875	prob	7980	7980	T	CGTCG	ok
Curlcake4	1314	1315	+	0.905	prob	7973	7973	T	CGTGC	ok
Curlcake4	1324	1325	+	0.875	prob	7978	7978	T	CGTAC	ok
Curlcake4	1329	1330	+	0.825	prob	7986	7986	T	CCTTC	ok
Curlcake4	1330	1331	+	0.825	prob	7985	7985	T	CTTCG	ok
Curlcake4	1333	1334	+	0.86	prob	7980	7980	T	CGTCC	ok
Curlcake4	1336	1337	+	0.885	prob	7973	7973	T	CCTGA	ok
Curlcake4	1339	1340	+	0.895	prob	7977	7977	T	GATGT	ok
Curlcake4	1341	1342	+	0.9	prob	7980	7980	T	TGTCG	ok
Curlcake4	1350	1351	+	0.89	prob	7975	7975	T	ACTAC	ok
Curlcake4	1357	1358	+	0.94	prob	7986	7986	T	GGTCT	ok
Curlcake4	1359	1360	+	0.935	prob	7985	7985	T	TCTGC	ok
Curlcake4	1369	1370	+	0.92	prob	7986	7986	T	CCTAA	ok
Curlcake4	1373	1374	+	0.825	prob	7988	7988	T	AGTTA	ok
Curlcake4	1374	1375	+	0.955	prob	7987	7987	T	GTTAG	ok
Curlcake4	1377	1378	+	0.95	prob	7987	7987	T	AGTGC	ok
Curlcake4	1380	1381	+	0.93	prob	7988	7988	T	GCTAG	ok
Curlcake4	1391	1392	+	0.92	prob	7987	7987	T	CATGC	ok
Curlcake4	1399	1400	+	0.77	prob	7987	7987	T	GATAA	ok
Curlcake4	1403	1404	+	0.76	prob	7987	7987	T	ACTAA	ok
Curlcake4	1414	1415	+	0.89	prob	7981	7981	T	GGTCG	ok
Curlcake4	1418	1419	+	0.91	prob	7985	7985	T	GGTTT	ok
Curlcake4	1419	1420	+	0.7	prob	7986	7986	T	GTTTC	ok
Curlcake4	1420	1421	+	0.875	prob	7985	7985	T	TTTCC	ok
Curlcake4	1423	1424	+	0.955	prob	7982	7982	T	CCTCC	ok
Curlcake4	1428	1429	+	0.9	prob	7984	7984	T	AGTCA	ok
Curlcake4	1433	1434	+	0.81	prob	7984	7984	T	CGTTC	ok
Curlcake4	1434	1435	+	0.895	prob	7984	7984	T	GTTCT	ok
Curlcake4	1436	1437	+	0.88	prob	7983	7983	T	TCTAC	ok
Curlcake4	1440	1441	+	0.895	prob	7984	7984	T	CGTTA	ok
Curlcake4	1441	1442	+	0.955	prob	7985	7985	T	GTTAC	ok
Curlcake4	1444	1445	+	0.925	prob	7983	7983	T	ACTCA	ok
Curlcake4	1450	1451	+	0.855	prob	7981	7981	T	GATTT	ok
Curlcake4	1451	1452	+	0.865	prob	7981	7981	T	ATTTA	ok
Curlcake4	1452	1453	+	0.92	prob	7980	7980	T	TTTAG	ok
Curlcake4	1457	1458	+	0.945	prob	7981	7981	T	CATAG	ok
Curlcake4	1462	1463	+	0.925	prob	7981	7981	T	CCTAG	ok
Curlcake4	1478	1479	+	0.91	prob	7978	7978	T	AGTAG	ok
Curlcake4	1481	1482	+	0.865	prob	7979	7979	T	AGTAT	ok
Curlcake4	1483	1484	+	0.91	prob	7980	7980	T	TATAA	ok
Curlcake4	1486	1487	+	0.91	prob	7983	7983	T	AATAC	ok
Curlcake4	1493	1494	+	0.89	prob	7985	7985	T	CGTCG	ok
Curlcake4	1508	1509	+	0.82	prob	7991	7991	T	GCTAA	ok
Curlcake4	1517	1518	+	0.88	prob	7991	7991	T	CGTCT	ok
Curlcake4	1519	1520	+	0.94	prob	7991	7991	T	TCTTC	ok
Curlcake4	1520	1521	+	0.965	prob	7990	7990	T	CTTCT	ok
Curlcake4	1522	1523	+	0.9	prob	7989	7989	T	TCTTC	ok
Curlcake4	1523	1524	+	0.965	prob	7989	7989	T	CTTCG	ok
Curlcake4	1527	1528	+	0.895	prob	7987	7987	T	GATAT	ok
Curlcake4	1529	1530	+	0.94	prob	7992	7992	T	TATAT	ok
Curlcake4	1531	1532	+	0.955	prob	7990	7990	T	TATGG	ok
Curlcake4	1544	1545	+	0.93	prob	7986	7986	T	GCTTC	ok
Curlcake4	1545	1546	+	0.95	prob	7980	7980	T	CTTCT	ok
Curlcake4	1547	1548	+	0.92	prob	7986	7986	T	TCTGA	ok
Curlcake4	1560	1561	+	0.835	prob	7993	7993	T	GATCT	ok
Curlcake4	1562	1563	+	0.89	prob	7989	7989	T	TCTCG	ok
Curlcake4	1566	1567	+	0.825	prob	7987	7987	T	GCTCG	ok
Curlcake4	1573	1574	+	0.915	prob	7988	7988	T	CCTAT	ok
Curlcake4	1575	1576	+	0.95	prob	7989	7989	T	TATAT	ok
Curlcake4	1577	1578	+	0.94	prob	7989	7989	T	TATGT	ok
Curlcake4	1579	1580	+	0.88	prob	7989	7989	T	TGTTC	ok
Curlcake4	1580	1581	+	0.845	prob	7989	7989	T	GTTCT	ok
Curlcake4	1582	1583	+	0.905	prob	7988	7988	T	TCTGG	ok
Curlcake4	1585	1586	+	0.925	prob	7983	7983	T	GGTAC	ok
Curlcake4	1588	1589	+	0.925	prob	7984	7984	T	ACTTA	ok
Curlcake4	1589	1590	+	0.93	prob	7984	7984	T	CTTAC	ok
Curlcake4	1592	1593	+	0.885	prob	7983	7983	T	ACTAA	ok
Curlcake4	1609	1610	+	0.935	prob	7988	7988	T	GGTTT	ok
Curlcake4	1610	1611	+	0.965	prob	7989	7989	T	GTTTT	ok
Curlcake4	1611	1612	+	0.975	prob	7989	7989	T	TTTTT	ok
Curlcake4	1612	1613	+	0.93	prob	7988	7988	T	TTTTG	ok
Curlcake4	1613	1614	+	0.86	prob	7986	7986	T	TTTGG	ok
Curlcake4	1618	1619	+	0.88	prob	7990	7990	T	AGTCA	ok
Curlcake4	1625	1626	+	0.89	prob	7992	7992	T	CCTAA	ok
Curlcake4	1630	1631	+	0.93	prob	7997	7997	T	ACTGG	ok
Curlcake4	1633	1634	+	0.93	prob	7990	7990	T	GGTGC	ok
Curlcake4	1638	1639	+	0.935	prob	7992	7992	T	AATGA	ok
Curlcake4	1645	1646	+	0.95	prob	7989	7989	T	CCTAG	ok
Curlcake4	1649	1650	+	0.945	prob	7991	7991	T	GCTAC	ok
Curlcake4	1652	1653	+	0.9	prob	7991	7991	T	ACTGA	ok
Curlcake4	1660	1661	+	0.925	prob	7993	7993	T	CCTGA	ok
Curlcake4	1665	1666	+	0.915	prob	7993	7993	T	CATTG	ok
Curlcake4	1666	1667	+	0.94	prob	7994	7994	T	ATTGG	ok
Curlcake4	1669	1670	+	0.8	prob	7989	7989	T	GGTTT	ok
Curlcake4	1670	1671	+	0.89	prob	7988	7988	T	GTTTG	ok
Curlcake4	1671	1672	+	0.865	prob	7989	7989	T	TTTGT	ok
Curlcake4	1673	1674	+	0.885	prob	7988	7988	T	TGTAG	ok
Curlcake4	1679	1680	+	0.815	prob	7988	7988	T	ACTGC	ok
Curlcake4	1682	1683	+	0.825	prob	7983	7983	T	GCTCG	ok
Curlcake4	1687	1688	+	0.935	prob	7984	7984	T	GGTGT	ok
Curlcake4	1689	1690	+	0.915	prob	7985	7985	T	TGTAC	ok
Curlcake4	1694	1695	+	0.89	prob	7986	7986	T	CGTCC	ok
Curlcake4	1702	1703	+	0.935	prob	7982	7982	T	GGTAC	ok
Curlcake4	1711	1712	+	0.86	prob	7982	7982	T	AATCA	ok
Curlcake4	1716	1717	+	0.895	prob	7982	7982	T	CGTCA	ok
Curlcake4	1720	1721	+	0.905	prob	7979	7979	T	ACTTG	ok
Curlcake4	1721	1722	+	0.925	prob	7978	7978	T	CTTGA	ok
Curlcake4	1730	1731	+	0.82	prob	7985	7985	T	GGTCC	ok
Curlcake4	1735	1736	+	0.945	prob	7983	7983	T	CGTGC	ok
Curlcake4	1738	1739	+	0.87	prob	7983	7983	T	GCTGT	ok
Curlcake4	1740	1741	+	0.945	prob	7981	7981	T	TGTGT	ok
Curlcake4	1742	1743	+	0.875	prob	7980	7980	T	TGTTA	ok
Curlcake4	1743	1744	+	0.845	prob	7980	7980	T	GTTAC	ok
Curlcake4	1753	1754	+	0.845	prob	7985	7985	T	AATAG	ok
Curlcake4	1761	1762	+	0.885	prob	7985	7985	T	CCTTT	ok
Curlcake4	1762	1763	+	0.91	prob	7988	7988	T	CTTTC	ok
Curlcake4	1763	1764	+	0.96	prob	7987	7987	T	TTTCG	ok
Curlcake4	1766	1767	+	0.89	prob	7987	7987	T	CGTTC	ok
Curlcake4	1767	1768	+	0.94	prob	7985	7985	T	GTTCA	ok
Curlcake4	1775	1776	+	0.89	prob	7986	7986	T	CATTG	ok
Curlcake4	1776	1777	+	0.825	prob	7988	7988	T	ATTGA	ok
Curlcake4	1785	1786	+	0.85	prob	7991	7991	T	CGTTC	ok
Curlcake4	1786	1787	+	0.795	prob	7989	7989	T	GTTCC	ok
Curlcake4	1803	1804	+	0.85	prob	7990	7990	T	GGTCA	ok
Curlcake4	1817	1818	+	0.915	prob	7990	7990	T	GGTCG	ok
Curlcake4	1821	1822	+	0.945	prob	7989	7989	T	GGTAT	ok
Curlcake4	1823	1824	+	0.905	prob	7989	7989	T	TATTC	ok
Curlcake4	1824	1825	+	0.925	prob	7985	7985	T	ATTCG	ok
Curlcake4	1838	1839	+	0.91	prob	7989	7989	T	CATAA	ok
Curlcake4	1846	1847	+	0.885	prob	7990	7990	T	GGTCC	ok
Curlcake4	1849	1850	+	0.95	prob	7992	7992	T	CCTCC	ok
Curlcake4	1852	1853	+	0.895	prob	7990	7990	T	CCTCA	ok
Curlcake4	1867	1868	+	0.875	prob	7991	7991	T	ACTCA	ok
Curlcake4	1874	1875	+	0.855	prob	7987	7987	T	CATAG	ok
Curlcake4	1883	1884	+	0.95	prob	7991	7991	T	AGTGT	ok
Curlcake4	1885	1886	+	0.89	prob	7990	7990	T	TGTTA	ok
Curlcake4	1886	1887	+	0.86	prob	7989	7989	T	GTTAG	ok
Curlcake4	1912	1913	+	0.915	prob	7990	7990	T	GATTG	ok
Curlcake4	1913	1914	+	0.935	prob	7991	7991	T	ATTGC	ok
Curlcake4	1922	1923	+	0.98	prob	7995	7995	T	CATCT	ok
Curlcake4	1924	1925	+	0.925	prob	7993	7993	T	TCTTC	ok
Curlcake4	1925	1926	+	0.925	prob	7994	7994	T	CTTCC	ok
Curlcake4	1929	1930	+	0.905	prob	7992	7992	T	CCTAT	ok
Curlcake4	1931	1932	+	0.9	prob	7992	7992	T	TATAA	ok
Curlcake4	1934	1935	+	0.935	prob	7991	7991	T	AATGA	ok
Curlcake4	1944	1945	+	0.88	prob	7990	7990	T	CCTTT	ok
Curlcake4	1945	1946	+	0.955	prob	7991	7991	T	CTTTC	ok
Curlcake4	1946	1947	+	0.955	prob	7991	7991	T	TTTCA	ok
Curlcake4	1952	1953	+	0.875	prob	7990	7990	T	AGTGG	ok
Curlcake4	1958	1959	+	0.9	prob	7987	7987	T	CGTCT	ok
Curlcake4	1960	1961	+	0.94	prob	7987	7987	T	TCTAC	ok
Curlcake4	1963	1964	+	0.96	prob	7987	7987	T	ACTAT	ok
Curlcake4	1965	1966	+	0.975	prob	7989	7989	T	TATGT	ok
Curlcake4	1967	1968	+	0.945	prob	7987	7987	T	TGTCT	ok
Curlcake4	1969	1970	+	0.905	prob	7989	7989	T	TCTTG	ok
Curlcake4	1970	1971	+	0.93	prob	7990	7990	T	CTTGG	ok
Curlcake4	1975	1976	+	0.935	prob	7989	7989	T	ACTGC	ok
Curlcake4	1983	1984	+	0.905	prob	7989	7989	T	GGTGT	ok
Curlcake4	1985	1986	+	0.895	prob	7990	7990	T	TGTCC	ok
Curlcake4	1988	1989	+	0.92	prob	7990	7990	T	CCTAC	ok
Curlcake4	1994	1995	+	0.955	prob	7990	7990	T	CATCG	ok
Curlcake4	1999	2000	+	0.86	prob	7989	7989	T	CGTGG	ok
Curlcake4	2003	2004	+	0.85	prob	7987	7987	T	GGTCC	ok
Curlcake4	2009	2010	+	0.825	prob	7989	7989	T	AGTCC	ok
Curlcake4	2014	2015	+	0.885	prob	7989	7989	T	CATTA	ok
Curlcake4	2015	2016	+	0.9	prob	7989	7989	T	ATTAG	ok
Curlcake4	2022	2023	+	0.955	prob	7985	7985	T	ACTTC	ok
Curlcake4	2023	2024	+	0.98	prob	7986	7986	T	CTTCT	ok
Curlcake4	2025	2026	+	0.915	prob	7988	7988	T	TCTCT	ok
Curlcake4	2027	2028	+	0.92	prob	7988	7988	T	TCTCC	ok
Curlcake4	2032	2033	+	0.95	prob	7989	7989	T	CGTCG	ok
Curlcake4	2036	2037	+	0.905	prob	7988	7988	T	GGTAC	ok
Curlcake4	2041	2042	+	0.97	prob	7989	7989	T	AATGT	ok
Curlcake4	2043	2044	+	0.97	prob	7987	7987	T	TGTTA	ok
Curlcake4	2044	2045	+	0.95	prob	7987	7987	T	GTTAC	ok
Curlcake4	2049	2050	+	0.925	prob	7987	7987	T	AGTTA	ok
Curlcake4	2050	2051	+	0.89	prob	7984	7984	T	GTTAA	ok
Curlcake4	2061	2062	+	0.905	prob	7985	7985	T	CCTCT	ok
Curlcake4	2063	2064	+	0.93	prob	7986	7986	T	TCTCA	ok
Curlcake4	2067	2068	+	0.935	prob	7988	7988	T	AATCG	ok
Curlcake4	2076	2077	+	0.915	prob	7990	7990	T	GCTGC	ok
Curlcake4	2087	2088	+	0.84	prob	7987	7987	T	GCTCG	ok
Curlcake4	2098	2099	+	0.845	prob	7989	7989	T	GGTAT	ok
Curlcake4	2100	2101	+	0.9	prob	7985	7985	T	TATCG	ok
Curlcake4	2109	2110	+	0.96	prob	7989	7989	T	GGTAG	ok
Curlcake4	2116	2117	+	0.81	prob	7989	7989	T	CGTAA	ok
Curlcake4	2121	2122	+	0.94	prob	7992	7992	T	AATCG	ok
Curlcake4	2125	2126	+	0.945	prob	7989	7989	T	GCTGA	ok
Curlcake4	2129	2130	+	0.945	prob	7988	7988	T	ACTCA	ok
Curlcake4	2138	2139	+	0.89	prob	7988	7988	T	ACTAT	ok
Curlcake4	2140	2141	+	0.95	prob	7989	7989	T	TATAG	ok
Curlcake4	2149	2150	+	0.95	prob	7991	7991	T	CGTGT	ok
Curlcake4	2151	2152	+	0.815	prob	7990	7990	T	TGTTG	ok
Curlcake4	2152	2153	+	0.945	prob	7991	7991	T	GTTGC	ok
Curlcake4	2156	2157	+	0.97	prob	7988	7988	T	CATGT	ok
Curlcake4	2158	2159	+	0.965	prob	7985	7985	T	TGTTT	ok
Curlcake4	2159	2160	+	0.945	prob	7989	7989	T	GTTTA	ok
Curlcake4	2160	2161	+	0.96	prob	7990	7990	T	TTTAA	ok
Curlcake4	2163	2164	+	0.94	prob	7988	7988	T	AATTA	ok
Curlcake4	2164	2165	+	0.935	prob	7985	7985	T	ATTAA	ok
Curlcake4	2172	2173	+	0.925	prob	7990	7990	T	CATCG	ok
Curlcake4	2175	2176	+	0.94	prob	7991	7991	T	CGTCC	ok
Curlcake4	2180	2181	+	0.885	prob	7994	7994	T	AATTT	ok
Curlcake4	2181	2182	+	0.935	prob	7995	7995	T	ATTTT	ok
Curlcake4	2182	2183	+	0.955	prob	7994	7994	T	TTTTC	ok
Curlcake4	2183	2184	+	0.995	prob	7994	7994	T	TTTCA	ok
Curlcake4	2186	2187	+	0.95	prob	7995	7995	T	CATAG	ok
Curlcake4	2190	2191	+	0.84	prob	7997	7997	T	GCTTA	ok
Curlcake4	2191	2192	+	0.875	prob	7998	7998	T	CTTAA	ok
Curlcake4	2196	2197	+	0.91	prob	8002	8002	T	GCTAA	ok
Curlcake4	2209	2210	+	0.93	prob	8007	8007	T	CCTTG	ok
Curlcake4	2210	2211	+	0.89	prob	8008	8008	T	CTTGA	ok
Curlcake4	2223	2224	+	0.85	prob	8012	8012	T	AATTC	ok
Curlcake4	2224	2225	+	0.92	prob	8012	8012	T	ATTCC	ok
Curlcake4	2227	2228	+	0.88	prob	8013	8013	T	CCTTA	ok
Curlcake4	2228	2229	+	0.925	prob	8013	8013	T	CTTAC	ok
Curlcake4	2234	2235	+	0.91	prob	8016	8016	T	AATGT	ok
Curlcake4	2236	2237	+	0.92	prob	8014	8014	T	TGTGG	ok
Curlcake4	2244	2245	+	0.91	prob	8018	8018	T	ACTGT	ok
Curlcake4	2246	2247	+	0.975	prob	8015	8015	T	TGTTC	ok
Curlcake4	2247	2248	+	0.97	prob	8015	8015	T	GTTCC	ok
Curlcake4	2251	2252	+	0.89	prob	8013	8013	T	CATAG	ok
Curlcake4	2267	2268	+	0.9	prob	8017	8017	T	AGTTC	ok
Curlcake4	2268	2269	+	0.885	prob	8018	8018	T	GTTCC	ok
Curlcake4	2272	2273	+	0.94	prob	8017	8017	T	CCTCC	ok
Curlcake4	2276	2277	+	0.9	prob	8018	8018	T	CATAA	ok
Curlcake4	2280	2281	+	0.915	prob	8020	8020	T	AATCA	ok
Curlcake4	2284	2285	+	0.835	prob	8020	8020	T	ACTGT	ok
Curlcake4	2286	2287	+	0.795	prob	8020	8020	T	TGTTC	ok
Curlcake4	2287	2288	+	0.81	prob	8019	8019	T	GTTCG	ok
Curlcake4	2290	2291	+	0.92	prob	8019	8019	T	CGTAT	ok
Curlcake4	2292	2293	+	0.91	prob	8021	8021	T	TATCC	ok
Curlcake4	2299	2300	+	0.935	prob	8025	8025	T	GGTCA	ok
Curlcake4	2303	2304	+	0.895	prob	8026	8026	T	ACTCG	ok
Curlcake4	2308	2309	+	0.94	prob	8028	8028	T	AATGG	ok
Curlcake4	2313	2314	+	0.965	prob	8033	8033	T	AGTGT	ok
Curlcake4	2315	2316	+	0.91	prob	8033	8033	T	TGTAC	ok
Curlcake4	2320	2321	+	0.865	prob	8036	8036	T	ACTAA	ok
Curlcake4	2325	2326	+	0.925	prob	8041	8041	T	GCTTA	ok
Curlcake4	2326	2327	+	0.88	prob	8038	8038	T	CTTAC	ok
Curlcake4	2334	2335	+	0.95	prob	8039	8039	T	GGTGT	ok
Curlcake4	2336	2337	+	0.845	prob	8034	8034	T	TGTAC	ok
Curlcake4	2339	2340	+	0.96	prob	8035	8035	T	ACTGC	ok
Curlcake4	2348	2349	+	0.89	prob	8034	8034	T	AATAA	ok
Curlcake4	2352	2353	+	0.935	prob	8031	8031	T	AGTAA	ok
Curlcake4	2357	2358	+	0.965	prob	8031	8031	T	CATAG	ok
Curlcake4	2362	2363	+	0.945	prob	8034	8034	T	CCTCC	ok
Curlcake4	2367	2368	+	0.96	prob	8038	8038	T	AATGT	ok
Curlcake4	2369	2370	+	0.935	prob	8039	8039	T	TGTTG	ok
Curlcake4	2370	2371	+	0.955	prob	8037	8037	T	GTTGG	ok
Curlcake4	2374	2375	+	0.89	prob	8037	8037	T	GATTG	ok
Curlcake4	2375	2376	+	0.955	prob	8037	8037	T	ATTGT	ok
Curlcake4	2377	2378	+	0.865	prob	8036	8036	T	TGTGT	ok
Curlcake4	2379	2380	+	0.875	prob	8035	8035	T	TGTTC	ok
Curlcake4	2380	2381	+	0.95	prob	8034	8034	T	GTTCT	ok
Curlcake4	2382	2383	+	0.935	prob	8034	8034	T	TCTAC	ok
Curlcake4	2387	2388	+	0.905	prob	8034	8034	T	CATGG	ok
Curlcake4	2390	2391	+	0.895	prob	8037	8037	T	GGTGT	ok
Curlcake4	2392	2393	+	0.91	prob	8037	8037	T	TGTGG	ok
Curlcake4	2395	2396	+	0.96	prob	8040	8040	T	GGTAT	ok
Curlcake4	2397	2398	+	0.97	prob	8039	8039	T	TATCA	ok
Curlcake4	2401	2402	+	0.945	prob	8041	8041	T	AGTCG	ok
Curlcake4	2405	2406	+	0.935	prob	8037	8037	T	GCTGC	ok
Curlcake4	2410	2411	+	0.945	prob	8035	8035	T	GCTGA	ok
Curlcake4	2414	2415	+	0.945	prob	8034	8034	T	AGTGA	ok
Curlcake4	2418	2419	+	0.95	prob	8035	8035	T	AGTCA	ok
Curlcake4	2426	2427	+	0.93	prob	8017	8017	T	AATCG	ok
Curlcake4	2434	2435	+	0.965	prob	8018	8018	T	GGTAA	ok
Curlcake4	2438	2439	+	0.96	prob	8020	8020	T	AGTTT	ok
Curlcake4	2439	2440	+	0.895	prob	8021	8021	T	GTTTA	ok
Curlcake4	2440	2441	+	0.95	prob	8022	8022	T	TTTAG	ok
Curlcake4	2448	2449	+	0.86	prob	8025	8025	T	AGTAA	ok
Curlcake4	2452	2453	+	0.925	prob	8032	8032	T	AGTAT	ok
Curlcake4	2454	2455	+	0.91	prob	8032	8032	T	TATTG	ok
Curlcake4	2455	2456	+	0.85	prob	8033	8033	T	ATTGC	ok
Curlcake4	2461	2462	+	0.94	prob	8032	8032	T	CGTAG	ok
Curlcake4	2464	2465	+	0.91	prob	8038	8038	T	AGTCG	ok
Curlcake4	2474	2475	+	0.95	prob	8038	8038	T	GATGC	ok
Curlcake4	2483	2484	+	0.955	prob	8041	8041	T	AATCA	ok
Curlcake4	2486	2487	+	0.915	prob	8042	8042	T	CATCC	ok
Curlcake4	2490	2491	+	0.935	prob	8041	8041	T	CATCG	ok
Curlcake4	2501	2502	+	0.935	prob	8041	8041	T	CCTCT	ok
Curlcake4	2503	2504	+	0.735	prob	8042	8042	T	TCTTT	ok
Curlcake4	2504	2505	+	0.905	prob	8042	8042	T	CTTTT	ok
Curlcake4	2505	2506	+	0.92	prob	8043	8043	T	TTTTA	ok
Curlcake4	2506	2507	+	0.915	prob	8039	8039	T	TTTAC	ok
Curlcake4	2509	2510	+	0.87	prob	8032	8032	T	ACTTT	ok
Curlcake4	2510	2511	+	0.835	prob	8033	8033	T	CTTTA	ok
Curlcake4	2511	2512	+	0.955	prob	8031	8031	T	TTTAT	ok
Curlcake4	2513	2514	+	0.995	prob	8031	8031	T	TATAT	ok
Curlcake4	2515	2516	+	0.92	prob	8030	8030	T	TATCC	ok
Curlcake4	2518	2519	+	0.705	prob	8030	8030	T	CCTTG	ok
Curlcake4	2519	2520	+	0.915	prob	8030	8030	T	CTTGC	ok
Curlcake4	2524	2525	+	0.885	prob	8031	8031	T	CGTAG	ok
Curlcake4	2530	2531	+	0.915	prob	8037	8037	T	CATGG	ok
Curlcake4	2533	2534	+	0.855	prob	8039	8039	T	GGTGA	ok
Curlcake4	2541	2542	+	0.895	prob	8041	8041	T	CATTA	ok
Curlcake4	2542	2543	+	0.88	prob	8042	8042	T	ATTAG	ok
Curlcake4	2549	2550	+	0.925	prob	8042	8042	T	GGTAA	ok
Curlcake4	2552	2553	+	0.93	prob	8042	8042	T	AATCA	ok
Curlcake4	2558	2559	+	0.94	prob	8044	8044	T	CCTCT	ok
Curlcake4	2560	2561	+	0.93	prob	8046	8046	T	TCTTA	ok
Curlcake4	2561	2562	+	0.93	prob	8047	8047	T	CTTAG	ok
Curlcake4	2564	2565	+	0.91	prob	8052	8052	T	AGTCC	ok
Curlcake4	2568	2569	+	0.92	prob	8051	8051	T	CATCT	ok
Curlcake4	2570	2571	+	0.93	prob	8048	8048	T	TCTCG	ok
Curlcake4	2578	2579	+	0.96	prob	8051	8051	T	CATCG	ok
Curlcake4	2583	2584	+	0.82	prob	8056	8056	T	AATTT	ok
Curlcake4	2584	2585	+	0.93	prob	8055	8055	T	ATTTC	ok
Curlcake4	2585	2586	+	0.975	prob	8055	8055	T	TTTCA	ok
Curlcake4	2588	2589	+	0.9	prob	8058	8058	T	CATTA	ok
Curlcake4	2589	2590	+	0.945	prob	8059	8059	T	ATTAT	ok
Curlcake4	2591	2592	+	0.96	prob	8060	8060	T	TATAC	ok
Curlcake4	2594	2595	+	0.94	prob	8062	8062	T	ACTCC	ok
Curlcake4	2600	2601	+	0.915	prob	8064	8064	T	CCTTG	ok
Curlcake4	2601	2602	+	0.87	prob	8065	8065	T	CTTGG	ok
Curlcake4	2608	2609	+	0.945	prob	8070	8070	T	ACTTA	ok
Curlcake4	2609	2610	+	0.91	prob	8070	8070	T	CTTAC	ok
Curlcake4	2613	2614	+	0.94	prob	8067	8067	T	CATTA	ok
Curlcake4	2614	2615	+	0.975	prob	8066	8066	T	ATTAG	ok
Curlcake4	2620	2621	+	0.895	prob	8074	8074	T	AGTCT	ok
Curlcake4	2622	2623	+	0.92	prob	8076	8076	T	TCTAC	ok
Curlcake4	2627	2628	+	0.865	prob	8079	8079	T	GCTCT	ok
Curlcake4	2629	2630	+	0.885	prob	8081	8081	T	TCTCG	ok
Curlcake4	2632	2633	+	0.865	prob	8083	8083	T	CGTTG	ok
Curlcake4	2633	2634	+	0.855	prob	8084	8084	T	GTTGC	ok
Curlcake4	2640	2641	+	0.915	prob	8076	8076	T	GGTCC	ok
Curlcake4	2645	2646	+	0.935	prob	8075	8075	T	ACTCA	ok
Curlcake4	2649	2650	+	0.89	prob	8075	8075	T	ACTAC	ok
Curlcake4	2652	2653	+	0.975	prob	8075	8075	T	ACTAT	ok
Curlcake4	2654	2655	+	0.9	prob	8074	8074	T	TATCT	ok
Curlcake4	2656	2657	+	0.88	prob	8074	8074	T	TCTGA	ok
Curlcake4	2663	2664	+	0.935	prob	8075	8075	T	ACTCG	ok
Curlcake4	2672	2673	+	0.895	prob	8064	8064	T	CATCG	ok
Curlcake4	2679	2680	+	0.85	prob	8060	8060	T	CCTGC	ok
Curlcake4	2685	2686	+	0.67	prob	8064	8064	T	GGTAC	ok
Curlcake4	2690	2691	+	0.88	prob	8060	8060	T	ACTGG	ok
Curlcake4	2693	2694	+	0.845	prob	8058	8058	T	GGTCA	ok
Curlcake4	2707	2708	+	0.835	prob	8036	8036	T	GATGC	ok
Curlcake4	2734	2735	+	0.88	prob	7761	7761	T	CATGT	ok
Curlcake4	2736	2737	+	0.865	prob	7598	7598	T	TGTAG	ok
Curlcake1	22	23	-	0.77	prob	21	21	A	CTATA	ok
Curlcake1	30	31	-	0.685	prob	21	21	A	AGATC	ok
Curlcake1	43	44	-	0.67	prob	21	21	A	GAAGT	ok
Curlcake1	48	49	-	0.76	prob	21	21	A	CGATG	ok
Curlcake1	51	52	-	0.705	prob	21	21	A	TGAAT	ok
Curlcake1	52	53	-	0.8	prob	21	21	A	GAATC	ok
Curlcake1	55	56	-	0.925	prob	21	21	A	TCAAA	ok
Curlcake1	56	57	-	0.88	prob	21	21	A	CAAAA	ok
Curlcake1	57	58	-	0.835	prob	21	21	A	AAAAA	ok
Curlcake1	59	60	-	0.865	prob	22	22	A	AAACC	ok
Curlcake1	71	72	-	0.965	prob	27	27	A	CTATC	ok
Curlcake1	78	79	-	0.95	prob	32	32	A	ACAAC	ok
Curlcake1	83	84	-	0.58	prob	33	33	A	GAACG	ok
Curlcake1	86	87	-	0.855	prob	33	33	A	CGAGT	ok
Curlcake1	147	148	-	0.855	prob	29	29	A	ATATG	ok
Curlcake1	153	154	-	0.965	prob	29	29	A	GGACG	ok
Curlcake1	162	163	-	0.93	prob	29	29	A	TCAAA	ok
Curlcake1	163	164	-	0.98	prob	28	28	A	CAAAT	ok
Curlcake1	164	165	-	0.91	prob	28	28	A	AAATC	ok
Curlcake1	168	169	-	0.89	prob	27	27	A	CCACA	ok
Curlcake1	190	191	-	1	prob	25	25	A	TAATT	ok
Curlcake1	212	213	-	0.755	prob	31	31	A	CTACC	ok
Curlcake1	222	223	-	0.985	prob	34	34	A	CTAGT	ok
Curlcake1	233	234	-	0.98	prob	33	33	A	CAATA	ok
Curlcake1	251	252	-	0.995	prob	43	43	A	CGAAA	ok
Curlcake1	252	253	-	0.98	prob	43	43	A	GAAAG	ok
Curlcake1	259	260	-	0.98	prob	50	50	A	AAACA	ok
Curlcake1	275	276	-	0.965	prob	57	57	A	CTATC	ok
Curlcake1	282	283	-	0.92	prob	55	55	A	TCATT	ok
Curlcake1	293	294	-	0.965	prob	55	55	A	GTAAC	ok
Curlcake1	300	301	-	0.94	prob	55	55	A	CAATC	ok
Curlcake1	310	311	-	0.98	prob	55	55	A	GCAAC	ok
Curlcake1	314	315	-	0.99	prob	56	56	A	CTAGC	ok
Curlcake1	337	338	-	0.995	prob	58	58	A	CGAGG	ok
Curlcake1	375	376	-	0.97	prob	54	54	A	ATACC	ok
Curlcake1	378	379	-	1	prob	53	53	A	CCATA	ok
Curlcake1	387	388	-	0.955	prob	52	52	A	CAACA	ok
Curlcake1	401	402	-	0.965	prob	49	49	A	AGAGT	ok
Curlcake1	415	416	-	0.795	prob	47	47	A	TAACA	ok
Curlcake1	424	425	-	0.73	prob	41	41	A	ATAGC	ok
Curlcake1	435	436	-	0.685	prob	39	39	A	CAACG	ok
Curlcake1	441	442	-	0.89	prob	38	38	A	AAAAG	ok
Curlcake1	453	454	-	0.975	prob	37	37	A	GTAAT	ok
Curlcake1	454	455	-	0.56	prob	37	37	A	TAATA	ok
Curlcake1	468	469	-	0.87	prob	33	33	A	GCACC	ok
Curlcake1	473	474	-	0.69	prob	32	32	A	GCATC	ok
Curlcake1	499	500	-	0.96	prob	29	29	A	TTAAT	ok
Curlcake1	587	588	-	0.995	prob	21	21	A	ACATG	ok
Curlcake1	613	614	-	0.95	prob	22	22	A	GGAAG	ok
Curlcake1	614	615	-	0.975	prob	22	22	A	GAAGC	ok
Curlcake1	622	623	-	0.61	prob	21	21	A	AAATA	ok
Curlcake1	647	648	-	0.915	prob	73	73	A	GTACA	ok
Curlcake1	649	650	-	0.955	prob	73	73	A	ACAAA	ok
Curlcake1	650	651	-	0.885	prob	73	73	A	CAAAG	ok
Curlcake1	661	662	-	0.985	prob	75	75	A	AGAGT	ok
Curlcake1	680	681	-	0.925	prob	79	79	A	TCATA	ok
Curlcake1	687	688	-	0.94	prob	79	79	A	GGACT	ok
Curlcake1	693	694	-	0.95	prob	79	79	A	GCAAA	ok
Curlcake1	715	716	-	0.585	prob	84	84	A	TGAGG	ok
Curlcake1	723	724	-	0.52	prob	84	84	A	CCAAG	ok
Curlcake1	724	725	-	0.84	prob	83	83	A	CAAGC	ok
Curlcake1	737	738	-	0.925	prob	76	76	A	CAAGG	ok
Curlcake1	783	784	-	0.875	prob	67	67	A	CCACG	ok
Curlcake1	791	792	-	0.945	prob	69	69	A	TAAAC	ok
Curlcake1	792	793	-	0.93	prob	66	66	A	AAACC	ok
Curlcake1	808	809	-	0.96	prob	60	60	A	ACACT	ok
Curlcake1	856	857	-	0.695	prob	56	56	A	ACAAC	ok
Curlcake1	866	867	-	1	prob	56	56	A	TTACG	ok
Curlcake1	872	873	-	0.995	prob	60	60	A	GTATA	ok
Curlcake1	902	903	-	0.73	prob	73	73	A	TAAGG	ok
Curlcake1	915	916	-	0.945	prob	71	71	A	TTACC	ok
Curlcake1	971	972	-	0.965	prob	67	67	A	AAATC	ok
Curlcake1	991	992	-	0.99	prob	61	61	A	TCAGG	ok
Curlcake1	997	998	-	0.885	prob	60	60	A	ATAGC	ok
Curlcake1	1011	1012	-	0.93	prob	62	62	A	CTAAT	ok
Curlcake1	1012	1013	-	0.725	prob	62	62	A	TAATT	ok
Curlcake1	1015	1016	-	0.985	prob	62	62	A	TTATA	ok
Curlcake1	1019	1020	-	0.91	prob	60	60	A	ACAAC	ok
Curlcake1	1023	1024	-	0.955	prob	60	60	A	CTATT	ok
Curlcake1	1028	1029	-	0.835	prob	57	57	A	CGATC	ok
Curlcake1	1031	1032	-	0.935	prob	56	56	A	TCAAG	ok
Curlcake1	1057	1058	-	0.9	prob	53	53	A	TCACT	ok
Curlcake1	1060	1061	-	0.98	prob	53	53	A	CTATG	ok
Curlcake1	1131	1132	-	0.975	prob	38	38	A	GTAGT	ok
Curlcake1	1137	1138	-	0.87	prob	36	36	A	GCAAT	ok
Curlcake1	1138	1139	-	0.875	prob	37	37	A	CAATG	ok
Curlcake1	1144	1145	-	0.995	prob	40	40	A	CAAAC	ok
Curlcake1	1215	1216	-	0.785	prob	888	888	A	ACATA	ok
Curlcake1	1218	1219	-	0.91	prob	897	897	A	TAACT	ok
Curlcake1	1244	1245	-	0.765	prob	910	910	A	CCAGG	ok
Curlcake1	1247	1248	-	0.92	prob	910	910	A	GGACA	ok
Curlcake1	1252	1253	-	0.885	prob	912	912	A	AAAAT	ok
Curlcake1	1256	1257	-	0.93	prob	923	923	A	TCAGC	ok
Curlcake1	1260	1261	-	0.75	prob	951	951	A	CGACG	ok
Curlcake1	1263	1264	-	0.825	prob	995	995	A	CGAAC	ok
Curlcake1	1264	1265	-	0.845	prob	1002	1002	A	GAACC	ok
Curlcake1	1278	1279	-	0.78	prob	1089	1089	A	TTAAG	ok
Curlcake1	1284	1285	-	0.81	prob	1088	1088	A	GAAAT	ok
Curlcake1	1304	1305	-	0.845	prob	1065	1065	A	GCATG	ok
Curlcake1	1360	1361	-	0.895	prob	823	823	A	ATACA	ok
Curlcake1	1373	1374	-	0.69	prob	702	702	A	GAACC	ok
Curlcake1	1403	1404	-	0.77	prob	440	440	A	GTATC	ok
Curlcake1	1409	1410	-	0.825	prob	394	394	A	TCAAA	ok
Curlcake1	1419	1420	-	0.945	prob	347	347	A	GCATT	ok
Curlcake1	1467	1468	-	0.91	prob	237	237	A	CTACT	ok
Curlcake1	1483	1484	-	0.885	prob	185	185	A	CAAAT	ok
Curlcake1	1484	1485	-	0.915	prob	179	179	A	AAATT	ok
Curlcake1	1492	1493	-	0.725	prob	169	169	A	GTAGC	ok
Curlcake1	1497	1498	-	0.55	prob	167	167	A	AAATA	ok
Curlcake1	1538	1539	-	0.805	prob	93	93	A	CAACC	ok
Curlcake1	1551	1552	-	0.935	prob	74	74	A	ATAAC	ok
Curlcake1	1552	1553	-	0.75	prob	74	74	A	TAACT	ok
Curlcake1	1560	1561	-	0.9	prob	69	69	A	AAAGG	ok
Curlcake1	1582	1583	-	0.76	prob	71	71	A	GGAGG	ok
Curlcake1	1588	1589	-	0.68	prob	66	66	A	AAATA	ok
Curlcake1	1595	1596	-	0.74	prob	61	61	A	GCAAT	ok
Curlcake1	1614	1615	-	0.7	prob	52	52	A	ACAGG	ok
Curlcake1	1625	1626	-	0.955	prob	56	56	A	TCAAC	ok
Curlcake1	1626	1627	-	0.965	prob	55	55	A	CAACA	ok
Curlcake1	1628	1629	-	0.58	prob	53	53	A	ACATC	ok
Curlcake1	1653	1654	-	0.845	prob	47	47	A	GTATT	ok
Curlcake1	1661	1662	-	0.825	prob	41	41	A	TCAAG	ok
Curlcake1	1662	1663	-	1	prob	41	41	A	CAAGG	ok
Curlcake1	1688	1689	-	0.875	prob	37	37	A	GAATC	ok
Curlcake1	1776	1777	-	0.97	prob	23	23	A	ACAAA	ok
Curlcake1	1807	1808	-	0.915	prob	21	21	A	CGATA	ok
Curlcake1	1834	1835	-	0.75	prob	21	21	A	GTACC	ok
Curlcake1	1840	1841	-	0.605	prob	22	22	A	GGATC	ok
Curlcake1	1874	1875	-	0.8	prob	21	21	A	CGAAG	ok
Curlcake1	1888	1889	-	0.98	prob	22	22	A	GTATG	ok
Curlcake1	1897	1898	-	0.865	prob	21	21	A	TGAGT	ok
Curlcake1	1900	1901	-	0.965	prob	22	22	A	GTAGC	ok
Curlcake1	1938	1939	-	0.975	prob	27	27	A	AGATG	ok
Curlcake1	1961	1962	-	1	prob	26	26	A	GGAAG	ok
Curlcake1	1975	1976	-	0.915	prob	31	31	A	CGACA	ok
Curlcake1	1982	1983	-	0.965	prob	51	51	A	TGAAC	ok
Curlcake1	1993	1994	-	0.75	prob	85	85	A	TAACG	ok
Curlcake1	2000	2001	-	0.905	prob	94	94	A	ACAGG	ok
Curlcake1	2016	2017	-	0.865	prob	92	92	A	GTATC	ok
Curlcake1	2023	2024	-	0.905	prob	92	92	A	GCAAG	ok
Curlcake1	2024	2025	-	0.94	prob	92	92	A	CAAGT	ok
Curlcake1	2042	2043	-	0.79	prob	92	92	A	TCACT	ok
Curlcake1	2053	2054	-	0.915	prob	89	89	A	AAAAT	ok
Curlcake1	2063	2064	-	0.98	prob	89	89	A	CGAGG	ok
Curlcake1	2085	2086	-	0.98	prob	85	85	A	GCACG	ok
Curlcake1	2107	2108	-	0.885	prob	89	89	A	GGAGT	ok
Curlcake1	2111	2112	-	1	prob	92	92	A	TCAAA	ok
Curlcake1	2112	2113	-	0.985	prob	95	95	A	CAAAG	ok
Curlcake1	2113	2114	-	0.87	prob	93	93	A	AAAGC	ok
Curlcake1	2122	2123	-	0.84	prob	84	84	A	ATATC	ok
Curlcake1	2128	2129	-	0.78	prob	83	83	A	TGACC	ok
Curlcake1	2189	2190	-	0.995	prob	38	38	A	ATACG	ok
Curlcake1	2192	2193	-	0.97	prob	28	28	A	CGACG	ok
Curlcake1	2197	2198	-	0.995	prob	24	24	A	GGAGT	ok
Curlcake2	0	1	-	0.93	prob	86	86	A	NNNNN	ok
Curlcake2	5	6	-	0.87	prob	93	93	A	ATAAT	ok
Curlcake2	6	7	-	0.82	prob	95	95	A	TAATT	ok
Curlcake2	12	13	-	0.91	prob	110	110	A	ATACG	ok
Curlcake2	15	16	-	0.87	prob	117	117	A	CGACT	ok
Curlcake2	19	20	-	0.9	prob	131	131	A	TCACT	ok
Curlcake2	24	25	-	0.845	prob	131	131	A	ATAGG	ok
Curlcake2	54	55	-	0.895	prob	140	140	A	CCATT	ok
Curlcake2	71	72	-	0.805	prob	140	140	A	CTACC	ok
Curlcake2	104	105	-	0.915	prob	143	143	A	CGAGC	ok
Curlcake2	123	124	-	0.935	prob	138	138	A	TCAGC	ok
Curlcake2	146	147	-	0.87	prob	131	131	A	GCATA	ok
Curlcake2	148	149	-	0.64	prob	129	129	A	ATATT	ok
Curlcake2	159	160	-	0.9	prob	128	128	A	TCACT	ok
Curlcake2	169	170	-	0.935	prob	122	122	A	CTAGA	ok
Curlcake2	176	177	-	0.66	prob	120	120	A	CAATA	ok
Curlcake2	178	179	-	0.835	prob	120	120	A	ATATC	ok
Curlcake2	186	187	-	0.79	prob	116	116	A	CGATG	ok
Curlcake2	202	203	-	0.86	prob	113	113	A	CAAGT	ok
Curlcake2	228	229	-	0.92	prob	112	112	A	AGAGC	ok
Curlcake2	232	233	-	0.93	prob	113	113	A	CAATA	ok
Curlcake2	260	261	-	0.735	prob	107	107	A	CAAGG	ok
Curlcake2	265	266	-	0.925	prob	105	105	A	GGAAT	ok
Curlcake2	269	270	-	0.925	prob	105	105	A	TCATA	ok
Curlcake2	271	272	-	0.975	prob	105	105	A	ATAGG	ok
Curlcake2	274	275	-	0.685	prob	105	105	A	GGAAA	ok
Curlcake2	276	277	-	0.865	prob	102	102	A	AAAAG	ok
Curlcake2	277	278	-	0.9	prob	102	102	A	AAAGC	ok
Curlcake2	285	286	-	0.945	prob	98	98	A	CAAAG	ok
Curlcake2	293	294	-	0.925	prob	95	95	A	CTAAA	ok
Curlcake2	296	297	-	0.915	prob	95	95	A	AAAAA	ok
Curlcake2	298	299	-	0.905	prob	96	96	A	AAAAC	ok
Curlcake2	326	327	-	0.845	prob	85	85	A	AGATT	ok
Curlcake2	333	334	-	0.74	prob	85	85	A	GGACT	ok
Curlcake2	359	360	-	0.975	prob	126	126	A	AAAGG	ok
Curlcake2	412	413	-	0.95	prob	123	123	A	ATATC	ok
Curlcake2	416	417	-	0.995	prob	122	122	A	CGAAA	ok
Curlcake2	421	422	-	0.985	prob	120	120	A	ACATA	ok
Curlcake2	441	442	-	0.975	prob	107	107	A	GCAGA	ok
Curlcake2	456	457	-	0.755	prob	101	101	A	GAAGC	ok
Curlcake2	486	487	-	0.99	prob	92	92	A	GGACA	ok
Curlcake2	511	512	-	0.935	prob	106	106	A	GTAGT	ok
Curlcake2	517	518	-	0.82	prob	102	102	A	AAATT	ok
Curlcake2	521	522	-	0.87	prob	101	101	A	TGATA	ok
Curlcake2	523	524	-	0.97	prob	100	100	A	ATACA	ok
Curlcake2	534	535	-	0.905	prob	101	101	A	TAATC	ok
Curlcake2	555	556	-	0.95	prob	84	84	A	CGACG	ok
Curlcake2	565	566	-	0.965	prob	85	85	A	TGACA	ok
Curlcake2	582	583	-	0.91	prob	79	79	A	GTAAG	ok
Curlcake2	586	587	-	0.99	prob	78	78	A	GTATA	ok
Curlcake2	588	589	-	0.855	prob	78	78	A	ATAAC	ok
Curlcake2	617	618	-	0.97	prob	78	78	A	CTAAG	ok
Curlcake2	626	627	-	0.92	prob	81	81	A	GAAAA	ok
Curlcake2	629	630	-	0.995	prob	81	81	A	AAAAG	ok
Curlcake2	646	647	-	0.965	prob	74	74	A	CAAAC	ok
Curlcake2	672	673	-	0.925	prob	71	71	A	CGATA	ok
Curlcake2	701	702	-	0.965	prob	62	62	A	GCAAG	ok
Curlcake2	718	719	-	0.98	prob	58	58	A	TGATC	ok
Curlcake2	722	723	-	1	prob	57	57	A	CAATG	ok
Curlcake2	730	731	-	1	prob	58	58	A	CGAAA	ok
Curlcake2	740	741	-	0.915	prob	60	60	A	TGATA	ok
Curlcake2	742	743	-	0.975	prob	60	60	A	ATAGT	ok
Curlcake2	772	773	-	1	prob	59	59	A	TGAAT	ok
Curlcake2	804	805	-	0.66	prob	61	61	A	GAACG	ok
Curlcake2	828	829	-	0.975	prob	62	62	A	ACAAA	ok
Curlcake2	829	830	-	0.97	prob	62	62	A	CAAAG	ok
Curlcake2	847	848	-	0.99	prob	64	64	A	CGAGC	ok
Curlcake2	863	864	-	0.945	prob	66	66	A	CAAGC	ok
Curlcake2	868	869	-	0.92	prob	69	69	A	ATATG	ok
Curlcake2	889	890	-	1	prob	68	68	A	CCACA	ok
Curlcake2	902	903	-	0.925	prob	68	68	A	TCAAC	ok
Curlcake2	922	923	-	0.955	prob	67	67	A	GAAGC	ok
Curlcake2	927	928	-	0.98	prob	67	67	A	TGACG	ok
Curlcake2	936	937	-	0.93	prob	66	66	A	CCAAA	ok
Curlcake2	955	956	-	0.935	prob	71	71	A	ATAAT	ok
Curlcake2	975	976	-	0.725	prob	70	70	A	AAACA	ok
Curlcake2	998	999	-	1	prob	69	69	A	TCATT	ok
Curlcake2	1005	1006	-	1	prob	68	68	A	ATACG	ok
Curlcake2	1010	1011	-	0.935	prob	68	68	A	TAACA	ok
Curlcake2	1015	1016	-	0.93	prob	67	67	A	TCAAT	ok
Curlcake2	1039	1040	-	1	prob	65	65	A	GTATG	ok
Curlcake2	1066	1067	-	0.98	prob	112	112	A	CGAAC	ok
Curlcake2	1067	1068	-	0.88	prob	112	112	A	GAACC	ok
Curlcake2	1086	1087	-	0.92	prob	108	108	A	TCACG	ok
Curlcake2	1091	1092	-	0.875	prob	107	107	A	CCATA	ok
Curlcake2	1099	1100	-	0.915	prob	105	105	A	TTAAC	ok
Curlcake2	1137	1138	-	0.865	prob	121	121	A	ATAGC	ok
Curlcake2	1159	1160	-	0.98	prob	118	118	A	GTAGT	ok
Curlcake2	1168	1169	-	0.695	prob	109	109	A	AAAAG	ok
Curlcake2	1169	1170	-	0.89	prob	109	109	A	AAAGT	ok
Curlcake2	1214	1215	-	0.915	prob	95	95	A	ATATG	ok
Curlcake2	1226	1227	-	0.96	prob	92	92	A	ACAGA	ok
Curlcake2	1265	1266	-	0.915	prob	75	75	A	TGAGG	ok
Curlcake2	1277	1278	-	0.885	prob	70	70	A	AGATG	ok
Curlcake2	1322	1323	-	0.875	prob	60	60	A	GGAAG	ok
Curlcake2	1323	1324	-	1	prob	60	60	A	GAAGC	ok
Curlcake2	1332	1333	-	0.785	prob	58	58	A	TAAAA	ok
Curlcake2	1354	1355	-	0.925	prob	58	58	A	ACAAT	ok
Curlcake2	1392	1393	-	0.925	prob	55	55	A	TCACT	ok
Curlcake2	1400	1401	-	0.995	prob	54	54	A	TAAAG	ok
Curlcake2	1405	1406	-	0.99	prob	54	54	A	CCATT	ok
Curlcake2	1424	1425	-	0.715	prob	125	125	A	GTAAT	ok
Curlcake2	1425	1426	-	0.775	prob	125	125	A	TAATA	ok
Curlcake2	1452	1453	-	0.725	prob	125	125	A	ATAGT	ok
Curlcake2	1476	1477	-	0.985	prob	127	127	A	TCAAA	ok
Curlcake2	1481	1482	-	0.955	prob	127	127	A	TGAGC	ok
Curlcake2	1486	1487	-	0.995	prob	127	127	A	CGACG	ok
Curlcake2	1493	1494	-	0.775	prob	128	128	A	GTATT	ok
Curlcake2	1516	1517	-	0.96	prob	124	124	A	CCACG	ok
Curlcake2	1536	1537	-	0.915	prob	116	116	A	GGATT	ok
Curlcake2	1555	1556	-	0.84	prob	105	105	A	TTAGA	ok
Curlcake2	1564	1565	-	0.925	prob	97	97	A	CTATT	ok
Curlcake2	1569	1570	-	0.81	prob	95	95	A	ATACG	ok
Curlcake2	1589	1590	-	0.915	prob	89	89	A	CGAGG	ok
Curlcake2	1602	1603	-	0.79	prob	90	90	A	CTAAT	ok
Curlcake2	1623	1624	-	0.705	prob	85	85	A	ACACC	ok
Curlcake2	1628	1629	-	0.575	prob	84	84	A	TAACG	ok
Curlcake2	1644	1645	-	0.93	prob	77	77	A	TTAGA	ok
Curlcake2	1662	1663	-	1	prob	71	71	A	AGAAC	ok
Curlcake2	1663	1664	-	0.89	prob	71	71	A	GAACT	ok
Curlcake2	1687	1688	-	0.735	prob	73	73	A	GGATG	ok
Curlcake2	1719	1720	-	0.95	prob	67	67	A	TCAAG	ok
Curlcake2	1749	1750	-	0.95	prob	63	63	A	GTAAA	ok
Curlcake2	1751	1752	-	0.795	prob	62	62	A	AAAGA	ok
Curlcake2	1761	1762	-	0.89	prob	59	59	A	GGATG	ok
Curlcake2	1769	1770	-	0.92	prob	62	62	A	AGATT	ok
Curlcake2	1773	1774	-	0.965	prob	63	63	A	TTATT	ok
Curlcake2	1790	1791	-	0.895	prob	89	89	A	GGACC	ok
Curlcake2	1819	1820	-	0.855	prob	94	94	A	TAAGT	ok
Curlcake2	1845	1846	-	0.975	prob	90	90	A	TGAGC	ok
Curlcake2	1862	1863	-	0.955	prob	88	88	A	TCACC	ok
Curlcake2	1865	1866	-	0.78	prob	86	86	A	CCAGG	ok
Curlcake2	1874	1875	-	0.98	prob	79	79	A	GGAGA	ok
Curlcake2	1903	1904	-	0.965	prob	72	72	A	TCAGA	ok
Curlcake2	1905	1906	-	0.89	prob	72	72	A	AGACT	ok
Curlcake2	1909	1910	-	0.95	prob	67	67	A	TTAGT	ok
Curlcake2	1926	1927	-	0.68	prob	65	65	A	TAAAC	ok
Curlcake2	1957	1958	-	0.995	prob	46	46	A	ATAGG	ok
Curlcake2	1968	1969	-	0.9	prob	41	41	A	GTATA	ok
Curlcake2	1970	1971	-	1	prob	41	41	A	ATATG	ok
Curlcake2	1974	1975	-	0.915	prob	39	39	A	GAAGG	ok
Curlcake2	1980	1981	-	0.98	prob	36	36	A	TAAAG	ok
Curlcake2	2035	2036	-	0.72	prob	29	29	A	ACAGG	ok
Curlcake2	2050	2051	-	0.97	prob	29	29	A	GTAGA	ok
Curlcake2	2070	2071	-	1	prob	29	29	A	TAAAC	ok
Curlcake2	2075	2076	-	0.915	prob	29	29	A	TGAAC	ok
Curlcake2	2079	2080	-	0.955	prob	29	29	A	CTACC	ok
Curlcake2	2132	2133	-	0.81	prob	33	33	A	TGAGC	ok
Curlcake2	2158	2159	-	0.99	prob	36	36	A	GGACA	ok
Curlcake2	2165	2166	-	0.78	prob	35	35	A	ATACG	ok
Curlcake2	2193	2194	-	0.79	prob	34	34	A	ACACA	ok
Curlcake2	2195	2196	-	0.98	prob	34	34	A	ACAGC	ok
Curlcake2	2198	2199	-	0.955	prob	31	31	A	GCAAC	ok
Curlcake2	2206	2207	-	0.995	prob	27	27	A	ACATG	ok
Curlcake2	2214	2215	-	0.88	prob	28	28	A	GTAAG	ok
Curlcake2	2215	2216	-	0.935	prob	28	28	A	TAAGA	ok
Curlcake2	2217	2218	-	0.92	prob	28	28	A	AGATT	ok
Curlcake2	2220	2221	-	0.995	prob	28	28	A	TTAAA	ok
Curlcake2	2222	2223	-	1	prob	28	28	A	AAATA	ok
Curlcake2	2226	2227	-	0.99	prob	28	28	A	ATATC	ok
Curlcake2	2231	2232	-	0.98	prob	29	29	A	AGAGC	ok
Curlcake2	2259	2260	-	1	prob	22	22	A	CCAGT	ok
Curlcake2	2263	2264	-	0.785	prob	22	22	A	TAACG	ok
Curlcake2	2289	2290	-	1	prob	21	21	A	TTAGT	ok
Curlcake2	2305	2306	-	0.995	prob	24	24	A	GTACT	ok
Curlcake2	2313	2314	-	0.815	prob	23	23	A	GAAAA	ok
Curlcake2	2315	2316	-	0.805	prob	23	23	A	AAATA	ok
Curlcake2	2322	2323	-	0.89	prob	24	24	A	GTAGG	ok
Curlcake2	2332	2333	-	0.995	prob	24	24	A	CGAAA	ok
Curlcake2	2343	2344	-	0.93	prob	27	27	A	CAAGA	ok
Curlcake2	2345	2346	-	0.87	prob	25	25	A	AGACG	ok
Curlcake2	2368	2369	-	0.995	prob	22	22	A	AGAAA	ok
Curlcake3	0	1	-	0.945	prob	37	37	A	NNNNN	ok
Curlcake3	3	4	-	0.88	prob	41	41	A	TCATA	ok
Curlcake3	12	13	-	0.795	prob	51	51	A	ATACG	ok
Curlcake3	19	20	-	0.935	prob	67	67	A	TCACT	ok
Curlcake3	28	29	-	0.845	prob	71	71	A	GGAGA	ok
Curlcake3	30	31	-	0.9	prob	71	71	A	AGACG	ok
Curlcake3	40	41	-	0.825	prob	73	73	A	TTAGT	ok
Curlcake3	52	53	-	0.88	prob	77	77	A	GCATG	ok
Curlcake3	65	66	-	0.725	prob	79	79	A	AAAAC	ok
Curlcake3	66	67	-	0.57	prob	79	79	A	AAACG	ok
Curlcake3	75	76	-	0.935	prob	81	81	A	TGATG	ok
Curlcake3	78	79	-	0.91	prob	81	81	A	TGATG	ok
Curlcake3	108	109	-	0.87	prob	80	80	A	ACAGA	ok
Curlcake3	114	115	-	0.97	prob	80	80	A	GGAGC	ok
Curlcake3	118	119	-	0.975	prob	80	80	A	CTAAC	ok
Curlcake3	137	138	-	0.915	prob	75	75	A	TAAGC	ok
Curlcake3	167	168	-	0.855	prob	70	70	A	ACACT	ok
Curlcake3	172	173	-	0.865	prob	68	68	A	AGATT	ok
Curlcake3	187	188	-	0.785	prob	66	66	A	AAAAG	ok
Curlcake3	193	194	-	0.94	prob	65	65	A	AGACG	ok
Curlcake3	196	197	-	0.855	prob	65	65	A	CGAAA	ok
Curlcake3	198	199	-	0.875	prob	68	68	A	AAAGG	ok
Curlcake3	239	240	-	0.925	prob	67	67	A	CGAAT	ok
Curlcake3	243	244	-	0.855	prob	65	65	A	TGATC	ok
Curlcake3	255	256	-	0.885	prob	66	66	A	CTACA	ok
Curlcake3	257	258	-	0.92	prob	68	68	A	ACACA	ok
Curlcake3	290	291	-	0.95	prob	71	71	A	CAAAC	ok
Curlcake3	316	317	-	0.945	prob	68	68	A	GGATC	ok
Curlcake3	336	337	-	0.97	prob	66	66	A	GAAGT	ok
Curlcake3	350	351	-	0.635	prob	65	65	A	TTAGG	ok
Curlcake3	384	385	-	0.775	prob	68	68	A	TGAAT	ok
Curlcake3	407	408	-	0.935	prob	64	64	A	GGAGT	ok
Curlcake3	411	412	-	0.955	prob	63	63	A	TGAGT	ok
Curlcake3	429	430	-	0.9	prob	63	63	A	CAAGG	ok
Curlcake3	490	491	-	0.9	prob	64	64	A	AAACC	ok
Curlcake3	493	494	-	0.935	prob	64	64	A	CCATG	ok
Curlcake3	546	547	-	0.98	prob	60	60	A	TTACA	ok
Curlcake3	548	549	-	0.955	prob	60	60	A	ACAAC	ok
Curlcake3	549	550	-	0.915	prob	60	60	A	CAACA	ok
Curlcake3	551	552	-	0.95	prob	60	60	A	ACAGT	ok
Curlcake3	556	557	-	0.91	prob	60	60	A	TCAGC	ok
Curlcake3	566	567	-	0.965	prob	55	55	A	ATAAC	ok
Curlcake3	575	576	-	0.795	prob	55	55	A	GGAAC	ok
Curlcake3	582	583	-	0.88	prob	55	55	A	GTACC	ok
Curlcake3	610	611	-	0.895	prob	66	66	A	GGACT	ok
Curlcake3	630	631	-	0.935	prob	61	61	A	GCATT	ok
Curlcake3	634	635	-	0.855	prob	62	62	A	TGAAA	ok
Curlcake3	645	646	-	0.825	prob	60	60	A	GAACT	ok
Curlcake3	719	720	-	1	prob	56	56	A	CAATG	ok
Curlcake3	729	730	-	0.86	prob	54	54	A	TGAAA	ok
Curlcake3	730	731	-	0.955	prob	54	54	A	GAAAG	ok
Curlcake3	752	753	-	0.855	prob	51	51	A	CCAAC	ok
Curlcake3	761	762	-	0.895	prob	46	46	A	GTAAG	ok
Curlcake3	767	768	-	0.895	prob	45	45	A	AAACC	ok
Curlcake3	819	820	-	0.755	prob	39	39	A	TCAAA	ok
Curlcake3	825	826	-	1	prob	39	39	A	AAAGA	ok
Curlcake3	827	828	-	1	prob	39	39	A	AGACC	ok
Curlcake3	835	836	-	0.895	prob	39	39	A	CAATA	ok
Curlcake3	859	860	-	0.95	prob	39	39	A	TCAGT	ok
Curlcake3	872	873	-	0.97	prob	42	42	A	GGATC	ok
Curlcake3	885	886	-	0.91	prob	42	42	A	ACATG	ok
Curlcake3	889	890	-	0.615	prob	42	42	A	GGATG	ok
Curlcake3	901	902	-	0.97	prob	42	42	A	CTAGC	ok
Curlcake3	931	932	-	0.98	prob	42	42	A	TTAGA	ok
Curlcake3	933	934	-	0.955	prob	42	42	A	AGAAA	ok
Curlcake3	937	938	-	0.925	prob	42	42	A	AAAAC	ok
Curlcake3	938	939	-	0.935	prob	42	42	A	AAACT	ok
Curlcake3	951	952	-	0.93	prob	40	40	A	CGATT	ok
Curlcake3	961	962	-	0.725	prob	40	40	A	TCACA	ok
Curlcake3	993	994	-	0.92	prob	53	53	A	TCACG	ok
Curlcake3	1007	1008	-	0.965	prob	51	51	A	ATAGT	ok
Curlcake3	1035	1036	-	1	prob	51	51	A	CAAGG	ok
Curlcake3	1041	1042	-	0.705	prob	56	56	A	CGATT	ok
Curlcake3	1129	1130	-	0.885	prob	52	52	A	GTAGA	ok
Curlcake3	1137	1138	-	0.99	prob	50	50	A	CAAGC	ok
Curlcake3	1159	1160	-	0.945	prob	47	47	A	CTACC	ok
Curlcake3	1167	1168	-	0.975	prob	45	45	A	CCAGT	ok
Curlcake3	1177	1178	-	1	prob	43	43	A	ATAGT	ok
Curlcake3	1194	1195	-	1	prob	40	40	A	GTAGT	ok
Curlcake3	1225	1226	-	0.95	prob	38	38	A	GCAGC	ok
Curlcake3	1237	1238	-	1	prob	37	37	A	TGAAA	ok
Curlcake3	1238	1239	-	0.995	prob	37	37	A	GAAAA	ok
Curlcake3	1240	1241	-	1	prob	37	37	A	AAATC	ok
Curlcake3	1250	1251	-	0.605	prob	37	37	A	GGATG	ok
Curlcake3	1258	1259	-	0.785	prob	37	37	A	GGATC	ok
Curlcake3	1294	1295	-	0.965	prob	38	38	A	GAATA	ok
Curlcake3	1330	1331	-	0.98	prob	31	31	A	GAACA	ok
Curlcake3	1366	1367	-	1	prob	39	39	A	GTACG	ok
Curlcake3	1374	1375	-	0.99	prob	39	39	A	TGAGT	ok
Curlcake3	1384	1385	-	0.78	prob	38	38	A	TAAGA	ok
Curlcake3	1386	1387	-	0.665	prob	37	37	A	AGAAC	ok
Curlcake3	1387	1388	-	0.96	prob	37	37	A	GAACT	ok
Curlcake3	1399	1400	-	0.95	prob	37	37	A	TAACC	ok
Curlcake3	1430	1431	-	0.945	prob	37	37	A	GTAAA	ok
Curlcake3	1447	1448	-	0.885	prob	36	36	A	CTACG	ok
Curlcake3	1457	1458	-	0.985	prob	34	34	A	TTACA	ok
Curlcake3	1465	1466	-	0.905	prob	37	37	A	TGAAA	ok
Curlcake3	1487	1488	-	1	prob	35	35	A	AGATA	ok
Curlcake3	1495	1496	-	1	prob	35	35	A	GAACT	ok
Curlcake3	1583	1584	-	0.985	prob	34	34	A	GTAGC	ok
Curlcake3	1589	1590	-	0.96	prob	33	33	A	ACATC	ok
Curlcake3	1617	1618	-	1	prob	35	35	A	CCAGC	ok
Curlcake3	1631	1632	-	0.91	prob	36	36	A	GTATG	ok
Curlcake3	1663	1664	-	0.955	prob	32	32	A	GAATG	ok
Curlcake3	1673	1674	-	0.995	prob	30	30	A	GTAGG	ok
Curlcake3	1686	1687	-	0.69	prob	28	28	A	CGAAC	ok
Curlcake3	1687	1688	-	0.74	prob	28	28	A	GAACC	ok
Curlcake3	1691	1692	-	0.975	prob	26	26	A	CCAGA	ok
Curlcake3	1693	1694	-	0.985	prob	25	25	A	AGATG	ok
Curlcake3	1723	1724	-	0.99	prob	33	33	A	ACAAT	ok
Curlcake3	1735	1736	-	0.935	prob	33	33	A	AGACA	ok
Curlcake3	1739	1740	-	0.945	prob	36	36	A	AGACT	ok
Curlcake3	1752	1753	-	0.94	prob	35	35	A	CCAAA	ok
Curlcake3	1765	1766	-	0.9	prob	34	34	A	TCACT	ok
Curlcake3	1789	1790	-	1	prob	37	37	A	GGACC	ok
Curlcake3	1797	1798	-	0.98	prob	37	37	A	TAACA	ok
Curlcake3	1799	1800	-	0.92	prob	37	37	A	ACAGC	ok
Curlcake3	1805	1806	-	1	prob	38	38	A	GGACG	ok
Curlcake3	1857	1858	-	0.98	prob	45	45	A	TTACT	ok
Curlcake3	1863	1864	-	0.905	prob	46	46	A	TCAGG	ok
Curlcake3	1872	1873	-	0.965	prob	46	46	A	CGATA	ok
Curlcake3	1894	1895	-	0.97	prob	49	49	A	CTAAG	ok
Curlcake3	1895	1896	-	0.995	prob	49	49	A	TAAGT	ok
Curlcake3	1905	1906	-	0.995	prob	49	49	A	GTACA	ok
Curlcake3	1979	1980	-	1	prob	46	46	A	GAAGA	ok
Curlcake3	1990	1991	-	0.995	prob	42	42	A	CGAAT	ok
Curlcake3	1994	1995	-	0.995	prob	43	43	A	TGACA	ok
Curlcake3	2014	2015	-	0.995	prob	41	41	A	TAAGG	ok
Curlcake3	2042	2043	-	0.875	prob	37	37	A	GAAGG	ok
Curlcake3	2049	2050	-	0.995	prob	35	35	A	CTACC	ok
Curlcake3	2058	2059	-	0.995	prob	39	39	A	TCAAG	ok
Curlcake3	2068	2069	-	0.995	prob	38	38	A	CTAAT	ok
Curlcake3	2073	2074	-	0.99	prob	38	38	A	ACACA	ok
Curlcake3	2075	2076	-	0.975	prob	38	38	A	ACAAG	ok
Curlcake3	2076	2077	-	1	prob	37	37	A	CAAGA	ok
Curlcake3	2078	2079	-	0.985	prob	37	37	A	AGACT	ok
Curlcake3	2131	2132	-	0.77	prob	30	30	A	GCATA	ok
Curlcake3	2134	2135	-	0.955	prob	30	30	A	TAAGG	ok
Curlcake3	2195	2196	-	0.98	prob	39	39	A	GAATG	ok
Curlcake3	2213	2214	-	0.895	prob	39	39	A	TGATA	ok
Curlcake3	2217	2218	-	0.995	prob	39	39	A	ACATC	ok
Curlcake3	2240	2241	-	0.985	prob	39	39	A	AGAAA	ok
Curlcake3	2274	2275	-	0.865	prob	41	41	A	AAATC	ok
Curlcake3	2288	2289	-	0.915	prob	38	38	A	TTAGC	ok
Curlcake3	2308	2309	-	0.765	prob	47	47	A	GTAAT	ok
Curlcake3	2330	2331	-	0.95	prob	50	50	A	TTAAC	ok
Curlcake3	2334	2335	-	0.995	prob	49	49	A	CCAGA	ok
Curlcake3	2367	2368	-	0.965	prob	41	41	A	TGACA	ok
Curlcake3	2369	2370	-	0.85	prob	41	41	A	ACATT	ok
Curlcake3	2381	2382	-	0.88	prob	40	40	A	GAACA	ok
Curlcake3	2385	2386	-	1	prob	40	40	A	AGAGG	ok
Curlcake3	2428	2429	-	0.65	prob	38	38	A	ATAAT	ok
Curlcake3	2431	2432	-	0.965	prob	37	37	A	ATATG	ok
Curlcake3	2437	2438	-	0.91	prob	39	39	A	CTACC	ok
Curlcake3	2452	2453	-	0.955	prob	100	100	A	CTAAC	ok
Curlcake3	2457	2458	-	0.895	prob	120	120	A	AGAAG	ok
Curlcake3	2487	2488	-	0.875	prob	118	118	A	ATAGG	ok
Curlcake3	2506	2507	-	0.88	prob	115	115	A	GGAGG	ok
Curlcake3	2510	2511	-	0.955	prob	114	114	A	GCAGG	ok
Curlcake3	2516	2517	-	0.98	prob	114	114	A	GTACC	ok
Curlcake3	2546	2547	-	0.98	prob	77	77	A	AGAAT	ok
Curlcake3	2549	2550	-	0.89	prob	69	69	A	ATACA	ok
Curlcake3	2558	2559	-	0.85	prob	52	52	A	TAAAT	ok
Curlcake3	2559	2560	-	0.9	prob	52	52	A	AAATT	ok
Curlcake3	2572	2573	-	0.995	prob	25	25	A	GAATA	ok
Curlcake4	0	1	-	0.915	prob	45	45	A	NNNNN	ok
Curlcake4	22	23	-	0.685	prob	70	70	A	CTATA	ok
Curlcake4	24	25	-	0.5	prob	70	70	A	ATAGG	ok
Curlcake4	28	29	-	0.85	prob	70	70	A	GGAGA	ok
Curlcake4	55	56	-	0.745	prob	75	75	A	CGATC	ok
Curlcake4	66	67	-	0.815	prob	75	75	A	GCATC	ok
Curlcake4	72	73	-	0.82	prob	75	75	A	TAAAC	ok
Curlcake4	73	74	-	0.805	prob	75	75	A	AAACC	ok
Curlcake4	83	84	-	0.735	prob	75	75	A	AAACT	ok
Curlcake4	91	92	-	0.79	prob	75	75	A	GGACC	ok
Curlcake4	190	191	-	0.885	prob	70	70	A	TCATC	ok
Curlcake4	229	230	-	0.85	prob	66	66	A	TGATT	ok
Curlcake4	274	275	-	0.88	prob	62	62	A	CGAAA	ok
Curlcake4	288	289	-	0.79	prob	60	60	A	CAACA	ok
Curlcake4	310	311	-	0.89	prob	53	53	A	CGAAT	ok
Curlcake4	317	318	-	0.84	prob	53	53	A	CTACG	ok
Curlcake4	320	321	-	0.9	prob	51	51	A	CGATT	ok
Curlcake4	383	384	-	0.96	prob	45	45	A	TCATC	ok
Curlcake4	392	393	-	0.85	prob	42	42	A	GGACA	ok
Curlcake4	394	395	-	0.855	prob	41	41	A	ACATC	ok
Curlcake4	399	400	-	0.855	prob	41	41	A	GGACA	ok
Curlcake4	425	426	-	0.93	prob	55	55	A	TGACT	ok
Curlcake4	445	446	-	0.97	prob	52	52	A	TAAAC	ok
Curlcake4	450	451	-	0.985	prob	52	52	A	AAAGA	ok
Curlcake4	462	463	-	0.805	prob	52	52	A	GTACG	ok
Curlcake4	476	477	-	0.98	prob	53	53	A	GGAGC	ok
Curlcake4	483	484	-	0.86	prob	56	56	A	TAACC	ok
Curlcake4	499	500	-	0.91	prob	54	54	A	CTAGG	ok
Curlcake4	509	510	-	0.8	prob	56	56	A	CTAAG	ok
Curlcake4	522	523	-	0.79	prob	52	52	A	CTAAT	ok
Curlcake4	523	524	-	0.98	prob	52	52	A	TAATA	ok
Curlcake4	525	526	-	0.975	prob	51	51	A	ATAGG	ok
Curlcake4	543	544	-	0.99	prob	48	48	A	CAATG	ok
Curlcake4	549	550	-	0.99	prob	46	46	A	ATACA	ok
Curlcake4	562	563	-	0.99	prob	43	43	A	TCACC	ok
Curlcake4	570	571	-	0.96	prob	46	46	A	GTAAG	ok
Curlcake4	579	580	-	1	prob	67	67	A	GAACC	ok
Curlcake4	597	598	-	0.765	prob	69	69	A	ATAAA	ok
Curlcake4	622	623	-	0.785	prob	69	69	A	AGACG	ok
Curlcake4	651	652	-	0.945	prob	65	65	A	GGAAA	ok
Curlcake4	662	663	-	0.63	prob	63	63	A	ATAAA	ok
Curlcake4	721	722	-	0.985	prob	54	54	A	CGATC	ok
Curlcake4	725	726	-	0.94	prob	53	53	A	CCAGT	ok
Curlcake4	728	729	-	0.62	prob	53	53	A	GTAGA	ok
Curlcake4	777	778	-	1	prob	39	39	A	AAATT	ok
Curlcake4	780	781	-	1	prob	39	39	A	TTAAA	ok
Curlcake4	823	824	-	0.99	prob	32	32	A	AGATT	ok
Curlcake4	837	838	-	1	prob	33	33	A	CCATC	ok
Curlcake4	844	845	-	0.99	prob	31	31	A	GCATA	ok
Curlcake4	871	872	-	1	prob	28	28	A	CAATT	ok
Curlcake4	879	880	-	0.985	prob	27	27	A	TTAAC	ok
Curlcake4	885	886	-	0.99	prob	27	27	A	CTAAG	ok
Curlcake4	908	909	-	0.975	prob	23	23	A	CGAGT	ok
Curlcake4	913	914	-	0.995	prob	22	22	A	GAATG	ok
Curlcake4	927	928	-	0.75	prob	22	22	A	GAACA	ok
Curlcake4	929	930	-	0.91	prob	24	24	A	ACACT	ok
Curlcake4	932	933	-	0.94	prob	24	24	A	CTAAC	ok
Curlcake4	936	937	-	0.965	prob	24	24	A	CTAGG	ok
Curlcake4	961	962	-	0.965	prob	25	25	A	CAATT	ok
Curlcake4	967	968	-	0.985	prob	26	26	A	GGACA	ok
Curlcake4	983	984	-	0.99	prob	24	24	A	TAAGA	ok
Curlcake4	992	993	-	0.965	prob	24	24	A	TAAGA	ok
Curlcake4	1228	1229	-	0.97	prob	24	24	A	GGATG	ok
Curlcake4	1252	1253	-	0.995	prob	23	23	A	AGATC	ok
Curlcake4	1262	1263	-	0.99	prob	22	22	A	AAATA	ok
Curlcake4	1265	1266	-	1	prob	22	22	A	TAAAT	ok
Curlcake4	1278	1279	-	0.995	prob	21	21	A	GTACG	ok
Curlcake4	1351	1352	-	0.99	prob	23	23	A	CTACA	ok
Curlcake4	1513	1514	-	0.895	prob	78	78	A	GGACC	ok
Curlcake4	1526	1527	-	0.845	prob	83	83	A	CGATA	ok
Curlcake4	1530	1531	-	0.905	prob	83	83	A	ATATG	ok
Curlcake4	1595	1596	-	0.81	prob	74	74	A	AAACG	ok
Curlcake4	1603	1604	-	0.91	prob	72	72	A	AGACA	ok
Curlcake4	1605	1606	-	0.975	prob	72	72	A	ACAGG	ok
Curlcake4	1621	1622	-	1	prob	68	68	A	CAAGC	ok
Curlcake4	1626	1627	-	0.98	prob	66	66	A	CTAAA	ok
Curlcake4	1637	1638	-	0.98	prob	63	63	A	CAATG	ok
Curlcake4	1676	1677	-	0.645	prob	55	55	A	AGAAC	ok
Curlcake4	1749	1750	-	0.985	prob	41	41	A	GCACA	ok
Curlcake4	1758	1759	-	0.99	prob	40	40	A	GCACC	ok
Curlcake4	1774	1775	-	0.99	prob	36	36	A	GCATT	ok
Curlcake4	1780	1781	-	0.98	prob	35	35	A	AGAGA	ok
Curlcake4	1805	1806	-	1	prob	32	32	A	TCACG	ok
Curlcake4	1809	1810	-	0.995	prob	30	30	A	GCAGA	ok
Curlcake4	1812	1813	-	1	prob	29	29	A	GAAGA	ok
Curlcake4	1814	1815	-	1	prob	28	28	A	AGAGG	ok
Curlcake4	1828	1829	-	0.85	prob	27	27	A	GCAGC	ok
Curlcake4	1833	1834	-	0.94	prob	27	27	A	CAAAG	ok
Curlcake4	1856	1857	-	0.965	prob	23	23	A	AGAAC	ok
Curlcake4	1870	1871	-	0.95	prob	24	24	A	CAAGC	ok
Curlcake4	1897	1898	-	0.98	prob	27	27	A	CAAGA	ok
Curlcake4	1904	1905	-	0.99	prob	26	26	A	GCAGC	ok
Curlcake4	1918	1919	-	0.985	prob	26	26	A	CGACC	ok
Curlcake4	1961	1962	-	1	prob	24	24	A	CTACT	ok
Curlcake4	1964	1965	-	0.985	prob	24	24	A	CTATG	ok
Curlcake4	2119	2120	-	0.995	prob	22	22	A	AAAAT	ok
Curlcake4	2144	2145	-	1	prob	21	21	A	GGAGG	ok
Curlcake4	2162	2163	-	0.895	prob	23	23	A	TAATT	ok
Curlcake4	2171	2172	-	0.935	prob	23	23	A	CCATC	ok
Curlcake4	2179	2180	-	0.91	prob	24	24	A	CAATT	ok
Curlcake4	2192	2193	-	0.81	prob	23	23	A	TTAAG	ok
Curlcake4	2198	2199	-	0.995	prob	23	23	A	TAACC	ok
Curlcake4	2216	2217	-	0.97	prob	36	36	A	GAAAA	ok
Curlcake4	2218	2219	-	0.935	prob	37	37	A	AAAAC	ok
Curlcake4	2232	2233	-	0.785	prob	39	39	A	CGAAT	ok
Curlcake4	2242	2243	-	0.8	prob	40	40	A	ACACT	ok
Curlcake4	2258	2259	-	0.755	prob	40	40	A	ACAGG	ok
Curlcake4	2265	2266	-	0.88	prob	43	43	A	GGAGT	ok
Curlcake4	2279	2280	-	0.95	prob	44	44	A	AAATC	ok
Curlcake4	2291	2292	-	0.58	prob	45	45	A	GTATC	ok
Curlcake4	2296	2297	-	0.99	prob	44	44	A	CGAGG	ok
Curlcake4	2316	2317	-	0.995	prob	43	43	A	GTACA	ok
Curlcake4	2342	2343	-	0.985	prob	36	36	A	GCACG	ok
Curlcake4	2347	2348	-	0.985	prob	34	34	A	CAATA	ok
Curlcake4	2349	2350	-	0.98	prob	34	34	A	ATAAG	ok
Curlcake4	2358	2359	-	1	prob	33	33	A	ATAGC	ok
