chrom	start	end	strand	score	score_type	mod_ratio	coverage	ref_base	five_mer_raw	center_status
chr7	127588533	127588534	+	0.999997	Prob	0.576271	180	C	ATCTT	ok
chr7	127589153	127589154	+	0.999997	Prob	0.616438	183	C	TCCCA	ok
chr7	127589587	127589588	+	0.999997	Prob	0.557143	90	C	AACAC	ok
chr7	127591005	127591006	+	0.999997	Prob	0.526316	107	C	TGCCA	ok
chr7	127591251	127591252	+	0.999997	Prob	0.5625	136	C	GTCTG	ok
chr7	127588492	127588493	+	0.999997	Prob	0.453125	179	C	GCCCC	ok
chr12	8941753	8941754	-	0.999997	Prob	0.5	45	G	GAGAA	ok
chr12	8941653	8941654	-	0.999997	Prob	0.363636	52	G	GGGAA	ok
chr12	8941457	8941458	-	0.999997	Prob	0.555556	55	G	GTGTC	ok
chr12	8941280	8941281	-	0.999997	Prob	0.541667	59	G	CAGAC	ok
chr12	8941125	8941126	-	0.999997	Prob	0.522388	300	G	AAGAC	ok
chr12	2795107	2795108	+	0.999543	Prob	0.54902	63	C	ACCAG	ok
chr6	143502088	143502089	-	0.999996	Prob	0.577465	85	G	AAGAT	ok
chr17	44350294	44350295	+	0.999997	Prob	0.456522	53	C	TGCTG	ok
chr12	98593917	98593918	+	0.99999	Prob	0.5625	44	C	GCCGG	ok
chr22	36467613	36467614	-	0.999997	Prob	0.507692	103	G	CAGCA	ok
chr14	67589943	67589944	-	0.999996	Prob	0.5	35	G	ATGGC	ok
chr20	35174751	35174752	+	0.999997	Prob	0.564103	42	C	ATCAC	ok
chrx	153785844	153785845	-	0.999997	Prob	0.485714	98	G	GAGCA	ok
chr19	12875603	12875604	-	0.999997	Prob	0.6	67	G	CAGGC	ok
chr17	51285288	51285289	+	0.999997	Prob	0.561644	81	C	GCCTT	ok
chr17	28327500	28327501	+	0.999997	Prob	0.55	30	C	TCCAC	ok
chr11	60899245	60899246	-	0.999997	Prob	0.724138	35	G	AGGCA	ok
chr6	108211483	108211484	-	0.999997	Prob	0.578947	21	G	GAGCA	ok
chr3	50353797	50353798	+	0.999997	Prob	0.578947	68	C	GGCCT	ok
chr2	27441951	27441952	+	0.999997	Prob	0.6	57	C	CCCTG	ok
chr4	88101295	88101296	-	0.999997	Prob	0.434783	67	G	TCGTC	ok
chr11	34456031	34456032	+	0.999997	Prob	0.571429	22	C	ACCTT	ok
chr2	69905084	69905085	+	0.999997	Prob	0.5	27	C	TACTT	ok
chr17	75225415	75225416	+	0.999997	Prob	0.62963	40	C	CTCCA	ok
chr22	37813473	37813474	+	0.999997	Prob	0.730769	35	C	ACCCC	ok
chr12	68660270	68660271	+	0.999543	Prob	0.580645	69	C	GCCTA	ok
chrx	24078179	24078180	+	0.999543	Prob	0.694444	42	C	ACCAT	ok
chr17	1843955	1843956	+	0.999997	Prob	0.514286	44	C	CGCGT	ok
chr18	57601681	57601682	-	0.999543	Prob	0.594595	81	G	GGGTA	ok
chr7	45101858	45101859	-	0.999997	Prob	0.581395	140	G	AGGCT	ok
chr11	103066332	103066333	-	0.999997	Prob	0.478873	87	G	TAGAT	ok
chr13	44436717	44436718	-	0.999997	Prob	0.506849	82	G	CAGCC	ok
chr17	30272860	30272861	-	0.999997	Prob	0.433333	35	G	TTGTA	ok
chr7	16776311	16776312	+	0.999996	Prob	0.625	66	C	TTCTT	ok
chr9	100016437	100016438	-	0.999997	Prob	0.380952	37	G	ATGCT	ok
chr1	112659747	112659748	+	0.999996	Prob	0.583333	29	C	TACAG	ok
chr1	31293318	31293319	-	0.999997	Prob	0.458333	34	G	GGGGC	ok
chr4	48861158	48861159	+	0.999997	Prob	0.6	86	C	TGCAT	ok
chr5	32601611	32601612	+	0.999997	Prob	0.5625	45	C	CACTC	ok
chr5	33454957	33454958	+	0.999543	Prob	0.482759	139	C	CTCTA	ok
chr22	30428541	30428542	+	0.999032	Prob	0.444444	81	C	CTCTG	ok
chr15	77052925	77052926	-	0.999997	Prob	0.56044	150	G	ATGCA	ok
chr19	2732894	2732895	-	0.999997	Prob	0.457143	45	G	AGGCC	ok
chr17	19578791	19578792	+	0.999997	Prob	0.551724	31	C	TGCTG	ok
chr4	121818861	121818862	-	0.999996	Prob	0.46	56	G	TGGCA	ok
chr11	57333523	57333524	-	0.999996	Prob	0.695652	68	G	CAGAG	ok
chr2	38781727	38781728	+	0.99999	Prob	0.528736	119	C	ACCAC	ok
chr3	112558384	112558385	-	0.999996	Prob	0.55	87	G	GGGGT	ok
chr2	99361777	99361778	+	0.999997	Prob	0.424242	36	C	TTCCT	ok
chr2	127480845	127480846	-	0.999997	Prob	0.65	22	G	TAGAA	ok
chr4	99062154	99062155	+	0.999032	Prob	0.554054	80	C	TTCTG	ok
chr5	77432478	77432479	-	0.999997	Prob	0.571429	28	G	CAGTT	ok
chr11	47420307	47420308	-	0.999997	Prob	0.595745	246	G	CGGGC	ok
chr11	59810731	59810732	-	0.999997	Prob	0.56044	121	G	GCGCT	ok
chr12	120131323	120131324	-	0.999997	Prob	0.46875	33	G	CGGAC	ok
chr2	227340345	227340346	+	0.999997	Prob	0.478261	64	C	TTCGC	ok
chr17	9250521	9250522	-	0.99999	Prob	0.5	59	G	GTGTT	ok
chr3	33046178	33046179	-	0.999543	Prob	0.652174	44	G	CAGTG	ok
chr16	56830560	56830561	+	0.999984	Prob	0.708333	33	C	CGCTA	ok
chr6	34245849	34245850	+	0.999984	Prob	0.333333	159	C	CTCTG	ok
chr15	65579056	65579057	-	0.999997	Prob	0.5	84	G	GTGAA	ok
chr12	6526939	6526940	+	0.999543	Prob	0.368421	27	C	TCCCT	ok
chr1	161171753	161171754	-	0.999997	Prob	0.3	52	G	GAGGG	ok
chr19	54123897	54123898	+	0.99999	Prob	0.44	38	C	ATCCA	ok
chr8	144106111	144106112	+	0.999543	Prob	0.735294	90	C	CCCCT	ok
chr3	186785903	186785904	+	0.999543	Prob	0.645161	98	C	CACTT	ok
chr7	5900881	5900882	+	0.99999	Prob	0.48	45	C	AACAG	ok
chr11	27363135	27363136	-	0.999997	Prob	0.615385	62	G	CAGCA	ok
chr1	32334370	32334371	-	0.999997	Prob	0.5	54	G	TTGGG	ok
chr1	19259138	19259139	+	0.999997	Prob	0.512821	47	C	TGCCT	ok
chr19	48383019	48383020	-	0.999997	Prob	0.547619	66	G	GAGTA	ok
chr22	31399691	31399692	+	0.99999	Prob	0.444444	76	C	AGCAC	ok
chr16	2214620	2214621	-	0.999997	Prob	0.477273	49	G	CAGGG	ok
chr14	54401576	54401577	+	0.999997	Prob	0.574074	94	C	TCCAG	ok
chr17	51160041	51160042	+	0.999997	Prob	0.536842	968	C	GGCCT	ok
chr22	17137662	17137663	-	0.999997	Prob	0.653846	70	G	AAGGC	ok
chr13	113178105	113178106	-	0.999997	Prob	0.666667	64	G	CAGGG	ok
chr16	634582	634583	-	0.999997	Prob	0.602941	400	G	GGGGT	ok
chr1	112701466	112701467	-	0.999997	Prob	0.5	257	G	GAGGC	ok
chr11	10799657	10799658	-	0.999997	Prob	0.416667	200	G	TTGCT	ok
chr12	49558682	49558683	-	0.999997	Prob	0.446809	141	G	GGGCA	ok
chr5	176416223	176416224	-	0.999543	Prob	0.636364	33	G	CAGGT	ok
chr14	24213420	24213421	-	0.999997	Prob	0.592593	53	G	GAGCC	ok
chr19	8488862	8488863	+	0.999997	Prob	0.697674	115	C	GCCTT	ok
chr21	43053296	43053297	-	0.999997	Prob	0.533333	77	G	AGGGG	ok
chr1	165665122	165665123	-	0.999997	Prob	0.627451	66	G	TTGGA	ok
chr8	30658030	30658031	-	0.999997	Prob	0.608696	25	G	CGGCC	ok
chr1	155320474	155320475	+	0.999996	Prob	0.572917	806	C	ATCTG	ok
chr8	67059412	67059413	-	0.999997	Prob	0.45122	103	G	ATGCT	ok
chr11	85634204	85634205	+	0.999997	Prob	0.617284	181	C	TGCAT	ok
chr1	167772371	167772372	+	0.999997	Prob	0.56	40	C	ATCAA	ok
chr10	69208851	69208852	+	0.999992	Prob	0.645161	52	C	CCCGA	ok
chr1	6281189	6281190	-	0.999997	Prob	0.409091	45	G	GAGAG	ok
chrx	153862007	153862008	-	0.99999	Prob	0.535714	49	G	GTGGT	ok
chr6	159762105	159762106	+	0.99999	Prob	0.540541	43	C	ATCCT	ok
chr6	149793606	149793607	+	0.999997	Prob	0.468085	181	C	CTCAG	ok
chr1	182879302	182879303	+	0.999997	Prob	0.573529	86	C	TGCTC	ok
chr1	156136008	156136009	+	0.999997	Prob	0.541667	171	C	TGCGG	ok
chr1	151760852	151760853	-	0.999997	Prob	0.514706	137	G	TAGGC	ok
chr1	150622674	150622675	-	0.999997	Prob	0.540541	59	G	GGGCT	ok
chrx	154777039	154777040	+	0.999997	Prob	0.590909	92	C	ATCTT	ok
chr1	94418573	94418574	+	0.99999	Prob	0.526316	25	C	GCCCT	ok
chr10	93528253	93528254	+	0.999984	Prob	0.62963	66	C	TGCCT	ok
chr1	47368493	47368494	+	0.999984	Prob	0.575758	67	C	TGCAG	ok
chr1	44762360	44762361	+	0.999997	Prob	0.62069	59	C	AGCCC	ok
chr9	128634903	128634904	-	0.999997	Prob	0.520833	149	G	TCGGT	ok
chr10	73376028	73376029	-	0.999997	Prob	0.5	149	G	CAGGT	ok
chr1	32775499	32775500	-	0.999543	Prob	0.551724	81	G	TGGTA	ok
chr9	113275534	113275535	-	0.999997	Prob	0.466667	33	G	GAGGG	ok
chr9	105774063	105774064	+	0.999984	Prob	0.433333	40	C	TACTA	ok
chr9	93112278	93112279	+	0.999997	Prob	0.606061	57	C	TGCTA	ok
chr6	31730774	31730775	-	0.999997	Prob	0.5	368	G	TAGCA	ok
chr6	31271190	31271191	-	0.999997	Prob	0.56044	124	G	TGGGT	ok
chrx	48893637	48893638	-	0.999984	Prob	0.48	148	G	GGGTC	ok
chr10	21920865	21920866	-	0.999997	Prob	0.419355	32	G	GAGTA	ok
chr2	74526981	74526982	-	0.999996	Prob	0.567568	145	G	AGGCT	ok
chr2	42353312	42353313	-	0.999997	Prob	0.520833	106	G	TGGTG	ok
chr15	90272178	90272179	+	0.999984	Prob	0.607143	123	C	TTCCT	ok
chr7	103327722	103327723	-	0.999032	Prob	0.354839	73	G	TTGTC	ok
chrx	16834333	16834334	+	0.999997	Prob	0.47619	34	C	AGCAA	ok
chr2	26195214	26195215	-	0.999543	Prob	0.625	78	G	AAGTA	ok
chr3	184183723	184183724	+	0.999543	Prob	0.636364	272	C	GCCTT	ok
chr19	49688261	49688262	+	0.999543	Prob	0.52381	233	C	GCCCT	ok
chr2	216141281	216141282	+	0.999997	Prob	0.441176	99	C	CACCA	ok
chr7	116526624	116526625	+	0.99999	Prob	0.512821	80	C	CGCGC	ok
chr12	56144203	56144204	+	0.999997	Prob	0.578947	47	C	GCCAA	ok
chr12	43795330	43795331	-	0.999997	Prob	0.76	51	G	GTGTG	ok
chr20	57378139	57378140	+	0.999996	Prob	0.5	69	C	CACTC	ok
chr17	7258680	7258681	+	0.999997	Prob	0.478261	93	C	CCCCG	ok
chr17	2670268	2670269	+	0.999996	Prob	0.3	37	C	TTCTG	ok
chr9	2812342	2812343	-	0.999997	Prob	0.5	35	G	TAGGC	ok
chr22	31104868	31104869	-	0.999992	Prob	0.634409	184	G	GGGCA	ok
chr22	38484244	38484245	-	0.999997	Prob	0.526316	30	G	ATGGG	ok
chr22	41661345	41661346	+	0.999996	Prob	0.527027	708	C	AGCAA	ok
chr2	85046268	85046269	+	0.999997	Prob	0.545455	23	C	ATCCT	ok
chr12	51241019	51241020	+	0.999996	Prob	0.483871	69	C	GTCGG	ok
chr5	140657579	140657580	+	0.999997	Prob	0.581395	45	C	GACAT	ok
chr7	100093350	100093351	-	0.999984	Prob	0.548387	229	G	ATGGC	ok
chr22	41658337	41658338	+	0.999997	Prob	0.621212	679	C	AGCAG	ok
chr12	47964253	47964254	+	0.999984	Prob	0.578947	146	C	TCCGC	ok
chr7	95405246	95405247	-	0.999997	Prob	0.35	194	G	ATGTT	ok
chr5	43534959	43534960	-	0.99999	Prob	0.5	87	G	CTGTT	ok
chr7	30498813	30498814	-	0.99999	Prob	0.444444	140	G	CTGTG	ok
chr10	43386995	43386996	-	0.999997	Prob	0.448276	187	G	CGGCA	ok
chr14	101909627	101909628	+	0.999996	Prob	0.761905	35	C	TTCAT	ok
chr3	196935556	196935557	-	0.999996	Prob	0.5	42	G	GTGTA	ok
chr8	143575647	143575648	-	0.999032	Prob	0.482759	48	G	CTGTT	ok
chr7	44796737	44796738	+	0.999992	Prob	0.583333	6250	C	CACCG	ok
chr3	184368465	184368466	+	0.999543	Prob	0.526316	260	C	GACAC	ok
chr19	49683932	49683933	+	0.999543	Prob	0.423077	128	C	GACCA	ok
chr13	44433774	44433775	-	0.999997	Prob	0.586957	331	G	CAGAT	ok
chr22	23895188	23895189	+	0.999997	Prob	0.538462	4703	C	ACCTT	ok
chr10	130145245	130145246	+	0.999996	Prob	0.52381	184	C	GGCTC	ok
chr1	228148792	228148793	+	0.999997	Prob	0.53125	506	C	CCCTT	ok
chr4	83114684	83114685	-	0.999997	Prob	0.560976	425	G	CCGAG	ok
chr5	82277789	82277790	-	0.999997	Prob	0.482759	3552	G	ATGCC	ok
chr4	56451884	56451885	+	0.999997	Prob	0.484848	152	C	ATCAG	ok
chr8	63015124	63015125	-	0.999543	Prob	0.409091	177	G	AAGGC	ok
chr11	119018398	119018399	-	0.99999	Prob	0.565217	46	G	GGGGC	ok
chr8	145054682	145054683	+	0.999997	Prob	0.346154	55	C	CCCTG	ok
chr11	123057850	123057851	-	0.999543	Prob	0.5	2394	G	TTGGT	ok
chr19	49688328	49688329	+	0.999997	Prob	0.489362	230	C	TCCCG	ok
chr11	118407009	118407010	+	0.999997	Prob	0.619048	820	C	ACCCC	ok
chr11	47565802	47565803	+	0.999032	Prob	0.512821	106	C	GCCGG	ok
chr11	62885228	62885229	+	0.999997	Prob	0.5	536	C	TACTC	ok
chr17	28351730	28351731	-	0.999543	Prob	0.368421	54	G	CGGAG	ok
chr12	69598373	69598374	+	0.999984	Prob	0.659574	303	C	GGCAC	ok
chr12	67292764	67292765	+	0.999997	Prob	0.536585	48	C	TCCAG	ok
chr17	7012659	7012660	+	0.999997	Prob	0.607843	463	C	CTCGG	ok
chr14	64926058	64926059	+	0.99999	Prob	0.709677	123	C	TTCAG	ok
chr14	103519767	103519768	-	0.999543	Prob	0.608696	743	G	AGGGC	ok
chr15	77046491	77046492	-	0.99999	Prob	0.75	189	G	TGGTG	ok
chr15	72199433	72199434	-	0.999997	Prob	0.5	1406	G	GTGGG	ok
chr16	57428774	57428775	-	0.999997	Prob	0.5	161	G	GAGGG	ok
chr8	144264069	144264070	-	0.999997	Prob	0.619048	28	G	CCGCA	ok
chr17	7856995	7856996	-	0.999997	Prob	0.431373	99	G	GTGCA	ok
chr17	81511930	81511931	-	0.999997	Prob	0.655172	678	G	TGGGG	ok
chr17	64503537	64503538	-	0.999997	Prob	0.464286	271	G	TTGGG	ok
chr19	12939172	12939173	+	0.99999	Prob	0.666667	189	C	GTCAG	ok
chr19	10577281	10577282	-	0.999996	Prob	0.575758	75	G	GAGTC	ok
chr19	50507621	50507622	-	0.999543	Prob	0.571429	27	G	CGGCC	ok
chr1	2403630	2403631	+	0.999543	Prob	0.472222	57	C	TCCTA	ok
chr1	154260995	154260996	+	0.999997	Prob	0.576923	93	C	AGCAG	ok
chr8	54046867	54046868	-	0.99999	Prob	0.458333	97	G	ATGAT	ok
chr8	127742444	127742445	+	0.999997	Prob	0.5	71	C	CTCAA	ok
chr12	11171694	11171695	+	0.999997	Prob	0.457143	42	C	GCCCT	ok
chr22	40366630	40366631	+	0.999543	Prob	0.565217	63	C	AGCAC	ok
chr6	43519338	43519339	+	0.999997	Prob	0.6	63	C	TCCGT	ok
chr6	34426038	34426039	-	0.999997	Prob	0.576923	3814	G	CGGCT	ok
chr11	67606987	67606988	+	0.999543	Prob	0.6	53	C	ACCCA	ok
chr22	37874387	37874388	+	0.999997	Prob	0.673077	190	C	GGCTG	ok
chrx	153703964	153703965	-	0.999997	Prob	0.428571	231	G	TTGAG	ok
chr7	5527455	5527456	-	0.999997	Prob	0.512821	1075	G	AGGAT	ok
chr19	49490827	49490828	+	0.999984	Prob	0.569892	5171	C	CTCAA	ok
chr12	53295557	53295558	+	0.999992	Prob	0.6	353	C	GGCCT	ok
chr7	42917821	42917822	-	0.999997	Prob	0.583333	761	G	CAGAT	ok
chr6	73519913	73519914	-	0.999997	Prob	0.555556	4166	G	TGGTT	ok
chr3	49359740	49359741	-	0.999543	Prob	0.571429	590	G	CTGGT	ok
chr9	125236842	125236843	-	0.999996	Prob	0.557692	501	G	TAGAG	ok
chr17	81843364	81843365	-	0.999997	Prob	0.425532	576	G	AGGAG	ok
chr2	127389382	127389383	+	0.999996	Prob	0.615385	30	C	TTCAA	ok
chr20	10413806	10413807	-	0.999997	Prob	0.521739	128	G	AAGTA	ok
chr14	39177456	39177457	+	0.999997	Prob	0.25	27	C	AGCGA	ok
chr19	36125819	36125820	+	0.999984	Prob	0.567568	130	C	AGCCA	ok
chr17	78168698	78168699	+	0.999997	Prob	0.545455	100	C	GGCGC	ok
chr12	75506518	75506519	-	0.999543	Prob	0.525	51	G	TTGTC	ok
chr4	88113498	88113499	-	0.999997	Prob	0.619048	49	G	CCGCT	ok
chr19	47751544	47751545	+	0.999997	Prob	0.648649	46	C	GGCCA	ok
chr22	17592523	17592524	-	0.999032	Prob	0.463918	121	G	AAGGC	ok
chr12	47965900	47965901	+	0.999997	Prob	0.523077	188	C	TTCCT	ok
chr15	40764092	40764093	+	0.999543	Prob	0.529412	70	C	AGCTG	ok
chr12	124778310	124778311	-	0.999984	Prob	0.608696	47	G	GAGAA	ok
chr2	117814789	117814790	+	0.999997	Prob	0.554054	86	C	TGCCG	ok
chr5	169601616	169601617	+	0.999997	Prob	0.323529	37	C	AACTC	ok
chr19	2733273	2733274	-	0.999997	Prob	0.692308	36	G	GCGCG	ok
chr1	206597102	206597103	-	0.999997	Prob	0.424242	57	G	TGGTC	ok
chr16	30084720	30084721	+	0.999997	Prob	0.475	65	C	GACGT	ok
chr2	97656358	97656359	-	0.999997	Prob	0.48	29	G	CAGGG	ok
chr1	116373437	116373438	+	0.999543	Prob	0.645161	32	C	GCCGG	ok
chr17	28714479	28714480	-	0.999997	Prob	0.5	281	G	GTGAC	ok
chr2	70088882	70088883	+	0.999984	Prob	0.568627	84	C	GTCAG	ok
chr9	21967891	21967892	-	0.999997	Prob	0.307692	55	G	CCGGA	ok
chr3	49104358	49104359	-	0.999997	Prob	0.567568	79	G	TGGCT	ok
chr15	88459563	88459564	-	0.999997	Prob	0.428571	108	G	AGGCT	ok
chr7	1158236	1158237	-	0.999984	Prob	0.458333	27	G	CAGAT	ok
chr10	100986768	100986769	-	0.999997	Prob	0.576923	170	G	CTGAA	ok
chr4	6709396	6709397	-	0.999996	Prob	0.409091	26	G	GGGCG	ok
chr19	52211487	52211488	+	0.999996	Prob	0.632653	80	C	TTCGA	ok
chr3	49026390	49026391	-	0.999997	Prob	0.6125	407	G	ATGAG	ok
chr16	28724929	28724930	+	0.999997	Prob	0.642857	113	C	GTCCG	ok
chr16	634762	634763	-	0.999997	Prob	0.52381	384	G	CAGGA	ok
chr1	201483825	201483826	-	0.999996	Prob	0.333333	103	G	GAGGC	ok
chr1	155738504	155738505	+	0.999032	Prob	0.527778	182	C	TCCTA	ok
chr8	143816477	143816478	-	0.999032	Prob	0.592593	236	G	GAGGA	ok
chr1	36286555	36286556	+	0.999996	Prob	0.285714	48	C	CTCAA	ok
chr12	66153406	66153407	-	0.999997	Prob	0.6	78	G	GAGAA	ok
chr17	76737100	76737101	-	0.999997	Prob	0.566667	107	G	AGGTT	ok
chr1	201876110	201876111	+	0.99999	Prob	0.75	33	C	AGCCC	ok
chr1	159781180	159781181	+	0.999997	Prob	0.565217	110	C	CACTA	ok
chr1	155131441	155131442	+	0.999997	Prob	0.416667	33	C	AGCAG	ok
chr1	151365589	151365590	-	0.999984	Prob	0.5	100	G	GGGTC	ok
chr6	63581064	63581065	+	0.999997	Prob	0.581395	273	C	AACTT	ok
chr1	67424901	67424902	-	0.999997	Prob	0.475	847	G	TTGAC	ok
chr9	136850904	136850905	+	0.99999	Prob	0.555556	454	C	TGCCT	ok
chr1	44753216	44753217	+	0.999997	Prob	0.681818	29	C	TCCAT	ok
chr9	97654931	97654932	+	0.99999	Prob	0.608696	24	C	TACCT	ok
chrx	20125167	20125168	-	0.999997	Prob	0.631579	21	G	AGGCC	ok
chrx	11117281	11117282	+	0.999997	Prob	0.533333	69	C	ATCAA	ok
chr18	6942094	6942095	-	0.999997	Prob	0.577778	110	G	CAGGA	ok
chr13	30459899	30459900	-	0.999543	Prob	0.384615	58	G	ATGTT	ok
chr12	53033831	53033832	+	0.999032	Prob	0.714286	114	C	ATCTA	ok
chr1	100990392	100990393	-	0.999997	Prob	0.518519	175	G	ATGGT	ok
chr2	63597407	63597408	+	0.99999	Prob	0.481481	221	C	CGCAA	ok
chr3	186584441	186584442	+	0.999992	Prob	0.5	70	C	CCCGG	ok
chr16	634629	634630	-	0.999997	Prob	0.477273	395	G	TTGGC	ok
chr3	149965795	149965796	-	0.99999	Prob	0.5	45	G	GAGCC	ok
chr13	44434299	44434300	-	0.999997	Prob	0.62069	228	G	AGGGG	ok
chr12	104265764	104265765	+	0.99999	Prob	0.619048	216	C	TCCCG	ok
chr7	5527157	5527158	-	0.99999	Prob	0.62963	781	G	AAGGT	ok
chr21	43753617	43753618	+	0.999997	Prob	0.6	202	C	TCCGG	ok
chr6	33272609	33272610	+	0.999997	Prob	0.608696	43	C	CCCCG	ok
chr1	153990857	153990858	+	0.99999	Prob	0.37037	23	C	TCCCC	ok
chr5	181242268	181242269	-	0.99999	Prob	0.569767	1947	G	GAGTG	ok
chr8	143022093	143022094	+	0.999997	Prob	0.690476	313	C	GTCCC	ok
chr8	100703224	100703225	-	0.999997	Prob	0.551724	291	G	AAGGT	ok
chr8	143581270	143581271	-	0.999543	Prob	0.583333	386	G	CCGGA	ok
chr12	6850974	6850975	-	0.999997	Prob	0.673469	71	G	TGGGG	ok
chr12	69597751	69597752	+	0.99999	Prob	0.543478	288	C	AACAG	ok
chr12	49269885	49269886	+	0.999997	Prob	0.59375	387	C	GGCAA	ok
chr15	78549060	78549061	+	0.999997	Prob	0.619048	411	C	TACAT	ok
chr16	57428656	57428657	-	0.999997	Prob	0.5	167	G	GGGAC	ok
chr17	81511474	81511475	-	0.999997	Prob	0.536232	791	G	GGGGG	ok
chr17	82022770	82022771	-	0.999992	Prob	0.380952	23	G	GCGTG	ok
chr17	42834858	42834859	+	0.99999	Prob	0.469388	56	C	GCCAT	ok
chr1	2391849	2391850	+	0.999996	Prob	0.705882	58	C	CGCTG	ok
chr17	36581401	36581402	+	0.999997	Prob	0.681818	31	C	TTCAG	ok
chr17	81681529	81681530	-	0.999997	Prob	0.530612	85	G	ATGTC	ok
chr1	40073071	40073072	-	0.999997	Prob	0.526316	116	G	AGGAG	ok
chr11	67609495	67609496	+	0.999984	Prob	0.62963	69	C	CACCT	ok
chr2	10129360	10129361	+	0.999997	Prob	0.708333	86	C	TTCTT	ok
chr7	26192207	26192208	-	0.999543	Prob	0.454545	431	G	TGGTG	ok
chr3	49359338	49359339	-	0.999984	Prob	0.431034	501	G	CAGGT	ok
chr11	66976390	66976391	+	0.999032	Prob	0.457143	75	C	TGCCA	ok
chr1	35192257	35192258	-	0.99999	Prob	0.5	41	G	CCGGG	ok
chr1	52020355	52020356	-	0.999997	Prob	0.472222	71	G	AAGCA	ok
chr6	52686155	52686156	+	0.99999	Prob	0.426966	134	C	CACAA	ok
chr20	34281002	34281003	-	0.999543	Prob	0.466667	76	G	CAGCA	ok
chr7	101206823	101206824	-	0.999997	Prob	0.47619	24	G	AAGGT	ok
chr1	54031996	54031997	-	0.999997	Prob	0.440678	102	G	AAGTT	ok
chr19	36141148	36141149	+	0.999997	Prob	0.45	30	C	GGCGG	ok
chrx	24060164	24060165	+	0.999984	Prob	0.662162	90	C	TGCAG	ok
chr12	48938933	48938934	-	0.999997	Prob	0.689655	46	G	AGGGC	ok
chr7	45101292	45101293	-	0.999997	Prob	0.541667	159	G	TCGCC	ok
chr15	80978845	80978846	-	0.99999	Prob	0.48	29	G	CAGAA	ok
chr19	49451761	49451762	-	0.999997	Prob	0.522727	60	G	GGGAA	ok
chr17	39995028	39995029	+	0.999543	Prob	0.571429	73	C	CCCTC	ok
chr12	53300226	53300227	+	0.999997	Prob	0.5	56	C	TACGA	ok
chr1	26280880	26280881	+	0.99999	Prob	0.61194	92	C	GGCAA	ok
chr2	135753543	135753544	+	0.99999	Prob	0.5625	46	C	AGCCT	ok
chr5	69209861	69209862	+	0.999997	Prob	0.55	26	C	TTCTG	ok
chr21	43100469	43100470	-	0.999997	Prob	0.53012	128	G	CAGAC	ok
chr3	142818294	142818295	-	0.99999	Prob	0.409091	41	G	AAGGC	ok
chr15	78169442	78169443	+	0.999997	Prob	0.521739	54	C	CACAA	ok
chr11	70206468	70206469	+	0.99999	Prob	0.705882	42	C	GTCCT	ok
chr12	53989583	53989584	+	0.999997	Prob	0.607143	35	C	CTCCT	ok
chr15	82989945	82989946	+	0.999997	Prob	0.655172	36	C	ATCCA	ok
chr2	28850211	28850212	-	0.999997	Prob	0.551724	35	G	GTGGT	ok
chr17	76067240	76067241	-	0.999997	Prob	0.535714	30	G	CAGTC	ok
chr1	52059885	52059886	+	0.999997	Prob	0.540541	62	C	GTCCG	ok
chr2	54987492	54987493	-	0.999997	Prob	0.517241	85	G	CTGAA	ok
chr13	27256252	27256253	+	0.99999	Prob	0.494118	263	C	AGCTT	ok
chr19	52206006	52206007	+	0.999543	Prob	0.414634	72	C	AACAG	ok
chr2	3519480	3519481	-	0.999997	Prob	0.589474	136	G	CTGCA	ok
chr6	30724634	30724635	+	0.999996	Prob	0.59375	250	C	CCCTG	ok
chr12	64431631	64431632	+	0.99999	Prob	0.6	25	C	CCCTC	ok
chr3	51684479	51684480	+	0.999997	Prob	0.47619	43	C	CCCTG	ok
chrx	154398467	154398468	+	0.999996	Prob	0.421053	37	C	TTCCG	ok
chr8	143816586	143816587	-	0.999543	Prob	0.592593	240	G	CAGCA	ok
chr16	31091106	31091107	-	0.999992	Prob	0.602941	403	G	ATGAG	ok
chr17	43015385	43015386	-	0.999996	Prob	0.487179	43	G	GAGAA	ok
chr12	1788188	1788189	+	0.999996	Prob	0.285714	22	C	AACAT	ok
chr19	10194824	10194825	-	0.999997	Prob	0.55	79	G	CTGCG	ok
chr1	156134412	156134413	+	0.999997	Prob	0.35	106	C	AGCCC	ok
chr10	102422908	102422909	+	0.999997	Prob	0.565217	32	C	ATCGA	ok
chr1	86863586	86863587	-	0.999996	Prob	0.431818	409	G	AGGGT	ok
chr1	67411921	67411922	-	0.999997	Prob	0.65	65	G	AGGAA	ok
chr10	86963163	86963164	+	0.999997	Prob	0.5	137	C	CCCTC	ok
chr10	75234990	75234991	-	0.999997	Prob	0.611111	74	G	CGGCC	ok
chr1	33014583	33014584	-	0.999997	Prob	0.5	280	G	GGGGT	ok
chr9	105694592	105694593	+	0.999543	Prob	0.7	25	C	TACTC	ok
chr9	83968645	83968646	-	0.99999	Prob	0.59375	445	G	TTGCA	ok
chr15	90271999	90272000	+	0.999543	Prob	0.459459	146	C	CACTC	ok
chr9	33255301	33255302	-	0.999996	Prob	0.588235	503	G	TAGGA	ok
chr2	26191293	26191294	-	0.999996	Prob	0.528302	138	G	TAGCA	ok
chr2	216113082	216113083	+	0.999997	Prob	0.54	131	C	CCCAT	ok
chr7	54759205	54759206	-	0.99999	Prob	0.571429	238	G	TTGCT	ok
chr17	7259737	7259738	+	0.999997	Prob	0.69697	106	C	GGCCC	ok
chr9	2824746	2824747	-	0.999997	Prob	0.53125	32	G	ATGGC	ok
chr2	28936936	28936937	+	0.999997	Prob	0.52381	24	C	TACAA	ok
chr3	49359344	49359345	-	0.99999	Prob	0.576923	500	G	ATGCC	ok
chr17	63819471	63819472	-	0.99999	Prob	0.6	39	G	GTGGG	ok
chr8	58582507	58582508	+	0.999543	Prob	0.565217	123	C	AACAC	ok
chr14	51243872	51243873	+	0.999997	Prob	0.526316	24	C	CCCTG	ok
chr1	19626450	19626451	+	0.999997	Prob	0.761905	407	C	TTCCT	ok
chr7	5528284	5528285	-	0.999997	Prob	0.55814	624	G	AGGAA	ok
chr1	152032631	152032632	-	0.99999	Prob	0.53125	781	G	GGGTG	ok
chr2	74958743	74958744	+	0.999032	Prob	0.527778	44	C	GGCAG	ok
chr5	140675114	140675115	-	0.999997	Prob	0.5	81	G	CCGTA	ok
chr8	63015292	63015293	-	0.999992	Prob	0.47619	189	G	TGGAA	ok
chr11	65120719	65120720	-	0.999997	Prob	0.62963	1276	G	GTGGG	ok
chr8	143581271	143581272	-	0.99999	Prob	0.583333	385	G	CGGAC	ok
chr11	112085397	112085398	-	0.999997	Prob	0.626866	163	G	GAGAG	ok
chr17	7225114	7225115	+	0.999997	Prob	0.62069	149	C	GCCTG	ok
chr17	51171534	51171535	+	0.999997	Prob	0.5625	2131	C	ATCAG	ok
chr16	682053	682054	+	0.999543	Prob	0.473684	155	C	TTCTC	ok
chr16	11837495	11837496	-	0.999984	Prob	0.543478	51	G	GTGTC	ok
chr17	68043355	68043356	+	0.999997	Prob	0.592593	344	C	GCCAA	ok
chr19	13154429	13154430	+	0.999543	Prob	0.55	45	C	GCCTG	ok
chr17	42839149	42839150	+	0.999992	Prob	0.619048	72	C	AGCTA	ok
chr19	14565755	14565756	+	0.999997	Prob	0.428571	106	C	CTCCC	ok
chr6	52264533	52264534	-	0.999984	Prob	0.574074	159	G	TGGGA	ok
chr1	119721240	119721241	+	0.999997	Prob	0.609375	256	C	CTCCA	ok
chr17	16439400	16439401	+	0.999996	Prob	0.592593	427	C	AACCC	ok
chr2	197497182	197497183	-	0.999997	Prob	0.521739	449	G	TCGAA	ok
chr17	81845594	81845595	-	0.999997	Prob	0.6	261	G	GTGTG	ok
chr10	84150723	84150724	+	0.999997	Prob	0.4	315	C	TCCAC	ok
chr6	29943277	29943278	+	0.999997	Prob	0.521739	149	C	ACCAT	ok
chr5	892979	892980	+	0.999997	Prob	0.606061	46	C	CCCAC	ok
chr6	52671171	52671172	+	0.999543	Prob	0.556962	100	C	CTCCA	ok
chr20	35177299	35177300	+	0.999997	Prob	0.342105	38	C	GTCAT	ok
chr7	43639533	43639534	-	0.999992	Prob	0.404255	146	G	GAGAT	ok
chr11	60901358	60901359	-	0.999997	Prob	0.517241	34	G	CAGTC	ok
chr4	88113349	88113350	-	0.999997	Prob	0.538462	57	G	ACGCT	ok
chr19	47752565	47752566	+	0.999997	Prob	0.459459	48	C	CGCCT	ok
chr19	48451170	48451171	+	0.999997	Prob	0.409091	25	C	CCCTT	ok
chr17	17505825	17505826	-	0.999992	Prob	0.694444	73	G	CCGGT	ok
chr7	45101528	45101529	-	0.999997	Prob	0.576923	149	G	TGGCT	ok
chr15	65577667	65577668	+	0.999997	Prob	0.515152	38	C	TACTT	ok
chr1	112653632	112653633	+	0.99999	Prob	0.53125	32	C	GCCTG	ok
chr3	131462307	131462308	-	0.999997	Prob	0.536232	86	G	ATGGT	ok
chr12	56229312	56229313	+	0.999997	Prob	0.472222	91	C	CACTG	ok
chr1	10417449	10417450	+	0.999997	Prob	0.567568	85	C	GGCTG	ok
chr11	57328401	57328402	-	0.99999	Prob	0.578313	103	G	GAGCT	ok
chr19	17232344	17232345	-	0.999997	Prob	0.660714	61	G	CCGTC	ok
chr1	85259546	85259547	-	0.99999	Prob	0.45	91	G	TCGAT	ok
chr3	149026790	149026791	+	0.999996	Prob	0.590909	37	C	GTCCC	ok
chr5	205230	205231	-	0.999543	Prob	0.5	109	G	CGGAG	ok
chr11	47422858	47422859	-	0.999997	Prob	0.565217	199	G	CAGGA	ok
chr17	78186804	78186805	-	0.99999	Prob	0.630952	110	G	TCGGC	ok
chr3	57572012	57572013	-	0.999997	Prob	0.584906	75	G	AGGAG	ok
chr2	119438214	119438215	+	0.999543	Prob	0.65	20	C	ACCTG	ok
chr3	33021617	33021618	-	0.999984	Prob	0.615385	47	G	AGGGA	ok
chr11	66276967	66276968	+	0.999997	Prob	0.481481	43	C	CCCAT	ok
chr12	6528066	6528067	+	0.999032	Prob	0.541667	32	C	TGCCC	ok
chr15	88475146	88475147	+	0.999997	Prob	0.505495	146	C	CCCTT	ok
chr1	32334449	32334450	-	0.999984	Prob	0.574074	55	G	GAGGA	ok
chr21	42853624	42853625	-	0.999996	Prob	0.454545	115	G	CTGGA	ok
chr7	56060842	56060843	+	0.999543	Prob	0.556962	416	C	GGCAA	ok
chr1	112701382	112701383	-	0.999997	Prob	0.606557	275	G	GTGCC	ok
chr12	26979854	26979855	-	0.999997	Prob	0.529412	64	G	TCGAG	ok
chr9	124869239	124869240	+	0.999032	Prob	0.405405	76	C	AGCCG	ok
chr2	9423486	9423487	-	0.999997	Prob	0.596154	81	G	CAGCC	ok
chr10	43387499	43387500	-	0.999032	Prob	0.571429	132	G	CTGAA	ok
chr9	35072496	35072497	-	0.999997	Prob	0.409091	81	G	TCGCT	ok
chr1	156249279	156249280	-	0.999997	Prob	0.608696	53	G	TGGGA	ok
chr1	156599035	156599036	-	0.999543	Prob	0.548387	106	G	GGGTG	ok
chr20	63521934	63521935	+	0.999997	Prob	0.479592	110	C	CCCTC	ok
chr6	57172568	57172569	+	0.99999	Prob	0.382353	42	C	TGCCC	ok
chr1	67411362	67411363	-	0.999997	Prob	0.52	79	G	TAGAT	ok
chr1	47377739	47377740	+	0.99999	Prob	0.533333	57	C	TGCAC	ok
chr9	129006610	129006611	+	0.999992	Prob	0.55	38	C	AGCCA	ok
chr13	72710320	72710321	-	0.999997	Prob	0.5	62	G	AAGTC	ok
chr10	11764016	11764017	+	0.999997	Prob	0.5	30	C	TGCCT	ok
chrx	16743727	16743728	+	0.99999	Prob	0.515625	76	C	CTCCG	ok
chr13	27437225	27437226	-	0.999997	Prob	0.545455	51	G	ATGTT	ok
chr3	58430732	58430733	-	0.999997	Prob	0.551724	152	G	AAGCC	ok
chr2	216109400	216109401	+	0.999543	Prob	0.595238	111	C	CCCGG	ok
chr3	48433124	48433125	-	0.999997	Prob	0.62963	46	G	GAGTC	ok
chr16	2253807	2253808	-	0.999997	Prob	0.395833	172	G	CAGCC	ok
chr16	89561307	89561308	+	0.999997	Prob	0.555556	5348	C	CCCAC	ok
chr2	55234897	55234898	+	0.999997	Prob	0.45	5435	C	CACCA	ok
chr19	44903244	44903245	+	0.999997	Prob	0.65	67	C	GACCT	ok
chr22	21628414	21628415	-	0.999032	Prob	0.378378	116	G	GGGGG	ok
chr3	100171862	100171863	+	0.999997	Prob	0.594595	94	C	GACGG	ok
chr7	157386097	157386098	+	0.99999	Prob	0.637681	100	C	TACAT	ok
chr3	50289476	50289477	-	0.999997	Prob	0.55	138	G	TAGGG	ok
chr3	179573428	179573429	+	0.99999	Prob	0.545455	84	C	ATCAG	ok
chr13	27256483	27256484	+	0.999996	Prob	0.469697	265	C	AGCCT	ok
chr19	1279075	1279076	+	0.999543	Prob	0.375	173	C	GGCTC	ok
chr3	149741197	149741198	-	0.999984	Prob	0.513514	45	G	TGGGA	ok
chr6	35469484	35469485	+	0.999997	Prob	0.485714	2172	C	GGCGC	ok
chr5	82277757	82277758	-	0.999997	Prob	0.568627	3603	G	GTGCC	ok
chr5	131162644	131162645	-	0.999992	Prob	0.705882	1290	G	GTGCT	ok
chr8	30063247	30063248	-	0.999543	Prob	0.645161	137	G	GAGGT	ok
chr8	53966934	53966935	-	0.999996	Prob	0.481481	106	G	GGGAA	ok
chr16	1962879	1962880	-	0.999996	Prob	0.549296	9318	G	TGGCC	ok
chr11	119015893	119015894	-	0.999997	Prob	0.439394	1855	G	TGGTG	ok
chr11	118401670	118401671	+	0.999997	Prob	0.513514	761	C	GCCCA	ok
chr2	119367007	119367008	+	0.999032	Prob	0.470588	477	C	CTCGC	ok
chr16	3658833	3658834	-	0.999992	Prob	0.491525	395	G	GCGCA	ok
chr12	56161449	56161450	+	0.999997	Prob	0.586957	1445	C	TTCCC	ok
chr14	103520193	103520194	-	0.999997	Prob	0.636364	611	G	CAGCT	ok
chr14	24144200	24144201	-	0.999997	Prob	0.466667	262	G	TGGTT	ok
chrx	136873534	136873535	-	0.99999	Prob	0.526316	117	G	AAGGG	ok
chr17	81510998	81510999	-	0.999997	Prob	0.5	1046	G	ATGGT	ok
chr17	68043946	68043947	+	0.999997	Prob	0.68	381	C	CCCCA	ok
chr17	42833625	42833626	+	0.99999	Prob	0.638889	49	C	GCCCG	ok
chr19	18913013	18913014	-	0.999996	Prob	0.516129	334	G	ACGTC	ok
chr8	144314323	144314324	+	0.999543	Prob	0.487179	145	C	GTCTC	ok
chr17	36493937	36493938	+	0.999997	Prob	0.472973	101	C	CTCTA	ok
chr8	127742785	127742786	+	0.999997	Prob	0.425926	62	C	ACCTA	ok
chr6	63581157	63581158	+	0.999997	Prob	0.666667	271	C	TCCCA	ok
chr6	43520299	43520300	+	0.999997	Prob	0.428571	82	C	ATCCC	ok
chr16	46660546	46660547	-	0.999997	Prob	0.5	175	G	GTGTT	ok
chr19	49492155	49492156	+	0.999997	Prob	0.533333	1110	C	TGCAA	ok
chr7	26191979	26191980	-	0.999997	Prob	0.6	442	G	TTGAG	ok
chr6	30723547	30723548	+	0.99999	Prob	0.8	650	C	CGCAT	ok
chr11	65456540	65456541	+	0.999997	Prob	0.612903	42	C	AGCAT	ok
chr19	38729920	38729921	+	0.999997	Prob	0.54	169	C	CCCTC	ok
chrx	49117616	49117617	-	0.999997	Prob	0.5	23	G	GTGAG	ok
chr7	100867584	100867585	+	0.999996	Prob	0.444444	24	C	GGCCA	ok
chr20	34285475	34285476	-	0.99999	Prob	0.586957	74	G	TTGTC	ok
chr19	18569182	18569183	+	0.999997	Prob	0.791667	102	C	AGCCC	ok
chr17	78170916	78170917	+	0.999997	Prob	0.551724	105	C	TGCCT	ok
chr12	6390823	6390824	+	0.999997	Prob	0.592593	43	C	GGCTC	ok
chr2	206788028	206788029	+	0.999996	Prob	0.578947	54	C	TCCCA	ok
chr6	43020897	43020898	+	0.99999	Prob	0.59375	119	C	AGCGG	ok
chr19	10712955	10712956	+	0.999997	Prob	0.25	39	C	CACAG	ok
chr14	70591338	70591339	-	0.999992	Prob	0.45	26	G	TAGAG	ok
chr8	123042261	123042262	-	0.999997	Prob	0.571429	24	G	CGGAC	ok
chr15	83017193	83017194	-	0.999997	Prob	0.466667	46	G	TAGAA	ok
chr1	68150278	68150279	-	0.999992	Prob	0.625	55	G	AGGTC	ok
chr2	135933953	135933954	-	0.99999	Prob	0.484848	37	G	CAGGG	ok
chr15	78299599	78299600	-	0.999997	Prob	0.45283	79	G	CCGCG	ok
chr4	82460593	82460594	+	0.999997	Prob	0.59375	57	C	GCCTC	ok
chr11	57335235	57335236	-	0.99999	Prob	0.553191	53	G	TGGGA	ok
chr16	66813649	66813650	-	0.999997	Prob	0.57377	132	G	TTGGC	ok
chr5	205232	205233	-	0.99999	Prob	0.678571	109	G	GAGAC	ok
chr15	79313911	79313912	+	0.999032	Prob	0.729167	54	C	ACCTT	ok
chr11	4123338	4123339	+	0.99999	Prob	0.615385	194	C	TGCAG	ok
chr5	133089631	133089632	+	0.999032	Prob	0.5	60	C	AACCT	ok
chr1	231000293	231000294	+	0.99999	Prob	0.555556	57	C	CCCAC	ok
chr8	143816380	143816381	-	0.999543	Prob	0.454545	166	G	CAGGG	ok
chr18	12724526	12724527	+	0.999996	Prob	0.26	112	C	TTCTG	ok
chr3	33114356	33114357	+	0.999997	Prob	0.764706	46	C	AGCCC	ok
chr1	224189809	224189810	+	0.999997	Prob	0.636364	70	C	ATCGC	ok
chr16	28538021	28538022	-	0.999984	Prob	0.583333	28	G	CAGCG	ok
chr6	43014311	43014312	+	0.99999	Prob	0.555556	40	C	CTCGA	ok
chr22	31420368	31420369	+	0.99999	Prob	0.5	111	C	AACCC	ok
chr12	117038956	117038957	-	0.999997	Prob	0.590909	46	G	GAGAT	ok
chr10	43386535	43386536	-	0.999997	Prob	0.5	283	G	TGGTG	ok
chr1	26863754	26863755	+	0.999997	Prob	0.548387	34	C	TACGA	ok
chr11	10800326	10800327	-	0.999997	Prob	0.4	167	G	CTGGT	ok
chr3	161251369	161251370	+	0.999997	Prob	0.451613	37	C	TACAT	ok
chr12	120579828	120579829	-	0.999996	Prob	0.518072	104	G	AAGTA	ok
chr11	66340151	66340152	-	0.999997	Prob	0.714286	46	G	CTGGG	ok
chr1	6327366	6327367	-	0.999997	Prob	0.8	34	G	GGGCT	ok
chr1	212738616	212738617	-	0.999997	Prob	0.586207	35	G	GAGGT	ok
chr1	193016296	193016297	-	0.999996	Prob	0.463415	133	G	TGGTT	ok
chr1	156139090	156139091	+	0.999997	Prob	0.52381	66	C	AACTG	ok
chrx	153930067	153930068	-	0.999543	Prob	0.769231	212	G	TTGCT	ok
chr1	65432362	65432363	+	0.99999	Prob	0.62963	39	C	CTCAA	ok
chr9	136863436	136863437	-	0.999997	Prob	0.55	506	G	CTGGC	ok
chrx	107650083	107650084	+	0.999997	Prob	0.363636	44	C	TTCCC	ok
chr1	33010163	33010164	-	0.999997	Prob	0.529412	168	G	CTGGG	ok
chr9	105748114	105748115	+	0.99999	Prob	0.5	35	C	TTCCA	ok
chr1	15425966	15425967	+	0.99999	Prob	0.594595	37	C	AACAT	ok
chr11	67398832	67398833	-	0.999997	Prob	0.5	232	G	AAGAA	ok
chr9	37588818	37588819	-	0.999997	Prob	0.64	496	G	CTGGG	ok
chr15	90271734	90271735	+	0.999996	Prob	0.44	132	C	TGCAG	ok
chr2	27771752	27771753	+	0.999543	Prob	0.561404	245	C	GACGG	ok
chrx	16832692	16832693	+	0.999997	Prob	0.521739	32	C	GACAC	ok
chrx	49551304	49551305	+	0.999032	Prob	0.574468	103	C	CCCTT	ok
chr19	38307729	38307730	-	0.999997	Prob	0.555556	101	G	CAGCC	ok
chr17	42564766	42564767	+	0.999997	Prob	0.666667	55	C	CTCTG	ok
chr17	28714590	28714591	-	0.999997	Prob	0.594595	275	G	GAGGG	ok
chr17	7258679	7258680	+	0.999997	Prob	0.548387	93	C	CCCCC	ok
chr9	2811532	2811533	-	0.999997	Prob	0.264706	36	G	CTGGA	ok
chr19	38932808	38932809	+	0.999996	Prob	0.606061	266	C	CTCAT	ok
chr12	51243193	51243194	+	0.99999	Prob	0.565217	107	C	CTCTG	ok
chr12	53033819	53033820	+	0.999984	Prob	0.619048	113	C	GACCC	ok
chr12	15982354	15982355	+	0.999997	Prob	0.685185	95	C	CTCAT	ok
chr12	69258612	69258613	+	0.999997	Prob	0.619048	32	C	CACCC	ok
chr14	52727936	52727937	+	0.999997	Prob	0.611111	110	C	ATCAT	ok
chr17	41988790	41988791	-	0.999997	Prob	0.368421	70	G	GGGGT	ok
chr1	96679312	96679313	-	0.999997	Prob	0.515152	43	G	TTGGG	ok
chr6	33272677	33272678	+	0.999997	Prob	0.636364	5954	C	ACCAA	ok
chr20	62143238	62143239	-	0.999997	Prob	0.552239	790	G	GCGCG	ok
chr1	109421875	109421876	-	0.999984	Prob	0.425532	526	G	TGGCA	ok
chr17	48895759	48895760	+	0.999997	Prob	0.428571	887	C	TTCGC	ok
chr5	177511658	177511659	-	0.999996	Prob	0.636364	92	G	CAGCC	ok
chr16	1962527	1962528	-	0.999997	Prob	0.505155	10471	G	CGGGC	ok
chr11	123058374	123058375	-	0.99999	Prob	0.451613	2191	G	TAGGA	ok
chr11	119018906	119018907	+	0.999992	Prob	0.66	67	C	ATCTG	ok
chr12	121894746	121894747	+	0.999997	Prob	0.451613	113	C	GGCAT	ok
chr12	69593029	69593030	+	0.999997	Prob	0.541667	306	C	AACAT	ok
chr15	76295672	76295673	-	0.99999	Prob	0.5	146	G	TGGGT	ok
chr16	30067303	30067304	+	0.999984	Prob	0.482759	365	C	GTCTG	ok
chr17	7312273	7312274	+	0.999543	Prob	0.527027	532	C	TGCCT	ok
chr10	46005670	46005671	-	0.999997	Prob	0.65	50	G	TTGCA	ok
chr17	41689035	41689036	+	0.999997	Prob	0.333333	751	C	ATCGT	ok
chr19	8488818	8488819	+	0.99999	Prob	0.56	116	C	GCCGA	ok
chr8	85214627	85214628	-	0.999997	Prob	0.482759	96	G	AGGAA	ok
chr22	40364315	40364316	+	0.999996	Prob	0.612903	416	C	GGCCA	ok
chr1	153991581	153991582	+	0.999992	Prob	0.487179	2429	C	ACCAC	ok
chr1	154206874	154206875	-	0.99999	Prob	0.686567	400	G	GAGTG	ok
chr1	231522627	231522628	-	0.999996	Prob	0.439024	61	G	CAGGT	ok
chr19	49492134	49492135	+	0.999543	Prob	0.432836	1107	C	TACTC	ok
chr7	74196075	74196076	+	0.999543	Prob	0.417722	510	C	GTCCC	ok
chr7	103367603	103367604	+	0.999997	Prob	0.636364	246	C	TGCCC	ok
chr1	35191355	35191356	-	0.999543	Prob	0.692308	55	G	CCGAA	ok
chr11	66288258	66288259	-	0.999996	Prob	0.333333	89	G	GGGGA	ok
chr7	100871580	100871581	+	0.99999	Prob	0.44	118	C	ATCCT	ok
chr22	20887774	20887775	+	0.99999	Prob	0.527778	42	C	AACCA	ok
chr14	67359720	67359721	-	0.99999	Prob	0.606061	38	G	TCGGG	ok
chr7	90377594	90377595	+	0.999543	Prob	0.428571	30	C	AACTA	ok
chr12	6390301	6390302	+	0.999997	Prob	0.583333	36	C	GCCGC	ok
chr2	215326007	215326008	+	0.999543	Prob	0.391304	37	C	AGCTG	ok
chr7	66995339	66995340	-	0.999997	Prob	0.47561	149	G	AAGCG	ok
chr19	17511953	17511954	+	0.999996	Prob	0.567164	73	C	CTCTA	ok
chr16	85779390	85779391	-	0.999996	Prob	0.689655	40	G	CAGAT	ok
chr8	30063809	30063810	-	0.999997	Prob	0.564516	123	G	AGGTA	ok
chr13	48076676	48076677	-	0.999984	Prob	0.461538	34	G	CTGTC	ok
chr14	60818840	60818841	+	0.999992	Prob	0.482759	32	C	ATCAA	ok
chr7	16783924	16783925	+	0.999543	Prob	0.482353	98	C	ATCCT	ok
chr17	78971854	78971855	-	0.999984	Prob	0.413793	64	G	AAGCC	ok
chr2	135844637	135844638	-	0.999997	Prob	0.5	63	G	AAGTA	ok
chr15	77071096	77071097	-	0.999997	Prob	0.54717	80	G	CCGAC	ok
chr1	153974406	153974407	-	0.99999	Prob	0.555556	29	G	AAGGG	ok
chr5	52801426	52801427	+	0.999997	Prob	0.540541	44	C	GACAC	ok
chr8	116726048	116726049	-	0.999984	Prob	0.529412	242	G	CTGAG	ok
chr18	49795767	49795768	-	0.999997	Prob	0.489796	79	G	TTGAT	ok
chr8	142700319	142700320	+	0.999997	Prob	0.65	84	C	GGCGT	ok
chr2	74135621	74135622	-	0.999997	Prob	0.607143	302	G	CCGCA	ok
chr3	128631963	128631964	-	0.999997	Prob	0.660714	71	G	TGGAG	ok
chr11	47422587	47422588	-	0.999997	Prob	0.533333	218	G	ATGGC	ok
chr17	75020393	75020394	+	0.999997	Prob	0.580645	108	C	CACGG	ok
chr5	177332065	177332066	-	0.999996	Prob	0.658228	126	G	CAGGC	ok
chr3	49104451	49104452	-	0.999997	Prob	0.741935	72	G	TGGAA	ok
chr19	58555039	58555040	-	0.999543	Prob	0.148148	35	G	TGGGA	ok
chr19	17420341	17420342	+	0.999992	Prob	0.689655	52	C	GCCAG	ok
chr11	838381	838382	+	0.999997	Prob	0.366667	146	C	GGCGG	ok
chr12	32749975	32749976	-	0.999997	Prob	0.477612	78	G	AAGTA	ok
chr6	30724715	30724716	+	0.999984	Prob	0.553571	277	C	ATCCC	ok
chr21	42863487	42863488	-	0.99999	Prob	0.514286	54	G	CCGTG	ok
chr1	23961793	23961794	+	0.999997	Prob	0.619048	33	C	GCCAC	ok
chr12	117039078	117039079	-	0.999997	Prob	0.68	52	G	ACGCG	ok
chr19	44993264	44993265	+	0.999996	Prob	0.404762	43	C	CACAC	ok
chr19	35169779	35169780	+	0.999997	Prob	0.55	111	C	CTCCC	ok
chr2	27364778	27364779	-	0.999997	Prob	0.5	43	G	CAGCA	ok
chr5	151128224	151128225	-	0.999997	Prob	0.333333	35	G	TCGCC	ok
chr19	5693429	5693430	-	0.999543	Prob	0.518519	86	G	CAGCC	ok
chr1	201484541	201484542	-	0.99999	Prob	0.357143	57	G	TGGGA	ok
chr1	168196555	168196556	+	0.999997	Prob	0.617021	53	C	TGCCT	ok
chr1	154978743	154978744	+	0.999997	Prob	0.704545	492	C	TTCCG	ok
chr10	124397576	124397577	-	0.999997	Prob	0.6	44	G	GAGAT	ok
chrx	154379754	154379755	+	0.999996	Prob	0.453333	97	C	CGCCC	ok
chr6	57185071	57185072	+	0.99999	Prob	0.565217	31	C	CTCTG	ok
chr1	54031765	54031766	-	0.999996	Prob	0.608696	102	G	GTGGG	ok
chr1	45568105	45568106	+	0.999997	Prob	0.83871	109	C	GCCTG	ok
chr10	73380140	73380141	-	0.999997	Prob	0.6	149	G	GAGAC	ok
chrx	55007549	55007550	+	0.999997	Prob	0.583333	66	C	TTCCT	ok
chr9	83665135	83665136	-	0.999997	Prob	0.428571	39	G	AGGAT	ok
chr9	35689849	35689850	-	0.999543	Prob	0.5625	85	G	GCGGT	ok
chr2	27312231	27312232	-	0.999032	Prob	0.333333	57	G	AGGGC	ok
chr22	45740417	45740418	+	0.999997	Prob	0.5	257	C	TTCAG	ok
chr21	31667286	31667287	+	0.999997	Prob	0.608696	908	C	TGCTG	ok
chr17	48895744	48895745	+	0.999997	Prob	0.525641	900	C	GCCTT	ok
chrx	132075816	132075817	+	0.999997	Prob	0.619048	81	C	CACAA	ok
chr16	28724419	28724420	+	0.999992	Prob	0.6	100	C	CGCCT	ok
chr13	27621914	27621915	+	0.999996	Prob	0.6	125	C	CGCGC	ok
chrx	21977988	21977989	+	0.999543	Prob	0.639344	74	C	CCCGG	ok
chr1	28509584	28509585	+	0.99999	Prob	0.492537	63	C	TGCCT	ok
chr20	49279190	49279191	+	0.999997	Prob	0.6	298	C	AACCT	ok
chr3	100178417	100178418	+	0.999997	Prob	0.52	103	C	TTCAC	ok
chr22	41656977	41656978	+	0.999997	Prob	0.666667	617	C	TCCAG	ok
chr16	56936728	56936729	+	0.999997	Prob	0.567568	63	C	GACAG	ok
chr5	134763910	134763911	+	0.999997	Prob	0.526316	88	C	ATCGA	ok
chr17	41689874	41689875	+	0.99999	Prob	0.676471	835	C	ACCCT	ok
chr13	106567750	106567751	-	0.999997	Prob	0.705882	69	G	ACGGG	ok
chr19	49491811	49491812	+	0.999997	Prob	0.569444	5214	C	GTCTG	ok
chr15	59768372	59768373	+	0.999997	Prob	0.625	6	C	AGCGC	ok
chr17	1400152	1400153	-	0.999997	Prob	0.677419	271	G	GCGGA	ok
chr1	46316655	46316656	+	0.99999	Prob	0.517241	1121	C	TACCA	ok
chr3	155870719	155870720	+	0.999997	Prob	0.590909	30	C	GGCGC	ok
chr4	56446799	56446800	+	0.999997	Prob	0.5	130	C	TTCTT	ok
chr15	101272232	101272233	-	0.999543	Prob	0.530612	76	G	TTGAA	ok
chr11	47565709	47565710	+	0.999543	Prob	0.507463	422	C	TGCCG	ok
chr12	121899828	121899829	+	0.999997	Prob	0.544444	142	C	CTCCC	ok
chr12	67309926	67309927	+	0.99999	Prob	0.636364	81	C	ACCCA	ok
chr19	48616087	48616088	-	0.999997	Prob	0.619048	2372	G	CAGGA	ok
chr12	98531754	98531755	+	0.999996	Prob	0.545455	54	C	TCCTC	ok
chr16	28732075	28732076	+	0.999997	Prob	0.545455	173	C	GTCTG	ok
chr19	12940059	12940060	+	0.999032	Prob	0.631579	167	C	GACAT	ok
chr19	46838426	46838427	-	0.999997	Prob	0.451613	504	G	CCGGG	ok
chr7	75058619	75058620	-	0.999997	Prob	0.5	23	G	CAGGT	ok
chr1	175008657	175008658	+	0.999996	Prob	0.479452	519	C	CACAA	ok
chr8	97852365	97852366	+	0.999543	Prob	0.574468	298	C	AGCTA	ok
chr6	87085795	87085796	-	0.99999	Prob	0.576923	31	G	CCGTG	ok
chr2	26191324	26191325	-	0.999997	Prob	0.636364	135	G	TAGGC	ok
chr17	16441708	16441709	+	0.999997	Prob	0.615385	596	C	CTCAC	ok
chr17	64503495	64503496	-	0.999997	Prob	0.428571	277	G	GCGAC	ok
chr3	49359432	49359433	-	0.999543	Prob	0.6	487	G	GGGCC	ok
chr22	40364991	40364992	+	0.999997	Prob	0.518519	441	C	TCCCA	ok
chr3	39408615	39408616	+	0.99999	Prob	0.586957	3539	C	ATCAT	ok
chr16	53971	53972	+	0.999992	Prob	0.606383	207	C	CGCTG	ok
chr7	6024422	6024423	-	0.999997	Prob	0.568627	57	G	GAGAA	ok
chr22	30334539	30334540	-	0.999992	Prob	0.46875	35	G	GGGGT	ok
chr15	40873262	40873263	-	0.999997	Prob	0.611111	44	G	GGGGT	ok
chr7	101240203	101240204	-	0.999997	Prob	0.655172	98	G	CTGTC	ok
chr17	64500014	64500015	-	0.999996	Prob	0.617647	423	G	GTGCA	ok
chr1	111447526	111447527	-	0.99999	Prob	0.551724	107	G	TTGCT	ok
chr2	71130192	71130193	-	0.999997	Prob	0.45	31	G	GCGGC	ok
chr19	18920627	18920628	+	0.999032	Prob	0.636364	38	C	AGCGT	ok
chr11	6476842	6476843	-	0.99999	Prob	0.481481	86	G	TGGTT	ok
chr18	57615848	57615849	-	0.999996	Prob	0.615385	48	G	TTGTT	ok
chr17	19357878	19357879	-	0.999997	Prob	0.547619	70	G	GGGGA	ok
chr12	53040616	53040617	+	0.999997	Prob	0.459016	68	C	TACCT	ok
chr11	36274769	36274770	-	0.999996	Prob	0.517857	66	G	TGGAT	ok
chr3	156542809	156542810	-	0.999996	Prob	0.512821	49	G	AAGTT	ok
chr7	88205442	88205443	-	0.999997	Prob	0.590909	25	G	AGGCA	ok
chr17	44076105	44076106	+	0.999543	Prob	0.47619	88	C	CTCCA	ok
chr2	95121738	95121739	-	0.999997	Prob	0.708333	99	G	CCGTC	ok
chr11	125580157	125580158	+	0.999996	Prob	0.458333	55	C	TCCCT	ok
chr21	32604233	32604234	-	0.99999	Prob	0.5	108	G	AGGCA	ok
chr12	56158706	56158707	+	0.999997	Prob	0.592105	942	C	ACCGC	ok
chr3	128632097	128632098	-	0.999997	Prob	0.5	59	G	CGGGT	ok
chr10	87191100	87191101	+	0.999997	Prob	0.48	34	C	TTCCT	ok
chr19	4443176	4443177	+	0.999992	Prob	0.484848	37	C	TCCTT	ok
chrx	120626733	120626734	-	0.999997	Prob	0.428571	38	G	GGGGC	ok
chr3	49104708	49104709	-	0.999997	Prob	0.555556	60	G	GAGCG	ok
chr15	88464756	88464757	-	0.999997	Prob	0.516484	105	G	CTGCC	ok
chr12	6526938	6526939	+	0.99999	Prob	0.7	27	C	GTCCC	ok
chr2	112586279	112586280	+	0.999996	Prob	0.7	79	C	AGCTG	ok
chrx	152767413	152767414	-	0.999997	Prob	0.629032	109	G	CAGAG	ok
chr21	42873566	42873567	-	0.999543	Prob	0.483871	47	G	TTGCC	ok
chr16	2214458	2214459	-	0.999997	Prob	0.454545	57	G	GAGCG	ok
chr14	54420125	54420126	+	0.999997	Prob	0.471429	101	C	CTCTA	ok
chr13	113185516	113185517	-	0.999997	Prob	0.55	61	G	CAGAA	ok
chr15	67521550	67521551	+	0.999997	Prob	0.533333	61	C	GCCCG	ok
chr1	225920175	225920176	-	0.999032	Prob	0.724138	60	G	CAGTC	ok
chr12	56161394	56161395	+	0.999984	Prob	0.594595	1246	C	TCCGC	ok
chr20	44907826	44907827	+	0.999543	Prob	0.516129	65	C	TTCAG	ok
chr10	43386470	43386471	-	0.999543	Prob	0.368421	283	G	AAGAA	ok
chr19	14408489	14408490	+	0.999997	Prob	0.583333	56	C	AACTG	ok
chr3	108080245	108080246	-	0.999997	Prob	0.36	51	G	TTGTG	ok
chr1	219983253	219983254	-	0.999996	Prob	0.459459	45	G	GGGGA	ok
chr1	114570723	114570724	-	0.999997	Prob	0.608108	96	G	GTGCG	ok
chr1	86863414	86863415	-	0.999996	Prob	0.414634	433	G	AGGTG	ok
chr1	70221537	70221538	+	0.999997	Prob	0.428571	52	C	CACCC	ok
chr20	50082796	50082797	-	0.999996	Prob	0.65	48	G	CGGCT	ok
chr1	44339101	44339102	-	0.999032	Prob	0.558824	41	G	TAGTG	ok
chr1	32775669	32775670	-	0.99999	Prob	0.363636	79	G	AGGAC	ok
chr6	31732292	31732293	-	0.999997	Prob	0.484848	341	G	GAGAG	ok
chr10	21756718	21756719	-	0.999997	Prob	0.6	25	G	CAGTT	ok
chr16	69711023	69711024	-	0.999997	Prob	0.515152	249	G	AAGTG	ok
chr6	7414246	7414247	+	0.999997	Prob	0.5	67	C	CACTC	ok
chr3	184183833	184183834	+	0.99999	Prob	0.594595	293	C	CTCCC	ok
chr19	30015569	30015570	+	0.999997	Prob	0.565217	30	C	CGCCC	ok
chrx	129929657	129929658	+	0.999996	Prob	0.463415	119	C	TCCAG	ok
chr17	7252820	7252821	+	0.999997	Prob	0.454545	74	C	ATCTG	ok
chr9	112438435	112438436	+	0.999543	Prob	0.307692	36	C	TACAC	ok
chr19	1279212	1279213	+	0.999997	Prob	0.558824	156	C	TGCAG	ok
chr19	58314912	58314913	+	0.999997	Prob	0.421053	102	C	AACTG	ok
chr3	48601425	48601426	-	0.999997	Prob	0.540541	315	G	GAGGT	ok
chr7	100095820	100095821	-	0.999543	Prob	0.55	166	G	AGGTC	ok
chr7	73304233	73304234	-	0.999997	Prob	0.434783	42	G	GAGCC	ok
chr7	32486893	32486894	-	0.999997	Prob	0.454545	29	G	TTGTT	ok
chr19	39980452	39980453	+	0.999984	Prob	0.76	153	C	GACTG	ok
chr6	35469409	35469410	+	0.999997	Prob	0.636364	2122	C	CTCTG	ok
chr22	37678575	37678576	+	0.99999	Prob	0.636364	1068	C	TGCAA	ok
chr3	155936446	155936447	+	0.999997	Prob	0.646341	97	C	ACCTT	ok
chr4	1339899	1339900	+	0.999996	Prob	0.5	127	C	TTCTG	ok
chr8	143022002	143022003	+	0.99999	Prob	0.535714	296	C	GACCT	ok
chr16	1963251	1963252	-	0.999997	Prob	0.647059	8458	G	CTGAT	ok
chr13	45340051	45340052	-	0.999543	Prob	0.384615	1595	G	CTGCA	ok
chr11	237118	237119	+	0.999996	Prob	0.391304	76	C	ACCGT	ok
chr9	36211740	36211741	+	0.999997	Prob	0.52	449	C	CTCAT	ok
chr12	120212683	120212684	+	0.999997	Prob	0.53125	44	C	TCCTA	ok
chr12	6965664	6965665	-	0.999997	Prob	0.551724	521	G	GTGGA	ok
chr12	56272356	56272357	-	0.999997	Prob	0.52381	65	G	AGGGG	ok
chr14	58263764	58263765	+	0.999997	Prob	0.47619	361	C	AGCTT	ok
chr16	28734828	28734829	+	0.999997	Prob	0.432432	202	C	GTCTA	ok
chr17	16441992	16441993	+	0.999543	Prob	0.478261	545	C	TACAA	ok
chr19	12940417	12940418	+	0.999997	Prob	0.45	162	C	GGCCA	ok
chr19	14565229	14565230	+	0.999997	Prob	0.619048	101	C	CCCAC	ok
chr1	165728082	165728083	-	0.999997	Prob	0.509434	142	G	GCGGC	ok
chr1	234373604	234373605	+	0.999997	Prob	0.45283	157	C	ACCGC	ok
chr14	94081152	94081153	-	0.99999	Prob	0.363636	30	G	GCGAG	ok
chr2	3580185	3580186	+	0.999543	Prob	0.645161	5356	C	TCCGC	ok
chr17	49704152	49704153	-	0.999997	Prob	0.391304	82	G	TGGAG	ok
chr9	136724746	136724747	-	0.999543	Prob	0.584416	162	G	CAGGG	ok
chrx	153700701	153700702	-	0.999997	Prob	0.538462	324	G	CTGGC	ok
chr12	54283815	54283816	+	0.999997	Prob	0.435897	876	C	AGCAA	ok
chr3	133820361	133820362	+	0.999996	Prob	0.521739	60	C	AGCAC	ok
chr17	81510681	81510682	-	0.999997	Prob	0.428571	1323	G	CTGAG	ok
chr6	30724046	30724047	+	0.999996	Prob	0.592105	1061	C	AGCAG	ok
chr6	63581389	63581390	+	0.99999	Prob	0.407407	279	C	CACCA	ok
chr7	38229978	38229979	+	0.999997	Prob	0.65	30	C	CTCCC	ok
chr17	5480437	5480438	-	0.99999	Prob	0.553846	90	G	GAGCA	ok
chr19	10832604	10832605	-	0.999032	Prob	0.622222	63	G	CTGTT	ok
chr20	34280547	34280548	-	0.999996	Prob	0.377358	93	G	AGGCC	ok
chr7	101239748	101239749	-	0.999997	Prob	0.546875	103	G	AGGAC	ok
chr11	88294172	88294173	-	0.999996	Prob	0.518519	110	G	AAGCA	ok
chr3	51933546	51933547	-	0.999543	Prob	0.709677	39	G	TGGGA	ok
chr3	128071620	128071621	+	0.999997	Prob	0.692308	102	C	CGCCA	ok
chr19	10573068	10573069	-	0.999997	Prob	0.526316	115	G	TAGCT	ok
chr6	99376033	99376034	-	0.99999	Prob	0.555556	48	G	CAGTC	ok
chr7	128457438	128457439	+	0.999543	Prob	0.444444	32	C	GACCA	ok
chr7	45104600	45104601	-	0.999997	Prob	0.551724	48	G	GTGGT	ok
chr12	124782746	124782747	-	0.999543	Prob	0.444444	31	G	AGGCC	ok
chr22	41620856	41620857	-	0.999997	Prob	0.5	30	G	CGGCG	ok
chr4	48857222	48857223	+	0.999997	Prob	0.633333	81	C	CCCAA	ok
chr8	23296029	23296030	+	0.99999	Prob	0.466667	55	C	GGCCC	ok
chr19	281393	281394	-	0.999997	Prob	0.72	140	G	GAGGA	ok
chr6	5369124	5369125	+	0.999543	Prob	0.694444	44	C	TCCCA	ok
chr11	112143696	112143697	-	0.999996	Prob	0.52	62	G	TAGAA	ok
chr19	17232242	17232243	-	0.999997	Prob	0.446809	63	G	AGGAG	ok
chr17	4731822	4731823	+	0.999997	Prob	0.428571	41	C	TCCTA	ok
chr3	142821034	142821035	-	0.99999	Prob	0.545455	38	G	GTGCC	ok
chr9	33442412	33442413	-	0.999996	Prob	0.655172	74	G	CAGGA	ok
chr15	43746526	43746527	+	0.999996	Prob	0.684211	113	C	CCCCA	ok
chr13	27622951	27622952	+	0.99999	Prob	0.539474	113	C	AACAG	ok
chr15	83008606	83008607	-	0.999997	Prob	0.545455	48	G	GAGCT	ok
chr3	52228827	52228828	-	0.999543	Prob	0.448276	79	G	TGGGC	ok
chr19	2807698	2807699	+	0.999996	Prob	0.6	29	C	TCCAC	ok
chr6	34246094	34246095	+	0.999996	Prob	0.435897	155	C	ATCGA	ok
chr4	77952502	77952503	+	0.99999	Prob	0.413793	34	C	TACGT	ok
chr17	38921725	38921726	+	0.999996	Prob	0.424242	92	C	ATCTT	ok
chr19	54124651	54124652	+	0.999032	Prob	0.545455	47	C	GCCAC	ok
chr13	30465805	30465806	-	0.999992	Prob	0.522727	523	G	AGGCA	ok
chr1	154157519	154157520	-	0.999997	Prob	0.590909	238	G	AGGAG	ok
chr16	28727237	28727238	+	0.999997	Prob	0.617647	150	C	GCCAG	ok
chr16	30070371	30070372	+	0.99999	Prob	0.447368	617	C	CACCC	ok
chr1	225920188	225920189	-	0.999984	Prob	0.642857	60	G	CTGAG	ok
chr2	73958805	73958806	+	0.999996	Prob	0.47619	183	C	CTCCC	ok
chr5	173163945	173163946	+	0.999543	Prob	0.368421	31	C	GCCCT	ok
chr5	151122960	151122961	-	0.999997	Prob	0.607143	45	G	CTGGA	ok
chr6	34878041	34878042	-	0.999997	Prob	0.625	50	G	AGGAG	ok
chr1	228107763	228107764	-	0.999543	Prob	0.772727	169	G	CGGTG	ok
chr1	203016029	203016030	+	0.999997	Prob	0.557143	87	C	TCCGG	ok
chr1	169387654	169387655	+	0.999997	Prob	0.545455	24	C	TCCTT	ok
chr1	155133513	155133514	+	0.999997	Prob	0.588235	39	C	TCCAC	ok
chr6	108211930	108211931	-	0.999997	Prob	0.5	223	G	AAGAA	ok
chrx	154777245	154777246	+	0.999997	Prob	0.285714	100	C	AACTA	ok
chr1	53238403	53238404	-	0.999997	Prob	0.595238	55	G	TTGCC	ok
chr1	45342975	45342976	+	0.999984	Prob	0.391304	40	C	ATCCC	ok
chr10	74394235	74394236	+	0.999992	Prob	0.677419	92	C	GCCCA	ok
chr9	121181355	121181356	-	0.999997	Prob	0.5	36	G	CAGAG	ok
chr9	83969067	83969068	-	0.999543	Prob	0.387097	432	G	GTGTT	ok
chr15	90271997	90271998	+	0.99999	Prob	0.583333	146	C	CTCAC	ok
chr9	33255076	33255077	-	0.999992	Prob	0.5	476	G	TTGAG	ok
chr18	6942210	6942211	-	0.999997	Prob	0.590909	108	G	TGGCT	ok
chr2	200820061	200820062	+	0.99999	Prob	0.615385	101	C	TGCTA	ok
chr3	186789641	186789642	+	0.999997	Prob	0.666667	195	C	AGCAT	ok
chr3	179588276	179588277	+	0.999997	Prob	0.493827	151	C	TCCAA	ok
chr6	110982115	110982116	+	0.999997	Prob	0.591549	78	C	CTCTG	ok
chr7	1739087	1739088	-	0.999032	Prob	0.552632	58	G	TGGGC	ok
chr6	165940530	165940531	-	0.99999	Prob	0.47619	44	G	CAGCC	ok
chr17	32444530	32444531	+	0.999996	Prob	0.510204	133	C	GGCGG	ok
chr19	16647199	16647200	-	0.999984	Prob	0.587302	185	G	GAGAC	ok
chr5	140674319	140674320	-	0.999997	Prob	0.5	96	G	CGGAC	ok
chr4	88521161	88521162	-	0.999997	Prob	0.520833	113	G	TAGAG	ok
chr8	144107494	144107495	+	0.999997	Prob	0.628571	181	C	CTCTG	ok
chr4	139295093	139295094	-	0.999997	Prob	0.545455	339	G	CAGTC	ok
chr19	46778676	46778677	-	0.999997	Prob	0.45	58	G	CTGGA	ok
chr12	10175467	10175468	+	0.99999	Prob	0.52	21	C	TTCTG	ok
chr14	64932145	64932146	+	0.999543	Prob	0.545455	135	C	ACCAT	ok
chr12	43794162	43794163	-	0.999997	Prob	0.5	73	G	ACGTG	ok
chr15	72199711	72199712	-	0.999997	Prob	0.787879	1206	G	CAGCA	ok
chr15	65579147	65579148	-	0.999543	Prob	0.619048	81	G	CAGGA	ok
chr19	58498442	58498443	-	0.999997	Prob	0.384615	67	G	ATGAA	ok
chr19	50506489	50506490	-	0.999543	Prob	0.478261	54	G	CAGTG	ok
chr7	44121921	44121922	-	0.999992	Prob	0.454545	87	G	CTGCG	ok
chr6	52267877	52267878	-	0.99999	Prob	0.384615	116	G	CTGCT	ok
chr19	811927	811928	+	0.999032	Prob	0.711111	416	C	GTCTT	ok
chr1	8866302	8866303	-	0.999543	Prob	0.489796	1747	G	GGGAG	ok
chr5	306735	306736	+	0.999543	Prob	0.428571	747	C	AGCTG	ok
chr1	156591773	156591774	+	0.999997	Prob	0.461538	63	C	GGCCG	ok
chr10	43386276	43386277	-	0.999997	Prob	0.580645	308	G	CAGGG	ok
chr2	127388897	127388898	+	0.999032	Prob	0.518519	32	C	TTCGT	ok
chr14	20476966	20476967	+	0.999997	Prob	0.59322	391	C	TACAT	ok
chr7	6054545	6054546	-	0.999997	Prob	0.5	27	G	ACGCT	ok
chr22	32412065	32412066	-	0.999984	Prob	0.57377	75	G	CTGCA	ok
chr16	74306208	74306209	+	0.999992	Prob	0.566667	86	C	AGCTC	ok
chr9	33281242	33281243	+	0.999996	Prob	0.536585	110	C	GGCTG	ok
chr12	75499558	75499559	-	0.99999	Prob	0.346154	28	G	CAGAC	ok
chr1	11676870	11676871	-	0.999996	Prob	0.481481	56	G	TGGGT	ok
chr2	69897383	69897384	+	0.999997	Prob	0.538462	75	C	GACTT	ok
chr22	37569205	37569206	+	0.999997	Prob	0.6	38	C	GACCG	ok
chr11	18526867	18526868	-	0.999997	Prob	0.727273	55	G	CTGGG	ok
chr20	23351037	23351038	+	0.999997	Prob	0.628571	40	C	CGCTG	ok
chr9	124873725	124873726	+	0.999997	Prob	0.571429	98	C	TGCGG	ok
chr14	60798128	60798129	+	0.999543	Prob	0.625	31	C	TACAA	ok
chr15	65556770	65556771	+	0.999997	Prob	0.612903	71	C	AACAT	ok
chr22	42797091	42797092	-	0.999997	Prob	0.576923	32	G	ATGTA	ok
chr3	44997236	44997237	+	0.999997	Prob	0.58	77	C	CTCTA	ok
chr17	44076239	44076240	+	0.999543	Prob	0.708333	91	C	TTCCT	ok
chrx	119851567	119851568	-	0.999997	Prob	0.428571	54	G	TTGAT	ok
chr7	55471062	55471063	-	0.999997	Prob	0.65	30	G	CAGCT	ok
chr16	66821504	66821505	-	0.999997	Prob	0.483333	109	G	CAGAT	ok
chr5	205495	205496	-	0.99999	Prob	0.555556	104	G	CGGAC	ok
chr15	79322815	79322816	+	0.999543	Prob	0.560976	100	C	GGCTA	ok
chr11	4135194	4135195	+	0.999996	Prob	0.478873	271	C	AGCCA	ok
chr11	64194220	64194221	+	0.999997	Prob	0.541667	66	C	TTCTT	ok
chr11	64270223	64270224	-	0.999032	Prob	0.347826	33	G	GCGGA	ok
chr19	58552318	58552319	-	0.99999	Prob	0.361111	104	G	TTGTT	ok
chr10	133396192	133396193	+	0.999997	Prob	0.571429	36	C	TTCAG	ok
chr19	52225791	52225792	+	0.99999	Prob	0.571429	214	C	GCCCA	ok
chr17	18245946	18245947	-	0.999996	Prob	0.590909	33	G	AGGAG	ok
chr13	113181156	113181157	-	0.999997	Prob	0.571429	74	G	TAGAT	ok
chr12	49558886	49558887	-	0.999997	Prob	0.525	126	G	GAGCA	ok
chr21	25606504	25606505	-	0.99999	Prob	0.560976	128	G	CGGGG	ok
chr10	43396461	43396462	-	0.999543	Prob	0.4	109	G	GAGGC	ok
chr5	178210791	178210792	+	0.99999	Prob	0.449275	178	C	AGCTC	ok
chr3	108060797	108060798	-	0.999997	Prob	0.68	55	G	CAGCA	ok
chr6	149773146	149773147	+	0.999997	Prob	0.568182	168	C	AGCAA	ok
chr1	165768203	165768204	-	0.999984	Prob	0.407407	118	G	CTGTT	ok
chr10	131973112	131973113	-	0.999997	Prob	0.604938	86	G	GAGGT	ok
chr1	119740405	119740406	+	0.999984	Prob	0.585366	458	C	ACCAG	ok
chr1	84481005	84481006	+	0.999997	Prob	0.568966	65	C	GGCGA	ok
chr1	53233575	53233576	-	0.999997	Prob	0.7	48	G	ATGCA	ok
chr10	86963102	86963103	+	0.999997	Prob	0.5	142	C	CTCGT	ok
chr9	129635569	129635570	+	0.999997	Prob	0.59322	127	C	ACCAC	ok
chr10	73246011	73246012	-	0.999996	Prob	0.581818	59	G	ATGAT	ok
chr9	121190558	121190559	-	0.999997	Prob	0.434783	32	G	GTGAT	ok
chr1	17044886	17044887	-	0.999997	Prob	0.516129	256	G	AGGCC	ok
chrx	47212476	47212477	+	0.999997	Prob	0.64	70	C	TCCCT	ok
chr6	2948362	2948363	-	0.999997	Prob	0.532258	419	G	AAGGA	ok
chr13	23730374	23730375	-	0.999997	Prob	0.558824	49	G	TCGAA	ok
chr6	44254785	44254786	-	0.999997	Prob	0.3	83	G	GAGCA	ok
chr17	32369950	32369951	+	0.999997	Prob	0.423077	105	C	TCCTG	ok
chr14	45116180	45116181	-	0.999997	Prob	0.619048	63	G	GAGCT	ok
chr11	1956360	1956361	+	0.999997	Prob	0.430233	122	C	GGCAG	ok
chr7	44114789	44114790	-	0.999984	Prob	0.45	247	G	GGGGC	ok
chr22	41650857	41650858	+	0.999997	Prob	0.627451	545	C	CCCTG	ok
chr7	103367417	103367418	+	0.999996	Prob	0.583333	222	C	CTCGT	ok
chr10	6112220	6112221	+	0.99999	Prob	0.681818	52	C	GGCGC	ok
chr19	49684054	49684055	+	0.99999	Prob	0.533333	148	C	CCCGG	ok
chr22	23895124	23895125	+	0.999997	Prob	0.514286	4952	C	CGCTG	ok
chr1	96679163	96679164	-	0.999997	Prob	0.413043	81	G	TAGTT	ok
chr12	21635472	21635473	-	0.99999	Prob	0.555556	2583	G	ATGGA	ok
chr3	170866357	170866358	-	0.999032	Prob	0.488889	234	G	AAGCC	ok
chr2	74969595	74969596	+	0.99999	Prob	0.432432	60	C	GTCTT	ok
chr4	6642571	6642572	+	0.999992	Prob	0.64	517	C	CCCTA	ok
chr8	143022331	143022332	+	0.999997	Prob	0.578947	303	C	AGCCA	ok
chr5	151746333	151746334	-	0.99999	Prob	0.631579	175	G	AGGCC	ok
chr8	144792179	144792180	-	0.999997	Prob	0.666667	27	G	GGGTA	ok
chr8	143580671	143580672	-	0.999543	Prob	0.533333	455	G	CTGCT	ok
chr10	104267378	104267379	+	0.99999	Prob	0.625	348	C	GCCCT	ok
chr10	75219108	75219109	+	0.999997	Prob	0.44186	515	C	TACTG	ok
chr12	76084612	76084613	-	0.999997	Prob	0.53125	144	G	GTGAC	ok
chr15	76231365	76231366	-	0.999996	Prob	0.641791	274	G	ATGGC	ok
chr17	7240654	7240655	-	0.999997	Prob	0.580645	510	G	AAGGA	ok
chr16	3658088	3658089	-	0.99999	Prob	0.636364	383	G	GGGCT	ok
chr10	46005139	46005140	-	0.999997	Prob	0.3	48	G	AAGAA	ok
chr19	17863266	17863267	+	0.999997	Prob	0.545455	4013	C	TGCAG	ok
chr6	14136641	14136642	+	0.999997	Prob	0.645161	98	C	GTCTT	ok
chr12	76047911	76047912	-	0.999997	Prob	0.423077	37	G	GGGTG	ok
chr7	5528704	5528705	-	0.999032	Prob	0.538462	481	G	AAGGT	ok
chr1	154207616	154207617	-	0.999543	Prob	0.566667	276	G	ATGTC	ok
chr20	58993517	58993518	+	0.99999	Prob	0.583333	122	C	AGCAC	ok
chr7	74196242	74196243	+	0.999992	Prob	0.434783	619	C	CCCCC	ok
chr22	25459616	25459617	+	0.999997	Prob	0.477273	87	C	CCCAG	ok
chr1	156742441	156742442	-	0.999543	Prob	0.466667	96	G	GAGCC	ok
chr16	370104	370105	-	0.999997	Prob	0.578125	89	G	GTGGG	ok
chr19	14564182	14564183	+	0.999997	Prob	0.596154	81	C	GCCTC	ok
chrx	153787942	153787943	-	0.999997	Prob	0.585366	53	G	AGGTC	ok
chr17	3663751	3663752	-	0.999032	Prob	0.521739	62	G	AGGAC	ok
chr5	140698962	140698963	+	0.999543	Prob	0.6	37	C	GTCCA	ok
chr3	149965340	149965341	-	0.999997	Prob	0.666667	75	G	TTGGG	ok
chr3	128071402	128071403	+	0.999997	Prob	0.413793	103	C	CGCTT	ok
chr2	219251034	219251035	-	0.999996	Prob	0.616438	143	G	TGGGC	ok
chr5	140645441	140645442	-	0.999997	Prob	0.52381	65	G	GAGGG	ok
chr12	53040159	53040160	+	0.999997	Prob	0.561798	180	C	AGCAA	ok
chr2	86505844	86505845	-	0.999543	Prob	0.571429	43	G	CAGAG	ok
chr5	175967181	175967182	-	0.999997	Prob	0.75	41	G	ACGCC	ok
chr14	75009081	75009082	+	0.999997	Prob	0.268293	48	C	TCCCC	ok
chr19	281277	281278	-	0.999997	Prob	0.565217	145	G	AGGGT	ok
chr5	140706227	140706228	+	0.999984	Prob	0.555556	31	C	TGCCC	ok
chr11	94971021	94971022	-	0.999997	Prob	0.47619	137	G	TGGTC	ok
chr9	136793207	136793208	+	0.999997	Prob	0.7	48	C	GACAG	ok
chr8	144426976	144426977	-	0.99999	Prob	0.571429	74	G	GAGAC	ok
chr4	99062750	99062751	+	0.999996	Prob	0.564103	84	C	TGCAA	ok
chr15	65152516	65152517	-	0.999997	Prob	0.526316	27	G	TTGGT	ok
chr3	57575598	57575599	-	0.999997	Prob	0.42	84	G	ATGGC	ok
chr3	52232003	52232004	-	0.999984	Prob	0.55	34	G	GAGTC	ok
chr5	16465170	16465171	-	0.999997	Prob	0.46875	36	G	CGGCC	ok
chr1	43361144	43361145	+	0.999997	Prob	0.506173	174	C	GTCCA	ok
chr19	12948776	12948777	+	0.999997	Prob	0.447368	202	C	TACAA	ok
chr11	840315	840316	-	0.999997	Prob	0.37931	615	G	CGGGG	ok
chr11	66061908	66061909	+	0.999996	Prob	0.571429	55	C	CTCCC	ok
chr21	42863478	42863479	-	0.999543	Prob	0.558824	54	G	CGGCC	ok
chr14	102086005	102086006	-	0.999984	Prob	0.458824	778	G	CAGTA	ok
chr16	30067281	30067282	+	0.999997	Prob	0.558824	362	C	CCCCG	ok
chr1	155725432	155725433	+	0.999996	Prob	0.583333	121	C	AACTT	ok
chr15	73570206	73570207	-	0.999997	Prob	0.65	36	G	AAGGA	ok
chr14	100334605	100334606	-	0.999997	Prob	0.272727	88	G	CTGCT	ok
chr9	35056705	35056706	-	0.999984	Prob	0.527778	157	G	TGGCC	ok
chr1	156249392	156249393	-	0.999997	Prob	0.542857	53	G	TGGGG	ok
chr1	159782205	159782206	+	0.999997	Prob	0.46	125	C	GCCTG	ok
chr1	154212495	154212496	-	0.999996	Prob	0.65	277	G	AAGGG	ok
chr1	119742813	119742814	+	0.999996	Prob	0.509091	600	C	CACCT	ok
chr6	63576870	63576871	+	0.999997	Prob	0.538462	155	C	AACTA	ok
chr1	67430337	67430338	-	0.999997	Prob	0.559524	624	G	CAGCG	ok
chr9	136850905	136850906	+	0.999543	Prob	0.617647	454	C	GCCTG	ok
chrx	103253030	103253031	-	0.999997	Prob	0.608696	72	G	AAGAG	ok
chr6	37390848	37390849	+	0.999996	Prob	0.566667	31	C	CTCTG	ok
chr1	20604952	20604953	+	0.999997	Prob	0.557377	87	C	TACCC	ok
chr11	66288955	66288956	-	0.999984	Prob	0.56	82	G	CCGTG	ok
chr11	62671753	62671754	+	0.999997	Prob	0.318182	62	C	TCCTT	ok
chr1	1309836	1309837	+	0.999997	Prob	0.535714	32	C	ACCCC	ok
chr6	4125288	4125289	-	0.999997	Prob	0.692308	231	G	AGGGT	ok
chr10	1040098	1040099	-	0.999997	Prob	0.395349	133	G	AGGTT	ok
chr18	6950844	6950845	-	0.999997	Prob	0.37931	55	G	AGGTC	ok
chr15	75639289	75639290	-	0.99999	Prob	0.457143	203	G	GGGCG	ok
chr2	85053250	85053251	+	0.999997	Prob	0.541667	30	C	TGCGT	ok
chr3	23919523	23919524	+	0.99999	Prob	0.518519	3621	C	TTCAT	ok
chr11	20383352	20383353	+	0.999997	Prob	0.511111	114	C	TGCAT	ok
chr7	100093347	100093348	-	0.999032	Prob	0.46875	230	G	CTGAT	ok
chr19	55262589	55262590	-	0.999984	Prob	0.583333	78	G	GGGCA	ok
chr10	43386717	43386718	-	0.999997	Prob	0.416667	233	G	CTGTA	ok
chr2	86166523	86166524	-	0.999543	Prob	0.666667	58	G	TGGCG	ok
chr21	43093188	43093189	-	0.999997	Prob	0.5	180	G	CCGCC	ok
chr3	23919433	23919434	+	0.999997	Prob	0.510638	4220	C	CACTA	ok
chr19	1279069	1279070	+	0.99999	Prob	0.380952	173	C	CGCTG	ok
chr1	33013101	33013102	-	0.999997	Prob	0.782609	218	G	AGGAA	ok
chr2	96266389	96266390	+	0.999997	Prob	0.615385	100	C	CGCAC	ok
chr22	21000116	21000117	-	0.999997	Prob	0.6	83	G	TAGCT	ok
chr8	86544780	86544781	+	0.999997	Prob	0.518519	30	C	CTCAT	ok
chr11	65719805	65719806	-	0.999997	Prob	0.583333	149	G	GTGAA	ok
chr11	7987483	7987484	+	0.999543	Prob	0.516667	158	C	GCCTC	ok
chr17	81904529	81904530	-	0.999997	Prob	0.789474	31	G	TGGGG	ok
chr10	13319322	13319323	-	0.999997	Prob	0.454545	53	G	CTGCT	ok
chr14	21211032	21211033	-	0.999992	Prob	0.627907	683	G	GCGTC	ok
chr16	682422	682423	+	0.999543	Prob	0.666667	165	C	CCCAA	ok
chr16	4508030	4508031	+	0.999997	Prob	0.659091	112	C	CACTG	ok
chr17	80138238	80138239	-	0.999997	Prob	0.5	291	G	CTGCC	ok
chr19	12938733	12938734	+	0.999997	Prob	0.619048	180	C	AGCCT	ok
chr19	1597271	1597272	-	0.999992	Prob	0.492754	72	G	AAGTG	ok
chr19	49108568	49108569	+	0.999543	Prob	0.521739	61	C	GCCCC	ok
chr6	31817396	31817397	+	0.999543	Prob	0.526316	47	C	TTCAA	ok
chr1	175006783	175006784	+	0.999992	Prob	0.535714	468	C	TACCT	ok
chr17	37510746	37510747	+	0.999997	Prob	0.653846	31	C	CACAC	ok
chr14	94060449	94060450	-	0.999997	Prob	0.625	32	G	AAGGA	ok
chr9	125239051	125239052	-	0.999543	Prob	0.769231	328	G	TTGGC	ok
chr10	84142683	84142684	+	0.999997	Prob	0.380952	195	C	ATCCG	ok
chr6	29945734	29945735	+	0.999997	Prob	0.461538	277	C	AACTT	ok
chr16	2153174	2153175	+	0.999997	Prob	0.52	45	C	AGCGC	ok
chr14	52781868	52781869	-	0.999997	Prob	0.571429	33	G	CTGTA	ok
chrx	136511970	136511971	+	0.999984	Prob	0.478261	46	C	AGCAG	ok
chr11	18407548	18407549	+	0.99999	Prob	0.571429	1671	C	TGCTG	ok
chr3	50347803	50347804	-	0.999997	Prob	0.35	48	G	AAGCC	ok
chr13	36949994	36949995	-	0.999997	Prob	0.578947	60	G	AAGTC	ok
chr19	18921725	18921726	+	0.999992	Prob	0.541667	41	C	GACTG	ok
chr22	17592622	17592623	-	0.999543	Prob	0.585714	119	G	AAGCT	ok
chr12	47968190	47968191	+	0.999997	Prob	0.576923	254	C	ATCAC	ok
chr9	124876923	124876924	+	0.999997	Prob	0.78125	118	C	AGCAA	ok
chr12	14786482	14786483	-	0.999997	Prob	0.478261	42	G	GTGTA	ok
chr19	49448036	49448037	-	0.999997	Prob	0.6	104	G	ACGTC	ok
chr19	15116209	15116210	-	0.999997	Prob	0.366667	45	G	ACGAA	ok
chr12	56224406	56224407	+	0.999997	Prob	0.678571	37	C	TGCTC	ok
chr1	26281096	26281097	+	0.999543	Prob	0.452055	98	C	CGCTG	ok
chr16	69329171	69329172	-	0.999543	Prob	0.590909	49	G	GGGTC	ok
chr22	23957692	23957693	-	0.999997	Prob	0.511111	51	G	TTGCT	ok
chr8	144423879	144423880	-	0.999543	Prob	0.6	117	G	TCGTC	ok
chr3	52254754	52254755	-	0.999997	Prob	0.555556	78	G	CCGCT	ok
chr15	78160095	78160096	+	0.999997	Prob	0.846154	41	C	ACCTA	ok
chr11	61299645	61299646	-	0.999997	Prob	0.333333	146	G	AGGCA	ok
chr11	67070465	67070466	+	0.999997	Prob	0.5	39	C	ATCAT	ok
chr12	76859625	76859626	-	0.999992	Prob	0.541667	52	G	CAGTT	ok
chr5	178149529	178149530	-	0.999997	Prob	0.380952	849	G	TGGCA	ok
chr7	1160081	1160082	-	0.99999	Prob	0.52381	25	G	TGGCA	ok
chr2	26263410	26263411	+	0.999997	Prob	0.510204	58	C	GCCAA	ok
chr12	32747258	32747259	-	0.999997	Prob	0.507692	78	G	AGGAA	ok
chr1	32334622	32334623	-	0.999543	Prob	0.576923	52	G	TGGTG	ok
chr21	42855693	42855694	-	0.999992	Prob	0.581081	113	G	TGGGG	ok
chr2	19901904	19901905	-	0.99999	Prob	0.45	25	G	CGGTT	ok
chr12	117039165	117039166	-	0.999997	Prob	0.47619	51	G	AGGAA	ok
chr17	58695089	58695090	+	0.999996	Prob	0.45	65	C	CACCT	ok
chr1	74719241	74719242	-	0.99999	Prob	0.555556	53	G	ATGGA	ok
chr2	208254978	208254979	-	0.999997	Prob	0.344828	35	G	CAGCC	ok
chr9	124869322	124869323	+	0.999992	Prob	0.625	87	C	CGCCG	ok
chr2	55877863	55877864	-	0.999543	Prob	0.421053	50	G	ATGTC	ok
chr12	56117816	56117817	+	0.999997	Prob	0.516129	6409	C	AGCTG	ok
chr10	69203003	69203004	+	0.99999	Prob	0.526316	44	C	ATCAA	ok
chr1	235110808	235110809	-	0.999997	Prob	0.595238	45	G	ATGAG	ok
chr6	159776214	159776215	+	0.999032	Prob	0.541667	60	C	AGCTA	ok
chr1	168200018	168200019	+	0.999997	Prob	0.545455	51	C	GACTC	ok
chr6	117708016	117708017	+	0.99999	Prob	0.636364	25	C	TACCA	ok
chr6	106308434	106308435	-	0.999992	Prob	0.772727	32	G	AAGTG	ok
chr20	63520806	63520807	+	0.999997	Prob	0.692308	49	C	GTCTT	ok
chr6	63581228	63581229	+	0.999997	Prob	0.425532	282	C	GCCTT	ok
chr1	54040810	54040811	-	0.99999	Prob	0.52381	197	G	GTGCG	ok
chr20	46689172	46689173	-	0.999992	Prob	0.45	22	G	CCGTC	ok
chr10	73246171	73246172	-	0.999996	Prob	0.5625	55	G	AAGAT	ok
chr9	121180030	121180031	-	0.999997	Prob	0.52381	34	G	CAGTG	ok
chr9	93113257	93113258	+	0.999997	Prob	0.791667	52	C	GACCA	ok
chrx	48893810	48893811	-	0.999543	Prob	0.533333	142	G	ATGGG	ok
chr1	7985171	7985172	+	0.999984	Prob	0.558824	777	C	TACTT	ok
chr10	11742688	11742689	+	0.999997	Prob	0.5	23	C	GGCGG	ok
chr6	4115910	4115911	-	0.999997	Prob	0.761905	252	G	CAGCA	ok
chr2	10784247	10784248	-	0.999543	Prob	0.655172	297	G	CTGTT	ok
chr7	116559016	116559017	+	0.999984	Prob	0.361111	87	C	TTCAC	ok
chr2	74207819	74207820	+	0.99999	Prob	0.489362	98	C	CTCTT	ok
chr11	57414635	57414636	-	0.999996	Prob	0.730769	88	G	CTGGT	ok
chr3	10304149	10304150	-	0.999997	Prob	0.419355	321	G	AGGTC	ok
chr11	63631196	63631197	-	0.999996	Prob	0.5	32	G	CAGTG	ok
chr4	2042372	2042373	+	0.999997	Prob	0.6	183	C	GCCGG	ok
chr3	48599095	48599096	-	0.999997	Prob	0.648148	478	G	CGGCC	ok
chr7	100093034	100093035	-	0.999992	Prob	0.583333	246	G	GAGAT	ok
chr12	69260132	69260133	+	0.999997	Prob	0.583333	59	C	TTCTT	ok
chr3	49359276	49359277	-	0.99999	Prob	0.628571	499	G	TGGAT	ok
chr20	24963073	24963074	-	0.999543	Prob	0.5	79	G	GGGTC	ok
chr3	149741330	149741331	-	0.999543	Prob	0.548387	46	G	GTGCT	ok
chr1	109738356	109738357	-	0.999997	Prob	0.636364	327	G	GAGGT	ok
chr3	155893616	155893617	+	0.999997	Prob	0.424242	37	C	ACCGA	ok
chr8	97851783	97851784	+	0.999997	Prob	0.477612	285	C	GCCCC	ok
chr16	1962224	1962225	-	0.999984	Prob	0.568627	10591	G	GGGTC	ok
chr11	61967497	61967498	-	0.999543	Prob	0.509434	3805	G	GGGCA	ok
chr1	116404726	116404727	+	0.99999	Prob	0.551724	200	C	TACAT	ok
chr12	56713584	56713585	-	0.999997	Prob	0.537313	1987	G	TAGAC	ok
chr17	51168338	51168339	+	0.999997	Prob	0.574468	1993	C	GGCCA	ok
chr16	18784808	18784809	-	0.999997	Prob	0.575758	2878	G	GGGCT	ok
chr16	46679016	46679017	-	0.999996	Prob	0.636364	54	G	CAGTT	ok
chr17	58003595	58003596	-	0.99999	Prob	0.555556	93	G	GTGAC	ok
chr19	12940056	12940057	+	0.999984	Prob	0.647059	167	C	CCCGA	ok
chr18	46087171	46087172	-	0.99999	Prob	0.492537	535	G	AGGAT	ok
chr12	51245405	51245406	-	0.999997	Prob	0.434783	46	G	TTGTT	ok
chr16	636244	636245	-	0.999996	Prob	0.714286	274	G	GTGCA	ok
chr14	94062364	94062365	-	0.999997	Prob	0.5	24	G	GAGAC	ok
chr6	43519752	43519753	+	0.999997	Prob	0.564103	70	C	TCCAT	ok
chr16	46662319	46662320	-	0.999997	Prob	0.7	141	G	AGGTT	ok
chr17	64500729	64500730	-	0.999997	Prob	0.714286	363	G	GAGTT	ok
chr6	30723754	30723755	+	0.999543	Prob	0.710526	768	C	GCCAC	ok
chr15	64160173	64160174	-	0.999543	Prob	0.6	767	G	TTGCT	ok
chr22	25455794	25455795	+	0.999997	Prob	0.469388	83	C	GACCA	ok
chr7	75882086	75882087	+	0.999997	Prob	0.5	39	C	CACCA	ok
chr17	44349452	44349453	+	0.999997	Prob	0.48	45	C	GGCAT	ok
chr22	36467264	36467265	-	0.999997	Prob	0.55	47	G	TGGGA	ok
chr15	40873154	40873155	-	0.999997	Prob	0.444444	43	G	TGGCA	ok
chr7	93999274	93999275	-	0.999996	Prob	0.568182	53	G	TTGCC	ok
chr17	3663444	3663445	-	0.999996	Prob	0.568627	85	G	TTGCC	ok
chr11	88294285	88294286	-	0.999992	Prob	0.5	101	G	CTGCC	ok
chr1	109235223	109235224	+	0.999997	Prob	0.583333	100	C	GGCAG	ok
chr7	66988262	66988263	-	0.999997	Prob	0.494845	167	G	TAGAA	ok
chr18	59359051	59359052	-	0.999996	Prob	0.5625	40	G	GGGCA	ok
chr14	70584505	70584506	-	0.99999	Prob	0.642857	39	G	TAGCT	ok
chr11	103092097	103092098	-	0.999997	Prob	0.632653	61	G	GCGGT	ok
chr5	140245358	140245359	-	0.999996	Prob	0.546875	84	G	AGGAA	ok
chr7	16784389	16784390	+	0.999992	Prob	0.56962	104	C	AGCAT	ok
chr1	31269183	31269184	-	0.999997	Prob	0.583333	48	G	TTGAA	ok
chr5	133980901	133980902	-	0.999997	Prob	0.466667	332	G	CAGCC	ok
chr18	11999180	11999181	+	0.999996	Prob	0.574468	103	C	TTCAC	ok
chr5	52800326	52800327	+	0.999997	Prob	0.583333	28	C	CCCTC	ok
chr11	61364361	61364362	+	0.999997	Prob	0.631579	41	C	GCCCT	ok
chr3	112561560	112561561	-	0.999996	Prob	0.469388	79	G	ACGGG	ok
chr8	143021577	143021578	+	0.999997	Prob	0.568966	188	C	GACAT	ok
chr1	116396656	116396657	+	0.999032	Prob	0.444444	66	C	GGCAT	ok
chr11	4133604	4133605	+	0.999996	Prob	0.455696	256	C	GCCTA	ok
chr3	49102421	49102422	-	0.999997	Prob	0.560976	112	G	TTGAA	ok
chr1	52083494	52083495	+	0.999997	Prob	0.585366	75	C	GACAG	ok
chr10	133402738	133402739	+	0.999997	Prob	0.571429	46	C	ACCTG	ok
chr19	54123898	54123899	+	0.999543	Prob	0.5	38	C	TCCAC	ok
chr7	5900899	5900900	+	0.999543	Prob	0.515152	45	C	AACCA	ok
chr17	81720921	81720922	+	0.999997	Prob	0.392857	69	C	ATCCT	ok
chr8	97724707	97724708	+	0.999992	Prob	0.7	28	C	CACTT	ok
chr11	10808811	10808812	-	0.999997	Prob	0.535714	40	G	GAGGG	ok
chr5	151101111	151101112	-	0.999543	Prob	0.547619	68	G	CAGAC	ok
chr7	116918007	116918008	+	0.999032	Prob	0.56	93	C	CACAA	ok
chr6	159768511	159768512	+	0.99999	Prob	0.625	51	C	GGCTC	ok
chr1	168184825	168184826	+	0.999997	Prob	0.423077	40	C	GACCT	ok
chr1	154924927	154924928	-	0.99999	Prob	0.571429	82	G	CTGAA	ok
chr6	106186296	106186297	-	0.999543	Prob	0.36	65	G	GTGGT	ok
chr1	93360543	93360544	+	0.999996	Prob	0.647059	72	C	AGCAA	ok
chr6	63572578	63572579	+	0.999997	Prob	0.472222	114	C	CGCCG	ok
chr1	54032002	54032003	-	0.999992	Prob	0.409091	102	G	TAGCA	ok
chr1	45568526	45568527	+	0.999997	Prob	0.526316	115	C	CCCAC	ok
chr10	74398519	74398520	+	0.999996	Prob	0.543478	101	C	AACAT	ok
chr10	56357511	56357512	-	0.999984	Prob	0.46875	79	G	AAGTA	ok
chr1	15427216	15427217	+	0.999543	Prob	0.735294	41	C	GGCCC	ok
chrx	48574530	48574531	+	0.999997	Prob	0.447368	88	C	TCCGA	ok
chr9	37501774	37501775	+	0.999997	Prob	0.619048	34	C	TGCCT	ok
chr10	6112258	6112259	+	0.99999	Prob	0.210526	55	C	GCCAG	ok
chr14	67678023	67678024	-	0.999997	Prob	0.545455	31	G	AGGTA	ok
chr19	54207580	54207581	+	0.999997	Prob	0.541667	3039	C	CACCT	ok
chr2	216130924	216130925	+	0.999996	Prob	0.407407	73	C	AACAA	ok
chr14	55064650	55064651	+	0.999997	Prob	0.6	63	C	GACGC	ok
chr6	31532794	31532795	-	0.99999	Prob	0.488889	239	G	AGGAC	ok
chr17	76718643	76718644	-	0.999996	Prob	0.5	63	G	TTGTC	ok
chr15	75639463	75639464	-	0.999543	Prob	0.5	197	G	GTGGC	ok
chr22	41637668	41637669	+	0.999997	Prob	0.52	400	C	TACAG	ok
chr19	58306187	58306188	+	0.999997	Prob	0.558824	57	C	GACGG	ok
chr16	89957654	89957655	+	0.99999	Prob	0.510204	105	C	AGCTG	ok
chr3	186789308	186789309	+	0.999997	Prob	0.52381	172	C	TGCTG	ok
chr2	63594570	63594571	+	0.999543	Prob	0.5	214	C	GTCTT	ok
chr22	19435941	19435942	+	0.999997	Prob	0.5	165	C	CACAA	ok
chr10	6112222	6112223	+	0.999543	Prob	0.478261	52	C	CGCAC	ok
chr3	49359301	49359302	-	0.999997	Prob	0.612903	499	G	CTGTG	ok
chr3	124743972	124743973	+	0.999996	Prob	0.636364	150	C	TCCGA	ok
chr19	12799891	12799892	-	0.999997	Prob	0.421053	811	G	CTGGA	ok
chr17	41689875	41689876	+	0.999543	Prob	0.6	835	C	CCCTT	ok
chr3	170866362	170866363	-	0.999984	Prob	0.6	235	G	CTGTA	ok
chr6	33272674	33272675	+	0.999997	Prob	0.438596	5949	C	AACAC	ok
chr1	44776700	44776701	+	0.999543	Prob	0.458333	6424	C	GTCCG	ok
chr5	6599951	6599952	-	0.999996	Prob	0.541667	103	G	CGGGT	ok
chr6	99543087	99543088	-	0.999997	Prob	0.448276	42	G	TTGTA	ok
chr11	65855712	65855713	-	0.999997	Prob	0.484848	1040	G	GGGGC	ok
chr11	47565699	47565700	+	0.99999	Prob	0.574074	417	C	CGCGG	ok
chr12	6945991	6945992	+	0.999997	Prob	0.521739	234	C	CGCCT	ok
chr12	6849420	6849421	-	0.999997	Prob	0.596491	85	G	GCGCA	ok
chr19	46775314	46775315	-	0.999997	Prob	0.588235	113	G	GAGGA	ok
chr12	54280788	54280789	+	0.999543	Prob	0.583333	488	C	GTCTC	ok
chr14	74480215	74480216	-	0.999997	Prob	0.507246	95	G	AGGTG	ok
chr16	89561589	89561590	+	0.999997	Prob	0.607843	5460	C	TTCAC	ok
chr16	28735000	28735001	+	0.999543	Prob	0.564103	208	C	ATCAT	ok
chr17	16441813	16441814	+	0.99999	Prob	0.590909	601	C	TCCAA	ok
chr19	1440386	1440387	+	0.999543	Prob	0.677419	4668	C	ATCAC	ok
chr17	78172465	78172466	+	0.999997	Prob	0.619048	215	C	GCCTC	ok
chr18	46087022	46087023	-	0.999032	Prob	0.479452	566	G	ATGGA	ok
chr20	58993733	58993734	+	0.999543	Prob	0.5	124	C	GACAT	ok
chr2	232522794	232522795	+	0.999992	Prob	0.516667	96	C	CCCAG	ok
chr4	83267682	83267683	-	0.999997	Prob	0.73913	61	G	TTGCA	ok
chr11	73974890	73974891	-	0.99999	Prob	0.611111	40	G	GAGGT	ok
chr2	177215981	177215982	+	0.999543	Prob	0.64	386	C	TTCTG	ok
chr5	171387908	171387909	+	0.999984	Prob	0.507246	1537	C	TCCGT	ok
chr11	62881295	62881296	+	0.999997	Prob	0.68	377	C	GGCTG	ok
chr3	49357564	49357565	-	0.999996	Prob	0.7	269	G	TCGGT	ok
chr20	37228674	37228675	+	0.999984	Prob	0.551724	192	C	GCCTC	ok
chr17	4959517	4959518	-	0.999543	Prob	0.666667	53	G	GGGAG	ok
chr22	32396075	32396076	-	0.999543	Prob	0.5	115	G	CTGAC	ok
chr16	1770524	1770525	-	0.999543	Prob	0.482759	65	G	AGGTG	ok
chr17	51260720	51260721	+	0.999997	Prob	0.735294	43	C	ATCCC	ok
chr2	27441301	27441302	+	0.999997	Prob	0.52381	51	C	AACCG	ok
chr6	43020983	43020984	+	0.999032	Prob	0.5	129	C	CTCCT	ok
chr2	176326863	176326864	+	0.999996	Prob	0.619048	39	C	ATCAG	ok
chr19	14516755	14516756	-	0.999997	Prob	0.354839	62	G	AAGGT	ok
chr20	23354048	23354049	+	0.999997	Prob	0.585366	44	C	ATCTG	ok
chr14	75651154	75651155	-	0.999543	Prob	0.52381	47	G	CTGGG	ok
chr2	218274556	218274557	-	0.999997	Prob	0.526316	29	G	GAGGG	ok
chr15	80978605	80978606	-	0.999543	Prob	0.45	22	G	GAGTT	ok
chr19	49447045	49447046	-	0.999997	Prob	0.528736	124	G	CGGCC	ok
chr16	89905011	89905012	+	0.99999	Prob	0.540541	53	C	CACCA	ok
chr22	32479092	32479093	+	0.999997	Prob	0.333333	29	C	TTCAA	ok
chr1	3635953	3635954	-	0.999997	Prob	0.6	29	G	AGGTG	ok
chr10	125836350	125836351	+	0.999997	Prob	0.515152	63	C	CTCAG	ok
chr5	97167549	97167550	-	0.999997	Prob	0.44	35	G	GGGAC	ok
chr21	43093109	43093110	-	0.999997	Prob	0.494845	179	G	TCGCC	ok
chr11	6609321	6609322	+	0.999997	Prob	0.666667	76	C	GGCAA	ok
chr10	32056000	32056001	-	0.999997	Prob	0.506329	84	G	CGGGA	ok
chr8	116766774	116766775	+	0.99999	Prob	0.681818	28	C	CGCAG	ok
chr15	88467254	88467255	-	0.999997	Prob	0.558824	89	G	CCGTT	ok
chr19	12930631	12930632	-	0.99999	Prob	0.594595	66	G	CAGGC	ok
chr11	747469	747470	+	0.999543	Prob	0.363636	144	C	CCCTC	ok
chr9	137190114	137190115	+	0.999997	Prob	0.409091	146	C	CACAC	ok
chr3	186787502	186787503	+	0.999992	Prob	0.482759	120	C	GACAT	ok
chr12	57234409	57234410	+	0.999543	Prob	0.418182	198	C	CCCCT	ok
chr8	97644333	97644334	+	0.999543	Prob	0.596774	66	C	ACCCC	ok
chr1	62443273	62443274	+	0.999997	Prob	0.552632	54	C	TACTG	ok
chr1	225920322	225920323	-	0.99999	Prob	0.52381	52	G	CTGAA	ok
chr2	73958902	73958903	+	0.999996	Prob	0.47619	167	C	TTCTT	ok
chr5	173164037	173164038	+	0.99999	Prob	0.6	32	C	TGCAG	ok
chr1	165662684	165662685	-	0.999997	Prob	0.493333	91	G	CAGCC	ok
chr12	66145854	66145855	-	0.999997	Prob	0.444444	89	G	TTGCT	ok
chr5	138507606	138507607	-	0.999997	Prob	0.52	41	G	CAGAT	ok
chr1	235447862	235447863	-	0.999997	Prob	0.45	23	G	TGGTA	ok
chr1	193016131	193016132	-	0.999996	Prob	0.655172	125	G	GGGAA	ok
chr6	126340176	126340177	+	0.99999	Prob	0.589744	93	C	TACGG	ok
chr1	151365200	151365201	-	0.999992	Prob	0.517241	106	G	AGGGG	ok
chr10	100362564	100362565	+	0.999997	Prob	0.6	44	C	AGCCT	ok
chr1	54849716	54849717	-	0.999997	Prob	0.516129	83	G	TGGCT	ok
chr1	44767651	44767652	+	0.999997	Prob	0.636364	93	C	TACTT	ok
chr9	113292630	113292631	+	0.999997	Prob	0.625	54	C	TTCAT	ok
chr1	10463538	10463539	-	0.99999	Prob	0.666667	72	G	GAGTG	ok
chr10	14867127	14867128	+	0.999996	Prob	0.575758	81	C	AACTG	ok
chr11	2944880	2944881	-	0.999997	Prob	0.555556	88	G	AGGAA	ok
chr19	49680509	49680510	+	0.99999	Prob	0.472727	84	C	AGCAG	ok
chr2	74211827	74211828	+	0.999992	Prob	0.459459	107	C	AACTG	ok
chr14	55062997	55062998	+	0.999997	Prob	0.576923	39	C	CCCAC	ok
chr2	74159171	74159172	-	0.999997	Prob	0.457143	41	G	TGGTG	ok
chr3	10301070	10301071	-	0.999997	Prob	0.583333	381	G	CAGCT	ok
chr9	112441703	112441704	+	0.99999	Prob	0.357143	41	C	ATCCT	ok
chr19	1275543	1275544	+	0.999997	Prob	0.535714	67	C	GCCGG	ok
chr19	58312262	58312263	+	0.999997	Prob	0.488372	59	C	TCCAG	ok
chr17	7312193	7312194	+	0.999997	Prob	0.4	508	C	ATCCC	ok
chr3	53235104	53235105	-	0.999543	Prob	0.555556	275	G	GCGAA	ok
chr2	63604720	63604721	+	0.999992	Prob	0.56	262	C	TGCTA	ok
chr2	197486969	197486970	-	0.999996	Prob	0.56	691	G	CTGAA	ok
chr5	53108593	53108594	-	0.999997	Prob	0.448276	45	G	CTGAA	ok
chr13	27256243	27256244	+	0.999996	Prob	0.607595	262	C	AGCCG	ok
chr3	133820170	133820171	+	0.999996	Prob	0.444444	54	C	TTCCA	ok
chr7	5528378	5528379	-	0.999997	Prob	0.55	598	G	GGGAG	ok
chr22	37878145	37878146	+	0.999997	Prob	0.45	339	C	CTCAG	ok
chr6	35470259	35470260	+	0.999997	Prob	0.71875	2197	C	GGCAG	ok
chr22	20999829	20999830	-	0.999997	Prob	0.482759	89	G	AGGAA	ok
chr5	10265041	10265042	+	0.999543	Prob	0.673077	250	C	AACGT	ok
chr8	99893510	99893511	-	0.999997	Prob	0.578947	22	G	GAGAG	ok
chr12	16036335	16036336	+	0.999997	Prob	0.625	101	C	CTCTT	ok
chr19	49686622	49686623	+	0.999997	Prob	0.625	222	C	CACGC	ok
chr10	104267379	104267380	+	0.999543	Prob	0.555556	348	C	CCCTG	ok
chr10	75211138	75211139	+	0.999997	Prob	0.464286	461	C	CCCCT	ok
chr12	49563460	49563461	-	0.999996	Prob	0.526316	77	G	CTGCT	ok
chr16	2155241	2155242	-	0.999997	Prob	0.630137	106	G	CGGCC	ok
chr15	66503101	66503102	-	0.999997	Prob	0.486486	1599	G	TCGAA	ok
chr16	29454080	29454081	-	0.999997	Prob	0.514286	184	G	CAGGA	ok
chr16	3662004	3662005	-	0.999543	Prob	0.702703	395	G	GCGTG	ok
chr19	1106724	1106725	+	0.999997	Prob	0.434783	931	C	GGCTT	ok
chr19	12747285	12747286	+	0.999997	Prob	0.59322	123	C	AGCGA	ok
chr4	82427230	82427231	-	0.999997	Prob	0.378378	282	G	CAGCA	ok
chr17	36989369	36989370	+	0.999997	Prob	0.454545	53	C	AGCCA	ok
chr22	23825357	23825358	+	0.999996	Prob	0.5625	76	C	CACCA	ok
chr22	37886775	37886776	+	0.999997	Prob	0.569767	345	C	CACAT	ok
chr5	171405304	171405305	+	0.999032	Prob	0.443299	2532	C	GACAA	ok
chr6	30723932	30723933	+	0.999992	Prob	0.655738	970	C	CCCAG	ok
chr11	62888651	62888652	+	0.999997	Prob	0.529412	829	C	AGCCT	ok
chr8	144107185	144107186	+	0.999997	Prob	0.6	167	C	GGCCT	ok
chr19	39972374	39972375	+	0.999997	Prob	0.569231	95	C	TGCAG	ok
chr15	64989755	64989756	-	0.999997	Prob	0.714286	37	G	CGGGT	ok
chr19	14565966	14565967	+	0.999997	Prob	0.53125	103	C	GCCTG	ok
chrx	153786875	153786876	-	0.999997	Prob	0.439394	86	G	CAGAC	ok
chr17	8289821	8289822	+	0.999997	Prob	0.439024	107	C	AACAG	ok
chr3	51934657	51934658	-	0.999543	Prob	0.5	37	G	GAGGG	ok
chr6	43020981	43020982	+	0.999984	Prob	0.395349	129	C	TGCTC	ok
chr12	68660020	68660021	+	0.99999	Prob	0.678571	64	C	AACAA	ok
chr12	82354591	82354592	-	0.999997	Prob	0.576923	30	G	AGGAG	ok
chr11	34146629	34146630	+	0.999992	Prob	0.269231	42	C	ACCTG	ok
chr17	78972048	78972049	-	0.99999	Prob	0.65	49	G	TTGTG	ok
chr4	48849994	48849995	+	0.999997	Prob	0.538462	68	C	AACTT	ok
chr8	23296030	23296031	+	0.999543	Prob	0.511111	55	C	GCCCG	ok
chr17	44075714	44075715	+	0.99999	Prob	0.52381	55	C	GCCTG	ok
chr5	52800783	52800784	+	0.999997	Prob	0.451613	36	C	GACCC	ok
chr11	57335168	57335169	-	0.999032	Prob	0.534884	56	G	AAGGG	ok
chr16	66805795	66805796	-	0.999997	Prob	0.5	162	G	ATGGT	ok
chr5	126608417	126608418	+	0.999997	Prob	0.5	32	C	AACAA	ok
chr8	144510634	144510635	+	0.999996	Prob	0.538462	52	C	TCCGC	ok
chr10	32038821	32038822	-	0.999997	Prob	0.533333	106	G	ATGAA	ok
chr11	66976749	66976750	+	0.999543	Prob	0.666667	91	C	CCCAG	ok
chr11	66543965	66543966	-	0.999996	Prob	0.44	34	G	TGGCA	ok
chr15	88459702	88459703	-	0.999997	Prob	0.444444	107	G	TGGCC	ok
chr8	27604966	27604967	-	0.999997	Prob	0.536842	174	G	TGGAA	ok
chr15	72199128	72199129	-	0.999997	Prob	0.566265	1484	G	GTGTT	ok
chr11	67611204	67611205	+	0.999997	Prob	0.615385	117	C	TGCTG	ok
chr6	43018467	43018468	+	0.999984	Prob	0.512821	56	C	CGCAT	ok
chr6	30724761	30724762	+	0.999996	Prob	0.591837	303	C	GCCAT	ok
chr16	2214536	2214537	-	0.999997	Prob	0.416667	54	G	CAGCT	ok
chr22	27853659	27853660	-	0.999543	Prob	0.44	28	G	ACGTA	ok
chr11	62885535	62885536	+	0.999997	Prob	0.44	673	C	TTCAC	ok
chr5	34914772	34914773	-	0.99999	Prob	0.589744	104	G	GTGGC	ok
chr5	176397620	176397621	-	0.999032	Prob	0.653846	52	G	TTGTT	ok
chr1	154207610	154207611	-	0.999996	Prob	0.630769	278	G	CTGGT	ok
chr19	579554	579555	+	0.999997	Prob	0.516854	170	C	TGCTC	ok
chr6	24784139	24784140	+	0.99999	Prob	0.596774	186	C	CGCTG	ok
chr5	178207138	178207139	+	0.999992	Prob	0.571429	124	C	GACGA	ok
chr19	5693599	5693600	-	0.999543	Prob	0.666667	82	G	GCGGG	ok
chr1	201484540	201484541	-	0.999543	Prob	0.535714	57	G	GTGGG	ok
chr1	165907708	165907709	+	0.99999	Prob	0.521127	97	C	CACAT	ok
chr10	131967796	131967797	-	0.999997	Prob	0.533333	77	G	AAGGA	ok
chr1	119740410	119740411	+	0.999032	Prob	0.659574	458	C	TGCCT	ok
chr1	87340147	87340148	+	0.99999	Prob	0.583333	34	C	CTCAT	ok
chr1	70145509	70145510	-	0.99999	Prob	0.487805	50	G	TAGCA	ok
chr10	74708329	74708330	+	0.99999	Prob	0.659574	127	C	GTCTC	ok
chr9	113292626	113292627	+	0.999997	Prob	0.576923	54	C	AACCT	ok
chrx	48893734	48893735	-	0.999543	Prob	0.489362	145	G	TGGTA	ok
chr9	37592425	37592426	-	0.999997	Prob	0.461538	467	G	GGGCC	ok
chr2	42350914	42350915	-	0.999997	Prob	0.521127	192	G	GAGGT	ok
chr6	10704509	10704510	+	0.999997	Prob	0.46875	82	C	TGCTC	ok
chr6	1726441	1726442	-	0.999997	Prob	0.6	39	G	GAGAT	ok
chr18	6941910	6941911	-	0.999997	Prob	0.474576	100	G	GAGGT	ok
chr17	81932631	81932632	-	0.999997	Prob	0.513514	287	G	GAGGT	ok
chr1	20652007	20652008	-	0.999997	Prob	0.588235	55	G	TAGTA	ok
chr3	53231463	53231464	-	0.999992	Prob	0.461538	397	G	CTGGA	ok
chr12	69269587	69269588	+	0.999997	Prob	0.533333	66	C	TTCTT	ok
chr14	52727604	52727605	+	0.999997	Prob	0.45098	132	C	TACAA	ok
chr21	33543123	33543124	+	0.999997	Prob	0.619048	155	C	GTCTT	ok
chr21	43094535	43094536	-	0.999984	Prob	0.521739	172	G	AAGTT	ok
chr12	21635637	21635638	-	0.99999	Prob	0.62963	2644	G	ACGCT	ok
chr22	37679767	37679768	+	0.999032	Prob	0.615385	1046	C	GCCCC	ok
chr3	170866510	170866511	-	0.999543	Prob	0.489362	238	G	AAGGT	ok
chr6	33417588	33417589	-	0.999997	Prob	0.511628	372	G	TCGGA	ok
chr19	16646899	16646900	-	0.999996	Prob	0.5	119	G	GTGTT	ok
chr5	233498	233499	+	0.999543	Prob	0.555556	206	C	CTCAT	ok
chr8	100702944	100702945	-	0.999997	Prob	0.541667	288	G	AAGAA	ok
chr11	61964762	61964763	-	0.999997	Prob	0.511111	5672	G	TTGTC	ok
chr12	6866073	6866074	+	0.999997	Prob	0.73913	59	C	AGCTA	ok
chr10	75231193	75231194	+	0.999997	Prob	0.516484	676	C	TGCAG	ok
chr12	113192028	113192029	+	0.999997	Prob	0.4	62	C	CACCT	ok
chr12	56104661	56104662	+	0.999996	Prob	0.5625	370	C	CACAG	ok
chr15	60347451	60347452	-	0.999997	Prob	0.604651	1271	G	AGGAG	ok
chr17	6450611	6450612	+	0.999997	Prob	0.428571	39	C	GACTC	ok
chr17	64504038	64504039	-	0.999997	Prob	0.413793	261	G	TAGAG	ok
chr6	52264710	52264711	-	0.999997	Prob	0.5	145	G	GTGAG	ok
chr17	36495311	36495312	+	0.999997	Prob	0.483871	104	C	AGCTC	ok
chr14	94062606	94062607	-	0.99999	Prob	0.368421	22	G	AAGAG	ok
chr2	3580239	3580240	+	0.999997	Prob	0.346154	5323	C	AGCAG	ok
chr22	37878063	37878064	+	0.999997	Prob	0.551282	337	C	AGCTT	ok
chr19	49492269	49492270	+	0.99999	Prob	0.571429	1019	C	ACCTG	ok
chr15	60360947	60360948	-	0.99999	Prob	0.545455	824	G	TGGAA	ok
chr17	81843859	81843860	-	0.999997	Prob	0.47619	382	G	CGGTG	ok
chr14	20476792	20476793	+	0.999997	Prob	0.653061	391	C	TACAG	ok
chr7	106090945	106090946	-	0.999996	Prob	0.645161	78	G	TTGAC	ok
chr16	57462792	57462793	+	0.999997	Prob	0.625	45	C	ATCGA	ok
chr7	43645357	43645358	-	0.99999	Prob	0.647059	131	G	CTGCT	ok
chr11	60891213	60891214	-	0.999997	Prob	0.636364	43	G	ATGAA	ok
chr4	88097474	88097475	-	0.999997	Prob	0.366667	66	G	TGGTC	ok
chr19	34458828	34458829	+	0.999032	Prob	0.525	81	C	ATCCT	ok
chr17	1897617	1897618	+	0.999997	Prob	0.472222	111	C	AGCAC	ok
chr15	40764108	40764109	+	0.999984	Prob	0.507937	97	C	CCCGA	ok
chr15	65578266	65578267	+	0.999997	Prob	0.571429	56	C	TTCTT	ok
chr4	141224670	141224671	+	0.999997	Prob	0.541667	26	C	CACAG	ok
chr17	39996334	39996335	+	0.999996	Prob	0.525641	121	C	GTCAA	ok
chr12	49764563	49764564	+	0.999996	Prob	0.487805	152	C	CCCTG	ok
chr6	5431072	5431073	+	0.999543	Prob	0.707317	47	C	TCCCT	ok
chr2	222642861	222642862	-	0.999997	Prob	0.5	34	G	AAGAC	ok
chr17	4733162	4733163	+	0.999997	Prob	0.684211	43	C	ACCTG	ok
chr3	142818056	142818057	-	0.999984	Prob	0.478261	36	G	ACGCT	ok
chr16	46661808	46661809	-	0.999996	Prob	0.533333	158	G	TTGCT	ok
chr13	27623113	27623114	+	0.999543	Prob	0.477778	121	C	TACCC	ok
chr5	135343360	135343361	-	0.99999	Prob	0.571429	141	G	TTGTC	ok
chr7	76327368	76327369	-	0.999997	Prob	0.533333	32	G	ATGGA	ok
chr5	16463589	16463590	-	0.999997	Prob	0.463415	48	G	ATGAT	ok
chr11	66545912	66545913	-	0.999032	Prob	0.578947	29	G	CAGGC	ok
chr12	49989359	49989360	-	0.999997	Prob	0.45	72	G	AAGTG	ok
chr11	759013	759014	+	0.99999	Prob	0.474227	202	C	TACTA	ok
chr8	144105946	144105947	+	0.999543	Prob	0.428571	82	C	CACGT	ok
chr12	57768911	57768912	-	0.999543	Prob	0.64	32	G	CAGCA	ok
chr11	27362945	27362946	-	0.999997	Prob	0.741935	66	G	CCGTC	ok
chr16	28727088	28727089	+	0.999997	Prob	0.542857	138	C	TACAT	ok
chr11	62882967	62882968	+	0.99999	Prob	0.387755	480	C	CACTC	ok
chr1	155738316	155738317	+	0.99999	Prob	0.685714	223	C	GGCAG	ok
chr8	143821872	143821873	-	0.999992	Prob	0.5	73	G	CGGCT	ok
chr1	36282633	36282634	+	0.999992	Prob	0.434783	42	C	TTCTC	ok
chr19	40423084	40423085	-	0.99999	Prob	0.565217	28	G	AAGGC	ok
chr9	35068274	35068275	-	0.999992	Prob	0.580645	65	G	TTGTC	ok
chr13	49921559	49921560	-	0.999997	Prob	0.535714	43	G	TCGAC	ok
chr6	159776210	159776211	+	0.999984	Prob	0.595745	60	C	TCCAA	ok
chr1	159781264	159781265	+	0.999997	Prob	0.555556	117	C	GGCCT	ok
chr1	155133959	155133960	+	0.999997	Prob	0.526316	51	C	ACCCA	ok
chr1	150622779	150622780	-	0.999997	Prob	0.578947	64	G	CAGCA	ok
chr10	103590374	103590375	+	0.999997	Prob	0.578313	97	C	CCCGT	ok
chr1	167553587	167553588	-	0.999997	Prob	0.5	46	G	GCGGG	ok
chr6	44390276	44390277	+	0.999997	Prob	0.592593	27	C	TTCTG	ok
chr20	44943553	44943554	-	0.999997	Prob	0.44	32	G	CTGCT	ok
chr6	36978551	36978552	-	0.999997	Prob	0.485294	112	G	CAGCC	ok
chr20	32848686	32848687	+	0.999984	Prob	0.285714	30	C	TACCT	ok
chrx	47214598	47214599	+	0.999997	Prob	0.547619	127	C	TTCAT	ok
chr5	70032494	70032495	+	0.999997	Prob	0.519231	74	C	ATCCT	ok
chr3	9838073	9838074	-	0.999996	Prob	0.505747	143	G	GTGCC	ok
chr12	103986954	103986955	+	0.999997	Prob	0.576923	31	C	AGCGT	ok
chr17	32365437	32365438	+	0.999996	Prob	0.545455	48	C	ACCTG	ok
chr2	74156468	74156469	-	0.999997	Prob	0.565217	29	G	CTGTT	ok
chr16	2253551	2253552	-	0.999997	Prob	0.542373	214	G	CTGGG	ok
chr2	37202032	37202033	+	0.999997	Prob	0.363636	46	C	AACCC	ok
chr22	41653532	41653533	+	0.99999	Prob	0.530303	561	C	AGCTC	ok
chr1	20655708	20655709	-	0.999997	Prob	0.464286	38	G	TGGTC	ok
chr8	143614840	143614841	-	0.999997	Prob	0.566667	51	G	AGGCA	ok
chr3	47282548	47282549	-	0.999996	Prob	0.481481	36	G	CTGCA	ok
chr7	73304779	73304780	-	0.999997	Prob	0.37037	42	G	TGGTC	ok
chr19	54207423	54207424	+	0.999997	Prob	0.541667	2999	C	CCCGT	ok
chr5	53098244	53098245	-	0.999997	Prob	0.553191	63	G	TTGGT	ok
chr14	51255200	51255201	+	0.999997	Prob	0.5	30	C	TACAT	ok
chr13	27435026	27435027	+	0.999997	Prob	0.619048	177	C	TGCAA	ok
chr1	109402089	109402090	-	0.99999	Prob	0.5	653	G	TAGCT	ok
chr10	109864866	109864867	-	0.999997	Prob	0.5	65	G	GAGCA	ok
chr5	151746332	151746333	-	0.999543	Prob	0.666667	175	G	AAGGC	ok
chr8	143580545	143580546	-	0.99999	Prob	0.634146	501	G	GTGCA	ok
chr16	1963244	1963245	-	0.999996	Prob	0.43662	8499	G	ATGAT	ok
chr11	64317078	64317079	-	0.999992	Prob	0.409091	412	G	ATGGT	ok
chr14	35314405	35314406	+	0.999997	Prob	0.447368	455	C	AACCT	ok
chr12	122981642	122981643	+	0.999992	Prob	0.611111	114	C	CTCCT	ok
chr14	64932273	64932274	+	0.999543	Prob	0.730769	100	C	TACAA	ok
chr14	20476444	20476445	+	0.999997	Prob	0.64	325	C	TTCTC	ok
chr14	24138259	24138260	+	0.99999	Prob	0.45	238	C	CTCTA	ok
chr16	46681493	46681494	-	0.999032	Prob	0.842105	58	G	TGGCC	ok
chr17	82018834	82018835	-	0.999997	Prob	0.478261	429	G	ATGTG	ok
chr17	82019867	82019868	-	0.99999	Prob	0.608696	348	G	TTGTC	ok
chr19	12925106	12925107	-	0.999997	Prob	0.533333	171	G	CCGCC	ok
chr19	49211783	49211784	+	0.999997	Prob	0.391304	76	C	CCCCT	ok
chr1	2399509	2399510	+	0.999984	Prob	0.59375	112	C	GACTC	ok
chr1	165727980	165727981	-	0.999997	Prob	0.557377	144	G	GTGTG	ok
chr18	49491435	49491436	-	0.999997	Prob	0.528736	2207	G	TTGAT	ok
chr22	40349965	40349966	+	0.999984	Prob	0.470588	184	C	GGCCA	ok
chr1	8866304	8866305	-	0.99999	Prob	0.566038	1743	G	GAGCA	ok
chr10	124760330	124760331	-	0.999997	Prob	0.4	38	G	TTGCA	ok
chr1	156136324	156136325	+	0.999543	Prob	0.541667	203	C	TCCAC	ok
chr5	171405353	171405354	+	0.999997	Prob	0.636364	2597	C	ACCTA	ok
chr3	49359678	49359679	-	0.999543	Prob	0.485714	593	G	AGGTA	ok
chr15	64156781	64156782	-	0.999997	Prob	0.413793	901	G	TTGAC	ok
chr10	43387884	43387885	-	0.999997	Prob	0.444444	115	G	ATGGA	ok
chr10	84148794	84148795	+	0.999997	Prob	0.578947	276	C	GACCA	ok
chr3	49357456	49357457	-	0.999996	Prob	0.578947	280	G	CGGCG	ok
chr18	74148788	74148789	+	0.999997	Prob	0.6	23	C	AGCGG	ok
chr7	107917275	107917276	+	0.999997	Prob	0.5	102	C	ATCTA	ok
chr22	28795499	28795500	-	0.999543	Prob	0.580645	84	G	AGGGT	ok
chrx	119243462	119243463	+	0.99999	Prob	0.544118	91	C	TGCAG	ok
chr8	108240030	108240031	-	0.999996	Prob	0.530303	290	G	AAGCT	ok
chr17	64506128	64506129	-	0.999032	Prob	0.578125	215	G	ATGGT	ok
chr3	51933462	51933463	-	0.999032	Prob	0.575758	37	G	GTGGG	ok
chr6	43021220	43021221	+	0.999996	Prob	0.444444	134	C	ACCCT	ok
chr12	68660269	68660270	+	0.99999	Prob	0.666667	69	C	GGCCT	ok
chr11	6476744	6476745	-	0.999543	Prob	0.551724	89	G	CCGAG	ok
chr12	47964270	47964271	+	0.999997	Prob	0.45	148	C	CTCCT	ok
chr7	44571573	44571574	-	0.999543	Prob	0.6	56	G	CCGTT	ok
chr15	67236008	67236009	-	0.99999	Prob	0.454545	28	G	AAGTT	ok
chr16	89906230	89906231	+	0.99999	Prob	0.634146	58	C	TCCAC	ok
chr14	75009330	75009331	+	0.999997	Prob	0.378378	50	C	TGCCT	ok
chr19	7932927	7932928	-	0.999997	Prob	0.464286	35	G	AAGAA	ok
chr10	125831525	125831526	+	0.999997	Prob	0.478261	84	C	CACCA	ok
chr5	97163015	97163016	-	0.999997	Prob	0.566667	36	G	CAGTA	ok
chr21	44973229	44973230	+	0.999996	Prob	0.52381	51	C	CTCAG	ok
chr3	142821032	142821033	-	0.999543	Prob	0.636364	38	G	CAGTG	ok
chr9	34611074	34611075	-	0.999997	Prob	0.545455	70	G	TTGAC	ok
chr15	79311320	79311321	+	0.999543	Prob	0.666667	40	C	CCCTG	ok
chr11	4127102	4127103	+	0.999543	Prob	0.482759	223	C	ATCCT	ok
chr5	133089614	133089615	+	0.999984	Prob	0.54386	61	C	TACAT	ok
chr3	184299321	184299322	+	0.999997	Prob	0.558824	46	C	GGCGG	ok
chr11	27362991	27362992	-	0.999543	Prob	0.48	65	G	GAGAC	ok
chr16	47155746	47155747	-	0.999997	Prob	0.62963	52	G	GGGCT	ok
chr16	1862064	1862065	-	0.999997	Prob	0.363636	40	G	GTGCT	ok
chr14	102081271	102081272	-	0.99999	Prob	0.42623	260	G	TAGTA	ok
chr17	12992490	12992491	-	0.999997	Prob	0.434783	64	G	AGGGA	ok
chr19	8485976	8485977	+	0.999997	Prob	0.521739	62	C	AGCGC	ok
chr19	34396636	34396637	+	0.999997	Prob	0.5875	210	C	TACGG	ok
chr21	33524460	33524461	-	0.999997	Prob	0.578947	53	G	GAGAA	ok
chr1	228107672	228107673	-	0.999984	Prob	0.625	172	G	CAGCA	ok
chr6	149802208	149802209	+	0.999997	Prob	0.462963	200	C	ATCAG	ok
chr6	134169311	134169312	-	0.999997	Prob	0.478261	218	G	TTGTG	ok
chr1	149900232	149900233	+	0.999997	Prob	0.525	50	C	CACGC	ok
chr10	102424021	102424022	-	0.999997	Prob	0.58427	138	G	AGGCC	ok
chr6	57183831	57183832	+	0.999996	Prob	0.611111	77	C	CACCG	ok
chr1	54850117	54850118	-	0.999997	Prob	0.516129	78	G	AGGGT	ok
chr1	44339208	44339209	-	0.999543	Prob	0.515152	39	G	GGGAG	ok
chr1	37569189	37569190	-	0.999997	Prob	0.428571	40	G	CTGTT	ok
chr6	31268950	31268951	-	0.999997	Prob	0.567568	166	G	CTGGA	ok
chr2	74527334	74527335	-	0.999992	Prob	0.57377	129	G	GTGAT	ok
chr2	27779470	27779471	+	0.999543	Prob	0.57971	292	C	TACGC	ok
chrx	16754962	16754963	+	0.999543	Prob	0.472973	79	C	TTCTG	ok
chr10	3136541	3136542	+	0.999992	Prob	0.666667	174	C	CTCAG	ok
chrx	132075482	132075483	+	0.999997	Prob	0.368421	67	C	TCCTG	ok
chr17	16382244	16382245	+	0.999543	Prob	0.529412	1037	C	CCCTC	ok
chr6	31530782	31530783	-	0.999984	Prob	0.583333	298	G	TAGGA	ok
chr8	19823944	19823945	+	0.999984	Prob	0.636364	27	C	GACGG	ok
chr19	38932909	38932910	+	0.999996	Prob	0.37037	270	C	CTCCT	ok
chr22	37878145	37878146	+	0.999997	Prob	0.545455	339	C	CTCAG	ok
chr3	52693316	52693317	+	0.999996	Prob	0.53125	114	C	GTCTG	ok
chr12	109090025	109090026	-	0.999543	Prob	0.633333	62	G	AAGTT	ok
chr7	103367740	103367741	+	0.999996	Prob	0.583333	247	C	CGCTC	ok
chr5	53107122	53107123	-	0.999997	Prob	0.375	50	G	CGGCA	ok
chr2	74526666	74526667	-	0.999997	Prob	0.434783	104	G	ATGAA	ok
chr22	37679766	37679767	+	0.999984	Prob	0.625	1047	C	GGCCC	ok
chr1	43978161	43978162	+	0.999996	Prob	0.5	438	C	GTCCA	ok
chr5	1318174	1318175	-	0.999543	Prob	0.555556	108	G	ATGTT	ok
chr8	97819230	97819231	+	0.999997	Prob	0.602941	219	C	GACTT	ok
chr13	45340054	45340055	-	0.99999	Prob	0.666667	1597	G	CAGGT	ok
chr11	64316732	64316733	-	0.999996	Prob	0.555556	404	G	CCGAG	ok
chrx	115646131	115646132	+	0.999032	Prob	0.526316	55	C	GACTG	ok
chr12	110496020	110496021	-	0.999997	Prob	0.5	288	G	AAGTC	ok
chr14	21211121	21211122	-	0.999984	Prob	0.62963	645	G	GTGCT	ok
chr22	46761962	46761963	-	0.99999	Prob	0.666667	26	G	ATGCA	ok
chr16	28734803	28734804	+	0.99999	Prob	0.545455	201	C	GACCT	ok
chr1	165727694	165727695	-	0.999984	Prob	0.384615	168	G	AGGGC	ok
chr19	12928842	12928843	-	0.999997	Prob	0.71875	119	G	CAGAG	ok
chr19	49560662	49560663	-	0.999032	Prob	0.558824	57	G	CTGCG	ok
chr6	14136345	14136346	+	0.999997	Prob	0.434783	108	C	TTCCT	ok
chr1	154260924	154260925	+	0.999997	Prob	0.52381	92	C	CTCCT	ok
chr4	82426483	82426484	-	0.999997	Prob	0.416667	303	G	CTGTC	ok
chr1	154212514	154212515	-	0.999543	Prob	0.636364	274	G	TTGCG	ok
chr20	58994892	58994893	+	0.999996	Prob	0.62069	166	C	CCCAA	ok
chr22	40361539	40361540	+	0.999997	Prob	0.518519	410	C	TGCAG	ok
chr20	37225757	37225758	+	0.99999	Prob	0.684211	167	C	TCCAG	ok
chr22	41460295	41460296	-	0.999996	Prob	0.5	112	G	TGGTG	ok
chrx	136511973	136511974	+	0.999032	Prob	0.375	46	C	AGCTT	ok
chr7	43639662	43639663	-	0.999984	Prob	0.54902	140	G	AAGAC	ok
chr12	6391313	6391314	+	0.999997	Prob	0.621622	70	C	TTCGT	ok
chr2	215318164	215318165	+	0.99999	Prob	0.521739	32	C	CTCTG	ok
chr19	47754583	47754584	+	0.999997	Prob	0.653846	49	C	AGCTG	ok
chr6	99394094	99394095	-	0.999984	Prob	0.607143	38	G	ACGCG	ok
chr9	124877214	124877215	+	0.999997	Prob	0.617647	117	C	TGCAC	ok
chr15	65577436	65577437	+	0.999997	Prob	0.590909	28	C	AACCA	ok
chr16	89906232	89906233	+	0.999543	Prob	0.560976	58	C	CACCG	ok
chr22	30427391	30427392	+	0.99999	Prob	0.518519	67	C	CACCC	ok
chr17	18930578	18930579	+	0.999997	Prob	0.482759	66	C	AGCTC	ok
chr5	52800657	52800658	+	0.999997	Prob	0.633333	33	C	ATCCA	ok
chr9	137555350	137555351	-	0.999997	Prob	0.615385	46	G	TGGTG	ok
chr14	22767301	22767302	+	0.999992	Prob	0.5	64	C	GGCTC	ok
chr19	13154661	13154662	+	0.999997	Prob	0.6	48	C	GCCGA	ok
chr1	116396644	116396645	+	0.999984	Prob	0.485714	66	C	GCCAA	ok
chr17	28718132	28718133	-	0.999997	Prob	0.576923	30	G	TTGGT	ok
chr11	6319091	6319092	-	0.999997	Prob	0.5	34	G	GTGAG	ok
chr5	133096140	133096141	+	0.999996	Prob	0.614458	87	C	ACCCC	ok
chr3	184302003	184302004	+	0.999997	Prob	0.533333	59	C	AGCAG	ok
chr17	38921267	38921268	+	0.999032	Prob	0.541667	80	C	GGCAT	ok
chr11	838683	838684	+	0.999997	Prob	0.485714	160	C	ACCAC	ok
chr1	150353149	150353150	+	0.999997	Prob	0.5	81	C	TGCCC	ok
chr19	48382747	48382748	-	0.999997	Prob	0.613636	72	G	GGGAA	ok
chr12	64434850	64434851	+	0.999992	Prob	0.458333	30	C	CGCAT	ok
chr5	163442532	163442533	+	0.999997	Prob	0.347826	26	C	CTCAC	ok
chr2	208251525	208251526	-	0.999997	Prob	0.458333	37	G	CAGAA	ok
chr12	53295571	53295572	+	0.999992	Prob	0.458333	510	C	GGCGC	ok
chr16	31090996	31090997	-	0.999996	Prob	0.45614	403	G	ATGTG	ok
chr17	43015277	43015278	-	0.999996	Prob	0.585366	49	G	TGGGG	ok
chrx	152737170	152737171	+	0.999997	Prob	0.491228	210	C	GCCCC	ok
chr19	7620335	7620336	-	0.999996	Prob	0.7	22	G	GTGTT	ok
chrx	153861851	153861852	-	0.999543	Prob	0.666667	50	G	GAGGC	ok
chr1	156135287	156135288	+	0.999997	Prob	0.52381	154	C	GCCCA	ok
chr1	100083289	100083290	+	0.999997	Prob	0.619048	34	C	AACAC	ok
chr1	65431980	65431981	+	0.99999	Prob	0.454545	31	C	TGCAC	ok
chr10	93528254	93528255	+	0.999032	Prob	0.607843	66	C	GCCTA	ok
chrx	107628663	107628664	+	0.999997	Prob	0.615385	39	C	CACCA	ok
chr10	73247148	73247149	-	0.99999	Prob	0.4	38	G	CGGCG	ok
chr10	56358652	56358653	-	0.999996	Prob	0.478261	42	G	CTGCC	ok
chr9	83661541	83661542	-	0.999997	Prob	0.538462	64	G	ATGTT	ok
chr9	35689850	35689851	-	0.99999	Prob	0.539683	85	G	CGGTG	ok
chr6	7389864	7389865	+	0.999997	Prob	0.6	29	C	CACGT	ok
chr18	6949199	6949200	-	0.999997	Prob	0.586207	60	G	ATGGG	ok
chr22	23803337	23803338	+	0.999997	Prob	0.7	52	C	CTCAG	ok
chr11	20383520	20383521	+	0.999997	Prob	0.478261	67	C	GCCAC	ok
chr8	143616611	143616612	-	0.999997	Prob	0.518519	43	G	CAGGA	ok
chr12	69262496	69262497	+	0.999997	Prob	0.5	70	C	ACCGG	ok
chr3	49359170	49359171	-	0.999543	Prob	0.5	461	G	TAGTA	ok
chr7	44796698	44796699	+	0.999032	Prob	0.685714	5959	C	CGCCG	ok
chr9	137190186	137190187	+	0.99999	Prob	0.596491	153	C	TGCCC	ok
chrx	68531947	68531948	+	0.999997	Prob	0.571429	42	C	TTCCT	ok
chr1	235137889	235137890	-	0.999997	Prob	0.575	83	G	CAGAT	ok
chr10	7788175	7788176	+	0.999997	Prob	0.391304	2	C	TGCCT	ok
chr6	8102507	8102508	-	0.999996	Prob	0.5	220	G	CTGCG	ok
chr4	56453668	56453669	+	0.999997	Prob	0.508772	172	C	GTCTG	ok
chr5	154959994	154959995	+	0.999997	Prob	0.477778	261	C	CACAA	ok
chr11	65856044	65856045	-	0.999997	Prob	0.5	935	G	TAGGG	ok
chr8	144107396	144107397	+	0.999997	Prob	0.526316	183	C	ACCGC	ok
chr10	104262986	104262987	+	0.99999	Prob	0.484848	337	C	TCCTT	ok
chr12	69597219	69597220	+	0.999543	Prob	0.58	260	C	ATCGA	ok
chr17	7013692	7013693	+	0.99999	Prob	0.418605	544	C	TCCAT	ok
chr14	74484509	74484510	-	0.999997	Prob	0.745763	85	G	AGGCT	ok
chr16	30067473	30067474	+	0.999997	Prob	0.606061	391	C	GTCCA	ok
chr16	30065917	30065918	+	0.99999	Prob	0.483871	206	C	CTCCT	ok
chr17	81512006	81512007	-	0.999997	Prob	0.655172	621	G	GTGCC	ok
chr18	12030526	12030527	+	0.999543	Prob	0.5	297	C	CTCGT	ok
chr19	49556716	49556717	-	0.99999	Prob	0.509804	88	G	TGGGG	ok
chr7	44115357	44115358	-	0.999543	Prob	0.612245	230	G	TGGGA	ok
chr6	52266101	52266102	-	0.99999	Prob	0.538462	134	G	GGGAT	ok
chr7	95409974	95409975	-	0.999984	Prob	0.459459	171	G	CTGTA	ok
chr11	67608603	67608604	+	0.999543	Prob	0.363636	64	C	TGCTG	ok
chr2	10124772	10124773	+	0.999997	Prob	0.571429	62	C	TTCCA	ok
chr20	1369094	1369095	-	0.999997	Prob	0.5	193	G	AAGGG	ok
chr22	19964199	19964200	+	0.999997	Prob	0.6	274	C	ATCAT	ok
chr15	64156883	64156884	-	0.999997	Prob	0.806452	838	G	GGGAA	ok
chr3	139346985	139346986	+	0.99999	Prob	0.526316	80	C	AGCTA	ok
chr6	29945463	29945464	+	0.999997	Prob	0.425	283	C	TGCCT	ok
chr7	6024329	6024330	-	0.999997	Prob	0.477273	63	G	CGGGC	ok
chrx	119240444	119240445	+	0.99999	Prob	0.566265	93	C	GACTG	ok
chr17	51293939	51293940	+	0.999997	Prob	0.479452	84	C	CCCAG	ok
chr2	112532109	112532110	+	0.999997	Prob	0.571429	100	C	TGCTG	ok
chr12	123619465	123619466	+	0.999996	Prob	0.851852	39	C	GCCCT	ok
chr7	128862865	128862866	+	0.999543	Prob	0.651163	78	C	GGCTT	ok
chr19	17405618	17405619	-	0.999032	Prob	0.464286	42	G	GTGCT	ok
chr4	70824331	70824332	-	0.999996	Prob	0.521739	58	G	TTGGA	ok
chr7	44571579	44571580	-	0.99999	Prob	0.583333	55	G	TAGAG	ok
chr15	66352203	66352204	-	0.999996	Prob	0.676471	55	G	CTGAC	ok
chr2	117817614	117817615	+	0.999997	Prob	0.602941	83	C	GTCTC	ok
chr5	94689587	94689588	+	0.999996	Prob	0.375	29	C	TTCAC	ok
chr8	20221212	20221213	+	0.999997	Prob	0.457143	59	C	TTCTG	ok
chr15	59123545	59123546	+	0.999996	Prob	0.588889	102	C	TACAC	ok
chr4	82426612	82426613	-	0.999997	Prob	0.515152	288	G	TTGGT	ok
chr5	77492207	77492208	-	0.999997	Prob	0.518519	29	G	CAGCC	ok
chr11	4127239	4127240	+	0.999032	Prob	0.409091	236	C	CTCTC	ok
chr5	133092705	133092706	+	0.999996	Prob	0.486842	80	C	TGCAA	ok
chr17	63831583	63831584	+	0.999997	Prob	0.565217	211	C	AGCTC	ok
chr19	17420588	17420589	+	0.999996	Prob	0.585366	59	C	GCCCC	ok
chr22	27852240	27852241	-	0.999997	Prob	0.526316	66	G	GGGGT	ok
chr12	32750724	32750725	-	0.999997	Prob	0.53125	70	G	TAGCA	ok
chr10	13328390	13328391	-	0.999997	Prob	0.580645	64	G	TGGTA	ok
chr8	145055710	145055711	+	0.999997	Prob	0.511628	129	C	TCCTG	ok
chr8	97719087	97719088	+	0.99999	Prob	0.676471	44	C	TTCCA	ok
chr9	97983395	97983396	+	0.999543	Prob	0.607843	62	C	TCCGC	ok
chr12	26980635	26980636	-	0.999997	Prob	0.44	58	G	ATGAA	ok
chr1	154220385	154220386	-	0.999543	Prob	0.436364	227	G	GAGCC	ok
chrx	48578203	48578204	+	0.999997	Prob	0.384615	194	C	TACTG	ok
chr3	108047268	108047269	-	0.999997	Prob	0.6	54	G	GAGTC	ok
chr20	35556982	35556983	+	0.999032	Prob	0.413793	169	C	GACAA	ok
chr6	166364982	166364983	-	0.999997	Prob	0.596154	75	G	TGGAA	ok
chr1	201876529	201876530	+	0.999032	Prob	0.5	26	C	TGCTG	ok
chr6	126340306	126340307	+	0.99999	Prob	0.422222	104	C	AGCAG	ok
chr10	131973892	131973893	-	0.999997	Prob	0.571429	88	G	TGGAA	ok
chrx	154777459	154777460	+	0.999997	Prob	0.714286	94	C	ATCTG	ok
chr1	54032213	54032214	-	0.999543	Prob	0.56	197	G	CAGTT	ok
chr1	44754837	44754838	+	0.999997	Prob	0.45	33	C	GACTG	ok
chr1	20618768	20618769	+	0.999997	Prob	0.484848	100	C	CCCCA	ok
chr6	31269015	31269016	-	0.999997	Prob	0.488636	168	G	ACGGG	ok
chrx	47211148	47211149	+	0.999997	Prob	0.47619	64	C	GTCCC	ok
chr6	2971547	2971548	-	0.999997	Prob	0.534884	112	G	GCGAG	ok
chr7	5606265	5606266	+	0.999997	Prob	0.576923	66	C	TCCCA	ok
chr19	49688260	49688261	+	0.99999	Prob	0.5	233	C	CGCCC	ok
chr11	85636185	85636186	+	0.999997	Prob	0.451613	188	C	TGCAG	ok
chrx	129925153	129925154	+	0.99999	Prob	0.565217	39	C	CTCCC	ok
chr6	30724156	30724157	+	0.99999	Prob	0.457447	1149	C	GTCAC	ok
chr16	1819215	1819216	-	0.999997	Prob	0.636364	40	G	GAGAC	ok
chr8	49072881	49072882	+	0.99999	Prob	0.709677	67	C	ATCGA	ok
chr16	2771602	2771603	-	0.999997	Prob	0.555556	41	G	CAGGC	ok
chrx	19359557	19359558	+	0.999997	Prob	0.5	827	C	CACCT	ok
chr17	77500353	77500354	+	0.999996	Prob	0.56	181	C	GCCTG	ok
chr5	80633970	80633971	-	0.99999	Prob	0.68	26	G	ATGGC	ok
chr3	49359275	49359276	-	0.999543	Prob	0.588235	499	G	CTGGA	ok
chr4	98887942	98887943	-	0.999997	Prob	0.586207	36	G	TGGTT	ok
chr1	46310309	46310310	+	0.999997	Prob	0.708333	1114	C	GACCA	ok
chr1	70228517	70228518	+	0.999997	Prob	0.591837	170	C	TTCGT	ok
chr2	210678646	210678647	+	0.999997	Prob	0.516129	186	C	TGCAG	ok
chr20	62139805	62139806	-	0.999997	Prob	0.5	896	G	GGGTG	ok
chr6	35468843	35468844	+	0.999997	Prob	0.617647	1977	C	GTCCT	ok
chr3	51993701	51993702	-	0.999984	Prob	0.634146	2187	G	GGGGT	ok
chr5	1318057	1318058	-	0.99999	Prob	0.7	113	G	CTGTG	ok
chr11	112230632	112230633	+	0.999997	Prob	0.367347	154	C	CCCTG	ok
chr11	47625715	47625716	-	0.999997	Prob	0.590909	302	G	AGGGA	ok
chr6	10724987	10724988	+	0.999543	Prob	0.541667	603	C	GGCTA	ok
chr10	13328413	13328414	-	0.999997	Prob	0.409091	64	G	TTGGG	ok
chr19	48617334	48617335	-	0.999997	Prob	0.583333	2205	G	GAGGC	ok
chr12	98550168	98550169	+	0.999032	Prob	0.578947	88	C	AACAT	ok
chr16	28734804	28734805	+	0.999543	Prob	0.534884	201	C	ACCTA	ok
chr17	68045911	68045912	+	0.999997	Prob	0.603448	453	C	TTCTC	ok
chr19	682566	682567	+	0.999997	Prob	0.448276	60	C	CCCTT	ok
chr19	49497981	49497982	+	0.999997	Prob	0.645161	2082	C	TCCGC	ok
chr6	14136496	14136497	+	0.999997	Prob	0.595238	109	C	AGCCA	ok
chr17	36585961	36585962	+	0.999997	Prob	0.434783	31	C	AACAC	ok
chr17	37031643	37031644	+	0.999997	Prob	0.423077	58	C	TTCAT	ok
chr7	5529349	5529350	-	0.999543	Prob	0.652174	403	G	TGGGC	ok
chr16	46660289	46660290	-	0.999997	Prob	0.636364	168	G	GTGAA	ok
chrx	153700567	153700568	-	0.999997	Prob	0.434783	320	G	GGGAC	ok
chr5	171387869	171387870	+	0.99999	Prob	0.439394	1491	C	GTCCT	ok
chr11	62888201	62888202	+	0.999997	Prob	0.453125	761	C	TGCCA	ok
chr6	29944187	29944188	+	0.999997	Prob	0.545455	189	C	GGCCC	ok
chr18	74155344	74155345	+	0.999997	Prob	0.384615	31	C	TTCAT	ok
chr15	64980892	64980893	-	0.999997	Prob	0.692308	48	G	CAGAG	ok
chr14	52778318	52778319	-	0.999997	Prob	0.541667	35	G	TAGAA	ok
chr16	57471572	57471573	+	0.999997	Prob	0.538462	90	C	GGCCT	ok
chr7	7636907	7636908	-	0.999997	Prob	0.5	79	G	GAGAA	ok
chr11	60902635	60902636	-	0.999997	Prob	0.608696	31	G	CTGTG	ok
chr13	38358102	38358103	+	0.999997	Prob	0.590909	60	C	TCCTG	ok
chr4	109729654	109729655	-	0.99999	Prob	0.5	39	G	AGGCG	ok
chr1	45014821	45014822	+	0.999997	Prob	0.595745	178	C	GCCCC	ok
chr11	18480515	18480516	-	0.999997	Prob	0.666667	28	G	AAGAG	ok
chr12	47964342	47964343	+	0.999997	Prob	0.525424	157	C	TGCTC	ok
chr11	110462369	110462370	+	0.999997	Prob	0.40678	77	C	GCCAA	ok
chr15	83017339	83017340	-	0.999997	Prob	0.457143	48	G	GTGGT	ok
chr19	2732991	2732992	-	0.999997	Prob	0.555556	42	G	CGGTG	ok
chr11	57334576	57334577	-	0.999996	Prob	0.54902	62	G	ATGTT	ok
chr16	66802994	66802995	-	0.999997	Prob	0.514286	164	G	AAGGT	ok
chr5	77437340	77437341	-	0.999997	Prob	0.527778	50	G	TTGGT	ok
chr19	8308293	8308294	-	0.999997	Prob	0.5	155	G	CTGTC	ok
chr19	54193191	54193192	+	0.99999	Prob	0.428571	158	C	TCCAC	ok
chr5	135334947	135334948	-	0.999992	Prob	0.695652	167	G	ATGGT	ok
chr7	40133200	40133201	-	0.999997	Prob	0.617021	110	G	TAGAC	ok
chr16	647424	647425	+	0.999997	Prob	0.595745	106	C	GCCAA	ok
chr11	66976653	66976654	+	0.999543	Prob	0.583333	86	C	GGCCG	ok
chr3	101565835	101565836	+	0.999992	Prob	0.5	68	C	CACCT	ok
chr11	66545811	66545812	-	0.999992	Prob	0.541667	30	G	AGGTT	ok
chr6	34245574	34245575	+	0.999543	Prob	0.428571	103	C	CCCCC	ok
chr19	12928793	12928794	-	0.999992	Prob	0.64	122	G	TGGAG	ok
chr14	23095552	23095553	+	0.999996	Prob	0.647059	49	C	AGCTG	ok
chr3	33114506	33114507	+	0.999997	Prob	0.575758	43	C	AGCGC	ok
chr11	67610552	67610553	+	0.999997	Prob	0.482759	107	C	CCCCT	ok
chr1	32334716	32334717	-	0.999543	Prob	0.5	50	G	TTGGC	ok
chr6	5109315	5109316	-	0.999997	Prob	0.597403	103	G	AGGCA	ok
chr14	102081266	102081267	-	0.999543	Prob	0.517857	260	G	AGGAC	ok
chr16	30070263	30070264	+	0.99999	Prob	0.513889	686	C	CACTC	ok
chr12	49564859	49564860	-	0.999997	Prob	0.607143	63	G	GGGCT	ok
chr11	57407645	57407646	-	0.999997	Prob	0.545455	152	G	ACGTC	ok
chr19	811946	811947	+	0.999997	Prob	0.589286	419	C	TACCG	ok
chr3	108080054	108080055	-	0.999997	Prob	0.607143	50	G	GTGTA	ok
chr1	212737957	212737958	-	0.999997	Prob	0.380952	40	G	CTGCT	ok
chr1	182842619	182842620	+	0.999997	Prob	0.557143	90	C	ACCCC	ok
chrx	153930216	153930217	-	0.999543	Prob	0.44	196	G	CCGCC	ok
chr1	75732863	75732864	+	0.999543	Prob	0.511628	91	C	CCCCT	ok
chr9	135504137	135504138	+	0.999997	Prob	0.678571	104	C	TTCAC	ok
chr9	128695910	128695911	+	0.999997	Prob	0.315789	55	C	CTCTA	ok
chr6	36968272	36968273	-	0.999997	Prob	0.58209	197	G	CTGTA	ok
chr20	32833783	32833784	+	0.999543	Prob	0.526316	22	C	TTCCA	ok
chr6	29944169	29944170	+	0.999997	Prob	0.5	181	C	GGCCA	ok
chr20	16732330	16732331	+	0.999997	Prob	0.576923	108	C	AACCA	ok
chr16	57757091	57757092	+	0.99999	Prob	0.727273	24	C	TCCCT	ok
chr3	112993062	112993063	+	0.999997	Prob	0.636364	20	C	ATCTC	ok
chr2	216138143	216138144	+	0.999997	Prob	0.444444	84	C	TTCAT	ok
chr11	57407253	57407254	-	0.99999	Prob	0.45098	193	G	AGGTC	ok
chr1	38864084	38864085	-	0.99999	Prob	0.5	40	G	AGGCA	ok
chr21	25725260	25725261	-	0.999997	Prob	0.5	987	G	CTGCA	ok
chr7	1569227	1569228	-	0.999997	Prob	0.44186	99	G	CTGGG	ok
chr22	41663688	41663689	+	0.999996	Prob	0.48	765	C	ATCAG	ok
chr5	140655937	140655938	+	0.999997	Prob	0.606061	41	C	GACAC	ok
chr2	63599201	63599202	+	0.999032	Prob	0.689655	249	C	AACTG	ok
chr10	43386853	43386854	-	0.999997	Prob	0.513514	210	G	TAGCT	ok
chr7	44566066	44566067	-	0.999997	Prob	0.62963	201	G	CTGGG	ok
chr19	49684931	49684932	+	0.999543	Prob	0.527778	168	C	AACGT	ok
chr1	44777621	44777622	+	0.999543	Prob	0.45	6641	C	CTCGT	ok
chr6	116593014	116593015	+	0.999543	Prob	0.527273	114	C	TCCAA	ok
chr10	86963064	86963065	+	0.999996	Prob	0.461538	143	C	CCCGC	ok
chr4	82461006	82461007	+	0.999997	Prob	0.636364	68	C	AACAG	ok
chr5	90490654	90490655	+	0.999997	Prob	0.478261	50	C	CCCAT	ok
chr8	143021851	143021852	+	0.999996	Prob	0.545455	255	C	TCCCA	ok
chr16	1962636	1962637	-	0.999997	Prob	0.566667	10111	G	CAGAG	ok
chr16	1965071	1965072	+	0.999997	Prob	0.410714	73	C	ATCCA	ok
chr11	7987557	7987558	+	0.999543	Prob	0.442857	165	C	TCCAG	ok
chr17	28347789	28347790	-	0.999997	Prob	0.649123	74	G	TGGCC	ok
chr12	52904750	52904751	-	0.999997	Prob	0.454545	380	G	AGGAC	ok
chr14	21211119	21211120	-	0.999032	Prob	0.578947	645	G	ATGTG	ok
chr15	72200569	72200570	-	0.999997	Prob	0.615385	1108	G	CAGGT	ok
chr17	6447653	6447654	+	0.999997	Prob	0.545455	24	C	CGCCT	ok
chr17	68044321	68044322	+	0.999997	Prob	0.703704	418	C	GGCAG	ok
chr19	2426691	2426692	-	0.99999	Prob	0.545455	408	G	AGGGG	ok
chr6	52264196	52264197	-	0.999997	Prob	0.36	173	G	TAGAC	ok
chr6	41934981	41934982	-	0.999997	Prob	0.592593	125	G	TAGGA	ok
chr8	127738812	127738813	+	0.999997	Prob	0.458333	80	C	CGCCG	ok
chr6	63578922	63578923	+	0.999997	Prob	0.512821	181	C	ACCAC	ok
chr6	34425100	34425101	-	0.999997	Prob	0.554217	4708	G	GGGCA	ok
chr4	3514921	3514922	-	0.999996	Prob	0.5	58	G	GAGCT	ok
chr7	5528110	5528111	-	0.99999	Prob	0.45	647	G	CAGGT	ok
chr3	49359441	49359442	-	0.999997	Prob	0.566038	486	G	AGGGG	ok
chr15	64156038	64156039	-	0.999997	Prob	0.581818	970	G	TGGCA	ok
chr20	2462659	2462660	-	0.999992	Prob	0.653846	757	G	CCGCA	ok
chr6	63581116	63581117	+	0.999543	Prob	0.571429	279	C	ACCAA	ok
chr12	2797225	2797226	+	0.999543	Prob	0.611111	80	C	CACAA	ok
chr12	98593923	98593924	+	0.999543	Prob	0.5	44	C	AACGT	ok
chr22	40824791	40824792	-	0.999032	Prob	0.65	24	G	ATGGT	ok
chr19	3053665	3053666	-	0.999997	Prob	0.65	55	G	AAGCT	ok
chr17	3662942	3662943	-	0.99999	Prob	0.519231	92	G	CAGTG	ok
chr5	140698949	140698950	+	0.99999	Prob	0.652174	36	C	TTCTG	ok
chr3	149965490	149965491	-	0.999997	Prob	0.565217	62	G	GAGGA	ok
chr12	55820457	55820458	+	0.999997	Prob	0.605263	106	C	AACAT	ok
chr17	75231351	75231352	+	0.999997	Prob	0.515152	61	C	AGCAA	ok
chr11	6600216	6600217	-	0.999996	Prob	0.612903	50	G	GGGCC	ok
chr13	110641444	110641445	-	0.999997	Prob	0.481481	66	G	TAGCA	ok
chr15	67202797	67202798	-	0.999996	Prob	0.518519	42	G	TTGGT	ok
chr22	42797369	42797370	-	0.999997	Prob	0.565217	26	G	GGGTG	ok
chr7	27766001	27766002	+	0.999992	Prob	0.608696	67	C	CACAA	ok
chr1	155062742	155062743	+	0.99999	Prob	0.5	76	C	CTCAG	ok
chr4	143524461	143524462	+	0.99999	Prob	0.518519	27	C	TCCAT	ok
chr4	121696922	121696923	-	0.999032	Prob	0.408451	105	G	CGGTA	ok
chr17	2334844	2334845	-	0.999997	Prob	0.53125	40	G	TGGTA	ok
chr5	141625240	141625241	-	0.999997	Prob	0.68	54	G	CTGCA	ok
chr4	108034344	108034345	+	0.999997	Prob	0.515152	69	C	TACAA	ok
chr19	58555040	58555041	-	0.99999	Prob	0.172414	35	G	GGGAT	ok
chr8	27605051	27605052	-	0.999997	Prob	0.542169	159	G	ACGGA	ok
chr18	9102712	9102713	+	0.999997	Prob	0.554054	117	C	CGCGG	ok
chr8	144106411	144106412	+	0.999984	Prob	0.545455	100	C	AGCTG	ok
chr12	57234408	57234409	+	0.99999	Prob	0.535714	196	C	CCCCC	ok
chr15	60382436	60382437	-	0.999997	Prob	0.703704	707	G	TAGAG	ok
chr4	24576418	24576419	-	0.999992	Prob	0.44	28	G	AAGTG	ok
chr2	231711402	231711403	+	0.999997	Prob	0.525424	475	C	CCCTG	ok
chr6	34426044	34426045	-	0.999984	Prob	0.727273	3813	G	CAGGG	ok
chr17	78224028	78224029	+	0.999997	Prob	0.660377	142	C	TCCTC	ok
chr9	124873712	124873713	+	0.999996	Prob	0.377778	96	C	TTCCA	ok
chr16	31090903	31090904	-	0.999996	Prob	0.476923	402	G	ATGGA	ok
chrx	115650376	115650377	+	0.999997	Prob	0.647059	106	C	CTCTC	ok
chr10	69207887	69207888	+	0.99999	Prob	0.28125	48	C	GACCT	ok
chr1	235111342	235111343	-	0.999997	Prob	0.596154	56	G	TGGAG	ok
chr1	211663445	211663446	-	0.999997	Prob	0.521739	38	G	CTGTC	ok
chr1	182881565	182881566	+	0.999997	Prob	0.52439	117	C	GACTT	ok
chr10	100364694	100364695	+	0.999032	Prob	0.621622	76	C	CCCTT	ok
chr1	54040758	54040759	-	0.99999	Prob	0.52	197	G	GAGAG	ok
chr10	86962624	86962625	+	0.999997	Prob	0.584615	125	C	CCCCC	ok
chr9	129635465	129635466	+	0.999997	Prob	0.563636	137	C	AGCCG	ok
chr20	44942462	44942463	-	0.999997	Prob	0.5625	92	G	CTGCA	ok
chr1	32775361	32775362	-	0.999543	Prob	0.366667	80	G	ATGCT	ok
chr6	31730948	31730949	-	0.999997	Prob	0.5	365	G	ATGCA	ok
chr11	66287816	66287817	-	0.999996	Prob	0.519231	130	G	GTGTG	ok
chr7	103344668	103344669	-	0.999996	Prob	0.411765	53	G	GGGCG	ok
chr13	23760214	23760215	-	0.999997	Prob	0.5	35	G	CAGGC	ok
chr17	42564525	42564526	+	0.999997	Prob	0.645161	50	C	AGCTC	ok
chr17	28714702	28714703	-	0.999997	Prob	0.5625	261	G	CTGTT	ok
chr13	30461306	30461307	-	0.999997	Prob	0.48	438	G	GGGGG	ok
chr7	1570015	1570016	-	0.999997	Prob	0.325	45	G	CGGCG	ok
chr2	3575607	3575608	+	0.999997	Prob	0.551724	4583	C	AGCCA	ok
chr12	51240401	51240402	+	0.99999	Prob	0.666667	46	C	CTCAG	ok
chr3	40462109	40462110	+	0.999984	Prob	0.53125	2380	C	CCCAG	ok
chr3	149752419	149752420	-	0.99999	Prob	0.428571	35	G	ATGCT	ok
chr15	59768389	59768390	+	0.999997	Prob	0.73913	8	C	GGCAA	ok
chr7	151054271	151054272	-	0.999997	Prob	0.537037	71	G	GTGGC	ok
chr3	167704875	167704876	-	0.999992	Prob	0.584906	118	G	CAGAC	ok
chr5	33463818	33463819	+	0.999997	Prob	0.642857	276	C	GCCCA	ok
chr5	151758580	151758581	-	0.999543	Prob	0.65	129	G	GTGTG	ok
chr11	119018516	119018517	-	0.999543	Prob	0.458333	46	G	GAGTC	ok
chr16	1964577	1964578	-	0.999992	Prob	0.596154	7119	G	GGGCC	ok
chr11	61965409	61965410	-	0.999997	Prob	0.619048	5029	G	CTGCA	ok
chr2	119372416	119372417	+	0.999543	Prob	0.625	702	C	AACCA	ok
chr16	3674434	3674435	-	0.999996	Prob	0.578947	213	G	TAGCG	ok
chr14	64932255	64932256	+	0.99999	Prob	0.580645	113	C	AACTA	ok
chr12	49272956	49272957	+	0.999997	Prob	0.59322	638	C	CCCAC	ok
chr12	98549791	98549792	+	0.99999	Prob	0.52459	68	C	TTCAT	ok
chr16	682421	682422	+	0.99999	Prob	0.583333	165	C	CCCCA	ok
chr16	30068839	30068840	+	0.999996	Prob	0.413793	492	C	CGCTG	ok
chr17	80136042	80136043	-	0.999997	Prob	0.428571	382	G	CTGCT	ok
chr19	12922763	12922764	-	0.999997	Prob	0.659091	283	G	GTGTG	ok
chr19	18910989	18910990	-	0.999996	Prob	0.464286	350	G	GAGGT	ok
chr14	22771642	22771643	+	0.999984	Prob	0.395833	132	C	CCCCA	ok
chr21	5116970	5116971	-	0.999543	Prob	0.633333	34	G	ACGCC	ok
chr7	5528416	5528417	-	0.999996	Prob	0.480769	578	G	AAGTC	ok
chr17	81510227	81510228	-	0.999997	Prob	0.666667	2246	G	ACGGC	ok
chr11	66976205	66976206	+	0.999543	Prob	0.466667	65	C	GTCGC	ok
chr1	35192254	35192255	-	0.999543	Prob	0.375	41	G	CCGCC	ok
chr12	16364380	16364381	+	0.99999	Prob	0.761905	334	C	AACAG	ok
chr14	24136240	24136241	+	0.999996	Prob	0.586207	155	C	GGCGC	ok
chr14	67592656	67592657	-	0.999984	Prob	0.36	29	G	GGGAT	ok
chr19	36121701	36121702	+	0.99999	Prob	0.466667	118	C	GGCAC	ok
chr11	88294419	88294420	-	0.999984	Prob	0.652174	92	G	GTGCC	ok
chr2	27442043	27442044	+	0.999997	Prob	0.466667	55	C	CTCAG	ok
chr6	43020782	43020783	+	0.99999	Prob	0.571429	102	C	TGCCC	ok
chr12	68659764	68659765	+	0.99999	Prob	0.681818	59	C	CGCTT	ok
chr19	14516962	14516963	-	0.999997	Prob	0.617647	57	G	ATGAG	ok
chr12	57752282	57752283	-	0.999996	Prob	0.611765	136	G	GGGCC	ok
chr12	14787383	14787384	-	0.999997	Prob	0.515152	48	G	GGGCA	ok
chr19	49447366	49447367	-	0.999997	Prob	0.517647	123	G	GTGTA	ok
chr19	14120339	14120340	-	0.999997	Prob	0.448276	38	G	GAGTT	ok
chr2	202303648	202303649	+	0.999997	Prob	0.529412	34	C	TTCTT	ok
chr15	77070922	77070923	-	0.999997	Prob	0.536232	119	G	CGGTC	ok
chr1	206603177	206603178	-	0.999997	Prob	0.458333	26	G	AAGGT	ok
chr16	29968137	29968138	+	0.999997	Prob	0.538462	52	C	CACCC	ok
chr8	123380606	123380607	-	0.999997	Prob	0.709677	46	G	GTGCA	ok
chr9	33443781	33443782	-	0.99999	Prob	0.517241	36	G	GCGAT	ok
chr17	2334700	2334701	-	0.999997	Prob	0.363636	40	G	AGGCC	ok
chr5	141621230	141621231	-	0.999997	Prob	0.55	70	G	ATGTC	ok
chr4	108019623	108019624	+	0.999997	Prob	0.714286	53	C	GGCCT	ok
chr5	141319245	141319246	-	0.999992	Prob	0.590909	48	G	CTGTT	ok
chr4	77952506	77952507	+	0.999543	Prob	0.703704	34	C	TGCTT	ok
chr17	43640676	43640677	-	0.999997	Prob	0.571429	61	G	GAGGC	ok
chr16	47313802	47313803	-	0.999997	Prob	0.423077	32	G	ATGAT	ok
chr12	53253673	53253674	+	0.999992	Prob	0.62963	37	C	CCCTC	ok
chr16	28714819	28714820	+	0.999984	Prob	0.586207	51	C	GGCTC	ok
chr1	26864159	26864160	+	0.999997	Prob	0.48	85	C	CACTG	ok
chr5	163444639	163444640	+	0.999997	Prob	0.538462	47	C	AACTA	ok
chr1	225920508	225920509	-	0.999543	Prob	0.55	44	G	CTGGA	ok
chr12	56160089	56160090	+	0.99999	Prob	0.461538	1178	C	GACAA	ok
chr11	33710282	33710283	-	0.999996	Prob	0.548387	239	G	GGGTT	ok
chr1	165663123	165663124	-	0.999997	Prob	0.561644	83	G	ACGGC	ok
chr20	56518230	56518231	+	0.999997	Prob	0.608696	105	C	TGCCC	ok
chr17	76734684	76734685	-	0.999997	Prob	0.5125	236	G	TAGAT	ok
chr3	69055245	69055246	-	0.999997	Prob	0.52381	45	G	ATGAA	ok
chr1	202962029	202962030	-	0.999997	Prob	0.6	29	G	GAGAT	ok
chr1	159781316	159781317	+	0.999997	Prob	0.636364	118	C	ACCAG	ok
chr1	155131545	155131546	+	0.999997	Prob	0.607143	35	C	GGCCC	ok
chr1	151364939	151364940	-	0.999996	Prob	0.5	113	G	GGGTA	ok
chr10	100362462	100362463	+	0.999997	Prob	0.511628	43	C	TTCAC	ok
chr1	75750457	75750458	+	0.999996	Prob	0.666667	127	C	TGCTG	ok
chr9	135933379	135933380	-	0.999997	Prob	0.54902	57	G	TAGCC	ok
chrx	103253459	103253460	-	0.999997	Prob	0.522727	71	G	TGGAA	ok
chrx	101346198	101346199	-	0.999997	Prob	0.391304	31	G	AGGAA	ok
chr1	37569030	37569031	-	0.999997	Prob	0.52459	89	G	CAGAA	ok
chr6	31730747	31730748	-	0.999997	Prob	0.5	367	G	TGGCC	ok
chr11	66284627	66284628	-	0.999543	Prob	0.47619	189	G	GGGCC	ok
chrx	44527262	44527263	-	0.999997	Prob	0.703704	41	G	AGGTG	ok
chr10	11763701	11763702	+	0.999997	Prob	0.6	31	C	TTCAT	ok
chr2	27322510	27322511	-	0.999992	Prob	0.482759	40	G	GAGTG	ok
chr20	2658827	2658828	-	0.999996	Prob	0.47541	94	G	TCGAG	ok
chr19	49688350	49688351	+	0.999543	Prob	0.646341	230	C	GGCCT	ok
chr7	116559121	116559122	+	0.999992	Prob	0.55814	90	C	TTCCT	ok
chr12	56143900	56143901	+	0.999997	Prob	0.62069	38	C	TGCCT	ok
chr9	112441704	112441705	+	0.999543	Prob	0.444444	41	C	TCCTT	ok
chr2	3575853	3575854	+	0.999997	Prob	0.5	4955	C	GGCTC	ok
chr19	58312372	58312373	+	0.999997	Prob	0.5	62	C	CACAA	ok
chr16	89959255	89959256	+	0.99999	Prob	0.446809	105	C	CACTA	ok
chr7	100095423	100095424	-	0.999543	Prob	0.434783	186	G	GGGGG	ok
chr7	73303734	73303735	-	0.999997	Prob	0.458333	55	G	GAGCT	ok
chr20	24963078	24963079	-	0.99999	Prob	0.583333	79	G	TAGAG	ok
chr7	44566504	44566505	-	0.999996	Prob	0.52	198	G	AGGCC	ok
chr1	153543716	153543717	-	0.999996	Prob	0.5	1664	G	GAGGG	ok
chr1	109411099	109411100	-	0.99999	Prob	0.539474	627	G	TGGGT	ok
chr10	109865175	109865176	-	0.999997	Prob	0.434783	59	G	GAGGT	ok
chr5	151758582	151758583	-	0.99999	Prob	0.581818	122	G	GTGGC	ok
chr8	144314314	144314315	+	0.999997	Prob	0.540541	144	C	GACCC	ok
chr11	62856234	62856235	+	0.999997	Prob	0.619048	82	C	CCCAC	ok
chr11	62888541	62888542	+	0.999997	Prob	0.461538	821	C	CTCCG	ok
chr14	20476873	20476874	+	0.999997	Prob	0.423077	398	C	GCCCG	ok
chr15	60351732	60351733	-	0.999543	Prob	0.540541	1123	G	CAGGA	ok
chr16	67935630	67935631	-	0.999997	Prob	0.428571	74	G	CCGTA	ok
chr17	81511387	81511388	-	0.999032	Prob	0.512821	823	G	TGGTG	ok
chr17	82237761	82237762	+	0.99999	Prob	0.608696	80	C	CTCCT	ok
chr19	12939182	12939183	+	0.999543	Prob	0.674419	191	C	GGCAA	ok
chr19	12669190	12669191	-	0.999996	Prob	0.531915	260	G	GGGTC	ok
chr1	2397195	2397196	+	0.999543	Prob	0.426829	110	C	TACAT	ok
chr14	22771643	22771644	+	0.999032	Prob	0.530612	132	C	CCCAG	ok
chr9	35099841	35099842	-	0.999996	Prob	0.478261	199	G	AGGAA	ok
chr1	119743900	119743901	+	0.99999	Prob	0.488372	679	C	GGCAG	ok
chr2	10127107	10127108	+	0.999997	Prob	0.681818	66	C	TGCTG	ok
chr2	177215888	177215889	+	0.99999	Prob	0.55	386	C	TTCTA	ok
chr2	231455057	231455058	-	0.999997	Prob	0.727273	212	G	ACGGA	ok
chr6	30724588	30724589	+	0.999996	Prob	0.486486	233	C	CTCTC	ok
chr20	2462750	2462751	-	0.999032	Prob	0.580645	735	G	GGGCC	ok
chr8	144080317	144080318	+	0.99999	Prob	0.409091	199	C	ACCCA	ok
chrx	49113644	49113645	-	0.999997	Prob	0.259259	33	G	GGGCC	ok
chr22	38468260	38468261	+	0.999997	Prob	0.428571	26	C	ACCTG	ok
chrx	153787840	153787841	-	0.999997	Prob	0.6	58	G	CTGTA	ok
chr11	34995116	34995117	+	0.99999	Prob	0.526316	40	C	AACCA	ok
chr2	215332415	215332416	+	0.999984	Prob	0.375	49	C	TGCGA	ok
chr19	47750265	47750266	+	0.999997	Prob	0.555556	30	C	TCCAA	ok
chr17	67737584	67737585	+	0.999997	Prob	0.647059	44	C	GTCAT	ok
chr13	48077299	48077300	-	0.999996	Prob	0.518519	35	G	TGGAG	ok
chr12	124778524	124778525	-	0.99999	Prob	0.681818	39	G	AGGGG	ok
chr17	78971945	78971946	-	0.999543	Prob	0.571429	57	G	GAGTC	ok
chr1	31289336	31289337	-	0.999997	Prob	0.53125	38	G	ATGTC	ok
chr3	101592831	101592832	+	0.999997	Prob	0.428571	58	C	GACTA	ok
chr22	30428628	30428629	+	0.999992	Prob	0.474576	85	C	TCCAA	ok
chr16	8848064	8848065	+	0.999984	Prob	0.708333	30	C	CCCAC	ok
chr2	135741964	135741965	+	0.99999	Prob	0.666667	43	C	ATCGC	ok
chr7	55470849	55470850	-	0.999997	Prob	0.666667	35	G	AAGTG	ok
chr16	67438305	67438306	-	0.999984	Prob	0.4375	64	G	TCGTC	ok
chr2	218239432	218239433	+	0.999997	Prob	0.484848	231	C	AGCAC	ok
chr9	33443856	33443857	-	0.99999	Prob	0.428571	32	G	CTGAG	ok
chr17	78223789	78223790	+	0.99999	Prob	0.518519	127	C	CTCTT	ok
chr16	70565199	70565200	+	0.999996	Prob	0.47619	27	C	TCCGA	ok
chr3	101564788	101564789	+	0.999996	Prob	0.482759	80	C	TGCTT	ok
chr6	34245961	34245962	+	0.999992	Prob	0.444444	156	C	CCCCT	ok
chr19	12949357	12949358	+	0.999997	Prob	0.486486	244	C	TGCTG	ok
chr15	72199058	72199059	-	0.999997	Prob	0.48913	1434	G	CAGGT	ok
chr11	67611448	67611449	+	0.999997	Prob	0.482759	131	C	GGCGG	ok
chr6	43019317	43019318	+	0.999997	Prob	0.52381	85	C	GGCCG	ok
chr8	145052586	145052587	+	0.999997	Prob	0.5	154	C	GGCCC	ok
chrx	2243172	2243173	-	0.999997	Prob	0.368421	19	G	GTGAA	ok
chr4	24576523	24576524	-	0.999032	Prob	0.454545	26	G	AGGTG	ok
chr12	54281399	54281400	+	0.999984	Prob	0.333333	523	C	CCCGA	ok
chr2	27366910	27366911	-	0.999997	Prob	0.526316	36	G	CTGAA	ok
chr1	36289072	36289073	+	0.999984	Prob	0.37931	56	C	AGCAG	ok
chr16	10543610	10543611	-	0.999997	Prob	0.44186	81	G	TGGTA	ok
chr21	33524671	33524672	-	0.999997	Prob	0.575	47	G	AAGAA	ok
chr1	233671316	233671317	+	0.999032	Prob	0.3	29	C	ACCTT	ok
chr1	193049848	193049849	-	0.99999	Prob	0.464286	91	G	CTGGC	ok
chr1	156595721	156595722	-	0.999996	Prob	0.606557	111	G	GGGGG	ok
chr1	150627524	150627525	-	0.999997	Prob	0.645161	53	G	TTGGG	ok
chr10	102482014	102482015	-	0.999997	Prob	0.5	84	G	TAGAG	ok
chr1	70228429	70228430	+	0.999997	Prob	0.59375	169	C	GCCTT	ok
chr1	45343632	45343633	+	0.999543	Prob	0.40625	55	C	GCCAA	ok
chr20	44942856	44942857	-	0.999997	Prob	0.480769	60	G	GGGAC	ok
chr9	97653832	97653833	+	0.99999	Prob	0.583333	25	C	CCCCC	ok
chr16	71922546	71922547	+	0.99999	Prob	0.52	51	C	CCCTG	ok
chr17	7627793	7627794	-	0.999996	Prob	0.227273	45	G	CTGGG	ok
chr22	45729522	45729523	+	0.999997	Prob	0.708333	232	C	TGCAA	ok
chr2	216137121	216137122	+	0.999997	Prob	0.7	76	C	TGCTT	ok
chr16	30068954	30068955	+	0.99999	Prob	0.478261	531	C	CCCGT	ok
chr16	1816895	1816896	-	0.999997	Prob	0.592593	52	G	TTGGC	ok
chr20	1375567	1375568	-	0.999997	Prob	0.565217	73	G	CCGGG	ok
chr2	10787358	10787359	-	0.999997	Prob	0.526316	245	G	CGGCC	ok
chr3	23917148	23917149	+	0.999997	Prob	0.628571	1231	C	TCCTT	ok
chrx	19357716	19357717	+	0.999997	Prob	0.531915	806	C	GTCAG	ok
chr17	63819469	63819470	-	0.999543	Prob	0.5625	38	G	GGGTG	ok
chr16	1419961	1419962	-	0.99999	Prob	0.444444	61	G	TTGGC	ok
chr10	6113534	6113535	+	0.999543	Prob	0.5	62	C	TCCGC	ok
chr11	123059924	123059925	-	0.999997	Prob	0.541667	1340	G	CAGCT	ok
chr3	53229297	53229298	-	0.999997	Prob	0.545455	624	G	GTGGG	ok
chr2	27381656	27381657	-	0.999997	Prob	0.525641	132	G	CAGTA	ok
chr19	49490842	49490843	+	0.999997	Prob	0.6	5182	C	GGCAT	ok
chr17	1400078	1400079	-	0.999997	Prob	0.5625	286	G	TCGCC	ok
chr1	109738122	109738123	-	0.999997	Prob	0.5	357	G	TTGTG	ok
chr9	127935277	127935278	-	0.999997	Prob	0.36	110	G	TTGTG	ok
chr1	44776696	44776697	+	0.99999	Prob	0.714286	6417	C	CACAG	ok
chr17	49405174	49405175	-	0.999997	Prob	0.470588	675	G	GAGAT	ok
chr5	236531	236532	+	0.999997	Prob	0.5	312	C	AACTC	ok
chr11	10799099	10799100	-	0.999997	Prob	0.4375	212	G	AAGCG	ok
chr17	28351732	28351733	-	0.99999	Prob	0.641026	54	G	GAGAG	ok
chr12	54282283	54282284	+	0.999032	Prob	0.611111	740	C	TCCGT	ok
chr12	98549941	98549942	+	0.99999	Prob	0.413793	83	C	GCCAT	ok
chr16	2253677	2253678	-	0.999996	Prob	0.68	197	G	GAGCC	ok
chr17	6450397	6450398	+	0.999997	Prob	0.678571	33	C	CTCAA	ok
chr18	3256034	3256035	+	0.999996	Prob	0.45	386	C	GCCAT	ok
chr17	82022682	82022683	-	0.999543	Prob	0.47619	27	G	CCGGC	ok
chr19	13154428	13154429	+	0.99999	Prob	0.7	45	C	GGCCT	ok
chr19	1105689	1105690	+	0.999997	Prob	0.674419	868	C	TTCGC	ok
chr6	52264323	52264324	-	0.999997	Prob	0.408163	169	G	GCGGA	ok
chr14	22771169	22771170	+	0.99999	Prob	0.488372	117	C	AGCTT	ok
chr8	54063333	54063334	-	0.99999	Prob	0.45	57	G	AAGGC	ok
chr12	6731724	6731725	+	0.999997	Prob	0.666667	99	C	TCCTG	ok
chr11	67609496	67609497	+	0.999032	Prob	0.56	69	C	ACCTG	ok
chr22	39521991	39521992	+	0.999997	Prob	0.489362	153	C	AACAA	ok
chr12	6965617	6965618	-	0.999984	Prob	0.55	532	G	TGGCT	ok
chr17	39203031	39203032	+	0.999996	Prob	0.6	4243	C	GTCAC	ok
chr15	64156849	64156850	-	0.99999	Prob	0.530303	859	G	AGGCC	ok
chrx	48893690	48893691	-	0.999997	Prob	0.666667	149	G	AGGGA	ok
chr7	100873261	100873262	+	0.999032	Prob	0.557377	126	C	GGCGC	ok
chr22	32396078	32396079	-	0.99999	Prob	0.522727	115	G	ACGGG	ok
chr8	11830315	11830316	+	0.999543	Prob	0.6	122	C	GCCTG	ok
chr3	51933463	51933464	-	0.999984	Prob	0.5	38	G	TGGGG	ok
chr7	2234636	2234637	-	0.999996	Prob	0.535714	58	G	ATGAG	ok
chr17	75218212	75218213	+	0.999997	Prob	0.590909	31	C	GACTG	ok
chr22	17628687	17628688	-	0.999543	Prob	0.553846	73	G	AAGGT	ok
chr7	87219551	87219552	-	0.999997	Prob	0.75	55	G	ATGAC	ok
chr14	60796216	60796217	+	0.999543	Prob	0.6	27	C	AGCTG	ok
chr15	67201833	67201834	-	0.999543	Prob	0.5625	58	G	AGGAG	ok
chr4	141229683	141229684	+	0.999997	Prob	0.444444	28	C	GGCGT	ok
chr5	33448610	33448611	+	0.99999	Prob	0.54023	124	C	TTCCA	ok
chr1	26281173	26281174	+	0.999984	Prob	0.52381	102	C	CCCAG	ok
chr4	102885422	102885423	+	0.99999	Prob	0.517647	134	C	TTCTA	ok
chr8	20221385	20221386	+	0.999997	Prob	0.55	63	C	ATCTT	ok
chr7	151215698	151215699	-	0.999997	Prob	0.678571	28	G	AGGTG	ok
chr2	218238705	218238706	+	0.999997	Prob	0.586207	216	C	GGCAT	ok
chr8	103440235	103440236	+	0.999997	Prob	0.424242	105	C	GCCTG	ok
chr11	4126771	4126772	+	0.999543	Prob	0.541176	221	C	CACTA	ok
chr5	133091218	133091219	+	0.999992	Prob	0.622642	60	C	CTCCT	ok
chr1	231000152	231000153	+	0.99999	Prob	0.666667	50	C	CACTA	ok
chr5	141320676	141320677	-	0.999543	Prob	0.533333	47	G	GGGCC	ok
chr19	12930316	12930317	-	0.999984	Prob	0.603774	87	G	CTGCA	ok
chr1	75794944	75794945	+	0.999032	Prob	0.695652	28	C	CCCCC	ok
chr22	42519749	42519750	-	0.999996	Prob	0.534483	63	G	CGGGT	ok
chr1	32334516	32334517	-	0.999543	Prob	0.645833	55	G	CAGGG	ok
chr6	5216625	5216626	-	0.999997	Prob	0.592105	107	G	ACGAA	ok
chr14	21211042	21211043	-	0.999997	Prob	0.552632	677	G	AAGTG	ok
chr19	44993058	44993059	+	0.999984	Prob	0.448276	46	C	GGCAG	ok
chr5	34908622	34908623	-	0.999996	Prob	0.461538	73	G	TAGGG	ok
chr20	10413701	10413702	-	0.999997	Prob	0.695652	38	G	ATGAC	ok
chr5	173164051	173164052	+	0.999543	Prob	0.541667	32	C	AACAC	ok
chr16	31094627	31094628	-	0.999543	Prob	0.509804	263	G	CGGGC	ok
chr17	42403840	42403841	-	0.999997	Prob	0.681818	22	G	GGGTG	ok
chr8	67059250	67059251	-	0.999997	Prob	0.483146	106	G	ATGCA	ok
chr17	76737174	76737175	-	0.999997	Prob	0.607843	104	G	CGGCC	ok
chr3	69056044	69056045	-	0.999997	Prob	0.65	32	G	ATGGC	ok
chr1	203007408	203007409	+	0.999997	Prob	0.567568	54	C	GCCGC	ok
chr1	167935993	167935994	-	0.999997	Prob	0.505618	178	G	CTGTG	ok
chr1	155732015	155732016	+	0.999032	Prob	0.628571	183	C	CCCAG	ok
chr1	108650279	108650280	-	0.999984	Prob	0.458333	106	G	CGGAA	ok
chr1	67411122	67411123	-	0.999997	Prob	0.541667	85	G	TAGCT	ok
chr1	47376776	47376777	+	0.999996	Prob	0.64	42	C	TGCTT	ok
chr9	128721138	128721139	-	0.999997	Prob	0.481481	61	G	CCGTG	ok
chr1	37567682	37567683	-	0.999997	Prob	0.659091	62	G	ATGTA	ok
chr6	31730973	31730974	-	0.999997	Prob	0.545455	363	G	ATGGT	ok
chr1	10463166	10463167	-	0.999984	Prob	0.633333	81	G	CCGTG	ok
chr10	14867275	14867276	+	0.999996	Prob	0.53125	90	C	AGCCA	ok
chr6	2948430	2948431	-	0.999997	Prob	0.583333	417	G	TGGCG	ok
chr10	1041230	1041231	-	0.999997	Prob	0.531915	105	G	ATGAT	ok
chr18	6948518	6948519	-	0.999997	Prob	0.459459	68	G	CCGTC	ok
chr13	99385543	99385544	+	0.999996	Prob	0.47619	50	C	ATCTA	ok
chr3	48603624	48603625	-	0.999997	Prob	0.515152	283	G	AAGTC	ok
chr8	143612828	143612829	-	0.999997	Prob	0.418605	100	G	CAGCT	ok
chr12	69258691	69258692	+	0.999997	Prob	0.608696	33	C	GCCTC	ok
chr3	49360075	49360076	-	0.999992	Prob	0.710526	474	G	CTGGT	ok
chr3	179576233	179576234	+	0.99999	Prob	0.478261	93	C	TTCTA	ok
chr22	39529489	39529490	-	0.999984	Prob	0.409091	244	G	GAGCC	ok
chr1	155310129	155310130	+	0.999997	Prob	0.529412	321	C	TCCCA	ok
chr7	5527888	5527889	-	0.999997	Prob	0.368421	710	G	ATGAT	ok
chr1	111119956	111119957	-	0.999997	Prob	0.5	43	G	CAGCA	ok
chr4	39454871	39454872	-	0.999996	Prob	0.45098	852	G	TTGAA	ok
chr4	56450646	56450647	+	0.999997	Prob	0.470588	152	C	TCCTG	ok
chr11	10800104	10800105	-	0.999997	Prob	0.583333	187	G	CTGCA	ok
chr2	110639839	110639840	-	0.999997	Prob	0.595745	118	G	AAGTA	ok
chr12	49558432	49558433	-	0.999996	Prob	0.517241	146	G	GAGGG	ok
chr16	28727031	28727032	+	0.999032	Prob	0.55	135	C	GACCA	ok
chr17	16382528	16382529	+	0.999996	Prob	0.433333	1176	C	CTCTT	ok
chr17	82037452	82037453	-	0.999992	Prob	0.73913	200	G	TCGCG	ok
chr19	12928626	12928627	-	0.999997	Prob	0.705882	128	G	AAGTT	ok
chr20	58994716	58994717	+	0.999543	Prob	0.58	154	C	AACCC	ok
chr8	144314632	144314633	+	0.999992	Prob	0.605263	155	C	TTCCC	ok
chr6	52264679	52264680	-	0.99999	Prob	0.565217	149	G	GGGCT	ok
chr1	119742850	119742851	+	0.999997	Prob	0.55814	617	C	TTCGG	ok
chr16	367469	367470	-	0.999992	Prob	0.315789	121	G	CTGAG	ok
chr17	16441619	16441620	+	0.999997	Prob	0.525	562	C	GGCTG	ok
chr1	156137754	156137755	+	0.999997	Prob	0.64	239	C	AGCCG	ok
chr20	1369176	1369177	-	0.999997	Prob	0.592593	194	G	CTGAA	ok
chr19	49490806	49490807	+	0.999997	Prob	0.566667	5160	C	GGCCA	ok
chr10	84152310	84152311	+	0.999997	Prob	0.590909	331	C	TGCAA	ok
chr20	37230039	37230040	+	0.999992	Prob	0.576923	230	C	CACTC	ok
chr7	6024231	6024232	-	0.999997	Prob	0.568182	71	G	AGGCG	ok
chr14	102348406	102348407	-	0.999997	Prob	0.535714	65	G	TGGAG	ok
chr17	64500203	64500204	-	0.999992	Prob	0.552239	401	G	AAGCA	ok
chr2	112532279	112532280	+	0.999997	Prob	0.490566	103	C	TTCAG	ok
chr12	123618710	123618711	+	0.999996	Prob	0.392857	37	C	ACCTT	ok
chr2	219253858	219253859	-	0.999992	Prob	0.545455	83	G	ATGGT	ok
chr17	1830025	1830026	+	0.999997	Prob	0.478261	33	C	AGCGC	ok
chr9	35813070	35813071	-	0.999032	Prob	0.515625	97	G	CTGGA	ok
chr15	67201835	67201836	-	0.99999	Prob	0.392857	58	G	GAGCT	ok
chr4	141234064	141234065	+	0.999997	Prob	0.653846	32	C	TTCAA	ok
chr17	39989916	39989917	+	0.999543	Prob	0.666667	30	C	ACCTC	ok
chr12	53307047	53307048	+	0.999997	Prob	0.410256	94	C	TCCAT	ok
chr1	26280883	26280884	+	0.999543	Prob	0.493151	92	C	AACCC	ok
chr4	88523670	88523671	-	0.999997	Prob	0.666667	72	G	GAGGC	ok
chr5	52802035	52802036	+	0.999997	Prob	0.590909	20	C	CTCCA	ok
chr11	57335169	57335170	-	0.999984	Prob	0.533333	56	G	AGGGA	ok
chr21	43104395	43104396	-	0.999997	Prob	0.521277	129	G	CAGTT	ok
chr3	142818283	142818284	-	0.999543	Prob	0.52	40	G	TAGAT	ok
chr8	103420449	103420450	+	0.999997	Prob	0.625	86	C	GGCGT	ok
chr17	28714591	28714592	-	0.999997	Prob	0.534247	275	G	AGGGT	ok
chr2	70088754	70088755	+	0.99999	Prob	0.465116	80	C	GTCTG	ok
chr5	135335089	135335090	-	0.999984	Prob	0.692308	156	G	CTGGA	ok
chr7	40134548	40134549	-	0.999997	Prob	0.596491	93	G	CCGAA	ok
chr16	647515	647516	+	0.999997	Prob	0.625	121	C	CACGA	ok
chr11	64271762	64271763	-	0.999543	Prob	0.52381	28	G	GGGTA	ok
chr1	43362206	43362207	+	0.999997	Prob	0.583333	177	C	TCCTC	ok
chr12	6527828	6527829	+	0.999543	Prob	0.571429	29	C	AACAG	ok
chr16	28537567	28537568	-	0.999992	Prob	0.44	29	G	AGGGG	ok
chr10	95247270	95247271	-	0.999997	Prob	0.555556	123	G	TCGGG	ok
chr13	113323274	113323275	+	0.999997	Prob	0.478261	53	C	TTCTG	ok
chr12	55803699	55803700	-	0.999997	Prob	0.513889	121	G	GAGCA	ok
chr1	26863421	26863422	+	0.999997	Prob	0.619048	25	C	AACGA	ok
chr1	201484238	201484239	-	0.999543	Prob	0.5	82	G	AAGCT	ok
chr1	155727646	155727647	+	0.999996	Prob	0.583333	141	C	GTCCA	ok
chr19	812136	812137	+	0.999997	Prob	0.489362	463	C	AGCCA	ok
chr14	100334975	100334976	-	0.999997	Prob	0.6	76	G	CTGCA	ok
chr19	40422831	40422832	-	0.99999	Prob	0.47619	30	G	GAGGG	ok
chr9	35056979	35056980	-	0.999543	Prob	0.446809	201	G	CAGAC	ok
chr13	49936171	49936172	-	0.999997	Prob	0.521739	32	G	CAGAG	ok
chr1	219988779	219988780	-	0.999543	Prob	0.555556	86	G	GAGCC	ok
chrx	154773148	154773149	+	0.999997	Prob	0.473684	67	C	CACAG	ok
chr1	70205503	70205504	-	0.999996	Prob	0.444444	20	G	GCGGA	ok
chr9	129635376	129635377	+	0.999997	Prob	0.634921	142	C	TGCAG	ok
chr6	36855765	36855766	-	0.999032	Prob	0.5	38	G	CTGGT	ok
chr1	20618843	20618844	+	0.999997	Prob	0.507042	99	C	CCCAA	ok
chr6	31271723	31271724	-	0.999997	Prob	0.52381	103	G	GCGCC	ok
chr9	65676033	65676034	+	0.999997	Prob	0.422535	97	C	GTCCT	ok
chr20	16730026	16730027	+	0.999997	Prob	0.45	47	C	TCCTG	ok
chr6	10709052	10709053	+	0.999997	Prob	0.54878	85	C	TCCTC	ok
chr22	45843142	45843143	+	0.999997	Prob	0.592593	283	C	AGCTG	ok
chr19	49682052	49682053	+	0.999992	Prob	0.509091	119	C	CGCAA	ok
chr7	116559420	116559421	+	0.999996	Prob	0.642857	93	C	CACTT	ok
chr2	74205857	74205858	+	0.99999	Prob	0.5	85	C	GTCCT	ok
chr11	57407099	57407100	-	0.999984	Prob	0.588235	130	G	CAGCT	ok
chr17	7258601	7258602	+	0.999997	Prob	0.65625	87	C	TCCAT	ok
chr8	19822454	19822455	+	0.99999	Prob	0.695652	28	C	GGCAC	ok
chr16	2771721	2771722	-	0.999997	Prob	0.703704	33	G	TGGTT	ok
chr1	20655467	20655468	-	0.999997	Prob	0.40625	42	G	TAGAG	ok
chr3	53228305	53228306	-	0.999997	Prob	0.576471	734	G	TTGTT	ok
chr11	57705043	57705044	-	0.999997	Prob	0.342105	59	G	AGGGG	ok
chr3	50287897	50287898	-	0.999997	Prob	0.660377	233	G	CTGAG	ok
chr16	2820954	2820955	+	0.999997	Prob	0.535714	147	C	AGCAC	ok
chr19	49684839	49684840	+	0.99999	Prob	0.6	161	C	CACTG	ok
chr12	104265765	104265766	+	0.999543	Prob	0.333333	216	C	CCCGC	ok
chr3	149741196	149741197	-	0.999032	Prob	0.631579	45	G	CTGGG	ok
chr1	155172826	155172827	-	0.99999	Prob	0.578947	835	G	CTGCA	ok
chr4	154547851	154547852	-	0.999543	Prob	0.703704	32	G	GTGAC	ok
chr8	30063248	30063249	-	0.99999	Prob	0.483871	138	G	AGGTT	ok
chr5	151742891	151742892	-	0.999032	Prob	0.620253	175	G	AGGAA	ok
chr11	65855079	65855080	-	0.999997	Prob	0.523077	1413	G	GGGGG	ok
chr11	14504934	14504935	-	0.999996	Prob	0.657143	393	G	ATGTT	ok
chr17	68043907	68043908	+	0.999997	Prob	0.666667	375	C	TGCAG	ok
chr19	46775673	46775674	-	0.999997	Prob	0.47619	80	G	ACGGT	ok
chr12	26960560	26960561	+	0.999543	Prob	0.555556	34	C	TGCAT	ok
chr12	93409444	93409445	-	0.999997	Prob	0.55	99	G	AAGGG	ok
chr12	55726923	55726924	-	0.999543	Prob	0.464286	441	G	CGGCC	ok
chr14	24138916	24138917	+	0.999997	Prob	0.564103	238	C	TCCCT	ok
chr16	57429256	57429257	-	0.999997	Prob	0.75	147	G	CAGCG	ok
chr17	81510667	81510668	-	0.999997	Prob	0.521739	1342	G	ATGCT	ok
chr17	68043263	68043264	+	0.999997	Prob	0.44	323	C	TACCT	ok
chr19	50798381	50798382	-	0.999996	Prob	0.65	250	G	TGGCA	ok
chr6	31817801	31817802	+	0.999992	Prob	0.6	69	C	TACTG	ok
chr1	225919903	225919904	-	0.999997	Prob	0.625	79	G	AAGCA	ok
chr17	37489934	37489935	+	0.999997	Prob	0.615385	28	C	AACCC	ok
chr11	125583866	125583867	+	0.999543	Prob	0.428571	100	C	GACAC	ok
chr6	2955529	2955530	-	0.999997	Prob	0.518519	274	G	AGGAA	ok
chr4	118278844	118278845	+	0.999543	Prob	0.484848	91	C	TGCCT	ok
chr22	39522057	39522058	+	0.999997	Prob	0.540541	161	C	GTCCT	ok
chr8	108241888	108241889	-	0.99999	Prob	0.48	279	G	TTGTA	ok
chr7	103353941	103353942	+	0.999997	Prob	0.62963	150	C	TGCCT	ok
chr9	83969269	83969270	-	0.999997	Prob	0.6	401	G	ATGAA	ok
chr7	6024127	6024128	-	0.999997	Prob	0.647059	67	G	GAGAA	ok
chr7	101245065	101245066	-	0.999997	Prob	0.576271	69	G	GTGGC	ok
chr11	60890816	60890817	-	0.999997	Prob	0.425532	54	G	TTGGC	ok
chr3	150544271	150544272	-	0.999543	Prob	0.534884	137	G	CTGTG	ok
chr4	109729749	109729750	-	0.999543	Prob	0.588235	36	G	CTGAC	ok
chr1	45013739	45013740	+	0.999997	Prob	0.446809	135	C	ACCCG	ok
chr11	18519554	18519555	-	0.999997	Prob	0.590909	60	G	TAGAG	ok
chr20	44196982	44196983	-	0.999997	Prob	0.625	49	G	AGGTC	ok
chr7	45105583	45105584	-	0.999997	Prob	0.666667	43	G	CTGCT	ok
chr15	67235990	67235991	-	0.999543	Prob	0.48	28	G	AGGCA	ok
chr11	36274125	36274126	-	0.999543	Prob	0.611111	104	G	GGGAA	ok
chr5	173034785	173034786	+	0.999997	Prob	0.458333	249	C	TTCAG	ok
chr7	27748546	27748547	+	0.99999	Prob	0.6	60	C	CCCAT	ok
chr1	149923987	149923988	-	0.999997	Prob	0.5	71	G	ATGGT	ok
chr8	65604090	65604091	-	0.999997	Prob	0.5	24	G	ATGTA	ok
chr2	46581331	46581332	-	0.999997	Prob	0.555556	72	G	GGGTT	ok
chr22	23961118	23961119	-	0.999997	Prob	0.454545	27	G	CAGCT	ok
chr12	52901192	52901193	-	0.999997	Prob	0.490909	561	G	CTGTA	ok
chr3	52145867	52145868	-	0.999997	Prob	0.52381	32	G	CGGTG	ok
chr16	23683927	23683928	+	0.999997	Prob	0.75	37	C	TGCCC	ok
chr8	27809885	27809886	-	0.999992	Prob	0.489796	54	G	CAGCA	ok
chr5	133089073	133089074	+	0.999543	Prob	0.596154	57	C	TGCTT	ok
chr1	231000156	231000157	+	0.999543	Prob	0.638889	50	C	ATCTG	ok
chr5	178149687	178149688	-	0.999997	Prob	0.6	860	G	CAGGT	ok
chr19	12940570	12940571	+	0.99999	Prob	0.488372	164	C	ACCCT	ok
chr11	838194	838195	+	0.999997	Prob	0.578947	125	C	CCCTG	ok
chr16	28538010	28538011	-	0.999032	Prob	0.625	28	G	CAGCT	ok
chr6	43014331	43014332	+	0.999032	Prob	0.46875	41	C	CCCCG	ok
chr22	42079755	42079756	+	0.999984	Prob	0.506849	90	C	GGCGG	ok
chr1	45328231	45328232	+	0.999996	Prob	0.361702	58	C	TACAG	ok
chr14	21210857	21210858	-	0.999997	Prob	0.463415	436	G	GGGAA	ok
chr19	44992799	44992800	+	0.999543	Prob	0.481481	33	C	CTCCA	ok
chr1	225920509	225920510	-	0.99999	Prob	0.666667	43	G	TGGAG	ok
chr17	78223670	78223671	+	0.999997	Prob	0.547619	129	C	AACAT	ok
chr11	57407510	57407511	-	0.999997	Prob	0.357143	173	G	TGGAG	ok
chr21	33546228	33546229	+	0.999984	Prob	0.547945	160	C	GCCAG	ok
chr12	29340947	29340948	-	0.99999	Prob	0.553191	49	G	CTGCA	ok
chr1	226361445	226361446	-	0.999996	Prob	0.590909	123	G	CGGCT	ok
chr10	124403049	124403050	-	0.999997	Prob	0.590909	29	G	AAGAG	ok
chr10	100364532	100364533	+	0.99999	Prob	0.638298	77	C	TCCCA	ok
chr1	54040756	54040757	-	0.999543	Prob	0.464286	196	G	CAGAG	ok
chr1	44221349	44221350	-	0.999996	Prob	0.631579	119	G	GGGGC	ok
chrx	100629968	100629969	-	0.999997	Prob	0.553191	53	G	CAGGG	ok
chr17	81665291	81665292	-	0.999996	Prob	0.649123	154	G	GGGCC	ok
chr20	32839776	32839777	+	0.99999	Prob	0.409091	25	C	TCCTA	ok
chr1	10463159	10463160	-	0.999032	Prob	0.571429	81	G	CTGAT	ok
chr1	1311422	1311423	+	0.999997	Prob	0.542857	44	C	CCCTG	ok
chr6	3019592	3019593	+	0.999543	Prob	0.7	252	C	GGCTG	ok
chr13	23756611	23756612	-	0.999997	Prob	0.542857	46	G	CCGGC	ok
chr12	56144105	56144106	+	0.999997	Prob	0.525	46	C	TGCTT	ok
chr3	32997138	32997139	-	0.999997	Prob	0.617647	92	G	CAGAT	ok
chr3	48599078	48599079	-	0.999997	Prob	0.674419	475	G	GGGGG	ok
chr3	186785975	186785976	+	0.999997	Prob	0.590909	102	C	AACTG	ok
chr11	57704811	57704812	-	0.999997	Prob	0.521739	64	G	CGGCA	ok
chr5	43547790	43547791	-	0.999996	Prob	0.444444	72	G	AGGGT	ok
chr10	6113533	6113534	+	0.99999	Prob	0.666667	62	C	ATCCG	ok
chr19	39980667	39980668	+	0.999032	Prob	0.478261	153	C	GGCCC	ok
chr1	85252075	85252076	-	0.999992	Prob	0.527778	69	G	CTGGA	ok
chr7	5527454	5527455	-	0.999997	Prob	0.425	1076	G	TAGGA	ok
chr16	80997362	80997363	-	0.999997	Prob	0.576923	569	G	CAGTG	ok
chr22	21000310	21000311	-	0.999997	Prob	0.692308	77	G	CAGCC	ok
chr5	6600143	6600144	-	0.999996	Prob	0.380952	98	G	AAGCC	ok
chr8	97691021	97691022	+	0.999997	Prob	0.578947	181	C	TCCTC	ok
chr8	144791370	144791371	-	0.999997	Prob	0.561644	4114	G	ACGGT	ok
chr11	14505162	14505163	-	0.999996	Prob	0.7	386	G	TTGAT	ok
chr17	68046810	68046811	+	0.999997	Prob	0.512195	417	C	AGCAT	ok
chr12	122982796	122982797	+	0.999543	Prob	0.644444	296	C	GCCCA	ok
chr12	56271986	56271987	-	0.999996	Prob	0.609756	118	G	AGGAA	ok
chr14	35312950	35312951	+	0.999997	Prob	0.53125	455	C	TACTG	ok
chr16	46676625	46676626	-	0.999996	Prob	0.52381	58	G	CTGGT	ok
chr17	82036586	82036587	-	0.999996	Prob	0.44	279	G	CTGGA	ok
chr18	46087170	46087171	-	0.999543	Prob	0.544118	535	G	CAGGA	ok
chr1	2395833	2395834	+	0.99999	Prob	0.493151	104	C	ACCTT	ok
chr17	36579257	36579258	+	0.999997	Prob	0.521739	28	C	GGCAT	ok
chr11	125583862	125583863	+	0.99999	Prob	0.4	100	C	CCCTG	ok
chr7	5528705	5528706	-	0.999984	Prob	0.513514	481	G	AGGTC	ok
chr11	67608401	67608402	+	0.999543	Prob	0.666667	58	C	CACCC	ok
chr6	18225012	18225013	-	0.999997	Prob	0.32	50	G	CTGTT	ok
chr20	1369507	1369508	-	0.999997	Prob	0.608696	169	G	TGGGT	ok
chr19	38382183	38382184	+	0.999997	Prob	0.52381	290	C	TCCTC	ok
chr1	52020227	52020228	-	0.999997	Prob	0.638889	70	G	ATGGC	ok
chr1	7781268	7781269	+	0.999996	Prob	0.459459	51	C	GCCGG	ok
chr7	6047061	6047062	-	0.999997	Prob	0.47619	25	G	AAGTT	ok
chr14	67592655	67592656	-	0.999032	Prob	0.592593	28	G	TGGGA	ok
chr16	1770400	1770401	-	0.999543	Prob	0.52	65	G	CAGGA	ok
chr19	48724365	48724366	-	0.999997	Prob	0.348837	80	G	GAGCA	ok
chr12	75506524	75506525	-	0.99999	Prob	0.622222	51	G	TCGTT	ok
chr4	88118226	88118227	-	0.999997	Prob	0.45	41	G	ATGGA	ok
chr12	69365850	69365851	+	0.999997	Prob	0.533333	36	C	ATCAA	ok
chrx	24078280	24078281	+	0.99999	Prob	0.477273	55	C	GCCTT	ok
chr8	30069807	30069808	-	0.999997	Prob	0.508475	100	G	ATGGT	ok
chr9	124875054	124875055	+	0.999997	Prob	0.481481	105	C	GACAG	ok
chr4	39778458	39778459	+	0.999997	Prob	0.442308	78	C	GTCAA	ok
chr12	50821110	50821111	+	0.999997	Prob	0.6	25	C	GACAT	ok
chr8	60517185	60517186	+	0.999997	Prob	0.5	89	C	CCCTG	ok
chr2	202300349	202300350	+	0.999997	Prob	0.443038	132	C	AGCCA	ok
chr12	49764190	49764191	+	0.999984	Prob	0.585366	112	C	CTCCT	ok
chr2	73762512	73762513	-	0.999997	Prob	0.5	50	G	AAGAG	ok
chr11	72097673	72097674	-	0.999997	Prob	0.473684	106	G	TAGCC	ok
chr11	30330978	30330979	+	0.999992	Prob	0.5	21	C	AGCTT	ok
chr16	14895703	14895704	+	0.999997	Prob	0.692308	29	C	CACTA	ok
chr16	46671817	46671818	-	0.999543	Prob	0.69697	77	G	CTGAT	ok
chr12	53989397	53989398	+	0.999997	Prob	0.555556	34	C	AACCG	ok
chr11	85654253	85654254	+	0.999997	Prob	0.47619	129	C	TACAG	ok
chr17	9250519	9250520	-	0.999543	Prob	0.521739	59	G	GGGTG	ok
chr12	48830137	48830138	-	0.999543	Prob	0.68	53	G	AGGTT	ok
chr5	141319414	141319415	-	0.999984	Prob	0.526316	43	G	TGGCC	ok
chr19	12948283	12948284	+	0.999997	Prob	0.428571	160	C	CCCCC	ok
chr16	69710934	69710935	-	0.999997	Prob	0.540816	239	G	CAGAT	ok
chr8	144106192	144106193	+	0.99999	Prob	0.46875	94	C	TTCAG	ok
chr16	28537412	28537413	-	0.999996	Prob	0.608696	31	G	GAGCC	ok
chrx	152767298	152767299	-	0.999997	Prob	0.584615	121	G	ATGAA	ok
chr8	145055075	145055076	+	0.999997	Prob	0.52	86	C	GGCTC	ok
chr7	56060284	56060285	+	0.99999	Prob	0.661538	371	C	TACCT	ok
chr1	26863560	26863561	+	0.999997	Prob	0.44	28	C	GCCGG	ok
chr1	62442210	62442211	+	0.999997	Prob	0.414634	67	C	TCCCG	ok
chr12	49566105	49566106	-	0.999997	Prob	0.529412	54	G	GTGCC	ok
chr21	25601378	25601379	-	0.99999	Prob	0.618557	147	G	CTGGA	ok
chr6	24775007	24775008	+	0.999543	Prob	0.568627	144	C	GGCAC	ok
chr5	178211108	178211109	+	0.99999	Prob	0.559524	159	C	CACAA	ok
chr5	138512844	138512845	-	0.999997	Prob	0.647059	65	G	TTGTC	ok
chr1	235447325	235447326	-	0.999997	Prob	0.48	27	G	TAGGA	ok
chr1	182876102	182876103	+	0.999997	Prob	0.509434	60	C	AGCAT	ok
chr1	108648885	108648886	-	0.999992	Prob	0.689655	115	G	TGGCA	ok
chr1	54741672	54741673	+	0.999997	Prob	0.619048	36	C	CCCTA	ok
chr20	44906897	44906898	+	0.999543	Prob	0.62963	82	C	CACAC	ok
chr1	26169977	26169978	+	0.999997	Prob	0.568421	118	C	TTCTG	ok
chr9	97658689	97658690	+	0.999543	Prob	0.565217	25	C	AGCTC	ok
chr6	13814025	13814026	-	0.999997	Prob	0.553191	51	G	AGGAA	ok
chrx	11112115	11112116	+	0.999997	Prob	0.410714	63	C	AGCGT	ok
chr7	5606453	5606454	+	0.999997	Prob	0.551724	76	C	AGCCA	ok
chr2	121767105	121767106	+	0.999992	Prob	0.615385	54	C	TGCTT	ok
chr3	186791802	186791803	-	0.999984	Prob	0.535714	94	G	ATGGC	ok
chr4	108622521	108622522	+	0.999997	Prob	0.552632	1612	C	TGCTG	ok
chr17	28715221	28715222	-	0.999997	Prob	0.438202	235	G	AGGAA	ok
chr16	2262341	2262342	-	0.999997	Prob	0.391304	91	G	TAGCC	ok
chr9	112416873	112416874	+	0.99999	Prob	0.47619	29	C	AGCAA	ok
chr22	41636717	41636718	+	0.999997	Prob	0.692308	384	C	GACAG	ok
chr3	52693027	52693028	+	0.999992	Prob	0.56	106	C	TCCCA	ok
chr12	109088415	109088416	-	0.99999	Prob	0.434783	75	G	CTGCA	ok
chr3	50288240	50288241	-	0.999997	Prob	0.666667	194	G	CCGGG	ok
chrx	103676209	103676210	-	0.999997	Prob	0.5	233	G	TGGCA	ok
chr12	110373777	110373778	-	0.999997	Prob	0.464286	44	G	ATGGT	ok
chrx	13709606	13709607	+	0.999997	Prob	0.515625	100	C	TGCAG	ok
chr6	10749651	10749652	+	0.99999	Prob	0.423077	695	C	TACAC	ok
chr7	5527326	5527327	-	0.999997	Prob	0.394737	1143	G	AAGTA	ok
chr9	127935377	127935378	-	0.999997	Prob	0.461538	106	G	ACGTC	ok
chr4	154545905	154545906	-	0.999992	Prob	0.5	36	G	CAGTA	ok
chr5	10256088	10256089	+	0.99999	Prob	0.680556	868	C	TCCTT	ok
chr11	10797319	10797320	-	0.99999	Prob	0.471698	320	G	AAGCC	ok
chr2	119368203	119368204	+	0.999543	Prob	0.428571	641	C	AGCTG	ok
chr2	63605387	63605388	+	0.999997	Prob	0.493151	342	C	CCCCA	ok
chr12	67312612	67312613	+	0.999543	Prob	0.684211	87	C	GGCAA	ok
chr12	53446200	53446201	+	0.999997	Prob	0.428571	213	C	CCCTG	ok
chr14	21211226	21211227	-	0.999543	Prob	0.5	619	G	AAGAG	ok
chr15	72199623	72199624	-	0.999997	Prob	0.37931	1271	G	GGGGC	ok
chr17	5420285	5420286	+	0.999984	Prob	0.333333	110	C	TCCGG	ok
chr17	17247532	17247533	-	0.999997	Prob	0.548387	220	G	CCGCT	ok
chr19	12938705	12938706	+	0.999997	Prob	0.428571	177	C	CTCGG	ok
chr19	58394774	58394775	+	0.999997	Prob	0.6	1810	C	AACCT	ok
chr6	33711691	33711692	-	0.999997	Prob	0.543478	146	G	GGGCC	ok
chr8	144314408	144314409	+	0.999543	Prob	0.5	150	C	CGCGG	ok
chr8	97852074	97852075	+	0.999543	Prob	0.546667	272	C	GCCGT	ok
chr6	87085620	87085621	-	0.99999	Prob	0.73913	31	G	CAGTA	ok
chr7	5529350	5529351	-	0.99999	Prob	0.727273	403	G	GGGCC	ok
chr2	3580116	3580117	+	0.999997	Prob	0.435897	5300	C	CTCTG	ok
chr22	37870251	37870252	+	0.999997	Prob	0.622222	176	C	TCCCA	ok
chr7	44801364	44801365	+	0.999996	Prob	0.518987	8045	C	TCCAG	ok
chr1	32231598	32231599	+	0.999996	Prob	0.428571	177	C	GTCAG	ok
chr9	125238178	125238179	-	0.999984	Prob	0.5	392	G	CAGAA	ok
chr3	139344157	139344158	+	0.99999	Prob	0.363636	67	C	TTCGA	ok
chr6	29945631	29945632	+	0.999997	Prob	0.5	294	C	CCCAC	ok
chr7	38219569	38219570	+	0.999997	Prob	0.6	27	C	TCCTG	ok
chr19	10836023	10836024	-	0.999996	Prob	0.615385	32	G	TCGAG	ok
chr20	34280919	34280920	-	0.999984	Prob	0.444444	79	G	GAGTC	ok
chr17	18107278	18107279	+	0.999997	Prob	0.666667	52	C	TCCCT	ok
chr2	197503405	197503406	+	0.999996	Prob	0.533333	96	C	TTCCT	ok
chr5	95822516	95822517	-	0.999997	Prob	0.540984	74	G	CTGTG	ok
chr1	11022394	11022395	+	0.99999	Prob	0.65	27	C	AGCAC	ok
chr6	21593928	21593929	+	0.999996	Prob	0.357143	41	C	TGCAG	ok
chr19	47751053	47751054	+	0.999997	Prob	0.606061	43	C	GCCCG	ok
chrx	24078283	24078284	+	0.999543	Prob	0.533333	57	C	TTCCA	ok
chr18	57611689	57611690	-	0.999996	Prob	0.560976	48	G	CAGAA	ok
chr16	87831191	87831192	-	0.999997	Prob	0.525	101	G	CCGTG	ok
chr16	58113983	58113984	-	0.99999	Prob	0.568966	68	G	AAGAG	ok
chr19	15115607	15115608	-	0.999997	Prob	0.647059	55	G	GGGCA	ok
chr8	23296196	23296197	+	0.999543	Prob	0.514286	53	C	CTCGA	ok
chr19	2733081	2733082	-	0.999997	Prob	0.65625	41	G	CGGCC	ok
chr1	206599776	206599777	-	0.999997	Prob	0.482759	40	G	TTGCT	ok
chr16	29963463	29963464	+	0.999997	Prob	0.4	48	C	CACAG	ok
chr16	69329066	69329067	-	0.99999	Prob	0.5625	52	G	CTGTC	ok
chr21	32601914	32601915	-	0.999032	Prob	0.577778	108	G	AAGCA	ok
chr1	85259429	85259430	-	0.999032	Prob	0.5	98	G	GGGCG	ok
chr3	170299097	170299098	+	0.999997	Prob	0.75	28	C	CACTC	ok
chr15	43753867	43753868	+	0.999543	Prob	0.685714	132	C	AGCTA	ok
chr13	27622959	27622960	+	0.999543	Prob	0.55914	114	C	GACAC	ok
chr5	135334582	135334583	-	0.999996	Prob	0.576923	181	G	ACGCC	ok
chr3	33866904	33866905	+	0.99999	Prob	0.380952	63	C	TTCTT	ok
chr6	34245567	34245568	+	0.99999	Prob	0.5	101	C	GCCAC	ok
chr1	154988487	154988488	+	0.999997	Prob	0.482759	60	C	TACCT	ok
chr2	54987573	54987574	-	0.99999	Prob	0.47619	82	G	AGGGC	ok
chr17	43400682	43400683	+	0.999996	Prob	0.488372	44	C	GACTT	ok
chr3	15567942	15567943	-	0.999996	Prob	0.571429	41	G	CGGCA	ok
chr3	49026795	49026796	-	0.999997	Prob	0.516667	325	G	TGGAG	ok
chr12	117046594	117046595	-	0.999997	Prob	0.666667	48	G	ATGGC	ok
chr16	30070193	30070194	+	0.99999	Prob	0.52	689	C	GTCTC	ok
chr1	225920398	225920399	-	0.999543	Prob	0.551724	49	G	AGGGG	ok
chr7	35863594	35863595	+	0.999997	Prob	0.421053	52	C	TTCCT	ok
chr8	30612385	30612386	-	0.999997	Prob	0.714286	32	G	AAGAG	ok
chr12	66152296	66152297	-	0.999997	Prob	0.54717	84	G	AAGGG	ok
chr5	138517611	138517612	-	0.999997	Prob	0.428571	56	G	TTGAA	ok
chr11	68903790	68903791	-	0.999996	Prob	0.505882	115	G	CCGTC	ok
chr1	203007570	203007571	+	0.999997	Prob	0.655172	63	C	GCCGA	ok
chr6	143857338	143857339	+	0.999996	Prob	0.619048	28	C	AGCTC	ok
chr1	153661242	153661243	+	0.999992	Prob	0.569892	121	C	AGCCC	ok
chr1	149842457	149842458	-	0.999997	Prob	0.666667	37	G	AGGGA	ok
chrx	154379412	154379413	+	0.999543	Prob	0.563636	62	C	CTCGG	ok
chr1	167541602	167541603	-	0.999997	Prob	0.519231	61	G	TCGAC	ok
chr1	75732862	75732863	+	0.99999	Prob	0.522727	91	C	CCCCC	ok
chr9	136850993	136850994	+	0.999543	Prob	0.65625	453	C	GCCTG	ok
chrx	103253912	103253913	-	0.999997	Prob	0.545455	55	G	AGGGC	ok
chr1	32775668	32775669	-	0.999543	Prob	0.48	79	G	AAGGA	ok
chr6	31730851	31730852	-	0.999997	Prob	0.45	373	G	GGGCC	ok
chr11	66288095	66288096	-	0.999996	Prob	0.520833	114	G	ATGTC	ok
chr11	43344079	43344080	+	0.999992	Prob	0.636364	54	C	AGCTG	ok
chrx	11121742	11121743	+	0.999997	Prob	0.5	84	C	TCCTG	ok
chr3	9839130	9839131	-	0.99999	Prob	0.465116	122	G	CAGAG	ok
chr12	103984847	103984848	+	0.999997	Prob	0.454545	27	C	ATCAG	ok
chrx	129926064	129926065	+	0.999543	Prob	0.581818	101	C	GGCGA	ok
chr6	30723979	30723980	+	0.999543	Prob	0.577778	1024	C	CGCCA	ok
chr11	838778	838779	+	0.99999	Prob	0.6	159	C	TGCCT	ok
chr8	49072409	49072410	+	0.999996	Prob	0.62963	61	C	TTCAA	ok
chr22	41663827	41663828	+	0.999997	Prob	0.576471	817	C	CGCGT	ok
chrx	19359704	19359705	+	0.999997	Prob	0.565217	807	C	CTCAA	ok
chr12	15962841	15962842	+	0.999997	Prob	0.44898	85	C	CTCAT	ok
chr12	69257789	69257790	+	0.999997	Prob	0.636364	33	C	TCCCG	ok
chr10	43387113	43387114	-	0.999997	Prob	0.47619	170	G	TCGGT	ok
chr3	129170204	129170205	-	0.999997	Prob	0.392857	272	G	CAGTG	ok
chr16	89562381	89562382	+	0.999997	Prob	0.611111	5727	C	CCCGT	ok
chr5	141621182	141621183	-	0.999996	Prob	0.380952	70	G	AAGGG	ok
chr6	33417682	33417683	-	0.999997	Prob	0.55	357	G	CAGGA	ok
chr1	241508618	241508619	-	0.999992	Prob	0.612903	209	G	GTGGA	ok
chr5	178210554	178210555	+	0.999996	Prob	0.481481	172	C	GTCAG	ok
chr5	465793	465794	+	0.999996	Prob	0.55	39	C	TTCTC	ok
chr16	1962223	1962224	-	0.999032	Prob	0.591837	10592	G	GGGGT	ok
chr17	68044001	68044002	+	0.999997	Prob	0.526316	401	C	GGCCG	ok
chr12	69586336	69586337	+	0.999996	Prob	0.52	208	C	AGCTC	ok
chr12	49272491	49272492	+	0.999997	Prob	0.534884	493	C	GACAA	ok
chr14	58257968	58257969	+	0.999997	Prob	0.571429	353	C	CTCTA	ok
chr16	28735254	28735255	+	0.999984	Prob	0.411765	212	C	GGCCG	ok
chr1	165727693	165727694	-	0.999032	Prob	0.633333	168	G	CAGGG	ok
chr17	43002874	43002875	+	0.999997	Prob	0.575342	3600	C	TACAA	ok
chr19	49557118	49557119	-	0.99999	Prob	0.423077	78	G	CTGTG	ok
chr1	220001242	220001243	-	0.999996	Prob	0.75	73	G	TTGCA	ok
chr17	37019025	37019026	+	0.999997	Prob	0.478261	56	C	AACGG	ok
chr6	43012337	43012338	-	0.99999	Prob	0.574074	131	G	CTGAG	ok
chr22	37855569	37855570	+	0.999997	Prob	0.659091	139	C	GACCA	ok
chr17	64503066	64503067	-	0.999997	Prob	0.76	295	G	AAGTC	ok
chr17	68043336	68043337	+	0.999996	Prob	0.8	343	C	TTCTA	ok
chr11	66975520	66975521	+	0.99999	Prob	0.384615	56	C	GGCAC	ok
chr5	87394390	87394391	-	0.999997	Prob	0.577778	72	G	TTGAT	ok
chr12	98594013	98594014	+	0.999543	Prob	0.510417	817	C	AACCC	ok
chr22	32406737	32406738	-	0.999992	Prob	0.546875	84	G	TGGAC	ok
chr15	41319674	41319675	-	0.999997	Prob	0.5	57	G	CTGGA	ok
chr17	64502064	64502065	-	0.999543	Prob	0.617647	324	G	TTGAA	ok
chr1	19312046	19312047	-	0.999997	Prob	0.560976	53	G	GCGCG	ok
chr2	136114978	136114979	-	0.999997	Prob	0.545455	61	G	GAGTG	ok
chr19	10574919	10574920	-	0.999997	Prob	0.5	92	G	CGGTG	ok
chr20	23354397	23354398	+	0.999997	Prob	0.567568	52	C	GCCTC	ok
chr12	14786735	14786736	-	0.999997	Prob	0.542373	68	G	CAGCA	ok
chr7	16753908	16753909	+	0.999032	Prob	0.469388	58	C	GTCAG	ok
chr17	78971851	78971852	-	0.999032	Prob	0.580645	64	G	GAGAA	ok
chr2	135924449	135924450	-	0.999543	Prob	0.558824	39	G	GAGAT	ok
chr15	77055851	77055852	-	0.999997	Prob	0.569767	139	G	AGGAT	ok
chr1	26281371	26281372	+	0.999996	Prob	0.457627	109	C	GCCCC	ok
chr5	140706228	140706229	+	0.999032	Prob	0.689655	31	C	GCCCT	ok
chr11	125584141	125584142	+	0.99999	Prob	0.55814	102	C	TCCCA	ok
chr2	97656236	97656237	-	0.999997	Prob	0.555556	30	G	CTGAA	ok
chr3	142818044	142818045	-	0.999032	Prob	0.583333	35	G	ATGTA	ok
chr9	33442924	33442925	-	0.999992	Prob	0.702703	64	G	TGGGG	ok
chr15	43756754	43756755	+	0.999032	Prob	0.514286	134	C	ACCTA	ok
chr5	138932633	138932634	+	0.999997	Prob	0.590909	79	C	CTCTA	ok
chr17	76072419	76072420	-	0.999997	Prob	0.6	21	G	CCGCC	ok
chr16	69153637	69153638	+	0.999997	Prob	0.45	47	C	CTCAT	ok
chr17	28577763	28577764	-	0.999997	Prob	0.648649	47	G	GAGCA	ok
chr1	19257126	19257127	+	0.999997	Prob	0.534247	80	C	TACAA	ok
chr22	38992586	38992587	+	0.999997	Prob	0.509091	87	C	ATCAA	ok
chr4	24527781	24527782	-	0.999543	Prob	0.545455	107	G	ATGGA	ok
chr1	74710156	74710157	-	0.99999	Prob	0.733333	60	G	TTGCA	ok
chr5	176398003	176398004	-	0.999543	Prob	0.631579	40	G	CAGCC	ok
chr15	73570401	73570402	-	0.999997	Prob	0.428571	33	G	GCGGC	ok
chr16	31091327	31091328	-	0.999543	Prob	0.545455	369	G	GCGTG	ok
chrx	115650203	115650204	+	0.999997	Prob	0.619048	98	C	TACTT	ok
chr10	69203006	69203007	+	0.999543	Prob	0.34375	44	C	AACAA	ok
chr1	228148861	228148862	+	0.999997	Prob	0.486486	500	C	CCCAG	ok
chr1	201484177	201484178	-	0.999992	Prob	0.424242	86	G	CTGCC	ok
chr1	168198970	168198971	+	0.999997	Prob	0.666667	54	C	TTCTA	ok
chr1	154978001	154978002	+	0.999997	Prob	0.636364	469	C	CCCAA	ok
chr1	151759972	151759973	-	0.999997	Prob	0.518072	148	G	GGGAG	ok
chr6	57172645	57172646	+	0.99999	Prob	0.477273	51	C	CGCTG	ok
chr1	70184849	70184850	-	0.999996	Prob	0.478261	23	G	GAGAT	ok
chr9	129006070	129006071	+	0.99999	Prob	0.5	30	C	CCCTC	ok
chr1	1311336	1311337	+	0.999997	Prob	0.628571	41	C	GCCTC	ok
chrx	7900724	7900725	-	0.999997	Prob	0.611111	52	G	GTGTC	ok
chr15	42226859	42226860	-	0.999997	Prob	0.473684	37	G	TGGAG	ok
chr5	133980878	133980879	-	0.999997	Prob	0.609756	437	G	CAGCA	ok
chr14	45130716	45130717	-	0.999997	Prob	0.588235	63	G	TGGTT	ok
chr17	3669578	3669579	+	0.999984	Prob	0.54	281	C	TTCGC	ok
chr7	113117108	113117109	-	0.999997	Prob	0.581818	64	G	GAGAA	ok
chr3	33014288	33014289	-	0.999997	Prob	0.681818	66	G	GAGAG	ok
chr2	200823096	200823097	+	0.999996	Prob	0.609756	100	C	CCCAG	ok
chr19	54131611	54131612	+	0.999984	Prob	0.5	141	C	CACCG	ok
chr14	20356593	20356594	+	0.999997	Prob	0.666667	36	C	TGCTT	ok
chr14	52721156	52721157	+	0.999997	Prob	0.5	123	C	TCCAT	ok
chr22	39529859	39529860	-	0.99999	Prob	0.6	229	G	TGGTC	ok
chrx	136873868	136873869	-	0.999996	Prob	0.6	115	G	TAGGG	ok
chr6	159797403	159797404	+	0.99999	Prob	0.5	211	C	ACCAG	ok
chr7	151053991	151053992	-	0.999997	Prob	0.512821	70	G	AGGCC	ok
chr5	235336	235337	+	0.999997	Prob	0.53125	273	C	GGCAG	ok
chr11	10797180	10797181	-	0.999997	Prob	0.5	326	G	TTGTT	ok
chr10	104262998	104262999	+	0.999543	Prob	0.459459	337	C	AGCTT	ok
chr12	122982898	122982899	+	0.999543	Prob	0.488889	230	C	CCCCT	ok
chr12	56714656	56714657	-	0.999997	Prob	0.534483	1790	G	CTGAT	ok
chr14	103520296	103520297	-	0.999997	Prob	0.615385	536	G	TTGAA	ok
chr15	60347473	60347474	-	0.999996	Prob	0.552632	1287	G	CAGGC	ok
chr16	11850283	11850284	-	0.999992	Prob	0.618182	265	G	CTGAC	ok
chr17	63831508	63831509	+	0.999997	Prob	0.571429	215	C	CCCGG	ok
chr17	43000085	43000086	+	0.999997	Prob	0.653333	3603	C	ATCAC	ok
chr19	682975	682976	+	0.999997	Prob	0.513514	96	C	TGCCC	ok
chr19	8486218	8486219	+	0.99999	Prob	0.578947	89	C	GGCCC	ok
chr2	232522514	232522515	+	0.999543	Prob	0.588235	83	C	AGCGC	ok
chr7	133035147	133035148	-	0.999996	Prob	0.47619	8	G	GAGCA	ok
chr1	119743904	119743905	+	0.999543	Prob	0.488095	680	C	GGCGT	ok
chr5	306731	306732	+	0.99999	Prob	0.642857	744	C	AACGA	ok
chr11	7995344	7995345	+	0.999992	Prob	0.368421	288	C	GACCA	ok
chr6	30724026	30724027	+	0.999992	Prob	0.379747	1050	C	GTCCA	ok
chr8	73964557	73964558	-	0.999997	Prob	0.483871	51	G	GAGGG	ok
chr14	20476676	20476677	+	0.999997	Prob	0.571429	371	C	GTCAT	ok
chr6	29945604	29945605	+	0.999997	Prob	0.531915	294	C	CACCC	ok
chr17	44349725	44349726	+	0.999997	Prob	0.470588	49	C	GACGG	ok
chr17	4959618	4959619	-	0.99999	Prob	0.540541	50	G	GTGTG	ok
chr8	108201849	108201850	-	0.999992	Prob	0.506494	243	G	TTGAT	ok
chr12	6391423	6391424	+	0.999997	Prob	0.666667	70	C	CCCCT	ok
chr4	77048566	77048567	-	0.999997	Prob	0.473684	23	G	CGGTA	ok
chr19	43461281	43461282	-	0.999997	Prob	0.545455	25	G	AGGAA	ok
chr12	69390276	69390277	+	0.999997	Prob	0.583333	40	C	ATCAG	ok
chrx	24071566	24071567	+	0.999997	Prob	0.583333	82	C	AACAA	ok
chr14	75651255	75651256	-	0.999543	Prob	0.628571	45	G	GGGAG	ok
chr15	40765893	40765894	+	0.99999	Prob	0.451613	116	C	TTCAA	ok
chr16	87831446	87831447	-	0.999997	Prob	0.37037	73	G	CTGAG	ok
chr16	1788660	1788661	+	0.99999	Prob	0.5625	91	C	CACTC	ok
chr19	15115039	15115040	-	0.999997	Prob	0.512195	68	G	GGGAC	ok
chr22	30428890	30428891	+	0.999996	Prob	0.538462	86	C	GGCAC	ok
chr19	48329482	48329483	+	0.999543	Prob	0.521739	104	C	AGCTT	ok
chr4	102887566	102887567	+	0.999543	Prob	0.529412	142	C	GTCTA	ok
chr11	57328399	57328400	-	0.999543	Prob	0.547368	103	G	AGGAG	ok
chr3	126960386	126960387	+	0.99999	Prob	0.464286	37	C	TGCCT	ok
chr1	116373471	116373472	+	0.999992	Prob	0.380952	32	C	TCCAG	ok
chr17	28716940	28716941	-	0.999997	Prob	0.617647	127	G	GTGAC	ok
chr15	83005332	83005333	-	0.999997	Prob	0.444444	48	G	CTGGA	ok
chr3	49103919	49103920	-	0.999997	Prob	0.410256	84	G	AAGTC	ok
chr19	58552418	58552419	-	0.999543	Prob	0.369565	102	G	TTGCC	ok
chr18	12718569	12718570	+	0.999992	Prob	0.674419	93	C	GGCTG	ok
chrx	136876561	136876562	-	0.99999	Prob	0.516854	109	G	GAGGA	ok
chr9	108940869	108940870	+	0.99999	Prob	0.6	26	C	GACTA	ok
chr16	1872005	1872006	-	0.999997	Prob	0.5	40	G	CCGGC	ok
chr17	81846530	81846531	-	0.999992	Prob	0.423729	212	G	GTGAT	ok
chr22	17141128	17141129	-	0.999997	Prob	0.636364	35	G	GGGGG	ok
chr11	62884658	62884659	+	0.999543	Prob	0.461538	508	C	GGCAA	ok
chr5	34911782	34911783	-	0.999984	Prob	0.466667	101	G	TTGGT	ok
chr5	176392623	176392624	-	0.999996	Prob	0.710526	66	G	GGGTG	ok
chr11	33717454	33717455	-	0.999996	Prob	0.6	224	G	TAGCA	ok
chr2	55881615	55881616	-	0.99999	Prob	0.421053	57	G	ACGCA	ok
chr5	178209415	178209416	+	0.999996	Prob	0.547945	153	C	AACCG	ok
chr19	5692024	5692025	-	0.999992	Prob	0.545455	99	G	GGGTG	ok
chr1	202962349	202962350	-	0.999997	Prob	0.615385	31	G	GAGCC	ok
chr1	159781184	159781185	+	0.999997	Prob	0.647059	110	C	ACCAG	ok
chr1	155738185	155738186	+	0.999992	Prob	0.633333	221	C	TGCTG	ok
chrx	154379517	154379518	+	0.999992	Prob	0.527273	80	C	AGCTG	ok
chr1	84479414	84479415	+	0.999997	Prob	0.54902	71	C	AGCGG	ok
chr10	93528052	93528053	+	0.99999	Prob	0.490566	58	C	TGCAC	ok
chr9	129828122	129828123	-	0.999984	Prob	0.54717	52	G	AGGGA	ok
chrx	100633483	100633484	-	0.999997	Prob	0.540541	48	G	CTGAG	ok
chr1	25343007	25343008	+	0.99999	Prob	0.511111	62	C	CCCAC	ok
chr6	31270325	31270326	-	0.999997	Prob	0.506329	146	G	CTGCT	ok
chr1	7985019	7985020	+	0.99999	Prob	0.5	783	C	GGCTC	ok
chr8	80037747	80037748	-	0.999996	Prob	0.4	90	G	AAGGA	ok
chr6	4126191	4126192	-	0.999997	Prob	0.632653	218	G	CAGTG	ok
chr7	5606517	5606518	+	0.999997	Prob	0.578947	77	C	CCCCC	ok
chr19	38305234	38305235	-	0.999997	Prob	0.645161	124	G	TGGAG	ok
chr3	141738382	141738383	+	0.999996	Prob	0.473684	249	C	GCCTC	ok
chr5	171387908	171387909	+	0.999984	Prob	0.552239	1537	C	TCCGT	ok
chr11	57407512	57407513	-	0.99999	Prob	0.625	173	G	GAGTC	ok
chr17	7254655	7254656	+	0.999997	Prob	0.619048	78	C	CGCTG	ok
chr9	2828766	2828767	-	0.999997	Prob	0.533333	32	G	CGGTG	ok
chr19	38932516	38932517	+	0.99999	Prob	0.72	241	C	CGCAA	ok
chr2	68047305	68047306	-	0.99999	Prob	0.692308	75	G	CTGCC	ok
chr22	21629891	21629892	-	0.999996	Prob	0.708333	55	G	TTGAC	ok
chr3	100176355	100176356	+	0.999997	Prob	0.485294	105	C	TTCTG	ok
chr12	16036328	16036329	+	0.999997	Prob	0.387097	101	C	GCCAG	ok
chr5	43533739	43533740	-	0.999032	Prob	0.666667	92	G	CTGGA	ok
chr7	44569180	44569181	-	0.999997	Prob	0.475	184	G	GGGAG	ok
chr14	51255519	51255520	+	0.999997	Prob	0.44	28	C	CTCAG	ok
chr22	23894965	23894966	+	0.999997	Prob	0.541667	54	C	GGCGG	ok
chr19	1279191	1279192	+	0.99999	Prob	0.5	167	C	CGCCG	ok
chr1	85259495	85259496	-	0.999996	Prob	0.5	95	G	CCGCC	ok
chr1	33013252	33013253	-	0.999997	Prob	0.45	289	G	TCGGG	ok
chr14	23026223	23026224	-	0.99999	Prob	0.75	434	G	TAGAT	ok
chr17	51166871	51166872	+	0.999543	Prob	0.45098	1651	C	GACGG	ok
chr5	33459731	33459732	+	0.999997	Prob	0.631579	197	C	CACCC	ok
chr8	53967151	53967152	-	0.999992	Prob	0.488372	101	G	CAGCT	ok
chr11	118409067	118409068	+	0.999997	Prob	0.44186	840	C	GGCAA	ok
chr17	81904709	81904710	-	0.999997	Prob	0.75	32	G	CAGAG	ok
chr12	54282633	54282634	+	0.999992	Prob	0.603448	823	C	AACTT	ok
chr16	11837838	11837839	-	0.99999	Prob	0.657143	48	G	GGGAA	ok
chr17	64499971	64499972	-	0.999997	Prob	0.571429	435	G	CTGCA	ok
chr19	2233902	2233903	-	0.999997	Prob	0.47619	57	G	GGGTC	ok
chr19	18899693	18899694	-	0.999032	Prob	0.515152	464	G	GCGTA	ok
chr1	165754235	165754236	-	0.999997	Prob	0.357143	116	G	TAGAT	ok
chr17	37512356	37512357	+	0.999997	Prob	0.576923	34	C	CTCAA	ok
chr6	36602156	36602157	+	0.999997	Prob	0.571429	416	C	TTCTC	ok
chr10	72223936	72223937	+	0.999996	Prob	0.541667	137	C	CTCCT	ok
chr7	95416293	95416294	-	0.999543	Prob	0.538462	155	G	CAGCT	ok
chr1	8865359	8865360	-	0.999984	Prob	0.612903	1847	G	GGGAG	ok
chr5	311380	311381	+	0.999032	Prob	0.521739	849	C	ATCCA	ok
chr1	32231454	32231455	+	0.999996	Prob	0.5	319	C	TGCAC	ok
chr6	30724405	30724406	+	0.99999	Prob	0.618557	1256	C	GCCCC	ok
chr11	66976387	66976388	+	0.999984	Prob	0.588235	75	C	TTCTG	ok
chr19	50797841	50797842	-	0.999543	Prob	0.391304	326	G	TGGCA	ok
chr3	49357266	49357267	-	0.99999	Prob	0.478261	284	G	TGGTA	ok
chr5	129113574	129113575	+	0.999997	Prob	0.421053	21	C	ATCTT	ok
chr22	38481423	38481424	+	0.999997	Prob	0.545455	35	C	ACCAT	ok
chr19	12876321	12876322	-	0.999997	Prob	0.473684	47	G	CAGGT	ok
chr12	6391228	6391229	+	0.999997	Prob	0.567568	67	C	CACTA	ok
chr2	215332420	215332421	+	0.999032	Prob	0.47619	50	C	TGCTT	ok
chr19	34464119	34464120	+	0.999996	Prob	0.421875	86	C	AACAT	ok
chr11	6601174	6601175	-	0.999984	Prob	0.470588	44	G	CGGTC	ok
chr2	232557957	232557958	+	0.999997	Prob	0.578125	78	C	GGCCG	ok
chr15	40767509	40767510	+	0.999992	Prob	0.505882	140	C	ACCCT	ok
chr16	87831378	87831379	-	0.999997	Prob	0.382353	77	G	CCGGG	ok
chr16	1788819	1788820	+	0.999032	Prob	0.569444	109	C	GCCCA	ok
chr19	15115148	15115149	-	0.999997	Prob	0.615385	69	G	CTGGG	ok
chr22	32479244	32479245	+	0.999997	Prob	0.590909	44	C	GCCCA	ok
chr19	7933952	7933953	-	0.999997	Prob	0.526316	28	G	CCGGT	ok
chr9	137555511	137555512	-	0.999997	Prob	0.6	41	G	TTGGT	ok
chr9	136792341	136792342	+	0.999997	Prob	0.736842	41	C	CCCAA	ok
chr2	74147826	74147827	-	0.999997	Prob	0.530612	266	G	CGGAT	ok
chr3	128650569	128650570	-	0.999997	Prob	0.461538	38	G	TCGAG	ok
chr10	87191411	87191412	+	0.999997	Prob	0.541667	33	C	TGCTG	ok
chr17	40834658	40834659	+	0.999996	Prob	0.653846	53	C	GGCCT	ok
chr16	75634228	75634229	-	0.999543	Prob	0.488889	81	G	GTGAT	ok
chr2	85543848	85543849	+	0.999996	Prob	0.653846	57	C	CTCCT	ok
chr11	64244023	64244024	+	0.999997	Prob	0.621622	71	C	AGCTG	ok
chr5	141319599	141319600	-	0.999543	Prob	0.53125	39	G	CCGGA	ok
chr8	27599832	27599833	-	0.999997	Prob	0.565789	210	G	CCGGG	ok
chr8	100704963	100704964	-	0.999997	Prob	0.636364	258	G	AAGAA	ok
chr2	85647976	85647977	+	0.999997	Prob	0.55	54	C	ATCCT	ok
chr1	19255988	19255989	+	0.999997	Prob	0.535211	77	C	TTCTC	ok
chr6	3154119	3154120	-	0.999984	Prob	0.542857	65	G	CAGGC	ok
chr4	24527782	24527783	-	0.99999	Prob	0.472727	107	G	TGGAA	ok
chr1	74706935	74706936	-	0.99999	Prob	0.62963	68	G	TCGAC	ok
chr2	208245341	208245342	-	0.999997	Prob	0.742857	52	G	ATGTC	ok
chr12	53298094	53298095	+	0.999984	Prob	0.391304	597	C	ACCAA	ok
chr2	237097676	237097677	+	0.999997	Prob	0.454545	70	C	TTCCC	ok
chr17	67357407	67357408	-	0.999996	Prob	0.513514	51	G	CGGGA	ok
chr9	35072556	35072557	-	0.999996	Prob	0.37931	78	G	GTGGC	ok
chr1	232950643	232950644	+	0.999996	Prob	0.419355	53	C	ACCTG	ok
chr6	149811359	149811360	+	0.999997	Prob	0.347826	58	C	TCCTA	ok
chr1	165768817	165768818	-	0.999992	Prob	0.478261	101	G	AAGCG	ok
chr1	150622146	150622147	-	0.999997	Prob	0.527273	72	G	ATGGG	ok
chr1	110017993	110017994	+	0.999997	Prob	0.615385	44	C	GTCGA	ok
chr1	54850421	54850422	-	0.999997	Prob	0.5	61	G	CTGCC	ok
chr1	44767149	44767150	+	0.999997	Prob	0.166667	75	C	GACAA	ok
chr1	25360692	25360693	+	0.99999	Prob	0.533333	74	C	GACTT	ok
chr1	15428748	15428749	+	0.999992	Prob	0.653846	38	C	TGCTC	ok
chrx	48575206	48575207	+	0.999997	Prob	0.48913	101	C	TTCGT	ok
chr9	37503151	37503152	+	0.999997	Prob	0.590909	42	C	TGCCT	ok
chr2	27779661	27779662	+	0.99999	Prob	0.457143	289	C	GACAG	ok
chrx	16757195	16757196	+	0.999032	Prob	0.604938	92	C	TTCTG	ok
chr10	3136654	3136655	+	0.999996	Prob	0.629032	180	C	CACTT	ok
chr17	42563242	42563243	+	0.999997	Prob	0.636364	41	C	CACAA	ok
chr11	57414942	57414943	-	0.999996	Prob	0.642857	68	G	ATGTC	ok
chr6	7288533	7288534	-	0.999997	Prob	0.454545	57	G	AGGTT	ok
chr20	1370065	1370066	-	0.999997	Prob	0.631579	98	G	ATGGC	ok
chr19	38932397	38932398	+	0.999543	Prob	0.65	229	C	GCCTG	ok
chr2	86144104	86144105	-	0.99999	Prob	0.5	118	G	TAGCA	ok
chr3	53225695	53225696	-	0.999997	Prob	0.567901	806	G	TTGAG	ok
chr11	57704055	57704056	-	0.999997	Prob	0.520833	58	G	CTGCT	ok
chr3	50288862	50288863	-	0.999997	Prob	0.422222	168	G	CGGTA	ok
chr8	58582081	58582082	+	0.99999	Prob	0.56	95	C	CTCCT	ok
chr11	123062124	123062125	-	0.999997	Prob	0.484848	846	G	GCGAG	ok
chr1	153545764	153545765	-	0.999997	Prob	0.529412	1024	G	AAGAA	ok
chr1	152032630	152032631	-	0.999543	Prob	0.545455	781	G	GGGGT	ok
chr1	228148885	228148886	+	0.999997	Prob	0.666667	494	C	GTCCC	ok
chr17	49409064	49409065	-	0.999997	Prob	0.62069	630	G	GAGCC	ok
chr8	97852466	97852467	+	0.999997	Prob	0.579545	301	C	TACCT	ok
chr11	65854998	65854999	-	0.999997	Prob	0.590909	1310	G	CAGCA	ok
chr11	47629035	47629036	-	0.999997	Prob	0.55	276	G	AGGAA	ok
chr12	6965570	6965571	-	0.999997	Prob	0.6	533	G	GGGAC	ok
chr12	76060151	76060152	-	0.999997	Prob	0.48	195	G	AGGCT	ok
chr15	82540354	82540355	-	0.999997	Prob	0.47619	64	G	GGGCT	ok
chr15	72199180	72199181	-	0.999997	Prob	0.351351	1497	G	AGGCC	ok
chr16	11846826	11846827	-	0.999996	Prob	0.738095	68	G	GAGTT	ok
chr17	68046557	68046558	+	0.999997	Prob	0.594595	457	C	TCCAA	ok
chr19	1088383	1088384	-	0.999997	Prob	0.558824	295	G	CAGGA	ok
chr9	137242664	137242665	+	0.999997	Prob	0.607143	331	C	ACCCT	ok
chr1	193096665	193096666	-	0.999543	Prob	0.428571	90	G	CTGAT	ok
chr6	52266687	52266688	-	0.999543	Prob	0.405405	118	G	GAGTC	ok
chr1	119742969	119742970	+	0.999997	Prob	0.5625	659	C	GCCTC	ok
chr4	3524955	3524956	-	0.99999	Prob	0.56	40	G	AAGCC	ok
chr11	73975046	73975047	-	0.999543	Prob	0.75	43	G	GGGCT	ok
chr7	74196218	74196219	+	0.999543	Prob	0.618557	609	C	GACTG	ok
chr7	74196147	74196148	+	0.999997	Prob	0.535714	535	C	AGCGG	ok
chr9	125238608	125238609	-	0.999543	Prob	0.552632	372	G	GAGAG	ok
chrx	48893781	48893782	-	0.999997	Prob	0.617647	143	G	AGGGG	ok
chr11	66284647	66284648	-	0.999992	Prob	0.462687	189	G	CAGGT	ok
chr19	10832611	10832612	-	0.999984	Prob	0.586957	63	G	CAGAC	ok
chr14	39182008	39182009	+	0.999997	Prob	0.483871	35	C	ACCAG	ok
chr19	36121619	36121620	+	0.99999	Prob	0.388889	114	C	GGCCG	ok
chr17	18107743	18107744	+	0.999997	Prob	0.47619	51	C	ACCAG	ok
chr2	206127846	206127847	-	0.999996	Prob	0.557377	182	G	AGGTG	ok
chr19	6374292	6374293	+	0.99999	Prob	0.536585	119	C	GCCCC	ok
chr7	103308984	103308985	+	0.99999	Prob	0.71875	118	C	CGCAC	ok
chr11	6600564	6600565	-	0.999996	Prob	0.428571	50	G	CAGCC	ok
chr13	110642491	110642492	-	0.999997	Prob	0.688889	73	G	AAGGT	ok
chr15	67208657	67208658	-	0.999032	Prob	0.44	33	G	TTGCT	ok
chr16	89907294	89907295	+	0.999984	Prob	0.638889	61	C	CACAA	ok
chr22	30427242	30427243	+	0.999543	Prob	0.44	64	C	CTCTA	ok
chr19	281102	281103	-	0.999997	Prob	0.666667	141	G	CAGCA	ok
chr2	112663581	112663582	+	0.99999	Prob	0.535714	39	C	TTCTT	ok
chr16	29968027	29968028	+	0.999997	Prob	0.6	51	C	ATCTT	ok
chr14	22771339	22771340	+	0.999543	Prob	0.578947	120	C	AGCAG	ok
chr21	44130713	44130714	+	0.99999	Prob	0.55	35	C	GACAG	ok
chr16	46672411	46672412	-	0.99999	Prob	0.517241	69	G	GTGTC	ok
chr19	54193193	54193194	+	0.999543	Prob	0.478261	158	C	CACGC	ok
chr11	64193196	64193197	+	0.999997	Prob	0.555556	59	C	AACCG	ok
chr11	67056982	67056983	+	0.999997	Prob	0.555556	34	C	GGCTG	ok
chr4	83278993	83278994	-	0.999997	Prob	0.636364	78	G	CTGCT	ok
chr2	3552268	3552269	-	0.999997	Prob	0.615385	64	G	TGGCT	ok
chr11	27362998	27362999	-	0.99999	Prob	0.444444	65	G	CAGCG	ok
chr15	72199206	72199207	-	0.999997	Prob	0.517647	1500	G	AAGGG	ok
chr11	67612385	67612386	+	0.999997	Prob	0.611111	150	C	CACTT	ok
chr12	57234538	57234539	+	0.99999	Prob	0.474576	197	C	TTCCT	ok
chr7	56060831	56060832	+	0.99999	Prob	0.513158	409	C	GCCGT	ok
chr11	10804334	10804335	-	0.999543	Prob	0.538462	76	G	AAGTT	ok
chr3	161252104	161252105	+	0.999997	Prob	0.777778	24	C	GTCTG	ok
chr17	42403009	42403010	-	0.999997	Prob	0.45	22	G	AGGAC	ok
chr1	167788122	167788123	+	0.999997	Prob	0.625	44	C	TGCAT	ok
chr19	5693600	5693601	-	0.99999	Prob	0.615385	82	G	CGGGG	ok
chr1	203020885	203020886	+	0.999997	Prob	0.618557	123	C	TACTG	ok
chr6	143863485	143863486	+	0.99999	Prob	0.541667	29	C	AGCTG	ok
chr10	123162643	123162644	+	0.99999	Prob	0.571429	348	C	ATCCA	ok
chr1	108650278	108650279	-	0.999032	Prob	0.583333	106	G	CCGGA	ok
chr6	57172741	57172742	+	0.999032	Prob	0.5	69	C	TTCTG	ok
chr1	65432227	65432228	+	0.99999	Prob	0.269231	35	C	AACCT	ok
chr1	45567990	45567991	+	0.999997	Prob	0.576923	88	C	GACAA	ok
chr10	74525360	74525361	+	0.999996	Prob	0.55	104	C	GCCAG	ok
chr9	105773904	105773905	+	0.999543	Prob	0.576923	36	C	TGCTC	ok
chr10	26735287	26735288	+	0.999997	Prob	0.6	22	C	ATCAG	ok
chr9	37503341	37503342	+	0.999997	Prob	0.368421	39	C	GGCCG	ok
chr13	36168840	36168841	-	0.999997	Prob	0.52381	24	G	GTGGC	ok
chr10	1040677	1040678	-	0.999997	Prob	0.452381	133	G	CTGCT	ok
chr18	6943264	6943265	-	0.999997	Prob	0.45098	104	G	CCGTC	ok
chr2	28894736	28894737	+	0.999997	Prob	0.55	24	C	GCCCC	ok
chr11	61349148	61349149	-	0.999992	Prob	0.421053	61	G	CAGCA	ok
chr1	43172071	43172072	-	0.999997	Prob	0.6	191	G	GGGAT	ok
chr3	184306409	184306410	+	0.999996	Prob	0.75	103	C	CTCCA	ok
chr16	89563403	89563404	+	0.999997	Prob	0.633333	735	C	AACAT	ok
chr6	31538807	31538808	-	0.999997	Prob	0.571429	173	G	CTGAT	ok
chr3	9964085	9964086	-	0.999997	Prob	0.36	79	G	CTGTA	ok
chr6	33416680	33416681	-	0.999997	Prob	0.55	411	G	CTGAC	ok
chr19	3578940	3578941	+	0.99999	Prob	0.375	106	C	CCCCC	ok
chr5	112861367	112861368	+	0.999997	Prob	0.654545	83	C	CTCTT	ok
chr5	10254160	10254161	+	0.999543	Prob	0.575	753	C	AGCAA	ok
chr12	16037024	16037025	+	0.999997	Prob	0.555556	116	C	AGCTT	ok
chr17	74203880	74203881	+	0.999997	Prob	0.617647	40	C	CCCCC	ok
chr1	116404736	116404737	+	0.999543	Prob	0.517241	196	C	ATCTG	ok
chr12	54282117	54282118	+	0.99999	Prob	0.491228	644	C	AACTG	ok
chr12	98550155	98550156	+	0.999984	Prob	0.575	90	C	GTCAT	ok
chr16	28735489	28735490	+	0.999997	Prob	0.540541	213	C	AGCAG	ok
chr19	12940260	12940261	+	0.999992	Prob	0.630435	167	C	ACCTG	ok
chr20	58993729	58993730	+	0.99999	Prob	0.461538	124	C	CACTG	ok
chr17	4796277	4796278	+	0.999997	Prob	0.515152	473	C	AGCCG	ok
chr11	125584008	125584009	+	0.999984	Prob	0.44	102	C	CACCT	ok
chr16	30065816	30065817	+	0.999984	Prob	0.634146	105	C	CGCGC	ok
chr1	108648971	108648972	-	0.999997	Prob	0.541667	108	G	TTGGG	ok
chr1	33021407	33021408	-	0.999997	Prob	0.553846	252	G	CTGAA	ok
chr12	54281841	54281842	+	0.999997	Prob	0.555556	583	C	GTCAC	ok
chr5	171390109	171390110	+	0.999543	Prob	0.56	1699	C	AGCAC	ok
chr17	81843277	81843278	-	0.999997	Prob	0.457143	577	G	CCGGG	ok
chr19	38729647	38729648	+	0.999997	Prob	0.512195	141	C	GCCAG	ok
chr12	2795193	2795194	+	0.99999	Prob	0.421053	67	C	TGCCC	ok
chr22	38483178	38483179	+	0.999997	Prob	0.681818	24	C	AACCT	ok
chr16	57256724	57256725	-	0.999997	Prob	0.8	25	G	GAGAT	ok
chr19	36125820	36125821	+	0.999032	Prob	0.561644	130	C	GCCAC	ok
chr17	78172456	78172457	+	0.999997	Prob	0.393939	215	C	CTCTG	ok
chr6	24775240	24775241	+	0.999997	Prob	0.52439	100	C	GCCTG	ok
chr1	43171508	43171509	-	0.999997	Prob	0.537634	217	G	CTGGA	ok
chr3	197749976	197749977	+	0.999543	Prob	0.363636	26	C	AACCG	ok
chr7	66995424	66995425	-	0.999997	Prob	0.616438	133	G	CTGTT	ok
chr19	10572843	10572844	-	0.999997	Prob	0.480769	141	G	GGGGA	ok
chr6	99376030	99376031	-	0.999543	Prob	0.583333	48	G	CTGCA	ok
chr2	232550705	232550706	+	0.999997	Prob	0.6	56	C	GGCGA	ok
chr12	14787170	14787171	-	0.999997	Prob	0.574074	59	G	GAGGC	ok
chr19	49451489	49451490	-	0.999997	Prob	0.541667	77	G	CAGCA	ok
chr1	31296645	31296646	-	0.999997	Prob	0.586207	33	G	CTGCC	ok
chr5	169601324	169601325	+	0.999997	Prob	0.538462	30	C	CCCTG	ok
chr18	11981586	11981587	+	0.999996	Prob	0.588235	58	C	AGCCT	ok
chr8	70669096	70669097	-	0.99999	Prob	0.481481	38	G	TCGAC	ok
chr2	38781729	38781730	+	0.999543	Prob	0.556818	119	C	CACAT	ok
chr7	151213989	151213990	-	0.999997	Prob	0.694444	49	G	CGGCT	ok
chr4	99061945	99061946	+	0.99999	Prob	0.444444	28	C	TCCAA	ok
chr15	78170201	78170202	+	0.999997	Prob	0.434783	48	C	TCCTC	ok
chr11	62761895	62761896	+	0.999997	Prob	0.568421	121	C	TGCAC	ok
chr15	83005575	83005576	-	0.999997	Prob	0.606061	44	G	GCGCC	ok
chr3	52230899	52230900	-	0.999996	Prob	0.730769	49	G	TTGAG	ok
chr16	56830568	56830569	+	0.999032	Prob	0.8	33	C	TACTA	ok
chr8	54047989	54047990	-	0.999543	Prob	0.545455	61	G	AAGAC	ok
chr3	33114275	33114276	+	0.999997	Prob	0.59375	44	C	ACCTG	ok
chr9	108940663	108940664	+	0.999543	Prob	0.47619	24	C	AGCTA	ok
chr15	88467775	88467776	+	0.999997	Prob	0.517647	134	C	GACAG	ok
chrx	152767812	152767813	-	0.999997	Prob	0.5	79	G	GTGCT	ok
chr6	5109405	5109406	-	0.999997	Prob	0.602273	102	G	GTGGC	ok
chr16	28711706	28711707	+	0.999997	Prob	0.439024	72	C	ACCGG	ok
chr11	62888362	62888363	+	0.999997	Prob	0.45098	766	C	TCCTT	ok
chr4	105386604	105386605	-	0.99999	Prob	0.539683	90	G	ACGGA	ok
chr19	8486306	8486307	+	0.999997	Prob	0.566667	87	C	AGCGT	ok
chr8	30578942	30578943	-	0.999997	Prob	0.514286	37	G	CAGAG	ok
chr11	85631746	85631747	+	0.999997	Prob	0.481481	153	C	AACTC	ok
chr12	29340766	29340767	-	0.999984	Prob	0.6	43	G	ATGCG	ok
chr1	233671315	233671316	+	0.999984	Prob	0.571429	29	C	AACCT	ok
chr6	149802365	149802366	+	0.999997	Prob	0.6	201	C	GTCCA	ok
chr1	165728026	165728027	-	0.999996	Prob	0.585366	144	G	AAGAG	ok
chr6	106186033	106186034	-	0.999984	Prob	0.64	64	G	AGGAA	ok
chr20	63522112	63522113	+	0.999997	Prob	0.553191	107	C	ACCTG	ok
chr1	54032219	54032220	-	0.99999	Prob	0.636364	197	G	TAGAT	ok
chr1	45343882	45343883	+	0.999543	Prob	0.655172	54	C	AGCAC	ok
chr20	44907302	44907303	+	0.999996	Prob	0.818182	49	C	GGCGT	ok
chr6	36855869	36855870	-	0.99999	Prob	0.451613	36	G	GAGTT	ok
chr17	81665492	81665493	-	0.999992	Prob	0.75	141	G	CAGGG	ok
chr9	93113142	93113143	+	0.999997	Prob	0.567568	60	C	AACCA	ok
chr10	22316476	22316477	+	0.999543	Prob	0.490196	66	C	TTCGA	ok
chr13	46787042	46787043	-	0.999997	Prob	0.641791	84	G	GGGCA	ok
chr2	27213286	27213287	+	0.999996	Prob	0.47619	228	C	GGCAC	ok
chr10	3129933	3129934	+	0.999543	Prob	0.447368	111	C	AGCTG	ok
chr6	44254515	44254516	-	0.999997	Prob	0.517241	100	G	CTGGA	ok
chr5	134004689	134004690	-	0.999997	Prob	0.571429	251	G	GGGCT	ok
chr3	48432993	48432994	-	0.999997	Prob	0.678571	50	G	CAGCC	ok
chr19	54191453	54191454	+	0.999997	Prob	0.289474	79	C	GGCCG	ok
chr16	1320471	1320472	+	0.999997	Prob	0.625	182	C	ACCAA	ok
chr22	39315484	39315485	-	0.99999	Prob	0.368421	2593	G	CGGCC	ok
chr3	48600112	48600113	-	0.999997	Prob	0.52	466	G	CAGGA	ok
chr3	49359339	49359340	-	0.999543	Prob	0.486486	501	G	AGGTT	ok
chr17	63819712	63819713	-	0.99999	Prob	0.47619	50	G	GGGCT	ok
chr16	1420605	1420606	-	0.999543	Prob	0.53125	53	G	CGGAC	ok
chr7	44565956	44565957	-	0.999997	Prob	0.583333	204	G	AAGCC	ok
chr9	137190218	137190219	+	0.999997	Prob	0.513514	154	C	ACCAT	ok
chr1	44777749	44777750	+	0.99999	Prob	0.639535	6950	C	CACTA	ok
chrx	154400727	154400728	+	0.999996	Prob	0.558824	6719	C	TTCAC	ok
chr22	23894793	23894794	+	0.999997	Prob	0.586957	4787	C	CCCGG	ok
chr5	140677335	140677336	-	0.999997	Prob	0.473684	61	G	CTGGA	ok
chr8	143021813	143021814	+	0.999997	Prob	0.363636	250	C	TCCCC	ok
chr8	53967555	53967556	-	0.999543	Prob	0.534884	88	G	TTGTG	ok
chr8	145054997	145054998	+	0.999997	Prob	0.428571	77	C	GCCCA	ok
chr8	143580519	143580520	-	0.999984	Prob	0.571429	512	G	CAGCA	ok
chr9	36211840	36211841	+	0.999997	Prob	0.64	465	C	GTCAT	ok
chr12	69598375	69598376	+	0.999032	Prob	0.590909	303	C	CACAG	ok
chr17	51171669	51171670	+	0.999997	Prob	0.589286	2091	C	TTCCA	ok
chr16	2253547	2253548	-	0.999996	Prob	0.625	214	G	AAGCC	ok
chr16	11837745	11837746	-	0.999543	Prob	0.555556	48	G	CTGGA	ok
chr10	46005464	46005465	-	0.999997	Prob	0.368421	51	G	CTGGA	ok
chr17	59840398	59840399	+	0.999997	Prob	0.45	128	C	TCCTC	ok
chr19	18899610	18899611	-	0.999992	Prob	0.583333	464	G	TGGGG	ok
chr14	22768091	22768092	+	0.999996	Prob	0.5625	79	C	ACCCC	ok
chr2	232522062	232522063	+	0.999543	Prob	0.622951	88	C	GGCCC	ok
chr19	812171	812172	+	0.999996	Prob	0.571429	464	C	ACCCG	ok
chr2	26193674	26193675	-	0.999997	Prob	0.5	97	G	TCGCT	ok
chr2	10123507	10123508	+	0.999997	Prob	0.571429	53	C	GGCTT	ok
chr5	171391730	171391731	+	0.999543	Prob	0.475	1881	C	AACAC	ok
chr11	62888851	62888852	+	0.999997	Prob	0.73913	517	C	TGCAT	ok
chr20	10420603	10420604	-	0.999997	Prob	0.615385	117	G	CAGGA	ok
chr17	5474507	5474508	-	0.999984	Prob	0.55914	111	G	CTGGC	ok
chr17	4959263	4959264	-	0.999992	Prob	0.612903	43	G	CAGCC	ok
chr22	40825012	40825013	-	0.999543	Prob	0.6	38	G	AGGCC	ok
chr17	44319919	44319920	-	0.999997	Prob	0.416667	345	G	CTGAG	ok
chr3	51934658	51934659	-	0.99999	Prob	0.413793	37	G	AGGGC	ok
chr9	135504125	135504126	+	0.999984	Prob	0.55	103	C	TTCCC	ok
chr17	75212051	75212052	+	0.999997	Prob	0.75	32	C	CACCA	ok
chr17	1883900	1883901	+	0.999997	Prob	0.6	65	C	AACCT	ok
chr14	77717927	77717928	-	0.99999	Prob	0.531915	59	G	TAGAA	ok
chr8	60621677	60621678	+	0.999997	Prob	0.428571	63	C	AACAC	ok
chr2	135848158	135848159	-	0.999997	Prob	0.404762	49	G	CGGAA	ok
chr15	84716080	84716081	-	0.99999	Prob	0.576923	126	G	GGGGA	ok
chr1	206608261	206608262	-	0.999997	Prob	0.571429	23	G	CAGAG	ok
chr16	29963139	29963140	+	0.999997	Prob	0.392857	41	C	CTCCC	ok
chr7	151218145	151218146	-	0.999997	Prob	0.761905	23	G	TCGTG	ok
chr1	155173296	155173297	-	0.999997	Prob	0.540541	54	G	ATGCG	ok
chr4	121677897	121677898	-	0.999992	Prob	0.571429	124	G	GAGCA	ok
chr15	43765477	43765478	+	0.999996	Prob	0.591837	149	C	ATCTC	ok
chr5	177351563	177351564	-	0.999996	Prob	0.433333	41	G	GGGCC	ok
chr2	28861231	28861232	-	0.999997	Prob	0.555556	31	G	CAGTG	ok
chr16	69447245	69447246	+	0.999997	Prob	0.507463	80	C	TGCTA	ok
chr3	184308502	184308503	+	0.999997	Prob	0.595745	186	C	GCCCC	ok
chr18	12706676	12706677	+	0.999984	Prob	0.547619	80	C	TGCGA	ok
chr11	837949	837950	+	0.999997	Prob	0.5	112	C	TGCAT	ok
chr12	32755567	32755568	-	0.999997	Prob	0.56	34	G	TCGCT	ok
chr9	37780616	37780617	-	0.999997	Prob	0.553191	68	G	GAGGT	ok
chr12	57231858	57231859	+	0.999996	Prob	0.516129	67	C	AGCCC	ok
chr15	60364484	60364485	-	0.999997	Prob	0.444444	764	G	GCGGT	ok
chr19	44992797	44992798	+	0.99999	Prob	0.5	33	C	GCCTC	ok
chr15	67521475	67521476	+	0.999997	Prob	0.568627	55	C	AACTA	ok
chr6	15523081	15523082	-	0.999997	Prob	0.461538	58	G	GGGGG	ok
chr1	154206786	154206787	-	0.999543	Prob	0.617978	395	G	TAGGG	ok
chr2	237095841	237095842	+	0.999997	Prob	0.53125	60	C	GGCAA	ok
chr3	160400950	160400951	+	0.999997	Prob	0.727273	42	C	CCCAG	ok
chr1	228107765	228107766	-	0.99999	Prob	0.454545	168	G	GTGCA	ok
chr6	149796498	149796499	+	0.999997	Prob	0.551724	199	C	GGCGG	ok
chr1	165759565	165759566	-	0.999032	Prob	0.451613	113	G	TTGTT	ok
chr10	123162765	123162766	+	0.99999	Prob	0.583333	369	C	GACAC	ok
chr10	102423124	102423125	+	0.999997	Prob	0.571429	28	C	AGCTT	ok
chr1	167541375	167541376	-	0.999997	Prob	0.61194	72	G	TTGAG	ok
chr1	75763247	75763248	+	0.99999	Prob	0.518519	138	C	CACAG	ok
chr9	136850992	136850993	+	0.99999	Prob	0.636364	453	C	AGCCT	ok
chr1	44339103	44339104	-	0.999984	Prob	0.529412	41	G	GTGAT	ok
chr1	37593823	37593824	-	0.999997	Prob	0.714286	23	G	TGGCC	ok
chr9	83707891	83707892	-	0.999997	Prob	0.545455	28	G	CAGCC	ok
chr13	46771293	46771294	-	0.999997	Prob	0.54878	87	G	TAGAA	ok
chr10	5813306	5813307	-	0.999996	Prob	0.528302	79	G	GGGCT	ok
chr13	21492983	21492984	-	0.999997	Prob	0.545455	34	G	GTGAA	ok
chr3	186789956	186789957	-	0.999996	Prob	0.509804	165	G	CAGAT	ok
chr4	108622113	108622114	+	0.999997	Prob	0.520833	1584	C	ACCCC	ok
chr14	55063254	55063255	+	0.999997	Prob	0.603774	58	C	TCCTA	ok
chr2	74156608	74156609	-	0.999997	Prob	0.525	42	G	AAGAG	ok
chr22	39522312	39522313	+	0.999032	Prob	0.636364	171	C	TGCCC	ok
chr11	837605	837606	+	0.999996	Prob	0.594595	108	C	ATCTA	ok
chr20	1372160	1372161	-	0.999997	Prob	0.666667	92	G	GTGGG	ok
chr13	30459904	30459905	-	0.99999	Prob	0.541667	59	G	CAGTA	ok
chr4	83090750	83090751	-	0.999996	Prob	0.43662	404	G	AGGAA	ok
chr3	48599653	48599654	-	0.999997	Prob	0.563636	474	G	GGGCA	ok
chr6	108211778	108211779	-	0.999996	Prob	0.583333	236	G	AAGAG	ok
chr7	157385585	157385586	+	0.999996	Prob	0.533333	84	C	GGCCA	ok
chr19	55265318	55265319	-	0.99999	Prob	0.6875	75	G	GCGGA	ok
chr12	121327135	121327136	-	0.999997	Prob	0.458333	187	G	CAGCA	ok
chr7	1738873	1738874	-	0.999996	Prob	0.612903	43	G	GGGAG	ok
chr8	100948610	100948611	-	0.999997	Prob	0.625	245	G	CAGAT	ok
chr2	74526806	74526807	-	0.999997	Prob	0.6	139	G	CAGCC	ok
chr6	35470271	35470272	+	0.999996	Prob	0.444444	2205	C	CCCTT	ok
chr6	132814764	132814765	+	0.999996	Prob	0.681818	3472	C	ACCGC	ok
chr1	109402085	109402086	-	0.999543	Prob	0.505495	653	G	TGGCT	ok
chr1	44778036	44778037	+	0.999543	Prob	0.5	6851	C	ATCTA	ok
chr4	39458256	39458257	-	0.999984	Prob	0.578947	738	G	AGGGT	ok
chr4	6642359	6642360	+	0.999032	Prob	0.555556	511	C	CACTA	ok
chr8	53967332	53967333	-	0.999984	Prob	0.603774	98	G	AGGGG	ok
chr8	145052488	145052489	+	0.999997	Prob	0.583333	135	C	GGCGC	ok
chr10	104267261	104267262	+	0.999543	Prob	0.45	356	C	ACCAC	ok
chr10	75220760	75220761	+	0.999997	Prob	0.507937	561	C	ATCAA	ok
chr12	76053840	76053841	-	0.999997	Prob	0.480769	199	G	CTGTA	ok
chr16	28726702	28726703	+	0.99999	Prob	0.666667	123	C	GCCGC	ok
chr18	3253946	3253947	+	0.999984	Prob	0.47619	365	C	ATCAA	ok
chr19	2328574	2328575	-	0.999997	Prob	0.489362	198	G	GCGCC	ok
chr19	13154307	13154308	+	0.999543	Prob	0.52381	38	C	TTCCA	ok
chr17	44319843	44319844	-	0.999997	Prob	0.607143	360	G	TGGGC	ok
chr19	46838258	46838259	-	0.999997	Prob	0.6	504	G	GTGGC	ok
chr5	74769066	74769067	+	0.999997	Prob	0.529412	95	C	GGCTA	ok
chr14	22767969	22767970	+	0.999996	Prob	0.37037	70	C	CTCCT	ok
chr11	2944723	2944724	-	0.999997	Prob	0.588235	99	G	CTGAA	ok
chr2	26190995	26190996	-	0.999997	Prob	0.666667	150	G	CTGCC	ok
chrx	153715555	153715556	-	0.999997	Prob	0.571429	202	G	AAGGA	ok
chr7	74195928	74195929	+	0.99999	Prob	0.493151	442	C	GGCTC	ok
chr3	49359689	49359690	-	0.99999	Prob	0.515152	594	G	ATGAA	ok
chr19	579546	579547	+	0.999543	Prob	0.592593	171	C	TCCTC	ok
chr12	56155157	56155158	+	0.999997	Prob	0.586957	83	C	AACGC	ok
chr17	44352083	44352084	+	0.999997	Prob	0.534884	102	C	GTCAG	ok
chr6	52677132	52677133	+	0.999543	Prob	0.494624	111	C	CCCTC	ok
chr22	36526068	36526069	-	0.999997	Prob	0.681319	184	G	AGGGA	ok
chr8	11826137	11826138	+	0.999543	Prob	0.517241	111	C	GCCTG	ok
chr2	27374166	27374167	+	0.999543	Prob	0.526316	71	C	AGCCT	ok
chr19	6373020	6373021	+	0.999543	Prob	0.597561	104	C	GACGC	ok
chr22	37815187	37815188	+	0.999997	Prob	0.545455	40	C	CCCCT	ok
chr19	48446042	48446043	+	0.999997	Prob	0.6	25	C	AACCG	ok
chr14	70584324	70584325	-	0.999984	Prob	0.607143	37	G	AGGTT	ok
chr9	35814945	35814946	-	0.999992	Prob	0.610169	73	G	GCGCA	ok
chr12	124782750	124782751	-	0.99999	Prob	0.55	31	G	CTGAA	ok
chr11	36276220	36276221	-	0.999996	Prob	0.612245	63	G	TCGAC	ok
chr3	156555106	156555107	-	0.999996	Prob	0.603175	149	G	GAGAA	ok
chr7	88205202	88205203	-	0.999997	Prob	0.52	27	G	CAGAT	ok
chr17	44075725	44075726	+	0.999543	Prob	0.571429	56	C	TACAC	ok
chr2	73732256	73732257	-	0.999997	Prob	0.506849	126	G	CTGCC	ok
chr8	65603493	65603494	-	0.999997	Prob	0.68	36	G	TTGTT	ok
chr11	112150129	112150130	-	0.999032	Prob	0.468085	56	G	AAGAG	ok
chr2	99361566	99361567	+	0.999997	Prob	0.541667	50	C	TCCTT	ok
chr15	43756753	43756754	+	0.999984	Prob	0.589744	134	C	GACCT	ok
chr2	227347381	227347382	+	0.999997	Prob	0.714286	40	C	CGCAG	ok
chr16	642188	642189	+	0.999997	Prob	0.591837	75	C	GACCT	ok
chr4	108027710	108027711	+	0.999997	Prob	0.714286	58	C	AACCG	ok
chr15	65578931	65578932	-	0.999997	Prob	0.48	86	G	AGGAA	ok
chr3	184710504	184710505	-	0.999997	Prob	0.666667	27	G	AAGTG	ok
chr17	744712	744713	-	0.999543	Prob	0.409091	57	G	GTGGA	ok
chrx	136877931	136877932	-	0.999543	Prob	0.618557	108	G	GTGAG	ok
chr3	186785901	186785902	+	0.99999	Prob	0.464286	98	C	GGCAC	ok
chr12	57234685	57234686	+	0.999543	Prob	0.705882	193	C	GGCAC	ok
chr17	51155686	51155687	+	0.999997	Prob	0.652174	816	C	ATCAA	ok
chr2	186501310	186501311	+	0.999997	Prob	0.625	61	C	AGCAA	ok
chr3	51699459	51699460	+	0.999997	Prob	0.64	59	C	TCCAT	ok
chr2	174081157	174081158	-	0.999997	Prob	0.5	123	G	ATGGT	ok
chr19	583324	583325	+	0.999997	Prob	0.557692	312	C	CTCTG	ok
chr10	43387404	43387405	-	0.99999	Prob	0.47619	146	G	GAGGC	ok
chr3	160402018	160402019	+	0.999997	Prob	0.541667	49	C	GGCTT	ok
chrx	153861746	153861747	-	0.999032	Prob	0.45	52	G	TAGGG	ok
chr1	155732014	155732015	+	0.999984	Prob	0.514286	183	C	CCCCA	ok
chrx	154380008	154380009	+	0.999996	Prob	0.45679	96	C	TACCA	ok
chr1	87339613	87339614	+	0.99999	Prob	0.434783	31	C	GGCAA	ok
chr1	67425147	67425148	-	0.999997	Prob	0.479452	785	G	CGGCC	ok
chr1	47377741	47377742	+	0.999543	Prob	0.580645	56	C	CACTT	ok
chr20	44906637	44906638	+	0.999543	Prob	0.521739	79	C	GCCAC	ok
chr6	36986012	36986013	-	0.999997	Prob	0.5625	97	G	GAGGG	ok
chr11	112094918	112094919	+	0.999997	Prob	0.507246	127	C	AACTA	ok
chr9	83971921	83971922	-	0.999996	Prob	0.405405	276	G	CCGAG	ok
chrx	20127341	20127342	-	0.999997	Prob	0.464286	99	G	GGGAT	ok
chr2	26191516	26191517	-	0.999992	Prob	0.603774	127	G	ACGGC	ok
chr2	216130901	216130902	+	0.999997	Prob	0.592593	72	C	TCCTT	ok
chr16	30070190	30070191	+	0.999996	Prob	0.567568	689	C	TTCGT	ok
chr11	837290	837291	+	0.999992	Prob	0.461538	100	C	ACCAA	ok
chr22	41656915	41656916	+	0.999992	Prob	0.590909	609	C	GTCTT	ok
chr22	37849433	37849434	+	0.999997	Prob	0.5	110	C	CTCGC	ok
chr14	24139131	24139132	-	0.999997	Prob	0.35	36	G	GTGGG	ok
chr7	100092811	100092812	-	0.999996	Prob	0.621622	227	G	AGGAG	ok
chr12	69258834	69258835	+	0.999997	Prob	0.423077	36	C	AACAG	ok
chr10	43386324	43386325	-	0.999997	Prob	0.538462	295	G	GTGTT	ok
chr8	58582504	58582505	+	0.99999	Prob	0.592593	123	C	GTCAA	ok
chr7	1739088	1739089	-	0.999984	Prob	0.636364	57	G	GGGCC	ok
chr12	110373501	110373502	-	0.999997	Prob	0.6	40	G	TAGGG	ok
chr4	151104534	151104535	+	0.999543	Prob	0.662162	3682	C	GACAG	ok
chr8	53967760	53967761	-	0.999543	Prob	0.390244	75	G	CAGAA	ok
chr2	110641320	110641321	-	0.999997	Prob	0.65	109	G	ATGAA	ok
chr12	55726774	55726775	-	0.999984	Prob	0.65	456	G	TTGTT	ok
chr15	76292634	76292635	-	0.99999	Prob	0.545455	195	G	TTGTA	ok
chr8	144263739	144263740	-	0.999997	Prob	0.62069	33	G	AAGGT	ok
chr17	76734390	76734391	-	0.999997	Prob	0.238095	291	G	CTGGA	ok
chr17	82019862	82019863	-	0.999543	Prob	0.458333	348	G	TGGTC	ok
chr19	39489760	39489761	+	0.999997	Prob	0.62069	167	C	AGCAG	ok
chr17	4797468	4797469	+	0.999997	Prob	0.607143	509	C	AGCTG	ok
chr5	314447	314448	+	0.999984	Prob	0.47619	885	C	CACGG	ok
chr14	94051002	94051003	-	0.99999	Prob	0.3	56	G	CTGCT	ok
chr6	2953162	2953163	-	0.999997	Prob	0.607143	304	G	CGGAG	ok
chr1	108657512	108657513	-	0.999997	Prob	0.583333	77	G	TGGAG	ok
chr7	5527333	5527334	-	0.999997	Prob	0.473684	1142	G	AAGGC	ok
chr7	74196901	74196902	+	0.999997	Prob	0.604167	766	C	GACCT	ok
chr1	161213455	161213456	+	0.999997	Prob	0.736842	176	C	TACTG	ok
chr17	81511960	81511961	-	0.999997	Prob	0.54386	674	G	CTGGG	ok
chr20	2461860	2461861	-	0.999996	Prob	0.533333	522	G	GTGGT	ok
chr3	49358240	49358241	-	0.99999	Prob	0.545455	208	G	GGGCC	ok
chrx	49113888	49113889	-	0.999997	Prob	0.481481	29	G	CGGTC	ok
chr14	54432219	54432220	-	0.999997	Prob	0.506494	92	G	AAGCT	ok
chr17	51260836	51260837	+	0.999997	Prob	0.447368	48	C	AACCG	ok
chr3	50353669	50353670	+	0.999997	Prob	0.631579	63	C	GCCCT	ok
chr1	111442741	111442742	-	0.999032	Prob	0.542553	135	G	GAGAC	ok
chr2	136115618	136115619	-	0.999997	Prob	0.619048	31	G	AAGTA	ok
chr17	75233060	75233061	+	0.999997	Prob	0.530612	95	C	TTCCT	ok
chrx	24055033	24055034	+	0.999996	Prob	0.609375	77	C	ACCTT	ok
chr12	47965310	47965311	+	0.999997	Prob	0.459016	166	C	TCCCA	ok
chr14	60734880	60734881	+	0.99999	Prob	0.590909	29	C	GCCCT	ok
chr12	50814338	50814339	+	0.999997	Prob	0.772727	24	C	TGCCA	ok
chr19	35633219	35633220	+	0.999997	Prob	0.625	41	C	CGCTG	ok
chr2	135846332	135846333	-	0.999997	Prob	0.433962	58	G	TTGAT	ok
chr12	49763890	49763891	+	0.999543	Prob	0.5	91	C	TTCCT	ok
chr2	73730694	73730695	-	0.999997	Prob	0.442857	132	G	GTGTC	ok
chr8	65603279	65603280	-	0.999997	Prob	0.416667	33	G	ATGAG	ok
chr2	46612293	46612294	-	0.999997	Prob	0.470588	74	G	CAGTA	ok
chr2	231732477	231732478	-	0.999997	Prob	0.526316	15	G	ATGTA	ok
chr16	67438542	67438543	-	0.99999	Prob	0.567568	53	G	ATGTA	ok
chr2	74135525	74135526	-	0.999997	Prob	0.576271	296	G	AGGGA	ok
chr3	142838858	142838859	-	0.999992	Prob	0.636364	34	G	CAGTA	ok
chr8	103435687	103435688	+	0.999997	Prob	0.516129	106	C	ATCTG	ok
chr11	67506899	67506900	-	0.999997	Prob	0.681818	30	G	CTGCA	ok
chr10	32056231	32056232	-	0.999997	Prob	0.507937	73	G	GAGCG	ok
chr11	67071453	67071454	+	0.999997	Prob	0.606061	46	C	GTCCG	ok
chr12	76860404	76860405	-	0.999984	Prob	0.625	44	G	GAGGC	ok
chr2	3552151	3552152	-	0.999997	Prob	0.682927	64	G	AGGAA	ok
chr10	100986670	100986671	-	0.999997	Prob	0.666667	84	G	GGGAA	ok
chr16	47258687	47258688	-	0.999997	Prob	0.689655	40	G	TGGCA	ok
chr16	1839304	1839305	-	0.999997	Prob	0.407407	48	G	ATGAA	ok
chr8	145055507	145055508	+	0.999997	Prob	0.625	121	C	ATCAG	ok
chrx	2220883	2220884	-	0.999997	Prob	0.65	24	G	AAGTT	ok
chr13	113180006	113180007	-	0.999997	Prob	0.433333	83	G	TCGCC	ok
chr1	155732015	155732016	+	0.999543	Prob	0.736842	183	C	CCCAG	ok
chr14	103522824	103522825	-	0.999997	Prob	0.448276	200	G	AGGCG	ok
chr6	44251200	44251201	+	0.999996	Prob	0.571429	760	C	TACCA	ok
chr10	43387854	43387855	-	0.999543	Prob	0.333333	116	G	AAGCC	ok
chr4	87391030	87391031	-	0.999997	Prob	0.592593	33	G	CAGTA	ok
chr12	29381131	29381132	-	0.999992	Prob	0.652174	39	G	CAGCC	ok
chr1	228457487	228457488	-	0.999997	Prob	0.470588	38	G	TTGGG	ok
chr1	219997110	219997111	-	0.999543	Prob	0.42	82	G	AGGAG	ok
chr1	112703700	112703701	-	0.999543	Prob	0.549296	183	G	TAGAC	ok
chr1	77154476	77154477	-	0.999997	Prob	0.5	32	G	TTGCA	ok
chr9	136850825	136850826	+	0.999543	Prob	0.454545	452	C	ACCTG	ok
chr9	129006716	129006717	+	0.999996	Prob	0.580645	42	C	GCCTA	ok
chr11	62885497	62885498	+	0.999543	Prob	0.580645	658	C	TGCCG	ok
chr6	4126181	4126182	-	0.999997	Prob	0.6	220	G	GGGGG	ok
chr6	43059296	43059297	-	0.999996	Prob	0.6	79	G	GGGGA	ok
chr3	141745231	141745232	+	0.999543	Prob	0.625	280	C	TGCCC	ok
chrx	129926058	129926059	+	0.99999	Prob	0.473684	101	C	GGCTG	ok
chr7	7640365	7640366	-	0.999996	Prob	0.481481	249	G	GAGCT	ok
chr21	25729722	25729723	-	0.999997	Prob	0.568627	952	G	ATGTT	ok
chrx	21977987	21977988	+	0.99999	Prob	0.546875	74	C	ACCCG	ok
chr6	134169955	134169956	-	0.999996	Prob	0.621622	199	G	CAGGA	ok
chr3	53255870	53255871	-	0.999997	Prob	0.4	208	G	CTGAT	ok
chr12	121328365	121328366	-	0.999997	Prob	0.375	180	G	TCGAT	ok
chr3	49360038	49360039	-	0.999997	Prob	0.730769	491	G	TTGGA	ok
chr3	53228283	53228284	-	0.999997	Prob	0.6	755	G	TTGTC	ok
chrx	154399366	154399367	+	0.999543	Prob	0.485714	5245	C	CCCAA	ok
chr2	27381423	27381424	-	0.999997	Prob	0.638889	151	G	GAGGC	ok
chr3	52536834	52536835	+	0.999997	Prob	0.459459	78	C	GCCCT	ok
chr1	153544745	153544746	-	0.999984	Prob	0.607143	1518	G	GTGGA	ok
chr1	201969500	201969501	+	0.999997	Prob	0.55	342	C	TGCCT	ok
chr1	109737081	109737082	-	0.999997	Prob	0.526316	381	G	AGGCT	ok
chr3	167734874	167734875	-	0.999996	Prob	0.625	43	G	CGGCG	ok
chr5	240439	240440	+	0.999997	Prob	0.529412	355	C	AGCAT	ok
chr8	27605113	27605114	-	0.999997	Prob	0.473684	145	G	CGGTG	ok
chr11	251847	251848	+	0.999984	Prob	0.472973	127	C	TTCGG	ok
chr12	121888893	121888894	+	0.999997	Prob	0.525424	106	C	CTCGC	ok
chr12	67309927	67309928	+	0.999543	Prob	0.681818	81	C	CCCAG	ok
chr17	7014304	7014305	+	0.999992	Prob	0.634615	603	C	CCCGC	ok
chr15	77046283	77046284	-	0.99999	Prob	0.65	196	G	ATGAA	ok
chr16	57428870	57428871	-	0.999997	Prob	0.416667	155	G	CTGGT	ok
chr15	65579011	65579012	-	0.99999	Prob	0.458333	86	G	AAGCT	ok
chr17	68042322	68042323	+	0.999997	Prob	0.636364	220	C	AACAA	ok
chr19	49108449	49108450	+	0.999543	Prob	0.5	69	C	GTCGT	ok
chr10	102162291	102162292	+	0.999997	Prob	0.25	68	C	AGCAA	ok
chr17	4796204	4796205	+	0.999997	Prob	0.483333	452	C	TACCT	ok
chr17	36495586	36495587	+	0.999997	Prob	0.42029	113	C	GTCCT	ok
chr14	94060608	94060609	-	0.999997	Prob	0.428571	28	G	CAGGC	ok
chr6	43520698	43520699	+	0.999997	Prob	0.457143	92	C	AGCCC	ok
chr2	197392068	197392069	-	0.999997	Prob	0.65	64	G	ATGAA	ok
chr3	49359303	49359304	-	0.99999	Prob	0.567568	499	G	GTGAA	ok
chr19	580408	580409	+	0.99999	Prob	0.416667	194	C	TACTC	ok
chr11	66976473	66976474	+	0.999992	Prob	0.552632	78	C	CCCAG	ok
chr10	84152568	84152569	+	0.999997	Prob	0.291667	205	C	TTCTC	ok
chr3	49358239	49358240	-	0.999543	Prob	0.521739	208	G	TGGGC	ok
chr1	156742611	156742612	-	0.999543	Prob	0.647059	89	G	AAGCT	ok
chr7	38230155	38230156	+	0.999997	Prob	0.434783	34	C	AGCCT	ok
chr17	5474771	5474772	-	0.99999	Prob	0.631579	105	G	GTGTA	ok
chr19	14564006	14564007	+	0.999997	Prob	0.58	73	C	GCCCC	ok
chr16	57471667	57471668	+	0.999997	Prob	0.450704	86	C	AACAT	ok
chr17	51260739	51260740	+	0.999997	Prob	0.615385	43	C	GCCCG	ok
chr3	50348238	50348239	-	0.999997	Prob	0.409091	42	G	GTGCC	ok
chr13	36995011	36995012	-	0.999997	Prob	0.678571	46	G	CAGAG	ok
chr19	34452066	34452067	+	0.999543	Prob	0.766667	52	C	CACGT	ok
chr11	6476618	6476619	-	0.999543	Prob	0.37037	94	G	ATGCA	ok
chr7	47965221	47965222	-	0.999543	Prob	0.65	23	G	ATGTT	ok
chr12	124778446	124778447	-	0.999543	Prob	0.590909	41	G	AGGCA	ok
chr8	60517096	60517097	+	0.999997	Prob	0.54386	62	C	GGCGG	ok
chr2	135856871	135856872	-	0.999997	Prob	0.411765	39	G	GCGTT	ok
chr12	49764031	49764032	+	0.99999	Prob	0.619048	104	C	TTCAT	ok
chr2	95090480	95090481	-	0.999997	Prob	0.5	81	G	CCGGC	ok
chr11	112143319	112143320	-	0.999543	Prob	0.347826	61	G	TTGCC	ok
chr7	151214905	151214906	-	0.999997	Prob	0.53125	41	G	CTGAC	ok
chr1	156018297	156018298	-	0.999997	Prob	0.538462	156	G	GAGCA	ok
chr5	77440881	77440882	-	0.999997	Prob	0.771429	53	G	TGGGT	ok
chr19	38304900	38304901	+	0.99999	Prob	0.65625	111	C	CCCAA	ok
chr10	32056075	32056076	-	0.999997	Prob	0.471429	78	G	GAGGC	ok
chr4	108034457	108034458	+	0.999997	Prob	0.48	69	C	CACAG	ok
chr5	141319751	141319752	-	0.99999	Prob	0.653061	64	G	CTGTG	ok
chr19	12948517	12948518	+	0.999997	Prob	0.515152	179	C	AGCAG	ok
chr15	72199633	72199634	-	0.999997	Prob	0.488372	1256	G	GAGGG	ok
chr11	67611562	67611563	+	0.999997	Prob	0.5	139	C	GACCG	ok
chr6	43018953	43018954	+	0.999997	Prob	0.442308	70	C	GTCCT	ok
chr14	102081090	102081091	-	0.99999	Prob	0.634615	259	G	GTGAC	ok
chr17	12992628	12992629	-	0.999997	Prob	0.521739	64	G	CAGTC	ok
chr8	143816717	143816718	-	0.99999	Prob	0.563636	225	G	CGGTT	ok
chr16	31094628	31094629	-	0.99999	Prob	0.54902	262	G	GGGCG	ok
chrx	115636956	115636957	+	0.999997	Prob	0.565217	46	C	AACAA	ok
chr10	69208726	69208727	+	0.999032	Prob	0.393939	52	C	AGCTG	ok
chr1	228107842	228107843	-	0.99999	Prob	0.380952	163	G	TGGCC	ok
chr6	149810990	149810991	+	0.999997	Prob	0.555556	78	C	TGCTT	ok
chr1	156598085	156598086	-	0.999032	Prob	0.442857	117	G	GTGGT	ok
chr1	119737157	119737158	+	0.999543	Prob	0.558824	400	C	ATCAG	ok
chr1	167541105	167541106	-	0.999997	Prob	0.629032	79	G	CTGTT	ok
chrx	119870806	119870807	-	0.999997	Prob	0.321429	35	G	TGGAA	ok
chr1	52020367	52020368	-	0.999997	Prob	0.56	71	G	AGGAA	ok
chrx	101346388	101346389	-	0.999997	Prob	0.648148	69	G	AAGAG	ok
chr1	36137960	36137961	-	0.999992	Prob	0.5625	71	G	AAGTA	ok
chr10	56357931	56357932	-	0.99999	Prob	0.5	64	G	CAGTA	ok
chr6	31733599	31733600	-	0.999997	Prob	0.571429	293	G	TAGGC	ok
chr1	10467195	10467196	-	0.99999	Prob	0.56	72	G	AGGTC	ok
chr11	62672042	62672043	+	0.999997	Prob	0.62963	75	C	CGCAG	ok
chr11	43344407	43344408	+	0.999996	Prob	0.636364	53	C	TTCCG	ok
chr17	7627622	7627623	-	0.999032	Prob	0.516129	55	G	CCGCA	ok
chr22	45718437	45718438	+	0.999997	Prob	0.535714	213	C	TTCTG	ok
chr19	54201573	54201574	+	0.999997	Prob	0.695652	2767	C	GACGC	ok
chr2	202220096	202220097	-	0.999997	Prob	0.578947	112	G	AGGTT	ok
chr4	169729613	169729614	-	0.999997	Prob	0.521739	35	G	CTGTT	ok
chr17	32358542	32358543	+	0.999543	Prob	0.55	39	C	ACCTG	ok
chr17	16382573	16382574	+	0.999032	Prob	0.433333	1185	C	TCCTG	ok
chr6	30723461	30723462	+	0.999997	Prob	0.4375	640	C	TCCAG	ok
chr16	2253657	2253658	-	0.999997	Prob	0.539683	198	G	CAGGG	ok
chr8	19851931	19851932	+	0.99999	Prob	0.621622	51	C	TTCTA	ok
chr2	85049588	85049589	+	0.999997	Prob	0.608696	27	C	AACAT	ok
chr17	1517748	1517749	+	0.999997	Prob	0.516129	30	C	GGCAG	ok
chr6	108211644	108211645	-	0.999996	Prob	0.62069	247	G	AAGGG	ok
chr7	157337106	157337107	+	0.999543	Prob	0.575758	50	C	TGCCT	ok
chr7	95434907	95434908	-	0.999997	Prob	0.583333	145	G	GCGCC	ok
chr16	1419956	1419957	-	0.999543	Prob	0.514286	61	G	AAGAC	ok
chr3	167794729	167794730	+	0.99999	Prob	0.608696	33	C	TTCCT	ok
chr16	89563110	89563111	+	0.999997	Prob	0.59375	1102	C	AACAA	ok
chr13	44434199	44434200	-	0.999997	Prob	0.555556	249	G	GGGGA	ok
chr6	116571535	116571536	+	0.999543	Prob	0.549296	126	C	CGCGC	ok
chr2	96271208	96271209	+	0.999997	Prob	0.520833	113	C	CTCCC	ok
chr22	20999953	20999954	-	0.999997	Prob	0.461538	88	G	CTGTG	ok
chr5	6604256	6604257	-	0.999992	Prob	0.45	76	G	ATGGA	ok
chr5	134161093	134161094	-	0.999997	Prob	0.541667	792	G	AGGAG	ok
chr8	143580543	143580544	-	0.999543	Prob	0.555556	502	G	CAGTG	ok
chr2	110641662	110641663	-	0.999997	Prob	0.511628	102	G	TAGAG	ok
chr12	56713115	56713116	-	0.999997	Prob	0.575342	2063	G	ATGTT	ok
chr15	60349098	60349099	-	0.999984	Prob	0.441176	1225	G	TTGCC	ok
chr16	67934843	67934844	-	0.999997	Prob	0.464286	89	G	GCGCC	ok
chr17	81843562	81843563	-	0.999997	Prob	0.64	540	G	CCGTC	ok
chr19	36125867	36125868	+	0.999996	Prob	0.578947	119	C	CCCCA	ok
chr19	12745745	12745746	+	0.999997	Prob	0.568627	98	C	CCCTT	ok
chr9	137243104	137243105	+	0.999997	Prob	0.536585	542	C	TGCCA	ok
chr5	74767312	74767313	+	0.999997	Prob	0.57377	96	C	AGCGT	ok
chr8	97852528	97852529	+	0.999984	Prob	0.528736	302	C	CTCCT	ok
chr6	43013386	43013387	-	0.99999	Prob	0.487805	87	G	AGGGG	ok
chr20	58994198	58994199	+	0.999984	Prob	0.571429	148	C	ATCAA	ok
chr7	26191923	26191924	-	0.99999	Prob	0.518519	439	G	AGGAA	ok
chr15	64156118	64156119	-	0.999032	Prob	0.594595	941	G	TTGGT	ok
chr19	38729764	38729765	+	0.999997	Prob	0.452381	159	C	ACCCA	ok
chr18	74158686	74158687	+	0.999997	Prob	0.666667	37	C	GACTC	ok
chr14	24137331	24137332	+	0.999996	Prob	0.467391	178	C	CTCAA	ok
chr16	84772587	84772588	+	0.999996	Prob	0.526316	29	C	CTCGT	ok
chr5	10680323	10680324	-	0.999992	Prob	0.708333	31	G	TTGCT	ok
chr1	43978228	43978229	+	0.999997	Prob	0.486486	421	C	GTCCC	ok
chr1	11022824	11022825	+	0.999032	Prob	0.619048	48	C	AGCTA	ok
chr17	75231584	75231585	+	0.999997	Prob	0.526316	73	C	AACAT	ok
chr17	67736727	67736728	+	0.999997	Prob	0.655172	43	C	TCCAG	ok
chr8	123042011	123042012	-	0.999997	Prob	0.521739	32	G	TAGGC	ok
chr15	80981966	80981967	-	0.999984	Prob	0.772727	38	G	TTGGC	ok
chr7	16783754	16783755	+	0.999543	Prob	0.465116	91	C	GCCTT	ok
chr16	57460996	57460997	+	0.999996	Prob	0.565217	134	C	AGCCA	ok
chr2	85581829	85581830	+	0.999992	Prob	0.581395	145	C	TCCTA	ok
chr4	7060971	7060972	-	0.999997	Prob	0.55814	61	G	CGGTG	ok
chr5	169604198	169604199	+	0.999997	Prob	0.542857	38	C	CTCAA	ok
chr16	69744950	69744951	-	0.999997	Prob	0.52	83	G	ACGGA	ok
chr3	52075716	52075717	-	0.999997	Prob	0.55	28	G	GAGCC	ok
chr15	65154951	65154952	-	0.999997	Prob	0.478261	24	G	ATGAC	ok
chr5	138929329	138929330	+	0.999997	Prob	0.375	41	C	ATCAG	ok
chr19	2807550	2807551	+	0.999992	Prob	0.421053	25	C	ATCCG	ok
chr19	58552315	58552316	-	0.999543	Prob	0.454545	104	G	GAGTT	ok
chr7	1153194	1153195	-	0.999996	Prob	0.538462	38	G	CAGCC	ok
chr11	27357536	27357537	-	0.999543	Prob	0.451613	68	G	CTGAG	ok
chr19	52212773	52212774	+	0.999996	Prob	0.595238	84	C	AGCTG	ok
chr6	43014340	43014341	+	0.999992	Prob	0.466667	41	C	GGCCT	ok
chr16	28711515	28711516	+	0.999543	Prob	0.62	63	C	AGCTG	ok
chr11	10799387	10799388	-	0.999997	Prob	0.48	168	G	CTGGG	ok
chr19	46839473	46839474	-	0.999997	Prob	0.714286	454	G	AAGTT	ok
chr17	43015693	43015694	-	0.999543	Prob	0.636364	23	G	GGGCA	ok
chr20	56517132	56517133	+	0.999997	Prob	0.472727	87	C	GACAG	ok
chr10	69208991	69208992	+	0.999996	Prob	0.410256	50	C	TCCAA	ok
chr1	235110994	235110995	-	0.999997	Prob	0.489362	62	G	AAGCA	ok
chr1	203016118	203016119	+	0.999997	Prob	0.550725	94	C	CCCAG	ok
chr1	165768745	165768746	-	0.99999	Prob	0.44	100	G	GTGCT	ok
chr6	117708295	117708296	+	0.999032	Prob	0.541667	26	C	CCCTC	ok
chrx	154379429	154379430	+	0.999984	Prob	0.508772	70	C	GGCCG	ok
chr6	63576583	63576584	+	0.999997	Prob	0.526316	143	C	ATCCT	ok
chrx	119871514	119871515	-	0.999997	Prob	0.583333	28	G	GGGCG	ok
chr1	52020227	52020228	-	0.999997	Prob	0.583333	70	G	ATGGC	ok
chrx	107650712	107650713	+	0.999997	Prob	0.547619	91	C	TCCTG	ok
chr1	37575636	37575637	-	0.999997	Prob	0.53125	36	G	GGGTA	ok
chr6	31736518	31736519	-	0.999997	Prob	0.44	80	G	GGGCT	ok
chr1	10461682	10461683	-	0.999992	Prob	0.592593	34	G	TGGGG	ok
chr10	11763585	11763586	+	0.999997	Prob	0.636364	30	C	AGCCC	ok
chrx	16829682	16829683	+	0.999997	Prob	0.6	32	C	GACAT	ok
chr13	21496103	21496104	-	0.999997	Prob	0.6	29	G	AAGTC	ok
chr14	100337067	100337068	-	0.999997	Prob	0.608696	69	G	CTGAT	ok
chr8	143993073	143993074	+	0.999997	Prob	0.5	47	C	GGCCA	ok
chr17	16382572	16382573	+	0.999984	Prob	0.483333	1185	C	GTCCT	ok
chr6	31530335	31530336	-	0.999992	Prob	0.520833	299	G	TGGGG	ok
chr9	2827122	2827123	-	0.999997	Prob	0.481481	31	G	ATGCA	ok
chr2	200815360	200815361	+	0.999032	Prob	0.634615	93	C	ACCCT	ok
chr19	54131612	54131613	+	0.999032	Prob	0.4	141	C	ACCGC	ok
chr14	20350542	20350543	+	0.999997	Prob	0.65	23	C	AACAA	ok
chrx	103676385	103676386	-	0.999997	Prob	0.565789	210	G	GGGTG	ok
chr7	44569897	44569898	-	0.999997	Prob	0.517241	170	G	GTGCT	ok
chr13	44433592	44433593	-	0.999997	Prob	0.589286	326	G	TTGTG	ok
chr7	5527280	5527281	-	0.999543	Prob	0.290323	1157	G	AAGGG	ok
chr7	44568186	44568187	-	0.999996	Prob	0.608696	196	G	CAGCA	ok
chr3	170868169	170868170	-	0.999543	Prob	0.64	54	G	AAGAG	ok
chr2	210678963	210678964	+	0.999997	Prob	0.378378	193	C	ACCCA	ok
chr6	33416579	33416580	-	0.999997	Prob	0.5	403	G	CAGTC	ok
chr5	892697	892698	-	0.999997	Prob	0.55	66	G	CAGCT	ok
chr5	254395	254396	+	0.999997	Prob	0.538462	409	C	TGCGG	ok
chr11	88337552	88337553	-	0.999996	Prob	0.448276	104	G	AAGAC	ok
chr13	45337313	45337314	-	0.999032	Prob	0.555556	1775	G	CTGGT	ok
chr11	123057851	123057852	-	0.99999	Prob	0.6	2389	G	TGGTG	ok
chr11	65719714	65719715	-	0.999997	Prob	0.52381	143	G	TGGAA	ok
chr12	6849095	6849096	-	0.999997	Prob	0.431373	95	G	TTGCT	ok
chr17	7225010	7225011	+	0.999997	Prob	0.307692	149	C	AGCAA	ok
chr15	76283776	76283777	-	0.999996	Prob	0.470588	254	G	CTGCC	ok
chr17	81511290	81511291	-	0.999997	Prob	0.55	880	G	GAGGA	ok
chr17	82057446	82057447	+	0.999543	Prob	0.64	157	C	GTCCA	ok
chr17	44320091	44320092	-	0.999997	Prob	0.52381	299	G	CAGCC	ok
chr4	82429257	82429258	-	0.999997	Prob	0.592593	219	G	CTGCT	ok
chr17	49405029	49405030	-	0.999997	Prob	0.5	689	G	TGGCA	ok
chr8	54046646	54046647	-	0.999543	Prob	0.777778	116	G	TAGCA	ok
chr17	81681683	81681684	-	0.999997	Prob	0.465116	75	G	AGGCC	ok
chr1	119744130	119744131	+	0.999032	Prob	0.528571	679	C	GGCTG	ok
chr16	2043689	2043690	-	0.999996	Prob	0.538462	73	G	CAGGA	ok
chrx	153700799	153700800	-	0.999997	Prob	0.40625	308	G	ACGAG	ok
chr15	60360946	60360947	-	0.999543	Prob	0.5	824	G	ATGGA	ok
chr3	184183969	184183970	+	0.999997	Prob	0.56	291	C	TCCCC	ok
chr20	37232373	37232374	+	0.999996	Prob	0.576923	252	C	TGCTT	ok
chr12	2795106	2795107	+	0.99999	Prob	0.411765	63	C	CACCA	ok
chr17	44351685	44351686	+	0.999997	Prob	0.5	89	C	CCCAC	ok
chr1	11974921	11974922	+	0.999996	Prob	0.642857	47	C	TTCCC	ok
chr22	38682082	38682083	+	0.999997	Prob	0.44086	104	C	GACGA	ok
chr16	57256858	57256859	-	0.999997	Prob	0.578947	24	G	CTGCT	ok
chr19	3053370	3053371	-	0.999997	Prob	0.68	71	G	GGGGG	ok
chr17	44323535	44323536	-	0.999997	Prob	0.518072	137	G	CTGAT	ok
chr1	109235982	109235983	+	0.999997	Prob	0.576471	111	C	AACAG	ok
chr2	136115780	136115781	-	0.999997	Prob	0.521739	27	G	AAGAA	ok
chr22	37815433	37815434	+	0.999997	Prob	0.571429	39	C	TGCTG	ok
chr19	48446724	48446725	+	0.999997	Prob	0.619048	24	C	CCCAC	ok
chr20	44197703	44197704	-	0.999997	Prob	0.615385	38	G	GAGTT	ok
chr9	73159353	73159354	+	0.999997	Prob	0.552083	134	C	GACAT	ok
chr14	77718085	77718086	-	0.999543	Prob	0.514286	56	G	GTGCC	ok
chr19	35633810	35633811	+	0.999997	Prob	0.666667	45	C	GGCAG	ok
chr2	202303477	202303478	+	0.999997	Prob	0.65625	45	C	TGCTT	ok
chr12	49764335	49764336	+	0.999992	Prob	0.622222	124	C	CTCCC	ok
chr2	112663588	112663589	+	0.999543	Prob	0.566667	39	C	AACAC	ok
chr16	10761781	10761782	+	0.999997	Prob	0.5	31	C	CACAA	ok
chr21	44967083	44967084	+	0.999996	Prob	0.47619	48	C	GGCGG	ok
chr4	99061830	99061831	+	0.999543	Prob	0.5	28	C	ATCCA	ok
chr11	6608722	6608723	+	0.999997	Prob	0.434783	71	C	AGCAT	ok
chr11	70206567	70206568	+	0.99999	Prob	0.589744	43	C	AGCAG	ok
chr12	53989885	53989886	+	0.999997	Prob	0.676471	44	C	GACTA	ok
chr5	133052141	133052142	+	0.99999	Prob	0.540541	43	C	CTCAG	ok
chr3	101565679	101565680	+	0.999984	Prob	0.5625	60	C	TACTT	ok
chr4	83284685	83284686	-	0.999997	Prob	0.482759	70	G	GCGGC	ok
chr1	154983385	154983386	+	0.999997	Prob	0.56	35	C	GGCAG	ok
chr18	12706679	12706680	+	0.999032	Prob	0.473684	80	C	GACCA	ok
chr16	47451422	47451423	-	0.999997	Prob	0.68	35	G	TGGAT	ok
chr7	5912851	5912852	+	0.999984	Prob	0.4	66	C	ACCGG	ok
chr17	81720822	81720823	+	0.999997	Prob	0.52381	69	C	GGCCC	ok
chrx	47215052	47215053	+	0.999997	Prob	0.625	130	C	CCCCT	ok
chr10	73771980	73771981	+	0.999997	Prob	0.72	99	C	GGCTG	ok
chrx	115649975	115649976	+	0.999997	Prob	0.666667	75	C	TTCTT	ok
chr17	76736856	76736857	-	0.999997	Prob	0.533333	153	G	GCGGC	ok
chr1	201876216	201876217	+	0.999543	Prob	0.451613	33	C	ACCGG	ok
chr1	165907711	165907712	+	0.999543	Prob	0.53125	97	C	ATCCA	ok
chr6	106186618	106186619	-	0.99999	Prob	0.714286	54	G	GAGGT	ok
chr6	57172648	57172649	+	0.999543	Prob	0.422222	52	C	TGCCG	ok
chr1	53227131	53227132	-	0.999997	Prob	0.595238	58	G	AAGCC	ok
chr1	45342976	45342977	+	0.999032	Prob	0.454545	40	C	TCCCA	ok
chr10	73375859	73375860	-	0.999997	Prob	0.472222	165	G	TTGCA	ok
chr9	97669644	97669645	+	0.999996	Prob	0.545455	40	C	GACCA	ok
chr15	90271522	90271523	+	0.999992	Prob	0.666667	111	C	ACCAA	ok
chr2	27309857	27309858	-	0.999996	Prob	0.588235	65	G	CCGTT	ok
chrx	7902029	7902030	-	0.999997	Prob	0.457143	55	G	CTGCC	ok
chr21	31663821	31663822	+	0.999997	Prob	0.55	819	C	AGCAT	ok
chr12	108568849	108568850	+	0.999997	Prob	0.590909	130	C	ATCAA	ok
chr2	74209946	74209947	+	0.99999	Prob	0.457143	98	C	TTCCA	ok
chr17	28714371	28714372	-	0.999997	Prob	0.448276	280	G	CTGAG	ok
chr6	30723573	30723574	+	0.999997	Prob	0.575758	665	C	GCCTT	ok
chr11	1952154	1952155	+	0.999997	Prob	0.585859	134	C	ACCTC	ok
chr14	20457738	20457739	+	0.999996	Prob	0.588235	167	C	ATCCA	ok
chr2	55235558	55235559	+	0.999997	Prob	0.45	5166	C	AACAA	ok
chr22	23834316	23834317	+	0.999997	Prob	0.432432	111	C	TTCCA	ok
chr6	134170277	134170278	-	0.999032	Prob	0.655172	161	G	AAGAG	ok
chr3	53235107	53235108	-	0.99999	Prob	0.468085	274	G	AAGGC	ok
chr2	63607027	63607028	+	0.999543	Prob	0.540541	374	C	ATCTA	ok
chr16	56939979	56939980	+	0.999997	Prob	0.641026	72	C	CCCCT	ok
chr8	58582320	58582321	+	0.999543	Prob	0.548387	115	C	TGCTT	ok
chr19	39980430	39980431	+	0.999996	Prob	0.521739	153	C	CTCTG	ok
chr19	3578941	3578942	+	0.999543	Prob	0.451613	106	C	CCCCG	ok
chr5	1318286	1318287	-	0.999543	Prob	0.677419	97	G	ATGTC	ok
chr6	89636916	89636917	-	0.999997	Prob	0.65	25	G	AAGTG	ok
chr16	1964483	1964484	-	0.999997	Prob	0.446429	7709	G	GCGGC	ok
chr8	145052549	145052550	+	0.99999	Prob	0.566667	81	C	GGCTC	ok
chr12	6945881	6945882	+	0.999997	Prob	0.387097	281	C	ACCCC	ok
chrx	115648013	115648014	+	0.999996	Prob	0.75	63	C	TGCCA	ok
chr12	120444888	120444889	-	0.999997	Prob	0.451613	44	G	AGGCT	ok
chr12	49558911	49558912	-	0.99999	Prob	0.533333	125	G	ATGGG	ok
chr16	28732158	28732159	+	0.999997	Prob	0.485714	180	C	ACCAG	ok
chr17	82237871	82237872	+	0.999984	Prob	0.454545	91	C	TGCTC	ok
chr19	49108435	49108436	+	0.99999	Prob	0.6	69	C	GCCGG	ok
chr1	2399511	2399512	+	0.999032	Prob	0.46875	111	C	CTCAG	ok
chr14	22767303	22767304	+	0.999543	Prob	0.2	64	C	CTCCT	ok
chr6	166365186	166365187	-	0.999997	Prob	0.571429	76	G	CAGAA	ok
chr6	2959296	2959297	-	0.999997	Prob	0.522727	221	G	AAGGC	ok
chr1	108648892	108648893	-	0.999997	Prob	0.692308	114	G	TGGCT	ok
chr6	63580897	63580898	+	0.999543	Prob	0.714286	223	C	CTCTG	ok
chr5	171406499	171406500	+	0.999992	Prob	0.566667	541	C	TCCAG	ok
chr6	30723842	30723843	+	0.999984	Prob	0.654545	869	C	TCCCA	ok
chr10	43386589	43386590	-	0.999997	Prob	0.5	252	G	TTGGC	ok
chr9	83969067	83969068	-	0.999997	Prob	0.52	432	G	GTGTT	ok
chr12	2795194	2795195	+	0.999543	Prob	0.490909	67	C	GCCCA	ok
chr1	6633014	6633015	+	0.99999	Prob	0.409091	27	C	GCCTC	ok
chr7	6024525	6024526	-	0.999997	Prob	0.621622	52	G	AGGGA	ok
chr8	108248672	108248673	-	0.999996	Prob	0.518987	263	G	GCGAT	ok
chr12	6390927	6390928	+	0.999997	Prob	0.555556	49	C	ACCCA	ok
chr1	25222855	25222856	-	0.999997	Prob	0.684211	21	G	GAGTA	ok
chr4	109730035	109730036	-	0.99999	Prob	0.666667	23	G	GCGCC	ok
chr19	34466998	34466999	+	0.999996	Prob	0.515152	97	C	AGCCC	ok
chr22	17628651	17628652	-	0.999984	Prob	0.491525	75	G	TAGGC	ok
chr18	57602409	57602410	-	0.99999	Prob	0.714286	75	G	CTGCC	ok
chr17	30287849	30287850	-	0.999997	Prob	0.535714	34	G	CAGGG	ok
chr1	112671133	112671134	+	0.999543	Prob	0.521127	85	C	TTCTT	ok
chr4	7060436	7060437	-	0.999997	Prob	0.642857	39	G	GCGAA	ok
chr5	169604564	169604565	+	0.999997	Prob	0.636364	41	C	TACTT	ok
chr18	11981629	11981630	+	0.999032	Prob	0.459016	72	C	CGCCG	ok
chr4	82451203	82451204	+	0.999997	Prob	0.5	25	C	CACAT	ok
chr11	125584142	125584143	+	0.999543	Prob	0.465116	102	C	CCCAG	ok
chr2	99337580	99337581	+	0.999997	Prob	0.576923	93	C	AGCGA	ok
chr9	33442499	33442500	-	0.999996	Prob	0.611111	67	G	AAGGG	ok
chr11	67506692	67506693	-	0.999997	Prob	0.64	38	G	AAGTT	ok
chr10	32009333	32009334	-	0.999997	Prob	0.5	24	G	ACGTT	ok
chr11	66976648	66976649	+	0.99999	Prob	0.551724	86	C	CCCAT	ok
chr11	66539380	66539381	-	0.999543	Prob	0.512195	43	G	AGGAG	ok
chr19	58552423	58552424	-	0.99999	Prob	0.404255	101	G	ATGAT	ok
chr19	17425128	17425129	+	0.999543	Prob	0.578947	91	C	ATCTT	ok
chr16	47454075	47454076	-	0.999997	Prob	0.409091	28	G	GGGAA	ok
chr3	49024735	49024736	-	0.999997	Prob	0.576271	500	G	TTGTG	ok
chr6	3154209	3154210	-	0.999543	Prob	0.310345	58	G	GAGCA	ok
chr8	97644435	97644436	+	0.999996	Prob	0.465517	66	C	CGCTT	ok
chr19	38305304	38305305	-	0.999032	Prob	0.464286	125	G	CAGTG	ok
chr12	49558486	49558487	-	0.999997	Prob	0.541667	147	G	AAGGC	ok
chr15	73633196	73633197	-	0.999997	Prob	0.52381	23	G	GGGCA	ok
chr16	4456638	4456639	+	0.999997	Prob	0.526316	90	C	TTCTC	ok
chr19	40422829	40422830	-	0.999543	Prob	0.736842	31	G	ACGAG	ok
chr9	35061656	35061657	-	0.999997	Prob	0.6	94	G	AGGAA	ok
chr1	201876673	201876674	+	0.999992	Prob	0.64	25	C	ACCCT	ok
chr1	156598434	156598435	-	0.99999	Prob	0.594203	110	G	TTGCT	ok
chr1	150622348	150622349	-	0.999997	Prob	0.463768	80	G	GTGCG	ok
chrx	154484992	154484993	-	0.999992	Prob	0.490909	67	G	CAGAG	ok
chr20	63522045	63522046	+	0.999997	Prob	0.605263	109	C	GACAC	ok
chr1	84489673	84489674	+	0.999997	Prob	0.576271	70	C	TTCAA	ok
chrx	119871402	119871403	-	0.999997	Prob	0.72	29	G	ACGGG	ok
chr9	136993841	136993842	+	0.999997	Prob	0.576923	122	C	GCCTA	ok
chr9	129828121	129828122	-	0.999032	Prob	0.423077	52	G	TAGGG	ok
chr1	36149464	36149465	-	0.999032	Prob	0.607143	52	G	CAGCC	ok
chr6	33279569	33279570	-	0.999997	Prob	0.526316	70	G	TTGGC	ok
chrx	47210021	47210022	+	0.999997	Prob	0.590909	50	C	GACCA	ok
chr2	26192334	26192335	-	0.999984	Prob	0.686275	117	G	CAGAC	ok
chr17	48895854	48895855	+	0.999997	Prob	0.548387	556	C	AACAC	ok
chrx	129925037	129925038	+	0.99999	Prob	0.6	35	C	ACCTG	ok
chr6	31532793	31532794	-	0.999543	Prob	0.478261	239	G	AAGGA	ok
chr9	2834071	2834072	-	0.999997	Prob	0.625	25	G	ATGTC	ok
chr4	83107846	83107847	-	0.999984	Prob	0.647059	412	G	CAGTT	ok
chr7	44796735	44796736	+	0.999996	Prob	0.612903	6244	C	CCCAC	ok
chr12	55726727	55726728	-	0.999996	Prob	0.714286	466	G	AAGCA	ok
chr19	44903159	44903160	+	0.999997	Prob	0.478261	64	C	ACCAT	ok
chr17	38921648	38921649	+	0.99999	Prob	0.462963	98	C	CCCTC	ok
chr16	56939256	56939257	+	0.999997	Prob	0.444444	63	C	GGCAT	ok
chrx	152733695	152733696	-	0.999997	Prob	0.56338	107	G	AGGAA	ok
chr7	44579448	44579449	-	0.99999	Prob	0.371429	40	G	AGGTA	ok
chr7	5527556	5527557	-	0.999997	Prob	0.530612	995	G	TGGGG	ok
chr2	75702295	75702296	-	0.999997	Prob	0.75	26	G	TCGCT	ok
chr1	43977118	43977119	+	0.999992	Prob	0.6	425	C	GGCCG	ok
chr2	74959420	74959421	+	0.999543	Prob	0.617021	56	C	GACTT	ok
chr3	101681211	101681212	-	0.999996	Prob	0.714286	2270	G	AGGTG	ok
chr5	6599300	6599301	-	0.999997	Prob	0.535714	170	G	TTGTA	ok
chr5	10256096	10256097	+	0.999543	Prob	0.641791	874	C	GACAT	ok
chr11	10797098	10797099	-	0.999543	Prob	0.595745	315	G	CAGGG	ok
chr2	119368188	119368189	+	0.99999	Prob	0.608696	632	C	GGCTG	ok
chr10	104267260	104267261	+	0.99999	Prob	0.487179	356	C	GACCA	ok
chr19	46775218	46775219	-	0.999997	Prob	0.448276	118	G	CAGGC	ok
chr1	31338981	31338982	+	0.999032	Prob	0.4	75	C	ATCCC	ok
chr12	55726940	55726941	-	0.99999	Prob	0.333333	431	G	ATGAT	ok
chr15	60347583	60347584	-	0.999997	Prob	0.551724	1264	G	TGGAA	ok
chr16	30067307	30067308	+	0.999032	Prob	0.576923	365	C	GACAT	ok
chr17	7311390	7311391	+	0.999992	Prob	0.681818	247	C	GACAG	ok
chr17	68046834	68046835	+	0.999997	Prob	0.85	331	C	GTCCA	ok
chr19	12747510	12747511	+	0.999997	Prob	0.583333	149	C	AACCA	ok
chr19	50506379	50506380	-	0.99999	Prob	0.375	60	G	CTGAC	ok
chr10	102157040	102157041	+	0.999997	Prob	0.45	41	C	CTCTT	ok
chr17	49406825	49406826	-	0.999997	Prob	0.688889	645	G	CTGTG	ok
chr21	5117081	5117082	-	0.99999	Prob	0.608696	28	G	TAGCT	ok
chr7	95406243	95406244	-	0.999997	Prob	0.5	179	G	AAGTA	ok
chr2	38881532	38881533	+	0.999997	Prob	0.645161	48	C	CACAT	ok
chr20	58994757	58994758	+	0.999992	Prob	0.53125	159	C	GGCTC	ok
chr2	197494696	197494697	-	0.999997	Prob	0.555556	475	G	TTGCA	ok
chr6	30723843	30723844	+	0.999032	Prob	0.596154	874	C	CCCAC	ok
chr15	64156848	64156849	-	0.999543	Prob	0.482759	859	G	CAGGC	ok
chr17	68125588	68125589	+	0.999543	Prob	0.608696	25	C	ATCTC	ok
chr3	49357675	49357676	-	0.999992	Prob	0.692308	258	G	AAGTT	ok
chr8	144106599	144106600	+	0.999997	Prob	0.468085	109	C	AGCCT	ok
chr7	6024042	6024043	-	0.999997	Prob	0.615385	64	G	CTGAG	ok
chr14	54441255	54441256	-	0.999997	Prob	0.549296	81	G	ATGGC	ok
chr8	108203085	108203086	-	0.999032	Prob	0.557143	263	G	GTGAG	ok
chr12	6386388	6386389	+	0.999997	Prob	0.695652	26	C	GCCCA	ok
chr2	9452969	9452970	+	0.999543	Prob	0.478261	38	C	TACTT	ok
chr2	219252039	219252040	-	0.999543	Prob	0.596774	105	G	CTGCC	ok
chr19	17511874	17511875	+	0.999996	Prob	0.588235	68	C	AGCTA	ok
chr12	48938792	48938793	-	0.999997	Prob	0.5	48	G	AGGGG	ok
chr9	35813523	35813524	-	0.999543	Prob	0.464286	93	G	GAGGG	ok
chr17	30274136	30274137	-	0.999997	Prob	0.615385	31	G	TCGAT	ok
chr8	60517131	60517132	+	0.999997	Prob	0.46	63	C	GGCAC	ok
chr2	135856754	135856755	-	0.999997	Prob	0.52381	43	G	AAGAA	ok
chr12	49763724	49763725	+	0.99999	Prob	0.666667	79	C	GGCTG	ok
chr2	95121755	95121756	-	0.999997	Prob	0.689655	99	G	ACGGG	ok
chr11	125581306	125581307	+	0.999996	Prob	0.5	66	C	GTCCT	ok
chr19	17232120	17232121	-	0.999997	Prob	0.6	66	G	CTGGA	ok
chr16	54030	54031	+	0.999997	Prob	0.579545	214	C	GACCC	ok
chr3	186790355	186790356	-	0.999997	Prob	0.657534	164	G	GAGCC	ok
chr16	23682069	23682070	+	0.999997	Prob	0.375	33	C	ACCTT	ok
chr11	70206663	70206664	+	0.999032	Prob	0.512195	45	C	TGCAC	ok
chr5	138934072	138934073	+	0.999997	Prob	0.5	101	C	AGCTA	ok
chr4	158721354	158721355	-	0.99999	Prob	0.55814	52	G	AGGGC	ok
chr11	65890864	65890865	+	0.999996	Prob	0.369565	50	C	GCCTG	ok
chr19	12924196	12924197	-	0.999543	Prob	0.625	256	G	AAGCC	ok
chr11	755916	755917	+	0.99999	Prob	0.602273	176	C	ACCCG	ok
chr8	144107141	144107142	+	0.999997	Prob	0.6875	161	C	AGCTT	ok
chr12	32755181	32755182	-	0.999997	Prob	0.456522	50	G	AGGTA	ok
chr1	154275851	154275852	+	0.999997	Prob	0.506849	314	C	ACCAA	ok
chr8	145055626	145055627	+	0.999997	Prob	0.413793	125	C	GGCCC	ok
chr22	38985900	38985901	+	0.999997	Prob	0.47619	26	C	ATCAC	ok
chr8	97722969	97722970	+	0.999984	Prob	0.481481	41	C	GCCAA	ok
chr1	62451603	62451604	+	0.999997	Prob	0.434783	66	C	GGCAT	ok
chr22	28794620	28794621	-	0.999997	Prob	0.423077	112	G	AAGCT	ok
chr20	35557001	35557002	+	0.999997	Prob	0.493671	172	C	ACCAG	ok
chr1	36287152	36287153	+	0.999543	Prob	0.708333	60	C	GTCCC	ok
chr8	67051242	67051243	-	0.999997	Prob	0.494624	138	G	TAGAA	ok
chr12	29343153	29343154	-	0.99999	Prob	0.481481	66	G	CAGAG	ok
chr1	233671982	233671983	+	0.999543	Prob	0.6	34	C	TACCC	ok
chr1	212791536	212791537	-	0.999997	Prob	0.421053	26	G	GCGCA	ok
chr1	193023860	193023861	-	0.999984	Prob	0.5	124	G	TTGTA	ok
chr6	126346256	126346257	+	0.999543	Prob	0.583333	105	C	GACAA	ok
chr6	106186429	106186430	-	0.999543	Prob	0.608696	59	G	GCGAA	ok
chr20	63520790	63520791	+	0.999997	Prob	0.418605	49	C	GGCGC	ok
chr1	86903360	86903361	-	0.999992	Prob	0.489362	378	G	GAGAA	ok
chr1	70221635	70221636	+	0.999997	Prob	0.347826	135	C	GCCAT	ok
chr1	47377528	47377529	+	0.99999	Prob	0.607143	57	C	AACCT	ok
chr10	75235301	75235302	-	0.999997	Prob	0.517241	56	G	GCGCC	ok
chrx	100630846	100630847	-	0.999997	Prob	0.489362	52	G	AGGCG	ok
chrx	71059430	71059431	-	0.999997	Prob	0.421053	29	G	AGGAT	ok
chr9	97662078	97662079	+	0.999032	Prob	0.4	26	C	GTCTT	ok
chr13	46777593	46777594	-	0.999997	Prob	0.534884	110	G	TAGGA	ok
chrx	16719706	16719707	+	0.999984	Prob	0.702128	53	C	GGCGG	ok
chr10	1040444	1040445	-	0.999997	Prob	0.592593	134	G	CCGAG	ok
chr2	121766762	121766763	+	0.99999	Prob	0.6	51	C	TTCTT	ok
chr2	199955907	199955908	+	0.999997	Prob	0.428571	33	C	GGCCA	ok
chr5	171390109	171390110	+	0.999543	Prob	0.519481	1699	C	AGCAC	ok
chr17	28715221	28715222	-	0.999997	Prob	0.5	235	G	AGGAA	ok
chr6	30723977	30723978	+	0.99999	Prob	0.5	1022	C	CCCGC	ok
chr6	7288050	7288051	-	0.999997	Prob	0.571429	44	G	CAGTG	ok
chr19	38932510	38932511	+	0.999997	Prob	0.584906	241	C	GCCAA	ok
chr7	1569356	1569357	-	0.999997	Prob	0.511628	80	G	TGGCA	ok
chr2	200822918	200822919	+	0.999996	Prob	0.487179	90	C	TGCAT	ok
chr19	12922710	12922711	-	0.999996	Prob	0.625	285	G	GGGAC	ok
chr3	179587934	179587935	+	0.999997	Prob	0.554054	139	C	ACCTT	ok
chr16	56939899	56939900	+	0.999997	Prob	0.605263	65	C	AGCAG	ok
chr2	86158684	86158685	-	0.999997	Prob	0.521739	63	G	CTGAG	ok
chr21	43094547	43094548	-	0.999997	Prob	0.238095	172	G	CCGCC	ok
chr22	37678557	37678558	+	0.999984	Prob	0.7	1064	C	GACGC	ok
chr9	127935569	127935570	-	0.999997	Prob	0.478261	98	G	CAGTC	ok
chr3	155910803	155910804	+	0.999997	Prob	0.5	41	C	TGCAG	ok
chr4	56459373	56459374	+	0.999997	Prob	0.5	176	C	GTCTT	ok
chr11	75404830	75404831	+	0.999997	Prob	0.666667	6524	C	GCCGC	ok
chr8	144314579	144314580	+	0.999997	Prob	0.5	159	C	TGCAG	ok
chr11	47565871	47565872	+	0.999992	Prob	0.45098	112	C	CACCG	ok
chrx	115646099	115646100	+	0.999984	Prob	0.571429	55	C	TACAG	ok
chr12	54283921	54283922	+	0.999996	Prob	0.622222	935	C	GCCCC	ok
chr14	96532419	96532420	+	0.999997	Prob	0.666667	46	C	AACGT	ok
chr16	28734593	28734594	+	0.999997	Prob	0.459459	191	C	GTCAC	ok
chr19	1088687	1088688	-	0.999997	Prob	0.517241	227	G	AGGGA	ok
chr19	682796	682797	+	0.999997	Prob	0.517241	78	C	AGCTC	ok
chr19	18575196	18575197	+	0.999543	Prob	0.608696	1757	C	GCCCT	ok
chr19	50506138	50506139	-	0.999984	Prob	0.8	60	G	AGGGA	ok
chr9	137243558	137243559	+	0.999997	Prob	0.520833	634	C	AGCCT	ok
chr7	75042571	75042572	-	0.999997	Prob	0.45	46	G	CCGAA	ok
chr18	49490832	49490833	-	0.999997	Prob	0.553846	2397	G	ATGGT	ok
chr6	63576946	63576947	+	0.999997	Prob	0.447368	167	C	CACAC	ok
chr4	83284652	83284653	-	0.999997	Prob	0.727273	72	G	GGGCG	ok
chr5	271801	271802	+	0.999543	Prob	0.482759	688	C	TCCTG	ok
chr12	6965377	6965378	-	0.999996	Prob	0.448276	486	G	TTGAG	ok
chr7	74195938	74195939	+	0.999997	Prob	0.542857	447	C	CCCCC	ok
chr6	30723657	30723658	+	0.99999	Prob	0.538462	695	C	GACCT	ok
chr11	62885199	62885200	+	0.999543	Prob	0.534247	531	C	CTCCT	ok
chr1	35184347	35184348	-	0.999996	Prob	0.565217	53	G	CTGCT	ok
chr16	57128	57129	+	0.999996	Prob	0.5	249	C	AGCTG	ok
chr16	29805140	29805141	+	0.999992	Prob	0.6	127	C	GGCAT	ok
chr16	2153367	2153368	+	0.999997	Prob	0.4	52	C	GGCTG	ok
chrx	153789724	153789725	-	0.999997	Prob	0.36	48	G	ACGCG	ok
chr17	51263292	51263293	+	0.999997	Prob	0.586957	53	C	CTCGG	ok
chr3	50347560	50347561	-	0.999997	Prob	0.409091	46	G	TAGGA	ok
chr13	36965585	36965586	-	0.999997	Prob	0.5	56	G	ACGTG	ok
chr19	6372853	6372854	+	0.999992	Prob	0.641975	97	C	CGCTG	ok
chr2	176269587	176269588	+	0.999984	Prob	0.666667	31	C	GCCCG	ok
chr20	23354634	23354635	+	0.999997	Prob	0.547619	48	C	GTCCC	ok
chr2	232568981	232568982	+	0.999997	Prob	0.56383	113	C	TTCAA	ok
chr17	20999985	20999986	-	0.999997	Prob	0.5	48	G	AGGGA	ok
chr17	4940928	4940929	+	0.999997	Prob	0.6	39	C	CCCGC	ok
chr1	20499777	20499778	-	0.999032	Prob	0.571429	23	G	GAGGG	ok
chr5	33448611	33448612	+	0.999543	Prob	0.494118	124	C	TCCAT	ok
chr1	26280128	26280129	+	0.999032	Prob	0.5	77	C	GCCCG	ok
chr4	102887733	102887734	+	0.99999	Prob	0.488372	57	C	AACAG	ok
chr9	137555125	137555126	-	0.999997	Prob	0.461538	50	G	CAGTG	ok
chr3	112532675	112532676	-	0.999032	Prob	0.625	119	G	TAGGA	ok
chr8	143021345	143021346	+	0.999997	Prob	0.482759	184	C	ACCAG	ok
chr2	218254165	218254166	+	0.999997	Prob	0.717949	144	C	CCCTC	ok
chr5	126624595	126624596	+	0.999997	Prob	0.56	35	C	ACCAA	ok
chr15	65150481	65150482	-	0.999997	Prob	0.73913	27	G	TTGTA	ok
chr16	70564004	70564005	+	0.999992	Prob	0.65	21	C	GCCTA	ok
chr3	184307414	184307415	+	0.999997	Prob	0.647887	113	C	CTCTG	ok
chr2	26273675	26273676	+	0.999997	Prob	0.58	62	C	TCCCT	ok
chr22	42518010	42518011	-	0.999032	Prob	0.65625	76	G	GTGCA	ok
chr1	32334717	32334718	-	0.99999	Prob	0.638298	50	G	TGGCC	ok
chr21	42859670	42859671	-	0.999984	Prob	0.477273	109	G	GAGGA	ok
chr12	53299312	53299313	+	0.999997	Prob	0.56338	601	C	CCCTG	ok
chr4	24527592	24527593	-	0.99999	Prob	0.564516	112	G	ACGAT	ok
chr3	51703775	51703776	+	0.999997	Prob	0.451613	67	C	GGCAG	ok
chr6	15523168	15523169	-	0.999997	Prob	0.586207	58	G	GGGAT	ok
chr2	237094092	237094093	+	0.999997	Prob	0.416667	55	C	TGCAA	ok
chr19	812063	812064	+	0.999997	Prob	0.483333	455	C	GGCGC	ok
chr12	29350051	29350052	-	0.999996	Prob	0.522727	49	G	ACGAG	ok
chr1	228457179	228457180	-	0.999997	Prob	0.457143	44	G	GAGGG	ok
chr1	211745383	211745384	-	0.999997	Prob	0.545455	29	G	CCGAT	ok
chr1	182884645	182884646	+	0.999997	Prob	0.368421	33	C	GCCTG	ok
chr10	100354467	100354468	+	0.999996	Prob	0.47619	26	C	CACAA	ok
chr1	63651769	63651770	+	0.999996	Prob	0.458333	148	C	AGCAA	ok
chr1	44750492	44750493	+	0.999997	Prob	0.5	31	C	CACGG	ok
chr1	25343009	25343010	+	0.999543	Prob	0.521739	62	C	CACCA	ok
chr1	15409960	15409961	+	0.999984	Prob	0.545455	27	C	CGCGC	ok
chrx	48575586	48575587	+	0.999997	Prob	0.484848	110	C	CTCAG	ok
chr9	37588478	37588479	-	0.999997	Prob	0.615385	330	G	GTGGT	ok
chr10	11763463	11763464	+	0.999997	Prob	0.454545	31	C	ACCTG	ok
chr17	7627804	7627805	-	0.999996	Prob	0.52381	37	G	GCGCC	ok
chr22	45807017	45807018	+	0.999997	Prob	0.555556	271	C	AACCC	ok
chr5	179833158	179833159	+	0.999997	Prob	0.680851	90	C	AGCAA	ok
chr3	138632961	138632962	+	0.999996	Prob	0.565217	82	C	CACTT	ok
chr16	57439308	57439309	-	0.999997	Prob	0.59375	81	G	ATGTC	ok
chr17	21191055	21191056	+	0.999543	Prob	0.55	41	C	GCCTT	ok
chr17	7258590	7258591	+	0.999997	Prob	0.5	88	C	CTCAG	ok
chr14	20457553	20457554	+	0.999996	Prob	0.542857	179	C	AACTA	ok
chr19	38932598	38932599	+	0.999997	Prob	0.6	255	C	ACCAG	ok
chr22	38483591	38483592	-	0.999997	Prob	0.434783	35	G	CAGGA	ok
chr12	51243700	51243701	+	0.999984	Prob	0.622222	127	C	TGCAC	ok
chr7	44114788	44114789	-	0.999032	Prob	0.65	247	G	AGGGG	ok
chr17	77500487	77500488	+	0.999996	Prob	0.592593	179	C	CTCAA	ok
chr3	50288111	50288112	-	0.999997	Prob	0.461538	210	G	GTGGA	ok
chr16	635006	635007	-	0.999997	Prob	0.651163	63	G	CAGAG	ok
chr5	53098631	53098632	-	0.999997	Prob	0.657143	57	G	TTGTT	ok
chr17	32480513	32480514	+	0.999032	Prob	0.590909	114	C	GTCCT	ok
chrx	154399383	154399384	+	0.999543	Prob	0.631579	5402	C	GCCGA	ok
chr6	30625765	30625766	+	0.99999	Prob	0.416667	134	C	CACTG	ok
chr2	74505185	74505186	-	0.999992	Prob	0.421053	35	G	GGGAT	ok
chr7	99386690	99386691	+	0.999997	Prob	0.526316	178	C	TGCCA	ok
chr1	228146924	228146925	+	0.999997	Prob	0.478261	434	C	ACCTG	ok
chr4	82460743	82460744	+	0.999997	Prob	0.526316	64	C	GCCTT	ok
chr5	256624	256625	+	0.999997	Prob	0.489796	439	C	TTCAT	ok
chr11	10797788	10797789	-	0.999997	Prob	0.666667	248	G	TTGCA	ok
chr12	121916399	121916400	+	0.999032	Prob	0.4	185	C	AGCAT	ok
chr12	120212561	120212562	+	0.999997	Prob	0.424242	47	C	CACGA	ok
chr12	122982683	122982684	+	0.999543	Prob	0.607843	299	C	CCCGC	ok
chr12	54282282	54282283	+	0.999984	Prob	0.482143	740	C	CTCCG	ok
chr15	60352464	60352465	-	0.99999	Prob	0.592593	1046	G	GCGTC	ok
chr16	11837627	11837628	-	0.99999	Prob	0.73913	50	G	AGGCG	ok
chr17	16441706	16441707	+	0.999543	Prob	0.684211	595	C	AGCTC	ok
chr19	1440180	1440181	+	0.999543	Prob	0.478261	4740	C	ATCAT	ok
chr18	12030524	12030525	+	0.99999	Prob	0.541667	298	C	CCCTC	ok
chr19	1088317	1088318	-	0.999997	Prob	0.621622	293	G	GGGCG	ok
chr19	14565799	14565800	+	0.999997	Prob	0.380952	107	C	AGCAC	ok
chr6	52266100	52266101	-	0.999543	Prob	0.5	135	G	TGGGA	ok
chr7	133034836	133034837	-	0.999996	Prob	0.44	36	G	AAGGA	ok
chr6	43520990	43520991	+	0.999997	Prob	0.536585	100	C	TCCGG	ok
chr1	154207619	154207620	-	0.99999	Prob	0.709677	274	G	TCGCT	ok
chr20	58994982	58994983	+	0.999996	Prob	0.55	172	C	CGCTG	ok
chr8	124543106	124543107	+	0.999997	Prob	0.627907	699	C	TGCTT	ok
chr7	74196014	74196015	+	0.999997	Prob	0.576923	472	C	AGCGG	ok
chr11	62881021	62881022	+	0.999997	Prob	0.491803	279	C	CACCA	ok
chr2	174720529	174720530	+	0.999997	Prob	0.571429	72	C	TGCGG	ok
chr9	83970780	83970781	-	0.999997	Prob	0.368421	365	G	AAGAT	ok
chr12	16364179	16364180	+	0.999543	Prob	0.615385	335	C	AGCAT	ok
chr15	64974621	64974622	-	0.999997	Prob	0.659091	53	G	TGGTT	ok
chr16	74305858	74305859	+	0.99999	Prob	0.465753	84	C	TGCCT	ok
chr7	43645354	43645355	-	0.999543	Prob	0.584906	132	G	CAGCT	ok
chr17	28328137	28328138	+	0.999997	Prob	0.681818	38	C	TTCAC	ok
chr12	6385329	6385330	+	0.999997	Prob	0.75	23	C	CACTG	ok
chr1	11676067	11676068	-	0.999996	Prob	0.518519	63	G	ACGGC	ok
chr7	2234775	2234776	-	0.999992	Prob	0.464286	54	G	CCGTC	ok
chr17	75226052	75226053	+	0.999997	Prob	0.391304	51	C	TCCAG	ok
chr14	70584323	70584324	-	0.999032	Prob	0.678571	37	G	AAGGT	ok
chr1	212361754	212361755	+	0.999997	Prob	0.52381	21	C	ACCAT	ok
chr17	4945162	4945163	+	0.999997	Prob	0.581818	86	C	GGCAA	ok
chr2	85581611	85581612	+	0.999032	Prob	0.58427	130	C	CTCGA	ok
chr4	7060598	7060599	-	0.999997	Prob	0.6	59	G	ATGCT	ok
chr5	133971918	133971919	-	0.999997	Prob	0.588889	580	G	AGGTT	ok
chr15	84670064	84670065	-	0.999543	Prob	0.566667	182	G	CTGCA	ok
chr1	206599060	206599061	-	0.999997	Prob	0.419355	51	G	TCGGA	ok
chr11	86800630	86800631	+	0.99999	Prob	0.5	70	C	CCCGG	ok
chr3	112561656	112561657	-	0.999992	Prob	0.548387	44	G	GGGAC	ok
chr8	143022369	143022370	+	0.999997	Prob	0.511905	298	C	TCCTG	ok
chr4	99061554	99061555	+	0.99999	Prob	0.590909	23	C	CTCAT	ok
chr16	23680172	23680173	+	0.999997	Prob	0.571429	26	C	TACCT	ok
chr11	70206660	70206661	+	0.999984	Prob	0.536585	45	C	CCCTG	ok
chr13	27623106	27623107	+	0.99999	Prob	0.463158	121	C	CTCGA	ok
chr2	70088890	70088891	+	0.999032	Prob	0.418182	81	C	TTCCA	ok
chr16	4695305	4695306	+	0.999543	Prob	0.344828	35	C	ATCAT	ok
chr5	141621103	141621104	-	0.999997	Prob	0.391304	71	G	AAGTC	ok
chr11	64270026	64270027	-	0.999996	Prob	0.615385	39	G	CCGAT	ok
chr12	76878948	76878949	-	0.999996	Prob	0.423077	31	G	AGGCG	ok
chr19	12933665	12933666	-	0.999032	Prob	0.393939	54	G	GAGCA	ok
chr14	23097737	23097738	+	0.999992	Prob	0.661017	62	C	TTCCC	ok
chr12	10606261	10606262	-	0.999996	Prob	0.648936	128	G	CTGAA	ok
chr8	144104540	144104541	+	0.999543	Prob	0.565217	58	C	CTCGG	ok
chr3	49026589	49026590	-	0.999997	Prob	0.642857	340	G	TGGAA	ok
chr12	64404650	64404651	+	0.999543	Prob	0.6	21	C	AGCAC	ok
chr12	54284965	54284966	+	0.999996	Prob	0.65	328	C	TGCCA	ok
chr15	101642600	101642601	-	0.99999	Prob	0.6	37	G	CTGGC	ok
chr5	173164172	173164173	+	0.999543	Prob	0.52	32	C	TGCAC	ok
chr16	31091329	31091330	-	0.99999	Prob	0.696429	369	G	GTGTC	ok
chr17	67342246	67342247	-	0.999984	Prob	0.536585	69	G	TGGCC	ok
chr9	35056796	35056797	-	0.999543	Prob	0.676471	155	G	CAGTA	ok
chr16	1940802	1940803	-	0.999997	Prob	0.617647	52	G	CTGCT	ok
chr1	211663271	211663272	-	0.999997	Prob	0.5	41	G	CTGAA	ok
chr6	143862846	143862847	+	0.99999	Prob	0.481481	32	C	TACAT	ok
chr1	150625652	150625653	-	0.999997	Prob	0.347826	65	G	TTGCT	ok
chr1	110019099	110019100	+	0.999997	Prob	0.473684	59	C	GTCCA	ok
chr10	93528621	93528622	+	0.999996	Prob	0.616438	80	C	TACTA	ok
chr1	43387558	43387559	-	0.999996	Prob	0.653061	69	G	ACGGA	ok
chr10	73246813	73246814	-	0.999992	Prob	0.575	48	G	TAGAC	ok
chr10	56357698	56357699	-	0.99999	Prob	0.5	77	G	AAGGC	ok
chr9	83972958	83972959	-	0.999032	Prob	0.277778	209	G	TGGTG	ok
chr7	103344694	103344695	-	0.999992	Prob	0.617647	52	G	CAGCT	ok
chrx	49551303	49551304	+	0.999984	Prob	0.627907	103	C	CCCCT	ok
chr2	121766766	121766767	+	0.999543	Prob	0.541667	51	C	TGCCT	ok
chrx	101391030	101391031	+	0.99999	Prob	0.565217	991	C	AGCGC	ok
chr2	74205858	74205859	+	0.999543	Prob	0.6	85	C	TCCTC	ok
chr17	28714595	28714596	-	0.999997	Prob	0.478261	275	G	TGGCA	ok
chr6	30724744	30724745	+	0.999984	Prob	0.575758	288	C	AACAC	ok
chr16	1826720	1826721	-	0.999997	Prob	0.565217	29	G	TCGGC	ok
chr20	1369311	1369312	-	0.999997	Prob	0.583333	189	G	AGGAA	ok
chrx	21977118	21977119	+	0.999543	Prob	0.541667	68	C	GGCGC	ok
chr6	134170112	134170113	-	0.999992	Prob	0.541667	187	G	AAGCT	ok
chr3	53231378	53231379	-	0.999996	Prob	0.509804	437	G	TGGGC	ok
chr2	63599198	63599199	+	0.999984	Prob	0.428571	249	C	ACCAA	ok
chr3	49359173	49359174	-	0.99999	Prob	0.55814	468	G	TAGTT	ok
chr5	94695500	94695501	+	0.999997	Prob	0.458333	95	C	TTCCA	ok
chr12	110374148	110374149	-	0.999997	Prob	0.590909	34	G	CTGCA	ok
chr7	5527281	5527282	-	0.99999	Prob	0.566667	1157	G	AGGGG	ok
chr13	27435568	27435569	+	0.999997	Prob	0.526316	182	C	CTCGA	ok
chr1	152032564	152032565	-	0.999543	Prob	0.507692	767	G	AGGTG	ok
chr6	159798096	159798097	+	0.999543	Prob	0.6	217	C	TACGG	ok
chr11	112085378	112085379	-	0.999997	Prob	0.576923	163	G	GAGAG	ok
chr5	131165187	131165188	-	0.999984	Prob	0.525	1222	G	TTGGC	ok
chr8	97815358	97815359	+	0.999997	Prob	0.456522	160	C	CTCAT	ok
chr11	119018526	119018527	-	0.99999	Prob	0.636364	46	G	TAGTT	ok
chr11	123057711	123057712	-	0.999543	Prob	0.516667	2394	G	ATGCT	ok
chr8	144107292	144107293	+	0.999997	Prob	0.482759	175	C	CTCAG	ok
chr17	28350554	28350555	-	0.99999	Prob	0.488372	61	G	CAGTA	ok
chr12	52904855	52904856	-	0.999997	Prob	0.542857	346	G	CTGCC	ok
chr14	103519876	103519877	-	0.999543	Prob	0.714286	732	G	CAGGC	ok
chr14	24137705	24137706	+	0.999997	Prob	0.541667	211	C	TCCCT	ok
chr16	46680749	46680750	-	0.999992	Prob	0.666667	59	G	GGGAT	ok
chr17	82019294	82019295	-	0.999984	Prob	0.521739	308	G	CAGCT	ok
chr19	49211247	49211248	+	0.999997	Prob	0.6	79	C	CCCCT	ok
chr5	74773958	74773959	+	0.999997	Prob	0.614458	91	C	ATCCC	ok
chr17	36557152	36557153	+	0.999997	Prob	0.45	29	C	TGCAC	ok
chr20	62307757	62307758	+	0.999997	Prob	0.571429	155	C	ATCCA	ok
chr6	2948218	2948219	-	0.999997	Prob	0.607143	416	G	AAGGC	ok
chr20	58993519	58993520	+	0.999543	Prob	0.594595	123	C	CACTC	ok
chr7	74195930	74195931	+	0.999543	Prob	0.454545	443	C	CTCCA	ok
chr17	81511596	81511597	-	0.999997	Prob	0.5	711	G	ATGGC	ok
chr6	29943441	29943442	+	0.999997	Prob	0.6	168	C	GGCGG	ok
chr17	44351595	44351596	+	0.999997	Prob	0.493151	87	C	TACGT	ok
chr19	14565087	14565088	+	0.999997	Prob	0.517241	99	C	CTCCA	ok
chrx	119243274	119243275	+	0.999543	Prob	0.511905	96	C	ATCTA	ok
chr19	12813578	12813579	+	0.999997	Prob	0.683333	66	C	CTCTG	ok
chr17	64500592	64500593	-	0.999984	Prob	0.592105	400	G	TTGCT	ok
chr1	111449223	111449224	-	0.999543	Prob	0.536585	56	G	CCGCT	ok
chr9	135504525	135504526	+	0.999543	Prob	0.380952	121	C	CGCTT	ok
chr19	6374477	6374478	+	0.999032	Prob	0.52439	129	C	CACCA	ok
chr12	69362829	69362830	+	0.999997	Prob	0.410256	58	C	CTCGG	ok
chr19	17405591	17405592	-	0.999984	Prob	0.519231	157	G	TAGAG	ok
chr17	1897187	1897188	+	0.999997	Prob	0.530303	83	C	GCCAA	ok
chr15	55181865	55181866	-	0.999543	Prob	0.6	117	G	TAGTG	ok
chr15	65578100	65578101	+	0.999997	Prob	0.538462	55	C	AGCTG	ok
chr16	89904188	89904189	+	0.999543	Prob	0.615385	50	C	GACCC	ok
chr15	84687770	84687771	-	0.999543	Prob	0.505495	146	G	CTGCC	ok
chr2	95110015	95110016	-	0.999997	Prob	0.703704	108	G	GCGCC	ok
chr11	125572560	125572561	+	0.99999	Prob	0.52381	37	C	ACCTT	ok
chr21	32602353	32602354	-	0.99999	Prob	0.547619	102	G	GAGCT	ok
chr2	53774787	53774788	+	0.999997	Prob	0.580645	39	C	CTCAG	ok
chr4	173333631	173333632	-	0.999997	Prob	0.65	69	G	TTGGG	ok
chr9	33441412	33441413	-	0.99999	Prob	0.474227	182	G	ATGTA	ok
chr15	43771343	43771344	+	0.999543	Prob	0.540541	139	C	ATCTG	ok
chr5	138933829	138933830	+	0.999997	Prob	0.55814	88	C	GGCAG	ok
chr12	48829855	48829856	-	0.999543	Prob	0.636364	65	G	CAGCC	ok
chr19	12930627	12930628	-	0.999543	Prob	0.409091	66	G	GGGCC	ok
chr13	27255256	27255257	+	0.99999	Prob	0.514286	231	C	TTCAA	ok
chr9	137189870	137189871	+	0.999997	Prob	0.59375	125	C	GGCTA	ok
chr1	224190201	224190202	+	0.999997	Prob	0.47619	90	C	TTCTT	ok
chr16	28538813	28538814	-	0.999543	Prob	0.6	27	G	CAGGC	ok
chr19	282138	282139	-	0.99999	Prob	0.5	122	G	GAGGG	ok
chr21	42853729	42853730	-	0.999996	Prob	0.626506	112	G	CTGGA	ok
chr12	55796032	55796033	-	0.999997	Prob	0.5	147	G	CTGTG	ok
chr1	26864217	26864218	+	0.999997	Prob	0.591549	89	C	GGCTA	ok
chr1	201484097	201484098	-	0.999032	Prob	0.59375	92	G	GAGGC	ok
chr22	28795500	28795501	-	0.999997	Prob	0.695652	84	G	GGGTA	ok
chr15	101642314	101642315	-	0.999543	Prob	0.526316	34	G	CAGAT	ok
chr15	73560974	73560975	-	0.999997	Prob	0.55	46	G	AGGGG	ok
chr16	31091214	31091215	-	0.999984	Prob	0.566667	387	G	GTGGT	ok
chr17	67342245	67342246	-	0.999032	Prob	0.52381	69	G	TTGGC	ok
chr9	35056704	35056705	-	0.999032	Prob	0.567568	157	G	GTGGC	ok
chrx	153861747	153861748	-	0.999984	Prob	0.538462	52	G	AGGGA	ok
chr1	156136228	156136229	+	0.999997	Prob	0.421053	193	C	CCCAG	ok
chr1	110018572	110018573	+	0.999997	Prob	0.666667	52	C	AGCTG	ok
chr1	65432365	65432366	+	0.999543	Prob	0.607143	39	C	AACAT	ok
chr9	136993113	136993114	+	0.999997	Prob	0.441176	107	C	CGCTT	ok
chr10	75235138	75235139	-	0.999997	Prob	0.542857	66	G	GCGCC	ok
chr1	36137226	36137227	-	0.999996	Prob	0.59375	88	G	TTGTC	ok
chr1	26169938	26169939	+	0.999997	Prob	0.583333	71	C	TCCCT	ok
chr9	97662062	97662063	+	0.999984	Prob	0.409091	25	C	CCCAT	ok
chr13	46784254	46784255	-	0.999997	Prob	0.541667	93	G	AGGGC	ok
chr3	184183657	184183658	+	0.999543	Prob	0.583333	242	C	CTCCA	ok
chr12	103966015	103966016	+	0.999997	Prob	0.55	40	C	CGCCC	ok
chr4	108622591	108622592	+	0.999997	Prob	0.5	1611	C	TCCAT	ok
chr14	55062905	55062906	+	0.999997	Prob	0.636364	35	C	ATCCA	ok
chr2	74165284	74165285	-	0.999997	Prob	0.617647	40	G	ATGTA	ok
chr22	39522529	39522530	+	0.999992	Prob	0.55	169	C	GCCAA	ok
chr16	1324800	1324801	+	0.999997	Prob	0.511364	198	C	GACCT	ok
chr19	38932432	38932433	+	0.999997	Prob	0.478261	233	C	GGCCC	ok
chr2	38746703	38746704	-	0.999997	Prob	0.6	360	G	TGGTC	ok
chr3	23919294	23919295	+	0.999543	Prob	0.523077	4102	C	ATCCA	ok
chr12	48653684	48653685	-	0.999992	Prob	0.363636	52	G	AGGGC	ok
chr22	41653618	41653619	+	0.999997	Prob	0.607143	577	C	CCCTC	ok
chr5	43533740	43533741	-	0.999984	Prob	0.52381	92	G	TGGAT	ok
chr2	86166525	86166526	-	0.99999	Prob	0.636364	58	G	GCGGC	ok
chr13	27251582	27251583	+	0.999992	Prob	0.533333	8	C	TCCAG	ok
chr3	170866511	170866512	-	0.99999	Prob	0.533333	238	G	AGGTA	ok
chr2	74969501	74969502	+	0.999543	Prob	0.509434	60	C	AACGG	ok
chr2	96267392	96267393	+	0.999997	Prob	0.548387	105	C	CCCCT	ok
chr3	51994005	51994006	-	0.99999	Prob	0.470588	2098	G	GAGGG	ok
chr17	49404985	49404986	-	0.999997	Prob	0.615385	691	G	GTGGG	ok
chr4	151102924	151102925	+	0.999543	Prob	0.505618	3579	C	GTCTG	ok
chr8	97776090	97776091	+	0.999997	Prob	0.567568	137	C	TGCTC	ok
chr4	88523546	88523547	-	0.999997	Prob	0.483871	78	G	CGGAT	ok
chr16	1964460	1964461	-	0.999996	Prob	0.55814	7782	G	TCGGC	ok
chr8	143581072	143581073	-	0.99999	Prob	0.695652	440	G	TGGCC	ok
chr16	3664333	3664334	-	0.99999	Prob	0.615385	330	G	TTGGG	ok
chr22	21621558	21621559	+	0.999997	Prob	0.55	342	C	AGCAC	ok
chr17	7012675	7012676	+	0.999997	Prob	0.5	480	C	TCCCT	ok
chr14	24138078	24138079	+	0.999997	Prob	0.558824	227	C	CTCGG	ok
chr16	29443672	29443673	-	0.99999	Prob	0.592593	93	G	ATGGG	ok
chr17	6450854	6450855	+	0.999997	Prob	0.5	39	C	TCCAG	ok
chr17	17247060	17247061	-	0.999997	Prob	0.382353	227	G	TGGTA	ok
chr19	12944375	12944376	+	0.99999	Prob	0.62963	434	C	CTCCC	ok
chr18	46087023	46087024	-	0.999984	Prob	0.575342	566	G	TGGAA	ok
chr9	137242930	137242931	+	0.999997	Prob	0.588235	419	C	CACCT	ok
chr5	74769313	74769314	+	0.999997	Prob	0.453333	97	C	CTCGA	ok
chr8	97852221	97852222	+	0.99999	Prob	0.55	292	C	TCCCC	ok
chr4	82428356	82428357	-	0.999997	Prob	0.594595	229	G	TTGTG	ok
chr2	38876037	38876038	+	0.999997	Prob	0.458333	34	C	CTCTC	ok
chr17	49706210	49706211	-	0.999997	Prob	0.625	71	G	TTGGG	ok
chr20	58993742	58993743	+	0.99999	Prob	0.447368	124	C	CTCAT	ok
chr7	5527198	5527199	-	0.999997	Prob	0.528302	1135	G	AGGTA	ok
chr7	26192245	26192246	-	0.999997	Prob	0.416667	425	G	CTGAG	ok
chr7	74196235	74196236	+	0.999997	Prob	0.521277	619	C	AGCGT	ok
chr7	103361982	103361983	+	0.999997	Prob	0.758621	172	C	TTCGG	ok
chr6	30724113	30724114	+	0.999543	Prob	0.6	1115	C	GACAG	ok
chr20	2463177	2463178	-	0.99999	Prob	0.727273	686	G	TGGCA	ok
chr3	39407651	39407652	+	0.999543	Prob	0.475	3288	C	CACAA	ok
chr20	37210156	37210157	+	0.99999	Prob	0.461538	139	C	ACCCC	ok
chr18	74158523	74158524	+	0.999997	Prob	0.583333	39	C	CTCCG	ok
chr16	2153577	2153578	+	0.999997	Prob	0.647059	64	C	AGCAA	ok
chrx	153787083	153787084	-	0.999997	Prob	0.567164	77	G	TCGAA	ok
chr17	51277161	51277162	+	0.999997	Prob	0.586207	68	C	AGCAT	ok
chr3	51934476	51934477	-	0.999543	Prob	0.652174	34	G	GGGGA	ok
chr12	55820318	55820319	+	0.999997	Prob	0.4625	128	C	AGCCT	ok
chr19	36149929	36149930	+	0.999997	Prob	0.730769	106	C	CACAT	ok
chr19	5611187	5611188	-	0.999543	Prob	0.7	20	G	GCGTC	ok
chr7	47965368	47965369	-	0.999984	Prob	0.4	27	G	CAGGG	ok
chr15	65530668	65530669	+	0.999997	Prob	0.633333	75	C	GGCTC	ok
chr1	112670904	112670905	+	0.99999	Prob	0.553846	75	C	AACTG	ok
chr4	7060694	7060695	-	0.999997	Prob	0.666667	61	G	GAGTT	ok
chr6	43181408	43181409	+	0.999543	Prob	0.548387	40	C	ACCCA	ok
chr19	41410698	41410699	+	0.999997	Prob	0.575758	53	C	GCCTC	ok
chr8	20221047	20221048	+	0.999997	Prob	0.393939	58	C	TGCAA	ok
chr9	136793061	136793062	+	0.999997	Prob	0.56	47	C	CTCCT	ok
chr8	144424084	144424085	-	0.999543	Prob	0.44898	116	G	TGGCT	ok
chr3	52125177	52125178	-	0.999997	Prob	0.590909	35	G	TGGTC	ok
chr16	23690131	23690132	+	0.999997	Prob	0.568627	92	C	GGCTC	ok
chr11	70206377	70206378	+	0.999543	Prob	0.617647	40	C	TACAA	ok
chr2	110639808	110639809	-	0.999997	Prob	0.567568	118	G	GAGCA	ok
chr11	64242437	64242438	+	0.999997	Prob	0.6	64	C	AGCGC	ok
chr9	120869664	120869665	-	0.999997	Prob	0.657534	74	G	GAGGA	ok
chr19	12922489	12922490	-	0.999543	Prob	0.627119	249	G	CTGCC	ok
chr15	72199313	72199314	-	0.999997	Prob	0.54902	1478	G	GGGCA	ok
chr2	85649234	85649235	+	0.999997	Prob	0.44	56	C	TTCCT	ok
chr1	19258811	19258812	+	0.999997	Prob	0.533333	107	C	GACTC	ok
chr14	102086264	102086265	-	0.99999	Prob	0.542857	718	G	GAGTA	ok
chr17	12992761	12992762	-	0.999997	Prob	0.578947	63	G	GGGTG	ok
chr19	8488691	8488692	+	0.999997	Prob	0.580645	100	C	GGCCA	ok
chr19	34365323	34365324	+	0.999997	Prob	0.490196	96	C	AGCAC	ok
chr21	33524947	33524948	-	0.999997	Prob	0.583333	66	G	AGGGC	ok
chr1	228148759	228148760	+	0.999997	Prob	0.588235	505	C	CACCC	ok
chr1	201484446	201484447	-	0.99999	Prob	0.428571	65	G	GGGGA	ok
chr6	143862850	143862851	+	0.999543	Prob	0.615385	32	C	TACTC	ok
chr1	153659455	153659456	+	0.999032	Prob	0.542553	112	C	GCCGC	ok
chr1	114581331	114581332	-	0.999997	Prob	0.551282	92	G	TAGCT	ok
chr10	100364533	100364534	+	0.999543	Prob	0.511628	78	C	CCCAG	ok
chr1	70424295	70424296	+	0.999997	Prob	0.567568	47	C	ATCGA	ok
chr1	47377529	47377530	+	0.999543	Prob	0.448276	57	C	ACCTT	ok
chr1	42807362	42807363	-	0.999997	Prob	0.555556	24	G	TGGCA	ok
chr20	44907134	44907135	+	0.999992	Prob	0.655172	83	C	CCCTT	ok
chr9	121179495	121179496	-	0.999997	Prob	0.411765	47	G	ATGGG	ok
chr11	112088886	112088887	+	0.999997	Prob	0.5	107	C	CTCTC	ok
chr9	83968410	83968411	-	0.99999	Prob	0.588889	509	G	AAGAC	ok
chr10	11747448	11747449	+	0.999997	Prob	0.391304	27	C	ATCTG	ok
chrx	11111396	11111397	+	0.999997	Prob	0.659091	50	C	CTCTG	ok
chr2	121766599	121766600	+	0.999543	Prob	0.565217	47	C	CCCCA	ok
chr17	82614949	82614950	-	0.999997	Prob	0.75	31	G	ATGAG	ok
chr16	57428656	57428657	-	0.999997	Prob	0.568182	167	G	GGGAC	ok
chr16	28723453	28723454	+	0.999984	Prob	0.5	92	C	AGCCA	ok
chr16	4511567	4511568	-	0.99999	Prob	0.7	56	G	CAGGA	ok
chr15	75639288	75639289	-	0.999543	Prob	0.520548	203	G	AGGGC	ok
chr2	28929603	28929604	+	0.999997	Prob	0.454545	26	C	AGCAA	ok
chr3	49359482	49359483	-	0.999543	Prob	0.769231	476	G	CGGGA	ok
chr17	63819711	63819712	-	0.999543	Prob	0.452381	50	G	GGGGC	ok
chr19	54206413	54206414	+	0.999997	Prob	0.692308	2847	C	GGCCA	ok
chr5	94695259	94695260	+	0.999997	Prob	0.55814	121	C	GGCCT	ok
chr12	110373656	110373657	-	0.999997	Prob	0.464286	44	G	AGGAA	ok
chr2	74527028	74527029	-	0.999997	Prob	0.483871	146	G	TGGCT	ok
chr1	85259402	85259403	-	0.999996	Prob	0.5	101	G	TTGTT	ok
chr1	235160897	235160898	-	0.999997	Prob	0.48	64	G	AGGCA	ok
chr19	3579029	3579030	+	0.99999	Prob	0.5	104	C	TTCTC	ok
chr3	129170017	129170018	-	0.999997	Prob	0.60241	273	G	ATGTT	ok
chr8	143022162	143022163	+	0.999543	Prob	0.7	311	C	AGCAC	ok
chr8	143817136	143817137	-	0.999992	Prob	0.68	168	G	TGGGG	ok
chr11	119019200	119019201	+	0.999996	Prob	0.533333	69	C	GACGG	ok
chr12	6849338	6849339	-	0.999997	Prob	0.622642	88	G	GGGTG	ok
chr12	69599989	69599990	+	0.999992	Prob	0.462963	340	C	ATCAA	ok
chr17	7014219	7014220	+	0.999032	Prob	0.631579	595	C	CTCCT	ok
chr12	98515965	98515966	+	0.999543	Prob	0.363636	59	C	CGCAA	ok
chr16	29454246	29454247	-	0.999997	Prob	0.407407	164	G	GAGTT	ok
chr17	7857397	7857398	-	0.999997	Prob	0.296296	228	G	CTGCT	ok
chr17	64504776	64504777	-	0.999997	Prob	0.578947	230	G	CAGGG	ok
chr17	78172346	78172347	+	0.999996	Prob	0.571429	209	C	CACCT	ok
chr19	58498519	58498520	-	0.999997	Prob	0.454545	67	G	GAGCC	ok
chr1	193105424	193105425	-	0.99999	Prob	0.6	22	G	CCGCG	ok
chr8	97775995	97775996	+	0.999996	Prob	0.341463	126	C	CACTG	ok
chr6	2959169	2959170	-	0.999997	Prob	0.5	234	G	CTGGG	ok
chr4	3518055	3518056	-	0.999992	Prob	0.638298	56	G	TGGTG	ok
chr6	63580560	63580561	+	0.99999	Prob	0.555556	216	C	ACCAT	ok
chr19	811943	811944	+	0.999997	Prob	0.458333	418	C	TTCTA	ok
chr22	19962633	19962634	+	0.999997	Prob	0.65	217	C	ATCGG	ok
chr19	580410	580411	+	0.999543	Prob	0.607143	195	C	CTCCT	ok
chr11	66976199	66976200	+	0.99999	Prob	0.583333	65	C	AGCTT	ok
chr3	49358113	49358114	-	0.999984	Prob	0.65	229	G	TAGTC	ok
chr17	5486083	5486084	-	0.999032	Prob	0.6	66	G	GTGAG	ok
chr7	100872703	100872704	+	0.999543	Prob	0.439024	128	C	TGCTC	ok
chrx	153787484	153787485	-	0.999997	Prob	0.518519	68	G	CGGCC	ok
chr17	8289912	8289913	+	0.999997	Prob	0.46875	109	C	ATCCT	ok
chr5	140699142	140699143	+	0.99999	Prob	0.4	35	C	ATCTT	ok
chr3	149965099	149965100	-	0.999997	Prob	0.551724	87	G	AAGCA	ok
chr2	151270540	151270541	-	0.999997	Prob	0.4	32	G	AAGAT	ok
chr19	18928419	18928420	+	0.99999	Prob	0.56	90	C	GCCCC	ok
chr11	6600962	6600963	-	0.999992	Prob	0.7	47	G	GAGAA	ok
chr7	128455960	128455961	+	0.999032	Prob	0.652174	25	C	TCCTC	ok
chr7	47965230	47965231	-	0.99999	Prob	0.55	24	G	AGGGA	ok
chr12	124778523	124778524	-	0.999543	Prob	0.583333	39	G	TAGGG	ok
chr16	89905012	89905013	+	0.999543	Prob	0.5	52	C	ACCAT	ok
chr22	30428775	30428776	+	0.999996	Prob	0.485294	87	C	GACCC	ok
chr19	2733195	2733196	-	0.999997	Prob	0.583333	37	G	CGGGG	ok
chr1	206599533	206599534	-	0.999997	Prob	0.53125	48	G	GGGTG	ok
chr11	125575267	125575268	+	0.999543	Prob	0.52381	38	C	ATCAA	ok
chr17	47673538	47673539	+	0.999996	Prob	0.571429	55	C	GTCTT	ok
chr8	103430640	103430641	+	0.999997	Prob	0.541667	101	C	GACAG	ok
chr17	28714384	28714385	-	0.999997	Prob	0.478261	282	G	CAGAG	ok
chr13	27623252	27623253	+	0.999032	Prob	0.378049	119	C	TCCTT	ok
chrx	120626141	120626142	-	0.999997	Prob	0.5	38	G	TAGTT	ok
chr3	52232001	52232002	-	0.999032	Prob	0.666667	35	G	GTGAG	ok
chr16	69424817	69424818	+	0.999997	Prob	0.59322	75	C	ATCCA	ok
chr11	66545919	66545920	-	0.999984	Prob	0.571429	29	G	ACGGC	ok
chr6	34245691	34245692	+	0.99999	Prob	0.448276	135	C	CTCCC	ok
chr8	27605201	27605202	-	0.999997	Prob	0.376812	136	G	TGGAC	ok
chr1	75794943	75794944	+	0.999984	Prob	0.636364	28	C	TCCCC	ok
chr17	7222790	7222791	+	0.999997	Prob	0.727273	75	C	TGCAC	ok
chr1	154156502	154156503	-	0.999997	Prob	0.52	403	G	CTGCA	ok
chr5	177595407	177595408	+	0.999997	Prob	0.582418	160	C	AGCTT	ok
chr7	56061806	56061807	+	0.999032	Prob	0.541667	445	C	AACAT	ok
chr22	44168744	44168745	+	0.999984	Prob	0.5	38	C	TGCCT	ok
chr2	208236401	208236402	-	0.999997	Prob	0.532468	107	G	GAGTA	ok
chr19	580387	580388	+	0.999997	Prob	0.542169	190	C	TCCGA	ok
chr19	34400023	34400024	+	0.999997	Prob	0.564103	290	C	GCCAG	ok
chrx	153861593	153861594	-	0.999992	Prob	0.375	46	G	GAGGG	ok
chr1	156598429	156598430	-	0.999543	Prob	0.466667	110	G	GTGTC	ok
chr6	106186616	106186617	-	0.999543	Prob	0.695652	54	G	CAGAG	ok
chr1	94518338	94518339	+	0.999984	Prob	0.363636	76	C	TACTC	ok
chr10	86963251	86963252	+	0.999997	Prob	0.578947	100	C	CCCAC	ok
chr9	128721054	128721055	-	0.999997	Prob	0.583333	61	G	AAGCT	ok
chr10	73247095	73247096	-	0.999984	Prob	0.558824	41	G	TCGGA	ok
chr6	36871730	36871731	-	0.999543	Prob	0.75	28	G	GGGTC	ok
chr6	33288678	33288679	-	0.999997	Prob	0.238095	25	G	TGGGA	ok
chr1	7985100	7985101	+	0.999543	Prob	0.5625	790	C	ATCCA	ok
chr15	90272179	90272180	+	0.999032	Prob	0.588235	123	C	TCCTT	ok
chr2	27312704	27312705	-	0.999543	Prob	0.571429	54	G	GTGCA	ok
chr5	69352144	69352145	-	0.999543	Prob	0.544118	117	G	CTGGG	ok
chr18	6950938	6950939	-	0.999997	Prob	0.565217	48	G	AGGCG	ok
chr22	41663936	41663937	+	0.999997	Prob	0.55	817	C	GACTT	ok
chr19	54103137	54103138	+	0.999997	Prob	0.525773	301	C	TGCCT	ok
chr8	143614215	143614216	-	0.999997	Prob	0.666667	69	G	GGGCC	ok
chr7	95412473	95412474	-	0.999997	Prob	0.363636	156	G	TAGAC	ok
chr12	121319777	121319778	-	0.999997	Prob	0.769231	201	G	TTGCT	ok
chr3	149965793	149965794	-	0.999543	Prob	0.6	45	G	ATGAG	ok
chr8	100920652	100920653	-	0.999997	Prob	0.5	295	G	GTGTA	ok
chr3	9976965	9976966	-	0.999997	Prob	0.551724	79	G	AGGAG	ok
chr16	89562904	89562905	+	0.999543	Prob	0.580645	5709	C	CTCGA	ok
chr3	23919242	23919243	+	0.999997	Prob	0.64	3943	C	TACTG	ok
chr1	109421874	109421875	-	0.999032	Prob	0.680851	526	G	ATGGC	ok
chr22	23894835	23894836	+	0.999997	Prob	0.643836	4863	C	CGCGC	ok
chr4	154542211	154542212	-	0.999996	Prob	0.416667	38	G	CAGTA	ok
chr8	53966825	53966826	-	0.999996	Prob	0.589286	108	G	AAGCA	ok
chr11	7987556	7987557	+	0.99999	Prob	0.479452	165	C	CTCCA	ok
chrx	19359596	19359597	+	0.999992	Prob	0.439024	829	C	ACCCA	ok
chr12	67312769	67312770	+	0.999032	Prob	0.666667	95	C	ATCTT	ok
chr14	64932238	64932239	+	0.999543	Prob	0.65625	127	C	TTCTA	ok
chr15	60347547	60347548	-	0.999997	Prob	0.541667	1268	G	CTGTT	ok
chr17	5420288	5420289	+	0.999032	Prob	0.5	110	C	GGCAG	ok
chr17	82057228	82057229	+	0.999543	Prob	0.541667	161	C	GCCTG	ok
chr19	1597447	1597448	-	0.999984	Prob	0.519231	74	G	GGGGG	ok
chr19	49556633	49556634	-	0.999984	Prob	0.527273	87	G	GAGCC	ok
chr1	2403120	2403121	+	0.999996	Prob	0.525641	129	C	AGCTA	ok
chr14	22771172	22771173	+	0.999543	Prob	0.545455	117	C	TTCAA	ok
chr18	49489513	49489514	-	0.999997	Prob	0.704545	2506	G	TTGGA	ok
chr14	94079362	94079363	-	0.999543	Prob	0.409091	31	G	GGGCC	ok
chr1	184051806	184051807	+	0.999997	Prob	0.333333	42	C	GTCCG	ok
chr4	3514820	3514821	-	0.999996	Prob	0.545455	62	G	TCGCC	ok
chr6	63581161	63581162	+	0.999032	Prob	0.444444	272	C	AACCT	ok
chr7	103362057	103362058	+	0.999997	Prob	0.705882	183	C	ACCTA	ok
chr11	62881410	62881411	+	0.999997	Prob	0.52381	391	C	TTCAG	ok
chr22	25448227	25448228	+	0.999997	Prob	0.636364	64	C	GACTG	ok
chr5	87412712	87412713	-	0.999997	Prob	0.358974	79	G	GCGGT	ok
chr7	75888566	75888567	+	0.999997	Prob	0.7	64	C	ATCAG	ok
chr7	6042954	6042955	-	0.999997	Prob	0.434783	25	G	GAGCA	ok
chr22	41467568	41467569	-	0.999992	Prob	0.4375	94	G	GAGTG	ok
chrx	153785928	153785929	-	0.999997	Prob	0.554054	100	G	ATGGC	ok
chr17	18104635	18104636	+	0.999997	Prob	0.52	46	C	TTCAC	ok
chr1	111448712	111448713	-	0.99999	Prob	0.676056	82	G	TCGTT	ok
chr7	2234485	2234486	-	0.999996	Prob	0.607143	55	G	ATGGA	ok
chr19	6373014	6373015	+	0.99999	Prob	0.627907	104	C	CACTG	ok
chr19	9838469	9838470	+	0.999997	Prob	0.592593	40	C	GCCAG	ok
chr12	68659521	68659522	+	0.999992	Prob	0.52381	45	C	TTCTT	ok
chr17	17509500	17509501	-	0.99999	Prob	0.697674	67	G	GGGGA	ok
chr7	47965346	47965347	-	0.999032	Prob	0.571429	27	G	GCGAC	ok
chr15	83017910	83017911	-	0.999997	Prob	0.592593	33	G	AAGAT	ok
chr1	68148611	68148612	-	0.999996	Prob	0.5	57	G	GGGTC	ok
chr2	135851539	135851540	-	0.999997	Prob	0.432432	43	G	ATGAA	ok
chr15	74845567	74845568	-	0.999997	Prob	0.65	26	G	CAGTG	ok
chr4	102887739	102887740	+	0.999543	Prob	0.486486	58	C	ATCTT	ok
chr16	29963266	29963267	+	0.999997	Prob	0.571429	47	C	TCCTC	ok
chr14	22768015	22768016	+	0.999996	Prob	0.518519	70	C	GGCTT	ok
chr8	144423802	144423803	-	0.99999	Prob	0.432432	118	G	GGGCT	ok
chr4	121696950	121696951	-	0.999543	Prob	0.569444	99	G	ACGCT	ok
chr12	120184206	120184207	-	0.999997	Prob	0.5	26	G	TGGAT	ok
chr19	12952729	12952730	+	0.999997	Prob	0.552632	268	C	AACGA	ok
chr11	838618	838619	+	0.999997	Prob	0.4375	159	C	CCCCT	ok
chr12	32747119	32747120	-	0.999997	Prob	0.54717	68	G	AAGGT	ok
chr6	30725129	30725130	+	0.999996	Prob	0.619048	416	C	GTCTT	ok
chr21	42862325	42862326	-	0.999543	Prob	0.519481	104	G	GCGGC	ok
chr6	3154022	3154023	-	0.999992	Prob	0.514286	67	G	AGGCC	ok
chr14	21210640	21210641	-	0.999997	Prob	0.47619	445	G	CAGTA	ok
chr10	43386730	43386731	-	0.999997	Prob	0.6	231	G	GGGCA	ok
chr1	26863673	26863674	+	0.999997	Prob	0.521739	28	C	GCCAT	ok
chr11	10808738	10808739	-	0.999997	Prob	0.724138	46	G	CTGCC	ok
chr7	35879922	35879923	+	0.999997	Prob	0.576923	70	C	GCCAA	ok
chr6	24784149	24784150	+	0.999543	Prob	0.578947	188	C	AGCAC	ok
chr12	12827369	12827370	+	0.999996	Prob	0.666667	149	C	CCCGA	ok
chr16	74621741	74621742	-	0.999997	Prob	0.65	23	G	CTGGA	ok
chr1	219988786	219988787	-	0.99999	Prob	0.470588	86	G	CAGGG	ok
chrx	154484784	154484785	-	0.999996	Prob	0.6	90	G	AGGAG	ok
chr1	84497552	84497553	+	0.999997	Prob	0.5	92	C	TTCAA	ok
chr1	53962309	53962310	+	0.999996	Prob	0.5	85	C	GTCAA	ok
chr1	44221134	44221135	-	0.999543	Prob	0.45283	115	G	GGGAT	ok
chr1	36136650	36136651	-	0.99999	Prob	0.4	82	G	ATGTT	ok
chr9	113275410	113275411	-	0.999997	Prob	0.478261	50	G	CCGGA	ok
chr9	97653833	97653834	+	0.999543	Prob	0.608696	25	C	CCCCT	ok
chr10	11763859	11763860	+	0.999997	Prob	0.391304	31	C	AACCC	ok
chrx	15384908	15384909	-	0.999997	Prob	0.54	88	G	CGGCT	ok
chr7	5606364	5606365	+	0.999997	Prob	0.5	74	C	GTCCA	ok
chr2	121758766	121758767	+	0.999996	Prob	0.55	56	C	AACAT	ok
chr11	85631721	85631722	+	0.999997	Prob	0.45	152	C	CCCAG	ok
chr4	108625191	108625192	+	0.999997	Prob	0.590909	1573	C	CACAG	ok
chr17	28714684	28714685	-	0.999997	Prob	0.44086	266	G	TAGAG	ok
chr6	30724619	30724620	+	0.99999	Prob	0.592593	247	C	TGCCA	ok
chr11	1956445	1956446	+	0.999997	Prob	0.585714	120	C	CCCAG	ok
chr16	89561244	89561245	+	0.999997	Prob	0.607143	5217	C	GCCAA	ok
chr22	23834196	23834197	+	0.999997	Prob	0.6	103	C	CACGG	ok
chr3	23919287	23919288	+	0.99999	Prob	0.594203	4088	C	CTCAT	ok
chr17	7312066	7312067	+	0.999543	Prob	0.72	435	C	GCCCT	ok
chr8	143612753	143612754	-	0.999997	Prob	0.548387	98	G	TGGGG	ok
chr7	87197946	87197947	-	0.999997	Prob	0.56	64	G	ATGCA	ok
chr3	186582051	186582052	+	0.999984	Prob	0.44	70	C	GGCAT	ok
chr8	143576145	143576146	-	0.999543	Prob	0.548387	46	G	CAGCC	ok
chr3	150567971	150567972	+	0.999997	Prob	0.652174	36	C	TGCTG	ok
chr22	37679655	37679656	+	0.999543	Prob	0.538462	1069	C	TACGA	ok
chr6	132816537	132816538	+	0.999992	Prob	0.478261	3719	C	TGCTG	ok
chr9	127935450	127935451	-	0.999997	Prob	0.481481	104	G	GAGTG	ok
chr3	167720240	167720241	-	0.999984	Prob	0.551724	107	G	GTGAT	ok
chr5	1321789	1321790	-	0.999032	Prob	0.636364	75	G	CAGCA	ok
chr8	53967948	53967949	-	0.99999	Prob	0.581395	67	G	AAGGC	ok
chr8	145054030	145054031	+	0.99999	Prob	0.514286	101	C	GCCCA	ok
chr11	252580	252581	+	0.999992	Prob	0.662162	152	C	GGCCC	ok
chr11	73787965	73787966	+	0.999997	Prob	0.565217	118	C	AGCAA	ok
chr12	67312952	67312953	+	0.999992	Prob	0.414634	106	C	TTCAT	ok
chr19	48617327	48617328	-	0.99999	Prob	0.511905	2208	G	AGGGA	ok
chr16	30068666	30068667	+	0.999997	Prob	0.512195	478	C	CCCTG	ok
chr16	11837746	11837747	-	0.99999	Prob	0.638889	48	G	TGGAG	ok
chr17	82238775	82238776	+	0.999992	Prob	0.652174	100	C	CCCTG	ok
chr17	44321153	44321154	-	0.999997	Prob	0.565217	243	G	CAGCT	ok
chr19	17279167	17279168	+	0.999997	Prob	0.545455	115	C	TACCT	ok
chr5	74776654	74776655	+	0.999997	Prob	0.43038	93	C	TGCAG	ok
chr1	154259962	154259963	+	0.999997	Prob	0.47619	82	C	TCCCA	ok
chr12	11171343	11171344	+	0.999997	Prob	0.46875	35	C	GGCGA	ok
chr7	95405481	95405482	-	0.999997	Prob	0.538462	183	G	GCGGA	ok
chr4	83284608	83284609	-	0.999997	Prob	0.6	72	G	CCGCG	ok
chr5	311377	311378	+	0.999984	Prob	0.346154	848	C	TTCAT	ok
chr1	32222605	32222606	+	0.999984	Prob	0.488889	190	C	CTCCT	ok
chr1	156594140	156594141	+	0.999997	Prob	0.489796	147	C	AACTG	ok
chr11	62885490	62885491	+	0.999997	Prob	0.489796	652	C	TCCTT	ok
chr3	39412315	39412316	+	0.999996	Prob	0.69697	4574	C	AGCTC	ok
chr6	29944346	29944347	+	0.999997	Prob	0.432432	224	C	CACCT	ok
chr16	2821596	2821597	+	0.999997	Prob	0.557895	205	C	GGCCG	ok
chr17	5474660	5474661	-	0.99999	Prob	0.538462	112	G	GGGTC	ok
chr22	30334297	30334298	-	0.999996	Prob	0.625	43	G	TAGGA	ok
chr15	41309441	41309442	-	0.999997	Prob	0.42	61	G	CAGAG	ok
chr7	101206134	101206135	-	0.999997	Prob	0.571429	32	G	GAGCA	ok
chr2	27441865	27441866	+	0.999997	Prob	0.571429	58	C	TGCAG	ok
chr6	43020783	43020784	+	0.999543	Prob	0.642857	103	C	GCCCC	ok
chr7	128758992	128758993	+	0.99999	Prob	0.45	49	C	TCCTG	ok
chr19	14514896	14514897	-	0.999997	Prob	0.45	119	G	CAGAC	ok
chr20	23350838	23350839	+	0.999997	Prob	0.5	33	C	TGCGC	ok
chr8	30082878	30082879	-	0.999997	Prob	0.666667	77	G	CGGTC	ok
chr2	232569082	232569083	+	0.999997	Prob	0.588235	114	C	GGCGT	ok
chr12	14788980	14788981	-	0.999997	Prob	0.485714	42	G	TGGGG	ok
chr19	49451769	49451770	-	0.999997	Prob	0.636364	58	G	GTGTC	ok
chr2	85581609	85581610	+	0.999984	Prob	0.555556	130	C	GGCTC	ok
chr3	156542328	156542329	-	0.99999	Prob	0.583333	43	G	TGGAG	ok
chr7	27758103	27758104	+	0.999032	Prob	0.380952	67	C	ATCAA	ok
chr1	26281452	26281453	+	0.999996	Prob	0.571429	110	C	TGCCA	ok
chr4	88523611	88523612	-	0.999997	Prob	0.472222	74	G	ACGCG	ok
chr8	65602930	65602931	-	0.999997	Prob	0.458333	34	G	GTGAC	ok
chr2	222571904	222571905	-	0.999997	Prob	0.484848	79	G	AGGAG	ok
chr12	56159644	56159645	+	0.999997	Prob	0.547619	902	C	AGCCA	ok
chr4	99061954	99061955	+	0.999543	Prob	0.521739	28	C	GACTC	ok
chr15	78169846	78169847	+	0.999997	Prob	0.571429	38	C	AACTT	ok
chr11	62765349	62765350	+	0.999997	Prob	0.463768	153	C	TTCAG	ok
chr15	83011573	83011574	-	0.999997	Prob	0.482759	41	G	CCGAA	ok
chr3	52231458	52231459	-	0.999992	Prob	0.545455	41	G	AAGAG	ok
chr16	69424757	69424758	+	0.999997	Prob	0.462963	71	C	ACCTA	ok
chr3	184300355	184300356	+	0.999997	Prob	0.542857	52	C	GACTT	ok
chr18	12703096	12703097	+	0.999996	Prob	0.368421	72	C	CCCCA	ok
chr19	54123544	54123545	+	0.999543	Prob	0.47619	33	C	CGCCT	ok
chr16	1841953	1841954	-	0.999997	Prob	0.478261	46	G	TAGAC	ok
chr8	145053115	145053116	+	0.999997	Prob	0.421053	94	C	GCCTC	ok
chr14	54411602	54411603	+	0.999997	Prob	0.586207	100	C	ATCAT	ok
chr3	10301240	10301241	-	0.999997	Prob	0.459459	327	G	GAGCC	ok
chr21	43676893	43676894	+	0.999997	Prob	0.565217	31	C	AGCTG	ok
chr19	8485838	8485839	+	0.999997	Prob	0.5	57	C	AGCGC	ok
chr6	24785695	24785696	+	0.99999	Prob	0.492958	199	C	TTCTG	ok
chr9	35057075	35057076	-	0.999543	Prob	0.512821	190	G	AAGGT	ok
chr16	1938363	1938364	-	0.999997	Prob	0.434211	90	G	CAGTC	ok
chr1	220100549	220100550	+	0.999997	Prob	0.538462	82	C	TGCCC	ok
chr1	151761539	151761540	-	0.999997	Prob	0.609756	127	G	TAGAA	ok
chr10	102422187	102422188	+	0.999997	Prob	0.45	31	C	AACGC	ok
chr1	87344881	87344882	+	0.99999	Prob	0.652174	38	C	CACCT	ok
chr1	70221755	70221756	+	0.999997	Prob	0.576923	155	C	GTCTC	ok
chr1	47334047	47334048	+	0.99999	Prob	0.551724	64	C	AGCCG	ok
chr10	74708439	74708440	+	0.999543	Prob	0.513514	131	C	TCCAC	ok
chr9	113267199	113267200	-	0.999997	Prob	0.555556	66	G	CTGGT	ok
chr9	97664369	97664370	+	0.999992	Prob	0.62963	29	C	TTCGT	ok
chr16	71915662	71915663	+	0.99999	Prob	0.565217	39	C	AGCTG	ok
chr6	3152903	3152904	+	0.999997	Prob	0.652174	33	C	CACAT	ok
chr10	3132438	3132439	+	0.99999	Prob	0.511111	123	C	CTCAG	ok
chr12	56143093	56143094	+	0.999997	Prob	0.423077	31	C	CACCA	ok
chr22	41661429	41661430	+	0.999996	Prob	0.572917	741	C	TACCA	ok
chr6	134170876	134170877	-	0.999543	Prob	0.608696	140	G	CAGTT	ok
chr7	100094269	100094270	-	0.999543	Prob	0.666667	201	G	ATGCT	ok
chr3	50289751	50289752	-	0.999997	Prob	0.586207	118	G	GGGCA	ok
chr16	2821027	2821028	+	0.999997	Prob	0.651163	160	C	TTCCT	ok
chr19	49686217	49686218	+	0.999992	Prob	0.615385	201	C	TGCCA	ok
chr17	41691141	41691142	+	0.99999	Prob	0.5	280	C	CTCCT	ok
chr13	106568043	106568044	-	0.999997	Prob	0.84	60	G	ACGGA	ok
chr6	35470656	35470657	+	0.999996	Prob	0.533333	2250	C	GTCAA	ok
chr11	62571844	62571845	-	0.999997	Prob	0.629032	1393	G	TAGGC	ok
chr5	90474978	90474979	+	0.999997	Prob	0.47619	25	C	TTCGG	ok
chr8	97852327	97852328	+	0.999997	Prob	0.439024	292	C	TGCCT	ok
chr8	144789948	144789949	-	0.999997	Prob	0.593407	4501	G	AAGGA	ok
chr8	143580674	143580675	-	0.99999	Prob	0.566667	455	G	CTGGT	ok
chr11	62888605	62888606	+	0.999997	Prob	0.536585	826	C	GGCCG	ok
chr12	122981185	122981186	+	0.999984	Prob	0.47619	108	C	GTCCC	ok
chr14	64932144	64932145	+	0.99999	Prob	0.571429	135	C	TACCA	ok
chr12	43793942	43793943	-	0.999997	Prob	0.541667	80	G	AAGAC	ok
chr16	28727026	28727027	+	0.999984	Prob	0.809524	134	C	AGCAA	ok
chr17	7574662	7574663	+	0.999997	Prob	0.55	889	C	TTCTA	ok
chr19	12939502	12939503	+	0.99999	Prob	0.542857	175	C	GACGC	ok
chr19	8486361	8486362	+	0.99999	Prob	0.590909	92	C	TGCTC	ok
chr1	154263226	154263227	+	0.999997	Prob	0.352941	113	C	GACCA	ok
chr6	43013385	43013386	-	0.999543	Prob	0.545455	87	G	CAGGG	ok
chr17	49702924	49702925	-	0.999997	Prob	0.608696	101	G	GAGGC	ok
chr17	76563146	76563147	+	0.999997	Prob	0.607143	122	C	ATCAG	ok
chr6	63580705	63580706	+	0.99999	Prob	0.517241	226	C	TACGT	ok
chr8	108236181	108236182	-	0.999032	Prob	0.52381	300	G	TAGTC	ok
chr2	197486698	197486699	-	0.99999	Prob	0.55	654	G	GTGGT	ok
chr17	81512043	81512044	-	0.999997	Prob	0.677419	609	G	ATGCC	ok
chr19	46775043	46775044	-	0.999543	Prob	0.55	126	G	GAGGT	ok
chr17	4959616	4959617	-	0.999543	Prob	0.514286	50	G	GCGTG	ok
chr22	36481622	36481623	-	0.999997	Prob	0.483871	37	G	ACGCC	ok
chr14	39176106	39176107	+	0.999997	Prob	0.538462	28	C	TTCTG	ok
chr8	11826136	11826137	+	0.99999	Prob	0.62963	111	C	GGCCT	ok
chr17	18107576	18107577	+	0.999997	Prob	0.65	47	C	CTCAG	ok
chr3	51935360	51935361	-	0.999996	Prob	0.642857	33	G	AAGCT	ok
chr12	55819419	55819420	+	0.999997	Prob	0.602564	124	C	CACAC	ok
chr19	18921933	18921934	+	0.999996	Prob	0.384615	42	C	AACAC	ok
chr19	14515266	14515267	-	0.999997	Prob	0.772727	94	G	AGGTC	ok
chr12	47968676	47968677	+	0.999997	Prob	0.529412	203	C	GTCAG	ok
chr15	79889267	79889268	-	0.999992	Prob	0.538462	56	G	TTGAT	ok
chr14	60968491	60968492	+	0.999543	Prob	0.565217	31	C	TTCAG	ok
chr12	53040742	53040743	+	0.999997	Prob	0.586207	62	C	TCCTC	ok
chr1	31271463	31271464	-	0.999997	Prob	0.432432	44	G	ATGGT	ok
chr6	43181407	43181408	+	0.99999	Prob	0.533333	40	C	GACCC	ok
chr19	2737087	2737088	-	0.999997	Prob	0.722222	27	G	TGGCC	ok
chr1	26281247	26281248	+	0.999992	Prob	0.494737	110	C	CCCCA	ok
chr8	20220887	20220888	+	0.999997	Prob	0.703704	53	C	GGCTG	ok
chr16	14895969	14895970	+	0.999997	Prob	0.76	29	C	TTCAG	ok
chr15	79311319	79311320	+	0.99999	Prob	0.785714	40	C	GCCCT	ok
chr19	38304427	38304428	+	0.99999	Prob	0.540541	105	C	ATCCC	ok
chr11	62766648	62766649	+	0.999997	Prob	0.510204	150	C	AGCTT	ok
chr2	70088250	70088251	+	0.999996	Prob	0.518519	39	C	CGCTC	ok
chr2	227356994	227356995	+	0.999997	Prob	0.714286	70	C	AACTA	ok
chr3	33016750	33016751	-	0.999996	Prob	0.5	58	G	ATGTT	ok
chr4	83273514	83273515	-	0.999997	Prob	0.694444	75	G	CAGAA	ok
chr12	6528062	6528063	+	0.999984	Prob	0.375	32	C	CACTT	ok
chr6	30725021	30725022	+	0.999996	Prob	0.513158	398	C	TCCAA	ok
chr8	145055837	145055838	+	0.999997	Prob	0.529412	137	C	GGCAG	ok
chr12	64439282	64439283	+	0.999996	Prob	0.73913	30	C	TGCCC	ok
chr12	54284779	54284780	+	0.999996	Prob	0.508197	924	C	TCCAA	ok
chr14	24210692	24210693	-	0.999997	Prob	0.547619	75	G	ATGGC	ok
chr20	44907959	44907960	+	0.999032	Prob	0.558824	66	C	CTCAG	ok
chr19	34400165	34400166	+	0.999997	Prob	0.5	290	C	CCCTT	ok
chr6	34887802	34887803	-	0.999997	Prob	0.44	39	G	CTGCA	ok
chr1	233671656	233671657	+	0.99999	Prob	0.681818	32	C	TGCAA	ok
chr1	220147856	220147857	+	0.999997	Prob	0.468354	98	C	ATCTG	ok
chr1	153974642	153974643	-	0.999997	Prob	0.409091	516	G	AGGGT	ok
chrx	153930222	153930223	-	0.99999	Prob	0.380952	196	G	CAGCT	ok
chr1	77161374	77161375	-	0.999997	Prob	0.5	29	G	AAGAT	ok
chr9	135504329	135504330	+	0.999997	Prob	0.555556	117	C	AACAG	ok
chr9	129006072	129006073	+	0.999543	Prob	0.555556	30	C	CTCAC	ok
chr9	37498183	37498184	+	0.999997	Prob	0.47619	29	C	ACCCT	ok
chrx	16743728	16743729	+	0.999543	Prob	0.546875	76	C	TCCGG	ok
chr4	55417893	55417894	+	0.999997	Prob	0.655172	30	C	TTCAC	ok
chr2	121766343	121766344	+	0.999543	Prob	0.391304	39	C	ACCTG	ok
chr2	199956042	199956043	+	0.999997	Prob	0.695652	37	C	CCCCG	ok
chr7	116559018	116559019	+	0.999032	Prob	0.434783	87	C	CACCA	ok
chr12	56142864	56142865	+	0.999997	Prob	0.454545	24	C	GGCCA	ok
chr3	32997249	32997250	-	0.999997	Prob	0.481481	88	G	AGGTC	ok
chr4	83107942	83107943	-	0.999543	Prob	0.526316	387	G	AAGCA	ok
chr3	23919527	23919528	+	0.999543	Prob	0.553571	3619	C	TACTT	ok
chr17	49405089	49405090	-	0.999997	Prob	0.44	689	G	CAGCT	ok
chr19	44903585	44903586	+	0.999997	Prob	0.571429	72	C	TCCCA	ok
chr12	69258987	69258988	+	0.999997	Prob	0.357143	49	C	CACCA	ok
chr14	101906439	101906440	+	0.999996	Prob	0.571429	34	C	TACAT	ok
chr5	134767015	134767016	+	0.999997	Prob	0.546875	92	C	TCCCG	ok
chr7	5527417	5527418	-	0.999997	Prob	0.507042	1093	G	CTGGG	ok
chr6	33416958	33416959	-	0.999997	Prob	0.44186	408	G	GGGTT	ok
chr19	16646282	16646283	-	0.999543	Prob	0.75	44	G	TGGTA	ok
chr1	44778025	44778026	+	0.99999	Prob	0.391304	6924	C	AACAA	ok
chr4	39456515	39456516	-	0.999992	Prob	0.541667	827	G	CAGAC	ok
chr4	151103055	151103056	+	0.99999	Prob	0.426829	3660	C	GACTT	ok
chr8	143021950	143021951	+	0.999996	Prob	0.47619	287	C	TGCCT	ok
chr15	101272235	101272236	-	0.99999	Prob	0.678571	76	G	AAGTC	ok
chr8	145055098	145055099	+	0.999997	Prob	0.488889	86	C	TGCTT	ok
chr11	123059255	123059256	-	0.999997	Prob	0.480519	1614	G	CTGGA	ok
chr2	63594505	63594506	+	0.999997	Prob	0.531915	206	C	TCCTT	ok
chr8	30063397	30063398	-	0.999997	Prob	0.45	135	G	CAGAA	ok
chr12	49559764	49559765	-	0.99999	Prob	0.384615	103	G	CAGTT	ok
chr16	30067570	30067571	+	0.999997	Prob	0.675	419	C	ATCCT	ok
chr16	11846590	11846591	-	0.999996	Prob	0.525	70	G	CAGAT	ok
chr19	5690560	5690561	+	0.999997	Prob	0.666667	2843	C	ACCAA	ok
chr19	1440465	1440466	+	0.999543	Prob	0.6	4503	C	GGCTC	ok
chr19	1597446	1597447	-	0.999032	Prob	0.520833	74	G	TGGGG	ok
chr6	52277653	52277654	-	0.999997	Prob	0.5	51	G	TTGGG	ok
chr14	94050999	94051000	-	0.999543	Prob	0.434783	56	G	AAGCT	ok
chr16	30065779	30065780	+	0.999543	Prob	0.69697	59	C	CCCTT	ok
chr1	108651130	108651131	-	0.999997	Prob	0.384615	99	G	ATGAC	ok
chr19	49491972	49491973	+	0.999997	Prob	0.470588	1388	C	TCCCG	ok
chr3	49359831	49359832	-	0.999997	Prob	0.584615	565	G	GAGTA	ok
chr17	81843944	81843945	-	0.999997	Prob	0.52381	365	G	AGGCG	ok
chr12	56153926	56153927	+	0.999997	Prob	0.536585	68	C	CCCAA	ok
chr1	156742331	156742332	-	0.999543	Prob	0.568627	135	G	GTGAC	ok
chr19	39972509	39972510	+	0.999997	Prob	0.632911	105	C	TTCTG	ok
chr14	67590084	67590085	-	0.999992	Prob	0.607143	33	G	TGGGC	ok
chr16	74305859	74305860	+	0.999543	Prob	0.608108	84	C	GCCTC	ok
chr7	101239683	101239684	-	0.999997	Prob	0.612903	101	G	AGGGG	ok
chr6	24785856	24785857	+	0.999997	Prob	0.577778	206	C	TTCTT	ok
chr1	43976325	43976326	+	0.999997	Prob	0.595238	378	C	TCCAT	ok
chr2	136115414	136115415	-	0.999997	Prob	0.576923	43	G	AAGTC	ok
chr4	109717589	109717590	-	0.999032	Prob	0.5	42	G	TCGGC	ok
chr1	45014538	45014539	+	0.999997	Prob	0.695652	170	C	GGCCA	ok
chr19	11553236	11553237	-	0.999543	Prob	0.507246	97	G	TAGAA	ok
chr17	67743969	67743970	+	0.999997	Prob	0.52381	45	C	AACGT	ok
chr13	48086316	48086317	-	0.999992	Prob	0.481481	36	G	TAGCT	ok
chr14	77735947	77735948	-	0.999996	Prob	0.444444	48	G	AGGAG	ok
chr17	78972168	78972169	-	0.999543	Prob	0.565217	44	G	CTGGA	ok
chr2	85401851	85401852	-	0.999996	Prob	0.607143	117	G	GAGAA	ok
chr11	68755733	68755734	-	0.999997	Prob	0.56	48	G	TTGTT	ok
chr4	88521093	88521094	-	0.999997	Prob	0.511111	113	G	AAGTA	ok
chr11	61368937	61368938	+	0.999997	Prob	0.6	73	C	CCCCT	ok
chr5	69208314	69208315	+	0.999997	Prob	0.6	36	C	TACAG	ok
chr16	67438539	67438540	-	0.999543	Prob	0.444444	53	G	GGGAT	ok
chr1	116395217	116395218	+	0.99999	Prob	0.432432	64	C	CTCCA	ok
chr17	2335311	2335312	-	0.999997	Prob	0.575758	43	G	GTGCT	ok
chr14	93206946	93206947	-	0.999997	Prob	0.413793	47	G	CTGGA	ok
chr16	642030	642031	+	0.999997	Prob	0.525	62	C	CGCAG	ok
chr11	66539382	66539383	-	0.99999	Prob	0.525	43	G	GAGTG	ok
chr10	75231193	75231194	+	0.999997	Prob	0.551724	676	C	TGCAG	ok
chr10	133419564	133419565	+	0.999997	Prob	0.527778	78	C	CGCAG	ok
chr3	15573192	15573193	-	0.999992	Prob	0.428571	31	G	AAGTA	ok
chr10	95264053	95264054	-	0.999997	Prob	0.564103	98	G	GTGCA	ok
chr16	28714367	28714368	+	0.99999	Prob	0.724138	45	C	GCCAA	ok
chr12	56469664	56469665	+	0.999996	Prob	0.3	19	C	ACCTC	ok
chr11	10804338	10804339	-	0.99999	Prob	0.541667	76	G	TTGGT	ok
chr5	173164165	173164166	+	0.99999	Prob	0.666667	32	C	ACCAT	ok
chr17	43015701	43015702	-	0.99999	Prob	0.681818	23	G	ACGGG	ok
chr10	43386025	43386026	-	0.99999	Prob	0.512821	190	G	GTGAA	ok
chr7	116258648	116258649	+	0.999997	Prob	0.52381	47	C	CACTT	ok
chr12	29343132	29343133	-	0.999543	Prob	0.534483	66	G	AAGAT	ok
chr1	233666703	233666704	+	0.99999	Prob	0.736842	23	C	CGCAT	ok
chr6	159777370	159777371	+	0.999992	Prob	0.603774	62	C	ACCTT	ok
chr1	169388096	169388097	+	0.999997	Prob	0.684211	23	C	ATCAT	ok
chr6	117708294	117708295	+	0.999984	Prob	0.5	26	C	TCCCT	ok
chr6	106186297	106186298	-	0.99999	Prob	0.5	65	G	TGGTC	ok
chrx	153454488	153454489	-	0.999543	Prob	0.35	53	G	CTGCC	ok
chr1	65431982	65431983	+	0.999543	Prob	0.47619	31	C	CACAT	ok
chr10	93519790	93519791	+	0.999543	Prob	0.641509	59	C	AACAC	ok
chr20	44885834	44885835	+	0.99999	Prob	0.491525	379	C	ATCTC	ok
chr1	25360699	25360700	+	0.999543	Prob	0.534483	74	C	GGCAG	ok
chr9	83968639	83968640	-	0.999543	Prob	0.48	449	G	AAGCA	ok
chr13	45337347	45337348	-	0.999543	Prob	0.541176	1757	G	ATGAT	ok
chr2	27312232	27312233	-	0.999984	Prob	0.413793	57	G	GGGCA	ok
chr5	69366552	69366553	-	0.999992	Prob	0.537313	268	G	ACGCA	ok
chr19	38307627	38307628	-	0.999997	Prob	0.56	104	G	CAGGT	ok
chr2	74198689	74198690	+	0.999984	Prob	0.435897	74	C	AGCCC	ok
chr12	43794951	43794952	-	0.999997	Prob	0.678571	68	G	CAGAA	ok
chr17	7259827	7259828	+	0.999997	Prob	0.535714	107	C	AGCCA	ok
chr9	2837253	2837254	-	0.999997	Prob	0.521739	22	G	GTGAT	ok
chr19	38933007	38933008	+	0.999543	Prob	0.444444	244	C	CGCTT	ok
chr3	48599642	48599643	-	0.999997	Prob	0.586957	474	G	CAGCC	ok
chr3	100162368	100162369	+	0.999997	Prob	0.54902	84	C	AGCTG	ok
chr7	157385950	157385951	+	0.99999	Prob	0.464789	97	C	CACTA	ok
chr5	80633967	80633968	-	0.999543	Prob	0.555556	26	G	AAGAT	ok
chr3	49359413	49359414	-	0.99999	Prob	0.5	491	G	TGGGG	ok
chr4	98880569	98880570	-	0.999997	Prob	0.516667	64	G	AAGAA	ok
chr6	165940527	165940528	-	0.999543	Prob	0.636364	44	G	GCGCA	ok
chrx	68499097	68499098	+	0.999997	Prob	0.518519	31	C	CCCGG	ok
chr13	106567859	106567860	-	0.999997	Prob	0.615385	71	G	TTGTG	ok
chr1	10431113	10431114	+	0.999997	Prob	0.47619	20	C	CTCTG	ok
chr22	37679624	37679625	+	0.999992	Prob	0.590909	1071	C	GGCCA	ok
chr3	51993890	51993891	-	0.999543	Prob	0.6	2183	G	TGGCA	ok
chr7	135675129	135675130	+	0.999997	Prob	0.7	29	C	AGCTT	ok
chr5	171410672	171410673	+	0.999996	Prob	0.428571	2312	C	ACCGT	ok
chr11	123059611	123059612	-	0.999997	Prob	0.523077	1525	G	TTGTC	ok
chr11	64203521	64203522	+	0.999997	Prob	0.4	99	C	AGCGA	ok
chr12	54281820	54281821	+	0.99999	Prob	0.416667	567	C	CGCTC	ok
chr12	98515931	98515932	+	0.99999	Prob	0.5	56	C	CGCCA	ok
chr16	28735473	28735474	+	0.999992	Prob	0.488372	213	C	CGCGG	ok
chr17	7578764	7578765	+	0.999997	Prob	0.425	332	C	CTCCT	ok
chr17	78172370	78172371	+	0.999543	Prob	0.608696	212	C	GACCA	ok
chr19	2426884	2426885	-	0.99999	Prob	0.416667	387	G	GCGGA	ok
chr19	49497318	49497319	+	0.999997	Prob	0.607143	1917	C	CCCAA	ok
chr19	17279063	17279064	+	0.999997	Prob	0.54386	115	C	ATCTG	ok
chr6	31817618	31817619	+	0.999032	Prob	0.62963	72	C	GGCTT	ok
chr1	175004673	175004674	+	0.999984	Prob	0.413793	426	C	TACGT	ok
chr2	232522707	232522708	+	0.999984	Prob	0.466667	87	C	ACCCG	ok
chr19	812048	812049	+	0.999992	Prob	0.469388	445	C	GACCC	ok
chr6	34424688	34424689	-	0.999997	Prob	0.47541	4941	G	CAGTC	ok
chr1	154207537	154207538	-	0.999984	Prob	0.555556	297	G	TGGAG	ok
chr16	1997897	1997898	-	0.999997	Prob	0.5	90	G	GGGCT	ok
chr7	42927426	42927427	-	0.999997	Prob	0.571429	630	G	AAGCA	ok
chr17	39204538	39204539	+	0.999543	Prob	0.595506	4406	C	GGCCC	ok
chr6	30724180	30724181	+	0.999996	Prob	0.48	1174	C	GCCAT	ok
chr1	35190873	35190874	-	0.999543	Prob	0.5	60	G	AAGGT	ok
chr18	74149031	74149032	+	0.999997	Prob	0.52	27	C	AGCAA	ok
chr15	64970125	64970126	-	0.999997	Prob	0.543478	54	G	ATGAA	ok
chr22	30334427	30334428	-	0.999996	Prob	0.5	38	G	AGGGT	ok
chr15	40873046	40873047	-	0.999997	Prob	0.394737	44	G	CAGCC	ok
chr19	48720868	48720869	-	0.999997	Prob	0.72549	95	G	GAGGA	ok
chr11	60890933	60890934	-	0.999997	Prob	0.638889	54	G	GAGGG	ok
chr2	215326868	215326869	+	0.99999	Prob	0.4	40	C	TTCAG	ok
chr19	34428518	34428519	+	0.999984	Prob	0.586957	50	C	GGCTG	ok
chr19	14516525	14516526	-	0.999997	Prob	0.555556	67	G	TTGTG	ok
chr12	82353138	82353139	-	0.999997	Prob	0.652174	33	G	TAGGA	ok
chr11	34146741	34146742	+	0.999996	Prob	0.518519	43	C	CCCAC	ok
chr16	89904181	89904182	+	0.99999	Prob	0.515152	50	C	TTCTT	ok
chr12	49763885	49763886	+	0.99999	Prob	0.6	91	C	AGCAG	ok
chr2	95100843	95100844	-	0.999997	Prob	0.681818	69	G	TGGTC	ok
chr11	125583986	125583987	+	0.999543	Prob	0.622222	102	C	CTCCC	ok
chr21	32603285	32603286	-	0.999543	Prob	0.4625	114	G	GAGCC	ok
chr4	82429385	82429386	-	0.999997	Prob	0.543478	188	G	CAGCA	ok
chr5	10307806	10307807	-	0.999997	Prob	0.6	26	G	AGGTG	ok
chr15	79313763	79313764	+	0.99999	Prob	0.666667	41	C	CACTG	ok
chr12	120127713	120127714	-	0.999997	Prob	0.533333	50	G	TGGCT	ok
chr8	54047993	54047994	-	0.99999	Prob	0.5	62	G	CTGGG	ok
chr9	137188685	137188686	+	0.999997	Prob	0.7	30	C	TTCCG	ok
chr22	42518013	42518014	-	0.999984	Prob	0.6	76	G	CAGTA	ok
chr7	5912855	5912856	+	0.999032	Prob	0.416667	67	C	GACCC	ok
chr22	42079901	42079902	+	0.999543	Prob	0.578947	118	C	GTCGA	ok
chr7	56061801	56061802	+	0.999984	Prob	0.616279	442	C	AGCAG	ok
chr22	44168834	44168835	+	0.999992	Prob	0.590909	40	C	CCCCC	ok
chr6	34421744	34421745	-	0.999032	Prob	0.5	4953	G	CCGTC	ok
chr15	73560761	73560762	-	0.999997	Prob	0.285714	49	G	ATGCA	ok
chr16	31094723	31094724	-	0.999543	Prob	0.666667	198	G	CTGCC	ok
chr17	43015488	43015489	-	0.999992	Prob	0.5	33	G	ATGGC	ok
chr11	85628600	85628601	+	0.999997	Prob	0.409091	61	C	GCCAC	ok
chr7	116918658	116918659	+	0.999996	Prob	0.578947	44	C	GTCTC	ok
chr1	212782398	212782399	-	0.999997	Prob	0.782609	28	G	CAGTG	ok
chr1	182880529	182880530	+	0.999997	Prob	0.537313	94	C	GACTC	ok
chr10	100362319	100362320	+	0.999997	Prob	0.361111	38	C	TTCTC	ok
chr1	67411259	67411260	-	0.999997	Prob	0.413793	83	G	TGGAT	ok
chr1	47368501	47368502	+	0.999032	Prob	0.555556	67	C	AGCTG	ok
chr20	44907027	44907028	+	0.999984	Prob	0.5	83	C	TTCCT	ok
chr9	121179831	121179832	-	0.999997	Prob	0.6	43	G	GTGTA	ok
chr11	112095581	112095582	+	0.999997	Prob	0.344828	151	C	CCCTG	ok
chr9	83968397	83968398	-	0.999543	Prob	0.553191	508	G	AAGTT	ok
chr16	69718238	69718239	-	0.999997	Prob	0.466667	193	G	AGGGT	ok
chr6	4130400	4130401	-	0.999997	Prob	0.512195	204	G	GGGCC	ok
chr10	3129928	3129929	+	0.99999	Prob	0.486486	111	C	GCCGG	ok
chr6	44256402	44256403	-	0.999997	Prob	0.35	27	G	CCGCC	ok
chr17	32358541	32358542	+	0.99999	Prob	0.75	39	C	TACCT	ok
chr17	16382471	16382472	+	0.99999	Prob	0.448718	1157	C	TCCCC	ok
chr19	54191598	54191599	+	0.999997	Prob	0.487179	88	C	ACCAC	ok
chr16	1817264	1817265	-	0.999997	Prob	0.52	47	G	AGGTG	ok
chr22	41653566	41653567	+	0.999032	Prob	0.555556	567	C	GTCTG	ok
chr4	83090937	83090938	-	0.999996	Prob	0.411765	585	G	CTGCT	ok
chr12	53039667	53039668	+	0.999543	Prob	0.5	180	C	ACCTG	ok
chr7	157382249	157382250	+	0.999992	Prob	0.511628	64	C	GACCC	ok
chr7	103364204	103364205	+	0.999992	Prob	0.708333	207	C	CCCGG	ok
chr7	44568135	44568136	-	0.999997	Prob	0.522727	197	G	ATGGC	ok
chr6	165940375	165940376	-	0.999543	Prob	0.384615	50	G	TTGCC	ok
chr7	44579333	44579334	-	0.99999	Prob	0.45	34	G	GTGGC	ok
chrx	68499112	68499113	+	0.999997	Prob	0.619048	31	C	GCCCA	ok
chr1	32633656	32633657	-	0.999997	Prob	0.625	50	G	AAGAA	ok
chr1	235155091	235155092	-	0.999997	Prob	0.586207	69	G	CAGCA	ok
chr1	44777701	44777702	+	0.999543	Prob	0.464286	6840	C	TGCAT	ok
chr5	33460971	33460972	+	0.999997	Prob	0.565217	219	C	TTCAT	ok
chr11	47630609	47630610	-	0.999997	Prob	0.47619	258	G	AAGTC	ok
chr16	3662047	3662048	-	0.999032	Prob	0.428571	392	G	CAGCT	ok
chr17	7014250	7014251	+	0.999997	Prob	0.54386	599	C	TTCGG	ok
chr14	20476989	20476990	+	0.999997	Prob	0.553846	385	C	GCCTT	ok
chr15	60352401	60352402	-	0.999997	Prob	0.619048	1070	G	ACGCT	ok
chr16	29443396	29443397	-	0.999997	Prob	0.575758	94	G	GTGGA	ok
chr17	81510998	81510999	-	0.999996	Prob	0.571429	1046	G	ATGGT	ok
chr17	68044496	68044497	+	0.999997	Prob	0.545455	426	C	ATCTT	ok
chr19	13154682	13154683	+	0.999984	Prob	0.62963	49	C	ATCAC	ok
chr17	42838732	42838733	+	0.999032	Prob	0.5	61	C	GTCAA	ok
chr19	50506137	50506138	-	0.999032	Prob	0.5	60	G	CAGGG	ok
chr6	31817393	31817394	+	0.99999	Prob	0.578947	47	C	GCCTT	ok
chr17	36560857	36560858	+	0.999997	Prob	0.421053	27	C	AGCCA	ok
chr1	120952449	120952450	+	0.999996	Prob	0.533333	71	C	GGCAG	ok
chr6	87086336	87086337	-	0.99999	Prob	0.565217	30	G	GTGGG	ok
chr1	119742974	119742975	+	0.99999	Prob	0.597561	659	C	TCCGC	ok
chr4	3518934	3518935	-	0.99999	Prob	0.625	43	G	AGGAA	ok
chr17	76563459	76563460	+	0.999997	Prob	0.454545	125	C	GCCGT	ok
chr7	76304266	76304267	+	0.999997	Prob	0.6875	629	C	TTCTC	ok
chr2	177215764	177215765	+	0.999997	Prob	0.44	383	C	CCCAA	ok
chr7	74195975	74195976	+	0.999984	Prob	0.6	457	C	CACGA	ok
chr7	74196581	74196582	+	0.999997	Prob	0.565217	721	C	GTCCC	ok
chr19	580688	580689	+	0.999984	Prob	0.526316	208	C	AACGA	ok
chr3	39407649	39407650	+	0.99999	Prob	0.487179	3274	C	TTCAC	ok
chr19	46775044	46775045	-	0.99999	Prob	0.428571	126	G	AGGTC	ok
chr16	1772532	1772533	-	0.999997	Prob	0.434783	38	G	GCGTC	ok
chr9	120817927	120817928	-	0.999997	Prob	0.565217	24	G	CTGTC	ok
chr14	22921011	22921012	-	0.999997	Prob	0.583333	204	G	CAGAA	ok
chr17	64500707	64500708	-	0.99999	Prob	0.684211	369	G	TCGAT	ok
chr1	111448789	111448790	-	0.99999	Prob	0.514706	79	G	GAGGA	ok
chr9	135504126	135504127	+	0.999032	Prob	0.3	103	C	TCCCT	ok
chr1	45014439	45014440	+	0.999997	Prob	0.617021	158	C	GGCAT	ok
chr11	18481758	18481759	-	0.999997	Prob	0.666667	27	G	ATGAT	ok
chr4	70827877	70827878	-	0.999992	Prob	0.809524	45	G	CTGTC	ok
chr2	105348570	105348571	+	0.99999	Prob	0.592593	34	C	CTCTA	ok
chr11	110462847	110462848	+	0.999997	Prob	0.619048	27	C	GGCTT	ok
chr17	20999883	20999884	-	0.999997	Prob	0.52381	49	G	GTGGT	ok
chr17	4941115	4941116	+	0.999997	Prob	0.590909	44	C	TTCCA	ok
chr2	135862701	135862702	-	0.999997	Prob	0.419355	33	G	ACGCC	ok
chr15	77070988	77070989	-	0.999997	Prob	0.534247	113	G	GAGCG	ok
chr1	206593690	206593691	-	0.999997	Prob	0.68	58	G	AGGGG	ok
chr16	29963131	29963132	+	0.999997	Prob	0.423077	41	C	CCCCT	ok
chr16	69330081	69330082	-	0.99999	Prob	0.615385	34	G	CGGCT	ok
chr16	67438207	67438208	-	0.999992	Prob	0.564103	63	G	AGGGA	ok
chr1	116393616	116393617	+	0.999543	Prob	0.694444	56	C	TGCAG	ok
chr11	61300003	61300004	-	0.999997	Prob	0.575758	119	G	GGGAA	ok
chr11	66976748	66976749	+	0.99999	Prob	0.529412	91	C	TCCCA	ok
chr12	76866206	76866207	-	0.99999	Prob	0.542857	38	G	TGGTA	ok
chr9	127935312	127935313	-	0.999997	Prob	0.555556	108	G	CTGCC	ok
chr19	12948201	12948202	+	0.999997	Prob	0.318182	145	C	AGCAC	ok
chr14	23098565	23098566	+	0.999984	Prob	0.457143	49	C	TTCCC	ok
chr3	33124419	33124420	+	0.999997	Prob	0.484848	41	C	TCCGA	ok
chr3	186786602	186786603	+	0.999984	Prob	0.514286	105	C	ACCCT	ok
chr12	57230894	57230895	+	0.99999	Prob	0.571429	50	C	GGCTG	ok
chr19	12796969	12796970	-	0.999997	Prob	0.478261	853	G	AGGGG	ok
chr22	17138694	17138695	-	0.999997	Prob	0.363636	41	G	CTGGT	ok
chr11	62880989	62880990	+	0.99999	Prob	0.458333	139	C	CGCAA	ok
chr15	67526495	67526496	+	0.999997	Prob	0.708333	57	C	ACCCA	ok
chr2	174075197	174075198	-	0.999997	Prob	0.290323	128	G	TAGGG	ok
chr21	25606503	25606504	-	0.999543	Prob	0.54878	128	G	CCGGG	ok
chr6	24785847	24785848	+	0.99999	Prob	0.465753	205	C	CTCCA	ok
chr1	167773252	167773253	+	0.999997	Prob	0.586207	45	C	TTCCA	ok
chr3	108090923	108090924	-	0.999997	Prob	0.65	43	G	GCGGG	ok
chr1	219988646	219988647	-	0.999032	Prob	0.595745	90	G	TTGTC	ok
chr10	102424768	102424769	-	0.999997	Prob	0.553846	95	G	AGGAG	ok
chr1	70145505	70145506	-	0.999543	Prob	0.533333	50	G	AAGTT	ok
chr1	44319678	44319679	-	0.999992	Prob	0.482143	68	G	ATGTG	ok
chr1	36136763	36136764	-	0.99999	Prob	0.558824	84	G	TAGCA	ok
chr1	27892121	27892122	-	0.999543	Prob	0.625	74	G	TAGGT	ok
chr6	31269172	31269173	-	0.999997	Prob	0.576923	164	G	AGGCT	ok
chr1	7985090	7985091	+	0.99999	Prob	0.574468	793	C	GCCGT	ok
chr1	1309764	1309765	+	0.999997	Prob	0.538462	32	C	AGCCC	ok
chr6	4130525	4130526	-	0.999997	Prob	0.468085	198	G	TGGAC	ok
chr10	1040301	1040302	-	0.999997	Prob	0.58	144	G	GGGGC	ok
chr19	49688331	49688332	+	0.99999	Prob	0.545455	230	C	CGCAG	ok
chr11	85631161	85631162	+	0.999997	Prob	0.608696	42	C	TTCCA	ok
chr16	57428774	57428775	-	0.999997	Prob	0.54023	161	G	GAGGG	ok
chr17	21191054	21191055	+	0.99999	Prob	0.619048	41	C	TGCCT	ok
chr6	30724746	30724747	+	0.999032	Prob	0.575758	289	C	CACAT	ok
chr11	836143	836144	+	0.99999	Prob	0.677419	75	C	TGCTG	ok
chr13	106567624	106567625	-	0.99999	Prob	0.48	67	G	CTGCT	ok
chrx	21940747	21940748	+	0.99999	Prob	0.396552	68	C	GCCGC	ok
chr1	20652889	20652890	-	0.999997	Prob	0.5	60	G	GCGGA	ok
chr3	53235005	53235006	-	0.999543	Prob	0.372093	316	G	TGGTA	ok
chr12	69258913	69258914	+	0.999997	Prob	0.48	43	C	TCCTC	ok
chr3	49360255	49360256	-	0.999032	Prob	0.46875	410	G	CAGAG	ok
chr19	55659340	55659341	+	0.999996	Prob	0.64	40	C	GACGC	ok
chr22	23895036	23895037	+	0.999997	Prob	0.52381	62	C	CGCAG	ok
chr21	43755975	43755976	+	0.999997	Prob	0.652174	212	C	CCCAG	ok
chr3	52536733	52536734	+	0.999997	Prob	0.578125	80	C	CCCTC	ok
chr1	155169523	155169524	-	0.999543	Prob	0.547368	924	G	TTGTT	ok
chr7	74196365	74196366	+	0.999997	Prob	0.571429	640	C	TACTC	ok
chr5	235239	235240	+	0.999997	Prob	0.566667	246	C	GCCAT	ok
chr15	101276621	101276622	-	0.999032	Prob	0.595238	103	G	GAGAA	ok
chr11	65855291	65855292	-	0.999997	Prob	0.37931	1277	G	CAGGT	ok
chr8	143580511	143580512	-	0.999032	Prob	0.647059	512	G	TTGAC	ok
chr1	116404541	116404542	+	0.99999	Prob	0.363636	210	C	TACCC	ok
chr12	120200768	120200769	-	0.999543	Prob	0.5	5329	G	CTGTC	ok
chr14	21211091	21211092	-	0.999997	Prob	0.5	658	G	AAGGA	ok
chr15	66504826	66504827	-	0.999997	Prob	0.529412	1149	G	CCGGC	ok
chr16	4509474	4509475	+	0.999997	Prob	0.603448	133	C	TCCCT	ok
chr17	7307701	7307702	+	0.999543	Prob	0.533333	203	C	AGCGG	ok
chr19	2235951	2235952	-	0.999997	Prob	0.5	57	G	GAGGA	ok
chr19	18575195	18575196	+	0.99999	Prob	0.583333	1757	C	GGCCC	ok
chr19	18928400	18928401	+	0.999997	Prob	0.5	89	C	TCCCG	ok
chrx	152767390	152767391	-	0.999997	Prob	0.7	110	G	TGGAG	ok
chr11	65499124	65499125	+	0.999997	Prob	0.478261	227	C	CTCTT	ok
chr1	120952587	120952588	+	0.999996	Prob	0.766667	68	C	GCCCG	ok
chr22	17735530	17735531	-	0.99999	Prob	0.5	75	G	CAGCT	ok
chr1	119744124	119744125	+	0.999984	Prob	0.525	679	C	TTCTT	ok
chr1	108654818	108654819	-	0.999997	Prob	0.482759	92	G	CAGAA	ok
chr22	39522181	39522182	+	0.999997	Prob	0.48	170	C	GACAC	ok
chr7	42917543	42917544	-	0.999997	Prob	0.521739	759	G	CTGAA	ok
chr17	39201311	39201312	+	0.999984	Prob	0.561798	3907	C	GCCAA	ok
chr17	68046744	68046745	+	0.999997	Prob	0.590909	426	C	TACAT	ok
chr6	30723930	30723931	+	0.999032	Prob	0.447761	969	C	CACCC	ok
chr3	184183719	184183720	+	0.999997	Prob	0.47619	271	C	TGCTG	ok
chr22	25457305	25457306	+	0.999997	Prob	0.527273	94	C	ACCGG	ok
chr9	83968958	83968959	-	0.999997	Prob	0.681818	421	G	GAGCA	ok
chr12	98593999	98594000	+	0.99999	Prob	0.48913	811	C	ACCTG	ok
chr16	2154099	2154100	+	0.999997	Prob	0.407407	66	C	GCCTT	ok
chrx	108084612	108084613	-	0.999997	Prob	0.538462	192	G	CTGGC	ok
chr17	3662939	3662940	-	0.999543	Prob	0.416667	92	G	CGGCA	ok
chr17	28346376	28346377	+	0.999997	Prob	0.521739	24	C	CACTG	ok
chr11	60891046	60891047	-	0.999997	Prob	0.564103	54	G	ATGTG	ok
chr5	10680459	10680460	-	0.999032	Prob	0.807692	30	G	AGGGG	ok
chr1	109224020	109224021	+	0.999997	Prob	0.5	62	C	TGCAG	ok
chr2	136115197	136115198	-	0.999997	Prob	0.592593	51	G	GAGGA	ok
chr7	66995444	66995445	-	0.999997	Prob	0.537313	131	G	CGGCG	ok
chr19	10572923	10572924	-	0.999997	Prob	0.42623	140	G	GGGGC	ok
chr12	82352942	82352943	-	0.999997	Prob	0.6	29	G	AGGCC	ok
chr7	128457722	128457723	+	0.999543	Prob	0.642857	35	C	CGCCA	ok
chr2	105348577	105348578	+	0.999543	Prob	0.727273	34	C	TACTA	ok
chr12	14787028	14787029	-	0.999997	Prob	0.571429	64	G	CTGTT	ok
chr16	1788578	1788579	+	0.99999	Prob	0.590909	87	C	CCCCT	ok
chr2	135924452	135924453	-	0.99999	Prob	0.529412	39	G	ATGGC	ok
chr15	77046351	77046352	-	0.999997	Prob	0.550562	199	G	TGGAC	ok
chr2	73729961	73729962	-	0.999997	Prob	0.58209	128	G	TTGAC	ok
chr10	125823706	125823707	+	0.999997	Prob	0.405405	69	C	GACGA	ok
chr18	49797504	49797505	-	0.999997	Prob	0.530612	74	G	CAGAG	ok
chr8	143022315	143022316	+	0.999997	Prob	0.528571	305	C	GCCCT	ok
chr3	186797589	186797590	-	0.999997	Prob	0.6	93	G	TGGTC	ok
chr16	46662335	46662336	-	0.999996	Prob	0.64	139	G	TTGGA	ok
chr11	47618671	47618672	-	0.99999	Prob	0.5	24	G	GTGCT	ok
chr14	93203119	93203120	-	0.999997	Prob	0.583333	25	G	GTGGC	ok
chr19	10258675	10258676	+	0.999997	Prob	0.518519	151	C	TCCCG	ok
chr8	116771635	116771636	+	0.999543	Prob	0.47619	29	C	AACAG	ok
chr16	8855048	8855049	-	0.999543	Prob	0.44898	148	G	GGGAC	ok
chr19	12928605	12928606	-	0.999996	Prob	0.552239	133	G	GGGAG	ok
chr13	27256255	27256256	+	0.999543	Prob	0.554054	263	C	TTCCT	ok
chr8	144105944	144105945	+	0.99999	Prob	0.478261	82	C	CCCAC	ok
chr12	57769029	57769030	-	0.99999	Prob	0.592593	31	G	CTGCC	ok
chr1	154273531	154273532	+	0.999997	Prob	0.539474	230	C	ACCTA	ok
chr19	48382860	48382861	-	0.999997	Prob	0.4375	72	G	GTGGG	ok
chr14	54417944	54417945	+	0.999997	Prob	0.619048	105	C	ACCAT	ok
chr19	44992871	44992872	+	0.99999	Prob	0.444444	38	C	GCCAG	ok
chr5	34908866	34908867	-	0.999996	Prob	0.478261	76	G	AAGCC	ok
chr2	27364507	27364508	-	0.999997	Prob	0.583333	45	G	TAGAC	ok
chr1	165662953	165662954	-	0.999997	Prob	0.46	85	G	TGGAT	ok
chr12	66138083	66138084	-	0.999997	Prob	0.521739	89	G	GTGTG	ok
chr12	29357637	29357638	-	0.999996	Prob	0.452381	46	G	CTGTT	ok
chr1	232969927	232969928	+	0.999996	Prob	0.575758	76	C	CCCAG	ok
chr1	202006038	202006039	+	0.99999	Prob	0.578947	82	C	CTCTT	ok
chr1	159919346	159919347	-	0.999997	Prob	0.595238	441	G	CAGCG	ok
chr1	155134134	155134135	+	0.999997	Prob	0.461538	58	C	GTCTT	ok
chr6	108211644	108211645	-	0.999997	Prob	0.472222	247	G	AAGGG	ok
chrx	154381319	154381320	+	0.99999	Prob	0.433735	150	C	GGCGC	ok
chr1	86862856	86862857	-	0.999984	Prob	0.514706	558	G	CTGTG	ok
chr1	70411355	70411356	+	0.999997	Prob	0.434783	31	C	CCCGG	ok
chr1	45343751	45343752	+	0.999543	Prob	0.657143	55	C	CTCTA	ok
chr20	44942662	44942663	-	0.999997	Prob	0.5625	85	G	CAGGG	ok
chr6	36986086	36986087	-	0.999997	Prob	0.6	90	G	CCGCG	ok
chr6	31859733	31859734	-	0.999996	Prob	0.521739	38	G	TAGAC	ok
chr6	29942985	29942986	+	0.999997	Prob	0.619048	147	C	GACCT	ok
chr11	62888654	62888655	+	0.999996	Prob	0.607143	829	C	CTCAC	ok
chr16	57757092	57757093	+	0.999543	Prob	0.636364	24	C	CCCTG	ok
chr2	121766583	121766584	+	0.99999	Prob	0.5	46	C	TACTG	ok
chr12	108568961	108568962	+	0.999997	Prob	0.708333	135	C	CCCAC	ok
chr2	74209947	74209948	+	0.999543	Prob	0.533333	98	C	TCCAA	ok
chr16	30068837	30068838	+	0.99999	Prob	0.608696	491	C	AGCGC	ok
chr17	3669436	3669437	+	0.99999	Prob	0.625	292	C	GTCCT	ok
chr17	76720479	76720480	-	0.999543	Prob	0.541667	54	G	GGGTG	ok
chr2	241675815	241675816	-	0.999996	Prob	0.571429	212	G	GTGAT	ok
chr15	75639464	75639465	-	0.99999	Prob	0.54386	197	G	TGGCT	ok
chr22	41661366	41661367	+	0.999997	Prob	0.486842	717	C	CTCCT	ok
chr12	51243510	51243511	+	0.99999	Prob	0.653846	123	C	ATCTC	ok
chr12	53038380	53038381	+	0.999543	Prob	0.710526	173	C	CTCAA	ok
chr17	77500031	77500032	+	0.999984	Prob	0.590909	156	C	TTCCT	ok
chr5	43539006	43539007	-	0.999996	Prob	0.541667	73	G	TTGAT	ok
chr8	58582082	58582083	+	0.999543	Prob	0.541667	95	C	TCCTA	ok
chr3	49359435	49359436	-	0.999997	Prob	0.666667	487	G	CCGAA	ok
chr3	149741642	149741643	-	0.99999	Prob	0.542857	40	G	GTGAT	ok
chr22	37877922	37877923	+	0.999997	Prob	0.611111	311	C	AGCAG	ok
chr4	25929562	25929563	+	0.999984	Prob	0.47619	53	C	CTCTT	ok
chr5	181241500	181241501	-	0.999996	Prob	0.448276	2225	G	GTGTA	ok
chr5	151751724	151751725	-	0.99999	Prob	0.676056	163	G	CCGAG	ok
chr16	1962132	1962133	-	0.999992	Prob	0.539474	10576	G	CTGCA	ok
chr11	63750144	63750145	+	0.999996	Prob	0.565217	35	C	ATCTA	ok
chr19	46777230	46777231	-	0.999997	Prob	0.45	65	G	ACGAA	ok
chr10	13319160	13319161	-	0.999997	Prob	0.526316	58	G	GTGTG	ok
chr12	49272402	49272403	+	0.999997	Prob	0.684211	462	C	CCCAG	ok
chr15	60347586	60347587	-	0.999992	Prob	0.657143	1260	G	AAGCA	ok
chr17	7240777	7240778	-	0.999997	Prob	0.366667	494	G	AGGAG	ok
chr16	3662006	3662007	-	0.99999	Prob	0.659091	395	G	GTGGG	ok
chr19	1440174	1440175	+	0.99999	Prob	0.631579	4731	C	GACAT	ok
chr18	12030657	12030658	+	0.999543	Prob	0.5	300	C	TTCTC	ok
chr19	36114220	36114221	-	0.999997	Prob	0.615385	208	G	TGGGA	ok
chr19	50507626	50507627	-	0.99999	Prob	0.4	27	G	ATGAT	ok
chr20	58994966	58994967	+	0.999992	Prob	0.415094	172	C	GCCGT	ok
chr8	144314241	144314242	+	0.99999	Prob	0.625	113	C	CTCCG	ok
chrx	152767567	152767568	-	0.999997	Prob	0.578947	97	G	GCGCA	ok
chr8	54101814	54101815	-	0.999543	Prob	0.6	52	G	TTGCC	ok
chr10	72220284	72220285	+	0.999996	Prob	0.52	79	C	CGCGC	ok
chr7	95412368	95412369	-	0.99999	Prob	0.589744	157	G	ACGAC	ok
chr11	67608600	67608601	+	0.99999	Prob	0.782609	63	C	TCCTG	ok
chr4	118278972	118278973	+	0.999543	Prob	0.472222	174	C	GACCC	ok
chr11	73974781	73974782	-	0.999032	Prob	0.605263	40	G	CTGGT	ok
chr7	44799807	44799808	+	0.999996	Prob	0.592593	7599	C	GTCCA	ok
chr7	74195774	74195775	+	0.999997	Prob	0.566667	360	C	TTCCA	ok
chr7	74196393	74196394	+	0.999996	Prob	0.454545	653	C	TGCAG	ok
chr22	19963667	19963668	+	0.999997	Prob	0.615385	263	C	GTCAC	ok
chr22	40366516	40366517	+	0.999997	Prob	0.558824	407	C	GTCTG	ok
chr9	83969318	83969319	-	0.999997	Prob	0.428571	407	G	AAGAT	ok
chr1	7780424	7780425	+	0.99999	Prob	0.684211	20	C	ATCAT	ok
chr17	28327961	28327962	+	0.999997	Prob	0.65	37	C	TTCCC	ok
chr22	37815784	37815785	+	0.999997	Prob	0.611111	46	C	TGCTG	ok
chr17	67738350	67738351	+	0.999997	Prob	0.674419	58	C	CTCTA	ok
chr7	45100203	45100204	-	0.999997	Prob	0.509434	160	G	TGGCC	ok
chr15	65530595	65530596	+	0.999997	Prob	0.559322	74	C	AGCGA	ok
chr11	36274134	36274135	-	0.99999	Prob	0.5	104	G	CTGGA	ok
chr3	156542144	156542145	-	0.999543	Prob	0.535714	42	G	AAGAA	ok
chr7	96121016	96121017	-	0.999997	Prob	0.714286	38	G	ATGAT	ok
chr2	135741899	135741900	+	0.999032	Prob	0.5625	40	C	CACCG	ok
chr18	49783596	49783597	-	0.999997	Prob	0.532258	139	G	ATGTC	ok
chr8	143021665	143021666	+	0.999997	Prob	0.542373	215	C	AGCTG	ok
chr1	116373483	116373484	+	0.999996	Prob	0.5	32	C	ACCCG	ok
chr17	75012817	75012818	+	0.999997	Prob	0.576923	98	C	AGCCT	ok
chr12	53990015	53990016	+	0.999997	Prob	0.606061	46	C	TACTG	ok
chr9	21974781	21974782	-	0.999997	Prob	0.494382	165	G	CAGCC	ok
chr2	28869588	28869589	-	0.999997	Prob	0.62963	31	G	ATGTT	ok
chr4	158713204	158713205	-	0.999984	Prob	0.547619	49	G	AGGTT	ok
chr9	120869760	120869761	-	0.999997	Prob	0.492958	76	G	GAGCT	ok
chr10	133399175	133399176	+	0.999997	Prob	0.583333	44	C	TCCCG	ok
chr9	137188731	137188732	+	0.999997	Prob	0.536585	73	C	ACCCA	ok
chr3	186785007	186785008	+	0.999543	Prob	0.576923	84	C	GCCAC	ok
chr1	154272718	154272719	+	0.999997	Prob	0.590164	193	C	TACGG	ok
chr8	145055235	145055236	+	0.999997	Prob	0.59375	90	C	GACAT	ok
chr7	56055728	56055729	+	0.999996	Prob	0.457143	441	C	CACTT	ok
chr22	44163904	44163905	+	0.999543	Prob	0.48	37	C	CTCAA	ok
chr6	34424715	34424716	-	0.99999	Prob	0.512195	4937	G	TGGCA	ok
chr9	34634820	34634821	-	0.999997	Prob	0.472222	194	G	GTGTG	ok
chr16	31091212	31091213	-	0.999032	Prob	0.59322	388	G	AGGTG	ok
chr10	43386277	43386278	-	0.99999	Prob	0.552632	308	G	AGGGA	ok
chr19	40422682	40422683	-	0.999032	Prob	0.387097	33	G	ACGGA	ok
chr9	35056983	35056984	-	0.99999	Prob	0.421053	200	G	CTGTA	ok
chrx	153862005	153862006	-	0.999543	Prob	0.37037	49	G	GTGTG	ok
chr1	154924825	154924826	-	0.99999	Prob	0.560606	81	G	ATGCA	ok
chr1	151364600	151364601	-	0.999996	Prob	0.534884	116	G	GGGCT	ok
chr10	100364389	100364390	+	0.999543	Prob	0.540984	73	C	TACTG	ok
chr1	70145231	70145232	-	0.999032	Prob	0.512195	53	G	TTGTT	ok
chr1	44339210	44339211	-	0.99999	Prob	0.40625	39	G	GAGAA	ok
chr10	73247092	73247093	-	0.999032	Prob	0.297297	41	G	TCGTC	ok
chr9	121182949	121182950	-	0.999997	Prob	0.518519	34	G	AGGAA	ok
chr11	112087906	112087907	+	0.999997	Prob	0.375	104	C	TTCTT	ok
chrx	48893636	48893637	-	0.999032	Prob	0.6	148	G	AGGGT	ok
chr1	7977699	7977700	+	0.99999	Prob	0.52381	740	C	TACAA	ok
chr13	45337350	45337351	-	0.99999	Prob	0.534884	1757	G	ATGAC	ok
chrx	16755042	16755043	+	0.99999	Prob	0.594203	82	C	CGCAG	ok
chr10	3136769	3136770	+	0.999996	Prob	0.592593	174	C	AGCAG	ok
chr17	32360955	32360956	+	0.999984	Prob	0.590909	45	C	GGCAT	ok
chr15	59650671	59650672	-	0.999997	Prob	0.482759	238	G	CTGAA	ok
chr17	3669331	3669332	+	0.99999	Prob	0.48	286	C	CTCTC	ok
chr7	113117312	113117313	-	0.999997	Prob	0.589286	67	G	TGGAA	ok
chr22	39315483	39315484	-	0.999543	Prob	0.7	2593	G	TCGGC	ok
chr2	200822301	200822302	+	0.99999	Prob	0.486842	101	C	GGCAA	ok
chr9	93447037	93447038	-	0.999996	Prob	0.75	46	G	GTGAA	ok
chr3	186789593	186789594	+	0.999997	Prob	0.666667	198	C	GACTA	ok
chr7	73303268	73303269	-	0.999997	Prob	0.483871	56	G	TTGCT	ok
chr3	129170509	129170510	-	0.999997	Prob	0.428571	247	G	CGGTA	ok
chr3	22382824	22382825	+	0.999543	Prob	0.469388	27	C	AACTG	ok
chr7	1742243	1742244	-	0.999992	Prob	0.344828	32	G	AGGTG	ok
chr17	41981926	41981927	-	0.999997	Prob	0.666667	84	G	GAGGA	ok
chr3	9969797	9969798	-	0.999997	Prob	0.633333	91	G	CAGCG	ok
chr3	53885199	53885200	-	0.999996	Prob	0.5	68	G	GTGCT	ok
chr4	151104529	151104530	+	0.99999	Prob	0.5	3682	C	GACGA	ok
chr8	143022272	143022273	+	0.999984	Prob	0.541667	307	C	GGCAG	ok
chr8	143817407	143817408	-	0.999032	Prob	0.565217	159	G	CTGGG	ok
chr11	7987416	7987417	+	0.999543	Prob	0.409836	152	C	GGCCC	ok
chr12	69597214	69597215	+	0.99999	Prob	0.477273	260	C	AACTT	ok
chr12	56712466	56712467	-	0.999997	Prob	0.536585	1895	G	TAGAA	ok
chr19	55387948	55387949	+	0.999997	Prob	0.5	1849	C	ACCTC	ok
chr16	682581	682582	+	0.999032	Prob	0.47619	173	C	GACCG	ok
chr16	11837626	11837627	-	0.999543	Prob	0.574468	50	G	CAGGC	ok
chr17	7578673	7578674	+	0.999997	Prob	0.5	385	C	CTCTT	ok
chr16	61055917	61055918	-	0.999997	Prob	0.529412	94	G	TTGGT	ok
chr18	46084340	46084341	-	0.999996	Prob	0.576087	641	G	TTGTT	ok
chr20	58989521	58989522	+	0.999996	Prob	0.416667	59	C	CACCA	ok
chr5	314805	314806	+	0.999996	Prob	0.566038	902	C	TTCTA	ok
chr17	81681270	81681271	-	0.999997	Prob	0.511628	89	G	TCGAC	ok
chr7	95406199	95406200	-	0.999992	Prob	0.534884	179	G	GAGGA	ok
chr11	67610532	67610533	+	0.999996	Prob	0.529412	105	C	GGCAA	ok
chr4	118279672	118279673	+	0.999992	Prob	0.558824	205	C	GGCAA	ok
chr7	5527888	5527889	-	0.999984	Prob	0.489362	710	G	ATGAT	ok
chr7	74196779	74196780	+	0.999997	Prob	0.490909	776	C	CTCTC	ok
chr5	171392811	171392812	+	0.999543	Prob	0.488095	2298	C	TCCAC	ok
chr17	81511497	81511498	-	0.999997	Prob	0.567164	773	G	ATGGG	ok
chr12	56154030	56154031	+	0.999997	Prob	0.657143	74	C	GCCAG	ok
chr20	37223929	37223930	+	0.99999	Prob	0.730769	149	C	CACCG	ok
chr1	7780776	7780777	+	0.999984	Prob	0.35	32	C	GCCTG	ok
chr19	14565881	14565882	+	0.999997	Prob	0.465517	107	C	CCCTG	ok
chrx	136512211	136512212	+	0.999992	Prob	0.692308	49	C	TACAA	ok
chr17	3663854	3663855	-	0.99999	Prob	0.521739	59	G	GTGTG	ok
chr11	18407553	18407554	+	0.999543	Prob	0.623188	1673	C	TACGT	ok
chr6	43229471	43229472	-	0.99999	Prob	0.6	137	G	GCGCT	ok
chr2	10441908	10441909	-	0.999996	Prob	0.541667	72	G	CTGCT	ok
chr17	75209840	75209841	+	0.999997	Prob	0.8	29	C	GCCAA	ok
chr11	6476622	6476623	-	0.99999	Prob	0.5	94	G	AAGGC	ok
chr2	105099689	105099690	+	0.999997	Prob	0.554217	94	C	ATCCA	ok
chr14	77737033	77737034	-	0.999996	Prob	0.454545	46	G	TAGCT	ok
chr8	60621503	60621504	+	0.999997	Prob	0.458333	57	C	TCCTT	ok
chr2	135840685	135840686	-	0.999997	Prob	0.490196	71	G	AGGAC	ok
chr15	90426210	90426211	+	0.999997	Prob	0.55	39	C	CTCTC	ok
chr1	1564791	1564792	-	0.999996	Prob	0.507937	79	G	AAGAA	ok
chr2	218254290	218254291	+	0.999997	Prob	0.6	142	C	AACTC	ok
chr7	33096523	33096524	-	0.999996	Prob	0.36	30	G	TCGTA	ok
chr15	43746650	43746651	+	0.99999	Prob	0.425532	126	C	GTCGC	ok
chr11	47618436	47618437	-	0.999543	Prob	0.5	23	G	TAGTT	ok
chr7	40134447	40134448	-	0.999997	Prob	0.55914	99	G	GGGGA	ok
chr7	76327052	76327053	-	0.999997	Prob	0.424242	35	G	ATGAC	ok
chr16	69463092	69463093	+	0.999997	Prob	0.534884	110	C	ATCTG	ok
chr17	82485558	82485559	+	0.999997	Prob	0.461538	77	C	TGCAG	ok
chr5	141319600	141319601	-	0.99999	Prob	0.484848	39	G	CGGAA	ok
chr1	154988292	154988293	+	0.999997	Prob	0.428571	46	C	ACCTT	ok
chr18	12725732	12725733	+	0.999543	Prob	0.5	93	C	TCCTA	ok
chr16	47428808	47428809	-	0.999997	Prob	0.464286	32	G	CTGTA	ok
chr19	282136	282137	-	0.999543	Prob	0.619048	122	G	GTGAG	ok
chr6	30723920	30723921	+	0.999984	Prob	0.623188	954	C	TGCCG	ok
chr17	45150336	45150337	+	0.999997	Prob	0.684211	23	C	TACAT	ok
chr2	19897075	19897076	-	0.999543	Prob	0.59375	78	G	AGGAT	ok
chr7	56063283	56063284	+	0.999992	Prob	0.460674	394	C	CACAT	ok
chr19	38307673	38307674	-	0.999996	Prob	0.454545	99	G	CTGAG	ok
chr12	49568095	49568096	-	0.999997	Prob	0.448276	39	G	CAGCC	ok
chrx	48578011	48578012	+	0.999997	Prob	0.428571	201	C	GGCGG	ok
chr17	43015579	43015580	-	0.999984	Prob	0.347826	28	G	GGGCA	ok
chr19	40422954	40422955	-	0.999543	Prob	0.695652	29	G	AGGGC	ok
chr1	167722086	167722087	+	0.999997	Prob	0.541667	43	C	GCCAA	ok
chr1	156738693	156738694	-	0.999997	Prob	0.660377	232	G	CAGAA	ok
chr1	228148859	228148860	+	0.99999	Prob	0.565217	501	C	GACCC	ok
chr1	193023854	193023855	-	0.999032	Prob	0.568182	124	G	TTGTC	ok
chr1	153661498	153661499	+	0.999996	Prob	0.468354	124	C	TTCCC	ok
chrx	153929971	153929972	-	0.999543	Prob	0.576923	201	G	AGGGG	ok
chr6	57172517	57172518	+	0.999543	Prob	0.567568	43	C	TGCCC	ok
chr1	70232285	70232286	+	0.999997	Prob	0.55	132	C	AGCTA	ok
chr9	136833935	136833936	+	0.999032	Prob	0.64	51	C	CACTG	ok
chr10	74224589	74224590	+	0.999032	Prob	0.488372	81	C	AACTG	ok
chr10	56357927	56357928	-	0.999543	Prob	0.517241	64	G	AGGCC	ok
chr6	31668563	31668564	+	0.999997	Prob	0.553191	215	C	AACCA	ok
chrx	47215049	47215050	+	0.999997	Prob	0.630435	130	C	ATCCC	ok
chr5	70025343	70025344	+	0.999997	Prob	0.541667	58	C	GCCCA	ok
chr10	1043303	1043304	-	0.999997	Prob	0.52	101	G	TGGAA	ok
chr19	49684017	49684018	+	0.999996	Prob	0.575342	142	C	CTCTT	ok
chr7	116560992	116560993	+	0.999543	Prob	0.684211	53	C	TTCAA	ok
chr9	125233843	125233844	+	0.999996	Prob	0.5	71	C	TTCAG	ok
chr16	30069522	30069523	+	0.999543	Prob	0.592593	552	C	CTCTG	ok
chr16	1314345	1314346	+	0.999997	Prob	0.531915	165	C	AACTG	ok
chr13	106568080	106568081	-	0.999543	Prob	0.458333	58	G	ACGAA	ok
chr15	75639607	75639608	-	0.99999	Prob	0.548387	178	G	GAGAT	ok
chrx	21985146	21985147	+	0.999992	Prob	0.410959	102	C	TTCCA	ok
chr19	58315155	58315156	+	0.999997	Prob	0.473684	87	C	GTCCC	ok
chr5	140654582	140654583	+	0.999997	Prob	0.75	41	C	AACCA	ok
chr11	57712017	57712018	-	0.999997	Prob	0.538462	50	G	GCGCC	ok
chr5	43534953	43534954	-	0.999543	Prob	0.583333	88	G	GAGCA	ok
chr8	143575435	143575436	-	0.999992	Prob	0.428571	52	G	AGGAG	ok
chr21	43053493	43053494	-	0.99999	Prob	0.52381	77	G	ACGGC	ok
chr6	30625770	30625771	+	0.999543	Prob	0.666667	135	C	GGCAG	ok
chr1	33013338	33013339	-	0.999997	Prob	0.695652	278	G	TTGCA	ok
chr15	59768421	59768422	+	0.999997	Prob	0.564103	10	C	TCCAT	ok
chr10	109865306	109865307	-	0.999997	Prob	0.65	51	G	CAGTC	ok
chr11	10799320	10799321	-	0.999997	Prob	0.586207	176	G	TAGTA	ok
chr17	68043264	68043265	+	0.999997	Prob	0.512821	323	C	ACCTT	ok
chr12	69593528	69593529	+	0.999543	Prob	0.466667	238	C	ATCCT	ok
chr19	48617326	48617327	-	0.999543	Prob	0.516854	2207	G	AAGGG	ok
chr15	77046280	77046281	-	0.999543	Prob	0.681818	196	G	AAGAT	ok
chr16	57429072	57429073	-	0.999997	Prob	0.558824	153	G	GAGTG	ok
chr16	3658087	3658088	-	0.999543	Prob	0.483871	383	G	GGGGC	ok
chr17	82018853	82018854	-	0.999996	Prob	0.451613	442	G	CTGCC	ok
chr18	49783821	49783822	-	0.999996	Prob	0.5625	144	G	TGGGT	ok
chr19	50506269	50506270	-	0.999543	Prob	0.518519	60	G	AGGCC	ok
chr7	75042280	75042281	-	0.999997	Prob	0.425	44	G	TTGTT	ok
chr1	153668068	153668069	-	0.999997	Prob	0.5	257	G	AGGAT	ok
chr12	11171493	11171494	+	0.999997	Prob	0.529412	43	C	CGCAT	ok
chr7	95409970	95409971	-	0.999032	Prob	0.454545	171	G	TGGAC	ok
chr4	83279109	83279110	-	0.999997	Prob	0.631579	75	G	CAGGT	ok
chr1	231528462	231528463	-	0.999996	Prob	0.586957	64	G	AGGAG	ok
chr7	76304007	76304008	+	0.999997	Prob	0.603774	749	C	ACCCA	ok
chr7	42923395	42923396	-	0.999997	Prob	0.525	744	G	TGGAC	ok
chr19	49490510	49490511	+	0.999997	Prob	0.473684	5030	C	CACCA	ok
chr19	581354	581355	+	0.999992	Prob	0.5	229	C	TTCCT	ok
chr11	66975522	66975523	+	0.999543	Prob	0.6	56	C	CACAG	ok
chr15	76286420	76286421	-	0.999997	Prob	0.731707	233	G	ATGTT	ok
chr20	10434111	10434112	-	0.999997	Prob	0.518519	108	G	GCGCA	ok
chr12	2797223	2797224	+	0.99999	Prob	0.485714	80	C	GGCAC	ok
chr1	7780606	7780607	+	0.999543	Prob	0.6	26	C	GACTC	ok
chr5	908004	908005	+	0.999997	Prob	0.625	61	C	ACCAA	ok
chr19	14563256	14563257	+	0.999997	Prob	0.42	68	C	CCCGT	ok
chr19	3053582	3053583	-	0.999997	Prob	0.45	56	G	GGGCA	ok
chr11	60898580	60898581	-	0.999997	Prob	0.48	35	G	CTGTT	ok
chr2	9471383	9471384	+	0.99999	Prob	0.52381	42	C	CTCTA	ok
chr19	9849125	9849126	+	0.999997	Prob	0.618182	70	C	TGCGC	ok
chr19	11553163	11553164	-	0.999543	Prob	0.476923	97	G	GGGGG	ok
chr17	67738189	67738190	+	0.999997	Prob	0.692308	54	C	TTCTG	ok
chr9	124869364	124869365	+	0.999997	Prob	0.433333	87	C	GACGA	ok
chr16	87830985	87830986	-	0.999997	Prob	0.469388	138	G	GCGTG	ok
chr16	58114884	58114885	-	0.99999	Prob	0.5	64	G	GAGAA	ok
chr1	31292003	31292004	-	0.999997	Prob	0.548387	36	G	CAGTA	ok
chr3	44997131	44997132	+	0.999997	Prob	0.422222	67	C	GACCT	ok
chr16	69754599	69754600	-	0.999997	Prob	0.478261	51	G	CCGCA	ok
chr5	52801552	52801553	+	0.999997	Prob	0.631579	48	C	ATCGA	ok
chr11	72097504	72097505	-	0.999997	Prob	0.583333	111	G	GGGAT	ok
chr7	55470701	55470702	-	0.999997	Prob	0.580645	35	G	AGGAA	ok
chr16	67444669	67444670	-	0.999996	Prob	0.391304	26	G	GTGAT	ok
chr1	116393706	116393707	+	0.99999	Prob	0.648649	66	C	CTCGG	ok
chr16	88857145	88857146	+	0.999997	Prob	0.538462	128	C	TCCCA	ok
chr8	27828161	27828162	-	0.999996	Prob	0.701149	97	G	GAGAG	ok
chr3	52231129	52231130	-	0.999996	Prob	0.423077	43	G	TCGTT	ok
chr16	69463262	69463263	+	0.999997	Prob	0.425	106	C	TTCCC	ok
chr3	101565995	101565996	+	0.999996	Prob	0.464286	74	C	TTCAT	ok
chr1	43359356	43359357	+	0.999997	Prob	0.603175	90	C	ACCGA	ok
chr8	27606519	27606520	-	0.999997	Prob	0.596491	107	G	GGGCA	ok
chr17	744713	744714	-	0.99999	Prob	0.625	57	G	TGGAC	ok
chr16	47155506	47155507	-	0.999997	Prob	0.666667	37	G	CAGAA	ok
chr3	49028460	49028461	-	0.999997	Prob	0.527778	240	G	GTGAC	ok
chr16	28724362	28724363	+	0.999997	Prob	0.428571	100	C	TGCAG	ok
chr11	62888455	62888456	+	0.999997	Prob	0.46	792	C	TCCTA	ok
chr1	155738321	155738322	+	0.999543	Prob	0.517241	222	C	TACAC	ok
chr8	143818471	143818472	-	0.999996	Prob	0.518519	84	G	TAGTA	ok
chr1	165698509	165698510	-	0.999997	Prob	0.333333	34	G	AAGAC	ok
chr8	67056579	67056580	-	0.999997	Prob	0.426829	125	G	AGGTC	ok
chr17	76737266	76737267	-	0.999997	Prob	0.508197	94	G	CTGGG	ok
chr1	6339575	6339576	-	0.999997	Prob	0.652174	34	G	CGGCC	ok
chr1	220096128	220096129	+	0.999997	Prob	0.493506	89	C	TTCAT	ok
chr10	131970925	131970926	-	0.999997	Prob	0.560976	97	G	AAGAT	ok
chrx	153929972	153929973	-	0.99999	Prob	0.428571	203	G	GGGGA	ok
chr1	77741392	77741393	-	0.999997	Prob	0.428571	34	G	AAGAT	ok
chr10	75235641	75235642	-	0.999997	Prob	0.545455	38	G	GTGCT	ok
chr1	32775372	32775373	-	0.99999	Prob	0.566667	81	G	ACGCA	ok
chr6	31730833	31730834	-	0.999997	Prob	0.540541	374	G	CAGGA	ok
chr1	10469239	10469240	-	0.999997	Prob	0.392857	62	G	TAGAC	ok
chr11	62885594	62885595	+	0.99999	Prob	0.566667	708	C	TGCCC	ok
chrx	20127622	20127623	-	0.999997	Prob	0.56044	101	G	AAGAT	ok
chr6	2948267	2948268	-	0.999997	Prob	0.569231	420	G	GAGAG	ok
chr10	1044092	1044093	-	0.999997	Prob	0.625	88	G	AGGAG	ok
chr3	9843919	9843920	-	0.999032	Prob	0.557377	106	G	CGGGC	ok
chr17	48895176	48895177	+	0.999997	Prob	0.521127	858	C	CACTC	ok
chr16	57428865	57428866	-	0.999997	Prob	0.649351	155	G	GCGTT	ok
chr7	54755875	54755876	-	0.99999	Prob	0.658537	371	G	CTGGA	ok
chr15	59639026	59639027	-	0.999997	Prob	0.344828	244	G	GTGTA	ok
chr3	10301194	10301195	-	0.999997	Prob	0.540541	331	G	TGGTT	ok
chr8	49072383	49072384	+	0.999032	Prob	0.481481	58	C	CTCTT	ok
chr2	10784177	10784178	-	0.999997	Prob	0.666667	302	G	GTGTA	ok
chr3	23919405	23919406	+	0.999543	Prob	0.522388	4232	C	GCCTT	ok
chr3	53225879	53225880	-	0.999997	Prob	0.54321	856	G	CAGTG	ok
chr11	57705170	57705171	-	0.999997	Prob	0.5	55	G	TAGGC	ok
chr10	119575743	119575744	-	0.99999	Prob	0.619048	48	G	GGGGA	ok
chrx	48898493	48898494	+	0.999997	Prob	0.56	52	C	GTCTG	ok
chr19	49686112	49686113	+	0.999984	Prob	0.470588	181	C	GTCAA	ok
chr12	104265625	104265626	+	0.99999	Prob	0.428571	171	C	GTCAC	ok
chr19	1279192	1279193	+	0.999543	Prob	0.48	167	C	GCCGG	ok
chr3	149741497	149741498	-	0.999543	Prob	0.444444	41	G	ATGAA	ok
chr6	132815072	132815073	+	0.999032	Prob	0.434783	3666	C	TGCCA	ok
chr4	154550377	154550378	-	0.99999	Prob	0.565217	30	G	CAGCT	ok
chr5	171387869	171387870	+	0.999996	Prob	0.423729	1491	C	GTCCT	ok
chr4	88521943	88521944	-	0.999997	Prob	0.555556	82	G	CTGTG	ok
chr6	10723200	10723201	+	0.999543	Prob	0.516129	534	C	GGCTT	ok
chr12	69587966	69587967	+	0.999997	Prob	0.428571	231	C	GGCAC	ok
chr15	76286402	76286403	-	0.999992	Prob	0.5	237	G	TTGCT	ok
chr16	30067507	30067508	+	0.999992	Prob	0.62069	408	C	CGCTT	ok
chr17	7311632	7311633	+	0.999996	Prob	0.416667	280	C	GGCAA	ok
chr17	68043121	68043122	+	0.999997	Prob	0.62963	241	C	TACCT	ok
chr19	49211624	49211625	+	0.999997	Prob	0.409091	78	C	GGCCA	ok
chr7	44114914	44114915	-	0.999543	Prob	0.54	250	G	CAGTC	ok
chr6	52264399	52264400	-	0.999992	Prob	0.436364	165	G	ATGGC	ok
chr1	40072908	40072909	-	0.999997	Prob	0.636364	127	G	ATGCT	ok
chr1	54849698	54849699	-	0.999997	Prob	0.277778	82	G	CAGTA	ok
chr2	10128899	10128900	+	0.999997	Prob	0.714286	68	C	ACCAT	ok
chr7	26192209	26192210	-	0.99999	Prob	0.5	431	G	GTGTC	ok
chr3	49368474	49368475	-	0.999996	Prob	0.545455	285	G	CGGTA	ok
chr11	62888595	62888596	+	0.999997	Prob	0.590909	824	C	CACCC	ok
chrx	48893930	48893931	-	0.999997	Prob	0.526316	135	G	GTGAG	ok
chr9	83970300	83970301	-	0.999997	Prob	0.55	379	G	CTGAC	ok
chr22	36467161	36467162	-	0.999997	Prob	0.464286	49	G	AGGCT	ok
chr16	57471895	57471896	+	0.999997	Prob	0.62069	34	C	GGCAG	ok
chr17	78172552	78172553	+	0.999997	Prob	0.5	215	C	AACAC	ok
chr11	17077195	17077196	-	0.999996	Prob	0.545455	2841	G	TTGGC	ok
chr3	50348996	50348997	-	0.999997	Prob	0.666667	31	G	ATGGT	ok
chr13	38359321	38359322	+	0.999997	Prob	0.617021	60	C	TGCAC	ok
chr7	66988101	66988102	-	0.999997	Prob	0.47561	173	G	AGGCA	ok
chr12	68659774	68659775	+	0.999543	Prob	0.448276	59	C	AACAC	ok
chr19	14515068	14515069	-	0.999997	Prob	0.454545	109	G	AAGAC	ok
chr6	99371511	99371512	-	0.999543	Prob	0.448276	54	G	TTGCT	ok
chr18	57620588	57620589	-	0.99999	Prob	0.625	45	G	TGGTT	ok
chr14	77717749	77717750	-	0.99999	Prob	0.520833	62	G	GGGGT	ok
chr19	35631377	35631378	+	0.999997	Prob	0.6	35	C	CTCGA	ok
chr17	39995257	39995258	+	0.999032	Prob	0.515152	83	C	ACCCT	ok
chr12	53307131	53307132	+	0.999997	Prob	0.558824	85	C	ACCTC	ok
chr1	10400399	10400400	+	0.999997	Prob	0.518519	31	C	TGCTT	ok
chr2	222613818	222613819	-	0.999997	Prob	0.5	66	G	TAGAA	ok
chr4	82428160	82428161	-	0.999997	Prob	0.474576	242	G	GTGTT	ok
chr5	77489559	77489560	-	0.999997	Prob	0.4	35	G	CTGTA	ok
chr11	4132333	4132334	+	0.999992	Prob	0.47619	242	C	TCCAC	ok
chr11	64197568	64197569	+	0.999997	Prob	0.571429	78	C	AACCG	ok
chr4	108009881	108009882	+	0.999997	Prob	0.428571	44	C	ACCTT	ok
chr19	58551706	58551707	-	0.999032	Prob	0.534884	135	G	GGGCT	ok
chr17	56888145	56888146	-	0.999997	Prob	0.714286	26	G	CAGAT	ok
chr3	33130028	33130029	+	0.999997	Prob	0.434783	50	C	GGCTA	ok
chr22	42512562	42512563	-	0.99999	Prob	0.489362	84	G	CTGCT	ok
chr11	27357472	27357473	-	0.999997	Prob	0.633333	68	G	GTGTC	ok
chr9	33039547	33039548	+	0.999543	Prob	0.518072	94	C	TACAT	ok
chr15	41281342	41281343	+	0.999997	Prob	0.25	21	C	AACCT	ok
chr22	39522528	39522529	+	0.999997	Prob	0.35	169	C	GGCCA	ok
chr10	43387089	43387090	-	0.999997	Prob	0.5	171	G	TAGCT	ok
chr22	44136471	44136472	+	0.999996	Prob	0.47619	32	C	GCCTG	ok
chr2	174075050	174075051	-	0.999997	Prob	0.590909	125	G	CTGTA	ok
chr1	154207539	154207540	-	0.999996	Prob	0.583333	297	G	GAGGG	ok
chr1	36287052	36287053	+	0.99999	Prob	0.583333	59	C	GTCCT	ok
chr8	67058111	67058112	-	0.999997	Prob	0.478873	113	G	CTGCT	ok
chr12	29341160	29341161	-	0.999543	Prob	0.467742	73	G	ATGTG	ok
chr1	228107841	228107842	-	0.999543	Prob	0.473684	163	G	GTGGC	ok
chr6	149810748	149810749	+	0.999997	Prob	0.690909	140	C	AGCAT	ok
chr1	165728118	165728119	-	0.999996	Prob	0.525	138	G	ATGTT	ok
chr6	106202031	106202032	-	0.999996	Prob	0.608696	56	G	CTGTC	ok
chr10	100364693	100364694	+	0.999984	Prob	0.569444	76	C	TCCCT	ok
chr1	70148506	70148507	-	0.999543	Prob	0.307692	29	G	CCGAG	ok
chr1	44221216	44221217	-	0.99999	Prob	0.45	117	G	GGGCA	ok
chr10	73243079	73243080	-	0.999543	Prob	0.634921	93	G	CAGAA	ok
chr6	36855371	36855372	-	0.999996	Prob	0.5	45	G	AGGGC	ok
chr9	105694642	105694643	+	0.999032	Prob	0.56	28	C	TGCCG	ok
chr9	83663992	83663993	-	0.999997	Prob	0.571429	39	G	TAGTT	ok
chrx	44524022	44524023	-	0.999997	Prob	0.545455	43	G	CAGAT	ok
chr7	103344642	103344643	-	0.99999	Prob	0.5	55	G	CCGGT	ok
chr10	1040860	1040861	-	0.999997	Prob	0.520833	120	G	CAGAG	ok
chr2	121766342	121766343	+	0.99999	Prob	0.5	39	C	CACCT	ok
chr2	199964035	199964036	+	0.999997	Prob	0.555556	41	C	CACGT	ok
chr7	116559250	116559251	+	0.999996	Prob	0.463415	99	C	TTCAG	ok
chr12	56143996	56143997	+	0.999997	Prob	0.470588	40	C	CCCAT	ok
chr8	19851794	19851795	+	0.99999	Prob	0.65625	57	C	GACTC	ok
chr2	200822715	200822716	+	0.999992	Prob	0.609375	76	C	TGCTT	ok
chr11	20383678	20383679	+	0.999997	Prob	0.478261	68	C	AACAT	ok
chr8	143616164	143616165	-	0.999997	Prob	0.615385	43	G	ATGGA	ok
chr2	63594566	63594567	+	0.99999	Prob	0.375	215	C	ATCTG	ok
chr16	56943352	56943353	+	0.999997	Prob	0.594595	102	C	AGCTA	ok
chr16	634472	634473	-	0.999997	Prob	0.536585	337	G	TCGGC	ok
chr3	129169884	129169885	-	0.999996	Prob	0.605263	273	G	CTGTG	ok
chr7	44579447	44579448	-	0.999543	Prob	0.540541	40	G	GAGGT	ok
chr7	100153960	100153961	+	0.999997	Prob	0.636364	165	C	GTCTG	ok
chr1	44777687	44777688	+	0.99999	Prob	0.482759	6831	C	CCCTG	ok
chr5	178210694	178210695	+	0.999996	Prob	0.545455	190	C	ACCAA	ok
chr5	10255955	10255956	+	0.99999	Prob	0.575758	829	C	GTCCT	ok
chr8	144791893	144791894	-	0.999543	Prob	0.603774	3592	G	CGGCC	ok
chr17	28350548	28350549	-	0.999543	Prob	0.545455	62	G	CGGAT	ok
chr12	52901936	52901937	-	0.999997	Prob	0.557143	486	G	CAGAG	ok
chr15	76216426	76216427	-	0.99999	Prob	0.614286	296	G	CTGTT	ok
chr17	5422807	5422808	+	0.999992	Prob	0.5	131	C	TTCAA	ok
chr17	82057227	82057228	+	0.99999	Prob	0.615385	161	C	GGCCT	ok
chr17	42999956	42999957	+	0.999997	Prob	0.586667	3527	C	ATCGC	ok
chr18	46088136	46088137	-	0.99999	Prob	0.589744	469	G	TGGGC	ok
chr4	82426515	82426516	-	0.999997	Prob	0.529412	298	G	CAGTA	ok
chr1	175010571	175010572	+	0.99999	Prob	0.548387	114	C	TGCAT	ok
chr2	232522058	232522059	+	0.99999	Prob	0.493151	89	C	GCCTG	ok
chr7	95405334	95405335	-	0.999997	Prob	0.666667	186	G	GAGTT	ok
chr3	51994056	51994057	-	0.999996	Prob	0.609195	2036	G	CTGCA	ok
chr16	2044715	2044716	-	0.999996	Prob	0.5	67	G	CCGCA	ok
chr22	39521782	39521783	+	0.999997	Prob	0.5	143	C	TTCTC	ok
chr5	171390109	171390110	+	0.999992	Prob	0.35	1699	C	AGCAC	ok
chr17	39202356	39202357	+	0.999996	Prob	0.62069	4040	C	ATCCG	ok
chr17	81843519	81843520	-	0.999997	Prob	0.633333	551	G	GCGAC	ok
chr10	43386424	43386425	-	0.999997	Prob	0.607843	292	G	GAGAA	ok
chr2	127388894	127388895	+	0.999984	Prob	0.535714	32	C	TTCTT	ok
chr1	35190567	35190568	-	0.999032	Prob	0.558824	67	G	TGGTT	ok
chr1	52028625	52028626	-	0.999997	Prob	0.52	43	G	CAGTC	ok
chr1	11974714	11974715	+	0.999984	Prob	0.454545	30	C	ACCCT	ok
chr22	36480699	36480700	-	0.999997	Prob	0.454545	88	G	TTGGG	ok
chr19	36114685	36114686	-	0.999992	Prob	0.510638	193	G	TTGTC	ok
chr17	78172286	78172287	+	0.999997	Prob	0.465116	202	C	GTCAG	ok
chr5	10680065	10680066	-	0.999996	Prob	0.487179	42	G	AGGCA	ok
chr1	109231662	109231663	+	0.999997	Prob	0.597403	89	C	ATCCA	ok
chr2	136114602	136114603	-	0.999997	Prob	0.45	47	G	ATGTT	ok
chr19	6361645	6361646	+	0.999996	Prob	0.518987	84	C	CTCGC	ok
chr19	10707588	10707589	+	0.999997	Prob	0.478261	32	C	CGCAG	ok
chr19	14515665	14515666	-	0.999997	Prob	0.55	64	G	ATGTG	ok
chr8	30063602	30063603	-	0.999997	Prob	0.5	129	G	CAGGT	ok
chr15	40767367	40767368	+	0.999032	Prob	0.54023	130	C	TGCAG	ok
chr16	87831279	87831280	-	0.999997	Prob	0.595238	95	G	GCGGG	ok
chr16	1788732	1788733	+	0.999543	Prob	0.413333	102	C	GCCGC	ok
chr16	89907298	89907299	+	0.999032	Prob	0.512195	61	C	ATCTA	ok
chr22	30427318	30427319	+	0.99999	Prob	0.596774	65	C	CACCC	ok
chr19	281516	281517	-	0.999997	Prob	0.545455	126	G	AAGAA	ok
chr9	34635515	34635516	-	0.999997	Prob	0.625	113	G	AGGAA	ok
chr2	222572018	222572019	-	0.999997	Prob	0.5	77	G	CAGGC	ok
chr1	53214682	53214683	-	0.99999	Prob	0.65	29	G	GTGAC	ok
chr4	121696966	121696967	-	0.999996	Prob	0.57377	87	G	CAGCT	ok
chr16	88860947	88860948	+	0.999997	Prob	0.509804	163	C	TACAG	ok
chr10	32035935	32035936	-	0.999997	Prob	0.537634	137	G	GTGAC	ok
chr8	116771488	116771489	+	0.99999	Prob	0.52	31	C	AGCCT	ok
chr4	83267690	83267691	-	0.999997	Prob	0.653846	60	G	CTGAA	ok
chr19	12928453	12928454	-	0.999996	Prob	0.521739	141	G	GTGAA	ok
chr15	72199568	72199569	-	0.999997	Prob	0.410714	1297	G	GAGTT	ok
chr11	67612472	67612473	+	0.999997	Prob	0.517241	149	C	GCCTG	ok
chr6	43018145	43018146	+	0.999543	Prob	0.538462	52	C	GGCGG	ok
chr16	28735523	28735524	+	0.99999	Prob	0.622222	210	C	CTCTG	ok
chr16	634517	634518	-	0.999997	Prob	0.564516	401	G	AAGGT	ok
chr1	201483944	201483945	-	0.999992	Prob	0.571429	94	G	AAGAT	ok
chr9	122322730	122322731	+	0.999543	Prob	0.416667	63	C	GACAG	ok
chr15	73587614	73587615	-	0.999997	Prob	0.45	27	G	TTGAT	ok
chr1	165683059	165683060	-	0.999997	Prob	0.464286	44	G	ATGGA	ok
chr12	120581136	120581137	-	0.999992	Prob	0.621212	108	G	GCGGC	ok
chr1	167776088	167776089	+	0.999997	Prob	0.384615	41	C	CACCA	ok
chr1	156738110	156738111	-	0.999997	Prob	0.580247	274	G	ATGGT	ok
chr1	220145530	220145531	+	0.999997	Prob	0.472973	78	C	TTCCA	ok
chr10	123162644	123162645	+	0.999543	Prob	0.506667	348	C	TCCAT	ok
chr10	100362133	100362134	+	0.999997	Prob	0.5	29	C	TCCAC	ok
chr1	70424405	70424406	+	0.999997	Prob	0.46875	46	C	ACCAT	ok
chr1	47334048	47334049	+	0.999543	Prob	0.516129	64	C	GCCGC	ok
chr10	74224582	74224583	+	0.999984	Prob	0.488889	81	C	CACAA	ok
chr10	56358401	56358402	-	0.999996	Prob	0.583333	52	G	CTGCT	ok
chr1	15427212	15427213	+	0.99999	Prob	0.555556	41	C	TGCTG	ok
chrx	47214358	47214359	+	0.999997	Prob	0.634146	117	C	CGCTT	ok
chr2	26194623	26194624	-	0.999543	Prob	0.590909	88	G	TAGAA	ok
chr2	199959295	199959296	+	0.999997	Prob	0.730769	44	C	GTCAC	ok
chr5	171392813	171392814	+	0.999032	Prob	0.4875	2285	C	CACAG	ok
chr17	28714888	28714889	-	0.999997	Prob	0.505747	252	G	TCGGA	ok
chr6	30725149	30725150	+	0.999996	Prob	0.47619	416	C	TTCTT	ok
chr16	1822310	1822311	-	0.999997	Prob	0.636364	36	G	TGGGT	ok
chr16	4511378	4511379	-	0.999543	Prob	0.65	55	G	ACGAT	ok
chr2	10783985	10783986	-	0.999997	Prob	0.5	290	G	GAGAA	ok
chr22	21628191	21628192	-	0.999996	Prob	0.615385	109	G	CGGGC	ok
chr3	53226850	53226851	-	0.999997	Prob	0.494382	830	G	AGGGG	ok
chr2	63607018	63607019	+	0.99999	Prob	0.5	374	C	AGCTG	ok
chr16	56940082	56940083	+	0.999997	Prob	0.611111	77	C	TGCAC	ok
chr8	58582728	58582729	+	0.999984	Prob	0.548387	133	C	AACTT	ok
chr17	41691283	41691284	+	0.999032	Prob	0.583333	299	C	CCCTG	ok
chr3	133819967	133819968	+	0.999996	Prob	0.681818	49	C	TTCAA	ok
chr7	5528568	5528569	-	0.999997	Prob	0.416667	543	G	GGGGA	ok
chr19	49491795	49491796	+	0.999997	Prob	0.4	5304	C	GACCC	ok
chr19	16654093	16654094	-	0.99999	Prob	0.583333	158	G	CTGAG	ok
chrx	154399894	154399895	+	0.999997	Prob	0.575758	6257	C	TCCAC	ok
chr7	135674382	135674383	+	0.999997	Prob	0.581633	104	C	TTCCA	ok
chr5	151742905	151742906	-	0.999984	Prob	0.589041	177	G	CCGGC	ok
chr11	119018397	119018398	-	0.999543	Prob	0.73913	46	G	CGGGG	ok
chr11	61967479	61967480	-	0.999996	Prob	0.521739	3884	G	GCGGC	ok
chr12	121916584	121916585	+	0.99999	Prob	0.548387	179	C	GGCAG	ok
chr16	56844551	56844552	+	0.999997	Prob	0.727273	86	C	TACCG	ok
chr14	103519993	103519994	-	0.999997	Prob	0.575758	710	G	CAGCG	ok
chr22	46762210	46762211	-	0.99999	Prob	0.565217	25	G	CTGCA	ok
chr16	28734555	28734556	+	0.999543	Prob	0.473684	189	C	TGCCT	ok
chr17	82036891	82036892	-	0.999996	Prob	0.65	263	G	AGGGC	ok
chr19	1106602	1106603	+	0.999997	Prob	0.708333	953	C	CCCTG	ok
chr19	49556715	49556716	-	0.999543	Prob	0.509434	88	G	ATGGG	ok
chr7	75042414	75042415	-	0.999997	Prob	0.536585	47	G	AGGCA	ok
chr1	153663232	153663233	-	0.999997	Prob	0.381579	377	G	GGGCC	ok
chr12	11171973	11171974	+	0.999997	Prob	0.428571	40	C	AGCTG	ok
chr4	82428026	82428027	-	0.999997	Prob	0.692308	243	G	AAGGC	ok
chr16	30065818	30065819	+	0.999032	Prob	0.666667	120	C	CGCCG	ok
chr22	37851361	37851362	+	0.999997	Prob	0.717391	129	C	TTCAT	ok
chr5	171410751	171410752	+	0.999996	Prob	0.521739	2300	C	AACTC	ok
chr9	125236635	125236636	-	0.999996	Prob	0.431373	548	G	GGGAG	ok
chr13	75526540	75526541	-	0.999997	Prob	0.575	176	G	AAGTC	ok
chr17	68125803	68125804	+	0.99999	Prob	0.5	25	C	ATCAA	ok
chr20	37210157	37210158	+	0.999543	Prob	0.5	139	C	CCCCT	ok
chr1	7780429	7780430	+	0.999543	Prob	0.526316	20	C	TACCT	ok
chr19	14565240	14565241	+	0.999997	Prob	0.539683	102	C	CCCCT	ok
chr19	49015619	49015620	+	0.999997	Prob	0.384615	262	C	TCCTG	ok
chr12	75506901	75506902	-	0.999543	Prob	0.533333	48	G	AGGGT	ok
chr13	38350000	38350001	+	0.999997	Prob	0.611111	58	C	GTCGA	ok
chr4	109717590	109717591	-	0.999984	Prob	0.470588	42	G	CGGCA	ok
chr19	18928495	18928496	+	0.99999	Prob	0.533333	89	C	TCCCT	ok
chr17	17509499	17509500	-	0.999543	Prob	0.738095	67	G	AGGGG	ok
chr14	60734826	60734827	+	0.999984	Prob	0.590909	29	C	AACAG	ok
chr12	53034645	53034646	+	0.999997	Prob	0.440476	144	C	AACGG	ok
chr4	48851868	48851869	+	0.999997	Prob	0.428571	81	C	TCCCC	ok
chr22	32498751	32498752	+	0.999997	Prob	0.545455	107	C	CTCCC	ok
chr19	48330474	48330475	+	0.99999	Prob	0.528736	104	C	GCCCC	ok
chr4	102887560	102887561	+	0.99999	Prob	0.541667	143	C	TCCTT	ok
chr11	72097439	72097440	-	0.999997	Prob	0.487805	112	G	ATGTG	ok
chr2	38781845	38781846	+	0.999032	Prob	0.533333	116	C	GTCGC	ok
chr14	22771509	22771510	+	0.999543	Prob	0.435897	132	C	AGCAG	ok
chr21	43756193	43756194	+	0.999997	Prob	0.5	73	C	ATCTG	ok
chr4	99062519	99062520	+	0.999996	Prob	0.606557	83	C	TACTT	ok
chr15	79322809	79322810	+	0.99999	Prob	0.5125	104	C	AACTG	ok
chr12	120127860	120127861	-	0.999997	Prob	0.395833	49	G	ATGGT	ok
chr8	27605121	27605122	-	0.999997	Prob	0.5625	145	G	CAGGC	ok
chr11	838789	838790	+	0.999997	Prob	0.517241	156	C	ATCCC	ok
chr12	32755655	32755656	-	0.999997	Prob	0.5	32	G	TGGGG	ok
chr17	18245596	18245597	-	0.999996	Prob	0.7	41	G	AGGTC	ok
chr19	44992874	44992875	+	0.999543	Prob	0.583333	38	C	AGCAG	ok
chr12	49564773	49564774	-	0.999997	Prob	0.617647	66	G	CAGGC	ok
chr9	34635337	34635338	-	0.999997	Prob	0.62069	143	G	GTGAT	ok
chr1	36286421	36286422	+	0.999996	Prob	0.625	45	C	CACCC	ok
chrx	152736167	152736168	+	0.999997	Prob	0.515152	54	C	CACTT	ok
chr11	85636177	85636178	+	0.999997	Prob	0.576471	187	C	TACCA	ok
chr17	76737024	76737025	-	0.999997	Prob	0.464789	121	G	CGGGA	ok
chr7	116918484	116918485	+	0.999996	Prob	0.416667	106	C	TTCTG	ok
chr1	226364007	226364008	-	0.999996	Prob	0.684211	99	G	CAGTA	ok
chr1	153986257	153986258	-	0.999997	Prob	0.581818	65	G	GGGGG	ok
chr10	102424660	102424661	-	0.999997	Prob	0.602151	97	G	GGGCG	ok
chr6	57183963	57183964	+	0.999996	Prob	0.552632	84	C	GTCGC	ok
chr1	67430174	67430175	-	0.999997	Prob	0.561644	649	G	CCGCC	ok
chrx	117898983	117898984	-	0.999996	Prob	0.6	46	G	AAGCA	ok
chr1	42459746	42459747	+	0.999543	Prob	0.518519	41	C	ATCAA	ok
chr6	42939021	42939022	+	0.999997	Prob	0.611111	57	C	GGCAG	ok
chr6	37381269	37381270	+	0.999992	Prob	0.583333	30	C	TTCTG	ok
chrx	55006729	55006730	+	0.999997	Prob	0.518519	28	C	ACCCT	ok
chr6	31271272	31271273	-	0.999997	Prob	0.5	114	G	CGGAC	ok
chrx	47214886	47214887	+	0.999997	Prob	0.444444	130	C	GGCGA	ok
chr2	26195217	26195218	-	0.99999	Prob	0.575	78	G	TAGTG	ok
chr3	141745228	141745229	+	0.99999	Prob	0.5	280	C	CGCTG	ok
chr17	32360692	32360693	+	0.999543	Prob	0.458333	41	C	CTCAG	ok
chr17	16382344	16382345	+	0.999543	Prob	0.540541	1098	C	GTCCT	ok
chr6	30725382	30725383	+	0.999997	Prob	0.530612	401	C	GACAT	ok
chr3	10305109	10305110	-	0.999997	Prob	0.607143	313	G	GTGCG	ok
chr11	63629400	63629401	-	0.999996	Prob	0.566667	35	G	AAGAA	ok
chr19	1277233	1277234	+	0.999997	Prob	0.666667	160	C	GACCC	ok
chr19	58315030	58315031	+	0.999997	Prob	0.515152	120	C	TCCAG	ok
chr3	48601093	48601094	-	0.999997	Prob	0.489362	349	G	AGGTA	ok
chr3	186786525	186786526	+	0.999997	Prob	0.72	103	C	TGCCA	ok
chr2	70281602	70281603	-	0.99999	Prob	0.47619	776	G	AGGAC	ok
chr15	43699173	43699174	+	0.999997	Prob	0.590909	57	C	GCCCT	ok
chr8	58582734	58582735	+	0.999032	Prob	0.592593	133	C	TTCCT	ok
chr6	34425123	34425124	-	0.999997	Prob	0.392857	4660	G	CCGGG	ok
chr1	202006018	202006019	+	0.999032	Prob	0.727273	84	C	GACTG	ok
chr1	109412170	109412171	-	0.99999	Prob	0.513889	593	G	AGGTG	ok
chr4	25929432	25929433	+	0.999543	Prob	0.456522	51	C	TTCCA	ok
chr5	10255956	10255957	+	0.999543	Prob	0.57377	830	C	TCCTG	ok
chr15	101276624	101276625	-	0.999984	Prob	0.55	103	G	AAGGA	ok
chr11	65720661	65720662	-	0.999997	Prob	0.636364	122	G	GGGCA	ok
chr12	56664159	56664160	-	0.999992	Prob	0.4375	434	G	AAGAA	ok
chr6	10730658	10730659	+	0.999984	Prob	0.575	756	C	ACCCC	ok
chr11	62888809	62888810	+	0.999997	Prob	0.454545	776	C	CCCCA	ok
chr14	35310768	35310769	+	0.999997	Prob	0.566667	415	C	CACGC	ok
chr8	144263890	144263891	-	0.999997	Prob	0.541667	33	G	AGGTC	ok
chr17	68044426	68044427	+	0.999997	Prob	0.622642	417	C	ACCGT	ok
chr19	2426793	2426794	-	0.99999	Prob	0.472222	408	G	AGGGG	ok
chr19	58499196	58499197	-	0.999997	Prob	0.535714	52	G	GCGTG	ok
chr19	58394579	58394580	+	0.999997	Prob	0.571429	1901	C	CTCAT	ok
chr10	102161634	102161635	+	0.999997	Prob	0.571429	60	C	ACCCC	ok
chr1	175010576	175010577	+	0.999543	Prob	0.575758	113	C	TACCA	ok
chr2	232522708	232522709	+	0.999032	Prob	0.558442	87	C	CCCGC	ok
chr1	119741832	119741833	+	0.999997	Prob	0.484848	572	C	GGCTT	ok
chr20	58994203	58994204	+	0.999032	Prob	0.647059	149	C	AACGG	ok
chr15	60355948	60355949	-	0.99999	Prob	0.642857	1010	G	AAGTC	ok
chr12	56157905	56157906	+	0.999997	Prob	0.3125	94	C	GGCCC	ok
chr8	144107322	144107323	+	0.999997	Prob	0.557377	178	C	GACTT	ok
chr16	2153686	2153687	+	0.999997	Prob	0.483871	65	C	CACGG	ok
chr22	40825024	40825025	-	0.99999	Prob	0.5	38	G	TTGAA	ok
chr19	48721883	48721884	-	0.999997	Prob	0.425	91	G	GGGAG	ok
chr6	108261006	108261007	-	0.999997	Prob	0.478261	110	G	GGGGA	ok
chr1	54031781	54031782	-	0.999997	Prob	0.509091	103	G	CAGAA	ok
chr1	11022526	11022527	+	0.999543	Prob	0.586207	34	C	CTCTT	ok
chr19	34452064	34452065	+	0.99999	Prob	0.466667	52	C	TGCAC	ok
chr13	110641568	110641569	-	0.999997	Prob	0.595238	72	G	TTGAT	ok
chr17	78971949	78971950	-	0.99999	Prob	0.586207	56	G	CTGGA	ok
chr2	85395550	85395551	-	0.999996	Prob	0.553191	193	G	GGGCG	ok
chr7	27526233	27526234	-	0.999996	Prob	0.458333	56	G	TCGTA	ok
chr17	18930717	18930718	+	0.999997	Prob	0.347826	68	C	CTCCC	ok
chr10	125827617	125827618	+	0.999997	Prob	0.475	72	C	ACCAT	ok
chr7	55471304	55471305	-	0.999997	Prob	0.75	27	G	AGGGT	ok
chr16	66810705	66810706	-	0.999997	Prob	0.619048	148	G	ATGGA	ok
chr5	77451329	77451330	-	0.999997	Prob	0.5	50	G	AGGTA	ok
chr19	4443037	4443038	+	0.999984	Prob	0.407407	34	C	GACGT	ok
chr5	133088448	133088449	+	0.999543	Prob	0.586957	51	C	TGCTA	ok
chr3	184301559	184301560	+	0.999997	Prob	0.659574	53	C	TCCGT	ok
chr11	27363156	27363157	-	0.999543	Prob	0.464286	57	G	AAGAG	ok
chr3	33114423	33114424	+	0.999997	Prob	0.472222	43	C	CGCGC	ok
chr11	67611073	67611074	+	0.999997	Prob	0.607143	111	C	ACCTG	ok
chr1	154275738	154275739	+	0.999997	Prob	0.56383	346	C	ACCTC	ok
chr16	28735529	28735530	+	0.999543	Prob	0.606061	209	C	TTCCC	ok
chr1	26863844	26863845	+	0.999997	Prob	0.571429	38	C	GACTC	ok
chr5	163442089	163442090	+	0.999997	Prob	0.55	24	C	CACAG	ok
chr6	34424828	34424829	-	0.99999	Prob	0.387097	4784	G	CGGGA	ok
chr9	124875047	124875048	+	0.999996	Prob	0.536585	105	C	GTCAC	ok
chr2	55866798	55866799	-	0.99999	Prob	0.473684	115	G	AAGAA	ok
chr5	178206749	178206750	+	0.999032	Prob	0.576923	114	C	AGCAC	ok
chr21	33528239	33528240	-	0.999997	Prob	0.588235	62	G	TGGTT	ok
chr1	228148712	228148713	+	0.999997	Prob	0.517241	500	C	TTCTC	ok
chr1	201484052	201484053	-	0.999996	Prob	0.642857	94	G	TTGGG	ok
chr6	134170035	134170036	-	0.999997	Prob	0.55	197	G	CAGAG	ok
chr6	106186432	106186433	-	0.99999	Prob	0.375	59	G	AAGTG	ok
chrx	153455618	153455619	-	0.999543	Prob	0.333333	51	G	CTGGC	ok
chr1	58538852	58538853	-	0.999997	Prob	0.473684	24	G	AGGAA	ok
chr1	45694074	45694075	+	0.999997	Prob	0.52381	24	C	ATCTT	ok
chr9	129829450	129829451	-	0.999543	Prob	0.5625	32	G	AAGGA	ok
chr1	37574684	37574685	-	0.999997	Prob	0.7	38	G	CCGGA	ok
chr6	31270423	31270424	-	0.999997	Prob	0.633333	136	G	CAGCA	ok
chr9	37588651	37588652	-	0.999997	Prob	0.454545	338	G	TTGTC	ok
chr9	35689184	35689185	-	0.999984	Prob	0.560606	136	G	TGGGC	ok
chr2	27313070	27313071	-	0.99999	Prob	0.48	49	G	CAGCT	ok
chr5	69352145	69352146	-	0.99999	Prob	0.491525	117	G	TGGGC	ok
chr3	58428521	58428522	-	0.999997	Prob	0.470588	193	G	CAGCC	ok
chr14	100342537	100342538	-	0.999997	Prob	0.272727	62	G	GGGGG	ok
chr11	57407362	57407363	-	0.99999	Prob	0.6	188	G	GAGCC	ok
chr17	7256949	7256950	+	0.999997	Prob	0.689655	86	C	TGCTC	ok
chr8	19822456	19822457	+	0.999543	Prob	0.5	28	C	CACTA	ok
chr19	38932729	38932730	+	0.999992	Prob	0.40625	264	C	CCCTG	ok
chr22	37888459	37888460	+	0.999997	Prob	0.516667	344	C	ACCTT	ok
chr17	7311982	7311983	+	0.99999	Prob	0.392857	395	C	GCCCT	ok
chr8	143614649	143614650	-	0.999997	Prob	0.394737	61	G	TTGGC	ok
chr19	55262421	55262422	-	0.999996	Prob	0.583333	76	G	GGGAG	ok
chrx	103676579	103676580	-	0.999997	Prob	0.615385	177	G	AGGGA	ok
chr16	2821463	2821464	+	0.999997	Prob	0.666667	204	C	CCCGG	ok
chr6	165940632	165940633	-	0.999543	Prob	0.636364	40	G	GAGCC	ok
chr14	51256005	51256006	+	0.999997	Prob	0.571429	21	C	ATCCT	ok
chr21	43094532	43094533	-	0.999032	Prob	0.681818	172	G	ATGAA	ok
chr22	37678578	37678579	+	0.999543	Prob	0.652174	1069	C	AACAG	ok
chr3	149752402	149752403	-	0.99999	Prob	0.518519	35	G	AAGGC	ok
chr16	89563002	89563003	+	0.99999	Prob	0.533333	5733	C	GCCAA	ok
chr11	112086670	112086671	-	0.999997	Prob	0.533333	150	G	CGGCG	ok
chr5	177512107	177512108	-	0.999992	Prob	0.47619	95	G	CAGCA	ok
chr15	101274466	101274467	-	0.999996	Prob	0.553846	75	G	ATGAA	ok
chr11	47565618	47565619	+	0.999543	Prob	0.489796	394	C	GCCGG	ok
chr11	62888434	62888435	+	0.999997	Prob	0.571429	788	C	TCCGC	ok
chr12	6967177	6967178	-	0.999997	Prob	0.5	471	G	TGGAG	ok
chr12	120200777	120200778	-	0.99999	Prob	0.551282	5301	G	CTGGG	ok
chr14	35308024	35308025	+	0.999997	Prob	0.588235	358	C	GGCCT	ok
chr14	24145757	24145758	-	0.999997	Prob	0.52381	237	G	TAGAG	ok
chr16	29443668	29443669	-	0.999543	Prob	0.607143	93	G	CAGCA	ok
chr15	65578851	65578852	-	0.99999	Prob	0.576923	85	G	ATGGT	ok
chr17	82022683	82022684	-	0.99999	Prob	0.521739	27	G	CGGCC	ok
chr19	12730702	12730703	-	0.999996	Prob	0.714286	269	G	GAGAA	ok
chr19	49556324	49556325	-	0.999996	Prob	0.425926	90	G	CAGCA	ok
chr7	44121839	44121840	-	0.999996	Prob	0.677419	91	G	GTGCT	ok
chr17	37513151	37513152	+	0.999997	Prob	0.571429	68	C	TTCTG	ok
chr8	97852073	97852074	+	0.99999	Prob	0.541667	272	C	GGCCG	ok
chr12	11171605	11171606	+	0.999997	Prob	0.571429	40	C	GCCGA	ok
chr16	46662447	46662448	-	0.999997	Prob	0.576923	127	G	TGGAA	ok
chr1	156136323	156136324	+	0.99999	Prob	0.318182	203	C	GTCCA	ok
chr2	197486706	197486707	-	0.999997	Prob	0.535714	654	G	AAGCA	ok
chr3	49362507	49362508	-	0.999996	Prob	0.540541	352	G	TTGGC	ok
chr11	62888521	62888522	+	0.999997	Prob	0.53125	816	C	CTCTC	ok
chr8	144106441	144106442	+	0.999543	Prob	0.605263	103	C	GCCTG	ok
chr17	44349525	44349526	+	0.999997	Prob	0.517241	46	C	GACTT	ok
chr15	64974707	64974708	-	0.999997	Prob	0.541667	51	G	CTGGG	ok
chr22	38481216	38481217	+	0.999997	Prob	0.454545	33	C	CTCTG	ok
chr22	41460443	41460444	-	0.999996	Prob	0.571429	107	G	CTGTC	ok
chr14	102348338	102348339	-	0.999997	Prob	0.481481	64	G	CAGGA	ok
chr16	1770401	1770402	-	0.99999	Prob	0.6	65	G	AGGAC	ok
chr7	93993659	93993660	-	0.999992	Prob	0.576923	49	G	AGGTC	ok
chr17	3663679	3663680	-	0.999992	Prob	0.478261	62	G	GGGAC	ok
chr6	24701595	24701596	+	0.999997	Prob	0.507692	110	C	CACAA	ok
chr2	27372715	27372716	+	0.99999	Prob	0.590909	58	C	AGCAG	ok
chr2	151278916	151278917	-	0.999997	Prob	0.416667	28	G	TTGAC	ok
chr3	125520172	125520173	-	0.999997	Prob	0.56	39	G	ATGGC	ok
chr8	30074027	30074028	-	0.999997	Prob	0.608696	65	G	GAGCT	ok
chr9	35813704	35813705	-	0.999543	Prob	0.615385	87	G	TGGTT	ok
chr12	54325137	54325138	+	0.99999	Prob	0.592593	49	C	TCCAC	ok
chr1	112671457	112671458	+	0.999032	Prob	0.508197	84	C	GTCAA	ok
chr3	156541540	156541541	-	0.999992	Prob	0.653846	40	G	AAGTA	ok
chr8	23296117	23296118	+	0.99999	Prob	0.531915	56	C	GCCTG	ok
chr17	44076103	44076104	+	0.99999	Prob	0.65	88	C	CACTC	ok
chr4	102885428	102885429	+	0.999543	Prob	0.55914	134	C	AACGG	ok
chr11	61368645	61368646	+	0.999997	Prob	0.636364	54	C	GGCGA	ok
chr16	10757892	10757893	+	0.999997	Prob	0.590909	26	C	TCCGA	ok
chr21	43755979	43755980	+	0.999997	Prob	0.483871	212	C	GCCCC	ok
chr4	99062378	99062379	+	0.999992	Prob	0.657534	84	C	CACAC	ok
chr15	78160122	78160123	+	0.999997	Prob	0.647059	42	C	CACTG	ok
chr17	78186975	78186976	-	0.999032	Prob	0.603175	107	G	GGGCA	ok
chr5	135343347	135343348	-	0.999543	Prob	0.666667	144	G	AAGTT	ok
chr3	33866908	33866909	+	0.999543	Prob	0.52381	63	C	TTCTC	ok
chr19	58551709	58551710	-	0.999984	Prob	0.425	135	G	CTGAG	ok
chr10	133402171	133402172	+	0.999997	Prob	0.517241	46	C	TTCCT	ok
chr19	52222137	52222138	+	0.999543	Prob	0.554217	167	C	AGCAC	ok
chr1	154275407	154275408	+	0.999997	Prob	0.45977	325	C	GCCGG	ok
chr17	81845985	81845986	-	0.999996	Prob	0.615385	232	G	AGGTG	ok
chr8	142736334	142736335	+	0.999997	Prob	0.55	24	C	ACCCC	ok
chr4	24527965	24527966	-	0.99999	Prob	0.680851	97	G	ATGCG	ok
chr5	163444470	163444471	+	0.999997	Prob	0.666667	37	C	TTCCC	ok
chr2	208248430	208248431	-	0.999997	Prob	0.5	45	G	GGGGA	ok
chr12	53298112	53298113	+	0.999032	Prob	0.583333	599	C	ATCCA	ok
chr8	56216519	56216520	+	0.999997	Prob	0.4375	190	C	GCCGG	ok
chr1	155312290	155312291	+	0.999996	Prob	0.5	345	C	ACCGG	ok
chr16	10547600	10547601	-	0.999997	Prob	0.477273	77	G	AAGCA	ok
chr3	108047118	108047119	-	0.999997	Prob	0.461538	54	G	TTGAA	ok
chr1	219988654	219988655	-	0.999984	Prob	0.596154	90	G	AAGTA	ok
chr1	114568160	114568161	-	0.999997	Prob	0.618557	105	G	TTGCC	ok
chr1	167553444	167553445	-	0.999997	Prob	0.567568	48	G	CTGCC	ok
chr1	70237455	70237456	+	0.999997	Prob	0.464286	141	C	CACCA	ok
chr1	45343879	45343880	+	0.99999	Prob	0.607143	54	C	ACCAG	ok
chr20	44942767	44942768	-	0.999997	Prob	0.428571	68	G	CAGTC	ok
chr6	36968494	36968495	-	0.999997	Prob	0.604938	246	G	ATGAT	ok
chr20	32850214	32850215	+	0.99999	Prob	0.633333	34	C	AACAA	ok
chr6	29945629	29945630	+	0.999997	Prob	0.433333	294	C	TTCCC	ok
chr11	62888563	62888564	+	0.999992	Prob	0.388889	822	C	AGCCT	ok
chr10	6112264	6112265	+	0.999543	Prob	0.478261	55	C	GTCTG	ok
chr3	113000885	113000886	+	0.999997	Prob	0.625	39	C	TGCTT	ok
chr2	216116793	216116794	+	0.99999	Prob	0.533333	129	C	TGCTG	ok
chr16	30069632	30069633	+	0.999032	Prob	0.724138	594	C	ACCGT	ok
chr11	836342	836343	+	0.99999	Prob	0.53125	90	C	GCCAC	ok
chr19	38932790	38932791	+	0.999997	Prob	0.606557	265	C	CGCCT	ok
chr2	10789764	10789765	-	0.999997	Prob	0.555556	199	G	GAGGT	ok
chr6	134169762	134169763	-	0.999996	Prob	0.55814	213	G	GTGTC	ok
chr3	186785025	186785026	+	0.999997	Prob	0.545455	84	C	ATCCT	ok
chr2	70281601	70281602	-	0.999543	Prob	0.454545	776	G	GAGGA	ok
chr7	95405441	95405442	-	0.999997	Prob	0.666667	186	G	CTGTA	ok
chr16	1419806	1419807	-	0.99999	Prob	0.583333	50	G	ATGTG	ok
chr3	167794730	167794731	+	0.999543	Prob	0.423077	33	C	TCCTC	ok
chr3	149966037	149966038	-	0.99999	Prob	0.619048	48	G	TGGGC	ok
chr19	39981315	39981316	+	0.999992	Prob	0.608696	153	C	TTCCC	ok
chr21	43093132	43093133	-	0.999992	Prob	0.222222	182	G	TCGAC	ok
chr7	5527230	5527231	-	0.999997	Prob	0.478261	1152	G	GGGAG	ok
chr22	37679745	37679746	+	0.999996	Prob	0.615385	1058	C	GACTG	ok
chr11	62572640	62572641	-	0.999997	Prob	0.574468	1269	G	TGGAA	ok
chr5	1318053	1318054	-	0.999543	Prob	0.625	113	G	TTGCC	ok
chr8	54022288	54022289	-	0.99999	Prob	0.4375	46	G	CGGCG	ok
chr11	65720141	65720142	-	0.999997	Prob	0.708333	149	G	TGGCA	ok
chr2	110650601	110650602	-	0.999997	Prob	0.666667	81	G	CAGCA	ok
chr12	56272245	56272246	-	0.999992	Prob	0.73913	82	G	AGGTA	ok
chr14	35314445	35314446	+	0.999997	Prob	0.484848	455	C	TCCTA	ok
chr16	57440974	57440975	-	0.999997	Prob	0.7	88	G	GGGAA	ok
chr17	81511389	81511390	-	0.999984	Prob	0.472222	825	G	GTGAA	ok
chr19	12922861	12922862	-	0.999997	Prob	0.58209	260	G	TTGAT	ok
chr20	58994180	58994181	+	0.99999	Prob	0.511111	148	C	GACAG	ok
chr1	234384030	234384031	+	0.999997	Prob	0.510638	152	C	AACCT	ok
chr10	72233565	72233566	+	0.999984	Prob	0.571429	70	C	TTCAA	ok
chr8	58582747	58582748	+	0.999997	Prob	0.416667	133	C	CTCCT	ok
chr2	3580184	3580185	+	0.99999	Prob	0.53125	5355	C	ATCCG	ok
chr17	49701476	49701477	-	0.999997	Prob	0.555556	109	G	TAGCT	ok
chr11	73974888	73974889	-	0.999543	Prob	0.636364	40	G	AAGAG	ok
chr5	171406663	171406664	+	0.999997	Prob	0.735294	535	C	ACCTG	ok
chr7	74196716	74196717	+	0.999997	Prob	0.548387	773	C	GCCGT	ok
chr17	68046538	68046539	+	0.999997	Prob	0.565217	456	C	ACCTC	ok
chr10	72275007	72275008	+	0.999996	Prob	0.571429	172	C	TTCCA	ok
chr6	29945524	29945525	+	0.999997	Prob	0.578947	290	C	CCCTG	ok
chrx	49119705	49119706	-	0.999997	Prob	0.52381	21	G	CTGAT	ok
chr22	30337115	30337116	-	0.99999	Prob	0.52381	20	G	GGGGG	ok
chr16	57471452	57471453	+	0.999997	Prob	0.506667	85	C	ACCCT	ok
chr7	90384899	90384900	+	0.999032	Prob	0.608696	32	C	TGCAT	ok
chr11	17077463	17077464	-	0.999996	Prob	0.5	2755	G	CTGGG	ok
chr2	27375524	27375525	+	0.999992	Prob	0.606061	81	C	GACGC	ok
chr22	37568872	37568873	+	0.999997	Prob	0.541667	25	C	CACCT	ok
chr19	5611208	5611209	-	0.99999	Prob	0.444444	19	G	CCGTC	ok
chr13	48076667	48076668	-	0.999032	Prob	0.5	34	G	GAGCC	ok
chr13	44434735	44434736	-	0.999997	Prob	0.494737	165	G	CTGGG	ok
chr15	83017059	83017060	-	0.999997	Prob	0.588235	48	G	CTGTA	ok
chr16	1788818	1788819	+	0.999984	Prob	0.550725	109	C	GGCCC	ok
chr22	41607274	41607275	-	0.999997	Prob	0.583333	38	G	TGGAG	ok
chr1	20499623	20499624	-	0.999992	Prob	0.52381	23	G	GTGGG	ok
chr5	175960065	175960066	-	0.999997	Prob	0.605263	50	G	GAGGC	ok
chr11	108147294	108147295	+	0.999996	Prob	0.493976	206	C	GTCAT	ok
chr1	26280789	26280790	+	0.999543	Prob	0.507246	89	C	GACCC	ok
chr2	135753544	135753545	+	0.999543	Prob	0.5	46	C	GCCTG	ok
chr11	94972075	94972076	-	0.999997	Prob	0.597938	121	G	GAGAG	ok
chr16	69329176	69329177	-	0.99999	Prob	0.5	48	G	CAGCC	ok
chr17	47669684	47669685	+	0.999992	Prob	0.6	39	C	GCCCA	ok
chr5	205395	205396	-	0.999543	Prob	0.545455	104	G	TGGCG	ok
chr15	78169229	78169230	+	0.999997	Prob	0.575758	63	C	TACCT	ok
chr17	40834398	40834399	+	0.999992	Prob	0.321429	43	C	ATCAC	ok
chr16	75631219	75631220	-	0.999997	Prob	0.465517	136	G	TTGCC	ok
chr2	85542940	85542941	+	0.999984	Prob	0.571429	47	C	CTCCA	ok
chr8	116766777	116766778	+	0.999543	Prob	0.666667	28	C	AGCTG	ok
chr1	43360247	43360248	+	0.999997	Prob	0.583333	126	C	AACAG	ok
chr7	1160080	1160081	-	0.999543	Prob	0.380952	25	G	CTGGC	ok
chr10	100987408	100987409	-	0.999997	Prob	0.676471	118	G	TGGCC	ok
chr3	33143066	33143067	+	0.999997	Prob	0.44	39	C	ACCAT	ok
chr1	224189952	224189953	+	0.999997	Prob	0.5	78	C	TTCTG	ok
chr16	28538814	28538815	-	0.99999	Prob	0.615385	27	G	AGGCT	ok
chr1	32334447	32334448	-	0.999032	Prob	0.588235	55	G	GAGAG	ok
chr21	42859668	42859669	-	0.999032	Prob	0.546512	109	G	AGGAG	ok
chr6	3154215	3154216	-	0.99999	Prob	0.517241	58	G	CTGCT	ok
chr7	56060285	56060286	+	0.999543	Prob	0.507692	372	C	ACCTT	ok
chr9	98005054	98005055	+	0.999543	Prob	0.46875	53	C	GCCCC	ok
chr12	49563501	49563502	-	0.999997	Prob	0.71875	77	G	CTGCA	ok
chr11	57409993	57409994	-	0.999997	Prob	0.761905	102	G	AGGAT	ok
chr21	33546231	33546232	+	0.999032	Prob	0.565789	160	C	AGCTG	ok
chr10	69208720	69208721	+	0.999984	Prob	0.68	52	C	CGCAT	ok
chr1	235111516	235111517	-	0.999997	Prob	0.5	52	G	CAGAA	ok
chr6	159767031	159767032	+	0.99999	Prob	0.409091	49	C	AGCCA	ok
chr6	143863150	143863151	+	0.99999	Prob	0.37931	35	C	CTCAC	ok
chr6	112100676	112100677	+	0.99999	Prob	0.5	32	C	TCCGG	ok
chrx	154381393	154381394	+	0.99999	Prob	0.517647	155	C	TCCAT	ok
chr1	167548092	167548093	-	0.999997	Prob	0.566667	48	G	AAGTC	ok
chr1	67411720	67411721	-	0.999997	Prob	0.631579	67	G	ATGTC	ok
chr9	136834286	136834287	+	0.999996	Prob	0.65	36	C	TTCTT	ok
chr9	129006537	129006538	+	0.999032	Prob	0.758621	37	C	GCCGG	ok
chr2	74527054	74527055	-	0.999996	Prob	0.651515	147	G	TGGGA	ok
chr6	3140408	3140409	+	0.999997	Prob	0.7	27	C	TGCCC	ok
chr10	1041109	1041110	-	0.999997	Prob	0.488372	114	G	TAGAA	ok
chr14	70326230	70326231	-	0.999997	Prob	0.527273	85	G	TGGGC	ok
chr2	216122115	216122116	+	0.999992	Prob	0.627907	91	C	CCCTT	ok
chr14	55063176	55063177	+	0.999997	Prob	0.452381	46	C	CACCG	ok
chr8	98042701	98042702	-	0.999997	Prob	0.566038	3728	G	CAGTT	ok
chr11	63633092	63633093	-	0.999032	Prob	0.571429	26	G	CAGTG	ok
chr2	200820067	200820068	+	0.999543	Prob	0.465753	100	C	GACAA	ok
chr17	49404999	49405000	-	0.999997	Prob	0.576923	691	G	GGGCA	ok
chr15	78892300	78892301	+	0.999543	Prob	0.5	168	C	ACCAG	ok
chr3	40462118	40462119	+	0.999032	Prob	0.552239	2377	C	TTCCT	ok
chr16	1419793	1419794	-	0.999543	Prob	0.484848	46	G	GTGTA	ok
chr19	54201279	54201280	+	0.999997	Prob	0.6	2616	C	ATCGG	ok
chr2	69896463	69896464	+	0.999997	Prob	0.45	77	C	CTCCT	ok
chr11	123060661	123060662	-	0.999997	Prob	0.55	1135	G	TAGAA	ok
chr3	124740136	124740137	+	0.999996	Prob	0.6	135	C	GCCTC	ok
chr6	116590290	116590291	+	0.999543	Prob	0.703704	118	C	TCCAG	ok
chr19	49491459	49491460	+	0.999997	Prob	0.481481	5313	C	GGCTG	ok
chr7	135674744	135674745	+	0.999997	Prob	0.551724	36	C	TCCTG	ok
chr8	63015135	63015136	-	0.99999	Prob	0.478261	179	G	ATGAA	ok
chr8	143817408	143817409	-	0.999984	Prob	0.708333	158	G	TGGGG	ok
chr11	62888693	62888694	+	0.999997	Prob	0.53125	828	C	GACTT	ok
chr12	67310227	67310228	+	0.99999	Prob	0.410256	85	C	CACAC	ok
chr14	64932235	64932236	+	0.99999	Prob	0.571429	128	C	TCCTT	ok
chr19	55386601	55386602	+	0.999997	Prob	0.725	1773	C	TTCCG	ok
chr16	87830503	87830504	-	0.99999	Prob	0.554348	342	G	CTGGT	ok
chr16	67935439	67935440	-	0.999997	Prob	0.567568	87	G	CCGGT	ok
chr17	81843836	81843837	-	0.999997	Prob	0.428571	403	G	AGGAA	ok
chr19	1440392	1440393	+	0.999997	Prob	0.565789	4664	C	TACAA	ok
chr17	44319977	44319978	-	0.999997	Prob	0.619048	332	G	CGGGG	ok
chr19	17279262	17279263	+	0.999997	Prob	0.5	111	C	TCCTA	ok
chr17	38322753	38322754	+	0.999996	Prob	0.62963	78	C	GACTG	ok
chr8	97852529	97852530	+	0.999032	Prob	0.522222	302	C	TCCTG	ok
chr8	58582541	58582542	+	0.999997	Prob	0.565217	125	C	GCCAG	ok
chr4	83272166	83272167	-	0.999997	Prob	0.56	73	G	GAGCT	ok
chr5	306601	306602	+	0.99999	Prob	0.566667	698	C	AGCCA	ok
chr20	1369497	1369498	-	0.999997	Prob	0.409091	169	G	AAGGG	ok
chr17	39204532	39204533	+	0.99999	Prob	0.533333	4404	C	GGCTG	ok
chr19	572651	572652	+	0.99999	Prob	0.538462	159	C	TTCGT	ok
chr11	66976610	66976611	+	0.999996	Prob	0.416667	84	C	AGCTG	ok
chr10	84152865	84152866	+	0.999997	Prob	0.538462	206	C	ATCTG	ok
chr1	156742231	156742232	-	0.999984	Prob	0.688889	137	G	GAGAC	ok
chr1	11974802	11974803	+	0.999992	Prob	0.555556	41	C	ATCCC	ok
chr14	39179431	39179432	+	0.999997	Prob	0.526316	21	C	AACTA	ok
chr19	41386469	41386470	-	0.999997	Prob	0.608696	101	G	GGGCT	ok
chr7	90355180	90355181	+	0.999543	Prob	0.47619	23	C	AACGA	ok
chr17	28346520	28346521	+	0.999997	Prob	0.652174	27	C	GTCTC	ok
chr12	75501997	75501998	-	0.999992	Prob	0.634615	54	G	TCGAT	ok
chr1	109214094	109214095	+	0.999997	Prob	0.488889	73	C	ACCAG	ok
chr1	11023029	11023030	+	0.999992	Prob	0.608696	54	C	CCCTT	ok
chr4	109717712	109717713	-	0.999543	Prob	0.424242	40	G	AAGCT	ok
chr19	6374966	6374967	+	0.999996	Prob	0.595238	132	C	GCCTG	ok
chrx	24062543	24062544	+	0.999992	Prob	0.621622	84	C	AACAA	ok
chr12	47968309	47968310	+	0.999997	Prob	0.53125	269	C	ACCCC	ok
chr15	55181867	55181868	-	0.99999	Prob	0.53125	116	G	GTGCC	ok
chr17	30285449	30285450	-	0.999997	Prob	0.485714	41	G	CAGGT	ok
chr17	78971654	78971655	-	0.999996	Prob	0.464286	79	G	AGGGG	ok
chr1	28201025	28201026	-	0.999997	Prob	0.591398	142	G	TTGTT	ok
chr5	94628840	94628841	+	0.999992	Prob	0.612903	37	C	TCCAG	ok
chr5	52800567	52800568	+	0.999997	Prob	0.75	32	C	AGCAA	ok
chr11	57327856	57327857	-	0.999543	Prob	0.593407	109	G	GGGCA	ok
chr22	23957606	23957607	-	0.999997	Prob	0.463415	51	G	CAGAG	ok
chr17	4733404	4733405	+	0.999997	Prob	0.545455	44	C	CTCCA	ok
chr2	218254000	218254001	+	0.999997	Prob	0.629032	276	C	CTCTT	ok
chr5	205494	205495	-	0.999543	Prob	0.604396	104	G	ACGGA	ok
chr16	46672409	46672410	-	0.999543	Prob	0.451613	69	G	AAGTG	ok
chr10	32048480	32048481	-	0.999997	Prob	0.5	92	G	TTGCA	ok
chr13	21177435	21177436	+	0.999997	Prob	0.6	75	C	GTCTG	ok
chr12	76878978	76878979	-	0.999032	Prob	0.576923	31	G	GCGAG	ok
chr16	69155902	69155903	+	0.999997	Prob	0.461538	49	C	TCCCC	ok
chr19	52206001	52206002	+	0.99999	Prob	0.477273	71	C	GGCAG	ok
chr12	57231488	57231489	+	0.999032	Prob	0.655172	56	C	TGCAG	ok
chr6	3157424	3157425	-	0.999032	Prob	0.517241	28	G	TTGCC	ok
chr22	17138074	17138075	-	0.999997	Prob	0.625	65	G	ACGTC	ok
chr16	636227	636228	-	0.999997	Prob	0.595745	289	G	AGGTA	ok
chr1	62439847	62439848	+	0.999997	Prob	0.6	69	C	TCCTT	ok
chr22	28796059	28796060	-	0.999997	Prob	0.631579	66	G	AAGAG	ok
chr12	56160104	56160105	+	0.999543	Prob	0.615385	1187	C	GGCAC	ok
chr21	43053471	43053472	-	0.999997	Prob	0.461538	78	G	CCGCC	ok
chr19	40423078	40423079	-	0.999543	Prob	0.52	28	G	AGGTC	ok
chr10	69195229	69195230	+	0.999996	Prob	0.277778	22	C	TCCAG	ok
chr11	68903753	68903754	-	0.999996	Prob	0.607143	124	G	CTGTG	ok
chr6	149811202	149811203	+	0.999997	Prob	0.571429	58	C	TCCTG	ok
chr1	156722789	156722790	-	0.999543	Prob	0.4	50	G	TAGAG	ok
chr10	110293146	110293147	-	0.999997	Prob	0.5	23	G	ATGCA	ok
chr10	100364258	100364259	+	0.99999	Prob	0.521739	61	C	GGCCA	ok
chr9	136993185	136993186	+	0.999997	Prob	0.510638	115	C	TGCGG	ok
chr20	44907028	44907029	+	0.999032	Prob	0.793103	83	C	TCCTC	ok
chr6	36855986	36855987	-	0.99999	Prob	0.592593	33	G	CTGCC	ok
chr1	25338434	25338435	+	0.999992	Prob	0.5	49	C	AACCA	ok
chrx	48893985	48893986	-	0.999543	Prob	0.5	132	G	CTGAG	ok
chr1	7985177	7985178	+	0.999032	Prob	0.466667	777	C	TGCGG	ok
chr7	103344571	103344572	-	0.999543	Prob	0.636364	58	G	GCGTG	ok
chr2	10787369	10787370	-	0.999543	Prob	0.6	242	G	GGGTA	ok
chr17	81891983	81891984	+	0.999543	Prob	0.447368	43	C	GGCGG	ok
chr5	133991003	133991004	-	0.999997	Prob	0.583333	323	G	CTGAT	ok
chr11	34895076	34895077	-	0.999997	Prob	0.451613	35	G	AAGTT	ok
chr22	39522309	39522310	+	0.999984	Prob	0.45	171	C	GTCTG	ok
chr14	22834213	22834214	+	0.999997	Prob	0.5	111	C	TACAA	ok
chr8	49075308	49075309	+	0.999992	Prob	0.708333	70	C	AGCGC	ok
chrx	21940793	21940794	+	0.999984	Prob	0.529412	76	C	TCCCC	ok
chr6	134170375	134170376	-	0.99999	Prob	0.333333	154	G	GAGTT	ok
chr3	53255951	53255952	-	0.999543	Prob	0.52381	196	G	CAGGC	ok
chr3	50288480	50288481	-	0.999997	Prob	0.4375	185	G	AAGAT	ok
chr2	86171223	86171224	-	0.999543	Prob	0.772727	52	G	GTGGG	ok
chr13	44434017	44434018	-	0.999997	Prob	0.617647	298	G	TAGGT	ok
chr12	104265627	104265628	+	0.999543	Prob	0.2	175	C	CACCC	ok
chr6	116584800	116584801	+	0.99999	Prob	0.636364	164	C	CCCAG	ok
chr7	5529200	5529201	-	0.999997	Prob	0.636364	461	G	GGGCC	ok
chr20	62143311	62143312	-	0.999997	Prob	0.686567	754	G	GGGCG	ok
chr14	23026068	23026069	-	0.999543	Prob	0.363636	456	G	AAGCA	ok
chr4	154544502	154544503	-	0.999996	Prob	0.655172	36	G	TAGCC	ok
chr8	30063481	30063482	-	0.999543	Prob	0.566667	132	G	TAGAA	ok
chr11	10797408	10797409	-	0.999997	Prob	0.391304	308	G	ATGGA	ok
chr17	68044401	68044402	+	0.999997	Prob	0.555556	421	C	ACCTT	ok
chr19	46775562	46775563	-	0.999997	Prob	0.5	82	G	CCGAT	ok
chr12	52904932	52904933	-	0.999997	Prob	0.566667	326	G	GGGGC	ok
chr14	95544128	95544129	+	0.999997	Prob	0.558824	85	C	GGCGG	ok
chr16	30069342	30069343	+	0.999997	Prob	0.527273	543	C	CCCTG	ok
chr17	6450748	6450749	+	0.999997	Prob	0.551724	39	C	CGCAG	ok
chr17	17260418	17260419	-	0.999997	Prob	0.590909	170	G	CTGAG	ok
chr19	12924519	12924520	-	0.999997	Prob	0.655738	234	G	GCGTG	ok
chr19	17862950	17862951	+	0.999997	Prob	0.666667	4105	C	AGCCC	ok
chr6	31817611	31817612	+	0.999984	Prob	0.47619	71	C	GCCTG	ok
chr7	44117739	44117740	-	0.999996	Prob	0.641026	102	G	TTGTG	ok
chrx	152767681	152767682	-	0.999997	Prob	0.482759	82	G	GTGTG	ok
chr6	106971187	106971188	-	0.999996	Prob	0.571429	43	G	CAGTA	ok
chr20	62308423	62308424	+	0.999997	Prob	0.676471	179	C	TGCCA	ok
chr7	95411668	95411669	-	0.999543	Prob	0.675676	166	G	ATGTT	ok
chr4	83264355	83264356	-	0.999997	Prob	0.666667	91	G	GAGTG	ok
chr16	1997708	1997709	-	0.999997	Prob	0.551724	84	G	CAGAG	ok
chr2	197486911	197486912	-	0.999997	Prob	0.448276	706	G	CTGAT	ok
chr3	184183638	184183639	+	0.999997	Prob	0.5	239	C	CACCT	ok
chr19	14564259	14564260	+	0.999997	Prob	0.534483	92	C	GGCAC	ok
chr15	41309779	41309780	-	0.999997	Prob	0.411765	62	G	AGGAG	ok
chr17	51275890	51275891	+	0.999997	Prob	0.607843	65	C	TGCTG	ok
chr1	43976772	43976773	+	0.999997	Prob	0.613636	398	C	AGCCT	ok
chr4	109729653	109729654	-	0.999543	Prob	0.481481	39	G	AAGGC	ok
chr19	18928496	18928497	+	0.999543	Prob	0.46875	89	C	CCCTG	ok
chr17	67739564	67739565	+	0.999997	Prob	0.659574	66	C	TGCTA	ok
chr6	30626088	30626089	+	0.999996	Prob	0.4375	164	C	ACCCT	ok
chr15	65577546	65577547	+	0.999997	Prob	0.518519	34	C	GCCTT	ok
chr17	2043167	2043168	+	0.999997	Prob	0.592593	88	C	TGCCC	ok
chr2	85579050	85579051	+	0.99999	Prob	0.54878	103	C	ACCTG	ok
chr17	39988717	39988718	+	0.999996	Prob	0.636364	24	C	ATCAG	ok
chr12	56229132	56229133	+	0.999997	Prob	0.428571	73	C	ACCAC	ok
chr19	47209177	47209178	+	0.999992	Prob	0.666667	51	C	CCCTC	ok
chr8	116657222	116657223	-	0.999996	Prob	0.548387	270	G	GGGGA	ok
chr3	112536585	112536586	-	0.999543	Prob	0.505155	111	G	CTGTT	ok
chr8	144423801	144423802	-	0.999543	Prob	0.611111	118	G	CGGGC	ok
chr4	121696939	121696940	-	0.99999	Prob	0.453333	105	G	CCGAG	ok
chr15	43746500	43746501	+	0.999992	Prob	0.676471	110	C	AGCCG	ok
chr3	57572196	57572197	-	0.999997	Prob	0.529412	84	G	TAGAT	ok
chr3	52235052	52235053	-	0.999543	Prob	0.583333	33	G	GAGCC	ok
chr17	76064062	76064063	-	0.999997	Prob	0.458333	30	G	AGGCG	ok
chr9	127937495	127937496	-	0.999997	Prob	0.518519	66	G	GAGTC	ok
chr2	54974703	54974704	-	0.999997	Prob	0.57377	93	G	CAGTA	ok
chr1	161171554	161171555	-	0.999997	Prob	0.578947	59	G	AGGGA	ok
chr8	144106110	144106111	+	0.99999	Prob	0.428571	90	C	CCCCC	ok
chr12	57768914	57768915	-	0.99999	Prob	0.76	32	G	CAGTC	ok
chr6	30724716	30724717	+	0.999032	Prob	0.490909	277	C	TCCCA	ok
chr1	19259261	19259262	+	0.999997	Prob	0.685714	45	C	GTCCC	ok
chr6	30064767	30064768	+	0.999997	Prob	0.490566	125	C	GCCTT	ok
chr15	41281834	41281835	+	0.999997	Prob	0.590909	25	C	TTCCA	ok
chr4	24554882	24554883	-	0.999997	Prob	0.6	40	G	AGGAC	ok
chr1	74706917	74706918	-	0.999543	Prob	0.62963	67	G	GAGTA	ok
chr10	73771588	73771589	+	0.999997	Prob	0.7	83	C	GTCCT	ok
chr17	67366558	67366559	-	0.999996	Prob	0.521739	31	G	CGGCC	ok
chr10	69202492	69202493	+	0.999543	Prob	0.5	42	C	TCCCT	ok
chr1	235447672	235447673	-	0.999997	Prob	0.565217	26	G	AAGGA	ok
chr1	182876861	182876862	+	0.999997	Prob	0.5	65	C	AGCAT	ok
chr10	100352412	100352413	+	0.999992	Prob	0.571429	26	C	CTCAT	ok
chr1	63648584	63648585	+	0.999996	Prob	0.578313	130	C	CCCGC	ok
chr1	44767272	44767273	+	0.999997	Prob	0.675676	65	C	GTCTG	ok
chr6	33280884	33280885	-	0.999997	Prob	0.538462	48	G	AGGTG	ok
chr1	10469235	10469236	-	0.999543	Prob	0.727273	62	G	AAGGT	ok
chr9	35689911	35689912	-	0.99999	Prob	0.563636	53	G	AGGAC	ok
chr9	33255285	33255286	-	0.999032	Prob	0.65	503	G	CTGTG	ok
chrx	16828171	16828172	+	0.999997	Prob	0.454545	25	C	TTCAC	ok
chr6	30724183	30724184	+	0.999543	Prob	0.617284	1176	C	ATCCA	ok
chr14	20457461	20457462	+	0.999992	Prob	0.555556	187	C	GGCCC	ok
chr22	31105051	31105052	-	0.999032	Prob	0.583333	184	G	GCGCC	ok
chr7	1567644	1567645	-	0.999997	Prob	0.463415	123	G	GGGTG	ok
chr19	38932626	38932627	+	0.999984	Prob	0.576923	255	C	CACCC	ok
chr4	83107842	83107843	-	0.999032	Prob	0.628571	413	G	CTGCC	ok
chr1	20656176	20656177	-	0.999997	Prob	0.52	33	G	TTGCC	ok
chr3	53233233	53233234	-	0.999997	Prob	0.5	340	G	CAGCT	ok
chr11	57703851	57703852	-	0.999997	Prob	0.477273	56	G	ATGAG	ok
chr7	73303400	73303401	-	0.999997	Prob	0.46875	58	G	CAGCC	ok
chr16	635098	635099	-	0.999997	Prob	0.4	38	G	TGGTG	ok
chr5	53098090	53098091	-	0.999997	Prob	0.470588	47	G	TAGTT	ok
chr14	51254790	51254791	+	0.999997	Prob	0.392857	34	C	AACCT	ok
chr22	23894797	23894798	+	0.999997	Prob	0.433333	4787	C	GACCA	ok
chr1	235131780	235131781	-	0.999997	Prob	0.432432	87	G	GAGAA	ok
chr1	228147688	228147689	+	0.999997	Prob	0.5	479	C	GACAT	ok
chr17	50097542	50097543	+	0.999997	Prob	0.48	35	C	CTCCG	ok
chr5	256491	256492	+	0.999997	Prob	0.525424	451	C	GTCAT	ok
chr15	101275318	101275319	-	0.999992	Prob	0.5	102	G	GAGCA	ok
chr16	1965428	1965429	+	0.999997	Prob	0.377778	76	C	GACAC	ok
chr11	64316854	64316855	-	0.999996	Prob	0.37931	427	G	TGGCA	ok
chr17	28348200	28348201	-	0.999997	Prob	0.55102	77	G	GAGCC	ok
chr12	26960553	26960554	+	0.99999	Prob	0.538462	34	C	TCCTT	ok
chr12	56713575	56713576	-	0.999997	Prob	0.558824	1997	G	GGGCT	ok
chr15	76311421	76311422	-	0.999984	Prob	0.46875	108	G	CAGCA	ok
chr8	144263552	144263553	-	0.999997	Prob	0.576923	34	G	CAGTC	ok
chr18	49489433	49489434	-	0.99999	Prob	0.441176	2476	G	TGGCA	ok
chr19	12939539	12939540	+	0.999997	Prob	0.5	171	C	AACAT	ok
chr19	682685	682686	+	0.999997	Prob	0.466667	67	C	TGCTG	ok
chr19	49108567	49108568	+	0.99999	Prob	0.6	62	C	GGCCC	ok
chr9	137242834	137242835	+	0.999997	Prob	0.560976	370	C	AGCTC	ok
chr19	39485727	39485728	+	0.999997	Prob	0.62	123	C	CCCTC	ok
chr1	175010423	175010424	+	0.999543	Prob	0.586207	117	C	GCCTT	ok
chr6	52264678	52264679	-	0.999543	Prob	0.583333	149	G	AGGGC	ok
chr4	82427224	82427225	-	0.999997	Prob	0.547619	284	G	CAGCT	ok
chr3	9892992	9892993	+	0.999997	Prob	0.582418	132	C	AGCGT	ok
chr11	130070028	130070029	+	0.999997	Prob	0.473684	64	C	TTCTG	ok
chr15	60355945	60355946	-	0.999543	Prob	0.64	1012	G	CGGAA	ok
chr6	30723980	30723981	+	0.999543	Prob	0.388889	1024	C	GCCAC	ok
chr20	2461758	2461759	-	0.999996	Prob	0.62963	763	G	TAGGG	ok
chr9	83968956	83968957	-	0.999997	Prob	0.461538	420	G	AAGAG	ok
chr7	38214414	38214415	+	0.999997	Prob	0.5	22	C	TTCTT	ok
chr18	74158237	74158238	+	0.999997	Prob	0.541667	34	C	AGCCA	ok
chr19	14565650	14565651	+	0.999997	Prob	0.577778	106	C	CGCAG	ok
chr20	34285469	34285470	-	0.999543	Prob	0.567568	74	G	GGGTA	ok
chr19	48720588	48720589	-	0.999997	Prob	0.454545	32	G	CCGAT	ok
chr6	24775166	24775167	+	0.999997	Prob	0.425	98	C	AGCCT	ok
chr4	88099346	88099347	-	0.999997	Prob	0.517241	75	G	AGGTA	ok
chr19	18928420	18928421	+	0.999543	Prob	0.423077	90	C	CCCCA	ok
chr16	85779505	85779506	-	0.999992	Prob	0.534247	113	G	CAGAC	ok
chr17	17505723	17505724	-	0.999996	Prob	0.527778	76	G	GCGCA	ok
chr2	232567163	232567164	+	0.999997	Prob	0.630952	117	C	AACCT	ok
chr15	40764160	40764161	+	0.999996	Prob	0.456522	106	C	GCCAG	ok
chr12	124778202	124778203	-	0.999992	Prob	0.615385	56	G	GAGGG	ok
chr11	36274228	36274229	-	0.999543	Prob	0.483871	102	G	GGGAT	ok
chr3	156541926	156541927	-	0.999543	Prob	0.448276	34	G	ATGAA	ok
chr3	45007517	45007518	+	0.999997	Prob	0.54902	84	C	TGCAT	ok
chr16	8848201	8848202	+	0.999992	Prob	0.551724	38	C	AACAT	ok
chr4	82460328	82460329	+	0.999997	Prob	0.631579	47	C	TGCTT	ok
chr11	125577537	125577538	+	0.999984	Prob	0.565217	39	C	TCCTG	ok
chr2	97656098	97656099	-	0.999997	Prob	0.607143	31	G	GTGAG	ok
chr1	116393611	116393612	+	0.99999	Prob	0.594595	56	C	ACCGT	ok
chr11	61300080	61300081	-	0.999997	Prob	0.677419	116	G	GAGGG	ok
chr11	67071618	67071619	+	0.999997	Prob	0.6	52	C	CCCAG	ok
chr4	83263950	83263951	-	0.999997	Prob	0.619048	80	G	CAGGT	ok
chr19	12924224	12924225	-	0.99999	Prob	0.622449	253	G	CGGAA	ok
chr6	125292855	125292856	-	0.999997	Prob	0.62963	72	G	TAGAG	ok
chr19	52211320	52211321	+	0.999032	Prob	0.534884	79	C	GTCCT	ok
chr6	43018369	43018370	+	0.99999	Prob	0.421053	52	C	TCCAC	ok
chr8	145054930	145054931	+	0.999997	Prob	0.333333	71	C	CTCAT	ok
chr2	19897082	19897083	-	0.99999	Prob	0.610169	78	G	AAGTC	ok
chr8	97719186	97719187	+	0.99999	Prob	0.586207	46	C	GCCAG	ok
chr19	38305306	38305307	-	0.999984	Prob	0.571429	125	G	GTGGC	ok
chr12	49558399	49558400	-	0.999997	Prob	0.54	144	G	GGGTA	ok
chr19	583254	583255	+	0.999997	Prob	0.57377	303	C	ACCGA	ok
chr8	30614690	30614691	-	0.999997	Prob	0.576923	30	G	ATGCG	ok
chr19	40422683	40422684	-	0.999984	Prob	0.393939	33	G	CGGAT	ok
chr9	35060918	35060919	-	0.999997	Prob	0.486486	111	G	AGGCC	ok
chr13	49928058	49928059	-	0.999997	Prob	0.458333	35	G	CTGAG	ok
chr1	220034937	220034938	-	0.999996	Prob	0.555556	72	G	GAGCC	ok
chr10	103590200	103590201	+	0.999997	Prob	0.494118	94	C	AGCGA	ok
chr6	57172569	57172570	+	0.999543	Prob	0.428571	42	C	GCCCC	ok
chr1	70145748	70145749	-	0.99999	Prob	0.451613	36	G	TAGAA	ok
chr1	44767404	44767405	+	0.999997	Prob	0.578947	90	C	AGCTC	ok
chr9	113292422	113292423	+	0.999997	Prob	0.619048	54	C	AACAA	ok
chr17	44320107	44320108	-	0.999996	Prob	0.471698	294	G	AGGAA	ok
chr13	36169053	36169054	-	0.999997	Prob	0.45	21	G	TTGCT	ok
chr10	3135804	3135805	+	0.999984	Prob	0.610169	167	C	ACCTG	ok
chrx	129908670	129908671	+	0.999992	Prob	0.545455	26	C	GGCGG	ok
chr6	30724948	30724949	+	0.999992	Prob	0.528302	364	C	TCCAC	ok
chr11	838779	838780	+	0.999543	Prob	0.459459	159	C	GCCTA	ok
chr19	38932889	38932890	+	0.999997	Prob	0.55102	268	C	CCCTC	ok
chr22	41650855	41650856	+	0.999997	Prob	0.563636	545	C	CTCCC	ok
chr12	51242336	51242337	+	0.999996	Prob	0.444444	76	C	ACCTC	ok
chr17	7312368	7312369	+	0.999997	Prob	0.666667	525	C	CCCCC	ok
chr19	12922794	12922795	-	0.999996	Prob	0.6	276	G	GCGGC	ok
chr10	1040209	1040210	-	0.999997	Prob	0.478261	134	G	CAGGC	ok
chr7	95406190	95406191	-	0.999997	Prob	0.363636	180	G	ATGTC	ok
chr3	186570896	186570897	+	0.999996	Prob	0.611111	44	C	ACCAT	ok
chr3	42590932	42590933	+	0.999996	Prob	0.5	105	C	GGCAA	ok
chr7	44799405	44799406	+	0.999984	Prob	0.542857	6887	C	CTCTG	ok
chr19	49684059	49684060	+	0.999543	Prob	0.392857	148	C	GACAA	ok
chr1	70221825	70221826	+	0.999997	Prob	0.652174	165	C	GCCTC	ok
chr19	12796974	12796975	-	0.999997	Prob	0.542857	853	G	CAGGT	ok
chr20	62139123	62139124	-	0.999997	Prob	0.550725	928	G	GAGTG	ok
chr3	101685870	101685871	-	0.999992	Prob	0.454545	2178	G	CCGAG	ok
chr5	1798506	1798507	-	0.999997	Prob	0.68	534	G	GCGTT	ok
chr7	135662549	135662550	+	0.999997	Prob	0.540541	84	C	TTCGC	ok
chr4	99948156	99948157	-	0.999543	Prob	0.65625	1970	G	TTGTT	ok
chr8	86537589	86537590	+	0.999997	Prob	0.45	27	C	ACCTG	ok
chr11	7987634	7987635	+	0.999032	Prob	0.397059	171	C	TGCAC	ok
chr12	121916352	121916353	+	0.999997	Prob	0.653846	185	C	GCCCT	ok
chr10	17229658	17229659	+	0.999997	Prob	0.613333	241	C	CTCCT	ok
chr17	7014217	7014218	+	0.999984	Prob	0.542373	586	C	ACCTC	ok
chr16	28731935	28731936	+	0.999996	Prob	0.481481	166	C	GCCAA	ok
chr19	5691394	5691395	+	0.999997	Prob	0.4	2949	C	CGCCA	ok
chr19	1440455	1440456	+	0.99999	Prob	0.451613	4526	C	CTCAA	ok
chr18	12030651	12030652	+	0.99999	Prob	0.6	300	C	AGCTG	ok
chr17	42834775	42834776	+	0.99999	Prob	0.644444	55	C	ACCAA	ok
chr19	50506491	50506492	-	0.99999	Prob	0.52381	54	G	GTGAC	ok
chr1	175010422	175010423	+	0.99999	Prob	0.428571	117	C	TGCCT	ok
chr2	232522151	232522152	+	0.99999	Prob	0.55	85	C	TGCTT	ok
chr1	119744093	119744094	+	0.999997	Prob	0.533333	684	C	CACTG	ok
chr1	108648633	108648634	-	0.999997	Prob	0.6	128	G	CAGAG	ok
chr7	5527454	5527455	-	0.999996	Prob	0.5	1076	G	TAGGA	ok
chr7	74196673	74196674	+	0.999997	Prob	0.541667	765	C	GGCCT	ok
chr15	60352401	60352402	-	0.99999	Prob	0.533333	1070	G	ACGCT	ok
chr6	30723753	30723754	+	0.99999	Prob	0.513514	768	C	AGCCA	ok
chr10	84153028	84153029	+	0.999997	Prob	0.461538	210	C	ATCAT	ok
chr8	144107434	144107435	+	0.999997	Prob	0.469697	183	C	CACTC	ok
chr7	100872688	100872689	+	0.99999	Prob	0.513158	128	C	GACTG	ok
chr22	28795500	28795501	-	0.99999	Prob	0.466667	84	G	GGGTA	ok
chr14	67589549	67589550	-	0.999543	Prob	0.545455	29	G	TGGAA	ok
chr15	41332456	41332457	-	0.999997	Prob	0.457143	50	G	GAGGT	ok
chr17	28346696	28346697	+	0.999997	Prob	0.48	38	C	TCCAG	ok
chr5	140699148	140699149	+	0.999543	Prob	0.52381	35	C	AACAT	ok
chr3	150544273	150544274	-	0.99999	Prob	0.576923	137	G	GTGGT	ok
chr19	6372925	6372926	+	0.99999	Prob	0.532609	100	C	TGCGG	ok
chr2	219251639	219251640	-	0.999543	Prob	0.564516	109	G	TTGGC	ok
chr12	68660500	68660501	+	0.999032	Prob	0.709677	64	C	GCCAT	ok
chr19	14516643	14516644	-	0.999997	Prob	0.588235	63	G	TGGTC	ok
chr17	17506288	17506289	-	0.999032	Prob	0.5625	68	G	GTGGG	ok
chr2	105348314	105348315	+	0.999543	Prob	0.636364	32	C	ACCAG	ok
chr9	35813312	35813313	-	0.999543	Prob	0.517241	95	G	TGGCC	ok
chr14	77717924	77717925	-	0.999543	Prob	0.422222	59	G	AAGTA	ok
chr19	35637261	35637262	+	0.999997	Prob	0.515152	71	C	TCCGT	ok
chr1	20499778	20499779	-	0.999984	Prob	0.714286	23	G	AGGGC	ok
chr5	175959692	175959693	-	0.999997	Prob	0.551724	56	G	CAGAA	ok
chr22	30428539	30428540	+	0.999984	Prob	0.548387	81	C	TACTC	ok
chr16	8848340	8848341	+	0.999996	Prob	0.588235	44	C	TGCAT	ok
chr6	5369123	5369124	+	0.99999	Prob	0.527778	44	C	CTCCC	ok
chr2	46581497	46581498	-	0.999997	Prob	0.615385	78	G	AAGTT	ok
chr7	151214084	151214085	-	0.999997	Prob	0.62069	46	G	GGGGC	ok
chr3	128630073	128630074	-	0.999997	Prob	0.482143	75	G	GAGGT	ok
chr15	79313910	79313911	+	0.999984	Prob	0.75	54	C	CACCT	ok
chr17	28715042	28715043	-	0.999997	Prob	0.470588	248	G	ATGAG	ok
chr12	53989745	53989746	+	0.999997	Prob	0.606061	39	C	AGCAT	ok
chr5	135335083	135335084	-	0.999032	Prob	0.681818	156	G	AAGTA	ok
chr7	40134283	40134284	-	0.999997	Prob	0.565657	106	G	CCGCG	ok
chr7	76326870	76326871	-	0.999997	Prob	0.588235	36	G	CTGAG	ok
chr17	76060380	76060381	-	0.999997	Prob	0.5	35	G	CTGAC	ok
chr10	75219114	75219115	+	0.999997	Prob	0.428571	518	C	GACCT	ok
chr2	55049758	55049759	-	0.99999	Prob	0.5	71	G	AGGAG	ok
chrx	136878042	136878043	-	0.999543	Prob	0.55814	106	G	ATGGT	ok
chr7	143391030	143391031	+	0.999997	Prob	0.655172	56	C	ACCCT	ok
chr3	49027000	49027001	-	0.999997	Prob	0.6875	300	G	GTGTG	ok
chr2	19901903	19901904	-	0.999543	Prob	0.434783	26	G	GCGGT	ok
chr8	97644332	97644333	+	0.99999	Prob	0.571429	64	C	GACCC	ok
chr1	26864451	26864452	+	0.999997	Prob	0.59375	57	C	GACAC	ok
chr1	201484098	201484099	-	0.999984	Prob	0.515152	92	G	AGGCT	ok
chr1	155732014	155732015	+	0.99999	Prob	0.571429	183	C	CCCCA	ok
chr19	811973	811974	+	0.999997	Prob	0.521739	426	C	CTCTC	ok
chr2	9414245	9414246	-	0.999997	Prob	0.661017	129	G	TAGAA	ok
chr20	56468716	56468717	+	0.999997	Prob	0.380952	52	C	AACAA	ok
chr11	66337801	66337802	-	0.999997	Prob	0.551724	51	G	CCGCC	ok
chr1	156738623	156738624	-	0.999997	Prob	0.618421	241	G	GAGCC	ok
chr1	212738475	212738476	-	0.999997	Prob	0.515152	37	G	TTGCT	ok
chr1	182883223	182883224	+	0.999997	Prob	0.531646	118	C	TACCC	ok
chr1	94518340	94518341	+	0.999032	Prob	0.44	76	C	CTCTT	ok
chr1	45566921	45566922	+	0.999997	Prob	0.692308	88	C	CACCA	ok
chr20	44906895	44906896	+	0.99999	Prob	0.62963	82	C	GACAC	ok
chr6	36981646	36981647	-	0.999997	Prob	0.52459	104	G	GGGTG	ok
chr11	66284631	66284632	-	0.99999	Prob	0.516129	189	G	CAGGG	ok
chrx	23785982	23785983	+	0.999996	Prob	0.6	32	C	GGCGT	ok
chr6	3010053	3010054	+	0.999543	Prob	0.533333	202	C	ACCAG	ok
chr2	10787404	10787405	-	0.99999	Prob	0.555556	234	G	AAGTT	ok
chr17	81893562	81893563	+	0.999543	Prob	0.521739	376	C	TTCGT	ok
chr4	109684532	109684533	+	0.999997	Prob	0.433333	34	C	CACTG	ok
chr16	28723454	28723455	+	0.999032	Prob	0.434783	92	C	GCCAA	ok
chr22	41653559	41653560	+	0.999984	Prob	0.483871	565	C	ATCAA	ok
chr3	48600804	48600805	-	0.999997	Prob	0.477273	393	G	TTGGC	ok
chr3	49359246	49359247	-	0.999543	Prob	0.5625	497	G	GAGAA	ok
chr1	100990564	100990565	-	0.999997	Prob	0.75	165	G	CTGCT	ok
chr11	57703967	57703968	-	0.999997	Prob	0.511628	58	G	TGGAA	ok
chr3	50288660	50288661	-	0.999997	Prob	0.352941	177	G	ATGTA	ok
chr19	8322329	8322330	+	0.999997	Prob	0.645161	3975	C	CTCCT	ok
chr3	179573435	179573436	+	0.999543	Prob	0.47619	84	C	GCCAG	ok
chr22	39529858	39529859	-	0.999543	Prob	0.777778	229	G	CTGGT	ok
chr14	105488763	105488764	+	0.99999	Prob	0.419355	44	C	CTCTC	ok
chr1	96679493	96679494	-	0.999997	Prob	0.514286	29	G	TCGAA	ok
chr1	235131978	235131979	-	0.999997	Prob	0.710526	85	G	AAGAT	ok
chr10	7788256	7788257	+	0.999997	Prob	0.53125	473	C	GCCGC	ok
chr5	10265028	10265029	+	0.99999	Prob	0.5	253	C	TTCGG	ok
chr4	151102921	151102922	+	0.99999	Prob	0.516129	3576	C	TTCGT	ok
chr5	160427839	160427840	+	0.99999	Prob	0.457627	1119	C	CACCT	ok
chr4	88521773	88521774	-	0.999997	Prob	0.422222	93	G	AGGAA	ok
chr8	11826075	11826076	+	0.999997	Prob	0.545455	102	C	CTCAG	ok
chr11	62884485	62884486	+	0.999997	Prob	0.541667	490	C	GGCGT	ok
chr12	8941120	8941121	-	0.999992	Prob	0.537037	300	G	CAGAT	ok
chr16	1959654	1959655	+	0.999996	Prob	0.473684	356	C	ACCCT	ok
chr12	120444423	120444424	-	0.999997	Prob	0.545455	53	G	CAGAT	ok
chr12	56272120	56272121	-	0.999996	Prob	0.55	96	G	CTGTT	ok
chr14	74480736	74480737	-	0.999997	Prob	0.625	89	G	TTGGT	ok
chr14	24137413	24137414	+	0.999992	Prob	0.363636	205	C	AGCGG	ok
chr17	6449343	6449344	+	0.999997	Prob	0.571429	29	C	GGCGG	ok
chr17	63831130	63831131	+	0.999997	Prob	0.619048	198	C	GGCTG	ok
chr20	58994871	58994872	+	0.999032	Prob	0.529412	165	C	TGCTG	ok
chr17	4797563	4797564	+	0.999997	Prob	0.539474	542	C	TTCCA	ok
chr1	234374280	234374281	+	0.999997	Prob	0.568966	193	C	TGCTG	ok
chr21	5117076	5117077	-	0.999543	Prob	0.521739	28	G	GCGCC	ok
chr7	95411672	95411673	-	0.99999	Prob	0.676471	166	G	TTGAC	ok
chr1	154206872	154206873	-	0.999543	Prob	0.677419	400	G	GAGAG	ok
chr20	58993746	58993747	+	0.999543	Prob	0.351351	124	C	TTCGC	ok
chr12	54282169	54282170	+	0.999997	Prob	0.625	663	C	CACCT	ok
chr7	74196569	74196570	+	0.999997	Prob	0.468085	711	C	TTCAG	ok
chr9	125238170	125238171	-	0.999032	Prob	0.55	394	G	TTGAT	ok
chr6	30724406	30724407	+	0.999543	Prob	0.408163	1257	C	CCCCC	ok
chr11	66976288	66976289	+	0.999543	Prob	0.548387	67	C	GCCAT	ok
chr15	76283822	76283823	-	0.999997	Prob	0.489362	250	G	TCGAC	ok
chr5	87399430	87399431	-	0.999997	Prob	0.604651	84	G	TCGCT	ok
chr22	28795603	28795604	-	0.999543	Prob	0.548387	74	G	GAGGC	ok
chr14	67589727	67589728	-	0.999996	Prob	0.318182	36	G	ATGTC	ok
chr16	74306056	74306057	+	0.999032	Prob	0.391892	86	C	TTCCT	ok
chr17	78172674	78172675	+	0.999997	Prob	0.615385	213	C	CCCGG	ok
chr12	6391050	6391051	+	0.999997	Prob	0.551724	60	C	CCCTA	ok
chr1	43978125	43978126	+	0.999997	Prob	0.533333	439	C	TCCCC	ok
chr1	11023348	11023349	+	0.999996	Prob	0.6	66	C	ATCCG	ok
chr6	43020908	43020909	+	0.999543	Prob	0.5	122	C	GGCTA	ok
chr22	37569086	37569087	+	0.999997	Prob	0.535714	35	C	ACCCC	ok
chr19	1401321	1401322	-	0.999997	Prob	0.647059	107	G	GCGCG	ok
chr13	110645981	110645982	-	0.999997	Prob	0.677419	65	G	CTGAG	ok
chr15	65572302	65572303	+	0.999997	Prob	0.519231	83	C	ATCCA	ok
chr1	112671263	112671264	+	0.999543	Prob	0.541667	86	C	TACAC	ok
chr4	7060256	7060257	-	0.999997	Prob	0.708333	44	G	TTGCC	ok
chr5	169604364	169604365	+	0.999997	Prob	0.333333	40	C	TGCTT	ok
chr18	11981627	11981628	+	0.999984	Prob	0.491525	72	C	CCCGC	ok
chr4	82460952	82460953	+	0.999997	Prob	0.612903	68	C	GCCCT	ok
chr9	137564518	137564519	-	0.999997	Prob	0.565217	35	G	TTGAT	ok
chr5	97167788	97167789	-	0.999997	Prob	0.727273	32	G	TAGAC	ok
chr21	43094724	43094725	-	0.999997	Prob	0.615385	170	G	CTGTC	ok
chr3	186806322	186806323	-	0.999997	Prob	0.511111	54	G	CCGCC	ok
chr8	144510420	144510421	+	0.999996	Prob	0.714286	41	C	CCCGA	ok
chr11	47618089	47618090	-	0.999984	Prob	0.315789	19	G	GTGCC	ok
chr17	82036610	82036611	-	0.999997	Prob	0.621053	278	G	GGGAC	ok
chr5	16465720	16465721	-	0.999997	Prob	0.571429	33	G	TGGCC	ok
chr11	66543886	66543887	-	0.999996	Prob	0.555556	36	G	CAGGC	ok
chr6	34245854	34245855	+	0.999032	Prob	0.428571	159	C	GACAG	ok
chr12	6528955	6528956	+	0.999996	Prob	0.56	27	C	ATCTA	ok
chr10	13319134	13319135	-	0.999997	Prob	0.526316	56	G	CTGTC	ok
chr12	64430178	64430179	+	0.99999	Prob	0.391304	26	C	TCCAC	ok
chr5	163439348	163439349	+	0.999997	Prob	0.714286	24	C	GTCTG	ok
chr6	34424827	34424828	-	0.999543	Prob	0.653846	4784	G	TCGGG	ok
chr8	143816594	143816595	-	0.99999	Prob	0.6	239	G	CAGCG	ok
chr1	165695340	165695341	-	0.999997	Prob	0.451613	38	G	TTGAA	ok
chr19	14408381	14408382	+	0.999997	Prob	0.5	54	C	CCCAG	ok
chr1	201876315	201876316	+	0.999543	Prob	0.575758	39	C	CCCAC	ok
chr1	156599037	156599038	-	0.99999	Prob	0.462687	106	G	GTGAC	ok
chr1	150622294	150622295	-	0.999997	Prob	0.457143	79	G	ATGTT	ok
chr10	100362807	100362808	+	0.999997	Prob	0.566667	63	C	CCCTC	ok
chr9	136850824	136850825	+	0.99999	Prob	0.53125	452	C	CACCT	ok
chr1	44221137	44221138	-	0.99999	Prob	0.423729	115	G	ATGGG	ok
chr10	73379883	73379884	-	0.999997	Prob	0.5	153	G	TGGTC	ok
chr17	81665391	81665392	-	0.999996	Prob	0.491228	148	G	CTGGA	ok
chr20	32839787	32839788	+	0.999543	Prob	0.590909	25	C	GCCCT	ok
chr9	78328159	78328160	+	0.999996	Prob	0.458824	111	C	AACTC	ok
chr11	62888730	62888731	+	0.999996	Prob	0.5	815	C	TCCTT	ok
chr6	2954678	2954679	-	0.999997	Prob	0.325581	280	G	TTGGT	ok
chr3	9840227	9840228	-	0.999543	Prob	0.507042	120	G	TGGCT	ok
chr3	186797570	186797571	-	0.999996	Prob	0.703704	94	G	ATGTT	ok
chrx	129929530	129929531	+	0.999996	Prob	0.607843	122	C	ACCTG	ok
chr19	54193419	54193420	+	0.999997	Prob	0.357143	175	C	TCCCC	ok
chr16	1822970	1822971	-	0.999997	Prob	0.789474	35	G	TGGTG	ok
chr16	4511386	4511387	-	0.99999	Prob	0.681818	55	G	CAGTG	ok
chr17	81932909	81932910	-	0.999997	Prob	0.533333	236	G	TGGAG	ok
chr4	2042821	2042822	+	0.999997	Prob	0.52381	184	C	CGCGG	ok
chr6	134170279	134170280	-	0.999984	Prob	0.478261	161	G	GAGTC	ok
chr3	53231512	53231513	-	0.999997	Prob	0.6	373	G	GGGAG	ok
chr11	57704390	57704391	-	0.999997	Prob	0.62963	62	G	TGGTG	ok
chr10	119575606	119575607	-	0.999543	Prob	0.666667	49	G	CAGAG	ok
chr2	10441908	10441909	-	0.999996	Prob	0.571429	72	G	CTGCT	ok
chr7	106091876	106091877	-	0.999997	Prob	0.511111	94	G	CTGGT	ok
chr3	53229382	53229383	-	0.999997	Prob	0.451613	549	G	GTGCT	ok
chr6	116593154	116593155	+	0.999984	Prob	0.54	109	C	TGCTC	ok
chr2	27381201	27381202	-	0.999997	Prob	0.540541	99	G	TAGGT	ok
chr16	89561722	89561723	+	0.999543	Prob	0.5	5681	C	GCCCT	ok
chr7	128865692	128865693	+	0.999997	Prob	0.6	211	C	CTCCA	ok
chr8	101205605	101205606	-	0.999997	Prob	0.545455	145	G	CCGCC	ok
chr2	110641800	110641801	-	0.999997	Prob	0.454545	100	G	TGGAC	ok
chr12	56714428	56714429	-	0.999997	Prob	0.535714	1851	G	CTGCT	ok
chr15	82538971	82538972	-	0.999543	Prob	0.448276	4062	G	CAGAT	ok
chr15	60347668	60347669	-	0.999997	Prob	0.605263	1240	G	TGGTA	ok
chr17	3714705	3714706	-	0.999997	Prob	0.54878	150	G	GGGAC	ok
chr17	81511091	81511092	-	0.999996	Prob	0.473684	984	G	ATGCC	ok
chr19	12924923	12924924	-	0.999997	Prob	0.571429	194	G	GAGCG	ok
chr19	58393010	58393011	+	0.999997	Prob	0.607143	1628	C	TACCT	ok
chr19	39485551	39485552	+	0.999997	Prob	0.647059	116	C	TTCTG	ok
chrx	38806062	38806063	+	0.999997	Prob	0.529412	58	C	AGCGA	ok
chr17	36495459	36495460	+	0.999997	Prob	0.573529	108	C	TGCTC	ok
chr17	37056803	37056804	+	0.999997	Prob	0.44	59	C	TACAC	ok
chr1	119740474	119740475	+	0.999997	Prob	0.45	472	C	GCCTG	ok
chr3	51995427	51995428	-	0.999996	Prob	0.514286	1748	G	CTGGT	ok
chr5	306602	306603	+	0.999543	Prob	0.533333	699	C	GCCAT	ok
chr3	49359435	49359436	-	0.99999	Prob	0.551724	487	G	CCGAA	ok
chr6	30724159	30724160	+	0.999996	Prob	0.546512	1151	C	ACCTT	ok
chr10	43386975	43386976	-	0.999997	Prob	0.405405	188	G	TCGTT	ok
chr3	49358110	49358111	-	0.999032	Prob	0.47619	229	G	GTGTA	ok
chr19	10832517	10832518	-	0.999992	Prob	0.44186	62	G	TTGGC	ok
chr22	40825416	40825417	-	0.99999	Prob	0.446809	62	G	TAGAA	ok
chr7	90355163	90355164	+	0.99999	Prob	0.590909	22	C	ACCAT	ok
chr11	34995718	34995719	+	0.999032	Prob	0.363636	41	C	GGCAA	ok
chr2	215326875	215326876	+	0.999543	Prob	0.428571	41	C	AACAG	ok
chr12	69390564	69390565	+	0.999997	Prob	0.542857	47	C	CACAG	ok
chrx	24078178	24078179	+	0.99999	Prob	0.416667	43	C	CACCA	ok
chr14	75651155	75651156	-	0.99999	Prob	0.545455	47	G	TGGGT	ok
chr15	79889138	79889139	-	0.999996	Prob	0.45098	63	G	GGGAT	ok
chr14	60734949	60734950	+	0.99999	Prob	0.5	29	C	CTCTG	ok
chr15	67201686	67201687	-	0.999543	Prob	0.413793	44	G	AAGGA	ok
chr17	2042084	2042085	+	0.999997	Prob	0.421053	41	C	GGCGG	ok
chr11	36278523	36278524	-	0.999992	Prob	0.519231	60	G	TGGAA	ok
chr5	175968111	175968112	-	0.999997	Prob	0.642857	40	G	GCGCG	ok
chr22	32484032	32484033	+	0.999997	Prob	0.47619	53	C	GACCT	ok
chr19	48330394	48330395	+	0.999543	Prob	0.509434	104	C	TTCGC	ok
chr8	116648903	116648904	-	0.999996	Prob	0.542373	291	G	CTGTA	ok
chr18	49791498	49791499	-	0.999997	Prob	0.615385	130	G	CAGAT	ok
chr8	142700401	142700402	+	0.999997	Prob	0.517241	95	C	CGCCC	ok
chr2	101276859	101276860	-	0.999997	Prob	0.4	24	G	TAGTC	ok
chr4	173333068	173333069	-	0.999997	Prob	0.615385	66	G	ACGGT	ok
chr9	33447431	33447432	-	0.999543	Prob	0.62963	33	G	ATGAG	ok
chr15	43746613	43746614	+	0.99999	Prob	0.536585	124	C	TCCGA	ok
chr2	110638013	110638014	-	0.999997	Prob	0.621622	124	G	ACGTA	ok
chr4	108014561	108014562	+	0.999997	Prob	0.454545	51	C	TTCAA	ok
chr11	65890956	65890957	+	0.999996	Prob	0.648148	54	C	GGCGA	ok
chr9	127935557	127935558	-	0.999997	Prob	0.518519	99	G	GGGGG	ok
chr8	27604349	27604350	-	0.999997	Prob	0.536842	185	G	TGGAG	ok
chr6	125300632	125300633	-	0.999997	Prob	0.48	61	G	CTGTA	ok
chr3	15563535	15563536	-	0.999996	Prob	0.423077	47	G	TTGGA	ok
chr19	281241	281242	-	0.99999	Prob	0.73913	144	G	GGGGC	ok
chr9	33039535	33039536	+	0.99999	Prob	0.547619	94	C	TTCAT	ok
chr15	41281532	41281533	+	0.999997	Prob	0.45	26	C	AACTA	ok
chr4	24570690	24570691	-	0.999996	Prob	0.4	30	G	TCGAA	ok
chr12	54284576	54284577	+	0.999992	Prob	0.65	875	C	GCCAG	ok
chr2	27366777	27366778	-	0.999997	Prob	0.35	39	G	AGGCT	ok
chr5	151124343	151124344	-	0.999997	Prob	0.518519	41	G	TTGGC	ok
chr19	5692133	5692134	-	0.999032	Prob	0.454545	95	G	ATGAA	ok
chr1	201484356	201484357	-	0.999984	Prob	0.482759	67	G	GTGCC	ok
chr1	165907797	165907798	+	0.999543	Prob	0.554054	105	C	ATCGG	ok
chr10	131970750	131970751	-	0.999997	Prob	0.55814	102	G	AGGGT	ok
chr1	112703026	112703027	-	0.999543	Prob	0.435294	192	G	AAGCA	ok
chrx	153454501	153454502	-	0.99999	Prob	0.526316	53	G	TTGCA	ok
chr1	54032235	54032236	-	0.999984	Prob	0.52	195	G	AAGAG	ok
chr1	45343749	45343750	+	0.99999	Prob	0.571429	55	C	CTCTC	ok
chr10	74708331	74708332	+	0.999543	Prob	0.708333	127	C	CTCAA	ok
chr9	121201834	121201835	-	0.999997	Prob	0.571429	23	G	GTGCT	ok
chr20	32850219	32850220	+	0.999543	Prob	0.5	34	C	TGCCA	ok
chr6	29945723	29945724	+	0.999997	Prob	0.533333	291	C	CACTG	ok
chr11	62888452	62888453	+	0.999984	Prob	0.595238	792	C	TTCTC	ok
chrx	20124930	20124931	-	0.999997	Prob	0.555556	70	G	CAGAA	ok
chr6	2959198	2959199	-	0.999997	Prob	0.54902	232	G	TTGCC	ok
chrx	49581143	49581144	+	0.999992	Prob	0.518519	84	C	ACCAA	ok
chr2	121763015	121763016	+	0.999996	Prob	0.568182	62	C	ATCGG	ok
chr11	85635764	85635765	+	0.999997	Prob	0.619048	176	C	GACGC	ok
chrx	129925051	129925052	+	0.999543	Prob	0.52381	36	C	GGCAG	ok
chr6	29943402	29943403	+	0.999543	Prob	0.534884	162	C	GGCGG	ok
chr9	112438431	112438432	+	0.99999	Prob	0.333333	36	C	GCCAT	ok
chr22	23834381	23834382	+	0.999997	Prob	0.542857	111	C	CTCCC	ok
chr3	48604341	48604342	-	0.999997	Prob	0.56	244	G	CTGCA	ok
chr17	63819594	63819595	-	0.999543	Prob	0.54	52	G	GTGTT	ok
chr8	143581069	143581070	-	0.999996	Prob	0.758621	439	G	CCGTG	ok
chr3	22382817	22382818	+	0.99999	Prob	0.540541	27	C	TTCTG	ok
chr3	184368452	184368453	+	0.99999	Prob	0.619048	262	C	CTCGC	ok
chr9	137190090	137190091	+	0.99999	Prob	0.625	146	C	ACCCG	ok
chr7	44569167	44569168	-	0.999992	Prob	0.52	184	G	CCGGA	ok
chr19	16647197	16647198	-	0.999032	Prob	0.661765	185	G	TGGAG	ok
chr9	99227970	99227971	+	0.999997	Prob	0.307692	639	C	TTCTA	ok
chr7	135674548	135674549	+	0.999997	Prob	0.608696	49	C	CACAG	ok
chr5	181236936	181236937	-	0.999543	Prob	0.512821	969	G	AAGCC	ok
chr5	160427840	160427841	+	0.999543	Prob	0.580645	1119	C	ACCTG	ok
chr8	144791897	144791898	-	0.99999	Prob	0.674419	3537	G	CCGGG	ok
chr8	144314497	144314498	+	0.999997	Prob	0.541667	158	C	ACCCT	ok
chr2	110638033	110638034	-	0.999997	Prob	0.520833	123	G	TAGTA	ok
chr12	98601534	98601535	+	0.999997	Prob	0.458333	1175	C	ATCAA	ok
chr12	49559761	49559762	-	0.999543	Prob	0.56	103	G	ATGCA	ok
chr16	28726704	28726705	+	0.999543	Prob	0.454545	123	C	CGCAT	ok
chr17	82057333	82057334	+	0.999543	Prob	0.555556	165	C	ACCCT	ok
chr17	44321470	44321471	-	0.999997	Prob	0.454545	222	G	AGGTC	ok
chr1	149851582	149851583	+	0.999997	Prob	0.606061	38	C	TTCAG	ok
chr16	89954274	89954275	+	0.999997	Prob	0.473684	76	C	GGCCC	ok
chr14	22771456	22771457	+	0.99999	Prob	0.578947	127	C	CCCAC	ok
chr18	49489393	49489394	-	0.999997	Prob	0.633333	2416	G	AGGAA	ok
chr10	72220144	72220145	+	0.999992	Prob	0.484848	74	C	AACAT	ok
chr7	95424529	95424530	-	0.99999	Prob	0.538462	156	G	CAGGT	ok
chr1	8864065	8864066	-	0.999992	Prob	0.481481	2021	G	CTGGT	ok
chr20	58993085	58993086	+	0.99999	Prob	0.558824	108	C	CCCCT	ok
chr7	26191922	26191923	-	0.999543	Prob	0.448276	439	G	AAGGA	ok
chr3	49359901	49359902	-	0.99999	Prob	0.527273	535	G	AAGTT	ok
chr6	30723550	30723551	+	0.999543	Prob	0.708333	650	C	ATCAT	ok
chr12	56155494	56155495	+	0.999997	Prob	0.676471	82	C	GGCAC	ok
chr17	2638306	2638307	+	0.999032	Prob	0.428571	87	C	GACAA	ok
chr7	75888392	75888393	+	0.999997	Prob	0.666667	60	C	TCCTC	ok
chr22	28795301	28795302	-	0.999997	Prob	0.733333	97	G	AAGCA	ok
chr20	34280917	34280918	-	0.999032	Prob	0.461538	79	G	GAGAG	ok
chr19	48720770	48720771	-	0.999997	Prob	0.4	99	G	AGGTT	ok
chr3	51933547	51933548	-	0.99999	Prob	0.451613	39	G	GGGAT	ok
chr3	128071327	128071328	+	0.999997	Prob	0.571429	94	C	CCCTC	ok
chr2	176269588	176269589	+	0.999032	Prob	0.590909	31	C	CCCGT	ok
chr11	6601173	6601174	-	0.999032	Prob	0.487179	44	G	GCGGT	ok
chr11	110430214	110430215	+	0.999997	Prob	0.557377	66	C	CGCTG	ok
chr15	80979055	80979056	-	0.999996	Prob	0.608696	32	G	AAGCA	ok
chr16	1788579	1788580	+	0.999543	Prob	0.659574	87	C	CCCTG	ok
chr22	41620772	41620773	-	0.999997	Prob	0.5625	32	G	CCGCC	ok
chr4	48831196	48831197	+	0.999997	Prob	0.55	36	C	TTCTG	ok
chr8	23290376	23290377	+	0.999032	Prob	0.461538	34	C	GGCTG	ok
chr19	2733407	2733408	-	0.999997	Prob	0.652174	28	G	ATGAA	ok
chr4	82457006	82457007	+	0.999997	Prob	0.461538	40	C	AACAA	ok
chr11	125577555	125577556	+	0.999032	Prob	0.4	40	C	AACAG	ok
chr21	32601917	32601918	-	0.999984	Prob	0.602151	107	G	CAGTG	ok
chr1	53214527	53214528	-	0.999543	Prob	0.5	32	G	CAGCA	ok
chr4	121681685	121681686	-	0.999984	Prob	0.574713	117	G	TTGTT	ok
chr12	120131187	120131188	-	0.999997	Prob	0.434783	36	G	CTGTC	ok
chr19	17420176	17420177	+	0.999032	Prob	0.5	48	C	GGCCT	ok
chr8	144106419	144106420	+	0.999032	Prob	0.5	100	C	AACGC	ok
chr3	49027893	49027894	-	0.999997	Prob	0.557692	253	G	CTGTG	ok
chr1	45327987	45327988	+	0.999992	Prob	0.515152	43	C	TTCCT	ok
chr8	97719088	97719089	+	0.999543	Prob	0.548387	44	C	TCCAG	ok
chr9	98005053	98005054	+	0.99999	Prob	0.441176	52	C	TGCCC	ok
chr12	26990490	26990491	-	0.999997	Prob	0.604651	53	G	AAGCG	ok
chr1	154220582	154220583	-	0.999543	Prob	0.65	88	G	GGGAA	ok
chr1	36287146	36287147	+	0.99999	Prob	0.538462	60	C	TTCTG	ok
chr20	35548845	35548846	+	0.999543	Prob	0.428571	145	C	TTCCA	ok
chr2	9408180	9408181	-	0.999996	Prob	0.571429	177	G	AGGAA	ok
chrx	153861918	153861919	-	0.99999	Prob	0.36	50	G	GGGCG	ok
chr1	154212003	154212004	-	0.999992	Prob	0.44	33	G	ATGCG	ok
chr1	119735381	119735382	+	0.999543	Prob	0.633333	379	C	CGCCC	ok
chr1	167541758	167541759	-	0.999997	Prob	0.52381	58	G	ACGTG	ok
chr1	70432187	70432188	+	0.999997	Prob	0.642857	54	C	TGCCC	ok
chr10	86958654	86958655	+	0.999997	Prob	0.559322	75	C	TCCAG	ok
chrx	103253787	103253788	-	0.999997	Prob	0.52381	68	G	GTGTC	ok
chr1	37576548	37576549	-	0.999997	Prob	0.470588	36	G	CAGTG	ok
chr9	86265466	86265467	-	0.999996	Prob	0.619048	22	G	ATGAC	ok
chrx	47210892	47210893	+	0.999997	Prob	0.55	54	C	ACCCG	ok
chr2	26194626	26194627	-	0.99999	Prob	0.525	88	G	AAGCC	ok
chr17	81893554	81893555	+	0.99999	Prob	0.4875	374	C	GACGG	ok
chr6	43225764	43225765	-	0.999997	Prob	0.529412	400	G	CTGCC	ok
chr17	32370226	32370227	+	0.99999	Prob	0.533333	88	C	AACAA	ok
chr17	16381932	16381933	+	0.999997	Prob	0.56	869	C	TACCG	ok
chr6	31540452	31540453	-	0.999996	Prob	0.44	145	G	CAGCC	ok
chr16	4511564	4511565	-	0.999543	Prob	0.6	56	G	CTGCA	ok
chr2	3575366	3575367	+	0.999032	Prob	0.658537	46	C	TGCTC	ok
chr2	85053451	85053452	+	0.999997	Prob	0.454545	23	C	TGCCA	ok
chrx	19354564	19354565	+	0.999997	Prob	0.309524	570	C	GGCGA	ok
chr12	15959844	15959845	+	0.999997	Prob	0.428571	82	C	GCCGT	ok
chr12	69269885	69269886	+	0.999997	Prob	0.615385	50	C	AACAG	ok
chr14	52718118	52718119	+	0.999997	Prob	0.64	113	C	GCCAG	ok
chr19	49686686	49686687	+	0.999996	Prob	0.581818	229	C	ATCTT	ok
chrx	154400829	154400830	+	0.99999	Prob	0.411765	6587	C	GACAA	ok
chr6	132815069	132815070	+	0.999984	Prob	0.363636	3665	C	AGCTG	ok
chr3	51993700	51993701	-	0.999032	Prob	0.560976	2187	G	GGGGG	ok
chr5	6599580	6599581	-	0.999997	Prob	0.44	176	G	CAGGC	ok
chr8	97816138	97816139	+	0.999997	Prob	0.596491	188	C	TGCTT	ok
chr11	112233658	112233659	+	0.999997	Prob	0.321429	155	C	TACAC	ok
chr17	68045858	68045859	+	0.999997	Prob	0.625	446	C	ACCAT	ok
chr19	46775424	46775425	-	0.999997	Prob	0.392857	104	G	GAGCC	ok
chr12	52902062	52902063	-	0.999997	Prob	0.458333	414	G	CAGGA	ok
chr14	103519877	103519878	-	0.99999	Prob	0.636364	732	G	AGGCA	ok
chr14	24138784	24138785	+	0.999997	Prob	0.5	251	C	GCCCA	ok
chr16	29446866	29446867	-	0.99999	Prob	0.758621	88	G	TTGGT	ok
chr17	81511098	81511099	-	0.999997	Prob	0.64	975	G	AAGAT	ok
chr1	120156480	120156481	-	0.999997	Prob	0.4	24	G	TAGAC	ok
chr19	1105407	1105408	+	0.999997	Prob	0.515152	828	C	GGCAA	ok
chr17	42834867	42834868	+	0.999543	Prob	0.452381	56	C	GACTG	ok
chr19	8488829	8488830	+	0.999543	Prob	0.636364	115	C	GACGT	ok
chr1	165743234	165743235	-	0.999997	Prob	0.407407	128	G	CAGCA	ok
chr6	52264254	52264255	-	0.999996	Prob	0.55814	172	G	TTGTG	ok
chr19	812302	812303	+	0.999996	Prob	0.58	204	C	TTCTG	ok
chr2	3575343	3575344	+	0.999997	Prob	0.564103	3068	C	CTCGG	ok
chr2	10129662	10129663	+	0.999997	Prob	0.655172	90	C	AGCAC	ok
chr2	177212795	177212796	+	0.999997	Prob	0.6	336	C	CTCAA	ok
chr19	49492219	49492220	+	0.999997	Prob	0.5	1107	C	GACTG	ok
chr3	49359203	49359204	-	0.999032	Prob	0.71875	482	G	AAGTT	ok
chr3	49359233	49359234	-	0.999992	Prob	0.517241	496	G	GAGTG	ok
chr22	40362986	40362987	+	0.999997	Prob	0.28125	415	C	ATCTG	ok
chr7	100871581	100871582	+	0.999543	Prob	0.540541	118	C	TCCTG	ok
chr22	32401830	32401831	-	0.999996	Prob	0.512195	91	G	CAGGC	ok
chr19	36114241	36114242	-	0.999996	Prob	0.613636	207	G	TGGGT	ok
chr6	24786041	24786042	+	0.999997	Prob	0.506667	168	C	CTCCT	ok
chr4	77048246	77048247	-	0.999997	Prob	0.481481	27	G	GTGGA	ok
chr19	36150029	36150030	+	0.999997	Prob	0.6875	126	C	CCCCC	ok
chrx	24073239	24073240	+	0.999997	Prob	0.628205	87	C	AGCCG	ok
chr8	30083026	30083027	-	0.999997	Prob	0.525	69	G	GCGCA	ok
chr7	44570084	44570085	-	0.999997	Prob	0.421053	150	G	GTGGA	ok
chr15	67204109	67204110	-	0.999992	Prob	0.478261	39	G	AAGAC	ok
chr1	112654658	112654659	+	0.999996	Prob	0.461538	32	C	AACGG	ok
chr4	7064168	7064169	-	0.999997	Prob	0.565217	49	G	AGGTT	ok
chr8	23296123	23296124	+	0.999543	Prob	0.58	55	C	ATCTG	ok
chr17	44076235	44076236	+	0.99999	Prob	0.590909	91	C	GCCTT	ok
chr8	70641019	70641020	-	0.99999	Prob	0.724138	40	G	TAGCT	ok
chr2	38779015	38779016	+	0.999543	Prob	0.52	102	C	CCCCT	ok
chr14	22771506	22771507	+	0.99999	Prob	0.571429	132	C	AGCAG	ok
chr21	44128619	44128620	+	0.999543	Prob	0.666667	29	C	GTCGA	ok
chr11	47425132	47425133	-	0.999997	Prob	0.444444	155	G	TTGGA	ok
chr11	61130327	61130328	-	0.999997	Prob	0.538462	29	G	AAGCA	ok
chr2	70088641	70088642	+	0.999543	Prob	0.55102	70	C	CGCCA	ok
chr16	4695182	4695183	+	0.999543	Prob	0.5	34	C	GGCTG	ok
chr3	52228729	52228730	-	0.999543	Prob	0.485714	79	G	GTGCT	ok
chr19	2807804	2807805	+	0.999996	Prob	0.5	33	C	CCCGC	ok
chr10	75220772	75220773	+	0.999997	Prob	0.615385	562	C	TACAA	ok
chr2	54987572	54987573	-	0.999543	Prob	0.584906	82	G	CAGGG	ok
chr16	47161755	47161756	-	0.999997	Prob	0.653846	52	G	GAGGG	ok
chr16	1834044	1834045	-	0.999997	Prob	0.4	40	G	AAGGC	ok
chr22	42083262	42083263	+	0.999032	Prob	0.576087	131	C	CACCC	ok
chr12	64430180	64430181	+	0.999543	Prob	0.541667	26	C	CACTA	ok
chr11	10804018	10804019	-	0.999543	Prob	0.521739	75	G	TCGGG	ok
chr19	583048	583049	+	0.999997	Prob	0.659091	268	C	GCCGG	ok
chr19	812185	812186	+	0.999997	Prob	0.491803	464	C	GACGC	ok
chr10	72367795	72367796	-	0.999543	Prob	0.48	38	G	CAGGA	ok
chr1	201483907	201483908	-	0.999996	Prob	0.48	98	G	CAGCC	ok
chr1	159782246	159782247	+	0.999997	Prob	0.433333	127	C	TGCCA	ok
chr6	126340180	126340181	+	0.999543	Prob	0.508475	94	C	GACCG	ok
chr10	123162301	123162302	+	0.999543	Prob	0.450704	331	C	TACAG	ok
chr10	100362899	100362900	+	0.999997	Prob	0.57377	63	C	CTCTC	ok
chr1	53238426	53238427	-	0.999997	Prob	0.571429	55	G	ACGCA	ok
chr1	45568644	45568645	+	0.999997	Prob	0.621622	118	C	GGCTG	ok
chr6	42938874	42938875	+	0.999997	Prob	0.543478	54	C	CCCCG	ok
chr6	37376985	37376986	+	0.999032	Prob	0.636364	27	C	TGCTA	ok
chr1	20618613	20618614	+	0.999997	Prob	0.561644	99	C	TTCAT	ok
chr1	15410239	15410240	+	0.99999	Prob	0.555556	38	C	CTCCA	ok
chrx	48893534	48893535	-	0.999992	Prob	0.510638	145	G	CTGGG	ok
chr1	7985021	7985022	+	0.999543	Prob	0.575758	783	C	CTCAA	ok
chr16	69711268	69711269	-	0.999997	Prob	0.652778	240	G	ATGCA	ok
chr6	7403941	7403942	+	0.999997	Prob	0.617021	52	C	GGCTA	ok
chr3	184184042	184184043	+	0.999992	Prob	0.425	282	C	TACAC	ok
chr14	100334900	100334901	-	0.999997	Prob	0.458333	76	G	CCGGG	ok
chr5	133972131	133972132	-	0.999997	Prob	0.56	727	G	TGGAG	ok
chr17	16382339	16382340	+	0.99999	Prob	0.60274	1097	C	ACCTG	ok
chr6	30724620	30724621	+	0.999543	Prob	0.481481	247	C	GCCAT	ok
chr11	836344	836345	+	0.999543	Prob	0.551724	90	C	CACAG	ok
chr2	37199714	37199715	+	0.999997	Prob	0.666667	41	C	TACTT	ok
chr22	41653665	41653666	+	0.999032	Prob	0.673077	595	C	ACCAG	ok
chr12	53040256	53040257	+	0.999543	Prob	0.363636	180	C	CTCTC	ok
chr22	41663682	41663683	+	0.999997	Prob	0.636364	764	C	ACCCA	ok
chr3	50287991	50287992	-	0.999997	Prob	0.551724	232	G	GGGCC	ok
chr20	17600804	17600805	+	0.999997	Prob	0.6	361	C	CTCCA	ok
chr16	89561236	89561237	+	0.999997	Prob	0.590909	5174	C	CCCGG	ok
chr6	35468849	35468850	+	0.999997	Prob	0.5	1980	C	CACGG	ok
chr3	149369409	149369410	-	0.999996	Prob	0.565217	606	G	ATGAA	ok
chr6	159798275	159798276	+	0.999543	Prob	0.588235	207	C	CCCCT	ok
chr19	16647076	16647077	-	0.999992	Prob	0.507463	123	G	TGGCT	ok
chr5	177306499	177306500	+	0.99999	Prob	0.6	681	C	TACAG	ok
chr4	99948171	99948172	-	0.99999	Prob	0.634146	1982	G	CTGCA	ok
chr8	97644832	97644833	+	0.999997	Prob	0.576923	269	C	CTCCG	ok
chr11	123058369	123058370	-	0.999543	Prob	0.425	2196	G	AGGCA	ok
chr12	56663945	56663946	-	0.999996	Prob	0.619048	490	G	AAGTC	ok
chr12	8940825	8940826	-	0.999996	Prob	0.604651	361	G	AGGAC	ok
chr12	122981186	122981187	+	0.999032	Prob	0.52381	108	C	TCCCG	ok
chr12	56639145	56639146	-	0.999997	Prob	0.391304	1998	G	AGGGG	ok
chr12	56712522	56712523	-	0.999997	Prob	0.4375	1997	G	AAGTT	ok
chr14	24138390	24138391	+	0.999543	Prob	0.578947	249	C	AGCCC	ok
chr17	7240549	7240550	-	0.999997	Prob	0.75	513	G	CAGTC	ok
chr17	1897727	1897728	+	0.999996	Prob	0.576923	116	C	ATCAA	ok
chr17	68046744	68046745	+	0.999997	Prob	0.6	426	C	TACAT	ok
chr18	49791483	49791484	-	0.999992	Prob	0.387097	132	G	TAGAG	ok
chr19	17269021	17269022	+	0.999997	Prob	0.609756	78	C	TCCTG	ok
chr7	44115358	44115359	-	0.99999	Prob	0.527273	230	G	GGGAA	ok
chr1	153662753	153662754	-	0.999997	Prob	0.534091	416	G	GAGAG	ok
chr22	40366615	40366616	+	0.99999	Prob	0.625	66	C	ACCTT	ok
chr1	8866458	8866459	-	0.99999	Prob	0.511628	1542	G	CAGCT	ok
chr2	10129521	10129522	+	0.999997	Prob	0.583333	87	C	AGCTA	ok
chr2	197487101	197487102	-	0.999997	Prob	0.633333	656	G	AGGGT	ok
chr17	81843866	81843867	-	0.999997	Prob	0.72	379	G	TAGGG	ok
chr10	84152536	84152537	+	0.999997	Prob	0.608696	318	C	ATCCT	ok
chr1	17018938	17018939	-	0.999992	Prob	0.619048	342	G	TAGCT	ok
chr6	52686529	52686530	+	0.999543	Prob	0.4	115	C	CACAC	ok
chr22	40825191	40825192	-	0.99999	Prob	0.553571	58	G	AGGTG	ok
chr12	75508394	75508395	-	0.999543	Prob	0.552632	44	G	TGGAA	ok
chr2	9452961	9452962	+	0.99999	Prob	0.5	38	C	CTCAG	ok
chr22	37569278	37569279	+	0.999997	Prob	0.5625	39	C	AACAT	ok
chr20	62308773	62308774	+	0.999997	Prob	0.6875	178	C	GTCCT	ok
chr12	48938872	48938873	-	0.999997	Prob	0.567568	46	G	AAGGG	ok
chr11	103092065	103092066	-	0.999997	Prob	0.529412	65	G	GGGAC	ok
chr15	67209467	67209468	-	0.999984	Prob	0.684211	31	G	GGGTG	ok
chr4	141233768	141233769	+	0.999997	Prob	0.52381	30	C	TTCTG	ok
chr17	39995027	39995028	+	0.99999	Prob	0.515625	73	C	TCCCT	ok
chr12	56229414	56229415	+	0.999997	Prob	0.463415	99	C	CTCTG	ok
chr1	10419484	10419485	+	0.999997	Prob	0.568182	96	C	GCCCT	ok
chr11	57335234	57335235	-	0.999543	Prob	0.54	53	G	TTGGG	ok
chr16	67438299	67438300	-	0.999032	Prob	0.463415	64	G	GGGTC	ok
chr4	121696584	121696585	-	0.99999	Prob	0.576923	108	G	GTGCC	ok
chr18	21629445	21629446	+	0.999997	Prob	0.461538	42	C	AGCAA	ok
chr17	78174787	78174788	-	0.999984	Prob	0.446809	187	G	CTGCT	ok
chr2	70088516	70088517	+	0.99999	Prob	0.541667	59	C	GCCGG	ok
chr16	4695302	4695303	+	0.99999	Prob	0.551724	35	C	GTCAT	ok
chr2	28869752	28869753	-	0.999997	Prob	0.5	25	G	TTGTT	ok
chr4	158715606	158715607	-	0.99999	Prob	0.512821	50	G	CTGTC	ok
chr11	66276899	66276900	+	0.999997	Prob	0.625	41	C	TGCTC	ok
chr10	133420470	133420471	+	0.999997	Prob	0.5	61	C	AACCT	ok
chr19	54124650	54124651	+	0.999984	Prob	0.485714	47	C	TGCCA	ok
chr13	30463349	30463350	-	0.999996	Prob	0.538462	589	G	ATGGT	ok
chr12	57231777	57231778	+	0.999992	Prob	0.7	64	C	AGCCT	ok
chr16	2214713	2214714	-	0.999997	Prob	0.314286	40	G	CTGTG	ok
chr22	27853417	27853418	-	0.999997	Prob	0.666667	32	G	CAGTA	ok
chr1	112701321	112701322	-	0.999997	Prob	0.634921	276	G	AGGGG	ok
chr4	105473984	105473985	-	0.99999	Prob	0.54902	92	G	CTGGT	ok
chr19	8485733	8485734	+	0.999997	Prob	0.608696	50	C	AGCGC	ok
chr17	43015578	43015579	-	0.999032	Prob	0.28	28	G	CGGGC	ok
chr20	35548842	35548843	+	0.99999	Prob	0.461538	145	C	AGCTT	ok
chr19	5693343	5693344	-	0.999543	Prob	0.464286	91	G	CCGTG	ok
chr1	193029285	193029286	-	0.999543	Prob	0.461538	107	G	TCGTA	ok
chr1	155738294	155738295	+	0.999996	Prob	0.535714	224	C	ACCCA	ok
chr1	110021839	110021840	+	0.999997	Prob	0.657143	81	C	CACAG	ok
chrx	119871229	119871230	-	0.999997	Prob	0.608696	31	G	TCGCG	ok
chr9	136833933	136833934	+	0.999984	Prob	0.565217	51	C	CCCAC	ok
chr9	129829226	129829227	-	0.99999	Prob	0.615385	44	G	GTGTC	ok
chr1	33036750	33036751	-	0.999997	Prob	0.411765	249	G	CCGGC	ok
chr6	33280782	33280783	-	0.999997	Prob	0.478261	57	G	TAGGG	ok
chr10	22003314	22003315	-	0.999997	Prob	0.666667	27	G	GCGGC	ok
chr13	45337213	45337214	-	0.99999	Prob	0.526316	1740	G	ATGAC	ok
chr6	4130860	4130861	-	0.999997	Prob	0.641026	191	G	CAGTG	ok
chr10	3082438	3082439	+	0.99999	Prob	0.571429	35	C	GGCCA	ok
chr6	44254352	44254353	-	0.999997	Prob	0.55	106	G	CAGAG	ok
chr4	108622006	108622007	+	0.999997	Prob	0.469388	1560	C	GCCTC	ok
chr11	57415056	57415057	-	0.999992	Prob	0.75	61	G	GCGTA	ok
chr16	2253199	2253200	-	0.999997	Prob	0.493333	212	G	ATGCT	ok
chr9	112416881	112416882	+	0.999543	Prob	0.615385	29	C	TGCTC	ok
chr19	38932396	38932397	+	0.99999	Prob	0.631579	228	C	CGCCT	ok
chr3	48600559	48600560	-	0.999997	Prob	0.459459	444	G	CAGGC	ok
chr3	100147058	100147059	+	0.999997	Prob	0.492537	93	C	AACAG	ok
chr7	157385954	157385955	+	0.999543	Prob	0.541667	97	C	AACAC	ok
chr9	136834101	136834102	+	0.999997	Prob	0.666667	55	C	GCCTG	ok
chr8	143586275	143586276	-	0.999984	Prob	0.695652	358	G	ACGCT	ok
chr3	129170034	129170035	-	0.999996	Prob	0.575758	273	G	CTGAG	ok
chr3	53226767	53226768	-	0.999997	Prob	0.511111	857	G	ATGGT	ok
chrx	154399382	154399383	+	0.99999	Prob	0.459459	5402	C	TGCCG	ok
chr2	96266319	96266320	+	0.999997	Prob	0.571429	91	C	GCCCG	ok
chr10	109865063	109865064	-	0.999997	Prob	0.5	62	G	AAGTC	ok
chr11	10800250	10800251	-	0.999997	Prob	0.652174	181	G	CTGAA	ok
chr1	116404542	116404543	+	0.999543	Prob	0.5625	210	C	ACCCT	ok
chr12	56713115	56713116	-	0.999997	Prob	0.625	2063	G	ATGTT	ok
chr14	24145409	24145410	-	0.999997	Prob	0.741935	245	G	TGGGG	ok
chr16	46682088	46682089	-	0.999984	Prob	0.6	57	G	TAGTA	ok
chr19	5691607	5691608	+	0.999997	Prob	0.602941	2954	C	TGCCA	ok
chr19	1106631	1106632	+	0.999997	Prob	0.589286	947	C	GGCAC	ok
chr18	46088211	46088212	-	0.999997	Prob	0.461538	436	G	TTGAA	ok
chr6	52264030	52264031	-	0.999997	Prob	0.619048	147	G	TGGCT	ok
chr21	5116974	5116975	-	0.99999	Prob	0.541667	34	G	CTGCA	ok
chr1	119744014	119744015	+	0.999543	Prob	0.594937	695	C	GACTG	ok
chr12	57796209	57796210	+	0.999997	Prob	0.454545	156	C	AGCTG	ok
chr17	76561297	76561298	+	0.999997	Prob	0.655172	125	C	AGCCT	ok
chr19	49490526	49490527	+	0.99999	Prob	0.633803	5049	C	GGCCC	ok
chr17	39202413	39202414	+	0.999992	Prob	0.634409	4145	C	CGCCG	ok
chr14	20477053	20477054	+	0.999997	Prob	0.604167	355	C	GTCAT	ok
chr1	52055083	52055084	-	0.999997	Prob	0.590909	38	G	AGGCC	ok
chr12	98593807	98593808	+	0.999543	Prob	0.411765	39	C	CGCTG	ok
chr14	39177877	39177878	+	0.999997	Prob	0.52	27	C	TTCAA	ok
chr17	3664699	3664700	-	0.999543	Prob	0.605263	41	G	GAGAA	ok
chr12	75506902	75506903	-	0.99999	Prob	0.529412	48	G	GGGTT	ok
chr1	43978034	43978035	+	0.999997	Prob	0.404255	436	C	CTCAC	ok
chr11	34471947	34471948	+	0.999997	Prob	0.535714	29	C	ATCAA	ok
chr19	9838572	9838573	+	0.999997	Prob	0.483871	45	C	GCCAG	ok
chr11	18481635	18481636	-	0.999997	Prob	0.5	28	G	AGGAA	ok
chr6	99377415	99377416	-	0.999543	Prob	0.473684	50	G	ACGTC	ok
chr7	128457434	128457435	+	0.99999	Prob	0.625	31	C	TCCAG	ok
chr8	123042189	123042190	-	0.999997	Prob	0.481481	29	G	GCGGC	ok
chr15	83017618	83017619	-	0.999997	Prob	0.5	46	G	AAGAA	ok
chr1	68146006	68146007	-	0.999996	Prob	0.535714	65	G	AAGGC	ok
chr2	99319572	99319573	-	0.999997	Prob	0.685185	72	G	TCGAG	ok
chr5	169598573	169598574	+	0.999997	Prob	0.578947	22	C	AACTT	ok
chr1	206591815	206591816	-	0.999997	Prob	0.695652	59	G	TTGGA	ok
chr11	86808389	86808390	+	0.999543	Prob	0.602041	116	C	CTCCT	ok
chr4	143526368	143526369	+	0.999543	Prob	0.73913	26	C	TCCTA	ok
chr3	52075306	52075307	-	0.999997	Prob	0.409091	32	G	GAGGA	ok
chr21	33546339	33546340	+	0.999997	Prob	0.666667	156	C	TACTT	ok
chr17	40834534	40834535	+	0.999996	Prob	0.517241	49	C	CACTC	ok
chr16	75631747	75631748	-	0.999997	Prob	0.490196	103	G	ATGTA	ok
chr3	33826542	33826543	+	0.99999	Prob	0.263158	32	C	TGCTT	ok
chr6	34246220	34246221	+	0.999996	Prob	0.269231	88	C	ATCCT	ok
chr2	54972930	54972931	-	0.999997	Prob	0.490196	111	G	CGGTT	ok
chr13	31145642	31145643	-	0.999992	Prob	0.5	39	G	TGGGA	ok
chr19	860708	860709	+	0.999997	Prob	0.428571	63	C	ACCTG	ok
chr19	48390506	48390507	-	0.999997	Prob	0.409091	35	G	CTGGC	ok
chr12	64431790	64431791	+	0.999543	Prob	0.461538	27	C	TTCCT	ok
chr4	105399077	105399078	-	0.999543	Prob	0.647059	83	G	TGGTT	ok
chr17	78214341	78214342	+	0.999997	Prob	0.560606	94	C	TGCCT	ok
chr20	44907664	44907665	+	0.99999	Prob	0.666667	57	C	TTCTA	ok
chr17	42403675	42403676	-	0.999997	Prob	0.478261	25	G	TGGAG	ok
chrx	152736277	152736278	+	0.999997	Prob	0.485714	62	C	GCCTC	ok
chr5	178206740	178206741	+	0.999984	Prob	0.388889	114	C	ACCAG	ok
chr5	138513592	138513593	-	0.999997	Prob	0.595238	62	G	GTGAA	ok
chr1	235447542	235447543	-	0.999997	Prob	0.478261	26	G	GCGGC	ok
chr1	182876256	182876257	+	0.999997	Prob	0.508475	61	C	CACAT	ok
chr1	108648752	108648753	-	0.999996	Prob	0.617647	125	G	AGGGT	ok
chr1	67411511	67411512	-	0.999997	Prob	0.409091	74	G	GTGCA	ok
chr6	43671327	43671328	-	0.999996	Prob	0.575	79	G	TTGGC	ok
chr9	128683921	128683922	+	0.999997	Prob	0.35	49	C	CTCCC	ok
chr1	32775502	32775503	-	0.99999	Prob	0.407407	81	G	TAGAC	ok
chr9	83707688	83707689	-	0.999997	Prob	0.541667	34	G	GCGGC	ok
chr11	45910899	45910900	-	0.999997	Prob	0.615385	32	G	TTGTG	ok
chr6	2953060	2953061	-	0.999997	Prob	0.52	327	G	CAGTC	ok
chr3	58430844	58430845	-	0.999997	Prob	0.321429	142	G	CAGAC	ok
chr3	186791797	186791798	-	0.999032	Prob	0.535714	94	G	ATGTA	ok
chrx	129926328	129926329	+	0.999032	Prob	0.470588	112	C	AGCTG	ok
chr19	54191425	54191426	+	0.999997	Prob	0.5	76	C	GGCCC	ok
chr16	1325189	1325190	+	0.999997	Prob	0.571429	217	C	CCCTC	ok
chr19	38932999	38933000	+	0.999997	Prob	0.483333	259	C	GACCC	ok
chr2	10787414	10787415	-	0.999997	Prob	0.433333	232	G	TGGGC	ok
chr3	23919404	23919405	+	0.99999	Prob	0.567164	4231	C	GGCCT	ok
chr3	129169790	129169791	-	0.999997	Prob	0.588235	277	G	GAGCA	ok
chr8	143613244	143613245	-	0.999997	Prob	0.605263	90	G	TTGCT	ok
chr7	87199053	87199054	-	0.999997	Prob	0.612903	60	G	TCGAT	ok
chr16	56943692	56943693	+	0.999997	Prob	0.466667	115	C	TACAC	ok
chr4	98887093	98887094	-	0.999997	Prob	0.677419	37	G	AAGCG	ok
chr21	43053490	43053491	-	0.999543	Prob	0.571429	77	G	CAGAC	ok
chr22	37679641	37679642	+	0.99999	Prob	0.6	1070	C	AGCTG	ok
chr1	153626401	153626402	-	0.999996	Prob	0.469388	222	G	TTGCA	ok
chr6	33417509	33417510	-	0.999997	Prob	0.428571	385	G	TTGGG	ok
chr1	155320550	155320551	+	0.999997	Prob	0.409091	798	C	ACCCC	ok
chr3	51993797	51993798	-	0.999543	Prob	0.617647	2205	G	CTGGA	ok
chr4	25929264	25929265	+	0.999543	Prob	0.473684	47	C	GTCAC	ok
chr5	86617972	86617973	+	0.99999	Prob	0.578313	1016	C	GTCGT	ok
chr5	10258180	10258181	+	0.999984	Prob	0.585859	1052	C	AGCGG	ok
chr11	405779	405780	-	0.999997	Prob	0.607143	79	G	CAGGG	ok
chr19	49684784	49684785	+	0.999997	Prob	0.518519	160	C	GGCCA	ok
chr11	62882043	62882044	+	0.999997	Prob	0.589744	458	C	CTCTT	ok
chr10	75211156	75211157	+	0.999997	Prob	0.611111	465	C	CGCCA	ok
chr12	49558689	49558690	-	0.999984	Prob	0.612903	140	G	GAGGT	ok
chr16	87830847	87830848	-	0.999543	Prob	0.532258	171	G	CTGTA	ok
chr17	81510135	81510136	-	0.999997	Prob	0.571429	2232	G	AGGCG	ok
chr17	17246896	17246897	-	0.999997	Prob	0.5	191	G	CAGAC	ok
chr19	13154302	13154303	+	0.99999	Prob	0.35	37	C	TGCGT	ok
chr17	42833626	42833627	+	0.999543	Prob	0.5	49	C	CCCGG	ok
chr19	17268918	17268919	+	0.999997	Prob	0.54	75	C	GGCAG	ok
chr17	49405128	49405129	-	0.999997	Prob	0.5	681	G	CAGTG	ok
chr5	314452	314453	+	0.999032	Prob	0.571429	887	C	ATCAG	ok
chr14	94062602	94062603	-	0.999543	Prob	0.473684	22	G	AGGCA	ok
chr1	119712103	119712104	+	0.999996	Prob	0.523077	237	C	GGCTG	ok
chr16	2046161	2046162	-	0.999992	Prob	0.47619	67	G	CAGTC	ok
chr22	39520628	39520629	+	0.999997	Prob	0.72	88	C	CCCTC	ok
chr19	49490527	49490528	+	0.999543	Prob	0.605634	5052	C	GCCCC	ok
chr5	171400844	171400845	+	0.999997	Prob	0.375	2346	C	TACGA	ok
chr7	74196305	74196306	+	0.999997	Prob	0.6	622	C	TACTG	ok
chr3	49359483	49359484	-	0.99999	Prob	0.4	475	G	GGGAA	ok
chr1	35190577	35190578	-	0.999984	Prob	0.5	67	G	ATGAC	ok
chr7	100871669	100871670	+	0.999543	Prob	0.584416	122	C	CCCCT	ok
chr19	14529694	14529695	+	0.999997	Prob	0.510204	63	C	AGCCA	ok
chr20	34280808	34280809	-	0.999992	Prob	0.375	88	G	TGGGA	ok
chr7	90352829	90352830	+	0.99999	Prob	0.6	22	C	ATCGA	ok
chr12	6391153	6391154	+	0.999997	Prob	0.540541	64	C	TCCCG	ok
chr2	215326000	215326001	+	0.99999	Prob	0.458333	37	C	TACTG	ok
chr19	34421555	34421556	+	0.99999	Prob	0.463415	65	C	GCCCT	ok
chr12	68660039	68660040	+	0.999543	Prob	0.606061	64	C	AACAA	ok
chr6	99371516	99371517	-	0.99999	Prob	0.428571	54	G	CTGAA	ok
chr7	128457857	128457858	+	0.999984	Prob	0.666667	37	C	AGCCG	ok
chr9	35813319	35813320	-	0.99999	Prob	0.507042	94	G	AAGGA	ok
chr15	83018159	83018160	-	0.999997	Prob	0.619048	30	G	TTGCT	ok
chr16	58115336	58115337	-	0.999543	Prob	0.622222	53	G	CTGAA	ok
chr16	89911239	89911240	+	0.999996	Prob	0.395349	69	C	AGCGT	ok
chr14	75009440	75009441	+	0.999997	Prob	0.488372	52	C	ACCTG	ok
chr1	10399692	10399693	+	0.999997	Prob	0.5	32	C	ACCAC	ok
chr11	57335208	57335209	-	0.99999	Prob	0.555556	53	G	GAGTG	ok
chr21	44128344	44128345	+	0.999543	Prob	0.761905	28	C	ACCTC	ok
chr15	79322192	79322193	+	0.999996	Prob	0.689655	81	C	ATCAG	ok
chr19	38304655	38304656	+	0.999543	Prob	0.542857	109	C	AGCAG	ok
chr11	70206827	70206828	+	0.999997	Prob	0.468085	48	C	CTCAG	ok
chr16	75634233	75634234	-	0.99999	Prob	0.4	81	G	AAGTG	ok
chr2	85543961	85543962	+	0.999996	Prob	0.47619	62	C	TCCCT	ok
chr11	64271765	64271766	-	0.99999	Prob	0.65	28	G	TAGGA	ok
chr6	34245778	34245779	+	0.999543	Prob	0.380952	152	C	TCCCA	ok
chr19	17425326	17425327	+	0.999984	Prob	0.391304	60	C	TTCTC	ok
chr17	28577630	28577631	-	0.999997	Prob	0.5	47	G	TGGTC	ok
chr1	19258952	19258953	+	0.999997	Prob	0.516854	104	C	CACTG	ok
chr22	38986068	38986069	+	0.999997	Prob	0.391304	27	C	CGCGT	ok
chr4	24576525	24576526	-	0.999984	Prob	0.52	25	G	GTGGT	ok
chr3	51684570	51684571	+	0.999997	Prob	0.44	47	C	ACCAC	ok
chr15	73560706	73560707	-	0.999997	Prob	0.47619	52	G	CAGTG	ok
chr20	44907505	44907506	+	0.999543	Prob	0.727273	43	C	TTCAC	ok
chr20	35556096	35556097	+	0.999543	Prob	0.444444	153	C	CCCCC	ok
chr6	34878540	34878541	-	0.999997	Prob	0.612903	39	G	CTGGA	ok
chr1	235110628	235110629	-	0.999997	Prob	0.568182	56	G	CTGTG	ok
chr1	211663584	211663585	-	0.999997	Prob	0.5	34	G	ATGTT	ok
chr1	182887098	182887099	+	0.999997	Prob	0.375	41	C	CACGT	ok
chr1	94464818	94464819	+	0.999543	Prob	0.578947	26	C	TTCTC	ok
chrx	107628700	107628701	+	0.999997	Prob	0.655172	39	C	GCCTG	ok
chr10	72013504	72013505	+	0.999543	Prob	0.678571	37	C	TCCTG	ok
chr9	121180205	121180206	-	0.999997	Prob	0.565217	31	G	ATGCA	ok
chr9	93111893	93111894	+	0.999997	Prob	0.617647	55	C	CACAG	ok
chr9	83972014	83972015	-	0.999992	Prob	0.5	266	G	AGGCA	ok
chr16	71924776	71924777	+	0.999543	Prob	0.541667	55	C	GACAT	ok
chr12	49324337	49324338	+	0.999997	Prob	0.492308	128	C	ATCTC	ok
chr5	69351908	69351909	-	0.999543	Prob	0.6	118	G	ATGGA	ok
chr13	21493343	21493344	-	0.999997	Prob	0.48	30	G	ATGTT	ok
chr3	186790219	186790220	-	0.999992	Prob	0.611111	168	G	ACGAG	ok
chr5	133991140	133991141	-	0.999997	Prob	0.577465	305	G	CTGAG	ok
chr11	34883385	34883386	-	0.999997	Prob	0.6	37	G	ACGTC	ok
chr6	29943295	29943296	+	0.999543	Prob	0.514286	151	C	GGCTG	ok
chr8	144098746	144098747	-	0.999997	Prob	0.666667	45	G	GAGAT	ok
chr15	43793725	43793726	+	0.999997	Prob	0.62069	892	C	TGCAG	ok
chr22	41650734	41650735	+	0.99999	Prob	0.6	513	C	GTCGT	ok
chr1	20651861	20651862	-	0.999997	Prob	0.580645	51	G	CTGTT	ok
chr12	112409513	112409514	-	0.999997	Prob	0.4375	73	G	ATGCC	ok
chr7	157363201	157363202	+	0.999984	Prob	0.552632	55	C	TCCTG	ok
chr3	40461413	40461414	+	0.99999	Prob	0.568966	2291	C	ACCAG	ok
chr2	197487148	197487149	-	0.999996	Prob	0.75	633	G	TAGTT	ok
chr5	53100513	53100514	-	0.999997	Prob	0.648649	53	G	TTGCT	ok
chr8	100924035	100924036	-	0.999997	Prob	0.586207	279	G	ATGGC	ok
chr3	133819719	133819720	+	0.999992	Prob	0.419355	66	C	CTCTG	ok
chr11	62571566	62571567	-	0.999997	Prob	0.489362	1514	G	AAGGT	ok
chr5	177511907	177511908	-	0.999997	Prob	0.619048	98	G	CAGAA	ok
chr8	73946601	73946602	-	0.999997	Prob	0.465517	158	G	GAGTT	ok
chr11	10799591	10799592	-	0.999997	Prob	0.36	202	G	AAGTT	ok
chr16	3664330	3664331	-	0.999543	Prob	0.607843	330	G	CGGTT	ok
chr12	49129707	49129708	-	0.999996	Prob	0.55	1622	G	ATGGA	ok
chr12	55726232	55726233	-	0.999984	Prob	0.6	482	G	CTGTG	ok
chr15	77046490	77046491	-	0.999543	Prob	0.666667	189	G	CTGGT	ok
chr16	57434122	57434123	-	0.999997	Prob	0.517241	123	G	GTGAT	ok
chr17	81511398	81511399	-	0.999997	Prob	0.47541	825	G	TAGCC	ok
chr17	58003842	58003843	-	0.99999	Prob	0.421053	102	G	GCGGT	ok
chr19	1106681	1106682	+	0.999997	Prob	0.48	944	C	ATCCA	ok
chr19	58498649	58498650	-	0.999997	Prob	0.516129	66	G	CGGGT	ok
chr19	50798249	50798250	-	0.999996	Prob	0.5	277	G	TGGCT	ok
chr1	193097625	193097626	-	0.999543	Prob	0.468085	89	G	TGGTT	ok
chr8	127742290	127742291	+	0.999997	Prob	0.5	69	C	GCCCA	ok
chr6	63576807	63576808	+	0.999997	Prob	0.552632	155	C	TTCTT	ok
chr6	34418404	34418405	-	0.999997	Prob	0.515152	4951	G	TCGGC	ok
chr11	73974961	73974962	-	0.99999	Prob	0.552632	43	G	CGGCT	ok
chr7	74196545	74196546	+	0.999996	Prob	0.615385	701	C	TGCGT	ok
chr7	74196958	74196959	+	0.999997	Prob	0.46875	773	C	TGCTG	ok
chr1	156594225	156594226	+	0.999997	Prob	0.577778	114	C	CTCTC	ok
chr10	43386723	43386724	-	0.999997	Prob	0.545455	232	G	GTGGC	ok
chr12	106991598	106991599	-	0.999997	Prob	0.566667	41	G	AAGAA	ok
chr16	2153888	2153889	+	0.999997	Prob	0.341463	69	C	CTCCC	ok
chr14	54432129	54432130	-	0.999997	Prob	0.53012	106	G	GAGGG	ok
chrx	119236355	119236356	+	0.99999	Prob	0.634146	59	C	TCCAG	ok
chr15	40872939	40872940	-	0.999997	Prob	0.325	44	G	AGGGA	ok
chr7	99419515	99419516	+	0.999997	Prob	0.533333	277	C	AGCGA	ok
chr17	64506139	64506140	-	0.999543	Prob	0.59375	215	G	TGGCG	ok
chr2	27374147	27374148	+	0.99999	Prob	0.404762	70	C	TTCGA	ok
chr6	43021097	43021098	+	0.999992	Prob	0.681818	133	C	TGCCT	ok
chr12	68660499	68660500	+	0.999984	Prob	0.617647	65	C	TGCCA	ok
chr17	1844608	1844609	+	0.999997	Prob	0.641026	44	C	CTCGT	ok
chr12	14789040	14789041	-	0.999997	Prob	0.5	39	G	AGGGG	ok
chr17	4944907	4944908	+	0.999997	Prob	0.543478	86	C	CCCAC	ok
chr2	86505765	86505766	-	0.99999	Prob	0.709677	43	G	TTGAG	ok
chr5	175965064	175965065	-	0.999997	Prob	0.424242	45	G	GTGTC	ok
chr14	75009176	75009177	+	0.999997	Prob	0.341463	47	C	ATCAT	ok
chr19	48325592	48325593	+	0.99999	Prob	0.5	78	C	GACTT	ok
chr2	73766850	73766851	-	0.999997	Prob	0.55	34	G	AGGTC	ok
chr11	62833121	62833122	-	0.999997	Prob	0.483871	88	G	TTGGG	ok
chr16	67438411	67438412	-	0.99999	Prob	0.585366	64	G	CCGGA	ok
chr1	116395218	116395219	+	0.999543	Prob	0.567568	64	C	TCCAT	ok
chr19	4443050	4443051	+	0.999032	Prob	0.56	34	C	TGCTT	ok
chr3	49101836	49101837	-	0.999997	Prob	0.634146	117	G	GTGGA	ok
chr1	52083385	52083386	+	0.999997	Prob	0.489362	73	C	TCCCA	ok
chr19	17420090	17420091	+	0.999996	Prob	0.47619	30	C	TTCGA	ok
chr16	47260662	47260663	-	0.999997	Prob	0.481481	35	G	AAGGG	ok
chr16	1839434	1839435	-	0.999997	Prob	0.428571	47	G	CTGGA	ok
chr22	42079897	42079898	+	0.99999	Prob	0.586957	118	C	TACCG	ok
chr12	64431786	64431787	+	0.99999	Prob	0.423077	27	C	TTCAT	ok
chr5	163441264	163441265	+	0.999997	Prob	0.5	24	C	AGCTA	ok
chr2	208255026	208255027	-	0.999997	Prob	0.666667	34	G	CCGGA	ok
chr19	583414	583415	+	0.999997	Prob	0.523077	314	C	CTCTC	ok
chr19	34396329	34396330	+	0.999997	Prob	0.45122	186	C	ATCAC	ok
chr10	72367495	72367496	-	0.99999	Prob	0.481481	43	G	TTGCT	ok
chr1	228107668	228107669	-	0.999032	Prob	0.48	172	G	CCGCC	ok
chr1	203015023	203015024	+	0.999997	Prob	0.764706	77	C	TGCCT	ok
chr6	143846147	143846148	+	0.999992	Prob	0.388889	25	C	GCCTT	ok
chr10	123164004	123164005	+	0.999997	Prob	0.608696	57	C	ACCTT	ok
chr10	102422097	102422098	+	0.999997	Prob	0.583333	30	C	CTCAC	ok
chr1	167541870	167541871	-	0.999997	Prob	0.6	58	G	AGGAG	ok
chr1	58481008	58481009	-	0.999997	Prob	0.486486	44	G	TTGCT	ok
chrx	107650600	107650601	+	0.999997	Prob	0.586957	82	C	TTCTT	ok
chr10	73398375	73398376	-	0.999997	Prob	0.544118	89	G	CTGAC	ok
chr1	20618703	20618704	+	0.999997	Prob	0.635135	99	C	CTCCA	ok
chr9	83686138	83686139	-	0.999997	Prob	0.64	37	G	TAGAG	ok
chr9	35689910	35689911	-	0.999543	Prob	0.574074	54	G	GAGGA	ok
chr6	7393266	7393267	+	0.999997	Prob	0.393939	35	C	GCCAA	ok
chr3	9839127	9839128	-	0.999543	Prob	0.5	122	G	GGGCA	ok
chrx	101391032	101391033	+	0.999543	Prob	0.75	992	C	CGCTC	ok
chr5	171406682	171406683	+	0.99999	Prob	0.506024	526	C	CGCCT	ok
chr11	57407360	57407361	-	0.999543	Prob	0.529412	188	G	GAGAG	ok
chr6	29944189	29944190	+	0.999997	Prob	0.518519	189	C	CCCTG	ok
chr5	139627466	139627467	+	0.999997	Prob	0.433333	62	C	CTCTT	ok
chr22	38483888	38483889	-	0.999997	Prob	0.48	34	G	AGGCC	ok
chr3	23919971	23919972	+	0.999997	Prob	0.590909	167	C	GCCTC	ok
chr14	24139587	24139588	-	0.999997	Prob	0.5	37	G	CAGCA	ok
chr17	1517004	1517005	+	0.999997	Prob	0.666667	27	C	TCCCA	ok
chr8	143613757	143613758	-	0.999997	Prob	0.622222	75	G	AGGAT	ok
chr3	40461996	40461997	+	0.99999	Prob	0.509091	2390	C	AGCTT	ok
chr6	110999727	110999728	+	0.999997	Prob	0.629032	82	C	ACCAT	ok
chr5	94694893	94694894	+	0.999997	Prob	0.5625	100	C	ACCTC	ok
chr17	32479301	32479302	+	0.999543	Prob	0.631579	105	C	CACAC	ok
chr3	9986526	9986527	-	0.999997	Prob	0.483871	72	G	TGGGT	ok
chr22	37878026	37878027	+	0.999997	Prob	0.72973	332	C	GGCTT	ok
chr10	119141193	119141194	-	0.999997	Prob	0.538462	70	G	AGGGG	ok
chr3	51994003	51994004	-	0.999543	Prob	0.571429	2097	G	ACGAG	ok
chr17	50097455	50097456	+	0.999997	Prob	0.619048	33	C	CACCT	ok
chr8	99878205	99878206	-	0.999997	Prob	0.55	624	G	GTGTC	ok
chr11	119018626	119018627	-	0.999543	Prob	0.434783	43	G	GCGTG	ok
chr8	145054515	145054516	+	0.999997	Prob	0.551724	51	C	TACAC	ok
chr11	7987482	7987483	+	0.99999	Prob	0.508197	158	C	AGCCT	ok
chr9	36212030	36212031	+	0.999997	Prob	0.758621	422	C	TTCTG	ok
chr12	69593510	69593511	+	0.99999	Prob	0.375	235	C	GGCAA	ok
chr12	56713092	56713093	-	0.999997	Prob	0.422222	2075	G	TTGGA	ok
chr15	60347473	60347474	-	0.999997	Prob	0.571429	1287	G	CAGGC	ok
chr16	30070016	30070017	+	0.999543	Prob	0.571429	685	C	GTCAA	ok
chr17	7312367	7312368	+	0.99999	Prob	0.538462	526	C	GCCCC	ok
chr19	1105661	1105662	+	0.999997	Prob	0.344828	856	C	GCCAG	ok
chr19	1088469	1088470	-	0.999997	Prob	0.533333	296	G	CAGCT	ok
chr19	17271629	17271630	+	0.999997	Prob	0.590909	82	C	CACTG	ok
chr1	165727593	165727594	-	0.999997	Prob	0.571429	167	G	TTGGC	ok
chr17	49409127	49409128	-	0.999997	Prob	0.6875	604	G	CTGGG	ok
chr2	232521972	232521973	+	0.999543	Prob	0.525	86	C	GGCCG	ok
chr19	54201174	54201175	+	0.999997	Prob	0.571429	2470	C	AGCGG	ok
chr6	43520387	43520388	+	0.999997	Prob	0.583333	87	C	GCCAA	ok
chr17	76563300	76563301	+	0.999997	Prob	0.521739	123	C	GACCT	ok
chr6	63581158	63581159	+	0.999984	Prob	0.411765	272	C	CCCAA	ok
chr5	171392932	171392933	+	0.999997	Prob	0.263158	2332	C	TGCTG	ok
chr9	125239052	125239053	-	0.99999	Prob	0.4	328	G	TGGCC	ok
chr1	35190874	35190875	-	0.99999	Prob	0.65625	60	G	AGGTG	ok
chr6	63581390	63581391	+	0.999543	Prob	0.62963	280	C	ACCAG	ok
chr7	75888203	75888204	+	0.999997	Prob	0.45	56	C	CTCCA	ok
chr19	12677110	12677111	-	0.999997	Prob	0.44186	55	G	ATGAG	ok
chr14	52784620	52784621	-	0.999997	Prob	0.571429	32	G	GGGTC	ok
chr16	57471791	57471792	+	0.999997	Prob	0.533333	35	C	TCCCA	ok
chr7	43645271	43645272	-	0.999543	Prob	0.551724	139	G	ACGAA	ok
chr11	88294417	88294418	-	0.999032	Prob	0.458333	92	G	CAGTG	ok
chr1	109214043	109214044	+	0.999997	Prob	0.595745	72	C	CCCTC	ok
chr9	135504305	135504306	+	0.999543	Prob	0.526316	118	C	GCCAT	ok
chr17	75225170	75225171	+	0.999997	Prob	0.6	34	C	GCCAG	ok
chr17	1897522	1897523	+	0.999997	Prob	0.413333	100	C	AACTA	ok
chr11	110429986	110429987	+	0.999997	Prob	0.525	44	C	TCCGC	ok
chr16	87830920	87830921	-	0.999997	Prob	0.491228	153	G	GAGGC	ok
chr17	4943443	4943444	+	0.999997	Prob	0.393939	62	C	AGCAC	ok
chr1	19339443	19339444	-	0.999996	Prob	0.688525	96	G	AGGGA	ok
chr8	23291438	23291439	+	0.999992	Prob	0.6	40	C	TGCCT	ok
chr1	26280120	26280121	+	0.99999	Prob	0.569231	76	C	CGCCC	ok
chr8	65603788	65603789	-	0.999997	Prob	0.391304	29	G	TAGAG	ok
chr16	10758021	10758022	+	0.999997	Prob	0.571429	26	C	CTCCC	ok
chr21	43756078	43756079	+	0.999997	Prob	0.522388	211	C	TGCCC	ok
chr4	99062149	99062150	+	0.999984	Prob	0.616438	80	C	CCCTT	ok
chr15	79313770	79313771	+	0.999543	Prob	0.542857	42	C	GGCCA	ok
chr2	70088525	70088526	+	0.999543	Prob	0.513514	59	C	GACTC	ok
chr16	4695174	4695175	+	0.99999	Prob	0.416667	34	C	CTCTT	ok
chr5	141621365	141621366	-	0.999997	Prob	0.678571	66	G	AAGCC	ok
chr2	131484091	131484092	-	0.999997	Prob	0.46875	162	G	CAGGC	ok
chr12	76878990	76878991	-	0.99999	Prob	0.6	31	G	TGGAG	ok
chr19	12938703	12938704	+	0.99999	Prob	0.535714	177	C	TGCTC	ok
chr17	43399684	43399685	+	0.999996	Prob	0.695652	24	C	AACCT	ok
chr11	838523	838524	+	0.999997	Prob	0.5	157	C	GGCCC	ok
chr14	22924035	22924036	-	0.999996	Prob	0.480769	155	G	AGGCA	ok
chr6	30724039	30724040	+	0.999992	Prob	0.484536	1052	C	GTCGA	ok
chr14	102086262	102086263	-	0.999543	Prob	0.363636	721	G	TCGAG	ok
chr6	3019515	3019516	+	0.999992	Prob	0.7	251	C	TGCCC	ok
chr12	49558599	49558600	-	0.999997	Prob	0.436364	148	G	AGGGG	ok
chr15	73560504	73560505	-	0.999997	Prob	0.68	59	G	ATGTA	ok
chr2	9408128	9408129	-	0.999997	Prob	0.594203	174	G	TTGAT	ok
chr12	1788386	1788387	+	0.999996	Prob	0.636364	24	C	GCCTT	ok
chr19	10177317	10177318	-	0.999997	Prob	0.611111	91	G	GTGGT	ok
chr1	156239846	156239847	+	0.999997	Prob	0.621053	134	C	GCCAT	ok
chr6	106186032	106186033	-	0.999032	Prob	0.423077	64	G	AAGGA	ok
chr10	100526415	100526416	-	0.999997	Prob	0.538462	451	G	AGGGT	ok
chr20	62200941	62200942	+	0.999997	Prob	0.5	41	C	CACTT	ok
chr6	36855766	36855767	-	0.999984	Prob	0.5625	38	G	TGGTT	ok
chr9	33264512	33264513	-	0.999996	Prob	0.428571	138	G	CCGCT	ok
chrx	11114894	11114895	+	0.999997	Prob	0.584906	69	C	GCCTG	ok
chr3	9839039	9839040	-	0.999984	Prob	0.530303	128	G	TTGGG	ok
chr14	100342425	100342426	-	0.999997	Prob	0.571429	65	G	CGGTG	ok
chr5	133971972	133971973	-	0.999997	Prob	0.511905	707	G	GGGGA	ok
chr6	31531306	31531307	-	0.99999	Prob	0.405405	254	G	TGGGG	ok
chr7	113116917	113116918	-	0.999997	Prob	0.489796	64	G	TAGAG	ok
chr2	241686721	241686722	-	0.999996	Prob	0.518519	139	G	GCGTG	ok
chr2	3575363	3575364	+	0.999984	Prob	0.486486	46	C	GCCTG	ok
chr2	200822149	200822150	+	0.99999	Prob	0.55	98	C	ATCTG	ok
chr16	89959137	89959138	+	0.999543	Prob	0.5	108	C	GACCT	ok
chr8	143612679	143612680	-	0.999997	Prob	0.536585	95	G	GCGCA	ok
chr7	87196556	87196557	-	0.999997	Prob	0.466667	66	G	CAGCA	ok
chr3	186581404	186581405	+	0.999543	Prob	0.6	59	C	TCCTG	ok
chr7	44568907	44568908	-	0.999997	Prob	0.413793	193	G	AAGCT	ok
chr3	53230513	53230514	-	0.999997	Prob	0.565217	487	G	AAGAT	ok
chr1	153543664	153543665	-	0.999997	Prob	0.47619	1546	G	ACGTG	ok
chr3	9986628	9986629	-	0.999997	Prob	0.461538	71	G	ATGTT	ok
chr1	152032706	152032707	-	0.999543	Prob	0.477612	785	G	TGGCA	ok
chr6	159798274	159798275	+	0.99999	Prob	0.461538	207	C	TCCCC	ok
chr3	155937668	155937669	+	0.999997	Prob	0.744681	89	C	CCCCA	ok
chr8	56073196	56073197	-	0.999992	Prob	0.7	3074	G	GTGAA	ok
chr11	112233480	112233481	+	0.999997	Prob	0.413043	155	C	TTCTT	ok
chr11	65855188	65855189	-	0.999997	Prob	0.394737	1360	G	GGGTC	ok
chr11	62885596	62885597	+	0.999997	Prob	0.645833	708	C	CCCTT	ok
chr11	62888423	62888424	+	0.999997	Prob	0.551724	783	C	TCCAC	ok
chr12	56104823	56104824	+	0.999996	Prob	0.519231	423	C	AACAG	ok
chr22	46761950	46761951	-	0.999543	Prob	0.583333	24	G	ATGTT	ok
chr16	682578	682579	+	0.999984	Prob	0.619048	173	C	CCCGA	ok
chr16	30070199	30070200	+	0.99999	Prob	0.454545	689	C	AACCA	ok
chr17	81511303	81511304	-	0.999997	Prob	0.554054	874	G	CGGTG	ok
chr19	12922673	12922674	-	0.999997	Prob	0.688312	286	G	AGGTC	ok
chr19	49556558	49556559	-	0.999992	Prob	0.531915	90	G	CAGCA	ok
chr7	44114723	44114724	-	0.999032	Prob	0.672727	241	G	CCGAC	ok
chr17	4798454	4798455	+	0.999997	Prob	0.608108	561	C	GCCCT	ok
chr20	62307663	62307664	+	0.999997	Prob	0.521739	138	C	CCCTT	ok
chr7	95412352	95412353	-	0.999543	Prob	0.666667	158	G	AGGCC	ok
chr11	67608399	67608400	+	0.99999	Prob	0.652174	58	C	AGCAC	ok
chr2	177216066	177216067	+	0.999997	Prob	0.583333	324	C	GACTA	ok
chr2	197487993	197487994	-	0.999997	Prob	0.576923	564	G	TGGTC	ok
chr2	177215873	177215874	+	0.999997	Prob	0.53125	385	C	ACCAA	ok
chr6	30723928	30723929	+	0.999984	Prob	0.541667	955	C	CTCAC	ok
chr3	139346996	139346997	+	0.999543	Prob	0.565217	81	C	AACTG	ok
chr19	38729847	38729848	+	0.999997	Prob	0.621622	166	C	GCCTG	ok
chr11	66289011	66289012	-	0.999996	Prob	0.586207	80	G	GGGCC	ok
chr7	106091116	106091117	-	0.999992	Prob	0.666667	74	G	AAGCC	ok
chr15	41332365	41332366	-	0.999997	Prob	0.5625	54	G	CAGCT	ok
chr7	43639652	43639653	-	0.999032	Prob	0.54902	140	G	GAGCT	ok
chr11	60898919	60898920	-	0.999997	Prob	0.708333	34	G	GAGAA	ok
chr2	9473054	9473055	+	0.999984	Prob	0.565217	38	C	GACTC	ok
chr2	219253868	219253869	-	0.999032	Prob	0.627451	83	G	CGGGC	ok
chr20	62308459	62308460	+	0.999997	Prob	0.512195	180	C	GCCAA	ok
chr20	23350966	23350967	+	0.999997	Prob	0.515152	40	C	CTCCG	ok
chr8	30083055	30083056	-	0.999997	Prob	0.56	60	G	GCGAA	ok
chr9	124877362	124877363	+	0.999997	Prob	0.486486	118	C	GGCTC	ok
chr17	19360361	19360362	-	0.999997	Prob	0.478261	66	G	TTGCA	ok
chr12	53033922	53033923	+	0.999997	Prob	0.612903	122	C	GCCTG	ok
chr11	36289402	36289403	-	0.999984	Prob	0.595238	48	G	CAGGG	ok
chr5	173034616	173034617	+	0.999997	Prob	0.607143	245	C	TACTC	ok
chr6	43181189	43181190	+	0.99999	Prob	0.592593	40	C	GGCAA	ok
chr12	49764191	49764192	+	0.999032	Prob	0.690476	112	C	TCCTT	ok
chr5	52801017	52801018	+	0.999997	Prob	0.617647	41	C	GCCAG	ok
chr11	61366179	61366180	+	0.999997	Prob	0.52381	55	C	TACTT	ok
chr11	30331240	30331241	+	0.999996	Prob	0.55	22	C	TGCCA	ok
chr16	66830945	66830946	-	0.999997	Prob	0.666667	49	G	CCGCC	ok
chr5	205397	205398	-	0.99999	Prob	0.523256	104	G	GCGTT	ok
chr15	79322082	79322083	+	0.999996	Prob	0.59322	74	C	ACCTT	ok
chr11	4127095	4127096	+	0.99999	Prob	0.580247	222	C	TGCTT	ok
chr5	133052154	133052155	+	0.99999	Prob	0.5625	43	C	GCCCA	ok
chr3	184301904	184301905	+	0.999997	Prob	0.577778	57	C	TCCAG	ok
chr11	27363158	27363159	-	0.99999	Prob	0.607143	57	G	GAGGG	ok
chr16	47162572	47162573	-	0.999997	Prob	0.484848	53	G	TAGAG	ok
chr7	5910055	5910056	+	0.999543	Prob	0.53125	56	C	GACAT	ok
chr15	60347570	60347571	-	0.999997	Prob	0.542857	1266	G	TAGAC	ok
chr3	10301169	10301170	-	0.999997	Prob	0.511111	334	G	GAGTT	ok
chr5	163444281	163444282	+	0.999997	Prob	0.75	35	C	TACAG	ok
chr1	225920317	225920318	-	0.999543	Prob	0.458333	51	G	AGGAC	ok
chr12	56161396	56161397	+	0.999032	Prob	0.612903	1248	C	CGCAT	ok
chr7	54757560	54757561	-	0.99999	Prob	0.585714	366	G	TGGCT	ok
chr20	3190799	3190800	-	0.999997	Prob	0.571429	24	G	TTGCC	ok
chr6	27146639	27146640	-	0.999997	Prob	0.514706	78	G	CCGGT	ok
chr1	167722008	167722009	+	0.999997	Prob	0.571429	31	C	ACCGG	ok
chr3	138608821	138608822	+	0.999997	Prob	0.625	14	C	GGCTG	ok
chr1	6393315	6393316	-	0.999997	Prob	0.4	25	G	GCGGC	ok
chr1	219997305	219997306	-	0.99999	Prob	0.52	76	G	CAGAG	ok
chr1	77092407	77092408	-	0.999997	Prob	0.56	38	G	AAGTT	ok
chr9	135504216	135504217	+	0.999997	Prob	0.607143	111	C	TCCTC	ok
chr9	129830919	129830920	-	0.99999	Prob	0.318182	29	G	AAGCA	ok
chr6	37483020	37483021	-	0.999997	Prob	0.569767	119	G	CAGCA	ok
chr10	56357504	56357505	-	0.999032	Prob	0.35	79	G	CTGAT	ok
chr9	83707749	83707750	-	0.999997	Prob	0.391304	29	G	CAGAC	ok
chr13	46793409	46793410	-	0.999997	Prob	0.688525	75	G	CTGAT	ok
chr2	26193710	26193711	-	0.99999	Prob	0.488372	96	G	CGGCA	ok
chr2	216161997	216161998	+	0.999997	Prob	0.533333	132	C	TGCTG	ok
chr12	43795141	43795142	-	0.999997	Prob	0.576923	57	G	GCGGC	ok
chr7	7637916	7637917	-	0.999996	Prob	0.625	249	G	TGGCC	ok
chr17	76720386	76720387	-	0.999032	Prob	0.6	61	G	GAGCT	ok
chr21	25724539	25724540	-	0.999997	Prob	0.432432	633	G	AAGAA	ok
chr22	41650737	41650738	+	0.999543	Prob	0.604167	515	C	GTCAG	ok
chr22	36467407	36467408	-	0.999992	Prob	0.5	98	G	CTGGA	ok
chr3	53231402	53231403	-	0.999997	Prob	0.56	418	G	TGGCA	ok
chr12	47968862	47968863	+	0.999032	Prob	0.571429	108	C	AACCC	ok
chr11	33161307	33161308	-	0.999997	Prob	0.595745	86	G	GTGGC	ok
chr8	143575244	143575245	-	0.999996	Prob	0.527778	53	G	ACGGT	ok
chr21	43053292	43053293	-	0.999032	Prob	0.6	77	G	CGGGA	ok
chr7	5528081	5528082	-	0.999997	Prob	0.488889	656	G	GTGCC	ok
chr6	159798093	159798094	+	0.99999	Prob	0.638298	217	C	TTCTA	ok
chr9	130938113	130938114	-	0.999997	Prob	0.526316	26	G	AGGTG	ok
chrx	154400521	154400522	+	0.999992	Prob	0.645161	6501	C	TTCAC	ok
chr4	25929260	25929261	+	0.99999	Prob	0.526316	47	C	GCCAG	ok
chr5	135334578	135334579	-	0.999997	Prob	0.423077	179	G	AAGAA	ok
chr8	63017584	63017585	-	0.999032	Prob	0.6	184	G	GTGCT	ok
chr11	61964770	61964771	-	0.999543	Prob	0.545455	5675	G	GAGAT	ok
chr8	145053345	145053346	+	0.99999	Prob	0.619048	98	C	CCCTT	ok
chr8	143580082	143580083	-	0.999992	Prob	0.628571	532	G	CTGAA	ok
chr16	3663513	3663514	-	0.99999	Prob	0.616667	345	G	ACGAA	ok
chr12	26956644	26956645	+	0.999543	Prob	0.740741	40	C	TGCAA	ok
chr17	7014370	7014371	+	0.999996	Prob	0.546875	600	C	TGCCG	ok
chr14	20996867	20996868	+	0.999997	Prob	0.619048	67	C	GGCTC	ok
chr16	57436710	57436711	-	0.999997	Prob	0.565217	111	G	CTGTC	ok
chr17	7857098	7857099	-	0.999997	Prob	0.333333	492	G	CCGTC	ok
chr17	7311892	7311893	+	0.999996	Prob	0.648649	321	C	GGCCC	ok
chr19	1106559	1106560	+	0.999997	Prob	0.392857	943	C	CCCCA	ok
chr17	42838203	42838204	+	0.999984	Prob	0.444444	61	C	CACGG	ok
chr14	64932206	64932207	+	0.999997	Prob	0.515152	133	C	CCCGA	ok
chr12	76074210	76074211	-	0.999997	Prob	0.636364	164	G	ATGTC	ok
chr1	40080483	40080484	-	0.999997	Prob	0.652174	51	G	ACGAG	ok
chr7	76304082	76304083	+	0.999997	Prob	0.638298	758	C	TCCAA	ok
chr7	74195982	74195983	+	0.999032	Prob	0.590909	457	C	AACAG	ok
chr3	49359886	49359887	-	0.999543	Prob	0.711111	544	G	CAGCC	ok
chr19	581544	581545	+	0.999996	Prob	0.655172	275	C	ATCAT	ok
chr10	84150843	84150844	+	0.999997	Prob	0.4375	312	C	ACCAA	ok
chr1	156742449	156742450	-	0.99999	Prob	0.517241	93	G	CAGTG	ok
chr14	52775512	52775513	-	0.999997	Prob	0.75	22	G	TTGAT	ok
chr19	49015081	49015082	+	0.999997	Prob	0.56	246	C	GGCTG	ok
chr11	34995700	34995701	+	0.999984	Prob	0.571429	41	C	CACTG	ok
chr2	215333395	215333396	+	0.999992	Prob	0.461538	52	C	TGCAT	ok
chr19	36150175	36150176	+	0.999997	Prob	0.511628	132	C	CTCAG	ok
chr20	62307615	62307616	+	0.999997	Prob	0.76	127	C	AGCGG	ok
chr17	17512650	17512651	-	0.99999	Prob	0.675	64	G	GTGAA	ok
chr7	44570862	44570863	-	0.999543	Prob	0.709677	64	G	GTGAG	ok
chr7	16784174	16784175	+	0.999984	Prob	0.438596	104	C	ATCAG	ok
chr1	112671445	112671446	+	0.999984	Prob	0.594595	85	C	CTCAG	ok
chr4	7061080	7061081	-	0.999997	Prob	0.675	57	G	ATGAC	ok
chr6	43181196	43181197	+	0.999543	Prob	0.65625	40	C	TGCTT	ok
chr12	49764460	49764461	+	0.999996	Prob	0.555556	147	C	CCCCG	ok
chr2	277948	277949	+	0.999996	Prob	0.41791	208	C	CTCCC	ok
chr5	140706044	140706045	+	0.999996	Prob	0.5	29	C	TCCCA	ok
chr11	125578976	125578977	+	0.999992	Prob	0.571429	48	C	ATCAG	ok
chr21	32603290	32603291	-	0.99999	Prob	0.544304	112	G	CTGCC	ok
chr4	82427482	82427483	-	0.999997	Prob	0.534483	257	G	TGGCT	ok
chr4	121671586	121671587	-	0.999996	Prob	0.506329	127	G	TCGCG	ok
chr12	120129277	120129278	-	0.999997	Prob	0.594595	47	G	CTGAA	ok
chr19	17425218	17425219	+	0.999543	Prob	0.574074	91	C	GGCAG	ok
chr9	137190293	137190294	+	0.999997	Prob	0.69697	154	C	TCCTT	ok
chr22	42519760	42519761	-	0.999992	Prob	0.610169	62	G	CGGCG	ok
chr19	281240	281241	-	0.999543	Prob	0.652174	144	G	GGGGG	ok
chr6	5109069	5109070	-	0.999997	Prob	0.55	28	G	AGGCT	ok
chr13	113323072	113323073	+	0.999997	Prob	0.26087	55	C	GACAG	ok
chr22	17149619	17149620	-	0.999997	Prob	0.7	25	G	ACGGG	ok
chr11	62888155	62888156	+	0.999997	Prob	0.54902	736	C	TGCTG	ok
chr4	105473967	105473968	-	0.999543	Prob	0.592593	93	G	GCGAC	ok
chr19	8486198	8486199	+	0.999997	Prob	0.666667	84	C	AGCGC	ok
chr6	24785848	24785849	+	0.999543	Prob	0.577465	206	C	TCCAC	ok
chr9	35072469	35072470	-	0.999997	Prob	0.625	83	G	GCGAC	ok
chr16	1941361	1941362	-	0.999997	Prob	0.684211	45	G	CGGCT	ok
chr1	212738268	212738269	-	0.999997	Prob	0.62963	41	G	GAGAT	ok
chr1	193022963	193022964	-	0.999992	Prob	0.666667	133	G	AAGCA	ok
chr1	156239965	156239966	+	0.999997	Prob	0.586207	89	C	GCCCC	ok
chr10	123162293	123162294	+	0.99999	Prob	0.521127	330	C	CCCTG	ok
chr10	102422811	102422812	+	0.999997	Prob	0.448276	32	C	GGCCG	ok
chr1	167546243	167546244	-	0.999997	Prob	0.659091	49	G	ATGAA	ok
chrx	119871617	119871618	-	0.999997	Prob	0.47619	25	G	TAGAG	ok
chr9	135933133	135933134	-	0.999997	Prob	0.422222	58	G	GAGCA	ok
chr6	42938947	42938948	+	0.999997	Prob	0.657895	57	C	AACTC	ok
chr1	25360818	25360819	+	0.999032	Prob	0.618182	73	C	CTCAG	ok
chr9	83669213	83669214	-	0.999997	Prob	0.722222	34	G	TAGTG	ok
chr16	71922655	71922656	+	0.999543	Prob	0.555556	52	C	TTCTC	ok
chr6	3129133	3129134	+	0.999997	Prob	0.473684	25	C	ATCCA	ok
chr10	3082454	3082455	+	0.999032	Prob	0.652174	35	C	ATCTA	ok
chr5	171387873	171387874	+	0.99999	Prob	0.513514	1499	C	TGCGC	ok
chr17	28714371	28714372	-	0.999997	Prob	0.595238	280	G	CTGAG	ok
chr6	30725036	30725037	+	0.999996	Prob	0.47619	402	C	CTCAC	ok
chr16	1816976	1816977	-	0.999997	Prob	0.684211	48	G	TCGTG	ok
chr20	1369097	1369098	-	0.999997	Prob	0.65625	193	G	GGGTG	ok
chr22	41646928	41646929	+	0.999997	Prob	0.444444	440	C	ATCTC	ok
chr1	20652456	20652457	-	0.999997	Prob	0.45	65	G	GCGCT	ok
chr3	53230540	53230541	-	0.999997	Prob	0.470588	477	G	GTGTC	ok
chr1	43164720	43164721	-	0.999997	Prob	0.555556	280	G	TAGCT	ok
chr16	56932348	56932349	+	0.999997	Prob	0.571429	53	C	GGCCA	ok
chr8	58582311	58582312	+	0.99999	Prob	0.625	115	C	CACTT	ok
chr11	123061138	123061139	-	0.999997	Prob	0.5	1053	G	GGGTT	ok
chr2	74527545	74527546	-	0.999997	Prob	0.4	119	G	TTGCA	ok
chr3	52540502	52540503	+	0.999997	Prob	0.478261	79	C	GTCAA	ok
chr20	62139903	62139904	-	0.999997	Prob	0.507692	859	G	AGGCC	ok
chr1	241508766	241508767	-	0.999032	Prob	0.548387	185	G	GGGAA	ok
chr5	181241565	181241566	-	0.999984	Prob	0.494505	2131	G	CTGCC	ok
chr8	86561102	86561103	+	0.999997	Prob	0.47619	30	C	ATCTT	ok
chr8	145054270	145054271	+	0.999984	Prob	0.590909	110	C	TCCCT	ok
chr11	47569723	47569724	+	0.999996	Prob	0.509434	283	C	AGCAG	ok
chr12	121916534	121916535	+	0.999997	Prob	0.610526	184	C	CCCTA	ok
chr12	14774577	14774578	+	0.999996	Prob	0.631579	45	C	CGCAA	ok
chr12	52900623	52900624	-	0.999997	Prob	0.555556	622	G	TCGGT	ok
chr12	55726216	55726217	-	0.999032	Prob	0.513514	481	G	GGGAT	ok
chr15	60349093	60349094	-	0.999032	Prob	0.447368	1226	G	GGGAC	ok
chr17	1897876	1897877	+	0.999996	Prob	0.615385	127	C	TACAA	ok
chr19	12939504	12939505	+	0.999543	Prob	0.487179	174	C	CGCTG	ok
chr19	49499529	49499530	+	0.999997	Prob	0.54902	2137	C	GACAT	ok
chr19	46838759	46838760	-	0.999997	Prob	0.65	466	G	CAGGT	ok
chr1	2391871	2391872	+	0.99999	Prob	0.566038	81	C	AGCGC	ok
chr17	4798337	4798338	+	0.999997	Prob	0.6	604	C	GCCAT	ok
chr5	314593	314594	+	0.999992	Prob	0.75	908	C	CACAG	ok
chr8	127742036	127742037	+	0.999997	Prob	0.428571	38	C	GACCC	ok
chr22	17750160	17750161	-	0.999543	Prob	0.560976	50	G	GTGTC	ok
chr1	8865358	8865359	-	0.999032	Prob	0.4	1848	G	CGGGA	ok
chr4	118279084	118279085	+	0.999032	Prob	0.450704	186	C	TACTC	ok
chr6	63580708	63580709	+	0.999543	Prob	0.571429	229	C	GTCAG	ok
chr7	26196598	26196599	-	0.999997	Prob	0.6	228	G	TTGTC	ok
chr5	171391410	171391411	+	0.999996	Prob	0.526316	1819	C	GTCTG	ok
chr3	184183842	184183843	+	0.999997	Prob	0.7	292	C	ACCTG	ok
chr20	37225760	37225761	+	0.999543	Prob	0.666667	167	C	AGCTG	ok
chr12	2798774	2798775	+	0.999992	Prob	0.590361	106	C	TACAG	ok
chr12	16364384	16364385	+	0.999543	Prob	0.65	334	C	GACAT	ok
chr1	7780952	7780953	+	0.999992	Prob	0.642857	35	C	CACAG	ok
chr1	11975038	11975039	+	0.999996	Prob	0.547619	57	C	GACAC	ok
chr22	38474600	38474601	+	0.999997	Prob	0.590909	28	C	CTCCA	ok
chr22	36467778	36467779	-	0.999997	Prob	0.596774	100	G	AAGGG	ok
chr20	34281005	34281006	-	0.99999	Prob	0.534884	76	G	CAGCT	ok
chr16	57469236	57469237	+	0.999997	Prob	0.454545	52	C	ACCAG	ok
chr19	36125709	36125710	+	0.99999	Prob	0.611111	128	C	GGCGC	ok
chr7	101239840	101239841	-	0.999997	Prob	0.589041	104	G	GAGTC	ok
chr17	8289523	8289524	+	0.999997	Prob	0.553191	83	C	TTCAT	ok
chr11	72109753	72109754	-	0.99999	Prob	0.678571	86	G	AGGAG	ok
chr6	24781480	24781481	+	0.999997	Prob	0.532609	186	C	GTCCG	ok
chr3	51935638	51935639	-	0.999996	Prob	0.56	25	G	GAGCG	ok
chr1	43975007	43975008	+	0.999997	Prob	0.555556	306	C	GCCCC	ok
chr4	77047196	77047197	-	0.999997	Prob	0.578947	20	G	CAGTA	ok
chr1	11022524	11022525	+	0.99999	Prob	0.653846	34	C	AACTC	ok
chr2	136115084	136115085	-	0.999997	Prob	0.458333	58	G	TTGTG	ok
chr19	43461127	43461128	-	0.999997	Prob	0.571429	25	G	CAGGA	ok
chr19	36150260	36150261	+	0.999997	Prob	0.571429	134	C	TGCCA	ok
chr12	69359935	69359936	+	0.999997	Prob	0.5	59	C	CTCTT	ok
chr19	10712759	10712760	+	0.999997	Prob	0.545455	39	C	CGCTT	ok
chr20	62307753	62307754	+	0.999997	Prob	0.566667	155	C	GCCCA	ok
chr22	17594548	17594549	-	0.99999	Prob	0.585366	113	G	CAGCC	ok
chr17	1897409	1897410	+	0.999997	Prob	0.5	92	C	CGCAA	ok
chr14	70584628	70584629	-	0.999996	Prob	0.545455	33	G	TGGCC	ok
chr2	105097220	105097221	+	0.999997	Prob	0.594203	84	C	GTCTC	ok
chr9	35813071	35813072	-	0.999984	Prob	0.584615	97	G	TGGAG	ok
chr12	14786847	14786848	-	0.999997	Prob	0.45	65	G	ATGTT	ok
chr15	83016522	83016523	-	0.999997	Prob	0.552632	42	G	ATGCA	ok
chr12	53037524	53037525	+	0.999997	Prob	0.465909	162	C	TGCCA	ok
chr17	4945058	4945059	+	0.999997	Prob	0.634146	89	C	GACCG	ok
chr4	141221041	141221042	+	0.999997	Prob	0.571429	28	C	CCCTC	ok
chr19	14120433	14120434	-	0.999997	Prob	0.444444	35	G	GTGCT	ok
chr11	36274043	36274044	-	0.99999	Prob	0.676471	103	G	CTGGT	ok
chr2	135859391	135859392	-	0.999997	Prob	0.533333	34	G	TGGAC	ok
chr3	156541755	156541756	-	0.999984	Prob	0.566667	33	G	AAGAA	ok
chr5	33441013	33441014	+	0.999543	Prob	0.481481	78	C	ACCTC	ok
chr14	75003322	75003323	+	0.999997	Prob	0.6875	35	C	CGCTC	ok
chr15	77056167	77056168	-	0.999997	Prob	0.568182	127	G	GAGCG	ok
chr16	69744878	69744879	-	0.999997	Prob	0.432432	86	G	AGGCC	ok
chr19	47209441	47209442	+	0.999996	Prob	0.653846	75	C	GGCGC	ok
chr1	153977666	153977667	-	0.999032	Prob	0.44186	143	G	CCGCG	ok
chr3	111991518	111991519	+	0.999997	Prob	0.8	26	C	CCCCA	ok
chr4	102869004	102869005	+	0.999984	Prob	0.458333	53	C	GCCGC	ok
chr5	52801706	52801707	+	0.999997	Prob	0.477273	50	C	CACCG	ok
chr5	140706379	140706380	+	0.999992	Prob	0.615385	33	C	CTCAG	ok
chr9	137554958	137554959	-	0.999997	Prob	0.421053	48	G	CTGAA	ok
chr16	29963187	29963188	+	0.999997	Prob	0.653846	44	C	GCCCA	ok
chr2	38781560	38781561	+	0.999543	Prob	0.402778	117	C	GACCG	ok
chr4	143526367	143526368	+	0.99999	Prob	0.545455	26	C	TTCCT	ok
chr16	67438399	67438400	-	0.999543	Prob	0.425	64	G	GCGTA	ok
chr8	142700170	142700171	+	0.999997	Prob	0.657143	50	C	GCCAC	ok
chr1	53214538	53214539	-	0.99999	Prob	0.35	32	G	TTGTG	ok
chr4	99061560	99061561	+	0.999543	Prob	0.619048	23	C	TGCCC	ok
chr5	10282286	10282287	-	0.999997	Prob	0.603774	56	G	ATGCC	ok
chr5	171410893	171410894	+	0.999984	Prob	0.384615	53	C	TTCTA	ok
chr16	46671707	46671708	-	0.999543	Prob	0.677419	87	G	AAGTA	ok
chr12	120129395	120129396	-	0.999997	Prob	0.472222	40	G	TTGAT	ok
chr5	133076834	133076835	+	0.99999	Prob	0.6	51	C	TTCAG	ok
chr3	33018496	33018497	-	0.999992	Prob	0.538462	52	G	AAGAG	ok
chr16	56831889	56831890	+	0.999992	Prob	0.541667	34	C	GCCCT	ok
chr1	43359293	43359294	+	0.999997	Prob	0.527273	88	C	CGCGC	ok
chr15	88467162	88467163	-	0.999997	Prob	0.578313	95	G	GAGAC	ok
chr10	75220953	75220954	+	0.999997	Prob	0.465517	614	C	TCCAG	ok
chr1	154988189	154988190	+	0.999997	Prob	0.714286	43	C	ACCTG	ok
chr8	54101799	54101800	-	0.999997	Prob	0.565217	53	G	GGGGT	ok
chr2	26278697	26278698	+	0.999997	Prob	0.651163	63	C	CTCAA	ok
chr19	54123542	54123543	+	0.99999	Prob	0.458333	33	C	ACCGC	ok
chr11	66060672	66060673	+	0.999996	Prob	0.590909	43	C	TGCCT	ok
chr7	5910047	5910048	+	0.99999	Prob	0.621622	56	C	AACAA	ok
chr12	57232237	57232238	+	0.999996	Prob	0.606061	72	C	GTCAA	ok
chr6	5109171	5109172	-	0.999997	Prob	0.535714	102	G	GGGAG	ok
chr16	28713995	28713996	+	0.99999	Prob	0.5625	76	C	CTCCT	ok
chr9	97998659	97998660	+	0.99999	Prob	0.639344	79	C	ATCAG	ok
chr12	49564535	49564536	-	0.999997	Prob	0.580645	73	G	AAGGG	ok
chr9	34635464	34635465	-	0.999997	Prob	0.565217	114	G	ATGGG	ok
chr1	165662367	165662368	-	0.999997	Prob	0.633333	76	G	GTGAA	ok
chrx	152736356	152736357	+	0.999997	Prob	0.592593	66	C	CTCAG	ok
chr9	35057076	35057077	-	0.99999	Prob	0.615385	189	G	AGGTC	ok
chr13	49915068	49915069	-	0.999997	Prob	0.666667	43	G	AAGAT	ok
chr1	201484445	201484446	-	0.999543	Prob	0.516129	65	G	TGGGG	ok
chr1	168179095	168179096	+	0.999997	Prob	0.384615	35	C	TCCAG	ok
chr1	155134318	155134319	+	0.999997	Prob	0.617021	69	C	TTCCC	ok
chr1	149842642	149842643	-	0.999997	Prob	0.529412	36	G	ACGAG	ok
chr1	112702598	112702599	-	0.99999	Prob	0.597826	220	G	TCGTC	ok
chr1	94473819	94473820	+	0.999992	Prob	0.52381	27	C	ATCGC	ok
chr1	45569150	45569151	+	0.999997	Prob	0.666667	124	C	GACTT	ok
chrx	101348568	101348569	-	0.999997	Prob	0.596154	66	G	TGGAA	ok
chr1	33036821	33036822	-	0.999997	Prob	0.595745	240	G	GGGAG	ok
chr6	33279209	33279210	-	0.999997	Prob	0.727273	76	G	AGGGA	ok
chr10	21929120	21929121	-	0.999997	Prob	0.48	29	G	CTGAT	ok
chr7	103344573	103344574	-	0.99999	Prob	0.424242	58	G	GTGGG	ok
chrx	49581736	49581737	+	0.999996	Prob	0.651163	84	C	CTCAG	ok
chr5	179833077	179833078	+	0.999997	Prob	0.421053	82	C	CGCCT	ok
chr3	141738472	141738473	+	0.99999	Prob	0.413793	264	C	GACGT	ok
chr17	42125747	42125748	-	0.999996	Prob	0.45	75	G	GCGGA	ok
chr8	143993274	143993275	+	0.999997	Prob	0.461538	50	C	GCCCT	ok
chr17	16382472	16382473	+	0.999543	Prob	0.42029	1159	C	CCCCC	ok
chr6	31530779	31530780	-	0.999032	Prob	0.508197	298	G	CTGTA	ok
chr7	113117461	113117462	-	0.999997	Prob	0.595745	66	G	CTGAG	ok
chr3	33014069	33014070	-	0.999997	Prob	0.421053	86	G	AGGAA	ok
chr19	38933005	38933006	+	0.99999	Prob	0.555556	255	C	GGCGC	ok
chr2	68042565	68042566	-	0.999543	Prob	0.518519	99	G	ATGTT	ok
chr2	231456710	231456711	-	0.999997	Prob	0.473684	111	G	AGGAA	ok
chr7	157337135	157337136	+	0.999543	Prob	0.641026	50	C	TTCTG	ok
chr7	73303492	73303493	-	0.999997	Prob	0.310345	55	G	GTGCG	ok
chr2	208236445	208236446	-	0.999992	Prob	0.714286	108	G	ATGGA	ok
chr3	49359959	49359960	-	0.999997	Prob	0.46875	525	G	TAGCG	ok
chr7	5527418	5527419	-	0.999997	Prob	0.788462	1093	G	TGGGC	ok
chr6	10749653	10749654	+	0.999543	Prob	0.565217	695	C	CACAG	ok
chr13	106567682	106567683	-	0.999997	Prob	0.884615	70	G	TCGGG	ok
chr19	49490857	49490858	+	0.999997	Prob	0.558824	5184	C	TACGA	ok
chr19	16659425	16659426	-	0.99999	Prob	0.597015	175	G	AAGCC	ok
chr14	23026220	23026221	-	0.999543	Prob	0.454545	435	G	TGGTA	ok
chr3	129304941	129304942	+	0.999997	Prob	0.62963	126	C	GACAG	ok
chr4	99948407	99948408	-	0.999543	Prob	0.692308	1981	G	CTGGA	ok
chr4	151102987	151102988	+	0.999996	Prob	0.666667	3632	C	AGCAC	ok
chr15	101272782	101272783	-	0.999996	Prob	0.516667	74	G	CCGCC	ok
chr17	68046646	68046647	+	0.999997	Prob	0.574074	427	C	GTCTT	ok
chr12	69601422	69601423	+	0.999996	Prob	0.484848	278	C	TGCCC	ok
chr17	7014455	7014456	+	0.999996	Prob	0.6	593	C	GGCTG	ok
chr14	21210851	21210852	-	0.999996	Prob	0.542857	439	G	CAGTT	ok
chr15	72199116	72199117	-	0.999997	Prob	0.621212	1481	G	GTGGA	ok
chr15	65579008	65579009	-	0.999543	Prob	0.347826	86	G	CAGAA	ok
chr17	63830274	63830275	+	0.999997	Prob	0.526316	167	C	GACAC	ok
chr6	52267946	52267947	-	0.999997	Prob	0.37037	110	G	ACGTT	ok
chr14	22771458	22771459	+	0.999543	Prob	0.672727	127	C	CACAA	ok
chr20	62308733	62308734	+	0.999997	Prob	0.411765	181	C	GACGA	ok
chr1	119742976	119742977	+	0.999543	Prob	0.575342	659	C	CGCAG	ok
chr1	108648441	108648442	-	0.999997	Prob	0.6	126	G	TGGAA	ok
chr1	156137198	156137199	+	0.999997	Prob	0.541667	317	C	AGCCT	ok
chr22	19962774	19962775	+	0.999997	Prob	0.428571	239	C	TGCGA	ok
chr19	580699	580700	+	0.999032	Prob	0.409091	212	C	GACGG	ok
chr19	50798013	50798014	-	0.999996	Prob	0.483871	319	G	CGGAC	ok
chr20	37223930	37223931	+	0.999543	Prob	0.5	149	C	ACCGT	ok
chr22	30335680	30335681	-	0.99999	Prob	0.6	23	G	CAGCA	ok
chr19	48721956	48721957	-	0.999997	Prob	0.531915	85	G	GCGGG	ok
chr12	6390752	6390753	+	0.999997	Prob	0.576923	42	C	TCCTG	ok
chr1	111442745	111442746	-	0.999984	Prob	0.666667	136	G	CTGTC	ok
chr9	135504523	135504524	+	0.99999	Prob	0.45	121	C	GCCGC	ok
chr19	18922414	18922415	+	0.999996	Prob	0.5	46	C	CGCAG	ok
chr17	1842849	1842850	+	0.999997	Prob	0.451613	42	C	GTCAT	ok
chr15	40764184	40764185	+	0.99999	Prob	0.44086	106	C	GCCCT	ok
chr16	87831079	87831080	-	0.999997	Prob	0.466667	119	G	GTGGG	ok
chr16	58114882	58114883	-	0.999543	Prob	0.571429	65	G	CTGAG	ok
chr19	15116024	15116025	-	0.999997	Prob	0.333333	48	G	TTGGC	ok
chr22	30427319	30427320	+	0.999543	Prob	0.639344	65	C	ACCCG	ok
chr16	69752261	69752262	-	0.999997	Prob	0.326531	52	G	AGGTG	ok
chr5	52801821	52801822	+	0.999997	Prob	0.5	49	C	TCCAG	ok
chr11	112143546	112143547	-	0.999996	Prob	0.551724	64	G	GGGCT	ok
chr17	47673088	47673089	+	0.999996	Prob	0.666667	49	C	TGCCA	ok
chr8	103426102	103426103	+	0.999997	Prob	0.551724	96	C	GGCTA	ok
chr17	28717252	28717253	-	0.999997	Prob	0.424242	120	G	GTGCC	ok
chr2	70088006	70088007	+	0.999992	Prob	0.4	26	C	ACCAA	ok
chrx	120627093	120627094	-	0.999997	Prob	0.615385	33	G	TAGCA	ok
chr2	28850014	28850015	-	0.999997	Prob	0.391304	38	G	ATGGG	ok
chr4	158717131	158717132	-	0.99999	Prob	0.607843	57	G	GTGAT	ok
chr11	66276781	66276782	+	0.999997	Prob	0.6	33	C	CTCCT	ok
chr1	154988708	154988709	+	0.999997	Prob	0.576923	69	C	GACTC	ok
chr17	38921587	38921588	+	0.999996	Prob	0.677419	97	C	AGCCG	ok
chr19	54124562	54124563	+	0.99999	Prob	0.434783	40	C	GCCCA	ok
chr3	49024533	49024534	-	0.999997	Prob	0.604651	497	G	AGGAC	ok
chr16	28726650	28726651	+	0.999997	Prob	0.56	120	C	ATCGA	ok
chr16	30064465	30064466	+	0.999984	Prob	0.463415	124	C	CTCCG	ok
chr1	225921901	225921902	-	0.999996	Prob	0.478261	26	G	GAGGT	ok
chr17	78224845	78224846	+	0.999997	Prob	0.684211	43	C	GCCAC	ok
chr9	124869234	124869235	+	0.999984	Prob	0.583333	75	C	AGCAG	ok
chr2	9423395	9423396	-	0.999997	Prob	0.560606	105	G	CCGGG	ok
chr9	136402028	136402029	-	0.999997	Prob	0.6	23	G	GTGCT	ok
chr17	76734309	76734310	-	0.999997	Prob	0.474747	284	G	AAGAG	ok
chr1	109738319	109738320	-	0.999997	Prob	0.505376	335	G	TGGCA	ok
chr1	232955568	232955569	+	0.999992	Prob	0.528302	59	C	AACAA	ok
chr1	203023393	203023394	+	0.999997	Prob	0.616162	116	C	TTCAG	ok
chr6	143857880	143857881	+	0.999996	Prob	0.5	36	C	CACAG	ok
chr6	108211773	108211774	-	0.999997	Prob	0.65625	237	G	GGGGA	ok
chr1	110021705	110021706	+	0.999997	Prob	0.4375	76	C	TCCAC	ok
chr1	54849932	54849933	-	0.999997	Prob	0.55	82	G	GGGAG	ok
chr1	44766901	44766902	+	0.999997	Prob	0.555556	69	C	AGCGG	ok
chr9	113267060	113267061	-	0.999997	Prob	0.517241	61	G	TAGAG	ok
chr11	112095042	112095043	+	0.999997	Prob	0.486111	134	C	CACAA	ok
chr9	83969084	83969085	-	0.99999	Prob	0.586207	428	G	ATGGG	ok
chr2	27779451	27779452	+	0.99999	Prob	0.577465	296	C	TTCGT	ok
chr12	49324208	49324209	+	0.999997	Prob	0.462963	70	C	TCCAG	ok
chrx	11120971	11120972	+	0.999997	Prob	0.645161	83	C	GGCAC	ok
chr3	184180977	184180978	+	0.999996	Prob	0.666667	118	C	CCCCA	ok
chr3	141738345	141738346	+	0.999032	Prob	0.565217	242	C	GGCCG	ok
chr6	43225985	43225986	-	0.999997	Prob	0.5	40	G	CTGAG	ok
chr17	32365337	32365338	+	0.999992	Prob	0.545455	47	C	CCCCA	ok
chr20	57374617	57374618	+	0.999992	Prob	0.5	56	C	ATCGC	ok
chr16	1320198	1320199	+	0.999997	Prob	0.552632	167	C	CACCC	ok
chr19	38932703	38932704	+	0.999997	Prob	0.592593	260	C	GGCTG	ok
chr22	41657029	41657030	+	0.999997	Prob	0.555556	633	C	TACAG	ok
chr19	58315245	58315246	+	0.999997	Prob	0.666667	26	C	TTCGG	ok
chr12	53040254	53040255	+	0.99999	Prob	0.482759	180	C	TTCTC	ok
chr11	47571726	47571727	+	0.999997	Prob	0.525	481	C	AACAG	ok
chr7	157363219	157363220	+	0.999032	Prob	0.535714	55	C	AGCAG	ok
chr3	40461424	40461425	+	0.999543	Prob	0.585714	2310	C	GTCCG	ok
chr7	30504725	30504726	-	0.999032	Prob	0.423077	130	G	CTGCA	ok
chr10	43386103	43386104	-	0.999997	Prob	0.541667	315	G	AAGGA	ok
chr8	58578190	58578191	+	0.999992	Prob	0.5	72	C	ACCAT	ok
chr7	106097721	106097722	-	0.999997	Prob	0.666667	89	G	CAGAC	ok
chr17	41691282	41691283	+	0.999984	Prob	0.647059	299	C	CCCCT	ok
chr6	116593156	116593157	+	0.999032	Prob	0.55102	109	C	CTCAG	ok
chr1	235152709	235152710	-	0.999997	Prob	0.580645	74	G	GAGAA	ok
chr3	155911175	155911176	+	0.999997	Prob	0.5	47	C	AACCA	ok
chr8	63017597	63017598	-	0.999984	Prob	0.809524	183	G	ATGCC	ok
chr4	88523709	88523710	-	0.999997	Prob	0.481481	67	G	CAGCC	ok
chr11	65720079	65720080	-	0.999997	Prob	0.375	149	G	ACGCA	ok
chr16	3658142	3658143	-	0.999996	Prob	0.5	398	G	CAGGG	ok
chr19	1390977	1390978	+	0.999996	Prob	0.346154	348	C	GCCAG	ok
chr14	103521365	103521366	-	0.999997	Prob	0.7	427	G	CTGCT	ok
chr15	60351209	60351210	-	0.999997	Prob	0.393939	1156	G	CAGCC	ok
chr17	6451006	6451007	+	0.999997	Prob	0.32	33	C	ACCAG	ok
chr17	82018955	82018956	-	0.999997	Prob	0.434783	441	G	GAGGA	ok
chr19	12940364	12940365	+	0.999996	Prob	0.6	164	C	CCCAA	ok
chr19	18573377	18573378	+	0.999996	Prob	0.652174	1729	C	GTCAA	ok
chr12	51245545	51245546	-	0.999997	Prob	0.565217	48	G	CAGTA	ok
chr7	44114848	44114849	-	0.99999	Prob	0.634146	247	G	TGGGC	ok
chrx	152767468	152767469	-	0.999997	Prob	0.566667	106	G	GAGGA	ok
chr1	234383814	234383815	+	0.999997	Prob	0.65	193	C	TCCTA	ok
chr1	227732592	227732593	-	0.999997	Prob	0.391304	33	G	AGGAC	ok
chr1	119743889	119743890	+	0.999997	Prob	0.511628	675	C	CTCCT	ok
chr9	136724747	136724748	-	0.99999	Prob	0.487179	163	G	AGGGT	ok
chr7	76303796	76303797	+	0.999997	Prob	0.631579	77	C	CCCAA	ok
chr1	161212384	161212385	+	0.999996	Prob	0.45	151	C	CCCTG	ok
chr6	30724108	30724109	+	0.99999	Prob	0.461538	1113	C	GTCAA	ok
chr11	66976287	66976288	+	0.99999	Prob	0.566667	67	C	AGCCA	ok
chr10	84152370	84152371	+	0.999997	Prob	0.681818	342	C	CTCTG	ok
chr9	83969164	83969165	-	0.999997	Prob	0.409091	412	G	TAGTT	ok
chr16	1772944	1772945	-	0.999997	Prob	0.543478	326	G	GCGCA	ok
chr22	40825413	40825414	-	0.999543	Prob	0.465517	62	G	AAGTA	ok
chr16	57256604	57256605	-	0.999997	Prob	0.545455	27	G	CAGTC	ok
chr15	41332272	41332273	-	0.999997	Prob	0.38	58	G	CAGGT	ok
chr19	36114058	36114059	-	0.999996	Prob	0.616667	206	G	GTGGC	ok
chr17	3663755	3663756	-	0.999984	Prob	0.458333	62	G	CAGCA	ok
chr11	60897915	60897916	-	0.999997	Prob	0.571429	38	G	AGGTA	ok
chr2	72891672	72891673	+	0.999997	Prob	0.486842	99	C	CTCAG	ok
chr4	77048427	77048428	-	0.999997	Prob	0.538462	25	G	ATGAT	ok
chr4	109714381	109714382	-	0.999992	Prob	0.448276	36	G	AAGAT	ok
chr12	69390735	69390736	+	0.999997	Prob	0.6	43	C	CCCAT	ok
chr20	62308043	62308044	+	0.999997	Prob	0.69697	168	C	CGCCG	ok
chr1	43973130	43973131	+	0.999997	Prob	0.5	44	C	GTCCA	ok
chr2	232566927	232566928	+	0.999997	Prob	0.560606	109	C	AACAG	ok
chr15	40767624	40767625	+	0.999996	Prob	0.580247	135	C	CCCCG	ok
chr14	77751430	77751431	-	0.999032	Prob	0.36	49	G	GTGGA	ok
chr16	57460920	57460921	+	0.999996	Prob	0.685185	121	C	AACCC	ok
chr2	135840857	135840858	-	0.999997	Prob	0.587302	70	G	AGGGT	ok
chr15	90492619	90492620	+	0.999997	Prob	0.6	33	C	CTCTG	ok
chr16	67438078	67438079	-	0.999996	Prob	0.641026	63	G	GAGGA	ok
chr3	186806358	186806359	-	0.999997	Prob	0.478261	51	G	AGGAC	ok
chr11	6609567	6609568	+	0.999997	Prob	0.458333	81	C	TGCTC	ok
chr13	27623251	27623252	+	0.999984	Prob	0.6	119	C	GTCCT	ok
chr15	82986345	82986346	+	0.999997	Prob	0.615385	33	C	AGCTG	ok
chr3	67495862	67495863	-	0.999997	Prob	0.391304	29	G	AAGAT	ok
chr17	63827456	63827457	+	0.999997	Prob	0.511628	78	C	GGCTC	ok
chr8	27610491	27610492	-	0.999997	Prob	0.604167	88	G	CTGAG	ok
chr15	72199447	72199448	-	0.999997	Prob	0.527027	1408	G	TGGGC	ok
chr11	67612168	67612169	+	0.999997	Prob	0.46875	144	C	GCCCG	ok
chr6	43017855	43017856	+	0.99999	Prob	0.428571	52	C	TACGC	ok
chr6	30723829	30723830	+	0.99999	Prob	0.478261	840	C	AACAT	ok
chr22	38991455	38991456	+	0.999997	Prob	0.538462	50	C	CCCCT	ok
chr22	17138560	17138561	-	0.999997	Prob	0.619048	47	G	TAGAG	ok
chr11	62882969	62882970	+	0.999543	Prob	0.553191	481	C	CTCAG	ok
chr5	34914770	34914771	-	0.999543	Prob	0.648649	104	G	ACGTG	ok
chr20	10420636	10420637	-	0.999997	Prob	0.534884	115	G	CAGGG	ok
chr3	161251867	161251868	+	0.999997	Prob	0.727273	48	C	GGCTT	ok
chr19	34365252	34365253	+	0.999997	Prob	0.431818	80	C	ACCTT	ok
chr6	34878687	34878688	-	0.999997	Prob	0.53125	37	G	TGGCA	ok
chr1	228147656	228147657	+	0.999997	Prob	0.521739	474	C	GCCTG	ok
chr1	201484354	201484355	-	0.999032	Prob	0.583333	67	G	GGGTG	ok
chr6	143863689	143863690	+	0.999032	Prob	0.518519	27	C	ACCAT	ok
chr1	153659454	153659455	+	0.999984	Prob	0.611111	112	C	TGCCG	ok
chr1	149842552	149842553	-	0.999997	Prob	0.533333	36	G	CGGGC	ok
chr1	110016680	110016681	+	0.999997	Prob	0.434783	35	C	CACAG	ok
chr1	58534211	58534212	-	0.999997	Prob	0.363636	24	G	TTGAT	ok
chrx	107639440	107639441	+	0.999997	Prob	0.607143	42	C	CCCAT	ok
chr1	33024534	33024535	-	0.999997	Prob	0.47619	254	G	TGGCA	ok
chr6	33287642	33287643	-	0.999997	Prob	0.551724	33	G	TTGAT	ok
chr1	10469236	10469237	-	0.99999	Prob	0.5	62	G	AGGTA	ok
chr13	46780031	46780032	-	0.999997	Prob	0.579545	103	G	CAGAC	ok
chr12	49323278	49323279	+	0.999997	Prob	0.481481	73	C	AGCTC	ok
chr13	27440432	27440433	-	0.999997	Prob	0.375	46	G	TAGAA	ok
chr12	6236232	6236233	+	0.999996	Prob	0.785714	236	C	TTCCA	ok
chr2	216116801	216116802	+	0.999543	Prob	0.581818	130	C	GACAT	ok
chr14	55063109	55063110	+	0.999997	Prob	0.5	44	C	CTCCA	ok
chr8	98045062	98045063	-	0.999997	Prob	0.576271	3547	G	TAGAG	ok
chr9	33048198	33048199	-	0.999992	Prob	0.7	25	G	GAGAG	ok
chr22	31104920	31104921	-	0.99999	Prob	0.511628	184	G	CTGTC	ok
chr2	28894894	28894895	+	0.999997	Prob	0.727273	24	C	GGCCT	ok
chr3	129170111	129170112	-	0.999997	Prob	0.577778	271	G	TGGTT	ok
chr11	47565967	47565968	+	0.999997	Prob	0.477273	459	C	TTCCT	ok
chr22	41647059	41647060	+	0.999997	Prob	0.459459	510	C	GCCTA	ok
chr10	119575742	119575743	-	0.999543	Prob	0.72	48	G	TGGGG	ok
chr6	31539248	31539249	-	0.999997	Prob	0.603448	151	G	ATGGC	ok
chr1	96678999	96679000	-	0.999997	Prob	0.465116	152	G	AGGAA	ok
chr5	141621018	141621019	-	0.999996	Prob	0.423077	70	G	GGGAG	ok
chr16	80976115	80976116	-	0.999997	Prob	0.52381	653	G	AGGAT	ok
chr3	167720238	167720239	-	0.999032	Prob	0.477273	107	G	TGGTG	ok
chr5	1318291	1318292	-	0.99999	Prob	0.758621	97	G	TAGGA	ok
chr8	53967331	53967332	-	0.999032	Prob	0.518519	98	G	GAGGG	ok
chr11	75572410	75572411	+	0.999997	Prob	0.451613	117	C	CACCT	ok
chr16	3662891	3662892	-	0.99999	Prob	0.507937	381	G	TGGTG	ok
chr12	120444018	120444019	-	0.999997	Prob	0.520833	55	G	AGGGC	ok
chr12	49273076	49273077	+	0.999997	Prob	0.493151	646	C	GCCAA	ok
chr15	82538974	82538975	-	0.99999	Prob	0.607143	4058	G	ATGCG	ok
chr16	28731840	28731841	+	0.999996	Prob	0.666667	154	C	ACCGC	ok
chr17	16441825	16441826	+	0.999543	Prob	0.44	604	C	GGCCA	ok
chr19	12940269	12940270	+	0.999997	Prob	0.52	167	C	CACTG	ok
chr19	683339	683340	+	0.999997	Prob	0.568182	105	C	GCCCA	ok
chr19	46838358	46838359	-	0.999997	Prob	0.4375	504	G	AAGGA	ok
chr7	75042492	75042493	-	0.999997	Prob	0.514286	46	G	GTGTC	ok
chr1	153665696	153665697	-	0.999997	Prob	0.512821	291	G	ACGAC	ok
chr22	17735522	17735523	-	0.999543	Prob	0.571429	75	G	CAGCT	ok
chr2	26191205	26191206	-	0.999997	Prob	0.666667	147	G	CGGCA	ok
chrx	153700909	153700910	-	0.999997	Prob	0.416667	300	G	CAGCT	ok
chr3	49360301	49360302	-	0.999997	Prob	0.631579	387	G	TTGGT	ok
chr7	103362748	103362749	+	0.999997	Prob	0.62963	193	C	ACCAT	ok
chr10	84152424	84152425	+	0.999997	Prob	0.411765	349	C	TACAA	ok
chr6	29942896	29942897	+	0.999997	Prob	0.55	139	C	CGCGG	ok
chr16	2153783	2153784	+	0.999997	Prob	0.416667	67	C	AGCCG	ok
chr14	39181802	39181803	+	0.999997	Prob	0.615385	30	C	GGCAA	ok
chr19	36121703	36121704	+	0.999543	Prob	0.454545	118	C	CACCG	ok
chr11	18407203	18407204	+	0.999543	Prob	0.405405	1494	C	CTCTG	ok
chr3	124740114	124740115	+	0.999997	Prob	0.444444	134	C	GGCCT	ok
chr2	9473056	9473057	+	0.999032	Prob	0.521739	38	C	CTCTA	ok
chr2	219251640	219251641	-	0.99999	Prob	0.553846	109	G	TGGCA	ok
chrx	24057698	24057699	+	0.999543	Prob	0.651515	88	C	CACCT	ok
chr13	110642374	110642375	-	0.999997	Prob	0.666667	75	G	AGGGG	ok
chr12	124778308	124778309	-	0.999032	Prob	0.478261	47	G	GAGAG	ok
chr17	78972045	78972046	-	0.999543	Prob	0.576923	50	G	CAGTT	ok
chr5	230997	230998	+	0.999997	Prob	0.641791	194	C	TACAG	ok
chr15	84669723	84669724	-	0.99999	Prob	0.491803	160	G	TGGGG	ok
chr1	155062626	155062627	+	0.999543	Prob	0.390244	76	C	ACCGC	ok
chr3	112532676	112532677	-	0.999984	Prob	0.56383	119	G	AGGAT	ok
chr8	144423706	144423707	-	0.999032	Prob	0.438596	115	G	CAGTG	ok
chr4	173332855	173332856	-	0.999997	Prob	0.612903	75	G	CTGTT	ok
chr9	33443388	33443389	-	0.999032	Prob	0.482759	37	G	TGGGC	ok
chr15	43746652	43746653	+	0.999543	Prob	0.533333	126	C	CGCAT	ok
chr5	138933931	138933932	+	0.999997	Prob	0.58	92	C	TCCTG	ok
chr3	184307896	184307897	+	0.999997	Prob	0.52439	151	C	GACAC	ok
chr16	47460914	47460915	-	0.999997	Prob	0.571429	24	G	CGGCC	ok
chr6	43017857	43017858	+	0.999543	Prob	0.674419	52	C	CGCAC	ok
chr14	99399101	99399102	-	0.999996	Prob	0.5	24	G	TGGTT	ok
chr13	113177974	113177975	-	0.999997	Prob	0.555556	105	G	GAGTC	ok
chr11	34100144	34100145	+	0.999997	Prob	0.423077	55	C	AACAG	ok
chr15	73560280	73560281	-	0.999997	Prob	0.384615	65	G	AAGTT	ok
chr3	108071138	108071139	-	0.999997	Prob	0.55	52	G	GGGAA	ok
chrx	152736450	152736451	+	0.999997	Prob	0.52381	74	C	CACCT	ok
chr1	167722074	167722075	+	0.999997	Prob	0.5	43	C	TCCCC	ok
chr19	5692136	5692137	-	0.999984	Prob	0.5	95	G	AAGGC	ok
chr1	203008805	203008806	+	0.999997	Prob	0.617647	70	C	CACAA	ok
chr1	159782455	159782456	+	0.999997	Prob	0.583333	128	C	GACAC	ok
chr1	156134926	156134927	+	0.999997	Prob	0.619048	141	C	GACCA	ok
chr1	110022008	110022009	+	0.999997	Prob	0.5	86	C	ACCTT	ok
chr1	54850243	54850244	-	0.999997	Prob	0.541667	71	G	TTGGA	ok
chr1	44762585	44762586	+	0.999997	Prob	0.384615	64	C	AGCTT	ok
chr9	113292199	113292200	+	0.999997	Prob	0.473684	50	C	AGCAA	ok
chr1	10467219	10467220	-	0.999997	Prob	0.68	71	G	ATGCT	ok
chr11	62885493	62885494	+	0.99999	Prob	0.529412	653	C	TTCTT	ok
chr6	10707483	10707484	+	0.999997	Prob	0.64	77	C	TTCAT	ok
chr5	69355691	69355692	-	0.99999	Prob	0.560606	107	G	CAGCA	ok
chr3	9840564	9840565	-	0.999543	Prob	0.604938	112	G	AGGGC	ok
chr3	141745358	141745359	+	0.999984	Prob	0.361111	281	C	CACTA	ok
chr5	171406416	171406417	+	0.999996	Prob	0.527027	518	C	GGCAC	ok
chr11	57407252	57407253	-	0.999543	Prob	0.673077	193	G	AAGGT	ok
chr17	3669264	3669265	+	0.999543	Prob	0.604167	283	C	CACGG	ok
chr1	38864204	38864205	-	0.999543	Prob	0.567568	41	G	CAGAA	ok
chr11	63631344	63631345	-	0.999992	Prob	0.384615	29	G	ACGAA	ok
chr2	101002740	101002741	+	0.999997	Prob	0.564516	3240	C	GCCGT	ok
chr6	134170885	134170886	-	0.99999	Prob	0.65	139	G	AAGGA	ok
chr3	53229307	53229308	-	0.999997	Prob	0.6125	597	G	CAGAG	ok
chr12	47965985	47965986	+	0.999996	Prob	0.545455	197	C	TTCTC	ok
chr3	186572197	186572198	+	0.999543	Prob	0.380952	51	C	ACCCT	ok
chr20	17570191	17570192	+	0.999997	Prob	0.689655	347	C	TGCGA	ok
chr3	149966036	149966037	-	0.999543	Prob	0.65	48	G	TTGGG	ok
chr6	165940641	165940642	-	0.99999	Prob	0.5	40	G	GAGCG	ok
chr17	32479299	32479300	+	0.99999	Prob	0.6	105	C	CACAC	ok
chr1	155318246	155318247	+	0.999997	Prob	0.453488	632	C	GCCGG	ok
chr1	235161021	235161022	-	0.999997	Prob	0.6	60	G	CTGTA	ok
chrx	48523996	48523997	+	0.999997	Prob	0.520408	133	C	TTCAC	ok
chr5	140647596	140647597	-	0.999997	Prob	0.452381	266	G	TCGAA	ok
chr4	25914398	25914399	+	0.999543	Prob	0.484848	41	C	GCCCC	ok
chr5	140647286	140647287	-	0.999997	Prob	0.4	299	G	TCGGA	ok
chr8	143022294	143022295	+	0.999032	Prob	0.545455	305	C	TTCTG	ok
chr4	88521532	88521533	-	0.999997	Prob	0.488372	97	G	AAGAG	ok
chr11	62885559	62885560	+	0.999997	Prob	0.766667	685	C	TTCAG	ok
chr6	10730659	10730660	+	0.999032	Prob	0.566265	756	C	CCCCA	ok
chr12	67310229	67310230	+	0.999543	Prob	0.65	85	C	CACTT	ok
chr19	48616182	48616183	-	0.999997	Prob	0.375	2320	G	TGGTC	ok
chr12	98516121	98516122	+	0.999996	Prob	0.380952	66	C	GGCCG	ok
chr16	682716	682717	+	0.999992	Prob	0.5	154	C	CACTA	ok
chr16	30067614	30067615	+	0.999996	Prob	0.6	438	C	TCCCT	ok
chr17	80136287	80136288	-	0.999997	Prob	0.44	357	G	GAGGG	ok
chr19	1440188	1440189	+	0.999997	Prob	0.507246	4745	C	ACCCG	ok
chr18	49785245	49785246	-	0.999996	Prob	0.46875	137	G	CAGTG	ok
chr19	18574873	18574874	+	0.999996	Prob	0.514286	1799	C	TCCAC	ok
chr4	82424769	82424770	-	0.999997	Prob	0.605263	347	G	TTGGA	ok
chr7	44114847	44114848	-	0.999543	Prob	0.511628	247	G	ATGGG	ok
chr6	41935134	41935135	-	0.999997	Prob	0.56	129	G	TGGGA	ok
chr8	97852222	97852223	+	0.999543	Prob	0.43038	292	C	CCCCA	ok
chr22	17750166	17750167	-	0.99999	Prob	0.547619	50	G	CAGTG	ok
chr6	43521402	43521403	+	0.999997	Prob	0.609756	87	C	TTCTG	ok
chr16	46661790	46661791	-	0.999997	Prob	0.666667	159	G	AGGGG	ok
chr6	63579266	63579267	+	0.999992	Prob	0.35	187	C	TACTT	ok
chr5	171391366	171391367	+	0.999997	Prob	0.586667	1778	C	TACGA	ok
chr17	39204657	39204658	+	0.999543	Prob	0.632911	3985	C	CACTT	ok
chr17	81511015	81511016	-	0.999997	Prob	0.666667	1011	G	CAGCA	ok
chr6	30723658	30723659	+	0.999543	Prob	0.466667	696	C	ACCTA	ok
chr9	125238302	125238303	-	0.999996	Prob	0.44	372	G	CAGGT	ok
chr14	20476621	20476622	+	0.999997	Prob	0.530612	361	C	GGCAT	ok
chr20	37228676	37228677	+	0.999032	Prob	0.481481	193	C	CTCTG	ok
chr17	4959823	4959824	-	0.99999	Prob	0.5	44	G	ATGAG	ok
chr22	36467456	36467457	-	0.999997	Prob	0.634921	103	G	TTGGA	ok
chrx	153786256	153786257	-	0.999997	Prob	0.521739	95	G	GTGGC	ok
chr7	43647622	43647623	-	0.999543	Prob	0.511628	108	G	CTGCT	ok
chr3	51934477	51934478	-	0.99999	Prob	0.666667	34	G	GGGAT	ok
chr19	40765233	40765234	+	0.999996	Prob	0.57971	134	C	GCCCC	ok
chr22	37815706	37815707	+	0.999997	Prob	0.527778	44	C	GGCAG	ok
chr17	1844581	1844582	+	0.999997	Prob	0.512821	44	C	TTCAT	ok
chr11	110430147	110430148	+	0.999997	Prob	0.408163	59	C	TGCTG	ok
chr15	80978292	80978293	-	0.999543	Prob	0.565217	24	G	ATGTT	ok
chr16	1788662	1788663	+	0.999543	Prob	0.597015	91	C	CTCAC	ok
chr22	42796863	42796864	-	0.999997	Prob	0.52	36	G	TTGTG	ok
chr7	27748551	27748552	+	0.999543	Prob	0.727273	60	C	TGCAG	ok
chr2	73762702	73762703	-	0.999997	Prob	0.44	52	G	GAGTA	ok
chr11	62839118	62839119	-	0.999997	Prob	0.65	53	G	TCGGC	ok
chr2	99361332	99361333	+	0.999997	Prob	0.52	51	C	AACAA	ok
chr11	47418837	47418838	-	0.999997	Prob	0.564103	246	G	TAGGC	ok
chr11	70206696	70206697	+	0.999997	Prob	0.485714	46	C	CACTG	ok
chr5	138781967	138781968	+	0.999997	Prob	0.58	143	C	TCCTA	ok
chr16	647872	647873	+	0.999997	Prob	0.538462	132	C	TCCCC	ok
chr3	184307626	184307627	+	0.999997	Prob	0.6	137	C	GCCCG	ok
chr18	12725731	12725732	+	0.99999	Prob	0.517241	95	C	TTCCT	ok
chr3	33120378	33120379	+	0.999997	Prob	0.454545	44	C	CACAC	ok
chr1	224183335	224183336	+	0.999997	Prob	0.452381	54	C	GCCAT	ok
chr2	153477918	153477919	-	0.999997	Prob	0.454545	25	G	GCGGG	ok
chr2	3498265	3498266	-	0.999997	Prob	0.480769	63	G	CTGTT	ok
chr10	95263890	95263891	-	0.999997	Prob	0.4375	107	G	TGGCA	ok
chr14	102084894	102084895	-	0.999997	Prob	0.407407	230	G	CAGGT	ok
chr10	43386320	43386321	-	0.999997	Prob	0.615385	295	G	CAGTG	ok
chr9	97983420	97983421	+	0.999543	Prob	0.592593	66	C	CGCCA	ok
chr17	21315173	21315174	+	0.999997	Prob	0.55	33	C	TCCCT	ok
chr8	143816478	143816479	-	0.999984	Prob	0.5	236	G	AGGAA	ok
chr1	36259446	36259447	+	0.999032	Prob	0.65	33	C	GTCTG	ok
chr7	116251878	116251879	+	0.999997	Prob	0.619048	31	C	CTCCT	ok
chr12	29341162	29341163	-	0.99999	Prob	0.545455	73	G	GTGTA	ok
chr1	228148447	228148448	+	0.999997	Prob	0.5	459	C	CGCTC	ok
chr1	193029611	193029612	-	0.99999	Prob	0.384615	98	G	CAGTA	ok
chr1	156239562	156239563	+	0.999997	Prob	0.5625	117	C	AACAG	ok
chr10	123162767	123162768	+	0.999543	Prob	0.552239	370	C	CACAG	ok
chr1	75732649	75732650	+	0.999543	Prob	0.586957	87	C	CACCG	ok
chr9	135945208	135945209	-	0.999997	Prob	0.428571	31	G	CTGCG	ok
chr10	74708438	74708439	+	0.99999	Prob	0.605263	131	C	TTCCA	ok
chr1	27892039	27892040	-	0.999997	Prob	0.653846	70	G	GAGAC	ok
chr6	31271614	31271615	-	0.999997	Prob	0.563218	109	G	TTGTA	ok
chr13	72719062	72719063	-	0.999997	Prob	0.521739	55	G	AAGCC	ok
chr16	69711167	69711168	-	0.999997	Prob	0.421875	249	G	AGGCG	ok
chr6	7401028	7401029	+	0.999997	Prob	0.657895	43	C	GGCTG	ok
chr3	184183928	184183929	+	0.999032	Prob	0.458333	290	C	AGCTC	ok
chr17	82019215	82019216	-	0.999543	Prob	0.464646	388	G	CAGGA	ok
chr5	171391719	171391720	+	0.99999	Prob	0.52	1861	C	GGCTT	ok
chr17	28714473	28714474	-	0.999997	Prob	0.742857	283	G	CAGGA	ok
chr6	31540346	31540347	-	0.999996	Prob	0.516129	150	G	CAGTC	ok
chr15	75639605	75639606	-	0.999543	Prob	0.460317	178	G	GGGAG	ok
chr19	44903158	44903159	+	0.999997	Prob	0.578947	64	C	CACCA	ok
chr19	58314772	58314773	+	0.999997	Prob	0.553191	65	C	AACCG	ok
chr17	7312267	7312268	+	0.999997	Prob	0.553191	533	C	CTCGC	ok
chr3	53235008	53235009	-	0.99999	Prob	0.5	311	G	TAGAT	ok
chr1	43171611	43171612	-	0.999997	Prob	0.604167	204	G	CAGAT	ok
chr7	30496853	30496854	-	0.99999	Prob	0.488372	175	G	AGGGG	ok
chr8	143581271	143581272	-	0.999992	Prob	0.384615	385	G	CGGAC	ok
chr19	55660593	55660594	+	0.999996	Prob	0.695652	38	C	ACCCC	ok
chr9	137190091	137190092	+	0.999543	Prob	0.586207	146	C	CCCGG	ok
chrx	68532278	68532279	+	0.999997	Prob	0.45	30	C	CACCG	ok
chr17	41690802	41690803	+	0.999984	Prob	0.5	894	C	ATCAG	ok
chr1	33014571	33014572	-	0.999997	Prob	0.4	278	G	ACGGC	ok
chr19	3579031	3579032	+	0.999543	Prob	0.525	104	C	CTCAC	ok
chr3	51993897	51993898	-	0.99999	Prob	0.677419	2181	G	ACGGG	ok
chr9	19376330	19376331	-	0.99999	Prob	0.580645	5901	G	TCGCA	ok
chr5	181242266	181242267	-	0.999543	Prob	0.592593	1952	G	GGGAG	ok
chr5	131165182	131165183	-	0.999032	Prob	0.516129	1228	G	GAGCC	ok
chr8	143021981	143021982	+	0.999997	Prob	0.558824	293	C	CACTT	ok
chr8	97852073	97852074	+	0.999997	Prob	0.527778	272	C	GGCCG	ok
chr11	65121511	65121512	-	0.999997	Prob	0.464286	1276	G	GCGGC	ok
chr11	61964639	61964640	-	0.999997	Prob	0.452381	5286	G	TAGAA	ok
chr17	28348019	28348020	-	0.999997	Prob	0.510204	82	G	CTGTG	ok
chr12	54281822	54281823	+	0.999543	Prob	0.444444	568	C	CTCCA	ok
chr12	98549609	98549610	+	0.999543	Prob	0.44898	56	C	GACTC	ok
chr16	28734991	28734992	+	0.99999	Prob	0.540541	208	C	AGCAA	ok
chr17	68044011	68044012	+	0.999997	Prob	0.512821	406	C	ACCAG	ok
chr19	683249	683250	+	0.999997	Prob	0.568627	110	C	AGCCT	ok
chr6	52264593	52264594	-	0.999997	Prob	0.46	157	G	ATGAG	ok
chr16	636155	636156	-	0.999996	Prob	0.6	296	G	GCGAA	ok
chr8	127742170	127742171	+	0.999997	Prob	0.589744	60	C	CCCAA	ok
chr6	63576663	63576664	+	0.999997	Prob	0.4	147	C	CACTT	ok
chr1	184095738	184095739	+	0.999997	Prob	0.695652	29	C	GTCTT	ok
chr1	94517866	94517867	+	0.999997	Prob	0.619048	56	C	CACAA	ok
chr2	15630880	15630881	+	0.999997	Prob	0.45	137	C	TCCTA	ok
chr9	83968448	83968449	-	0.999997	Prob	0.675	498	G	GAGAA	ok
chr6	52686527	52686528	+	0.99999	Prob	0.523256	115	C	AGCAC	ok
chr22	40824792	40824793	-	0.999984	Prob	0.4	24	G	TGGTG	ok
chr19	3053453	3053454	-	0.999997	Prob	0.45	69	G	AGGCA	ok
chr17	64506174	64506175	-	0.999543	Prob	0.6	205	G	AAGTC	ok
chr2	27375848	27375849	+	0.999997	Prob	0.666667	93	C	TACCA	ok
chr19	40751376	40751377	+	0.999996	Prob	0.428571	41	C	TCCTC	ok
chr2	176296894	176296895	+	0.999992	Prob	0.481481	33	C	ATCAG	ok
chr17	17512574	17512575	-	0.99999	Prob	0.432432	65	G	CAGGA	ok
chr13	48079970	48079971	-	0.999996	Prob	0.478261	34	G	GGGTC	ok
chr14	60968256	60968257	+	0.999996	Prob	0.444444	31	C	CACCA	ok
chr15	67201687	67201688	-	0.99999	Prob	0.517241	45	G	AGGAT	ok
chr17	2043267	2043268	+	0.999997	Prob	0.392857	89	C	CCCTG	ok
chr19	15115248	15115249	-	0.999997	Prob	0.615385	68	G	AGGCC	ok
chr8	23290361	23290362	+	0.999984	Prob	0.652174	34	C	GTCTG	ok
chr17	19578908	19578909	+	0.999997	Prob	0.238095	26	C	TACTG	ok
chr11	125583984	125583985	+	0.99999	Prob	0.581395	102	C	TTCTC	ok
chr2	99360518	99360519	+	0.999997	Prob	0.631579	77	C	ATCAA	ok
chr9	33443853	33443854	-	0.999543	Prob	0.692308	32	G	CGGCT	ok
chr12	120190374	120190375	-	0.999997	Prob	0.2	25	G	CTGCA	ok
chr19	12940571	12940572	+	0.999543	Prob	0.536585	164	C	CCCTG	ok
chr3	33142975	33142976	+	0.999997	Prob	0.516129	71	C	GTCTT	ok
chr3	186785006	186785007	+	0.99999	Prob	0.592593	84	C	AGCCA	ok
chr1	19257866	19257867	+	0.999997	Prob	0.5875	91	C	CCCGA	ok
chr5	177592325	177592326	+	0.999997	Prob	0.585714	101	C	CGCTC	ok
chr7	56063676	56063677	+	0.999996	Prob	0.7	53	C	AACTG	ok
chr22	44168745	44168746	+	0.999032	Prob	0.72	38	C	GCCTT	ok
chr6	79201533	79201534	-	0.999996	Prob	0.54	271	G	ATGAC	ok
chr7	35873699	35873700	+	0.999997	Prob	0.714286	65	C	ATCAC	ok
chr10	43387402	43387403	-	0.999543	Prob	0.45	146	G	GCGAG	ok
chr20	35556095	35556096	+	0.99999	Prob	0.392857	153	C	ACCCC	ok
chr3	138608776	138608777	+	0.999997	Prob	0.590909	10	C	GGCGC	ok
chr1	6294918	6294919	-	0.999997	Prob	0.473684	40	G	TTGGT	ok
chr1	220143001	220143002	+	0.999997	Prob	0.627119	73	C	CCCGG	ok
chr10	124397847	124397848	-	0.999997	Prob	0.571429	41	G	ATGGG	ok
chrx	154379430	154379431	+	0.999032	Prob	0.607143	70	C	GCCGG	ok
chr6	57182039	57182040	+	0.999992	Prob	0.5625	73	C	AGCTT	ok
chr1	70145247	70145248	-	0.999984	Prob	0.446809	55	G	TTGAC	ok
chrx	107650350	107650351	+	0.999997	Prob	0.333333	63	C	CTCAG	ok
chr10	73378918	73378919	-	0.999997	Prob	0.30303	160	G	TCGAG	ok
chr9	105773898	105773899	+	0.99999	Prob	0.518519	36	C	GACAT	ok
chr9	83663876	83663877	-	0.999997	Prob	0.6	44	G	CTGAG	ok
chr2	42361198	42361199	-	0.999997	Prob	0.534884	83	G	ACGCG	ok
chr6	13801305	13801306	-	0.999997	Prob	0.625	53	G	AGGGC	ok
chrx	15385057	15385058	-	0.999997	Prob	0.65625	89	G	GCGTT	ok
chr3	9838145	9838146	-	0.999992	Prob	0.528302	141	G	AGGGC	ok
chr17	48893453	48893454	+	0.999997	Prob	0.59322	802	C	CTCTG	ok
chr2	69819295	69819296	+	0.999997	Prob	0.529412	57	C	AACAA	ok
chr11	34882467	34882468	-	0.999997	Prob	0.676471	38	G	CTGTT	ok
chr6	29943536	29943537	+	0.999543	Prob	0.613636	179	C	AGCGC	ok
chr8	144098945	144098946	-	0.999997	Prob	0.55	46	G	AGGGC	ok
chr7	99417471	99417472	+	0.999996	Prob	0.522222	232	C	AACCT	ok
chr2	200815359	200815360	+	0.999984	Prob	0.574074	93	C	GACCC	ok
chr17	49409095	49409096	-	0.999997	Prob	0.619048	616	G	TCGTC	ok
chr15	78891486	78891487	+	0.999543	Prob	0.589744	143	C	ACCTG	ok
chr5	43527290	43527291	-	0.999992	Prob	0.387097	99	G	TAGAT	ok
chr10	6115573	6115574	+	0.999984	Prob	0.55	69	C	CACGA	ok
chr3	49359678	49359679	-	0.999997	Prob	0.641026	593	G	AGGTA	ok
chr17	32446982	32446983	+	0.999992	Prob	0.510204	144	C	TGCAA	ok
chr1	19617306	19617307	+	0.999997	Prob	0.5	23	C	GCCTC	ok
chr12	21635466	21635467	-	0.999543	Prob	0.472222	2580	G	ATGTA	ok
chr3	149369235	149369236	-	0.999996	Prob	0.56338	615	G	ATGTT	ok
chr1	186374959	186374960	-	0.999997	Prob	0.56	72	G	TTGTT	ok
chr1	241504092	241504093	-	0.999996	Prob	0.575758	283	G	CAGAC	ok
chr8	143022236	143022237	+	0.999997	Prob	0.571429	310	C	AGCCC	ok
chr11	10797607	10797608	-	0.999997	Prob	0.5	276	G	AAGAT	ok
chr12	6849635	6849636	-	0.999997	Prob	0.478261	91	G	TGGGC	ok
chr6	10725975	10725976	+	0.999543	Prob	0.59322	667	C	GTCTC	ok
chr11	62888186	62888187	+	0.999997	Prob	0.55	755	C	CCCAG	ok
chr14	21351669	21351670	-	0.999997	Prob	0.5	54	G	AAGGG	ok
chr16	18783039	18783040	-	0.999997	Prob	0.5	2790	G	CTGTG	ok
chr16	4507924	4507925	+	0.999997	Prob	0.584906	102	C	CACTA	ok
chr17	7312368	7312369	+	0.999543	Prob	0.612903	525	C	CCCCC	ok
chr19	36121701	36121702	+	0.999984	Prob	0.434783	118	C	GGCAC	ok
chr17	41689851	41689852	+	0.999997	Prob	0.633333	818	C	TTCAA	ok
chr6	52279536	52279537	-	0.999997	Prob	0.473684	46	G	ATGGT	ok
chr12	76048115	76048116	-	0.999997	Prob	0.5	34	G	AAGGT	ok
chr22	40358929	40358930	+	0.999992	Prob	0.533333	214	C	CTCCA	ok
chr1	40076898	40076899	-	0.999997	Prob	0.8	51	G	CTGTA	ok
chr1	153992122	153992123	+	0.999996	Prob	0.607843	2219	C	AACCA	ok
chr1	8874885	8874886	-	0.999996	Prob	0.534091	1096	G	TGGCA	ok
chr20	58993086	58993087	+	0.999543	Prob	0.5	108	C	CCCTG	ok
chr1	33036758	33036759	-	0.999997	Prob	0.567568	248	G	GGGAG	ok
chr7	5527615	5527616	-	0.999996	Prob	0.473684	928	G	GAGTC	ok
chr1	161210600	161210601	+	0.999996	Prob	0.238095	144	C	TGCTT	ok
chr7	74196086	74196087	+	0.999997	Prob	0.465753	509	C	TTCAC	ok
chr7	103367417	103367418	+	0.999997	Prob	0.694444	222	C	CTCGT	ok
chr17	81843777	81843778	-	0.999997	Prob	0.583333	422	G	AAGCC	ok
chr10	43387082	43387083	-	0.999997	Prob	0.487179	171	G	GAGAC	ok
chr3	39411719	39411720	+	0.999992	Prob	0.424242	4447	C	TCCCG	ok
chr9	83970744	83970745	-	0.999997	Prob	0.590909	369	G	GGGAA	ok
chr17	2638294	2638295	+	0.999984	Prob	0.55	87	C	TGCTG	ok
chr5	140568954	140568955	+	0.999032	Prob	0.35	83	C	TCCCA	ok
chr17	44351779	44351780	+	0.999997	Prob	0.55814	98	C	TGCTG	ok
chr7	100873257	100873258	+	0.999984	Prob	0.455882	126	C	GCCTG	ok
chrx	119236341	119236342	+	0.999543	Prob	0.6	45	C	GGCCC	ok
chr19	49015862	49015863	+	0.999997	Prob	0.75	259	C	ACCCC	ok
chr17	8290057	8290058	+	0.999997	Prob	0.47619	93	C	CCCTC	ok
chr12	75504048	75504049	-	0.999984	Prob	0.666667	60	G	TTGCC	ok
chr2	9456968	9456969	+	0.99999	Prob	0.590909	38	C	TGCTC	ok
chr2	219252138	219252139	-	0.999543	Prob	0.62963	97	G	CAGGC	ok
chr19	17511803	17511804	+	0.999992	Prob	0.568627	59	C	GGCCT	ok
chr6	99377420	99377421	-	0.99999	Prob	0.657143	49	G	AAGAA	ok
chr7	128457578	128457579	+	0.99999	Prob	0.56	34	C	GCCTT	ok
chr9	124869277	124869278	+	0.999997	Prob	0.6875	83	C	CGCCG	ok
chr12	14787291	14787292	-	0.999997	Prob	0.484848	51	G	CTGTG	ok
chr19	49446613	49446614	-	0.999997	Prob	0.460317	123	G	GCGTC	ok
chr19	14120212	14120213	-	0.999997	Prob	0.578947	41	G	ACGAA	ok
chr1	19339362	19339363	-	0.999996	Prob	0.622222	92	G	GTGGC	ok
chr7	27526117	27526118	-	0.999996	Prob	0.555556	52	G	GTGAC	ok
chr16	69749330	69749331	-	0.999997	Prob	0.44	54	G	GGGGT	ok
chr2	135755655	135755656	+	0.999992	Prob	0.45	51	C	ACCAC	ok
chr11	112148634	112148635	-	0.999992	Prob	0.511111	58	G	GAGAG	ok
chr16	69330080	69330081	-	0.999543	Prob	0.5	34	G	GCGGC	ok
chr22	23957898	23957899	-	0.999997	Prob	0.612903	45	G	CCGTC	ok
chr8	144423708	144423709	-	0.999984	Prob	0.627119	115	G	GTGAG	ok
chr4	121683418	121683419	-	0.999543	Prob	0.5625	114	G	GAGCC	ok
chr11	4127237	4127238	+	0.999984	Prob	0.445783	236	C	GGCTC	ok
chr3	52235055	52235056	-	0.99999	Prob	0.666667	33	G	CCGCA	ok
chr12	48830005	48830006	-	0.999543	Prob	0.5	58	G	ATGAC	ok
chr5	141319413	141319414	-	0.999032	Prob	0.5	44	G	ATGGC	ok
chr12	6527825	6527826	+	0.99999	Prob	0.52381	29	C	GGCAA	ok
chr7	5905125	5905126	+	0.999543	Prob	0.333333	52	C	GACCT	ok
chr16	28713996	28713997	+	0.999543	Prob	0.612245	76	C	TCCTG	ok
chr11	62885335	62885336	+	0.999997	Prob	0.409091	628	C	GGCAA	ok
chr1	155738199	155738200	+	0.999543	Prob	0.625	222	C	AACGC	ok
chr1	154212592	154212593	-	0.999984	Prob	0.590909	264	G	CGGGG	ok
chr2	237098024	237098025	+	0.999997	Prob	0.6875	46	C	TCCTG	ok
chr19	34368644	34368645	+	0.999997	Prob	0.533333	109	C	GGCAA	ok
chr6	34877891	34877892	-	0.999997	Prob	0.72	50	G	GAGTA	ok
chr1	228148860	228148861	+	0.999543	Prob	0.416667	501	C	ACCCA	ok
chr1	193059301	193059302	-	0.99999	Prob	0.5	70	G	CAGCT	ok
chr1	156137149	156137150	+	0.999997	Prob	0.45	310	C	CCCTA	ok
chr1	95072846	95072847	-	0.999997	Prob	0.525424	62	G	TAGGA	ok
chr1	77696313	77696314	-	0.999997	Prob	0.681818	45	G	AAGTT	ok
chr9	129626232	129626233	+	0.999997	Prob	0.45	93	C	GCCGC	ok
chr1	33010050	33010051	-	0.999997	Prob	0.625	150	G	TGGAA	ok
chr6	33279832	33279833	-	0.999997	Prob	0.652174	69	G	GGGTC	ok
chr1	10461558	10461559	-	0.999996	Prob	0.617647	36	G	GAGAT	ok
chr9	35685098	35685099	-	0.999992	Prob	0.539326	169	G	CTGGT	ok
chr2	27313058	27313059	-	0.999543	Prob	0.53125	49	G	CCGCC	ok
chr5	69351981	69351982	-	0.999032	Prob	0.454545	122	G	GTGTT	ok
chr3	58429793	58429794	-	0.999997	Prob	0.588235	169	G	ATGTG	ok
chr2	199961799	199961800	+	0.999997	Prob	0.608696	44	C	ATCCT	ok
chr6	44254233	44254234	-	0.999997	Prob	0.347826	104	G	GGGCA	ok
chr16	57429127	57429128	-	0.999997	Prob	0.591398	153	G	AGGAG	ok
chr12	43802423	43802424	-	0.999997	Prob	0.7	26	G	CAGGA	ok
chr6	29943533	29943534	+	0.99999	Prob	0.520833	179	C	TGCAG	ok
chr11	63633094	63633095	-	0.999984	Prob	0.4	26	G	GTGGC	ok
chr19	38932522	38932523	+	0.999543	Prob	0.826087	242	C	TGCTG	ok
chr2	68042787	68042788	-	0.999543	Prob	0.520833	93	G	AAGAA	ok
chr1	20652340	20652341	-	0.999997	Prob	0.617021	71	G	TTGCC	ok
chr3	186784460	186784461	+	0.999997	Prob	0.5	89	C	CCCCG	ok
chr12	109088409	109088410	-	0.999543	Prob	0.653846	75	G	AAGTC	ok
chr19	55279420	55279421	-	0.999996	Prob	0.428571	46	G	GAGGA	ok
chr16	56935291	56935292	+	0.999997	Prob	0.459459	56	C	GTCTC	ok
chr2	86171224	86171225	-	0.99999	Prob	0.428571	52	G	TGGGT	ok
chr3	53226852	53226853	-	0.999997	Prob	0.433962	830	G	GGGTC	ok
chr2	27381312	27381313	-	0.999997	Prob	0.463415	151	G	AAGTT	ok
chr22	43166944	43166945	-	0.999996	Prob	0.6	80	G	TAGGT	ok
chr1	109412169	109412170	-	0.999543	Prob	0.583333	593	G	TAGGT	ok
chr22	21001341	21001342	-	0.999997	Prob	0.571429	51	G	TGGCC	ok
chr5	181243840	181243841	-	0.999032	Prob	0.626866	1587	G	TGGCA	ok
chr8	97775925	97775926	+	0.999997	Prob	0.592593	118	C	GGCAG	ok
chr4	88521364	88521365	-	0.999997	Prob	0.510638	104	G	CAGCA	ok
chr2	105360985	105360986	-	0.999997	Prob	0.571429	87	G	GAGAG	ok
chr8	144107137	144107138	+	0.999997	Prob	0.676471	160	C	ATCCA	ok
chr16	3662890	3662891	-	0.999543	Prob	0.460317	381	G	TTGGT	ok
chr12	54287021	54287022	+	0.99999	Prob	0.611111	52	C	AGCTG	ok
chr12	98549795	98549796	+	0.999543	Prob	0.45	68	C	TACAC	ok
chr16	57428555	57428556	-	0.999997	Prob	0.636364	120	G	AAGAT	ok
chr17	81843361	81843362	-	0.999997	Prob	0.470588	577	G	AGGAG	ok
chr22	43163079	43163080	+	0.999997	Prob	0.640625	543	C	GGCCT	ok
chr19	12924741	12924742	-	0.999997	Prob	0.563636	218	G	GTGGC	ok
chr19	50506260	50506261	-	0.999992	Prob	0.421053	61	G	CCGCC	ok
chr20	58994868	58994869	+	0.999984	Prob	0.578947	165	C	CTCTG	ok
chr1	175010205	175010206	+	0.999543	Prob	0.531915	526	C	GGCAA	ok
chr2	232521863	232521864	+	0.99999	Prob	0.538462	86	C	GCCAG	ok
chr7	95405048	95405049	-	0.999997	Prob	0.45	208	G	CAGTT	ok
chrx	77905227	77905228	+	0.999997	Prob	0.483871	1135	C	GGCAG	ok
chr17	49705194	49705195	-	0.999997	Prob	0.56	76	G	AAGGG	ok
chr17	16439627	16439628	+	0.999997	Prob	0.571429	143	C	TGCCC	ok
chr7	5527780	5527781	-	0.999992	Prob	0.511111	781	G	CCGGA	ok
chr1	32231217	32231218	+	0.999032	Prob	0.603175	319	C	GGCGT	ok
chr9	125238801	125238802	-	0.99999	Prob	0.464286	342	G	CGGGC	ok
chr11	62888411	62888412	+	0.999997	Prob	0.5	779	C	TGCAT	ok
chr17	68125476	68125477	+	0.99999	Prob	0.727273	25	C	GACTT	ok
chr3	39407663	39407664	+	0.999543	Prob	0.539683	3302	C	AGCCC	ok
chr1	17028691	17028692	-	0.999996	Prob	0.516129	292	G	TAGAG	ok
chr1	7781128	7781129	+	0.999996	Prob	0.62963	45	C	TTCCA	ok
chr7	6023963	6023964	-	0.999997	Prob	0.481481	59	G	CAGAT	ok
chr22	38682015	38682016	+	0.999997	Prob	0.444444	100	C	ACCCC	ok
chr14	22922445	22922446	-	0.999997	Prob	0.608696	190	G	CAGAG	ok
chr7	101206323	101206324	-	0.999997	Prob	0.5	30	G	AGGTC	ok
chr1	109229556	109229557	+	0.999997	Prob	0.517857	73	C	CCCAT	ok
chr12	55819134	55819135	+	0.999997	Prob	0.6	119	C	TTCCT	ok
chr19	36150100	36150101	+	0.999997	Prob	0.583333	132	C	CCCAC	ok
chr20	62307382	62307383	+	0.999997	Prob	0.409091	120	C	GGCCC	ok
chr20	44203060	44203061	-	0.999997	Prob	0.576923	35	G	CAGAG	ok
chr18	57601125	57601126	-	0.999992	Prob	0.521127	93	G	TTGAT	ok
chr16	87869106	87869107	-	0.999997	Prob	0.483871	39	G	GAGCT	ok
chr19	35637462	35637463	+	0.999997	Prob	0.588235	71	C	CCCCA	ok
chr2	135922823	135922824	-	0.99999	Prob	0.487179	43	G	ATGCA	ok
chr16	8848066	8848067	+	0.999032	Prob	0.681818	30	C	CACCC	ok
chr8	70644209	70644210	-	0.999543	Prob	0.5	37	G	ATGTG	ok
chr7	55955268	55955269	+	0.999997	Prob	0.425926	63	C	GTCCA	ok
chr21	32602351	32602352	-	0.999543	Prob	0.578313	102	G	TGGAG	ok
chr12	52900038	52900039	-	0.999997	Prob	0.506173	639	G	GAGAT	ok
chr3	52075500	52075501	-	0.999997	Prob	0.434783	29	G	TAGGA	ok
chr16	23679244	23679245	+	0.999997	Prob	0.611111	22	C	TTCAC	ok
chr11	70206469	70206470	+	0.999543	Prob	0.470588	42	C	TCCTG	ok
chr5	138934150	138934151	+	0.999997	Prob	0.479167	108	C	CACTC	ok
chr4	158715602	158715603	-	0.999543	Prob	0.487179	49	G	ATGAC	ok
chr4	83284613	83284614	-	0.999997	Prob	0.615385	72	G	CGGCT	ok
chr8	27606410	27606411	-	0.999997	Prob	0.615385	120	G	CAGGT	ok
chr14	23098566	23098567	+	0.999032	Prob	0.511628	49	C	TCCCA	ok
chr17	28578398	28578399	-	0.999997	Prob	0.393939	49	G	CTGGA	ok
chr12	53253871	53253872	+	0.999996	Prob	0.366667	42	C	AGCCT	ok
chr12	117056844	117056845	-	0.999997	Prob	0.6	37	G	TGGGG	ok
chr19	44992959	44992960	+	0.999543	Prob	0.407407	45	C	CTCGC	ok
chr5	34911587	34911588	-	0.999992	Prob	0.52381	74	G	TTGTA	ok
chr2	27367188	27367189	-	0.999997	Prob	0.6	31	G	AAGTT	ok
chr2	55866794	55866795	-	0.999543	Prob	0.611111	116	G	AGGAA	ok
chr5	178210912	178210913	+	0.99999	Prob	0.685185	188	C	GCCTG	ok
chr19	5693433	5693434	-	0.99999	Prob	0.384615	86	G	CTGCG	ok
chr6	159775223	159775224	+	0.999543	Prob	0.583333	55	C	TGCAG	ok
chr6	134169559	134169560	-	0.999997	Prob	0.47619	219	G	GGGCA	ok
chr1	149900675	149900676	+	0.999997	Prob	0.55814	57	C	TGCTC	ok
chr10	103590458	103590459	+	0.999997	Prob	0.641975	82	C	CTCTT	ok
chr10	100364366	100364367	+	0.99999	Prob	0.47619	69	C	TTCTG	ok
chr20	62139868	62139869	-	0.999996	Prob	0.533333	874	G	GGGCC	ok
chrx	119870974	119870975	-	0.999997	Prob	0.466667	31	G	CCGAA	ok
chr9	136993380	136993381	+	0.999997	Prob	0.5	118	C	CCCGG	ok
chr20	44942566	44942567	-	0.999997	Prob	0.547945	89	G	AGGAG	ok
chr6	36871748	36871749	-	0.99999	Prob	0.608696	27	G	ATGAA	ok
chr6	33280977	33280978	-	0.999997	Prob	0.589744	44	G	GTGGC	ok
chr10	22316460	22316461	+	0.999543	Prob	0.632653	65	C	GGCGG	ok
chr11	43343849	43343850	+	0.999032	Prob	0.6	46	C	TTCTA	ok
chr17	7627626	7627627	-	0.999984	Prob	0.517241	55	G	ACGGA	ok
chr13	27440293	27440294	-	0.999997	Prob	0.5	50	G	TTGCA	ok
chr3	123491989	123491990	-	0.999997	Prob	0.52381	21	G	ACGAT	ok
chr2	202238517	202238518	-	0.999997	Prob	0.430769	103	G	CCGGG	ok
chrx	129926325	129926326	+	0.999984	Prob	0.538462	112	C	CGCAG	ok
chr19	54191797	54191798	+	0.999997	Prob	0.540541	104	C	ACCCG	ok
chr1	38864207	38864208	-	0.99999	Prob	0.567568	40	G	AAGAT	ok
chr22	31104910	31104911	-	0.999543	Prob	0.444444	184	G	GCGCT	ok
chr2	28927604	28927605	+	0.999997	Prob	0.590909	25	C	TTCTG	ok
chr19	12924675	12924676	-	0.999984	Prob	0.526316	226	G	AGGTG	ok
chr3	179588087	179588088	+	0.999997	Prob	0.52	147	C	ACCAT	ok
chr2	197488414	197488415	-	0.999992	Prob	0.578947	502	G	CAGCA	ok
chr3	179580910	179580911	+	0.999032	Prob	0.612903	112	C	GCCAA	ok
chr1	46316715	46316716	+	0.999997	Prob	0.608696	1112	C	GGCTG	ok
chr14	105488765	105488766	+	0.999543	Prob	0.615385	44	C	CTCAG	ok
chr17	41691409	41691410	+	0.999992	Prob	0.536585	309	C	TCCAA	ok
chr6	116571578	116571579	+	0.99999	Prob	0.626506	144	C	GCCAC	ok
chr3	149741640	149741641	-	0.999543	Prob	0.6	40	G	TTGTG	ok
chr2	74958734	74958735	+	0.999984	Prob	0.5	43	C	TGCTG	ok
chr1	241508771	241508772	-	0.999984	Prob	0.6	184	G	AAGTA	ok
chr5	181243718	181243719	-	0.999543	Prob	0.614035	1741	G	CGGGA	ok
chr5	131159422	131159423	-	0.999996	Prob	0.428571	1395	G	AAGAG	ok
chr8	53967945	53967946	-	0.999543	Prob	0.731707	67	G	CAGAA	ok
chr11	47622711	47622712	-	0.999997	Prob	0.590909	310	G	TAGCA	ok
chr17	28352957	28352958	-	0.99999	Prob	0.522727	53	G	TGGAT	ok
chr12	120444739	120444740	-	0.999997	Prob	0.571429	47	G	TCGAA	ok
chr12	49559295	49559296	-	0.999543	Prob	0.517241	109	G	AGGGT	ok
chr16	30068914	30068915	+	0.999997	Prob	0.490566	514	C	CCCTC	ok
chr8	144263369	144263370	-	0.999997	Prob	0.619048	35	G	CAGAG	ok
chr17	68043920	68043921	+	0.999997	Prob	0.586957	378	C	GCCGT	ok
chr19	36114029	36114030	-	0.999997	Prob	0.515152	206	G	CTGTG	ok
chr19	17863194	17863195	+	0.999997	Prob	0.310345	4102	C	TGCCC	ok
chr9	137243019	137243020	+	0.999997	Prob	0.442857	474	C	TGCCC	ok
chr9	128288909	128288910	+	0.999996	Prob	0.315789	94	C	TCCAA	ok
chr8	85217445	85217446	-	0.999997	Prob	0.333333	98	G	CTGGC	ok
chr12	11171414	11171415	+	0.999997	Prob	0.484848	35	C	GACAC	ok
chr1	119737229	119737230	+	0.999997	Prob	0.761905	434	C	TTCGT	ok
chr10	124789054	124789055	-	0.999997	Prob	0.5	33	G	AGGAA	ok
chr7	5527883	5527884	-	0.999032	Prob	0.456522	714	G	GAGCA	ok
chr12	6965514	6965515	-	0.999992	Prob	0.576923	539	G	AAGGG	ok
chr22	19968861	19968862	+	0.999997	Prob	0.590909	308	C	GGCCT	ok
chr17	81512789	81512790	-	0.999997	Prob	0.727273	377	G	GCGGC	ok
chr8	73956001	73956002	-	0.999997	Prob	0.371429	344	G	TTGAC	ok
chr3	49357265	49357266	-	0.999543	Prob	0.6	284	G	GTGGT	ok
chr8	144107250	144107251	+	0.999997	Prob	0.555556	174	C	TGCCT	ok
chr17	44352175	44352176	+	0.999997	Prob	0.461538	118	C	CACAC	ok
chr7	107918058	107918059	+	0.999997	Prob	0.552239	118	C	GACCA	ok
chr19	49014549	49014550	+	0.999997	Prob	0.565217	241	C	ATCGT	ok
chr11	16755887	16755888	+	0.999992	Prob	0.341463	125	C	TCCCA	ok
chr2	27374746	27374747	+	0.999032	Prob	0.416667	77	C	TGCTT	ok
chr2	69904615	69904616	+	0.999997	Prob	0.422222	72	C	AACAT	ok
chr7	128758995	128758996	+	0.999543	Prob	0.65	49	C	TGCAC	ok
chr22	17598258	17598259	-	0.99999	Prob	0.478873	103	G	TTGTA	ok
chr18	57602384	57602385	-	0.999543	Prob	0.59375	75	G	GGGTC	ok
chr13	44436579	44436580	-	0.999997	Prob	0.543478	94	G	TTGGT	ok
chr15	80989651	80989652	-	0.99999	Prob	0.631579	33	G	GAGGT	ok
chr12	53040421	53040422	+	0.999997	Prob	0.537037	63	C	TGCCA	ok
chr2	135922815	135922816	-	0.999543	Prob	0.263158	43	G	CAGCA	ok
chr16	69749214	69749215	-	0.999997	Prob	0.596491	63	G	CAGCA	ok
chr6	5404597	5404598	+	0.999543	Prob	0.571429	45	C	CGCTC	ok
chr2	222624338	222624339	-	0.999997	Prob	0.55	48	G	CTGCA	ok
chr17	7578971	7578972	+	0.999997	Prob	0.576471	302	C	AACAC	ok
chr5	171387853	171387854	+	0.999032	Prob	0.5	1072	C	TCCCT	ok
chr17	28714690	28714691	-	0.999997	Prob	0.586207	263	G	TTGCT	ok
chr3	57584444	57584445	-	0.999997	Prob	0.4	70	G	TTGCC	ok
chr14	93203593	93203594	-	0.999997	Prob	0.735294	47	G	ATGCT	ok
chr3	33014204	33014205	-	0.999996	Prob	0.6	74	G	GTGTC	ok
chr4	83284529	83284530	-	0.999997	Prob	0.607143	74	G	CCGCA	ok
chr2	3556887	3556888	-	0.999997	Prob	0.588235	53	G	CTGTG	ok
chr2	26279156	26279157	+	0.999997	Prob	0.431373	71	C	CTCCA	ok
chr9	108940877	108940878	+	0.999543	Prob	0.695652	25	C	AACGT	ok
chr3	49027795	49027796	-	0.999997	Prob	0.5	276	G	CCGGC	ok
chr16	28723196	28723197	+	0.999996	Prob	0.653846	76	C	GCCGA	ok
chr19	38305141	38305142	-	0.999996	Prob	0.65625	123	G	CTGTA	ok
chr5	176392540	176392541	-	0.999543	Prob	0.647059	60	G	CAGGA	ok
chr17	78214732	78214733	+	0.999997	Prob	0.53125	108	C	GCCCA	ok
chr11	57407360	57407361	-	0.999997	Prob	0.485714	188	G	GAGAG	ok
chr19	34400321	34400322	+	0.999997	Prob	0.565789	243	C	CACGG	ok
chr6	34880320	34880321	-	0.999997	Prob	0.5	32	G	GCGGC	ok
chr1	201876526	201876527	+	0.999984	Prob	0.666667	26	C	CACTG	ok
chr1	159782350	159782351	+	0.999997	Prob	0.5	128	C	TACCC	ok
chr1	155134041	155134042	+	0.999997	Prob	0.619048	56	C	TCCAC	ok
chr6	106279729	106279730	-	0.999996	Prob	0.619048	49	G	ATGTT	ok
chrx	153455619	153455620	-	0.99999	Prob	0.52381	51	G	TGGCA	ok
chr1	63636343	63636344	+	0.999032	Prob	0.552239	113	C	GTCCG	ok
chr9	129006806	129006807	+	0.999996	Prob	0.459459	45	C	GCCAC	ok
chr11	62885595	62885596	+	0.999543	Prob	0.633333	708	C	GCCCT	ok
chr13	36168339	36168340	-	0.999997	Prob	0.344828	32	G	AGGAA	ok
chr10	3133211	3133212	+	0.999543	Prob	0.529412	124	C	AGCTG	ok
chr4	169753734	169753735	-	0.999997	Prob	0.558824	36	G	CAGGT	ok
chr8	143993207	143993208	+	0.999997	Prob	0.481481	49	C	CTCCT	ok
chr11	34888374	34888375	-	0.999997	Prob	0.368421	39	G	GAGAA	ok
chr17	3669262	3669263	+	0.99999	Prob	0.625	283	C	GCCAC	ok
chr17	76720389	76720390	-	0.999984	Prob	0.552632	61	G	CTGGA	ok
chr8	49074061	49074062	+	0.999543	Prob	0.666667	67	C	GTCCA	ok
chr17	81933001	81933002	-	0.999997	Prob	0.703704	215	G	AGGTT	ok
chr16	2771939	2771940	-	0.999997	Prob	0.565217	76	G	AGGCA	ok
chr16	89959133	89959134	+	0.99999	Prob	0.6	107	C	TTCAG	ok
chr7	100095424	100095425	-	0.99999	Prob	0.52	182	G	GGGGG	ok
chr19	55265919	55265920	-	0.99999	Prob	0.62963	69	G	GGGGC	ok
chr12	121318336	121318337	-	0.999997	Prob	0.647059	239	G	TTGGA	ok
chr16	89562981	89562982	+	0.999997	Prob	0.56	5737	C	TTCGG	ok
chr14	105488675	105488676	+	0.99999	Prob	0.444444	48	C	CCCAT	ok
chr13	106567951	106567952	-	0.999997	Prob	0.727273	63	G	CAGGC	ok
chr10	86963137	86963138	+	0.999996	Prob	0.444444	142	C	TGCTG	ok
chr6	35469393	35469394	+	0.999997	Prob	0.567568	2114	C	CTCCC	ok
chr5	891778	891779	-	0.999997	Prob	0.52	76	G	CTGAG	ok
chr4	25929565	25929566	+	0.999032	Prob	0.586957	53	C	TTCTG	ok
chr5	82276497	82276498	-	0.999997	Prob	0.521739	3668	G	TTGGC	ok
chr8	143022154	143022155	+	0.99999	Prob	0.576923	311	C	CACGT	ok
chr12	16037161	16037162	+	0.999997	Prob	0.689655	118	C	TCCTG	ok
chr11	65855371	65855372	-	0.999997	Prob	0.615385	1237	G	CTGCC	ok
chr8	143581071	143581072	-	0.999543	Prob	0.875	440	G	GTGGC	ok
chr2	63605280	63605281	+	0.999997	Prob	0.464789	310	C	GACTG	ok
chr12	67312765	67312766	+	0.999984	Prob	0.52381	96	C	GGCTA	ok
chr12	49273290	49273291	+	0.999997	Prob	0.59375	609	C	GTCTA	ok
chr15	77046671	77046672	-	0.999984	Prob	0.73913	181	G	AGGTA	ok
chr16	57432520	57432521	-	0.999997	Prob	0.551724	131	G	GGGTC	ok
chr17	81843696	81843697	-	0.999997	Prob	0.578947	452	G	GAGGC	ok
chr19	12924227	12924228	-	0.999997	Prob	0.607843	253	G	AAGAC	ok
chr19	50506047	50506048	-	0.999992	Prob	0.576923	59	G	GGGGT	ok
chr1	165768709	165768710	-	0.999997	Prob	0.541667	101	G	GAGAT	ok
chr8	97775897	97775898	+	0.999992	Prob	0.513514	113	C	GGCCG	ok
chr6	87085617	87085618	-	0.999543	Prob	0.545455	31	G	CTGCA	ok
chr6	34421792	34421793	-	0.999997	Prob	0.655172	4949	G	TCGCT	ok
chr17	49706997	49706998	-	0.999997	Prob	0.583333	61	G	TTGAA	ok
chr17	16441812	16441813	+	0.999997	Prob	0.604167	601	C	TTCCA	ok
chr2	177215594	177215595	+	0.999543	Prob	0.619048	378	C	AGCTT	ok
chr17	39204655	39204656	+	0.99999	Prob	0.560976	3992	C	CCCAC	ok
chr9	125238800	125238801	-	0.999543	Prob	0.375	342	G	ACGGG	ok
chr19	50797780	50797781	-	0.999997	Prob	0.636364	321	G	TGGTG	ok
chr17	2593851	2593852	+	0.99999	Prob	0.619048	54	C	TCCCC	ok
chr12	2799241	2799242	+	0.999996	Prob	0.528736	121	C	CCCAG	ok
chr1	7780599	7780600	+	0.99999	Prob	0.666667	26	C	AGCTG	ok
chr17	4959426	4959427	-	0.999984	Prob	0.5	53	G	TAGGA	ok
chr22	32399682	32399683	-	0.999996	Prob	0.520833	98	G	GTGCT	ok
chr19	12806624	12806625	+	0.999997	Prob	0.470588	108	C	CCCGC	ok
chr17	28346882	28346883	+	0.999997	Prob	0.6	41	C	GGCCT	ok
chr5	10680167	10680168	-	0.999996	Prob	0.689655	36	G	GAGAC	ok
chr1	109235332	109235333	+	0.999997	Prob	0.474359	108	C	TGCCC	ok
chr2	136115513	136115514	-	0.999997	Prob	0.458333	40	G	ACGAT	ok
chr19	33401791	33401792	-	0.999997	Prob	0.565217	48	G	CAGTG	ok
chr3	125498077	125498078	-	0.999997	Prob	0.368421	48	G	GTGGC	ok
chr7	87199022	87199023	-	0.999997	Prob	0.777778	62	G	ATGTT	ok
chr9	35813524	35813525	-	0.99999	Prob	0.616667	93	G	AGGGG	ok
chr14	77718108	77718109	-	0.99999	Prob	0.432432	54	G	TTGCC	ok
chr16	57460712	57460713	+	0.999032	Prob	0.634921	105	C	AACCT	ok
chr2	86505759	86505760	-	0.999543	Prob	0.458333	43	G	CAGCT	ok
chr5	175959781	175959782	-	0.999997	Prob	0.705882	55	G	GGGGC	ok
chr22	32485127	32485128	+	0.999997	Prob	0.483871	58	C	AGCTG	ok
chr19	48330475	48330476	+	0.999543	Prob	0.535714	104	C	CCCCG	ok
chr4	121820578	121820579	-	0.999032	Prob	0.52381	49	G	AAGTT	ok
chr7	151215015	151215016	-	0.999997	Prob	0.5625	34	G	CTGCC	ok
chr3	186804642	186804643	-	0.999997	Prob	0.510638	81	G	TGGCA	ok
chr15	78166273	78166274	+	0.999997	Prob	0.615385	60	C	TGCGT	ok
chr11	61299527	61299528	-	0.999997	Prob	0.531915	145	G	AAGAA	ok
chr11	67065948	67065949	+	0.999997	Prob	0.703704	36	C	GGCAA	ok
chr4	83269953	83269954	-	0.999997	Prob	0.5625	74	G	TAGCA	ok
chr1	154988804	154988805	+	0.999997	Prob	0.518519	71	C	CGCTG	ok
chr2	26279246	26279247	+	0.999997	Prob	0.672727	76	C	CTCTC	ok
chr12	57772019	57772020	-	0.999543	Prob	0.6	26	G	CCGGT	ok
chr6	30724913	30724914	+	0.999992	Prob	0.5	345	C	ATCTC	ok
chr12	53253766	53253767	+	0.999996	Prob	0.75	39	C	GCCCA	ok
chr21	42873571	42873572	-	0.99999	Prob	0.5	47	G	ATGGT	ok
chr22	38991343	38991344	+	0.999997	Prob	0.475	48	C	TTCTC	ok
chr4	24527962	24527963	-	0.999543	Prob	0.589286	98	G	ATGAT	ok
chr5	163444825	163444826	+	0.999997	Prob	0.511111	56	C	CACAG	ok
chr2	174075390	174075391	-	0.999997	Prob	0.55	116	G	TTGGA	ok
chr17	78214306	78214307	+	0.999997	Prob	0.609375	92	C	GGCGG	ok
chr20	44907668	44907669	+	0.999543	Prob	0.64	56	C	ATCTT	ok
chr10	43386479	43386480	-	0.99999	Prob	0.470588	283	G	TTGCA	ok
chr20	56468687	56468688	+	0.999997	Prob	0.521739	52	C	TCCCG	ok
chr10	69207888	69207889	+	0.999543	Prob	0.583333	48	C	ACCTC	ok
chr1	228457302	228457303	-	0.999997	Prob	0.634146	43	G	GGGTG	ok
chr1	220094219	220094220	+	0.999997	Prob	0.407895	82	C	TGCGT	ok
chr1	154924822	154924823	-	0.999543	Prob	0.552239	81	G	AGGAT	ok
chr1	119741773	119741774	+	0.999992	Prob	0.609756	497	C	TCCCT	ok
chr10	99403492	99403493	-	0.999997	Prob	0.558442	84	G	TAGAG	ok
chr1	63638762	63638763	+	0.999992	Prob	0.506494	123	C	AGCAA	ok
chr9	129829224	129829225	-	0.999543	Prob	0.552632	44	G	CCGTG	ok
chr6	37483161	37483162	-	0.999997	Prob	0.57732	115	G	GTGCT	ok
chr9	121181442	121181443	-	0.999997	Prob	0.576923	34	G	CCGGC	ok
chr11	112088995	112088996	+	0.999997	Prob	0.466667	115	C	CACTC	ok
chr9	83972960	83972961	-	0.999984	Prob	0.6	209	G	GTGGT	ok
chr9	33255287	33255288	-	0.999984	Prob	0.65	503	G	GTGTC	ok
chr6	4119213	4119214	-	0.999997	Prob	0.519231	244	G	AAGTG	ok
chr2	10784105	10784106	-	0.99999	Prob	0.52	290	G	CTGTT	ok
chr17	82019216	82019217	-	0.99999	Prob	0.5	388	G	AGGAG	ok
chr5	171391730	171391731	+	0.999543	Prob	0.511905	1881	C	AACAC	ok
chr11	57407510	57407511	-	0.999543	Prob	0.744186	173	G	TGGAG	ok
chr17	7254762	7254763	+	0.999997	Prob	0.466667	83	C	TGCCA	ok
chr16	89562356	89562357	+	0.999997	Prob	0.565789	5714	C	CACCC	ok
chr2	55233396	55233397	+	0.999997	Prob	0.633333	5216	C	GGCCA	ok
chr2	200822155	200822156	+	0.999543	Prob	0.512195	99	C	ATCTG	ok
chr16	89959259	89959260	+	0.999543	Prob	0.512195	105	C	AGCCA	ok
chr7	100094272	100094273	-	0.99999	Prob	0.5	200	G	CTGCT	ok
chr19	55262520	55262521	-	0.999992	Prob	0.5625	78	G	GCGAT	ok
chr2	218264584	218264585	-	0.999997	Prob	0.6	71	G	ACGTG	ok
chr3	22382613	22382614	+	0.99999	Prob	0.518519	27	C	TACCG	ok
chr7	1738939	1738940	-	0.999996	Prob	0.468085	56	G	GAGGG	ok
chr7	106093041	106093042	-	0.999997	Prob	0.6	93	G	TTGTG	ok
chr7	5527840	5527841	-	0.999997	Prob	0.538462	765	G	AGGAT	ok
chr1	186371037	186371038	-	0.999997	Prob	0.391304	63	G	TTGAT	ok
chr3	129301997	129301998	+	0.999997	Prob	0.541667	103	C	GACTT	ok
chr5	177511640	177511641	-	0.999997	Prob	0.695652	91	G	AAGAG	ok
chr5	10254157	10254158	+	0.99999	Prob	0.424242	751	C	GGCAG	ok
chr11	61964650	61964651	-	0.99999	Prob	0.426471	5317	G	AAGGA	ok
chr8	145053349	145053350	+	0.999543	Prob	0.585366	99	C	TGCCC	ok
chr11	65720295	65720296	-	0.999997	Prob	0.52381	147	G	AAGGG	ok
chr16	3662050	3662051	-	0.999984	Prob	0.460317	392	G	CTGCT	ok
chr12	26956634	26956635	+	0.99999	Prob	0.428571	40	C	ATCAG	ok
chr14	21211228	21211229	-	0.99999	Prob	0.62963	619	G	GAGTC	ok
chr15	72199113	72199114	-	0.999997	Prob	0.46875	1481	G	AAGGT	ok
chr16	28735187	28735188	+	0.999997	Prob	0.487805	210	C	AGCCA	ok
chr19	36125772	36125773	+	0.999992	Prob	0.45	130	C	GACGA	ok
chr19	1597841	1597842	-	0.999996	Prob	0.514286	79	G	GTGTG	ok
chr19	17273992	17273993	+	0.999997	Prob	0.464286	95	C	TGCAC	ok
chr1	154261075	154261076	+	0.999997	Prob	0.483871	101	C	CCCAG	ok
chr1	119743989	119743990	+	0.999997	Prob	0.45	694	C	GCCTG	ok
chr1	108648761	108648762	-	0.999997	Prob	0.647059	125	G	GAGAG	ok
chr1	156136091	156136092	+	0.99999	Prob	0.545455	189	C	TACCG	ok
chr3	49359218	49359219	-	0.999997	Prob	0.527273	487	G	GAGAG	ok
chr3	49359334	49359335	-	0.999032	Prob	0.5	500	G	GAGAC	ok
chr10	43386031	43386032	-	0.999997	Prob	0.414634	262	G	AAGTC	ok
chr1	35189290	35189291	-	0.999992	Prob	0.40625	58	G	CTGTT	ok
chr17	2593968	2593969	+	0.999543	Prob	0.5	78	C	GACGG	ok
chrx	49113527	49113528	-	0.999997	Prob	0.5	32	G	GAGGA	ok
chr17	4959423	4959424	-	0.999032	Prob	0.533333	53	G	TGGTA	ok
chr14	22920864	22920865	-	0.999997	Prob	0.636364	212	G	CTGAA	ok
chr7	94004228	94004229	-	0.999996	Prob	0.581395	51	G	GAGAG	ok
chr17	64499889	64499890	-	0.999996	Prob	0.64	433	G	ATGAA	ok
chr2	27373877	27373878	+	0.99999	Prob	0.527778	66	C	CCCAC	ok
chr19	36142652	36142653	+	0.999997	Prob	0.592593	43	C	GCCCC	ok
chrx	24071701	24071702	+	0.999997	Prob	0.61194	81	C	CACTG	ok
chr14	70584808	70584809	-	0.999996	Prob	0.368421	33	G	CAGTA	ok
chr9	35813707	35813708	-	0.99999	Prob	0.5625	87	G	TTGGG	ok
chr14	77751431	77751432	-	0.999984	Prob	0.434783	49	G	TGGAT	ok
chr1	112671123	112671124	+	0.99999	Prob	0.575758	84	C	TACTA	ok
chr3	156542327	156542328	-	0.999543	Prob	0.5	42	G	TTGGA	ok
chr3	45011315	45011316	+	0.999997	Prob	0.64	87	C	GACAG	ok
chr16	69741977	69741978	-	0.999997	Prob	0.5	97	G	AAGCA	ok
chr2	135755525	135755526	+	0.999984	Prob	0.477273	52	C	TGCTA	ok
chr16	10769174	10769175	+	0.999997	Prob	0.518519	36	C	ACCCG	ok
chr21	44128343	44128344	+	0.99999	Prob	0.55	28	C	TACCT	ok
chr16	46671823	46671824	-	0.99999	Prob	0.612903	75	G	TTGAA	ok
chr5	138930594	138930595	+	0.999997	Prob	0.533333	53	C	GACAT	ok
chr4	158717129	158717130	-	0.999543	Prob	0.44	57	G	TTGTG	ok
chr1	43359815	43359816	+	0.999997	Prob	0.487805	113	C	GCCAG	ok
chr7	1153084	1153085	-	0.999996	Prob	0.53125	40	G	TGGTG	ok
chr11	755917	755918	+	0.999543	Prob	0.678161	176	C	CCCGT	ok
chr9	137189950	137189951	+	0.999997	Prob	0.561404	132	C	CTCAG	ok
chr2	85644973	85644974	+	0.999997	Prob	0.4	39	C	GTCTG	ok
chr1	32334624	32334625	-	0.99999	Prob	0.458333	52	G	GTGTA	ok
chr22	31420369	31420370	+	0.999543	Prob	0.538462	111	C	ACCCC	ok
chr17	51154353	51154354	+	0.999997	Prob	0.666667	37	C	GACAG	ok
chr19	44992957	44992958	+	0.99999	Prob	0.517241	45	C	CCCTC	ok
chr5	34911768	34911769	-	0.999032	Prob	0.607143	101	G	GGGTA	ok
chr20	10413905	10413906	-	0.999997	Prob	0.512195	116	G	AAGCT	ok
chr1	154212484	154212485	-	0.999992	Prob	0.555556	283	G	TAGCC	ok
chr1	36287053	36287054	+	0.999543	Prob	0.541667	59	C	TCCTC	ok
chr3	160400854	160400855	+	0.999997	Prob	0.4	37	C	CACTG	ok
chr1	233671662	233671663	+	0.999543	Prob	0.636364	32	C	GTCTT	ok
chr1	211669132	211669133	-	0.999997	Prob	0.6	41	G	TTGCT	ok
chr1	182843333	182843334	+	0.999997	Prob	0.514286	97	C	TTCCA	ok
chr20	63521684	63521685	+	0.999997	Prob	0.622951	79	C	ACCCG	ok
chr1	77092086	77092087	-	0.999997	Prob	0.538462	41	G	GGGGA	ok
chr9	136993905	136993906	+	0.999997	Prob	0.511628	119	C	GCCTG	ok
chrx	107650950	107650951	+	0.999997	Prob	0.6	88	C	AACTG	ok
chr9	129006296	129006297	+	0.999543	Prob	0.521739	34	C	TGCGG	ok
chr9	37492705	37492706	+	0.999997	Prob	0.6	26	C	TACAG	ok
chr12	49324003	49324004	+	0.999997	Prob	0.648148	143	C	GTCAA	ok
chr5	69351909	69351910	-	0.99999	Prob	0.533333	118	G	TGGAG	ok
chr10	1041475	1041476	-	0.999997	Prob	0.488889	94	G	GTGTT	ok
chr3	9843938	9843939	-	0.99999	Prob	0.560606	105	G	CAGGC	ok
chr2	199956148	199956149	+	0.999997	Prob	0.538462	40	C	AACCC	ok
chrx	132075629	132075630	+	0.999997	Prob	0.35	85	C	TGCAT	ok
chr11	34888810	34888811	-	0.999997	Prob	0.638889	38	G	TCGAT	ok
chr16	2253464	2253465	-	0.999997	Prob	0.581081	222	G	GAGAG	ok
chr8	144099118	144099119	-	0.999997	Prob	0.666667	28	G	GGGGC	ok
chr22	38484054	38484055	-	0.999997	Prob	0.64	35	G	GTGGT	ok
chr12	51243512	51243513	+	0.999543	Prob	0.622642	123	C	CTCAT	ok
chr12	53039666	53039667	+	0.99999	Prob	0.484848	181	C	CACCT	ok
chr17	77500032	77500033	+	0.999032	Prob	0.454545	156	C	TCCTG	ok
chr3	50289557	50289558	-	0.999997	Prob	0.540541	132	G	TTGTG	ok
chr7	44565853	44565854	-	0.999997	Prob	0.553191	200	G	TTGGA	ok
chr12	110373937	110373938	-	0.999997	Prob	0.62963	43	G	AGGGG	ok
chr17	51155659	51155660	+	0.99999	Prob	0.64	806	C	GCCAA	ok
chr16	89561714	89561715	+	0.99999	Prob	0.518519	5658	C	CCCAG	ok
chr22	37678559	37678560	+	0.999032	Prob	0.6	1064	C	CGCCA	ok
chr3	51993798	51993799	-	0.99999	Prob	0.611111	2205	G	TGGAA	ok
chr9	19376591	19376592	-	0.999543	Prob	0.592593	6082	G	CTGCA	ok
chr17	51166867	51166868	+	0.99999	Prob	0.489796	1640	C	GCCGG	ok
chr5	33461666	33461667	+	0.999997	Prob	0.565217	237	C	AGCAA	ok
chr8	97776000	97776001	+	0.999997	Prob	0.5625	127	C	CGCCC	ok
chr4	88523638	88523639	-	0.999997	Prob	0.703704	73	G	CGGAC	ok
chr11	85634222	85634223	+	0.999997	Prob	0.863636	183	C	TCCAT	ok
chr11	47565801	47565802	+	0.999984	Prob	0.513514	106	C	AGCCG	ok
chr11	62888350	62888351	+	0.999997	Prob	0.6	767	C	GGCTC	ok
chr10	17229577	17229578	+	0.999997	Prob	0.567901	217	C	CTCTA	ok
chr12	56712466	56712467	-	0.999997	Prob	0.454545	1895	G	TAGAA	ok
chr14	24138494	24138495	+	0.999996	Prob	0.304348	250	C	TGCAC	ok
chr16	30065889	30065890	+	0.99999	Prob	0.5625	203	C	TGCCG	ok
chr17	81512750	81512751	-	0.999997	Prob	0.54	407	G	ACGGC	ok
chr17	82236039	82236040	+	0.999032	Prob	0.708333	35	C	CACAG	ok
chr19	12944376	12944377	+	0.999543	Prob	0.7	434	C	TCCCC	ok
chr18	46087385	46087386	-	0.999543	Prob	0.529412	517	G	TTGTC	ok
chr20	58994711	58994712	+	0.99999	Prob	0.555556	154	C	TCCAG	ok
chr17	37056667	37056668	+	0.999997	Prob	0.433333	64	C	ATCGC	ok
chr1	231277644	231277645	+	0.999997	Prob	0.8	61	C	TACTC	ok
chr11	73977931	73977932	-	0.999992	Prob	0.45	25	G	CCGAT	ok
chr7	103363428	103363429	+	0.999997	Prob	0.818182	201	C	CCCAT	ok
chr11	65456326	65456327	+	0.999997	Prob	0.484848	42	C	AGCGC	ok
chr1	35191370	35191371	-	0.99999	Prob	0.478261	51	G	TTGTT	ok
chr16	55499	55500	+	0.999996	Prob	0.516484	224	C	TACGG	ok
chr6	42208210	42208211	-	0.999997	Prob	0.34	62	G	CTGGA	ok
chr19	12677208	12677209	-	0.999997	Prob	0.475	52	G	CAGGT	ok
chr19	3053307	3053308	-	0.999997	Prob	0.416667	72	G	TGGAA	ok
chr11	18407201	18407202	+	0.99999	Prob	0.647059	1493	C	GACTC	ok
chr5	10680460	10680461	-	0.999984	Prob	0.769231	30	G	GGGGC	ok
chr1	109229446	109229447	+	0.999997	Prob	0.54902	68	C	GACTC	ok
chr2	136115282	136115283	-	0.999997	Prob	0.535714	49	G	AGGAT	ok
chr2	69895137	69895138	+	0.999997	Prob	0.435897	75	C	GGCGC	ok
chr19	47750975	47750976	+	0.999997	Prob	0.533333	37	C	GGCCA	ok
chrx	24068033	24068034	+	0.999996	Prob	0.581081	83	C	ACCAA	ok
chr12	47967213	47967214	+	0.999997	Prob	0.557143	238	C	TTCTG	ok
chr6	30626291	30626292	+	0.999996	Prob	0.534884	130	C	AACCC	ok
chr12	124777948	124777949	-	0.999996	Prob	0.478261	78	G	GGGGG	ok
chr22	41607297	41607298	-	0.999997	Prob	0.516129	37	G	AAGAA	ok
chr17	39989915	39989916	+	0.99999	Prob	0.555556	30	C	TACCT	ok
chr12	56226395	56226396	+	0.999997	Prob	0.625	69	C	CACTG	ok
chr19	49499686	49499687	+	0.999997	Prob	0.560976	998	C	TCCCA	ok
chr4	82460748	82460749	+	0.999997	Prob	0.37931	64	C	ACCAG	ok
chr11	62833003	62833004	-	0.999997	Prob	0.65625	88	G	GAGCT	ok
chr15	59124828	59124829	+	0.999996	Prob	0.506024	109	C	AACTC	ok
chr1	53214680	53214681	-	0.999543	Prob	0.473684	29	G	GGGTG	ok
chr4	121668035	121668036	-	0.999543	Prob	0.607143	112	G	TTGAA	ok
chr18	21629637	21629638	+	0.999997	Prob	0.560976	50	C	GTCTT	ok
chr17	78223803	78223804	+	0.999543	Prob	0.47619	129	C	CTCAT	ok
chr11	47618454	47618455	-	0.99999	Prob	0.315789	23	G	TTGTT	ok
chr14	93203738	93203739	-	0.999997	Prob	0.575	48	G	CTGTT	ok
chr19	10259698	10259699	+	0.999997	Prob	0.606061	148	C	CTCTG	ok
chr8	116771625	116771626	+	0.99999	Prob	0.428571	29	C	CTCAA	ok
chr16	8859312	8859313	-	0.99999	Prob	0.438776	120	G	GGGAG	ok
chr19	58551600	58551601	-	0.999992	Prob	0.47619	124	G	TGGTA	ok
chr8	27605281	27605282	-	0.999997	Prob	0.59375	130	G	CGGTC	ok
chr17	43640564	43640565	-	0.999997	Prob	0.578947	59	G	GTGGG	ok
chrx	136878043	136878044	-	0.99999	Prob	0.604938	107	G	TGGTT	ok
chr3	186786166	186786167	+	0.999543	Prob	0.433333	103	C	TCCAA	ok
chr1	154273919	154273920	+	0.999997	Prob	0.533333	284	C	CCCAA	ok
chr6	30723921	30723922	+	0.999032	Prob	0.565217	954	C	GCCGG	ok
chr8	97722878	97722879	+	0.999543	Prob	0.37037	43	C	AGCCT	ok
chr9	98011295	98011296	+	0.99999	Prob	0.527778	48	C	GACGA	ok
chr1	155738191	155738192	+	0.99999	Prob	0.545455	221	C	TCCTA	ok
chr17	78225034	78225035	+	0.999997	Prob	0.526316	48	C	AGCTG	ok
chr21	25607425	25607426	-	0.999543	Prob	0.613636	120	G	GTGCG	ok
chr10	43386276	43386277	-	0.99999	Prob	0.5	308	G	CAGGG	ok
chr12	12826042	12826043	+	0.999992	Prob	0.538462	128	C	CTCCG	ok
chr1	6264427	6264428	-	0.999997	Prob	0.521739	49	G	GTGTG	ok
chr1	211745136	211745137	-	0.999997	Prob	0.72	27	G	CAGAT	ok
chr6	143863488	143863489	+	0.999543	Prob	0.5	29	C	TGCTG	ok
chr6	112100811	112100812	+	0.999543	Prob	0.347826	31	C	GTCTG	ok
chr1	112701586	112701587	-	0.999984	Prob	0.535714	233	G	GAGGC	ok
chr10	100356693	100356694	+	0.999997	Prob	0.409091	23	C	CTCTT	ok
chrx	119871068	119871069	-	0.999997	Prob	0.5625	33	G	TGGGG	ok
chr1	52020504	52020505	-	0.999997	Prob	0.4	67	G	TTGTT	ok
chr10	75235727	75235728	-	0.999997	Prob	0.608696	33	G	ATGGG	ok
chr1	36137847	36137848	-	0.999996	Prob	0.647059	83	G	GGGAT	ok
chr10	56357693	56357694	-	0.999543	Prob	0.642857	77	G	TAGAT	ok
chr6	31268775	31268776	-	0.999997	Prob	0.564706	152	G	TTGCT	ok
chr1	7977702	7977703	+	0.999543	Prob	0.5	740	C	AACAC	ok
chr11	43343836	43343837	+	0.999984	Prob	0.52381	45	C	GCCTG	ok
chr6	3010052	3010053	+	0.99999	Prob	0.522727	201	C	CACCA	ok
chr2	121766929	121766930	+	0.999984	Prob	0.592593	55	C	TTCTT	ok
chr7	116526511	116526512	+	0.99999	Prob	0.540541	40	C	CTCCG	ok
chr6	43225888	43225889	-	0.999997	Prob	0.609756	43	G	AAGGG	ok
chr4	109685289	109685290	+	0.999997	Prob	0.676471	40	C	TTCAG	ok
chr16	28724770	28724771	+	0.999996	Prob	0.368421	108	C	CACAA	ok
chr8	19851935	19851936	+	0.999543	Prob	0.585366	51	C	AACTC	ok
chr2	38745117	38745118	-	0.999997	Prob	0.428571	360	G	GGGTG	ok
chr22	21628294	21628295	-	0.999992	Prob	0.418605	111	G	CAGTG	ok
chr17	7311983	7311984	+	0.999543	Prob	0.586207	396	C	CCCTT	ok
chr7	100092920	100092921	-	0.999996	Prob	0.448276	244	G	AAGCA	ok
chr19	55262588	55262589	-	0.999032	Prob	0.540541	78	G	GGGGC	ok
chr8	143580661	143580662	-	0.999996	Prob	0.45	457	G	TCGTC	ok
chr16	89561306	89561307	+	0.999997	Prob	0.48	5346	C	CCCCA	ok
chr17	32454554	32454555	+	0.999996	Prob	0.405405	148	C	AGCAG	ok
chr1	202005819	202005820	+	0.99999	Prob	0.65	81	C	ATCCC	ok
chr3	23919382	23919383	+	0.999997	Prob	0.675	4220	C	ATCTG	ok
chr17	49405062	49405063	-	0.999997	Prob	0.666667	690	G	CTGGT	ok
chr4	6642357	6642358	+	0.999984	Prob	0.518519	513	C	TACAC	ok
chr4	56448559	56448560	+	0.999997	Prob	0.545455	144	C	ATCCT	ok
chr5	151751719	151751720	-	0.999543	Prob	0.656716	163	G	AGGAC	ok
chr8	144789949	144789950	-	0.999996	Prob	0.590909	4501	G	AGGAT	ok
chr11	123059716	123059717	-	0.999997	Prob	0.433962	1462	G	AAGTC	ok
chr16	3663502	3663503	-	0.999543	Prob	0.529412	345	G	TTGTC	ok
chr22	21621734	21621735	+	0.999997	Prob	0.478261	350	C	CGCAA	ok
chr12	49559296	49559297	-	0.99999	Prob	0.535714	109	G	GGGTG	ok
chr14	24138217	24138218	+	0.999996	Prob	0.526316	237	C	GACCA	ok
chr16	3658215	3658216	-	0.999543	Prob	0.604651	398	G	ATGGC	ok
chr19	1105797	1105798	+	0.999997	Prob	0.607843	915	C	GGCAT	ok
chr17	44320717	44320718	-	0.999997	Prob	0.555556	260	G	TTGAA	ok
chr4	82428158	82428159	-	0.999997	Prob	0.451613	242	G	TTGTG	ok
chr17	37513263	37513264	+	0.999997	Prob	0.486486	69	C	GGCTG	ok
chr11	2944589	2944590	-	0.999997	Prob	0.583333	106	G	CCGTC	ok
chr7	5529585	5529586	-	0.99999	Prob	0.482759	376	G	TCGTC	ok
chr20	10413820	10413821	-	0.999997	Prob	0.4	128	G	ATGGA	ok
chr22	37849477	37849478	+	0.999997	Prob	0.644444	122	C	GTCTG	ok
chr7	42926537	42926538	-	0.999997	Prob	0.575	682	G	CTGTA	ok
chr19	49492012	49492013	+	0.999997	Prob	0.565217	1386	C	GTCAT	ok
chr7	103368108	103368109	+	0.999997	Prob	0.69697	232	C	GACTT	ok
chr14	20476916	20476917	+	0.999997	Prob	0.519231	402	C	CTCGG	ok
chr8	144107091	144107092	+	0.999997	Prob	0.580645	153	C	TCCCA	ok
chr19	39980378	39980379	+	0.999997	Prob	0.544444	151	C	ACCGC	ok
chr22	28795604	28795605	-	0.99999	Prob	0.461538	74	G	AGGCT	ok
chr20	34281089	34281090	-	0.99999	Prob	0.659574	80	G	CTGGG	ok
chr19	36121620	36121621	+	0.999543	Prob	0.732394	114	C	GCCGA	ok
chr17	3664702	3664703	-	0.99999	Prob	0.526316	41	G	AAGGG	ok
chr6	24701468	24701469	+	0.999997	Prob	0.459459	115	C	CACCT	ok
chr2	27370654	27370655	+	0.999543	Prob	0.425	49	C	TGCGG	ok
chr3	128071515	128071516	+	0.999997	Prob	0.6	105	C	AACCA	ok
chr2	176329306	176329307	+	0.999996	Prob	0.515152	45	C	CTCAT	ok
chr13	48076882	48076883	-	0.99999	Prob	0.548387	32	G	AAGCA	ok
chr15	80989681	80989682	-	0.99999	Prob	0.75	33	G	GCGAG	ok
chr14	100262349	100262350	+	0.999997	Prob	0.545455	27	C	ATCAT	ok
chr17	78972169	78972170	-	0.99999	Prob	0.625	44	G	TGGAA	ok
chr11	36278615	36278616	-	0.999032	Prob	0.38	57	G	CAGCT	ok
chr4	7060817	7060818	-	0.999997	Prob	0.589744	59	G	GAGTT	ok
chr5	133991030	133991031	-	0.999997	Prob	0.588235	318	G	TAGTG	ok
chr8	70644211	70644212	-	0.99999	Prob	0.551724	37	G	GTGAT	ok
chr2	38781841	38781842	+	0.999984	Prob	0.582278	117	C	TTCTG	ok
chr14	22771622	22771623	+	0.99999	Prob	0.6	132	C	GACTT	ok
chr7	103367942	103367943	+	0.999996	Prob	0.6	254	C	ATCAG	ok
chr5	77459107	77459108	-	0.999997	Prob	0.533333	46	G	TAGTA	ok
chr17	75017108	75017109	+	0.999997	Prob	0.473118	99	C	CCCTC	ok
chr13	27623379	27623380	+	0.999992	Prob	0.413043	118	C	GACCC	ok
chr15	83010288	83010289	-	0.999997	Prob	0.5625	44	G	ACGCA	ok
chr3	52228732	52228733	-	0.99999	Prob	0.352941	79	G	CTGGG	ok
chr4	158713203	158713204	-	0.999032	Prob	0.511628	49	G	TAGGT	ok
chr12	76863282	76863283	-	0.999543	Prob	0.5	40	G	TTGCA	ok
chr16	69157119	69157120	+	0.999997	Prob	0.5	53	C	TTCAG	ok
chr3	33124526	33124527	+	0.999997	Prob	0.540541	48	C	TGCGA	ok
chr2	85649056	85649057	+	0.999997	Prob	0.409091	62	C	AGCTT	ok
chr10	95263986	95263987	-	0.999997	Prob	0.571429	102	G	TGGCA	ok
chr16	28724456	28724457	+	0.999997	Prob	0.5	102	C	TACAT	ok
chr16	30070195	30070196	+	0.999543	Prob	0.521127	689	C	CTCTA	ok
chr9	122322726	122322727	+	0.99999	Prob	0.382353	63	C	TGCTG	ok
chr11	57409235	57409236	-	0.999997	Prob	0.625	121	G	GAGAC	ok
chr6	27146468	27146469	-	0.999997	Prob	0.42623	78	G	GCGTG	ok
chr12	12829628	12829629	+	0.999996	Prob	0.617021	166	C	ATCAT	ok
chr7	116918005	116918006	+	0.999984	Prob	0.625	93	C	AGCAC	ok
chr1	220147644	220147645	+	0.999997	Prob	0.485714	90	C	AGCTC	ok
chr1	150622506	150622507	-	0.999997	Prob	0.45	74	G	CAGGA	ok
chr1	108648600	108648601	-	0.999996	Prob	0.571429	129	G	CAGGT	ok
chr1	75763253	75763254	+	0.999543	Prob	0.53125	138	C	AACAG	ok
chr9	135945127	135945128	-	0.999997	Prob	0.517241	37	G	CAGCC	ok
chr20	44942321	44942322	-	0.999997	Prob	0.5375	87	G	CGGAG	ok
chr6	36985913	36985914	-	0.999997	Prob	0.446429	103	G	GTGCC	ok
chr20	32848687	32848688	+	0.999032	Prob	0.571429	30	C	ACCTG	ok
chr10	22320079	22320080	+	0.99999	Prob	0.465517	91	C	AGCTG	ok
chrx	44524168	44524169	-	0.999997	Prob	0.545455	42	G	TTGAA	ok
chr7	103341798	103341799	-	0.999543	Prob	0.675676	68	G	GGGAA	ok
chr2	10784250	10784251	-	0.99999	Prob	0.5	297	G	TTGTG	ok
chr11	85634172	85634173	+	0.999997	Prob	0.52	175	C	TTCAA	ok
chr4	108630073	108630074	+	0.999997	Prob	0.514286	41	C	AGCCA	ok
chr16	30069631	30069632	+	0.999984	Prob	0.548387	594	C	GACCG	ok
chr17	3669580	3669581	+	0.999032	Prob	0.647059	281	C	CGCTG	ok
chr1	38864083	38864084	-	0.999543	Prob	0.705882	40	G	CAGGC	ok
chr3	32997012	32997013	-	0.999997	Prob	0.470588	94	G	GGGTA	ok
chr22	37851300	37851301	+	0.999997	Prob	0.586207	126	C	TGCTT	ok
chr3	49359483	49359484	-	0.99999	Prob	0.576923	475	G	GGGAA	ok
chr19	44903470	44903471	+	0.999997	Prob	0.363636	75	C	ACCTC	ok
chr2	63605325	63605326	+	0.999996	Prob	0.605263	329	C	ATCCA	ok
chr16	56932268	56932269	+	0.999997	Prob	0.53125	50	C	AGCCC	ok
chr3	22382614	22382615	+	0.999543	Prob	0.740741	27	C	ACCGA	ok
chr11	123061282	123061283	-	0.999997	Prob	0.55814	1001	G	TAGGT	ok
chr22	39529487	39529488	-	0.999032	Prob	0.52381	244	G	GGGAG	ok
chr1	70228697	70228698	+	0.999997	Prob	0.518519	56	C	TGCTT	ok
chr6	10749204	10749205	+	0.999032	Prob	0.5	687	C	TGCAG	ok
chrx	154400849	154400850	+	0.999996	Prob	0.605634	6472	C	CTCAT	ok
chr9	19376594	19376595	-	0.99999	Prob	0.434783	6078	G	CAGGA	ok
chr17	48895276	48895277	+	0.999997	Prob	0.47619	912	C	GGCTG	ok
chr5	256353	256354	+	0.999997	Prob	0.632653	435	C	CCCGT	ok
chr16	1964593	1964594	-	0.999997	Prob	0.605263	6878	G	CGGGC	ok
chr8	145054887	145054888	+	0.999997	Prob	0.529412	70	C	GCCCT	ok
chr11	119019312	119019313	+	0.999996	Prob	0.619048	71	C	TCCAC	ok
chr14	35317368	35317369	+	0.999997	Prob	0.536585	456	C	ACCAA	ok
chr8	30063836	30063837	-	0.999997	Prob	0.590909	120	G	GTGAT	ok
chr12	49558908	49558909	-	0.999543	Prob	0.774194	125	G	TAGAT	ok
chr16	2155154	2155155	-	0.999997	Prob	0.582278	108	G	CTGAG	ok
chr16	28735289	28735290	+	0.999997	Prob	0.575	214	C	AACGG	ok
chr17	16441703	16441704	+	0.99999	Prob	0.636364	595	C	TACAG	ok
chr19	1440383	1440384	+	0.99999	Prob	0.586207	4679	C	TCCAT	ok
chr19	12928556	12928557	-	0.999997	Prob	0.7	139	G	TCGGA	ok
chr20	58994183	58994184	+	0.999543	Prob	0.479167	148	C	AGCAT	ok
chr8	54063330	54063331	-	0.999543	Prob	0.421053	57	G	ATGAA	ok
chr7	5528518	5528519	-	0.999996	Prob	0.52	549	G	AGGTA	ok
chr12	21644051	21644052	-	0.999997	Prob	0.5	2067	G	TTGCT	ok
chr2	177215761	177215762	+	0.999997	Prob	0.392857	383	C	ACCCC	ok
chr3	133820559	133820560	+	0.999996	Prob	0.631579	64	C	AGCTC	ok
chr17	81843654	81843655	-	0.999997	Prob	0.458333	462	G	CAGAC	ok
chr1	35187031	35187032	-	0.999996	Prob	0.636364	47	G	TGGTT	ok
chr1	52020457	52020458	-	0.999997	Prob	0.424242	70	G	TAGAA	ok
chr7	106090660	106090661	-	0.999996	Prob	0.608696	85	G	CTGTA	ok
chr17	5474769	5474770	-	0.999543	Prob	0.554054	105	G	TGGTG	ok
chr12	98593805	98593806	+	0.99999	Prob	0.583333	39	C	GCCGC	ok
chr15	64989725	64989726	-	0.999997	Prob	0.65625	37	G	ACGAG	ok
chr14	22922775	22922776	-	0.999997	Prob	0.473684	171	G	TGGGG	ok
chr19	36125711	36125712	+	0.999543	Prob	0.591549	128	C	CGCCT	ok
chr17	3663852	3663853	-	0.999543	Prob	0.529412	59	G	TCGTG	ok
chr4	189963169	189963170	+	0.99999	Prob	0.571429	25	C	TTCTG	ok
chr6	43225632	43225633	-	0.999543	Prob	0.544118	254	G	AGGAT	ok
chr2	27441765	27441766	+	0.999997	Prob	0.521739	59	C	TGCCA	ok
chr1	11022396	11022397	+	0.999543	Prob	0.590909	27	C	CACTA	ok
chr1	45013970	45013971	+	0.999997	Prob	0.583333	146	C	CGCTG	ok
chr19	10707338	10707339	+	0.999997	Prob	0.409091	29	C	AGCAG	ok
chrx	24055005	24055006	+	0.999032	Prob	0.590164	77	C	GCCGC	ok
chr18	57601529	57601530	-	0.999543	Prob	0.635135	80	G	TAGAA	ok
chr14	60812106	60812107	+	0.999032	Prob	0.48	30	C	AGCAG	ok
chr12	53040917	53040918	+	0.999997	Prob	0.529412	76	C	GTCAT	ok
chr1	31281461	31281462	-	0.999997	Prob	0.5	37	G	ATGTC	ok
chr7	36453379	36453380	+	0.999997	Prob	0.652174	38	C	ATCTT	ok
chr8	70638580	70638581	-	0.999543	Prob	0.5	45	G	ATGAA	ok
chr14	22766705	22766706	+	0.999032	Prob	0.4	58	C	GGCGA	ok
chr1	85259031	85259032	-	0.999992	Prob	0.347826	28	G	CGGCG	ok
chr3	142820889	142820890	-	0.999543	Prob	0.75	38	G	GAGAG	ok
chr8	103420273	103420274	+	0.999997	Prob	0.571429	80	C	AACTA	ok
chr17	2334530	2334531	-	0.999997	Prob	0.636364	41	G	AGGGT	ok
chr3	52228828	52228829	-	0.99999	Prob	0.5	79	G	GGGCA	ok
chr12	48830143	48830144	-	0.99999	Prob	0.708333	53	G	CTGTT	ok
chr9	127935226	127935227	-	0.999997	Prob	0.535714	110	G	TGGTC	ok
chr19	17425124	17425125	+	0.99999	Prob	0.480519	91	C	TGCTA	ok
chr13	27256504	27256505	+	0.999543	Prob	0.585106	262	C	TTCCC	ok
chr9	137189234	137189235	+	0.999997	Prob	0.630435	109	C	ACCAT	ok
chr2	96277147	96277148	-	0.999997	Prob	0.434783	38	G	GCGAG	ok
chr16	30064466	30064467	+	0.999032	Prob	0.55	124	C	TCCGT	ok
chr5	176392541	176392542	-	0.99999	Prob	0.645161	60	G	AGGAG	ok
chr8	143816716	143816717	-	0.999543	Prob	0.527273	226	G	GCGGT	ok
chr2	237085968	237085969	+	0.999997	Prob	0.606061	42	C	GCCAG	ok
chr10	43387516	43387517	-	0.999984	Prob	0.409091	138	G	TTGTG	ok
chr12	66137988	66137989	-	0.999997	Prob	0.54	89	G	CCGTA	ok
chr12	29340763	29340764	-	0.999032	Prob	0.675	43	G	AGGAT	ok
chr1	228457077	228457078	-	0.999997	Prob	0.387097	40	G	TTGTC	ok
chr1	220102178	220102179	+	0.999997	Prob	0.459459	84	C	TTCGT	ok
chr1	153974759	153974760	-	0.999997	Prob	0.291667	520	G	GCGAA	ok
chr1	149900549	149900550	+	0.999997	Prob	0.5	56	C	GTCCA	ok
chr1	112703034	112703035	-	0.99999	Prob	0.541667	192	G	GAGGA	ok
chr20	63521320	63521321	+	0.999997	Prob	0.5	59	C	TCCCC	ok
chr1	87340150	87340151	+	0.999543	Prob	0.521739	33	C	ATCAA	ok
chr1	54741546	54741547	+	0.999997	Prob	0.583333	34	C	CCCTC	ok
chrx	107649964	107649965	+	0.999997	Prob	0.479167	60	C	TGCAG	ok
chr20	44907565	44907566	+	0.999996	Prob	0.521739	51	C	ATCTA	ok
chr6	36968555	36968556	-	0.999997	Prob	0.478261	246	G	GGGTC	ok
chr20	32850389	32850390	+	0.99999	Prob	0.35	31	C	TTCTG	ok
chr6	29944277	29944278	+	0.999997	Prob	0.37037	212	C	GCCTG	ok
chr11	62672164	62672165	+	0.999997	Prob	0.607143	75	C	TCCGA	ok
chr5	69355684	69355685	-	0.999543	Prob	0.4	110	G	CTGTT	ok
chr3	58428082	58428083	-	0.999997	Prob	0.487805	201	G	GAGGT	ok
chr12	103976973	103976974	+	0.999997	Prob	0.6	40	C	GGCTG	ok
chr5	139364672	139364673	+	0.999996	Prob	0.736842	149	C	AACTA	ok
chr16	30069520	30069521	+	0.99999	Prob	0.518519	552	C	GGCTC	ok
chr11	1947366	1947367	+	0.999997	Prob	0.527473	120	C	GGCGC	ok
chr3	33014169	33014170	-	0.999997	Prob	0.5	80	G	TGGGC	ok
chr2	68042574	68042575	-	0.99999	Prob	0.433962	99	G	AAGAA	ok
chr3	100167743	100167744	+	0.999997	Prob	0.552239	92	C	TCCTA	ok
chr14	20357407	20357408	+	0.999997	Prob	0.45	36	C	GTCAG	ok
chr14	52711105	52711106	+	0.999997	Prob	0.575	105	C	GACAA	ok
chr14	51255013	51255014	+	0.999997	Prob	0.555556	33	C	TTCCA	ok
chr3	23919322	23919323	+	0.999997	Prob	0.423077	4153	C	TCCTG	ok
chr1	111459626	111459627	+	0.999997	Prob	0.45	992	C	TCCAC	ok
chr2	55232843	55232844	+	0.999032	Prob	0.45	5051	C	AACCC	ok
chr7	151055045	151055046	-	0.999997	Prob	0.745098	66	G	CTGGT	ok
chr17	50741725	50741726	+	0.999997	Prob	0.571429	100	C	TGCAA	ok
chr5	134157674	134157675	-	0.999997	Prob	0.541667	801	G	GAGCA	ok
chr11	47565617	47565618	+	0.99999	Prob	0.666667	394	C	GGCCG	ok
chrx	19358975	19358976	+	0.999984	Prob	0.513514	803	C	CTCAA	ok
chr12	67297447	67297448	+	0.999997	Prob	0.588235	48	C	GACCT	ok
chr14	24138387	24138388	+	0.999997	Prob	0.464286	249	C	AGCAG	ok
chr16	29443680	29443681	-	0.999997	Prob	0.5	93	G	CAGCA	ok
chr17	81843261	81843262	-	0.999997	Prob	0.516129	577	G	TTGGC	ok
chr17	58003593	58003594	-	0.999543	Prob	0.648649	93	G	AAGTG	ok
chr19	1440467	1440468	+	0.999997	Prob	0.5	4492	C	CTCAG	ok
chr19	13154684	13154685	+	0.999032	Prob	0.5	49	C	CACGA	ok
chr19	2426882	2426883	-	0.999543	Prob	0.413793	388	G	ATGCG	ok
chr19	49556931	49556932	-	0.999543	Prob	0.510204	84	G	CTGGG	ok
chr7	75042691	75042692	-	0.999997	Prob	0.410256	44	G	GTGTT	ok
chr1	153665237	153665238	-	0.999997	Prob	0.385965	320	G	CAGTT	ok
chr6	63576548	63576549	+	0.999997	Prob	0.571429	141	C	TACTG	ok
chr7	5528605	5528606	-	0.999992	Prob	0.439024	538	G	GTGAC	ok
chr3	9893849	9893850	+	0.999997	Prob	0.483871	100	C	CACAC	ok
chr20	10420629	10420630	-	0.999997	Prob	0.5	115	G	TGGAA	ok
chr5	271800	271801	+	0.99999	Prob	0.517241	688	C	TTCCT	ok
chr7	26193262	26193263	-	0.99999	Prob	0.571429	378	G	TGGTC	ok
chr9	125236326	125236327	-	0.999997	Prob	0.5	570	G	TAGAA	ok
chr6	30723979	30723980	+	0.99999	Prob	0.506494	1024	C	CGCCA	ok
chr11	62885271	62885272	+	0.999997	Prob	0.46875	556	C	GTCTG	ok
chrx	48894113	48894114	-	0.999997	Prob	0.482759	130	G	CAGCC	ok
chr1	156742340	156742341	-	0.99999	Prob	0.517857	135	G	CTGAG	ok
chr7	75888720	75888721	+	0.999997	Prob	0.44	65	C	GTCCG	ok
chr7	100868113	100868114	+	0.999996	Prob	0.55	29	C	TCCCT	ok
chr22	30335675	30335676	-	0.999543	Prob	0.521739	24	G	AAGAC	ok
chr16	57466184	57466185	+	0.999997	Prob	0.574468	48	C	CCCCT	ok
chr7	43647629	43647630	-	0.99999	Prob	0.5	108	G	CTGCA	ok
chr12	6866325	6866326	+	0.999996	Prob	0.578947	73	C	TTCCC	ok
chr2	151271724	151271725	-	0.999997	Prob	0.461538	30	G	TTGTC	ok
chr2	219251296	219251297	-	0.999984	Prob	0.507692	113	G	AAGCC	ok
chr19	1401404	1401405	-	0.999997	Prob	0.5	101	G	GCGGG	ok
chr19	14515451	14515452	-	0.999997	Prob	0.5	78	G	GAGAA	ok
chr6	99369744	99369745	-	0.999032	Prob	0.461538	55	G	TGGTA	ok
chr9	73160361	73160362	+	0.999997	Prob	0.525253	142	C	TTCGT	ok
chr16	87831540	87831541	-	0.999997	Prob	0.347826	65	G	CAGCT	ok
chr16	1788731	1788732	+	0.99999	Prob	0.486486	102	C	AGCCG	ok
chr16	89911117	89911118	+	0.999992	Prob	0.727273	68	C	AACCG	ok
chr12	56229222	56229223	+	0.999997	Prob	0.588235	84	C	TTCTT	ok
chr19	7932713	7932714	-	0.999997	Prob	0.625	54	G	GTGAG	ok
chr8	116658870	116658871	-	0.999992	Prob	0.5	256	G	AGGAG	ok
chr5	97165063	97165064	-	0.999997	Prob	0.371429	37	G	TTGAA	ok
chr21	43094519	43094520	-	0.999997	Prob	0.545455	173	G	GGGCT	ok
chr3	142820891	142820892	-	0.99999	Prob	0.538462	38	G	GAGGG	ok
chr8	103441594	103441595	+	0.999997	Prob	0.4	107	C	ATCAT	ok
chr11	67506601	67506602	-	0.999997	Prob	0.461538	34	G	AGGTG	ok
chr16	75631518	75631519	-	0.999997	Prob	0.474576	127	G	TCGTA	ok
chr2	85543720	85543721	+	0.999992	Prob	0.703704	51	C	CACTT	ok
chr11	64270158	64270159	-	0.999992	Prob	0.826087	37	G	TGGCT	ok
chr10	75231021	75231022	+	0.999997	Prob	0.487805	694	C	ATCAG	ok
chr10	133399590	133399591	+	0.999997	Prob	0.444444	47	C	AACTC	ok
chr19	54124563	54124564	+	0.999543	Prob	0.347826	40	C	CCCAG	ok
chr3	49028770	49028771	-	0.999997	Prob	0.673469	216	G	CAGTG	ok
chr1	45328111	45328112	+	0.999996	Prob	0.5	48	C	TTCTG	ok
chr8	97724955	97724956	+	0.999996	Prob	0.571429	36	C	CCCTG	ok
chr19	38305223	38305224	-	0.999992	Prob	0.52	124	G	GGGAC	ok
chr1	225920399	225920400	-	0.99999	Prob	0.464286	49	G	GGGGC	ok
chr14	24211458	24211459	-	0.999997	Prob	0.72973	67	G	ATGGT	ok
chr5	173163944	173163945	+	0.99999	Prob	0.8	31	C	GGCCC	ok
chr16	31094737	31094738	-	0.99999	Prob	0.571429	152	G	CAGGT	ok
chr8	30653515	30653516	-	0.999997	Prob	0.608696	29	G	AAGAT	ok
chr4	87337246	87337247	-	0.999997	Prob	0.537037	63	G	CTGGT	ok
chr5	138507711	138507712	-	0.999997	Prob	0.538462	44	G	GCGTG	ok
chr16	1938466	1938467	-	0.999997	Prob	0.609195	90	G	GTGAG	ok
chr1	220139051	220139052	+	0.999997	Prob	0.607143	60	C	TTCAA	ok
chr6	117708017	117708018	+	0.999543	Prob	0.333333	25	C	ACCAA	ok
chr1	114567666	114567667	-	0.999997	Prob	0.5	57	G	ATGAT	ok
chr10	100523809	100523810	-	0.999997	Prob	0.612903	433	G	TAGAG	ok
chr1	77759759	77759760	-	0.999997	Prob	0.470588	30	G	AGGGC	ok
chr9	129006536	129006537	+	0.999984	Prob	0.466667	37	C	CGCCG	ok
chr9	35689760	35689761	-	0.999543	Prob	0.518987	123	G	TCGAT	ok
chr2	27212271	27212272	+	0.999992	Prob	0.565217	28	C	GGCCG	ok
chr13	27440075	27440076	-	0.999997	Prob	0.571429	46	G	AGGTT	ok
chr3	58427865	58427866	-	0.999997	Prob	0.571429	157	G	TGGAG	ok
chr2	216125970	216125971	+	0.999032	Prob	0.68	93	C	CACTG	ok
chr16	30069887	30069888	+	0.999992	Prob	0.545455	634	C	GCCAT	ok
chr11	836146	836147	+	0.999543	Prob	0.68	75	C	TGCTT	ok
chr13	106567699	106567700	-	0.99999	Prob	0.6	70	G	GCGCT	ok
chr8	27604356	27604357	-	0.999996	Prob	0.485714	185	G	GTGGC	ok
chr19	58315372	58315373	+	0.999997	Prob	0.478261	26	C	CTCTG	ok
chr12	53038378	53038379	+	0.99999	Prob	0.447368	173	C	AGCTC	ok
chr19	44903289	44903290	+	0.999997	Prob	0.363636	69	C	GACAT	ok
chr7	73303920	73303921	-	0.999997	Prob	0.636364	49	G	AGGGA	ok
chr10	6115578	6115579	+	0.999032	Prob	0.5	69	C	GTCAT	ok
chr3	49359173	49359174	-	0.999997	Prob	0.5	468	G	TAGTT	ok
chr1	109739886	109739887	-	0.999997	Prob	0.605263	287	G	GAGCA	ok
chr22	21621675	21621676	+	0.999997	Prob	0.565217	347	C	TGCCA	ok
chr3	129305073	129305074	+	0.999997	Prob	0.741935	129	C	CCCTT	ok
chr5	1321793	1321794	-	0.999984	Prob	0.521739	75	G	ATGAA	ok
chr8	97852208	97852209	+	0.999997	Prob	0.54878	289	C	TCCTG	ok
chr17	74204129	74204130	+	0.999997	Prob	0.590164	3266	C	AGCCT	ok
chr12	121916393	121916394	+	0.999984	Prob	0.423077	186	C	CCCTG	ok
chr17	28352956	28352957	-	0.999543	Prob	0.55814	53	G	TTGGA	ok
chr12	56725268	56725269	-	0.999997	Prob	0.521739	1213	G	CAGGG	ok
chr14	103519768	103519769	-	0.99999	Prob	0.47619	743	G	GGGCT	ok
chr12	98516021	98516022	+	0.999992	Prob	0.727273	63	C	GCCGC	ok
chr16	28735255	28735256	+	0.999032	Prob	0.72973	212	C	GCCGA	ok
chr22	43162996	43162997	+	0.999997	Prob	0.592593	540	C	CCCGG	ok
chr19	13154560	13154561	+	0.99999	Prob	0.47619	47	C	ATCTA	ok
chr17	78172360	78172361	+	0.999997	Prob	0.583333	210	C	AGCGG	ok
chr19	36114661	36114662	-	0.999997	Prob	0.648649	194	G	GCGTA	ok
chr19	8486363	8486364	+	0.999543	Prob	0.545455	92	C	CTCCT	ok
chr1	175010194	175010195	+	0.99999	Prob	0.468085	522	C	TTCTA	ok
chr17	37512233	37512234	+	0.999997	Prob	0.478261	33	C	GTCTT	ok
chr20	62308823	62308824	+	0.999997	Prob	0.558824	150	C	ACCCA	ok
chr6	43521276	43521277	+	0.999997	Prob	0.564103	94	C	AACTA	ok
chr1	154207536	154207537	-	0.999032	Prob	0.694444	299	G	CTGGA	ok
chr7	76304181	76304182	+	0.999997	Prob	0.530612	762	C	AGCCC	ok
chr19	49490839	49490840	+	0.999032	Prob	0.542553	5178	C	GACGG	ok
chr1	32231326	32231327	+	0.999992	Prob	0.402985	321	C	TACTA	ok
chr11	62885197	62885198	+	0.99999	Prob	0.536232	531	C	AACTC	ok
chr22	25459551	25459552	+	0.999997	Prob	0.469388	87	C	GGCAC	ok
chr17	2593852	2593853	+	0.999543	Prob	0.619048	54	C	CCCCT	ok
chr12	2797794	2797795	+	0.999032	Prob	0.571429	94	C	CACCT	ok
chrx	49115964	49115965	-	0.999997	Prob	0.52	28	G	GTGCT	ok
chr7	100873361	100873362	+	0.999992	Prob	0.517241	121	C	CACTC	ok
chr22	30334647	30334648	-	0.999032	Prob	0.541667	29	G	TTGGC	ok
chr16	74306041	74306042	+	0.999984	Prob	0.5	86	C	ACCAG	ok
chr17	51288134	51288135	+	0.999997	Prob	0.621622	82	C	CTCTG	ok
chr3	124730573	124730574	+	0.999997	Prob	0.346154	42	C	CCCCC	ok
chr2	206774342	206774343	+	0.999996	Prob	0.454545	50	C	ATCTA	ok
chr2	69895206	69895207	+	0.999997	Prob	0.410256	78	C	GACGC	ok
chr19	18920624	18920625	+	0.999984	Prob	0.695652	38	C	AGCAG	ok
chr16	85799385	85799386	-	0.999996	Prob	0.617647	58	G	GGGAC	ok
chr18	57601687	57601688	-	0.99999	Prob	0.557143	80	G	AAGCA	ok
chr15	65577801	65577802	+	0.999997	Prob	0.551724	39	C	CACCC	ok
chr1	112654481	112654482	+	0.999992	Prob	0.730769	34	C	CACGG	ok
chr5	175959931	175959932	-	0.999997	Prob	0.512195	53	G	AAGAC	ok
chr12	56226235	56226236	+	0.999997	Prob	0.689655	68	C	AGCAC	ok
chr19	48330525	48330526	+	0.999032	Prob	0.465753	81	C	GTCCT	ok
chr4	121819469	121819470	-	0.999992	Prob	0.372093	55	G	AAGGA	ok
chr11	112163917	112163918	-	0.999543	Prob	0.512821	53	G	TAGTT	ok
chr16	14895802	14895803	+	0.999997	Prob	0.64	32	C	TGCAC	ok
chr15	65150783	65150784	-	0.999997	Prob	0.52381	27	G	AAGAA	ok
chr12	53989481	53989482	+	0.999997	Prob	0.709677	35	C	TCCTC	ok
chr11	85656412	85656413	+	0.999997	Prob	0.538462	136	C	GACTA	ok
chr2	119438213	119438214	+	0.99999	Prob	0.65	20	C	CACCT	ok
chr3	33826546	33826547	+	0.999543	Prob	0.238095	32	C	TTCAA	ok
chr6	34245692	34245693	+	0.999543	Prob	0.466667	135	C	TCCCC	ok
chr1	154988604	154988605	+	0.999997	Prob	0.64	66	C	GCCTC	ok
chr2	26280037	26280038	+	0.999997	Prob	0.588235	79	C	CACTG	ok
chr22	42514695	42514696	-	0.999996	Prob	0.57971	113	G	CTGGT	ok
chr1	154275171	154275172	+	0.999997	Prob	0.5	302	C	TTCCC	ok
chr22	31426693	31426694	+	0.999543	Prob	0.571429	133	C	TGCCT	ok
chr12	55803656	55803657	-	0.999997	Prob	0.464789	127	G	CTGTG	ok
chr1	26864288	26864289	+	0.999997	Prob	0.606061	90	C	CGCCT	ok
chr1	201483747	201483748	-	0.999996	Prob	0.5	103	G	GTGGA	ok
chr10	73771719	73771720	+	0.999997	Prob	0.541667	92	C	TGCAA	ok
chr17	67340961	67340962	-	0.999992	Prob	0.576923	50	G	GGGTC	ok
chr10	69202491	69202492	+	0.99999	Prob	0.514286	42	C	CTCCC	ok
chr1	241519660	241519661	-	0.999997	Prob	0.625	124	G	AGGCT	ok
chr1	193059317	193059318	-	0.999543	Prob	0.64	63	G	CAGCT	ok
chr6	126340315	126340316	+	0.999543	Prob	0.5125	104	C	AGCGG	ok
chr10	123154941	123154942	+	0.999997	Prob	0.641026	232	C	AGCTG	ok
chr10	102424365	102424366	-	0.999997	Prob	0.586667	108	G	TGGAC	ok
chr1	75724763	75724764	+	0.999984	Prob	0.580645	68	C	TCCGA	ok
chr9	135504449	135504450	+	0.999997	Prob	0.655172	116	C	TCCCT	ok
chr9	129829451	129829452	-	0.99999	Prob	0.46875	32	G	AGGAG	ok
chr1	37574356	37574357	-	0.999997	Prob	0.483871	37	G	AAGTG	ok
chrx	48893811	48893812	-	0.99999	Prob	0.369565	142	G	TGGGG	ok
chr9	37592324	37592325	-	0.999997	Prob	0.785714	42	G	TCGAA	ok
chr9	35689183	35689184	-	0.999032	Prob	0.514286	136	G	CTGGG	ok
chr13	36168716	36168717	-	0.999997	Prob	0.52381	26	G	ATGCT	ok
chr10	3134497	3134498	+	0.999543	Prob	0.563636	141	C	CTCCA	ok
chr17	42564037	42564038	+	0.999997	Prob	0.423077	39	C	AGCCC	ok
chr16	30068961	30068962	+	0.999543	Prob	0.571429	533	C	TGCCA	ok
chr17	3669437	3669438	+	0.999543	Prob	0.530612	292	C	TCCTG	ok
chr17	76718761	76718762	-	0.999992	Prob	0.6	63	G	CAGTC	ok
chr2	28894773	28894774	+	0.999997	Prob	0.657143	24	C	GCCAG	ok
chr19	12924674	12924675	-	0.999032	Prob	0.6	226	G	GAGGT	ok
chr3	179580976	179580977	+	0.999997	Prob	0.622642	115	C	TCCAG	ok
chr7	30497033	30497034	-	0.99999	Prob	0.621622	167	G	AAGTG	ok
chr2	10441644	10441645	-	0.999996	Prob	0.448276	85	G	GCGCT	ok
chr12	110374019	110374020	-	0.999997	Prob	0.538462	40	G	CAGAG	ok
chr22	23894876	23894877	+	0.999997	Prob	0.628571	4917	C	CGCAG	ok
chr7	100154171	100154172	+	0.999997	Prob	0.5	146	C	CACTC	ok
chr17	16441983	16441984	+	0.999996	Prob	0.5	549	C	AACTA	ok
chr16	89560994	89560995	+	0.999543	Prob	0.545455	4861	C	CCCCA	ok
chr1	241504238	241504239	-	0.999996	Prob	0.5	253	G	AAGGC	ok
chr5	177511777	177511778	-	0.999997	Prob	0.521739	94	G	GGGAA	ok
chr6	99543323	99543324	-	0.999997	Prob	0.625	37	G	CTGTC	ok
chr8	145054160	145054161	+	0.999543	Prob	0.575	106	C	GTCTC	ok
chr11	75572284	75572285	+	0.999997	Prob	0.64	103	C	ACCAT	ok
chr4	139290083	139290084	-	0.999997	Prob	0.470588	337	G	ACGGA	ok
chr12	8940960	8940961	-	0.999996	Prob	0.478261	322	G	AAGCT	ok
chr12	122982795	122982796	+	0.99999	Prob	0.653061	296	C	GGCCC	ok
chr12	98601390	98601391	+	0.999997	Prob	0.625	1203	C	CCCGT	ok
chr12	110493013	110493014	-	0.999997	Prob	0.545455	296	G	ATGCC	ok
chr14	103519802	103519803	-	0.999997	Prob	0.62069	738	G	GTGGG	ok
chr15	60352462	60352463	-	0.999543	Prob	0.62963	1047	G	CAGCG	ok
chr16	4509675	4509676	+	0.999997	Prob	0.615385	138	C	TGCTG	ok
chr17	7307698	7307699	+	0.99999	Prob	0.677419	202	C	GGCAG	ok
chr17	82239079	82239080	+	0.999996	Prob	0.5	162	C	GGCTC	ok
chr19	12940563	12940564	+	0.999996	Prob	0.636364	165	C	ATCCC	ok
chr19	49497965	49497966	+	0.999997	Prob	0.564706	2078	C	GACTA	ok
chr19	14565884	14565885	+	0.999997	Prob	0.521739	107	C	TGCTG	ok
chr11	2944815	2944816	-	0.999997	Prob	0.655172	88	G	GGGCT	ok
chr6	43012331	43012332	-	0.999543	Prob	0.52381	147	G	GGGTC	ok
chr4	83284724	83284725	-	0.999997	Prob	0.727273	63	G	CCGCA	ok
chr4	3518142	3518143	-	0.999032	Prob	0.511628	53	G	CTGCC	ok
chr6	63580275	63580276	+	0.999996	Prob	0.545455	226	C	TCCAT	ok
chr7	42917796	42917797	-	0.999997	Prob	0.485714	764	G	CTGTA	ok
chr6	73519375	73519376	-	0.999997	Prob	0.576471	4811	G	CTGTG	ok
chr17	81843974	81843975	-	0.999997	Prob	0.636364	357	G	CCGAG	ok
chr15	64156119	64156120	-	0.999984	Prob	0.533333	941	G	TGGTG	ok
chr2	127389169	127389170	+	0.999992	Prob	0.666667	35	C	CACCT	ok
chr3	39411989	39411990	+	0.999996	Prob	0.75	4605	C	TACTC	ok
chr12	2797792	2797793	+	0.999984	Prob	0.569892	93	C	ATCAC	ok
chr17	5480435	5480436	-	0.999543	Prob	0.65625	90	G	ATGAG	ok
chr16	2153485	2153486	+	0.999997	Prob	0.621622	60	C	CTCCA	ok
chr22	40825190	40825191	-	0.999543	Prob	0.481481	58	G	GAGGT	ok
chr15	41332545	41332546	-	0.999997	Prob	0.477273	45	G	CAGCG	ok
chr19	12875784	12875785	-	0.999997	Prob	0.52381	62	G	TGGTT	ok
chr2	27440662	27440663	+	0.999997	Prob	0.35	44	C	GTCAC	ok
chr2	9456970	9456971	+	0.999543	Prob	0.3	38	C	CTCTG	ok
chr3	197778430	197778431	+	0.99999	Prob	0.652174	33	C	CCCCT	ok
chr19	34421556	34421557	+	0.999543	Prob	0.425	65	C	CCCTA	ok
chr12	69370917	69370918	+	0.999997	Prob	0.6875	45	C	AACAA	ok
chr19	10577200	10577201	-	0.999997	Prob	0.527778	88	G	GGGAA	ok
chr20	62307672	62307673	+	0.999997	Prob	0.607143	143	C	TCCAG	ok
chr17	67743760	67743761	+	0.999997	Prob	0.545455	42	C	AGCTC	ok
chr20	23354291	23354292	+	0.999997	Prob	0.615385	49	C	AGCCA	ok
chr8	30063390	30063391	-	0.999997	Prob	0.474576	135	G	AAGTG	ok
chr18	57601359	57601360	-	0.999032	Prob	0.583333	87	G	TTGGA	ok
chr7	44570864	44570865	-	0.99999	Prob	0.5	63	G	GAGAT	ok
chr14	60798117	60798118	+	0.99999	Prob	0.545455	31	C	GTCTA	ok
chr15	65577948	65577949	+	0.999997	Prob	0.560976	42	C	CACTT	ok
chr19	49447828	49447829	-	0.999997	Prob	0.455696	112	G	CCGGA	ok
chr16	57460707	57460708	+	0.999984	Prob	0.565217	105	C	CACAT	ok
chr17	2042186	2042187	+	0.999997	Prob	0.678571	48	C	CCCGG	ok
chr22	41620935	41620936	-	0.999997	Prob	0.473684	27	G	AGGGG	ok
chr19	16191643	16191644	+	0.999997	Prob	0.43956	108	C	CACAG	ok
chr1	28233018	28233019	-	0.999997	Prob	0.464286	41	G	ACGTG	ok
chr4	48833446	48833447	+	0.999997	Prob	0.52	68	C	TTCGC	ok
chr3	156541747	156541748	-	0.999032	Prob	0.607143	33	G	ATGCA	ok
chr5	33453300	33453301	+	0.99999	Prob	0.457831	133	C	GCCGA	ok
chr22	30427240	30427241	+	0.99999	Prob	0.744186	64	C	GGCTC	ok
chr12	49763738	49763739	+	0.999543	Prob	0.46875	77	C	GTCCC	ok
chr16	69748965	69748966	-	0.999997	Prob	0.5	75	G	GGGAC	ok
chr19	47209317	47209318	+	0.999996	Prob	0.416667	56	C	TCCTT	ok
chr1	153977668	153977669	-	0.999984	Prob	0.580645	123	G	GCGTC	ok
chr8	20221503	20221504	+	0.999997	Prob	0.658537	62	C	CTCTG	ok
chr16	30084833	30084834	+	0.999997	Prob	0.5	73	C	GTCGG	ok
chr16	10768012	10768013	+	0.999997	Prob	0.541667	35	C	GCCTA	ok
chr16	69328923	69328924	-	0.999984	Prob	0.4375	59	G	ATGCG	ok
chr9	136792947	136792948	+	0.999997	Prob	0.304348	44	C	TCCTC	ok
chr16	66823285	66823286	-	0.999997	Prob	0.491228	104	G	TTGTC	ok
chr1	85259431	85259432	-	0.999984	Prob	0.3	98	G	GCGAG	ok
chr4	82426069	82426070	-	0.999997	Prob	0.506173	310	G	CTGGT	ok
chr3	128638063	128638064	-	0.999997	Prob	0.607143	38	G	CAGGA	ok
chr4	173332037	173332038	-	0.999997	Prob	0.5	97	G	GAGCA	ok
chr5	77433265	77433266	-	0.999997	Prob	0.555556	52	G	ATGAT	ok
chr9	33443779	33443780	-	0.999543	Prob	0.517241	36	G	CAGCG	ok
chr16	46662455	46662456	-	0.999992	Prob	0.531915	127	G	CTGAT	ok
chr12	120129490	120129491	-	0.999997	Prob	0.567568	39	G	CAGAC	ok
chr5	133076839	133076840	+	0.999543	Prob	0.477273	50	C	ATCTC	ok
chr3	33021616	33021617	-	0.999032	Prob	0.52	47	G	GAGGG	ok
chr16	56832331	56832332	+	0.999996	Prob	0.461538	41	C	CTCCC	ok
chr1	43359304	43359305	+	0.999997	Prob	0.471698	88	C	CGCAA	ok
chr15	88465616	88465617	-	0.999997	Prob	0.569892	104	G	TAGAA	ok
chr15	65579186	65579187	-	0.999997	Prob	0.64	77	G	AAGCT	ok
chr2	3545591	3545592	-	0.999997	Prob	0.651163	70	G	ATGTT	ok
chr19	12949143	12949144	+	0.999997	Prob	0.465116	225	C	AGCCG	ok
chr17	38921426	38921427	+	0.999992	Prob	0.566667	86	C	TCCCC	ok
chr14	23097856	23097857	+	0.999996	Prob	0.551724	67	C	TGCCA	ok
chrx	136876559	136876560	-	0.999543	Prob	0.585106	109	G	AGGAG	ok
chr19	52225792	52225793	+	0.999543	Prob	0.428571	214	C	CCCAG	ok
chr2	85648910	85648911	+	0.999997	Prob	0.583333	47	C	GGCCA	ok
chr13	30465890	30465891	-	0.999996	Prob	0.565217	313	G	GAGCG	ok
chr6	30724594	30724595	+	0.999543	Prob	0.62	233	C	TTCCA	ok
chr10	95271777	95271778	-	0.999997	Prob	0.584906	63	G	AGGAG	ok
chr1	19258546	19258547	+	0.999997	Prob	0.623656	102	C	CGCGT	ok
chr17	81845719	81845720	-	0.999996	Prob	0.428571	235	G	TTGCA	ok
chr22	38989489	38989490	+	0.999997	Prob	0.371429	43	C	AACTT	ok
chr22	27854856	27854857	-	0.99999	Prob	0.571429	23	G	CAGTT	ok
chr22	17137793	17137794	-	0.999997	Prob	0.617647	70	G	GTGGG	ok
chr13	113178220	113178221	-	0.999997	Prob	0.578947	96	G	AGGAA	ok
chr22	44163902	44163903	+	0.99999	Prob	0.416667	37	C	GCCTC	ok
chr1	74710146	74710147	-	0.999543	Prob	0.681818	60	G	GGGCT	ok
chr15	67521316	67521317	+	0.999997	Prob	0.522727	44	C	CGCGC	ok
chr1	155738503	155738504	+	0.999984	Prob	0.513514	182	C	TTCCT	ok
chr6	79234666	79234667	-	0.999992	Prob	0.526316	104	G	ACGTA	ok
chr5	176398007	176398008	-	0.99999	Prob	0.631579	40	G	CTGGG	ok
chr15	101642594	101642595	-	0.999543	Prob	0.5	37	G	CCGCC	ok
chr8	143816949	143816950	-	0.999543	Prob	0.615385	193	G	GGGCG	ok
chr11	57407739	57407740	-	0.999997	Prob	0.56	151	G	GTGGT	ok
chr1	165662556	165662557	-	0.999997	Prob	0.491525	75	G	AGGTT	ok
chr8	30578794	30578795	-	0.999997	Prob	0.666667	42	G	TTGTA	ok
chr6	27146551	27146552	-	0.999997	Prob	0.410959	78	G	ATGCG	ok
chr19	14408230	14408231	+	0.999997	Prob	0.714286	50	C	TCCCT	ok
chr1	167722022	167722023	+	0.999997	Prob	0.52381	38	C	CGCGG	ok
chr11	66338247	66338248	-	0.999997	Prob	0.558824	48	G	CCGAT	ok
chr3	138632976	138632977	+	0.999997	Prob	0.636364	83	C	AACCA	ok
chr10	72367481	72367482	-	0.999543	Prob	0.518519	43	G	GAGCT	ok
chr1	6264687	6264688	-	0.999997	Prob	0.666667	48	G	CGGTC	ok
chrx	153861852	153861853	-	0.99999	Prob	0.555556	50	G	AGGCT	ok
chr6	159768513	159768514	+	0.999543	Prob	0.6	51	C	CTCCT	ok
chr6	149771174	149771175	+	0.999997	Prob	0.615385	152	C	ATCAA	ok
chr1	182878111	182878112	+	0.999997	Prob	0.476923	76	C	GGCGA	ok
chr1	156595806	156595807	-	0.999996	Prob	0.534247	124	G	AGGCG	ok
chr1	154924917	154924918	-	0.999543	Prob	0.555556	82	G	GAGTC	ok
chr6	112100684	112100685	+	0.999543	Prob	0.36	32	C	TGCCC	ok
chr1	150625732	150625733	-	0.999997	Prob	0.458333	57	G	TGGTC	ok
chr1	149842374	149842375	-	0.999997	Prob	0.578947	38	G	AAGAC	ok
chr1	109661523	109661524	+	0.999543	Prob	0.47619	32	C	ACCTT	ok
chr10	100348074	100348075	+	0.999997	Prob	0.590909	26	C	TCCTA	ok
chr6	63572535	63572536	+	0.999997	Prob	0.333333	92	C	TGCTC	ok
chr20	62195942	62195943	+	0.999997	Prob	0.478261	27	C	TTCTG	ok
chr1	70145733	70145734	-	0.999543	Prob	0.545455	38	G	ATGTT	ok
chr1	54032219	54032220	-	0.999032	Prob	0.625	197	G	TAGAT	ok
chr10	93528390	93528391	+	0.999992	Prob	0.692308	72	C	TACTG	ok
chr9	135933296	135933297	-	0.999997	Prob	0.511111	58	G	GGGCT	ok
chr1	44767515	44767516	+	0.999997	Prob	0.658537	94	C	TCCCT	ok
chr20	44906445	44906446	+	0.999543	Prob	0.591398	451	C	CTCGT	ok
chr1	36140132	36140133	-	0.999984	Prob	0.53125	60	G	CAGGG	ok
chr6	36968389	36968390	-	0.999997	Prob	0.666667	246	G	TTGAG	ok
chr9	113267359	113267360	-	0.999997	Prob	0.596774	69	G	TGGGA	ok
chr9	105721634	105721635	+	0.99999	Prob	0.565217	32	C	AACTT	ok
chr9	97658686	97658687	+	0.99999	Prob	0.571429	25	C	CTCAG	ok
chrx	48893987	48893988	-	0.99999	Prob	0.407407	132	G	GAGCC	ok
chr1	10472343	10472344	-	0.999997	Prob	0.612903	60	G	GAGGC	ok
chrx	47212859	47212860	+	0.999997	Prob	0.576923	85	C	CACAA	ok
chr2	42350697	42350698	-	0.999997	Prob	0.5625	185	G	ATGAG	ok
chr16	69718490	69718491	-	0.999997	Prob	0.5	178	G	AAGGA	ok
chr6	13814176	13814177	-	0.999997	Prob	0.571429	30	G	CGGGG	ok
chrx	20127059	20127060	-	0.999997	Prob	0.583333	29	G	GGGCT	ok
chr13	36168522	36168523	-	0.999997	Prob	0.590909	28	G	TGGAT	ok
chr6	3152517	3152518	+	0.999997	Prob	0.3	27	C	AACCT	ok
chr2	26192328	26192329	-	0.999032	Prob	0.604651	118	G	CAGCT	ok
chr3	184183834	184183835	+	0.999543	Prob	0.55	293	C	TCCCA	ok
chr19	54201258	54201259	+	0.999997	Prob	0.5	2622	C	CTCGA	ok
chr19	49684787	49684788	+	0.999996	Prob	0.573529	161	C	CACGC	ok
chr2	199963794	199963795	+	0.999997	Prob	0.535714	47	C	CTCAA	ok
chr12	103979917	103979918	+	0.999997	Prob	0.318182	32	C	ATCTG	ok
chr7	116526626	116526627	+	0.999543	Prob	0.282051	81	C	CGCAC	ok
chr17	42564120	42564121	+	0.999997	Prob	0.5	41	C	GTCAG	ok
chr9	125233707	125233708	+	0.999996	Prob	0.48	70	C	TGCTT	ok
chr4	108621980	108621981	+	0.999997	Prob	0.473684	1535	C	ACCGA	ok
chr5	133975879	133975880	-	0.999997	Prob	0.521739	548	G	CAGGC	ok
chr17	28715656	28715657	-	0.999997	Prob	0.5	220	G	TAGTA	ok
chr7	54752327	54752328	-	0.999543	Prob	0.489362	372	G	AGGCA	ok
chr3	48432875	48432876	-	0.999997	Prob	0.518519	52	G	CGGGA	ok
chr2	74167106	74167107	-	0.999997	Prob	0.548387	34	G	CAGCT	ok
chr6	31531305	31531306	-	0.999543	Prob	0.432432	254	G	CTGGG	ok
chr3	10301291	10301292	-	0.999997	Prob	0.75	312	G	CTGAT	ok
chr16	1314045	1314046	+	0.999997	Prob	0.576087	149	C	CCCTC	ok
chr8	19851796	19851797	+	0.999543	Prob	0.543478	57	C	CTCTG	ok
chr20	1392998	1392999	-	0.999997	Prob	0.565217	70	G	ATGGC	ok
chr22	31105013	31105014	-	0.999543	Prob	0.541667	185	G	GGGCG	ok
chr17	81932735	81932736	-	0.999997	Prob	0.576923	276	G	CTGGA	ok
chr7	1567416	1567417	-	0.999997	Prob	0.367347	124	G	CTGCT	ok
chr22	41663714	41663715	+	0.999997	Prob	0.472973	765	C	CACTG	ok
chr2	101004225	101004226	+	0.999997	Prob	0.576271	3491	C	AACTC	ok
chr4	83104909	83104910	-	0.999992	Prob	0.5	562	G	TCGGG	ok
chr12	51243196	51243197	+	0.999543	Prob	0.574468	108	C	TGCAT	ok
chr6	134170373	134170374	-	0.999543	Prob	0.304348	154	G	TGGAG	ok
chr3	48600739	48600740	-	0.999997	Prob	0.59375	425	G	GTGCA	ok
chr12	48653544	48653545	-	0.999996	Prob	0.545455	52	G	AGGAG	ok
chr3	186789228	186789229	+	0.999997	Prob	0.44	161	C	TACAG	ok
chr11	47565852	47565853	+	0.999997	Prob	0.71875	110	C	GTCGG	ok
chr17	63819602	63819603	-	0.99999	Prob	0.47619	52	G	ATGGG	ok
chr12	47964366	47964367	+	0.999992	Prob	0.571429	159	C	CACCG	ok
chr3	40457982	40457983	+	0.99999	Prob	0.649123	2158	C	ATCAG	ok
chr7	73304335	73304336	-	0.999997	Prob	0.730769	43	G	GAGAC	ok
chr7	30497226	30497227	-	0.999543	Prob	0.481481	150	G	ATGCA	ok
chr3	47849074	47849075	+	0.999997	Prob	0.6	72	C	ATCCA	ok
chr3	179580909	179580910	+	0.999984	Prob	0.516129	112	C	TGCCA	ok
chr19	49686124	49686125	+	0.999032	Prob	0.644444	186	C	GACCT	ok
chr7	5527276	5527277	-	0.999997	Prob	0.588235	1156	G	GGGGA	ok
chrx	153934445	153934446	-	0.999996	Prob	0.515464	154	G	TTGCA	ok
chr1	155312333	155312334	+	0.999997	Prob	0.576923	356	C	GCCAA	ok
chr3	9986756	9986757	-	0.999997	Prob	0.62963	70	G	AAGCC	ok
chr10	72275172	72275173	+	0.999997	Prob	0.565217	186	C	CTCAT	ok
chr3	170868171	170868172	-	0.99999	Prob	0.408163	54	G	GAGAA	ok
chr19	49491485	49491486	+	0.999997	Prob	0.513514	5330	C	CACCC	ok
chr1	33024489	33024490	-	0.999997	Prob	0.48	261	G	GAGCC	ok
chr19	16646796	16646797	-	0.999996	Prob	0.590164	180	G	CAGAC	ok
chr1	228147520	228147521	+	0.999997	Prob	0.6	447	C	TGCAG	ok
chr5	892670	892671	-	0.999997	Prob	0.478261	67	G	CGGCG	ok
chr22	21000708	21000709	-	0.999997	Prob	0.5	66	G	TTGGT	ok
chr5	140679793	140679794	-	0.999997	Prob	0.47619	36	G	AGGTC	ok
chr5	230990	230991	+	0.999997	Prob	0.5	194	C	TCCAC	ok
chr4	1339716	1339717	+	0.999992	Prob	0.736842	112	C	GGCTT	ok
chr6	89637313	89637314	-	0.999997	Prob	0.52381	28	G	GAGCT	ok
chr11	10797310	10797311	-	0.999543	Prob	0.490566	319	G	TAGCA	ok
chr11	123059836	123059837	-	0.999997	Prob	0.448276	1399	G	ATGTC	ok
chr2	119367005	119367006	+	0.999984	Prob	0.5	476	C	TCCTC	ok
chr11	62885501	62885502	+	0.999997	Prob	0.595238	660	C	GGCTC	ok
chrx	19355719	19355720	+	0.999996	Prob	0.421053	787	C	GGCAA	ok
chr17	7225206	7225207	+	0.999997	Prob	0.5	148	C	CACTG	ok
chr12	52899990	52899991	-	0.999997	Prob	0.573034	660	G	ATGTC	ok
chr17	7014486	7014487	+	0.999997	Prob	0.333333	232	C	ACCCT	ok
chr14	64926064	64926065	+	0.999543	Prob	0.608696	123	C	ATCAT	ok
chr12	55725832	55725833	-	0.999992	Prob	0.59375	482	G	AAGGG	ok
chr14	74486341	74486342	-	0.999997	Prob	0.5	83	G	GTGAC	ok
chr15	60349161	60349162	-	0.999997	Prob	0.590909	1174	G	ATGAT	ok
chr15	72199546	72199547	-	0.999997	Prob	0.478261	1335	G	GTGCC	ok
chr16	1977184	1977185	+	0.999997	Prob	0.55	37	C	CTCTG	ok
chr17	81843445	81843446	-	0.999997	Prob	0.555556	573	G	AGGCA	ok
chr18	3255881	3255882	+	0.999992	Prob	0.64	387	C	CGCAT	ok
chr17	16441989	16441990	+	0.99999	Prob	0.545455	546	C	TACTA	ok
chr17	39201318	39201319	+	0.999997	Prob	0.566667	3907	C	CCCGT	ok
chr17	68046670	68046671	+	0.999997	Prob	0.672727	430	C	CTCTT	ok
chr19	12940070	12940071	+	0.999997	Prob	0.533333	169	C	CCCTG	ok
chr19	1105224	1105225	+	0.999997	Prob	0.5	765	C	TGCAC	ok
chr17	42834779	42834780	+	0.999543	Prob	0.521739	55	C	ATCTT	ok
chr19	683049	683050	+	0.999997	Prob	0.566038	104	C	ACCAG	ok
chr18	46086246	46086247	-	0.999992	Prob	0.584416	619	G	TGGTA	ok
chr19	18928148	18928149	+	0.999997	Prob	0.5	81	C	AGCGC	ok
chr19	39486191	39486192	+	0.999997	Prob	0.520833	124	C	GCCAC	ok
chr1	175004680	175004681	+	0.999032	Prob	0.666667	427	C	TGCCC	ok
chr17	81681415	81681416	-	0.999997	Prob	0.5	86	G	TAGTC	ok
chr1	119744007	119744008	+	0.99999	Prob	0.582278	695	C	AGCAT	ok
chr1	154212516	154212517	-	0.99999	Prob	0.454545	274	G	GCGTA	ok
chr22	37888475	37888476	+	0.999997	Prob	0.512195	343	C	CACAC	ok
chr6	63581115	63581116	+	0.99999	Prob	0.481481	279	C	TACCA	ok
chr17	44352440	44352441	+	0.999997	Prob	0.547368	132	C	TGCCA	ok
chr12	75504039	75504040	-	0.999032	Prob	0.596154	60	G	CAGAA	ok
chr13	36995551	36995552	-	0.999997	Prob	0.666667	43	G	TGGAG	ok
chr19	6374475	6374476	+	0.999984	Prob	0.536842	129	C	GCCAC	ok
chr2	219251120	219251121	-	0.999996	Prob	0.544304	134	G	TGGTG	ok
chr19	11553164	11553165	-	0.99999	Prob	0.453125	97	G	GGGGC	ok
chr22	17592636	17592637	-	0.99999	Prob	0.53012	119	G	CAGCA	ok
chr2	223966921	223966922	+	0.999997	Prob	0.434783	50	C	GGCTG	ok
chr11	110463023	110463024	+	0.999997	Prob	0.695652	28	C	TTCAA	ok
chr7	16753882	16753883	+	0.99999	Prob	0.511628	55	C	GCCCC	ok
chr8	60517113	60517114	+	0.999997	Prob	0.444444	62	C	GGCGT	ok
chr17	39990172	39990173	+	0.999543	Prob	0.692308	35	C	CACAC	ok
chr15	77052787	77052788	-	0.999997	Prob	0.575758	167	G	GAGGT	ok
chr2	127847545	127847546	-	0.999996	Prob	0.565217	37	G	CTGAG	ok
chr11	57335131	57335132	-	0.999992	Prob	0.586957	57	G	CTGCC	ok
chr3	126960387	126960388	+	0.999543	Prob	0.458333	35	C	GCCTT	ok
chr1	116398736	116398737	+	0.999996	Prob	0.755556	87	C	GACAT	ok
chr17	28717338	28717339	-	0.999997	Prob	0.448276	106	G	TGGAG	ok
chr11	6318970	6318971	-	0.999997	Prob	0.55	29	G	ATGGT	ok
chr5	141625705	141625706	-	0.999997	Prob	0.791667	46	G	TCGAT	ok
chr11	64269940	64269941	-	0.999996	Prob	0.608696	40	G	GCGCA	ok
chr1	43360046	43360047	+	0.999997	Prob	0.493671	118	C	TCCTT	ok
chr7	1158233	1158234	-	0.999032	Prob	0.434783	27	G	ACGCA	ok
chr11	27357538	27357539	-	0.99999	Prob	0.612903	68	G	GAGTG	ok
chr15	72199748	72199749	-	0.999997	Prob	0.575758	1178	G	CGGGC	ok
chr11	66052469	66052470	+	0.999992	Prob	0.548387	48	C	TGCCC	ok
chr19	48382922	48382923	-	0.999997	Prob	0.714286	69	G	TGGGA	ok
chr22	38992478	38992479	+	0.999997	Prob	0.557377	89	C	GACCT	ok
chr8	97722974	97722975	+	0.999032	Prob	0.551724	41	C	TACTA	ok
chr1	62440030	62440031	+	0.999997	Prob	0.44186	67	C	ATCTG	ok
chr1	225919957	225919958	-	0.999992	Prob	0.575758	82	G	AAGAG	ok
chr12	56161539	56161540	+	0.999992	Prob	0.541667	1372	C	TGCCG	ok
chr11	57410111	57410112	-	0.999997	Prob	0.545455	90	G	AAGTG	ok
chr6	27146784	27146785	-	0.999997	Prob	0.483333	72	G	TCGCT	ok
chrx	152736113	152736114	+	0.999997	Prob	0.387097	53	C	AGCAC	ok
chr11	85628680	85628681	+	0.999997	Prob	0.597403	138	C	AGCGC	ok
chr17	76736939	76736940	-	0.999997	Prob	0.510638	147	G	TGGCA	ok
chr10	72367630	72367631	-	0.999543	Prob	0.444444	40	G	TAGAG	ok
chr1	220040194	220040195	-	0.999543	Prob	0.657143	68	G	ATGAA	ok
chr10	103590306	103590307	+	0.999997	Prob	0.558442	96	C	TGCAC	ok
chr6	63572563	63572564	+	0.999997	Prob	0.558824	109	C	GTCTG	ok
chr1	65432228	65432229	+	0.999543	Prob	0.461538	35	C	ACCTT	ok
chr10	93519783	93519784	+	0.99999	Prob	0.54902	59	C	ATCAA	ok
chr1	43388347	43388348	-	0.999992	Prob	0.54717	66	G	ATGAA	ok
chr1	36136759	36136760	-	0.999543	Prob	0.485714	84	G	CAGCT	ok
chr10	56359483	56359484	-	0.999992	Prob	0.619048	34	G	TAGCT	ok
chr1	15428621	15428622	+	0.999032	Prob	0.513514	41	C	TTCGA	ok
chr10	22003411	22003412	-	0.999997	Prob	0.590909	26	G	CCGGC	ok
chr16	69713113	69713114	-	0.999997	Prob	0.58209	209	G	AAGCA	ok
chr6	7414364	7414365	+	0.999997	Prob	0.466667	64	C	CACCA	ok
chr18	6943392	6943393	-	0.999997	Prob	0.634615	85	G	ATGGA	ok
chr2	101006019	101006020	+	0.999997	Prob	0.642857	3341	C	CACCA	ok
chr16	89959015	89959016	+	0.999543	Prob	0.522727	105	C	GACCC	ok
chr7	100095828	100095829	-	0.99999	Prob	0.428571	166	G	CCGGG	ok
chr7	95405005	95405006	-	0.999997	Prob	0.409091	208	G	AGGAA	ok
chr3	49360257	49360258	-	0.999984	Prob	0.484848	410	G	GAGCA	ok
chr19	55659252	55659253	+	0.999992	Prob	0.590909	39	C	CGCTC	ok
chr22	39529380	39529381	-	0.999992	Prob	0.380952	248	G	AGGCT	ok
chr21	43053293	43053294	-	0.999984	Prob	0.52381	77	G	GGGAG	ok
chr1	202005990	202005991	+	0.999984	Prob	0.652174	85	C	ACCTA	ok
chr1	152032710	152032711	-	0.99999	Prob	0.455882	785	G	AAGCC	ok
chr10	86962627	86962628	+	0.999992	Prob	0.62963	125	C	CCCAA	ok
chr3	23919489	23919490	+	0.999997	Prob	0.589744	4062	C	ACCGT	ok
chr7	74196684	74196685	+	0.999997	Prob	0.65	766	C	CCCAG	ok
chr11	112085284	112085285	-	0.999997	Prob	0.481481	169	G	CTGGG	ok
chr4	25929421	25929422	+	0.99999	Prob	0.421053	51	C	TTCAG	ok
chr5	134167203	134167204	-	0.999997	Prob	0.509804	754	G	GAGGA	ok
chr12	16036848	16036849	+	0.999997	Prob	0.758621	113	C	AACTG	ok
chr11	65855108	65855109	-	0.999997	Prob	0.315789	1412	G	AGGAA	ok
chr17	74209264	74209265	+	0.999997	Prob	0.507246	3340	C	CACTG	ok
chr2	110649266	110649267	-	0.999997	Prob	0.432432	95	G	TGGAA	ok
chr12	54287026	54287027	+	0.999543	Prob	0.525	52	C	TTCTG	ok
chr15	60361050	60361051	-	0.999996	Prob	0.727273	795	G	AAGTT	ok
chr16	11837493	11837494	-	0.999032	Prob	0.625	51	G	AGGTG	ok
chr19	12939203	12939204	+	0.999997	Prob	0.6875	193	C	GGCAA	ok
chr19	683131	683132	+	0.999997	Prob	0.4375	109	C	ACCTG	ok
chr19	49211615	49211616	+	0.999032	Prob	0.571429	79	C	GTCCA	ok
chr1	153664099	153664100	-	0.999997	Prob	0.536232	354	G	AAGTC	ok
chr21	29062410	29062411	-	0.999997	Prob	0.574468	442	G	GAGGT	ok
chr17	49703220	49703221	-	0.999997	Prob	0.5	89	G	AGGAT	ok
chr11	73976831	73976832	-	0.999996	Prob	0.5	34	G	GAGGC	ok
chr7	26200596	26200597	-	0.999997	Prob	0.25	276	G	CAGCC	ok
chr17	39201314	39201315	+	0.999032	Prob	0.535714	3907	C	AACTC	ok
chr9	125238610	125238611	-	0.99999	Prob	0.368421	370	G	GAGCA	ok
chr15	64160176	64160177	-	0.99999	Prob	0.553571	767	G	CTGTT	ok
chr15	76311381	76311382	-	0.999997	Prob	0.487805	167	G	TCGGA	ok
chr8	144106842	144106843	+	0.999997	Prob	0.692308	119	C	CACCT	ok
chr7	106091422	106091423	-	0.999032	Prob	0.516129	69	G	CAGTA	ok
chr19	39972196	39972197	+	0.999997	Prob	0.569444	93	C	TCCTG	ok
chr17	4967761	4967762	-	0.999543	Prob	0.526316	27	G	TGGCT	ok
chr19	14563837	14563838	+	0.999997	Prob	0.608696	67	C	AGCTG	ok
chrx	153790216	153790217	-	0.999997	Prob	0.37931	45	G	CAGCA	ok
chr11	18407344	18407345	+	0.999543	Prob	0.585714	1596	C	TGCAT	ok
chr3	51936321	51936322	-	0.999992	Prob	0.409091	24	G	GAGAA	ok
chr17	75232874	75232875	+	0.999997	Prob	0.543478	86	C	AGCCA	ok
chr17	1844594	1844595	+	0.999997	Prob	0.8125	44	C	CACAG	ok
chr11	110462710	110462711	+	0.999997	Prob	0.4	30	C	TACAT	ok
chr15	80979268	80979269	-	0.999992	Prob	0.608696	33	G	CCGAG	ok
chr7	16754011	16754012	+	0.999996	Prob	0.586207	63	C	GCCCT	ok
chr17	78971755	78971756	-	0.999992	Prob	0.516129	71	G	TCGCA	ok
chr1	28232977	28232978	-	0.999997	Prob	0.584416	94	G	CCGCT	ok
chr5	33456006	33456007	+	0.999032	Prob	0.520408	145	C	AACAA	ok
chr1	155062748	155062749	+	0.999543	Prob	0.512821	74	C	TGCAA	ok
chr18	49792201	49792202	-	0.999997	Prob	0.756098	92	G	AAGTT	ok
chr8	143021814	143021815	+	0.999997	Prob	0.507692	250	C	CCCCC	ok
chr2	218249879	218249880	+	0.999997	Prob	0.616667	281	C	CGCGC	ok
chr7	33099356	33099357	-	0.999996	Prob	0.6	28	G	TTGGT	ok
chr19	38304652	38304653	+	0.99999	Prob	0.514286	109	C	AGCAG	ok
chr8	27809688	27809689	-	0.999996	Prob	0.702128	54	G	GGGAA	ok
chr5	135334759	135334760	-	0.999996	Prob	0.769231	174	G	CAGTG	ok
chr3	33046191	33046192	-	0.99999	Prob	0.375	44	G	TAGTC	ok
chr12	76858834	76858835	-	0.999996	Prob	0.617021	55	G	AGGGC	ok
chr19	12957094	12957095	-	0.999997	Prob	0.569892	215	G	TGGCC	ok
chr3	184711025	184711026	-	0.999997	Prob	0.5	23	G	CGGTT	ok
chr10	100986562	100986563	-	0.999997	Prob	0.647059	105	G	CAGAA	ok
chrx	136875501	136875502	-	0.999032	Prob	0.529412	116	G	TGGGG	ok
chr22	42518106	42518107	-	0.999543	Prob	0.415385	69	G	TAGTG	ok
chr6	43018371	43018372	+	0.999543	Prob	0.461538	53	C	CACTC	ok
chr8	145055951	145055952	+	0.999997	Prob	0.488889	134	C	TGCAG	ok
chr1	23962033	23962034	+	0.999997	Prob	0.409091	34	C	TGCAA	ok
chr22	17137919	17137920	-	0.999997	Prob	0.4375	66	G	AGGGA	ok
chr16	30070265	30070266	+	0.999543	Prob	0.547945	686	C	CTCTT	ok
chr12	49566209	49566210	-	0.999997	Prob	0.611111	51	G	CTGAG	ok
chr11	57407853	57407854	-	0.999997	Prob	0.692308	137	G	GTGGA	ok
chr10	43387870	43387871	-	0.99999	Prob	0.380952	117	G	CAGGG	ok
chr5	178210793	178210794	+	0.999543	Prob	0.666667	178	C	CTCTA	ok
chr3	138608787	138608788	+	0.999997	Prob	0.64	11	C	TACTC	ok
chr1	6339457	6339458	-	0.999997	Prob	0.666667	33	G	ACGTT	ok
chr1	219997112	219997113	-	0.99999	Prob	0.479167	81	G	GAGGG	ok
chr1	114575733	114575734	-	0.999997	Prob	0.481481	92	G	AGGGG	ok
chr6	63576458	63576459	+	0.999997	Prob	0.555556	134	C	CACAC	ok
chr1	54741413	54741414	+	0.999997	Prob	0.291667	33	C	TACTT	ok
chr9	128683949	128683950	+	0.999997	Prob	0.380952	47	C	CACCT	ok
chr6	37390965	37390966	+	0.999996	Prob	0.461538	32	C	TTCAC	ok
chr1	20618528	20618529	+	0.999997	Prob	0.47541	97	C	CCCTC	ok
chr1	15429423	15429424	+	0.999997	Prob	0.652174	22	C	GCCAA	ok
chr6	29945513	29945514	+	0.999997	Prob	0.655172	290	C	GACTT	ok
chr11	62888353	62888354	+	0.999543	Prob	0.545455	768	C	TCCCT	ok
chrx	20124741	20124742	-	0.999997	Prob	0.636364	71	G	CAGTT	ok
chr6	2948180	2948181	-	0.999997	Prob	0.622642	405	G	TGGGC	ok
chrx	49584693	49584694	+	0.999996	Prob	0.4375	88	C	ATCCA	ok
chr2	121766936	121766937	+	0.999032	Prob	0.666667	55	C	GACAG	ok
chr5	171400902	171400903	+	0.999992	Prob	0.574468	2407	C	ACCAT	ok
chr16	30068839	30068840	+	0.999543	Prob	0.636364	492	C	CGCTG	ok
chr11	1956535	1956536	+	0.999997	Prob	0.506849	120	C	CGCCC	ok
chr3	32996891	32996892	-	0.999997	Prob	0.4	97	G	TTGGC	ok
chr19	1275595	1275596	+	0.999997	Prob	0.5125	99	C	GGCGC	ok
chr3	48604702	48604703	-	0.999997	Prob	0.47619	212	G	CGGGT	ok
chr3	129171516	129171517	-	0.999997	Prob	0.581395	211	G	GAGAC	ok
chr15	78894148	78894149	+	0.999032	Prob	0.464286	190	C	CACAG	ok
chr19	55265316	55265317	-	0.999543	Prob	0.724138	75	G	TGGCG	ok
chr3	49359412	49359413	-	0.999543	Prob	0.459459	491	G	ATGGG	ok
chr4	98881112	98881113	-	0.999997	Prob	0.709677	39	G	GAGGA	ok
chr12	118031256	118031257	+	0.999996	Prob	0.44	41	C	GACCT	ok
chr9	133349584	133349585	+	0.999996	Prob	0.65	2104	C	CGCTT	ok
chr4	154547039	154547040	-	0.999984	Prob	0.714286	34	G	CTGCC	ok
chr8	30063491	30063492	-	0.99999	Prob	0.586207	132	G	TAGTC	ok
chr11	119018628	119018629	-	0.99999	Prob	0.722222	43	G	GTGTC	ok
chr11	47628958	47628959	-	0.999997	Prob	0.761905	284	G	CTGTC	ok
chr2	119370773	119370774	+	0.999543	Prob	0.722222	707	C	GCCAA	ok
chr12	120212452	120212453	+	0.999997	Prob	0.5625	46	C	TGCAG	ok
chr12	122982897	122982898	+	0.99999	Prob	0.761905	239	C	CCCCC	ok
chr12	56638309	56638310	-	0.999997	Prob	0.48	2013	G	GAGGA	ok
chr17	51166934	51166935	+	0.999997	Prob	0.487179	1874	C	CTCGT	ok
chr16	28734552	28734553	+	0.99999	Prob	0.5	188	C	CGCTG	ok
chr17	63831096	63831097	+	0.999997	Prob	0.5	191	C	TTCAT	ok
chr19	682892	682893	+	0.999997	Prob	0.705882	88	C	GCCGG	ok
chr19	49556932	49556933	-	0.99999	Prob	0.52	84	G	TGGGC	ok
chr1	2402217	2402218	+	0.999992	Prob	0.52	120	C	TACCA	ok
chr11	125584009	125584010	+	0.999032	Prob	0.791667	102	C	ACCTT	ok
chr1	119711982	119711983	+	0.999992	Prob	0.517857	209	C	TACTT	ok
chr4	3518933	3518934	-	0.999543	Prob	0.631579	43	G	CAGGA	ok
chr11	73975050	73975051	-	0.99999	Prob	0.548387	43	G	TCGTT	ok
chr8	108236187	108236188	-	0.999984	Prob	0.458333	300	G	AAGAG	ok
chr22	19968763	19968764	+	0.999997	Prob	0.566667	306	C	CTCTC	ok
chr19	581451	581452	+	0.999996	Prob	0.458333	250	C	GACCA	ok
chr20	2462759	2462760	-	0.999984	Prob	0.375	728	G	ATGCC	ok
chr3	39408622	39408623	+	0.999543	Prob	0.569767	3550	C	ATCTC	ok
chr1	17044794	17044795	-	0.999996	Prob	0.521739	268	G	AGGTT	ok
chr12	16363951	16363952	+	0.999543	Prob	0.52	308	C	CCCAG	ok
chr1	6633016	6633017	+	0.999543	Prob	0.545455	27	C	CTCCG	ok
chr1	11974715	11974716	+	0.999032	Prob	0.695652	30	C	CCCTC	ok
chr14	67589552	67589553	-	0.99999	Prob	0.347826	29	G	AAGAT	ok
chr16	84778974	84778975	+	0.999996	Prob	0.35	36	C	TGCGC	ok
chr17	64502167	64502168	-	0.99999	Prob	0.69863	319	G	TAGAA	ok
chr2	27442147	27442148	+	0.999997	Prob	0.47619	55	C	ATCCC	ok
chr2	69904468	69904469	+	0.999997	Prob	0.470588	65	C	TGCCT	ok
chr19	9848063	9848064	+	0.999997	Prob	0.578947	53	C	GACTT	ok
chr18	59355546	59355547	-	0.999996	Prob	0.571429	40	G	ATGTC	ok
chr9	73170383	73170384	+	0.999997	Prob	0.7	136	C	GTCAC	ok
chr16	87869038	87869039	-	0.999997	Prob	0.483871	34	G	GCGGG	ok
chr17	4944980	4944981	+	0.999997	Prob	0.54717	88	C	CACTG	ok
chr2	86505846	86505847	-	0.99999	Prob	0.571429	43	G	GAGCC	ok
chr5	175968000	175968001	-	0.999997	Prob	0.535714	40	G	TAGGC	ok
chr14	75003079	75003080	+	0.999997	Prob	0.625	30	C	AGCTC	ok
chr19	48330522	48330523	+	0.999984	Prob	0.465753	90	C	CGCGT	ok
chr5	140705959	140705960	+	0.999996	Prob	0.76	28	C	TTCTG	ok
chr11	112163985	112163986	-	0.99999	Prob	0.5	51	G	CTGCA	ok
chr14	22767373	22767374	+	0.999996	Prob	0.346154	67	C	GCCTC	ok
chr8	142700127	142700128	+	0.999997	Prob	0.333333	35	C	AGCCC	ok
chr1	85258679	85258680	-	0.999996	Prob	0.466667	114	G	AGGTG	ok
chr3	170866270	170866271	-	0.999997	Prob	0.522727	141	G	GAGTA	ok
chr4	173333526	173333527	-	0.999997	Prob	0.6	84	G	GAGAA	ok
chr11	47419116	47419117	-	0.999997	Prob	0.48	250	G	CCGCC	ok
chr11	67506778	67506779	-	0.999997	Prob	0.307692	33	G	TAGTG	ok
chr10	32056370	32056371	-	0.999997	Prob	0.470588	66	G	CCGTC	ok
chr1	231000295	231000296	+	0.999543	Prob	0.7	57	C	CACCC	ok
chr5	141319085	141319086	-	0.999996	Prob	0.5	54	G	CAGCC	ok
chr1	154988405	154988406	+	0.999997	Prob	0.478261	54	C	CTCCT	ok
chr2	26277121	26277122	+	0.999997	Prob	0.531915	63	C	CACCA	ok
chr3	186786165	186786166	+	0.99999	Prob	0.516129	103	C	CTCCA	ok
chr12	57231485	57231486	+	0.999984	Prob	0.52	56	C	TTCTG	ok
chr6	3153911	3153912	-	0.999996	Prob	0.485714	67	G	CGGCC	ok
chr14	21211135	21211136	-	0.999997	Prob	0.363636	643	G	AGGGG	ok
chr19	44993167	44993168	+	0.999992	Prob	0.638889	47	C	TGCAG	ok
chr15	67521393	67521394	+	0.999997	Prob	0.540541	49	C	GACCT	ok
chr10	73771852	73771853	+	0.999997	Prob	0.607143	95	C	TCCCA	ok
chr19	34366809	34366810	+	0.999997	Prob	0.490566	101	C	CCCGG	ok
chr7	116918235	116918236	+	0.999992	Prob	0.493333	100	C	CCCAG	ok
chr1	220094431	220094432	+	0.999997	Prob	0.555556	88	C	CCCAT	ok
chr10	131968087	131968088	-	0.999997	Prob	0.529412	81	G	AAGGC	ok
chrx	154776275	154776276	+	0.999997	Prob	0.55	85	C	GACAA	ok
chr1	70244732	70244733	+	0.999997	Prob	0.4	107	C	GTCGG	ok
chr20	46686980	46686981	-	0.999996	Prob	0.47619	25	G	ATGTT	ok
chr10	73243092	73243093	-	0.99999	Prob	0.603774	92	G	TAGAT	ok
chr1	25352886	25352887	+	0.999543	Prob	0.482143	66	C	CTCGC	ok
chr9	83707828	83707829	-	0.999997	Prob	0.608696	28	G	TAGCG	ok
chr13	46781611	46781612	-	0.999997	Prob	0.691358	105	G	GGGAA	ok
chrx	16743838	16743839	+	0.99999	Prob	0.590909	78	C	AACTG	ok
chr19	49681947	49681948	+	0.999984	Prob	0.551724	94	C	CGCAA	ok
chr6	43225676	43225677	-	0.999997	Prob	0.675676	378	G	AAGGA	ok
chr17	32360960	32360961	+	0.999032	Prob	0.863636	44	C	GCCAC	ok
chr17	16382243	16382244	+	0.99999	Prob	0.5	1036	C	TCCCT	ok
chr6	31531057	31531058	-	0.999543	Prob	0.571429	291	G	ATGCA	ok
chr5	139627003	139627004	+	0.999997	Prob	0.625	50	C	TGCCT	ok
chr22	41657020	41657021	+	0.999992	Prob	0.532468	633	C	CGCTT	ok
chr19	8321981	8321982	+	0.999996	Prob	0.615385	4059	C	AGCCG	ok
chr3	53229425	53229426	-	0.999997	Prob	0.460317	537	G	CCGCG	ok
chr7	87219559	87219560	-	0.999997	Prob	0.666667	55	G	CCGAG	ok
chr3	186572196	186572197	+	0.99999	Prob	0.428571	51	C	AACCC	ok
chr7	44570100	44570101	-	0.999997	Prob	0.393939	149	G	CGGGC	ok
chr19	39980290	39980291	+	0.999996	Prob	0.666667	148	C	ATCAT	ok
chr1	155317991	155317992	+	0.999997	Prob	0.506173	370	C	CCCGC	ok
chr2	55232835	55232836	+	0.999984	Prob	0.578947	5012	C	TTCGT	ok
chr16	89562902	89562903	+	0.99999	Prob	0.521739	5708	C	AGCTC	ok
chr1	109737561	109737562	-	0.999997	Prob	0.5	370	G	AAGGT	ok
chr22	21000202	21000203	-	0.999997	Prob	0.68	79	G	AGGGG	ok
chr7	135674183	135674184	+	0.999997	Prob	0.564706	96	C	GCCTT	ok
chr5	73503078	73503079	+	0.999997	Prob	0.457143	1244	C	GACTA	ok
chr13	45339498	45339499	-	0.99999	Prob	0.643836	1692	G	CTGGT	ok
chr11	252665	252666	+	0.999996	Prob	0.564516	157	C	AGCTG	ok
chrx	115647556	115647557	+	0.999992	Prob	0.434783	57	C	CCCTC	ok
chr17	7014397	7014398	+	0.999997	Prob	0.539326	601	C	TCCCG	ok
chr15	76295671	76295672	-	0.999543	Prob	0.458333	146	G	ATGGG	ok
chr16	11837837	11837838	-	0.999543	Prob	0.657895	48	G	TGGGA	ok
chr17	82019218	82019219	-	0.999032	Prob	0.521739	388	G	GAGCT	ok
chr17	78172366	78172367	+	0.99999	Prob	0.384615	210	C	GCCGG	ok
chr19	1088581	1088582	-	0.999997	Prob	0.6	263	G	ACGGG	ok
chr19	58393466	58393467	+	0.999997	Prob	0.481481	1883	C	CCCCC	ok
chr1	2395836	2395837	+	0.999543	Prob	0.540541	104	C	TTCGG	ok
chr1	165768825	165768826	-	0.999997	Prob	0.612245	101	G	ACGGC	ok
chr6	52264532	52264533	-	0.999032	Prob	0.444444	159	G	GTGGG	ok
chr4	82424822	82424823	-	0.999997	Prob	0.5	345	G	TAGAT	ok
chr4	83284751	83284752	-	0.999997	Prob	0.684211	55	G	TCGCG	ok
chr1	108650329	108650330	-	0.999997	Prob	0.6	104	G	TGGTT	ok
chr8	108241874	108241875	-	0.999543	Prob	0.458333	280	G	AGGTC	ok
chr3	49359301	49359302	-	0.999543	Prob	0.586207	499	G	CTGTG	ok
chr9	125236734	125236735	-	0.999997	Prob	0.545455	532	G	GTGGC	ok
chr11	62888405	62888406	+	0.999997	Prob	0.445946	780	C	CCCTA	ok
chr22	25459452	25459453	+	0.999997	Prob	0.6875	95	C	TGCAG	ok
chr8	144106440	144106441	+	0.99999	Prob	0.487805	102	C	TGCCT	ok
chr6	42208071	42208072	-	0.999997	Prob	0.478261	58	G	TTGCT	ok
chr16	367430	367431	-	0.999997	Prob	0.558442	120	G	CGGGC	ok
chr20	35177134	35177135	+	0.999997	Prob	0.428571	70	C	GACAG	ok
chr19	48720950	48720951	-	0.999997	Prob	0.422222	93	G	AGGGG	ok
chr12	6390162	6390163	+	0.999997	Prob	0.6	30	C	ATCCA	ok
chr2	9471388	9471389	+	0.999543	Prob	0.538462	42	C	TTCTT	ok
chr19	9849215	9849216	+	0.999997	Prob	0.62	78	C	GGCCT	ok
chrx	24057696	24057697	+	0.99999	Prob	0.607143	88	C	TACAC	ok
chr14	75651257	75651258	-	0.99999	Prob	0.393939	45	G	GAGCC	ok
chr2	105099821	105099822	+	0.999997	Prob	0.54878	92	C	CACAC	ok
chr17	19362574	19362575	-	0.999997	Prob	0.392857	60	G	AGGTC	ok
chr12	53033813	53033814	+	0.999997	Prob	0.472222	113	C	CCCAA	ok
chr11	36274038	36274039	-	0.999543	Prob	0.5	103	G	GGGCC	ok
chr3	156541950	156541951	-	0.99999	Prob	0.516129	33	G	AAGAA	ok
chr7	96120504	96120505	-	0.999997	Prob	0.631579	39	G	GGGGC	ok
chr6	5404595	5404596	+	0.99999	Prob	0.685714	45	C	CTCGC	ok
chr2	222571802	222571803	-	0.999997	Prob	0.516667	74	G	GAGGA	ok
chr4	82429283	82429284	-	0.999997	Prob	0.414634	211	G	TGGAT	ok
chr5	77489472	77489473	-	0.999997	Prob	0.615385	40	G	CTGTA	ok
chr19	38304280	38304281	+	0.999543	Prob	0.375	84	C	AGCAG	ok
chr2	70088639	70088640	+	0.99999	Prob	0.510204	70	C	GGCGC	ok
chr15	82990050	82990051	+	0.999997	Prob	0.625	33	C	TCCTT	ok
chr7	40134370	40134371	-	0.999997	Prob	0.557895	103	G	GAGAG	ok
chr17	76039186	76039187	-	0.999997	Prob	0.448276	92	G	CTGCT	ok
chr8	143816381	143816382	-	0.99999	Prob	0.451613	169	G	AGGGC	ok
chr3	184710820	184710821	-	0.999997	Prob	0.521739	26	G	TCGCC	ok
chr7	75888729	75888730	+	0.999997	Prob	0.45	65	C	TCCAT	ok
chrx	136875293	136875294	-	0.999992	Prob	0.460674	125	G	TGGAA	ok
chr1	224190063	224190064	+	0.999997	Prob	0.594937	84	C	ACCGT	ok
chr15	88467961	88467962	+	0.999997	Prob	0.533333	140	C	CTCCA	ok
chr12	57234539	57234540	+	0.999543	Prob	0.59322	197	C	TCCTT	ok
chr12	64433513	64433514	+	0.999984	Prob	0.384615	27	C	TGCTT	ok
chr1	74719232	74719233	-	0.999543	Prob	0.692308	53	G	CAGTA	ok
chr5	176392824	176392825	-	0.999992	Prob	0.567568	66	G	CGGGA	ok
chr17	78214291	78214292	+	0.999997	Prob	0.692308	73	C	CCCGT	ok
chr7	54757559	54757560	-	0.999543	Prob	0.486842	366	G	TTGGC	ok
chr5	151101115	151101116	-	0.99999	Prob	0.622642	69	G	CAGAG	ok
chr10	72367796	72367797	-	0.99999	Prob	0.5	38	G	AGGAG	ok
chr1	202006042	202006043	+	0.999543	Prob	0.5	82	C	TTCTG	ok
chr1	156722791	156722792	-	0.99999	Prob	0.428571	50	G	GAGAA	ok
chr1	154220395	154220396	-	0.999996	Prob	0.454545	226	G	CTGCC	ok
chr1	109661522	109661523	+	0.99999	Prob	0.6	32	C	GACCT	ok
chr1	75763421	75763422	+	0.99999	Prob	0.484848	112	C	GTCTA	ok
chr9	135945970	135945971	-	0.999997	Prob	0.565217	28	G	ACGCT	ok
chrx	101346545	101346546	-	0.999997	Prob	0.54717	71	G	CTGTT	ok
chr6	37484854	37484855	-	0.999997	Prob	0.612903	107	G	CAGGG	ok
chr9	121193382	121193383	-	0.999997	Prob	0.62069	28	G	ATGTA	ok
chr9	93096282	93096283	+	0.999997	Prob	0.5	45	C	ACCGA	ok
chr9	83707590	83707591	-	0.999997	Prob	0.625	34	G	AGGCA	ok
chr6	13814091	13814092	-	0.999997	Prob	0.463415	49	G	GTGAG	ok
chr6	2948928	2948929	-	0.999997	Prob	0.444444	386	G	GTGGT	ok
chr3	184183925	184183926	+	0.999984	Prob	0.5	290	C	CACAG	ok
chr3	141738481	141738482	+	0.999543	Prob	0.6	265	C	TGCGA	ok
chrx	129925154	129925155	+	0.999543	Prob	0.521739	39	C	TCCCT	ok
chr6	31531060	31531061	-	0.99999	Prob	0.54386	291	G	CAGGT	ok
chr5	139627195	139627196	+	0.999997	Prob	0.458333	58	C	TCCAT	ok
chr17	81932530	81932531	-	0.999997	Prob	0.333333	294	G	TGGCA	ok
chr19	1275719	1275720	+	0.999997	Prob	0.6	108	C	AGCAC	ok
chr22	37851451	37851452	+	0.999997	Prob	0.578947	135	C	GACCA	ok
chr3	49358293	49358294	-	0.999543	Prob	0.418605	149	G	AAGAA	ok
chr3	53233196	53233197	-	0.999984	Prob	0.361702	343	G	CTGTT	ok
chr1	43164394	43164395	-	0.999997	Prob	0.552632	249	G	TTGCG	ok
chr16	56932294	56932295	+	0.999997	Prob	0.470588	52	C	CCCAA	ok
chr8	143576149	143576150	-	0.99999	Prob	0.793103	46	G	CAGGG	ok
chr9	137190187	137190188	+	0.999543	Prob	0.464286	154	C	GCCCT	ok
chr6	116590289	116590290	+	0.99999	Prob	0.607143	118	C	CTCCA	ok
chr7	5527555	5527556	-	0.999997	Prob	0.508197	995	G	TTGGG	ok
chr1	152032566	152032567	-	0.99999	Prob	0.461538	768	G	GTGGT	ok
chr16	81006763	81006764	-	0.999997	Prob	0.666667	563	G	AAGCG	ok
chr22	23894935	23894936	+	0.999997	Prob	0.516484	4938	C	AGCCC	ok
chr5	82276065	82276066	-	0.999996	Prob	0.64	2629	G	TTGGC	ok
chr4	56459548	56459549	+	0.999997	Prob	0.512195	182	C	GCCAT	ok
chr11	61964778	61964779	-	0.99999	Prob	0.5	5675	G	CCGCC	ok
chr11	47618877	47618878	-	0.999997	Prob	0.578947	326	G	GGGAC	ok
chr6	10724981	10724982	+	0.99999	Prob	0.577778	601	C	GGCTT	ok
chr12	69589605	69589606	+	0.999997	Prob	0.6	278	C	GACTG	ok
chr15	60357186	60357187	-	0.999997	Prob	0.518519	968	G	TGGTT	ok
chr15	65578831	65578832	-	0.999543	Prob	0.44	83	G	AGGAA	ok
chr17	76734547	76734548	-	0.999997	Prob	0.5	275	G	CTGCT	ok
chr18	49489432	49489433	-	0.999543	Prob	0.473684	2470	G	GTGGC	ok
chr19	36121703	36121704	+	0.999032	Prob	0.363636	118	C	CACCG	ok
chr18	46087406	46087407	-	0.99999	Prob	0.537037	510	G	ATGGA	ok
chr9	137242734	137242735	+	0.999997	Prob	0.514286	343	C	CGCCC	ok
chr19	39489908	39489909	+	0.999997	Prob	0.590909	158	C	TACAT	ok
chr8	144314406	144314407	+	0.99999	Prob	0.580645	150	C	CTCGC	ok
chr20	62308056	62308057	+	0.999997	Prob	0.628571	168	C	GGCTC	ok
chr6	43520109	43520110	+	0.999997	Prob	0.571429	78	C	TCCAG	ok
chr17	49707816	49707817	-	0.999997	Prob	0.47619	56	G	GGGAG	ok
chr4	118278967	118278968	+	0.99999	Prob	0.660714	173	C	CCCTG	ok
chr11	73974782	73974783	-	0.999984	Prob	0.567568	40	G	TGGTA	ok
chr7	26193261	26193262	-	0.999543	Prob	0.421053	378	G	ATGGT	ok
chr3	49359482	49359483	-	0.999543	Prob	0.622222	476	G	CGGGA	ok
chr17	81512332	81512333	-	0.999997	Prob	0.534884	456	G	CAGCG	ok
chr7	75888851	75888852	+	0.999997	Prob	0.681818	64	C	GGCCC	ok
chr19	39981358	39981359	+	0.999997	Prob	0.582278	151	C	CCCCA	ok
chr22	36467909	36467910	-	0.999997	Prob	0.40678	105	G	CCGCT	ok
chr20	34281084	34281085	-	0.999543	Prob	0.541667	80	G	AGGTA	ok
chr8	108203087	108203088	-	0.999984	Prob	0.666667	263	G	GAGAC	ok
chr3	50348167	50348168	-	0.999997	Prob	0.55	46	G	AGGTC	ok
chr13	36985709	36985710	-	0.999997	Prob	0.4375	53	G	AAGGA	ok
chr19	47754738	47754739	+	0.999997	Prob	0.702128	56	C	GGCTG	ok
chr17	67737855	67737856	+	0.999997	Prob	0.764706	49	C	CCCGA	ok
chr7	45105451	45105452	-	0.999997	Prob	0.652174	49	G	CAGGC	ok
chr15	80978840	80978841	-	0.999543	Prob	0.631579	29	G	CTGAT	ok
chr12	54325139	54325140	+	0.999543	Prob	0.529412	79	C	CACGT	ok
chr22	42797236	42797237	-	0.999997	Prob	0.444444	28	G	GAGAC	ok
chr7	27758087	27758088	+	0.999984	Prob	0.409091	67	C	AACAT	ok
chr1	153974398	153974399	-	0.999543	Prob	0.409091	29	G	GGGAA	ok
chrx	48528641	48528642	+	0.999997	Prob	0.473684	163	C	CACAG	ok
chr11	72097767	72097768	-	0.999997	Prob	0.530303	99	G	GGGTG	ok
chr2	38781554	38781555	+	0.99999	Prob	0.52381	117	C	GTCTG	ok
chr14	22771774	22771775	+	0.999984	Prob	0.439024	105	C	CTCTG	ok
chr21	44130993	44130994	+	0.999992	Prob	0.714286	34	C	AGCGG	ok
chr11	6608958	6608959	+	0.999997	Prob	0.44	76	C	CACTC	ok
chr10	32056143	32056144	-	0.999997	Prob	0.514706	77	G	GAGCC	ok
chr4	108033236	108033237	+	0.999997	Prob	0.48	64	C	GGCCC	ok
chr19	12940781	12940782	+	0.999543	Prob	0.4375	152	C	TACAA	ok
chr13	27256499	27256500	+	0.99999	Prob	0.655172	262	C	ACCTA	ok
chr8	144106867	144106868	+	0.999997	Prob	0.552632	133	C	AACGA	ok
chr12	32755851	32755852	-	0.999997	Prob	0.684211	26	G	AGGAC	ok
chr10	13322858	13322859	-	0.999997	Prob	0.611111	69	G	GTGCA	ok
chr19	48382643	48382644	-	0.999997	Prob	0.392157	75	G	GTGAG	ok
chr15	60347683	60347684	-	0.999997	Prob	0.5625	1230	G	GTGTC	ok
chr13	113177797	113177798	-	0.999997	Prob	0.611111	100	G	CTGGA	ok
chr3	51703994	51703995	+	0.999997	Prob	0.419355	74	C	GCCCC	ok
chr6	34424714	34424715	-	0.999543	Prob	0.625	4936	G	GTGGC	ok
chr1	154206787	154206788	-	0.99999	Prob	0.595506	395	G	AGGGG	ok
chr20	44907501	44907502	+	0.99999	Prob	0.55	43	C	GCCTT	ok
chrx	115650628	115650629	+	0.999997	Prob	0.480769	108	C	ATCTG	ok
chr17	76734824	76734825	-	0.999997	Prob	0.518987	221	G	CAGGA	ok
chr21	33539266	33539267	-	0.999997	Prob	0.444444	37	G	CAGCG	ok
chr1	233666706	233666707	+	0.999543	Prob	0.7	23	C	ATCAC	ok
chr6	159767032	159767033	+	0.999543	Prob	0.46875	49	C	GCCAG	ok
chr6	143863688	143863689	+	0.999984	Prob	0.518519	27	C	AACCA	ok
chr1	119734738	119734739	+	0.99999	Prob	0.5	334	C	TGCAC	ok
chr10	100354623	100354624	+	0.999996	Prob	0.65	24	C	TTCCA	ok
chr1	70234728	70234729	+	0.999997	Prob	0.590909	138	C	CTCCT	ok
chr1	45343631	45343632	+	0.99999	Prob	0.533333	55	C	GGCCA	ok
chr10	74708617	74708618	+	0.99999	Prob	0.473684	57	C	ATCTC	ok
chr1	25360816	25360817	+	0.999984	Prob	0.479167	73	C	GTCTC	ok
chr9	83971342	83971343	-	0.999996	Prob	0.525	300	G	CAGCA	ok
chr13	45337201	45337202	-	0.999543	Prob	0.666667	1671	G	TAGAC	ok
chrx	11111486	11111487	+	0.999997	Prob	0.642857	57	C	GCCGG	ok
chr3	58427740	58427741	-	0.999997	Prob	0.5625	152	G	AGGAC	ok
chr17	48895313	48895314	+	0.999997	Prob	0.486486	916	C	AGCTT	ok
chr16	57429036	57429037	-	0.999997	Prob	0.634615	144	G	CTGTC	ok
chr12	43794752	43794753	-	0.999997	Prob	0.555556	71	G	TCGGA	ok
chr6	29943277	29943278	+	0.99999	Prob	0.368421	149	C	ACCAT	ok
chr11	66646186	66646187	+	0.999997	Prob	0.761905	128	C	TCCTT	ok
chr22	31107386	31107387	-	0.99999	Prob	0.527473	160	G	GGGCG	ok
chrx	21977114	21977115	+	0.99999	Prob	0.5	68	C	GACGG	ok
chr1	28506071	28506072	+	0.999543	Prob	0.510204	55	C	CGCTT	ok
chr3	52693529	52693530	+	0.999996	Prob	0.513158	127	C	TGCAC	ok
chr3	179583397	179583398	+	0.999997	Prob	0.542373	125	C	TACAG	ok
chr7	30496635	30496636	-	0.999984	Prob	0.631579	164	G	ACGTT	ok
chr10	43386544	43386545	-	0.999997	Prob	0.55814	283	G	ATGGG	ok
chr3	179576672	179576673	+	0.999543	Prob	0.62069	99	C	AACTC	ok
chr1	183627281	183627282	-	0.999996	Prob	0.52	133	G	TTGGT	ok
chr2	74969491	74969492	+	0.99999	Prob	0.563636	59	C	AGCTT	ok
chr9	19376326	19376327	-	0.999543	Prob	0.630435	5866	G	AAGCT	ok
chr5	1798653	1798654	-	0.999997	Prob	0.608696	536	G	TGGGT	ok
chr11	251855	251856	+	0.999032	Prob	0.47541	127	C	GGCTG	ok
chr14	24145084	24145085	-	0.999997	Prob	0.545455	252	G	CAGAC	ok
chr8	144314515	144314516	+	0.999032	Prob	0.416667	158	C	GCCTT	ok
chr22	42085995	42085996	-	0.999996	Prob	0.423077	62	G	CAGCA	ok
chr8	127742941	127742942	+	0.999997	Prob	0.541667	49	C	TACTT	ok
chr22	40349966	40349967	+	0.999032	Prob	0.546512	184	C	GCCAC	ok
chr16	46660413	46660414	-	0.999997	Prob	0.589744	180	G	TAGCG	ok
chr1	156136092	156136093	+	0.999543	Prob	0.47619	189	C	ACCGC	ok
chr2	197493395	197493396	-	0.999997	Prob	0.513514	523	G	GAGCA	ok
chr17	81510548	81510549	-	0.999997	Prob	0.8	1465	G	CAGAT	ok
chr17	81843449	81843450	-	0.999997	Prob	0.457143	573	G	ATGGG	ok
chr17	68125809	68125810	+	0.999543	Prob	0.545455	25	C	ATCGT	ok
chr9	83969324	83969325	-	0.999997	Prob	0.55	410	G	CAGGA	ok
chr22	20887775	20887776	+	0.999543	Prob	0.583333	42	C	ACCAA	ok
chr14	67338661	67338662	-	0.999543	Prob	0.482759	46	G	AAGAT	ok
chr8	11830314	11830315	+	0.99999	Prob	0.565217	122	C	TGCCT	ok
chr7	43639403	43639404	-	0.999996	Prob	0.489362	136	G	GTGCC	ok
chr11	34995124	34995125	+	0.999543	Prob	0.684211	39	C	TTCTT	ok
chr1	25228136	25228137	-	0.999997	Prob	0.590909	25	G	GGGTT	ok
chr3	197781890	197781891	+	0.999997	Prob	0.478261	32	C	CGCTT	ok
chr19	10572728	10572729	-	0.999997	Prob	0.518519	136	G	TGGGC	ok
chr19	14518276	14518277	-	0.999997	Prob	0.558824	49	G	GCGGT	ok
chr4	70825412	70825413	-	0.999996	Prob	0.32	59	G	AGGCT	ok
chr13	110647110	110647111	-	0.999997	Prob	0.605263	57	G	CAGCA	ok
chr1	212361483	212361484	+	0.999997	Prob	0.761905	22	C	CTCTC	ok
chr16	58113980	58113981	-	0.999543	Prob	0.52459	69	G	AAGAA	ok
chr19	15115364	15115365	-	0.999997	Prob	0.486486	67	G	CTGAT	ok
chr11	108147438	108147439	+	0.999996	Prob	0.577778	216	C	TGCTG	ok
chr8	116726045	116726046	-	0.999032	Prob	0.552632	242	G	GTGCT	ok
chr18	49813510	49813511	-	0.999997	Prob	0.555556	53	G	GCGGG	ok
chr7	102473644	102473645	-	0.999992	Prob	0.689655	198	G	TGGCC	ok
chr2	218249418	218249419	+	0.999997	Prob	0.575	258	C	ATCCA	ok
chr5	126604010	126604011	+	0.999997	Prob	0.586207	34	C	TGCAT	ok
chr15	79311170	79311171	+	0.999992	Prob	0.52381	24	C	GACCC	ok
chr11	4123341	4123342	+	0.999543	Prob	0.542857	194	C	AGCAA	ok
chrx	120626912	120626913	-	0.999997	Prob	0.541667	36	G	CTGCA	ok
chr17	9378558	9378559	-	0.99999	Prob	0.477273	64	G	GAGGC	ok
chr12	48829859	48829860	-	0.99999	Prob	0.62069	65	G	CAGTT	ok
chr9	127935462	127935463	-	0.999997	Prob	0.530612	104	G	GAGGA	ok
chr8	54047663	54047664	-	0.999997	Prob	0.566667	72	G	TAGAC	ok
chr13	27255268	27255269	+	0.999543	Prob	0.507937	232	C	TGCCC	ok
chr9	137189111	137189112	+	0.999997	Prob	0.594595	98	C	ATCCA	ok
chr3	186786603	186786604	+	0.999032	Prob	0.575758	105	C	CCCTT	ok
chr10	95237675	95237676	-	0.999997	Prob	0.551724	133	G	ACGGT	ok
chr21	39183425	39183426	-	0.999997	Prob	0.684211	62	G	CGGGA	ok
chr14	102081088	102081089	-	0.999543	Prob	0.5	259	G	ATGTG	ok
chr2	186504040	186504041	+	0.999997	Prob	0.592593	64	C	AGCAT	ok
chr3	51703880	51703881	+	0.999997	Prob	0.347826	73	C	AGCGG	ok
chr6	15522950	15522951	-	0.999997	Prob	0.521739	59	G	TGGCC	ok
chr20	44908108	44908109	+	0.999992	Prob	0.52	58	C	ATCTG	ok
chr10	43386270	43386271	-	0.999543	Prob	0.585366	308	G	TTGAA	ok
chr19	14408650	14408651	+	0.999997	Prob	0.428571	53	C	GACGT	ok
chr1	201876215	201876216	+	0.99999	Prob	0.46875	33	C	CACCG	ok
chr1	156596400	156596401	-	0.999992	Prob	0.569444	121	G	TTGGA	ok
chr1	149900326	149900327	+	0.999997	Prob	0.513514	50	C	TCCAC	ok
chr1	110020757	110020758	+	0.999997	Prob	0.448276	66	C	GCCAT	ok
chr1	58481170	58481171	-	0.999997	Prob	0.413793	39	G	GAGAG	ok
chr1	44221215	44221216	-	0.999543	Prob	0.57377	117	G	GGGGC	ok
chr1	33010550	33010551	-	0.999997	Prob	0.557692	126	G	TAGAA	ok
chr6	33288160	33288161	-	0.999997	Prob	0.55	26	G	TTGCA	ok
chr1	10463536	10463537	-	0.999543	Prob	0.62069	72	G	TGGAG	ok
chr6	10695039	10695040	+	0.999997	Prob	0.627451	72	C	ACCCG	ok
chr6	1624192	1624193	-	0.999997	Prob	0.458333	41	G	ATGAG	ok
chr18	6955428	6955429	-	0.999997	Prob	0.521739	41	G	GGGAA	ok
chr22	38483711	38483712	-	0.999997	Prob	0.473684	35	G	CAGCC	ok
chr19	8322084	8322085	+	0.999996	Prob	0.638889	4040	C	TGCTC	ok
chr9	33281413	33281414	+	0.999997	Prob	0.65	109	C	TTCCC	ok
chr15	78886157	78886158	+	0.99999	Prob	0.6	110	C	TCCGG	ok
chr7	95410007	95410008	-	0.999997	Prob	0.521739	169	G	AAGTA	ok
chr7	30496852	30496853	-	0.999543	Prob	0.581395	175	G	AAGGG	ok
chr8	143586269	143586270	-	0.999032	Prob	0.571429	358	G	AGGAT	ok
chrx	152732449	152732450	-	0.999997	Prob	0.56962	130	G	TAGTC	ok
chrx	68532089	68532090	+	0.999997	Prob	0.5	33	C	GTCTA	ok
chr1	46316656	46316657	+	0.999543	Prob	0.64	1121	C	ACCAT	ok
chr3	155897976	155897977	+	0.999997	Prob	0.666667	39	C	TCCCT	ok
chr4	56453635	56453636	+	0.999997	Prob	0.459459	169	C	GGCAG	ok
chr8	27604991	27604992	-	0.999997	Prob	0.652174	164	G	GAGCC	ok
chr8	145054271	145054272	+	0.999032	Prob	0.511628	110	C	CCCTG	ok
chr11	62888202	62888203	+	0.999997	Prob	0.37037	760	C	GCCAA	ok
chr6	10723197	10723198	+	0.99999	Prob	0.678571	532	C	TGCGG	ok
chr11	62888700	62888701	+	0.999997	Prob	0.5	825	C	GCCTG	ok
chr14	103520573	103520574	-	0.999997	Prob	0.68	466	G	AAGGT	ok
chr16	30069569	30069570	+	0.999997	Prob	0.517857	567	C	AACAT	ok
chr8	144263256	144263257	-	0.999997	Prob	0.473684	41	G	TGGCG	ok
chr17	68043293	68043294	+	0.999997	Prob	0.694444	330	C	GGCAT	ok
chr19	1597976	1597977	-	0.999996	Prob	0.47619	82	G	CTGGG	ok
chr6	52266134	52266135	-	0.999997	Prob	0.634146	129	G	TTGGA	ok
chr17	16439400	16439401	+	0.999997	Prob	0.591837	427	C	AACCC	ok
chr20	35279137	35279138	-	0.999997	Prob	0.45	209	G	ATGTG	ok
chr17	64500592	64500593	-	0.999997	Prob	0.6	400	G	TTGCT	ok
chr2	197486629	197486630	-	0.999543	Prob	0.619048	638	G	TGGAT	ok
chr17	81843403	81843404	-	0.999997	Prob	0.416667	574	G	CTGTG	ok
chr19	50798012	50798013	-	0.999997	Prob	0.52381	319	G	ACGGA	ok
chr5	140568953	140568954	+	0.999984	Prob	0.666667	83	C	CTCCC	ok
chr12	16363950	16363951	+	0.99999	Prob	0.625	308	C	CCCCA	ok
chrx	49116317	49116318	-	0.999997	Prob	0.583333	26	G	CTGTT	ok
chr15	64980988	64980989	-	0.999997	Prob	0.486486	48	G	GAGCG	ok
chr22	32387666	32387667	-	0.999032	Prob	0.5375	150	G	CTGAT	ok
chrx	119243467	119243468	+	0.999543	Prob	0.561644	94	C	TGCTG	ok
chr8	11831543	11831544	+	0.999543	Prob	0.448276	129	C	GCCTG	ok
chr17	28327704	28327705	+	0.999997	Prob	0.590909	41	C	GCCCA	ok
chr6	24784519	24784520	+	0.999997	Prob	0.645161	195	C	AGCAG	ok
chr1	43976097	43976098	+	0.999997	Prob	0.575	354	C	GACGG	ok
chr1	11022806	11022807	+	0.999984	Prob	0.5	48	C	TTCTT	ok
chr6	43020687	43020688	+	0.99999	Prob	0.5	86	C	ACCAC	ok
chr22	37569015	37569016	+	0.999997	Prob	0.833333	30	C	TGCCA	ok
chr19	11553239	11553240	-	0.99999	Prob	0.534247	97	G	AAGGT	ok
chr19	14516831	14516832	-	0.999997	Prob	0.475	59	G	TTGGT	ok
chr17	17512648	17512649	-	0.999543	Prob	0.585366	64	G	GCGTG	ok
chr7	128457720	128457721	+	0.99999	Prob	0.608696	35	C	CTCGC	ok
chr15	40764185	40764186	+	0.999543	Prob	0.478723	106	C	CCCTA	ok
chr14	77738849	77738850	-	0.999992	Prob	0.695652	45	G	CAGAT	ok
chr16	57460813	57460814	+	0.999992	Prob	0.637681	113	C	GGCTG	ok
chr2	135840542	135840543	-	0.999997	Prob	0.431034	69	G	GGGCC	ok
chr15	84691536	84691537	-	0.99999	Prob	0.645833	150	G	CTGAG	ok
chr1	206593781	206593782	-	0.999997	Prob	0.483871	56	G	CGGAC	ok
chr16	29968252	29968253	+	0.999997	Prob	0.6	54	C	CTCGG	ok
chr16	69330499	69330500	-	0.999032	Prob	0.26087	23	G	CGGCT	ok
chr19	17231994	17231995	-	0.999997	Prob	0.538462	66	G	TGGAG	ok
chr17	4733295	4733296	+	0.999997	Prob	0.5625	44	C	GTCAA	ok
chr2	218245502	218245503	+	0.999997	Prob	0.682927	249	C	GACAC	ok
chr7	33109242	33109243	-	0.999992	Prob	0.636364	26	G	CTGCT	ok
chr16	23690256	23690257	+	0.999997	Prob	0.538462	93	C	AGCCT	ok
chr11	47618669	47618670	-	0.999543	Prob	0.545455	24	G	TTGTG	ok
chr14	93203354	93203355	-	0.999997	Prob	0.681818	23	G	AAGTT	ok
chr7	76327567	76327568	-	0.999997	Prob	0.565217	28	G	TAGGT	ok
chr11	64270224	64270225	-	0.999984	Prob	0.571429	33	G	CGGAG	ok
chr1	150353034	150353035	+	0.999997	Prob	0.477273	82	C	CACTT	ok
chr19	48391351	48391352	-	0.999997	Prob	0.695652	30	G	GAGAT	ok
chr22	39529175	39529176	-	0.999997	Prob	0.454545	82	G	TAGCC	ok
chr22	17138182	17138183	-	0.999997	Prob	0.666667	57	G	GGGTT	ok
chr16	30070372	30070373	+	0.999543	Prob	0.441558	617	C	ACCCT	ok
chr10	73772080	73772081	+	0.999997	Prob	0.64	96	C	CTCTG	ok
chr19	34365340	34365341	+	0.999997	Prob	0.541667	96	C	AACCT	ok
chr16	74621537	74621538	-	0.999997	Prob	0.541667	25	G	TCGTT	ok
chr1	219987299	219987300	-	0.999992	Prob	0.55102	90	G	TTGTC	ok
chrx	154484884	154484885	-	0.999996	Prob	0.491525	79	G	GGGCC	ok
chr6	57172369	57172370	+	0.999984	Prob	0.588235	39	C	GCCCC	ok
chr1	70144981	70144982	-	0.999992	Prob	0.510638	56	G	ATGAC	ok
chrx	103253595	103253596	-	0.999997	Prob	0.675676	72	G	GGGCC	ok
chr10	72013503	72013504	+	0.99999	Prob	0.25	37	C	CTCCT	ok
chr6	36855867	36855868	-	0.999543	Prob	0.535714	36	G	GGGAG	ok
chr6	33280686	33280687	-	0.999997	Prob	0.574468	63	G	ATGCT	ok
chr10	22003586	22003587	-	0.999997	Prob	0.55	22	G	CAGAG	ok
chr7	103344713	103344714	-	0.999984	Prob	0.62963	50	G	GAGCC	ok
chr19	49680519	49680520	+	0.999543	Prob	0.603774	86	C	AGCCC	ok
chr12	56143590	56143591	+	0.999997	Prob	0.517241	35	C	GACCT	ok
chr8	19823953	19823954	+	0.999032	Prob	0.583333	27	C	ATCAT	ok
chr4	2042474	2042475	+	0.999997	Prob	0.5	188	C	TCCCC	ok
chr1	20652624	20652625	-	0.999997	Prob	0.627907	64	G	GAGTG	ok
chr3	53229070	53229071	-	0.999997	Prob	0.482353	660	G	CAGTT	ok
chr12	47965850	47965851	+	0.999996	Prob	0.506849	172	C	TCCTC	ok
chr11	33141713	33141714	-	0.999997	Prob	0.539683	94	G	CTGGG	ok
chr16	1420074	1420075	-	0.99999	Prob	0.684211	62	G	CTGAG	ok
chr14	52720863	52720864	+	0.999997	Prob	0.509804	116	C	TACTG	ok
chr7	5527750	5527751	-	0.999997	Prob	0.4375	793	G	TAGAA	ok
chr3	9973682	9973683	-	0.999997	Prob	0.566667	84	G	ACGGA	ok
chr22	37877834	37877835	+	0.999997	Prob	0.527778	292	C	TTCAG	ok
chr1	155319900	155319901	+	0.999997	Prob	0.521739	808	C	GCCAC	ok
chr1	153990858	153990859	+	0.999543	Prob	0.518519	23	C	CCCCT	ok
chr5	181243719	181243720	-	0.99999	Prob	0.576923	1738	G	GGGAA	ok
chr4	151103070	151103071	+	0.999543	Prob	0.457143	3663	C	GTCAA	ok
chr6	99542851	99542852	-	0.999997	Prob	0.423077	46	G	GTGAA	ok
chr11	7987413	7987414	+	0.99999	Prob	0.492537	152	C	GGCGG	ok
chrx	19358981	19358982	+	0.999032	Prob	0.416667	809	C	GACAG	ok
chr12	109573392	109573393	-	0.999997	Prob	0.592593	46	G	GGGAT	ok
chr14	90405318	90405319	+	0.999997	Prob	0.590909	176	C	GCCCG	ok
chr15	76292628	76292629	-	0.999543	Prob	0.596154	195	G	AGGCC	ok
chr16	29454310	29454311	-	0.999997	Prob	0.62963	154	G	CCGGC	ok
chr17	81512758	81512759	-	0.999997	Prob	0.608696	400	G	GCGGC	ok
chr17	82018964	82018965	-	0.999996	Prob	0.448276	440	G	CAGGG	ok
chr19	12730972	12730973	-	0.999992	Prob	0.55	285	G	AGGGG	ok
chr17	42841542	42841543	+	0.999996	Prob	0.475	75	C	AACGG	ok
chr19	18899698	18899699	-	0.999984	Prob	0.518519	464	G	CTGTA	ok
chr17	36585382	36585383	+	0.999997	Prob	0.375	29	C	ACCAA	ok
chr10	72216130	72216131	+	0.999032	Prob	0.5	134	C	AGCCG	ok
chr6	34424762	34424763	-	0.999997	Prob	0.527778	4894	G	TGGAT	ok
chr4	3518148	3518149	-	0.999984	Prob	0.622222	53	G	TTGAT	ok
chr1	33024470	33024471	-	0.999997	Prob	0.452055	267	G	CAGCT	ok
chr17	64502458	64502459	-	0.999997	Prob	0.608696	319	G	CTGGT	ok
chr2	177215594	177215595	+	0.999997	Prob	0.75	378	C	AGCTT	ok
chr3	39410937	39410938	+	0.999984	Prob	0.583333	4122	C	TGCGC	ok
chr20	37236604	37236605	+	0.999996	Prob	0.444444	1114	C	TACTG	ok
chr7	100871668	100871669	+	0.99999	Prob	0.589041	122	C	TCCCC	ok
chr22	38482612	38482613	+	0.999997	Prob	0.5	27	C	TCCAT	ok
chr14	67338472	67338473	-	0.999543	Prob	0.580645	43	G	AAGTA	ok
chr7	90385049	90385050	+	0.99999	Prob	0.52381	31	C	CACTT	ok
chr11	88294036	88294037	-	0.999996	Prob	0.571429	132	G	CTGCT	ok
chr3	50353927	50353928	+	0.999997	Prob	0.590909	68	C	TTCTC	ok
chr1	11680359	11680360	-	0.999992	Prob	0.47619	55	G	CCGGC	ok
chr9	135504304	135504305	+	0.99999	Prob	0.4	118	C	TGCCA	ok
chr17	75231881	75231882	+	0.999997	Prob	0.547619	81	C	GTCTC	ok
chr22	17594542	17594543	-	0.999543	Prob	0.444444	113	G	GAGAT	ok
chr2	105348313	105348314	+	0.99999	Prob	0.434783	32	C	TACCA	ok
chr12	14789111	14789112	-	0.999997	Prob	0.481481	34	G	GTGGT	ok
chr19	49451617	49451618	-	0.999997	Prob	0.612903	67	G	GTGGG	ok
chr11	36274232	36274233	-	0.99999	Prob	0.420455	102	G	TTGGA	ok
chr3	156542149	156542150	-	0.99999	Prob	0.678571	42	G	ATGAT	ok
chr3	45005389	45005390	+	0.999997	Prob	0.586957	79	C	GTCCC	ok
chr16	69748267	69748268	-	0.999997	Prob	0.412698	77	G	GGGCC	ok
chr6	5431164	5431165	+	0.999997	Prob	0.615385	51	C	GTCAA	ok
chr16	10769338	10769339	+	0.999997	Prob	0.545455	29	C	ACCCC	ok
chr21	44128606	44128607	+	0.99999	Prob	0.65	29	C	ACCTG	ok
chr11	47425898	47425899	-	0.999997	Prob	0.416667	147	G	CTGGA	ok
chr11	61130452	61130453	-	0.999997	Prob	0.565217	32	G	AGGGG	ok
chr3	57583909	57583910	-	0.999997	Prob	0.5	79	G	TGGAA	ok
chr11	64195748	64195749	+	0.999997	Prob	0.509434	76	C	ACCCC	ok
chr11	67071947	67071948	+	0.999997	Prob	0.576923	58	C	GGCCA	ok
chr12	76866205	76866206	-	0.999543	Prob	0.666667	38	G	GTGGT	ok
chr9	127935158	127935159	-	0.999997	Prob	0.533333	109	G	GGGCT	ok
chr7	1155570	1155571	-	0.999992	Prob	0.521739	34	G	CTGGG	ok
chr17	38921256	38921257	+	0.999984	Prob	0.65	82	C	CCCAG	ok
chr22	27852091	27852092	-	0.999997	Prob	0.636364	71	G	TTGCA	ok
chr14	22924285	22924286	-	0.999996	Prob	0.557692	146	G	TGGGT	ok
chr9	33039734	33039735	+	0.99999	Prob	0.579545	102	C	AACCA	ok
chr14	54415926	54415927	+	0.999997	Prob	0.462687	105	C	GTCTT	ok
chr2	186505465	186505466	+	0.999997	Prob	0.666667	32	C	GTCCA	ok
chr12	54283908	54283909	+	0.999032	Prob	0.574468	935	C	GGCAG	ok
chr5	176397634	176397635	-	0.999984	Prob	0.575758	51	G	TTGTT	ok
chr1	154214477	154214478	-	0.99999	Prob	0.491803	243	G	CAGTT	ok
chr20	44907823	44907824	+	0.99999	Prob	0.40625	65	C	CTCTT	ok
chr6	27146739	27146740	-	0.999997	Prob	0.596491	72	G	TAGTC	ok
chrx	152737346	152737347	+	0.999997	Prob	0.572917	220	C	TTCAG	ok
chr5	178210917	178210918	+	0.999543	Prob	0.55	187	C	GACCT	ok
chr5	138518762	138518763	-	0.999997	Prob	0.7	52	G	GTGAC	ok
chr1	235111183	235111184	-	0.999997	Prob	0.511111	62	G	AAGCA	ok
chr6	149773161	149773162	+	0.999997	Prob	0.473684	169	C	TCCAC	ok
chr1	159781088	159781089	+	0.999997	Prob	0.545455	26	C	GCCCT	ok
chr1	156239689	156239690	+	0.999997	Prob	0.528736	135	C	AACGG	ok
chr1	153658842	153658843	+	0.999543	Prob	0.552632	104	C	TGCGA	ok
chr1	119737154	119737155	+	0.99999	Prob	0.388889	396	C	GTCAT	ok
chr10	100364259	100364260	+	0.999543	Prob	0.456522	61	C	GCCAT	ok
chr1	70148508	70148509	-	0.99999	Prob	0.6	29	G	GAGCT	ok
chrx	107650743	107650744	+	0.999997	Prob	0.5	91	C	AACAT	ok
chr20	44943186	44943187	-	0.999997	Prob	0.55	33	G	CTGAT	ok
chr6	36855612	36855613	-	0.999992	Prob	0.65	43	G	TGGCA	ok
chr9	97654932	97654933	+	0.999543	Prob	0.454545	24	C	ACCTG	ok
chr16	71922651	71922652	+	0.99999	Prob	0.518519	52	C	GCCTT	ok
chr6	2948563	2948564	-	0.999997	Prob	0.516667	404	G	CAGGT	ok
chr7	5592989	5592990	+	0.999997	Prob	0.65	21	C	AACTG	ok
chr19	54207466	54207467	+	0.999997	Prob	0.625	3018	C	TTCTC	ok
chr2	216125980	216125981	+	0.999996	Prob	0.512195	93	C	GCCGA	ok
chr12	43795594	43795595	-	0.999997	Prob	0.541667	45	G	TAGTA	ok
chr16	1325268	1325269	+	0.999997	Prob	0.4625	215	C	ATCTC	ok
chr22	31105054	31105055	-	0.999984	Prob	0.539326	184	G	CCGCC	ok
chr22	41653534	41653535	+	0.999543	Prob	0.671429	561	C	CTCAA	ok
chr3	48600990	48600991	-	0.999997	Prob	0.666667	380	G	AAGTG	ok
chr15	78894146	78894147	+	0.999984	Prob	0.54023	190	C	ACCAC	ok
chr3	40457987	40457988	+	0.999543	Prob	0.706897	2157	C	AACAG	ok
chr3	186582060	186582061	+	0.999032	Prob	0.346154	71	C	TACCC	ok
chr19	8321994	8321995	+	0.999997	Prob	0.52	4058	C	TCCGC	ok
chr5	53102121	53102122	-	0.999997	Prob	0.621622	48	G	CAGAG	ok
chr8	100924268	100924269	-	0.999997	Prob	0.52381	258	G	TTGGT	ok
chr1	202005820	202005821	+	0.999543	Prob	0.571429	81	C	TCCCC	ok
chr4	25914397	25914398	+	0.99999	Prob	0.424242	41	C	GGCCC	ok
chr5	140645655	140645656	-	0.999997	Prob	0.538462	299	G	GGGAC	ok
chr8	97644742	97644743	+	0.999997	Prob	0.724138	248	C	CGCAA	ok
chr13	45337314	45337315	-	0.999984	Prob	0.564516	1770	G	TGGTG	ok
chr11	61964992	61964993	-	0.999997	Prob	0.392857	5428	G	GGGTC	ok
chr11	61967500	61967501	-	0.99999	Prob	0.478261	3785	G	CAGTC	ok
chr2	119370772	119370773	+	0.99999	Prob	0.607843	707	C	GGCCA	ok
chr12	121899737	121899738	+	0.999997	Prob	0.494118	133	C	CCCAC	ok
chr16	1959744	1959745	+	0.999996	Prob	0.594595	363	C	CCCTC	ok
chr19	1391127	1391128	+	0.999996	Prob	0.52381	365	C	ACCAG	ok
chr12	56714656	56714657	-	0.999997	Prob	0.392857	1790	G	CTGAT	ok
chr14	24143599	24143600	-	0.999997	Prob	0.545455	266	G	AGGTC	ok
chrx	136873531	136873532	-	0.999543	Prob	0.35	117	G	GGGAA	ok
chr16	3658216	3658217	-	0.99999	Prob	0.652174	398	G	TGGCG	ok
chr19	2324169	2324170	-	0.999997	Prob	0.470588	252	G	TGGGT	ok
chr18	12030835	12030836	+	0.999032	Prob	0.590909	292	C	CTCCC	ok
chr19	49211596	49211597	+	0.999984	Prob	0.636364	79	C	TCCTT	ok
chr14	22767334	22767335	+	0.999992	Prob	0.391304	65	C	GCCCA	ok
chr2	232523128	232523129	+	0.999996	Prob	0.58209	124	C	AGCCC	ok
chr19	811923	811924	+	0.999984	Prob	0.666667	416	C	TCCTG	ok
chr2	26191570	26191571	-	0.999997	Prob	0.47619	122	G	ATGAC	ok
chrx	153702051	153702052	-	0.999997	Prob	0.433333	276	G	GTGAG	ok
chr15	60352397	60352398	-	0.999543	Prob	0.515152	1069	G	GGGCA	ok
chr22	40361522	40361523	+	0.999997	Prob	0.575758	406	C	TGCGT	ok
chr12	56154833	56154834	+	0.999997	Prob	0.578947	75	C	AGCTG	ok
chr1	156742229	156742230	-	0.999032	Prob	0.543478	137	G	AAGAG	ok
chr22	38682059	38682060	+	0.999997	Prob	0.54321	102	C	AGCCT	ok
chr14	67359701	67359702	-	0.99999	Prob	0.6	38	G	CTGAC	ok
chr7	101240900	101240901	-	0.999997	Prob	0.711111	97	G	CAGCA	ok
chr11	72109664	72109665	-	0.99999	Prob	0.44	87	G	AAGGT	ok
chr2	27373879	27373880	+	0.999543	Prob	0.55814	66	C	CACAG	ok
chr19	43461387	43461388	-	0.999997	Prob	0.55	25	G	GGGCT	ok
chr19	18920589	18920590	+	0.99999	Prob	0.454545	36	C	TGCTT	ok
chr17	17506289	17506290	-	0.999984	Prob	0.575758	68	G	TGGGG	ok
chr7	45101964	45101965	-	0.999997	Prob	0.520833	126	G	CCGAG	ok
chr15	80981963	80981964	-	0.999032	Prob	0.6	38	G	TAGTT	ok
chr16	1788844	1788845	+	0.999997	Prob	0.671233	111	C	TTCTC	ok
chr1	112670907	112670908	+	0.999543	Prob	0.52381	75	C	TGCTG	ok
chr17	39995497	39995498	+	0.999992	Prob	0.571429	95	C	GCCCC	ok
chr12	53299898	53299899	+	0.999997	Prob	0.428571	43	C	TTCCA	ok
chr2	277720	277721	+	0.999992	Prob	0.543478	196	C	CCCAG	ok
chr8	70669112	70669113	-	0.999543	Prob	0.441176	38	G	CAGCA	ok
chr2	222619654	222619655	-	0.999997	Prob	0.46875	55	G	CAGCT	ok
chr17	4733485	4733486	+	0.999997	Prob	0.433333	44	C	GCCCC	ok
chr4	99061821	99061822	+	0.99999	Prob	0.56	27	C	TACAA	ok
chr16	46663113	46663114	-	0.999032	Prob	0.56	97	G	CTGGT	ok
chr5	138930911	138930912	+	0.999997	Prob	0.5	70	C	AGCTT	ok
chr16	69462480	69462481	+	0.999997	Prob	0.439394	95	C	TTCCT	ok
chr3	184302702	184302703	+	0.999997	Prob	0.509804	66	C	TTCAT	ok
chr2	55049757	55049758	-	0.999543	Prob	0.415094	71	G	GAGGA	ok
chrx	136877933	136877934	-	0.99999	Prob	0.531915	108	G	GAGGG	ok
chr9	108940656	108940657	+	0.99999	Prob	0.75	24	C	AGCGG	ok
chr2	153477743	153477744	-	0.999997	Prob	0.736842	25	G	AGGGC	ok
chr9	37782084	37782085	-	0.999997	Prob	0.645161	64	G	CTGGT	ok
chr1	32334517	32334518	-	0.99999	Prob	0.625	55	G	AGGGC	ok
chr21	42862326	42862327	-	0.99999	Prob	0.561644	104	G	CGGCC	ok
chr6	3153768	3153769	-	0.999996	Prob	0.540541	63	G	CAGAG	ok
chr4	24527577	24527578	-	0.999543	Prob	0.527273	112	G	ATGTC	ok
chr20	31566214	31566215	+	0.999997	Prob	0.75	52	C	GCCCT	ok
chr14	24211583	24211584	-	0.999997	Prob	0.607143	63	G	CTGTA	ok
chr3	161251652	161251653	+	0.999997	Prob	0.578947	43	C	TACCA	ok
chr10	43386276	43386277	-	0.999543	Prob	0.514286	308	G	CAGGG	ok
chr4	87337074	87337075	-	0.999997	Prob	0.6	81	G	AAGGT	ok
chr12	29340944	29340945	-	0.999543	Prob	0.636364	49	G	TAGCT	ok
chr1	220141891	220141892	+	0.999997	Prob	0.552239	69	C	TGCTC	ok
chr6	112100805	112100806	+	0.99999	Prob	0.64	31	C	GTCAA	ok
chr10	110293596	110293597	-	0.999997	Prob	0.473684	23	G	ATGGC	ok
chr10	100347442	100347443	+	0.999997	Prob	0.619048	27	C	GACCC	ok
chr20	62201063	62201064	+	0.999997	Prob	0.652174	41	C	GCCGC	ok
chr1	52020813	52020814	-	0.999997	Prob	0.428571	61	G	GTGTA	ok
chrx	107628732	107628733	+	0.999997	Prob	0.576923	40	C	TTCAG	ok
chr10	73375647	73375648	-	0.999997	Prob	0.52	83	G	ATGTA	ok
chrx	55007636	55007637	+	0.999997	Prob	0.568966	66	C	CCCCT	ok
chr6	31271078	31271079	-	0.999997	Prob	0.574713	129	G	GCGCT	ok
chrx	47214966	47214967	+	0.999997	Prob	0.681818	130	C	CCCTC	ok
chr2	26191201	26191202	-	0.999996	Prob	0.645833	148	G	CTGCC	ok
chr17	81899999	81900000	+	0.99999	Prob	0.589474	682	C	GGCTG	ok
chr2	69820790	69820791	+	0.999997	Prob	0.575758	60	C	CTCTA	ok
chr15	59652286	59652287	-	0.999997	Prob	0.555556	221	G	GAGGA	ok
chr17	3669333	3669334	+	0.999543	Prob	0.62	286	C	CTCCC	ok
chr14	22829935	22829936	+	0.999997	Prob	0.434783	89	C	CTCTT	ok
chr5	139627374	139627375	+	0.999997	Prob	0.380952	58	C	AGCTA	ok
chr22	41658287	41658288	+	0.999996	Prob	0.541667	654	C	CACTT	ok
chr12	51243384	51243385	+	0.999543	Prob	0.59375	120	C	AACTG	ok
chr17	49405202	49405203	-	0.999997	Prob	0.533333	665	G	CAGCC	ok
chr15	78891485	78891486	+	0.99999	Prob	0.641026	140	C	CACCT	ok
chr7	73303662	73303663	-	0.999997	Prob	0.55	54	G	GGGAG	ok
chr8	143575650	143575651	-	0.999984	Prob	0.606061	48	G	TTGGG	ok
chrx	68518804	68518805	+	0.999997	Prob	0.32	35	C	CACTC	ok
chr17	41690971	41690972	+	0.999992	Prob	0.619048	856	C	CTCCT	ok
chr6	30626113	30626114	+	0.999997	Prob	0.464286	128	C	GACTG	ok
chr6	35469468	35469469	+	0.999992	Prob	0.513514	2157	C	CCCAC	ok
chr2	74969598	74969599	+	0.999543	Prob	0.4375	60	C	TTCCA	ok
chr4	25929698	25929699	+	0.999992	Prob	0.581395	50	C	TGCAC	ok
chr5	140645543	140645544	-	0.999997	Prob	0.371429	300	G	GAGCC	ok
chr5	10258188	10258189	+	0.999032	Prob	0.554348	1064	C	GACGT	ok
chr11	10797099	10797100	-	0.99999	Prob	0.413043	315	G	AGGGC	ok
chr12	6945785	6945786	+	0.999997	Prob	0.4	281	C	TGCTC	ok
chr17	28348103	28348104	-	0.999997	Prob	0.479167	77	G	GGGGC	ok
chr1	31337198	31337199	+	0.999984	Prob	0.4	71	C	GTCAT	ok
chr14	103519884	103519885	-	0.999997	Prob	0.37037	730	G	AGGTC	ok
chr15	82538947	82538948	-	0.999997	Prob	0.645161	4099	G	TGGGC	ok
chr22	46762205	46762206	-	0.999543	Prob	0.583333	25	G	CTGCA	ok
chr16	721904	721905	+	0.999997	Prob	0.428571	67	C	GCCGG	ok
chr16	29446863	29446864	-	0.999543	Prob	0.724138	88	G	CAGTT	ok
chr17	81510290	81510291	-	0.999997	Prob	0.506329	2145	G	TAGAG	ok
chr1	120156154	120156155	-	0.999997	Prob	0.636364	25	G	TGGTA	ok
chr22	43163163	43163164	+	0.999997	Prob	0.46875	537	C	GTCCT	ok
chr19	992064	992065	+	0.999996	Prob	0.428571	60	C	AGCAC	ok
chr19	49499679	49499680	+	0.999997	Prob	0.56962	1426	C	TTCTC	ok
chr19	8486219	8486220	+	0.999543	Prob	0.45	89	C	GCCCG	ok
chr8	144314319	144314320	+	0.99999	Prob	0.368421	145	C	CACTG	ok
chr12	76047462	76047463	-	0.999997	Prob	0.6	45	G	TAGCA	ok
chr11	67609621	67609622	+	0.999992	Prob	0.736842	75	C	GGCCT	ok
chr17	16440242	16440243	+	0.999997	Prob	0.615385	473	C	AGCCT	ok
chr19	49492128	49492129	+	0.99999	Prob	0.508197	1104	C	GTCAT	ok
chr5	171390081	171390082	+	0.99999	Prob	0.533333	1656	C	CACTT	ok
chr13	75530265	75530266	-	0.999997	Prob	0.512821	144	G	AAGCT	ok
chr3	39407658	39407659	+	0.99999	Prob	0.528571	3295	C	TCCGG	ok
chr17	2593944	2593945	+	0.99999	Prob	0.5	59	C	CCCCG	ok
chr5	129113849	129113850	+	0.999997	Prob	0.47619	21	C	TACTC	ok
chr22	30334648	30334649	-	0.999984	Prob	0.652174	29	G	TGGCC	ok
chr7	43645274	43645275	-	0.99999	Prob	0.438596	139	G	AAGTT	ok
chr6	24774998	24774999	+	0.999997	Prob	0.515625	137	C	AGCGC	ok
chr1	43977059	43977060	+	0.999997	Prob	0.428571	420	C	GGCCT	ok
chr1	11023197	11023198	+	0.999996	Prob	0.54717	64	C	ATCTC	ok
chr6	43020689	43020690	+	0.999543	Prob	0.52381	86	C	CACCA	ok
chr7	103308986	103308987	+	0.999543	Prob	0.555556	118	C	CACCT	ok
chr11	6476841	6476842	-	0.999543	Prob	0.518519	86	G	GTGGT	ok
chr12	47966110	47966111	+	0.999997	Prob	0.590909	208	C	CTCCA	ok
chr11	110456948	110456949	+	0.999997	Prob	0.5	76	C	ACCTG	ok
chr16	87830830	87830831	-	0.999997	Prob	0.467532	175	G	GAGAG	ok
chr17	4944779	4944780	+	0.999997	Prob	0.534884	75	C	AGCAG	ok
chr2	99319744	99319745	-	0.999997	Prob	0.608696	67	G	GTGAA	ok
chr3	101593088	101593089	+	0.999997	Prob	0.461538	50	C	GTCTA	ok
chr22	30427392	30427393	+	0.999543	Prob	0.545455	67	C	ACCCC	ok
chr17	18928844	18928845	+	0.999997	Prob	0.6875	62	C	TGCTG	ok
chr5	52800876	52800877	+	0.999997	Prob	0.515152	40	C	GCCAA	ok
chr11	61368840	61368841	+	0.999997	Prob	0.428571	70	C	AGCAT	ok
chr11	30336593	30336594	+	0.999996	Prob	0.652174	27	C	GTCTA	ok
chr21	32604232	32604233	-	0.999543	Prob	0.486842	108	G	AAGGC	ok
chr1	85258556	85258557	-	0.999996	Prob	0.64	126	G	AAGCC	ok
chr3	128637942	128637943	-	0.999997	Prob	0.55	44	G	GAGTA	ok
chr11	47424478	47424479	-	0.999997	Prob	0.590909	170	G	AGGAA	ok
chr17	78187034	78187035	-	0.999543	Prob	0.62	96	G	AGGCC	ok
chr15	82989105	82989106	+	0.999997	Prob	0.52	37	C	ACCTG	ok
chr2	28851139	28851140	-	0.999997	Prob	0.458333	32	G	CTGTG	ok
chr4	158721353	158721354	-	0.999543	Prob	0.5	52	G	AAGGG	ok
chr1	43359282	43359283	+	0.999997	Prob	0.560976	87	C	TGCAC	ok
chr8	27598541	27598542	-	0.999997	Prob	0.54321	223	G	AGGGA	ok
chr7	75888562	75888563	+	0.999997	Prob	0.35	64	C	TGCCA	ok
chr19	52190091	52190092	+	0.999984	Prob	0.513514	63	C	AGCCA	ok
chr1	154273427	154273428	+	0.999997	Prob	0.380952	210	C	CCCAA	ok
chr16	28727158	28727159	+	0.999997	Prob	0.5	142	C	CTCTG	ok
chr10	43386076	43386077	-	0.999997	Prob	0.46875	312	G	AAGTT	ok
chr1	201484257	201484258	-	0.99999	Prob	0.538462	80	G	CAGAG	ok
chr1	155721534	155721535	+	0.999992	Prob	0.541667	112	C	AGCAC	ok
chr20	44907957	44907958	+	0.999984	Prob	0.466667	66	C	TGCTC	ok
chr20	35548548	35548549	+	0.99999	Prob	0.6	131	C	GCCGT	ok
chr19	5691910	5691911	-	0.999996	Prob	0.565217	100	G	GGGTC	ok
chr1	202964622	202964623	-	0.999997	Prob	0.55	23	G	CGGCA	ok
chr1	159781264	159781265	+	0.999997	Prob	0.3	117	C	GGCCT	ok
chr6	126346251	126346252	+	0.99999	Prob	0.566667	105	C	TCCAG	ok
chr10	124398041	124398042	-	0.999997	Prob	0.478261	39	G	GGGTT	ok
chr20	63521847	63521848	+	0.999997	Prob	0.481928	104	C	GTCCA	ok
chr1	77163889	77163890	-	0.999997	Prob	0.52381	28	G	ATGTT	ok
chr1	52020607	52020608	-	0.999997	Prob	0.590909	63	G	AAGAC	ok
chr9	129830915	129830916	-	0.999543	Prob	0.321429	29	G	TGGAA	ok
chr6	36968716	36968717	-	0.999997	Prob	0.444444	221	G	CTGGG	ok
chr1	15410240	15410241	+	0.999543	Prob	0.6	38	C	TCCAG	ok
chr11	66288290	66288291	-	0.999032	Prob	0.484848	86	G	GAGCC	ok
chr11	62671724	62671725	+	0.999997	Prob	0.85	62	C	CTCCG	ok
chr1	1310988	1310989	+	0.999997	Prob	0.64	38	C	AGCCA	ok
chr2	27312715	27312716	-	0.99999	Prob	0.515152	54	G	TTGGT	ok
chr5	69351987	69351988	-	0.999984	Prob	0.575758	122	G	CTGAC	ok
chr3	184183655	184183656	+	0.99999	Prob	0.727273	242	C	TCCTC	ok
chr2	216148130	216148131	+	0.999997	Prob	0.459459	104	C	TTCAG	ok
chr7	54759223	54759224	-	0.999543	Prob	0.727273	138	G	CGGAA	ok
chr7	26212994	26212995	+	0.999997	Prob	0.477273	230	C	GGCCA	ok
chr11	836782	836783	+	0.999032	Prob	0.3	91	C	CTCCT	ok
chr20	1369176	1369177	-	0.999997	Prob	0.472222	194	G	CTGAA	ok
chrx	21978929	21978930	+	0.999032	Prob	0.481928	92	C	GGCGA	ok
chr3	23920333	23920334	+	0.999997	Prob	0.508475	219	C	ACCCA	ok
chr2	231455439	231455440	-	0.999997	Prob	0.52381	160	G	TCGGC	ok
chr17	77500216	77500217	+	0.999992	Prob	0.586207	175	C	CCCTC	ok
chr7	73304976	73304977	-	0.999997	Prob	0.5	38	G	AGGTG	ok
chr14	52713892	52713893	+	0.999997	Prob	0.625	112	C	TACCT	ok
chr7	106112223	106112224	-	0.999997	Prob	0.488889	66	G	GAGGG	ok
chr14	105488678	105488679	+	0.999543	Prob	0.515152	48	C	ATCCT	ok
chr2	74527289	74527290	-	0.999997	Prob	0.413793	133	G	GTGAT	ok
chr12	21635631	21635632	-	0.999543	Prob	0.545455	2645	G	TTGAT	ok
chr1	43978034	43978035	+	0.999996	Prob	0.4	436	C	CTCAC	ok
chr1	153543860	153543861	-	0.999992	Prob	0.5	1599	G	TCGTT	ok
chr2	74959409	74959410	+	0.99999	Prob	0.622222	56	C	TTCAG	ok
chr2	96266295	96266296	+	0.999997	Prob	0.554217	90	C	CCCGC	ok
chr5	32601291	32601292	+	0.999996	Prob	0.571429	457	C	GCCCA	ok
chr8	101205497	101205498	-	0.999997	Prob	0.695652	181	G	CCGGA	ok
chr11	88337635	88337636	-	0.999996	Prob	0.484848	99	G	CAGGA	ok
chr16	1962582	1962583	-	0.999996	Prob	0.617647	10282	G	CAGGT	ok
chr11	7987631	7987632	+	0.999984	Prob	0.521127	171	C	GGCTG	ok
chr17	28347900	28347901	-	0.999997	Prob	0.566667	87	G	TGGTG	ok
chr10	13322972	13322973	-	0.999997	Prob	0.56	70	G	CTGCG	ok
chr12	49269647	49269648	+	0.999997	Prob	0.769231	362	C	TGCCC	ok
chr14	58271931	58271932	+	0.999997	Prob	0.548387	343	C	TACTC	ok
chr16	28735563	28735564	+	0.999996	Prob	0.473684	190	C	ACCAC	ok
chr17	7578876	7578877	+	0.999997	Prob	0.45	331	C	CCCAG	ok
chr18	12030833	12030834	+	0.999984	Prob	0.428571	292	C	CCCTC	ok
chr19	2426792	2426793	-	0.999543	Prob	0.472222	408	G	CAGGG	ok
chr6	52264498	52264499	-	0.999997	Prob	0.58	160	G	GGGAG	ok
chr18	49489369	49489370	-	0.999997	Prob	0.634146	2388	G	CTGGG	ok
chr12	6731534	6731535	+	0.999997	Prob	0.526316	101	C	GCCAG	ok
chr7	5529256	5529257	-	0.99999	Prob	0.348837	433	G	AAGGT	ok
chr22	37858721	37858722	+	0.999997	Prob	0.625	148	C	CACAT	ok
chr7	42917543	42917544	-	0.999997	Prob	0.565217	759	G	CTGAA	ok
chr3	49359311	49359312	-	0.999997	Prob	0.509804	499	G	GAGCC	ok
chr15	64155969	64155970	-	0.999992	Prob	0.515464	983	G	TGGCG	ok
chr19	38383334	38383335	+	0.999997	Prob	0.47619	305	C	CACAG	ok
chr15	64965434	64965435	-	0.999997	Prob	0.486486	51	G	CAGTT	ok
chr22	36480582	36480583	-	0.999997	Prob	0.450704	97	G	TGGAA	ok
chrx	101398070	101398071	-	0.999996	Prob	0.48	62	G	GAGGT	ok
chr7	6015263	6015264	+	0.999997	Prob	0.505155	165	C	TGCAG	ok
chr11	72109661	72109662	-	0.999543	Prob	0.541667	87	G	AGGAA	ok
chr1	111447520	111447521	-	0.999543	Prob	0.521739	109	G	CAGAA	ok
chr2	151289611	151289612	-	0.999997	Prob	0.421053	25	G	GCGCA	ok
chr2	219252043	219252044	-	0.99999	Prob	0.540984	105	G	CCGGG	ok
chr3	136250442	136250443	+	0.999997	Prob	0.575758	50	C	CGCCG	ok
chr8	30066033	30066034	-	0.999997	Prob	0.576271	120	G	TAGCT	ok
chr7	45100323	45100324	-	0.999997	Prob	0.529412	159	G	AAGTC	ok
chr12	124778452	124778453	-	0.99999	Prob	0.583333	41	G	ATGGC	ok
chr4	141231476	141231477	+	0.999997	Prob	0.521739	30	C	TCCGT	ok
chr17	39995256	39995257	+	0.999984	Prob	0.584615	81	C	CACCC	ok
chr12	53303115	53303116	+	0.999997	Prob	0.592593	56	C	TGCAC	ok
chr1	26280781	26280782	+	0.99999	Prob	0.472973	87	C	AGCGA	ok
chr2	73766430	73766431	-	0.999997	Prob	0.391304	45	G	TTGCA	ok
chr11	112163921	112163922	-	0.99999	Prob	0.368421	53	G	TTGTT	ok
chr16	14895081	14895082	+	0.999997	Prob	0.428571	22	C	ACCAT	ok
chr16	46663114	46663115	-	0.999984	Prob	0.473684	97	G	TGGTG	ok
chr2	70088758	70088759	+	0.999543	Prob	0.625	80	C	GGCCC	ok
chr11	64195651	64195652	+	0.999997	Prob	0.5	76	C	TACAA	ok
chr11	67066776	67066777	+	0.999997	Prob	0.714286	36	C	CCCTG	ok
chr6	34245777	34245778	+	0.99999	Prob	0.619048	151	C	CTCCC	ok
chr2	26290253	26290254	+	0.999997	Prob	0.534884	71	C	GTCAA	ok
chr11	67610384	67610385	+	0.999997	Prob	0.45	78	C	GGCCA	ok
chr10	13322978	13322979	-	0.999997	Prob	0.526316	70	G	ATGGC	ok
chr9	33039735	33039736	+	0.999543	Prob	0.655556	102	C	ACCAT	ok
chrx	2221021	2221022	-	0.999997	Prob	0.625	22	G	CAGCT	ok
chr22	17145066	17145067	-	0.999997	Prob	0.619048	30	G	GAGGA	ok
chr1	7961721	7961722	+	0.999997	Prob	0.592593	480	C	TTCAG	ok
chr2	231708692	231708693	+	0.999997	Prob	0.444444	235	C	ACCGG	ok
chr1	225922262	225922263	-	0.999996	Prob	0.571429	25	G	TTGCA	ok
chr19	8486090	8486091	+	0.999997	Prob	0.52	70	C	GCCTG	ok
chr2	9407457	9407458	-	0.999997	Prob	0.557377	147	G	TTGCA	ok
chr20	35542096	35542097	+	0.999543	Prob	0.45	94	C	CCCAT	ok
chr19	5693345	5693346	-	0.99999	Prob	0.515152	91	G	GTGAG	ok
chr1	207331280	207331281	+	0.999996	Prob	0.52381	462	C	CACCA	ok
chr1	165907794	165907795	+	0.99999	Prob	0.523077	105	C	GGCAT	ok
chr10	131967919	131967920	-	0.999997	Prob	0.5	78	G	ATGCA	ok
chr1	149842280	149842281	-	0.999997	Prob	0.525	39	G	TGGGC	ok
chr1	112703707	112703708	-	0.99999	Prob	0.593407	184	G	CCGGA	ok
chr1	100083048	100083049	+	0.999997	Prob	0.466667	52	C	GCCTT	ok
chr10	93518892	93518893	+	0.999543	Prob	0.462963	56	C	CACAT	ok
chr9	129006291	129006292	+	0.99999	Prob	0.571429	34	C	GGCGA	ok
chr1	1309599	1309600	+	0.999997	Prob	0.347826	26	C	GGCAG	ok
chr11	2944562	2944563	-	0.999997	Prob	0.4	106	G	ACGGC	ok
chr19	49681950	49681951	+	0.999032	Prob	0.568182	94	C	AACTC	ok
chr6	44254367	44254368	-	0.999997	Prob	0.434783	106	G	CTGGA	ok
chr17	32370249	32370250	+	0.999543	Prob	0.576923	88	C	TTCCT	ok
chr11	34916290	34916291	-	0.999997	Prob	0.62069	33	G	CAGAC	ok
chr16	2253362	2253363	-	0.999997	Prob	0.565789	225	G	CTGGC	ok
chr8	144099195	144099196	-	0.999997	Prob	0.5	23	G	TAGGT	ok
chr22	41647055	41647056	+	0.999997	Prob	0.509804	506	C	TTCTG	ok
chr1	20652120	20652121	-	0.999997	Prob	0.444444	52	G	CTGGC	ok
chr3	53240292	53240293	-	0.99999	Prob	0.47619	263	G	AAGCG	ok
chr3	40461999	40462000	+	0.999543	Prob	0.629032	2390	C	TTCTC	ok
chr6	111025519	111025520	+	0.999997	Prob	0.469697	90	C	AGCGA	ok
chr16	2821551	2821552	+	0.999997	Prob	0.639344	206	C	GGCCG	ok
chr11	123060185	123060186	-	0.999997	Prob	0.451613	1200	G	CAGCA	ok
chr17	41691576	41691577	+	0.999996	Prob	0.568182	283	C	TTCCC	ok
chr6	35470193	35470194	+	0.999997	Prob	0.425287	2169	C	TGCGT	ok
chr3	149369631	149369632	-	0.999992	Prob	0.612245	599	G	GTGGT	ok
chr1	228148703	228148704	+	0.999997	Prob	0.6	500	C	TGCTG	ok
chr4	39458255	39458256	-	0.999032	Prob	0.581818	738	G	CAGGG	ok
chr8	143022003	143022004	+	0.999543	Prob	0.466667	296	C	ACCTT	ok
chr11	405849	405850	-	0.999997	Prob	0.6	78	G	CTGCC	ok
chr11	65720384	65720385	-	0.999997	Prob	0.478261	144	G	CCGTA	ok
chr12	121916590	121916591	+	0.999543	Prob	0.5	176	C	TACTG	ok
chr6	10725971	10725972	+	0.99999	Prob	0.5	668	C	AGCTG	ok
chr12	67311795	67311796	+	0.99999	Prob	0.5	85	C	AACTA	ok
chr17	7013696	7013697	+	0.999543	Prob	0.446809	545	C	TTCCG	ok
chr14	21210640	21210641	-	0.999996	Prob	0.5	445	G	CAGTA	ok
chr16	28727158	28727159	+	0.999992	Prob	0.666667	142	C	CTCTG	ok
chr17	82057440	82057441	+	0.99999	Prob	0.444444	159	C	GGCGG	ok
chr18	46087435	46087436	-	0.999997	Prob	0.659091	496	G	CTGAA	ok
chr19	17274168	17274169	+	0.999997	Prob	0.531915	98	C	GCCTC	ok
chr7	44121987	44121988	-	0.999984	Prob	0.586207	73	G	GTGGC	ok
chr8	54046661	54046662	-	0.99999	Prob	0.774194	115	G	AAGAT	ok
chr4	99072247	99072248	-	0.999997	Prob	0.363636	93	G	CTGAA	ok
chr6	34425100	34425101	-	0.999997	Prob	0.483871	4708	G	GGGCA	ok
chr4	3520120	3520121	-	0.99999	Prob	0.638889	42	G	GGGTG	ok
chr11	73974960	73974961	-	0.999543	Prob	0.617647	43	G	CCGGC	ok
chr19	812129	812130	+	0.999997	Prob	0.571429	460	C	ACCGC	ok
chr9	125237056	125237057	-	0.999992	Prob	0.634146	438	G	AAGGT	ok
chr10	43386840	43386841	-	0.999997	Prob	0.611111	211	G	CTGTC	ok
chr14	20476499	20476500	+	0.999997	Prob	0.568182	333	C	ACCAT	ok
chr6	52677131	52677132	+	0.99999	Prob	0.536585	111	C	GCCCT	ok
chr22	36467539	36467540	-	0.999997	Prob	0.518519	105	G	TGGGA	ok
chr20	34280694	34280695	-	0.999996	Prob	0.611111	91	G	AGGCC	ok
chr6	41932415	41932416	+	0.999997	Prob	0.538462	57	C	TCCTG	ok
chr2	215318173	215318174	+	0.999543	Prob	0.454545	32	C	GACGG	ok
chr19	18928331	18928332	+	0.999543	Prob	0.59375	89	C	ATCTG	ok
chr17	1888744	1888745	+	0.999997	Prob	0.58	66	C	CCCGA	ok
chr8	123042087	123042088	-	0.999997	Prob	0.555556	31	G	CCGGG	ok
chr15	83016731	83016732	-	0.999997	Prob	0.423077	55	G	GAGCA	ok
chr17	4944625	4944626	+	0.999997	Prob	0.586957	69	C	TCCCC	ok
chr1	28210613	28210614	-	0.999997	Prob	0.539474	99	G	TTGTC	ok
chr5	33455693	33455694	+	0.999984	Prob	0.494624	143	C	GGCAA	ok
chr1	206603024	206603025	-	0.999997	Prob	0.454545	27	G	GAGAC	ok
chr11	112150131	112150132	-	0.999984	Prob	0.533333	56	G	GAGAA	ok
chr16	69329063	69329064	-	0.999543	Prob	0.458333	53	G	CTGCT	ok
chr16	66808558	66808559	-	0.999997	Prob	0.574074	151	G	CAGCC	ok
chr5	77440975	77440976	-	0.999997	Prob	0.514286	50	G	GGGAG	ok
chr19	38304428	38304429	+	0.999543	Prob	0.4	105	C	TCCCA	ok
chr11	70206574	70206575	+	0.999543	Prob	0.5	43	C	AGCCA	ok
chr11	47618087	47618088	-	0.999032	Prob	0.526316	19	G	AAGTG	ok
chr2	85542941	85542942	+	0.999032	Prob	0.527778	47	C	TCCAT	ok
chr11	67071715	67071716	+	0.999997	Prob	0.428571	58	C	GACGG	ok
chr12	49989605	49989606	-	0.999997	Prob	0.47619	68	G	ACGAG	ok
chr19	52222133	52222134	+	0.99999	Prob	0.544444	167	C	ACCAA	ok
chr10	13319268	13319269	-	0.999997	Prob	0.833333	55	G	ATGCT	ok
chr8	145052750	145052751	+	0.999997	Prob	0.707317	166	C	CGCAC	ok
chr12	64448153	64448154	+	0.999996	Prob	0.727273	31	C	TACTT	ok
chr5	163444058	163444059	+	0.999997	Prob	0.5	31	C	ATCAC	ok
chr6	15615354	15615355	-	0.999997	Prob	0.55	44	G	ATGCA	ok
chr19	583145	583146	+	0.999997	Prob	0.706897	286	C	CGCCA	ok
chr19	34393990	34393991	+	0.999997	Prob	0.559524	171	C	AACTG	ok
chr1	201876314	201876315	+	0.99999	Prob	0.606061	39	C	CCCCA	ok
chr1	156236395	156236396	+	0.999997	Prob	0.576471	113	C	AACCA	ok
chr10	131981852	131981853	-	0.999997	Prob	0.557377	83	G	CGGGA	ok
chr1	119735379	119735380	+	0.99999	Prob	0.666667	376	C	GGCGC	ok
chr10	100362734	100362735	+	0.999997	Prob	0.511628	55	C	TGCCA	ok
chr1	75734851	75734852	+	0.999032	Prob	0.4375	109	C	GACTG	ok
chr9	135932976	135932977	-	0.999997	Prob	0.5	43	G	AAGGG	ok
chr20	44942983	44942984	-	0.999997	Prob	0.571429	42	G	AGGGA	ok
chr6	36977659	36977660	-	0.999997	Prob	0.536232	120	G	GGGAC	ok
chr20	32848828	32848829	+	0.999992	Prob	0.566667	33	C	TTCTT	ok
chr10	22320241	22320242	+	0.99999	Prob	0.580645	92	C	TTCAA	ok
chrx	44538536	44538537	-	0.999997	Prob	0.588235	41	G	CTGCA	ok
chr6	13802339	13802340	-	0.999997	Prob	0.590909	52	G	TAGCA	ok
chr12	49323903	49323904	+	0.999997	Prob	0.461538	126	C	CCCAG	ok
chr6	1624126	1624127	-	0.999997	Prob	0.409091	41	G	GCGGG	ok
chr18	6947276	6947277	-	0.999997	Prob	0.608696	81	G	TGGAC	ok
chr7	99408992	99408993	+	0.999992	Prob	0.488095	137	C	TCCAG	ok
chr1	20653659	20653660	-	0.999997	Prob	0.6	56	G	GGGGC	ok
chr19	12924185	12924186	-	0.999992	Prob	0.45	257	G	ACGTT	ok
chr14	20345042	20345043	+	0.999997	Prob	0.5	22	C	GGCTG	ok
chr6	111015785	111015786	+	0.999997	Prob	0.535211	94	C	TCCGC	ok
chr3	179576236	179576237	+	0.999543	Prob	0.76	93	C	TACTG	ok
chr13	27434191	27434192	+	0.999997	Prob	0.666667	162	C	TTCTG	ok
chr7	5527780	5527781	-	0.999997	Prob	0.666667	781	G	CCGGA	ok
chr15	59768836	59768837	+	0.999997	Prob	0.433333	19	C	CGCCA	ok
chr7	74196909	74196910	+	0.999997	Prob	0.380952	765	C	TACAT	ok
chr4	39454149	39454150	-	0.999996	Prob	0.508772	784	G	AGGTC	ok
chr5	251344	251345	+	0.999997	Prob	0.634146	362	C	GTCTG	ok
chr11	61964645	61964646	-	0.999543	Prob	0.514706	5296	G	AGGTA	ok
chr11	14510875	14510876	-	0.999992	Prob	0.536585	377	G	TTGTA	ok
chr12	6944156	6944157	+	0.999997	Prob	0.5	259	C	AGCGC	ok
chr12	121899634	121899635	+	0.999997	Prob	0.56338	121	C	GGCCT	ok
chr11	64317552	64317553	-	0.999996	Prob	0.516129	105	G	CCGGA	ok
chr12	49558590	49558591	-	0.999992	Prob	0.571429	146	G	TGGAG	ok
chr15	77046670	77046671	-	0.999032	Prob	0.695652	181	G	CAGGT	ok
chr16	1977609	1977610	+	0.999997	Prob	0.545455	44	C	TGCAG	ok
chr19	2328582	2328583	-	0.999997	Prob	0.461538	108	G	TGGCT	ok
chr19	1105422	1105423	+	0.999997	Prob	0.553191	833	C	AACTA	ok
chr19	58498831	58498832	-	0.999997	Prob	0.636364	62	G	GCGAA	ok
chr19	49499652	49499653	+	0.999997	Prob	0.589744	1948	C	CGCTC	ok
chr19	39489828	39489829	+	0.999997	Prob	0.555556	167	C	GGCCT	ok
chr1	154261660	154261661	+	0.999997	Prob	0.517241	107	C	AACAG	ok
chr6	87086334	87086335	-	0.999543	Prob	0.47619	30	G	GAGTG	ok
chr7	5529253	5529254	-	0.999543	Prob	0.488372	435	G	TAGAA	ok
chr11	67606986	67606987	+	0.99999	Prob	0.65	53	C	GACCC	ok
chr17	76557809	76557810	+	0.999997	Prob	0.458333	110	C	TCCAG	ok
chr19	49492283	49492284	+	0.999543	Prob	0.54	1011	C	ATCAG	ok
chr7	74196214	74196215	+	0.99999	Prob	0.434343	609	C	GGCTG	ok
chr22	19968687	19968688	+	0.999997	Prob	0.5	300	C	GGCCT	ok
chr19	579545	579546	+	0.99999	Prob	0.423077	171	C	CTCCT	ok
chr3	139344167	139344168	+	0.999543	Prob	0.4	67	C	GGCTG	ok
chr1	156742620	156742621	-	0.99999	Prob	0.5	88	G	TTGAG	ok
chr12	16364164	16364165	+	0.99999	Prob	0.631579	334	C	CCCAT	ok
chr17	5474659	5474660	-	0.999543	Prob	0.626866	112	G	TGGGT	ok
chr19	10835109	10835110	-	0.999996	Prob	0.52	35	G	TGGCT	ok
chr17	3663546	3663547	-	0.999996	Prob	0.378378	80	G	GTGTC	ok
chr12	6866556	6866557	+	0.999996	Prob	0.478261	75	C	TCCCC	ok
chr2	69904283	69904284	+	0.999997	Prob	0.55814	74	C	AACAG	ok
chr22	37813564	37813565	+	0.999997	Prob	0.566667	38	C	GCCAC	ok
chr19	48451062	48451063	+	0.999997	Prob	0.5	23	C	TCCAT	ok
chr17	17591656	17591657	-	0.999543	Prob	0.575758	40	G	GGGCC	ok
chr2	232564303	232564304	+	0.999997	Prob	0.53125	89	C	GCCAC	ok
chr12	14787462	14787463	-	0.999997	Prob	0.447368	42	G	AGGTG	ok
chr19	49446388	49446389	-	0.999997	Prob	0.506329	123	G	AAGGC	ok
chr19	47488290	47488291	-	0.999996	Prob	0.454545	54	G	TAGCG	ok
chr5	94692116	94692117	+	0.999996	Prob	0.580645	42	C	GGCAA	ok
chr2	135761893	135761894	+	0.999996	Prob	0.333333	48	C	CTCAA	ok
chr2	38779014	38779015	+	0.99999	Prob	0.533333	102	C	GCCCC	ok
chr14	22771627	22771628	+	0.999543	Prob	0.416667	132	C	GACAC	ok
chr21	44130716	44130717	+	0.999543	Prob	0.521739	35	C	AGCCT	ok
chr11	47424081	47424082	-	0.999997	Prob	0.605263	181	G	CTGTA	ok
chr11	61299868	61299869	-	0.999997	Prob	0.545455	138	G	TGGCA	ok
chr16	56833254	56833255	+	0.999996	Prob	0.580645	46	C	TACTT	ok
chr19	17425214	17425215	+	0.99999	Prob	0.573333	91	C	GCCGG	ok
chr8	144106617	144106618	+	0.999997	Prob	0.425	105	C	TACTT	ok
chr12	32755279	32755280	-	0.999997	Prob	0.418605	44	G	CAGCA	ok
chr9	37780778	37780779	-	0.999997	Prob	0.54902	69	G	TGGTT	ok
chr10	95290967	95290968	-	0.999997	Prob	0.585366	48	G	CGGAA	ok
chr16	28711766	28711767	+	0.999997	Prob	0.58	74	C	GTCGG	ok
chr16	636147	636148	-	0.999997	Prob	0.54902	298	G	AGGCC	ok
chr11	10804019	10804020	-	0.99999	Prob	0.2	75	G	CGGGG	ok
chr17	78223789	78223790	+	0.999997	Prob	0.52	127	C	CTCTT	ok
chr19	582967	582968	+	0.999997	Prob	0.5625	251	C	TGCTG	ok
chr19	34399606	34399607	+	0.999997	Prob	0.659574	242	C	CACCA	ok
chr10	72367632	72367633	-	0.99999	Prob	0.64	41	G	GAGCA	ok
chr1	207339410	207339411	+	0.999996	Prob	0.478261	11	C	TTCTA	ok
chr1	168183932	168183933	+	0.999997	Prob	0.545455	36	C	TCCCT	ok
chr1	155134208	155134209	+	0.999997	Prob	0.512821	62	C	CTCAA	ok
chr1	149900421	149900422	+	0.999997	Prob	0.638889	50	C	GACAC	ok
chr1	112701584	112701585	-	0.999032	Prob	0.53125	233	G	TGGAG	ok
chr1	167553516	167553517	-	0.999997	Prob	0.621622	47	G	GTGGA	ok
chr1	75745849	75745850	+	0.999992	Prob	0.625	113	C	TGCTA	ok
chr9	136834095	136834096	+	0.999992	Prob	0.625	55	C	GTCCT	ok
chr1	43387637	43387638	-	0.999996	Prob	0.418182	66	G	AGGAC	ok
chr10	73242982	73242983	-	0.99999	Prob	0.409836	90	G	ATGTG	ok
chr1	27892122	27892123	-	0.99999	Prob	0.510204	74	G	AGGTC	ok
chr6	29942765	29942766	+	0.999997	Prob	0.578947	120	C	CTCCA	ok
chr11	62888454	62888455	+	0.999032	Prob	0.512195	792	C	CTCCT	ok
chr2	28338712	28338713	+	0.999997	Prob	0.45	47	C	TTCAC	ok
chr13	28678449	28678450	+	0.999996	Prob	0.666667	45	C	GTCTA	ok
chr3	123491594	123491595	-	0.999997	Prob	0.47619	22	G	ATGCA	ok
chr19	38309028	38309029	-	0.999997	Prob	0.45	73	G	GGGTG	ok
chr3	141745524	141745525	+	0.999992	Prob	0.5	278	C	CGCAC	ok
chr5	171406683	171406684	+	0.999543	Prob	0.457831	524	C	GCCTT	ok
chr15	74449195	74449196	-	0.999997	Prob	0.666667	75	G	CAGGA	ok
chr19	54191517	54191518	+	0.999997	Prob	0.425	79	C	TGCTG	ok
chr16	1324924	1324925	+	0.999997	Prob	0.530864	206	C	TCCAT	ok
chr8	49074290	49074291	+	0.999984	Prob	0.689655	67	C	ACCTG	ok
chr2	10784973	10784974	-	0.999997	Prob	0.678571	283	G	TGGTA	ok
chr22	21628415	21628416	-	0.999984	Prob	0.555556	116	G	GGGGT	ok
chr3	129169569	129169570	-	0.999997	Prob	0.428571	116	G	TAGTC	ok
chr11	47571569	47571570	+	0.999997	Prob	0.489796	496	C	TCCAC	ok
chr12	16032612	16032613	+	0.999997	Prob	0.614035	99	C	TGCTG	ok
chr17	38921650	38921651	+	0.999543	Prob	0.537037	98	C	CTCGT	ok
chr3	186581403	186581404	+	0.99999	Prob	0.708333	59	C	CTCCT	ok
chr3	129170380	129170381	-	0.999997	Prob	0.44	262	G	TGGCC	ok
chr5	94695090	94695091	+	0.999997	Prob	0.447368	111	C	ATCTA	ok
chr6	165940386	165940387	-	0.99999	Prob	0.416667	50	G	CAGGC	ok
chr6	34424680	34424681	-	0.999997	Prob	0.479592	4942	G	AGGCC	ok
chr1	186375079	186375080	-	0.999997	Prob	0.272727	69	G	GAGAA	ok
chr14	23026071	23026072	-	0.99999	Prob	0.6	456	G	CAGCT	ok
chr8	143816814	143816815	-	0.999996	Prob	0.516129	198	G	CTGTA	ok
chr11	57742949	57742950	+	0.999997	Prob	0.539683	278	C	GCCAG	ok
chr11	62888541	62888542	+	0.999997	Prob	0.425532	821	C	CTCCG	ok
chr11	62888617	62888618	+	0.999997	Prob	0.551724	826	C	GGCTC	ok
chr12	49272281	49272282	+	0.999997	Prob	0.675676	424	C	TTCTT	ok
chr15	76216419	76216420	-	0.999543	Prob	0.6	296	G	CTGGC	ok
chr16	30070200	30070201	+	0.999543	Prob	0.521739	689	C	ACCAC	ok
chr17	7312270	7312271	+	0.99999	Prob	0.521739	533	C	GCCTG	ok
chr19	12922579	12922580	-	0.999997	Prob	0.560976	287	G	CTGCT	ok
chr19	49557115	49557116	-	0.999543	Prob	0.433962	78	G	TGGCT	ok
chr14	64924073	64924074	+	0.999997	Prob	0.568182	139	C	ATCAC	ok
chr8	127742622	127742623	+	0.999997	Prob	0.536232	74	C	ATCAT	ok
chr22	40364983	40364984	+	0.999996	Prob	0.5	441	C	TACTT	ok
chr16	30065924	30065925	+	0.99999	Prob	0.533333	205	C	GCCAG	ok
chr4	118279081	118279082	+	0.999984	Prob	0.385714	186	C	GTCTA	ok
chr6	63580564	63580565	+	0.999543	Prob	0.666667	216	C	TACAG	ok
chr3	49359667	49359668	-	0.999997	Prob	0.565217	592	G	CAGTA	ok
chr7	74196805	74196806	+	0.999997	Prob	0.277778	770	C	CTCTG	ok
chr1	156591981	156591982	+	0.999997	Prob	0.576923	269	C	ACCTG	ok
chr15	64155852	64155853	-	0.999996	Prob	0.618421	877	G	TGGTC	ok
chr10	84144912	84144913	+	0.999997	Prob	0.535714	241	C	CACCT	ok
chr5	87412818	87412819	-	0.999997	Prob	0.459459	74	G	GAGGG	ok
chr12	8940985	8940986	-	0.999997	Prob	0.35443	317	G	TGGAT	ok
chr15	64963141	64963142	-	0.999997	Prob	0.581395	70	G	GGGGT	ok
chr22	30337114	30337115	-	0.999543	Prob	0.45	20	G	TGGGG	ok
chr8	11831542	11831543	+	0.99999	Prob	0.357143	129	C	TGCCT	ok
chr3	50348716	50348717	-	0.999997	Prob	0.65	39	G	TTGAG	ok
chr13	36965713	36965714	-	0.999997	Prob	0.625	56	G	ACGGA	ok
chr19	6374293	6374294	+	0.999543	Prob	0.5875	119	C	CCCCG	ok
chr2	219252139	219252140	-	0.99999	Prob	0.685185	97	G	AGGCT	ok
chr20	62306281	62306282	+	0.999997	Prob	0.619048	114	C	GGCCA	ok
chr14	70584502	70584503	-	0.999543	Prob	0.62069	39	G	GAGTA	ok
chr15	79845365	79845366	-	0.999996	Prob	0.555556	68	G	TAGTA	ok
chr12	14790508	14790509	-	0.999997	Prob	0.619048	31	G	GTGGA	ok
chr7	16783753	16783754	+	0.99999	Prob	0.511905	91	C	GGCCT	ok
chr17	78971573	78971574	-	0.999996	Prob	0.6	87	G	CCGTC	ok
chr2	85579053	85579054	+	0.999543	Prob	0.586667	103	C	TGCAA	ok
chr4	7062395	7062396	-	0.999997	Prob	0.6	53	G	TTGCC	ok
chr5	169601480	169601481	+	0.999997	Prob	0.551724	36	C	CACAC	ok
chr18	11981744	11981745	+	0.999992	Prob	0.576923	83	C	AGCTG	ok
chr6	5431071	5431072	+	0.99999	Prob	0.487179	47	C	TTCCC	ok
chr18	49794303	49794304	-	0.999997	Prob	0.547619	82	G	CTGCA	ok
chr17	4733054	4733055	+	0.999997	Prob	0.652174	42	C	GCCAC	ok
chr3	128637843	128637844	-	0.999997	Prob	0.5	44	G	AGGTC	ok
chr11	47420395	47420396	-	0.999997	Prob	0.6	237	G	TTGTG	ok
chr17	78185065	78185066	-	0.99999	Prob	0.532609	119	G	GTGCA	ok
chr2	70088154	70088155	+	0.999996	Prob	0.642857	30	C	TGCTG	ok
chr11	85650308	85650309	+	0.999997	Prob	0.439394	120	C	TCCAG	ok
chr17	9378556	9378557	-	0.999543	Prob	0.4375	64	G	AAGAG	ok
chr12	48830009	48830010	-	0.99999	Prob	0.517241	58	G	CAGTA	ok
chr2	54973148	54973149	-	0.999997	Prob	0.583333	98	G	TGGGC	ok
chrx	136875502	136875503	-	0.999984	Prob	0.52	116	G	GGGGA	ok
chr1	224189682	224189683	+	0.999997	Prob	0.526316	64	C	GACTT	ok
chr12	32755383	32755384	-	0.999997	Prob	0.527778	39	G	AGGAG	ok
chr1	154273791	154273792	+	0.999997	Prob	0.549296	259	C	GTCAG	ok
chr15	60347469	60347470	-	0.999997	Prob	0.644444	1284	G	AGGCC	ok
chr4	24576249	24576250	-	0.999996	Prob	0.608696	27	G	TTGTT	ok
chr2	231708604	231708605	+	0.999997	Prob	0.568966	266	C	CGCGC	ok
chr5	176416224	176416225	-	0.99999	Prob	0.636364	33	G	AGGTG	ok
chr1	154212591	154212592	-	0.999032	Prob	0.615385	264	G	ACGGG	ok
chr6	44249377	44249378	+	0.999996	Prob	0.5	582	C	GGCCT	ok
chr10	43387294	43387295	-	0.999992	Prob	0.583333	150	G	GGGGA	ok
chr5	178211111	178211112	+	0.999543	Prob	0.641509	159	C	AACCT	ok
chr1	109740254	109740255	-	0.999997	Prob	0.422535	283	G	CAGTA	ok
chr1	228146896	228146897	+	0.999997	Prob	0.576923	425	C	TTCAT	ok
chr1	202962226	202962227	-	0.999997	Prob	0.62069	31	G	TAGCC	ok
chr1	165768852	165768853	-	0.999543	Prob	0.619048	87	G	GAGTA	ok
chr1	153658839	153658840	+	0.99999	Prob	0.538462	104	C	TCCTG	ok
chr10	102423001	102423002	+	0.999997	Prob	0.535714	33	C	TGCCA	ok
chr1	86862849	86862850	-	0.999032	Prob	0.460526	558	G	AGGTT	ok
chr9	136993641	136993642	+	0.999997	Prob	0.348837	121	C	CGCTC	ok
chr10	75234711	75234712	-	0.999997	Prob	0.3125	77	G	AAGGT	ok
chr1	33010415	33010416	-	0.999997	Prob	0.444444	144	G	CAGAC	ok
chr20	35279052	35279053	-	0.999996	Prob	0.594595	230	G	GTGGA	ok
chr6	31859879	31859880	-	0.999996	Prob	0.55	37	G	TAGCT	ok
chr9	78329200	78329201	+	0.999996	Prob	0.5	136	C	TGCAG	ok
chr11	62671832	62671833	+	0.999997	Prob	0.5	66	C	CCCCG	ok
chr11	43344270	43344271	+	0.999996	Prob	0.428571	54	C	AGCAT	ok
chr6	3019578	3019579	+	0.99999	Prob	0.708333	252	C	TGCGT	ok
chr13	21492782	21492783	-	0.999997	Prob	0.47619	34	G	CTGAC	ok
chr12	56144338	56144339	+	0.999997	Prob	0.431818	48	C	TTCAG	ok
chr5	139627654	139627655	+	0.999997	Prob	0.451613	60	C	ATCTG	ok
chr22	41653664	41653665	+	0.999984	Prob	0.568182	595	C	GACCA	ok
chr17	7312065	7312066	+	0.99999	Prob	0.666667	434	C	AGCCC	ok
chr8	143614390	143614391	-	0.999997	Prob	0.5	65	G	GGGGC	ok
chr7	95411694	95411695	-	0.999997	Prob	0.444444	165	G	GAGAA	ok
chr12	121318412	121318413	-	0.999997	Prob	0.705882	228	G	CGGAC	ok
chr19	49682257	49682258	+	0.99999	Prob	0.419355	126	C	CACGG	ok
chr19	12797070	12797071	-	0.999997	Prob	0.470588	847	G	CCGTT	ok
chr17	41690805	41690806	+	0.999032	Prob	0.52381	892	C	AGCTG	ok
chr2	27381541	27381542	-	0.999997	Prob	0.533333	144	G	CAGTC	ok
chr2	210678829	210678830	+	0.999997	Prob	0.5	192	C	GGCCC	ok
chrx	48521887	48521888	+	0.999997	Prob	0.471429	87	C	GCCGC	ok
chr5	233488	233489	+	0.99999	Prob	0.571429	204	C	TGCTG	ok
chr8	143021919	143021920	+	0.999997	Prob	0.606061	283	C	CACCC	ok
chr5	134158539	134158540	-	0.999997	Prob	0.615385	817	G	TGGCA	ok
chr8	144314232	144314233	+	0.999997	Prob	0.428571	113	C	CTCCT	ok
chr11	47569834	47569835	+	0.999996	Prob	0.519231	295	C	TGCAT	ok
chr11	62856248	62856249	+	0.999997	Prob	0.578947	82	C	ACCTG	ok
chr12	122982682	122982683	+	0.99999	Prob	0.607843	299	C	CCCCG	ok
chr12	56725288	56725289	-	0.999997	Prob	0.393939	1113	G	TGGCG	ok
chr14	35317385	35317386	+	0.999997	Prob	0.458333	453	C	CCCTG	ok
chr16	29443552	29443553	-	0.999997	Prob	0.676471	95	G	AGGAA	ok
chr17	81511557	81511558	-	0.999997	Prob	0.5	749	G	GAGGC	ok
chr17	58003840	58003841	-	0.999543	Prob	0.615385	101	G	ATGCG	ok
chr19	13154563	13154564	+	0.999543	Prob	0.782609	47	C	TACTT	ok
chr17	44320387	44320388	-	0.999997	Prob	0.318182	280	G	CTGGC	ok
chr4	82427543	82427544	-	0.999997	Prob	0.178571	247	G	ATGGG	ok
chr8	144314242	144314243	+	0.999543	Prob	0.655172	113	C	TCCGA	ok
chr12	76050561	76050562	-	0.999997	Prob	0.48	222	G	CAGTA	ok
chr2	38880200	38880201	+	0.999997	Prob	0.612903	42	C	AGCTT	ok
chr3	149965096	149965097	-	0.999997	Prob	0.590909	87	G	TAGAA	ok
chr22	37874482	37874483	+	0.999997	Prob	0.625	207	C	ACCAG	ok
chr12	54282452	54282453	+	0.999997	Prob	0.633333	778	C	AGCAA	ok
chr3	49375435	49375436	-	0.999997	Prob	0.541667	276	G	CTGCT	ok
chr7	74195857	74195858	+	0.999997	Prob	0.590909	401	C	GGCAC	ok
chr3	49359741	49359742	-	0.99999	Prob	0.485714	588	G	TGGTT	ok
chr22	40364328	40364329	+	0.999997	Prob	0.470588	415	C	ATCAT	ok
chrx	48894220	48894221	-	0.999997	Prob	0.545455	116	G	AAGCT	ok
chr9	83969003	83969004	-	0.999997	Prob	0.47619	431	G	GTGGA	ok
chr7	106091425	106091426	-	0.999984	Prob	0.548387	69	G	TAGTG	ok
chr19	19119971	19119972	-	0.999996	Prob	0.578947	58	G	AGGCT	ok
chrx	153790840	153790841	-	0.999997	Prob	0.518519	38	G	GGGCG	ok
chr17	51268861	51268862	+	0.999997	Prob	0.611111	64	C	TACCT	ok
chr1	111448787	111448788	-	0.999543	Prob	0.377049	79	G	CCGAG	ok
chr19	34460500	34460501	+	0.999992	Prob	0.454545	78	C	ACCAG	ok
chr7	45105741	45105742	-	0.999997	Prob	0.8	36	G	GGGTA	ok
chr15	65577300	65577301	+	0.999997	Prob	0.272727	26	C	ACCTG	ok
chr4	141221100	141221101	+	0.999997	Prob	0.608696	31	C	CGCGC	ok
chr5	218385	218386	+	0.999997	Prob	0.564103	114	C	TGCTG	ok
chr16	8848491	8848492	+	0.999996	Prob	0.552632	50	C	GCCGG	ok
chr9	137555613	137555614	-	0.999997	Prob	0.541667	38	G	GTGTG	ok
chr14	22771335	22771336	+	0.99999	Prob	0.45	120	C	AGCTA	ok
chr21	44130885	44130886	+	0.999032	Prob	0.666667	35	C	GTCAC	ok
chr16	46682162	46682163	-	0.99999	Prob	0.692308	56	G	AAGCT	ok
chr16	70565459	70565460	+	0.999996	Prob	0.521739	31	C	GGCAG	ok
chr8	116771489	116771490	+	0.999543	Prob	0.777778	31	C	GCCTG	ok
chr11	66276693	66276694	+	0.999997	Prob	0.304348	30	C	ACCTG	ok
chr19	12922502	12922503	-	0.99999	Prob	0.545455	266	G	TAGAC	ok
chr15	72200574	72200575	-	0.999997	Prob	0.48	1100	G	GGGCC	ok
chr11	67609488	67609489	+	0.999997	Prob	0.590909	68	C	AGCCG	ok
chr6	30724590	30724591	+	0.99999	Prob	0.653061	233	C	CTCTT	ok
chr1	19257953	19257954	+	0.999997	Prob	0.550562	100	C	GGCAG	ok
chr5	177592231	177592232	+	0.999997	Prob	0.569767	93	C	GGCGT	ok
chr12	117049051	117049052	-	0.999997	Prob	0.428571	43	G	CTGTT	ok
chr19	44993062	44993063	+	0.999032	Prob	0.464286	46	C	GGCCA	ok
chr17	21314986	21314987	+	0.999997	Prob	0.333333	34	C	GCCCT	ok
chr8	143821625	143821626	-	0.999996	Prob	0.583333	78	G	GTGCG	ok
chr2	9406802	9406803	-	0.999997	Prob	0.603448	189	G	CAGAT	ok
chr20	35542136	35542137	+	0.999984	Prob	0.448276	103	C	ACCCC	ok
chr1	201876111	201876112	+	0.999543	Prob	0.421053	33	C	GCCCT	ok
chr1	159781327	159781328	+	0.999997	Prob	0.576923	118	C	CGCTT	ok
chr1	154974770	154974771	+	0.999997	Prob	0.596774	449	C	TTCGG	ok
chr1	151760069	151760070	-	0.999997	Prob	0.436782	144	G	GGGGG	ok
chr1	63636336	63636337	+	0.999984	Prob	0.473684	113	C	GACTG	ok
chr1	44308371	44308372	-	0.999996	Prob	0.464286	77	G	AGGCC	ok
chr1	36136647	36136648	-	0.999543	Prob	0.457143	79	G	GAGAT	ok
chr1	25352884	25352885	+	0.99999	Prob	0.527273	65	C	TGCTC	ok
chr9	86265308	86265309	-	0.999996	Prob	0.65	29	G	TGGCT	ok
chr6	29943382	29943383	+	0.999997	Prob	0.5	160	C	GACCT	ok
chr11	62888352	62888353	+	0.99999	Prob	0.59375	768	C	CTCCC	ok
chr6	10702482	10702483	+	0.999997	Prob	0.575758	85	C	AGCTC	ok
chr3	112991147	112991148	+	0.999997	Prob	0.65	24	C	CCCGC	ok
chr2	216119087	216119088	+	0.99999	Prob	0.533333	82	C	CTCAG	ok
chr16	30069990	30069991	+	0.999996	Prob	0.636364	685	C	ACCTG	ok
chr11	836780	836781	+	0.999984	Prob	0.555556	91	C	TGCTC	ok
chr22	31107385	31107386	-	0.999543	Prob	0.554348	160	G	CGGGC	ok
chr8	27604975	27604976	-	0.999996	Prob	0.466667	170	G	ATGTC	ok
chrx	19355702	19355703	+	0.999997	Prob	0.528302	779	C	ATCCT	ok
chr7	157384901	157384902	+	0.999996	Prob	0.622642	72	C	GCCTC	ok
chr12	69259087	69259088	+	0.999997	Prob	0.703704	53	C	CCCTG	ok
chr22	19435847	19435848	+	0.999997	Prob	0.555556	164	C	TTCCC	ok
chr19	54206629	54206630	+	0.999997	Prob	0.666667	36	C	GGCAG	ok
chr3	179576665	179576666	+	0.99999	Prob	0.571429	98	C	TGCAG	ok
chr3	150568291	150568292	+	0.999997	Prob	0.565217	41	C	TACGT	ok
chr7	5528482	5528483	-	0.999997	Prob	0.527778	560	G	GTGAA	ok
chr2	96266460	96266461	+	0.999997	Prob	0.623377	104	C	GACCG	ok
chr5	177306516	177306517	+	0.999543	Prob	0.45	683	C	ACCTC	ok
chr4	99948408	99948409	-	0.99999	Prob	0.583333	1982	G	TGGAC	ok
chr5	73505466	73505467	+	0.999997	Prob	0.666667	1214	C	AACAA	ok
chr8	143022365	143022366	+	0.999992	Prob	0.464286	300	C	GCCCT	ok
chr12	16032565	16032566	+	0.999997	Prob	0.666667	98	C	TACTG	ok
chr19	49688256	49688257	+	0.999997	Prob	0.577778	233	C	CTCCC	ok
chr4	139295764	139295765	-	0.999997	Prob	0.448276	324	G	CCGGG	ok
chr17	7224837	7224838	+	0.999997	Prob	0.5	149	C	CCCCA	ok
chr14	20996761	20996762	+	0.999997	Prob	0.363636	61	C	CCCAC	ok
chr16	768717	768718	+	0.999997	Prob	0.526316	62	C	GCCTC	ok
chr17	82057332	82057333	+	0.99999	Prob	0.48	165	C	GACCC	ok
chr18	46088135	46088136	-	0.999543	Prob	0.707317	469	G	CTGGG	ok
chr1	2403629	2403630	+	0.99999	Prob	0.638889	57	C	TTCCT	ok
chr17	36495756	36495757	+	0.999997	Prob	0.473684	134	C	TACAT	ok
chr11	125584194	125584195	+	0.999992	Prob	0.72	100	C	AACTC	ok
chr1	119735388	119735389	+	0.999996	Prob	0.5	379	C	CTCCG	ok
chr4	3524949	3524950	-	0.999543	Prob	0.62069	40	G	TCGTC	ok
chr4	106324993	106324994	+	0.999997	Prob	0.384615	86	C	TGCCG	ok
chr2	177215589	177215590	+	0.99999	Prob	0.684211	378	C	GTCTG	ok
chr20	1369320	1369321	-	0.999997	Prob	0.363636	187	G	TGGAG	ok
chr19	49491837	49491838	+	0.999997	Prob	0.65	3062	C	TCCTC	ok
chr5	171392810	171392811	+	0.99999	Prob	0.476744	2303	C	TTCCA	ok
chr19	572655	572656	+	0.999543	Prob	0.52	159	C	TGCTG	ok
chr11	62888725	62888726	+	0.999997	Prob	0.64	816	C	TCCTT	ok
chr19	50797847	50797848	-	0.99999	Prob	0.545455	327	G	ACGAT	ok
chr7	107917434	107917435	+	0.999997	Prob	0.555556	109	C	GGCAA	ok
chr16	1770526	1770527	-	0.99999	Prob	0.37931	65	G	GTGGA	ok
chr17	18107180	18107181	+	0.999997	Prob	0.666667	49	C	AGCGG	ok
chr2	27440890	27440891	+	0.999997	Prob	0.565217	46	C	CCCCT	ok
chr19	6372928	6372929	+	0.999543	Prob	0.582418	100	C	GGCCT	ok
chr7	128865840	128865841	+	0.99999	Prob	0.481481	110	C	TTCTC	ok
chr3	125497872	125497873	-	0.999997	Prob	0.542857	44	G	AGGAT	ok
chr17	17505632	17505633	-	0.999996	Prob	0.580645	74	G	ACGTC	ok
chr13	48076878	48076879	-	0.999543	Prob	0.666667	32	G	AAGAA	ok
chr13	94574217	94574218	-	0.999996	Prob	0.380952	22	G	TTGTG	ok
chr9	100007649	100007650	-	0.999997	Prob	0.652174	39	G	GTGAA	ok
chr2	135933950	135933951	-	0.999543	Prob	0.484848	37	G	CTGCA	ok
chr12	49764038	49764039	+	0.999543	Prob	0.636364	104	C	TACTG	ok
chr4	121818122	121818123	-	0.999996	Prob	0.473684	61	G	GAGAC	ok
chr2	46592506	46592507	-	0.999997	Prob	0.6	76	G	AGGAA	ok
chr16	69328771	69328772	-	0.999992	Prob	0.518519	60	G	CAGAA	ok
chr21	44130881	44130882	+	0.999984	Prob	0.5	35	C	TACTG	ok
chr15	78169057	78169058	+	0.999997	Prob	0.486486	61	C	AACCT	ok
chr11	70206371	70206372	+	0.99999	Prob	0.527778	40	C	ACCTG	ok
chr15	88459818	88459819	-	0.999997	Prob	0.517241	103	G	GTGCC	ok
chr8	27598010	27598011	-	0.999997	Prob	0.519481	192	G	CAGTT	ok
chr6	116236995	116236996	+	0.999997	Prob	0.52	26	C	ATCTC	ok
chr22	38992068	38992069	+	0.999997	Prob	0.576923	85	C	GCCAG	ok
chr1	155738439	155738440	+	0.999996	Prob	0.55	212	C	TTCCT	ok
chr10	124401800	124401801	-	0.999997	Prob	0.85	32	G	ATGGT	ok
chr1	149900118	149900119	+	0.999997	Prob	0.5	45	C	TGCCA	ok
chr1	119734740	119734741	+	0.999543	Prob	0.56	333	C	CACAC	ok
chr1	112702594	112702595	-	0.999543	Prob	0.56044	219	G	GTGCT	ok
chrx	154381321	154381322	+	0.999543	Prob	0.488095	151	C	CGCTG	ok
chrx	153930070	153930071	-	0.99999	Prob	0.346154	212	G	CTGTC	ok
chr1	93353979	93353980	+	0.999996	Prob	0.604651	71	C	AGCAT	ok
chr10	93518890	93518891	+	0.99999	Prob	0.538462	56	C	TACAC	ok
chr1	47373066	47373067	+	0.999992	Prob	0.647059	63	C	GGCAG	ok
chr1	44747477	44747478	+	0.999997	Prob	0.62963	29	C	AACAA	ok
chr10	74708619	74708620	+	0.999543	Prob	0.52381	57	C	CTCAA	ok
chr10	73242978	73242979	-	0.999543	Prob	0.47541	89	G	AAGTA	ok
chr1	33021618	33021619	-	0.999997	Prob	0.526316	286	G	AGGGA	ok
chr9	121201701	121201702	-	0.999997	Prob	0.576923	27	G	CAGGA	ok
chr20	35278933	35278934	-	0.999996	Prob	0.5	211	G	CTGCA	ok
chr1	20613867	20613868	+	0.999997	Prob	0.537313	80	C	TCCAT	ok
chr9	97666874	97666875	+	0.999996	Prob	0.533333	31	C	AACGG	ok
chrx	48893739	48893740	-	0.99999	Prob	0.638889	146	G	CTGCT	ok
chrx	47586660	47586661	+	0.999997	Prob	0.52381	217	C	ACCTG	ok
chrx	47213105	47213106	+	0.999997	Prob	0.78125	106	C	TCCTA	ok
chr16	71915639	71915640	+	0.999543	Prob	0.454545	37	C	AGCAT	ok
chr7	103344638	103344639	-	0.999543	Prob	0.3	56	G	TAGCC	ok
chrx	16755061	16755062	+	0.999543	Prob	0.386667	85	C	AGCAA	ok
chr2	26193709	26193710	-	0.999543	Prob	0.627907	97	G	GCGGC	ok
chr3	184183722	184183723	+	0.99999	Prob	0.571429	272	C	TGCCT	ok
chr21	31668570	31668571	+	0.999997	Prob	0.47619	926	C	CGCCC	ok
chr19	38305162	38305163	-	0.999997	Prob	0.5	124	G	GGGGC	ok
chr2	216125968	216125969	+	0.999984	Prob	0.6	93	C	TTCAC	ok
chr6	44254650	44254651	-	0.999997	Prob	0.307692	91	G	CAGAA	ok
chr2	74207822	74207823	+	0.999543	Prob	0.4	98	C	TTCCA	ok
chr4	108630219	108630220	+	0.999997	Prob	0.526316	37	C	CACAT	ok
chr8	143992973	143992974	+	0.999997	Prob	0.608696	39	C	TCCAA	ok
chr11	57407095	57407096	-	0.999032	Prob	0.589744	129	G	AGGTC	ok
chr16	28726633	28726634	+	0.999996	Prob	0.466667	119	C	CCCAG	ok
chr19	54192157	54192158	+	0.999997	Prob	0.578947	138	C	CCCCT	ok
chr6	29943399	29943400	+	0.99999	Prob	0.6	161	C	CGCGG	ok
chr17	2674084	2674085	+	0.999996	Prob	0.65	42	C	GACAC	ok
chr17	76720481	76720482	-	0.99999	Prob	0.424242	54	G	GTGCT	ok
chr5	139561631	139561632	+	0.999997	Prob	0.636364	82	C	GGCCC	ok
chr20	1369430	1369431	-	0.999997	Prob	0.62069	185	G	CAGGG	ok
chr17	81932817	81932818	-	0.999997	Prob	0.571429	258	G	CGGGA	ok
chrx	21971983	21971984	+	0.999543	Prob	0.580645	84	C	ATCGA	ok
chr2	38748130	38748131	-	0.999997	Prob	0.538462	344	G	TTGAT	ok
chr16	2771830	2771831	-	0.999997	Prob	0.5	32	G	AGGAT	ok
chr22	37858715	37858716	+	0.999997	Prob	0.517241	148	C	TACAG	ok
chr1	20661217	20661218	-	0.999997	Prob	0.782609	31	G	AAGCG	ok
chr2	231455068	231455069	-	0.999997	Prob	0.409091	212	G	AGGAG	ok
chr3	49359251	49359252	-	0.99999	Prob	0.5	498	G	CTGGT	ok
chr3	186788319	186788320	+	0.999997	Prob	0.535714	62	C	AGCAG	ok
chr15	78892299	78892300	+	0.99999	Prob	0.616279	168	C	TACCA	ok
chr7	157337132	157337133	+	0.99999	Prob	0.538462	50	C	CGCTT	ok
chr3	179569890	179569891	+	0.999997	Prob	0.522727	74	C	GACTG	ok
chr10	119575608	119575609	-	0.99999	Prob	0.461538	49	G	GAGTG	ok
chr7	30504765	30504766	-	0.999543	Prob	0.64	125	G	GAGCG	ok
chr6	110989047	110989048	+	0.999997	Prob	0.522388	81	C	TACGG	ok
chr19	54206276	54206277	+	0.999997	Prob	0.689655	2712	C	GGCAA	ok
chr8	143575054	143575055	-	0.999996	Prob	0.470588	52	G	AAGGC	ok
chr5	134758814	134758815	+	0.999997	Prob	0.45098	65	C	AGCTG	ok
chr13	44434458	44434459	-	0.999997	Prob	0.52381	208	G	AAGCA	ok
chrx	68511921	68511922	+	0.999997	Prob	0.5	31	C	ATCTC	ok
chr6	10747878	10747879	+	0.999984	Prob	0.6	685	C	GGCAG	ok
chr21	29064977	29064978	-	0.999997	Prob	0.536585	370	G	CTGTT	ok
chr7	5528659	5528660	-	0.999997	Prob	0.5	530	G	AGGGA	ok
chr7	5527615	5527616	-	0.999997	Prob	0.5	928	G	GAGTC	ok
chr1	201969660	201969661	+	0.999997	Prob	0.333333	357	C	GGCCA	ok
chr9	130938567	130938568	-	0.999997	Prob	0.380952	25	G	TTGGG	ok
chr19	16654087	16654088	-	0.999543	Prob	0.542373	158	G	AAGTA	ok
chrx	154399556	154399557	+	0.999997	Prob	0.625	5767	C	CACAT	ok
chr4	154547033	154547034	-	0.999032	Prob	0.52	31	G	GTGTA	ok
chr5	1318182	1318183	-	0.99999	Prob	0.484848	108	G	ACGTG	ok
chr8	86561301	86561302	+	0.999997	Prob	0.52	34	C	TGCTT	ok
chr11	17077459	17077460	-	0.999997	Prob	0.764706	2756	G	CCGAC	ok
chr8	143817055	143817056	-	0.999996	Prob	0.655172	181	G	GAGAC	ok
chr8	145054031	145054032	+	0.999543	Prob	0.5	101	C	CCCAG	ok
chr11	119017438	119017439	-	0.999997	Prob	0.52381	1850	G	GGGTT	ok
chr8	144107218	144107219	+	0.999997	Prob	0.514286	169	C	GCCAC	ok
chr11	62885283	62885284	+	0.999997	Prob	0.571429	563	C	TTCTA	ok
chrx	19359820	19359821	+	0.999996	Prob	0.444444	770	C	TGCAT	ok
chr12	69597968	69597969	+	0.999543	Prob	0.627451	286	C	GGCTG	ok
chr12	10175471	10175472	+	0.999543	Prob	0.521739	21	C	GACTC	ok
chr1	31348936	31348937	+	0.999992	Prob	0.45	74	C	GCCTG	ok
chr12	55726771	55726772	-	0.999032	Prob	0.6	456	G	AAGTT	ok
chr19	48615437	48615438	-	0.999997	Prob	0.576923	2360	G	CGGAC	ok
chr19	48617397	48617398	-	0.999543	Prob	0.483871	2024	G	TGGTT	ok
chr14	20995189	20995190	+	0.999997	Prob	0.52381	78	C	AGCTG	ok
chr15	76287925	76287926	-	0.999032	Prob	0.563636	210	G	CTGCT	ok
chr16	89561700	89561701	+	0.999997	Prob	0.596774	5643	C	AACTC	ok
chr16	87830855	87830856	-	0.99999	Prob	0.5	170	G	TTGAG	ok
chr16	30064502	30064503	+	0.999996	Prob	0.5	128	C	CACCG	ok
chr16	30070287	30070288	+	0.999543	Prob	0.52381	680	C	CTCGG	ok
chr15	65579148	65579149	-	0.99999	Prob	0.380952	81	G	AGGAA	ok
chr17	81511290	81511291	-	0.999992	Prob	0.526316	880	G	GAGGA	ok
chr17	7309796	7309797	+	0.999984	Prob	0.473684	242	C	GCCAA	ok
chr18	3253961	3253962	+	0.999032	Prob	0.545455	364	C	TTCCT	ok
chr17	82237762	82237763	+	0.999543	Prob	0.565217	81	C	TCCTA	ok
chr19	1088669	1088670	-	0.999997	Prob	0.7	235	G	CAGGG	ok
chr6	52282149	52282150	-	0.999997	Prob	0.714286	44	G	CGGAC	ok
chr20	58987769	58987770	+	0.999996	Prob	0.444444	48	C	AACAT	ok
chr7	44122007	44122008	-	0.99999	Prob	0.444444	73	G	TGGGG	ok
chr14	22771536	22771537	+	0.99999	Prob	0.553191	131	C	CCCTG	ok
chr8	144314514	144314515	+	0.999984	Prob	0.514286	158	C	TGCCT	ok
chr12	76047701	76047702	-	0.999997	Prob	0.5	116	G	GGGAA	ok
chr12	11171256	11171257	+	0.999997	Prob	0.428571	32	C	CGCTT	ok
chr6	63581390	63581391	+	0.999997	Prob	0.473684	280	C	ACCAG	ok
chr4	82424661	82424662	-	0.999997	Prob	0.6	316	G	ATGAA	ok
chr6	2948304	2948305	-	0.999997	Prob	0.469388	420	G	GAGAG	ok
chr1	8863931	8863932	-	0.999996	Prob	0.541667	2169	G	TTGAG	ok
chr4	3520119	3520120	-	0.999543	Prob	0.4375	43	G	TGGGT	ok
chr12	57783165	57783166	+	0.999997	Prob	0.568966	131	C	CCCCG	ok
chr17	16441442	16441443	+	0.999997	Prob	0.528302	499	C	ATCAA	ok
chr6	63580522	63580523	+	0.999996	Prob	0.421053	228	C	TGCCA	ok
chr2	177212834	177212835	+	0.999997	Prob	0.428571	314	C	CCCGA	ok
chr7	74196064	74196065	+	0.99999	Prob	0.45679	497	C	CACGT	ok
chr3	49362580	49362581	-	0.999997	Prob	0.655172	323	G	TGGGA	ok
chr7	103355733	103355734	+	0.999997	Prob	0.65	162	C	CTCTG	ok
chr7	74196435	74196436	+	0.999997	Prob	0.242424	669	C	AGCTG	ok
chr9	125236517	125236518	-	0.999997	Prob	0.5	580	G	AAGTT	ok
chr15	64155933	64155934	-	0.999997	Prob	0.541667	982	G	ATGCC	ok
chr12	56157502	56157503	+	0.999997	Prob	0.468085	95	C	TTCTG	ok
chr2	174720748	174720749	+	0.999997	Prob	0.545455	94	C	AACTG	ok
chr5	87409358	87409359	-	0.999997	Prob	0.515152	63	G	CCGTA	ok
chr16	2154005	2154006	+	0.999997	Prob	0.625	69	C	AACAA	ok
chr22	36467713	36467714	-	0.999997	Prob	0.610169	102	G	CAGGA	ok
chr15	40873350	40873351	-	0.999997	Prob	0.5	37	G	CAGCA	ok
chr7	90384896	90384897	+	0.999984	Prob	0.478261	32	C	TTCTG	ok
chr11	60898209	60898210	-	0.999997	Prob	0.764706	38	G	CAGAG	ok
chr12	123617788	123617789	+	0.999992	Prob	0.652174	33	C	CTCGC	ok
chr19	34454443	34454444	+	0.999543	Prob	0.459459	64	C	AGCAA	ok
chr7	128457587	128457588	+	0.999543	Prob	0.565217	33	C	AACCT	ok
chr11	110430028	110430029	+	0.999997	Prob	0.595745	51	C	GTCTG	ok
chr12	124778042	124778043	-	0.999996	Prob	0.461538	70	G	AAGGC	ok
chr19	15116426	15116427	-	0.999997	Prob	0.68	37	G	CTGCC	ok
chr8	23296194	23296195	+	0.99999	Prob	0.605263	53	C	CCCTC	ok
chr19	48330391	48330392	+	0.99999	Prob	0.585714	104	C	TGCTT	ok
chr2	135741966	135741967	+	0.999543	Prob	0.459459	43	C	CGCGA	ok
chr2	222623683	222623684	-	0.999997	Prob	0.5	52	G	CGGCT	ok
chr1	85252101	85252102	-	0.999543	Prob	0.846154	81	G	TGGTA	ok
chr3	149026948	149026949	+	0.999996	Prob	0.583333	41	C	TTCTG	ok
chr9	33443389	33443390	-	0.999984	Prob	0.466667	37	G	GGGCA	ok
chr11	4126769	4126770	+	0.99999	Prob	0.564706	220	C	GTCAC	ok
chr11	64194508	64194509	+	0.999997	Prob	0.428571	74	C	GCCTA	ok
chr3	101565683	101565684	+	0.999032	Prob	0.592593	60	C	TTCAG	ok
chr1	43359616	43359617	+	0.999997	Prob	0.5	105	C	AACAG	ok
chr12	6528730	6528731	+	0.999996	Prob	0.608696	27	C	CCCAC	ok
chr2	3498072	3498073	-	0.999997	Prob	0.536585	60	G	CTGTA	ok
chr6	30723835	30723836	+	0.999543	Prob	0.534247	845	C	GTCCC	ok
chr16	28714821	28714822	+	0.999032	Prob	0.642857	51	C	CTCTT	ok
chr12	56469961	56469962	+	0.999996	Prob	0.65	19	C	AACTT	ok
chr11	10800170	10800171	-	0.999997	Prob	0.45	184	G	CTGCT	ok
chr1	154220389	154220390	-	0.99999	Prob	0.581818	226	G	CAGTT	ok
chr1	165667436	165667437	-	0.999997	Prob	0.510638	57	G	TCGTC	ok
chr19	40422955	40422956	-	0.99999	Prob	0.695652	29	G	GGGCC	ok
chr9	35056799	35056800	-	0.99999	Prob	0.514286	155	G	TAGTG	ok
chrx	153861917	153861918	-	0.999543	Prob	0.576923	50	G	GGGGC	ok
chr1	153661387	153661388	+	0.999996	Prob	0.423913	124	C	TCCCC	ok
chr1	119742893	119742894	+	0.999996	Prob	0.56	631	C	ACCAG	ok
chr1	167541450	167541451	-	0.999997	Prob	0.464286	65	G	TTGTC	ok
chr1	67412095	67412096	-	0.999997	Prob	0.5	66	G	AAGCT	ok
chr10	93528782	93528783	+	0.999996	Prob	0.453125	67	C	CACAA	ok
chrx	103253271	103253272	-	0.999997	Prob	0.581395	76	G	TTGTG	ok
chr6	36855983	36855984	-	0.999543	Prob	0.571429	33	G	TGGCT	ok
chr6	33279315	33279316	-	0.999997	Prob	0.608696	76	G	CCGTG	ok
chr1	10467194	10467195	-	0.999543	Prob	0.576923	72	G	GAGGT	ok
chr9	35689763	35689764	-	0.99999	Prob	0.534247	121	G	ATGGC	ok
chr6	7390040	7390041	+	0.999997	Prob	0.444444	35	C	CCCGG	ok
chr3	9840565	9840566	-	0.99999	Prob	0.518519	112	G	GGGCA	ok
chr7	116526512	116526513	+	0.999543	Prob	0.657143	40	C	TCCGC	ok
chr2	74211231	74211232	+	0.999032	Prob	0.552632	100	C	TACTC	ok
chr17	28714484	28714485	-	0.999997	Prob	0.453608	281	G	TAGCA	ok
chr17	7259580	7259581	+	0.999997	Prob	0.514286	100	C	CTCTC	ok
chr9	2829905	2829906	-	0.999997	Prob	0.52	31	G	TGGCC	ok
chr2	200822316	200822317	+	0.999543	Prob	0.561798	102	C	AACTG	ok
chr3	49358296	49358297	-	0.99999	Prob	0.573529	129	G	AAGCC	ok
chr3	53233193	53233194	-	0.999032	Prob	0.522727	344	G	TGGCT	ok
chr2	63597410	63597411	+	0.999543	Prob	0.590909	221	C	AACAG	ok
chr4	98901886	98901887	-	0.999997	Prob	0.52	33	G	AGGGG	ok
chr3	53229048	53229049	-	0.999997	Prob	0.488889	679	G	ACGCC	ok
chr7	5527745	5527746	-	0.999997	Prob	0.521739	803	G	CCGCC	ok
chr1	153544743	153544744	-	0.999032	Prob	0.5	1519	G	TTGTG	ok
chr7	151054060	151054061	-	0.999997	Prob	0.525424	71	G	CTGAG	ok
chr3	129305182	129305183	+	0.999997	Prob	0.5	127	C	CACTG	ok
chr5	314879	314880	+	0.999997	Prob	0.318182	886	C	CACAA	ok
chr5	73505286	73505287	+	0.999997	Prob	0.604651	1224	C	TGCTA	ok
chr11	17075614	17075615	-	0.999997	Prob	0.703704	2840	G	CAGGA	ok
chr8	144314385	144314386	+	0.999997	Prob	0.536585	149	C	GTCTT	ok
chr11	62885468	62885469	+	0.999997	Prob	0.5	643	C	GTCTC	ok
chr19	46777020	46777021	-	0.999997	Prob	0.583333	72	G	GAGGT	ok
chr8	30063156	30063157	-	0.999997	Prob	0.55	135	G	TTGAG	ok
chr12	110496176	110496177	-	0.999997	Prob	0.409091	269	G	ATGTG	ok
chr15	72199296	72199297	-	0.999997	Prob	0.543478	1484	G	AGGGT	ok
chr17	7856765	7856766	-	0.999997	Prob	0.518519	488	G	CTGCA	ok
chr17	17254913	17254914	-	0.999997	Prob	0.517241	195	G	TTGCC	ok
chr19	2426690	2426691	-	0.999543	Prob	0.5	408	G	TAGGG	ok
chr19	49499550	49499551	+	0.999997	Prob	0.534884	2150	C	TGCCG	ok
chr19	39480860	39480861	+	0.999997	Prob	0.59375	79	C	GGCCT	ok
chr17	4797782	4797783	+	0.999997	Prob	0.493976	567	C	CGCAG	ok
chr8	97852361	97852362	+	0.99999	Prob	0.516667	298	C	TGCAA	ok
chr6	87085792	87085793	-	0.999543	Prob	0.5	31	G	ACGCC	ok
chr7	5529580	5529581	-	0.999543	Prob	0.269231	376	G	GGGCA	ok
chr1	8866454	8866455	-	0.999543	Prob	0.518519	1547	G	TGGCC	ok
chr1	45015374	45015375	+	0.999997	Prob	0.508197	209	C	GACTT	ok
chr19	49491818	49491819	+	0.999997	Prob	0.5	5043	C	CCCAA	ok
chr3	49359208	49359209	-	0.999984	Prob	0.56	483	G	TAGTC	ok
chr17	81510794	81510795	-	0.999997	Prob	0.35	1198	G	CCGAT	ok
chr20	2463176	2463177	-	0.999543	Prob	0.73913	686	G	GTGGC	ok
chr8	144080318	144080319	+	0.999543	Prob	0.714286	199	C	CCCAT	ok
chr6	29944527	29944528	+	0.999997	Prob	0.625	235	C	ATCGT	ok
chr1	7780779	7780780	+	0.999032	Prob	0.333333	32	C	TGCAA	ok
chr19	14529661	14529662	+	0.999997	Prob	0.630435	59	C	AGCAG	ok
chrx	101397946	101397947	-	0.999996	Prob	0.535714	62	G	GTGAT	ok
chr7	90385052	90385053	+	0.999543	Prob	0.478261	31	C	TTCAT	ok
chr11	72109752	72109753	-	0.999543	Prob	0.607143	86	G	GAGGA	ok
chr2	27374743	27374744	+	0.999984	Prob	0.64	77	C	ACCTG	ok
chr4	109718684	109718685	-	0.99999	Prob	0.588235	40	G	ATGAA	ok
chr19	34454348	34454349	+	0.99999	Prob	0.594595	63	C	ATCAA	ok
chr11	6476746	6476747	-	0.99999	Prob	0.5	89	G	GAGAA	ok
chr9	73165183	73165184	+	0.999997	Prob	0.511364	161	C	ACCAG	ok
chr14	77717748	77717749	-	0.999543	Prob	0.531915	62	G	TGGGG	ok
chr19	35637586	35637587	+	0.999997	Prob	0.592593	69	C	GCCGG	ok
chr17	39990170	39990171	+	0.99999	Prob	0.5	33	C	AGCAC	ok
chr15	84669722	84669723	-	0.999543	Prob	0.55	160	G	CTGGG	ok
chr4	82460102	82460103	+	0.999997	Prob	0.576923	42	C	ACCTG	ok
chr9	137555259	137555260	-	0.999997	Prob	0.428571	49	G	CAGAG	ok
chr4	143524464	143524465	+	0.999543	Prob	0.5	27	C	ATCGT	ok
chr3	52254577	52254578	-	0.999997	Prob	0.652174	82	G	AAGAT	ok
chr15	43753864	43753865	+	0.99999	Prob	0.595238	132	C	TGCAG	ok
chr5	138934347	138934348	+	0.999997	Prob	0.54717	120	C	CCCAC	ok
chr17	76061515	76061516	-	0.999997	Prob	0.642857	33	G	TGGCA	ok
chr5	141318927	141318928	-	0.999996	Prob	0.425532	55	G	CAGTA	ok
chr12	6528261	6528262	+	0.999992	Prob	0.56	31	C	TGCCA	ok
chr7	5905118	5905119	+	0.99999	Prob	0.533333	51	C	GTCAT	ok
chr12	64433533	64433534	+	0.999032	Prob	0.619048	27	C	TGCGG	ok
chr11	34100321	34100322	+	0.999997	Prob	0.5	62	C	TTCAG	ok
chr19	580703	580704	+	0.999997	Prob	0.606742	214	C	GCCAT	ok
chr10	27538240	27538241	+	0.999997	Prob	0.636364	57	C	TGCAG	ok
chr9	35062309	35062310	-	0.999997	Prob	0.4375	83	G	TTGCT	ok
chr1	228457823	228457824	-	0.999997	Prob	0.608696	28	G	GAGTC	ok
chr1	228106789	228106790	-	0.999992	Prob	0.565217	175	G	CGGTA	ok
chr6	149793606	149793607	+	0.999997	Prob	0.473684	181	C	CTCAG	ok
chr1	156598086	156598087	-	0.999984	Prob	0.452055	117	G	TGGTC	ok
chr1	151365588	151365589	-	0.999032	Prob	0.558824	100	G	TGGGT	ok
chr1	87344882	87344883	+	0.999543	Prob	0.5	38	C	ACCTT	ok
chr1	54040775	54040776	-	0.999543	Prob	0.55	197	G	AAGCC	ok
chrx	107650213	107650214	+	0.999997	Prob	0.526316	55	C	ACCTC	ok
chr10	73243209	73243210	-	0.999543	Prob	0.534483	87	G	ATGTC	ok
chr6	36855490	36855491	-	0.999996	Prob	0.742857	45	G	ATGAC	ok
chr9	105748115	105748116	+	0.999543	Prob	0.615385	35	C	TCCAG	ok
chr1	15425972	15425973	+	0.999543	Prob	0.65625	37	C	ATCAA	ok
chr10	22003501	22003502	-	0.999997	Prob	0.409091	25	G	CGGCG	ok
chr2	27309763	27309764	-	0.999996	Prob	0.611111	67	G	AAGAG	ok
chr22	45843838	45843839	+	0.999997	Prob	0.560976	183	C	AACTG	ok
chr14	70359548	70359549	-	0.999997	Prob	0.578313	141	G	TTGTT	ok
chr7	116526538	116526539	+	0.99999	Prob	0.527778	71	C	ACCGT	ok
chr16	57428563	57428564	-	0.999997	Prob	0.507042	157	G	CAGCA	ok
chr3	48433804	48433805	-	0.999997	Prob	0.586207	44	G	CTGGT	ok
chr19	54191898	54191899	+	0.999997	Prob	0.348837	121	C	CTCGA	ok
chr11	837491	837492	+	0.999996	Prob	0.4	103	C	GACTG	ok
chr22	31105015	31105016	-	0.99999	Prob	0.530612	185	G	GCGCC	ok
chr19	1278848	1278849	+	0.999997	Prob	0.58427	164	C	CCCAG	ok
chr12	51240916	51240917	+	0.999992	Prob	0.541667	63	C	CACCA	ok
chr3	129169960	129169961	-	0.999997	Prob	0.6	272	G	TTGTT	ok
chr15	78886164	78886165	+	0.999543	Prob	0.64	110	C	AGCAG	ok
chr19	55265918	55265919	-	0.999543	Prob	0.615385	69	G	AGGGG	ok
chr10	43387246	43387247	-	0.999997	Prob	0.521739	158	G	CGGGC	ok
chr16	634917	634918	-	0.999997	Prob	0.681818	191	G	ACGTT	ok
chr16	89563265	89563266	+	0.999997	Prob	0.478261	1024	C	TTCTT	ok
chr17	32444594	32444595	+	0.999984	Prob	0.54	140	C	ATCGA	ok
chr1	155320515	155320516	+	0.999997	Prob	0.569892	805	C	AGCCA	ok
chr6	159797417	159797418	+	0.999543	Prob	0.673913	212	C	GGCTT	ok
chr10	119141025	119141026	-	0.999997	Prob	0.68	76	G	GTGTC	ok
chr3	167687644	167687645	-	0.999996	Prob	0.660714	134	G	AAGAC	ok
chr5	33462123	33462124	+	0.999997	Prob	0.391304	254	C	GGCCA	ok
chr8	27605265	27605266	-	0.999997	Prob	0.636364	130	G	CAGCA	ok
chr8	145054776	145054777	+	0.999997	Prob	0.580645	63	C	GCCAG	ok
chr11	123057726	123057727	-	0.99999	Prob	0.525424	2405	G	TTGGT	ok
chr2	119372405	119372406	+	0.99999	Prob	0.596491	704	C	TTCGG	ok
chrx	115649623	115649624	+	0.999996	Prob	0.5	59	C	TCCAG	ok
chr12	120444560	120444561	-	0.999997	Prob	0.685714	47	G	CTGAC	ok
chr12	49558687	49558688	-	0.999032	Prob	0.516129	140	G	ATGAG	ok
chr16	2155312	2155313	-	0.999997	Prob	0.525641	102	G	GCGAA	ok
chr16	28735570	28735571	+	0.999997	Prob	0.605263	181	C	CTCAG	ok
chr17	82238952	82238953	+	0.999996	Prob	0.47619	119	C	TTCAC	ok
chr19	1106767	1106768	+	0.999997	Prob	0.481481	791	C	AACAG	ok
chr18	46084649	46084650	-	0.999996	Prob	0.538462	648	G	ATGGG	ok
chr6	52264070	52264071	-	0.999996	Prob	0.58	171	G	TTGGG	ok
chr1	40074074	40074075	-	0.999997	Prob	0.636364	60	G	TGGTA	ok
chr1	45015486	45015487	+	0.999997	Prob	0.62	202	C	TTCGA	ok
chr7	5528105	5528106	-	0.999543	Prob	0.55	647	G	GCGTA	ok
chr12	6965616	6965617	-	0.999032	Prob	0.5	532	G	CTGGC	ok
chr19	19120128	19120129	-	0.999996	Prob	0.4	50	G	CTGAG	ok
chr17	4959519	4959520	-	0.99999	Prob	0.692308	53	G	GAGCT	ok
chr22	38682883	38682884	+	0.999997	Prob	0.474359	117	C	TTCCA	ok
chr14	35402632	35402633	-	0.999997	Prob	0.65	27	G	GAGGT	ok
chr19	18569061	18569062	+	0.999997	Prob	0.4	100	C	CCCAC	ok
chr17	64502965	64502966	-	0.99999	Prob	0.568627	318	G	CTGAA	ok
chr2	27375637	27375638	+	0.999997	Prob	0.6	87	C	GCCTG	ok
chr17	75261886	75261887	+	0.999997	Prob	0.471429	86	C	CTCGT	ok
chr19	10712261	10712262	+	0.999997	Prob	0.590909	36	C	GGCTG	ok
chr19	14518157	14518158	-	0.999997	Prob	0.575758	51	G	TCGAA	ok
chr20	23354498	23354499	+	0.999997	Prob	0.590909	54	C	GCCCT	ok
chr18	57601360	57601361	-	0.999984	Prob	0.455696	87	G	TGGAT	ok
chr16	87868961	87868962	-	0.999997	Prob	0.518519	35	G	AGGTG	ok
chr16	58115342	58115343	-	0.99999	Prob	0.518519	53	G	CTGGT	ok
chr1	28200560	28200561	-	0.999997	Prob	0.526316	99	G	GGGTA	ok
chr5	33454955	33454956	+	0.99999	Prob	0.532609	139	C	CACTC	ok
chr1	155062625	155062626	+	0.99999	Prob	0.5	76	C	CACCG	ok
chr3	112536591	112536592	-	0.99999	Prob	0.550725	111	G	AAGGC	ok
chr8	144423884	144423885	-	0.99999	Prob	0.5	117	G	CAGCT	ok
chr4	121684754	121684755	-	0.99999	Prob	0.563218	113	G	ATGCT	ok
chr18	21630229	21630230	+	0.999997	Prob	0.75	38	C	TACTT	ok
chr17	78185063	78185064	-	0.999543	Prob	0.569892	119	G	GTGTG	ok
chr3	57597150	57597151	-	0.999997	Prob	0.567568	61	G	TGGCA	ok
chr11	64197329	64197330	+	0.999997	Prob	0.447368	71	C	GCCTT	ok
chr11	67071537	67071538	+	0.999997	Prob	0.522727	51	C	GGCCC	ok
chr1	43359527	43359528	+	0.999997	Prob	0.534483	95	C	AACCT	ok
chr7	6814772	6814773	-	0.999996	Prob	0.681818	26	G	TCGAT	ok
chr19	52211411	52211412	+	0.999992	Prob	0.52381	78	C	TTCAC	ok
chr16	28711682	28711683	+	0.999992	Prob	0.469388	71	C	GTCGC	ok
chr14	102085989	102085990	-	0.999032	Prob	0.489583	785	G	TTGGT	ok
chr22	17138307	17138308	-	0.999997	Prob	0.458333	51	G	CAGGT	ok
chr13	113179057	113179058	-	0.999997	Prob	0.666667	89	G	CAGAG	ok
chr16	636279	636280	-	0.999997	Prob	0.472727	260	G	CCGCC	ok
chr22	44131619	44131620	+	0.999996	Prob	0.454545	29	C	AGCGT	ok
chr5	163443813	163443814	+	0.999997	Prob	0.619048	28	C	AACTG	ok
chr11	34100511	34100512	+	0.999997	Prob	0.451613	60	C	ATCTT	ok
chr6	15533296	15533297	-	0.999997	Prob	0.538462	51	G	CTGGA	ok
chr5	176392717	176392718	-	0.999996	Prob	0.52381	67	G	CTGCT	ok
chr15	101642319	101642320	-	0.99999	Prob	0.5	35	G	TAGCA	ok
chr8	143816951	143816952	-	0.99999	Prob	0.536585	192	G	GCGCT	ok
chr11	57407252	57407253	-	0.999997	Prob	0.621622	193	G	AAGGT	ok
chr1	165662823	165662824	-	0.999997	Prob	0.703704	89	G	ACGCT	ok
chr8	30578650	30578651	-	0.999997	Prob	0.666667	46	G	TGGAG	ok
chr21	33549491	33549492	+	0.999992	Prob	0.591549	149	C	TCCAG	ok
chr12	120579406	120579407	-	0.999996	Prob	0.568182	131	G	CCGCT	ok
chr4	87336872	87336873	-	0.999997	Prob	0.539683	84	G	AAGTT	ok
chr9	35067918	35067919	-	0.999996	Prob	0.518519	66	G	AAGGT	ok
chr5	138511514	138511515	-	0.999997	Prob	0.5	69	G	AGGAC	ok
chr6	34878399	34878400	-	0.999997	Prob	0.608696	42	G	TAGTC	ok
chr1	6264580	6264581	-	0.999997	Prob	0.666667	49	G	GTGGC	ok
chr16	1941284	1941285	-	0.999997	Prob	0.578947	48	G	CCGGA	ok
chr1	233671976	233671977	+	0.99999	Prob	0.52	34	C	TGCAT	ok
chr1	228147492	228147493	+	0.999997	Prob	0.538462	447	C	ACCGA	ok
chr1	220140200	220140201	+	0.999997	Prob	0.508475	65	C	AACAA	ok
chr1	193049843	193049844	-	0.999543	Prob	0.46875	91	G	ATGAA	ok
chr6	143863152	143863153	+	0.999543	Prob	0.666667	35	C	CACAG	ok
chr1	87339623	87339624	+	0.999543	Prob	0.583333	31	C	ATCAT	ok
chr1	77696044	77696045	-	0.999997	Prob	0.434783	48	G	GTGAC	ok
chr10	93528054	93528055	+	0.999543	Prob	0.568627	58	C	CACTC	ok
chr1	42459743	42459744	+	0.99999	Prob	0.5	41	C	AGCAT	ok
chr20	44906443	44906444	+	0.99999	Prob	0.468085	450	C	TTCTC	ok
chr6	37376972	37376973	+	0.999984	Prob	0.521739	26	C	CACAT	ok
chr1	20589215	20589216	+	0.999997	Prob	0.565217	81	C	GCCTA	ok
chr6	31733882	31733883	-	0.999997	Prob	0.565217	262	G	GTGTC	ok
chr11	66288212	66288213	-	0.999992	Prob	0.666667	94	G	CCGGG	ok
chr20	16731737	16731738	+	0.999997	Prob	0.586207	100	C	AACAA	ok
chr7	103341813	103341814	-	0.99999	Prob	0.675676	68	G	CTGCA	ok
chr2	10784098	10784099	-	0.999543	Prob	0.576923	291	G	AAGTT	ok
chr12	103987359	103987360	+	0.999997	Prob	0.545455	36	C	TTCTT	ok
chr17	32360690	32360691	+	0.99999	Prob	0.714286	41	C	ACCTC	ok
chr20	57374753	57374754	+	0.999996	Prob	0.590909	58	C	ATCAC	ok
chr17	76718544	76718545	-	0.999996	Prob	0.655172	60	G	CTGCA	ok
chr13	106567697	106567698	-	0.999543	Prob	0.7	70	G	GCGCG	ok
chr7	1567562	1567563	-	0.999997	Prob	0.44	125	G	GAGTC	ok
chr19	38932627	38932628	+	0.999032	Prob	0.608696	255	C	ACCCA	ok
chr12	51243702	51243703	+	0.999032	Prob	0.472727	126	C	CACTT	ok
chr3	48600119	48600120	-	0.999997	Prob	0.472727	466	G	CTGCG	ok
chr3	186789422	186789423	+	0.999997	Prob	0.535714	189	C	GTCGT	ok
chr12	109090028	109090029	-	0.99999	Prob	0.655172	62	G	TTGAA	ok
chr3	50289300	50289301	-	0.999997	Prob	0.631579	150	G	CGGCA	ok
chr16	634552	634553	-	0.999997	Prob	0.585366	403	G	CAGAG	ok
chr4	98880170	98880171	-	0.999997	Prob	0.652174	57	G	AAGTA	ok
chr7	44582142	44582143	-	0.999543	Prob	0.5	36	G	CAGCG	ok
chr17	41691142	41691143	+	0.999543	Prob	0.6	280	C	TCCTC	ok
chr1	44777759	44777760	+	0.999543	Prob	0.549451	6963	C	TGCCC	ok
chr6	35469328	35469329	+	0.999997	Prob	0.46	70	C	CCCTT	ok
chr17	51161979	51161980	+	0.999543	Prob	0.575	1008	C	TTCTC	ok
chr20	62138247	62138248	-	0.999997	Prob	0.549296	952	G	CAGGA	ok
chr1	109411098	109411099	-	0.999543	Prob	0.506329	627	G	ATGGG	ok
chr22	21000394	21000395	-	0.999997	Prob	0.666667	72	G	TGGAG	ok
chr17	50737003	50737004	+	0.999997	Prob	0.761905	110	C	TTCAC	ok
chr8	143021714	143021715	+	0.999997	Prob	0.6	238	C	TGCGG	ok
chr8	53967557	53967558	-	0.99999	Prob	0.55102	88	G	GTGAA	ok
chr13	45338773	45338774	-	0.999543	Prob	0.662338	1709	G	AAGAA	ok
chr19	49684008	49684009	+	0.999997	Prob	0.47619	138	C	GGCTA	ok
chr12	56663749	56663750	-	0.999996	Prob	0.641509	512	G	TTGCC	ok
chr12	121915858	121915859	+	0.999997	Prob	0.559524	163	C	AGCCC	ok
chr11	62885539	62885540	+	0.999997	Prob	0.5	677	C	CCCTG	ok
chr19	48615335	48615336	-	0.99999	Prob	0.448276	1478	G	CAGCA	ok
chr15	60351733	60351734	-	0.99999	Prob	0.527778	1123	G	AGGAA	ok
chr16	4508131	4508132	+	0.999997	Prob	0.583333	122	C	GCCCT	ok
chr17	7311019	7311020	+	0.999032	Prob	0.809524	242	C	GTCCA	ok
chr17	44319754	44319755	-	0.999997	Prob	0.481481	365	G	CTGGA	ok
chr1	193105393	193105394	-	0.99999	Prob	0.482759	49	G	CCGGA	ok
chr7	141738560	141738561	+	0.999997	Prob	0.464286	57	C	TTCTC	ok
chr20	62308132	62308133	+	0.999997	Prob	0.625	178	C	ACCGC	ok
chr1	119744062	119744063	+	0.999997	Prob	0.619048	687	C	TGCCT	ok
chr11	67611046	67611047	+	0.999996	Prob	0.487179	109	C	TCCCC	ok
chr4	118278841	118278842	+	0.99999	Prob	0.703125	91	C	TACTG	ok
chr6	63580895	63580896	+	0.99999	Prob	0.466667	223	C	CACTC	ok
chr7	26197375	26197376	-	0.999997	Prob	0.608696	288	G	CAGCC	ok
chr7	103367947	103367948	+	0.999997	Prob	0.714286	253	C	AGCAC	ok
chr9	125236484	125236485	-	0.999997	Prob	0.4	585	G	CTGAG	ok
chr11	66976728	66976729	+	0.999996	Prob	0.575	91	C	GGCCA	ok
chr3	39410939	39410940	+	0.999032	Prob	0.642857	4123	C	CGCTG	ok
