chrom	start	end	strand	score	score_type	coverage	ref_base	five_mer_raw	center_status	drach
chr1	1373848	1373849	-	2.5e-07	FDR	128	T	GCTTC	ok	False
chr1	1373849	1373850	-	0.00013	FDR	128	T	CTTCC	ok	False
chr1	1374384	1374385	-	0.00013	FDR	101	T	TGTAA	ok	False
chr1	1402126	1402127	-	0.00025	FDR	180	T	CTTCC	ok	False
chr1	1406923	1406924	-	0.00085	FDR	181	T	TTTTT	ok	False
chr1	1407137	1407138	-	0.015	FDR	174	T	CGTGC	ok	False
chr1	1541816	1541817	-	0.04	FDR	51	T	GTTGT	ok	False
chr1	1541821	1541822	-	0.0018	FDR	51	T	CTTTC	ok	False
chr1	1541822	1541823	-	0.012	FDR	51	T	TTTCC	ok	False
chr1	1541899	1541900	-	0.022	FDR	50	T	ATTGC	ok	False
chr1	1544969	1544970	-	0.0031	FDR	48	T	TGTCC	ok	True
chr1	2399506	2399507	+	0.033	FDR	61	A	GAAGA	ok	False
chr1	2402285	2402286	+	0.00041	FDR	66	A	CGATT	ok	False
chr1	2403196	2403197	+	0.0025	FDR	62	A	TCACA	ok	False
chr1	6785561	6785562	+	7e-08	FDR	122	A	GAAAA	ok	False
chr1	6871958	6871959	+	0.02	FDR	103	A	TGATA	ok	False
chr1	6871997	6871998	+	1.5e-05	FDR	98	A	AAATT	ok	False
chr1	10418852	10418853	+	0.00039	FDR	57	A	GCATT	ok	False
chr1	10419679	10419680	+	0.036	FDR	65	A	CCAGG	ok	False
chr1	11022955	11022956	+	0.0078	FDR	40	A	TTATC	ok	False
chr1	11975436	11975437	+	0.017	FDR	21	A	ACAGG	ok	False
chr1	20618678	20618679	+	0.041	FDR	49	A	GCAAA	ok	False
chr1	23309991	23309992	-	0.00019	FDR	62	T	GTTAT	ok	False
chr1	23313623	23313624	-	0.0033	FDR	128	T	TTTTC	ok	False
chr1	23321562	23321563	-	0.0018	FDR	145	T	CTTTA	ok	False
chr1	23337774	23337775	-	2.9e-07	FDR	150	T	GGTCC	ok	True
chr1	23971951	23971952	-	0.0094	FDR	65	T	AATCA	ok	False
chr1	25360852	25360853	+	0.021	FDR	52	A	GAACA	ok	True
chr1	25360889	25360890	+	0.022	FDR	52	A	GCACT	ok	False
chr1	25903789	25903790	-	8.2e-08	FDR	197	T	CTTCT	ok	False
chr1	26170477	26170478	+	0.00068	FDR	83	A	AAAAG	ok	False
chr1	26281494	26281495	+	9.1e-05	FDR	60	A	GCAAT	ok	False
chr1	26473504	26473505	+	5.5e-09	FDR	151	A	AGATA	ok	False
chr1	26474631	26474632	+	4.4e-06	FDR	162	A	ATAAC	ok	False
chr1	26475225	26475226	+	2.9e-05	FDR	170	A	AAAAA	ok	False
chr1	26475226	26475227	+	5.3e-17	FDR	170	A	AAAAT	ok	False
chr1	26475279	26475280	+	0.01	FDR	176	A	GCACA	ok	False
chr1	26864279	26864280	+	0.0083	FDR	57	A	GGAGT	ok	False
chr1	26945464	26945465	+	0.0016	FDR	49	A	AGAAT	ok	False
chr1	26945616	26945617	+	0.046	FDR	49	A	GTATG	ok	False
chr1	27891774	27891775	-	0.0034	FDR	32	T	GCTAG	ok	False
chr1	28200631	28200632	-	0.00068	FDR	54	T	GGTGG	ok	False
chr1	28201251	28201252	-	0.021	FDR	52	T	ACTCA	ok	False
chr1	28205344	28205345	-	0.0063	FDR	55	T	GTTTG	ok	False
chr1	28205345	28205346	-	0.048	FDR	55	T	TTTGA	ok	False
chr1	28209973	28209974	-	0.00094	FDR	93	T	AGTGT	ok	False
chr1	28210583	28210584	-	7e-08	FDR	108	T	TTTTG	ok	False
chr1	28210608	28210609	-	5.5e-05	FDR	108	T	GATTT	ok	False
chr1	28214967	28214968	-	0.031	FDR	150	T	CATCT	ok	False
chr1	28228962	28228963	-	0.00017	FDR	148	T	GGTCA	ok	True
chr1	28228966	28228967	-	0.049	FDR	148	T	AGTCT	ok	True
chr1	28228974	28228975	-	7.5e-07	FDR	148	T	AATCT	ok	False
chr1	28229000	28229001	-	1.5e-11	FDR	148	T	AGTCT	ok	True
chr1	28229006	28229007	-	1.2e-13	FDR	148	T	TCTTC	ok	False
chr1	28229017	28229018	-	0.0013	FDR	148	T	TGTTT	ok	True
chr1	28229019	28229020	-	2e-06	FDR	148	T	TTTCA	ok	False
chr1	28232934	28232935	-	0.0078	FDR	148	T	GGTCA	ok	True
chr1	28232941	28232942	-	0.046	FDR	148	T	AATGC	ok	False
chr1	28232945	28232946	-	2.1e-07	FDR	148	T	CTTCC	ok	False
chr1	28232997	28232998	-	0.003	FDR	139	T	CATTT	ok	False
chr1	28509438	28509439	+	0.031	FDR	87	A	TCACC	ok	False
chr1	31259967	31259968	-	0.034	FDR	27	T	GGTCA	ok	True
chr1	31348894	31348895	+	0.015	FDR	65	A	GGAAG	ok	False
chr1	31629964	31629965	-	6.5e-07	FDR	52	T	GGTGA	ok	False
chr1	31632572	31632573	-	0.023	FDR	45	T	GATGA	ok	False
chr1	32331512	32331513	+	0.036	FDR	124	A	AGATT	ok	False
chr1	32331553	32331554	+	0.00044	FDR	125	A	AGAAC	ok	False
chr1	32331580	32331581	+	0.033	FDR	124	A	TCAAG	ok	False
chr1	32331726	32331727	+	0.0025	FDR	125	A	CAAAT	ok	False
chr1	32331780	32331781	+	6.3e-05	FDR	130	A	GAAGA	ok	False
chr1	32332109	32332110	+	0.0038	FDR	133	A	GAATT	ok	False
chr1	32333384	32333385	+	0.00038	FDR	55	A	GAAGG	ok	False
chr1	32333435	32333436	+	0.00058	FDR	58	A	GTAAC	ok	False
chr1	32775531	32775532	-	0.0067	FDR	36	T	CCTTT	ok	False
chr1	33010249	33010250	-	0.0016	FDR	99	T	CATTT	ok	False
chr1	33010352	33010353	-	0.045	FDR	96	T	TTTTG	ok	False
chr1	33010353	33010354	-	1.9e-05	FDR	96	T	TTTGA	ok	False
chr1	33010512	33010513	-	0.0002	FDR	88	T	ATTTT	ok	False
chr1	33013083	33013084	-	0.00064	FDR	143	T	GATAT	ok	False
chr1	34855173	34855174	-	0.043	FDR	100	T	CTTCC	ok	False
chr1	35603180	35603181	-	0.031	FDR	191	T	TATCA	ok	False
chr1	36393663	36393664	-	0.02	FDR	76	T	CTTTC	ok	False
chr1	36393794	36393795	-	0.014	FDR	76	T	CTTGG	ok	False
chr1	36393989	36393990	-	0.0013	FDR	72	T	CATCG	ok	False
chr1	36455857	36455858	-	4e-17	FDR	346	T	GTTTT	ok	False
chr1	36455912	36455913	-	0.00085	FDR	350	T	AGTCT	ok	True
chr1	37493853	37493854	-	0.025	FDR	62	T	GATTA	ok	False
chr1	37568925	37568926	-	8.2e-05	FDR	73	T	CTTTA	ok	False
chr1	37958086	37958087	-	0.014	FDR	78	T	CATAG	ok	False
chr1	37979053	37979054	-	0.043	FDR	63	T	ACTCC	ok	False
chr1	38019106	38019107	+	0.03	FDR	95	A	GGAAG	ok	False
chr1	38019111	38019112	+	0.00053	FDR	96	A	CAACA	ok	False
chr1	38867591	38867592	-	0.012	FDR	84	T	CTTCA	ok	False
chr1	39753438	39753439	+	0.00032	FDR	46	A	CGAGG	ok	False
chr1	39753472	39753473	+	9e-07	FDR	47	A	ATATG	ok	False
chr1	40072865	40072866	-	0.014	FDR	60	T	GGTTC	ok	True
chr1	40073355	40073356	-	0.022	FDR	48	T	TTTCT	ok	False
chr1	42696909	42696910	+	6.7e-10	FDR	722	A	GTATT	ok	False
chr1	42697186	42697187	+	1.8e-43	FDR	1059	A	TGACA	ok	True
chr1	43359597	43359598	+	0.0097	FDR	53	A	CAAGG	ok	False
chr1	43360537	43360538	+	0.00031	FDR	58	A	TGACC	ok	True
chr1	43360931	43360932	+	0.00036	FDR	62	A	AGACA	ok	True
chr1	43362233	43362234	+	0.042	FDR	72	A	TCATC	ok	False
chr1	43363720	43363721	-	9.5e-05	FDR	47	T	GCTGC	ok	False
chr1	44778664	44778665	+	0	FDR	3380	A	TCAAG	ok	False
chr1	44778673	44778674	+	2.6e-93	FDR	3354	A	GCAAA	ok	False
chr1	45013631	45013632	+	0.0026	FDR	68	A	GGACC	ok	True
chr1	45013770	45013771	+	0.045	FDR	71	A	TGATT	ok	False
chr1	45015536	45015537	+	0.013	FDR	91	A	TGATT	ok	False
chr1	45015559	45015560	+	0.0002	FDR	88	A	AAAAG	ok	False
chr1	45568997	45568998	+	0.0038	FDR	63	A	CAAGG	ok	False
chr1	45569226	45569227	+	3.2e-09	FDR	67	A	TTACG	ok	False
chr1	45570027	45570028	+	2.9e-06	FDR	63	A	TTAAT	ok	False
chr1	47377585	47377586	+	0.0025	FDR	43	A	GTAAC	ok	False
chr1	52086773	52086774	+	0.00073	FDR	60	A	GGAAG	ok	False
chr1	52086774	52086775	+	0.005	FDR	60	A	GAAGC	ok	False
chr1	52416949	52416950	+	0.0012	FDR	37	A	TGACT	ok	True
chr1	53960450	53960451	+	0.021	FDR	41	A	GAATC	ok	False
chr1	53962120	53962121	+	0.034	FDR	43	A	CAAGG	ok	False
chr1	53967828	53967829	+	0.0029	FDR	53	A	AGAAG	ok	False
chr1	53967829	53967830	+	1.1e-05	FDR	53	A	GAAGA	ok	False
chr1	53967938	53967939	+	0.026	FDR	53	A	TGATT	ok	False
chr1	53968105	53968106	+	7.8e-05	FDR	49	A	TAATT	ok	False
chr1	54031678	54031679	-	0.012	FDR	35	T	TATTC	ok	False
chr1	54031689	54031690	-	0.012	FDR	39	T	AATTT	ok	False
chr1	54036648	54036649	-	1.7e-06	FDR	117	T	GTTGC	ok	False
chr1	54210035	54210036	+	0.0045	FDR	95	A	TGAAG	ok	False
chr1	54210125	54210126	+	0.035	FDR	98	A	TGACA	ok	True
chr1	54849964	54849965	-	0.017	FDR	41	T	ACTGC	ok	False
chr1	61681320	61681321	-	0.02	FDR	86	T	AGTTC	ok	True
chr1	62437354	62437355	+	0.013	FDR	80	A	GGACT	ok	True
chr1	63440831	63440832	-	0.0031	FDR	50	T	TATGT	ok	False
chr1	63440898	63440899	-	0.02	FDR	50	T	AATGT	ok	False
chr1	63454460	63454461	-	0.012	FDR	59	T	ACTGC	ok	False
chr1	63490190	63490191	-	0.0056	FDR	84	T	CTTCC	ok	False
chr1	63508552	63508553	-	0.036	FDR	78	T	ACTTC	ok	False
chr1	63523162	63523163	-	1.1e-06	FDR	75	T	GCTGA	ok	False
chr1	63629979	63629980	+	7.1e-06	FDR	49	A	AAATC	ok	False
chr1	63631745	63631746	+	0.011	FDR	53	A	CAAAC	ok	False
chr1	63651701	63651702	+	0.0049	FDR	68	A	GCAAA	ok	False
chr1	63651793	63651794	+	0.035	FDR	67	A	GGAGA	ok	False
chr1	63659721	63659722	+	0.00034	FDR	75	A	CCAAG	ok	False
chr1	64873487	64873488	-	0.042	FDR	50	T	CATTG	ok	False
chr1	65224801	65224802	+	0.0017	FDR	24	A	AAACC	ok	True
chr1	67430260	67430261	-	1.1e-09	FDR	1615	T	GGTGA	ok	False
chr1	67704844	67704845	-	0.0027	FDR	48	T	AATAA	ok	False
chr1	67705388	67705389	-	0.038	FDR	69	T	TCTTC	ok	False
chr1	67707596	67707597	-	3.9e-07	FDR	63	T	TTTAT	ok	False
chr1	70438779	70438780	+	0.015	FDR	61	A	GGATG	ok	False
chr1	71072242	71072243	-	0.00054	FDR	76	T	CTTTT	ok	False
chr1	71072243	71072244	-	0.0021	FDR	76	T	TTTTT	ok	False
chr1	71076797	71076798	-	6.7e-08	FDR	119	T	TGTTC	ok	True
chr1	71076801	71076802	-	0.00033	FDR	122	T	CTTTC	ok	False
chr1	71076817	71076818	-	0.00051	FDR	123	T	CATAC	ok	False
chr1	71076862	71076863	-	3.2e-11	FDR	129	T	AATTC	ok	False
chr1	71076869	71076870	-	1.3e-09	FDR	129	T	ATTGC	ok	False
chr1	71078457	71078458	-	0.0064	FDR	129	T	CGTTT	ok	False
chr1	71078500	71078501	-	0.01	FDR	131	T	TTTTC	ok	False
chr1	71078509	71078510	-	0.013	FDR	130	T	AGTGT	ok	False
chr1	71078511	71078512	-	0.047	FDR	130	T	TGTCT	ok	True
chr1	71078515	71078516	-	2.1e-05	FDR	130	T	TTTCC	ok	False
chr1	71078552	71078553	-	0.047	FDR	106	T	CCTCA	ok	False
chr1	71078561	71078562	-	4.3e-06	FDR	106	T	TTTTC	ok	False
chr1	71078562	71078563	-	0.022	FDR	106	T	TTTCT	ok	False
chr1	71078699	71078700	-	0.0029	FDR	104	T	CATTT	ok	False
chr1	74706975	74706976	-	0.017	FDR	52	T	AGTAC	ok	False
chr1	75733551	75733552	+	0.016	FDR	98	A	TGATG	ok	False
chr1	75750531	75750532	+	0.014	FDR	77	A	GAAAG	ok	False
chr1	75761190	75761191	+	0.0031	FDR	78	A	AGAGA	ok	False
chr1	75762712	75762713	+	8.6e-07	FDR	100	A	AAATT	ok	False
chr1	75762717	75762718	+	0.008	FDR	100	A	CAAAG	ok	False
chr1	75763230	75763231	+	0.0033	FDR	70	A	TGAAA	ok	False
chr1	84479300	84479301	+	1.1e-06	FDR	111	A	TAAGA	ok	False
chr1	84479336	84479337	+	0.011	FDR	118	A	GAAAG	ok	False
chr1	84479360	84479361	+	0.012	FDR	121	A	GGAGG	ok	False
chr1	84479391	84479392	+	0.014	FDR	180	A	GAAAA	ok	False
chr1	84479402	84479403	+	0.00045	FDR	178	A	CCAAC	ok	False
chr1	84479411	84479412	+	0.044	FDR	178	A	GAAAG	ok	False
chr1	84479412	84479413	+	0.044	FDR	178	A	AAAGC	ok	False
chr1	84479449	84479450	+	1e-05	FDR	182	A	AGATT	ok	False
chr1	84479462	84479463	+	0.00031	FDR	182	A	ACAGC	ok	False
chr1	84479471	84479472	+	0.0021	FDR	183	A	ACACT	ok	False
chr1	85258690	85258691	-	0.0067	FDR	93	T	AATTT	ok	False
chr1	85258710	85258711	-	0.022	FDR	92	T	AATTC	ok	False
chr1	86863057	86863058	-	1.2e-16	FDR	338	T	AGTAT	ok	False
chr1	86863072	86863073	-	5.7e-13	FDR	338	T	CTTTG	ok	False
chr1	86863073	86863074	-	0.0018	FDR	338	T	TTTGT	ok	False
chr1	86863075	86863076	-	1.2e-06	FDR	337	T	TGTAG	ok	False
chr1	88857334	88857335	-	0.00083	FDR	129	T	CATCT	ok	False
chr1	88857460	88857461	-	5.9e-05	FDR	126	T	CTTAG	ok	False
chr1	90010136	90010137	+	0.0028	FDR	66	A	CTATC	ok	False
chr1	93156340	93156341	-	6.7e-08	FDR	42	T	AGTAA	ok	False
chr1	93876493	93876494	-	0.0082	FDR	55	T	ACTTC	ok	False
chr1	93876838	93876839	-	0.041	FDR	74	T	TGTTT	ok	True
chr1	93876840	93876841	-	4e-07	FDR	74	T	TTTGA	ok	False
chr1	93876845	93876846	-	0.02	FDR	74	T	GTTAA	ok	False
chr1	93877058	93877059	-	0.045	FDR	70	T	TTTGT	ok	False
chr1	93877081	93877082	-	3.1e-06	FDR	69	T	ATTGG	ok	False
chr1	93877168	93877169	-	0.0034	FDR	71	T	ATTTA	ok	False
chr1	93877230	93877231	-	0.011	FDR	70	T	AATTC	ok	False
chr1	93877560	93877561	-	0.025	FDR	83	T	GCTTT	ok	False
chr1	93877561	93877562	-	0.033	FDR	83	T	CTTTT	ok	False
chr1	93877562	93877563	-	0.0031	FDR	82	T	TTTTT	ok	False
chr1	93877833	93877834	-	0.0017	FDR	86	T	GATGC	ok	False
chr1	94517591	94517592	+	0.047	FDR	31	A	ATAAT	ok	False
chr1	94518337	94518338	+	8.2e-05	FDR	37	A	GTACT	ok	False
chr1	100990084	100990085	-	5.4e-07	FDR	100	T	TTTTC	ok	False
chr1	100990085	100990086	-	0.00014	FDR	99	T	TTTCG	ok	False
chr1	100992698	100992699	-	0.00032	FDR	86	T	GGTTT	ok	True
chr1	101001584	101001585	-	0.0093	FDR	85	T	TATAA	ok	False
chr1	101013800	101013801	-	0.03	FDR	85	T	GATCA	ok	False
chr1	101021649	101021650	-	2.2e-07	FDR	85	T	GATCA	ok	False
chr1	101021701	101021702	-	0.027	FDR	85	T	ATTAT	ok	False
chr1	109224041	109224042	+	0.029	FDR	50	A	AAAAT	ok	False
chr1	109238029	109238030	+	0.002	FDR	70	A	GTACC	ok	False
chr1	109238089	109238090	+	0.013	FDR	68	A	TGAAA	ok	False
chr1	109579217	109579218	+	0.049	FDR	74	A	CAATT	ok	False
chr1	109579257	109579258	+	9.5e-06	FDR	75	A	TGACT	ok	True
chr1	109586284	109586285	+	0.0045	FDR	74	A	GCAAT	ok	False
chr1	109586750	109586751	+	0.022	FDR	76	A	GAAAC	ok	False
chr1	109586838	109586839	+	0.046	FDR	76	A	AAAAT	ok	False
chr1	109592372	109592373	+	5.8e-05	FDR	64	A	AGACA	ok	True
chr1	109592409	109592410	+	0.0029	FDR	65	A	TGAAC	ok	False
chr1	109592573	109592574	+	9.5e-05	FDR	70	A	TAATC	ok	False
chr1	109593342	109593343	+	0.013	FDR	67	A	CAAAT	ok	False
chr1	109737024	109737025	-	8.5e-06	FDR	228	T	CTTAC	ok	False
chr1	110401344	110401345	-	1.3e-07	FDR	283	T	AATAT	ok	False
chr1	111440337	111440338	-	0.017	FDR	62	T	TTTAA	ok	False
chr1	111440600	111440601	-	0.025	FDR	65	T	AGTGG	ok	False
chr1	111440676	111440677	-	0.027	FDR	65	T	GTTGT	ok	False
chr1	111440764	111440765	-	0.015	FDR	64	T	ATTAA	ok	False
chr1	111441128	111441129	-	0.0017	FDR	109	T	TATCA	ok	False
chr1	111441152	111441153	-	0.035	FDR	109	T	TGTGT	ok	False
chr1	111442744	111442745	-	0.0051	FDR	106	T	ACTGT	ok	False
chr1	111443911	111443912	-	0.0015	FDR	99	T	AATTC	ok	False
chr1	111443912	111443913	-	0.0068	FDR	99	T	ATTCT	ok	False
chr1	111443914	111443915	-	0.03	FDR	99	T	TCTAT	ok	False
chr1	111447444	111447445	-	0.015	FDR	97	T	TTTGC	ok	False
chr1	111461061	111461062	+	0.01	FDR	618	A	ACAAA	ok	False
chr1	112671009	112671010	+	0.011	FDR	60	A	TAAGC	ok	False
chr1	112671287	112671288	+	0.042	FDR	56	A	TGACA	ok	True
chr1	112671523	112671524	+	0.023	FDR	52	A	ATATT	ok	False
chr1	112701213	112701214	-	0.014	FDR	100	T	CCTGG	ok	False
chr1	112703761	112703762	-	0.0015	FDR	84	T	CATCC	ok	False
chr1	114567919	114567920	-	0.015	FDR	82	T	CTTTT	ok	False
chr1	114568121	114568122	-	0.036	FDR	83	T	AATTG	ok	False
chr1	114576689	114576690	-	1.6e-07	FDR	86	T	CGTTT	ok	False
chr1	114576716	114576717	-	0.0057	FDR	86	T	TGTCG	ok	False
chr1	114581314	114581315	-	0.0019	FDR	84	T	AATCC	ok	False
chr1	114717409	114717410	-	0.0077	FDR	96	T	TTTTT	ok	False
chr1	114717642	114717643	-	0.035	FDR	72	T	GTTTG	ok	False
chr1	114725230	114725231	-	0.016	FDR	118	T	GTTTT	ok	False
chr1	114726264	114726265	-	7.1e-06	FDR	117	T	AATTA	ok	False
chr1	114727009	114727010	-	0.023	FDR	105	T	GATCC	ok	False
chr1	114732733	114732734	-	0.00034	FDR	91	T	CCTTG	ok	False
chr1	114733814	114733815	-	0.013	FDR	88	T	TGTTC	ok	True
chr1	114734009	114734010	-	0.0013	FDR	89	T	AATTC	ok	False
chr1	114739802	114739803	-	0.0064	FDR	91	T	AATAA	ok	False
chr1	114739875	114739876	-	0.00091	FDR	91	T	TTTGG	ok	False
chr1	114739879	114739880	-	0.028	FDR	91	T	GATCA	ok	False
chr1	116399510	116399511	+	0.0034	FDR	53	A	TGAGC	ok	False
chr1	116401166	116401167	+	0.028	FDR	55	A	CCACA	ok	False
chr1	116403939	116403940	+	0.047	FDR	55	A	CGAAG	ok	False
chr1	116404430	116404431	+	0.0026	FDR	58	A	GGAAA	ok	False
chr1	116404655	116404656	+	1.2e-07	FDR	59	A	TGACA	ok	True
chr1	116404697	116404698	+	1.3e-05	FDR	56	A	AAAAG	ok	False
chr1	145925819	145925820	-	4.2e-06	FDR	161	T	ATTTG	ok	False
chr1	149900496	149900497	+	0.046	FDR	31	A	GGATC	ok	False
chr1	149923603	149923604	-	0.026	FDR	72	T	TCTGG	ok	False
chr1	149923704	149923705	-	0.032	FDR	69	T	CATGC	ok	False
chr1	151262179	151262180	+	0.044	FDR	89	A	ATATG	ok	False
chr1	151262299	151262300	+	0.00068	FDR	92	A	CTAAG	ok	False
chr1	151263938	151263939	+	0.0025	FDR	96	A	TCACC	ok	False
chr1	151264916	151264917	+	4.7e-06	FDR	103	A	GGATG	ok	False
chr1	151266328	151266329	+	0.018	FDR	133	A	GAAGA	ok	False
chr1	151762378	151762379	-	3e-06	FDR	114	T	AATTT	ok	False
chr1	151982965	151982966	-	1.3e-08	FDR	290	T	AATAC	ok	False
chr1	153534786	153534787	-	7.6e-50	FDR	2376	T	GGTCC	ok	True
chr1	153607277	153607278	-	0.0007	FDR	97	T	GGTCC	ok	True
chr1	153607636	153607637	-	0.023	FDR	89	T	CATGA	ok	False
chr1	153668030	153668031	-	1.4e-09	FDR	198	T	GATTA	ok	False
chr1	153670172	153670173	-	0.00098	FDR	181	T	CCTCC	ok	False
chr1	153974610	153974611	-	1.8e-10	FDR	220	T	AATCA	ok	False
chr1	153981950	153981951	-	0.027	FDR	91	T	GCTTT	ok	False
chr1	153984739	153984740	-	9.6e-09	FDR	78	T	CTTCT	ok	False
chr1	153991168	153991169	+	1.5e-20	FDR	2685	A	AGAAG	ok	False
chr1	153991169	153991170	+	2.8e-05	FDR	2685	A	GAAGA	ok	False
chr1	154157544	154157545	-	2.9e-07	FDR	142	T	GATCA	ok	False
chr1	154172939	154172940	-	0.0073	FDR	132	T	CGTTC	ok	False
chr1	154182990	154182991	-	0.047	FDR	149	T	TGTTC	ok	True
chr1	154183008	154183009	-	0.011	FDR	149	T	TCTCC	ok	False
chr1	154183103	154183104	-	0.013	FDR	133	T	GGTGG	ok	False
chr1	154206783	154206784	-	8.5e-10	FDR	191	T	TGTTA	ok	True
chr1	154206784	154206785	-	1e-21	FDR	191	T	GTTAG	ok	False
chr1	154206829	154206830	-	8.1e-06	FDR	195	T	TATAT	ok	False
chr1	154206836	154206837	-	0.00056	FDR	197	T	GGTGC	ok	False
chr1	154219902	154219903	-	0.045	FDR	113	T	TTTGC	ok	False
chr1	154263385	154263386	+	0.023	FDR	64	A	GCACC	ok	False
chr1	154274956	154274957	+	0.014	FDR	145	A	TGATG	ok	False
chr1	154984036	154984037	+	0.0024	FDR	25	A	GCATC	ok	False
chr1	155062714	155062715	+	0.049	FDR	29	A	TGAGG	ok	False
chr1	155140074	155140075	-	0.024	FDR	57	T	AGTGC	ok	False
chr1	155140133	155140134	-	0.029	FDR	56	T	CTTCC	ok	False
chr1	155169471	155169472	-	1.4e-50	FDR	501	T	CTTGG	ok	False
chr1	156009638	156009639	-	0.02	FDR	146	T	GCTGC	ok	False
chr1	156011869	156011870	-	0.0074	FDR	136	T	GGTGC	ok	False
chr1	156018323	156018324	-	7.1e-05	FDR	118	T	CTTCT	ok	False
chr1	156055390	156055391	+	6.5e-09	FDR	92	A	TGAAG	ok	False
chr1	156134427	156134428	+	0.00041	FDR	49	A	CAAGA	ok	False
chr1	156134490	156134491	+	0.035	FDR	51	A	GAAGG	ok	False
chr1	156134522	156134523	+	0.045	FDR	52	A	ACAGT	ok	False
chr1	156136021	156136022	+	0.022	FDR	66	A	GCAGC	ok	False
chr1	156136307	156136308	+	0.0016	FDR	65	A	AAAAG	ok	False
chr1	156136315	156136316	+	0.028	FDR	66	A	AAACT	ok	True
chr1	156236469	156236470	+	0.0026	FDR	78	A	GCAGC	ok	False
chr1	156239569	156239570	+	0.03	FDR	77	A	GGAGC	ok	False
chr1	156239780	156239781	+	0.00046	FDR	85	A	GCACC	ok	False
chr1	156317234	156317235	-	3e-26	FDR	368	T	AGTGC	ok	False
chr1	156593497	156593498	+	9e-05	FDR	159	A	GCATC	ok	False
chr1	156593980	156593981	+	0.0029	FDR	160	A	CTACC	ok	False
chr1	156596449	156596450	-	0.015	FDR	87	T	GCTTC	ok	False
chr1	156596450	156596451	-	0.015	FDR	87	T	CTTCT	ok	False
chr1	156601440	156601441	-	0.00043	FDR	72	T	TGTGC	ok	False
chr1	156699977	156699978	-	1.7e-06	FDR	140	T	GGTGA	ok	False
chr1	156737743	156737744	-	0.0002	FDR	111	T	CTTCA	ok	False
chr1	156738347	156738348	-	2.1e-06	FDR	109	T	GTTCA	ok	False
chr1	156738424	156738425	-	0.042	FDR	107	T	CTTCT	ok	False
chr1	156742122	156742123	-	3e-06	FDR	211	T	GGTTT	ok	True
chr1	156742128	156742129	-	0.024	FDR	218	T	ATTTT	ok	False
chr1	156742169	156742170	-	0.0066	FDR	249	T	ACTTC	ok	False
chr1	156742170	156742171	-	0.00022	FDR	249	T	CTTCC	ok	False
chr1	156742287	156742288	-	8.9e-07	FDR	254	T	ACTTA	ok	False
chr1	156742288	156742289	-	0.0043	FDR	254	T	CTTAT	ok	False
chr1	156742390	156742391	-	0.00014	FDR	246	T	CATCA	ok	False
chr1	156742416	156742417	-	3.5e-05	FDR	77	T	AGTCA	ok	True
chr1	156742569	156742570	-	0.00029	FDR	94	T	AATGT	ok	False
chr1	159781357	159781358	+	0.0033	FDR	54	A	GCACG	ok	False
chr1	161100676	161100677	-	0.0018	FDR	98	T	CTTGG	ok	False
chr1	161100755	161100756	-	5.4e-10	FDR	99	T	TCTCA	ok	False
chr1	161100805	161100806	-	4.2e-07	FDR	99	T	AGTTC	ok	True
chr1	161102060	161102061	-	7.5e-07	FDR	99	T	TGTTC	ok	True
chr1	161157000	161157001	+	9.5e-07	FDR	100	A	CCAAC	ok	False
chr1	161157003	161157004	+	3.4e-07	FDR	100	A	ACAAG	ok	False
chr1	161157282	161157283	+	0.0045	FDR	102	A	TGACC	ok	True
chr1	161157689	161157690	+	0.013	FDR	103	A	GTACA	ok	False
chr1	161158671	161158672	+	1e-08	FDR	273	A	CTACT	ok	False
chr1	161158717	161158718	+	2.8e-06	FDR	275	A	GGACA	ok	True
chr1	161158757	161158758	+	0.0016	FDR	274	A	CAACA	ok	False
chr1	161158837	161158838	+	0.047	FDR	242	A	TAAAA	ok	False
chr1	161158838	161158839	+	0.019	FDR	241	A	AAAAG	ok	False
chr1	161206498	161206499	+	0.024	FDR	99	A	TGATG	ok	False
chr1	161212474	161212475	+	0.00016	FDR	123	A	AGATG	ok	False
chr1	161362352	161362353	+	1e-05	FDR	64	A	TGAAG	ok	False
chr1	161362933	161362934	+	2.4e-08	FDR	79	A	GAAGA	ok	False
chr1	161363061	161363062	+	7.8e-10	FDR	79	A	AAATT	ok	False
chr1	161363086	161363087	+	0.025	FDR	79	A	TTATT	ok	False
chr1	163336785	163336786	+	0.016	FDR	37	A	TTATC	ok	False
chr1	165631244	165631245	+	7.8e-07	FDR	173	A	ACACC	ok	False
chr1	165662565	165662566	-	0.033	FDR	57	T	TTTGT	ok	False
chr1	165768838	165768839	-	0.0017	FDR	104	T	ACTCC	ok	False
chr1	165908022	165908023	+	0.039	FDR	42	A	TAACA	ok	True
chr1	173488329	173488330	+	3.3e-05	FDR	115	A	GAATA	ok	False
chr1	173488331	173488332	+	0.043	FDR	114	A	ATAAC	ok	False
chr1	173488664	173488665	+	5.2e-05	FDR	153	A	TGATG	ok	False
chr1	173488670	173488671	+	3.1e-07	FDR	154	A	GTACA	ok	False
chr1	173488725	173488726	+	0.001	FDR	153	A	GTATA	ok	False
chr1	175010534	175010535	+	0.0061	FDR	76	A	TGACC	ok	True
chr1	175010740	175010741	+	0.04	FDR	78	A	GCAAA	ok	False
chr1	175010753	175010754	+	0.0013	FDR	77	A	TGAAA	ok	False
chr1	175014458	175014459	-	0.00015	FDR	90	T	TATGT	ok	False
chr1	175014460	175014461	-	0.0093	FDR	90	T	TGTTT	ok	True
chr1	175014486	175014487	-	1.1e-06	FDR	90	T	AATTC	ok	False
chr1	175014509	175014510	-	2.8e-09	FDR	96	T	AATGT	ok	False
chr1	175014635	175014636	-	2e-05	FDR	102	T	GCTTC	ok	False
chr1	175014636	175014637	-	4.1e-09	FDR	102	T	CTTCC	ok	False
chr1	175014699	175014700	-	0.00014	FDR	102	T	GTTGC	ok	False
chr1	183627343	183627344	-	0.035	FDR	59	T	CTTCT	ok	False
chr1	183627349	183627350	-	0.01	FDR	60	T	TATTA	ok	False
chr1	183627493	183627494	-	0.0086	FDR	273	T	AATTC	ok	False
chr1	183633146	183633147	-	0.00015	FDR	249	T	CATGT	ok	False
chr1	183635687	183635688	-	0.012	FDR	212	T	TCTTC	ok	False
chr1	186373405	186373406	-	0.017	FDR	40	T	CATTC	ok	False
chr1	193016331	193016332	-	0.0064	FDR	75	T	TGTAC	ok	False
chr1	193016390	193016391	-	1.7e-10	FDR	78	T	CTTTT	ok	False
chr1	193023887	193023888	-	0.014	FDR	103	T	TATCA	ok	False
chr1	193023890	193023891	-	0.0014	FDR	113	T	CATTT	ok	False
chr1	193023891	193023892	-	0.033	FDR	113	T	ATTTT	ok	False
chr1	193028129	193028130	-	0.00015	FDR	114	T	AATCA	ok	False
chr1	193029602	193029603	-	0.0054	FDR	111	T	GGTAC	ok	False
chr1	193096582	193096583	-	0.0086	FDR	102	T	TTTAA	ok	False
chr1	193097732	193097733	-	0.0025	FDR	104	T	AATCA	ok	False
chr1	201135400	201135401	-	0.00093	FDR	46	T	TCTCC	ok	False
chr1	201143836	201143837	-	0.00016	FDR	62	T	ATTGT	ok	False
chr1	201483848	201483849	-	0.00023	FDR	84	T	CATCT	ok	False
chr1	201484337	201484338	-	0.0051	FDR	66	T	GTTGC	ok	False
chr1	201957320	201957321	+	2.2e-06	FDR	181	A	CGATG	ok	False
chr1	201969569	201969570	+	0.0042	FDR	204	A	GGATT	ok	False
chr1	202005728	202005729	+	0.021	FDR	29	A	GCATG	ok	False
chr1	202006003	202006004	+	0.0081	FDR	31	A	GGAAG	ok	False
chr1	202941116	202941117	-	0.014	FDR	64	T	GGTAT	ok	False
chr1	203008740	203008741	+	0.05	FDR	69	A	AGATG	ok	False
chr1	203023089	203023090	+	0.048	FDR	94	A	TAATC	ok	False
chr1	207359774	207359775	+	0.002	FDR	195	A	AAAGG	ok	False
chr1	207795197	207795198	+	0.0017	FDR	51	A	TAAAT	ok	False
chr1	207795303	207795304	+	7.6e-10	FDR	48	A	CAAAT	ok	False
chr1	207795388	207795389	+	0.016	FDR	47	A	TAAGC	ok	False
chr1	214613806	214613807	+	0.023	FDR	58	A	TCAGA	ok	False
chr1	214613852	214613853	+	0.0078	FDR	54	A	GAAAA	ok	False
chr1	214613853	214613854	+	0.00025	FDR	54	A	AAAAG	ok	False
chr1	219997219	219997220	-	0.00087	FDR	53	T	GCTTT	ok	False
chr1	220007204	220007205	-	0.0046	FDR	48	T	TGTGT	ok	False
chr1	220025234	220025235	-	0.032	FDR	81	T	CTTTT	ok	False
chr1	220046417	220046418	-	0.034	FDR	70	T	AGTAC	ok	False
chr1	220094462	220094463	+	1.5e-06	FDR	51	A	ACACG	ok	False
chr1	224183284	224183285	+	0.00026	FDR	79	A	GCAGC	ok	False
chr1	224360553	224360554	+	0.019	FDR	202	A	AAATT	ok	False
chr1	224371284	224371285	+	0.0029	FDR	202	A	ATACA	ok	False
chr1	226362068	226362069	-	0.0062	FDR	33	T	GGTAG	ok	False
chr1	228082729	228082730	+	0.05	FDR	194	A	GCAAA	ok	False
chr1	228106776	228106777	-	0.00012	FDR	82	T	GGTCC	ok	True
chr1	230997140	230997141	+	0.018	FDR	31	A	GTAAG	ok	False
chr1	231528433	231528434	-	0.04	FDR	67	T	TTTCC	ok	False
chr1	235109928	235109929	-	1.2e-05	FDR	66	T	GATTA	ok	False
chr1	235109929	235109930	-	6.2e-09	FDR	66	T	ATTAC	ok	False
chr1	235110180	235110181	-	0.039	FDR	54	T	GCTCA	ok	False
chr1	235160576	235160577	-	0.00083	FDR	65	T	CTTGC	ok	False
chr1	241497783	241497784	-	0.0023	FDR	128	T	TTTTT	ok	False
chr1	241506126	241506127	-	0.00067	FDR	115	T	CTTGT	ok	False
chr1	244842215	244842216	+	0.00027	FDR	221	A	TGATG	ok	False
chr1	244843070	244843071	+	8e-07	FDR	224	A	CAAAG	ok	False
chr1	244843074	244843075	+	0.0051	FDR	224	A	GAATC	ok	False
chr1	244843082	244843083	+	0.018	FDR	226	A	GAAAG	ok	False
chr1	244843086	244843087	+	9.7e-23	FDR	225	A	GAATT	ok	False
chr1	244843101	244843102	+	1.9e-12	FDR	222	A	AAATT	ok	False
chr1	244843153	244843154	+	2.4e-05	FDR	196	A	ACACA	ok	False
chr1	244843155	244843156	+	0.048	FDR	196	A	ACAAC	ok	False
chr1	244843204	244843205	+	0.044	FDR	193	A	AAACG	ok	False
chr1	246540598	246540599	-	0.0079	FDR	57	T	AATCA	ok	False
chr1	246541189	246541190	-	0.026	FDR	65	T	AGTGG	ok	False
chr1	246556624	246556625	-	0.0014	FDR	59	T	TATAT	ok	False
chr1	246565901	246565902	-	0.047	FDR	54	T	AATCT	ok	False
chr10	995935	995936	+	0.015	FDR	77	A	TCATC	ok	False
chr10	1000797	1000798	+	0.029	FDR	84	A	TGAGC	ok	False
chr10	1017631	1017632	+	0.041	FDR	45	A	ACAAT	ok	False
chr10	1017683	1017684	+	0.016	FDR	41	A	AGAAG	ok	False
chr10	1040141	1040142	-	0.0076	FDR	83	T	CATTG	ok	False
chr10	1040142	1040143	-	0.0058	FDR	83	T	ATTGA	ok	False
chr10	1040169	1040170	-	1.1e-06	FDR	83	T	AATAT	ok	False
chr10	1040457	1040458	-	1.1e-06	FDR	83	T	AATTC	ok	False
chr10	1040492	1040493	-	6.5e-08	FDR	81	T	AATTC	ok	False
chr10	1040951	1040952	-	0.006	FDR	74	T	TCTCT	ok	False
chr10	1041232	1041233	-	0.0047	FDR	77	T	GATTT	ok	False
chr10	1044104	1044105	-	0.044	FDR	57	T	TGTTG	ok	False
chr10	3135825	3135826	+	3.9e-05	FDR	97	A	GCAAA	ok	False
chr10	3136495	3136496	+	0.047	FDR	99	A	TCATG	ok	False
chr10	3136633	3136634	+	1.5e-17	FDR	104	A	ACACT	ok	False
chr10	3136681	3136682	+	0.00012	FDR	104	A	ATACC	ok	False
chr10	5765350	5765351	-	1.2e-11	FDR	97	T	GATAC	ok	False
chr10	5765474	5765475	-	0.01	FDR	100	T	GTTTG	ok	False
chr10	5765514	5765515	-	0.0018	FDR	99	T	GCTAT	ok	False
chr10	5765876	5765877	-	0.003	FDR	78	T	ATTTA	ok	False
chr10	5796780	5796781	-	3.6e-06	FDR	85	T	CTTGG	ok	False
chr10	5800678	5800679	-	0.00038	FDR	86	T	ACTGA	ok	False
chr10	12167590	12167591	-	0.00089	FDR	189	T	TATTT	ok	False
chr10	12167670	12167671	-	8.3e-09	FDR	195	T	CGTTT	ok	False
chr10	12167671	12167672	-	3.2e-10	FDR	195	T	GTTTA	ok	False
chr10	14840092	14840093	+	0.004	FDR	63	A	CAAAA	ok	False
chr10	14840155	14840156	+	0.034	FDR	62	A	GAAGG	ok	False
chr10	17229675	17229676	+	5.9e-37	FDR	136	A	GGACT	ok	True
chr10	17237544	17237545	+	2.1e-14	FDR	228	A	GCAAG	ok	False
chr10	17237548	17237549	+	1.5e-14	FDR	228	A	GTATC	ok	False
chr10	32037304	32037305	-	0.019	FDR	47	T	TGTTC	ok	True
chr10	32900745	32900746	-	0.014	FDR	70	T	ATTAA	ok	False
chr10	32910293	32910294	-	0.033	FDR	97	T	AGTCG	ok	False
chr10	32910421	32910422	-	0.022	FDR	90	T	TCTCC	ok	False
chr10	32926042	32926043	-	0.0017	FDR	51	T	GGTTC	ok	True
chr10	32929953	32929954	-	0.011	FDR	134	T	ATTTT	ok	False
chr10	32929986	32929987	-	0.047	FDR	136	T	TTTTA	ok	False
chr10	32932583	32932584	-	0.014	FDR	135	T	TTTAA	ok	False
chr10	43396483	43396484	-	3.8e-05	FDR	136	T	GTTGC	ok	False
chr10	45972706	45972707	+	7e-08	FDR	95	A	GCACG	ok	False
chr10	45982532	45982533	+	2.7e-06	FDR	98	A	TGAGT	ok	False
chr10	45982915	45982916	+	0.025	FDR	106	A	AAACC	ok	True
chr10	46003509	46003510	+	0.00014	FDR	123	A	CCAAA	ok	False
chr10	58277136	58277137	+	7.7e-08	FDR	215	A	TTACC	ok	False
chr10	58287639	58287640	+	3.9e-08	FDR	227	A	AAAAG	ok	False
chr10	58386287	58386288	+	0.021	FDR	87	A	TTACC	ok	False
chr10	58388218	58388219	+	0.0064	FDR	87	A	GAATT	ok	False
chr10	58388238	58388239	+	6.3e-10	FDR	83	A	GAACT	ok	True
chr10	60784785	60784786	+	0.0043	FDR	165	A	TGAAG	ok	False
chr10	60784786	60784787	+	0.021	FDR	165	A	GAAGA	ok	False
chr10	60792051	60792052	+	0.00057	FDR	223	A	TCAGG	ok	False
chr10	60794543	60794544	+	0.032	FDR	83	A	AAAGC	ok	False
chr10	60794566	60794567	+	0.02	FDR	83	A	AAATT	ok	False
chr10	68956192	68956193	+	0.00014	FDR	100	A	AGAAG	ok	False
chr10	68956211	68956212	+	1.1e-06	FDR	116	A	GCAAC	ok	False
chr10	68956235	68956236	+	0.013	FDR	150	A	AAAAC	ok	False
chr10	68956273	68956274	+	0.029	FDR	156	A	CAATG	ok	False
chr10	68956290	68956291	+	0.0056	FDR	156	A	ACACT	ok	False
chr10	68956307	68956308	+	0.00036	FDR	153	A	CGAGG	ok	False
chr10	68959815	68959816	+	5.8e-05	FDR	141	A	AAAAG	ok	False
chr10	68959821	68959822	+	0.0093	FDR	140	A	GAAGC	ok	False
chr10	68959855	68959856	+	0.00023	FDR	134	A	GAAGA	ok	False
chr10	68959914	68959915	+	0.012	FDR	132	A	TGAAG	ok	False
chr10	68959915	68959916	+	3.1e-11	FDR	132	A	GAAGT	ok	False
chr10	68959972	68959973	+	0.0042	FDR	117	A	CAAAA	ok	False
chr10	68960003	68960004	+	0.0017	FDR	113	A	TGAGA	ok	False
chr10	68960005	68960006	+	0.012	FDR	113	A	AGAAA	ok	False
chr10	68960118	68960119	+	0.028	FDR	59	A	GAAGA	ok	False
chr10	69171295	69171296	+	0.00011	FDR	47	A	GCAAA	ok	False
chr10	69172472	69172473	+	0.028	FDR	31	A	GTACC	ok	False
chr10	70883581	70883582	-	0.0035	FDR	161	T	GGTCC	ok	True
chr10	70883887	70883888	-	0.0063	FDR	158	T	CCTCC	ok	False
chr10	70885837	70885838	-	4.8e-06	FDR	153	T	CATCA	ok	False
chr10	71816311	71816312	-	3.2e-36	FDR	281	T	AATTT	ok	False
chr10	71816382	71816383	-	9e-20	FDR	314	T	TGTCC	ok	True
chr10	71816460	71816461	-	0.0013	FDR	316	T	GCTTC	ok	False
chr10	71816461	71816462	-	0.00098	FDR	316	T	CTTCC	ok	False
chr10	71816487	71816488	-	0.0016	FDR	119	T	AATCC	ok	False
chr10	71816679	71816680	-	8.8e-05	FDR	134	T	TGTCC	ok	True
chr10	71816950	71816951	-	6.2e-06	FDR	111	T	AATCT	ok	False
chr10	71817115	71817116	-	0.045	FDR	102	T	GATGG	ok	False
chr10	71819561	71819562	-	0.0046	FDR	114	T	AATAA	ok	False
chr10	71825888	71825889	-	0.018	FDR	104	T	TCTTG	ok	False
chr10	71831856	71831857	-	0.017	FDR	92	T	ATTGT	ok	False
chr10	72216050	72216051	+	0.0022	FDR	88	A	GAACA	ok	True
chr10	72220313	72220314	+	0.004	FDR	61	A	GGAAA	ok	False
chr10	72233156	72233157	+	0.029	FDR	59	A	AAAGC	ok	False
chr10	72274390	72274391	+	0.011	FDR	75	A	ACAGC	ok	False
chr10	72274727	72274728	+	0.00032	FDR	75	A	CGACT	ok	False
chr10	72275718	72275719	+	0.013	FDR	108	A	CTATC	ok	False
chr10	72275997	72275998	+	3.9e-11	FDR	94	A	CAATA	ok	False
chr10	73243314	73243315	-	0.0031	FDR	64	T	AATTG	ok	False
chr10	73245927	73245928	-	0.041	FDR	63	T	CTTTT	ok	False
chr10	73246748	73246749	-	0.048	FDR	61	T	AGTCC	ok	True
chr10	73250837	73250838	-	5.2e-08	FDR	129	T	ACTAA	ok	False
chr10	73375672	73375673	-	0.036	FDR	39	T	AGTAC	ok	False
chr10	73376108	73376109	-	0.022	FDR	84	T	AATAG	ok	False
chr10	73383229	73383230	-	0.0074	FDR	68	T	TGTCC	ok	True
chr10	73387776	73387777	-	0.036	FDR	66	T	CATCT	ok	False
chr10	73388328	73388329	-	0.003	FDR	66	T	CCTTA	ok	False
chr10	74224579	74224580	+	0.00014	FDR	74	A	AAACA	ok	True
chr10	74314686	74314687	+	0.011	FDR	73	A	AAAAT	ok	False
chr10	74398554	74398555	+	0.015	FDR	69	A	GAAAA	ok	False
chr10	74398557	74398558	+	0.046	FDR	69	A	AAAGC	ok	False
chr10	75210819	75210820	+	0.015	FDR	74	A	GGAAC	ok	False
chr10	75210820	75210821	+	0.0094	FDR	74	A	GAACG	ok	False
chr10	79353749	79353750	+	0.011	FDR	63	A	GCATG	ok	False
chr10	79354520	79354521	+	0.0027	FDR	77	A	ACAAT	ok	False
chr10	79354630	79354631	+	2.4e-05	FDR	75	A	CTACT	ok	False
chr10	84141500	84141501	+	0.0022	FDR	147	A	CCATG	ok	False
chr10	84144088	84144089	+	6.3e-06	FDR	173	A	GGAGC	ok	False
chr10	86963202	86963203	+	0.00058	FDR	67	A	TTATG	ok	False
chr10	95237985	95237986	-	0.024	FDR	80	T	CATGC	ok	False
chr10	95238027	95238028	-	0.01	FDR	78	T	CCTTC	ok	False
chr10	95268792	95268793	-	0.021	FDR	61	T	GCTAA	ok	False
chr10	95268849	95268850	-	0.0032	FDR	61	T	ACTTT	ok	False
chr10	95268850	95268851	-	0.0024	FDR	61	T	CTTTA	ok	False
chr10	97433151	97433152	+	0.013	FDR	562	A	GAAAT	ok	False
chr10	97437201	97437202	-	0.027	FDR	42	T	TGTGG	ok	False
chr10	97677912	97677913	-	0.024	FDR	59	T	CCTCC	ok	False
chr10	97677927	97677928	-	0.022	FDR	59	T	GATCC	ok	False
chr10	99743256	99743257	+	0.04	FDR	44	A	TGAAG	ok	False
chr10	100363546	100363547	+	0.0042	FDR	26	A	CTAAT	ok	False
chr10	100526526	100526527	-	1.9e-11	FDR	274	T	CCTGT	ok	False
chr10	100529388	100529389	-	6e-08	FDR	200	T	CATCA	ok	False
chr10	100987372	100987373	-	0.018	FDR	111	T	GCTGC	ok	False
chr10	101781378	101781379	-	0.011	FDR	77	T	TATTA	ok	False
chr10	101782302	101782303	-	0.0022	FDR	69	T	CTTCA	ok	False
chr10	102162611	102162612	+	0.0032	FDR	34	A	TGATT	ok	False
chr10	102163635	102163636	+	0.00051	FDR	39	A	GCATT	ok	False
chr10	102488192	102488193	-	0.0019	FDR	42	T	ATTGC	ok	False
chr10	104267391	104267392	+	0.0078	FDR	212	A	TGACT	ok	True
chr10	110577480	110577481	+	0.00045	FDR	43	A	ACAAC	ok	False
chr10	119140934	119140935	-	0.049	FDR	35	T	CTTGA	ok	False
chr10	119140963	119140964	-	0.028	FDR	40	T	ATTTC	ok	False
chr10	119155100	119155101	-	0.018	FDR	38	T	CCTTC	ok	False
chr10	120354862	120354863	-	0.0033	FDR	1725	T	CGTTT	ok	False
chr10	123162652	123162653	+	0.0011	FDR	212	A	ACAAA	ok	False
chr10	125823678	125823679	+	0.0029	FDR	38	A	TGACA	ok	True
chr10	130166959	130166960	+	0.044	FDR	120	A	AAAGC	ok	False
chr10	130179566	130179567	+	0.011	FDR	103	A	CCACC	ok	False
chr10	131968205	131968206	-	0.028	FDR	54	T	AATAC	ok	False
chr10	133366897	133366898	-	1.3e-05	FDR	124	T	CTTGG	ok	False
chr10	133369934	133369935	-	0.0042	FDR	110	T	GCTTC	ok	False
chr11	248792	248793	+	0.00098	FDR	52	A	AGAGA	ok	False
chr11	248982	248983	+	0.028	FDR	56	A	TGATT	ok	False
chr11	309019	309020	+	8.2e-05	FDR	158	A	GGACA	ok	True
chr11	309175	309176	+	1.1e-05	FDR	156	A	GCATC	ok	False
chr11	309291	309292	+	1.5e-05	FDR	152	A	CCACC	ok	False
chr11	320736	320737	-	1.6e-12	FDR	234	T	GCTCC	ok	False
chr11	320739	320740	-	6.6e-05	FDR	234	T	CCTCC	ok	False
chr11	494645	494646	-	0.0094	FDR	59	T	GTTGC	ok	False
chr11	494715	494716	-	4e-06	FDR	60	T	GCTTG	ok	False
chr11	495024	495025	-	0.036	FDR	56	T	GCTGC	ok	False
chr11	838144	838145	+	0.00063	FDR	67	A	TGATC	ok	False
chr11	838595	838596	+	0.001	FDR	83	A	TGACC	ok	True
chr11	1952149	1952150	+	0.024	FDR	60	A	GAATT	ok	False
chr11	1952795	1952796	+	0.016	FDR	63	A	GAAGA	ok	False
chr11	2928632	2928633	-	0.0036	FDR	71	T	CGTCC	ok	False
chr11	2929287	2929288	-	4.7e-05	FDR	58	T	TCTTC	ok	False
chr11	4122180	4122181	+	0.017	FDR	77	A	GGATG	ok	False
chr11	4123318	4123319	+	1.5e-05	FDR	78	A	AGAAC	ok	False
chr11	4127132	4127133	+	0.0027	FDR	79	A	GAAGC	ok	False
chr11	4132411	4132412	+	0.013	FDR	90	A	GGAGA	ok	False
chr11	4135250	4135251	+	0.0061	FDR	98	A	GCACT	ok	False
chr11	4138503	4138504	+	0.0048	FDR	79	A	GGAGT	ok	False
chr11	6604286	6604287	+	0.013	FDR	47	A	TCACT	ok	False
chr11	6609765	6609766	+	0.00017	FDR	54	A	GGACA	ok	True
chr11	6682787	6682788	-	7.7e-05	FDR	166	T	AGTGT	ok	False
chr11	7987376	7987377	+	0.039	FDR	91	A	TAAGT	ok	False
chr11	7991789	7991790	+	0.028	FDR	103	A	CGACA	ok	False
chr11	7991846	7991847	+	0.013	FDR	108	A	AGATG	ok	False
chr11	7994484	7994485	+	0.0045	FDR	130	A	GAAAT	ok	False
chr11	7996121	7996122	+	0.00024	FDR	133	A	ATAGT	ok	False
chr11	7996136	7996137	+	0.00014	FDR	127	A	TGACT	ok	True
chr11	10799294	10799295	-	6e-06	FDR	124	T	AATTT	ok	False
chr11	10800160	10800161	-	0.00058	FDR	162	T	ATTTA	ok	False
chr11	14457762	14457763	-	0.0098	FDR	55	T	GTTGG	ok	False
chr11	14507689	14507690	-	6.3e-05	FDR	209	T	CTTCC	ok	False
chr11	16738753	16738754	+	0.00033	FDR	167	A	GCATT	ok	False
chr11	16738794	16738795	+	2.9e-09	FDR	170	A	AGAGT	ok	False
chr11	16754955	16754956	+	0.0091	FDR	135	A	TGATT	ok	False
chr11	16755620	16755621	+	0.00038	FDR	90	A	AAAGC	ok	False
chr11	16755773	16755774	+	0.0059	FDR	88	A	AAATT	ok	False
chr11	16755806	16755807	+	5e-07	FDR	85	A	AAATA	ok	False
chr11	16755842	16755843	+	3.6e-13	FDR	82	A	TGACC	ok	True
chr11	16755852	16755853	+	0.00048	FDR	82	A	TAATT	ok	False
chr11	18516130	18516131	-	0.023	FDR	23	T	GGTTC	ok	True
chr11	20364292	20364293	+	0.041	FDR	48	A	TAAAT	ok	False
chr11	20383179	20383180	+	0.017	FDR	50	A	GAAAG	ok	False
chr11	20383543	20383544	+	0.0025	FDR	46	A	TGAAA	ok	False
chr11	27350409	27350410	-	0.033	FDR	45	T	TCTTT	ok	False
chr11	27357418	27357419	-	0.014	FDR	60	T	GTTGC	ok	False
chr11	32097309	32097310	+	0.0012	FDR	48	A	ACAAA	ok	False
chr11	32100566	32100567	+	0.00095	FDR	47	A	CGACA	ok	False
chr11	32105276	32105277	+	2e-06	FDR	57	A	GCATT	ok	False
chr11	32105330	32105331	+	0.0092	FDR	58	A	AAACG	ok	False
chr11	32589105	32589106	+	5.3e-05	FDR	205	A	CCATC	ok	False
chr11	33709527	33709528	-	0.0038	FDR	78	T	GATTT	ok	False
chr11	33709715	33709716	-	0.021	FDR	75	T	TGTGA	ok	False
chr11	33709842	33709843	-	0.00037	FDR	73	T	ACTGC	ok	False
chr11	33709856	33709857	-	0.0059	FDR	73	T	CTTCC	ok	False
chr11	33709905	33709906	-	0.032	FDR	73	T	ACTTC	ok	False
chr11	33709959	33709960	-	0.042	FDR	73	T	TCTTC	ok	False
chr11	33710163	33710164	-	2.3e-06	FDR	178	T	AGTCA	ok	True
chr11	36274158	36274159	-	8.2e-05	FDR	47	T	TCTGC	ok	False
chr11	47419155	47419156	-	0.0054	FDR	89	T	AGTCA	ok	True
chr11	47424061	47424062	-	0.0048	FDR	70	T	TGTCC	ok	True
chr11	47425892	47425893	-	0.0028	FDR	95	T	TGTGC	ok	False
chr11	47584545	47584546	+	2e-06	FDR	165	A	AAATT	ok	False
chr11	57327754	57327755	-	0.036	FDR	89	T	CCTTC	ok	False
chr11	57327755	57327756	-	0.002	FDR	89	T	CTTCT	ok	False
chr11	57327773	57327774	-	0.029	FDR	88	T	GATGC	ok	False
chr11	57407194	57407195	-	8.5e-05	FDR	60	T	ATTCA	ok	False
chr11	57407430	57407431	-	0.0047	FDR	93	T	GATCC	ok	False
chr11	57407498	57407499	-	0.0079	FDR	92	T	GGTCA	ok	True
chr11	57416597	57416598	-	0.012	FDR	45	T	TTTGA	ok	False
chr11	57530121	57530122	-	0.006	FDR	164	T	TGTTG	ok	False
chr11	57705226	57705227	-	0.017	FDR	37	T	GCTAC	ok	False
chr11	57738747	57738748	+	0.014	FDR	59	A	CTATC	ok	False
chr11	57740869	57740870	+	0.00063	FDR	101	A	GTAGG	ok	False
chr11	57740949	57740950	+	0.019	FDR	99	A	ATAAA	ok	False
chr11	57741852	57741853	+	0.00042	FDR	247	A	CCAGG	ok	False
chr11	61299631	61299632	-	0.0037	FDR	68	T	CCTGA	ok	False
chr11	61299707	61299708	-	0.01	FDR	70	T	TCTTC	ok	False
chr11	61299708	61299709	-	0.00056	FDR	70	T	CTTCC	ok	False
chr11	61795521	61795522	+	0.0017	FDR	50	A	GCAGA	ok	False
chr11	61795776	61795777	+	7.4e-05	FDR	49	A	TGATG	ok	False
chr11	61796713	61796714	+	0.03	FDR	54	A	ATATG	ok	False
chr11	61797143	61797144	+	4.3e-05	FDR	69	A	TCAGC	ok	False
chr11	61964761	61964762	-	1.9e-32	FDR	3315	T	CTTGT	ok	False
chr11	62761633	62761634	+	1.8e-05	FDR	62	A	CTACC	ok	False
chr11	62765354	62765355	+	4.4e-05	FDR	71	A	AGATG	ok	False
chr11	62832996	62832997	-	0.0055	FDR	43	T	GTTTG	ok	False
chr11	62834455	62834456	-	3.7e-08	FDR	41	T	GTTAG	ok	False
chr11	62835525	62835526	-	0.025	FDR	35	T	ATTCC	ok	False
chr11	62852474	62852475	-	2.2e-05	FDR	61	T	AATGT	ok	False
chr11	62856220	62856221	+	0.0053	FDR	72	A	TGAGC	ok	False
chr11	62884636	62884637	+	2.3e-17	FDR	243	A	GCATC	ok	False
chr11	62885265	62885266	+	0.00023	FDR	253	A	ATACC	ok	False
chr11	64193081	64193082	+	2.1e-05	FDR	74	A	CAATG	ok	False
chr11	64197281	64197282	+	0.0065	FDR	75	A	GAAAA	ok	False
chr11	64197295	64197296	+	0.0032	FDR	90	A	GAACG	ok	False
chr11	64197375	64197376	+	6.4e-05	FDR	93	A	TGACT	ok	True
chr11	65499465	65499466	+	5e-05	FDR	38	A	TGATT	ok	False
chr11	65571480	65571481	+	0.029	FDR	74	A	CCAGC	ok	False
chr11	65571547	65571548	+	0.002	FDR	74	A	CCACC	ok	False
chr11	65571576	65571577	+	0.0011	FDR	76	A	AGATG	ok	False
chr11	65571752	65571753	+	0.00045	FDR	74	A	AAACC	ok	True
chr11	65720299	65720300	-	0.022	FDR	57	T	GGTCT	ok	True
chr11	65883977	65883978	-	0.00029	FDR	66	T	AGTCA	ok	True
chr11	65884011	65884012	-	0.0045	FDR	65	T	GGTGC	ok	False
chr11	65884972	65884973	-	6.3e-05	FDR	65	T	CTTTC	ok	False
chr11	65885634	65885635	-	0.00046	FDR	60	T	GTTAG	ok	False
chr11	65886407	65886408	-	0.044	FDR	59	T	CGTTT	ok	False
chr11	66068021	66068022	+	0.0069	FDR	35	A	CAACC	ok	False
chr11	66285388	66285389	-	0.0013	FDR	53	T	TATTT	ok	False
chr11	66435849	66435850	-	3.9e-05	FDR	87	T	TGTTT	ok	True
chr11	66436082	66436083	-	0.015	FDR	103	T	TCTGG	ok	False
chr11	66438221	66438222	-	0.034	FDR	101	T	CATTG	ok	False
chr11	66438222	66438223	-	0.0018	FDR	101	T	ATTGA	ok	False
chr11	66646249	66646250	+	0.023	FDR	84	A	CCATT	ok	False
chr11	67399583	67399584	-	4.7e-08	FDR	89	T	TTTCG	ok	False
chr11	67434469	67434470	+	0.037	FDR	32	A	CCAAC	ok	False
chr11	68891356	68891357	-	0.0026	FDR	74	T	AATGC	ok	False
chr11	72097349	72097350	-	0.0006	FDR	39	T	CATGT	ok	False
chr11	73825791	73825792	+	0.00012	FDR	80	A	AGAAG	ok	False
chr11	73864439	73864440	+	0.017	FDR	81	A	TTAGA	ok	False
chr11	73872962	73872963	-	9.8e-14	FDR	115	T	AGTCA	ok	True
chr11	73873316	73873317	-	0.00026	FDR	102	T	CCTCC	ok	False
chr11	74969677	74969678	+	0.0044	FDR	131	A	GCAGC	ok	False
chr11	74976864	74976865	+	0.0007	FDR	134	A	TGACA	ok	True
chr11	74976867	74976868	+	2.9e-05	FDR	134	A	CAAAT	ok	False
chr11	74976931	74976932	+	8.1e-07	FDR	134	A	ACAAA	ok	False
chr11	75404806	75404807	+	4.7e-94	FDR	2720	A	AGAAC	ok	False
chr11	75404807	75404808	+	8.4e-80	FDR	2720	A	GAACA	ok	True
chr11	75404820	75404821	+	2.7e-140	FDR	2730	A	GGAAG	ok	False
chr11	75572687	75572688	+	0.025	FDR	75	A	CAAAG	ok	False
chr11	77616230	77616231	-	4.1e-06	FDR	84	T	CATCC	ok	False
chr11	77616245	77616246	-	2.4e-05	FDR	85	T	TGTTC	ok	True
chr11	77616301	77616302	-	0.0021	FDR	85	T	GGTTA	ok	True
chr11	77616493	77616494	-	5.9e-05	FDR	87	T	AATAC	ok	False
chr11	77619625	77619626	-	0.0012	FDR	84	T	ATTTT	ok	False
chr11	77619640	77619641	-	0.0038	FDR	83	T	CATCT	ok	False
chr11	77619674	77619675	-	0.0035	FDR	82	T	TGTGG	ok	False
chr11	85636060	85636061	+	1.8e-06	FDR	150	A	CCACT	ok	False
chr11	85650262	85650263	+	0.00031	FDR	79	A	AAATC	ok	False
chr11	85650269	85650270	+	2.8e-06	FDR	80	A	AAATC	ok	False
chr11	85650315	85650316	+	0.017	FDR	82	A	AAATT	ok	False
chr11	85655608	85655609	+	1.1e-07	FDR	85	A	TGAAA	ok	False
chr11	85655679	85655680	+	0.00026	FDR	84	A	CTATA	ok	False
chr11	85655681	85655682	+	3.2e-07	FDR	84	A	ATACC	ok	False
chr11	85656478	85656479	+	0.024	FDR	82	A	TGAAC	ok	False
chr11	85656517	85656518	+	0.00029	FDR	76	A	GTAAA	ok	False
chr11	85656530	85656531	+	0.034	FDR	70	A	AAATG	ok	False
chr11	86345636	86345637	+	0.022	FDR	37	A	ATAAT	ok	False
chr11	86809077	86809078	+	0.0069	FDR	99	A	ACAAT	ok	False
chr11	88293784	88293785	-	0.001	FDR	112	T	CTTCC	ok	False
chr11	88293903	88293904	-	0.0011	FDR	121	T	ATTTG	ok	False
chr11	88294139	88294140	-	0.0056	FDR	95	T	CATCC	ok	False
chr11	88335024	88335025	-	0.0082	FDR	89	T	GGTCA	ok	True
chr11	88337674	88337675	-	0.02	FDR	74	T	GCTGC	ok	False
chr11	90201975	90201976	-	0.00026	FDR	43	T	TTTTC	ok	False
chr11	90214037	90214038	-	0.018	FDR	110	T	TCTAC	ok	False
chr11	90214126	90214127	-	3.8e-05	FDR	107	T	TTTGA	ok	False
chr11	90222958	90222959	-	0.00057	FDR	101	T	TCTTT	ok	False
chr11	93739238	93739239	-	0.00063	FDR	64	T	CTTCG	ok	False
chr11	94963394	94963395	-	0.033	FDR	71	T	TATAT	ok	False
chr11	94963508	94963509	-	0.0045	FDR	78	T	CATCC	ok	False
chr11	94972128	94972129	-	0.0051	FDR	133	T	TCTCC	ok	False
chr11	103062344	103062345	-	0.0058	FDR	44	T	CTTCA	ok	False
chr11	108133840	108133841	+	0.039	FDR	74	A	CTACA	ok	False
chr11	108134229	108134230	+	0.036	FDR	74	A	AAAAG	ok	False
chr11	108140148	108140149	+	0.044	FDR	80	A	GAAGT	ok	False
chr11	108146239	108146240	+	1.6e-05	FDR	63	A	GCAAT	ok	False
chr11	108146240	108146241	+	0.00016	FDR	63	A	CAATG	ok	False
chr11	108147472	108147473	+	0.034	FDR	60	A	ATATT	ok	False
chr11	108147554	108147555	+	0.00022	FDR	59	A	GAAAT	ok	False
chr11	112085198	112085199	-	3e-09	FDR	177	T	GATGC	ok	False
chr11	112085241	112085242	-	1e-05	FDR	180	T	CTTAA	ok	False
chr11	112085418	112085419	-	1.3e-05	FDR	181	T	GCTTC	ok	False
chr11	112095055	112095056	+	0.049	FDR	129	A	AAATA	ok	False
chr11	112095623	112095624	+	4.5e-06	FDR	129	A	TTAAT	ok	False
chr11	112150072	112150073	-	0.031	FDR	44	T	CCTCT	ok	False
chr11	112150074	112150075	-	0.046	FDR	44	T	TCTAC	ok	False
chr11	112226474	112226475	+	1.8e-05	FDR	121	A	CCAGG	ok	False
chr11	112233645	112233646	+	2.6e-10	FDR	132	A	TGATT	ok	False
chr11	114443878	114443879	+	0.024	FDR	96	A	CAACC	ok	False
chr11	114450016	114450017	+	0.0043	FDR	64	A	CAACT	ok	False
chr12	4687076	4687077	+	0.00023	FDR	183	A	GGATG	ok	False
chr12	4687153	4687154	+	0.00083	FDR	182	A	CCATG	ok	False
chr12	6200415	6200416	+	0.00092	FDR	112	A	GTATC	ok	False
chr12	6391394	6391395	+	0.0018	FDR	24	A	TGAAA	ok	False
chr12	6492269	6492270	-	5.1e-16	FDR	385	T	CTTCT	ok	False
chr12	6748074	6748075	-	1.7e-10	FDR	132	T	TGTAG	ok	False
chr12	6748544	6748545	-	3e-08	FDR	107	T	TGTAC	ok	False
chr12	6753031	6753032	-	0.018	FDR	97	T	GGTCC	ok	True
chr12	6866036	6866037	+	0.0032	FDR	33	A	GGACC	ok	True
chr12	6870637	6870638	+	2.9e-47	FDR	1315	A	GGAAG	ok	False
chr12	6870897	6870898	+	0.0004	FDR	103	A	TGATC	ok	False
chr12	6945879	6945880	+	0.00032	FDR	189	A	CCACC	ok	False
chr12	6969523	6969524	-	0.00033	FDR	167	T	TTTTT	ok	False
chr12	6974358	6974359	+	0.0065	FDR	95	A	CTACT	ok	False
chr12	8941033	8941034	-	0.028	FDR	96	T	CTTTT	ok	False
chr12	8941034	8941035	-	8.1e-06	FDR	96	T	TTTTC	ok	False
chr12	8941154	8941155	-	0.032	FDR	84	T	TATAC	ok	False
chr12	8941438	8941439	-	3.8e-05	FDR	54	T	TTTTA	ok	False
chr12	10609930	10609931	-	2.6e-08	FDR	104	T	TGTGC	ok	False
chr12	12826067	12826068	+	0.003	FDR	77	A	ACACA	ok	False
chr12	12829589	12829590	+	0.019	FDR	84	A	GTAAA	ok	False
chr12	12829714	12829715	+	0.0025	FDR	89	A	GCAGA	ok	False
chr12	15894080	15894081	+	2.3e-06	FDR	159	A	ATAAA	ok	False
chr12	15894081	15894082	+	0.00029	FDR	161	A	TAAAA	ok	False
chr12	15903222	15903223	+	1.3e-07	FDR	199	A	TGAAT	ok	False
chr12	15903324	15903325	+	2.9e-08	FDR	203	A	TGATC	ok	False
chr12	16037010	16037011	+	0.00037	FDR	54	A	AAAAT	ok	False
chr12	16037052	16037053	+	1e-05	FDR	55	A	GAAAA	ok	False
chr12	16037053	16037054	+	0.001	FDR	55	A	AAAAA	ok	False
chr12	26960532	26960533	+	0.039	FDR	20	A	GTAAC	ok	False
chr12	27028421	27028422	+	8.4e-07	FDR	74	A	ACAAG	ok	False
chr12	27710944	27710945	+	0.011	FDR	107	A	ACACC	ok	False
chr12	27755990	27755991	+	5.1e-05	FDR	121	A	GCATC	ok	False
chr12	32747328	32747329	-	3.5e-05	FDR	58	T	ATTTA	ok	False
chr12	32750798	32750799	-	0.0093	FDR	58	T	CTTTC	ok	False
chr12	42313910	42313911	-	0.00085	FDR	105	T	CTTTT	ok	False
chr12	42313911	42313912	-	0.0015	FDR	105	T	TTTTT	ok	False
chr12	42313912	42313913	-	0.00037	FDR	106	T	TTTTT	ok	False
chr12	42313913	42313914	-	2.3e-09	FDR	107	T	TTTTT	ok	False
chr12	42313938	42313939	-	0.0036	FDR	114	T	CGTTC	ok	False
chr12	42317370	42317371	-	0.024	FDR	115	T	AGTAG	ok	False
chr12	42317427	42317428	-	0.023	FDR	115	T	CTTTT	ok	False
chr12	42322427	42322428	-	0.0017	FDR	112	T	TTTGC	ok	False
chr12	42322436	42322437	-	2.8e-09	FDR	112	T	CTTGG	ok	False
chr12	42324069	42324070	-	0.0072	FDR	113	T	ACTGT	ok	False
chr12	43793770	43793771	-	0.038	FDR	48	T	TGTCC	ok	True
chr12	43793808	43793809	-	0.036	FDR	50	T	AATTT	ok	False
chr12	43793880	43793881	-	0.046	FDR	50	T	TATAC	ok	False
chr12	43794745	43794746	-	0.013	FDR	60	T	TATTT	ok	False
chr12	43794746	43794747	-	0.0027	FDR	61	T	ATTTG	ok	False
chr12	47966691	47966692	+	3e-05	FDR	88	A	TTACC	ok	False
chr12	47968645	47968646	+	0.011	FDR	87	A	CCATC	ok	False
chr12	47968783	47968784	+	0.0024	FDR	77	A	TTACC	ok	False
chr12	47968831	47968832	+	0.00058	FDR	77	A	GAACA	ok	True
chr12	48145973	48145974	+	0.001	FDR	51	A	TTACT	ok	False
chr12	49563490	49563491	-	0.0031	FDR	51	T	GCTCT	ok	False
chr12	49762873	49762874	+	7e-07	FDR	224	A	GGATA	ok	False
chr12	50120336	50120337	+	0.0019	FDR	150	A	GAAGA	ok	False
chr12	50120431	50120432	+	0.012	FDR	130	A	AGACA	ok	True
chr12	51240387	51240388	+	0.0028	FDR	85	A	GAATC	ok	False
chr12	51242444	51242445	+	0.002	FDR	93	A	CTACA	ok	False
chr12	51242813	51242814	+	0.00068	FDR	101	A	CTAAG	ok	False
chr12	51243689	51243690	+	1.7e-06	FDR	98	A	CTACA	ok	False
chr12	51243701	51243702	+	1.9e-08	FDR	98	A	GCACT	ok	False
chr12	52076973	52076974	+	9.1e-05	FDR	42	A	AAACT	ok	True
chr12	52077439	52077440	+	6.9e-07	FDR	44	A	GTACA	ok	False
chr12	52238757	52238758	+	0.00067	FDR	56	A	TCAGG	ok	False
chr12	53033973	53033974	+	0.025	FDR	70	A	GGAAC	ok	False
chr12	53037507	53037508	+	0.00023	FDR	77	A	TCAGC	ok	False
chr12	53037543	53037544	+	0.0073	FDR	82	A	GGAGA	ok	False
chr12	53039657	53039658	+	0.0021	FDR	91	A	CCAGA	ok	False
chr12	53040298	53040299	+	0.028	FDR	88	A	CCAGA	ok	False
chr12	53041770	53041771	+	0.00026	FDR	51	A	ATAAT	ok	False
chr12	53041925	53041926	+	0.00013	FDR	55	A	TAATG	ok	False
chr12	54284784	54284785	+	0.0019	FDR	708	A	CAAAG	ok	False
chr12	54350510	54350511	+	0.027	FDR	150	A	TCACT	ok	False
chr12	54350740	54350741	+	0.01	FDR	165	A	ATATT	ok	False
chr12	55716178	55716179	+	0.027	FDR	86	A	TGAAC	ok	False
chr12	55716179	55716180	+	0.0011	FDR	86	A	GAACG	ok	False
chr12	55716934	55716935	+	7e-05	FDR	92	A	AAAAG	ok	False
chr12	55725858	55725859	-	1.5e-05	FDR	172	T	CATTT	ok	False
chr12	55803685	55803686	-	0.00036	FDR	145	T	GGTCT	ok	True
chr12	55818999	55819000	+	0.0051	FDR	59	A	GGATG	ok	False
chr12	56044206	56044207	+	0.00056	FDR	68	A	AAATG	ok	False
chr12	56104683	56104684	+	8e-17	FDR	518	A	AGACA	ok	True
chr12	56104708	56104709	+	6.3e-06	FDR	528	A	GAAAC	ok	False
chr12	56104734	56104735	+	9.6e-07	FDR	535	A	GGAAG	ok	False
chr12	56104735	56104736	+	7.1e-12	FDR	537	A	GAAGA	ok	False
chr12	56104762	56104763	+	3.5e-22	FDR	542	A	GGAGC	ok	False
chr12	56106698	56106699	+	4e-11	FDR	486	A	AGAAA	ok	False
chr12	56111286	56111287	+	6e-11	FDR	293	A	GGAGG	ok	False
chr12	56271786	56271787	-	7.2e-05	FDR	71	T	AGTGT	ok	False
chr12	56271790	56271791	-	0.011	FDR	71	T	TGTCC	ok	True
chr12	56271821	56271822	-	0.0042	FDR	71	T	GGTAT	ok	False
chr12	56310542	56310543	-	0.034	FDR	95	T	GCTCC	ok	False
chr12	56638303	56638304	-	1.2e-55	FDR	1375	T	AGTAC	ok	False
chr12	56640114	56640115	-	9.9e-05	FDR	782	T	AGTAC	ok	False
chr12	56663674	56663675	-	1.2e-14	FDR	285	T	TTTCA	ok	False
chr12	57233753	57233754	+	0.0023	FDR	77	A	GTACT	ok	False
chr12	57516464	57516465	+	0.0061	FDR	54	A	AAAAG	ok	False
chr12	57516514	57516515	+	0.047	FDR	56	A	CTAAA	ok	False
chr12	57516620	57516621	+	0.0011	FDR	50	A	GGACA	ok	True
chr12	57530353	57530354	-	0.0095	FDR	46	T	TATTA	ok	False
chr12	57530423	57530424	-	0.0001	FDR	46	T	ATTGG	ok	False
chr12	57530523	57530524	-	2.7e-05	FDR	46	T	TATTC	ok	False
chr12	57530712	57530713	-	0.0061	FDR	45	T	CGTTC	ok	False
chr12	57532049	57532050	-	0.00022	FDR	44	T	ATTAG	ok	False
chr12	57533954	57533955	-	0.00036	FDR	42	T	TTTGG	ok	False
chr12	57750955	57750956	-	0.00095	FDR	104	T	ATTCT	ok	False
chr12	57783227	57783228	+	0.038	FDR	64	A	CTACT	ok	False
chr12	57796190	57796191	+	0.0092	FDR	73	A	AAAAC	ok	False
chr12	57796545	57796546	+	0.046	FDR	86	A	TGAAT	ok	False
chr12	57796573	57796574	+	0.045	FDR	86	A	GAAAC	ok	False
chr12	68656426	68656427	+	0.0056	FDR	55	A	AAAAT	ok	False
chr12	68659456	68659457	+	0.031	FDR	61	A	TAATA	ok	False
chr12	68660391	68660392	+	0.0018	FDR	61	A	CAACC	ok	False
chr12	69269740	69269741	+	0.014	FDR	26	A	AAAAA	ok	False
chr12	69390249	69390250	+	0.024	FDR	48	A	GAAAC	ok	False
chr12	69587592	69587593	+	1.1e-13	FDR	212	A	CAATC	ok	False
chr12	76049247	76049248	-	0.00026	FDR	78	T	CCTTC	ok	False
chr12	76050621	76050622	-	3.3e-05	FDR	116	T	AGTCT	ok	True
chr12	76053287	76053288	-	0.0018	FDR	111	T	GTTTC	ok	False
chr12	76059840	76059841	-	0.00014	FDR	197	T	CTTCC	ok	False
chr12	76060214	76060215	-	0.0074	FDR	191	T	TATCT	ok	False
chr12	93409371	93409372	-	0.044	FDR	73	T	AATAT	ok	False
chr12	93410844	93410845	-	0.0002	FDR	90	T	TGTGC	ok	False
chr12	93411228	93411229	-	0.0063	FDR	87	T	AATAA	ok	False
chr12	94971352	94971353	-	1.8e-09	FDR	184	T	ATTGT	ok	False
chr12	94971440	94971441	-	1.6e-06	FDR	207	T	TTTAC	ok	False
chr12	95474222	95474223	+	0.029	FDR	89	A	GAATG	ok	False
chr12	95474306	95474307	+	0.003	FDR	96	A	GAAGA	ok	False
chr12	95476082	95476083	+	0.0078	FDR	100	A	GGAAC	ok	False
chr12	95861211	95861212	+	1.1e-14	FDR	315	A	GGAAA	ok	False
chr12	95866037	95866038	+	7.1e-15	FDR	292	A	GAAGA	ok	False
chr12	95866040	95866041	+	0.0013	FDR	291	A	GAAGA	ok	False
chr12	95866046	95866047	+	0.0053	FDR	291	A	GAAGA	ok	False
chr12	95866059	95866060	+	2.3e-06	FDR	291	A	AAATG	ok	False
chr12	96003842	96003843	-	0.00086	FDR	81	T	AATCG	ok	False
chr12	101395462	101395463	-	0.025	FDR	78	T	GATCA	ok	False
chr12	101396457	101396458	-	0.042	FDR	82	T	CATTT	ok	False
chr12	103934205	103934206	+	1.2e-09	FDR	227	A	GCACA	ok	False
chr12	103938394	103938395	+	0.015	FDR	169	A	AGAAG	ok	False
chr12	103943210	103943211	+	0.0027	FDR	55	A	GAAGG	ok	False
chr12	103943227	103943228	+	0.0057	FDR	55	A	TGAAA	ok	False
chr12	103947771	103947772	+	0.0032	FDR	45	A	GCACT	ok	False
chr12	104349980	104349981	+	0.0053	FDR	118	A	TGACC	ok	True
chr12	104350192	104350193	+	2.6e-08	FDR	118	A	GAAAC	ok	False
chr12	104986450	104986451	+	0.026	FDR	53	A	GGAAG	ok	False
chr12	104994508	104994509	+	0.0045	FDR	47	A	GGATT	ok	False
chr12	107688456	107688457	+	0.0067	FDR	79	A	TGAGT	ok	False
chr12	107697514	107697515	+	0.0016	FDR	75	A	GGACC	ok	True
chr12	107697522	107697523	+	0.03	FDR	75	A	ATATA	ok	False
chr12	107697573	107697574	+	0.0026	FDR	68	A	AAAAG	ok	False
chr12	107697574	107697575	+	0.036	FDR	68	A	AAAGA	ok	False
chr12	108565341	108565342	+	1.2e-05	FDR	107	A	GGAAG	ok	False
chr12	109110585	109110586	+	0.0003	FDR	44	A	AGAAG	ok	False
chr12	110450303	110450304	-	2.5e-08	FDR	193	T	GGTAC	ok	False
chr12	110487912	110487913	+	0.00098	FDR	54	A	TTAGA	ok	False
chr12	110487914	110487915	+	1.3e-05	FDR	54	A	AGAAG	ok	False
chr12	110491701	110491702	-	0.007	FDR	59	T	ACTAC	ok	False
chr12	110491706	110491707	-	0.0012	FDR	59	T	TTTTG	ok	False
chr12	110491707	110491708	-	0.0001	FDR	59	T	TTTGG	ok	False
chr12	110493020	110493021	-	1.3e-09	FDR	191	T	AGTGG	ok	False
chr12	110720052	110720053	-	0.028	FDR	99	T	AGTAA	ok	False
chr12	110722493	110722494	-	0.049	FDR	78	T	GATCC	ok	False
chr12	112022903	112022904	+	0.042	FDR	73	A	CTATA	ok	False
chr12	118145533	118145534	+	5.1e-06	FDR	169	A	GCATT	ok	False
chr12	120196769	120196770	-	1.1e-18	FDR	3312	T	GGTGA	ok	False
chr12	120438452	120438453	+	5.6e-11	FDR	1128	A	TGAAG	ok	False
chr12	120438453	120438454	+	3.6e-20	FDR	1128	A	GAAGT	ok	False
chr12	120440612	120440613	+	1.3e-26	FDR	1125	A	GAAAA	ok	False
chr12	120444332	120444333	-	0.046	FDR	43	T	TTTGC	ok	False
chr12	120464094	120464095	-	0.034	FDR	58	T	GGTCC	ok	True
chr12	120465710	120465711	-	0.016	FDR	53	T	AGTCC	ok	True
chr12	120503327	120503328	-	0.037	FDR	46	T	ATTAA	ok	False
chr12	120579522	120579523	-	0.0063	FDR	90	T	AGTGC	ok	False
chr12	120579594	120579595	-	0.022	FDR	88	T	TGTAC	ok	False
chr12	121308397	121308398	-	0.0055	FDR	69	T	AATAC	ok	False
chr12	121308473	121308474	-	0.029	FDR	78	T	TGTCC	ok	True
chr12	121327151	121327152	-	0.021	FDR	57	T	GTTGT	ok	False
chr12	121327171	121327172	-	1.3e-06	FDR	58	T	CATTC	ok	False
chr12	121330631	121330632	-	0.047	FDR	50	T	CATAG	ok	False
chr12	121345900	121345901	-	0.0024	FDR	54	T	AGTTC	ok	True
chr12	121839759	121839760	-	5.6e-07	FDR	362	T	CATGT	ok	False
chr12	121839762	121839763	-	1.8e-07	FDR	362	T	GTTGG	ok	False
chr12	121849053	121849054	-	8.1e-11	FDR	302	T	GATCA	ok	False
chr12	121894756	121894757	+	8.2e-12	FDR	69	A	TGAAC	ok	False
chr12	121894757	121894758	+	0.0027	FDR	69	A	GAACG	ok	False
chr12	121899650	121899651	+	0.0025	FDR	71	A	ACAAG	ok	False
chr12	121899803	121899804	+	0.0018	FDR	75	A	CCAAA	ok	False
chr12	121915876	121915877	+	0.0062	FDR	88	A	TGATC	ok	False
chr12	121916340	121916341	+	0.017	FDR	97	A	GCATC	ok	False
chr12	121916500	121916501	+	0.042	FDR	97	A	TTAGG	ok	False
chr12	121916572	121916573	+	0.024	FDR	96	A	GGAAG	ok	False
chr12	122982475	122982476	+	0.00051	FDR	147	A	TTAAG	ok	False
chr12	122982502	122982503	+	0.004	FDR	146	A	AAATC	ok	False
chr12	123597832	123597833	+	0.046	FDR	98	A	ATATT	ok	False
chr12	123621780	123621781	-	0.0074	FDR	52	T	CATCG	ok	False
chr12	123630524	123630525	-	0.024	FDR	51	T	GATTG	ok	False
chr13	21147288	21147289	+	6.9e-05	FDR	222	A	CAATT	ok	False
chr13	21177311	21177312	+	0.0023	FDR	143	A	TGAAA	ok	False
chr13	21177388	21177389	+	0.026	FDR	62	A	AAACC	ok	True
chr13	27430604	27430605	+	0.019	FDR	87	A	CCAAT	ok	False
chr13	30459882	30459883	-	0.00087	FDR	22	T	TATCA	ok	False
chr13	30460958	30460959	-	3.4e-07	FDR	189	T	TTTTT	ok	False
chr13	30460959	30460960	-	2e-16	FDR	190	T	TTTTT	ok	False
chr13	30460960	30460961	-	8.5e-05	FDR	190	T	TTTTT	ok	False
chr13	30461395	30461396	-	5.7e-12	FDR	220	T	TCTTC	ok	False
chr13	30461396	30461397	-	7.7e-23	FDR	220	T	CTTCA	ok	False
chr13	30461399	30461400	-	1.5e-07	FDR	220	T	CATCT	ok	False
chr13	30461402	30461403	-	0.00016	FDR	222	T	CTTCC	ok	False
chr13	30463657	30463658	-	5.4e-07	FDR	706	T	GCTTC	ok	False
chr13	30463687	30463688	-	6.7e-05	FDR	695	T	GTTAT	ok	False
chr13	30465827	30465828	-	3.5e-11	FDR	685	T	CGTCC	ok	False
chr13	37005935	37005936	+	0.026	FDR	89	A	CTACC	ok	False
chr13	37006132	37006133	+	0.049	FDR	99	A	AAAGA	ok	False
chr13	37009238	37009239	+	0.0018	FDR	97	A	ACAAG	ok	False
chr13	43107293	43107294	+	0.0011	FDR	93	A	AAAAA	ok	False
chr13	44434634	44434635	-	0.00053	FDR	157	T	GTTGG	ok	False
chr13	46780005	46780006	-	0.00039	FDR	88	T	GTTGC	ok	False
chr13	46793435	46793436	-	0.014	FDR	75	T	GGTAG	ok	False
chr13	48261330	48261331	+	0.039	FDR	51	A	GCAAA	ok	False
chr13	49660791	49660792	-	1.9e-05	FDR	114	T	AATTG	ok	False
chr13	50105131	50105132	+	0.00051	FDR	34	A	GTATT	ok	False
chr13	75526565	75526566	-	1.1e-09	FDR	111	T	AATTT	ok	False
chr13	75530168	75530169	-	0.0016	FDR	109	T	GATCT	ok	False
chr13	75530184	75530185	-	2.5e-05	FDR	109	T	CATCA	ok	False
chr13	75567284	75567285	+	0.0054	FDR	71	A	GAACG	ok	False
chr13	75594932	75594933	+	0.0028	FDR	68	A	AGAAA	ok	False
chr13	75604806	75604807	+	0.021	FDR	66	A	CTAGT	ok	False
chr13	75605805	75605806	+	0.031	FDR	65	A	GCAGC	ok	False
chr13	98021767	98021768	+	0.026	FDR	34	A	GCACA	ok	False
chr13	99554423	99554424	+	0.036	FDR	49	A	TTATA	ok	False
chr13	102767336	102767337	-	0.049	FDR	30	T	GGTCT	ok	True
chr13	106567858	106567859	-	0.038	FDR	64	T	GTTGT	ok	False
chr13	113178176	113178177	-	0.037	FDR	68	T	CGTCC	ok	False
chr14	20456704	20456705	+	0.012	FDR	69	A	TCAAG	ok	False
chr14	20457458	20457459	+	7.8e-08	FDR	88	A	CAAGG	ok	False
chr14	20457709	20457710	+	0.0006	FDR	88	A	CAAAG	ok	False
chr14	20476934	20476935	+	0.021	FDR	100	A	GCATA	ok	False
chr14	20476965	20476966	+	0.0008	FDR	98	A	ATACA	ok	False
chr14	20476967	20476968	+	0.00072	FDR	98	A	ACATT	ok	False
chr14	20477071	20477072	+	0.00044	FDR	90	A	TAAAG	ok	False
chr14	21231069	21231070	-	1.7e-11	FDR	511	T	AATAT	ok	False
chr14	21234192	21234193	-	0.015	FDR	473	T	CATCG	ok	False
chr14	21269346	21269347	-	2e-09	FDR	444	T	GGTTC	ok	True
chr14	21373422	21373423	-	0.043	FDR	58	T	CTTCT	ok	False
chr14	22771546	22771547	+	0.022	FDR	86	A	ACACA	ok	False
chr14	22771662	22771663	+	0.0055	FDR	88	A	GCACA	ok	False
chr14	22920611	22920612	-	0.00015	FDR	45	T	GTTCA	ok	False
chr14	22920742	22920743	-	0.011	FDR	44	T	ATTAT	ok	False
chr14	22920992	22920993	-	0.0072	FDR	44	T	CTTGG	ok	False
chr14	23095605	23095606	+	0.0067	FDR	49	A	CGAGA	ok	False
chr14	23475271	23475272	+	0.019	FDR	46	A	GGACA	ok	True
chr14	23476053	23476054	+	0.024	FDR	49	A	AGATG	ok	False
chr14	24137148	24137149	+	0.0011	FDR	124	A	AGAAC	ok	False
chr14	24137337	24137338	+	0.00012	FDR	128	A	GAAGC	ok	False
chr14	24137421	24137422	+	0.032	FDR	124	A	AAACA	ok	True
chr14	24137537	24137538	+	0.00049	FDR	101	A	AAAAG	ok	False
chr14	24143663	24143664	-	0.049	FDR	131	T	GGTAA	ok	False
chr14	24145460	24145461	-	0.0068	FDR	121	T	AGTCC	ok	True
chr14	24217053	24217054	-	0.0072	FDR	104	T	GGTGT	ok	False
chr14	24218205	24218206	-	4.1e-05	FDR	99	T	GATTC	ok	False
chr14	34434272	34434273	-	9.1e-10	FDR	98	T	TTTAA	ok	False
chr14	34434902	34434903	-	0.0015	FDR	105	T	GCTTT	ok	False
chr14	34435211	34435212	-	0.016	FDR	98	T	GATTT	ok	False
chr14	45129829	45129830	-	0.021	FDR	71	T	GGTTT	ok	True
chr14	45129879	45129880	-	0.0057	FDR	73	T	TATAC	ok	False
chr14	49586028	49586029	-	9.1e-71	FDR	3587	T	CGTGC	ok	False
chr14	49614357	49614358	+	0.027	FDR	29	A	CAAGG	ok	False
chr14	51999713	51999714	+	1.9e-05	FDR	137	A	TAATC	ok	False
chr14	52727578	52727579	+	3.7e-06	FDR	59	A	CTAAG	ok	False
chr14	54408751	54408752	+	0.031	FDR	66	A	AAATT	ok	False
chr14	54420049	54420050	+	0.014	FDR	71	A	AGATT	ok	False
chr14	54420133	54420134	+	2.1e-05	FDR	71	A	TAATT	ok	False
chr14	54420176	54420177	+	0.026	FDR	71	A	GTAAA	ok	False
chr14	54420194	54420195	+	0.011	FDR	70	A	ATATT	ok	False
chr14	54426989	54426990	-	9.8e-06	FDR	86	T	ATTTT	ok	False
chr14	54427173	54427174	-	0.034	FDR	87	T	CATGT	ok	False
chr14	54427426	54427427	-	0.015	FDR	91	T	GATAC	ok	False
chr14	54427713	54427714	-	1.3e-12	FDR	88	T	GATTC	ok	False
chr14	55138205	55138206	+	0.012	FDR	119	A	CCAGG	ok	False
chr14	55142706	55142707	+	0.0011	FDR	137	A	GAAAG	ok	False
chr14	55145179	55145180	+	2.5e-05	FDR	135	A	GTACA	ok	False
chr14	55145362	55145363	+	0.029	FDR	95	A	TCATC	ok	False
chr14	55612205	55612206	+	0.00099	FDR	116	A	AGATA	ok	False
chr14	58244935	58244936	+	0.00092	FDR	281	A	GCACT	ok	False
chr14	58263734	58263735	+	2.8e-15	FDR	334	A	CCAGG	ok	False
chr14	67374507	67374508	+	6.8e-05	FDR	59	A	GAAGC	ok	False
chr14	67380689	67380690	+	0.046	FDR	62	A	TGAAT	ok	False
chr14	67383644	67383645	+	0.04	FDR	73	A	GCATT	ok	False
chr14	69380223	69380224	-	4.7e-10	FDR	276	T	GTTAG	ok	False
chr14	69771496	69771497	+	0.025	FDR	53	A	AAAAA	ok	False
chr14	70326363	70326364	-	0.045	FDR	93	T	GATTT	ok	False
chr14	70326367	70326368	-	0.00017	FDR	93	T	TCTTC	ok	False
chr14	70326368	70326369	-	0.0032	FDR	93	T	CTTCC	ok	False
chr14	74480161	74480162	-	0.026	FDR	77	T	AATCA	ok	False
chr14	74480216	74480217	-	0.0019	FDR	78	T	GGTGC	ok	False
chr14	75134317	75134318	-	0.039	FDR	83	T	GCTCA	ok	False
chr14	75134763	75134764	-	0.0016	FDR	92	T	GTTCT	ok	False
chr14	75152034	75152035	-	0.0067	FDR	82	T	CTTGC	ok	False
chr14	77462220	77462221	+	4.7e-05	FDR	62	A	GAAAA	ok	False
chr14	77465655	77465656	+	0.018	FDR	74	A	TTACC	ok	False
chr14	77468157	77468158	+	3.6e-05	FDR	78	A	GCAAC	ok	False
chr14	77715826	77715827	+	2.4e-16	FDR	790	A	AGAAG	ok	False
chr14	77715827	77715828	+	1.2e-09	FDR	788	A	GAAGG	ok	False
chr14	77734983	77734984	-	0.00044	FDR	43	T	TCTTC	ok	False
chr14	90263319	90263320	+	0.0021	FDR	54	A	TGACA	ok	True
chr14	90265090	90265091	+	9.1e-08	FDR	57	A	TCACC	ok	False
chr14	90268276	90268277	+	0.016	FDR	56	A	TGAGA	ok	False
chr14	90270293	90270294	+	0.023	FDR	62	A	TGATG	ok	False
chr14	90401259	90401260	+	0.0017	FDR	302	A	GAATT	ok	False
chr14	90405456	90405457	+	0.0035	FDR	66	A	GAACC	ok	True
chr14	90405559	90405560	+	0.0013	FDR	63	A	GTAAA	ok	False
chr14	92117629	92117630	-	0.001	FDR	191	T	AGTTC	ok	True
chr14	100354512	100354513	-	0.048	FDR	33	T	TGTAC	ok	False
chr14	102084696	102084697	-	4.8e-19	FDR	186	T	GATCT	ok	False
chr14	102084698	102084699	-	2.5e-12	FDR	186	T	TCTTC	ok	False
chr14	102084699	102084700	-	5.1e-14	FDR	186	T	CTTCC	ok	False
chr14	102084708	102084709	-	1.6e-08	FDR	186	T	CATTG	ok	False
chr14	102084782	102084783	-	6e-07	FDR	186	T	TTTGT	ok	False
chr14	102084808	102084809	-	1.9e-07	FDR	182	T	GATGT	ok	False
chr14	102084810	102084811	-	2.2e-08	FDR	181	T	TGTAC	ok	False
chr14	103335730	103335731	+	0.0016	FDR	91	A	AAATT	ok	False
chr14	103338343	103338344	+	0.0091	FDR	93	A	GTACA	ok	False
chr14	103915108	103915109	-	0.0027	FDR	488	T	ATTCC	ok	False
chr14	104759447	104759448	+	3.8e-07	FDR	274	A	GAAAG	ok	False
chr14	104759519	104759520	+	5.4e-07	FDR	274	A	CCACG	ok	False
chr14	104759564	104759565	+	1.7e-14	FDR	277	A	ACACT	ok	False
chr15	34084029	34084030	-	0.0082	FDR	57	T	GATTA	ok	False
chr15	34084258	34084259	-	0.002	FDR	86	T	CTTCA	ok	False
chr15	34228507	34228508	+	0.0006	FDR	62	A	GCATT	ok	False
chr15	34229835	34229836	+	5e-05	FDR	73	A	ACATC	ok	False
chr15	34230068	34230069	+	3.3e-05	FDR	79	A	GTAAA	ok	False
chr15	41332295	41332296	-	0.0026	FDR	44	T	AGTCG	ok	False
chr15	41332993	41332994	+	0.00014	FDR	120	A	TCAAG	ok	False
chr15	41349117	41349118	+	2.9e-06	FDR	99	A	GCATC	ok	False
chr15	41349159	41349160	+	0.017	FDR	99	A	GAAGA	ok	False
chr15	43763088	43763089	+	8.6e-08	FDR	99	A	TGATT	ok	False
chr15	43765486	43765487	+	0.023	FDR	103	A	ACAAG	ok	False
chr15	43766810	43766811	+	0.038	FDR	118	A	TGAAC	ok	False
chr15	43771228	43771229	+	0.0045	FDR	57	A	CCAAA	ok	False
chr15	43801155	43801156	+	0.012	FDR	154	A	GAAGG	ok	False
chr15	48341566	48341567	+	8.6e-05	FDR	107	A	CCAGA	ok	False
chr15	48878725	48878726	+	0.049	FDR	50	A	TTATT	ok	False
chr15	48879578	48879579	+	0.00089	FDR	41	A	GGACT	ok	True
chr15	48879605	48879606	+	0.015	FDR	42	A	GAACT	ok	True
chr15	48879631	48879632	+	0.021	FDR	42	A	AAAAG	ok	False
chr15	55181328	55181329	-	5.9e-05	FDR	53	T	GGTTT	ok	True
chr15	55181380	55181381	-	0.00086	FDR	64	T	TTTCC	ok	False
chr15	55191032	55191033	-	0.0059	FDR	54	T	AATTC	ok	False
chr15	55192826	55192827	-	0.039	FDR	55	T	TCTGA	ok	False
chr15	55196820	55196821	-	0.0042	FDR	56	T	GTTGC	ok	False
chr15	59124867	59124868	+	0.0034	FDR	67	A	GGAAG	ok	False
chr15	59638919	59638920	-	0.0012	FDR	184	T	TTTGT	ok	False
chr15	59638921	59638922	-	9.3e-06	FDR	184	T	TGTCC	ok	True
chr15	59638925	59638926	-	5.9e-08	FDR	184	T	CTTAA	ok	False
chr15	59639033	59639034	-	0.02	FDR	184	T	CATTT	ok	False
chr15	59657421	59657422	-	0.0039	FDR	178	T	CTTCC	ok	False
chr15	64072579	64072580	-	0.012	FDR	133	T	CTTAT	ok	False
chr15	64081134	64081135	-	0.0027	FDR	127	T	TTTAC	ok	False
chr15	65564288	65564289	+	0.024	FDR	77	A	CTATC	ok	False
chr15	65578015	65578016	+	0.019	FDR	43	A	AAAGG	ok	False
chr15	65877788	65877789	+	0.033	FDR	106	A	TTATT	ok	False
chr15	65887762	65887763	+	0.028	FDR	105	A	CAAGC	ok	False
chr15	66341182	66341183	-	0.00043	FDR	39	T	CTTTG	ok	False
chr15	66491366	66491367	+	0.013	FDR	84	A	ATATT	ok	False
chr15	66491523	66491524	+	0.00029	FDR	72	A	TAAAA	ok	False
chr15	66494463	66494464	-	0.044	FDR	24	T	CCTCC	ok	False
chr15	69455483	69455484	+	0.032	FDR	4603	A	ACATG	ok	False
chr15	72751488	72751489	-	0.031	FDR	33	T	TTTAA	ok	False
chr15	75339771	75339772	+	0.016	FDR	64	A	GAAGA	ok	False
chr15	75340020	75340021	+	0.014	FDR	75	A	CCAGG	ok	False
chr15	75340066	75340067	+	0.0002	FDR	71	A	GAACT	ok	True
chr15	75340131	75340132	+	0.026	FDR	71	A	CCAGA	ok	False
chr15	75340268	75340269	+	2.3e-05	FDR	47	A	AAAGG	ok	False
chr15	76231364	76231365	-	4.4e-10	FDR	204	T	GATGG	ok	False
chr15	76283782	76283783	-	9.2e-09	FDR	190	T	AGTCA	ok	True
chr15	76935603	76935604	+	0.0012	FDR	75	A	TGATA	ok	False
chr15	76947515	76947516	+	0.0018	FDR	77	A	CCAAG	ok	False
chr15	76949175	76949176	+	0.0012	FDR	80	A	TTATG	ok	False
chr15	76949294	76949295	+	2.6e-05	FDR	83	A	ATATT	ok	False
chr15	76949653	76949654	+	4.4e-08	FDR	54	A	GCATT	ok	False
chr15	77046739	77046740	-	0.0095	FDR	76	T	TTTAA	ok	False
chr15	78548936	78548937	+	9.2e-06	FDR	167	A	GGATA	ok	False
chr15	78548939	78548940	+	0.00075	FDR	167	A	TAAAT	ok	False
chr15	78894179	78894180	+	1e-06	FDR	112	A	CGATG	ok	False
chr15	78894891	78894892	+	0.00013	FDR	115	A	TCACG	ok	False
chr15	78897082	78897083	+	0.00012	FDR	119	A	TCACT	ok	False
chr15	78897207	78897208	+	0.0014	FDR	128	A	AAAAA	ok	False
chr15	78897208	78897209	+	0.00061	FDR	128	A	AAAAA	ok	False
chr15	78897463	78897464	+	1.2e-05	FDR	105	A	GAACA	ok	True
chr15	78897465	78897466	+	1.4e-07	FDR	105	A	ACACA	ok	False
chr15	78897467	78897468	+	1.6e-05	FDR	105	A	ACACT	ok	False
chr15	78897471	78897472	+	0.0007	FDR	105	A	TCATC	ok	False
chr15	78897649	78897650	+	0.044	FDR	100	A	GCATT	ok	False
chr15	84669990	84669991	-	0.012	FDR	137	T	CATCT	ok	False
chr15	88465699	88465700	-	0.00052	FDR	73	T	TCTTC	ok	False
chr15	88478177	88478178	+	0.0017	FDR	88	A	GCATC	ok	False
chr15	90266372	90266373	+	0.012	FDR	51	A	TGACG	ok	False
chr15	90271948	90271949	+	7e-07	FDR	68	A	AAACT	ok	True
chr15	90272077	90272078	+	0.00041	FDR	66	A	GCAAT	ok	False
chr15	90272160	90272161	+	0.019	FDR	62	A	CAACT	ok	False
chr15	101285735	101285736	-	4.6e-07	FDR	242	T	CTTCT	ok	False
chr16	177349	177350	+	1e-12	FDR	111	A	GCACG	ok	False
chr16	642221	642222	+	0.015	FDR	42	A	GCAGC	ok	False
chr16	681593	681594	+	0.047	FDR	49	A	GGAGC	ok	False
chr16	682432	682433	+	0.0043	FDR	64	A	CTATG	ok	False
chr16	1324791	1324792	+	0.016	FDR	136	A	ATAAG	ok	False
chr16	1325186	1325187	+	4.9e-06	FDR	152	A	GCACC	ok	False
chr16	1325251	1325252	+	0.0091	FDR	153	A	TCAGA	ok	False
chr16	1325253	1325254	+	3.7e-08	FDR	152	A	AGACC	ok	True
chr16	1420073	1420074	-	1.7e-06	FDR	42	T	GCTGA	ok	False
chr16	1772014	1772015	-	6.7e-06	FDR	304	T	GGTGT	ok	False
chr16	1961814	1961815	+	0.00068	FDR	226	A	CTACA	ok	False
chr16	1962218	1962219	-	6e-151	FDR	4247	T	GGTCG	ok	False
chr16	1965068	1965069	+	0.03	FDR	95	A	GGAAT	ok	False
chr16	1965069	1965070	+	2.5e-10	FDR	95	A	GAATC	ok	False
chr16	1965081	1965082	+	0.0024	FDR	96	A	AGAGT	ok	False
chr16	1965091	1965092	+	3e-06	FDR	96	A	TAAAC	ok	False
chr16	1965408	1965409	+	0.0038	FDR	98	A	ACACT	ok	False
chr16	1965429	1965430	+	0.0013	FDR	98	A	ACACC	ok	False
chr16	1965460	1965461	+	0.013	FDR	97	A	GGAAC	ok	False
chr16	1965484	1965485	+	0.0021	FDR	87	A	CAAAT	ok	False
chr16	2208213	2208214	+	0.015	FDR	58	A	AAACT	ok	True
chr16	2208801	2208802	+	0.0062	FDR	60	A	GGAGA	ok	False
chr16	2209231	2209232	+	1.5e-07	FDR	65	A	CCATA	ok	False
chr16	2253641	2253642	-	6e-07	FDR	103	T	TGTGC	ok	False
chr16	2514022	2514023	+	0.021	FDR	55	A	AAACC	ok	True
chr16	2899073	2899074	+	0.002	FDR	42	A	GGATT	ok	False
chr16	3020482	3020483	+	0.027	FDR	79	A	GCAAG	ok	False
chr16	3022166	3022167	+	0.044	FDR	91	A	ACACT	ok	False
chr16	3658092	3658093	-	0.00035	FDR	142	T	TGTCA	ok	True
chr16	3658095	3658096	-	1.4e-05	FDR	144	T	CATCT	ok	False
chr16	4340340	4340341	-	7.7e-05	FDR	158	T	CTTTT	ok	False
chr16	4340365	4340366	-	2.7e-06	FDR	158	T	GATTT	ok	False
chr16	4456104	4456105	+	0.044	FDR	44	A	GTACC	ok	False
chr16	4456355	4456356	+	1.5e-07	FDR	58	A	GGAAC	ok	False
chr16	8849132	8849133	+	0.016	FDR	42	A	TAAAC	ok	False
chr16	8855018	8855019	-	0.00052	FDR	67	T	CATAC	ok	False
chr16	11837553	11837554	-	0.045	FDR	29	T	TGTTG	ok	False
chr16	21971992	21971993	+	0.027	FDR	68	A	GGAAG	ok	False
chr16	21972084	21972085	+	0.037	FDR	74	A	GCACC	ok	False
chr16	21973944	21973945	+	0.027	FDR	82	A	TTATA	ok	False
chr16	21983182	21983183	+	0.024	FDR	97	A	ACACA	ok	False
chr16	23587210	23587211	-	0.015	FDR	286	T	AATCT	ok	False
chr16	27233130	27233131	-	0.011	FDR	28	T	AGTCA	ok	True
chr16	28401280	28401281	-	0.00045	FDR	105	T	GCTTT	ok	False
chr16	28713762	28713763	+	0.026	FDR	114	A	CAAGA	ok	False
chr16	28713985	28713986	+	0.00016	FDR	117	A	AGAGT	ok	False
chr16	28714023	28714024	+	0.048	FDR	118	A	AAAGC	ok	False
chr16	28714084	28714085	+	1.5e-14	FDR	115	A	GGACT	ok	True
chr16	28714327	28714328	+	0.0026	FDR	70	A	GGAAG	ok	False
chr16	28723459	28723460	+	0.0019	FDR	57	A	AAATG	ok	False
chr16	28731898	28731899	+	0.033	FDR	67	A	ACACA	ok	False
chr16	28845341	28845342	-	0.024	FDR	161	T	AGTCT	ok	True
chr16	29443450	29443451	-	0.01	FDR	66	T	TGTAG	ok	False
chr16	29804925	29804926	+	0.013	FDR	64	A	GAACG	ok	False
chr16	30067291	30067292	+	0.0022	FDR	289	A	GAAGA	ok	False
chr16	30067308	30067309	+	3.8e-05	FDR	288	A	ACATC	ok	False
chr16	30069387	30069388	+	0.0014	FDR	316	A	GAAGG	ok	False
chr16	30192970	30192971	-	0.00027	FDR	99	T	AGTCC	ok	True
chr16	30193018	30193019	-	1.3e-05	FDR	100	T	TTTCT	ok	False
chr16	30193379	30193380	-	0.009	FDR	100	T	TTTCC	ok	False
chr16	30423743	30423744	-	2.1e-06	FDR	61	T	AGTGC	ok	False
chr16	30423798	30423799	-	0.00081	FDR	66	T	CATTT	ok	False
chr16	30423815	30423816	-	0.0019	FDR	66	T	CCTGG	ok	False
chr16	30424007	30424008	-	0.032	FDR	68	T	CCTCC	ok	False
chr16	31090955	31090956	-	2.9e-24	FDR	267	T	TGTAA	ok	False
chr16	31093391	31093392	-	0.031	FDR	137	T	CATGC	ok	False
chr16	46660559	46660560	-	0.04	FDR	115	T	GTTTG	ok	False
chr16	46660560	46660561	-	5.7e-07	FDR	115	T	TTTGT	ok	False
chr16	46660562	46660563	-	0.00036	FDR	115	T	TGTTA	ok	True
chr16	46672271	46672272	-	0.018	FDR	83	T	CTTGA	ok	False
chr16	46680700	46680701	-	0.00011	FDR	85	T	TATTT	ok	False
chr16	46682147	46682148	-	0.027	FDR	77	T	TTTTA	ok	False
chr16	46957092	46957093	-	0.023	FDR	36	T	CATTA	ok	False
chr16	46971357	46971358	-	1.2e-06	FDR	82	T	GATGC	ok	False
chr16	46971361	46971362	-	0.036	FDR	82	T	CATCA	ok	False
chr16	56477344	56477345	+	3.7e-05	FDR	115	A	GGAAA	ok	False
chr16	56477345	56477346	+	0.005	FDR	115	A	GAAAG	ok	False
chr16	56608608	56608609	+	6.8e-05	FDR	144	A	CGAAC	ok	False
chr16	56609002	56609003	+	7.4e-11	FDR	195	A	GCACC	ok	False
chr16	56609022	56609023	+	9.3e-17	FDR	195	A	AAATG	ok	False
chr16	56609331	56609332	+	0.00045	FDR	201	A	GGACA	ok	True
chr16	56609333	56609334	+	3e-14	FDR	201	A	ACAAG	ok	False
chr16	56609386	56609387	+	9.5e-12	FDR	204	A	GAACG	ok	False
chr16	56609427	56609428	+	6.1e-06	FDR	196	A	TGACC	ok	True
chr16	56943625	56943626	+	0.022	FDR	58	A	ACATA	ok	False
chr16	57428583	57428584	-	0.006	FDR	76	T	GGTTA	ok	True
chr16	57428687	57428688	-	0.014	FDR	80	T	AGTGA	ok	False
chr16	57430304	57430305	-	0.0073	FDR	70	T	CTTCT	ok	False
chr16	57436725	57436726	-	0.028	FDR	70	T	TATTG	ok	False
chr16	57459609	57459610	+	0.018	FDR	43	A	ACACA	ok	False
chr16	57460919	57460920	+	0.022	FDR	50	A	AAACC	ok	True
chr16	58114810	58114811	-	0.028	FDR	47	T	CCTTT	ok	False
chr16	58708001	58708002	-	0.031	FDR	65	T	TGTCA	ok	True
chr16	61055413	61055414	-	3.2e-06	FDR	112	T	TTTTT	ok	False
chr16	61055671	61055672	-	0.00018	FDR	77	T	CTTCT	ok	False
chr16	66558317	66558318	+	0.019	FDR	61	A	CGATT	ok	False
chr16	66803004	66803005	-	0.0019	FDR	88	T	CTTAC	ok	False
chr16	66810407	66810408	-	0.027	FDR	77	T	TCTGG	ok	False
chr16	66813633	66813634	-	0.001	FDR	79	T	ATTTC	ok	False
chr16	66813797	66813798	-	0.0051	FDR	79	T	GATAT	ok	False
chr16	66813811	66813812	-	2.8e-10	FDR	79	T	GATCA	ok	False
chr16	66823229	66823230	-	0.0078	FDR	112	T	TTTCA	ok	False
chr16	66826552	66826553	-	0.0038	FDR	110	T	GATTT	ok	False
chr16	66932279	66932280	-	0.00011	FDR	160	T	CTTAT	ok	False
chr16	66933686	66933687	-	0.0052	FDR	147	T	AGTGC	ok	False
chr16	66933720	66933721	-	4.1e-08	FDR	145	T	TGTAC	ok	False
chr16	66934279	66934280	-	0.002	FDR	135	T	CGTCA	ok	False
chr16	67227905	67227906	+	0.0075	FDR	55	A	CTACC	ok	False
chr16	67871196	67871197	+	0.0056	FDR	59	A	CAAGT	ok	False
chr16	69341551	69341552	+	0.019	FDR	49	A	CAAAT	ok	False
chr16	69424834	69424835	+	0.033	FDR	84	A	CGATG	ok	False
chr16	69447177	69447178	+	0.004	FDR	87	A	GGAAC	ok	False
chr16	69447178	69447179	+	0.0076	FDR	87	A	GAACA	ok	True
chr16	69462564	69462565	+	0.025	FDR	98	A	AAAAC	ok	False
chr16	69462565	69462566	+	0.015	FDR	98	A	AAACT	ok	True
chr16	69462714	69462715	+	0.024	FDR	101	A	GTACC	ok	False
chr16	69463017	69463018	+	0.0034	FDR	107	A	GGAAG	ok	False
chr16	69463362	69463363	+	0.0037	FDR	48	A	TGATA	ok	False
chr16	69711055	69711056	-	1.3e-06	FDR	190	T	GTTTT	ok	False
chr16	69711056	69711057	-	5.2e-16	FDR	190	T	TTTTT	ok	False
chr16	69742029	69742030	-	0.033	FDR	56	T	ATTTA	ok	False
chr16	69742339	69742340	-	0.012	FDR	55	T	TTTCT	ok	False
chr16	70252706	70252707	-	3.4e-06	FDR	25	T	CCTCC	ok	False
chr16	74300193	74300194	+	0.0054	FDR	124	A	CGAAC	ok	False
chr16	74301072	74301073	+	0.00077	FDR	125	A	CAAAG	ok	False
chr16	75568075	75568076	+	0.014	FDR	118	A	ACATT	ok	False
chr16	75577323	75577324	+	1.2e-05	FDR	120	A	GGATT	ok	False
chr16	75577738	75577739	+	0.0019	FDR	136	A	TTATC	ok	False
chr16	75577800	75577801	+	3e-08	FDR	135	A	TCATG	ok	False
chr16	75630477	75630478	-	7.6e-11	FDR	114	T	GATGC	ok	False
chr16	75631250	75631251	-	0.03	FDR	111	T	AGTTT	ok	True
chr16	75631724	75631725	-	0.0018	FDR	105	T	GATCG	ok	False
chr16	75631823	75631824	-	0.0037	FDR	104	T	CATAA	ok	False
chr16	75636477	75636478	-	0.0024	FDR	89	T	ACTTC	ok	False
chr16	80975873	80975874	-	1.4e-13	FDR	347	T	CATGG	ok	False
chr16	80975876	80975877	-	7.1e-23	FDR	347	T	GGTGA	ok	False
chr16	81017819	81017820	+	0.00055	FDR	123	A	AGAGA	ok	False
chr16	81022860	81022861	+	0.0087	FDR	120	A	AAATT	ok	False
chr16	85678100	85678101	-	2.5e-06	FDR	137	T	CATCA	ok	False
chr16	85687512	85687513	-	0.044	FDR	97	T	GGTTA	ok	True
chr16	85779525	85779526	-	0.043	FDR	51	T	CTTCT	ok	False
chr16	85779832	85779833	-	0.043	FDR	47	T	GATCC	ok	False
chr16	85799141	85799142	-	0.021	FDR	41	T	GGTGT	ok	False
chr16	85799195	85799196	-	0.0006	FDR	41	T	CTTCT	ok	False
chr16	87402968	87402969	+	0.0066	FDR	107	A	TGAAC	ok	False
chr16	87403079	87403080	+	0.017	FDR	103	A	GGATG	ok	False
chr16	87403132	87403133	+	0.0072	FDR	100	A	TAAAC	ok	False
chr16	87830946	87830947	-	0.019	FDR	139	T	CGTGC	ok	False
chr16	87831673	87831674	-	0.046	FDR	99	T	CTTGT	ok	False
chr16	88809504	88809505	-	2.4e-06	FDR	268	T	TGTGT	ok	False
chr16	89957580	89957581	+	0.0064	FDR	67	A	GGAGC	ok	False
chr16	89959254	89959255	+	0.013	FDR	69	A	CCACT	ok	False
chr17	1345426	1345427	-	0.00014	FDR	104	T	GTTTC	ok	False
chr17	1354282	1354283	-	0.0092	FDR	96	T	CTTAT	ok	False
chr17	1364926	1364927	-	0.00067	FDR	209	T	AATGC	ok	False
chr17	1364956	1364957	-	0.033	FDR	218	T	TCTAG	ok	False
chr17	1400051	1400052	-	2.2e-08	FDR	391	T	CGTAT	ok	False
chr17	2638244	2638245	+	0.0012	FDR	53	A	GGAGG	ok	False
chr17	2689812	2689813	-	0.0054	FDR	33	T	TGTGC	ok	False
chr17	3669284	3669285	+	4.6e-05	FDR	139	A	TCACC	ok	False
chr17	3669594	3669595	+	0.0026	FDR	148	A	TAACG	ok	False
chr17	3669599	3669600	+	0.037	FDR	147	A	TTATA	ok	False
chr17	3669645	3669646	+	3.5e-07	FDR	130	A	AGATT	ok	False
chr17	3723745	3723746	-	0.021	FDR	132	T	CCTGA	ok	False
chr17	4798345	4798346	+	5.9e-06	FDR	340	A	AGAGT	ok	False
chr17	4937780	4937781	-	0.019	FDR	50	T	TCTGC	ok	False
chr17	4945138	4945139	+	0.018	FDR	60	A	TGAGG	ok	False
chr17	5114306	5114307	+	0.038	FDR	64	A	CCATG	ok	False
chr17	5114315	5114316	+	0.0083	FDR	63	A	TCACA	ok	False
chr17	5114317	5114318	+	0.00013	FDR	63	A	ACATT	ok	False
chr17	5474456	5474457	-	0.025	FDR	71	T	TTTTT	ok	False
chr17	5486148	5486149	-	0.0015	FDR	59	T	GCTCT	ok	False
chr17	6644374	6644375	-	1.4e-05	FDR	102	T	GGTAG	ok	False
chr17	6644641	6644642	-	3.2e-06	FDR	104	T	TGTGT	ok	False
chr17	7013707	7013708	+	1.2e-13	FDR	324	A	TGATT	ok	False
chr17	7014413	7014414	+	0.00067	FDR	342	A	GAATC	ok	False
chr17	7014503	7014504	+	3.3e-08	FDR	159	A	GTATC	ok	False
chr17	7225245	7225246	+	0.0099	FDR	27	A	TAATA	ok	False
chr17	7402991	7402992	-	0.019	FDR	90	T	TTTTT	ok	False
chr17	7403319	7403320	-	0.028	FDR	90	T	GCTTT	ok	False
chr17	7575129	7575130	+	1e-08	FDR	510	A	TGATT	ok	False
chr17	7577640	7577641	+	0.025	FDR	598	A	ACACC	ok	False
chr17	7578441	7578442	+	3.3e-09	FDR	647	A	ACACC	ok	False
chr17	7578577	7578578	+	3.3e-08	FDR	619	A	GGACA	ok	True
chr17	7578579	7578580	+	2.2e-07	FDR	614	A	ACATC	ok	False
chr17	7857093	7857094	-	2.2e-05	FDR	289	T	AGTGT	ok	False
chr17	7930375	7930376	-	0.029	FDR	68	T	GCTTC	ok	False
chr17	7930376	7930377	-	0.00028	FDR	69	T	CTTCT	ok	False
chr17	7931764	7931765	-	0.0039	FDR	62	T	GGTGC	ok	False
chr17	8288858	8288859	+	0.049	FDR	54	A	TGACG	ok	False
chr17	8289399	8289400	+	0.0018	FDR	66	A	CTAAG	ok	False
chr17	16439573	16439574	+	0.0028	FDR	50	A	TGACC	ok	True
chr17	16439588	16439589	+	0.0085	FDR	62	A	AAACC	ok	True
chr17	16439675	16439676	+	0.0023	FDR	83	A	GCAGA	ok	False
chr17	17249002	17249003	-	4.1e-05	FDR	98	T	CTTCT	ok	False
chr17	17262013	17262014	-	0.0043	FDR	84	T	TGTAC	ok	False
chr17	17276060	17276061	-	0.036	FDR	77	T	TGTTC	ok	True
chr17	28328475	28328476	-	0.0027	FDR	35	T	GATGT	ok	False
chr17	28331984	28331985	-	0.018	FDR	31	T	CATGG	ok	False
chr17	28714800	28714801	-	0.024	FDR	115	T	CATCC	ok	False
chr17	28715081	28715082	-	0.00022	FDR	110	T	CCTGG	ok	False
chr17	28715488	28715489	-	0.044	FDR	107	T	GGTTG	ok	False
chr17	28724088	28724089	+	1.1e-12	FDR	116	A	TGACT	ok	True
chr17	28724292	28724293	+	2.7e-06	FDR	113	A	CTATG	ok	False
chr17	28724331	28724332	+	0.017	FDR	108	A	CCAAT	ok	False
chr17	28724335	28724336	+	2.3e-10	FDR	107	A	TAAAG	ok	False
chr17	31875353	31875354	-	0.011	FDR	38	T	GTTCC	ok	False
chr17	32369613	32369614	+	0.031	FDR	86	A	TCATC	ok	False
chr17	32370084	32370085	+	2.1e-05	FDR	81	A	GCAAG	ok	False
chr17	32447035	32447036	+	0.036	FDR	76	A	GGACA	ok	True
chr17	32480551	32480552	+	0.033	FDR	45	A	TTACG	ok	False
chr17	36493934	36493935	+	0.022	FDR	69	A	TGACT	ok	True
chr17	36493991	36493992	+	1.5e-05	FDR	71	A	GAATT	ok	False
chr17	36495324	36495325	+	2.3e-07	FDR	74	A	TTACA	ok	False
chr17	36495577	36495578	+	0.0017	FDR	91	A	AGACT	ok	True
chr17	36495674	36495675	+	0.01	FDR	122	A	ACATC	ok	False
chr17	37513405	37513406	+	0.022	FDR	52	A	TAACT	ok	True
chr17	38322606	38322607	+	0.016	FDR	63	A	TGACT	ok	True
chr17	38322807	38322808	+	0.032	FDR	67	A	TAAAT	ok	False
chr17	38323103	38323104	+	0.041	FDR	70	A	GAATA	ok	False
chr17	38733365	38733366	+	0.014	FDR	85	A	GTACC	ok	False
chr17	38921316	38921317	+	0.029	FDR	42	A	ATAAC	ok	False
chr17	39729204	39729205	-	0.0094	FDR	92	T	GGTTA	ok	True
chr17	39729568	39729569	-	6.3e-13	FDR	88	T	GGTTT	ok	True
chr17	39997519	39997520	+	0.016	FDR	40	A	AGAAC	ok	False
chr17	40818188	40818189	-	1.9e-05	FDR	107	T	ATTAA	ok	False
chr17	40818199	40818200	-	4.4e-08	FDR	107	T	CTTTC	ok	False
chr17	40818200	40818201	-	1.7e-08	FDR	107	T	TTTCT	ok	False
chr17	40818246	40818247	-	2.4e-09	FDR	110	T	TGTAG	ok	False
chr17	40818358	40818359	-	0.008	FDR	111	T	TCTTT	ok	False
chr17	40818359	40818360	-	0.0019	FDR	111	T	CTTTC	ok	False
chr17	40818360	40818361	-	0.012	FDR	111	T	TTTCC	ok	False
chr17	41690931	41690932	+	1e-23	FDR	645	A	GTAAC	ok	False
chr17	41988889	41988890	-	0.013	FDR	81	T	TTTGG	ok	False
chr17	42000552	42000553	-	0.00071	FDR	71	T	CCTTG	ok	False
chr17	42125094	42125095	-	0.038	FDR	79	T	CTTAC	ok	False
chr17	42614379	42614380	+	0.04	FDR	92	A	TCAAC	ok	False
chr17	42614985	42614986	+	0.00012	FDR	104	A	TGAGT	ok	False
chr17	42615151	42615152	+	0.046	FDR	101	A	ATACA	ok	False
chr17	42615214	42615215	+	1.5e-05	FDR	93	A	TTAAT	ok	False
chr17	42776266	42776267	+	0.021	FDR	72	A	CAACT	ok	False
chr17	42797911	42797912	-	0.0055	FDR	73	T	AGTCC	ok	True
chr17	42798519	42798520	-	0.011	FDR	78	T	GTTCG	ok	False
chr17	42843155	42843156	+	2.3e-06	FDR	49	A	TCACC	ok	False
chr17	43002954	43002955	+	7.4e-09	FDR	1662	A	AAAAA	ok	False
chr17	44075724	44075725	+	3.4e-05	FDR	37	A	ATACA	ok	False
chr17	44319946	44319947	-	0.0023	FDR	197	T	CCTCC	ok	False
chr17	44349214	44349215	+	0.038	FDR	39	A	GGAAC	ok	False
chr17	45061352	45061353	+	0.0059	FDR	106	A	GCAGT	ok	False
chr17	45061367	45061368	+	1.4e-05	FDR	106	A	GCACC	ok	False
chr17	45061386	45061387	+	0.033	FDR	107	A	TGATG	ok	False
chr17	45061395	45061396	+	0.0026	FDR	107	A	GGAAC	ok	False
chr17	45061396	45061397	+	1.3e-05	FDR	107	A	GAACG	ok	False
chr17	45061401	45061402	+	0.03	FDR	106	A	GGAAC	ok	False
chr17	45061414	45061415	+	9.2e-08	FDR	107	A	GCACT	ok	False
chr17	45061444	45061445	+	0.001	FDR	107	A	CAACA	ok	False
chr17	45081655	45081656	+	0.00098	FDR	108	A	CCAGC	ok	False
chr17	45081665	45081666	+	9.1e-08	FDR	108	A	ACACT	ok	False
chr17	47677081	47677082	+	0.0028	FDR	43	A	ATACC	ok	False
chr17	47678401	47678402	+	0.016	FDR	56	A	GGAGA	ok	False
chr17	47680656	47680657	+	0.0048	FDR	67	A	GAAGA	ok	False
chr17	47682682	47682683	+	0.0042	FDR	67	A	AAAAA	ok	False
chr17	48076908	48076909	-	0.04	FDR	57	T	TTTAC	ok	False
chr17	48930423	48930424	-	0.0052	FDR	58	T	TTTGC	ok	False
chr17	48930487	48930488	-	0.0088	FDR	59	T	CTTCT	ok	False
chr17	48944729	48944730	-	7.8e-11	FDR	45	T	GGTGC	ok	False
chr17	50368068	50368069	-	0.0011	FDR	136	T	TCTGT	ok	False
chr17	50368099	50368100	-	0.0057	FDR	135	T	CATAG	ok	False
chr17	50381323	50381324	-	0.0042	FDR	61	T	GCTTG	ok	False
chr17	50381580	50381581	-	0.00025	FDR	51	T	CATGA	ok	False
chr17	50382043	50382044	-	0.00083	FDR	56	T	TTTGC	ok	False
chr17	50382165	50382166	-	0.01	FDR	52	T	GCTGC	ok	False
chr17	50719798	50719799	+	0.016	FDR	97	A	AGAAG	ok	False
chr17	50741681	50741682	+	0.018	FDR	95	A	TGAAG	ok	False
chr17	50744698	50744699	+	0.00026	FDR	78	A	GAAGT	ok	False
chr17	50745770	50745771	+	0.016	FDR	56	A	AAAAG	ok	False
chr17	51168288	51168289	+	0.00017	FDR	1150	A	CGACC	ok	False
chr17	51168310	51168311	+	0.015	FDR	1170	A	TGAAG	ok	False
chr17	51263335	51263336	+	0.045	FDR	41	A	CCACC	ok	False
chr17	58003594	58003595	-	0.0088	FDR	71	T	AGTGA	ok	False
chr17	58003694	58003695	-	0.015	FDR	71	T	TTTAT	ok	False
chr17	58003771	58003772	-	2.4e-05	FDR	70	T	AATCG	ok	False
chr17	58005393	58005394	-	0.0033	FDR	57	T	TGTCA	ok	True
chr17	59697405	59697406	-	4.7e-05	FDR	94	T	TGTGA	ok	False
chr17	59697442	59697443	-	0.0054	FDR	94	T	AGTAA	ok	False
chr17	59808826	59808827	+	0.00013	FDR	69	A	TCAAA	ok	False
chr17	59839872	59839873	+	0.035	FDR	88	A	GAATC	ok	False
chr17	59840111	59840112	+	0.003	FDR	90	A	CAATC	ok	False
chr17	59840219	59840220	+	0.0027	FDR	94	A	GAATT	ok	False
chr17	59840488	59840489	+	0.0027	FDR	100	A	AAATC	ok	False
chr17	59840559	59840560	+	0.045	FDR	93	A	AAAAA	ok	False
chr17	63831395	63831396	+	0.021	FDR	96	A	GAAAA	ok	False
chr17	64146239	64146240	+	0.0017	FDR	4	A	CGAGG	ok	False
chr17	64503477	64503478	-	0.00018	FDR	275	T	GATAC	ok	False
chr17	67347424	67347425	-	0.049	FDR	50	T	CCTCA	ok	False
chr17	67347457	67347458	-	0.022	FDR	58	T	TTTCT	ok	False
chr17	68043223	68043224	+	2.3e-09	FDR	181	A	TGATC	ok	False
chr17	68045813	68045814	+	4.8e-11	FDR	285	A	TGATT	ok	False
chr17	68046713	68046714	+	0.00022	FDR	238	A	GAAAC	ok	False
chr17	68046714	68046715	+	1.1e-19	FDR	238	A	AAACT	ok	True
chr17	68255739	68255740	+	0.018	FDR	26	A	ACACT	ok	False
chr17	75136002	75136003	-	1.7e-06	FDR	205	T	TTTAA	ok	False
chr17	75147586	75147587	-	0.00057	FDR	218	T	CTTCA	ok	False
chr17	75168152	75168153	-	0.0013	FDR	403	T	TATGC	ok	False
chr17	75168156	75168157	-	0.038	FDR	437	T	CTTGT	ok	False
chr17	75168158	75168159	-	1.6e-32	FDR	458	T	TGTGC	ok	False
chr17	75235690	75235691	+	0.025	FDR	193	A	CAATG	ok	False
chr17	75318530	75318531	-	0.024	FDR	26	T	GGTGG	ok	False
chr17	75777986	75777987	-	0.00027	FDR	165	T	ATTAC	ok	False
chr17	75898791	75898792	-	0.0061	FDR	79	T	TGTGT	ok	False
chr17	75899245	75899246	-	0.00073	FDR	72	T	TGTTT	ok	True
chr17	75902086	75902087	-	0.011	FDR	59	T	CGTTC	ok	False
chr17	75902087	75902088	-	0.0066	FDR	59	T	GTTCC	ok	False
chr17	76039259	76039260	-	0.035	FDR	53	T	GTTGC	ok	False
chr17	76039323	76039324	-	0.0018	FDR	55	T	GTTCA	ok	False
chr17	76039364	76039365	-	0.01	FDR	55	T	GTTTC	ok	False
chr17	76039540	76039541	-	0.00078	FDR	51	T	GCTTA	ok	False
chr17	76313868	76313869	-	0.0081	FDR	54	T	GGTGG	ok	False
chr17	76313875	76313876	-	0.029	FDR	54	T	TCTCT	ok	False
chr17	76353558	76353559	-	0.0021	FDR	40	T	CGTGC	ok	False
chr17	76723901	76723902	-	0.031	FDR	21	T	CCTCC	ok	False
chr17	76734954	76734955	-	1.6e-07	FDR	177	T	AATTA	ok	False
chr17	76736816	76736817	-	0.01	FDR	136	T	CGTAG	ok	False
chr17	78170885	78170886	+	0.008	FDR	82	A	AGATG	ok	False
chr17	78172551	78172552	+	0.0015	FDR	120	A	CAACA	ok	False
chr17	78172553	78172554	+	1.2e-13	FDR	120	A	ACACC	ok	False
chr17	78172568	78172569	+	0.0028	FDR	118	A	TAAAT	ok	False
chr17	78174921	78174922	-	4.3e-06	FDR	90	T	GGTAC	ok	False
chr17	78185057	78185058	-	0.00017	FDR	73	T	GGTCA	ok	True
chr17	78186814	78186815	-	0.048	FDR	73	T	AATCA	ok	False
chr17	78223592	78223593	+	0.022	FDR	101	A	GCACC	ok	False
chr17	78224036	78224037	+	7.6e-10	FDR	89	A	GGACA	ok	True
chr17	78224089	78224090	+	6.2e-05	FDR	93	A	TGACT	ok	True
chr17	78971326	78971327	-	0.011	FDR	33	T	GATCC	ok	False
chr17	78971417	78971418	-	0.0012	FDR	33	T	CTTCC	ok	False
chr17	78971639	78971640	-	0.0027	FDR	32	T	AGTGC	ok	False
chr17	80135391	80135392	-	0.024	FDR	220	T	AGTCC	ok	True
chr17	80137410	80137411	-	3.5e-08	FDR	208	T	CATGA	ok	False
chr17	80139099	80139100	-	0.0036	FDR	189	T	GATGA	ok	False
chr17	80146891	80146892	-	0.028	FDR	171	T	AGTCA	ok	True
chr17	81843546	81843547	-	1.2e-23	FDR	211	T	CATGT	ok	False
chr17	81845718	81845719	-	0.025	FDR	134	T	TTTGC	ok	False
chr17	81845978	81845979	-	0.0056	FDR	127	T	GCTCA	ok	False
chr17	81846436	81846437	-	0.00037	FDR	126	T	TTTGC	ok	False
chr17	81855169	81855170	-	0.019	FDR	125	T	TGTCG	ok	False
chr17	81859347	81859348	-	0.005	FDR	136	T	ACTCA	ok	False
chr17	81867777	81867778	-	0.03	FDR	70	T	CCTGA	ok	False
chr17	81933020	81933021	-	0.00052	FDR	145	T	TGTTC	ok	True
chr17	81933021	81933022	-	0.036	FDR	145	T	GTTCT	ok	False
chr17	81933038	81933039	-	0.015	FDR	145	T	ACTTG	ok	False
chr17	81934736	81934737	-	0.029	FDR	110	T	GCTGT	ok	False
chr17	81935495	81935496	-	1.6e-10	FDR	118	T	GGTGT	ok	False
chr17	81935497	81935498	-	0.0011	FDR	118	T	TGTCA	ok	True
chr17	81935514	81935515	-	0.0059	FDR	118	T	TCTTC	ok	False
chr17	82018728	82018729	-	0.00016	FDR	166	T	GATGT	ok	False
chr17	82018730	82018731	-	0.045	FDR	166	T	TGTTG	ok	False
chr17	82056896	82056897	+	0.02	FDR	78	A	TGATG	ok	False
chr17	82057387	82057388	+	0.0093	FDR	94	A	GCACC	ok	False
chr17	82244534	82244535	-	0.036	FDR	49	T	GCTTT	ok	False
chr18	659644	659645	+	0.017	FDR	119	A	GAATT	ok	False
chr18	662310	662311	+	6.5e-07	FDR	129	A	ATATG	ok	False
chr18	3256171	3256172	+	0.039	FDR	169	A	ATATT	ok	False
chr18	6942230	6942231	-	4.1e-06	FDR	54	T	CTTCA	ok	False
chr18	9914106	9914107	+	0.04	FDR	37	A	CGAAC	ok	False
chr18	9931832	9931833	+	0.028	FDR	54	A	CTACA	ok	False
chr18	9937007	9937008	+	0.043	FDR	59	A	TGAAT	ok	False
chr18	9950553	9950554	+	0.044	FDR	61	A	AAAAT	ok	False
chr18	9954215	9954216	+	1.9e-05	FDR	64	A	TGAAG	ok	False
chr18	9954465	9954466	+	0.037	FDR	68	A	GAAAT	ok	False
chr18	9954466	9954467	+	0.013	FDR	68	A	AAATT	ok	False
chr18	11999091	11999092	+	0.026	FDR	55	A	TCAAC	ok	False
chr18	12030452	12030453	+	4.5e-11	FDR	142	A	AGAAG	ok	False
chr18	12326002	12326003	+	0.013	FDR	49	A	TGAAA	ok	False
chr18	12706708	12706709	+	5.8e-17	FDR	81	A	GCATA	ok	False
chr18	12718525	12718526	+	0.017	FDR	81	A	CAAAG	ok	False
chr18	21629136	21629137	+	3e-07	FDR	334	A	ATAAT	ok	False
chr18	46084310	46084311	-	1.9e-23	FDR	328	T	TGTTA	ok	True
chr18	46084311	46084312	-	2.3e-29	FDR	328	T	GTTAC	ok	False
chr18	46104435	46104436	+	0.0031	FDR	31	A	AAACG	ok	False
chr18	47156052	47156053	-	1.3e-05	FDR	88	T	TTTTC	ok	False
chr18	47156053	47156054	-	0.00024	FDR	88	T	TTTCA	ok	False
chr18	47156221	47156222	-	0.0065	FDR	90	T	ATTAT	ok	False
chr18	47157451	47157452	-	8.9e-05	FDR	91	T	CTTAC	ok	False
chr18	47157467	47157468	-	2.1e-13	FDR	90	T	GGTTC	ok	True
chr18	47157505	47157506	-	2.8e-08	FDR	90	T	AATCC	ok	False
chr18	47176209	47176210	-	0.027	FDR	85	T	CGTGC	ok	False
chr18	47176282	47176283	-	0.021	FDR	85	T	CGTCC	ok	False
chr18	49783530	49783531	-	0.028	FDR	56	T	TTTCC	ok	False
chr18	49783808	49783809	-	0.02	FDR	60	T	AGTAG	ok	False
chr18	49785221	49785222	-	0.026	FDR	58	T	AGTAA	ok	False
chr18	49785342	49785343	-	0.014	FDR	57	T	GCTTC	ok	False
chr18	49785343	49785344	-	0.021	FDR	57	T	CTTCA	ok	False
chr18	56602847	56602848	-	0.022	FDR	58	T	TTTAT	ok	False
chr18	56614562	56614563	-	0.025	FDR	76	T	GGTTG	ok	False
chr18	56624296	56624297	-	0.0091	FDR	71	T	TTTGG	ok	False
chr18	57600743	57600744	-	4.2e-08	FDR	87	T	AATCT	ok	False
chr18	57600774	57600775	-	8.2e-05	FDR	87	T	TGTGA	ok	False
chr18	57600801	57600802	-	0.026	FDR	87	T	GATCT	ok	False
chr18	57600803	57600804	-	0.003	FDR	87	T	TCTAA	ok	False
chr18	57600872	57600873	-	0.012	FDR	106	T	TTTTG	ok	False
chr18	57600904	57600905	-	8.2e-06	FDR	109	T	AATTA	ok	False
chr18	57600928	57600929	-	1.6e-05	FDR	108	T	AATCT	ok	False
chr18	57600976	57600977	-	7.3e-06	FDR	108	T	ACTAA	ok	False
chr18	57601045	57601046	-	2.8e-11	FDR	107	T	CTTCA	ok	False
chr18	57601055	57601056	-	1.6e-10	FDR	106	T	TATGC	ok	False
chr18	57601068	57601069	-	0.029	FDR	87	T	TATTA	ok	False
chr18	57601242	57601243	-	0.016	FDR	39	T	AATCA	ok	False
chr18	57601325	57601326	-	0.00034	FDR	39	T	TATAC	ok	False
chr18	57620591	57620592	-	0.036	FDR	63	T	TTTCT	ok	False
chr18	57620600	57620601	-	0.036	FDR	63	T	GGTTC	ok	True
chr18	57620605	57620606	-	0.023	FDR	63	T	CATCT	ok	False
chr18	57620607	57620608	-	0.00054	FDR	63	T	TCTCC	ok	False
chr18	79973845	79973846	-	0.0004	FDR	112	T	GATGT	ok	False
chr19	287597	287598	-	2.4e-07	FDR	47	T	AATCA	ok	False
chr19	683145	683146	+	0.015	FDR	47	A	GTAAA	ok	False
chr19	811737	811738	+	1e-08	FDR	134	A	GAAGG	ok	False
chr19	812280	812281	+	3.8e-11	FDR	145	A	GTACC	ok	False
chr19	1091792	1091793	-	1e-05	FDR	181	T	CCTGC	ok	False
chr19	2321686	2321687	-	0.0097	FDR	183	T	CGTCC	ok	False
chr19	2426602	2426603	-	5.5e-06	FDR	232	T	GGTGA	ok	False
chr19	2755368	2755369	-	0.018	FDR	32	T	TCTCT	ok	False
chr19	3578953	3578954	+	0.0004	FDR	48	A	GTACC	ok	False
chr19	3765216	3765217	+	0.023	FDR	69	A	CAAGG	ok	False
chr19	3767349	3767350	+	0.00025	FDR	71	A	GAACA	ok	True
chr19	3981352	3981353	-	5.3e-05	FDR	171	T	TTTGC	ok	False
chr19	3983163	3983164	-	0.00084	FDR	172	T	AGTCA	ok	True
chr19	4657617	4657618	-	0.00011	FDR	103	T	GGTCC	ok	True
chr19	4659947	4659948	-	0.0098	FDR	89	T	CTTCA	ok	False
chr19	4668623	4668624	-	0.0003	FDR	88	T	AGTGA	ok	False
chr19	4838894	4838895	-	0.033	FDR	57	T	ATTTA	ok	False
chr19	4838960	4838961	-	0.045	FDR	59	T	TCTCT	ok	False
chr19	4839117	4839118	-	0.037	FDR	53	T	AATGA	ok	False
chr19	5691816	5691817	+	0.017	FDR	111	A	GCAGG	ok	False
chr19	7682776	7682777	+	0.00051	FDR	74	A	CGAGG	ok	False
chr19	9830000	9830001	+	0.00013	FDR	551	A	TTATC	ok	False
chr19	9849326	9849327	+	0.00013	FDR	37	A	CCACA	ok	False
chr19	9849604	9849605	+	0.019	FDR	37	A	GAACA	ok	True
chr19	10116906	10116907	-	6.3e-05	FDR	92	T	GGTCG	ok	False
chr19	10258500	10258501	+	9.3e-07	FDR	71	A	GGACT	ok	True
chr19	11553094	11553095	-	0.044	FDR	77	T	CATCC	ok	False
chr19	12669207	12669208	-	0.0051	FDR	205	T	GTTAC	ok	False
chr19	12730910	12730911	-	0.02	FDR	89	T	AGTTA	ok	True
chr19	12747259	12747260	+	0.03	FDR	82	A	AGACG	ok	False
chr19	12747492	12747493	+	0.01	FDR	91	A	ACACA	ok	False
chr19	12747563	12747564	+	0.029	FDR	94	A	TCACA	ok	False
chr19	12748279	12748280	+	4e-10	FDR	88	A	CTACC	ok	False
chr19	12806666	12806667	+	0.035	FDR	90	A	TGAGG	ok	False
chr19	12813467	12813468	+	0.00016	FDR	70	A	GCAGC	ok	False
chr19	12813477	12813478	+	5.2e-05	FDR	70	A	CTACG	ok	False
chr19	12876275	12876276	-	0.00022	FDR	33	T	AGTTA	ok	True
chr19	12922875	12922876	-	0.025	FDR	98	T	GATCA	ok	False
chr19	12924718	12924719	-	0.00012	FDR	85	T	TCTGG	ok	False
chr19	12924991	12924992	-	0.00031	FDR	78	T	AGTTA	ok	True
chr19	12928403	12928404	-	0.0025	FDR	72	T	CGTCA	ok	False
chr19	12940075	12940076	+	5.5e-08	FDR	210	A	GCACC	ok	False
chr19	12940753	12940754	+	4.5e-10	FDR	273	A	GAAGC	ok	False
chr19	12940822	12940823	+	0.013	FDR	262	A	GTATT	ok	False
chr19	12943605	12943606	+	3e-07	FDR	260	A	GCAAC	ok	False
chr19	12944361	12944362	+	0.041	FDR	97	A	TCACC	ok	False
chr19	12949108	12949109	+	7.2e-05	FDR	126	A	ACACG	ok	False
chr19	12953105	12953106	+	7.5e-11	FDR	117	A	TTATA	ok	False
chr19	12953113	12953114	+	0.00098	FDR	109	A	GAAAA	ok	False
chr19	12953115	12953116	+	0.039	FDR	106	A	AAAAA	ok	False
chr19	12953116	12953117	+	0.015	FDR	102	A	AAAAT	ok	False
chr19	12953117	12953118	+	1.7e-06	FDR	98	A	AAATA	ok	False
chr19	12953127	12953128	+	0.0038	FDR	78	A	ATATT	ok	False
chr19	12954167	12954168	-	0.00017	FDR	115	T	GGTAC	ok	False
chr19	12956865	12956866	-	0.00051	FDR	161	T	TCTCC	ok	False
chr19	13144330	13144331	-	0.028	FDR	44	T	CCTCC	ok	False
chr19	14409424	14409425	-	5.1e-05	FDR	123	T	CTTGA	ok	False
chr19	14514916	14514917	-	0.045	FDR	60	T	CCTTC	ok	False
chr19	14515191	14515192	-	5.1e-06	FDR	55	T	TGTGC	ok	False
chr19	14516904	14516905	-	0.0006	FDR	45	T	GCTGC	ok	False
chr19	14563989	14563990	+	0.012	FDR	48	A	CTAAC	ok	False
chr19	14565948	14565949	+	0.0008	FDR	55	A	GCACC	ok	False
chr19	16102737	16102738	+	5.1e-05	FDR	62	A	GAACA	ok	True
chr19	16102821	16102822	+	3.5e-06	FDR	52	A	TGAAT	ok	False
chr19	16191736	16191737	+	0.014	FDR	63	A	ACATC	ok	False
chr19	16191905	16191906	+	0.00048	FDR	106	A	CAAAC	ok	False
chr19	16191906	16191907	+	0.011	FDR	106	A	AAACC	ok	True
chr19	16191954	16191955	+	0.0023	FDR	105	A	GAAAG	ok	False
chr19	16191971	16191972	+	1e-17	FDR	104	A	AGAAG	ok	False
chr19	16191972	16191973	+	2.3e-10	FDR	104	A	GAAGA	ok	False
chr19	16191977	16191978	+	0.00059	FDR	104	A	GAAAA	ok	False
chr19	16191978	16191979	+	1.3e-05	FDR	104	A	AAAAA	ok	False
chr19	16191980	16191981	+	0.035	FDR	104	A	AAACG	ok	False
chr19	16192024	16192025	+	0.0072	FDR	99	A	TAAAG	ok	False
chr19	16192025	16192026	+	0.0022	FDR	99	A	AAAGC	ok	False
chr19	16646811	16646812	-	0.0012	FDR	59	T	TGTGA	ok	False
chr19	16646862	16646863	-	0.00094	FDR	59	T	ACTCA	ok	False
chr19	16647153	16647154	-	0.014	FDR	98	T	TTTTC	ok	False
chr19	16659397	16659398	-	7e-11	FDR	89	T	TGTGC	ok	False
chr19	17278995	17278996	+	0.047	FDR	65	A	CTACA	ok	False
chr19	17279218	17279219	+	1.7e-05	FDR	67	A	GAACT	ok	True
chr19	17306599	17306600	+	0.00016	FDR	137	A	ACAAA	ok	False
chr19	17306675	17306676	+	1.7e-05	FDR	138	A	TGAAG	ok	False
chr19	17306676	17306677	+	4e-06	FDR	138	A	GAAGC	ok	False
chr19	17306787	17306788	+	0.0052	FDR	119	A	TTATC	ok	False
chr19	18175072	18175073	+	0.00024	FDR	207	A	AGAAG	ok	False
chr19	18175073	18175074	+	0.00056	FDR	207	A	GAAGT	ok	False
chr19	18175094	18175095	+	0.00052	FDR	208	A	CAATG	ok	False
chr19	18177173	18177174	+	0.004	FDR	235	A	AGACA	ok	True
chr19	18177999	18178000	+	1.1e-06	FDR	251	A	CTACT	ok	False
chr19	18178049	18178050	+	8.4e-05	FDR	243	A	AAATT	ok	False
chr19	18306915	18306916	-	3.1e-05	FDR	223	T	TGTGT	ok	False
chr19	18306925	18306926	-	3.2e-09	FDR	647	T	TATTT	ok	False
chr19	18306926	18306927	-	1.1e-10	FDR	655	T	ATTTG	ok	False
chr19	18306931	18306932	-	7.3e-18	FDR	699	T	TTTTT	ok	False
chr19	18306932	18306933	-	2.4e-37	FDR	699	T	TTTTA	ok	False
chr19	18306933	18306934	-	2.1e-06	FDR	699	T	TTTAT	ok	False
chr19	18306935	18306936	-	6.6e-46	FDR	702	T	TATTT	ok	False
chr19	18306936	18306937	-	3.7e-09	FDR	714	T	ATTTC	ok	False
chr19	18306980	18306981	-	0.012	FDR	750	T	CATCC	ok	False
chr19	18307001	18307002	-	2.4e-29	FDR	755	T	GCTTT	ok	False
chr19	18307002	18307003	-	3.2e-32	FDR	755	T	CTTTC	ok	False
chr19	18307017	18307018	-	2.3e-15	FDR	757	T	GGTTT	ok	True
chr19	18307068	18307069	-	2.7e-52	FDR	738	T	TGTCA	ok	True
chr19	18307072	18307073	-	6.1e-11	FDR	707	T	AGTCC	ok	True
chr19	18899542	18899543	-	0.00033	FDR	165	T	ATTTA	ok	False
chr19	19528181	19528182	+	3.2e-07	FDR	368	A	AAATG	ok	False
chr19	23827227	23827228	+	0.0015	FDR	83	A	GAACC	ok	True
chr19	23827765	23827766	+	4.7e-09	FDR	118	A	GTACT	ok	False
chr19	29207641	29207642	-	0.00096	FDR	235	T	CATCA	ok	False
chr19	34368681	34368682	+	0.046	FDR	80	A	ACAAG	ok	False
chr19	34399233	34399234	+	4e-08	FDR	93	A	AGACA	ok	True
chr19	34400309	34400310	+	0.00073	FDR	118	A	AAATA	ok	False
chr19	34400311	34400312	+	0.0044	FDR	118	A	ATAAA	ok	False
chr19	34421609	34421610	+	0.0087	FDR	34	A	GGATA	ok	False
chr19	34469624	34469625	+	0.02	FDR	67	A	TCATA	ok	False
chr19	36125759	36125760	+	0.026	FDR	34	A	GGACT	ok	True
chr19	36150097	36150098	+	0.049	FDR	72	A	ACACC	ok	False
chr19	36150323	36150324	+	0.026	FDR	76	A	GGAAA	ok	False
chr19	36150324	36150325	+	1.4e-05	FDR	76	A	GAAAT	ok	False
chr19	36150325	36150326	+	0.012	FDR	76	A	AAATA	ok	False
chr19	38374808	38374809	+	0.031	FDR	117	A	TGAAC	ok	False
chr19	38730093	38730094	+	0.018	FDR	37	A	AAAAA	ok	False
chr19	38815481	38815482	-	0.0013	FDR	113	T	CATTG	ok	False
chr19	38815482	38815483	-	6.9e-05	FDR	113	T	ATTGT	ok	False
chr19	38931335	38931336	+	0.011	FDR	102	A	CTAAC	ok	False
chr19	38932376	38932377	+	0.025	FDR	107	A	CTACC	ok	False
chr19	39481966	39481967	+	0.047	FDR	67	A	AAAAA	ok	False
chr19	39486460	39486461	+	0.044	FDR	73	A	GGACG	ok	False
chr19	39488118	39488119	+	0.0016	FDR	76	A	GGAAG	ok	False
chr19	39488119	39488120	+	8.3e-05	FDR	76	A	GAAGC	ok	False
chr19	39834733	39834734	-	0.0042	FDR	86	T	GCTTC	ok	False
chr19	39836623	39836624	-	4.2e-10	FDR	79	T	GGTCT	ok	True
chr19	39836653	39836654	-	0.0027	FDR	79	T	GATCA	ok	False
chr19	39840295	39840296	-	0.013	FDR	59	T	AGTGC	ok	False
chr19	39974424	39974425	+	0.0024	FDR	64	A	TCATG	ok	False
chr19	40378458	40378459	+	0.0039	FDR	24	A	TTATA	ok	False
chr19	40378460	40378461	+	0.03	FDR	24	A	ATAAT	ok	False
chr19	40447914	40447915	-	7.4e-06	FDR	71	T	GGTGC	ok	False
chr19	40447919	40447920	-	0.01	FDR	71	T	TGTGT	ok	False
chr19	40451364	40451365	-	0.035	FDR	70	T	CCTAT	ok	False
chr19	40458233	40458234	-	0.00033	FDR	70	T	ACTGT	ok	False
chr19	40458538	40458539	-	7.7e-05	FDR	65	T	CTTCG	ok	False
chr19	40765082	40765083	+	0.046	FDR	47	A	GTACA	ok	False
chr19	40765102	40765103	+	0.0054	FDR	47	A	CGATG	ok	False
chr19	41397203	41397204	-	0.044	FDR	73	T	CATCT	ok	False
chr19	41397287	41397288	-	9e-05	FDR	72	T	TTTCA	ok	False
chr19	41956726	41956727	-	0.025	FDR	60	T	GATCC	ok	False
chr19	41958327	41958328	-	0.011	FDR	60	T	AATGT	ok	False
chr19	44903160	44903161	+	0.02	FDR	65	A	CCATC	ok	False
chr19	46774941	46774942	-	0.035	FDR	33	T	GGTAT	ok	False
chr19	46838214	46838215	-	0.0029	FDR	299	T	TATGG	ok	False
chr19	46838219	46838220	-	2.1e-08	FDR	299	T	CATCA	ok	False
chr19	46838450	46838451	-	9.9e-08	FDR	289	T	ACTCC	ok	False
chr19	47045995	47045996	-	0.029	FDR	55	T	GGTGG	ok	False
chr19	47209692	47209693	+	0.019	FDR	50	A	TGAAT	ok	False
chr19	47781149	47781150	+	3.5e-12	FDR	127	A	TGATG	ok	False
chr19	47784302	47784303	+	0.025	FDR	135	A	TGACC	ok	True
chr19	47784450	47784451	+	0.0092	FDR	140	A	GTATG	ok	False
chr19	47784480	47784481	+	0.019	FDR	141	A	CCACC	ok	False
chr19	47784644	47784645	+	2.1e-07	FDR	135	A	GCAAC	ok	False
chr19	48329437	48329438	+	0.012	FDR	91	A	ACACC	ok	False
chr19	48330326	48330327	+	0.00016	FDR	91	A	TGATC	ok	False
chr19	49007145	49007146	+	0.01	FDR	68	A	TCAAG	ok	False
chr19	49009982	49009983	+	0.0025	FDR	74	A	TCACC	ok	False
chr19	49011081	49011082	+	1.2e-08	FDR	80	A	AGATC	ok	False
chr19	49015860	49015861	+	0.0038	FDR	94	A	CGACC	ok	False
chr19	49499626	49499627	+	7.3e-118	FDR	1901	A	AGAAG	ok	False
chr19	49499627	49499628	+	2.4e-109	FDR	1896	A	GAAGT	ok	False
chr19	49556942	49556943	-	0.015	FDR	65	T	TTTGT	ok	False
chr19	49556944	49556945	-	0.018	FDR	65	T	TGTCC	ok	True
chr19	50798601	50798602	-	0.0022	FDR	100	T	AGTGC	ok	False
chr19	51347021	51347022	-	0.00091	FDR	102	T	CTTGT	ok	False
chr19	51350346	51350347	-	0.0011	FDR	102	T	AATCC	ok	False
chr19	51353247	51353248	-	0.0036	FDR	95	T	GATAC	ok	False
chr19	51354201	51354202	-	0.00018	FDR	90	T	TCTTC	ok	False
chr19	52213084	52213085	+	0.00014	FDR	74	A	CTACA	ok	False
chr19	52219739	52219740	+	0.0011	FDR	87	A	CGAGG	ok	False
chr19	52220207	52220208	+	0.00067	FDR	86	A	TGAGA	ok	False
chr19	52222131	52222132	+	0.0097	FDR	86	A	CCACC	ok	False
chr19	52225780	52225781	+	1.4e-07	FDR	88	A	TCAAA	ok	False
chr19	54106947	54106948	+	4.8e-11	FDR	205	A	AAAAT	ok	False
chr19	54106948	54106949	+	0.00013	FDR	205	A	AAATG	ok	False
chr19	54131552	54131553	+	0.042	FDR	90	A	GGACT	ok	True
chr19	54131605	54131606	+	0.037	FDR	92	A	CGAGA	ok	False
chr19	54131640	54131641	+	0.039	FDR	92	A	TCATC	ok	False
chr19	54131703	54131704	+	0.0014	FDR	78	A	ACATT	ok	False
chr19	54207579	54207580	+	4.5e-05	FDR	1393	A	CCACC	ok	False
chr19	55453052	55453053	-	0.0025	FDR	69	T	CTTCC	ok	False
chr19	55453100	55453101	-	0.023	FDR	72	T	GCTCA	ok	False
chr19	55453332	55453333	-	0.036	FDR	77	T	CTTGG	ok	False
chr19	58315050	58315051	+	4.4e-06	FDR	89	A	GAAAG	ok	False
chr19	58315185	58315186	+	0.0017	FDR	80	A	TGACC	ok	True
chr19	58551940	58551941	-	0.035	FDR	61	T	CATCC	ok	False
chr19	58552117	58552118	-	0.00036	FDR	61	T	CCTTC	ok	False
chr19	58552417	58552418	-	0.012	FDR	53	T	TTTGC	ok	False
chr2	3498611	3498612	-	0.00019	FDR	189	T	GATTG	ok	False
chr2	3513869	3513870	-	0.027	FDR	157	T	AATTT	ok	False
chr2	3513870	3513871	-	0.045	FDR	157	T	ATTTG	ok	False
chr2	9406755	9406756	-	1.1e-35	FDR	149	T	TATTT	ok	False
chr2	9406780	9406781	-	1.4e-06	FDR	150	T	AGTTT	ok	True
chr2	9407464	9407465	-	0.00045	FDR	108	T	GATAA	ok	False
chr2	9418633	9418634	-	0.028	FDR	115	T	CTTAG	ok	False
chr2	9418678	9418679	-	0.031	FDR	111	T	TTTTT	ok	False
chr2	9591500	9591501	-	8.4e-14	FDR	185	T	TATTT	ok	False
chr2	9630941	9630942	-	0.025	FDR	134	T	CCTTC	ok	False
chr2	10129082	10129083	+	0.027	FDR	80	A	TGAAT	ok	False
chr2	10129098	10129099	+	2.3e-07	FDR	81	A	GAAGC	ok	False
chr2	10427537	10427538	+	0.023	FDR	27	A	GCATT	ok	False
chr2	10440445	10440446	-	0.032	FDR	32	T	TCTGC	ok	False
chr2	10440453	10440454	-	0.00014	FDR	32	T	TGTAC	ok	False
chr2	10783921	10783922	-	1.5e-12	FDR	125	T	GATCA	ok	False
chr2	10793096	10793097	-	3e-06	FDR	142	T	CTTGT	ok	False
chr2	10797169	10797170	-	0.0036	FDR	133	T	GATGC	ok	False
chr2	10802507	10802508	-	0.042	FDR	131	T	CATAG	ok	False
chr2	10802541	10802542	-	0.018	FDR	128	T	AATAA	ok	False
chr2	15595517	15595518	+	0.0015	FDR	75	A	CTATC	ok	False
chr2	20032737	20032738	-	4.3e-08	FDR	181	T	AGTCA	ok	True
chr2	20032783	20032784	-	0.00012	FDR	180	T	AGTTC	ok	True
chr2	20032792	20032793	-	0.043	FDR	181	T	CTTAT	ok	False
chr2	20032794	20032795	-	0.00063	FDR	181	T	TATAC	ok	False
chr2	20041003	20041004	-	3e-24	FDR	261	T	GGTTT	ok	True
chr2	24067674	24067675	-	2e-29	FDR	657	T	AATCA	ok	False
chr2	24790377	24790378	-	0.00019	FDR	121	T	GGTGG	ok	False
chr2	24790450	24790451	-	0.0044	FDR	124	T	CTTCT	ok	False
chr2	24790452	24790453	-	0.011	FDR	124	T	TCTTC	ok	False
chr2	24790453	24790454	-	0.011	FDR	124	T	CTTCC	ok	False
chr2	24793192	24793193	-	0.011	FDR	114	T	GGTGA	ok	False
chr2	26191215	26191216	-	0.028	FDR	48	T	GGTTA	ok	True
chr2	26191331	26191332	-	0.018	FDR	47	T	CTTCA	ok	False
chr2	26191334	26191335	-	2.8e-05	FDR	47	T	CATAT	ok	False
chr2	26191336	26191337	-	9.4e-10	FDR	47	T	TATTT	ok	False
chr2	26215069	26215070	-	0.03	FDR	80	T	TGTCT	ok	True
chr2	26215091	26215092	-	2.2e-05	FDR	81	T	CTTAT	ok	False
chr2	26230224	26230225	-	0.003	FDR	79	T	CATTT	ok	False
chr2	27070690	27070691	-	0.0074	FDR	312	T	CCTCC	ok	False
chr2	27130855	27130856	-	0.017	FDR	26	T	ACTAC	ok	False
chr2	27213282	27213283	+	0.03	FDR	88	A	GAAGG	ok	False
chr2	27215707	27215708	+	0.0036	FDR	89	A	AAATC	ok	False
chr2	27217087	27217088	+	5.7e-07	FDR	113	A	GCACT	ok	False
chr2	27217108	27217109	+	3.6e-05	FDR	112	A	ATACC	ok	False
chr2	27381298	27381299	-	3.5e-05	FDR	38	T	AATGT	ok	False
chr2	27386271	27386272	-	0.00089	FDR	117	T	ACTTC	ok	False
chr2	27440653	27440654	+	0.0016	FDR	39	A	GTACT	ok	False
chr2	27653540	27653541	-	0.018	FDR	35	T	CATGA	ok	False
chr2	27779582	27779583	+	1.7e-05	FDR	256	A	GCATG	ok	False
chr2	32305610	32305611	+	0.034	FDR	46	A	TTATA	ok	False
chr2	32305865	32305866	+	0.0044	FDR	46	A	AAAAT	ok	False
chr2	38781547	38781548	+	0.028	FDR	53	A	GCAGC	ok	False
chr2	42350598	42350599	-	1.8e-09	FDR	185	T	ATTAA	ok	False
chr2	42350837	42350838	-	0.0018	FDR	189	T	TGTGT	ok	False
chr2	42351336	42351337	-	0.01	FDR	196	T	GGTAG	ok	False
chr2	42353260	42353261	-	0.039	FDR	162	T	CATAC	ok	False
chr2	42353337	42353338	-	5e-08	FDR	158	T	TTTAA	ok	False
chr2	46613711	46613712	-	6.1e-07	FDR	44	T	CATAC	ok	False
chr2	47335357	47335358	+	7.3e-14	FDR	1241	A	GGAGG	ok	False
chr2	47335372	47335373	+	0.0081	FDR	1253	A	GGAGG	ok	False
chr2	47335375	47335376	+	2.7e-05	FDR	1254	A	GGATA	ok	False
chr2	47335377	47335378	+	1.2e-06	FDR	1254	A	ATAGC	ok	False
chr2	47335446	47335447	+	4.9e-06	FDR	1223	A	AAAAA	ok	False
chr2	47335447	47335448	+	2.6e-08	FDR	1222	A	AAAAA	ok	False
chr2	47335448	47335449	+	8.7e-05	FDR	1220	A	AAAAA	ok	False
chr2	47335456	47335457	+	0.012	FDR	1117	A	CAAAA	ok	False
chr2	54974743	54974744	-	3.3e-05	FDR	47	T	AATAC	ok	False
chr2	55636251	55636252	-	0.00097	FDR	45	T	GATGA	ok	False
chr2	55866822	55866823	-	0.05	FDR	60	T	TGTAT	ok	False
chr2	55866945	55866946	-	0.031	FDR	59	T	TTTGA	ok	False
chr2	55871117	55871118	-	0.038	FDR	53	T	ATTTA	ok	False
chr2	55881637	55881638	-	0.0088	FDR	40	T	GATAT	ok	False
chr2	61868496	61868497	-	6.4e-07	FDR	275	T	GATAA	ok	False
chr2	63599185	63599186	+	0.017	FDR	249	A	TAATC	ok	False
chr2	63599269	63599270	+	0.0015	FDR	255	A	GGATC	ok	False
chr2	68042300	68042301	-	0.013	FDR	66	T	AATGT	ok	False
chr2	68046392	68046393	-	0.00026	FDR	95	T	GCTTG	ok	False
chr2	68175036	68175037	+	0.0024	FDR	59	A	TAATT	ok	False
chr2	70088683	70088684	+	0.032	FDR	56	A	CAAAA	ok	False
chr2	70088989	70088990	+	0.00086	FDR	59	A	GGATC	ok	False
chr2	70089121	70089122	+	1.4e-09	FDR	55	A	GTAAT	ok	False
chr2	70089139	70089140	+	0.0032	FDR	53	A	GAATT	ok	False
chr2	70089145	70089146	+	1.5e-06	FDR	53	A	AAAAA	ok	False
chr2	70289367	70289368	-	0.042	FDR	649	T	CATAA	ok	False
chr2	70293698	70293699	-	5.9e-12	FDR	514	T	CTTTC	ok	False
chr2	70296065	70296066	-	0.049	FDR	46	T	ATTAT	ok	False
chr2	70296298	70296299	-	0.0007	FDR	49	T	TGTTA	ok	True
chr2	70297323	70297324	-	0.0029	FDR	117	T	CTTCT	ok	False
chr2	70297371	70297372	-	0.0011	FDR	116	T	GGTCA	ok	True
chr2	73734479	73734480	-	2.3e-06	FDR	72	T	CTTCT	ok	False
chr2	73926910	73926911	+	0.015	FDR	80	A	GGATG	ok	False
chr2	74205799	74205800	+	0.00022	FDR	83	A	CAAAC	ok	False
chr2	74207737	74207738	+	0.0084	FDR	92	A	TCAAT	ok	False
chr2	74208661	74208662	+	0.00036	FDR	95	A	GGATC	ok	False
chr2	74208708	74208709	+	0.00033	FDR	96	A	TAATC	ok	False
chr2	74214091	74214092	+	0.042	FDR	115	A	AAAGC	ok	False
chr2	74214451	74214452	+	0.032	FDR	125	A	TGATC	ok	False
chr2	74215167	74215168	+	0.028	FDR	93	A	GTATC	ok	False
chr2	74215221	74215222	+	6.1e-05	FDR	93	A	TAATC	ok	False
chr2	74215234	74215235	+	0.0027	FDR	89	A	TGATT	ok	False
chr2	74527017	74527018	-	0.032	FDR	104	T	GTTAG	ok	False
chr2	74527026	74527027	-	6.3e-05	FDR	104	T	GTTGG	ok	False
chr2	74527758	74527759	-	0.00022	FDR	97	T	GGTGT	ok	False
chr2	74529628	74529629	-	0.023	FDR	69	T	CATAA	ok	False
chr2	75654802	75654803	+	0.00048	FDR	82	A	AAACG	ok	False
chr2	75655123	75655124	+	0.025	FDR	89	A	ATATT	ok	False
chr2	75655226	75655227	+	5.9e-06	FDR	92	A	TGATA	ok	False
chr2	75655265	75655266	+	0.00015	FDR	92	A	TGAAG	ok	False
chr2	75655266	75655267	+	2.9e-07	FDR	92	A	GAAGC	ok	False
chr2	75655551	75655552	+	0.00069	FDR	83	A	TTAAT	ok	False
chr2	75655563	75655564	+	0.00016	FDR	83	A	GAACC	ok	True
chr2	75655587	75655588	+	0.0066	FDR	84	A	GGATG	ok	False
chr2	84441095	84441096	-	0.045	FDR	146	T	CATTC	ok	False
chr2	85401327	85401328	-	6.6e-07	FDR	43	T	CTTCC	ok	False
chr2	85541277	85541278	+	0.034	FDR	73	A	TGATC	ok	False
chr2	85597492	85597493	+	0.00025	FDR	116	A	CCATG	ok	False
chr2	86171214	86171215	-	0.011	FDR	45	T	AGTGC	ok	False
chr2	95109970	95109971	-	0.0026	FDR	96	T	CTTTT	ok	False
chr2	96143213	96143214	-	1.6e-06	FDR	147	T	GTTCT	ok	False
chr2	96143329	96143330	-	4.6e-06	FDR	156	T	GGTGT	ok	False
chr2	96143376	96143377	-	0.0019	FDR	157	T	ACTTC	ok	False
chr2	96271325	96271326	+	0.004	FDR	50	A	GAAGT	ok	False
chr2	96848272	96848273	-	0.0039	FDR	40	T	TTTAA	ok	False
chr2	99337561	99337562	+	0.046	FDR	154	A	GAAGA	ok	False
chr2	99360277	99360278	+	0.00086	FDR	153	A	ATAGA	ok	False
chr2	99360342	99360343	+	0.01	FDR	112	A	GAAAA	ok	False
chr2	99360485	99360486	+	1.8e-05	FDR	101	A	GAACT	ok	True
chr2	99360494	99360495	+	0.00052	FDR	100	A	GAATT	ok	False
chr2	99361169	99361170	+	0.00013	FDR	83	A	GGAAT	ok	False
chr2	99361170	99361171	+	0.00051	FDR	82	A	GAATT	ok	False
chr2	99361232	99361233	+	0.034	FDR	42	A	TAATG	ok	False
chr2	100576602	100576603	+	0.004	FDR	34	A	AAATT	ok	False
chr2	105361021	105361022	-	0.0054	FDR	65	T	TTTTA	ok	False
chr2	105361032	105361033	-	0.048	FDR	65	T	GGTGT	ok	False
chr2	105361068	105361069	-	0.00016	FDR	66	T	CTTCC	ok	False
chr2	105363358	105363359	-	0.017	FDR	60	T	AGTCA	ok	True
chr2	110649327	110649328	-	0.014	FDR	29	T	GATAA	ok	False
chr2	113957627	113957628	+	0.00036	FDR	54	A	AGAGA	ok	False
chr2	113957674	113957675	+	0.015	FDR	53	A	TTATG	ok	False
chr2	113957848	113957849	+	0.012	FDR	52	A	ATACT	ok	False
chr2	113958094	113958095	+	0.0024	FDR	50	A	GCATT	ok	False
chr2	113958142	113958143	+	0.044	FDR	46	A	CCAGT	ok	False
chr2	121730956	121730957	-	1e-07	FDR	168	T	TCTTT	ok	False
chr2	121730983	121730984	-	0.018	FDR	185	T	GCTTT	ok	False
chr2	121730994	121730995	-	0.00033	FDR	185	T	AGTGT	ok	False
chr2	121732125	121732126	-	0.0045	FDR	187	T	GTTGT	ok	False
chr2	121735639	121735640	-	3.5e-06	FDR	187	T	CGTGT	ok	False
chr2	121766348	121766349	+	0.0062	FDR	38	A	TAATC	ok	False
chr2	130190502	130190503	+	0.00089	FDR	110	A	GCATT	ok	False
chr2	130190620	130190621	+	0.036	FDR	110	A	GCACC	ok	False
chr2	131484040	131484041	-	0.00048	FDR	70	T	TGTGA	ok	False
chr2	131484061	131484062	-	0.0065	FDR	71	T	CCTAG	ok	False
chr2	135920579	135920580	-	0.0098	FDR	38	T	ATTAG	ok	False
chr2	151270563	151270564	-	0.012	FDR	23	T	GTTTT	ok	False
chr2	152681254	152681255	-	0.032	FDR	39	T	TTTCT	ok	False
chr2	161318831	161318832	+	0.012	FDR	99	A	ACAGA	ok	False
chr2	161370148	161370149	+	0.0025	FDR	106	A	AAATG	ok	False
chr2	161411398	161411399	+	0.0095	FDR	107	A	ATAAA	ok	False
chr2	161411456	161411457	+	0.037	FDR	81	A	TAATG	ok	False
chr2	169805758	169805759	+	3.4e-05	FDR	297	A	AAATC	ok	False
chr2	169808486	169808487	+	0.011	FDR	156	A	CGATT	ok	False
chr2	169808498	169808499	+	4.1e-05	FDR	157	A	CAAAA	ok	False
chr2	169808508	169808509	+	0.048	FDR	136	A	GAAGA	ok	False
chr2	169808514	169808515	+	0.027	FDR	128	A	AGAAA	ok	False
chr2	169810876	169810877	+	0.038	FDR	33	A	AGAAA	ok	False
chr2	171983268	171983269	+	0.0033	FDR	44	A	GCATG	ok	False
chr2	174223103	174223104	-	0.02	FDR	99	T	TGTGA	ok	False
chr2	174229309	174229310	-	0.0012	FDR	94	T	CTTGC	ok	False
chr2	177216127	177216128	+	2.7e-05	FDR	253	A	GAAAA	ok	False
chr2	189771425	189771426	-	0.011	FDR	45	T	AATGC	ok	False
chr2	189771806	189771807	-	0.037	FDR	53	T	GTTGT	ok	False
chr2	197503420	197503421	+	0.0011	FDR	87	A	TAAAC	ok	False
chr2	200815358	200815359	+	5.5e-05	FDR	88	A	TGACC	ok	True
chr2	200818253	200818254	+	0.013	FDR	87	A	TGAAC	ok	False
chr2	200818811	200818812	+	0.022	FDR	69	A	TCATC	ok	False
chr2	200820011	200820012	+	0.0002	FDR	68	A	CTACT	ok	False
chr2	200822853	200822854	+	0.022	FDR	53	A	GAAAT	ok	False
chr2	200823608	200823609	+	0.0056	FDR	75	A	GGAAT	ok	False
chr2	200823688	200823689	+	0.00016	FDR	63	A	GAATT	ok	False
chr2	200903738	200903739	+	0.041	FDR	58	A	TAACA	ok	True
chr2	201072025	201072026	+	0.031	FDR	95	A	AGAGT	ok	False
chr2	201085632	201085633	+	2.6e-08	FDR	124	A	GCATC	ok	False
chr2	202206495	202206496	-	0.0027	FDR	69	T	AATAT	ok	False
chr2	202207136	202207137	-	0.00076	FDR	83	T	GATGT	ok	False
chr2	202207260	202207261	-	0.00012	FDR	80	T	TGTTG	ok	False
chr2	202207261	202207262	-	1.6e-06	FDR	80	T	GTTGA	ok	False
chr2	202207265	202207266	-	0.00013	FDR	79	T	AATGA	ok	False
chr2	202207279	202207280	-	0.0013	FDR	80	T	TGTTC	ok	True
chr2	202207307	202207308	-	0.00085	FDR	80	T	CTTCC	ok	False
chr2	202220034	202220035	-	0.0073	FDR	79	T	TGTCC	ok	True
chr2	202275145	202275146	+	0.0059	FDR	77	A	ATAGT	ok	False
chr2	202277952	202277953	+	0.022	FDR	72	A	GTAAA	ok	False
chr2	202282395	202282396	+	0.028	FDR	74	A	AAAAG	ok	False
chr2	202282408	202282409	+	0.025	FDR	72	A	AAAAT	ok	False
chr2	202290401	202290402	+	3.4e-05	FDR	81	A	GAATT	ok	False
chr2	202291181	202291182	+	0.00012	FDR	81	A	TGAAG	ok	False
chr2	202291256	202291257	+	0.044	FDR	82	A	GCATC	ok	False
chr2	202292816	202292817	+	0.0011	FDR	81	A	ATATC	ok	False
chr2	202295766	202295767	+	0.029	FDR	88	A	GGATA	ok	False
chr2	202300250	202300251	+	4.4e-10	FDR	86	A	CGATC	ok	False
chr2	203190914	203190915	+	0.0054	FDR	78	A	ACATT	ok	False
chr2	203191286	203191287	+	0.027	FDR	60	A	GGAAA	ok	False
chr2	203191304	203191305	+	1.1e-10	FDR	56	A	GGATC	ok	False
chr2	203191320	203191321	+	0.0041	FDR	46	A	GAAAA	ok	False
chr2	203191326	203191327	+	0.0097	FDR	44	A	AAAAA	ok	False
chr2	208236405	208236406	-	0.02	FDR	45	T	AGTAT	ok	False
chr2	208236916	208236917	-	0.0063	FDR	41	T	TATAT	ok	False
chr2	210647926	210647927	+	0.013	FDR	53	A	ATACA	ok	False
chr2	210650407	210650408	+	0.0074	FDR	58	A	AAATT	ok	False
chr2	210660491	210660492	+	0.018	FDR	59	A	TGAGT	ok	False
chr2	210660497	210660498	+	3.5e-05	FDR	60	A	TAACT	ok	True
chr2	210677085	210677086	+	0.00087	FDR	75	A	TGATT	ok	False
chr2	210677094	210677095	+	0.018	FDR	76	A	GGACA	ok	True
chr2	210677128	210677129	+	0.00049	FDR	70	A	TAATT	ok	False
chr2	210678295	210678296	+	9.6e-05	FDR	73	A	CAAGG	ok	False
chr2	210678467	210678468	+	8.2e-11	FDR	66	A	GTATT	ok	False
chr2	210678565	210678566	+	5.1e-22	FDR	64	A	GCATT	ok	False
chr2	210678696	210678697	+	0.0039	FDR	71	A	CGATT	ok	False
chr2	210678837	210678838	+	0.016	FDR	69	A	TGAAA	ok	False
chr2	210678842	210678843	+	1.1e-14	FDR	69	A	TAATC	ok	False
chr2	216113033	216113034	+	4.3e-05	FDR	188	A	GTATG	ok	False
chr2	216113091	216113092	+	0.00011	FDR	196	A	ACAAG	ok	False
chr2	216119059	216119060	+	0.0011	FDR	85	A	GAAGA	ok	False
chr2	216119075	216119076	+	0.023	FDR	84	A	ATATT	ok	False
chr2	216119136	216119137	+	0.00056	FDR	84	A	TGAAG	ok	False
chr2	216122239	216122240	+	0.024	FDR	69	A	AAATT	ok	False
chr2	216162021	216162022	+	0.00019	FDR	62	A	GAAAC	ok	False
chr2	216205253	216205254	+	0.0009	FDR	187	A	GGAGT	ok	False
chr2	216205259	216205260	+	5.8e-06	FDR	196	A	CTAAC	ok	False
chr2	216205282	216205283	+	3.4e-13	FDR	203	A	CCATT	ok	False
chr2	216205292	216205293	+	3.4e-06	FDR	204	A	GGAGC	ok	False
chr2	216205298	216205299	+	0.002	FDR	204	A	AAAAT	ok	False
chr2	216205308	216205309	+	1.2e-07	FDR	204	A	GAAAT	ok	False
chr2	216205335	216205336	+	1e-08	FDR	202	A	GGATC	ok	False
chr2	216205354	216205355	+	3e-12	FDR	200	A	GGAAT	ok	False
chr2	216205355	216205356	+	3e-06	FDR	200	A	GAATG	ok	False
chr2	216205371	216205372	+	4.9e-15	FDR	200	A	ATATA	ok	False
chr2	216205373	216205374	+	6.5e-28	FDR	200	A	ATATT	ok	False
chr2	216205378	216205379	+	0.0047	FDR	200	A	ACAAG	ok	False
chr2	216205383	216205384	+	3.2e-09	FDR	200	A	GGATA	ok	False
chr2	216205390	216205391	+	9e-07	FDR	199	A	TTAGA	ok	False
chr2	216205392	216205393	+	1.4e-15	FDR	198	A	AGACC	ok	True
chr2	216205409	216205410	+	0.032	FDR	196	A	ATAAA	ok	False
chr2	216205410	216205411	+	3.1e-15	FDR	196	A	TAAAG	ok	False
chr2	216205411	216205412	+	1.2e-07	FDR	194	A	AAAGA	ok	False
chr2	216205417	216205418	+	0.00049	FDR	169	A	TCATT	ok	False
chr2	216206263	216206264	+	0.025	FDR	25	A	TTAAA	ok	False
chr2	218272661	218272662	+	0.00096	FDR	93	A	GAACA	ok	True
chr2	219250314	219250315	-	3.2e-07	FDR	94	T	TTTGC	ok	False
chr2	219250385	219250386	-	0.0011	FDR	112	T	AGTCG	ok	False
chr2	219251575	219251576	-	0.00026	FDR	85	T	GATCC	ok	False
chr2	219252225	219252226	-	0.0047	FDR	80	T	ATTCA	ok	False
chr2	222624433	222624434	-	0.013	FDR	37	T	TTTAA	ok	False
chr2	231457694	231457695	-	0.018	FDR	64	T	TCTCC	ok	False
chr2	231460485	231460486	-	0.0027	FDR	70	T	CTTTC	ok	False
chr2	231460538	231460539	-	0.0058	FDR	73	T	CGTTT	ok	False
chr2	231460763	231460764	-	1.6e-06	FDR	129	T	CTTCT	ok	False
chr2	231460796	231460797	-	1.9e-06	FDR	162	T	CTTTC	ok	False
chr2	231461736	231461737	-	5.1e-10	FDR	249	T	CATTC	ok	False
chr2	231464368	231464369	-	5e-10	FDR	375	T	TGTGA	ok	False
chr2	231713402	231713403	+	3.1e-07	FDR	598	A	CCAAA	ok	False
chr2	231713406	231713407	+	5.8e-75	FDR	597	A	AGATA	ok	False
chr2	231713439	231713440	+	0.023	FDR	583	A	CTATG	ok	False
chr2	231713512	231713513	+	2.4e-22	FDR	566	A	GAATT	ok	False
chr2	232525673	232525674	+	9.3e-05	FDR	56	A	AGAAT	ok	False
chr2	232525674	232525675	+	4.6e-18	FDR	56	A	GAATC	ok	False
chr2	232525692	232525693	+	1.3e-06	FDR	54	A	TAAAT	ok	False
chr2	232525693	232525694	+	5.4e-08	FDR	53	A	AAATG	ok	False
chr2	232568994	232568995	+	0.024	FDR	53	A	GAAGC	ok	False
chr2	239961019	239961020	-	0.043	FDR	53	T	TTTAC	ok	False
chr2	240021249	240021250	-	0.048	FDR	40	T	TGTAC	ok	False
chr2	240021406	240021407	-	5.5e-05	FDR	39	T	CTTGA	ok	False
chr2	240130838	240130839	-	0.0028	FDR	140	T	TTTCT	ok	False
chr2	241166394	241166395	+	0.0007	FDR	31	A	GTACC	ok	False
chr2	241229597	241229598	-	0.00051	FDR	34	T	GATCA	ok	False
chr2	241352485	241352486	+	0.041	FDR	39	A	CTATA	ok	False
chr2	241686739	241686740	-	0.028	FDR	74	T	GGTCC	ok	True
chr20	397146	397147	+	0.043	FDR	32	A	GTATC	ok	False
chr20	1369226	1369227	-	0.03	FDR	132	T	TGTCA	ok	True
chr20	1369447	1369448	-	1e-05	FDR	117	T	AGTGT	ok	False
chr20	1369572	1369573	-	0.0047	FDR	114	T	TTTAA	ok	False
chr20	1369585	1369586	-	0.014	FDR	114	T	CATCT	ok	False
chr20	1369605	1369606	-	0.00063	FDR	113	T	AATTC	ok	False
chr20	2470698	2470699	-	3.2e-09	FDR	290	T	GGTTC	ok	True
chr20	2656858	2656859	+	0.044	FDR	82	A	CGAAA	ok	False
chr20	2657149	2657150	+	0.029	FDR	191	A	AAAAG	ok	False
chr20	2657166	2657167	+	0.02	FDR	181	A	GCACT	ok	False
chr20	2658033	2658034	+	8.3e-11	FDR	137	A	AAAAG	ok	False
chr20	2658263	2658264	+	0.011	FDR	126	A	AAAAA	ok	False
chr20	2658264	2658265	+	0.043	FDR	126	A	AAAAG	ok	False
chr20	2658265	2658266	+	0.025	FDR	126	A	AAAGT	ok	False
chr20	2658328	2658329	+	8.4e-08	FDR	118	A	ATACC	ok	False
chr20	3223833	3223834	+	2.2e-05	FDR	137	A	CAAAA	ok	False
chr20	3223834	3223835	+	2.8e-06	FDR	137	A	AAAAT	ok	False
chr20	3753530	3753531	-	0.0026	FDR	51	T	ATTTC	ok	False
chr20	3753613	3753614	-	0.017	FDR	54	T	CCTCC	ok	False
chr20	16731759	16731760	+	0.0042	FDR	67	A	AAAAG	ok	False
chr20	17570208	17570209	+	5.7e-10	FDR	334	A	AGATG	ok	False
chr20	17600799	17600800	+	9.3e-16	FDR	344	A	AAATG	ok	False
chr20	18567532	18567533	+	0.041	FDR	92	A	GGATC	ok	False
chr20	18567587	18567588	+	0.021	FDR	92	A	GAAGT	ok	False
chr20	18569258	18569259	+	3.6e-07	FDR	92	A	CAAGT	ok	False
chr20	24963058	24963059	-	0.04	FDR	39	T	ACTGT	ok	False
chr20	31606356	31606357	+	0.043	FDR	87	A	GCAGA	ok	False
chr20	31606406	31606407	+	0.0061	FDR	88	A	AAATT	ok	False
chr20	31606423	31606424	+	0.0012	FDR	86	A	ATATT	ok	False
chr20	31783832	31783833	+	0.018	FDR	28	A	CCAGG	ok	False
chr20	34089526	34089527	-	3.6e-06	FDR	168	T	CGTTT	ok	False
chr20	34097497	34097498	-	0.0022	FDR	59	T	TGTTG	ok	False
chr20	34098526	34098527	-	0.0014	FDR	60	T	CATCT	ok	False
chr20	34098528	34098529	-	0.0018	FDR	60	T	TCTGG	ok	False
chr20	34105370	34105371	-	8.5e-05	FDR	125	T	TTTTT	ok	False
chr20	34105372	34105373	-	0.031	FDR	126	T	TTTTC	ok	False
chr20	34105379	34105380	-	0.00022	FDR	127	T	AGTGT	ok	False
chr20	34105381	34105382	-	0.0012	FDR	128	T	TGTCC	ok	True
chr20	34105512	34105513	-	0.012	FDR	128	T	TTTTT	ok	False
chr20	34105526	34105527	-	0.0016	FDR	128	T	CATAG	ok	False
chr20	34105541	34105542	-	2.4e-22	FDR	127	T	AATCA	ok	False
chr20	34112129	34112130	-	8.2e-10	FDR	122	T	GCTCG	ok	False
chr20	34281118	34281119	-	0.022	FDR	50	T	ACTTC	ok	False
chr20	34540797	34540798	+	0.0021	FDR	67	A	GCACC	ok	False
chr20	35174817	35174818	+	0.00019	FDR	40	A	ACACC	ok	False
chr20	35176442	35176443	+	0.015	FDR	45	A	CGAAA	ok	False
chr20	35279691	35279692	-	0.00012	FDR	139	T	AGTCA	ok	True
chr20	35279988	35279989	-	0.0062	FDR	123	T	AATTG	ok	False
chr20	35542557	35542558	+	0.029	FDR	49	A	TGAAG	ok	False
chr20	35548624	35548625	+	0.039	FDR	51	A	GGAGC	ok	False
chr20	35548847	35548848	+	0.0012	FDR	53	A	CCAGC	ok	False
chr20	35556263	35556264	+	0.029	FDR	66	A	GGACG	ok	False
chr20	35557484	35557485	+	0.024	FDR	69	A	TGATC	ok	False
chr20	35700888	35700889	+	0.0034	FDR	211	A	GGATG	ok	False
chr20	35700894	35700895	+	3.7e-14	FDR	211	A	GCATC	ok	False
chr20	35700964	35700965	+	0.0061	FDR	187	A	AAAGA	ok	False
chr20	35700966	35700967	+	1.5e-05	FDR	180	A	AGAAA	ok	False
chr20	35714336	35714337	-	0.025	FDR	40	T	GTTCA	ok	False
chr20	35740880	35740881	-	0.014	FDR	83	T	TCTAA	ok	False
chr20	36612450	36612451	+	1.1e-05	FDR	140	A	GCATG	ok	False
chr20	36612537	36612538	+	1.6e-14	FDR	130	A	AAATC	ok	False
chr20	37179356	37179357	+	0.0005	FDR	66	A	GAATG	ok	False
chr20	37207293	37207294	+	1.4e-05	FDR	53	A	TGAAC	ok	False
chr20	37213812	37213813	+	0.0043	FDR	53	A	TGACT	ok	True
chr20	37232317	37232318	+	3e-05	FDR	80	A	GAAGA	ok	False
chr20	37241321	37241322	+	4e-09	FDR	487	A	AGAAG	ok	False
chr20	38420713	38420714	-	0.0013	FDR	87	T	CTTCC	ok	False
chr20	38420835	38420836	-	0.029	FDR	88	T	GCTTC	ok	False
chr20	38421019	38421020	-	0.0018	FDR	84	T	TATCA	ok	False
chr20	44197058	44197059	-	0.0055	FDR	47	T	TGTAC	ok	False
chr20	44942606	44942607	-	9.9e-05	FDR	39	T	TGTAC	ok	False
chr20	45252270	45252271	-	2.4e-05	FDR	55	T	CATTG	ok	False
chr20	45252271	45252272	-	3e-05	FDR	55	T	ATTGA	ok	False
chr20	45252304	45252305	-	4.3e-10	FDR	56	T	TGTGC	ok	False
chr20	45253145	45253146	-	0.0035	FDR	57	T	CCTCC	ok	False
chr20	45812792	45812793	+	1.4e-06	FDR	134	A	CAAAA	ok	False
chr20	45812793	45812794	+	1.8e-06	FDR	134	A	AAAAG	ok	False
chr20	45814401	45814402	+	2.9e-06	FDR	125	A	GGATT	ok	False
chr20	49084104	49084105	+	0.025	FDR	58	A	TTACG	ok	False
chr20	49090958	49090959	+	0.0031	FDR	68	A	GGAAA	ok	False
chr20	49092074	49092075	+	0.0018	FDR	71	A	GCATA	ok	False
chr20	49094912	49094913	+	3.5e-07	FDR	420	A	AAATT	ok	False
chr20	49096406	49096407	+	0.0064	FDR	433	A	GTACC	ok	False
chr20	49096461	49096462	+	2.5e-19	FDR	437	A	AAACC	ok	True
chr20	49096507	49096508	+	9e-26	FDR	431	A	GCATT	ok	False
chr20	49096558	49096559	+	3e-11	FDR	417	A	GTAAA	ok	False
chr20	49289253	49289254	+	7.5e-06	FDR	171	A	AAATC	ok	False
chr20	50935079	50935080	-	0.015	FDR	135	T	GCTTC	ok	False
chr20	50936160	50936161	-	0.0019	FDR	133	T	TATAA	ok	False
chr20	50945911	50945912	-	0.036	FDR	88	T	AATAT	ok	False
chr20	50958508	50958509	-	3.8e-07	FDR	74	T	ACTTC	ok	False
chr20	54219127	54219128	+	0.042	FDR	58	A	AAACC	ok	True
chr20	56369514	56369515	-	0.045	FDR	50	T	CCTAA	ok	False
chr20	56369682	56369683	-	0.025	FDR	61	T	TATTT	ok	False
chr20	56369820	56369821	-	0.027	FDR	59	T	GGTCA	ok	True
chr20	56370023	56370024	-	0.02	FDR	53	T	GCTGA	ok	False
chr20	56373524	56373525	-	0.0064	FDR	44	T	AGTAA	ok	False
chr20	56386280	56386281	-	0.0019	FDR	91	T	CTTGC	ok	False
chr20	56386323	56386324	-	0.017	FDR	91	T	GGTAC	ok	False
chr20	56386420	56386421	-	0.038	FDR	94	T	AATTT	ok	False
chr20	56386506	56386507	-	0.032	FDR	92	T	CGTTT	ok	False
chr20	56474728	56474729	+	0.038	FDR	41	A	GAAAA	ok	False
chr20	58910691	58910692	+	3.1e-12	FDR	283	A	GCACT	ok	False
chr20	58910893	58910894	+	5.2e-23	FDR	291	A	GTACA	ok	False
chr20	58911010	58911011	+	4.4e-05	FDR	305	A	GAAAG	ok	False
chr20	58911011	58911012	+	0.0013	FDR	305	A	AAAGC	ok	False
chr20	58911097	58911098	+	0.00022	FDR	294	A	CAAAC	ok	False
chr20	58911151	58911152	+	0.00053	FDR	234	A	GCATT	ok	False
chr20	58911173	58911174	+	3.5e-08	FDR	227	A	AAATT	ok	False
chr20	58911188	58911189	+	0.033	FDR	159	A	AAAGA	ok	False
chr20	58993633	58993634	+	0.014	FDR	62	A	GAAGA	ok	False
chr20	59033227	59033228	-	9.3e-06	FDR	111	T	TATGA	ok	False
chr20	59033235	59033236	-	4.2e-06	FDR	111	T	CTTAT	ok	False
chr20	59034140	59034141	-	0.013	FDR	97	T	AATAA	ok	False
chr20	59035000	59035001	-	3.9e-05	FDR	149	T	TGTCA	ok	True
chr20	62136804	62136805	-	1.7e-08	FDR	155	T	ACTCA	ok	False
chr20	62136881	62136882	-	0.00057	FDR	298	T	TCTTT	ok	False
chr20	62136882	62136883	-	6.9e-10	FDR	303	T	CTTTT	ok	False
chr20	62136895	62136896	-	0.017	FDR	566	T	TCTTT	ok	False
chr20	62136896	62136897	-	4.5e-06	FDR	567	T	CTTTT	ok	False
chr20	62136897	62136898	-	1.1e-24	FDR	567	T	TTTTT	ok	False
chr20	62136898	62136899	-	3e-09	FDR	583	T	TTTTC	ok	False
chr20	62308708	62308709	+	0.017	FDR	110	A	AGAGG	ok	False
chr20	62308729	62308730	+	0.013	FDR	109	A	GAAGG	ok	False
chr21	6484834	6484835	-	0.027	FDR	137	T	CCTCC	ok	False
chr21	6496030	6496031	-	0.038	FDR	116	T	CCTGT	ok	False
chr21	25601404	25601405	-	0.027	FDR	98	T	TATTC	ok	False
chr21	25606480	25606481	-	0.00011	FDR	90	T	TTTTA	ok	False
chr21	25606483	25606484	-	0.045	FDR	90	T	TATTC	ok	False
chr21	25606484	25606485	-	0.004	FDR	90	T	ATTCA	ok	False
chr21	29056350	29056351	-	0.00015	FDR	302	T	TATAA	ok	False
chr21	31668889	31668890	+	0.0062	FDR	159	A	GCACT	ok	False
chr21	31668899	31668900	+	8.4e-05	FDR	158	A	TGAGG	ok	False
chr21	32601956	32601957	-	0.0021	FDR	37	T	CATCA	ok	False
chr21	33504254	33504255	-	0.04	FDR	44	T	AGTAT	ok	False
chr21	33549554	33549555	+	1.1e-09	FDR	73	A	TCAAA	ok	False
chr21	33549558	33549559	+	0.013	FDR	73	A	AGAAG	ok	False
chr21	34142508	34142509	+	6.4e-17	FDR	172	A	ACACC	ok	False
chr21	34385580	34385581	+	0.032	FDR	26	A	GGAGG	ok	False
chr21	36070154	36070155	+	0.015	FDR	85	A	GCAAC	ok	False
chr21	36070308	36070309	+	0.0021	FDR	86	A	CGACG	ok	False
chr21	39178510	39178511	-	2.3e-05	FDR	124	T	CTTTG	ok	False
chr21	39178511	39178512	-	3.5e-13	FDR	124	T	TTTGA	ok	False
chr21	39183311	39183312	-	0.015	FDR	95	T	CCTCC	ok	False
chr21	39183354	39183355	-	1.4e-07	FDR	85	T	CTTCA	ok	False
chr21	39342870	39342871	-	0.018	FDR	281	T	CATAA	ok	False
chr21	39342873	39342874	-	0.0014	FDR	281	T	AATTC	ok	False
chr21	39345220	39345221	-	1.2e-05	FDR	279	T	TTTCC	ok	False
chr21	39348548	39348549	-	0.00031	FDR	337	T	CTTCC	ok	False
chr21	42852256	42852257	-	0.01	FDR	62	T	CTTCC	ok	False
chr21	42893359	42893360	+	0.04	FDR	75	A	CAAGG	ok	False
chr21	42896995	42896996	+	0.0016	FDR	78	A	GGAAG	ok	False
chr21	42896996	42896997	+	0.018	FDR	78	A	GAAGA	ok	False
chr21	42908940	42908941	+	0.006	FDR	84	A	ACACC	ok	False
chr21	42909058	42909059	+	1.5e-05	FDR	83	A	TCACT	ok	False
chr21	42909082	42909083	+	0.014	FDR	80	A	TAAAA	ok	False
chr21	43093167	43093168	-	0.0033	FDR	102	T	CCTCC	ok	False
chr21	43755740	43755741	+	0.0004	FDR	111	A	GCAGA	ok	False
chr21	43755742	43755743	+	2.9e-07	FDR	111	A	AGAGG	ok	False
chr21	43774325	43774326	-	3.6e-30	FDR	396	T	CGTGC	ok	False
chr21	43776216	43776217	-	4.4e-26	FDR	373	T	TGTGC	ok	False
chr21	44806106	44806107	-	0.00076	FDR	54	T	ATTCA	ok	False
chr22	17137707	17137708	-	0.0029	FDR	43	T	TTTCA	ok	False
chr22	17592293	17592294	-	7.3e-07	FDR	49	T	GGTGT	ok	False
chr22	17592452	17592453	-	0.048	FDR	51	T	ACTTT	ok	False
chr22	19435711	19435712	+	2.2e-07	FDR	115	A	GTACA	ok	False
chr22	19435940	19435941	+	0.032	FDR	120	A	ACACA	ok	False
chr22	19450637	19450638	-	0.019	FDR	86	T	TTTTA	ok	False
chr22	19454811	19454812	-	0.0039	FDR	98	T	AATTC	ok	False
chr22	19968930	19968931	+	3.8e-08	FDR	97	A	TGACT	ok	True
chr22	20117527	20117528	+	0.039	FDR	106	A	GAAGA	ok	False
chr22	20122388	20122389	+	6.4e-12	FDR	351	A	GGACA	ok	True
chr22	20125327	20125328	+	3.5e-18	FDR	355	A	TGAAG	ok	False
chr22	20125328	20125329	+	7.9e-07	FDR	355	A	GAAGC	ok	False
chr22	20127243	20127244	+	1.7e-07	FDR	137	A	GAAAA	ok	False
chr22	21628361	21628362	-	0.0037	FDR	35	T	AATCC	ok	False
chr22	21643029	21643030	+	0.00084	FDR	91	A	CCACT	ok	False
chr22	21644239	21644240	+	0.048	FDR	94	A	AGAGA	ok	False
chr22	21644285	21644286	+	0.002	FDR	92	A	GAATG	ok	False
chr22	23834344	23834345	+	1.7e-06	FDR	60	A	CCATT	ok	False
chr22	23895065	23895066	+	0.041	FDR	2873	A	GAACG	ok	False
chr22	23895204	23895205	+	0.019	FDR	2515	A	AAATA	ok	False
chr22	29300129	29300130	+	0.00031	FDR	90	A	GCACC	ok	False
chr22	29300259	29300260	+	0.0043	FDR	90	A	CAACA	ok	False
chr22	30426830	30426831	+	0.0034	FDR	40	A	CAAGA	ok	False
chr22	31420322	31420323	+	0.026	FDR	80	A	ATAAT	ok	False
chr22	32387875	32387876	-	0.03	FDR	86	T	GTTAC	ok	False
chr22	32388002	32388003	-	6.5e-09	FDR	78	T	GATCA	ok	False
chr22	32396082	32396083	-	0.019	FDR	69	T	GTTAA	ok	False
chr22	32396120	32396121	-	0.031	FDR	69	T	GTTCC	ok	False
chr22	32401770	32401771	-	0.002	FDR	58	T	CTTTT	ok	False
chr22	32401771	32401772	-	0.0022	FDR	58	T	TTTTG	ok	False
chr22	32401772	32401773	-	6.4e-05	FDR	58	T	TTTGA	ok	False
chr22	32406701	32406702	-	0.021	FDR	54	T	GCTGC	ok	False
chr22	32498646	32498647	+	0.0002	FDR	56	A	GCACT	ok	False
chr22	32498715	32498716	+	0.0047	FDR	56	A	TGACA	ok	True
chr22	32498812	32498813	+	0.018	FDR	49	A	TAAAA	ok	False
chr22	32498818	32498819	+	0.0024	FDR	39	A	AAAGT	ok	False
chr22	35423260	35423261	+	0.02	FDR	52	A	GCATC	ok	False
chr22	36511510	36511511	-	0.00011	FDR	189	T	CTTCC	ok	False
chr22	36518774	36518775	-	6.8e-08	FDR	144	T	GTTGT	ok	False
chr22	36519420	36519421	-	0.0006	FDR	135	T	GGTCG	ok	False
chr22	36519467	36519468	-	0.0015	FDR	132	T	AGTGG	ok	False
chr22	36519471	36519472	-	0.029	FDR	132	T	GCTTC	ok	False
chr22	37024294	37024295	+	0.044	FDR	44	A	GCAGC	ok	False
chr22	37029728	37029729	+	0.0078	FDR	56	A	ACAAC	ok	False
chr22	37678586	37678587	+	3.5e-14	FDR	438	A	GGACG	ok	False
chr22	37870202	37870203	+	7.1e-05	FDR	108	A	GTAAG	ok	False
chr22	37870215	37870216	+	0.00066	FDR	108	A	GAAGT	ok	False
chr22	37967706	37967707	+	0.0045	FDR	262	A	TCACC	ok	False
chr22	38682343	38682344	+	0.014	FDR	87	A	AGAGA	ok	False
chr22	38682962	38682963	+	0.0093	FDR	86	A	CAAAT	ok	False
chr22	38684193	38684194	+	3.3e-07	FDR	77	A	TAACG	ok	False
chr22	39529253	39529254	-	9e-07	FDR	128	T	GGTGC	ok	False
chr22	39529507	39529508	-	8e-05	FDR	120	T	ATTCC	ok	False
chr22	40826183	40826184	-	8.3e-07	FDR	109	T	CATAC	ok	False
chr22	40826237	40826238	-	1.3e-10	FDR	112	T	AGTAA	ok	False
chr22	40826255	40826256	-	2.5e-06	FDR	115	T	AATTA	ok	False
chr22	40826256	40826257	-	2.7e-06	FDR	115	T	ATTAA	ok	False
chr22	40826276	40826277	-	3.1e-08	FDR	117	T	TGTTT	ok	True
chr22	40832574	40832575	-	4.7e-05	FDR	201	T	GGTTG	ok	False
chr22	40835581	40835582	-	0.0059	FDR	192	T	CTTGT	ok	False
chr22	40835812	40835813	-	0.0034	FDR	190	T	CTTGG	ok	False
chr22	40856467	40856468	-	0.021	FDR	229	T	GGTGT	ok	False
chr22	41460237	41460238	-	0.00029	FDR	105	T	TGTCT	ok	True
chr22	41467534	41467535	-	0.012	FDR	105	T	GATCC	ok	False
chr22	41673985	41673986	-	0.0012	FDR	86	T	CATGA	ok	False
chr22	41674817	41674818	-	3.7e-15	FDR	475	T	AGTAC	ok	False
chr22	41682357	41682358	-	0.00061	FDR	115	T	CATAG	ok	False
chr22	41682398	41682399	-	0.044	FDR	107	T	GATAC	ok	False
chr22	41939024	41939025	-	0.021	FDR	68	T	CATGA	ok	False
chr22	42082057	42082058	+	2.3e-13	FDR	64	A	TGACT	ok	True
chr22	42512959	42512960	-	0.04	FDR	40	T	CTTGT	ok	False
chr22	43989158	43989159	+	0.032	FDR	52	A	CTACA	ok	False
chr22	43990402	43990403	+	0.033	FDR	64	A	CGACA	ok	False
chr22	46293914	46293915	+	0.0037	FDR	52	A	GAAGG	ok	False
chr3	9892990	9892991	+	0.0014	FDR	96	A	TGAGC	ok	False
chr3	9893213	9893214	+	0.0077	FDR	101	A	CTACC	ok	False
chr3	9893323	9893324	+	0.00011	FDR	104	A	GCAAG	ok	False
chr3	9977404	9977405	-	0.0018	FDR	41	T	ATTTT	ok	False
chr3	10126799	10126800	+	0.0001	FDR	190	A	TGATT	ok	False
chr3	10305613	10305614	-	0.0028	FDR	165	T	ATTGG	ok	False
chr3	10318085	10318086	-	0.013	FDR	139	T	ATTAC	ok	False
chr3	14198221	14198222	+	3.7e-26	FDR	205	A	GAAAT	ok	False
chr3	15052266	15052267	-	2.7e-06	FDR	79	T	GCTTC	ok	False
chr3	22381915	22381916	+	0.00024	FDR	250	A	AGATG	ok	False
chr3	23920387	23920388	+	0.00072	FDR	107	A	CAACC	ok	False
chr3	23920429	23920430	+	0.0091	FDR	108	A	AAACA	ok	True
chr3	23920592	23920593	+	0.011	FDR	116	A	ACAAG	ok	False
chr3	23920650	23920651	+	0.00072	FDR	119	A	TGAAC	ok	False
chr3	28319531	28319532	+	0.00093	FDR	67	A	TGAAG	ok	False
chr3	32997086	32997087	-	0.019	FDR	50	T	GGTGG	ok	False
chr3	42594488	42594489	+	0.0027	FDR	93	A	GCACT	ok	False
chr3	42594582	42594583	+	0.015	FDR	97	A	CAAAA	ok	False
chr3	42784501	42784502	-	0.0083	FDR	120	T	TTTAC	ok	False
chr3	42784609	42784610	-	0.0034	FDR	117	T	AATTA	ok	False
chr3	42784705	42784706	-	0.0068	FDR	110	T	TTTAA	ok	False
chr3	42785114	42785115	-	6.4e-05	FDR	100	T	AATCA	ok	False
chr3	42785202	42785203	-	0.0015	FDR	125	T	GGTAA	ok	False
chr3	42794192	42794193	-	0.00028	FDR	123	T	AATGA	ok	False
chr3	44989557	44989558	+	0.023	FDR	30	A	ACAGA	ok	False
chr3	47277374	47277375	-	0.048	FDR	24	T	ATTCT	ok	False
chr3	47803198	47803199	+	0.00054	FDR	94	A	ACATC	ok	False
chr3	47848297	47848298	+	0.003	FDR	30	A	GAAAA	ok	False
chr3	48432717	48432718	-	0.0054	FDR	32	T	AATGA	ok	False
chr3	48440541	48440542	+	9.5e-07	FDR	937	A	GGAAG	ok	False
chr3	48605843	48605844	-	0.024	FDR	186	T	AATCC	ok	False
chr3	48927598	48927599	+	0.039	FDR	76	A	TGAAG	ok	False
chr3	49025240	49025241	-	0.027	FDR	196	T	GCTGT	ok	False
chr3	49026325	49026326	-	0.015	FDR	196	T	CTTCC	ok	False
chr3	49027731	49027732	-	0.045	FDR	176	T	GTTCC	ok	False
chr3	49103367	49103368	-	0.023	FDR	68	T	GATCA	ok	False
chr3	49103372	49103373	-	9.4e-08	FDR	68	T	TTTTG	ok	False
chr3	49358127	49358128	-	0.018	FDR	163	T	GGTGC	ok	False
chr3	49359243	49359244	-	2.7e-05	FDR	271	T	CATGA	ok	False
chr3	49359660	49359661	-	0.021	FDR	349	T	AATTA	ok	False
chr3	49359661	49359662	-	0.043	FDR	349	T	ATTAC	ok	False
chr3	49368528	49368529	-	1.1e-05	FDR	243	T	TGTCC	ok	True
chr3	50288074	50288075	-	0.014	FDR	95	T	GGTTT	ok	True
chr3	50288075	50288076	-	0.00042	FDR	95	T	GTTTT	ok	False
chr3	50288915	50288916	-	0.00038	FDR	80	T	CATGT	ok	False
chr3	50289456	50289457	-	0.049	FDR	77	T	GATGT	ok	False
chr3	52229772	52229773	-	0.029	FDR	27	T	AGTAG	ok	False
chr3	52254734	52254735	-	0.012	FDR	49	T	AATTC	ok	False
chr3	52686773	52686774	+	3.6e-06	FDR	141	A	TAAAG	ok	False
chr3	52686776	52686777	+	0.022	FDR	141	A	AGAAA	ok	False
chr3	52686778	52686779	+	3.9e-05	FDR	141	A	AAAGC	ok	False
chr3	52686785	52686786	+	0.014	FDR	141	A	GTAAA	ok	False
chr3	52686815	52686816	+	0.0089	FDR	141	A	AAATC	ok	False
chr3	52686821	52686822	+	0.046	FDR	141	A	AAAAA	ok	False
chr3	52687265	52687266	+	0.00063	FDR	140	A	AAATT	ok	False
chr3	52687284	52687285	+	4.4e-05	FDR	139	A	AAAAG	ok	False
chr3	52687285	52687286	+	0.0073	FDR	138	A	AAAGC	ok	False
chr3	52687374	52687375	+	3e-05	FDR	137	A	GGAAA	ok	False
chr3	52687545	52687546	+	0.0041	FDR	131	A	GAACT	ok	True
chr3	52693745	52693746	+	0.0081	FDR	62	A	GAAGC	ok	False
chr3	52694080	52694081	+	3.4e-05	FDR	66	A	GCACT	ok	False
chr3	52694281	52694282	+	2.6e-05	FDR	64	A	ACAAT	ok	False
chr3	53241207	53241208	-	0.017	FDR	229	T	CTTCA	ok	False
chr3	53885215	53885216	-	0.038	FDR	82	T	CTTTT	ok	False
chr3	53885269	53885270	-	3.5e-15	FDR	82	T	ATTCT	ok	False
chr3	53885827	53885828	-	0.0037	FDR	88	T	CTTCC	ok	False
chr3	53891825	53891826	-	9.1e-22	FDR	88	T	CCTGG	ok	False
chr3	57571708	57571709	-	6e-05	FDR	55	T	ATTTC	ok	False
chr3	58427794	58427795	-	0.02	FDR	95	T	TATAA	ok	False
chr3	63834162	63834163	-	7.6e-05	FDR	78	T	CTTCC	ok	False
chr3	63834174	63834175	-	9.8e-05	FDR	79	T	CTTCT	ok	False
chr3	63835186	63835187	-	0.04	FDR	82	T	ACTAA	ok	False
chr3	63836340	63836341	-	0.00027	FDR	86	T	TTTTG	ok	False
chr3	63838032	63838033	-	0.045	FDR	86	T	AATTT	ok	False
chr3	63838408	63838409	-	0.019	FDR	125	T	TCTCT	ok	False
chr3	63838437	63838438	-	6.6e-07	FDR	126	T	AGTTT	ok	True
chr3	63838453	63838454	-	0.00045	FDR	126	T	AATTC	ok	False
chr3	63839716	63839717	-	0.033	FDR	115	T	TCTCC	ok	False
chr3	63839762	63839763	-	0.00086	FDR	112	T	CGTAT	ok	False
chr3	63863794	63863795	-	0.0041	FDR	104	T	CGTGC	ok	False
chr3	64010600	64010601	-	0.00012	FDR	67	T	ATTGT	ok	False
chr3	64019005	64019006	-	0.038	FDR	84	T	TCTCC	ok	False
chr3	64019409	64019410	-	0.0036	FDR	82	T	CATAT	ok	False
chr3	69085161	69085162	+	0.022	FDR	79	A	GCAAC	ok	False
chr3	69104913	69104914	+	0.0081	FDR	84	A	GAATT	ok	False
chr3	69104931	69104932	+	0.0022	FDR	77	A	GAATT	ok	False
chr3	99818033	99818034	+	0.00034	FDR	121	A	GCAGC	ok	False
chr3	100146973	100146974	+	0.043	FDR	117	A	GAAGC	ok	False
chr3	100160437	100160438	+	0.00092	FDR	110	A	GAATG	ok	False
chr3	100167754	100167755	+	0.0067	FDR	50	A	TAAAA	ok	False
chr3	100178496	100178497	+	6.9e-05	FDR	52	A	TAATT	ok	False
chr3	100339889	100339890	+	0.049	FDR	77	A	AGAAG	ok	False
chr3	101564981	101564982	+	0.039	FDR	91	A	AAAAC	ok	False
chr3	101565156	101565157	+	0.023	FDR	86	A	CTAAC	ok	False
chr3	101565267	101565268	+	0.0061	FDR	33	A	ATATC	ok	False
chr3	101594198	101594199	+	0.00056	FDR	99	A	AAATG	ok	False
chr3	101594383	101594384	+	0.00062	FDR	98	A	AGAAA	ok	False
chr3	101594384	101594385	+	0.03	FDR	98	A	GAAAT	ok	False
chr3	101682479	101682480	-	1.6e-20	FDR	1703	T	GCTTC	ok	False
chr3	101682480	101682481	-	2.8e-48	FDR	1703	T	CTTCC	ok	False
chr3	108080129	108080130	-	0.0027	FDR	27	T	ACTTC	ok	False
chr3	119523812	119523813	+	0.0015	FDR	91	A	TGAAT	ok	False
chr3	119523813	119523814	+	0.0084	FDR	91	A	GAATG	ok	False
chr3	120602214	120602215	+	5.2e-23	FDR	536	A	GAAAG	ok	False
chr3	120602215	120602216	+	4.1e-06	FDR	536	A	AAAGA	ok	False
chr3	120602217	120602218	+	1.1e-05	FDR	536	A	AGAAA	ok	False
chr3	120602218	120602219	+	8.9e-25	FDR	536	A	GAAAA	ok	False
chr3	120602219	120602220	+	5.8e-06	FDR	536	A	AAAAA	ok	False
chr3	122409891	122409892	+	3.9e-09	FDR	243	A	GTATT	ok	False
chr3	122409896	122409897	+	2.1e-13	FDR	243	A	AAAAA	ok	False
chr3	122409897	122409898	+	2e-09	FDR	243	A	AAAAG	ok	False
chr3	122409923	122409924	+	7.8e-05	FDR	236	A	TCATA	ok	False
chr3	122409925	122409926	+	8.3e-05	FDR	236	A	ATAAA	ok	False
chr3	122409930	122409931	+	0.034	FDR	236	A	GTATG	ok	False
chr3	124740104	124740105	+	2.5e-07	FDR	47	A	GCAAG	ok	False
chr3	124742224	124742225	+	0.018	FDR	52	A	AGAAT	ok	False
chr3	124744119	124744120	+	0.0011	FDR	48	A	AGACA	ok	True
chr3	126960248	126960249	+	0.047	FDR	50	A	AGAAG	ok	False
chr3	126960359	126960360	+	0.0081	FDR	44	A	CTACT	ok	False
chr3	128071249	128071250	+	0.0037	FDR	51	A	CCAGG	ok	False
chr3	128081018	128081019	-	0.018	FDR	56	T	AATAA	ok	False
chr3	128081032	128081033	-	1.4e-05	FDR	56	T	ATTTA	ok	False
chr3	128081108	128081109	-	0.033	FDR	57	T	AATGC	ok	False
chr3	128081323	128081324	-	2.5e-05	FDR	59	T	GATCT	ok	False
chr3	128082543	128082544	-	0.015	FDR	49	T	GATTC	ok	False
chr3	128104898	128104899	-	0.0036	FDR	57	T	ACTTC	ok	False
chr3	128620274	128620275	-	0.0069	FDR	45	T	CCTGG	ok	False
chr3	128813713	128813714	+	0.00077	FDR	98	A	CAAGC	ok	False
chr3	128813893	128813894	+	0.0011	FDR	101	A	GAAGG	ok	False
chr3	129302034	129302035	+	0.0011	FDR	38	A	TAATC	ok	False
chr3	129305244	129305245	+	0.029	FDR	35	A	AAATA	ok	False
chr3	131468156	131468157	-	0.00044	FDR	166	T	TTTAT	ok	False
chr3	131501546	131501547	-	0.014	FDR	156	T	TGTAT	ok	False
chr3	133819905	133819906	+	0.026	FDR	42	A	GAAAC	ok	False
chr3	134478457	134478458	-	0.0081	FDR	40	T	GCTAC	ok	False
chr3	138633082	138633083	+	0.015	FDR	37	A	GAATT	ok	False
chr3	141745616	141745617	+	3.4e-06	FDR	202	A	GCAGT	ok	False
chr3	143014325	143014326	+	7.2e-05	FDR	60	A	ACAAA	ok	False
chr3	143014333	143014334	+	0.032	FDR	60	A	AAAGC	ok	False
chr3	149369083	149369084	-	0.0026	FDR	483	T	CCTCC	ok	False
chr3	149741555	149741556	-	0.018	FDR	44	T	ATTTG	ok	False
chr3	150544253	150544254	-	0.00057	FDR	116	T	GGTGT	ok	False
chr3	150544474	150544475	-	0.0048	FDR	138	T	GATAC	ok	False
chr3	150546116	150546117	-	0.0036	FDR	138	T	GATCC	ok	False
chr3	150562619	150562620	+	0.039	FDR	28	A	TCACC	ok	False
chr3	155922205	155922206	+	0.021	FDR	28	A	AGAGT	ok	False
chr3	155925264	155925265	+	0.03	FDR	29	A	TCAAA	ok	False
chr3	156543015	156543016	-	0.00041	FDR	92	T	AATTC	ok	False
chr3	167697047	167697048	-	2e-05	FDR	53	T	CGTGA	ok	False
chr3	167720128	167720129	-	1e-08	FDR	52	T	CATTC	ok	False
chr3	167720194	167720195	-	7e-05	FDR	50	T	AATGC	ok	False
chr3	169976995	169976996	+	0.014	FDR	99	A	AGAAA	ok	False
chr3	170866446	170866447	-	0.012	FDR	129	T	CCTTG	ok	False
chr3	170866488	170866489	-	8.5e-06	FDR	128	T	TCTTC	ok	False
chr3	179576258	179576259	+	0.046	FDR	88	A	GGAGC	ok	False
chr3	179576687	179576688	+	2.9e-05	FDR	87	A	TGAAT	ok	False
chr3	179588295	179588296	+	3.2e-06	FDR	107	A	TTAAT	ok	False
chr3	179588951	179588952	-	6.9e-10	FDR	132	T	ATTTT	ok	False
chr3	179588980	179588981	-	0.05	FDR	136	T	GTTTC	ok	False
chr3	179588981	179588982	-	0.041	FDR	136	T	TTTCT	ok	False
chr3	179624035	179624036	+	0.0053	FDR	138	A	CAATT	ok	False
chr3	179624222	179624223	+	0.00035	FDR	135	A	AAAAT	ok	False
chr3	179624325	179624326	+	2.6e-07	FDR	133	A	AGAAG	ok	False
chr3	180984660	180984661	-	0.0044	FDR	156	T	TCTAG	ok	False
chr3	180984705	180984706	-	9.2e-05	FDR	155	T	GATCC	ok	False
chr3	184183520	184183521	+	0.037	FDR	94	A	TGAAG	ok	False
chr3	184183785	184183786	+	0.0044	FDR	121	A	GGAGC	ok	False
chr3	184184067	184184068	+	0.02	FDR	111	A	AAACC	ok	True
chr3	184258420	184258421	+	0.018	FDR	38	A	CCACT	ok	False
chr3	184258675	184258676	+	0.035	FDR	43	A	TTACA	ok	False
chr3	184303747	184303748	+	0.039	FDR	56	A	TAAGG	ok	False
chr3	184308961	184308962	+	0.005	FDR	73	A	ACACG	ok	False
chr3	186787513	186787514	+	0.00024	FDR	115	A	GAAGG	ok	False
chr3	186787842	186787843	+	0.00019	FDR	122	A	AAATT	ok	False
chr3	186789152	186789153	+	0.00024	FDR	136	A	GGAAA	ok	False
chr3	186789390	186789391	+	0.00029	FDR	147	A	GAAAT	ok	False
chr3	186789905	186789906	-	0.0031	FDR	76	T	TTTGG	ok	False
chr3	186789908	186789909	-	0.00088	FDR	77	T	GGTCA	ok	True
chr3	186790235	186790236	-	0.00051	FDR	95	T	CATGA	ok	False
chr3	186797573	186797574	-	0.0053	FDR	68	T	TTTTT	ok	False
chr3	186804675	186804676	-	0.048	FDR	61	T	GTTTA	ok	False
chr3	196049331	196049332	-	0.00011	FDR	67	T	GTTGC	ok	False
chr3	196049429	196049430	-	0.00041	FDR	72	T	GGTCA	ok	True
chr3	196050134	196050135	-	0.026	FDR	55	T	GATTA	ok	False
chr4	1339790	1339791	+	0.037	FDR	59	A	ACATC	ok	False
chr4	1693687	1693688	-	0.049	FDR	46	T	CCTTG	ok	False
chr4	2043947	2043948	+	0.00013	FDR	80	A	GAATA	ok	False
chr4	24527576	24527577	-	8.4e-08	FDR	86	T	AATGT	ok	False
chr4	24527788	24527789	-	0.014	FDR	84	T	ATTTA	ok	False
chr4	24529687	24529688	-	0.035	FDR	70	T	GGTCA	ok	True
chr4	24556277	24556278	-	0.047	FDR	49	T	ACTTC	ok	False
chr4	24584325	24584326	-	0.021	FDR	42	T	CATCG	ok	False
chr4	39458419	39458420	-	1.4e-12	FDR	368	T	GATTG	ok	False
chr4	48851879	48851880	+	0.008	FDR	57	A	AGACA	ok	True
chr4	48861068	48861069	+	0.029	FDR	62	A	CTAGA	ok	False
chr4	52713758	52713759	+	0.0006	FDR	155	A	GGATT	ok	False
chr4	52714101	52714102	+	1.1e-09	FDR	143	A	GGAGA	ok	False
chr4	56446759	56446760	+	2.6e-09	FDR	149	A	TGATT	ok	False
chr4	56459443	56459444	+	1.7e-07	FDR	146	A	CAACC	ok	False
chr4	56459642	56459643	+	0.0041	FDR	153	A	AAATA	ok	False
chr4	56486359	56486360	+	2.5e-05	FDR	61	A	GAAAT	ok	False
chr4	57031291	57031292	-	0.0032	FDR	85	T	CATGC	ok	False
chr4	57031315	57031316	-	0.0035	FDR	85	T	GGTTT	ok	True
chr4	82429262	82429263	-	1.4e-05	FDR	147	T	GATTC	ok	False
chr4	82460620	82460621	+	0.029	FDR	30	A	GTATT	ok	False
chr4	82461050	82461051	+	0.0015	FDR	32	A	TAATT	ok	False
chr4	82878886	82878887	-	0.047	FDR	60	T	CTTTG	ok	False
chr4	82894653	82894654	-	0.026	FDR	52	T	TTTGT	ok	False
chr4	83049191	83049192	+	0.0015	FDR	129	A	TGATC	ok	False
chr4	83075609	83075610	+	6.6e-06	FDR	151	A	ATATA	ok	False
chr4	83075611	83075612	+	0.008	FDR	152	A	ATATT	ok	False
chr4	83264318	83264319	-	0.022	FDR	64	T	AATTT	ok	False
chr4	83278949	83278950	-	0.017	FDR	31	T	CTTTT	ok	False
chr4	83456062	83456063	+	0.0049	FDR	152	A	GGAAG	ok	False
chr4	87458278	87458279	+	0.035	FDR	30	A	TTAAA	ok	False
chr4	99072392	99072393	-	0.00047	FDR	61	T	GATGG	ok	False
chr4	99072433	99072434	-	0.00017	FDR	66	T	AGTTC	ok	True
chr4	99072668	99072669	-	0.0013	FDR	67	T	TATAT	ok	False
chr4	99074973	99074974	-	0.018	FDR	66	T	AATTT	ok	False
chr4	102796757	102796758	-	0.011	FDR	91	T	AATTA	ok	False
chr4	102796796	102796797	-	0.0014	FDR	91	T	GGTGT	ok	False
chr4	102796868	102796869	-	1.4e-05	FDR	92	T	CATCA	ok	False
chr4	102796898	102796899	-	0.00015	FDR	91	T	AATTC	ok	False
chr4	102797156	102797157	-	0.0052	FDR	82	T	TTTTT	ok	False
chr4	102797372	102797373	-	0.01	FDR	77	T	TTTAT	ok	False
chr4	102801525	102801526	-	0.011	FDR	75	T	AATAT	ok	False
chr4	102885296	102885297	+	0.0068	FDR	101	A	GAAGA	ok	False
chr4	102885326	102885327	+	6e-06	FDR	102	A	TAATC	ok	False
chr4	105369651	105369652	-	0.00028	FDR	67	T	CATAG	ok	False
chr4	105369674	105369675	-	0.00028	FDR	67	T	CTTGG	ok	False
chr4	105399070	105399071	-	0.013	FDR	67	T	GGTTT	ok	True
chr4	105473907	105473908	-	0.0026	FDR	105	T	GGTAA	ok	False
chr4	106328158	106328159	+	0.042	FDR	62	A	TAACA	ok	True
chr4	106328212	106328213	+	0.046	FDR	60	A	AAAAG	ok	False
chr4	106336965	106336966	+	0.00067	FDR	27	A	AGAGA	ok	False
chr4	108630111	108630112	+	0.00013	FDR	27	A	TGACG	ok	False
chr4	118279723	118279724	+	0.00033	FDR	140	A	GAAGT	ok	False
chr4	118279770	118279771	+	0.00014	FDR	135	A	GTAAT	ok	False
chr4	119298570	119298571	-	0.0011	FDR	50	T	AATTT	ok	False
chr4	119300410	119300411	-	0.0026	FDR	50	T	AGTGT	ok	False
chr4	119300412	119300413	-	0.029	FDR	50	T	TGTTT	ok	True
chr4	120059667	120059668	-	8e-07	FDR	113	T	GTTTA	ok	False
chr4	120059927	120059928	-	0.0012	FDR	110	T	GTTAA	ok	False
chr4	121668072	121668073	-	0.022	FDR	105	T	GTTGC	ok	False
chr4	121668471	121668472	-	2.7e-05	FDR	93	T	AGTCA	ok	True
chr4	121677918	121677919	-	0.015	FDR	84	T	CTTCA	ok	False
chr4	139289977	139289978	-	1.6e-10	FDR	189	T	GATGC	ok	False
chr4	139289997	139289998	-	2.6e-07	FDR	196	T	GCTTG	ok	False
chr4	139289998	139289999	-	1.1e-15	FDR	196	T	CTTGA	ok	False
chr4	139290001	139290002	-	1.1e-13	FDR	196	T	GATAT	ok	False
chr4	139292569	139292570	-	6.9e-08	FDR	331	T	TCTTT	ok	False
chr4	139292574	139292575	-	8.1e-10	FDR	331	T	TGTAC	ok	False
chr4	139704086	139704087	+	6.9e-05	FDR	38	A	AAACA	ok	True
chr4	146189650	146189651	+	0.0069	FDR	79	A	GGATG	ok	False
chr4	146189660	146189661	+	0.015	FDR	79	A	ACACC	ok	False
chr4	146189899	146189900	+	2.3e-05	FDR	72	A	AAAAA	ok	False
chr4	169750657	169750658	-	0.018	FDR	41	T	GTTTT	ok	False
chr4	173331868	173331869	-	0.037	FDR	86	T	TGTAA	ok	False
chr4	173333551	173333552	-	0.046	FDR	102	T	AGTCC	ok	True
chr4	185144779	185144780	+	0.02	FDR	107	A	CAAAC	ok	False
chr4	185146816	185146817	+	9.6e-07	FDR	124	A	CGATA	ok	False
chr4	185146995	185146996	+	0.00059	FDR	137	A	AGATT	ok	False
chr5	205516	205517	-	0.0054	FDR	45	T	TCTTC	ok	False
chr5	205565	205566	-	8.3e-05	FDR	44	T	GATAT	ok	False
chr5	205839	205840	-	6.7e-09	FDR	59	T	TTTTC	ok	False
chr5	223487	223488	+	0.0041	FDR	119	A	CAACA	ok	False
chr5	225445	225446	+	1.6e-06	FDR	122	A	ACATG	ok	False
chr5	911962	911963	+	0.029	FDR	67	A	AAAAT	ok	False
chr5	914544	914545	+	0.034	FDR	71	A	TCAAA	ok	False
chr5	914567	914568	+	0.00041	FDR	73	A	TGACA	ok	True
chr5	917802	917803	+	5e-07	FDR	270	A	GGATG	ok	False
chr5	917834	917835	+	9.1e-07	FDR	275	A	TAACG	ok	False
chr5	918026	918027	+	5.4e-10	FDR	237	A	GTATT	ok	False
chr5	6371981	6371982	-	0.00012	FDR	78	T	GTTAC	ok	False
chr5	6378386	6378387	-	0.034	FDR	95	T	GCTGC	ok	False
chr5	6599262	6599263	-	0.024	FDR	100	T	AATAT	ok	False
chr5	6599474	6599475	-	0.0088	FDR	113	T	GGTGC	ok	False
chr5	7900493	7900494	+	0.024	FDR	25	A	CCATA	ok	False
chr5	8460039	8460040	+	0.00023	FDR	59	A	GAAGC	ok	False
chr5	10258271	10258272	+	1.1e-32	FDR	975	A	GGACA	ok	True
chr5	10280436	10280437	-	0.005	FDR	75	T	GCTTG	ok	False
chr5	10280533	10280534	-	0.013	FDR	75	T	TCTCT	ok	False
chr5	16451669	16451670	-	0.0044	FDR	31	T	CTTGG	ok	False
chr5	17276346	17276347	+	0.034	FDR	166	A	CAATC	ok	False
chr5	17276431	17276432	+	0.045	FDR	172	A	GGATG	ok	False
chr5	33453395	33453396	+	0.034	FDR	95	A	GGATG	ok	False
chr5	33454989	33454990	+	0.0047	FDR	96	A	AAAGA	ok	False
chr5	33457285	33457286	+	0.012	FDR	93	A	GCAGA	ok	False
chr5	33459763	33459764	+	1.1e-08	FDR	113	A	TGACC	ok	True
chr5	33461710	33461711	+	9.1e-07	FDR	127	A	TTAAA	ok	False
chr5	33468017	33468018	+	0.00069	FDR	121	A	AAAAG	ok	False
chr5	33468027	33468028	+	0.019	FDR	121	A	AAATT	ok	False
chr5	33468062	33468063	+	0.00014	FDR	120	A	GTAAA	ok	False
chr5	34908894	34908895	-	0.013	FDR	60	T	CCTTA	ok	False
chr5	34914816	34914817	-	0.0061	FDR	67	T	ATTCC	ok	False
chr5	34918456	34918457	+	7.3e-05	FDR	146	A	TGATG	ok	False
chr5	34925471	34925472	+	0.0039	FDR	163	A	GGATG	ok	False
chr5	41730143	41730144	-	0.039	FDR	67	T	AGTCA	ok	True
chr5	41730220	41730221	-	0.02	FDR	67	T	CTTTT	ok	False
chr5	41730278	41730279	-	1.6e-11	FDR	67	T	CATTT	ok	False
chr5	41730305	41730306	-	0.0054	FDR	68	T	TATGC	ok	False
chr5	41730360	41730361	-	0.0039	FDR	66	T	ACTCA	ok	False
chr5	41730949	41730950	-	0.012	FDR	58	T	TCTTG	ok	False
chr5	41731588	41731589	-	0.017	FDR	83	T	TATGG	ok	False
chr5	41731677	41731678	-	0.016	FDR	83	T	AATCT	ok	False
chr5	41731764	41731765	-	2.1e-05	FDR	79	T	GGTGA	ok	False
chr5	41749594	41749595	-	0.0022	FDR	74	T	TTTAT	ok	False
chr5	41762140	41762141	-	0.029	FDR	72	T	ACTTT	ok	False
chr5	41870344	41870345	-	0.024	FDR	90	T	GTTTG	ok	False
chr5	43536876	43536877	-	0.0053	FDR	45	T	CATTC	ok	False
chr5	43543066	43543067	-	0.047	FDR	44	T	GGTAA	ok	False
chr5	44809211	44809212	+	0.022	FDR	58	A	TCACC	ok	False
chr5	44809508	44809509	+	2.1e-11	FDR	71	A	CAACC	ok	False
chr5	44809536	44809537	+	0.00044	FDR	73	A	CAACC	ok	False
chr5	44815053	44815054	+	0.0021	FDR	79	A	AAATA	ok	False
chr5	44815055	44815056	+	0.0011	FDR	79	A	ATATA	ok	False
chr5	44815170	44815171	+	0.014	FDR	77	A	AAAAG	ok	False
chr5	44815208	44815209	+	0.0091	FDR	75	A	GCATA	ok	False
chr5	53098375	53098376	-	0.032	FDR	34	T	AATTA	ok	False
chr5	53101400	53101401	-	0.0054	FDR	43	T	TCTGC	ok	False
chr5	53102196	53102197	-	2e-09	FDR	49	T	GATTT	ok	False
chr5	53560688	53560689	+	0.0063	FDR	92	A	GTACT	ok	False
chr5	55164570	55164571	+	0.0011	FDR	39	A	ATATC	ok	False
chr5	58459789	58459790	-	0.024	FDR	45	T	GGTGA	ok	False
chr5	60945271	60945272	+	3e-11	FDR	129	A	GGATT	ok	False
chr5	61073206	61073207	+	5.4e-06	FDR	109	A	GAATG	ok	False
chr5	61099001	61099002	+	0.018	FDR	111	A	AGAAG	ok	False
chr5	61152915	61152916	+	0.02	FDR	81	A	GGATC	ok	False
chr5	62388686	62388687	-	0.0038	FDR	40	T	AGTAT	ok	False
chr5	64741173	64741174	-	0.0088	FDR	145	T	ATTGC	ok	False
chr5	64754349	64754350	-	0.00043	FDR	143	T	TGTCC	ok	True
chr5	69226379	69226380	+	0.00024	FDR	114	A	GAAGA	ok	False
chr5	69228200	69228201	+	2.3e-12	FDR	115	A	GTATC	ok	False
chr5	69228256	69228257	+	0.0002	FDR	115	A	ACATT	ok	False
chr5	69228318	69228319	+	5.9e-05	FDR	116	A	AAATA	ok	False
chr5	69229259	69229260	+	8.6e-05	FDR	117	A	GAATT	ok	False
chr5	69355744	69355745	-	0.0094	FDR	60	T	AATCA	ok	False
chr5	70077512	70077513	+	0.00012	FDR	46	A	ACATG	ok	False
chr5	70077522	70077523	+	1.7e-06	FDR	45	A	TCATT	ok	False
chr5	74721157	74721158	+	0.0022	FDR	33	A	GTAAC	ok	False
chr5	74721178	74721179	+	0.0045	FDR	33	A	AAATG	ok	False
chr5	74769100	74769101	+	0.016	FDR	132	A	AAAAT	ok	False
chr5	77691488	77691489	-	1.2e-11	FDR	282	T	TTTTT	ok	False
chr5	77691489	77691490	-	2.1e-06	FDR	282	T	TTTTC	ok	False
chr5	83056762	83056763	-	0.0012	FDR	92	T	AATTA	ok	False
chr5	83056900	83056901	-	0.023	FDR	100	T	GTTAC	ok	False
chr5	83056940	83056941	-	0.0013	FDR	104	T	CATTA	ok	False
chr5	83057037	83057038	-	0.0028	FDR	103	T	TGTTC	ok	True
chr5	94695193	94695194	+	0.0031	FDR	66	A	GAAAC	ok	False
chr5	94695311	94695312	+	0.0025	FDR	60	A	TGATG	ok	False
chr5	112867666	112867667	+	0.013	FDR	73	A	TCATC	ok	False
chr5	112902490	112902491	-	0.04	FDR	174	T	TCTTT	ok	False
chr5	115913692	115913693	+	1.6e-05	FDR	57	A	GTAGT	ok	False
chr5	119536506	119536507	+	0.015	FDR	29	A	TGAAG	ok	False
chr5	122827641	122827642	+	0.015	FDR	54	A	ACAAC	ok	False
chr5	122829797	122829798	+	0.036	FDR	63	A	ACACA	ok	False
chr5	122829997	122829998	+	0.00015	FDR	63	A	TTACC	ok	False
chr5	122830034	122830035	+	0.002	FDR	63	A	TAATG	ok	False
chr5	133073261	133073262	+	0.006	FDR	52	A	CGATC	ok	False
chr5	133104303	133104304	+	3.4e-06	FDR	51	A	CAAAA	ok	False
chr5	133972093	133972094	-	2.7e-16	FDR	338	T	TGTGA	ok	False
chr5	134161064	134161065	-	4.3e-07	FDR	560	T	TTTTC	ok	False
chr5	135345995	135345996	-	1.8e-06	FDR	93	T	TTTTT	ok	False
chr5	135345997	135345998	-	0.046	FDR	93	T	TTTCC	ok	False
chr5	135369495	135369496	-	0.0023	FDR	77	T	GGTGT	ok	False
chr5	138556031	138556032	-	2.6e-07	FDR	110	T	GCTAT	ok	False
chr5	138781981	138781982	+	0.02	FDR	85	A	AGATC	ok	False
chr5	138934499	138934500	+	0.00016	FDR	41	A	TGACC	ok	True
chr5	138934529	138934530	+	0.00019	FDR	41	A	GGAAG	ok	False
chr5	139322704	139322705	+	0.034	FDR	36	A	AGAGA	ok	False
chr5	139341945	139341946	+	0.00041	FDR	84	A	GGATT	ok	False
chr5	139363838	139363839	+	0.0018	FDR	87	A	TGATT	ok	False
chr5	139363884	139363885	+	0.024	FDR	88	A	GTACA	ok	False
chr5	139363892	139363893	+	0.0049	FDR	88	A	GGATG	ok	False
chr5	139364732	139364733	+	3.4e-06	FDR	90	A	GGAAG	ok	False
chr5	139600412	139600413	+	0.014	FDR	54	A	TCAGC	ok	False
chr5	140175259	140175260	+	5.2e-06	FDR	72	A	TTATC	ok	False
chr5	140243716	140243717	+	1.8e-06	FDR	73	A	GTAAC	ok	False
chr5	140245398	140245399	-	0.0028	FDR	45	T	TGTTC	ok	True
chr5	140245399	140245400	-	5.3e-05	FDR	45	T	GTTCA	ok	False
chr5	140245588	140245589	-	0.022	FDR	41	T	TCTCA	ok	False
chr5	140550767	140550768	-	0.018	FDR	36	T	ATTGG	ok	False
chr5	140654049	140654050	+	1.1e-05	FDR	61	A	AAAAG	ok	False
chr5	140661669	140661670	+	0.023	FDR	49	A	GAATA	ok	False
chr5	141320479	141320480	-	0.037	FDR	42	T	AATCA	ok	False
chr5	142137797	142137798	+	0.0004	FDR	65	A	GGAAG	ok	False
chr5	142144618	142144619	+	0.02	FDR	72	A	GAAGA	ok	False
chr5	142151799	142151800	+	0.012	FDR	78	A	GAAGT	ok	False
chr5	150449680	150449681	-	0.04	FDR	115	T	GATTG	ok	False
chr5	151101131	151101132	-	0.0002	FDR	54	T	TTTTG	ok	False
chr5	151746383	151746384	-	0.0016	FDR	93	T	AGTGT	ok	False
chr5	160065476	160065477	+	0.038	FDR	53	A	ACACA	ok	False
chr5	163459923	163459924	-	0.0092	FDR	47	T	GATAT	ok	False
chr5	163518366	163518367	+	0.0051	FDR	38	A	TTATT	ok	False
chr5	163519010	163519011	+	0.044	FDR	44	A	TTAAT	ok	False
chr5	168519087	168519088	+	0.012	FDR	33	A	ATATT	ok	False
chr5	168519206	168519207	+	0.021	FDR	45	A	GAACA	ok	True
chr5	173607890	173607891	-	0.0011	FDR	29	T	CATTT	ok	False
chr5	173607891	173607892	-	2.5e-05	FDR	29	T	ATTTT	ok	False
chr5	177306755	177306756	+	0.00051	FDR	75	A	TTATT	ok	False
chr5	177306843	177306844	+	6.4e-06	FDR	74	A	TAAGT	ok	False
chr5	177337415	177337416	-	0.02	FDR	50	T	GTTGC	ok	False
chr5	177595782	177595783	+	1.5e-05	FDR	98	A	TTAGG	ok	False
chr5	178149476	178149477	-	2.1e-12	FDR	387	T	CATTT	ok	False
chr5	178205935	178205936	+	0.00034	FDR	47	A	TAAAA	ok	False
chr5	178206837	178206838	+	0.00031	FDR	50	A	GAATC	ok	False
chr5	178210635	178210636	+	0.0041	FDR	50	A	GGAGC	ok	False
chr5	178210639	178210640	+	0.0015	FDR	51	A	CGACC	ok	False
chr5	178210680	178210681	+	0.0061	FDR	51	A	GAACA	ok	True
chr5	179621290	179621291	-	0.00096	FDR	106	T	AATTT	ok	False
chr5	179621292	179621293	-	0.0024	FDR	106	T	TTTGA	ok	False
chr5	179621388	179621389	-	0.039	FDR	100	T	AATTT	ok	False
chr5	179623116	179623117	-	0.019	FDR	98	T	CTTCC	ok	False
chr5	179623120	179623121	-	5.2e-18	FDR	98	T	CGTGC	ok	False
chr5	179708360	179708361	+	0.02	FDR	65	A	ACACC	ok	False
chr5	179728599	179728600	+	0.0087	FDR	55	A	AAATT	ok	False
chr5	179728813	179728814	+	2.2e-07	FDR	62	A	TAAAT	ok	False
chr5	179728894	179728895	+	0.00054	FDR	58	A	TGAAG	ok	False
chr5	179837085	179837086	+	2.9e-20	FDR	552	A	TCACG	ok	False
chr5	179837088	179837089	+	0.0014	FDR	552	A	CGAAG	ok	False
chr5	179837243	179837244	+	0.00079	FDR	413	A	GCACT	ok	False
chr6	2833521	2833522	-	0.038	FDR	41	T	GGTAA	ok	False
chr6	2959314	2959315	-	1.5e-10	FDR	120	T	GCTTC	ok	False
chr6	3012639	3012640	+	0.0045	FDR	132	A	GAAAA	ok	False
chr6	3259167	3259168	+	6.7e-10	FDR	134	A	CAACC	ok	False
chr6	4115711	4115712	-	9.4e-05	FDR	118	T	TTTAC	ok	False
chr6	4115798	4115799	-	5.8e-05	FDR	151	T	TATTT	ok	False
chr6	4115799	4115800	-	0.011	FDR	151	T	ATTTA	ok	False
chr6	4115983	4115984	-	0.0074	FDR	151	T	TTTTT	ok	False
chr6	4116004	4116005	-	0.0061	FDR	151	T	GATTA	ok	False
chr6	4125271	4125272	-	0.00075	FDR	142	T	CATCG	ok	False
chr6	4127784	4127785	-	0.00031	FDR	130	T	AGTCA	ok	True
chr6	4133619	4133620	-	0.0011	FDR	123	T	ATTCA	ok	False
chr6	5109195	5109196	-	0.0081	FDR	89	T	TATTC	ok	False
chr6	5109375	5109376	-	0.046	FDR	87	T	GATGC	ok	False
chr6	7298791	7298792	-	7.2e-11	FDR	96	T	TTTGA	ok	False
chr6	7301548	7301549	-	0.00026	FDR	88	T	CTTCA	ok	False
chr6	10704628	10704629	+	0.0072	FDR	74	A	GAATT	ok	False
chr6	10709351	10709352	+	0.026	FDR	72	A	GAAAG	ok	False
chr6	10756606	10756607	+	0.0075	FDR	178	A	GCATT	ok	False
chr6	10756832	10756833	+	1e-24	FDR	180	A	AAACC	ok	True
chr6	10756864	10756865	+	0.013	FDR	180	A	AAAAA	ok	False
chr6	10756974	10756975	+	8.8e-11	FDR	101	A	TAAAT	ok	False
chr6	10756975	10756976	+	0.00057	FDR	98	A	AAATA	ok	False
chr6	13615509	13615510	+	2.7e-06	FDR	172	A	GGAAG	ok	False
chr6	13616496	13616497	+	3.5e-06	FDR	183	A	GAAGT	ok	False
chr6	13620473	13620474	+	3.8e-05	FDR	201	A	GAATA	ok	False
chr6	18133844	18133845	-	0.029	FDR	21	T	GATAC	ok	False
chr6	18255761	18255762	-	0.014	FDR	40	T	AATTC	ok	False
chr6	18257995	18257996	-	0.015	FDR	67	T	GTTCA	ok	False
chr6	18258402	18258403	-	0.03	FDR	90	T	CTTTT	ok	False
chr6	18263844	18263845	-	0.037	FDR	103	T	CTTTT	ok	False
chr6	18263845	18263846	-	0.0011	FDR	103	T	TTTTT	ok	False
chr6	18263900	18263901	-	0.0019	FDR	105	T	TCTCT	ok	False
chr6	26056064	26056065	-	0.003	FDR	34	T	CTTTT	ok	False
chr6	30061653	30061654	+	0.0042	FDR	69	A	TCAAC	ok	False
chr6	30061966	30061967	+	0.033	FDR	69	A	GGACA	ok	True
chr6	30064719	30064720	+	0.0066	FDR	74	A	ACAGT	ok	False
chr6	30346526	30346527	+	0.04	FDR	103	A	ACAGG	ok	False
chr6	30346775	30346776	+	0.014	FDR	101	A	GGAGA	ok	False
chr6	30626372	30626373	+	0.0038	FDR	43	A	TAAAG	ok	False
chr6	31531398	31531399	-	0.019	FDR	148	T	GATCA	ok	False
chr6	31532855	31532856	-	0.0003	FDR	143	T	ACTGC	ok	False
chr6	31532880	31532881	-	0.0036	FDR	141	T	CTTCG	ok	False
chr6	31532907	31532908	-	0.023	FDR	141	T	CATTG	ok	False
chr6	31732356	31732357	-	0.00015	FDR	198	T	ATTGT	ok	False
chr6	31797408	31797409	-	2.3e-08	FDR	114	T	AATTT	ok	False
chr6	31797420	31797421	-	4.8e-09	FDR	122	T	GATGC	ok	False
chr6	31797690	31797691	-	9.3e-07	FDR	130	T	GGTTC	ok	True
chr6	31797691	31797692	-	4.1e-08	FDR	129	T	GTTCT	ok	False
chr6	31837316	31837317	+	0.024	FDR	82	A	GGAAT	ok	False
chr6	31837317	31837318	+	0.0018	FDR	82	A	GAATC	ok	False
chr6	31954386	31954387	-	0.032	FDR	49	T	TATAC	ok	False
chr6	31954841	31954842	-	0.00024	FDR	36	T	CCTCT	ok	False
chr6	33711597	33711598	-	0.00032	FDR	115	T	GGTAA	ok	False
chr6	34242771	34242772	+	0.044	FDR	97	A	AAAAC	ok	False
chr6	34242772	34242773	+	0.012	FDR	97	A	AAACA	ok	True
chr6	34245346	34245347	+	1.2e-06	FDR	111	A	TCATC	ok	False
chr6	34245957	34245958	+	0.00016	FDR	172	A	CGATC	ok	False
chr6	34425834	34425835	-	0.046	FDR	87	T	CCTCT	ok	False
chr6	34773710	34773711	+	0.019	FDR	320	A	GGAGG	ok	False
chr6	35470765	35470766	+	0.00016	FDR	1185	A	AAATT	ok	False
chr6	35872603	35872604	-	6.5e-07	FDR	63	T	ATTCT	ok	False
chr6	35888076	35888077	-	0.023	FDR	71	T	ACTTT	ok	False
chr6	35888079	35888080	-	0.012	FDR	71	T	TTTAA	ok	False
chr6	35888886	35888887	-	0.00077	FDR	71	T	CATTG	ok	False
chr6	36602693	36602694	+	2.6e-05	FDR	252	A	TTACT	ok	False
chr6	36968371	36968372	-	0.035	FDR	83	T	CATAT	ok	False
chr6	36968679	36968680	-	0.018	FDR	79	T	CCTCA	ok	False
chr6	37484847	37484848	-	0.02	FDR	64	T	CCTTC	ok	False
chr6	38677377	38677378	-	0.0039	FDR	90	T	CATTT	ok	False
chr6	38684419	38684420	-	0.043	FDR	106	T	TTTTT	ok	False
chr6	38686910	38686911	-	0.0046	FDR	118	T	AGTAT	ok	False
chr6	38686931	38686932	-	3.9e-08	FDR	117	T	CTTAG	ok	False
chr6	41789309	41789310	+	8.7e-12	FDR	429	A	GCACC	ok	False
chr6	41935088	41935089	-	0.016	FDR	115	T	CATCC	ok	False
chr6	41935101	41935102	-	0.0016	FDR	115	T	TTTTC	ok	False
chr6	41935109	41935110	-	0.0022	FDR	116	T	GCTGG	ok	False
chr6	42886004	42886005	+	0.029	FDR	63	A	TCATT	ok	False
chr6	42886446	42886447	+	0.019	FDR	65	A	TCATC	ok	False
chr6	43021282	43021283	+	0.041	FDR	32	A	TTAAA	ok	False
chr6	43027187	43027188	+	0.00044	FDR	50	A	AAAAC	ok	False
chr6	43027389	43027390	+	0.041	FDR	50	A	GAAAG	ok	False
chr6	43054327	43054328	-	0.00067	FDR	42	T	AGTGG	ok	False
chr6	43225643	43225644	-	7e-05	FDR	140	T	TGTAC	ok	False
chr6	43512222	43512223	-	0.015	FDR	35	T	GGTGG	ok	False
chr6	43512270	43512271	-	0.041	FDR	34	T	CCTCT	ok	False
chr6	43520771	43520772	+	0.0079	FDR	61	A	CCAAG	ok	False
chr6	43520772	43520773	+	0.0087	FDR	61	A	CAAGG	ok	False
chr6	44113705	44113706	-	4.5e-05	FDR	180	T	CATTT	ok	False
chr6	52264090	52264091	-	0.0091	FDR	62	T	AATAC	ok	False
chr6	52264097	52264098	-	0.0036	FDR	62	T	ATTCA	ok	False
chr6	52264252	52264253	-	5.2e-05	FDR	59	T	AGTTG	ok	False
chr6	52264519	52264520	-	1.1e-07	FDR	53	T	GGTCA	ok	True
chr6	52272349	52272350	-	0.0055	FDR	50	T	ACTCT	ok	False
chr6	52284625	52284626	-	0.005	FDR	63	T	TCTCT	ok	False
chr6	52677158	52677159	+	0.037	FDR	70	A	GGATA	ok	False
chr6	52677160	52677161	+	0.0051	FDR	70	A	ATATA	ok	False
chr6	52686082	52686083	+	0.0043	FDR	71	A	TCATC	ok	False
chr6	53268030	53268031	-	0.029	FDR	46	T	ATTCT	ok	False
chr6	53268058	53268059	-	0.00016	FDR	45	T	TTTAC	ok	False
chr6	57184349	57184350	+	0.0018	FDR	58	A	TGAAT	ok	False
chr6	63578913	63578914	+	0.00027	FDR	117	A	TGATG	ok	False
chr6	63578936	63578937	+	0.05	FDR	116	A	AGATT	ok	False
chr6	63580157	63580158	+	0.00036	FDR	112	A	CAACT	ok	False
chr6	63580719	63580720	+	0.0095	FDR	117	A	TTAAC	ok	False
chr6	63580950	63580951	+	0.00077	FDR	120	A	TTAAT	ok	False
chr6	63580951	63580952	+	0.0062	FDR	120	A	TAATT	ok	False
chr6	63581181	63581182	+	0.0045	FDR	127	A	AAATG	ok	False
chr6	79201450	79201451	-	8.6e-13	FDR	141	T	AATGC	ok	False
chr6	85618857	85618858	-	0.00073	FDR	67	T	TTTCC	ok	False
chr6	85618923	85618924	-	0.0075	FDR	85	T	ATTCA	ok	False
chr6	85618926	85618927	-	0.046	FDR	86	T	CATTT	ok	False
chr6	85619359	85619360	-	0.0066	FDR	88	T	CTTTT	ok	False
chr6	85622582	85622583	-	0.0027	FDR	84	T	CCTTG	ok	False
chr6	85624066	85624067	-	0.0011	FDR	122	T	GATGC	ok	False
chr6	85637074	85637075	-	5.2e-05	FDR	114	T	GGTCC	ok	True
chr6	85637119	85637120	-	0.0063	FDR	114	T	TCTCT	ok	False
chr6	96891075	96891076	-	0.00013	FDR	93	T	AGTAC	ok	False
chr6	96891081	96891082	-	3.3e-09	FDR	97	T	CATAG	ok	False
chr6	96897764	96897765	-	0.027	FDR	94	T	GTTGA	ok	False
chr6	106970014	106970015	-	0.0058	FDR	37	T	GATCT	ok	False
chr6	106970165	106970166	-	0.033	FDR	38	T	GGTTT	ok	True
chr6	106970447	106970448	-	0.049	FDR	35	T	ATTTG	ok	False
chr6	108211874	108211875	-	0.029	FDR	136	T	GATTA	ok	False
chr6	108211907	108211908	-	0.009	FDR	139	T	AGTGT	ok	False
chr6	108212147	108212148	-	0.011	FDR	131	T	ATTTC	ok	False
chr6	109366701	109366702	-	0.0063	FDR	37	T	AATCT	ok	False
chr6	110892371	110892372	+	0.0031	FDR	103	A	TGAGT	ok	False
chr6	110893749	110893750	+	0.036	FDR	84	A	TGATA	ok	False
chr6	110893981	110893982	+	0.016	FDR	93	A	CAAGG	ok	False
chr6	110894286	110894287	+	0.043	FDR	55	A	CAAGA	ok	False
chr6	110894796	110894797	+	0.025	FDR	49	A	TGATG	ok	False
chr6	110895104	110895105	+	0.011	FDR	46	A	ATATT	ok	False
chr6	111008123	111008124	+	0.042	FDR	72	A	AAAAG	ok	False
chr6	111025534	111025535	+	0.014	FDR	80	A	GGATA	ok	False
chr6	113945374	113945375	-	0.0028	FDR	68	T	CATAT	ok	False
chr6	113949057	113949058	-	0.046	FDR	67	T	GGTTG	ok	False
chr6	116571582	116571583	+	0.0012	FDR	122	A	CGATG	ok	False
chr6	116580305	116580306	+	0.025	FDR	129	A	AAAAT	ok	False
chr6	116584749	116584750	+	0.038	FDR	135	A	TTACA	ok	False
chr6	116588938	116588939	+	0.049	FDR	125	A	AGAAG	ok	False
chr6	116588946	116588947	+	0.0041	FDR	113	A	AAAAG	ok	False
chr6	116588966	116588967	+	0.015	FDR	64	A	GAAGC	ok	False
chr6	125275892	125275893	-	0.0096	FDR	39	T	TTTAA	ok	False
chr6	125277144	125277145	-	8.5e-07	FDR	52	T	TGTTC	ok	True
chr6	125277187	125277188	-	0.012	FDR	52	T	ATTGG	ok	False
chr6	126346255	126346256	+	4.8e-05	FDR	84	A	GGACA	ok	True
chr6	132816541	132816542	+	3.4e-117	FDR	2151	A	GAACA	ok	True
chr6	134169433	134169434	-	0.0021	FDR	145	T	TGTAC	ok	False
chr6	134169495	134169496	-	0.00072	FDR	147	T	AATGC	ok	False
chr6	134169705	134169706	-	8.7e-11	FDR	141	T	ATTTA	ok	False
chr6	134170102	134170103	-	0.031	FDR	133	T	GCTCT	ok	False
chr6	134172236	134172237	-	0.0068	FDR	99	T	AATGT	ok	False
chr6	134172299	134172300	-	0.00035	FDR	97	T	ATTCT	ok	False
chr6	134172707	134172708	-	0.041	FDR	93	T	TATTT	ok	False
chr6	138091096	138091097	-	0.0088	FDR	54	T	GATAG	ok	False
chr6	138107155	138107156	-	0.015	FDR	70	T	CCTCG	ok	False
chr6	142189431	142189432	+	0.0088	FDR	23	A	TGAAA	ok	False
chr6	143501952	143501953	-	0.0019	FDR	69	T	TGTCA	ok	True
chr6	143501963	143501964	-	8.4e-07	FDR	69	T	GATCG	ok	False
chr6	143502082	143502083	-	0.024	FDR	65	T	CATCA	ok	False
chr6	143502535	143502536	-	0.005	FDR	61	T	GATCA	ok	False
chr6	143507370	143507371	-	9.6e-05	FDR	51	T	AATTA	ok	False
chr6	144095206	144095207	-	8.9e-06	FDR	88	T	GGTGC	ok	False
chr6	144095453	144095454	-	3.7e-05	FDR	77	T	ACTGC	ok	False
chr6	149749912	149749913	+	0.0079	FDR	120	A	AAATC	ok	False
chr6	149749940	149749941	+	1.1e-10	FDR	120	A	TAATC	ok	False
chr6	149771258	149771259	+	8.5e-13	FDR	126	A	CAATC	ok	False
chr6	149802234	149802235	+	0.0045	FDR	151	A	ATATT	ok	False
chr6	149802259	149802260	+	5.3e-06	FDR	150	A	GAAAC	ok	False
chr6	149802260	149802261	+	1.2e-06	FDR	149	A	AAACC	ok	True
chr6	149802354	149802355	+	1.7e-07	FDR	153	A	GAAAA	ok	False
chr6	149810843	149810844	+	1.1e-05	FDR	91	A	ATATT	ok	False
chr6	158636488	158636489	-	0.0026	FDR	74	T	AATTT	ok	False
chr6	158636619	158636620	-	0.015	FDR	81	T	AGTGG	ok	False
chr6	158636668	158636669	-	0.031	FDR	83	T	GGTGC	ok	False
chr6	158636673	158636674	-	1.1e-07	FDR	83	T	CATTC	ok	False
chr6	158636674	158636675	-	2.6e-08	FDR	83	T	ATTCA	ok	False
chr6	158637800	158637801	-	0.024	FDR	74	T	GGTGA	ok	False
chr6	159775186	159775187	+	0.0038	FDR	31	A	AAAAA	ok	False
chr7	1569215	1569216	-	5e-08	FDR	61	T	CATCT	ok	False
chr7	2244713	2244714	+	0.037	FDR	41	A	GGATG	ok	False
chr7	5527671	5527672	-	7e-125	FDR	453	T	CATGC	ok	False
chr7	5527705	5527706	-	4.2e-37	FDR	455	T	GGTTT	ok	True
chr7	5527756	5527757	-	3.2e-15	FDR	449	T	CATTT	ok	False
chr7	6009369	6009370	+	0.02	FDR	104	A	CGATG	ok	False
chr7	6015193	6015194	+	0.00019	FDR	106	A	ATATT	ok	False
chr7	6023748	6023749	+	0.0047	FDR	127	A	CTATT	ok	False
chr7	6402503	6402504	+	0.024	FDR	47	A	CAAAA	ok	False
chr7	16674447	16674448	+	0.00018	FDR	47	A	GGATA	ok	False
chr7	16783794	16783795	+	0.015	FDR	56	A	GTACC	ok	False
chr7	16784142	16784143	+	0.04	FDR	60	A	CTAAT	ok	False
chr7	16784315	16784316	+	0.03	FDR	66	A	TGATT	ok	False
chr7	16784426	16784427	+	2.8e-06	FDR	66	A	AAATC	ok	False
chr7	21901078	21901079	-	1.7e-07	FDR	49	T	GGTCA	ok	True
chr7	21901143	21901144	-	2.7e-06	FDR	49	T	TGTAT	ok	False
chr7	21901145	21901146	-	0.005	FDR	48	T	TATAG	ok	False
chr7	23307871	23307872	+	0.00041	FDR	101	A	CAAAC	ok	False
chr7	23307915	23307916	+	0.00065	FDR	103	A	GGAAG	ok	False
chr7	26212728	26212729	+	0.00014	FDR	122	A	TAATC	ok	False
chr7	27525603	27525604	-	0.041	FDR	36	T	AATAT	ok	False
chr7	30496764	30496765	-	0.0079	FDR	97	T	CATCA	ok	False
chr7	30496864	30496865	-	0.0004	FDR	96	T	CATTC	ok	False
chr7	30496865	30496866	-	9.2e-12	FDR	96	T	ATTCA	ok	False
chr7	30498921	30498922	-	0.0078	FDR	111	T	ACTTT	ok	False
chr7	30601166	30601167	+	0.03	FDR	77	A	CGATT	ok	False
chr7	30628629	30628630	+	7.3e-05	FDR	77	A	GAACA	ok	True
chr7	32487099	32487100	-	6.3e-09	FDR	227	T	AATCA	ok	False
chr7	32490349	32490350	-	1e-05	FDR	190	T	AGTAG	ok	False
chr7	35873731	35873732	+	0.047	FDR	98	A	ACAGG	ok	False
chr7	40133238	40133239	-	0.0015	FDR	51	T	GGTGT	ok	False
chr7	40134293	40134294	-	0.0034	FDR	50	T	CCTGG	ok	False
chr7	42917687	42917688	-	0.00066	FDR	439	T	CTTTC	ok	False
chr7	42917779	42917780	-	0.0016	FDR	435	T	CTTTA	ok	False
chr7	42917780	42917781	-	0.0024	FDR	435	T	TTTAG	ok	False
chr7	42917823	42917824	-	0.0096	FDR	433	T	GATCT	ok	False
chr7	42935019	42935020	+	0.0027	FDR	82	A	GTAAA	ok	False
chr7	42935026	42935027	+	0.0084	FDR	82	A	GAATT	ok	False
chr7	42937528	42937529	+	0.002	FDR	100	A	GGATC	ok	False
chr7	42937577	42937578	+	0.027	FDR	97	A	ACACC	ok	False
chr7	42937773	42937774	+	0.029	FDR	86	A	GGATT	ok	False
chr7	42937843	42937844	+	1e-05	FDR	77	A	AAATT	ok	False
chr7	43800528	43800529	+	0.006	FDR	54	A	GAAGT	ok	False
chr7	43803798	43803799	+	0.00099	FDR	53	A	GGAAG	ok	False
chr7	44117677	44117678	-	0.035	FDR	78	T	CTTCC	ok	False
chr7	44565951	44565952	-	5e-05	FDR	41	T	GGTGT	ok	False
chr7	44566018	44566019	-	0.018	FDR	41	T	TGTGG	ok	False
chr7	44569896	44569897	-	0.04	FDR	40	T	CGTGC	ok	False
chr7	44834443	44834444	-	0.0039	FDR	245	T	TCTTC	ok	False
chr7	44983118	44983119	-	0.0079	FDR	59	T	ATTCT	ok	False
chr7	55955075	55955076	+	0.031	FDR	114	A	GGAAA	ok	False
chr7	56011183	56011184	-	0.0045	FDR	117	T	ACTTT	ok	False
chr7	56060399	56060400	+	5.1e-06	FDR	170	A	AAAAA	ok	False
chr7	56060413	56060414	+	0.021	FDR	170	A	TGATG	ok	False
chr7	66988431	66988432	-	0.011	FDR	85	T	CTTTG	ok	False
chr7	66988438	66988439	-	0.039	FDR	85	T	TTTAG	ok	False
chr7	66991285	66991286	-	0.0069	FDR	110	T	CTTTA	ok	False
chr7	73686861	73686862	+	0.0055	FDR	113	A	GCACT	ok	False
chr7	74195718	74195719	+	0.0029	FDR	79	A	TCATT	ok	False
chr7	74195753	74195754	+	1.2e-09	FDR	102	A	TGAGT	ok	False
chr7	74195761	74195762	+	2.5e-14	FDR	114	A	GTATT	ok	False
chr7	74196749	74196750	+	3.1e-07	FDR	194	A	TTACA	ok	False
chr7	74240007	74240008	-	0.015	FDR	26	T	CCTTC	ok	False
chr7	75986346	75986347	+	6.5e-06	FDR	61	A	GGAAC	ok	False
chr7	76304070	76304071	+	9e-13	FDR	365	A	CTAGC	ok	False
chr7	95412382	95412383	-	0.016	FDR	63	T	ATTCC	ok	False
chr7	95424537	95424538	-	4.4e-06	FDR	115	T	AGTGT	ok	False
chr7	95434882	95434883	-	7.4e-07	FDR	111	T	AGTGC	ok	False
chr7	95434917	95434918	-	1.2e-10	FDR	110	T	GATCC	ok	False
chr7	96688860	96688861	-	1.5e-15	FDR	281	T	GGTTC	ok	True
chr7	96688921	96688922	-	1.3e-20	FDR	285	T	GATGC	ok	False
chr7	96709750	96709751	-	2e-08	FDR	283	T	CTTTT	ok	False
chr7	96709751	96709752	-	3.5e-05	FDR	283	T	TTTTT	ok	False
chr7	96709752	96709753	-	7e-05	FDR	283	T	TTTTC	ok	False
chr7	96709820	96709821	-	0.00043	FDR	252	T	TCTTC	ok	False
chr7	97181679	97181680	+	0.029	FDR	26	A	TCATT	ok	False
chr7	99359667	99359668	+	0.00054	FDR	90	A	GCAAC	ok	False
chr7	99365994	99365995	+	3.9e-09	FDR	97	A	CGATG	ok	False
chr7	99366027	99366028	+	0.004	FDR	98	A	GAAAA	ok	False
chr7	99366028	99366029	+	7.5e-08	FDR	98	A	AAAAC	ok	False
chr7	99394538	99394539	+	0.00012	FDR	66	A	AGAGG	ok	False
chr7	99394545	99394546	+	9.4e-13	FDR	67	A	TCAGG	ok	False
chr7	99394570	99394571	+	0.037	FDR	80	A	TGAAT	ok	False
chr7	99394571	99394572	+	0.027	FDR	80	A	GAATG	ok	False
chr7	99394650	99394651	+	0.0066	FDR	84	A	TTACC	ok	False
chr7	99394761	99394762	+	0.012	FDR	72	A	GTAAT	ok	False
chr7	99394772	99394773	+	0.00089	FDR	66	A	CAACT	ok	False
chr7	99396092	99396093	-	2.7e-08	FDR	201	T	GGTAG	ok	False
chr7	99396241	99396242	-	3.4e-08	FDR	190	T	GATAG	ok	False
chr7	99396309	99396310	-	2.5e-05	FDR	183	T	GCTGC	ok	False
chr7	99396368	99396369	-	1.7e-07	FDR	176	T	TCTTC	ok	False
chr7	99396369	99396370	-	5.4e-07	FDR	176	T	CTTCT	ok	False
chr7	99403500	99403501	-	6.1e-05	FDR	83	T	CTTCT	ok	False
chr7	99404934	99404935	-	1.8e-05	FDR	75	T	CTTTG	ok	False
chr7	99404950	99404951	-	0.00018	FDR	72	T	TCTTC	ok	False
chr7	100089041	100089042	+	0.0028	FDR	89	A	GCAGC	ok	False
chr7	100089616	100089617	+	0.0072	FDR	94	A	TGATT	ok	False
chr7	100089674	100089675	+	0.014	FDR	95	A	TGAGC	ok	False
chr7	100089686	100089687	+	8.9e-05	FDR	95	A	CCACA	ok	False
chr7	100090439	100090440	+	1.8e-13	FDR	88	A	ATACC	ok	False
chr7	100091705	100091706	+	2.2e-06	FDR	105	A	ACACC	ok	False
chr7	100091847	100091848	+	1.5e-08	FDR	103	A	GCACT	ok	False
chr7	100092862	100092863	-	0.029	FDR	97	T	CATCA	ok	False
chr7	100093369	100093370	-	0.012	FDR	88	T	CTTTC	ok	False
chr7	100095461	100095462	-	0.045	FDR	71	T	GCTGG	ok	False
chr7	100098163	100098164	-	0.027	FDR	51	T	AGTGC	ok	False
chr7	100149554	100149555	+	0.012	FDR	85	A	GTACT	ok	False
chr7	100153504	100153505	+	2.4e-05	FDR	83	A	TCAAG	ok	False
chr7	100154029	100154030	+	1.9e-07	FDR	89	A	ACACC	ok	False
chr7	100707178	100707179	+	3.8e-07	FDR	148	A	ACACA	ok	False
chr7	100707189	100707190	+	2.6e-11	FDR	148	A	CCACT	ok	False
chr7	100707457	100707458	+	0.023	FDR	143	A	CCATA	ok	False
chr7	100707459	100707460	+	2.1e-05	FDR	142	A	ATATA	ok	False
chr7	101156675	101156676	+	8.1e-05	FDR	37	A	GAAGA	ok	False
chr7	101161222	101161223	+	0.00074	FDR	38	A	GGAAG	ok	False
chr7	101239841	101239842	-	0.012	FDR	78	T	AGTCC	ok	True
chr7	102474446	102474447	-	0.00023	FDR	143	T	CGTGG	ok	False
chr7	103309065	103309066	+	0.023	FDR	56	A	GCAAC	ok	False
chr7	103312081	103312082	+	0.00011	FDR	101	A	GAAGT	ok	False
chr7	103312296	103312297	+	0.019	FDR	101	A	GAACA	ok	True
chr7	103312317	103312318	+	0.012	FDR	101	A	AGAGC	ok	False
chr7	103312327	103312328	+	0.00041	FDR	101	A	AAAAA	ok	False
chr7	103312328	103312329	+	1.9e-07	FDR	101	A	AAAAT	ok	False
chr7	103312332	103312333	+	0.00097	FDR	101	A	TAAAA	ok	False
chr7	103312333	103312334	+	0.016	FDR	101	A	AAAAA	ok	False
chr7	103312334	103312335	+	0.0049	FDR	101	A	AAAAT	ok	False
chr7	103354910	103354911	+	2.6e-08	FDR	78	A	TGACA	ok	True
chr7	103361963	103361964	+	0.044	FDR	86	A	CAAAG	ok	False
chr7	103366094	103366095	+	1.7e-07	FDR	109	A	TGAAC	ok	False
chr7	103368027	103368028	+	0.012	FDR	136	A	CTACT	ok	False
chr7	103368069	103368070	+	5e-30	FDR	134	A	TCAAG	ok	False
chr7	103368070	103368071	+	1.7e-45	FDR	133	A	CAAGT	ok	False
chr7	105143321	105143322	-	0.028	FDR	41	T	ATTTT	ok	False
chr7	106097838	106097839	-	0.01	FDR	52	T	TTTCC	ok	False
chr7	107905424	107905425	+	0.0054	FDR	57	A	TGATG	ok	False
chr7	107915664	107915665	+	0.001	FDR	65	A	CTACC	ok	False
chr7	107916815	107916816	+	0.046	FDR	66	A	GTAAA	ok	False
chr7	107916837	107916838	+	0.015	FDR	66	A	TGATG	ok	False
chr7	107917306	107917307	+	0.00057	FDR	77	A	CAATG	ok	False
chr7	107919385	107919386	+	0.029	FDR	83	A	GTATT	ok	False
chr7	112475546	112475547	+	0.00032	FDR	52	A	CTAAT	ok	False
chr7	113116818	113116819	-	0.015	FDR	44	T	TTTTC	ok	False
chr7	116526613	116526614	+	3.4e-07	FDR	90	A	CAAGT	ok	False
chr7	116559085	116559086	+	2e-05	FDR	92	A	GCACT	ok	False
chr7	116917846	116917847	+	0.0048	FDR	58	A	GCAAA	ok	False
chr7	123550530	123550531	-	0.0023	FDR	92	T	CATTT	ok	False
chr7	127588555	127588556	+	0.048	FDR	91	A	GGATT	ok	False
chr7	127591297	127591298	+	2e-05	FDR	85	A	CTAAC	ok	False
chr7	128392993	128392994	-	0.047	FDR	27	T	CCTCC	ok	False
chr7	128770362	128770363	+	0.041	FDR	56	A	AAACC	ok	True
chr7	128862904	128862905	+	0.034	FDR	83	A	GGATG	ok	False
chr7	128863054	128863055	+	0.014	FDR	92	A	ACACT	ok	False
chr7	134442457	134442458	-	0.002	FDR	134	T	GGTAG	ok	False
chr7	134442548	134442549	-	2.2e-08	FDR	136	T	ACTTC	ok	False
chr7	134442549	134442550	-	0.00037	FDR	136	T	CTTCT	ok	False
chr7	134442658	134442659	-	0.0029	FDR	133	T	ATTTG	ok	False
chr7	134450868	134450869	-	0.031	FDR	97	T	TTTCA	ok	False
chr7	135674123	135674124	+	7.9e-07	FDR	77	A	TTAAA	ok	False
chr7	135674145	135674146	+	0.031	FDR	75	A	GAAGA	ok	False
chr7	135674306	135674307	+	9.4e-05	FDR	70	A	TAAAG	ok	False
chr7	141006181	141006182	-	8.7e-08	FDR	104	T	TTTAT	ok	False
chr7	141006235	141006236	-	1.1e-05	FDR	113	T	AATTT	ok	False
chr7	143265282	143265283	+	0.0036	FDR	64	A	GCAGA	ok	False
chr7	143268932	143268933	+	0.043	FDR	110	A	CTATC	ok	False
chr7	143390795	143390796	+	0.021	FDR	24	A	CCAAC	ok	False
chr7	149003068	149003069	-	0.022	FDR	26	T	GTTTT	ok	False
chr7	157385870	157385871	+	0.024	FDR	45	A	AAATC	ok	False
chr8	11821849	11821850	+	0.0057	FDR	50	A	GCATG	ok	False
chr8	11838765	11838766	+	0.0091	FDR	81	A	AGAAG	ok	False
chr8	11838802	11838803	+	0.0044	FDR	81	A	CCAGC	ok	False
chr8	22593806	22593807	+	0.00041	FDR	56	A	GAACC	ok	True
chr8	27598041	27598042	-	0.0047	FDR	60	T	AATTC	ok	False
chr8	27598148	27598149	-	0.00049	FDR	61	T	GGTGA	ok	False
chr8	27599882	27599883	-	0.00055	FDR	50	T	TGTTG	ok	False
chr8	27599956	27599957	-	2.3e-05	FDR	53	T	GATTC	ok	False
chr8	27810166	27810167	-	0.0013	FDR	55	T	AATAG	ok	False
chr8	27810406	27810407	-	0.0051	FDR	55	T	TATGA	ok	False
chr8	27833086	27833087	-	0.0068	FDR	74	T	GGTGT	ok	False
chr8	27837698	27837699	-	0.04	FDR	68	T	CGTGG	ok	False
chr8	30063160	30063161	-	5.8e-05	FDR	72	T	GATTT	ok	False
chr8	30066129	30066130	-	1.4e-05	FDR	67	T	GGTGT	ok	False
chr8	30069656	30069657	-	0.021	FDR	65	T	CTTAA	ok	False
chr8	38057144	38057145	+	0.022	FDR	72	A	ACACC	ok	False
chr8	38060344	38060345	+	0.0013	FDR	56	A	CCACC	ok	False
chr8	38163528	38163529	-	0.0075	FDR	59	T	GTTGC	ok	False
chr8	42401845	42401846	+	0.05	FDR	88	A	GTAAT	ok	False
chr8	42402007	42402008	+	0.00034	FDR	96	A	ACACA	ok	False
chr8	42403347	42403348	+	1.4e-05	FDR	97	A	AGAAG	ok	False
chr8	42403407	42403408	+	0.018	FDR	124	A	ACACC	ok	False
chr8	42405406	42405407	+	0.00013	FDR	139	A	GAAGA	ok	False
chr8	42405792	42405793	+	3.8e-07	FDR	139	A	ACACC	ok	False
chr8	47954358	47954359	-	0.029	FDR	43	T	TTTCA	ok	False
chr8	48043098	48043099	+	5.2e-08	FDR	132	A	CGACG	ok	False
chr8	48043136	48043137	+	0.00025	FDR	145	A	ATATG	ok	False
chr8	48060696	48060697	+	0.00035	FDR	137	A	GCATA	ok	False
chr8	48060783	48060784	+	0.024	FDR	136	A	ATATG	ok	False
chr8	48061011	48061012	+	0.00041	FDR	122	A	GAAAA	ok	False
chr8	49072818	49072819	+	0.00036	FDR	45	A	TCACG	ok	False
chr8	53968013	53968014	-	0.0019	FDR	33	T	ATTTG	ok	False
chr8	53999956	53999957	-	0.014	FDR	89	T	TTTCC	ok	False
chr8	53999989	53999990	-	1.8e-06	FDR	93	T	TGTAA	ok	False
chr8	54000019	54000020	-	0.0036	FDR	93	T	AATAG	ok	False
chr8	54022094	54022095	-	0.00018	FDR	99	T	CTTCT	ok	False
chr8	54022113	54022114	-	0.004	FDR	100	T	ACTTC	ok	False
chr8	54022117	54022118	-	0.027	FDR	99	T	CGTCC	ok	False
chr8	54046492	54046493	-	1.4e-06	FDR	60	T	GATTT	ok	False
chr8	54046889	54046890	-	0.012	FDR	59	T	CATCA	ok	False
chr8	54135371	54135372	+	0.0078	FDR	62	A	GAATC	ok	False
chr8	54147753	54147754	+	0.019	FDR	80	A	GTACT	ok	False
chr8	58581809	58581810	+	0.018	FDR	37	A	GCACG	ok	False
chr8	58581927	58581928	+	0.0012	FDR	43	A	GTAGC	ok	False
chr8	60558861	60558862	+	6.1e-07	FDR	124	A	AAATC	ok	False
chr8	60572103	60572104	+	0.00074	FDR	134	A	ATATG	ok	False
chr8	60584244	60584245	+	0.012	FDR	134	A	GTATT	ok	False
chr8	60584812	60584813	+	0.0033	FDR	131	A	AAAAG	ok	False
chr8	60591866	60591867	+	0.00015	FDR	124	A	GAATC	ok	False
chr8	61624901	61624902	-	0.023	FDR	56	T	GCTTT	ok	False
chr8	61625094	61625095	-	0.023	FDR	51	T	GATCA	ok	False
chr8	61625393	61625394	-	0.00019	FDR	53	T	AATTA	ok	False
chr8	61625394	61625395	-	0.0043	FDR	53	T	ATTAC	ok	False
chr8	61625821	61625822	-	0.032	FDR	45	T	CTTAA	ok	False
chr8	61625860	61625861	-	0.044	FDR	45	T	AGTCA	ok	True
chr8	63015290	63015291	-	0.0013	FDR	132	T	CATGG	ok	False
chr8	63017590	63017591	-	0.00025	FDR	127	T	TCTCT	ok	False
chr8	66922080	66922081	-	0.00039	FDR	307	T	TCTTC	ok	False
chr8	67043112	67043113	-	5.4e-06	FDR	128	T	AATAT	ok	False
chr8	67061869	67061870	-	0.019	FDR	104	T	CTTCG	ok	False
chr8	67061937	67061938	-	0.031	FDR	98	T	CCTGC	ok	False
chr8	67062073	67062074	-	0.0066	FDR	84	T	CTTGA	ok	False
chr8	70637690	70637691	-	0.035	FDR	28	T	GTTGT	ok	False
chr8	73290689	73290690	-	7.6e-15	FDR	2128	T	AATAA	ok	False
chr8	73290692	73290693	-	4.2e-78	FDR	2129	T	AATCA	ok	False
chr8	73946473	73946474	-	0.017	FDR	134	T	TTTGA	ok	False
chr8	73946565	73946566	-	0.0025	FDR	143	T	GTTAC	ok	False
chr8	73959794	73959795	-	8.6e-05	FDR	324	T	GCTTC	ok	False
chr8	73959795	73959796	-	1.7e-05	FDR	324	T	CTTCC	ok	False
chr8	73972105	73972106	-	0.015	FDR	194	T	GGTCC	ok	True
chr8	80037011	80037012	-	0.023	FDR	55	T	AGTAG	ok	False
chr8	80037215	80037216	-	0.035	FDR	53	T	AATGG	ok	False
chr8	80037232	80037233	-	0.035	FDR	53	T	GATTG	ok	False
chr8	80037409	80037410	-	0.0027	FDR	50	T	AATAA	ok	False
chr8	80037881	80037882	-	0.024	FDR	50	T	TTTTA	ok	False
chr8	85214604	85214605	-	0.046	FDR	93	T	GGTTT	ok	True
chr8	85214971	85214972	-	0.00047	FDR	80	T	AGTTC	ok	True
chr8	96231844	96231845	-	1.8e-19	FDR	303	T	AATGC	ok	False
chr8	96334312	96334313	+	0.037	FDR	72	A	ACAAA	ok	False
chr8	96334320	96334321	+	0.0014	FDR	74	A	AAACC	ok	True
chr8	97644828	97644829	+	4.7e-11	FDR	213	A	GAATC	ok	False
chr8	97644836	97644837	+	0.00023	FDR	213	A	GGAGC	ok	False
chr8	97644844	97644845	+	0.018	FDR	213	A	GAACA	ok	True
chr8	97644852	97644853	+	4.9e-05	FDR	213	A	GAAGA	ok	False
chr8	97644854	97644855	+	3.6e-09	FDR	213	A	AGAAG	ok	False
chr8	97644863	97644864	+	5.8e-06	FDR	212	A	GGAAG	ok	False
chr8	97644878	97644879	+	2.9e-09	FDR	212	A	AGAAG	ok	False
chr8	97644879	97644880	+	7.9e-13	FDR	212	A	GAAGC	ok	False
chr8	97661115	97661116	+	0.03	FDR	210	A	CGAAC	ok	False
chr8	97661118	97661119	+	7e-13	FDR	210	A	ACACC	ok	False
chr8	97661152	97661153	+	2.1e-07	FDR	187	A	AGATT	ok	False
chr8	97661158	97661159	+	2.2e-11	FDR	178	A	ACAAG	ok	False
chr8	97661161	97661162	+	0.0005	FDR	175	A	AGAAA	ok	False
chr8	97661163	97661164	+	0.019	FDR	164	A	AAAAA	ok	False
chr8	97689040	97689041	+	0.00014	FDR	45	A	TGATT	ok	False
chr8	97691028	97691029	+	1.2e-05	FDR	44	A	AGATC	ok	False
chr8	97706684	97706685	+	0.011	FDR	48	A	GCAAT	ok	False
chr8	97706685	97706686	+	0.0039	FDR	48	A	CAATT	ok	False
chr8	97815398	97815399	+	0.00086	FDR	143	A	ACAAG	ok	False
chr8	97816128	97816129	+	0.045	FDR	148	A	GCAAT	ok	False
chr8	97851665	97851666	+	0.014	FDR	178	A	TTAAC	ok	False
chr8	97851968	97851969	+	0.0034	FDR	124	A	GAATT	ok	False
chr8	97852064	97852065	+	0.0015	FDR	127	A	AAAGC	ok	False
chr8	97852340	97852341	+	0.015	FDR	136	A	GGAAA	ok	False
chr8	98041782	98041783	-	2.9e-18	FDR	2241	T	AATTT	ok	False
chr8	100153793	100153794	+	1.1e-05	FDR	86	A	GTATC	ok	False
chr8	100153830	100153831	+	0.018	FDR	85	A	CCATT	ok	False
chr8	100153869	100153870	+	0.0092	FDR	85	A	ACACA	ok	False
chr8	100703078	100703079	-	0.049	FDR	75	T	TTTGC	ok	False
chr8	100703087	100703088	-	1.1e-09	FDR	75	T	AATTC	ok	False
chr8	100703279	100703280	-	0.011	FDR	94	T	TTTCC	ok	False
chr8	100705658	100705659	-	0.0084	FDR	99	T	TGTAC	ok	False
chr8	100919923	100919924	-	6.9e-09	FDR	72	T	GGTTT	ok	True
chr8	100919961	100919962	-	3.1e-10	FDR	72	T	AATGA	ok	False
chr8	100920314	100920315	-	0.004	FDR	67	T	AATGA	ok	False
chr8	100948833	100948834	-	9.2e-06	FDR	187	T	CATAT	ok	False
chr8	101200025	101200026	-	0.012	FDR	126	T	TCTGG	ok	False
chr8	101201623	101201624	-	0.00045	FDR	126	T	GGTAT	ok	False
chr8	103420357	103420358	+	0.027	FDR	69	A	GCAAA	ok	False
chr8	116644891	116644892	-	8.8e-08	FDR	179	T	AATGA	ok	False
chr8	124539226	124539227	+	4.8e-25	FDR	555	A	GCAAA	ok	False
chr8	124539227	124539228	+	1.3e-47	FDR	555	A	CAAAA	ok	False
chr8	124543147	124543148	+	1.4e-06	FDR	441	A	AAAAG	ok	False
chr8	127740827	127740828	+	0.03	FDR	82	A	TAAAA	ok	False
chr8	127740828	127740829	+	2.3e-05	FDR	82	A	AAAAA	ok	False
chr8	127740840	127740841	+	0.00062	FDR	82	A	GCATA	ok	False
chr8	127740842	127740843	+	0.00025	FDR	81	A	ATACA	ok	False
chr8	129841499	129841500	-	0.00033	FDR	60	T	TATCA	ok	False
chr8	142703250	142703251	+	0.0011	FDR	152	A	CCACC	ok	False
chr8	143021628	143021629	+	0.045	FDR	130	A	AGAAG	ok	False
chr8	143816809	143816810	-	0.0016	FDR	100	T	CATCA	ok	False
chr8	143818452	143818453	-	0.00011	FDR	77	T	GGTGT	ok	False
chr8	144079994	144079995	+	0.024	FDR	66	A	TCAAT	ok	False
chr8	144080097	144080098	+	0.017	FDR	69	A	GCAGC	ok	False
chr8	144080395	144080396	+	1.3e-05	FDR	129	A	GGAAG	ok	False
chr8	144080583	144080584	+	0.0018	FDR	116	A	CTATC	ok	False
chr8	144080596	144080597	+	1.2e-05	FDR	116	A	GGACT	ok	True
chr8	144080628	144080629	+	2.9e-06	FDR	107	A	AAAAC	ok	False
chr8	144080629	144080630	+	3e-10	FDR	106	A	AAACC	ok	True
chr8	144097436	144097437	+	2e-18	FDR	445	A	GGAAG	ok	False
chr8	144097437	144097438	+	3.5e-19	FDR	445	A	GAAGA	ok	False
chr8	144097442	144097443	+	0.0027	FDR	443	A	AGAGG	ok	False
chr8	144106959	144106960	+	0.011	FDR	102	A	GGACA	ok	True
chr8	144107433	144107434	+	0.0089	FDR	104	A	ACACT	ok	False
chr8	144107555	144107556	+	5.3e-12	FDR	104	A	GCACT	ok	False
chr8	144314328	144314329	+	0.0053	FDR	26	A	CTAGA	ok	False
chr8	144314705	144314706	+	0.021	FDR	29	A	ACAGA	ok	False
chr8	145052774	145052775	+	2.8e-05	FDR	228	A	GCACA	ok	False
chr8	145055135	145055136	+	0.048	FDR	54	A	GCAAG	ok	False
chr9	2804194	2804195	-	0.029	FDR	47	T	GATTC	ok	False
chr9	2804226	2804227	-	0.014	FDR	51	T	AGTAC	ok	False
chr9	2804241	2804242	-	0.026	FDR	52	T	AGTAT	ok	False
chr9	2810390	2810391	-	0.01	FDR	73	T	ACTTC	ok	False
chr9	2837256	2837257	-	0.034	FDR	44	T	ATTTG	ok	False
chr9	5231470	5231471	+	0.021	FDR	56	A	GCAAG	ok	False
chr9	21967999	21968000	-	7.8e-07	FDR	223	T	CTTTT	ok	False
chr9	21968000	21968001	-	0.00013	FDR	224	T	TTTTT	ok	False
chr9	21971107	21971108	-	2.4e-08	FDR	168	T	CGTCG	ok	False
chr9	21994309	21994310	-	5.6e-06	FDR	54	T	GGTCA	ok	True
chr9	32570988	32570989	-	4.7e-10	FDR	371	T	AATAA	ok	False
chr9	33026550	33026551	+	0.014	FDR	381	A	TGAAA	ok	False
chr9	33039090	33039091	+	0.00039	FDR	76	A	TGACT	ok	True
chr9	33281364	33281365	+	7.4e-06	FDR	63	A	GAATG	ok	False
chr9	33442061	33442062	-	0.02	FDR	63	T	GCTTC	ok	False
chr9	33442128	33442129	-	0.00014	FDR	63	T	GATCA	ok	False
chr9	34610540	34610541	-	0.018	FDR	64	T	CTTTC	ok	False
chr9	34613710	34613711	-	0.00096	FDR	47	T	TGTAA	ok	False
chr9	34634815	34634816	-	0.00011	FDR	155	T	TGTGT	ok	False
chr9	34635273	34635274	-	0.017	FDR	117	T	GTTTG	ok	False
chr9	34635436	34635437	-	0.027	FDR	100	T	AGTAT	ok	False
chr9	34635726	34635727	-	1.1e-10	FDR	91	T	GGTGC	ok	False
chr9	35059656	35059657	-	0.044	FDR	64	T	TTTTG	ok	False
chr9	35059657	35059658	-	0.02	FDR	64	T	TTTGT	ok	False
chr9	35059731	35059732	-	0.027	FDR	66	T	GTTAC	ok	False
chr9	35061081	35061082	-	0.0016	FDR	58	T	GGTCA	ok	True
chr9	35062311	35062312	-	0.015	FDR	51	T	GCTCT	ok	False
chr9	35101959	35101960	-	0.027	FDR	82	T	ATTGT	ok	False
chr9	35685320	35685321	-	0.00029	FDR	142	T	GATCA	ok	False
chr9	35689243	35689244	-	0.0056	FDR	98	T	CTTCT	ok	False
chr9	36204166	36204167	+	3.7e-05	FDR	184	A	AAAAG	ok	False
chr9	37436701	37436702	+	0.0011	FDR	60	A	GCAAC	ok	False
chr9	37588652	37588653	-	0.00056	FDR	217	T	TGTCA	ok	True
chr9	37592477	37592478	-	1.4e-44	FDR	379	T	CTTCC	ok	False
chr9	37780801	37780802	-	0.0093	FDR	53	T	CTTCC	ok	False
chr9	37784005	37784006	-	0.0092	FDR	54	T	TATAT	ok	False
chr9	65681669	65681670	+	0.037	FDR	86	A	GAAGT	ok	False
chr9	68247804	68247805	+	0.0042	FDR	35	A	ACACA	ok	False
chr9	73159390	73159391	+	0.021	FDR	50	A	AGATC	ok	False
chr9	73170290	73170291	+	0.0019	FDR	61	A	TAAAA	ok	False
chr9	76386802	76386803	-	0.0055	FDR	30	T	AATAG	ok	False
chr9	76392470	76392471	-	0.0063	FDR	43	T	CATCT	ok	False
chr9	78308534	78308535	+	0.01	FDR	93	A	CAAGG	ok	False
chr9	78317795	78317796	+	0.0012	FDR	102	A	GGATT	ok	False
chr9	78329552	78329553	+	6.8e-17	FDR	126	A	TTAAG	ok	False
chr9	78329553	78329554	+	5.5e-06	FDR	126	A	TAAGA	ok	False
chr9	83968159	83968160	-	0.0088	FDR	43	T	AATCG	ok	False
chr9	83968793	83968794	-	0.013	FDR	84	T	CTTAT	ok	False
chr9	83969332	83969333	-	1.4e-16	FDR	320	T	CTTCA	ok	False
chr9	83969412	83969413	-	2.4e-05	FDR	125	T	AATCC	ok	False
chr9	86265834	86265835	-	0.0094	FDR	50	T	CCTAA	ok	False
chr9	87731131	87731132	+	0.042	FDR	131	A	GGACT	ok	True
chr9	92210487	92210488	-	0.00072	FDR	73	T	TATAT	ok	False
chr9	92210501	92210502	-	0.012	FDR	73	T	CATTT	ok	False
chr9	92210502	92210503	-	0.017	FDR	73	T	ATTTA	ok	False
chr9	92210523	92210524	-	0.00025	FDR	73	T	TGTAC	ok	False
chr9	92210580	92210581	-	0.00021	FDR	71	T	GCTCC	ok	False
chr9	92229106	92229107	-	0.013	FDR	57	T	TTTTC	ok	False
chr9	99227985	99227986	+	8.8e-11	FDR	404	A	TCACC	ok	False
chr9	99982650	99982651	-	0.038	FDR	25	T	TATTC	ok	False
chr9	101389988	101389989	-	0.00013	FDR	62	T	AATTC	ok	False
chr9	101390622	101390623	-	0.005	FDR	57	T	AGTCA	ok	True
chr9	108992664	108992665	-	0.0046	FDR	57	T	ACTAC	ok	False
chr9	108999121	108999122	-	0.0041	FDR	60	T	TTTTC	ok	False
chr9	111570184	111570185	-	0.0036	FDR	48	T	GATAG	ok	False
chr9	111574769	111574770	-	0.021	FDR	46	T	GATGG	ok	False
chr9	111586074	111586075	-	0.014	FDR	36	T	TCTTT	ok	False
chr9	111592950	111592951	-	0.03	FDR	43	T	TGTAT	ok	False
chr9	111666869	111666870	+	0.021	FDR	75	A	GGATG	ok	False
chr9	111669621	111669622	+	0.01	FDR	76	A	TTACA	ok	False
chr9	114587896	114587897	+	1.9e-07	FDR	258	A	CGAGA	ok	False
chr9	114598104	114598105	+	6e-09	FDR	71	A	TAAAT	ok	False
chr9	114598336	114598337	+	3.1e-06	FDR	71	A	GTATC	ok	False
chr9	124353533	124353534	-	6.7e-13	FDR	286	T	AGTGT	ok	False
chr9	124877099	124877100	+	0.0039	FDR	58	A	AAATC	ok	False
chr9	125238304	125238305	-	0.0019	FDR	177	T	GGTCA	ok	True
chr9	127867884	127867885	-	1.4e-05	FDR	71	T	GATAA	ok	False
chr9	127868051	127868052	-	0.038	FDR	70	T	ACTGT	ok	False
chr9	127868430	127868431	-	0.0044	FDR	67	T	GCTGG	ok	False
chr9	128163577	128163578	+	0.0023	FDR	48	A	GCAGC	ok	False
chr9	128288796	128288797	+	0.0026	FDR	39	A	ACACC	ok	False
chr9	128323371	128323372	+	0.0027	FDR	46	A	AAACT	ok	True
chr9	128390207	128390208	+	3.6e-05	FDR	61	A	GTACA	ok	False
chr9	128390620	128390621	+	0.0091	FDR	83	A	GCAGC	ok	False
chr9	128390668	128390669	+	0.0094	FDR	82	A	GGAAG	ok	False
chr9	128633838	128633839	-	0.048	FDR	27	T	TGTGC	ok	False
chr9	128695961	128695962	+	0.003	FDR	52	A	ATATA	ok	False
chr9	128696254	128696255	+	0.00016	FDR	60	A	CTATT	ok	False
chr9	128721004	128721005	-	0.041	FDR	36	T	CTTCC	ok	False
chr9	129829274	129829275	-	0.044	FDR	36	T	CGTAT	ok	False
chr9	130452238	130452239	+	0.0057	FDR	92	A	CAAAG	ok	False
chr9	130452239	130452240	+	0.014	FDR	92	A	AAAGG	ok	False
chr9	130454323	130454324	+	2.6e-05	FDR	95	A	GGAAG	ok	False
chr9	130489382	130489383	+	4.1e-09	FDR	123	A	ACATC	ok	False
chr9	135501930	135501931	+	0.0054	FDR	54	A	CGATG	ok	False
chr9	135504151	135504152	+	0.028	FDR	71	A	AAAGC	ok	False
chr9	135933489	135933490	-	0.021	FDR	36	T	AGTGG	ok	False
chr9	136417002	136417003	+	0.0011	FDR	47	A	AAACG	ok	False
chr9	136423672	136423673	+	0.0036	FDR	71	A	GGAGA	ok	False
chr9	136423674	136423675	+	6e-05	FDR	70	A	AGAAG	ok	False
chr9	136423741	136423742	+	0.028	FDR	65	A	TAAAG	ok	False
chr9	136724791	136724792	-	0.011	FDR	103	T	TTTTT	ok	False
chr9	136727895	136727896	-	0.012	FDR	88	T	GCTTC	ok	False
chr9	136727896	136727897	-	0.0022	FDR	88	T	CTTCC	ok	False
chr9	136727933	136727934	-	0.016	FDR	88	T	TCTCC	ok	False
chr9	136727960	136727961	-	0.015	FDR	86	T	CCTCC	ok	False
chr9	136993924	136993925	+	3.9e-06	FDR	53	A	TAACA	ok	True
chr9	137190304	137190305	+	0.00016	FDR	69	A	AGAAC	ok	False
chr9	137190305	137190306	+	6.4e-05	FDR	69	A	GAACC	ok	True
chr9	137241784	137241785	+	1.4e-08	FDR	172	A	CGACC	ok	False
chr9	137243695	137243696	+	0.015	FDR	249	A	GCATT	ok	False
chr9	137552439	137552440	+	1.1e-09	FDR	215	A	CGAGC	ok	False
chrx	1387305	1387306	-	0.0023	FDR	146	T	CATGC	ok	False
chrx	2720394	2720395	+	0.019	FDR	83	A	AAATC	ok	False
chrx	2723339	2723340	+	0.045	FDR	88	A	GCAGC	ok	False
chrx	2726262	2726263	+	0.012	FDR	88	A	CGACG	ok	False
chrx	2740998	2740999	+	0.00071	FDR	110	A	CCAAA	ok	False
chrx	2741012	2741013	+	8e-06	FDR	112	A	GCACT	ok	False
chrx	13709542	13709543	+	8.4e-05	FDR	70	A	GCACC	ok	False
chrx	15455954	15455955	-	0.0018	FDR	39	T	CTTCT	ok	False
chrx	16757279	16757280	+	0.00087	FDR	57	A	CAAAA	ok	False
chrx	16757295	16757296	+	0.011	FDR	57	A	ACAGC	ok	False
chrx	16760261	16760262	+	0.034	FDR	57	A	GCAGC	ok	False
chrx	16760410	16760411	+	0.0047	FDR	50	A	AAATT	ok	False
chrx	16845000	16845001	-	0.033	FDR	173	T	ATTAC	ok	False
chrx	16852567	16852568	-	0.044	FDR	165	T	TTTAT	ok	False
chrx	16863008	16863009	-	0.0025	FDR	133	T	AATAT	ok	False
chrx	16863043	16863044	-	0.012	FDR	131	T	CATCA	ok	False
chrx	20127316	20127317	-	0.021	FDR	26	T	TATTC	ok	False
chrx	20127598	20127599	-	0.00067	FDR	25	T	AATTG	ok	False
chrx	21967273	21967274	+	0.023	FDR	125	A	GCAGG	ok	False
chrx	21971979	21971980	+	0.011	FDR	133	A	AGAGA	ok	False
chrx	21972551	21972552	+	0.027	FDR	85	A	ACAGT	ok	False
chrx	21977191	21977192	+	0.034	FDR	89	A	ACACT	ok	False
chrx	21994520	21994521	+	0.0019	FDR	117	A	TGAGC	ok	False
chrx	21994822	21994823	+	0.033	FDR	109	A	AAATT	ok	False
chrx	23667724	23667725	+	3e-05	FDR	502	A	CCACT	ok	False
chrx	23686321	23686322	+	2.4e-13	FDR	507	A	CGATA	ok	False
chrx	23833411	23833412	-	0.0028	FDR	100	T	AGTTC	ok	True
chrx	23833438	23833439	-	0.026	FDR	100	T	GGTGA	ok	False
chrx	23880874	23880875	-	0.025	FDR	92	T	GGTGA	ok	False
chrx	24057436	24057437	+	0.0021	FDR	58	A	GTAGC	ok	False
chrx	24071660	24071661	+	0.00012	FDR	52	A	GAAAT	ok	False
chrx	24073134	24073135	+	0.02	FDR	50	A	GGATC	ok	False
chrx	24078547	24078548	+	0.0067	FDR	52	A	ATATT	ok	False
chrx	24078684	24078685	+	0.00019	FDR	54	A	GAAGC	ok	False
chrx	40600872	40600873	+	0.00045	FDR	81	A	CAAAA	ok	False
chrx	40606269	40606270	+	1.2e-05	FDR	57	A	TAATC	ok	False
chrx	40606319	40606320	+	0.016	FDR	57	A	TTAAC	ok	False
chrx	47213156	47213157	+	0.043	FDR	38	A	GAACC	ok	True
chrx	47215114	47215115	+	0.005	FDR	42	A	GAATT	ok	False
chrx	47583475	47583476	+	0.00078	FDR	141	A	CCAGC	ok	False
chrx	47585232	47585233	+	0.00038	FDR	155	A	GGATG	ok	False
chrx	47651804	47651805	-	0.0033	FDR	253	T	CATTC	ok	False
chrx	47651867	47651868	-	7.3e-14	FDR	290	T	ATTCT	ok	False
chrx	47658835	47658836	-	0.013	FDR	265	T	AGTCC	ok	True
chrx	48523796	48523797	+	0.042	FDR	47	A	GCACC	ok	False
chrx	48524005	48524006	+	8.6e-06	FDR	56	A	TGATC	ok	False
chrx	48527185	48527186	+	1.5e-10	FDR	58	A	CCATC	ok	False
chrx	48528614	48528615	+	0.00017	FDR	67	A	TGAAG	ok	False
chrx	48528615	48528616	+	1.3e-07	FDR	67	A	GAAGG	ok	False
chrx	48528679	48528680	+	0.042	FDR	57	A	CGATT	ok	False
chrx	48528685	48528686	+	0.0022	FDR	55	A	TTAAA	ok	False
chrx	48528686	48528687	+	0.045	FDR	55	A	TAAAA	ok	False
chrx	48576366	48576367	+	0.029	FDR	74	A	GGAAC	ok	False
chrx	48576367	48576368	+	0.048	FDR	74	A	GAACC	ok	True
chrx	48896837	48896838	-	2.4e-14	FDR	79	T	AATCA	ok	False
chrx	48902736	48902737	+	0.045	FDR	58	A	TAAGC	ok	False
chrx	49173399	49173400	+	1.1e-07	FDR	142	A	GAACC	ok	True
chrx	49174405	49174406	+	0.023	FDR	182	A	AGACA	ok	True
chrx	49174809	49174810	+	0.00043	FDR	211	A	GTAAA	ok	False
chrx	49175082	49175083	+	0.012	FDR	156	A	TAAAA	ok	False
chrx	49543471	49543472	+	1.4e-22	FDR	316	A	ACACC	ok	False
chrx	49548985	49548986	+	4.6e-13	FDR	315	A	AAAAG	ok	False
chrx	49558537	49558538	+	1.6e-07	FDR	275	A	AAAAG	ok	False
chrx	49575143	49575144	+	0.011	FDR	194	A	AAATC	ok	False
chrx	49596714	49596715	+	3.5e-09	FDR	584	A	GAAAA	ok	False
chrx	71294247	71294248	+	0.005	FDR	100	A	AGATT	ok	False
chrx	71294285	71294286	+	0.027	FDR	98	A	GGAAA	ok	False
chrx	71294507	71294508	+	0.019	FDR	97	A	GAAGG	ok	False
chrx	71300099	71300100	+	0.023	FDR	82	A	TCAAA	ok	False
chrx	71300371	71300372	+	0.042	FDR	70	A	TAATC	ok	False
chrx	71300820	71300821	+	0.036	FDR	113	A	ACATT	ok	False
chrx	71301127	71301128	+	9.2e-09	FDR	120	A	TAATG	ok	False
chrx	72196863	72196864	+	0.031	FDR	71	A	TGAAG	ok	False
chrx	78124993	78124994	+	0.00086	FDR	716	A	CCAAA	ok	False
chrx	103356567	103356568	+	6.3e-07	FDR	171	A	TGAGG	ok	False
chrx	103357126	103357127	+	0.0041	FDR	166	A	AAAAG	ok	False
chrx	103357136	103357137	+	1.2e-06	FDR	166	A	GGAAG	ok	False
chrx	103357137	103357138	+	5.6e-06	FDR	166	A	GAAGA	ok	False
chrx	103357141	103357142	+	8.5e-10	FDR	166	A	AAACT	ok	True
chrx	103357615	103357616	+	1.3e-06	FDR	170	A	GAAGT	ok	False
chrx	103357624	103357625	+	1.3e-08	FDR	171	A	GTATT	ok	False
chrx	103357910	103357911	+	0.0055	FDR	88	A	TGAAA	ok	False
chrx	103357966	103357967	+	0.0047	FDR	89	A	TTAAT	ok	False
chrx	103358120	103358121	+	0.0016	FDR	94	A	GTATC	ok	False
chrx	103358211	103358212	+	0.00028	FDR	87	A	AAAAA	ok	False
chrx	103358313	103358314	+	3.9e-06	FDR	83	A	GGACA	ok	True
chrx	103358315	103358316	+	3.8e-05	FDR	83	A	ACATA	ok	False
chrx	103377933	103377934	+	1.8e-13	FDR	398	A	TTATT	ok	False
chrx	103586654	103586655	+	0.00045	FDR	76	A	GGAAA	ok	False
chrx	103586655	103586656	+	0.0053	FDR	76	A	GAAAA	ok	False
chrx	103586665	103586666	+	0.026	FDR	76	A	GGAAA	ok	False
chrx	103586681	103586682	+	0.017	FDR	75	A	AAAAA	ok	False
chrx	103586688	103586689	+	0.00044	FDR	74	A	CTACA	ok	False
chrx	103586731	103586732	+	0.026	FDR	72	A	GAAAA	ok	False
chrx	103586819	103586820	+	0.014	FDR	67	A	AAAAC	ok	False
chrx	103675608	103675609	-	0.00017	FDR	150	T	GTTAG	ok	False
chrx	103675765	103675766	-	2.1e-15	FDR	152	T	AATGC	ok	False
chrx	103675773	103675774	-	2.5e-14	FDR	152	T	GGTTT	ok	True
chrx	103675826	103675827	-	0.00075	FDR	149	T	TTTGT	ok	False
chrx	103676160	103676161	-	0.017	FDR	159	T	GCTCA	ok	False
chrx	103676500	103676501	-	0.013	FDR	144	T	ATTCC	ok	False
chrx	103678569	103678570	-	0.011	FDR	135	T	GATGG	ok	False
chrx	103685245	103685246	-	0.043	FDR	138	T	GCTTT	ok	False
chrx	103685246	103685247	-	0.0038	FDR	138	T	CTTTT	ok	False
chrx	108084251	108084252	-	0.022	FDR	107	T	AATAC	ok	False
chrx	108084419	108084420	-	7.5e-08	FDR	110	T	TATTT	ok	False
chrx	108084465	108084466	-	7.6e-08	FDR	109	T	TGTAA	ok	False
chrx	108085040	108085041	-	0.0085	FDR	103	T	TTTCT	ok	False
chrx	108085093	108085094	-	9.1e-08	FDR	108	T	GCTTC	ok	False
chrx	108085094	108085095	-	0.0099	FDR	108	T	CTTCT	ok	False
chrx	108088758	108088759	-	9.6e-11	FDR	103	T	CTTTA	ok	False
chrx	108088761	108088762	-	0.00014	FDR	103	T	TATCA	ok	False
chrx	115643322	115643323	+	0.012	FDR	49	A	TGATT	ok	False
chrx	115650092	115650093	+	0.036	FDR	57	A	TTATT	ok	False
chrx	119236649	119236650	+	0.0023	FDR	62	A	CAAGG	ok	False
chrx	119243647	119243648	+	0.00092	FDR	60	A	AAATC	ok	False
chrx	119582618	119582619	+	1.8e-09	FDR	76	A	ATACT	ok	False
chrx	119786552	119786553	-	2.3e-19	FDR	3268	T	CGTGT	ok	False
chrx	119786554	119786555	-	3.1e-155	FDR	3275	T	TGTTC	ok	True
chrx	119871841	119871842	+	5e-07	FDR	104	A	GGAAG	ok	False
chrx	119876656	119876657	+	6.7e-12	FDR	524	A	GAAAA	ok	False
chrx	120605416	120605417	+	0.00087	FDR	101	A	AAAAA	ok	False
chrx	120608349	120608350	+	2e-09	FDR	122	A	ATACC	ok	False
chrx	120612250	120612251	+	1.2e-05	FDR	128	A	GAAGA	ok	False
chrx	129929556	129929557	+	0.036	FDR	55	A	AAACG	ok	False
chrx	134475205	134475206	+	0.017	FDR	115	A	TGATG	ok	False
chrx	136873755	136873756	-	0.039	FDR	60	T	GTTTG	ok	False
chrx	136879368	136879369	-	0.022	FDR	80	T	CATTT	ok	False
chrx	136879378	136879379	-	0.0025	FDR	80	T	CGTAT	ok	False
chrx	136880656	136880657	-	0.019	FDR	140	T	GCTCA	ok	False
chrx	150986101	150986102	+	6.3e-05	FDR	72	A	ATAAA	ok	False
chrx	151405020	151405021	+	3.9e-18	FDR	94	A	TGAAG	ok	False
chrx	151405021	151405022	+	6.2e-11	FDR	94	A	GAAGG	ok	False
chrx	151405027	151405028	+	0.0098	FDR	94	A	TCACG	ok	False
chrx	151405146	151405147	+	0.00085	FDR	84	A	AGAAC	ok	False
chrx	151405147	151405148	+	5.2e-08	FDR	84	A	GAACA	ok	True
chrx	152698809	152698810	+	0.021	FDR	88	A	CCAGG	ok	False
chrx	152700683	152700684	+	0.00021	FDR	110	A	AGATC	ok	False
chrx	152702211	152702212	+	4.6e-14	FDR	194	A	GAAAT	ok	False
chrx	152702212	152702213	+	2.7e-09	FDR	194	A	AAATC	ok	False
chrx	152702215	152702216	+	1.2e-12	FDR	194	A	TCAAA	ok	False
chrx	152702216	152702217	+	6.9e-10	FDR	194	A	CAAAA	ok	False
chrx	152736636	152736637	+	0.0015	FDR	99	A	GCAGC	ok	False
chrx	152736782	152736783	+	0.0091	FDR	103	A	CCATA	ok	False
chrx	152737274	152737275	+	2.2e-07	FDR	114	A	TGACT	ok	True
chrx	152737312	152737313	+	7.9e-16	FDR	115	A	TCAAA	ok	False
chrx	152737423	152737424	+	1.2e-12	FDR	117	A	TTATT	ok	False
chrx	152737464	152737465	+	0.00099	FDR	117	A	CAAAT	ok	False
chrx	152737552	152737553	+	9.4e-07	FDR	118	A	AGATA	ok	False
chrx	152737554	152737555	+	4e-05	FDR	118	A	ATACT	ok	False
chrx	152737612	152737613	+	0.025	FDR	118	A	ATACC	ok	False
chrx	152766265	152766266	-	2.3e-05	FDR	192	T	TTTTG	ok	False
chrx	152766266	152766267	-	2.3e-08	FDR	192	T	TTTGA	ok	False
chrx	153723174	153723175	-	0.035	FDR	84	T	AATGC	ok	False
chrx	153785966	153785967	-	0.012	FDR	59	T	AGTGT	ok	False
chrx	153786391	153786392	-	0.012	FDR	57	T	GGTGG	ok	False
chrx	153794679	153794680	+	1.7e-05	FDR	266	A	AGAAG	ok	False
chrx	153930008	153930009	-	0.016	FDR	150	T	CCTCT	ok	False
chrx	153930017	153930018	-	0.0045	FDR	151	T	TGTCC	ok	True
chrx	153930020	153930021	-	0.0096	FDR	151	T	CCTTG	ok	False
chrx	153930026	153930027	-	0.0041	FDR	151	T	CATCT	ok	False
chrx	153930081	153930082	-	0.00034	FDR	153	T	ACTAT	ok	False
chrx	153930083	153930084	-	0.00088	FDR	153	T	TATCC	ok	False
chrx	154400551	154400552	+	2.7e-35	FDR	4005	A	GCACC	ok	False
chrx	154400786	154400787	+	4e-31	FDR	4081	A	AGATG	ok	False
chrx	154400888	154400889	+	4.7e-80	FDR	3481	A	TCACC	ok	False
chrx	154478301	154478302	-	0.0069	FDR	150	T	ACTCA	ok	False
chrx	154484325	154484326	-	0.0046	FDR	75	T	TATTT	ok	False
chrx	154484326	154484327	-	0.023	FDR	75	T	ATTTG	ok	False
chrx	154484587	154484588	-	0.033	FDR	70	T	CTTCT	ok	False
chrx	154484640	154484641	-	0.0067	FDR	70	T	GATAT	ok	False
chrx	154617687	154617688	-	9.3e-05	FDR	39	T	AATGA	ok	False
chrx	154777547	154777548	+	0.0047	FDR	92	A	TAATT	ok	False
chrx	155033520	155033521	+	5.7e-06	FDR	122	A	GCAAC	ok	False
chrx	155055037	155055038	+	1.1e-10	FDR	147	A	GAAAT	ok	False
chrx	155055053	155055054	+	3.8e-12	FDR	145	A	TAACC	ok	True
chrx	155228384	155228385	+	0.00019	FDR	84	A	GGAGT	ok	False
chrx	155238805	155238806	+	0.0001	FDR	93	A	AGAAG	ok	False
