chrom	start	end	strand	score	score_type	coverage	ref_base	five_mer_raw	center_status	drach
chr14	20455699	20455700	+	0.213675	mod_ratio	118	A	GGACA	ok	True
chr14	20456709	20456710	+	0.215827	mod_ratio	141	A	AGACC	ok	True
chr14	20456729	20456730	+	0.34507	mod_ratio	142	A	AAACT	ok	True
chr14	20456759	20456760	+	0.226027	mod_ratio	147	A	GGACT	ok	True
chr14	20457352	20457353	+	0.125	mod_ratio	185	A	GGACT	ok	True
chr14	20457571	20457572	+	0.306358	mod_ratio	173	A	AAACA	ok	True
chr14	20476426	20476427	+	0.16875	mod_ratio	322	A	GGACT	ok	True
chr14	20477008	20477009	+	0.12973	mod_ratio	375	A	AGACC	ok	True
chr14	20477013	20477014	+	0.147139	mod_ratio	374	A	AAACA	ok	True
chr14	20994052	20994053	+	0.492308	mod_ratio	66	A	AAACT	ok	True
chr14	20994834	20994835	+	0.338028	mod_ratio	71	A	GAACT	ok	True
chr14	21210569	21210570	-	0.484932	mod_ratio	429	T	GGTTT	ok	True
chr14	21210584	21210585	-	0.445727	mod_ratio	439	T	TGTTT	ok	True
chr14	21210604	21210605	-	0.147059	mod_ratio	443	T	GGTCC	ok	True
chr14	21210621	21210622	-	0.419865	mod_ratio	444	T	TGTTC	ok	True
chr14	21211250	21211251	-	0.165303	mod_ratio	615	T	TGTCT	ok	True
chr14	21211448	21211449	-	0.202756	mod_ratio	548	T	GGTCC	ok	True
chr14	21211503	21211504	-	0.112941	mod_ratio	433	T	AGTCT	ok	True
chr14	21211816	21211817	-	0.539326	mod_ratio	367	T	TGTTT	ok	True
chr14	21211825	21211826	-	0.29096	mod_ratio	368	T	TGTTC	ok	True
chr14	21211873	21211874	-	0.23053	mod_ratio	344	T	TGTTT	ok	True
chr14	21212987	21212988	-	0.159091	mod_ratio	314	T	TGTCC	ok	True
chr14	21213030	21213031	-	0.251678	mod_ratio	303	T	TGTTT	ok	True
chr14	21230330	21230331	-	0.118852	mod_ratio	260	T	AGTCC	ok	True
chr14	21230348	21230349	-	0.283333	mod_ratio	253	T	AGTCC	ok	True
chr14	21231041	21231042	-	0.108225	mod_ratio	241	T	GGTTC	ok	True
chr14	21234149	21234150	-	0.160804	mod_ratio	207	T	AGTTC	ok	True
chr14	21234197	21234198	-	0.534031	mod_ratio	200	T	TGTTT	ok	True
chr14	21269331	21269332	-	0.385475	mod_ratio	187	T	AGTCT	ok	True
chr14	21269404	21269405	-	0.251572	mod_ratio	170	T	AGTCT	ok	True
chr14	21499116	21499117	-	0.641026	mod_ratio	40	T	GGTTT	ok	True
chr14	21500931	21500932	-	0.648649	mod_ratio	37	T	GGTCT	ok	True
chr14	22564984	22564985	-	0.190476	mod_ratio	168	T	TGTTT	ok	True
chr14	22565084	22565085	-	0.155689	mod_ratio	167	T	TGTCC	ok	True
chr14	22575115	22575116	-	0.15625	mod_ratio	161	T	AGTTC	ok	True
chr14	22589179	22589180	-	0.190476	mod_ratio	137	T	GGTCC	ok	True
chr14	22768100	22768101	+	0.392405	mod_ratio	79	A	GGACT	ok	True
chr14	22770244	22770245	+	0.714286	mod_ratio	84	A	AAACT	ok	True
chr14	22771518	22771519	+	0.174242	mod_ratio	132	A	AAACC	ok	True
chr14	22771654	22771655	+	0.438462	mod_ratio	132	A	GAACT	ok	True
chr14	22771699	22771700	+	0.40678	mod_ratio	121	A	AAACA	ok	True
chr14	22834278	22834279	+	0.33945	mod_ratio	110	A	AAACC	ok	True
chr14	22920706	22920707	-	0.118721	mod_ratio	219	T	GGTCT	ok	True
chr14	22921028	22921029	-	0.306533	mod_ratio	206	T	GGTTT	ok	True
chr14	22922453	22922454	-	0.159574	mod_ratio	190	T	TGTCC	ok	True
chr14	22924514	22924515	-	0.541667	mod_ratio	50	T	GGTCT	ok	True
chr14	23026031	23026032	-	0.25	mod_ratio	456	T	TGTCC	ok	True
chr14	23026347	23026348	-	0.231527	mod_ratio	410	T	GGTTC	ok	True
chr14	23033452	23033453	-	0.143617	mod_ratio	379	T	AGTTT	ok	True
chr14	23034840	23034841	-	0.10687	mod_ratio	266	T	GGTTC	ok	True
chr14	23034854	23034855	-	0.111969	mod_ratio	263	T	GGTCT	ok	True
chr14	23058869	23058870	-	0.75	mod_ratio	49	T	TGTTC	ok	True
chr14	23058984	23058985	-	0.770833	mod_ratio	48	T	TGTTT	ok	True
chr14	23097914	23097915	+	0.637681	mod_ratio	69	A	AGACC	ok	True
chr14	23098254	23098255	+	0.552083	mod_ratio	96	A	GGACT	ok	True
chr14	23098379	23098380	+	0.386139	mod_ratio	101	A	GAACC	ok	True
chr14	23476243	23476244	+	0.507042	mod_ratio	72	A	AAACA	ok	True
chr14	23477338	23477339	+	0.356322	mod_ratio	88	A	GAACT	ok	True
chr14	24137421	24137422	+	0.437186	mod_ratio	204	A	AAACA	ok	True
chr14	24137559	24137560	+	0.347826	mod_ratio	209	A	AGACA	ok	True
chr14	24137720	24137721	+	0.462264	mod_ratio	213	A	GAACT	ok	True
chr14	24138522	24138523	+	0.192	mod_ratio	251	A	GGACA	ok	True
chr14	24138795	24138796	+	0.277108	mod_ratio	250	A	AAACA	ok	True
chr14	24138853	24138854	+	0.120968	mod_ratio	249	A	AGACC	ok	True
chr14	24138875	24138876	+	0.62753	mod_ratio	249	A	GGACT	ok	True
chr14	24138893	24138894	+	0.193416	mod_ratio	245	A	AAACT	ok	True
chr14	24143400	24143401	-	0.162162	mod_ratio	242	T	AGTCC	ok	True
chr14	24143407	24143408	-	0.175214	mod_ratio	250	T	GGTTC	ok	True
chr14	24143600	24143601	-	0.141221	mod_ratio	266	T	GGTCC	ok	True
chr14	24143982	24143983	-	0.211538	mod_ratio	263	T	AGTCT	ok	True
chr14	24144204	24144205	-	0.134615	mod_ratio	263	T	TGTCT	ok	True
chr14	24144225	24144226	-	0.166023	mod_ratio	262	T	GGTCT	ok	True
chr14	24145080	24145081	-	0.314741	mod_ratio	252	T	AGTCC	ok	True
chr14	24145266	24145267	-	0.419355	mod_ratio	249	T	TGTTT	ok	True
chr14	24145460	24145461	-	0.779167	mod_ratio	244	T	AGTCC	ok	True
chr14	24146225	24146226	-	0.877193	mod_ratio	229	T	TGTCT	ok	True
chr14	24146536	24146537	-	0.225108	mod_ratio	231	T	TGTTT	ok	True
chr14	24210477	24210478	-	0.363636	mod_ratio	77	T	AGTTC	ok	True
chr14	24210765	24210766	-	0.411765	mod_ratio	68	T	TGTCC	ok	True
chr14	24211529	24211530	-	0.370968	mod_ratio	62	T	TGTCC	ok	True
chr14	24211554	24211555	-	0.790323	mod_ratio	62	T	TGTTC	ok	True
chr14	24211712	24211713	-	0.672131	mod_ratio	61	T	TGTTT	ok	True
chr14	24211785	24211786	-	0.644068	mod_ratio	59	T	AGTTT	ok	True
chr14	24216996	24216997	-	0.137931	mod_ratio	233	T	AGTCT	ok	True
chr14	24217055	24217056	-	0.226087	mod_ratio	231	T	TGTCC	ok	True
chr14	24217122	24217123	-	0.328889	mod_ratio	226	T	GGTCC	ok	True
chr14	24217209	24217210	-	0.132701	mod_ratio	217	T	TGTCT	ok	True
chr14	24218395	24218396	-	0.180905	mod_ratio	200	T	GGTTC	ok	True
chr14	24232278	24232279	-	0.180412	mod_ratio	196	T	AGTTT	ok	True
chr14	24238987	24238988	+	0.508197	mod_ratio	61	A	AAACA	ok	True
chr14	34434280	34434281	-	0.443478	mod_ratio	124	T	AGTTT	ok	True
chr14	34434560	34434561	-	0.233645	mod_ratio	108	T	TGTTC	ok	True
chr14	34516102	34516103	-	0.622222	mod_ratio	45	T	AGTCC	ok	True
chr14	34516308	34516309	-	0.933333	mod_ratio	45	T	TGTTT	ok	True
chr14	34562530	34562531	-	0.39726	mod_ratio	73	T	AGTTT	ok	True
chr14	34563024	34563025	-	0.409091	mod_ratio	66	T	TGTTT	ok	True
chr14	34563028	34563029	-	0.606061	mod_ratio	66	T	TGTTT	ok	True
chr14	34567715	34567716	-	0.370968	mod_ratio	62	T	AGTTC	ok	True
chr14	34608119	34608120	-	0.470588	mod_ratio	52	T	TGTTT	ok	True
chr14	34609692	34609693	-	0.45098	mod_ratio	51	T	TGTCC	ok	True
chr14	34629931	34629932	-	0.55102	mod_ratio	49	T	AGTCC	ok	True
chr14	35308965	35308966	+	0.220513	mod_ratio	397	A	AAACA	ok	True
chr14	35310820	35310821	+	0.272727	mod_ratio	431	A	GGACA	ok	True
chr14	35312983	35312984	+	0.395604	mod_ratio	455	A	AAACA	ok	True
chr14	35312987	35312988	+	0.254945	mod_ratio	456	A	AAACT	ok	True
chr14	35313038	35313039	+	0.357456	mod_ratio	458	A	GGACA	ok	True
chr14	35313046	35313047	+	0.447368	mod_ratio	458	A	GAACA	ok	True
chr14	35314360	35314361	+	0.337719	mod_ratio	457	A	AGACT	ok	True
chr14	35314404	35314405	+	0.214128	mod_ratio	455	A	AAACC	ok	True
chr14	35317306	35317307	+	0.697572	mod_ratio	454	A	AAACA	ok	True
chr14	35317366	35317367	+	0.326711	mod_ratio	456	A	AAACC	ok	True
chr14	35317437	35317438	+	0.160671	mod_ratio	427	A	GGACT	ok	True
chr14	35317454	35317455	+	0.313099	mod_ratio	411	A	AAACA	ok	True
chr14	45115938	45115939	-	0.589286	mod_ratio	56	T	AGTTT	ok	True
chr14	45121487	45121488	-	0.448276	mod_ratio	60	T	TGTTT	ok	True
chr14	45134385	45134386	-	0.532258	mod_ratio	62	T	TGTCC	ok	True
chr14	49583619	49583620	-	0.132176	mod_ratio	3281	T	GGTTT	ok	True
chr14	49583670	49583671	-	0.146008	mod_ratio	3597	T	AGTCC	ok	True
chr14	49614361	49614362	+	0.464286	mod_ratio	56	A	GAACT	ok	True
chr14	49614504	49614505	+	0.551724	mod_ratio	58	A	AGACC	ok	True
chr14	49618782	49618783	-	0.529915	mod_ratio	354	T	AGTTT	ok	True
chr14	49618828	49618829	-	0.3241	mod_ratio	367	T	AGTTC	ok	True
chr14	49618920	49618921	-	0.307487	mod_ratio	375	T	GGTCT	ok	True
chr14	49618950	49618951	-	0.147453	mod_ratio	375	T	TGTCT	ok	True
chr14	49619076	49619077	-	0.276536	mod_ratio	362	T	GGTTC	ok	True
chr14	49619120	49619121	-	0.352601	mod_ratio	348	T	TGTTT	ok	True
chr14	49619125	49619126	-	0.15942	mod_ratio	347	T	TGTCT	ok	True
chr14	49782882	49782883	+	0.676471	mod_ratio	35	A	GAACT	ok	True
chr14	51249467	51249468	+	0.851852	mod_ratio	29	A	AGACT	ok	True
chr14	51989636	51989637	+	0.161616	mod_ratio	203	A	GGACC	ok	True
chr14	51991321	51991322	+	0.483254	mod_ratio	212	A	AAACA	ok	True
chr14	51991334	51991335	+	0.227488	mod_ratio	213	A	AAACT	ok	True
chr14	51991355	51991356	+	0.403756	mod_ratio	214	A	AGACC	ok	True
chr14	51991385	51991386	+	0.106977	mod_ratio	219	A	AGACA	ok	True
chr14	51991403	51991404	+	0.205479	mod_ratio	223	A	AAACA	ok	True
chr14	51993802	51993803	+	0.378723	mod_ratio	236	A	AGACT	ok	True
chr14	51998531	51998532	+	0.145228	mod_ratio	242	A	AAACT	ok	True
chr14	51998560	51998561	+	0.128631	mod_ratio	245	A	GAACC	ok	True
chr14	52001857	52001858	+	0.40856	mod_ratio	257	A	AAACA	ok	True
chr14	52004212	52004213	+	0.305556	mod_ratio	254	A	AGACA	ok	True
chr14	52004216	52004217	+	0.501976	mod_ratio	254	A	AAACA	ok	True
chr14	52004483	52004484	+	0.157692	mod_ratio	262	A	AGACA	ok	True
chr14	52004487	52004488	+	0.265385	mod_ratio	262	A	AGACC	ok	True
chr14	52004494	52004495	+	0.455939	mod_ratio	262	A	AGACT	ok	True
chr14	52004526	52004527	+	0.182171	mod_ratio	262	A	GGACT	ok	True
chr14	52004560	52004561	+	0.311024	mod_ratio	258	A	GAACC	ok	True
chr14	52643421	52643422	-	0.857143	mod_ratio	29	T	TGTTT	ok	True
chr14	52707250	52707251	+	0.28125	mod_ratio	96	A	GGACT	ok	True
chr14	52708502	52708503	+	0.33	mod_ratio	101	A	AAACA	ok	True
chr14	52713960	52713961	+	0.814159	mod_ratio	113	A	GGACC	ok	True
chr14	52727600	52727601	+	0.351145	mod_ratio	132	A	GGACT	ok	True
chr14	52777455	52777456	-	0.8	mod_ratio	31	T	TGTTT	ok	True
chr14	54399952	54399953	+	0.329268	mod_ratio	83	A	GAACA	ok	True
chr14	54411538	54411539	+	0.28866	mod_ratio	99	A	GAACT	ok	True
chr14	54411561	54411562	+	0.363636	mod_ratio	99	A	AAACC	ok	True
chr14	54411626	54411627	+	0.46	mod_ratio	101	A	GGACT	ok	True
chr14	54420150	54420151	+	0.8	mod_ratio	101	A	AAACC	ok	True
chr14	54427003	54427004	-	0.275	mod_ratio	122	T	AGTTT	ok	True
chr14	54427175	54427176	-	0.221311	mod_ratio	126	T	TGTTT	ok	True
chr14	54427354	54427355	-	0.330769	mod_ratio	133	T	AGTTT	ok	True
chr14	54427431	54427432	-	0.314961	mod_ratio	128	T	TGTTT	ok	True
chr14	54427461	54427462	-	0.536	mod_ratio	128	T	AGTTC	ok	True
chr14	54427533	54427534	-	0.45082	mod_ratio	123	T	TGTTC	ok	True
chr14	54427551	54427552	-	0.196721	mod_ratio	123	T	AGTTC	ok	True
chr14	54430391	54430392	-	0.433962	mod_ratio	110	T	GGTCT	ok	True
chr14	54436390	54436391	-	0.465909	mod_ratio	92	T	GGTCT	ok	True
chr14	54436412	54436413	-	0.296296	mod_ratio	90	T	AGTCT	ok	True
chr14	55064918	55064919	+	0.789474	mod_ratio	40	A	AAACT	ok	True
chr14	55064926	55064927	+	0.789474	mod_ratio	40	A	AAACT	ok	True
chr14	55065288	55065289	+	0.815789	mod_ratio	39	A	AAACT	ok	True
chr14	55065668	55065669	+	0.54902	mod_ratio	52	A	GAACC	ok	True
chr14	55138108	55138109	+	0.122642	mod_ratio	215	A	GAACC	ok	True
chr14	55138193	55138194	+	0.22467	mod_ratio	229	A	GGACA	ok	True
chr14	55138304	55138305	+	0.272358	mod_ratio	246	A	GGACA	ok	True
chr14	55140359	55140360	+	0.223077	mod_ratio	260	A	AAACA	ok	True
chr14	55142709	55142710	+	0.101124	mod_ratio	269	A	AGACA	ok	True
chr14	55142739	55142740	+	0.235075	mod_ratio	269	A	AAACC	ok	True
chr14	55145198	55145199	+	0.177358	mod_ratio	265	A	AAACT	ok	True
chr14	55145216	55145217	+	0.190114	mod_ratio	265	A	AAACT	ok	True
chr14	55145239	55145240	+	0.294574	mod_ratio	261	A	AGACC	ok	True
chr14	55145309	55145310	+	0.3	mod_ratio	231	A	AAACC	ok	True
chr14	55612141	55612142	+	0.269231	mod_ratio	186	A	AAACA	ok	True
chr14	55612366	55612367	+	0.416667	mod_ratio	91	A	AAACT	ok	True
chr14	58234644	58234645	+	0.328767	mod_ratio	73	A	GGACT	ok	True
chr14	58252184	58252185	+	0.206061	mod_ratio	332	A	AAACT	ok	True
chr14	58257845	58257846	+	0.125	mod_ratio	344	A	AAAGT	ok	False
chr14	58257934	58257935	+	0.112717	mod_ratio	347	A	AGACA	ok	True
chr14	58257983	58257984	+	0.244318	mod_ratio	354	A	AGACC	ok	True
chr14	58270459	58270460	+	0.167139	mod_ratio	357	A	GAACT	ok	True
chr14	58270465	58270466	+	0.146893	mod_ratio	357	A	GAACT	ok	True
chr14	58409014	58409015	-	0.380952	mod_ratio	63	T	AGTTC	ok	True
chr14	58409167	58409168	-	0.454545	mod_ratio	55	T	GGTCT	ok	True
chr14	58410908	58410909	-	0.428571	mod_ratio	56	T	AGTTT	ok	True
chr14	58424052	58424053	-	0.442308	mod_ratio	52	T	TGTCC	ok	True
chr14	59504032	59504033	+	0.75	mod_ratio	44	A	GAACC	ok	True
chr14	60150165	60150166	-	0.508772	mod_ratio	57	T	TGTTC	ok	True
chr14	64454755	64454756	+	0.4	mod_ratio	85	A	AAACA	ok	True
chr14	64458230	64458231	+	0.93617	mod_ratio	94	A	GGACT	ok	True
chr14	64458276	64458277	+	0.361702	mod_ratio	95	A	AAACA	ok	True
chr14	64458303	64458304	+	0.297872	mod_ratio	95	A	AAACA	ok	True
chr14	67338092	67338093	-	0.736842	mod_ratio	41	T	TGTTT	ok	True
chr14	67345782	67345783	-	0.595238	mod_ratio	43	T	AGTTC	ok	True
chr14	67345794	67345795	-	0.785714	mod_ratio	42	T	AGTTC	ok	True
chr14	67364996	67364997	+	0.517241	mod_ratio	58	A	GGACA	ok	True
chr14	67383341	67383342	+	0.46	mod_ratio	100	A	AGACT	ok	True
chr14	67383451	67383452	+	0.365385	mod_ratio	106	A	AAACA	ok	True
chr14	67383504	67383505	+	0.25	mod_ratio	108	A	AGACT	ok	True
chr14	67383529	67383530	+	0.435185	mod_ratio	108	A	AAACT	ok	True
chr14	67383794	67383795	+	0.691589	mod_ratio	108	A	AAACA	ok	True
chr14	67383832	67383833	+	0.458333	mod_ratio	104	A	AAACA	ok	True
chr14	67589986	67589987	-	0.705882	mod_ratio	34	T	TGTCC	ok	True
chr14	67653490	67653491	-	0.802469	mod_ratio	81	T	TGTTT	ok	True
chr14	67656489	67656490	-	0.416667	mod_ratio	73	T	AGTCT	ok	True
chr14	67659848	67659849	-	0.784615	mod_ratio	65	T	AGTTT	ok	True
chr14	67674377	67674378	-	0.645161	mod_ratio	62	T	GGTCC	ok	True
chr14	69380321	69380322	-	0.897129	mod_ratio	420	T	TGTTT	ok	True
chr14	69380373	69380374	-	0.490521	mod_ratio	427	T	GGTTT	ok	True
chr14	69380497	69380498	-	0.113801	mod_ratio	418	T	TGTTC	ok	True
chr14	69380598	69380599	-	0.13602	mod_ratio	404	T	AGTCT	ok	True
chr14	69394863	69394864	-	0.215116	mod_ratio	349	T	AGTTC	ok	True
chr14	69771505	69771506	+	0.284314	mod_ratio	102	A	AAACC	ok	True
chr14	69771619	69771620	+	0.666667	mod_ratio	111	A	GGACC	ok	True
chr14	70326275	70326276	-	0.552941	mod_ratio	96	T	AGTCC	ok	True
chr14	70326340	70326341	-	0.183673	mod_ratio	153	T	TGTCT	ok	True
chr14	70329212	70329213	-	0.309211	mod_ratio	153	T	AGTTT	ok	True
chr14	73575136	73575137	+	0.83871	mod_ratio	31	A	GAACA	ok	True
chr14	74484441	74484442	-	0.858824	mod_ratio	87	T	AGTTT	ok	True
chr14	74494899	74494900	+	0.418182	mod_ratio	57	A	GGACT	ok	True
chr14	75003336	75003337	+	0.714286	mod_ratio	35	A	AGACC	ok	True
chr14	75006659	75006660	+	0.755556	mod_ratio	45	A	AAACA	ok	True
chr14	75009368	75009369	+	0.58	mod_ratio	51	A	GGACT	ok	True
chr14	75063539	75063540	-	0.888889	mod_ratio	28	T	TGTTT	ok	True
chr14	75134309	75134310	-	0.292208	mod_ratio	155	T	AGTTC	ok	True
chr14	75134432	75134433	-	0.631579	mod_ratio	153	T	TGTTT	ok	True
chr14	75134558	75134559	-	0.291667	mod_ratio	160	T	AGTCC	ok	True
chr14	75134947	75134948	-	0.341463	mod_ratio	125	T	AGTCC	ok	True
chr14	77459762	77459763	+	0.316456	mod_ratio	80	A	AAACT	ok	True
chr14	77462712	77462713	+	0.268817	mod_ratio	94	A	AAACT	ok	True
chr14	77464671	77464672	+	0.219048	mod_ratio	106	A	AAACT	ok	True
chr14	77469077	77469078	+	0.265152	mod_ratio	133	A	GGACA	ok	True
chr14	77469123	77469124	+	0.357664	mod_ratio	139	A	AGACT	ok	True
chr14	77469215	77469216	+	0.338028	mod_ratio	144	A	AAACA	ok	True
chr14	77469264	77469265	+	0.486111	mod_ratio	144	A	GGACT	ok	True
chr14	77469455	77469456	+	0.463918	mod_ratio	116	A	AAACA	ok	True
chr14	77708195	77708196	+	0.18624	mod_ratio	846	A	GGACT	ok	True
chr14	77715780	77715781	+	0.194607	mod_ratio	857	A	AGACT	ok	True
chr14	77715830	77715831	+	0.153207	mod_ratio	859	A	GGACT	ok	True
chr14	77717521	77717522	+	0.144785	mod_ratio	822	A	AAACT	ok	True
chr14	77717531	77717532	+	0.329643	mod_ratio	819	A	AAACA	ok	True
chr14	77717562	77717563	+	0.118715	mod_ratio	798	A	AGACT	ok	True
chr14	77717711	77717712	-	0.540984	mod_ratio	61	T	AGTTC	ok	True
chr14	81204027	81204028	+	0.245283	mod_ratio	109	A	GAACT	ok	True
chr14	81204079	81204080	+	0.221239	mod_ratio	115	A	GGACT	ok	True
chr14	81220535	81220536	+	0.396694	mod_ratio	122	A	AAACA	ok	True
chr14	81220570	81220571	+	0.258621	mod_ratio	121	A	AAACA	ok	True
chr14	81220646	81220647	+	0.333333	mod_ratio	76	A	AAACA	ok	True
chr14	90260200	90260201	+	0.638889	mod_ratio	73	A	AAACT	ok	True
chr14	90263712	90263713	+	0.337349	mod_ratio	83	A	GAACC	ok	True
chr14	90264146	90264147	+	0.644231	mod_ratio	106	A	GGACA	ok	True
chr14	90268293	90268294	+	0.241071	mod_ratio	116	A	GAACT	ok	True
chr14	90268326	90268327	+	0.365217	mod_ratio	118	A	AAACT	ok	True
chr14	90269447	90269448	+	0.535433	mod_ratio	128	A	GAACT	ok	True
chr14	90269455	90269456	+	0.198413	mod_ratio	130	A	GAACC	ok	True
chr14	90269509	90269510	+	0.323077	mod_ratio	130	A	AAACC	ok	True
chr14	90272410	90272411	+	0.165517	mod_ratio	146	A	GAACC	ok	True
chr14	90272521	90272522	+	0.205674	mod_ratio	143	A	AAACA	ok	True
chr14	90400084	90400085	+	0.14386	mod_ratio	574	A	GAACA	ok	True
chr14	90401319	90401320	+	0.403361	mod_ratio	600	A	GAACT	ok	True
chr14	90401326	90401327	+	0.525084	mod_ratio	606	A	GAACT	ok	True
chr14	90404407	90404408	+	0.185124	mod_ratio	613	A	GAACT	ok	True
chr14	90404427	90404428	+	0.118136	mod_ratio	608	A	AAACT	ok	True
chr14	90404440	90404441	+	0.683946	mod_ratio	607	A	AAACT	ok	True
chr14	90404497	90404498	+	0.409756	mod_ratio	619	A	GGACA	ok	True
chr14	90404719	90404720	+	0.14845	mod_ratio	618	A	AGACC	ok	True
chr14	90404840	90404841	+	0.232558	mod_ratio	262	A	AAACT	ok	True
chr14	90404971	90404972	+	0.336207	mod_ratio	237	A	GGACT	ok	True
chr14	90405166	90405167	+	0.210191	mod_ratio	162	A	AAACA	ok	True
chr14	90405170	90405171	+	0.490446	mod_ratio	162	A	AAACA	ok	True
chr14	90405362	90405363	+	0.405714	mod_ratio	176	A	AAACA	ok	True
chr14	90405406	90405407	+	0.337278	mod_ratio	174	A	AAACA	ok	True
chr14	90405431	90405432	+	0.305732	mod_ratio	170	A	GGACT	ok	True
chr14	90405456	90405457	+	0.161972	mod_ratio	144	A	GAACC	ok	True
chr14	90405495	90405496	+	0.303704	mod_ratio	145	A	GGACT	ok	True
chr14	92117629	92117630	-	0.124224	mod_ratio	324	T	AGTTC	ok	True
chr14	93203698	93203699	-	0.520833	mod_ratio	48	T	TGTTT	ok	True
chr14	94051220	94051221	-	0.618182	mod_ratio	56	T	TGTTC	ok	True
chr14	94055141	94055142	-	0.704545	mod_ratio	44	T	AGTTC	ok	True
chr14	94060927	94060928	-	0.857143	mod_ratio	28	T	GGTTC	ok	True
chr14	95544367	95544368	+	0.345238	mod_ratio	84	A	AAACA	ok	True
chr14	95544529	95544530	+	0.618421	mod_ratio	79	A	GAACA	ok	True
chr14	96520145	96520146	+	0.565217	mod_ratio	47	A	AGACT	ok	True
chr14	96532406	96532407	+	0.744186	mod_ratio	46	A	AAACT	ok	True
chr14	100334543	100334544	-	0.372093	mod_ratio	92	T	AGTCC	ok	True
chr14	100530084	100530085	+	0.896552	mod_ratio	29	A	GGACT	ok	True
chr14	102081125	102081126	-	0.106464	mod_ratio	264	T	GGTCT	ok	True
chr14	102081248	102081249	-	0.455598	mod_ratio	260	T	AGTTT	ok	True
chr14	102081307	102081308	-	0.105469	mod_ratio	258	T	AGTTC	ok	True
chr14	102081392	102081393	-	0.493976	mod_ratio	253	T	GGTCT	ok	True
chr14	102082120	102082121	-	0.17801	mod_ratio	192	T	AGTTT	ok	True
chr14	102082194	102082195	-	0.377143	mod_ratio	180	T	AGTTT	ok	True
chr14	102082289	102082290	-	0.181818	mod_ratio	157	T	GGTTT	ok	True
chr14	102082303	102082304	-	0.86	mod_ratio	154	T	TGTTT	ok	True
chr14	102082337	102082338	-	0.2	mod_ratio	143	T	TGTCT	ok	True
chr14	102082373	102082374	-	0.17037	mod_ratio	138	T	TGTTT	ok	True
chr14	102082380	102082381	-	0.283582	mod_ratio	136	T	TGTCC	ok	True
chr14	102082430	102082431	-	0.424242	mod_ratio	133	T	GGTTT	ok	True
chr14	102083079	102083080	-	0.306452	mod_ratio	125	T	GGTTC	ok	True
chr14	102083138	102083139	-	0.294574	mod_ratio	129	T	AGTTC	ok	True
chr14	102083564	102083565	-	0.220183	mod_ratio	109	T	TGTTT	ok	True
chr14	102083571	102083572	-	0.366972	mod_ratio	109	T	GGTTC	ok	True
chr14	102083852	102083853	-	0.369565	mod_ratio	93	T	AGTTC	ok	True
chr14	102083940	102083941	-	0.488889	mod_ratio	90	T	TGTTT	ok	True
chr14	102083961	102083962	-	0.425287	mod_ratio	89	T	AGTCT	ok	True
chr14	102084769	102084770	-	0.203008	mod_ratio	136	T	GGTCC	ok	True
chr14	102084784	102084785	-	0.353846	mod_ratio	143	T	TGTTT	ok	True
chr14	102084896	102084897	-	0.173333	mod_ratio	230	T	GGTTT	ok	True
chr14	102084900	102084901	-	0.154867	mod_ratio	230	T	TGTCT	ok	True
chr14	102084942	102084943	-	0.269406	mod_ratio	766	T	TGTCT	ok	True
chr14	102085333	102085334	-	0.296992	mod_ratio	805	T	TGTTT	ok	True
chr14	102085377	102085378	-	0.243176	mod_ratio	815	T	AGTTT	ok	True
chr14	102085382	102085383	-	0.199504	mod_ratio	815	T	GGTCT	ok	True
chr14	102085410	102085411	-	0.121175	mod_ratio	832	T	TGTTC	ok	True
chr14	102085762	102085763	-	0.108303	mod_ratio	837	T	TGTCT	ok	True
chr14	102085766	102085767	-	0.212304	mod_ratio	837	T	TGTCC	ok	True
chr14	102085827	102085828	-	0.27724	mod_ratio	828	T	TGTTT	ok	True
chr14	102085943	102085944	-	0.165184	mod_ratio	792	T	GGTCC	ok	True
chr14	102086024	102086025	-	0.227749	mod_ratio	769	T	AGTTC	ok	True
chr14	102086074	102086075	-	0.312583	mod_ratio	759	T	AGTCT	ok	True
chr14	102086352	102086353	-	0.188679	mod_ratio	690	T	GGTCT	ok	True
chr14	103334436	103334437	+	0.16875	mod_ratio	162	A	GGACA	ok	True
chr14	103335688	103335689	+	0.212291	mod_ratio	181	A	AAACA	ok	True
chr14	103335747	103335748	+	0.596774	mod_ratio	187	A	AGACC	ok	True
chr14	103335891	103335892	+	0.141414	mod_ratio	199	A	AGACC	ok	True
chr14	103336840	103336841	+	0.425743	mod_ratio	202	A	AAACA	ok	True
chr14	103337136	103337137	+	0.138614	mod_ratio	202	A	AAACA	ok	True
chr14	103337195	103337196	+	0.391089	mod_ratio	202	A	AAACT	ok	True
chr14	103343132	103343133	+	0.666667	mod_ratio	39	A	AAACA	ok	True
chr14	103519684	103519685	-	0.156051	mod_ratio	664	T	AGTTT	ok	True
chr14	103519748	103519749	-	0.116901	mod_ratio	738	T	AGTCT	ok	True
chr14	103520032	103520033	-	0.254438	mod_ratio	691	T	TGTCC	ok	True
chr14	103520267	103520268	-	0.235401	mod_ratio	555	T	GGTTC	ok	True
chr14	103520285	103520286	-	0.198874	mod_ratio	542	T	AGTCC	ok	True
chr14	103520304	103520305	-	0.156788	mod_ratio	534	T	AGTTT	ok	True
chr14	103520547	103520548	-	0.317172	mod_ratio	498	T	GGTCC	ok	True
chr14	103520575	103520576	-	0.170259	mod_ratio	466	T	GGTCT	ok	True
chr14	103521933	103521934	-	0.136364	mod_ratio	360	T	GGTCC	ok	True
chr14	103522048	103522049	-	0.509091	mod_ratio	342	T	GGTCT	ok	True
chr14	103522086	103522087	-	0.166667	mod_ratio	313	T	GGTCC	ok	True
chr14	103522308	103522309	-	0.451613	mod_ratio	280	T	TGTCC	ok	True
chr14	103571797	103571798	+	0.722222	mod_ratio	56	A	AAACC	ok	True
chr14	103590258	103590259	+	0.444444	mod_ratio	73	A	AAACA	ok	True
chr14	103915166	103915167	-	0.318872	mod_ratio	464	T	TGTTT	ok	True
chr14	104755674	104755675	+	0.120283	mod_ratio	425	A	GGACC	ok	True
chr14	104759569	104759570	+	0.353061	mod_ratio	494	A	GAACT	ok	True
chr14	104759637	104759638	+	0.267045	mod_ratio	430	A	AAACC	ok	True
chr15	22867008	22867009	+	0.775	mod_ratio	43	A	AAACA	ok	True
chr15	22867372	22867373	+	0.6	mod_ratio	46	A	GAACC	ok	True
chr15	22867648	22867649	+	0.568627	mod_ratio	52	A	GAACA	ok	True
chr15	28315964	28315965	+	0.539062	mod_ratio	129	A	GGACC	ok	True
chr15	34084037	34084038	-	0.342857	mod_ratio	116	T	TGTTT	ok	True
chr15	34084066	34084067	-	0.487603	mod_ratio	152	T	AGTTC	ok	True
chr15	34084243	34084244	-	0.385542	mod_ratio	169	T	AGTTT	ok	True
chr15	34084266	34084267	-	0.149701	mod_ratio	173	T	GGTTT	ok	True
chr15	34084302	34084303	-	0.345238	mod_ratio	170	T	TGTTT	ok	True
chr15	34090412	34090413	-	0.361702	mod_ratio	146	T	AGTCT	ok	True
chr15	34090429	34090430	-	0.257143	mod_ratio	143	T	TGTTT	ok	True
chr15	34096012	34096013	-	0.181102	mod_ratio	129	T	TGTCC	ok	True
chr15	34225076	34225077	+	0.280374	mod_ratio	110	A	GGACT	ok	True
chr15	34225567	34225568	+	0.198413	mod_ratio	127	A	AGACT	ok	True
chr15	34225594	34225595	+	0.188976	mod_ratio	128	A	GGACA	ok	True
chr15	34225626	34225627	+	0.192308	mod_ratio	130	A	AGACA	ok	True
chr15	34227724	34227725	+	0.268657	mod_ratio	134	A	AAACA	ok	True
chr15	34229775	34229776	+	0.155844	mod_ratio	155	A	GGACT	ok	True
chr15	34229875	34229876	+	0.151316	mod_ratio	152	A	AAACT	ok	True
chr15	34229944	34229945	+	0.267974	mod_ratio	153	A	GGACA	ok	True
chr15	34229965	34229966	+	0.405229	mod_ratio	153	A	AAACA	ok	True
chr15	34230056	34230057	+	0.222222	mod_ratio	161	A	AAACA	ok	True
chr15	34230070	34230071	+	0.245033	mod_ratio	161	A	AAACA	ok	True
chr15	34341906	34341907	-	0.100616	mod_ratio	488	T	AGTTT	ok	True
chr15	34341955	34341956	-	0.307216	mod_ratio	489	T	AGTTT	ok	True
chr15	34342090	34342091	-	0.264516	mod_ratio	471	T	TGTCC	ok	True
chr15	34343104	34343105	-	0.39206	mod_ratio	416	T	GGTCC	ok	True
chr15	34343116	34343117	-	0.207171	mod_ratio	403	T	AGTCT	ok	True
chr15	40036055	40036056	-	0.797872	mod_ratio	410	T	TGTTT	ok	True
chr15	40036085	40036086	-	0.141921	mod_ratio	464	T	TGTCT	ok	True
chr15	40036427	40036428	-	0.103865	mod_ratio	433	T	GGTCT	ok	True
chr15	40036436	40036437	-	0.101449	mod_ratio	431	T	AGTTT	ok	True
chr15	40036489	40036490	-	0.167421	mod_ratio	448	T	GGTTT	ok	True
chr15	40038382	40038383	-	0.270023	mod_ratio	443	T	GGTTC	ok	True
chr15	40393518	40393519	+	0.469388	mod_ratio	49	A	GAACA	ok	True
chr15	40393686	40393687	+	0.56	mod_ratio	51	A	GGACT	ok	True
chr15	40394040	40394041	+	0.58	mod_ratio	50	A	AAACA	ok	True
chr15	40706283	40706284	+	0.896552	mod_ratio	30	A	AAACT	ok	True
chr15	40731082	40731083	+	0.666667	mod_ratio	36	A	AAACC	ok	True
chr15	40764084	40764085	+	0.64	mod_ratio	61	A	GGACT	ok	True
chr15	40765914	40765915	+	0.449153	mod_ratio	118	A	AAACA	ok	True
chr15	41332985	41332986	+	0.847458	mod_ratio	59	A	GGACT	ok	True
chr15	41358221	41358222	+	0.491525	mod_ratio	68	A	AAACA	ok	True
chr15	41365431	41365432	+	0.393443	mod_ratio	65	A	GGACT	ok	True
chr15	41371659	41371660	+	0.353846	mod_ratio	66	A	AGACC	ok	True
chr15	41375817	41375818	+	0.514706	mod_ratio	71	A	GAACC	ok	True
chr15	41377283	41377284	+	0.391892	mod_ratio	77	A	AAACA	ok	True
chr15	42226814	42226815	-	0.763158	mod_ratio	38	T	TGTTT	ok	True
chr15	43698129	43698130	+	0.592593	mod_ratio	55	A	AAACT	ok	True
chr15	43698746	43698747	+	0.654545	mod_ratio	58	A	GGACC	ok	True
chr15	43756759	43756760	+	0.255639	mod_ratio	134	A	GGACT	ok	True
chr15	43761479	43761480	+	0.556391	mod_ratio	135	A	GGACT	ok	True
chr15	43765496	43765497	+	0.216216	mod_ratio	150	A	GGACA	ok	True
chr15	43765562	43765563	+	0.30625	mod_ratio	161	A	AAACA	ok	True
chr15	43765942	43765943	+	0.47619	mod_ratio	170	A	GGACT	ok	True
chr15	43765969	43765970	+	0.238095	mod_ratio	170	A	GGACT	ok	True
chr15	43766769	43766770	+	0.5	mod_ratio	176	A	AAACT	ok	True
chr15	43766811	43766812	+	0.147727	mod_ratio	178	A	GAACT	ok	True
chr15	43766869	43766870	+	0.128492	mod_ratio	182	A	GAACT	ok	True
chr15	43768563	43768564	+	0.190722	mod_ratio	196	A	GAACC	ok	True
chr15	43771181	43771182	+	0.19375	mod_ratio	186	A	AAACC	ok	True
chr15	43771230	43771231	+	0.932836	mod_ratio	135	A	AAACA	ok	True
chr15	43771327	43771328	+	0.166667	mod_ratio	138	A	GGACA	ok	True
chr15	43771368	43771369	+	0.428571	mod_ratio	136	A	AAACT	ok	True
chr15	43771405	43771406	+	0.317829	mod_ratio	132	A	GGACC	ok	True
chr15	43771511	43771512	+	0.567568	mod_ratio	118	A	GAACA	ok	True
chr15	43793763	43793764	+	0.185226	mod_ratio	912	A	GAACC	ok	True
chr15	43800658	43800659	+	0.43871	mod_ratio	155	A	AGACT	ok	True
chr15	43800664	43800665	+	0.193548	mod_ratio	156	A	AGACC	ok	True
chr15	43800672	43800673	+	0.148387	mod_ratio	156	A	GGACC	ok	True
chr15	43800702	43800703	+	0.205128	mod_ratio	158	A	AAACA	ok	True
chr15	43801150	43801151	+	0.357576	mod_ratio	165	A	AGACA	ok	True
chr15	43801178	43801179	+	0.236364	mod_ratio	166	A	AAACA	ok	True
chr15	43801526	43801527	+	0.149701	mod_ratio	168	A	GAACT	ok	True
chr15	43801760	43801761	+	0.170588	mod_ratio	170	A	GAACA	ok	True
chr15	43805101	43805102	-	0.909091	mod_ratio	33	T	AGTTT	ok	True
chr15	44715662	44715663	+	0.148404	mod_ratio	1167	A	GAACC	ok	True
chr15	44718030	44718031	+	0.634477	mod_ratio	1257	A	AAACA	ok	True
chr15	45072335	45072336	+	0.891892	mod_ratio	37	A	GAACC	ok	True
chr15	45073798	45073799	+	0.627451	mod_ratio	52	A	GAACT	ok	True
chr15	45074386	45074387	+	0.73913	mod_ratio	49	A	GGACT	ok	True
chr15	48332269	48332270	+	0.156398	mod_ratio	218	A	AGACA	ok	True
chr15	48334466	48334467	+	0.159664	mod_ratio	244	A	GGACA	ok	True
chr15	48336070	48336071	+	0.230453	mod_ratio	246	A	AAACA	ok	True
chr15	48342092	48342093	+	0.284047	mod_ratio	262	A	GAACA	ok	True
chr15	48342177	48342178	+	0.502092	mod_ratio	241	A	AAACT	ok	True
chr15	48342254	48342255	+	0.225941	mod_ratio	241	A	AAACA	ok	True
chr15	48342293	48342294	+	0.102128	mod_ratio	239	A	AAACT	ok	True
chr15	48342353	48342354	+	0.675214	mod_ratio	236	A	AAACA	ok	True
chr15	48342531	48342532	+	0.483333	mod_ratio	62	A	GAACT	ok	True
chr15	48878765	48878766	+	0.806818	mod_ratio	91	A	AAACT	ok	True
chr15	48878979	48878980	+	0.638554	mod_ratio	83	A	AAACA	ok	True
chr15	48879098	48879099	+	0.522222	mod_ratio	90	A	AAACT	ok	True
chr15	48879161	48879162	+	0.247312	mod_ratio	93	A	GGACA	ok	True
chr15	48879185	48879186	+	0.505376	mod_ratio	95	A	GGACT	ok	True
chr15	48879285	48879286	+	0.29703	mod_ratio	104	A	AAACT	ok	True
chr15	48879691	48879692	+	0.427083	mod_ratio	96	A	AAACC	ok	True
chr15	52551714	52551715	-	0.931034	mod_ratio	32	T	AGTTT	ok	True
chr15	55181742	55181743	-	0.653061	mod_ratio	99	T	AGTTC	ok	True
chr15	55182093	55182094	-	0.643564	mod_ratio	103	T	AGTTC	ok	True
chr15	55185393	55185394	-	0.515152	mod_ratio	101	T	TGTTT	ok	True
chr15	59107393	59107394	+	0.378788	mod_ratio	66	A	GAACT	ok	True
chr15	59116842	59116843	+	0.516854	mod_ratio	93	A	AAACT	ok	True
chr15	59117238	59117239	+	0.319149	mod_ratio	95	A	GAACA	ok	True
chr15	59117355	59117356	+	0.712871	mod_ratio	101	A	GGACA	ok	True
chr15	59123517	59123518	+	0.39604	mod_ratio	101	A	GAACT	ok	True
chr15	59124988	59124989	+	0.258065	mod_ratio	99	A	AGACC	ok	True
chr15	59125001	59125002	+	0.408602	mod_ratio	93	A	AAACA	ok	True
chr15	59638883	59638884	-	0.369792	mod_ratio	216	T	AGTTT	ok	True
chr15	59638897	59638898	-	0.388889	mod_ratio	226	T	GGTTC	ok	True
chr15	59638921	59638922	-	0.323529	mod_ratio	238	T	TGTCC	ok	True
chr15	59638991	59638992	-	0.102459	mod_ratio	244	T	AGTTT	ok	True
chr15	59650684	59650685	-	0.204255	mod_ratio	239	T	TGTTC	ok	True
chr15	59657466	59657467	-	0.269036	mod_ratio	212	T	GGTTC	ok	True
chr15	60347351	60347352	-	0.374854	mod_ratio	1151	T	AGTTT	ok	True
chr15	60347363	60347364	-	0.255875	mod_ratio	1189	T	TGTTT	ok	True
chr15	60347393	60347394	-	0.339592	mod_ratio	1243	T	TGTTT	ok	True
chr15	60347431	60347432	-	0.146264	mod_ratio	1262	T	TGTTC	ok	True
chr15	60347684	60347685	-	0.104575	mod_ratio	1229	T	TGTCT	ok	True
chr15	60349138	60349139	-	0.151952	mod_ratio	1195	T	TGTCC	ok	True
chr15	60352442	60352443	-	0.143947	mod_ratio	1054	T	AGTTC	ok	True
chr15	60354174	60354175	-	0.146628	mod_ratio	1029	T	AGTTC	ok	True
chr15	60355961	60355962	-	0.100604	mod_ratio	1001	T	TGTCC	ok	True
chr15	60355973	60355974	-	0.360887	mod_ratio	999	T	TGTCC	ok	True
chr15	60355989	60355990	-	0.305414	mod_ratio	992	T	AGTCT	ok	True
chr15	60357216	60357217	-	0.143162	mod_ratio	946	T	AGTCC	ok	True
chr15	60357226	60357227	-	0.227328	mod_ratio	937	T	GGTTC	ok	True
chr15	60361051	60361052	-	0.359593	mod_ratio	795	T	AGTTC	ok	True
chr15	60382359	60382360	-	0.444904	mod_ratio	727	T	TGTTT	ok	True
chr15	63062581	63062582	+	0.343284	mod_ratio	69	A	AGACT	ok	True
chr15	63071161	63071162	+	0.529412	mod_ratio	69	A	AAACA	ok	True
chr15	63071225	63071226	+	0.9	mod_ratio	70	A	AAACA	ok	True
chr15	63071510	63071511	+	0.367816	mod_ratio	87	A	AAACA	ok	True
chr15	63071810	63071811	+	0.318182	mod_ratio	90	A	AGACA	ok	True
chr15	63071864	63071865	+	0.895349	mod_ratio	87	A	AAACA	ok	True
chr15	63154022	63154023	-	0.224256	mod_ratio	440	T	TGTTT	ok	True
chr15	64072719	64072720	-	0.116279	mod_ratio	259	T	TGTCT	ok	True
chr15	64072879	64072880	-	0.295833	mod_ratio	242	T	AGTTT	ok	True
chr15	64072939	64072940	-	0.10084	mod_ratio	241	T	GGTTC	ok	True
chr15	64072954	64072955	-	0.21519	mod_ratio	241	T	TGTTC	ok	True
chr15	64075512	64075513	-	0.208889	mod_ratio	228	T	GGTTC	ok	True
chr15	64081107	64081108	-	0.506173	mod_ratio	163	T	TGTTT	ok	True
chr15	64081131	64081132	-	0.265432	mod_ratio	164	T	AGTTT	ok	True
chr15	64088839	64088840	-	0.169082	mod_ratio	208	T	AGTTC	ok	True
chr15	64137719	64137720	+	0.647059	mod_ratio	51	A	GGACT	ok	True
chr15	64155886	64155887	-	0.333696	mod_ratio	946	T	AGTCC	ok	True
chr15	64156012	64156013	-	0.472709	mod_ratio	976	T	TGTCC	ok	True
chr15	64156071	64156072	-	0.114616	mod_ratio	957	T	AGTCT	ok	True
chr15	64156865	64156866	-	0.331347	mod_ratio	845	T	AGTTT	ok	True
chr15	64160129	64160130	-	0.193467	mod_ratio	813	T	AGTCT	ok	True
chr15	64365930	64365931	-	0.177606	mod_ratio	532	T	TGTTC	ok	True
chr15	64376880	64376881	-	0.145455	mod_ratio	445	T	GGTTC	ok	True
chr15	64381426	64381427	-	0.924138	mod_ratio	430	T	TGTTT	ok	True
chr15	64688518	64688519	-	0.611111	mod_ratio	54	T	TGTTT	ok	True
chr15	64703040	64703041	-	0.868421	mod_ratio	39	T	TGTTT	ok	True
chr15	64963200	64963201	-	0.347826	mod_ratio	69	T	TGTCC	ok	True
chr15	64963298	64963299	-	0.323944	mod_ratio	71	T	AGTCC	ok	True
chr15	64963487	64963488	-	0.57971	mod_ratio	70	T	AGTCC	ok	True
chr15	64969293	64969294	-	0.648148	mod_ratio	55	T	GGTTC	ok	True
chr15	64976493	64976494	-	0.630435	mod_ratio	50	T	GGTCT	ok	True
chr15	64980925	64980926	-	0.680851	mod_ratio	48	T	AGTTC	ok	True
chr15	65554953	65554954	+	0.351351	mod_ratio	75	A	AAACC	ok	True
chr15	65556749	65556750	+	0.464789	mod_ratio	71	A	AAACT	ok	True
chr15	65556769	65556770	+	0.521127	mod_ratio	71	A	AAACA	ok	True
chr15	65564285	65564286	+	0.329412	mod_ratio	85	A	AAACT	ok	True
chr15	65577435	65577436	+	0.892857	mod_ratio	28	A	AAACC	ok	True
chr15	65578020	65578021	+	0.555556	mod_ratio	53	A	AGACT	ok	True
chr15	65578959	65578960	-	0.662791	mod_ratio	86	T	TGTTT	ok	True
chr15	65877487	65877488	+	0.468085	mod_ratio	144	A	GGACA	ok	True
chr15	65877809	65877810	+	0.322148	mod_ratio	149	A	AAACA	ok	True
chr15	65879709	65879710	+	0.305389	mod_ratio	169	A	AGACT	ok	True
chr15	65887736	65887737	+	0.142045	mod_ratio	177	A	AGACA	ok	True
chr15	65887805	65887806	+	0.138122	mod_ratio	182	A	AAACA	ok	True
chr15	65888063	65888064	+	0.707317	mod_ratio	92	A	AAACT	ok	True
chr15	65888541	65888542	+	0.888889	mod_ratio	29	A	GAACT	ok	True
chr15	66491419	66491420	+	0.367647	mod_ratio	69	A	AAACA	ok	True
chr15	66493902	66493903	-	0.547619	mod_ratio	45	T	AGTTT	ok	True
chr15	66494005	66494006	-	0.519231	mod_ratio	52	T	TGTCC	ok	True
chr15	66494024	66494025	-	0.557692	mod_ratio	53	T	GGTTC	ok	True
chr15	66497710	66497711	-	0.55102	mod_ratio	53	T	AGTTC	ok	True
chr15	66499343	66499344	-	0.218679	mod_ratio	1873	T	GGTCT	ok	True
chr15	66499363	66499364	-	0.131383	mod_ratio	1934	T	TGTCC	ok	True
chr15	66499405	66499406	-	0.218941	mod_ratio	1974	T	AGTTT	ok	True
chr15	66499439	66499440	-	0.285574	mod_ratio	2041	T	GGTTT	ok	True
chr15	66499472	66499473	-	0.434358	mod_ratio	2064	T	GGTTT	ok	True
chr15	66500093	66500094	-	0.100974	mod_ratio	1969	T	GGTCT	ok	True
chr15	66500107	66500108	-	0.100515	mod_ratio	1957	T	GGTTT	ok	True
chr15	66500131	66500132	-	0.196281	mod_ratio	1951	T	AGTTT	ok	True
chr15	66500143	66500144	-	0.152577	mod_ratio	1950	T	GGTTC	ok	True
chr15	66501024	66501025	-	0.438165	mod_ratio	1809	T	AGTCC	ok	True
chr15	66501074	66501075	-	0.184361	mod_ratio	1765	T	TGTTC	ok	True
chr15	66501382	66501383	-	0.371728	mod_ratio	1733	T	TGTTT	ok	True
chr15	66501814	66501815	-	0.115288	mod_ratio	1605	T	AGTTT	ok	True
chr15	66501886	66501887	-	0.10495	mod_ratio	1554	T	AGTTC	ok	True
chr15	66502685	66502686	-	0.165944	mod_ratio	1640	T	TGTTC	ok	True
chr15	66502713	66502714	-	0.109259	mod_ratio	1631	T	GGTTT	ok	True
chr15	66503058	66503059	-	0.162516	mod_ratio	1614	T	CGTTT	ok	False
chr15	66503089	66503090	-	0.204517	mod_ratio	1607	T	AGTCC	ok	True
chr15	66503385	66503386	-	0.313658	mod_ratio	1488	T	TGTCT	ok	True
chr15	66503419	66503420	-	0.264296	mod_ratio	1446	T	AGTTC	ok	True
chr15	68779153	68779154	-	0.490566	mod_ratio	55	T	AGTTT	ok	True
chr15	68779363	68779364	-	0.480769	mod_ratio	52	T	TGTTT	ok	True
chr15	68779532	68779533	-	0.45098	mod_ratio	51	T	TGTCC	ok	True
chr15	68787529	68787530	-	0.413793	mod_ratio	62	T	AGTTC	ok	True
chr15	68787782	68787783	-	0.389831	mod_ratio	63	T	TGTTT	ok	True
chr15	68787874	68787875	-	0.5	mod_ratio	59	T	AGTTT	ok	True
chr15	69435553	69435554	+	0.83871	mod_ratio	31	A	GAACT	ok	True
chr15	69455222	69455223	+	0.302752	mod_ratio	10044	A	GGACC	ok	True
chr15	69455507	69455508	+	0.108249	mod_ratio	7725	A	AAACC	ok	True
chr15	72199044	72199045	-	0.456576	mod_ratio	1340	T	TGTTT	ok	True
chr15	72199129	72199130	-	0.603646	mod_ratio	1484	T	TGTTT	ok	True
chr15	72199277	72199278	-	0.446549	mod_ratio	1482	T	TGTTT	ok	True
chr15	72199305	72199306	-	0.433719	mod_ratio	1483	T	AGTCC	ok	True
chr15	72199467	72199468	-	0.175198	mod_ratio	1395	T	TGTCC	ok	True
chr15	72199499	72199500	-	0.175074	mod_ratio	1364	T	TGTTT	ok	True
chr15	72199531	72199532	-	0.249624	mod_ratio	1341	T	TGTCC	ok	True
chr15	72199569	72199570	-	0.117046	mod_ratio	1296	T	AGTTC	ok	True
chr15	72200490	72200491	-	0.138793	mod_ratio	1175	T	AGTTC	ok	True
chr15	72200502	72200503	-	0.13253	mod_ratio	1169	T	GGTCC	ok	True
chr15	72202569	72202570	-	0.104067	mod_ratio	860	T	AGTTC	ok	True
chr15	72206761	72206762	-	0.206642	mod_ratio	817	T	AGTCC	ok	True
chr15	72206774	72206775	-	0.405473	mod_ratio	815	T	TGTTT	ok	True
chr15	72208806	72208807	-	0.176587	mod_ratio	510	T	AGTCC	ok	True
chr15	72208827	72208828	-	0.565306	mod_ratio	495	T	GGTTC	ok	True
chr15	72209758	72209759	-	0.207127	mod_ratio	456	T	AGTCC	ok	True
chr15	72210363	72210364	-	0.5338	mod_ratio	434	T	AGTTC	ok	True
chr15	72210386	72210387	-	0.233796	mod_ratio	434	T	TGTCT	ok	True
chr15	72210465	72210466	-	0.190931	mod_ratio	423	T	GGTCT	ok	True
chr15	72217416	72217417	-	0.291169	mod_ratio	422	T	AGTTC	ok	True
chr15	72217430	72217431	-	0.196643	mod_ratio	426	T	AGTTC	ok	True
chr15	72218996	72218997	-	0.318408	mod_ratio	414	T	TGTCC	ok	True
chr15	73560315	73560316	-	0.435484	mod_ratio	66	T	GGTTC	ok	True
chr15	73560434	73560435	-	0.5	mod_ratio	63	T	TGTTC	ok	True
chr15	73560484	73560485	-	0.5	mod_ratio	61	T	AGTTT	ok	True
chr15	73561919	73561920	-	0.545455	mod_ratio	45	T	TGTTT	ok	True
chr15	74449351	74449352	-	0.774194	mod_ratio	62	T	TGTTC	ok	True
chr15	74450846	74450847	-	0.571429	mod_ratio	51	T	TGTCC	ok	True
chr15	74920397	74920398	-	0.289526	mod_ratio	1019	T	TGTTC	ok	True
chr15	74923655	74923656	-	0.111855	mod_ratio	1055	T	GGTTT	ok	True
chr15	74923677	74923678	-	0.162879	mod_ratio	1059	T	AGTTC	ok	True
chr15	74923716	74923717	-	0.346667	mod_ratio	1055	T	GGTCT	ok	True
chr15	74923722	74923723	-	0.266921	mod_ratio	1055	T	AGTTC	ok	True
chr15	74923758	74923759	-	0.146577	mod_ratio	1043	T	GGTCC	ok	True
chr15	74926880	74926881	-	0.711951	mod_ratio	984	T	TGTTT	ok	True
chr15	74929190	74929191	-	0.11099	mod_ratio	930	T	TGTCT	ok	True
chr15	75338407	75338408	+	0.271028	mod_ratio	114	A	GGACA	ok	True
chr15	75339078	75339079	+	0.2	mod_ratio	132	A	GAACT	ok	True
chr15	75339734	75339735	+	0.325397	mod_ratio	126	A	GGACT	ok	True
chr15	75339965	75339966	+	0.213333	mod_ratio	150	A	GAACT	ok	True
chr15	75340066	75340067	+	0.381579	mod_ratio	152	A	GAACT	ok	True
chr15	75340256	75340257	+	0.428571	mod_ratio	139	A	AAACA	ok	True
chr15	75598196	75598197	-	0.461538	mod_ratio	65	T	TGTTT	ok	True
chr15	75598385	75598386	-	0.460317	mod_ratio	64	T	GGTCT	ok	True
chr15	75598654	75598655	-	0.45283	mod_ratio	54	T	TGTTT	ok	True
chr15	75598672	75598673	-	0.45283	mod_ratio	53	T	AGTCC	ok	True
chr15	75605226	75605227	-	0.5	mod_ratio	53	T	AGTCT	ok	True
chr15	75607276	75607277	-	0.58	mod_ratio	50	T	GGTTT	ok	True
chr15	75617450	75617451	-	0.521739	mod_ratio	46	T	TGTCC	ok	True
chr15	75620995	75620996	-	0.648649	mod_ratio	39	T	TGTTC	ok	True
chr15	75639158	75639159	-	0.115	mod_ratio	203	T	AGTCT	ok	True
chr15	75639168	75639169	-	0.465347	mod_ratio	205	T	AGTTT	ok	True
chr15	75639259	75639260	-	0.221675	mod_ratio	206	T	AGTCC	ok	True
chr15	75639305	75639306	-	0.20398	mod_ratio	206	T	AGTTT	ok	True
chr15	75639383	75639384	-	0.19403	mod_ratio	206	T	TGTTT	ok	True
chr15	75639416	75639417	-	0.318182	mod_ratio	200	T	AGTCC	ok	True
chr15	75639570	75639571	-	0.202247	mod_ratio	182	T	AGTTT	ok	True
chr15	75639683	75639684	-	0.1875	mod_ratio	161	T	AGTCC	ok	True
chr15	75640109	75640110	-	0.452174	mod_ratio	118	T	AGTTC	ok	True
chr15	75640118	75640119	-	0.391304	mod_ratio	118	T	AGTCC	ok	True
chr15	75914132	75914133	+	0.522727	mod_ratio	45	A	AAACA	ok	True
chr15	75933004	75933005	+	0.469697	mod_ratio	66	A	GAACT	ok	True
chr15	76216349	76216350	-	0.143369	mod_ratio	285	T	AGTTC	ok	True
chr15	76216364	76216365	-	0.239437	mod_ratio	289	T	TGTTT	ok	True
chr15	76216532	76216533	-	0.16041	mod_ratio	297	T	AGTTT	ok	True
chr15	76231339	76231340	-	0.192029	mod_ratio	280	T	TGTCT	ok	True
chr15	76274435	76274436	-	0.214286	mod_ratio	274	T	TGTCC	ok	True
chr15	76286421	76286422	-	0.130435	mod_ratio	233	T	TGTTC	ok	True
chr15	76287918	76287919	-	0.326923	mod_ratio	209	T	AGTTT	ok	True
chr15	76287943	76287944	-	0.293269	mod_ratio	209	T	GGTTC	ok	True
chr15	76292508	76292509	-	0.323077	mod_ratio	201	T	AGTTC	ok	True
chr15	76295604	76295605	-	0.234177	mod_ratio	159	T	GGTTC	ok	True
chr15	76932383	76932384	+	0.319328	mod_ratio	120	A	AAACT	ok	True
chr15	76932442	76932443	+	0.338983	mod_ratio	121	A	GGACT	ok	True
chr15	76949383	76949384	+	0.216783	mod_ratio	144	A	AAACA	ok	True
chr15	76949624	76949625	+	0.504587	mod_ratio	109	A	GAACT	ok	True
chr15	76949633	76949634	+	0.440367	mod_ratio	111	A	GGACA	ok	True
chr15	76949696	76949697	+	0.294643	mod_ratio	112	A	AGACC	ok	True
chr15	76949860	76949861	+	0.232143	mod_ratio	112	A	AAACC	ok	True
chr15	77046045	77046046	-	0.374269	mod_ratio	188	T	AGTTT	ok	True
chr15	77046105	77046106	-	0.138462	mod_ratio	196	T	AGTCT	ok	True
chr15	77046253	77046254	-	0.175258	mod_ratio	197	T	AGTTT	ok	True
chr15	77046266	77046267	-	0.28866	mod_ratio	195	T	AGTCT	ok	True
chr15	77046509	77046510	-	0.497354	mod_ratio	191	T	AGTCC	ok	True
chr15	77046547	77046548	-	0.15873	mod_ratio	190	T	TGTCC	ok	True
chr15	77046587	77046588	-	0.160428	mod_ratio	188	T	GGTTC	ok	True
chr15	77052861	77052862	-	0.15	mod_ratio	164	T	GGTTT	ok	True
chr15	77054224	77054225	-	0.195946	mod_ratio	148	T	GGTTC	ok	True
chr15	77056072	77056073	-	0.296296	mod_ratio	136	T	AGTCC	ok	True
chr15	77070923	77070924	-	0.194915	mod_ratio	119	T	GGTCT	ok	True
chr15	78169045	78169046	+	0.533333	mod_ratio	61	A	GGACA	ok	True
chr15	78169056	78169057	+	0.557377	mod_ratio	61	A	GAACC	ok	True
chr15	78169252	78169253	+	0.648148	mod_ratio	56	A	AAACT	ok	True
chr15	78170252	78170253	+	0.617021	mod_ratio	47	A	GAACA	ok	True
chr15	78283430	78283431	-	0.433333	mod_ratio	212	T	TGTTT	ok	True
chr15	78288342	78288343	-	0.731343	mod_ratio	201	T	AGTCC	ok	True
chr15	78289637	78289638	-	0.142857	mod_ratio	199	T	AGTTT	ok	True
chr15	78289984	78289985	-	0.206349	mod_ratio	189	T	TGTCC	ok	True
chr15	78290026	78290027	-	0.122995	mod_ratio	188	T	TGTTC	ok	True
chr15	78290045	78290046	-	0.617486	mod_ratio	187	T	AGTTC	ok	True
chr15	78292643	78292644	-	0.24581	mod_ratio	179	T	TGTTT	ok	True
chr15	78292748	78292749	-	0.264368	mod_ratio	176	T	TGTCC	ok	True
chr15	78294955	78294956	-	0.18125	mod_ratio	161	T	TGTTT	ok	True
chr15	78540509	78540510	+	0.118721	mod_ratio	224	A	GGACA	ok	True
chr15	78541906	78541907	+	0.566524	mod_ratio	242	A	GAACT	ok	True
chr15	78542197	78542198	+	0.163265	mod_ratio	249	A	GGACC	ok	True
chr15	78542636	78542637	+	0.608	mod_ratio	253	A	AAACT	ok	True
chr15	78544246	78544247	+	0.223443	mod_ratio	278	A	GAACT	ok	True
chr15	78546594	78546595	+	0.139211	mod_ratio	436	A	AAACA	ok	True
chr15	78546664	78546665	+	0.184332	mod_ratio	439	A	AGACC	ok	True
chr15	78546681	78546682	+	0.382151	mod_ratio	442	A	AAACT	ok	True
chr15	78548824	78548825	+	0.12844	mod_ratio	442	A	AGACA	ok	True
chr15	78548844	78548845	+	0.632184	mod_ratio	441	A	AAACA	ok	True
chr15	78548874	78548875	+	0.331787	mod_ratio	441	A	AAACA	ok	True
chr15	78548922	78548923	+	0.10049	mod_ratio	428	A	GAACA	ok	True
chr15	78549054	78549055	+	0.41133	mod_ratio	411	A	GGACA	ok	True
chr15	78880537	78880538	+	0.28	mod_ratio	101	A	AAACA	ok	True
chr15	78886184	78886185	+	0.626168	mod_ratio	108	A	GGACA	ok	True
chr15	78891006	78891007	+	0.217391	mod_ratio	140	A	AAACA	ok	True
chr15	78891013	78891014	+	0.333333	mod_ratio	139	A	AAAGT	ok	False
chr15	78892217	78892218	+	0.496689	mod_ratio	152	A	AAACA	ok	True
chr15	78892227	78892228	+	0.203947	mod_ratio	155	A	GAACA	ok	True
chr15	78893614	78893615	+	0.488764	mod_ratio	180	A	AAACA	ok	True
chr15	78894144	78894145	+	0.351064	mod_ratio	189	A	AGACC	ok	True
chr15	78897104	78897105	+	0.909524	mod_ratio	214	A	AAACA	ok	True
chr15	78897199	78897200	+	0.297674	mod_ratio	227	A	AAACA	ok	True
chr15	78897291	78897292	+	0.184211	mod_ratio	159	A	GGACA	ok	True
chr15	79322521	79322522	+	0.33945	mod_ratio	110	A	GAACT	ok	True
chr15	79322674	79322675	+	0.5	mod_ratio	110	A	AAACC	ok	True
chr15	79322798	79322799	+	0.29703	mod_ratio	106	A	AAACT	ok	True
chr15	79322808	79322809	+	0.319588	mod_ratio	104	A	AAACT	ok	True
chr15	79322824	79322825	+	0.424658	mod_ratio	95	A	AAACT	ok	True
chr15	79889262	79889263	-	0.410714	mod_ratio	56	T	TGTCC	ok	True
chr15	80137825	80137826	+	0.448276	mod_ratio	61	A	AAACT	ok	True
chr15	80137934	80137935	+	0.446154	mod_ratio	69	A	AAACA	ok	True
chr15	80138206	80138207	+	0.53125	mod_ratio	66	A	AAACT	ok	True
chr15	82372332	82372333	-	0.282493	mod_ratio	1545	T	AGTTC	ok	True
chr15	82372382	82372383	-	0.120426	mod_ratio	1545	T	TGTTT	ok	True
chr15	82372690	82372691	-	0.188692	mod_ratio	1487	T	AGTTC	ok	True
chr15	82372778	82372779	-	0.110719	mod_ratio	1430	T	AGTCC	ok	True
chr15	82372791	82372792	-	0.145789	mod_ratio	1430	T	GGTTC	ok	True
chr15	82372863	82372864	-	0.11922	mod_ratio	1400	T	AGTCT	ok	True
chr15	82536879	82536880	-	0.124305	mod_ratio	3962	T	AGTCC	ok	True
chr15	82540113	82540114	-	0.154176	mod_ratio	3603	T	GGTTT	ok	True
chr15	82987341	82987342	+	0.757576	mod_ratio	34	A	AAACA	ok	True
chr15	83005310	83005311	-	0.761905	mod_ratio	47	T	AGTTT	ok	True
chr15	83016526	83016527	-	0.571429	mod_ratio	42	T	AGTTT	ok	True
chr15	83016652	83016653	-	0.714286	mod_ratio	56	T	TGTTT	ok	True
chr15	83016716	83016717	-	0.581818	mod_ratio	55	T	GGTTT	ok	True
chr15	83017258	83017259	-	0.729167	mod_ratio	49	T	TGTTC	ok	True
chr15	84643640	84643641	-	0.525424	mod_ratio	59	T	GGTTC	ok	True
chr15	84669819	84669820	-	0.210046	mod_ratio	222	T	AGTCC	ok	True
chr15	84680756	84680757	-	0.233533	mod_ratio	167	T	TGTCC	ok	True
chr15	84680762	84680763	-	0.281437	mod_ratio	167	T	TGTTT	ok	True
chr15	88459555	88459556	-	0.401869	mod_ratio	108	T	TGTCC	ok	True
chr15	88464732	88464733	-	0.230769	mod_ratio	104	T	TGTTC	ok	True
chr15	88464824	88464825	-	0.284314	mod_ratio	103	T	GGTTC	ok	True
chr15	88464852	88464853	-	0.336634	mod_ratio	101	T	TGTTC	ok	True
chr15	88465744	88465745	-	0.505155	mod_ratio	97	T	GGTCT	ok	True
chr15	88467991	88467992	+	0.302817	mod_ratio	142	A	GAACA	ok	True
chr15	88476996	88476997	+	0.30719	mod_ratio	156	A	AAACA	ok	True
chr15	90230444	90230445	-	0.265306	mod_ratio	246	T	GGTTC	ok	True
chr15	90230988	90230989	-	0.330435	mod_ratio	233	T	GGTTC	ok	True
chr15	90231137	90231138	-	0.225225	mod_ratio	224	T	TGTCC	ok	True
chr15	90231161	90231162	-	0.277273	mod_ratio	222	T	AGTTC	ok	True
chr15	90231188	90231189	-	0.148148	mod_ratio	217	T	TGTTC	ok	True
chr15	90231195	90231196	-	0.291667	mod_ratio	218	T	GGTTC	ok	True
chr15	90231433	90231434	-	0.275	mod_ratio	207	T	AGTCC	ok	True
chr15	90266305	90266306	+	0.415584	mod_ratio	77	A	AAACA	ok	True
chr15	90271768	90271769	+	0.255639	mod_ratio	134	A	GAACT	ok	True
chr15	90271821	90271822	+	0.647059	mod_ratio	137	A	AAACA	ok	True
chr15	90271852	90271853	+	0.510791	mod_ratio	142	A	GAACA	ok	True
chr15	90271948	90271949	+	0.547945	mod_ratio	147	A	AAACT	ok	True
chr15	90272157	90272158	+	0.293651	mod_ratio	131	A	GGACA	ok	True
chr15	90501340	90501341	+	0.764706	mod_ratio	51	A	AAACA	ok	True
chr15	90961925	90961926	+	0.888889	mod_ratio	45	A	AAACA	ok	True
chr15	101272217	101272218	-	0.525424	mod_ratio	73	T	TGTTT	ok	True
chr15	101272236	101272237	-	0.391892	mod_ratio	76	T	AGTCC	ok	True
chr15	101274487	101274488	-	0.630137	mod_ratio	75	T	TGTCT	ok	True
chr15	101275257	101275258	-	0.511628	mod_ratio	89	T	TGTTT	ok	True
chr15	101275263	101275264	-	0.287356	mod_ratio	96	T	AGTTT	ok	True
chr15	101276560	101276561	-	0.571429	mod_ratio	105	T	GGTCC	ok	True
chr15	101277371	101277372	-	0.454545	mod_ratio	101	T	GGTCT	ok	True
chr15	101281530	101281531	-	0.324675	mod_ratio	296	T	AGTTT	ok	True
chr15	101281601	101281602	-	0.10479	mod_ratio	344	T	AGTCT	ok	True
chr15	101281667	101281668	-	0.136232	mod_ratio	349	T	TGTTC	ok	True
chr15	101286913	101286914	-	0.240909	mod_ratio	220	T	AGTTT	ok	True
chr15	101291964	101291965	-	0.402913	mod_ratio	206	T	AGTTC	ok	True
chr15	101293052	101293053	-	0.343434	mod_ratio	198	T	TGTTT	ok	True
chr15	101293059	101293060	-	0.217172	mod_ratio	198	T	AGTCT	ok	True
chr15	101293086	101293087	-	0.167513	mod_ratio	198	T	AGTTT	ok	True
chr15	101293129	101293130	-	0.580311	mod_ratio	193	T	GGTCT	ok	True
chr15	101295104	101295105	-	0.155914	mod_ratio	188	T	GGTCC	ok	True
chr1	944244	944245	-	0.410959	mod_ratio	86	T	GGTTT	ok	True
chr1	944431	944432	-	0.405063	mod_ratio	91	T	GGTCT	ok	True
chr1	945558	945559	-	0.723404	mod_ratio	47	T	TGTTC	ok	True
chr1	1014219	1014220	+	0.458333	mod_ratio	73	A	GAACC	ok	True
chr1	1217178	1217179	-	0.431034	mod_ratio	58	T	GGTTC	ok	True
chr1	1311065	1311066	+	0.658537	mod_ratio	41	A	GAACC	ok	True
chr1	1311562	1311563	+	0.545455	mod_ratio	44	A	GGACA	ok	True
chr1	1373829	1373830	-	0.187793	mod_ratio	217	T	GGTCT	ok	True
chr1	1374081	1374082	-	0.274882	mod_ratio	212	T	GGTTC	ok	True
chr1	1374226	1374227	-	0.119792	mod_ratio	194	T	GGTCC	ok	True
chr1	1374239	1374240	-	0.216931	mod_ratio	194	T	AGTCT	ok	True
chr1	1401992	1401993	-	0.14	mod_ratio	215	T	TGTCT	ok	True
chr1	1402051	1402052	-	0.216981	mod_ratio	215	T	TGTCT	ok	True
chr1	1402079	1402080	-	0.203704	mod_ratio	221	T	AGTCC	ok	True
chr1	1405844	1405845	-	0.384259	mod_ratio	219	T	AGTCC	ok	True
chr1	1541687	1541688	-	0.513514	mod_ratio	96	T	TGTTT	ok	True
chr1	1574594	1574595	-	0.489362	mod_ratio	57	T	GGTTC	ok	True
chr1	2400881	2400882	+	0.362069	mod_ratio	117	A	AAACA	ok	True
chr1	2403131	2403132	+	0.51938	mod_ratio	129	A	GGACT	ok	True
chr1	6186435	6186436	-	0.522936	mod_ratio	110	T	AGTTC	ok	True
chr1	6186576	6186577	-	0.234234	mod_ratio	113	T	TGTTC	ok	True
chr1	6186620	6186621	-	0.205128	mod_ratio	780	T	GGTTC	ok	True
chr1	6186628	6186629	-	0.121993	mod_ratio	934	T	AGTTT	ok	True
chr1	6193007	6193008	-	0.391552	mod_ratio	1246	T	GGTTC	ok	True
chr1	6634523	6634524	-	0.638889	mod_ratio	38	T	TGTCT	ok	True
chr1	6820207	6820208	+	0.23301	mod_ratio	106	A	GAACT	ok	True
chr1	6825103	6825104	+	0.4375	mod_ratio	146	A	GAACA	ok	True
chr1	7962770	7962771	+	0.539595	mod_ratio	588	A	AAACA	ok	True
chr1	7970930	7970931	+	0.222689	mod_ratio	720	A	AAACC	ok	True
chr1	7984961	7984962	+	0.14941	mod_ratio	775	A	GGACC	ok	True
chr1	7985062	7985063	+	0.393359	mod_ratio	786	A	GAACT	ok	True
chr1	7985084	7985085	+	0.314578	mod_ratio	793	A	AAACA	ok	True
chr1	7985124	7985125	+	0.428937	mod_ratio	787	A	AAACA	ok	True
chr1	7985129	7985130	+	0.116517	mod_ratio	787	A	AAACA	ok	True
chr1	7985262	7985263	+	0.393526	mod_ratio	692	A	AAACA	ok	True
chr1	8861384	8861385	-	0.257236	mod_ratio	2493	T	AGTTC	ok	True
chr1	8863284	8863285	-	0.341989	mod_ratio	2327	T	AGTCT	ok	True
chr1	8865292	8865293	-	0.300213	mod_ratio	1893	T	AGTCC	ok	True
chr1	8865370	8865371	-	0.153297	mod_ratio	1835	T	AGTCC	ok	True
chr1	8867999	8868000	-	0.169361	mod_ratio	1326	T	TGTTC	ok	True
chr1	8868021	8868022	-	0.450039	mod_ratio	1301	T	AGTTT	ok	True
chr1	8868054	8868055	-	0.2472	mod_ratio	1256	T	AGTTT	ok	True
chr1	8870477	8870478	-	0.133826	mod_ratio	1231	T	AGTTT	ok	True
chr1	8871908	8871909	-	0.13709	mod_ratio	1198	T	AGTCT	ok	True
chr1	8871919	8871920	-	0.160609	mod_ratio	1198	T	TGTCC	ok	True
chr1	8878591	8878592	-	0.202097	mod_ratio	1061	T	GGTCT	ok	True
chr1	10413150	10413151	+	0.790323	mod_ratio	64	A	AAACA	ok	True
chr1	10417106	10417107	+	0.298701	mod_ratio	78	A	GGACA	ok	True
chr1	10418917	10418918	+	0.370787	mod_ratio	91	A	AAACT	ok	True
chr1	10419790	10419791	+	0.264706	mod_ratio	104	A	GGACA	ok	True
chr1	10419947	10419948	+	0.305085	mod_ratio	120	A	GGACT	ok	True
chr1	10419983	10419984	+	0.279661	mod_ratio	120	A	GAACC	ok	True
chr1	10420081	10420082	+	0.378151	mod_ratio	122	A	GAACC	ok	True
chr1	10440359	10440360	+	0.55102	mod_ratio	49	A	GAACC	ok	True
chr1	10463019	10463020	-	0.479167	mod_ratio	48	T	TGTCC	ok	True
chr1	10463581	10463582	-	0.352941	mod_ratio	71	T	AGTTC	ok	True
chr1	10467284	10467285	-	0.558824	mod_ratio	69	T	TGTTT	ok	True
chr1	11023408	11023409	+	0.441176	mod_ratio	68	A	GAACC	ok	True
chr1	11023814	11023815	+	0.266667	mod_ratio	91	A	GAACT	ok	True
chr1	11675091	11675092	-	0.378788	mod_ratio	66	T	TGTCC	ok	True
chr1	17018864	17018865	-	0.13125	mod_ratio	325	T	TGTTT	ok	True
chr1	17022629	17022630	-	0.21194	mod_ratio	339	T	AGTTC	ok	True
chr1	17022665	17022666	-	0.2	mod_ratio	341	T	GGTCC	ok	True
chr1	17024003	17024004	-	0.437888	mod_ratio	326	T	TGTCT	ok	True
chr1	17044795	17044796	-	0.503731	mod_ratio	268	T	GGTTT	ok	True
chr1	17044799	17044800	-	0.108209	mod_ratio	268	T	TGTCT	ok	True
chr1	17044869	17044870	-	0.167315	mod_ratio	258	T	TGTCT	ok	True
chr1	19254795	19254796	+	0.364865	mod_ratio	75	A	AAACT	ok	True
chr1	19254821	19254822	+	0.36	mod_ratio	76	A	AAACA	ok	True
chr1	19255963	19255964	+	0.306667	mod_ratio	77	A	GGACA	ok	True
chr1	19256008	19256009	+	0.373333	mod_ratio	78	A	GAACA	ok	True
chr1	19258810	19258811	+	0.238095	mod_ratio	107	A	AGACT	ok	True
chr1	19258842	19258843	+	0.349057	mod_ratio	108	A	GGACT	ok	True
chr1	19307054	19307055	-	0.567901	mod_ratio	83	T	TGTTT	ok	True
chr1	19307344	19307345	-	0.307692	mod_ratio	80	T	AGTCC	ok	True
chr1	19311914	19311915	-	0.474576	mod_ratio	60	T	AGTTC	ok	True
chr1	19339146	19339147	-	0.626667	mod_ratio	86	T	AGTTC	ok	True
chr1	19385513	19385514	-	0.554054	mod_ratio	74	T	AGTCC	ok	True
chr1	19597043	19597044	+	0.316294	mod_ratio	352	A	GAACA	ok	True
chr1	19597076	19597077	+	0.182065	mod_ratio	375	A	GGACC	ok	True
chr1	19626413	19626414	+	0.125307	mod_ratio	409	A	GAACA	ok	True
chr1	19626521	19626522	+	0.13198	mod_ratio	398	A	AAACT	ok	True
chr1	19626616	19626617	+	0.710843	mod_ratio	358	A	AAACA	ok	True
chr1	20618639	20618640	+	0.244898	mod_ratio	100	A	GGACA	ok	True
chr1	20618883	20618884	+	0.615385	mod_ratio	78	A	AAACA	ok	True
chr1	22078526	22078527	+	0.419355	mod_ratio	94	A	AAACA	ok	True
chr1	22081762	22081763	+	0.458333	mod_ratio	98	A	GAACC	ok	True
chr1	22086778	22086779	+	0.232323	mod_ratio	101	A	AAACA	ok	True
chr1	22091584	22091585	+	0.419753	mod_ratio	87	A	AAACT	ok	True
chr1	23310260	23310261	-	0.372549	mod_ratio	104	T	TGTCC	ok	True
chr1	23311220	23311221	-	0.410714	mod_ratio	57	T	TGTCT	ok	True
chr1	23321633	23321634	-	0.888889	mod_ratio	46	T	TGTTT	ok	True
chr1	23557979	23557980	-	0.219298	mod_ratio	708	T	AGTTT	ok	True
chr1	23558056	23558057	-	0.284326	mod_ratio	827	T	AGTTC	ok	True
chr1	23558128	23558129	-	0.176009	mod_ratio	892	T	AGTTT	ok	True
chr1	23558257	23558258	-	0.340474	mod_ratio	888	T	AGTTC	ok	True
chr1	23558286	23558287	-	0.235429	mod_ratio	881	T	GGTTT	ok	True
chr1	23558374	23558375	-	0.251179	mod_ratio	855	T	GGTTC	ok	True
chr1	23558998	23558999	-	0.137626	mod_ratio	809	T	AGTTC	ok	True
chr1	23559267	23559268	-	0.154286	mod_ratio	708	T	AGTTC	ok	True
chr1	23559292	23559293	-	0.35044	mod_ratio	686	T	GGTTC	ok	True
chr1	23559477	23559478	-	0.141509	mod_ratio	550	T	AGTCC	ok	True
chr1	23692643	23692644	+	0.228942	mod_ratio	2334	A	GAACT	ok	True
chr1	23692658	23692659	+	0.109918	mod_ratio	2346	A	AAACT	ok	True
chr1	23692693	23692694	+	0.111393	mod_ratio	2389	A	AGACA	ok	True
chr1	23692697	23692698	+	0.181818	mod_ratio	2391	A	AGACT	ok	True
chr1	23694684	23694685	+	0.118557	mod_ratio	2542	A	AAACA	ok	True
chr1	23694705	23694706	+	0.123671	mod_ratio	2563	A	AAACT	ok	True
chr1	23694727	23694728	+	0.145035	mod_ratio	2572	A	GAACA	ok	True
chr1	23694780	23694781	+	0.135083	mod_ratio	2608	A	GGACT	ok	True
chr1	23695842	23695843	+	0.148968	mod_ratio	2728	A	GGACA	ok	True
chr1	23695862	23695863	+	0.423685	mod_ratio	2728	A	AAACA	ok	True
chr1	23962274	23962275	+	0.878788	mod_ratio	33	A	AAACA	ok	True
chr1	23966683	23966684	-	0.618182	mod_ratio	56	T	TGTTT	ok	True
chr1	23971607	23971608	-	0.361111	mod_ratio	74	T	GGTCT	ok	True
chr1	23971619	23971620	-	0.763889	mod_ratio	74	T	GGTCT	ok	True
chr1	24646030	24646031	+	0.690909	mod_ratio	56	A	AAACT	ok	True
chr1	25360860	25360861	+	0.333333	mod_ratio	72	A	AAACA	ok	True
chr1	25900582	25900583	-	0.226562	mod_ratio	160	T	AGTTT	ok	True
chr1	25900670	25900671	-	0.180851	mod_ratio	290	T	AGTTC	ok	True
chr1	25900708	25900709	-	0.19863	mod_ratio	294	T	TGTTT	ok	True
chr1	25900839	25900840	-	0.342657	mod_ratio	289	T	AGTTT	ok	True
chr1	25900875	25900876	-	0.185965	mod_ratio	289	T	AGTCT	ok	True
chr1	25900964	25900965	-	0.134831	mod_ratio	272	T	AGTCT	ok	True
chr1	25901002	25901003	-	0.162264	mod_ratio	269	T	AGTTC	ok	True
chr1	25901029	25901030	-	0.382239	mod_ratio	267	T	AGTCT	ok	True
chr1	25901511	25901512	-	0.117409	mod_ratio	251	T	AGTTT	ok	True
chr1	25901536	25901537	-	0.151639	mod_ratio	246	T	GGTTC	ok	True
chr1	25901568	25901569	-	0.50211	mod_ratio	243	T	AGTTT	ok	True
chr1	25901599	25901600	-	0.159292	mod_ratio	229	T	TGTTC	ok	True
chr1	25906396	25906397	-	0.301205	mod_ratio	169	T	AGTCC	ok	True
chr1	26281091	26281092	+	0.354167	mod_ratio	98	A	AAACA	ok	True
chr1	26281152	26281153	+	0.55	mod_ratio	103	A	GGACT	ok	True
chr1	26472540	26472541	+	0.504902	mod_ratio	205	A	GGACC	ok	True
chr1	26473526	26473527	+	0.378855	mod_ratio	228	A	GAAGT	ok	False
chr1	26474658	26474659	+	0.116183	mod_ratio	242	A	AAACA	ok	True
chr1	26475286	26475287	+	0.151724	mod_ratio	294	A	GAACA	ok	True
chr1	26475364	26475365	+	0.432258	mod_ratio	311	A	AAACA	ok	True
chr1	26475523	26475524	+	0.164087	mod_ratio	326	A	AGACT	ok	True
chr1	26475556	26475557	+	0.109325	mod_ratio	325	A	AGACC	ok	True
chr1	26475600	26475601	+	0.117834	mod_ratio	314	A	GGACT	ok	True
chr1	26475737	26475738	+	0.282609	mod_ratio	323	A	AAACA	ok	True
chr1	26475775	26475776	+	0.354938	mod_ratio	324	A	AAACT	ok	True
chr1	26574636	26574637	+	0.965517	mod_ratio	29	A	AGACA	ok	True
chr1	26574737	26574738	+	0.370968	mod_ratio	67	A	GAACC	ok	True
chr1	26574942	26574943	+	0.422535	mod_ratio	73	A	GGACA	ok	True
chr1	26941566	26941567	+	0.40708	mod_ratio	114	A	AGACT	ok	True
chr1	26941591	26941592	+	0.289474	mod_ratio	115	A	AGACC	ok	True
chr1	26942693	26942694	+	0.25	mod_ratio	125	A	GGACA	ok	True
chr1	26942703	26942704	+	0.354839	mod_ratio	127	A	AAACT	ok	True
chr1	26942732	26942733	+	0.255814	mod_ratio	133	A	AGACC	ok	True
chr1	26942752	26942753	+	0.181818	mod_ratio	135	A	GGACC	ok	True
chr1	26942758	26942759	+	0.219697	mod_ratio	135	A	AGACC	ok	True
chr1	26942774	26942775	+	0.212121	mod_ratio	132	A	GGACG	ok	False
chr1	26942892	26942893	+	0.281481	mod_ratio	139	A	GAACT	ok	True
chr1	26942913	26942914	+	0.189781	mod_ratio	140	A	GGACA	ok	True
chr1	26942925	26942926	+	0.262774	mod_ratio	140	A	GGACA	ok	True
chr1	26945574	26945575	+	0.2125	mod_ratio	163	A	AGACC	ok	True
chr1	26945580	26945581	+	0.161491	mod_ratio	164	A	GGACA	ok	True
chr1	26945588	26945589	+	0.42236	mod_ratio	164	A	AGACT	ok	True
chr1	26945659	26945660	+	0.411765	mod_ratio	174	A	GAACA	ok	True
chr1	26945668	26945669	+	0.263158	mod_ratio	174	A	AAACA	ok	True
chr1	26946202	26946203	+	0.236364	mod_ratio	168	A	GAACT	ok	True
chr1	26946255	26946256	+	0.181818	mod_ratio	169	A	GGACT	ok	True
chr1	26946289	26946290	+	0.268293	mod_ratio	168	A	GGACT	ok	True
chr1	26946342	26946343	+	0.179487	mod_ratio	162	A	GGACC	ok	True
chr1	27892018	27892019	-	0.338028	mod_ratio	71	T	AGTTT	ok	True
chr1	27894034	27894035	-	0.811594	mod_ratio	69	T	TGTTT	ok	True
chr1	28200664	28200665	-	0.268456	mod_ratio	151	T	GGTTT	ok	True
chr1	28200857	28200858	-	0.326389	mod_ratio	146	T	TGTCT	ok	True
chr1	28200894	28200895	-	0.163265	mod_ratio	151	T	TGTTT	ok	True
chr1	28200929	28200930	-	0.192053	mod_ratio	152	T	AGTTT	ok	True
chr1	28201187	28201188	-	0.276923	mod_ratio	131	T	AGTCC	ok	True
chr1	28201223	28201224	-	0.367188	mod_ratio	129	T	GGTTC	ok	True
chr1	28201280	28201281	-	0.48062	mod_ratio	130	T	GGTCT	ok	True
chr1	28203753	28203754	-	0.192	mod_ratio	125	T	AGTTT	ok	True
chr1	28205316	28205317	-	0.294643	mod_ratio	112	T	AGTTT	ok	True
chr1	28205328	28205329	-	0.330189	mod_ratio	112	T	TGTTT	ok	True
chr1	28205343	28205344	-	0.365385	mod_ratio	107	T	TGTTT	ok	True
chr1	28208395	28208396	-	0.245098	mod_ratio	102	T	TGTTT	ok	True
chr1	28229000	28229001	-	0.257732	mod_ratio	98	T	AGTCT	ok	True
chr1	28236237	28236238	+	0.22508	mod_ratio	314	A	GGACC	ok	True
chr1	28237872	28237873	+	0.4081	mod_ratio	330	A	AAACA	ok	True
chr1	28237965	28237966	+	0.283951	mod_ratio	324	A	AAACA	ok	True
chr1	28508909	28508910	+	0.462687	mod_ratio	68	A	AAACT	ok	True
chr1	28538780	28538781	+	0.719298	mod_ratio	58	A	AAACA	ok	True
chr1	28538784	28538785	+	0.473684	mod_ratio	58	A	AAACT	ok	True
chr1	28538867	28538868	+	0.627119	mod_ratio	60	A	AAACA	ok	True
chr1	31310119	31310120	+	0.477612	mod_ratio	68	A	AGACC	ok	True
chr1	31310129	31310130	+	0.343284	mod_ratio	68	A	AAACT	ok	True
chr1	31337188	31337189	+	0.558824	mod_ratio	69	A	GAACT	ok	True
chr1	31348866	31348867	+	0.434211	mod_ratio	78	A	GGACT	ok	True
chr1	31630540	31630541	-	0.289157	mod_ratio	83	T	TGTCC	ok	True
chr1	32222601	32222602	+	0.148936	mod_ratio	189	A	AGACC	ok	True
chr1	32224412	32224413	+	0.226131	mod_ratio	199	A	GGACA	ok	True
chr1	32224471	32224472	+	0.148515	mod_ratio	202	A	AAACA	ok	True
chr1	32226193	32226194	+	0.205882	mod_ratio	205	A	AGACC	ok	True
chr1	32226257	32226258	+	0.111111	mod_ratio	209	A	GGACA	ok	True
chr1	32228565	32228566	+	0.168627	mod_ratio	257	A	GGACA	ok	True
chr1	32228595	32228596	+	0.207692	mod_ratio	263	A	GGACA	ok	True
chr1	32228759	32228760	+	0.113208	mod_ratio	270	A	AGACT	ok	True
chr1	32231291	32231292	+	0.250774	mod_ratio	324	A	AGACC	ok	True
chr1	32231314	32231315	+	0.100313	mod_ratio	321	A	AAACC	ok	True
chr1	32231411	32231412	+	0.177019	mod_ratio	322	A	GAACC	ok	True
chr1	32231556	32231557	+	0.236111	mod_ratio	290	A	GAACT	ok	True
chr1	32302645	32302646	+	0.914286	mod_ratio	35	A	GGACA	ok	True
chr1	32332202	32332203	+	0.227273	mod_ratio	118	A	AAACA	ok	True
chr1	32333176	32333177	+	0.366197	mod_ratio	145	A	AAACC	ok	True
chr1	32333501	32333502	+	0.184713	mod_ratio	158	A	AAACA	ok	True
chr1	32621944	32621945	-	0.529412	mod_ratio	51	T	TGTTC	ok	True
chr1	32672505	32672506	+	0.622222	mod_ratio	45	A	AGACT	ok	True
chr1	32679692	32679693	+	0.846154	mod_ratio	40	A	GGACA	ok	True
chr1	32680203	32680204	+	0.615385	mod_ratio	40	A	AGACC	ok	True
chr1	32680384	32680385	+	0.5625	mod_ratio	53	A	GGACC	ok	True
chr1	32775865	32775866	-	0.261364	mod_ratio	89	T	AGTCC	ok	True
chr1	32775886	32775887	-	0.402299	mod_ratio	88	T	TGTCC	ok	True
chr1	32779498	32779499	-	0.389831	mod_ratio	60	T	GGTTC	ok	True
chr1	33009282	33009283	-	0.588235	mod_ratio	51	T	AGTTT	ok	True
chr1	33010107	33010108	-	0.169697	mod_ratio	168	T	AGTCC	ok	True
chr1	33010596	33010597	-	0.522523	mod_ratio	116	T	TGTTT	ok	True
chr1	33013119	33013120	-	0.133028	mod_ratio	219	T	TGTCC	ok	True
chr1	33013320	33013321	-	0.890909	mod_ratio	276	T	GGTTT	ok	True
chr1	33013390	33013391	-	0.554348	mod_ratio	279	T	GGTTC	ok	True
chr1	33024444	33024445	-	0.122222	mod_ratio	270	T	AGTTT	ok	True
chr1	33024517	33024518	-	0.177866	mod_ratio	255	T	TGTCC	ok	True
chr1	33024547	33024548	-	0.216	mod_ratio	252	T	AGTTT	ok	True
chr1	33036829	33036830	-	0.121495	mod_ratio	239	T	TGTCC	ok	True
chr1	33036839	33036840	-	0.139394	mod_ratio	226	T	AGTCT	ok	True
chr1	33036856	33036857	-	0.5	mod_ratio	116	T	AGTTC	ok	True
chr1	34855073	34855074	-	0.35865	mod_ratio	246	T	GGTTT	ok	True
chr1	34855113	34855114	-	0.211155	mod_ratio	260	T	TGTTT	ok	True
chr1	34855140	34855141	-	0.236162	mod_ratio	271	T	TGTTC	ok	True
chr1	34855417	34855418	-	0.107011	mod_ratio	275	T	TGTTC	ok	True
chr1	34855691	34855692	-	0.211009	mod_ratio	110	T	TGTCC	ok	True
chr1	34855717	34855718	-	0.311927	mod_ratio	109	T	GGTTT	ok	True
chr1	34855723	34855724	-	0.366972	mod_ratio	109	T	TGTTC	ok	True
chr1	35184474	35184475	-	0.479167	mod_ratio	48	T	TGTTT	ok	True
chr1	35190568	35190569	-	0.683333	mod_ratio	67	T	GGTTC	ok	True
chr1	35603235	35603236	-	0.293103	mod_ratio	421	T	AGTTC	ok	True
chr1	35603278	35603279	-	0.203271	mod_ratio	430	T	TGTTT	ok	True
chr1	35605256	35605257	-	0.240566	mod_ratio	427	T	AGTTC	ok	True
chr1	35609337	35609338	-	0.263789	mod_ratio	419	T	AGTCC	ok	True
chr1	35609391	35609392	-	0.320197	mod_ratio	407	T	GGTTC	ok	True
chr1	36137287	36137288	-	0.298851	mod_ratio	87	T	TGTCC	ok	True
chr1	36139739	36139740	-	0.47619	mod_ratio	63	T	AGTTT	ok	True
chr1	36286417	36286418	+	0.818182	mod_ratio	45	A	AAACC	ok	True
chr1	36286546	36286547	+	0.583333	mod_ratio	48	A	AAACT	ok	True
chr1	36289107	36289108	+	0.638298	mod_ratio	54	A	AAACA	ok	True
chr1	36393585	36393586	-	0.205128	mod_ratio	118	T	AGTCT	ok	True
chr1	36455797	36455798	-	0.183673	mod_ratio	339	T	TGTCT	ok	True
chr1	36455833	36455834	-	0.76257	mod_ratio	368	T	TGTCT	ok	True
chr1	36455839	36455840	-	0.443526	mod_ratio	368	T	GGTTC	ok	True
chr1	36455856	36455857	-	0.407104	mod_ratio	370	T	TGTTT	ok	True
chr1	36455912	36455913	-	0.192935	mod_ratio	371	T	AGTCT	ok	True
chr1	36456316	36456317	-	0.130252	mod_ratio	241	T	GGTTT	ok	True
chr1	36456376	36456377	-	0.420601	mod_ratio	233	T	TGTCC	ok	True
chr1	36457931	36457932	-	0.143478	mod_ratio	235	T	TGTTT	ok	True
chr1	36457943	36457944	-	0.118943	mod_ratio	232	T	TGTTC	ok	True
chr1	36460714	36460715	-	0.601852	mod_ratio	218	T	TGTCC	ok	True
chr1	36460723	36460724	-	0.157407	mod_ratio	218	T	GGTTT	ok	True
chr1	36460749	36460750	-	0.133971	mod_ratio	212	T	TGTTC	ok	True
chr1	36461290	36461291	-	0.138095	mod_ratio	215	T	AGTCT	ok	True
chr1	36462114	36462115	-	0.12381	mod_ratio	213	T	AGTCT	ok	True
chr1	36463809	36463810	-	0.227723	mod_ratio	205	T	GGTTT	ok	True
chr1	36464235	36464236	-	0.151832	mod_ratio	196	T	GGTCC	ok	True
chr1	37566887	37566888	-	0.792453	mod_ratio	54	T	TGTTT	ok	True
chr1	37566949	37566950	-	0.75	mod_ratio	59	T	TGTTT	ok	True
chr1	37568344	37568345	-	0.372093	mod_ratio	91	T	AGTCC	ok	True
chr1	37576432	37576433	-	0.742857	mod_ratio	36	T	TGTTT	ok	True
chr1	37582828	37582829	-	0.896552	mod_ratio	29	T	TGTTT	ok	True
chr1	37809409	37809410	+	0.717949	mod_ratio	40	A	AAACA	ok	True
chr1	37958051	37958052	-	0.260504	mod_ratio	120	T	TGTTT	ok	True
chr1	37958249	37958250	-	0.264957	mod_ratio	118	T	AGTCT	ok	True
chr1	37960164	37960165	-	0.313043	mod_ratio	116	T	AGTTT	ok	True
chr1	37968090	37968091	-	0.381818	mod_ratio	112	T	TGTTT	ok	True
chr1	37969396	37969397	-	0.698113	mod_ratio	106	T	AGTTT	ok	True
chr1	37969686	37969687	-	0.297872	mod_ratio	99	T	TGTCC	ok	True
chr1	37969732	37969733	-	0.336957	mod_ratio	93	T	TGTTC	ok	True
chr1	37979032	37979033	-	0.292683	mod_ratio	82	T	TGTCC	ok	True
chr1	37987614	37987615	-	0.482143	mod_ratio	57	T	AGTCT	ok	True
chr1	38016372	38016373	+	0.453608	mod_ratio	98	A	AAACA	ok	True
chr1	38016408	38016409	+	0.265306	mod_ratio	99	A	AAACT	ok	True
chr1	38019284	38019285	+	0.867769	mod_ratio	125	A	AAACA	ok	True
chr1	38019371	38019372	+	0.217742	mod_ratio	125	A	AGACT	ok	True
chr1	38022791	38022792	+	0.690476	mod_ratio	128	A	AAACA	ok	True
chr1	38023550	38023551	+	0.209302	mod_ratio	129	A	AAACT	ok	True
chr1	38023584	38023585	+	0.195312	mod_ratio	128	A	GAACT	ok	True
chr1	38864444	38864445	-	0.74359	mod_ratio	39	T	TGTTT	ok	True
chr1	38864532	38864533	-	0.470588	mod_ratio	70	T	TGTTT	ok	True
chr1	38864589	38864590	-	0.450704	mod_ratio	72	T	TGTTC	ok	True
chr1	38866891	38866892	-	0.367647	mod_ratio	68	T	AGTTT	ok	True
chr1	39005322	39005323	+	0.585366	mod_ratio	51	A	AAACA	ok	True
chr1	39028737	39028738	+	0.137931	mod_ratio	903	A	GGACA	ok	True
chr1	39028795	39028796	+	0.412206	mod_ratio	941	A	GAACA	ok	True
chr1	39034496	39034497	+	0.43043	mod_ratio	1003	A	GAACA	ok	True
chr1	39034570	39034571	+	0.419321	mod_ratio	959	A	AAACC	ok	True
chr1	39561686	39561687	-	0.696429	mod_ratio	57	T	GGTTT	ok	True
chr1	39752939	39752940	+	0.732673	mod_ratio	104	A	AAACA	ok	True
chr1	39753645	39753646	+	0.542857	mod_ratio	107	A	GGACT	ok	True
chr1	40069696	40069697	+	0.474576	mod_ratio	60	A	AAACA	ok	True
chr1	40069774	40069775	+	0.4	mod_ratio	65	A	AAACC	ok	True
chr1	40071788	40071789	+	0.384615	mod_ratio	131	A	GAACT	ok	True
chr1	40071801	40071802	+	0.607692	mod_ratio	132	A	GGACT	ok	True
chr1	40071851	40071852	+	0.560606	mod_ratio	135	A	AAACA	ok	True
chr1	40071980	40071981	+	0.2	mod_ratio	146	A	AAACT	ok	True
chr1	40072193	40072194	+	0.373418	mod_ratio	160	A	GGACC	ok	True
chr1	40072270	40072271	+	0.325203	mod_ratio	127	A	AAACC	ok	True
chr1	40072398	40072399	+	0.3125	mod_ratio	130	A	GAACA	ok	True
chr1	40072405	40072406	+	0.273438	mod_ratio	130	A	GGACT	ok	True
chr1	40072411	40072412	+	0.234375	mod_ratio	130	A	AAACC	ok	True
chr1	40072506	40072507	+	0.306452	mod_ratio	127	A	AAACA	ok	True
chr1	40072593	40072594	+	0.487805	mod_ratio	125	A	AAACC	ok	True
chr1	40073004	40073005	-	0.370968	mod_ratio	126	T	AGTTT	ok	True
chr1	40073009	40073010	-	0.459677	mod_ratio	126	T	TGTTT	ok	True
chr1	40073035	40073036	-	0.230769	mod_ratio	124	T	AGTCC	ok	True
chr1	40073146	40073147	-	0.210526	mod_ratio	117	T	AGTTT	ok	True
chr1	40073169	40073170	-	0.353982	mod_ratio	116	T	TGTTT	ok	True
chr1	40073708	40073709	-	0.782051	mod_ratio	78	T	TGTTT	ok	True
chr1	40074011	40074012	-	0.569231	mod_ratio	65	T	GGTTT	ok	True
chr1	40089501	40089502	-	0.56	mod_ratio	50	T	AGTCC	ok	True
chr1	40091338	40091339	-	0.469388	mod_ratio	49	T	TGTCC	ok	True
chr1	41010214	41010215	+	0.758621	mod_ratio	60	A	GAACT	ok	True
chr1	41012032	41012033	+	0.673913	mod_ratio	47	A	GGACT	ok	True
chr1	41012225	41012226	+	0.963636	mod_ratio	55	A	AAACA	ok	True
chr1	41012305	41012306	+	0.589286	mod_ratio	60	A	AAACA	ok	True
chr1	42664921	42664922	+	0.525424	mod_ratio	59	A	AAACT	ok	True
chr1	42665983	42665984	+	0.409836	mod_ratio	61	A	GAACA	ok	True
chr1	42667430	42667431	+	0.393443	mod_ratio	66	A	AGACT	ok	True
chr1	42682456	42682457	+	0.133843	mod_ratio	534	A	GGACC	ok	True
chr1	42682716	42682717	+	0.160494	mod_ratio	657	A	GGACA	ok	True
chr1	42683419	42683420	+	0.135952	mod_ratio	682	A	GAACA	ok	True
chr1	42696198	42696199	+	0.316761	mod_ratio	712	A	AGACT	ok	True
chr1	42696255	42696256	+	0.128453	mod_ratio	736	A	AGACT	ok	True
chr1	42696708	42696709	+	0.285714	mod_ratio	758	A	AGACC	ok	True
chr1	42696886	42696887	+	0.201661	mod_ratio	864	A	AGACC	ok	True
chr1	42697214	42697215	+	0.480573	mod_ratio	1006	A	AGACC	ok	True
chr1	42697247	42697248	+	0.484546	mod_ratio	1031	A	AGACC	ok	True
chr1	42700798	42700799	+	0.140214	mod_ratio	1081	A	AGACA	ok	True
chr1	42700850	42700851	+	0.220884	mod_ratio	797	A	AGACC	ok	True
chr1	42700927	42700928	+	0.72716	mod_ratio	852	A	AAACC	ok	True
chr1	42700946	42700947	+	0.127737	mod_ratio	865	A	AGACA	ok	True
chr1	42702029	42702030	+	0.105379	mod_ratio	930	A	GAACA	ok	True
chr1	42702091	42702092	+	0.23176	mod_ratio	939	A	GAACT	ok	True
chr1	42702314	42702315	+	0.549944	mod_ratio	897	A	AAACT	ok	True
chr1	43164331	43164332	-	0.293333	mod_ratio	228	T	AGTTT	ok	True
chr1	43164347	43164348	-	0.929204	mod_ratio	235	T	TGTTT	ok	True
chr1	43164399	43164400	-	0.239837	mod_ratio	251	T	AGTCT	ok	True
chr1	43164419	43164420	-	0.124	mod_ratio	256	T	GGTTC	ok	True
chr1	43164450	43164451	-	0.211765	mod_ratio	260	T	TGTTC	ok	True
chr1	43164455	43164456	-	0.148438	mod_ratio	259	T	TGTTC	ok	True
chr1	43164474	43164475	-	0.127907	mod_ratio	270	T	TGTTC	ok	True
chr1	43164487	43164488	-	0.172285	mod_ratio	270	T	GGTCT	ok	True
chr1	43164689	43164690	-	0.117857	mod_ratio	283	T	TGTCT	ok	True
chr1	43164733	43164734	-	0.124088	mod_ratio	279	T	TGTTC	ok	True
chr1	43164778	43164779	-	0.285714	mod_ratio	277	T	GGTTT	ok	True
chr1	43166878	43166879	-	0.211111	mod_ratio	274	T	GGTTT	ok	True
chr1	43166905	43166906	-	0.213483	mod_ratio	273	T	AGTTT	ok	True
chr1	43169004	43169005	-	0.297959	mod_ratio	251	T	TGTTT	ok	True
chr1	43169009	43169010	-	0.167347	mod_ratio	249	T	AGTCT	ok	True
chr1	43171526	43171527	-	0.117925	mod_ratio	216	T	GGTCC	ok	True
chr1	43359377	43359378	+	0.483516	mod_ratio	91	A	GGACT	ok	True
chr1	43359389	43359390	+	0.285714	mod_ratio	92	A	GAACT	ok	True
chr1	43359512	43359513	+	0.369565	mod_ratio	94	A	AGACC	ok	True
chr1	43359615	43359616	+	0.47619	mod_ratio	105	A	AAACA	ok	True
chr1	43359977	43359978	+	0.283186	mod_ratio	115	A	GAACA	ok	True
chr1	43359981	43359982	+	0.309735	mod_ratio	115	A	AGACT	ok	True
chr1	43360198	43360199	+	0.243902	mod_ratio	124	A	GAACC	ok	True
chr1	43360243	43360244	+	0.328	mod_ratio	126	A	GGACA	ok	True
chr1	43360574	43360575	+	0.294118	mod_ratio	138	A	GAACA	ok	True
chr1	43360780	43360781	+	0.176056	mod_ratio	143	A	GAACA	ok	True
chr1	43362304	43362305	+	0.390374	mod_ratio	187	A	GAACT	ok	True
chr1	43363024	43363025	+	0.142857	mod_ratio	189	A	AGACC	ok	True
chr1	43363131	43363132	+	0.2	mod_ratio	178	A	AGACC	ok	True
chr1	43364429	43364430	-	0.393443	mod_ratio	61	T	AGTTT	ok	True
chr1	43386070	43386071	-	0.391304	mod_ratio	92	T	GGTTC	ok	True
chr1	43387521	43387522	-	0.652174	mod_ratio	70	T	GGTCT	ok	True
chr1	43387570	43387571	-	0.391304	mod_ratio	69	T	TGTTT	ok	True
chr1	43976362	43976363	+	0.160105	mod_ratio	384	A	AGACC	ok	True
chr1	43976812	43976813	+	0.205379	mod_ratio	410	A	GAACT	ok	True
chr1	43978063	43978064	+	0.109049	mod_ratio	437	A	GGACA	ok	True
chr1	43978274	43978275	+	0.35474	mod_ratio	395	A	AAACT	ok	True
chr1	44219852	44219853	+	0.383562	mod_ratio	74	A	GAACA	ok	True
chr1	44220265	44220266	+	0.325	mod_ratio	80	A	GGACA	ok	True
chr1	44221167	44221168	-	0.2	mod_ratio	117	T	TGTCC	ok	True
chr1	44221531	44221532	-	0.252427	mod_ratio	107	T	TGTCC	ok	True
chr1	44761961	44761962	+	0.928571	mod_ratio	56	A	AAACA	ok	True
chr1	44776045	44776046	+	0.310663	mod_ratio	5932	A	GGACA	ok	True
chr1	44776068	44776069	+	0.182153	mod_ratio	6035	A	AAACC	ok	True
chr1	44777627	44777628	+	0.350726	mod_ratio	6662	A	AAACA	ok	True
chr1	44778024	44778025	+	0.753336	mod_ratio	6928	A	AAACA	ok	True
chr1	44778597	44778598	+	0.109745	mod_ratio	6769	A	GGACA	ok	True
chr1	44875623	44875624	-	0.666667	mod_ratio	39	T	TGTTT	ok	True
chr1	45012967	45012968	+	0.281553	mod_ratio	105	A	AAACA	ok	True
chr1	45015380	45015381	+	0.418269	mod_ratio	209	A	GGACC	ok	True
chr1	45015437	45015438	+	0.146341	mod_ratio	206	A	GAACA	ok	True
chr1	45015470	45015471	+	0.60396	mod_ratio	205	A	AAACA	ok	True
chr1	45015493	45015494	+	0.125	mod_ratio	199	A	GAACT	ok	True
chr1	45015552	45015553	+	0.168675	mod_ratio	187	A	GGACA	ok	True
chr1	45328461	45328462	+	0.490909	mod_ratio	55	A	AAACA	ok	True
chr1	45343231	45343232	+	0.658537	mod_ratio	42	A	GGACA	ok	True
chr1	45511062	45511063	-	0.149644	mod_ratio	1953	T	AGTTT	ok	True
chr1	45511174	45511175	-	0.113677	mod_ratio	2275	T	GGTCT	ok	True
chr1	45511244	45511245	-	0.485122	mod_ratio	2795	T	TGTTT	ok	True
chr1	45511277	45511278	-	0.141841	mod_ratio	2895	T	GGTTT	ok	True
chr1	45514953	45514954	-	0.260818	mod_ratio	2571	T	TGTTC	ok	True
chr1	45514976	45514977	-	0.328537	mod_ratio	2542	T	TGTTT	ok	True
chr1	45521831	45521832	-	0.120346	mod_ratio	1509	T	AGTCC	ok	True
chr1	45568018	45568019	+	0.264368	mod_ratio	90	A	GGACT	ok	True
chr1	45568624	45568625	+	0.22807	mod_ratio	116	A	GAACC	ok	True
chr1	45569194	45569195	+	0.328	mod_ratio	126	A	GAACA	ok	True
chr1	45569957	45569958	+	0.424	mod_ratio	126	A	AGACC	ok	True
chr1	46303711	46303712	+	0.179245	mod_ratio	700	A	GAACT	ok	True
chr1	46303753	46303754	+	0.100622	mod_ratio	984	A	GAACC	ok	True
chr1	46316562	46316563	+	0.136159	mod_ratio	1116	A	AAACT	ok	True
chr1	46316694	46316695	+	0.296029	mod_ratio	1115	A	GAACC	ok	True
chr1	47368545	47368546	+	0.348485	mod_ratio	67	A	GAACT	ok	True
chr1	47377214	47377215	+	0.714286	mod_ratio	50	A	AAACA	ok	True
chr1	51791596	51791597	-	0.588235	mod_ratio	53	T	AGTCC	ok	True
chr1	52020505	52020506	-	0.373134	mod_ratio	67	T	TGTTT	ok	True
chr1	52055144	52055145	-	0.861111	mod_ratio	37	T	AGTCC	ok	True
chr1	52064860	52064861	+	0.475	mod_ratio	80	A	GAACA	ok	True
chr1	52064904	52064905	+	0.325	mod_ratio	82	A	AAACT	ok	True
chr1	52086117	52086118	+	0.37931	mod_ratio	88	A	GGACA	ok	True
chr1	52086133	52086134	+	0.27907	mod_ratio	89	A	AAACC	ok	True
chr1	52408640	52408641	+	0.806452	mod_ratio	31	A	GAACC	ok	True
chr1	52417000	52417001	+	0.609756	mod_ratio	50	A	AAACC	ok	True
chr1	53050783	53050784	+	0.575	mod_ratio	41	A	AGACT	ok	True
chr1	53050789	53050790	+	0.658537	mod_ratio	41	A	AAACT	ok	True
chr1	53051009	53051010	+	0.666667	mod_ratio	46	A	AAACA	ok	True
chr1	53051354	53051355	+	0.704545	mod_ratio	44	A	AAACA	ok	True
chr1	53227043	53227044	-	0.481481	mod_ratio	54	T	AGTCT	ok	True
chr1	53228927	53228928	-	0.540984	mod_ratio	61	T	TGTTC	ok	True
chr1	53766024	53766025	-	0.84375	mod_ratio	33	T	AGTTT	ok	True
chr1	53772371	53772372	-	0.705882	mod_ratio	36	T	AGTTT	ok	True
chr1	53772447	53772448	-	1	mod_ratio	35	T	GGTTT	ok	True
chr1	53921605	53921606	-	0.555866	mod_ratio	367	T	TGTTT	ok	True
chr1	53921676	53921677	-	0.195251	mod_ratio	390	T	TGTTC	ok	True
chr1	53928434	53928435	-	0.114583	mod_ratio	387	T	GGTCT	ok	True
chr1	53930078	53930079	-	0.201072	mod_ratio	377	T	TGTTT	ok	True
chr1	53930125	53930126	-	0.725543	mod_ratio	372	T	GGTCC	ok	True
chr1	53940010	53940011	-	0.464789	mod_ratio	361	T	TGTTT	ok	True
chr1	53940091	53940092	-	0.698718	mod_ratio	341	T	TGTTT	ok	True
chr1	53962085	53962086	+	0.328947	mod_ratio	77	A	AAACT	ok	True
chr1	53962090	53962091	+	0.298701	mod_ratio	77	A	AAACT	ok	True
chr1	53962110	53962111	+	0.582278	mod_ratio	81	A	GGACA	ok	True
chr1	53967712	53967713	+	0.218182	mod_ratio	110	A	AGACA	ok	True
chr1	53967724	53967725	+	0.227273	mod_ratio	111	A	GAACT	ok	True
chr1	53967788	53967789	+	0.66087	mod_ratio	115	A	AAACA	ok	True
chr1	53967997	53967998	+	0.330435	mod_ratio	115	A	AGACT	ok	True
chr1	53968149	53968150	+	0.868421	mod_ratio	95	A	AAACA	ok	True
chr1	54032214	54032215	-	0.185567	mod_ratio	197	T	AGTTT	ok	True
chr1	54032255	54032256	-	0.217617	mod_ratio	195	T	TGTTT	ok	True
chr1	54043448	54043449	-	0.611111	mod_ratio	184	T	AGTCC	ok	True
chr1	54047287	54047288	-	0.5375	mod_ratio	160	T	AGTTC	ok	True
chr1	54200544	54200545	+	0.208	mod_ratio	128	A	AGACC	ok	True
chr1	54205104	54205105	+	0.71223	mod_ratio	139	A	GAACC	ok	True
chr1	54205166	54205167	+	0.230769	mod_ratio	146	A	AGACC	ok	True
chr1	54205308	54205309	+	0.214765	mod_ratio	151	A	GGACA	ok	True
chr1	54205404	54205405	+	0.212903	mod_ratio	156	A	GAACC	ok	True
chr1	54212551	54212552	+	0.28866	mod_ratio	194	A	GGACA	ok	True
chr1	54216243	54216244	+	0.195556	mod_ratio	225	A	GGACT	ok	True
chr1	54216279	54216280	+	0.212389	mod_ratio	228	A	GGACT	ok	True
chr1	54216285	54216286	+	0.136564	mod_ratio	229	A	AGACC	ok	True
chr1	54218173	54218174	+	0.151111	mod_ratio	226	A	GAACC	ok	True
chr1	54218204	54218205	+	0.119469	mod_ratio	227	A	AGACA	ok	True
chr1	54733662	54733663	+	0.774194	mod_ratio	32	A	AAACA	ok	True
chr1	54849981	54849982	-	0.316456	mod_ratio	79	T	AGTTT	ok	True
chr1	54850273	54850274	-	0.357143	mod_ratio	70	T	TGTTT	ok	True
chr1	61681193	61681194	-	0.69378	mod_ratio	210	T	AGTCC	ok	True
chr1	61681320	61681321	-	0.196172	mod_ratio	209	T	AGTTC	ok	True
chr1	61683418	61683419	-	0.406863	mod_ratio	205	T	TGTTT	ok	True
chr1	61683464	61683465	-	0.722772	mod_ratio	206	T	TGTTT	ok	True
chr1	61683483	61683484	-	0.427861	mod_ratio	202	T	AGTCT	ok	True
chr1	61683492	61683493	-	0.775	mod_ratio	201	T	AGTCT	ok	True
chr1	61683497	61683498	-	0.515	mod_ratio	201	T	GGTTC	ok	True
chr1	61683537	61683538	-	0.374359	mod_ratio	198	T	GGTCC	ok	True
chr1	61709383	61709384	-	0.870787	mod_ratio	181	T	TGTTT	ok	True
chr1	61723726	61723727	-	0.605882	mod_ratio	171	T	AGTTT	ok	True
chr1	61723743	61723744	-	0.159763	mod_ratio	170	T	GGTTC	ok	True
chr1	61724958	61724959	-	0.140244	mod_ratio	164	T	TGTCC	ok	True
chr1	61724971	61724972	-	0.21118	mod_ratio	165	T	GGTCC	ok	True
chr1	61725066	61725067	-	0.207547	mod_ratio	159	T	AGTCT	ok	True
chr1	62437320	62437321	+	0.438596	mod_ratio	59	A	GGACT	ok	True
chr1	62437354	62437355	+	0.403509	mod_ratio	60	A	GGACT	ok	True
chr1	62441562	62441563	+	0.363636	mod_ratio	67	A	GGACT	ok	True
chr1	62444808	62444809	+	0.433962	mod_ratio	54	A	AAACA	ok	True
chr1	62444819	62444820	+	0.45098	mod_ratio	54	A	AAACA	ok	True
chr1	62451012	62451013	+	0.870968	mod_ratio	63	A	AAACA	ok	True
chr1	62451026	62451027	+	0.532258	mod_ratio	62	A	AAACA	ok	True
chr1	62451251	62451252	+	0.8	mod_ratio	71	A	AAACA	ok	True
chr1	63440941	63440942	-	0.268519	mod_ratio	108	T	AGTTT	ok	True
chr1	63446810	63446811	-	0.388889	mod_ratio	108	T	AGTTT	ok	True
chr1	63453930	63453931	-	0.362205	mod_ratio	128	T	AGTCC	ok	True
chr1	63453951	63453952	-	0.181102	mod_ratio	129	T	AGTTT	ok	True
chr1	63453957	63453958	-	0.283465	mod_ratio	129	T	TGTTT	ok	True
chr1	63490154	63490155	-	0.313131	mod_ratio	100	T	AGTTC	ok	True
chr1	63631746	63631747	+	0.423077	mod_ratio	80	A	AAACC	ok	True
chr1	63636273	63636274	+	0.42268	mod_ratio	101	A	GAACC	ok	True
chr1	63638796	63638797	+	0.193548	mod_ratio	125	A	GGACC	ok	True
chr1	63648603	63648604	+	0.25	mod_ratio	131	A	GGACA	ok	True
chr1	63651703	63651704	+	0.248175	mod_ratio	139	A	AAACA	ok	True
chr1	63659750	63659751	+	0.203209	mod_ratio	189	A	AAACA	ok	True
chr1	64833988	64833989	-	0.511111	mod_ratio	46	T	AGTTT	ok	True
chr1	65226560	65226561	+	0.333333	mod_ratio	106	A	GAACC	ok	True
chr1	67411194	67411195	-	0.309524	mod_ratio	86	T	AGTTC	ok	True
chr1	67411279	67411280	-	0.304878	mod_ratio	83	T	TGTTT	ok	True
chr1	67411295	67411296	-	0.402439	mod_ratio	83	T	TGTTT	ok	True
chr1	67411435	67411436	-	0.368421	mod_ratio	77	T	AGTTC	ok	True
chr1	67411555	67411556	-	0.366197	mod_ratio	72	T	AGTTT	ok	True
chr1	67411705	67411706	-	0.742424	mod_ratio	67	T	TGTTT	ok	True
chr1	67411822	67411823	-	0.580645	mod_ratio	63	T	TGTTT	ok	True
chr1	67411891	67411892	-	0.439394	mod_ratio	67	T	TGTTT	ok	True
chr1	67412075	67412076	-	0.791045	mod_ratio	67	T	TGTTC	ok	True
chr1	67412405	67412406	-	0.912281	mod_ratio	58	T	AGTTT	ok	True
chr1	67412728	67412729	-	0.485437	mod_ratio	106	T	AGTTT	ok	True
chr1	67412737	67412738	-	0.29	mod_ratio	106	T	TGTCC	ok	True
chr1	67412881	67412882	-	0.3	mod_ratio	282	T	TGTTC	ok	True
chr1	67412900	67412901	-	0.14386	mod_ratio	292	T	AGTTT	ok	True
chr1	67413048	67413049	-	0.13806	mod_ratio	280	T	AGTTC	ok	True
chr1	67413075	67413076	-	0.192982	mod_ratio	782	T	AGTCT	ok	True
chr1	67413104	67413105	-	0.187657	mod_ratio	966	T	AGTCT	ok	True
chr1	67413170	67413171	-	0.302632	mod_ratio	1311	T	GGTTC	ok	True
chr1	67413191	67413192	-	0.191749	mod_ratio	1323	T	TGTCT	ok	True
chr1	67415173	67415174	-	0.676606	mod_ratio	1318	T	GGTCC	ok	True
chr1	67415187	67415188	-	0.101227	mod_ratio	1315	T	GGTTT	ok	True
chr1	67415313	67415314	-	0.167337	mod_ratio	1248	T	GGTCC	ok	True
chr1	67420074	67420075	-	0.147303	mod_ratio	980	T	GGTTT	ok	True
chr1	67420105	67420106	-	0.210021	mod_ratio	946	T	GGTCC	ok	True
chr1	67424211	67424212	-	0.125141	mod_ratio	920	T	TGTCT	ok	True
chr1	67424228	67424229	-	0.135255	mod_ratio	910	T	TGTTC	ok	True
chr1	67424245	67424246	-	0.929864	mod_ratio	899	T	TGTTT	ok	True
chr1	67424906	67424907	-	0.482551	mod_ratio	846	T	AGTTC	ok	True
chr1	67424941	67424942	-	0.186275	mod_ratio	827	T	TGTCC	ok	True
chr1	67425222	67425223	-	0.507442	mod_ratio	743	T	GGTCT	ok	True
chr1	67426217	67426218	-	0.147059	mod_ratio	729	T	GGTCT	ok	True
chr1	67430070	67430071	-	0.100143	mod_ratio	709	T	GGTCT	ok	True
chr1	67430096	67430097	-	0.161527	mod_ratio	694	T	TGTTT	ok	True
chr1	67430119	67430120	-	0.16	mod_ratio	683	T	GGTCT	ok	True
chr1	67777475	67777476	-	0.5	mod_ratio	48	T	GGTCC	ok	True
chr1	68125548	68125549	-	0.806452	mod_ratio	62	T	AGTTT	ok	True
chr1	68137802	68137803	-	0.558442	mod_ratio	78	T	AGTTT	ok	True
chr1	68148643	68148644	-	0.678571	mod_ratio	56	T	GGTTC	ok	True
chr1	68475985	68475986	-	0.78125	mod_ratio	34	T	AGTCT	ok	True
chr1	68476818	68476819	-	0.8	mod_ratio	32	T	TGTTT	ok	True
chr1	68483957	68483958	-	0.8	mod_ratio	30	T	TGTTT	ok	True
chr1	70145087	70145088	-	0.5	mod_ratio	57	T	AGTTT	ok	True
chr1	70221818	70221819	+	0.685185	mod_ratio	165	A	GAACT	ok	True
chr1	70228507	70228508	+	0.23494	mod_ratio	170	A	AAACA	ok	True
chr1	70232346	70232347	+	0.609023	mod_ratio	136	A	GGACT	ok	True
chr1	70237547	70237548	+	0.522388	mod_ratio	136	A	GAACC	ok	True
chr1	70239497	70239498	+	0.504854	mod_ratio	105	A	GGACT	ok	True
chr1	70244810	70244811	+	0.296703	mod_ratio	101	A	AAACA	ok	True
chr1	70246819	70246820	+	0.294118	mod_ratio	88	A	AGACA	ok	True
chr1	70246857	70246858	+	0.769231	mod_ratio	66	A	AAACA	ok	True
chr1	71063784	71063785	-	0.425926	mod_ratio	55	T	TGTTT	ok	True
chr1	71064151	71064152	-	0.653846	mod_ratio	53	T	TGTTT	ok	True
chr1	71065727	71065728	-	0.714286	mod_ratio	50	T	TGTTT	ok	True
chr1	71078693	71078694	-	0.444444	mod_ratio	63	T	AGTTT	ok	True
chr1	74705865	74705866	-	0.558442	mod_ratio	79	T	AGTTC	ok	True
chr1	74719288	74719289	-	0.938776	mod_ratio	49	T	AGTTT	ok	True
chr1	74719304	74719305	-	0.632653	mod_ratio	49	T	GGTCT	ok	True
chr1	75732653	75732654	+	0.674419	mod_ratio	87	A	GAACA	ok	True
chr1	75732884	75732885	+	0.516484	mod_ratio	92	A	GAACT	ok	True
chr1	75733544	75733545	+	0.515789	mod_ratio	95	A	GAACT	ok	True
chr1	75749425	75749426	+	0.2	mod_ratio	115	A	AAACA	ok	True
chr1	75749547	75749548	+	0.344	mod_ratio	125	A	AAACC	ok	True
chr1	75761168	75761169	+	0.522727	mod_ratio	132	A	GAACT	ok	True
chr1	75762738	75762739	+	0.391304	mod_ratio	139	A	GAACA	ok	True
chr1	75762856	75762857	+	0.363636	mod_ratio	146	A	AAACA	ok	True
chr1	75763008	75763009	+	0.368794	mod_ratio	145	A	AAACT	ok	True
chr1	75763178	75763179	+	0.253333	mod_ratio	153	A	AGACT	ok	True
chr1	75763232	75763233	+	0.22963	mod_ratio	137	A	AAACT	ok	True
chr1	75763252	75763253	+	0.772059	mod_ratio	138	A	AAACA	ok	True
chr1	75787558	75787559	+	0.231527	mod_ratio	208	A	AAACA	ok	True
chr1	75789229	75789230	+	0.328889	mod_ratio	232	A	GGACA	ok	True
chr1	75789316	75789317	+	0.141631	mod_ratio	240	A	GGACA	ok	True
chr1	75790471	75790472	+	0.433962	mod_ratio	53	A	AGACC	ok	True
chr1	75791518	75791519	+	0.305842	mod_ratio	295	A	GAACT	ok	True
chr1	75791543	75791544	+	0.142373	mod_ratio	298	A	AGACC	ok	True
chr1	75794139	75794140	+	0.19469	mod_ratio	341	A	AGACT	ok	True
chr1	75794163	75794164	+	0.420118	mod_ratio	340	A	AAACT	ok	True
chr1	75794565	75794566	+	0.287293	mod_ratio	367	A	GAACA	ok	True
chr1	78013505	78013506	+	0.925926	mod_ratio	28	A	AAACA	ok	True
chr1	84479493	84479494	+	0.767123	mod_ratio	73	A	AAACA	ok	True
chr1	84489679	84489680	+	0.338235	mod_ratio	70	A	AAACA	ok	True
chr1	84490338	84490339	+	0.60274	mod_ratio	74	A	GAACA	ok	True
chr1	84490361	84490362	+	0.351351	mod_ratio	74	A	AAACT	ok	True
chr1	84496282	84496283	+	0.428571	mod_ratio	93	A	GAACT	ok	True
chr1	84496288	84496289	+	0.461538	mod_ratio	93	A	GGACC	ok	True
chr1	84496328	84496329	+	0.717391	mod_ratio	92	A	GAACC	ok	True
chr1	84497517	84497518	+	0.358696	mod_ratio	92	A	GAACT	ok	True
chr1	84497578	84497579	+	0.301075	mod_ratio	93	A	AAACC	ok	True
chr1	84498445	84498446	-	0.219822	mod_ratio	794	T	AGTTT	ok	True
chr1	84498538	84498539	-	0.226512	mod_ratio	794	T	GGTTT	ok	True
chr1	84501943	84501944	-	0.420561	mod_ratio	761	T	TGTTT	ok	True
chr1	84501950	84501951	-	0.100402	mod_ratio	757	T	AGTCT	ok	True
chr1	84506025	84506026	-	0.112813	mod_ratio	734	T	AGTCC	ok	True
chr1	85252039	85252040	-	0.529412	mod_ratio	68	T	TGTTT	ok	True
chr1	85252267	85252268	-	0.355263	mod_ratio	153	T	AGTTC	ok	True
chr1	85252320	85252321	-	0.156863	mod_ratio	153	T	GGTTT	ok	True
chr1	85252439	85252440	-	0.239726	mod_ratio	147	T	AGTTT	ok	True
chr1	85252511	85252512	-	0.37931	mod_ratio	146	T	AGTTC	ok	True
chr1	85252596	85252597	-	0.530303	mod_ratio	137	T	AGTTT	ok	True
chr1	85252625	85252626	-	0.192308	mod_ratio	132	T	TGTTT	ok	True
chr1	85259399	85259400	-	0.227723	mod_ratio	104	T	TGTTT	ok	True
chr1	86719625	86719626	+	0.688889	mod_ratio	45	A	GAACA	ok	True
chr1	86735167	86735168	+	0.403226	mod_ratio	63	A	AAACA	ok	True
chr1	86743164	86743165	+	0.313253	mod_ratio	83	A	AGACT	ok	True
chr1	86743188	86743189	+	0.337349	mod_ratio	85	A	AAACC	ok	True
chr1	86743243	86743244	+	0.440476	mod_ratio	85	A	GGACT	ok	True
chr1	86743360	86743361	+	0.484848	mod_ratio	67	A	AAACT	ok	True
chr1	86862752	86862753	-	0.284091	mod_ratio	544	T	GGTCT	ok	True
chr1	86862850	86862851	-	0.127042	mod_ratio	558	T	GGTTT	ok	True
chr1	86862890	86862891	-	0.563869	mod_ratio	555	T	TGTTT	ok	True
chr1	86862920	86862921	-	0.375691	mod_ratio	549	T	TGTTT	ok	True
chr1	86862944	86862945	-	0.119926	mod_ratio	547	T	AGTTT	ok	True
chr1	86863078	86863079	-	0.385496	mod_ratio	527	T	AGTCT	ok	True
chr1	86863133	86863134	-	0.124016	mod_ratio	517	T	TGTCT	ok	True
chr1	86863166	86863167	-	0.12253	mod_ratio	507	T	TGTTC	ok	True
chr1	86863522	86863523	-	0.145985	mod_ratio	417	T	TGTTC	ok	True
chr1	86868076	86868077	-	0.330601	mod_ratio	369	T	AGTTT	ok	True
chr1	88852948	88852949	-	0.53211	mod_ratio	136	T	TGTTT	ok	True
chr1	88853047	88853048	-	0.405405	mod_ratio	149	T	TGTTT	ok	True
chr1	88853227	88853228	-	0.77027	mod_ratio	154	T	AGTTT	ok	True
chr1	88853293	88853294	-	0.469512	mod_ratio	165	T	AGTCT	ok	True
chr1	88853305	88853306	-	0.737805	mod_ratio	166	T	TGTCT	ok	True
chr1	88857299	88857300	-	0.895425	mod_ratio	154	T	AGTTC	ok	True
chr1	88857344	88857345	-	0.256579	mod_ratio	153	T	TGTTT	ok	True
chr1	88857384	88857385	-	0.33557	mod_ratio	149	T	AGTCC	ok	True
chr1	88857434	88857435	-	0.238095	mod_ratio	147	T	AGTTT	ok	True
chr1	88859890	88859891	-	0.340136	mod_ratio	149	T	TGTCC	ok	True
chr1	88859975	88859976	-	0.313869	mod_ratio	141	T	TGTTC	ok	True
chr1	88887307	88887308	-	0.215517	mod_ratio	118	T	AGTCC	ok	True
chr1	88943088	88943089	-	0.69697	mod_ratio	33	T	AGTTT	ok	True
chr1	90007700	90007701	+	0.5	mod_ratio	52	A	AAACT	ok	True
chr1	90010222	90010223	+	0.555556	mod_ratio	57	A	GAACC	ok	True
chr1	90013186	90013187	+	0.652174	mod_ratio	47	A	AAACA	ok	True
chr1	92833552	92833553	+	0.325014	mod_ratio	3571	A	AAACT	ok	True
chr1	92833640	92833641	+	0.1924	mod_ratio	3810	A	AAACA	ok	True
chr1	92834834	92834835	+	0.752774	mod_ratio	3909	A	GAACT	ok	True
chr1	92836321	92836322	+	0.180176	mod_ratio	4227	A	GAACT	ok	True
chr1	92837590	92837591	+	0.387471	mod_ratio	4329	A	AAACA	ok	True
chr1	92841770	92841771	+	0.121318	mod_ratio	3751	A	GAACC	ok	True
chr1	92841865	92841866	+	0.323616	mod_ratio	3576	A	AAACC	ok	True
chr1	92841906	92841907	+	0.462375	mod_ratio	3171	A	AAACT	ok	True
chr1	93499559	93499560	+	0.466667	mod_ratio	62	A	GAACA	ok	True
chr1	93524310	93524311	+	0.531915	mod_ratio	52	A	AAACA	ok	True
chr1	93875698	93875699	-	0.722222	mod_ratio	54	T	AGTTT	ok	True
chr1	93876269	93876270	-	0.489796	mod_ratio	49	T	AGTTT	ok	True
chr1	93876696	93876697	-	0.268817	mod_ratio	93	T	TGTTC	ok	True
chr1	93876838	93876839	-	0.444444	mod_ratio	109	T	TGTTT	ok	True
chr1	93876870	93876871	-	0.296296	mod_ratio	109	T	AGTTC	ok	True
chr1	93877088	93877089	-	0.532609	mod_ratio	92	T	TGTTC	ok	True
chr1	93877204	93877205	-	0.310345	mod_ratio	87	T	AGTTT	ok	True
chr1	93877253	93877254	-	0.445783	mod_ratio	84	T	TGTTT	ok	True
chr1	93877294	93877295	-	0.277108	mod_ratio	83	T	AGTTT	ok	True
chr1	93877675	93877676	-	0.857143	mod_ratio	77	T	GGTTT	ok	True
chr1	93877694	93877695	-	0.306667	mod_ratio	76	T	GGTTC	ok	True
chr1	93877699	93877700	-	0.333333	mod_ratio	75	T	AGTCC	ok	True
chr1	93877801	93877802	-	0.742857	mod_ratio	71	T	AGTTC	ok	True
chr1	94517863	94517864	+	0.5	mod_ratio	56	A	AAACA	ok	True
chr1	94518267	94518268	+	0.493151	mod_ratio	76	A	AAACT	ok	True
chr1	94518310	94518311	+	0.315068	mod_ratio	76	A	AAACT	ok	True
chr1	94518409	94518410	+	0.643836	mod_ratio	75	A	AAACT	ok	True
chr1	94518513	94518514	+	0.741935	mod_ratio	34	A	AAACT	ok	True
chr1	94982892	94982893	-	0.492063	mod_ratio	65	T	TGTTT	ok	True
chr1	94982896	94982897	-	0.6875	mod_ratio	65	T	TGTTT	ok	True
chr1	94982916	94982917	-	0.424242	mod_ratio	66	T	AGTTT	ok	True
chr1	100080614	100080615	+	0.827586	mod_ratio	29	A	GAACA	ok	True
chr1	100080630	100080631	+	0.793103	mod_ratio	31	A	AAACA	ok	True
chr1	100082793	100082794	+	0.84	mod_ratio	50	A	AAACA	ok	True
chr1	100266290	100266291	+	0.676471	mod_ratio	34	A	GAACT	ok	True
chr1	100270638	100270639	+	0.75	mod_ratio	41	A	GAACT	ok	True
chr1	100274877	100274878	+	0.555556	mod_ratio	45	A	AAACA	ok	True
chr1	100990077	100990078	-	0.473684	mod_ratio	142	T	GGTTT	ok	True
chr1	100990096	100990097	-	0.666667	mod_ratio	166	T	AGTTC	ok	True
chr1	100990524	100990525	-	0.139394	mod_ratio	167	T	GGTTC	ok	True
chr1	100990616	100990617	-	0.27673	mod_ratio	162	T	TGTCT	ok	True
chr1	100992640	100992641	-	0.244898	mod_ratio	147	T	GGTTC	ok	True
chr1	100992698	100992699	-	0.305556	mod_ratio	145	T	GGTTT	ok	True
chr1	100992721	100992722	-	0.496403	mod_ratio	145	T	GGTTC	ok	True
chr1	100995148	100995149	-	0.291667	mod_ratio	147	T	TGTCT	ok	True
chr1	101001501	101001502	-	0.188811	mod_ratio	143	T	TGTTC	ok	True
chr1	101001533	101001534	-	0.281481	mod_ratio	139	T	GGTCT	ok	True
chr1	101001543	101001544	-	0.251852	mod_ratio	137	T	TGTCT	ok	True
chr1	101025704	101025705	-	0.245098	mod_ratio	102	T	AGTTC	ok	True
chr1	108648343	108648344	-	0.414634	mod_ratio	124	T	AGTCC	ok	True
chr1	108648564	108648565	-	0.190476	mod_ratio	127	T	GGTTC	ok	True
chr1	108648580	108648581	-	0.24	mod_ratio	127	T	TGTTC	ok	True
chr1	108648689	108648690	-	0.198413	mod_ratio	127	T	GGTTC	ok	True
chr1	108648943	108648944	-	0.281818	mod_ratio	111	T	AGTTT	ok	True
chr1	108650330	108650331	-	0.75	mod_ratio	104	T	GGTTC	ok	True
chr1	108651051	108651052	-	0.333333	mod_ratio	103	T	GGTCC	ok	True
chr1	108654757	108654758	-	0.354839	mod_ratio	93	T	AGTCT	ok	True
chr1	108897541	108897542	+	0.8	mod_ratio	40	A	AAACA	ok	True
chr1	108898974	108898975	+	0.645833	mod_ratio	49	A	AAACT	ok	True
chr1	108901821	108901822	+	0.5	mod_ratio	51	A	AGACC	ok	True
chr1	108904144	108904145	+	0.636364	mod_ratio	56	A	GAACT	ok	True
chr1	108914383	108914384	+	0.409091	mod_ratio	68	A	GAACT	ok	True
chr1	108918625	108918626	+	0.606061	mod_ratio	68	A	GAACA	ok	True
chr1	108918695	108918696	+	0.373134	mod_ratio	68	A	AGACT	ok	True
chr1	108929970	108929971	+	0.627907	mod_ratio	51	A	AAACA	ok	True
chr1	109229534	109229535	+	0.666667	mod_ratio	72	A	GAACC	ok	True
chr1	109230884	109230885	+	0.534247	mod_ratio	74	A	GGACA	ok	True
chr1	109236543	109236544	+	0.607407	mod_ratio	137	A	GGACA	ok	True
chr1	109237731	109237732	+	0.155405	mod_ratio	149	A	GGACT	ok	True
chr1	109238091	109238092	+	0.179856	mod_ratio	154	A	AAACC	ok	True
chr1	109279790	109279791	-	0.526316	mod_ratio	57	T	TGTCC	ok	True
chr1	109280116	109280117	-	0.522727	mod_ratio	44	T	GGTTT	ok	True
chr1	109401982	109401983	-	0.116203	mod_ratio	615	T	TGTCC	ok	True
chr1	109401993	109401994	-	0.100977	mod_ratio	617	T	AGTTC	ok	True
chr1	109402019	109402020	-	0.461039	mod_ratio	619	T	TGTCC	ok	True
chr1	109409934	109409935	-	0.404321	mod_ratio	651	T	TGTTT	ok	True
chr1	109409966	109409967	-	0.240683	mod_ratio	648	T	TGTTT	ok	True
chr1	109412159	109412160	-	0.113176	mod_ratio	593	T	TGTCT	ok	True
chr1	109412182	109412183	-	0.405822	mod_ratio	587	T	GGTTC	ok	True
chr1	109413072	109413073	-	0.106713	mod_ratio	584	T	TGTCT	ok	True
chr1	109573770	109573771	+	0.307692	mod_ratio	79	A	AAACA	ok	True
chr1	109573934	109573935	+	0.703704	mod_ratio	83	A	AAACA	ok	True
chr1	109582515	109582516	+	0.323232	mod_ratio	100	A	AGACC	ok	True
chr1	109582533	109582534	+	0.606061	mod_ratio	101	A	AAACA	ok	True
chr1	109586751	109586752	+	0.262136	mod_ratio	104	A	AAACT	ok	True
chr1	109592099	109592100	+	0.468354	mod_ratio	80	A	GAACA	ok	True
chr1	109592479	109592480	+	0.267442	mod_ratio	86	A	GAACT	ok	True
chr1	109592662	109592663	+	0.942529	mod_ratio	88	A	AAACC	ok	True
chr1	109592755	109592756	+	0.425	mod_ratio	87	A	AAACA	ok	True
chr1	109593157	109593158	+	0.445783	mod_ratio	85	A	AAACA	ok	True
chr1	109737058	109737059	-	0.185676	mod_ratio	380	T	AGTCT	ok	True
chr1	109737523	109737524	-	0.207547	mod_ratio	375	T	GGTTC	ok	True
chr1	109737703	109737704	-	0.219178	mod_ratio	367	T	TGTTT	ok	True
chr1	109737712	109737713	-	0.162088	mod_ratio	368	T	TGTCC	ok	True
chr1	109737745	109737746	-	0.432133	mod_ratio	365	T	AGTTT	ok	True
chr1	109738182	109738183	-	0.21345	mod_ratio	348	T	AGTCT	ok	True
chr1	109739438	109739439	-	0.165109	mod_ratio	324	T	AGTCC	ok	True
chr1	110021712	110021713	+	0.712329	mod_ratio	76	A	GAACC	ok	True
chr1	110021844	110021845	+	0.410256	mod_ratio	81	A	GAACT	ok	True
chr1	110022322	110022323	+	0.301075	mod_ratio	94	A	AGACT	ok	True
chr1	110401359	110401360	-	0.515723	mod_ratio	322	T	GGTCC	ok	True
chr1	110401453	110401454	-	0.160377	mod_ratio	322	T	AGTTC	ok	True
chr1	110401486	110401487	-	0.214058	mod_ratio	323	T	AGTTC	ok	True
chr1	110401564	110401565	-	0.457944	mod_ratio	535	T	TGTTT	ok	True
chr1	110401580	110401581	-	0.112782	mod_ratio	533	T	TGTTC	ok	True
chr1	110406330	110406331	-	0.128405	mod_ratio	516	T	AGTCC	ok	True
chr1	111117957	111117958	-	0.509804	mod_ratio	52	T	TGTTT	ok	True
chr1	111440473	111440474	-	0.373333	mod_ratio	76	T	AGTTT	ok	True
chr1	111440660	111440661	-	0.291139	mod_ratio	83	T	AGTTT	ok	True
chr1	111441025	111441026	-	0.212121	mod_ratio	137	T	TGTCC	ok	True
chr1	111441157	111441158	-	0.192308	mod_ratio	130	T	TGTCT	ok	True
chr1	111441302	111441303	-	0.186207	mod_ratio	146	T	GGTCC	ok	True
chr1	111442042	111442043	-	0.177778	mod_ratio	137	T	AGTCC	ok	True
chr1	111442730	111442731	-	0.296296	mod_ratio	136	T	TGTCC	ok	True
chr1	111449528	111449529	+	0.23494	mod_ratio	678	A	GGACT	ok	True
chr1	111454303	111454304	+	0.198649	mod_ratio	751	A	GGACT	ok	True
chr1	111456102	111456103	+	0.270513	mod_ratio	797	A	GAACT	ok	True
chr1	111456156	111456157	+	0.105793	mod_ratio	805	A	AGACC	ok	True
chr1	111456239	111456240	+	0.512758	mod_ratio	835	A	AAACT	ok	True
chr1	111456634	111456635	+	0.200721	mod_ratio	840	A	AAACT	ok	True
chr1	111459535	111459536	+	0.205977	mod_ratio	942	A	GGACT	ok	True
chr1	111461024	111461025	+	0.188139	mod_ratio	986	A	AAACA	ok	True
chr1	111461046	111461047	+	0.176234	mod_ratio	998	A	AAACT	ok	True
chr1	111461242	111461243	+	0.105954	mod_ratio	998	A	AAACT	ok	True
chr1	111709184	111709185	+	0.545455	mod_ratio	44	A	AAACA	ok	True
chr1	111767005	111767006	+	0.589744	mod_ratio	39	A	AAACT	ok	True
chr1	112670739	112670740	+	0.433962	mod_ratio	56	A	GAACT	ok	True
chr1	112670765	112670766	+	0.518519	mod_ratio	58	A	GAACC	ok	True
chr1	112670893	112670894	+	0.521127	mod_ratio	75	A	AAACA	ok	True
chr1	112671023	112671024	+	0.4	mod_ratio	82	A	AAACA	ok	True
chr1	112701413	112701414	-	0.114815	mod_ratio	271	T	AGTCC	ok	True
chr1	112701634	112701635	-	0.192982	mod_ratio	228	T	GGTCT	ok	True
chr1	112701684	112701685	-	0.126697	mod_ratio	223	T	TGTCC	ok	True
chr1	112703099	112703100	-	0.18617	mod_ratio	189	T	TGTCC	ok	True
chr1	112703665	112703666	-	0.256684	mod_ratio	189	T	TGTCC	ok	True
chr1	112912370	112912371	-	0.8	mod_ratio	53	T	TGTTT	ok	True
chr1	114567739	114567740	-	0.915254	mod_ratio	99	T	TGTTT	ok	True
chr1	114568054	114568055	-	0.289474	mod_ratio	114	T	TGTCC	ok	True
chr1	114568075	114568076	-	0.327434	mod_ratio	113	T	AGTTC	ok	True
chr1	114570051	114570052	-	0.391753	mod_ratio	98	T	AGTTT	ok	True
chr1	114575633	114575634	-	0.702128	mod_ratio	94	T	AGTTC	ok	True
chr1	114575685	114575686	-	0.615385	mod_ratio	93	T	TGTTT	ok	True
chr1	114576757	114576758	-	0.544444	mod_ratio	91	T	AGTCT	ok	True
chr1	114709622	114709623	-	0.892857	mod_ratio	31	T	AGTTC	ok	True
chr1	114716993	114716994	-	0.486486	mod_ratio	74	T	TGTTT	ok	True
chr1	114717000	114717001	-	0.364865	mod_ratio	74	T	TGTTT	ok	True
chr1	114717122	114717123	-	0.333333	mod_ratio	78	T	AGTCC	ok	True
chr1	114717326	114717327	-	0.153846	mod_ratio	175	T	TGTTT	ok	True
chr1	114717413	114717414	-	0.521739	mod_ratio	190	T	TGTTT	ok	True
chr1	114717423	114717424	-	0.625668	mod_ratio	189	T	TGTTT	ok	True
chr1	114717698	114717699	-	0.198718	mod_ratio	157	T	GGTCC	ok	True
chr1	114717844	114717845	-	0.226277	mod_ratio	139	T	AGTCT	ok	True
chr1	114717950	114717951	-	0.184615	mod_ratio	131	T	AGTTT	ok	True
chr1	114718627	114718628	-	0.170507	mod_ratio	219	T	GGTCC	ok	True
chr1	114720597	114720598	-	0.550562	mod_ratio	179	T	AGTTT	ok	True
chr1	114723918	114723919	-	0.170886	mod_ratio	158	T	AGTCT	ok	True
chr1	114725229	114725230	-	0.321918	mod_ratio	148	T	TGTTT	ok	True
chr1	114725302	114725303	-	0.28777	mod_ratio	141	T	AGTTC	ok	True
chr1	114726247	114726248	-	0.664122	mod_ratio	134	T	TGTTT	ok	True
chr1	114727045	114727046	-	0.333333	mod_ratio	111	T	AGTTT	ok	True
chr1	114730377	114730378	-	0.263158	mod_ratio	96	T	AGTTT	ok	True
chr1	114730550	114730551	-	0.255556	mod_ratio	92	T	GGTTC	ok	True
chr1	114732685	114732686	-	0.864198	mod_ratio	84	T	GGTCT	ok	True
chr1	114733772	114733773	-	0.375	mod_ratio	81	T	AGTTC	ok	True
chr1	114733814	114733815	-	0.589744	mod_ratio	81	T	TGTTC	ok	True
chr1	114734477	114734478	-	0.373333	mod_ratio	76	T	TGTTT	ok	True
chr1	114736759	114736760	-	0.315068	mod_ratio	73	T	TGTTT	ok	True
chr1	114738013	114738014	-	0.351351	mod_ratio	74	T	AGTTT	ok	True
chr1	114738044	114738045	-	0.48	mod_ratio	75	T	GGTCC	ok	True
chr1	116388725	116388726	+	0.575	mod_ratio	40	A	AGACC	ok	True
chr1	116393609	116393610	+	0.462963	mod_ratio	56	A	AGACC	ok	True
chr1	116399025	116399026	+	0.297872	mod_ratio	94	A	AAACA	ok	True
chr1	116399472	116399473	+	0.280992	mod_ratio	122	A	AGACA	ok	True
chr1	116401587	116401588	+	0.349693	mod_ratio	167	A	AGACA	ok	True
chr1	116403883	116403884	+	0.182353	mod_ratio	174	A	AGACC	ok	True
chr1	116404432	116404433	+	0.166667	mod_ratio	198	A	AAACC	ok	True
chr1	116404535	116404536	+	0.263158	mod_ratio	210	A	GAACT	ok	True
chr1	116404635	116404636	+	0.453271	mod_ratio	214	A	AAACC	ok	True
chr1	116404714	116404715	+	0.16	mod_ratio	203	A	AGACT	ok	True
chr1	119033013	119033014	-	0.793103	mod_ratio	29	T	TGTCC	ok	True
chr1	119711959	119711960	+	0.381188	mod_ratio	207	A	GAACC	ok	True
chr1	119712125	119712126	+	0.165254	mod_ratio	239	A	GAACC	ok	True
chr1	119721170	119721171	+	0.216667	mod_ratio	248	A	GGACT	ok	True
chr1	119721237	119721238	+	0.128514	mod_ratio	255	A	AAACT	ok	True
chr1	119721272	119721273	+	0.308	mod_ratio	257	A	GGACA	ok	True
chr1	119721320	119721321	+	0.126984	mod_ratio	255	A	GAAGT	ok	False
chr1	119723389	119723390	+	0.486056	mod_ratio	258	A	GAACA	ok	True
chr1	119723408	119723409	+	0.160784	mod_ratio	267	A	GAACT	ok	True
chr1	119727012	119727013	+	0.292096	mod_ratio	298	A	GAACA	ok	True
chr1	119734633	119734634	+	0.109677	mod_ratio	314	A	AGACT	ok	True
chr1	119735348	119735349	+	0.276836	mod_ratio	369	A	GAACT	ok	True
chr1	119737126	119737127	+	0.131234	mod_ratio	390	A	GGACC	ok	True
chr1	119737141	119737142	+	0.180412	mod_ratio	394	A	GGACC	ok	True
chr1	119737234	119737235	+	0.161972	mod_ratio	439	A	GGACA	ok	True
chr1	119740460	119740461	+	0.554604	mod_ratio	471	A	GGACA	ok	True
chr1	119740496	119740497	+	0.110403	mod_ratio	482	A	GGACC	ok	True
chr1	119741768	119741769	+	0.11875	mod_ratio	485	A	GAACA	ok	True
chr1	119741790	119741791	+	0.483936	mod_ratio	549	A	GAACT	ok	True
chr1	119741853	119741854	+	0.320557	mod_ratio	580	A	GAACT	ok	True
chr1	119742981	119742982	+	0.18626	mod_ratio	659	A	GGACC	ok	True
chr1	119743004	119743005	+	0.198786	mod_ratio	664	A	GGACT	ok	True
chr1	119744084	119744085	+	0.185022	mod_ratio	686	A	AAACC	ok	True
chr1	120913384	120913385	+	0.436364	mod_ratio	61	A	AGACC	ok	True
chr1	120953312	120953313	+	0.428571	mod_ratio	71	A	AAACT	ok	True
chr1	120953327	120953328	+	0.434783	mod_ratio	71	A	GAACC	ok	True
chr1	145839901	145839902	+	0.605263	mod_ratio	41	A	AAACA	ok	True
chr1	145925802	145925803	-	0.737864	mod_ratio	214	T	AGTTC	ok	True
chr1	145925897	145925898	-	0.109589	mod_ratio	220	T	GGTCT	ok	True
chr1	145926096	145926097	-	0.344037	mod_ratio	219	T	TGTCC	ok	True
chr1	145926495	145926496	-	0.138095	mod_ratio	215	T	TGTTC	ok	True
chr1	145926521	145926522	-	0.295775	mod_ratio	214	T	TGTTT	ok	True
chr1	145926818	145926819	-	0.208738	mod_ratio	207	T	GGTCC	ok	True
chr1	145927063	145927064	-	0.151832	mod_ratio	193	T	AGTTT	ok	True
chr1	146156797	146156798	-	0.543478	mod_ratio	46	T	GGTCC	ok	True
chr1	149900761	149900762	+	0.577778	mod_ratio	50	A	AAACA	ok	True
chr1	150294028	150294029	+	0.391304	mod_ratio	70	A	GAACT	ok	True
chr1	150294374	150294375	+	0.193548	mod_ratio	595	A	AAACA	ok	True
chr1	150294396	150294397	+	0.121622	mod_ratio	597	A	GGACT	ok	True
chr1	150294445	150294446	+	0.185309	mod_ratio	604	A	AAACA	ok	True
chr1	150308076	150308077	+	0.405583	mod_ratio	613	A	GGACA	ok	True
chr1	150308242	150308243	+	0.482871	mod_ratio	617	A	GGACA	ok	True
chr1	150308256	150308257	+	0.224109	mod_ratio	613	A	AAACC	ok	True
chr1	150308328	150308329	+	0.378753	mod_ratio	533	A	AAACT	ok	True
chr1	150352873	150352874	+	0.547619	mod_ratio	42	A	AAACA	ok	True
chr1	150622155	150622156	-	0.347222	mod_ratio	74	T	TGTTT	ok	True
chr1	150622160	150622161	-	0.763889	mod_ratio	75	T	TGTTT	ok	True
chr1	150622201	150622202	-	0.346154	mod_ratio	81	T	GGTTC	ok	True
chr1	150622512	150622513	-	0.432432	mod_ratio	74	T	TGTTT	ok	True
chr1	150622646	150622647	-	0.758621	mod_ratio	59	T	GGTTC	ok	True
chr1	151169060	151169061	+	0.342105	mod_ratio	77	A	GAACC	ok	True
chr1	151262165	151262166	+	0.401515	mod_ratio	134	A	GGACA	ok	True
chr1	151264904	151264905	+	0.284024	mod_ratio	170	A	GGACA	ok	True
chr1	151265173	151265174	+	0.138728	mod_ratio	174	A	AAACT	ok	True
chr1	151265427	151265428	+	0.755435	mod_ratio	188	A	AAACA	ok	True
chr1	151266105	151266106	+	0.390845	mod_ratio	285	A	GGACT	ok	True
chr1	151266307	151266308	+	0.21831	mod_ratio	286	A	AGACT	ok	True
chr1	151266567	151266568	+	0.16443	mod_ratio	301	A	GGACA	ok	True
chr1	151267230	151267231	+	0.302013	mod_ratio	300	A	GAACC	ok	True
chr1	151267317	151267318	+	0.130435	mod_ratio	300	A	GGACA	ok	True
chr1	151267344	151267345	+	0.264214	mod_ratio	300	A	AGACT	ok	True
chr1	151267379	151267380	+	0.153061	mod_ratio	299	A	GGACT	ok	True
chr1	151364322	151364323	-	0.428571	mod_ratio	107	T	AGTTT	ok	True
chr1	151364541	151364542	-	0.211864	mod_ratio	118	T	AGTTC	ok	True
chr1	151365221	151365222	-	0.336538	mod_ratio	106	T	AGTTC	ok	True
chr1	151366451	151366452	-	0.264368	mod_ratio	88	T	AGTCC	ok	True
chr1	151368283	151368284	-	0.370968	mod_ratio	62	T	AGTTC	ok	True
chr1	151369511	151369512	-	0.526316	mod_ratio	58	T	TGTTT	ok	True
chr1	151399643	151399644	+	0.483051	mod_ratio	136	A	GGACA	ok	True
chr1	151400468	151400469	+	0.362396	mod_ratio	1330	A	GGACA	ok	True
chr1	151400539	151400540	+	0.528676	mod_ratio	1373	A	GAACC	ok	True
chr1	151400780	151400781	+	0.19341	mod_ratio	1399	A	GGACA	ok	True
chr1	151401283	151401284	+	0.344875	mod_ratio	1448	A	AGACC	ok	True
chr1	151401601	151401602	+	0.329904	mod_ratio	1466	A	AGACC	ok	True
chr1	151401850	151401851	+	0.101585	mod_ratio	1396	A	GAACT	ok	True
chr1	151401878	151401879	+	0.273923	mod_ratio	1381	A	GAACT	ok	True
chr1	151401899	151401900	+	0.216327	mod_ratio	1294	A	AGACT	ok	True
chr1	151759690	151759691	-	0.308824	mod_ratio	139	T	TGTTC	ok	True
chr1	151759695	151759696	-	0.544118	mod_ratio	139	T	AGTTT	ok	True
chr1	151759746	151759747	-	0.328767	mod_ratio	147	T	TGTTT	ok	True
chr1	151759750	151759751	-	0.285714	mod_ratio	147	T	TGTCC	ok	True
chr1	151759797	151759798	-	0.353741	mod_ratio	147	T	GGTTT	ok	True
chr1	151759803	151759804	-	0.666667	mod_ratio	147	T	GGTCT	ok	True
chr1	151759923	151759924	-	0.312925	mod_ratio	147	T	AGTCT	ok	True
chr1	151759930	151759931	-	0.157534	mod_ratio	147	T	TGTCT	ok	True
chr1	151760120	151760121	-	0.18705	mod_ratio	142	T	GGTCT	ok	True
chr1	151760137	151760138	-	0.381295	mod_ratio	141	T	AGTTC	ok	True
chr1	151761484	151761485	-	0.367188	mod_ratio	131	T	GGTTC	ok	True
chr1	151761505	151761506	-	0.253968	mod_ratio	128	T	TGTTC	ok	True
chr1	151762121	151762122	-	0.427419	mod_ratio	125	T	GGTCT	ok	True
chr1	151762149	151762150	-	0.266667	mod_ratio	123	T	TGTCT	ok	True
chr1	151874389	151874390	-	0.681818	mod_ratio	46	T	TGTTT	ok	True
chr1	151983277	151983278	-	0.119171	mod_ratio	391	T	GGTCC	ok	True
chr1	151986240	151986241	-	0.196023	mod_ratio	353	T	GGTCC	ok	True
chr1	152032636	152032637	-	0.433162	mod_ratio	783	T	GGTTT	ok	True
chr1	152032776	152032777	-	0.301837	mod_ratio	771	T	TGTCC	ok	True
chr1	152032821	152032822	-	0.126174	mod_ratio	752	T	GGTTC	ok	True
chr1	152033775	152033776	-	0.173653	mod_ratio	683	T	AGTCT	ok	True
chr1	152036988	152036989	-	0.373239	mod_ratio	375	T	GGTCT	ok	True
chr1	153534762	153534763	-	0.151422	mod_ratio	2621	T	AGTTC	ok	True
chr1	153534786	153534787	-	0.155693	mod_ratio	2610	T	GGTCC	ok	True
chr1	153534792	153534793	-	0.137163	mod_ratio	2609	T	AGTCT	ok	True
chr1	153543667	153543668	-	0.124918	mod_ratio	1546	T	TGTCT	ok	True
chr1	153543755	153543756	-	0.156522	mod_ratio	1626	T	AGTTT	ok	True
chr1	153543852	153543853	-	0.689113	mod_ratio	1601	T	AGTCC	ok	True
chr1	153543864	153543865	-	0.568096	mod_ratio	1598	T	TGTCC	ok	True
chr1	153543876	153543877	-	0.270662	mod_ratio	1594	T	TGTCC	ok	True
chr1	153544695	153544696	-	0.845555	mod_ratio	1560	T	AGTTC	ok	True
chr1	153606904	153606905	-	0.335404	mod_ratio	210	T	GGTTT	ok	True
chr1	153607039	153607040	-	0.659751	mod_ratio	241	T	AGTCC	ok	True
chr1	153607091	153607092	-	0.149378	mod_ratio	241	T	GGTCT	ok	True
chr1	153607393	153607394	-	0.152466	mod_ratio	225	T	AGTTC	ok	True
chr1	153608011	153608012	-	0.563636	mod_ratio	166	T	GGTTC	ok	True
chr1	153608098	153608099	-	0.154839	mod_ratio	157	T	AGTTT	ok	True
chr1	153612963	153612964	-	0.257576	mod_ratio	136	T	AGTCT	ok	True
chr1	153618839	153618840	-	0.306358	mod_ratio	201	T	GGTTC	ok	True
chr1	153618916	153618917	-	0.22467	mod_ratio	227	T	GGTCT	ok	True
chr1	153618988	153618989	-	0.145374	mod_ratio	227	T	AGTCC	ok	True
chr1	153626429	153626430	-	0.16129	mod_ratio	220	T	GGTCT	ok	True
chr1	153626460	153626461	-	0.322581	mod_ratio	218	T	GGTTC	ok	True
chr1	153626497	153626498	-	0.148837	mod_ratio	215	T	TGTCC	ok	True
chr1	153638318	153638319	+	0.565217	mod_ratio	55	A	AAACA	ok	True
chr1	153645171	153645172	+	0.261364	mod_ratio	89	A	GGACA	ok	True
chr1	153645388	153645389	+	0.323944	mod_ratio	73	A	GGACT	ok	True
chr1	153661218	153661219	+	0.626087	mod_ratio	116	A	AAACC	ok	True
chr1	153661238	153661239	+	0.692308	mod_ratio	120	A	AAACA	ok	True
chr1	153661381	153661382	+	0.793388	mod_ratio	124	A	AGACA	ok	True
chr1	153661394	153661395	+	0.219512	mod_ratio	123	A	AGACC	ok	True
chr1	153661473	153661474	+	0.386555	mod_ratio	121	A	AAACC	ok	True
chr1	153661506	153661507	+	0.276423	mod_ratio	124	A	GGACT	ok	True
chr1	153662058	153662059	-	0.146835	mod_ratio	420	T	AGTTT	ok	True
chr1	153662273	153662274	-	0.358531	mod_ratio	468	T	AGTTT	ok	True
chr1	153662358	153662359	-	0.150985	mod_ratio	460	T	AGTCT	ok	True
chr1	153662406	153662407	-	0.295302	mod_ratio	452	T	AGTTT	ok	True
chr1	153662440	153662441	-	0.349099	mod_ratio	446	T	GGTTC	ok	True
chr1	153663024	153663025	-	0.130982	mod_ratio	398	T	TGTTC	ok	True
chr1	153663243	153663244	-	0.137466	mod_ratio	374	T	TGTCT	ok	True
chr1	153665226	153665227	-	0.100629	mod_ratio	322	T	AGTTC	ok	True
chr1	153665238	153665239	-	0.120635	mod_ratio	324	T	AGTTT	ok	True
chr1	153665312	153665313	-	0.233898	mod_ratio	305	T	AGTTT	ok	True
chr1	153667600	153667601	-	0.137405	mod_ratio	265	T	TGTCC	ok	True
chr1	153667614	153667615	-	0.269231	mod_ratio	264	T	TGTCC	ok	True
chr1	153668010	153668011	-	0.507752	mod_ratio	261	T	TGTCC	ok	True
chr1	153668045	153668046	-	0.275194	mod_ratio	260	T	TGTTT	ok	True
chr1	153668455	153668456	-	0.2	mod_ratio	256	T	TGTTC	ok	True
chr1	153668514	153668515	-	0.112	mod_ratio	253	T	AGTTT	ok	True
chr1	153959275	153959276	-	0.571429	mod_ratio	71	T	TGTTT	ok	True
chr1	153959291	153959292	-	0.357143	mod_ratio	70	T	TGTTT	ok	True
chr1	153959515	153959516	-	0.353846	mod_ratio	65	T	TGTTT	ok	True
chr1	153974614	153974615	-	0.297087	mod_ratio	516	T	AGTCC	ok	True
chr1	153975901	153975902	-	0.460606	mod_ratio	501	T	AGTTT	ok	True
chr1	153977357	153977358	-	0.520286	mod_ratio	420	T	GGTTC	ok	True
chr1	153977449	153977450	-	0.30343	mod_ratio	380	T	TGTTT	ok	True
chr1	153984731	153984732	-	0.340659	mod_ratio	92	T	AGTTT	ok	True
chr1	153986144	153986145	-	0.439024	mod_ratio	84	T	TGTCC	ok	True
chr1	153991161	153991162	+	0.225334	mod_ratio	2404	A	AAACA	ok	True
chr1	153992121	153992122	+	0.20078	mod_ratio	2232	A	AAACC	ok	True
chr1	153992134	153992135	+	0.82785	mod_ratio	1972	A	AAACA	ok	True
chr1	154156376	154156377	-	0.164286	mod_ratio	337	T	GGTTC	ok	True
chr1	154156660	154156661	-	0.136139	mod_ratio	412	T	AGTTT	ok	True
chr1	154156799	154156800	-	0.1875	mod_ratio	372	T	AGTTT	ok	True
chr1	154156953	154156954	-	0.189189	mod_ratio	340	T	GGTCT	ok	True
chr1	154157066	154157067	-	0.105263	mod_ratio	292	T	TGTTT	ok	True
chr1	154157078	154157079	-	0.157343	mod_ratio	293	T	TGTTT	ok	True
chr1	154157111	154157112	-	0.183453	mod_ratio	286	T	GGTTT	ok	True
chr1	154157142	154157143	-	0.128205	mod_ratio	281	T	GGTTT	ok	True
chr1	154157157	154157158	-	0.182836	mod_ratio	278	T	AGTCT	ok	True
chr1	154157172	154157173	-	0.212687	mod_ratio	272	T	TGTTT	ok	True
chr1	154157311	154157312	-	0.26971	mod_ratio	245	T	TGTTT	ok	True
chr1	154157421	154157422	-	0.179167	mod_ratio	242	T	TGTTT	ok	True
chr1	154157479	154157480	-	0.168776	mod_ratio	241	T	AGTTT	ok	True
chr1	154157669	154157670	-	0.259434	mod_ratio	216	T	GGTCC	ok	True
chr1	154157716	154157717	-	0.29064	mod_ratio	207	T	AGTTT	ok	True
chr1	154170657	154170658	-	0.291339	mod_ratio	129	T	AGTTT	ok	True
chr1	154172073	154172074	-	0.729508	mod_ratio	124	T	AGTCT	ok	True
chr1	154173149	154173150	-	0.329545	mod_ratio	92	T	AGTTC	ok	True
chr1	154206735	154206736	-	0.476923	mod_ratio	348	T	AGTTC	ok	True
chr1	154206926	154206927	-	0.45679	mod_ratio	409	T	GGTTT	ok	True
chr1	154206991	154206992	-	0.2267	mod_ratio	399	T	AGTTC	ok	True
chr1	154207044	154207045	-	0.414062	mod_ratio	390	T	AGTTC	ok	True
chr1	154207348	154207349	-	0.611765	mod_ratio	344	T	AGTCT	ok	True
chr1	154212462	154212463	-	0.43617	mod_ratio	286	T	TGTCC	ok	True
chr1	154212477	154212478	-	0.458781	mod_ratio	285	T	TGTTT	ok	True
chr1	154212542	154212543	-	0.169811	mod_ratio	267	T	TGTTT	ok	True
chr1	154214471	154214472	-	0.115226	mod_ratio	245	T	GGTTT	ok	True
chr1	154214487	154214488	-	0.248963	mod_ratio	242	T	AGTCT	ok	True
chr1	154219850	154219851	-	0.161972	mod_ratio	145	T	TGTCC	ok	True
chr1	154220432	154220433	-	0.119617	mod_ratio	211	T	TGTTC	ok	True
chr1	154220438	154220439	-	0.138756	mod_ratio	210	T	GGTTT	ok	True
chr1	154220495	154220496	-	0.133005	mod_ratio	205	T	GGTCC	ok	True
chr1	154263220	154263221	+	0.424779	mod_ratio	113	A	AAACC	ok	True
chr1	154263225	154263226	+	0.238938	mod_ratio	113	A	AGACC	ok	True
chr1	154263309	154263310	+	0.265306	mod_ratio	118	A	GAACT	ok	True
chr1	154272683	154272684	+	0.273224	mod_ratio	187	A	GGACC	ok	True
chr1	154273424	154273425	+	0.203883	mod_ratio	210	A	GAACC	ok	True
chr1	154273774	154273775	+	0.125523	mod_ratio	242	A	GAACT	ok	True
chr1	154273810	154273811	+	0.158301	mod_ratio	262	A	AGACT	ok	True
chr1	154273822	154273823	+	0.21374	mod_ratio	264	A	GGACA	ok	True
chr1	154273836	154273837	+	0.140152	mod_ratio	266	A	GGACT	ok	True
chr1	154274985	154274986	+	0.255102	mod_ratio	294	A	GAACC	ok	True
chr1	154274995	154274996	+	0.631399	mod_ratio	294	A	GGACA	ok	True
chr1	154275250	154275251	+	0.201258	mod_ratio	319	A	AAACC	ok	True
chr1	154275420	154275421	+	0.125767	mod_ratio	327	A	GGACA	ok	True
chr1	154275440	154275441	+	0.11315	mod_ratio	329	A	AGACT	ok	True
chr1	154275631	154275632	+	0.120588	mod_ratio	340	A	AGACC	ok	True
chr1	154275813	154275814	+	0.219941	mod_ratio	346	A	GAACT	ok	True
chr1	154275845	154275846	+	0.469595	mod_ratio	321	A	AAACT	ok	True
chr1	154275858	154275859	+	0.150235	mod_ratio	294	A	AAACC	ok	True
chr1	154924974	154924975	-	0.319444	mod_ratio	76	T	GGTTT	ok	True
chr1	154925031	154925032	-	0.636364	mod_ratio	69	T	TGTTC	ok	True
chr1	154925185	154925186	-	0.611111	mod_ratio	56	T	TGTTC	ok	True
chr1	154962839	154962840	-	0.75	mod_ratio	32	T	AGTTC	ok	True
chr1	154974734	154974735	+	0.102273	mod_ratio	443	A	AAACC	ok	True
chr1	154978109	154978110	+	0.20911	mod_ratio	485	A	GAACC	ok	True
chr1	154978764	154978765	+	0.148297	mod_ratio	502	A	AAACC	ok	True
chr1	154979103	154979104	+	0.305455	mod_ratio	553	A	AAACT	ok	True
chr1	154979179	154979180	+	0.305769	mod_ratio	525	A	AAACT	ok	True
chr1	154993063	154993064	+	0.604651	mod_ratio	43	A	GGACA	ok	True
chr1	155134168	155134169	+	0.474576	mod_ratio	60	A	GAACC	ok	True
chr1	155134308	155134309	+	0.58209	mod_ratio	69	A	AGACA	ok	True
chr1	155138258	155138259	+	0.8	mod_ratio	46	A	GAACT	ok	True
chr1	155139936	155139937	-	0.2	mod_ratio	156	T	TGTCC	ok	True
chr1	155169443	155169444	-	0.651549	mod_ratio	920	T	AGTTT	ok	True
chr1	155173241	155173242	-	0.149194	mod_ratio	275	T	AGTCC	ok	True
chr1	155210549	155210550	+	0.3875	mod_ratio	80	A	GAACT	ok	True
chr1	155213524	155213525	+	0.314516	mod_ratio	124	A	AGACT	ok	True
chr1	155213552	155213553	+	0.379032	mod_ratio	124	A	GAACC	ok	True
chr1	155213718	155213719	+	0.231405	mod_ratio	122	A	AGACT	ok	True
chr1	155256132	155256133	-	0.229592	mod_ratio	197	T	GGTTC	ok	True
chr1	155256328	155256329	-	0.164021	mod_ratio	190	T	GGTTC	ok	True
chr1	155260376	155260377	-	0.714286	mod_ratio	65	T	GGTCC	ok	True
chr1	155308869	155308870	+	0.591549	mod_ratio	101	A	GAACT	ok	True
chr1	155308936	155308937	+	0.602871	mod_ratio	211	A	GGACC	ok	True
chr1	155308961	155308962	+	0.48374	mod_ratio	247	A	GAACA	ok	True
chr1	155310074	155310075	+	0.353535	mod_ratio	301	A	AGACC	ok	True
chr1	155312340	155312341	+	0.158192	mod_ratio	356	A	AAACA	ok	True
chr1	155312371	155312372	+	0.284123	mod_ratio	360	A	GGACT	ok	True
chr1	155312391	155312392	+	0.78273	mod_ratio	360	A	GAACT	ok	True
chr1	155317999	155318000	+	0.152174	mod_ratio	374	A	GGACA	ok	True
chr1	155318268	155318269	+	0.150568	mod_ratio	712	A	GAACC	ok	True
chr1	155318676	155318677	+	0.373072	mod_ratio	718	A	AGACT	ok	True
chr1	155318691	155318692	+	0.103208	mod_ratio	721	A	AGACC	ok	True
chr1	155318698	155318699	+	0.130919	mod_ratio	721	A	GGACC	ok	True
chr1	155318880	155318881	+	0.124157	mod_ratio	750	A	AGACA	ok	True
chr1	155319857	155319858	+	0.23125	mod_ratio	806	A	GGACA	ok	True
chr1	155320536	155320537	+	0.142857	mod_ratio	801	A	GAACA	ok	True
chr1	155725419	155725420	+	0.333333	mod_ratio	121	A	AAACC	ok	True
chr1	155725451	155725452	+	0.508197	mod_ratio	123	A	AAACA	ok	True
chr1	155727711	155727712	+	0.258503	mod_ratio	149	A	AAACT	ok	True
chr1	155727733	155727734	+	0.308725	mod_ratio	150	A	GAACC	ok	True
chr1	155729118	155729119	+	0.150943	mod_ratio	159	A	GAACA	ok	True
chr1	155729336	155729337	+	0.461078	mod_ratio	170	A	GAACC	ok	True
chr1	155731976	155731977	+	0.127072	mod_ratio	182	A	AGACT	ok	True
chr1	155738204	155738205	+	0.172727	mod_ratio	222	A	GAACC	ok	True
chr1	155738361	155738362	+	0.125561	mod_ratio	223	A	GGACA	ok	True
chr1	156009130	156009131	-	0.148148	mod_ratio	219	T	AGTCC	ok	True
chr1	156009376	156009377	-	0.141631	mod_ratio	235	T	GGTCC	ok	True
chr1	156011863	156011864	-	0.151351	mod_ratio	188	T	TGTCC	ok	True
chr1	156018281	156018282	-	0.156863	mod_ratio	157	T	GGTCC	ok	True
chr1	156018349	156018350	-	0.66	mod_ratio	152	T	AGTTC	ok	True
chr1	156054880	156054881	+	0.244792	mod_ratio	193	A	GAACC	ok	True
chr1	156058439	156058440	+	0.293269	mod_ratio	214	A	GAACC	ok	True
chr1	156058449	156058450	+	0.19	mod_ratio	209	A	AGACA	ok	True
chr1	156058468	156058469	+	0.131868	mod_ratio	196	A	GGACT	ok	True
chr1	156058490	156058491	+	0.380952	mod_ratio	174	A	AAACT	ok	True
chr1	156134483	156134484	+	0.3125	mod_ratio	112	A	AGACC	ok	True
chr1	156134497	156134498	+	0.214286	mod_ratio	117	A	GAACT	ok	True
chr1	156134502	156134503	+	0.443478	mod_ratio	119	A	GGACT	ok	True
chr1	156134905	156134906	+	0.548148	mod_ratio	137	A	GAACT	ok	True
chr1	156134925	156134926	+	0.166667	mod_ratio	141	A	GGACC	ok	True
chr1	156135217	156135218	+	0.170068	mod_ratio	150	A	GAACA	ok	True
chr1	156135937	156135938	+	0.16129	mod_ratio	159	A	GGACT	ok	True
chr1	156135958	156135959	+	0.385093	mod_ratio	165	A	GGACA	ok	True
chr1	156136054	156136055	+	0.130682	mod_ratio	179	A	GGACA	ok	True
chr1	156136280	156136281	+	0.160622	mod_ratio	195	A	AGACA	ok	True
chr1	156136315	156136316	+	0.121212	mod_ratio	202	A	AAACT	ok	True
chr1	156136921	156136922	+	0.148148	mod_ratio	220	A	GGACC	ok	True
chr1	156137176	156137177	+	0.156051	mod_ratio	317	A	GAACA	ok	True
chr1	156137194	156137195	+	0.287975	mod_ratio	317	A	GAACA	ok	True
chr1	156138751	156138752	+	0.421875	mod_ratio	64	A	GAACC	ok	True
chr1	156239561	156239562	+	0.25	mod_ratio	117	A	GAACA	ok	True
chr1	156239794	156239795	+	0.555556	mod_ratio	136	A	GGACA	ok	True
chr1	156309042	156309043	-	0.106888	mod_ratio	867	T	TGTCT	ok	True
chr1	156309126	156309127	-	0.12709	mod_ratio	904	T	TGTTC	ok	True
chr1	156309167	156309168	-	0.115342	mod_ratio	902	T	GGTTC	ok	True
chr1	156310568	156310569	-	0.154664	mod_ratio	857	T	TGTCT	ok	True
chr1	156310577	156310578	-	0.129608	mod_ratio	855	T	AGTCT	ok	True
chr1	156310614	156310615	-	0.225335	mod_ratio	831	T	AGTTC	ok	True
chr1	156310624	156310625	-	0.176471	mod_ratio	828	T	TGTCC	ok	True
chr1	156310661	156310662	-	0.123916	mod_ratio	819	T	GGTCT	ok	True
chr1	156310669	156310670	-	0.104218	mod_ratio	815	T	AGTTC	ok	True
chr1	156311051	156311052	-	0.153846	mod_ratio	779	T	TGTTC	ok	True
chr1	156311139	156311140	-	0.163636	mod_ratio	733	T	GGTCC	ok	True
chr1	156312162	156312163	-	0.426667	mod_ratio	607	T	TGTTC	ok	True
chr1	156312184	156312185	-	0.30087	mod_ratio	588	T	AGTTC	ok	True
chr1	156317187	156317188	-	0.165103	mod_ratio	546	T	TGTCT	ok	True
chr1	156317464	156317465	-	0.331906	mod_ratio	474	T	TGTCC	ok	True
chr1	156317518	156317519	-	0.191874	mod_ratio	448	T	AGTCC	ok	True
chr1	156317546	156317547	-	0.801402	mod_ratio	442	T	AGTCT	ok	True
chr1	156318922	156318923	-	0.157761	mod_ratio	404	T	GGTTC	ok	True
chr1	156318994	156318995	-	0.136612	mod_ratio	370	T	AGTCT	ok	True
chr1	156320986	156320987	-	0.183607	mod_ratio	317	T	TGTTC	ok	True
chr1	156333567	156333568	-	0.410526	mod_ratio	289	T	GGTCC	ok	True
chr1	156334764	156334765	-	0.159259	mod_ratio	272	T	GGTCC	ok	True
chr1	156334896	156334897	-	0.161538	mod_ratio	262	T	TGTTC	ok	True
chr1	156335842	156335843	-	0.317647	mod_ratio	255	T	TGTTT	ok	True
chr1	156591879	156591880	+	0.174797	mod_ratio	247	A	AGACC	ok	True
chr1	156591928	156591929	+	0.23622	mod_ratio	255	A	GAACT	ok	True
chr1	156591946	156591947	+	0.121094	mod_ratio	262	A	GGACT	ok	True
chr1	156592172	156592173	+	0.210526	mod_ratio	287	A	GAACT	ok	True
chr1	156592468	156592469	+	0.361022	mod_ratio	314	A	AAACT	ok	True
chr1	156593424	156593425	+	0.207386	mod_ratio	358	A	GAACT	ok	True
chr1	156593484	156593485	+	0.14011	mod_ratio	373	A	GAACC	ok	True
chr1	156593517	156593518	+	0.125668	mod_ratio	376	A	GGACT	ok	True
chr1	156593923	156593924	+	0.239474	mod_ratio	383	A	AGACT	ok	True
chr1	156594198	156594199	+	0.921053	mod_ratio	121	A	AGACC	ok	True
chr1	156594271	156594272	+	0.323232	mod_ratio	106	A	AAACA	ok	True
chr1	156596090	156596091	-	0.455285	mod_ratio	123	T	TGTTC	ok	True
chr1	156596443	156596444	-	0.316667	mod_ratio	121	T	TGTTT	ok	True
chr1	156598087	156598088	-	0.820513	mod_ratio	117	T	GGTCT	ok	True
chr1	156598234	156598235	-	0.469565	mod_ratio	115	T	AGTTT	ok	True
chr1	156598287	156598288	-	0.589286	mod_ratio	112	T	GGTTT	ok	True
chr1	156699698	156699699	-	0.321739	mod_ratio	350	T	AGTCT	ok	True
chr1	156699752	156699753	-	0.123209	mod_ratio	352	T	GGTTT	ok	True
chr1	156700550	156700551	-	0.184211	mod_ratio	306	T	AGTTC	ok	True
chr1	156700576	156700577	-	0.108475	mod_ratio	301	T	GGTCC	ok	True
chr1	156700959	156700960	-	0.24359	mod_ratio	244	T	GGTTT	ok	True
chr1	156700976	156700977	-	0.26087	mod_ratio	235	T	TGTCT	ok	True
chr1	156700987	156700988	-	0.486607	mod_ratio	233	T	TGTTT	ok	True
chr1	156705562	156705563	-	0.198675	mod_ratio	155	T	AGTCC	ok	True
chr1	156737772	156737773	-	0.170139	mod_ratio	291	T	GGTTT	ok	True
chr1	156738094	156738095	-	0.148148	mod_ratio	280	T	GGTTC	ok	True
chr1	156738112	156738113	-	0.188679	mod_ratio	274	T	GGTCT	ok	True
chr1	156738346	156738347	-	0.262548	mod_ratio	265	T	TGTTC	ok	True
chr1	156738370	156738371	-	0.160784	mod_ratio	260	T	AGTTT	ok	True
chr1	156738525	156738526	-	0.174274	mod_ratio	252	T	TGTCC	ok	True
chr1	156738563	156738564	-	0.140078	mod_ratio	261	T	GGTTC	ok	True
chr1	156742154	156742155	-	0.291339	mod_ratio	131	T	GGTTC	ok	True
chr1	156742300	156742301	-	0.223881	mod_ratio	136	T	TGTCC	ok	True
chr1	156797313	156797314	+	0.833333	mod_ratio	44	A	AAACA	ok	True
chr1	159782416	159782417	+	0.34375	mod_ratio	128	A	GGACT	ok	True
chr1	159782429	159782430	+	0.265625	mod_ratio	128	A	AAACC	ok	True
chr1	159918351	159918352	-	0.297177	mod_ratio	673	T	AGTTC	ok	True
chr1	159918401	159918402	-	0.136778	mod_ratio	662	T	AGTCC	ok	True
chr1	159918554	159918555	-	0.140678	mod_ratio	597	T	GGTCC	ok	True
chr1	159918582	159918583	-	0.14082	mod_ratio	572	T	GGTCC	ok	True
chr1	159918587	159918588	-	0.235401	mod_ratio	570	T	AGTTT	ok	True
chr1	159918917	159918918	-	0.331849	mod_ratio	456	T	AGTTC	ok	True
chr1	159919671	159919672	-	0.22276	mod_ratio	425	T	GGTCC	ok	True
chr1	160289427	160289428	-	0.367347	mod_ratio	99	T	TGTCT	ok	True
chr1	160289576	160289577	-	0.382979	mod_ratio	95	T	TGTCC	ok	True
chr1	160289588	160289589	-	0.387097	mod_ratio	95	T	AGTTT	ok	True
chr1	160293176	160293177	-	0.896104	mod_ratio	82	T	TGTTT	ok	True
chr1	161100679	161100680	-	0.166667	mod_ratio	173	T	GGTCC	ok	True
chr1	161100734	161100735	-	0.224242	mod_ratio	166	T	AGTTT	ok	True
chr1	161102091	161102092	-	0.461538	mod_ratio	146	T	AGTTC	ok	True
chr1	161102136	161102137	-	0.223022	mod_ratio	141	T	AGTTT	ok	True
chr1	161102342	161102343	-	0.325758	mod_ratio	133	T	TGTTC	ok	True
chr1	161118015	161118016	-	0.276423	mod_ratio	128	T	TGTTC	ok	True
chr1	161157012	161157013	+	0.391026	mod_ratio	157	A	GAACT	ok	True
chr1	161158153	161158154	+	0.158192	mod_ratio	177	A	AAACC	ok	True
chr1	161158186	161158187	+	0.158192	mod_ratio	179	A	GGACT	ok	True
chr1	161158588	161158589	+	0.247706	mod_ratio	222	A	GGACA	ok	True
chr1	161158645	161158646	+	0.186567	mod_ratio	276	A	AAACA	ok	True
chr1	161158649	161158650	+	0.328413	mod_ratio	277	A	AAACA	ok	True
chr1	161158660	161158661	+	0.251825	mod_ratio	279	A	AAACA	ok	True
chr1	161158717	161158718	+	0.103203	mod_ratio	281	A	GGACA	ok	True
chr1	161171784	161171785	-	0.469388	mod_ratio	50	T	GGTTT	ok	True
chr1	161203512	161203513	+	0.662651	mod_ratio	84	A	AAACA	ok	True
chr1	161206451	161206452	+	0.363636	mod_ratio	91	A	GAACT	ok	True
chr1	161209217	161209218	+	0.26	mod_ratio	102	A	AGACT	ok	True
chr1	161209277	161209278	+	0.252525	mod_ratio	100	A	AAACA	ok	True
chr1	161209512	161209513	+	0.67619	mod_ratio	105	A	GAACC	ok	True
chr1	161209545	161209546	+	0.317757	mod_ratio	109	A	GGACC	ok	True
chr1	161210111	161210112	+	0.584746	mod_ratio	118	A	GGACC	ok	True
chr1	161210625	161210626	+	0.158621	mod_ratio	146	A	GGACC	ok	True
chr1	161210697	161210698	+	0.156463	mod_ratio	147	A	GGACT	ok	True
chr1	161213379	161213380	+	0.288344	mod_ratio	163	A	AGACT	ok	True
chr1	161213889	161213890	+	0.164894	mod_ratio	189	A	GGACA	ok	True
chr1	161328411	161328412	+	0.521739	mod_ratio	70	A	GAACC	ok	True
chr1	161356718	161356719	+	0.4	mod_ratio	82	A	GAACT	ok	True
chr1	161356737	161356738	+	0.439024	mod_ratio	82	A	GAACT	ok	True
chr1	161362588	161362589	+	0.210526	mod_ratio	114	A	AGACC	ok	True
chr1	161362772	161362773	+	0.251969	mod_ratio	127	A	AAACA	ok	True
chr1	161363072	161363073	+	0.18705	mod_ratio	139	A	GAACA	ok	True
chr1	161363165	161363166	+	0.36	mod_ratio	133	A	AAACT	ok	True
chr1	161757087	161757088	+	0.631579	mod_ratio	99	A	AAACT	ok	True
chr1	162599775	162599776	+	0.482143	mod_ratio	58	A	AAACA	ok	True
chr1	163349067	163349068	+	0.764706	mod_ratio	53	A	AAACT	ok	True
chr1	165651083	165651084	+	0.218085	mod_ratio	567	A	GAACA	ok	True
chr1	165655524	165655525	+	0.353319	mod_ratio	479	A	AAACT	ok	True
chr1	165655590	165655591	+	0.258706	mod_ratio	430	A	AAACT	ok	True
chr1	165669378	165669379	-	0.76	mod_ratio	52	T	TGTTT	ok	True
chr1	165682156	165682157	-	0.521739	mod_ratio	46	T	AGTTC	ok	True
chr1	165682191	165682192	-	0.680851	mod_ratio	47	T	GGTTC	ok	True
chr1	165727720	165727721	-	0.426829	mod_ratio	167	T	GGTCC	ok	True
chr1	165727853	165727854	-	0.202614	mod_ratio	157	T	AGTTT	ok	True
chr1	165727985	165727986	-	0.18705	mod_ratio	143	T	TGTCT	ok	True
chr1	165728021	165728022	-	0.28777	mod_ratio	144	T	AGTTC	ok	True
chr1	165754257	165754258	-	0.463636	mod_ratio	112	T	AGTTT	ok	True
chr1	165768204	165768205	-	0.206897	mod_ratio	121	T	TGTTT	ok	True
chr1	165768225	165768226	-	0.262712	mod_ratio	121	T	AGTCT	ok	True
chr1	165827864	165827865	+	0.481013	mod_ratio	80	A	GAACC	ok	True
chr1	165827917	165827918	+	0.325	mod_ratio	82	A	GAACA	ok	True
chr1	165907748	165907749	+	0.282828	mod_ratio	99	A	AGACC	ok	True
chr1	165907931	165907932	+	0.623656	mod_ratio	97	A	AAACA	ok	True
chr1	165907996	165907997	+	0.348837	mod_ratio	86	A	AAACA	ok	True
chr1	167541106	167541107	-	0.302632	mod_ratio	79	T	TGTTT	ok	True
chr1	167541138	167541139	-	0.316456	mod_ratio	80	T	AGTTT	ok	True
chr1	167541434	167541435	-	0.584615	mod_ratio	67	T	GGTTT	ok	True
chr1	167541584	167541585	-	0.377049	mod_ratio	62	T	TGTTT	ok	True
chr1	167541598	167541599	-	0.716667	mod_ratio	61	T	TGTTT	ok	True
chr1	167787844	167787845	+	0.647059	mod_ratio	51	A	AGACC	ok	True
chr1	167918086	167918087	-	0.217391	mod_ratio	214	T	GGTTT	ok	True
chr1	167918135	167918136	-	0.339056	mod_ratio	235	T	AGTTC	ok	True
chr1	167918301	167918302	-	0.203252	mod_ratio	250	T	TGTTC	ok	True
chr1	167935885	167935886	-	0.132159	mod_ratio	228	T	TGTTC	ok	True
chr1	168184026	168184027	+	0.75	mod_ratio	36	A	AAACA	ok	True
chr1	168184848	168184849	+	0.65	mod_ratio	40	A	GAACC	ok	True
chr1	169111480	169111481	+	0.72973	mod_ratio	37	A	GGACC	ok	True
chr1	171796657	171796658	+	0.793103	mod_ratio	29	A	AAACA	ok	True
chr1	171796786	171796787	+	0.827586	mod_ratio	30	A	AGACT	ok	True
chr1	171796797	171796798	+	0.896552	mod_ratio	30	A	GGACT	ok	True
chr1	173477348	173477349	+	0.147208	mod_ratio	458	A	GAACC	ok	True
chr1	173481354	173481355	+	0.191083	mod_ratio	635	A	GGACT	ok	True
chr1	173486321	173486322	+	0.382114	mod_ratio	747	A	GAACT	ok	True
chr1	173487787	173487788	+	0.146373	mod_ratio	777	A	AAACT	ok	True
chr1	173487938	173487939	+	0.874026	mod_ratio	776	A	AAACA	ok	True
chr1	173488320	173488321	+	0.446809	mod_ratio	197	A	GAACT	ok	True
chr1	173488497	173488498	+	0.121457	mod_ratio	249	A	AGACC	ok	True
chr1	173863935	173863936	-	0.119266	mod_ratio	785	T	TGTTT	ok	True
chr1	173864017	173864018	-	0.157895	mod_ratio	837	T	AGTTT	ok	True
chr1	173864509	173864510	-	0.444444	mod_ratio	74	T	TGTTT	ok	True
chr1	173864663	173864664	-	0.305263	mod_ratio	96	T	AGTTT	ok	True
chr1	173865502	173865503	-	0.140693	mod_ratio	463	T	TGTCC	ok	True
chr1	173866198	173866199	-	0.112175	mod_ratio	740	T	TGTCT	ok	True
chr1	173866993	173866994	-	0.120739	mod_ratio	705	T	TGTCC	ok	True
chr1	175000158	175000159	+	0.147583	mod_ratio	394	A	GGACT	ok	True
chr1	175004709	175004710	+	0.130536	mod_ratio	435	A	AGACA	ok	True
chr1	175004774	175004775	+	0.118304	mod_ratio	452	A	AAACC	ok	True
chr1	175007153	175007154	+	0.107287	mod_ratio	496	A	GAACA	ok	True
chr1	175008614	175008615	+	0.382178	mod_ratio	511	A	AGACT	ok	True
chr1	175008654	175008655	+	0.254864	mod_ratio	520	A	AAACA	ok	True
chr1	175009944	175009945	+	0.448743	mod_ratio	527	A	AAACA	ok	True
chr1	175010016	175010017	+	0.210425	mod_ratio	523	A	GAACC	ok	True
chr1	175010080	175010081	+	0.130769	mod_ratio	528	A	AGACT	ok	True
chr1	175010100	175010101	+	0.32381	mod_ratio	530	A	GAACT	ok	True
chr1	175010261	175010262	+	0.666667	mod_ratio	437	A	AAACA	ok	True
chr1	175014460	175014461	-	0.253333	mod_ratio	153	T	TGTTT	ok	True
chr1	175014469	175014470	-	0.4	mod_ratio	153	T	AGTCC	ok	True
chr1	175014511	175014512	-	0.179641	mod_ratio	172	T	TGTCT	ok	True
chr1	175014529	175014530	-	0.936416	mod_ratio	176	T	AGTTT	ok	True
chr1	175014592	175014593	-	0.214286	mod_ratio	184	T	GGTCT	ok	True
chr1	175018529	175018530	-	0.257669	mod_ratio	165	T	AGTCT	ok	True
chr1	179095345	179095346	+	0.694444	mod_ratio	36	A	AAACA	ok	True
chr1	180288346	180288347	-	0.338235	mod_ratio	71	T	AGTTT	ok	True
chr1	180502047	180502048	-	0.448276	mod_ratio	58	T	TGTTT	ok	True
chr1	182852312	182852313	+	0.351648	mod_ratio	92	A	GGACC	ok	True
chr1	182853359	182853360	+	0.60241	mod_ratio	86	A	GGACC	ok	True
chr1	182872477	182872478	+	0.754386	mod_ratio	58	A	GGACT	ok	True
chr1	182876127	182876128	+	0.383333	mod_ratio	60	A	AAACT	ok	True
chr1	182878032	182878033	+	0.457143	mod_ratio	70	A	AAACT	ok	True
chr1	182879363	182879364	+	0.3	mod_ratio	90	A	GAACC	ok	True
chr1	182881367	182881368	+	0.376147	mod_ratio	110	A	AAACA	ok	True
chr1	182883172	182883173	+	0.275862	mod_ratio	119	A	GGACC	ok	True
chr1	183626291	183626292	-	0.378205	mod_ratio	159	T	AGTTT	ok	True
chr1	183626312	183626313	-	0.165605	mod_ratio	159	T	AGTTT	ok	True
chr1	183626393	183626394	-	0.50641	mod_ratio	159	T	GGTTT	ok	True
chr1	183626397	183626398	-	0.184713	mod_ratio	159	T	TGTTT	ok	True
chr1	183626466	183626467	-	0.320513	mod_ratio	156	T	TGTCC	ok	True
chr1	183626501	183626502	-	0.515924	mod_ratio	157	T	AGTTT	ok	True
chr1	183626658	183626659	-	0.326797	mod_ratio	154	T	TGTCT	ok	True
chr1	183626717	183626718	-	0.198675	mod_ratio	152	T	AGTTT	ok	True
chr1	183626734	183626735	-	0.324503	mod_ratio	152	T	AGTTT	ok	True
chr1	183626774	183626775	-	0.176871	mod_ratio	152	T	AGTTT	ok	True
chr1	183626810	183626811	-	0.181818	mod_ratio	144	T	AGTTT	ok	True
chr1	183627066	183627067	-	0.163121	mod_ratio	141	T	GGTCC	ok	True
chr1	183627095	183627096	-	0.22695	mod_ratio	141	T	AGTCT	ok	True
chr1	183627472	183627473	-	0.216828	mod_ratio	324	T	TGTTT	ok	True
chr1	183627478	183627479	-	0.210863	mod_ratio	326	T	GGTCT	ok	True
chr1	183627539	183627540	-	0.167702	mod_ratio	322	T	AGTTT	ok	True
chr1	183633148	183633149	-	0.778157	mod_ratio	294	T	TGTTT	ok	True
chr1	183635531	183635532	-	0.744898	mod_ratio	296	T	AGTCC	ok	True
chr1	185297894	185297895	-	0.62	mod_ratio	53	T	TGTTT	ok	True
chr1	185298013	185298014	-	0.68	mod_ratio	51	T	AGTTT	ok	True
chr1	185301129	185301130	-	0.9	mod_ratio	31	T	TGTTT	ok	True
chr1	186318810	186318811	-	0.886364	mod_ratio	44	T	TGTTT	ok	True
chr1	193016198	193016199	-	0.428571	mod_ratio	134	T	AGTTT	ok	True
chr1	193016297	193016298	-	0.284615	mod_ratio	133	T	GGTTT	ok	True
chr1	193016358	193016359	-	0.211382	mod_ratio	127	T	GGTTT	ok	True
chr1	193016383	193016384	-	0.233333	mod_ratio	123	T	TGTTT	ok	True
chr1	193023033	193023034	-	0.266129	mod_ratio	126	T	GGTTC	ok	True
chr1	193029191	193029192	-	0.446429	mod_ratio	114	T	GGTCC	ok	True
chr1	193029308	193029309	-	0.240385	mod_ratio	105	T	TGTCT	ok	True
chr1	193029607	193029608	-	0.255102	mod_ratio	98	T	AGTTC	ok	True
chr1	193049779	193049780	-	0.770833	mod_ratio	98	T	AGTCC	ok	True
chr1	193097626	193097627	-	0.352273	mod_ratio	89	T	GGTTT	ok	True
chr1	193097649	193097650	-	0.267442	mod_ratio	88	T	AGTTC	ok	True
chr1	193101150	193101151	-	0.317073	mod_ratio	83	T	GGTTC	ok	True
chr1	201135398	201135399	-	0.575758	mod_ratio	69	T	TGTCT	ok	True
chr1	201135762	201135763	-	0.547368	mod_ratio	97	T	TGTTT	ok	True
chr1	201483624	201483625	-	0.316832	mod_ratio	101	T	TGTCC	ok	True
chr1	201483787	201483788	-	0.242424	mod_ratio	102	T	GGTCT	ok	True
chr1	201483809	201483810	-	0.80198	mod_ratio	103	T	TGTTT	ok	True
chr1	201483975	201483976	-	0.516484	mod_ratio	92	T	TGTTT	ok	True
chr1	201484022	201484023	-	0.336957	mod_ratio	93	T	TGTTT	ok	True
chr1	201957517	201957518	+	0.752508	mod_ratio	302	A	AAACC	ok	True
chr1	201957524	201957525	+	0.139073	mod_ratio	303	A	AGACT	ok	True
chr1	201957552	201957553	+	0.115512	mod_ratio	305	A	AAACC	ok	True
chr1	201963696	201963697	+	0.253165	mod_ratio	321	A	GAACT	ok	True
chr1	201969534	201969535	+	0.10479	mod_ratio	344	A	AGACT	ok	True
chr1	201969555	201969556	+	0.20354	mod_ratio	340	A	GGACT	ok	True
chr1	201969638	201969639	+	0.102564	mod_ratio	356	A	AAACC	ok	True
chr1	201969678	201969679	+	0.270195	mod_ratio	361	A	AGACA	ok	True
chr1	201969707	201969708	+	0.132231	mod_ratio	366	A	GAACA	ok	True
chr1	201969829	201969830	+	0.17663	mod_ratio	373	A	GGACC	ok	True
chr1	201969876	201969877	+	0.306667	mod_ratio	378	A	GGACT	ok	True
chr1	201969912	201969913	+	0.24	mod_ratio	379	A	AAACA	ok	True
chr1	201969931	201969932	+	0.496622	mod_ratio	373	A	GAACT	ok	True
chr1	201969961	201969962	+	0.205575	mod_ratio	290	A	AGACT	ok	True
chr1	201970231	201970232	+	0.288961	mod_ratio	310	A	AAACA	ok	True
chr1	202003305	202003306	+	0.418182	mod_ratio	57	A	GGACT	ok	True
chr1	202005884	202005885	+	0.277108	mod_ratio	83	A	GAACT	ok	True
chr1	202006017	202006018	+	0.365854	mod_ratio	84	A	GGACT	ok	True
chr1	202333015	202333016	-	0.313853	mod_ratio	465	T	TGTTT	ok	True
chr1	202333501	202333502	-	0.317259	mod_ratio	399	T	TGTTT	ok	True
chr1	202333542	202333543	-	0.407792	mod_ratio	391	T	GGTTC	ok	True
chr1	202335668	202335669	-	0.100271	mod_ratio	371	T	GGTCT	ok	True
chr1	202335783	202335784	-	0.354749	mod_ratio	358	T	AGTTC	ok	True
chr1	202881131	202881132	-	0.4	mod_ratio	71	T	TGTCC	ok	True
chr1	202889048	202889049	-	0.446154	mod_ratio	66	T	GGTTT	ok	True
chr1	202941243	202941244	-	0.406593	mod_ratio	92	T	AGTCC	ok	True
chr1	202941300	202941301	-	0.392857	mod_ratio	88	T	AGTTT	ok	True
chr1	202941543	202941544	-	0.305882	mod_ratio	86	T	AGTTC	ok	True
chr1	202946523	202946524	-	0.479167	mod_ratio	50	T	GGTCT	ok	True
chr1	203014966	203014967	+	0.472973	mod_ratio	74	A	GGACA	ok	True
chr1	203018514	203018515	+	0.295918	mod_ratio	111	A	GAACA	ok	True
chr1	203022937	203022938	+	0.231884	mod_ratio	139	A	AAACT	ok	True
chr1	203023106	203023107	+	0.319444	mod_ratio	145	A	GGACA	ok	True
chr1	203023205	203023206	+	0.331081	mod_ratio	149	A	AAACA	ok	True
chr1	203023225	203023226	+	0.626667	mod_ratio	150	A	AAACA	ok	True
chr1	203023364	203023365	+	0.376923	mod_ratio	136	A	AAACT	ok	True
chr1	203023418	203023419	+	0.5	mod_ratio	114	A	GAACC	ok	True
chr1	203861735	203861736	+	0.341176	mod_ratio	85	A	GGACT	ok	True
chr1	203862196	203862197	+	0.519231	mod_ratio	599	A	GAACC	ok	True
chr1	203865059	203865060	+	0.18314	mod_ratio	690	A	GAACC	ok	True
chr1	203865097	203865098	+	0.190751	mod_ratio	695	A	AAACA	ok	True
chr1	203865111	203865112	+	0.115607	mod_ratio	694	A	AAACA	ok	True
chr1	203870003	203870004	+	0.146132	mod_ratio	702	A	GAACA	ok	True
chr1	206591822	206591823	-	0.542373	mod_ratio	59	T	TGTTT	ok	True
chr1	206599545	206599546	-	0.681818	mod_ratio	48	T	TGTTC	ok	True
chr1	206599740	206599741	-	0.974359	mod_ratio	40	T	TGTTT	ok	True
chr1	207088900	207088901	+	0.121311	mod_ratio	362	A	AGACC	ok	True
chr1	207088942	207088943	+	0.136259	mod_ratio	434	A	AGACA	ok	True
chr1	207089517	207089518	+	0.124046	mod_ratio	529	A	GGACT	ok	True
chr1	207090371	207090372	+	0.13871	mod_ratio	625	A	GGACA	ok	True
chr1	207090384	207090385	+	0.176282	mod_ratio	627	A	GGACT	ok	True
chr1	207091781	207091782	+	0.212518	mod_ratio	692	A	GGACC	ok	True
chr1	207098242	207098243	+	0.210884	mod_ratio	738	A	AAACC	ok	True
chr1	207099810	207099811	+	0.189041	mod_ratio	737	A	GAACC	ok	True
chr1	207099960	207099961	+	0.201014	mod_ratio	662	A	AAACC	ok	True
chr1	207324601	207324602	+	0.805556	mod_ratio	366	A	AAACA	ok	True
chr1	207324679	207324680	+	0.56658	mod_ratio	385	A	GAACC	ok	True
chr1	207324697	207324698	+	0.485714	mod_ratio	387	A	AAACT	ok	True
chr1	207331180	207331181	+	0.396789	mod_ratio	441	A	AGACA	ok	True
chr1	207336732	207336733	+	0.577922	mod_ratio	466	A	AAACC	ok	True
chr1	207336784	207336785	+	0.41841	mod_ratio	483	A	AAACC	ok	True
chr1	207336796	207336797	+	0.487552	mod_ratio	485	A	AAACC	ok	True
chr1	207337354	207337355	+	0.242604	mod_ratio	510	A	GGACA	ok	True
chr1	207337375	207337376	+	0.344488	mod_ratio	510	A	AAACA	ok	True
chr1	207337399	207337400	+	0.620352	mod_ratio	516	A	GAACC	ok	True
chr1	207359650	207359651	+	0.154684	mod_ratio	467	A	AGACT	ok	True
chr1	207359669	207359670	+	0.373626	mod_ratio	464	A	AGACT	ok	True
chr1	207359988	207359989	+	0.307054	mod_ratio	250	A	AAACA	ok	True
chr1	207360062	207360063	+	0.555102	mod_ratio	250	A	GAACC	ok	True
chr1	207360139	207360140	+	0.237154	mod_ratio	257	A	AAACA	ok	True
chr1	207360151	207360152	+	0.109375	mod_ratio	259	A	GAACC	ok	True
chr1	207360195	207360196	+	0.190114	mod_ratio	265	A	AGACT	ok	True
chr1	207360403	207360404	+	0.161654	mod_ratio	269	A	GAACA	ok	True
chr1	207360425	207360426	+	0.142322	mod_ratio	268	A	AAACA	ok	True
chr1	207794891	207794892	+	0.456522	mod_ratio	94	A	AAACA	ok	True
chr1	214334256	214334257	+	0.380282	mod_ratio	71	A	AGACT	ok	True
chr1	214336785	214336786	+	0.753623	mod_ratio	70	A	AAACT	ok	True
chr1	214336813	214336814	+	0.521739	mod_ratio	70	A	AAACA	ok	True
chr1	214336916	214336917	+	0.633803	mod_ratio	72	A	AAACA	ok	True
chr1	214337033	214337034	+	0.323944	mod_ratio	72	A	GGACA	ok	True
chr1	214337037	214337038	+	0.492958	mod_ratio	72	A	AGACA	ok	True
chr1	214613840	214613841	+	0.457143	mod_ratio	74	A	AAACT	ok	True
chr1	214614974	214614975	+	0.394366	mod_ratio	71	A	GGACA	ok	True
chr1	214615019	214615020	+	0.557143	mod_ratio	71	A	GAACT	ok	True
chr1	214622106	214622107	+	0.402985	mod_ratio	67	A	GAACT	ok	True
chr1	214622238	214622239	+	0.363636	mod_ratio	67	A	GAACT	ok	True
chr1	214629065	214629066	+	0.523077	mod_ratio	68	A	AAACT	ok	True
chr1	214629134	214629135	+	0.634615	mod_ratio	67	A	GAACA	ok	True
chr1	218302477	218302478	+	0.607143	mod_ratio	57	A	AAACC	ok	True
chr1	219968628	219968629	-	0.79845	mod_ratio	132	T	TGTTT	ok	True
chr1	219968730	219968731	-	0.207407	mod_ratio	135	T	GGTCT	ok	True
chr1	219968880	219968881	-	0.408759	mod_ratio	139	T	AGTTC	ok	True
chr1	219968892	219968893	-	0.408759	mod_ratio	137	T	GGTTT	ok	True
chr1	219972127	219972128	-	0.193548	mod_ratio	124	T	AGTCT	ok	True
chr1	219973281	219973282	-	0.45	mod_ratio	122	T	AGTTT	ok	True
chr1	219979491	219979492	-	0.732394	mod_ratio	72	T	AGTTC	ok	True
chr1	219982774	219982775	-	0.553191	mod_ratio	47	T	TGTTT	ok	True
chr1	219987300	219987301	-	0.47619	mod_ratio	90	T	TGTCC	ok	True
chr1	219988606	219988607	-	0.465909	mod_ratio	90	T	AGTTT	ok	True
chr1	219988672	219988673	-	0.738636	mod_ratio	90	T	TGTTT	ok	True
chr1	220010954	220010955	-	0.903226	mod_ratio	64	T	TGTTT	ok	True
chr1	220019018	220019019	-	0.440678	mod_ratio	61	T	AGTCC	ok	True
chr1	220024283	220024284	-	0.865385	mod_ratio	55	T	AGTCT	ok	True
chr1	220025188	220025189	-	0.4	mod_ratio	82	T	AGTTT	ok	True
chr1	220025219	220025220	-	0.3625	mod_ratio	84	T	GGTTC	ok	True
chr1	220032497	220032498	-	0.644737	mod_ratio	80	T	TGTTT	ok	True
chr1	220033545	220033546	-	0.363636	mod_ratio	80	T	AGTTT	ok	True
chr1	220094376	220094377	+	0.4	mod_ratio	85	A	GAACT	ok	True
chr1	220096210	220096211	+	0.3125	mod_ratio	81	A	GGACA	ok	True
chr1	220125240	220125241	+	0.6	mod_ratio	40	A	AAACC	ok	True
chr1	220139098	220139099	+	0.644068	mod_ratio	61	A	AGACC	ok	True
chr1	220143042	220143043	+	0.315789	mod_ratio	76	A	AGACT	ok	True
chr1	220145591	220145592	+	0.628205	mod_ratio	80	A	GAACC	ok	True
chr1	220791541	220791542	+	0.54902	mod_ratio	51	A	GAACC	ok	True
chr1	220813423	220813424	+	0.397436	mod_ratio	78	A	GAACC	ok	True
chr1	220813556	220813557	+	0.3	mod_ratio	82	A	GGACT	ok	True
chr1	220813628	220813629	+	0.289157	mod_ratio	83	A	GGACT	ok	True
chr1	223775216	223775217	+	0.522388	mod_ratio	67	A	AAACA	ok	True
chr1	223775428	223775429	+	0.328571	mod_ratio	71	A	AAACA	ok	True
chr1	224190174	224190175	+	0.261364	mod_ratio	88	A	GGACA	ok	True
chr1	224190217	224190218	+	0.333333	mod_ratio	93	A	AAACT	ok	True
chr1	224192547	224192548	+	0.223022	mod_ratio	139	A	AAACT	ok	True
chr1	224192554	224192555	+	0.208633	mod_ratio	142	A	AGACC	ok	True
chr1	224192634	224192635	+	0.489655	mod_ratio	145	A	AAACA	ok	True
chr1	224192854	224192855	+	0.236686	mod_ratio	170	A	AGACC	ok	True
chr1	224227516	224227517	-	0.774194	mod_ratio	63	T	TGTTT	ok	True
chr1	224236570	224236571	-	0.877551	mod_ratio	50	T	GGTTT	ok	True
chr1	224375903	224375904	+	0.203488	mod_ratio	347	A	GAACC	ok	True
chr1	224375945	224375946	+	0.179567	mod_ratio	335	A	AAACT	ok	True
chr1	225402346	225402347	-	0.92	mod_ratio	26	T	TGTTT	ok	True
chr1	225783336	225783337	+	0.404181	mod_ratio	289	A	GAACT	ok	True
chr1	225789254	225789255	+	0.201365	mod_ratio	298	A	AAACA	ok	True
chr1	225789350	225789351	+	0.518868	mod_ratio	325	A	AAACT	ok	True
chr1	225789429	225789430	+	0.104938	mod_ratio	332	A	GGACA	ok	True
chr1	225789620	225789621	+	0.128134	mod_ratio	378	A	AAACA	ok	True
chr1	225789721	225789722	+	0.124668	mod_ratio	403	A	GAACA	ok	True
chr1	225789942	225789943	+	0.574118	mod_ratio	441	A	AAACT	ok	True
chr1	225790077	225790078	+	0.763158	mod_ratio	466	A	AAACC	ok	True
chr1	225790151	225790152	+	0.214447	mod_ratio	454	A	GAACT	ok	True
chr1	225790255	225790256	+	0.114607	mod_ratio	455	A	AAACT	ok	True
chr1	225790377	225790378	+	0.430524	mod_ratio	447	A	GAACA	ok	True
chr1	225920065	225920066	-	0.333333	mod_ratio	82	T	TGTTT	ok	True
chr1	226065706	226065707	+	0.194068	mod_ratio	1560	A	GAACT	ok	True
chr1	226065767	226065768	+	0.174352	mod_ratio	1597	A	AAACA	ok	True
chr1	226071387	226071388	+	0.138304	mod_ratio	1673	A	AGACA	ok	True
chr1	226071498	226071499	+	0.464417	mod_ratio	1681	A	AAACA	ok	True
chr1	226071733	226071734	+	0.31433	mod_ratio	1317	A	GAACA	ok	True
chr1	226071792	226071793	+	0.172542	mod_ratio	1146	A	GGACA	ok	True
chr1	226361172	226361173	-	0.418182	mod_ratio	110	T	AGTCT	ok	True
chr1	226361214	226361215	-	0.232143	mod_ratio	112	T	AGTTT	ok	True
chr1	226361347	226361348	-	0.877049	mod_ratio	122	T	GGTTT	ok	True
chr1	226361473	226361474	-	0.243478	mod_ratio	119	T	GGTCT	ok	True
chr1	226361492	226361493	-	0.344828	mod_ratio	119	T	AGTTT	ok	True
chr1	226362071	226362072	-	0.509804	mod_ratio	106	T	AGTTT	ok	True
chr1	226363153	226363154	-	0.267327	mod_ratio	101	T	AGTTC	ok	True
chr1	226363945	226363946	-	0.247525	mod_ratio	103	T	TGTTT	ok	True
chr1	226365063	226365064	-	0.41573	mod_ratio	93	T	GGTCC	ok	True
chr1	227767073	227767074	+	0.685714	mod_ratio	35	A	GAACT	ok	True
chr1	227781090	227781091	+	0.913043	mod_ratio	46	A	AAACA	ok	True
chr1	228097121	228097122	+	0.193548	mod_ratio	187	A	GAACA	ok	True
chr1	228097204	228097205	+	0.235897	mod_ratio	198	A	AGACC	ok	True
chr1	228097608	228097609	+	0.185567	mod_ratio	200	A	GGACA	ok	True
chr1	228097852	228097853	+	0.174129	mod_ratio	204	A	GGACC	ok	True
chr1	228097921	228097922	+	0.347032	mod_ratio	223	A	GAACT	ok	True
chr1	228097978	228097979	+	0.167401	mod_ratio	230	A	GGACT	ok	True
chr1	228098002	228098003	+	0.375	mod_ratio	235	A	GAACC	ok	True
chr1	228098408	228098409	+	0.127389	mod_ratio	317	A	AAACT	ok	True
chr1	228098458	228098459	+	0.118182	mod_ratio	338	A	GAACA	ok	True
chr1	228098987	228098988	+	0.179954	mod_ratio	448	A	AGACA	ok	True
chr1	228099021	228099022	+	0.352273	mod_ratio	441	A	AAACA	ok	True
chr1	228099089	228099090	+	0.575758	mod_ratio	438	A	GAACC	ok	True
chr1	228099163	228099164	+	0.191781	mod_ratio	311	A	AAACA	ok	True
chr1	228106736	228106737	-	0.402367	mod_ratio	171	T	TGTCC	ok	True
chr1	228106770	228106771	-	0.201149	mod_ratio	175	T	GGTCC	ok	True
chr1	228106901	228106902	-	0.16763	mod_ratio	173	T	TGTCC	ok	True
chr1	228147437	228147438	+	0.165158	mod_ratio	445	A	GAACC	ok	True
chr1	228147644	228147645	+	0.186147	mod_ratio	469	A	AAACC	ok	True
chr1	228148685	228148686	+	0.155242	mod_ratio	501	A	GGACC	ok	True
chr1	228148736	228148737	+	0.12	mod_ratio	503	A	GGACC	ok	True
chr1	228148838	228148839	+	0.160321	mod_ratio	504	A	GAACA	ok	True
chr1	229297488	229297489	+	0.416667	mod_ratio	60	A	AAACC	ok	True
chr1	229304173	229304174	+	0.621622	mod_ratio	39	A	GAACT	ok	True
chr1	229452593	229452594	-	0.705882	mod_ratio	34	T	TGTTC	ok	True
chr1	231000250	231000251	+	0.642857	mod_ratio	56	A	AAACA	ok	True
chr1	231000358	231000359	+	0.898305	mod_ratio	61	A	AAACA	ok	True
chr1	231239170	231239171	-	0.575	mod_ratio	40	T	TGTTT	ok	True
chr1	231272380	231272381	+	0.545455	mod_ratio	44	A	AAACA	ok	True
chr1	231528457	231528458	-	0.587302	mod_ratio	64	T	GGTCC	ok	True
chr1	232970092	232970093	+	0.473684	mod_ratio	76	A	AAACA	ok	True
chr1	232978181	232978182	+	0.679012	mod_ratio	81	A	AAACC	ok	True
chr1	232978329	232978330	+	0.410256	mod_ratio	79	A	GAACC	ok	True
chr1	232978353	232978354	+	0.402597	mod_ratio	77	A	AAACT	ok	True
chr1	234383747	234383748	+	0.210526	mod_ratio	193	A	AGACT	ok	True
chr1	234383781	234383782	+	0.141361	mod_ratio	193	A	GGACA	ok	True
chr1	234383800	234383801	+	0.219895	mod_ratio	193	A	AAACA	ok	True
chr1	234383851	234383852	+	0.229167	mod_ratio	194	A	GGACA	ok	True
chr1	234383879	234383880	+	0.120419	mod_ratio	193	A	GAACA	ok	True
chr1	234383904	234383905	+	0.126316	mod_ratio	192	A	GAACA	ok	True
chr1	234383956	234383957	+	0.285714	mod_ratio	192	A	GAACC	ok	True
chr1	234384029	234384030	+	0.194915	mod_ratio	153	A	AAACC	ok	True
chr1	235109494	235109495	-	0.292517	mod_ratio	148	T	GGTCC	ok	True
chr1	235109687	235109688	-	0.27972	mod_ratio	145	T	AGTCT	ok	True
chr1	235109855	235109856	-	0.343284	mod_ratio	136	T	AGTTC	ok	True
chr1	235109968	235109969	-	0.320611	mod_ratio	132	T	TGTTT	ok	True
chr1	235110196	235110197	-	0.252632	mod_ratio	97	T	AGTTC	ok	True
chr1	235110521	235110522	-	0.529412	mod_ratio	53	T	GGTTC	ok	True
chr1	235111620	235111621	-	0.338129	mod_ratio	141	T	AGTTT	ok	True
chr1	235111640	235111641	-	0.163121	mod_ratio	143	T	AGTCT	ok	True
chr1	235111783	235111784	-	0.287234	mod_ratio	192	T	AGTTT	ok	True
chr1	235111801	235111802	-	0.194737	mod_ratio	191	T	TGTTT	ok	True
chr1	235111961	235111962	-	0.129412	mod_ratio	259	T	AGTTC	ok	True
chr1	235113823	235113824	-	0.120743	mod_ratio	327	T	AGTTT	ok	True
chr1	235113857	235113858	-	0.287066	mod_ratio	325	T	TGTCC	ok	True
chr1	235113888	235113889	-	0.329114	mod_ratio	322	T	GGTCT	ok	True
chr1	235122361	235122362	-	0.148867	mod_ratio	315	T	TGTTT	ok	True
chr1	235128701	235128702	-	0.112628	mod_ratio	299	T	TGTTC	ok	True
chr1	235131702	235131703	-	0.702381	mod_ratio	87	T	AGTTC	ok	True
chr1	235131828	235131829	-	0.345238	mod_ratio	86	T	AGTTT	ok	True
chr1	235131859	235131860	-	0.607143	mod_ratio	85	T	GGTTT	ok	True
chr1	235131898	235131899	-	0.559524	mod_ratio	85	T	TGTTT	ok	True
chr1	235131937	235131938	-	0.27381	mod_ratio	85	T	AGTTT	ok	True
chr1	235155063	235155064	-	0.588235	mod_ratio	69	T	TGTTT	ok	True
chr1	235160542	235160543	-	0.636364	mod_ratio	67	T	TGTTT	ok	True
chr1	235160892	235160893	-	0.904762	mod_ratio	64	T	ACTTT	ok	False
chr1	235161012	235161013	-	0.466667	mod_ratio	60	T	TGTCC	ok	True
chr1	241497653	241497654	-	0.55814	mod_ratio	45	T	TGTTT	ok	True
chr1	241497800	241497801	-	0.516667	mod_ratio	261	T	TGTTT	ok	True
chr1	241497846	241497847	-	0.2	mod_ratio	316	T	TGTCC	ok	True
chr1	241497854	241497855	-	0.141026	mod_ratio	321	T	GGTTT	ok	True
chr1	241497896	241497897	-	0.33945	mod_ratio	328	T	AGTTC	ok	True
chr1	241497907	241497908	-	0.168712	mod_ratio	328	T	AGTTT	ok	True
chr1	241500528	241500529	-	0.351097	mod_ratio	324	T	AGTTT	ok	True
chr1	241502475	241502476	-	0.410959	mod_ratio	297	T	TGTCC	ok	True
chr1	241502509	241502510	-	0.226027	mod_ratio	295	T	GGTTC	ok	True
chr1	241502560	241502561	-	0.149466	mod_ratio	285	T	GGTTC	ok	True
chr1	241508710	241508711	-	0.191919	mod_ratio	203	T	AGTCC	ok	True
chr1	241512017	241512018	-	0.319527	mod_ratio	172	T	AGTTC	ok	True
chr1	241512082	241512083	-	0.367742	mod_ratio	160	T	AGTTC	ok	True
chr1	241512094	241512095	-	0.311688	mod_ratio	156	T	AGTCT	ok	True
chr1	241513660	241513661	-	0.406897	mod_ratio	146	T	GGTTT	ok	True
chr1	241517234	241517235	-	0.178571	mod_ratio	142	T	GGTCT	ok	True
chr1	241517271	241517272	-	0.378788	mod_ratio	136	T	AGTTC	ok	True
chr1	244842041	244842042	+	0.417219	mod_ratio	158	A	GGACA	ok	True
chr1	244843151	244843152	+	0.185185	mod_ratio	194	A	AAACA	ok	True
chr1	244843176	244843177	+	0.171123	mod_ratio	191	A	GAACA	ok	True
chr1	244843229	244843230	+	0.478022	mod_ratio	185	A	AAACA	ok	True
chr1	244854363	244854364	-	0.5	mod_ratio	78	T	TGTTT	ok	True
chr1	244854431	244854432	-	0.526316	mod_ratio	85	T	AGTTC	ok	True
chr1	244855024	244855025	-	0.352113	mod_ratio	77	T	TGTTT	ok	True
chr1	244857680	244857681	-	0.651163	mod_ratio	46	T	AGTTT	ok	True
chr1	246540985	246540986	-	0.815385	mod_ratio	65	T	AGTTT	ok	True
chr1	246544529	246544530	-	0.614035	mod_ratio	57	T	GGTCT	ok	True
chr1	246544592	246544593	-	0.491228	mod_ratio	57	T	AGTTC	ok	True
chr1	246544670	246544671	-	0.618182	mod_ratio	57	T	GGTCT	ok	True
chr1	246557507	246557508	-	0.738095	mod_ratio	44	T	AGTTT	ok	True
chr1	246566019	246566020	-	0.645833	mod_ratio	48	T	GGTTC	ok	True
chr22	17592474	17592475	-	0.188525	mod_ratio	126	T	GGTCC	ok	True
chr22	17592604	17592605	-	0.584746	mod_ratio	120	T	TGTTT	ok	True
chr22	17592677	17592678	-	0.278261	mod_ratio	117	T	AGTCC	ok	True
chr22	17601154	17601155	-	0.505495	mod_ratio	92	T	AGTCT	ok	True
chr22	17612847	17612848	-	0.493976	mod_ratio	84	T	AGTCT	ok	True
chr22	17613233	17613234	-	0.345679	mod_ratio	82	T	TGTTT	ok	True
chr22	17628674	17628675	-	0.534247	mod_ratio	74	T	AGTTT	ok	True
chr22	17735583	17735584	-	0.315068	mod_ratio	75	T	AGTCC	ok	True
chr22	19175595	19175596	-	0.537037	mod_ratio	75	T	GGTTT	ok	True
chr22	19175618	19175619	-	0.350649	mod_ratio	77	T	GGTCC	ok	True
chr22	19175644	19175645	-	0.371795	mod_ratio	78	T	TGTCC	ok	True
chr22	19433274	19433275	+	0.340278	mod_ratio	146	A	GAACT	ok	True
chr22	19433298	19433299	+	0.157534	mod_ratio	147	A	AGACT	ok	True
chr22	19433333	19433334	+	0.186667	mod_ratio	151	A	GAACT	ok	True
chr22	19434741	19434742	+	0.236842	mod_ratio	153	A	GAACC	ok	True
chr22	19435671	19435672	+	0.314465	mod_ratio	159	A	AGACT	ok	True
chr22	19435741	19435742	+	0.408805	mod_ratio	162	A	GGACA	ok	True
chr22	19435787	19435788	+	0.345679	mod_ratio	162	A	GAACT	ok	True
chr22	19435962	19435963	+	0.418182	mod_ratio	165	A	AGACT	ok	True
chr22	19450662	19450663	-	0.19863	mod_ratio	152	T	AGTCC	ok	True
chr22	19454805	19454806	-	0.261745	mod_ratio	149	T	AGTTT	ok	True
chr22	19455744	19455745	-	0.201299	mod_ratio	155	T	AGTCT	ok	True
chr22	19458130	19458131	-	0.855172	mod_ratio	147	T	AGTTC	ok	True
chr22	19465253	19465254	-	0.458333	mod_ratio	144	T	AGTTC	ok	True
chr22	19471773	19471774	-	0.47619	mod_ratio	128	T	AGTTT	ok	True
chr22	19515020	19515021	+	0.626667	mod_ratio	75	A	AAACA	ok	True
chr22	19516622	19516623	+	0.551282	mod_ratio	79	A	AGACC	ok	True
chr22	19875595	19875596	-	0.555556	mod_ratio	54	T	GGTTT	ok	True
chr22	19962707	19962708	+	0.446429	mod_ratio	228	A	GAACC	ok	True
chr22	19963754	19963755	+	0.379182	mod_ratio	270	A	GGACA	ok	True
chr22	19964195	19964196	+	0.110294	mod_ratio	274	A	GGACA	ok	True
chr22	19964231	19964232	+	0.20438	mod_ratio	275	A	GGACA	ok	True
chr22	19964267	19964268	+	0.115108	mod_ratio	281	A	GGACC	ok	True
chr22	19964282	19964283	+	0.107914	mod_ratio	282	A	GGACA	ok	True
chr22	19968890	19968891	+	0.307167	mod_ratio	303	A	GAACT	ok	True
chr22	19968919	19968920	+	0.11985	mod_ratio	281	A	AGACT	ok	True
chr22	20119013	20119014	+	0.105708	mod_ratio	489	A	GGACA	ok	True
chr22	20119114	20119115	+	0.238274	mod_ratio	540	A	AAACA	ok	True
chr22	20119137	20119138	+	0.240296	mod_ratio	554	A	GAACT	ok	True
chr22	20122388	20122389	+	0.23339	mod_ratio	597	A	GGACA	ok	True
chr22	20125364	20125365	+	0.110569	mod_ratio	624	A	GAACA	ok	True
chr22	20127022	20127023	+	0.162717	mod_ratio	647	A	AGACC	ok	True
chr22	20127177	20127178	+	0.26045	mod_ratio	560	A	GAACT	ok	True
chr22	20127300	20127301	+	0.286184	mod_ratio	305	A	AAACA	ok	True
chr22	20127337	20127338	+	0.525292	mod_ratio	281	A	AAACA	ok	True
chr22	20999996	20999997	-	0.306818	mod_ratio	88	T	AGTCT	ok	True
chr22	21000194	21000195	-	0.346154	mod_ratio	78	T	GGTTC	ok	True
chr22	21610924	21610925	+	0.949495	mod_ratio	297	A	AAACC	ok	True
chr22	21610946	21610947	+	0.119601	mod_ratio	306	A	AAACA	ok	True
chr22	21611013	21611014	+	0.120846	mod_ratio	334	A	AAACT	ok	True
chr22	21611033	21611034	+	0.275449	mod_ratio	334	A	AAACC	ok	True
chr22	21621598	21621599	+	0.133721	mod_ratio	344	A	GGACC	ok	True
chr22	21621664	21621665	+	0.13913	mod_ratio	348	A	GGACT	ok	True
chr22	21621726	21621727	+	0.189655	mod_ratio	348	A	AGACA	ok	True
chr22	21628153	21628154	-	0.762376	mod_ratio	102	T	TGTTT	ok	True
chr22	21628432	21628433	-	0.267241	mod_ratio	116	T	GGTTC	ok	True
chr22	21628444	21628445	-	0.465517	mod_ratio	116	T	GGTTC	ok	True
chr22	21642426	21642427	+	0.105105	mod_ratio	336	A	AGACC	ok	True
chr22	21643961	21643962	+	0.138539	mod_ratio	399	A	GGACA	ok	True
chr22	21644168	21644169	+	0.267857	mod_ratio	392	A	GAACT	ok	True
chr22	21644241	21644242	+	0.104167	mod_ratio	386	A	AGACT	ok	True
chr22	23765943	23765944	-	0.19375	mod_ratio	161	T	GGTCT	ok	True
chr22	23791762	23791763	+	0.534884	mod_ratio	44	A	AAACT	ok	True
chr22	23894493	23894494	+	0.583605	mod_ratio	4373	A	AAACA	ok	True
chr22	23894880	23894881	+	0.205238	mod_ratio	4918	A	GAACC	ok	True
chr22	23894940	23894941	+	0.396864	mod_ratio	4937	A	GGACA	ok	True
chr22	23895149	23895150	+	0.116687	mod_ratio	4931	A	GAACC	ok	True
chr22	23957447	23957448	-	0.775	mod_ratio	44	T	TGTTT	ok	True
chr22	23957911	23957912	-	0.555556	mod_ratio	45	T	AGTTC	ok	True
chr22	23971518	23971519	-	0.147122	mod_ratio	494	T	AGTTC	ok	True
chr22	23973770	23973771	-	0.573805	mod_ratio	483	T	GGTCC	ok	True
chr22	23973833	23973834	-	0.32766	mod_ratio	471	T	TGTCC	ok	True
chr22	23974394	23974395	-	0.121429	mod_ratio	435	T	TGTCC	ok	True
chr22	24556041	24556042	+	0.266816	mod_ratio	469	A	GGACC	ok	True
chr22	24557657	24557658	+	0.144628	mod_ratio	485	A	GAACT	ok	True
chr22	24557741	24557742	+	0.115308	mod_ratio	508	A	GAACA	ok	True
chr22	24557783	24557784	+	0.38716	mod_ratio	517	A	GGACA	ok	True
chr22	24557792	24557793	+	0.477583	mod_ratio	516	A	GAACT	ok	True
chr22	24571954	24571955	+	0.454034	mod_ratio	539	A	AAACA	ok	True
chr22	24571990	24571991	+	0.294118	mod_ratio	534	A	GAACA	ok	True
chr22	25448175	25448176	+	0.612903	mod_ratio	62	A	GGACC	ok	True
chr22	25455726	25455727	+	0.42029	mod_ratio	76	A	GAACA	ok	True
chr22	25455785	25455786	+	0.390244	mod_ratio	82	A	GGACT	ok	True
chr22	25455793	25455794	+	0.341463	mod_ratio	83	A	GGACC	ok	True
chr22	25455808	25455809	+	0.373494	mod_ratio	83	A	GGACA	ok	True
chr22	25455812	25455813	+	0.433735	mod_ratio	84	A	AGACT	ok	True
chr22	25457259	25457260	+	0.494118	mod_ratio	90	A	GGACA	ok	True
chr22	25457292	25457293	+	0.282609	mod_ratio	94	A	AAACC	ok	True
chr22	25459483	25459484	+	0.301075	mod_ratio	94	A	GGACA	ok	True
chr22	25459613	25459614	+	0.27907	mod_ratio	87	A	GGACC	ok	True
chr22	25459634	25459635	+	0.39759	mod_ratio	87	A	GAACC	ok	True
chr22	25459643	25459644	+	0.367089	mod_ratio	86	A	AGACC	ok	True
chr22	27851697	27851698	-	0.742857	mod_ratio	70	T	TGTTT	ok	True
chr22	27851717	27851718	-	0.388889	mod_ratio	73	T	TGTTT	ok	True
chr22	27852025	27852026	-	0.32	mod_ratio	76	T	AGTCT	ok	True
chr22	27852250	27852251	-	0.712121	mod_ratio	66	T	TGTTT	ok	True
chr22	27852481	27852482	-	0.522727	mod_ratio	44	T	TGTCC	ok	True
chr22	27852709	27852710	-	0.868421	mod_ratio	39	T	AGTTT	ok	True
chr22	27852828	27852829	-	0.75	mod_ratio	36	T	TGTTT	ok	True
chr22	28794588	28794589	-	0.627451	mod_ratio	106	T	AGTTT	ok	True
chr22	28795232	28795233	-	0.294118	mod_ratio	109	T	GGTTT	ok	True
chr22	28795549	28795550	-	0.428571	mod_ratio	79	T	AGTTC	ok	True
chr22	28799083	28799084	-	0.803571	mod_ratio	58	T	TGTTC	ok	True
chr22	29282403	29282404	+	0.962963	mod_ratio	28	A	AAACA	ok	True
chr22	29296281	29296282	+	0.421053	mod_ratio	57	A	GGACA	ok	True
chr22	29297848	29297849	+	0.428571	mod_ratio	63	A	AAACT	ok	True
chr22	29298876	29298877	+	0.315068	mod_ratio	74	A	AGACT	ok	True
chr22	29299703	29299704	+	0.380952	mod_ratio	86	A	AGACA	ok	True
chr22	29299736	29299737	+	0.966292	mod_ratio	90	A	GGACC	ok	True
chr22	29299800	29299801	+	0.483516	mod_ratio	93	A	GAACA	ok	True
chr22	29300209	29300210	+	0.865979	mod_ratio	97	A	AAACC	ok	True
chr22	29300313	29300314	+	0.419355	mod_ratio	94	A	AAACA	ok	True
chr22	29554828	29554829	-	0.636364	mod_ratio	69	T	TGTTT	ok	True
chr22	29554891	29554892	-	0.454545	mod_ratio	77	T	GGTTC	ok	True
chr22	29555120	29555121	-	0.315789	mod_ratio	78	T	AGTTT	ok	True
chr22	29555296	29555297	-	0.580645	mod_ratio	64	T	AGTTC	ok	True
chr22	29555436	29555437	-	0.584906	mod_ratio	53	T	AGTTC	ok	True
chr22	29767385	29767386	+	0.171617	mod_ratio	584	A	GGACT	ok	True
chr22	29767396	29767397	+	0.101375	mod_ratio	702	A	AAACA	ok	True
chr22	29767449	29767450	+	0.199723	mod_ratio	727	A	GGACC	ok	True
chr22	29769688	29769689	+	0.769947	mod_ratio	758	A	AAACA	ok	True
chr22	29769826	29769827	+	0.164062	mod_ratio	771	A	GGACC	ok	True
chr22	30428481	30428482	+	0.736842	mod_ratio	79	A	GGACT	ok	True
chr22	30428837	30428838	+	0.453488	mod_ratio	87	A	AGACT	ok	True
chr22	30428993	30428994	+	0.304878	mod_ratio	82	A	GGACA	ok	True
chr22	31105213	31105214	-	0.218391	mod_ratio	174	T	AGTTC	ok	True
chr22	31105267	31105268	-	0.843931	mod_ratio	175	T	TGTTT	ok	True
chr22	31105669	31105670	-	0.298246	mod_ratio	171	T	TGTCC	ok	True
chr22	31420360	31420361	+	0.495495	mod_ratio	111	A	GAACA	ok	True
chr22	31420396	31420397	+	0.423423	mod_ratio	112	A	GGACA	ok	True
chr22	31423406	31423407	+	0.38843	mod_ratio	121	A	AAACA	ok	True
chr22	31426760	31426761	+	0.42446	mod_ratio	140	A	GGACT	ok	True
chr22	31426770	31426771	+	0.192857	mod_ratio	141	A	AAACT	ok	True
chr22	31427068	31427069	+	0.186207	mod_ratio	145	A	AAACC	ok	True
chr22	31427123	31427124	+	0.463576	mod_ratio	153	A	GGACC	ok	True
chr22	31433898	31433899	+	0.416667	mod_ratio	158	A	AAACA	ok	True
chr22	31433972	31433973	+	0.390244	mod_ratio	165	A	AAACC	ok	True
chr22	31434001	31434002	+	0.593939	mod_ratio	166	A	GAACC	ok	True
chr22	31434108	31434109	+	0.341463	mod_ratio	168	A	GAACT	ok	True
chr22	31434147	31434148	+	0.62963	mod_ratio	164	A	GAACT	ok	True
chr22	32387700	32387701	-	0.443709	mod_ratio	153	T	AGTTT	ok	True
chr22	32387911	32387912	-	0.184211	mod_ratio	153	T	AGTCT	ok	True
chr22	32387935	32387936	-	0.381579	mod_ratio	152	T	AGTCC	ok	True
chr22	32387982	32387983	-	0.22973	mod_ratio	150	T	TGTCC	ok	True
chr22	32387989	32387990	-	0.30137	mod_ratio	149	T	GGTTC	ok	True
chr22	32388015	32388016	-	0.424658	mod_ratio	146	T	GGTCT	ok	True
chr22	32388021	32388022	-	0.417808	mod_ratio	146	T	AGTTT	ok	True
chr22	32393917	32393918	-	0.227273	mod_ratio	133	T	GGTCT	ok	True
chr22	32393933	32393934	-	0.230769	mod_ratio	132	T	TGTTC	ok	True
chr22	32393993	32393994	-	0.388889	mod_ratio	126	T	TGTCC	ok	True
chr22	32396119	32396120	-	0.619469	mod_ratio	114	T	AGTTC	ok	True
chr22	32397998	32397999	-	0.284314	mod_ratio	103	T	TGTCC	ok	True
chr22	32491122	32491123	+	0.358209	mod_ratio	69	A	AAACT	ok	True
chr22	32491142	32491143	+	0.347826	mod_ratio	73	A	AGACC	ok	True
chr22	32493150	32493151	+	0.391892	mod_ratio	76	A	GAACT	ok	True
chr22	32493156	32493157	+	0.459459	mod_ratio	76	A	AAACT	ok	True
chr22	32498397	32498398	+	0.56701	mod_ratio	101	A	AGACC	ok	True
chr22	32498430	32498431	+	0.262626	mod_ratio	102	A	GGACC	ok	True
chr22	32498577	32498578	+	0.676471	mod_ratio	103	A	AAACT	ok	True
chr22	35416728	35416729	+	0.5	mod_ratio	48	A	GGACA	ok	True
chr22	35424281	35424282	+	0.302083	mod_ratio	96	A	GGACT	ok	True
chr22	35424364	35424365	+	0.510417	mod_ratio	96	A	GAACT	ok	True
chr22	36467087	36467088	-	0.541667	mod_ratio	48	T	AGTTC	ok	True
chr22	36467278	36467279	-	0.717391	mod_ratio	46	T	TGTTC	ok	True
chr22	36467867	36467868	-	0.228571	mod_ratio	107	T	TGTCC	ok	True
chr22	36480622	36480623	-	0.291667	mod_ratio	97	T	GGTCT	ok	True
chr22	36510947	36510948	-	0.267773	mod_ratio	429	T	AGTCT	ok	True
chr22	36510985	36510986	-	0.104408	mod_ratio	431	T	GGTTT	ok	True
chr22	36512567	36512568	-	0.233871	mod_ratio	378	T	AGTCC	ok	True
chr22	36517410	36517411	-	0.224422	mod_ratio	306	T	AGTCT	ok	True
chr22	36518776	36518777	-	0.219595	mod_ratio	300	T	TGTCT	ok	True
chr22	36518796	36518797	-	0.153061	mod_ratio	299	T	AGTTT	ok	True
chr22	36518900	36518901	-	0.100719	mod_ratio	284	T	AGTTT	ok	True
chr22	36520578	36520579	-	0.537255	mod_ratio	256	T	TGTCC	ok	True
chr22	36520677	36520678	-	0.331967	mod_ratio	246	T	AGTCT	ok	True
chr22	36523247	36523248	-	0.228448	mod_ratio	235	T	TGTTT	ok	True
chr22	36523905	36523906	-	0.122807	mod_ratio	228	T	TGTTT	ok	True
chr22	36523975	36523976	-	0.464789	mod_ratio	215	T	GGTTC	ok	True
chr22	36525701	36525702	-	0.338624	mod_ratio	193	T	AGTCT	ok	True
chr22	36526089	36526090	-	0.254335	mod_ratio	180	T	TGTCC	ok	True
chr22	37024759	37024760	+	0.55814	mod_ratio	86	A	GGACT	ok	True
chr22	37675694	37675695	+	0.144974	mod_ratio	950	A	GGACT	ok	True
chr22	37678603	37678604	+	0.493482	mod_ratio	1077	A	GGACC	ok	True
chr22	37691230	37691231	+	0.364865	mod_ratio	78	A	AAACA	ok	True
chr22	37691337	37691338	+	0.325	mod_ratio	81	A	AGACC	ok	True
chr22	37816872	37816873	+	0.543478	mod_ratio	49	A	AAACA	ok	True
chr22	37851319	37851320	+	0.368	mod_ratio	127	A	GAACA	ok	True
chr22	37851357	37851358	+	0.228346	mod_ratio	129	A	AAACT	ok	True
chr22	37851474	37851475	+	0.272727	mod_ratio	137	A	GGACA	ok	True
chr22	37863296	37863297	+	0.162338	mod_ratio	155	A	GAACT	ok	True
chr22	37874511	37874512	+	0.330144	mod_ratio	213	A	GAACT	ok	True
chr22	37875990	37875991	+	0.156522	mod_ratio	236	A	GGACC	ok	True
chr22	37878077	37878078	+	0.522388	mod_ratio	337	A	AAACA	ok	True
chr22	37878091	37878092	+	0.316418	mod_ratio	336	A	GAACC	ok	True
chr22	37886783	37886784	+	0.211765	mod_ratio	346	A	GGACA	ok	True
chr22	37888434	37888435	+	0.157434	mod_ratio	345	A	GAACC	ok	True
chr22	37888457	37888458	+	0.24269	mod_ratio	344	A	AGACC	ok	True
chr22	37888533	37888534	+	0.212389	mod_ratio	340	A	AAACC	ok	True
chr22	37888584	37888585	+	0.477477	mod_ratio	336	A	GGACC	ok	True
chr22	37953751	37953752	+	0.158333	mod_ratio	251	A	GGACC	ok	True
chr22	37953794	37953795	+	0.138996	mod_ratio	262	A	AGACA	ok	True
chr22	37953803	37953804	+	0.227799	mod_ratio	261	A	GGACA	ok	True
chr22	37967135	37967136	+	0.145215	mod_ratio	303	A	AGACA	ok	True
chr22	37967164	37967165	+	0.283333	mod_ratio	305	A	GAACT	ok	True
chr22	37967680	37967681	+	0.120401	mod_ratio	300	A	AGACT	ok	True
chr22	38682906	38682907	+	0.198276	mod_ratio	117	A	GGACC	ok	True
chr22	38683898	38683899	+	0.521739	mod_ratio	127	A	GAACT	ok	True
chr22	38684156	38684157	+	0.366197	mod_ratio	143	A	GAACC	ok	True
chr22	38684242	38684243	+	0.285714	mod_ratio	144	A	GGACA	ok	True
chr22	38684260	38684261	+	0.267606	mod_ratio	144	A	AAACA	ok	True
chr22	38684359	38684360	+	0.172414	mod_ratio	147	A	GGACT	ok	True
chr22	38992524	38992525	+	0.629213	mod_ratio	90	A	AAACA	ok	True
chr22	38992741	38992742	+	0.551724	mod_ratio	79	A	AAACA	ok	True
chr22	39312930	39312931	-	0.535446	mod_ratio	3021	T	TGTTC	ok	True
chr22	39312967	39312968	-	0.604735	mod_ratio	3061	T	GGTCT	ok	True
chr22	39312981	39312982	-	0.288518	mod_ratio	3058	T	GGTCC	ok	True
chr22	39313216	39313217	-	0.166125	mod_ratio	3087	T	GGTCT	ok	True
chr22	39313662	39313663	-	0.138997	mod_ratio	3090	T	GGTTC	ok	True
chr22	39314804	39314805	-	0.167495	mod_ratio	2853	T	GGTCT	ok	True
chr22	39315433	39315434	-	0.21353	mod_ratio	2673	T	GGTTC	ok	True
chr22	39315472	39315473	-	0.193648	mod_ratio	2624	T	AGTCC	ok	True
chr22	39316760	39316761	-	0.145932	mod_ratio	2349	T	AGTCC	ok	True
chr22	39317584	39317585	-	0.133193	mod_ratio	1922	T	TGTCT	ok	True
chr22	39521789	39521790	+	0.160839	mod_ratio	143	A	GGACA	ok	True
chr22	39521864	39521865	+	0.195804	mod_ratio	144	A	AAACC	ok	True
chr22	39521933	39521934	+	0.178082	mod_ratio	146	A	AGACT	ok	True
chr22	39522132	39522133	+	0.278107	mod_ratio	169	A	AGACT	ok	True
chr22	39522180	39522181	+	0.307692	mod_ratio	169	A	AGACA	ok	True
chr22	39522322	39522323	+	0.152047	mod_ratio	172	A	AAACC	ok	True
chr22	39522376	39522377	+	0.132948	mod_ratio	175	A	AAACT	ok	True
chr22	39529292	39529293	-	0.205645	mod_ratio	250	T	GGTCT	ok	True
chr22	39529385	39529386	-	0.134694	mod_ratio	248	T	GGTCC	ok	True
chr22	39529528	39529529	-	0.112971	mod_ratio	241	T	AGTCT	ok	True
chr22	39529571	39529572	-	0.135593	mod_ratio	239	T	GGTCT	ok	True
chr22	39529609	39529610	-	0.12931	mod_ratio	234	T	GGTTC	ok	True
chr22	39529874	39529875	-	0.130631	mod_ratio	226	T	GGTTT	ok	True
chr22	39529889	39529890	-	0.486364	mod_ratio	224	T	GGTCT	ok	True
chr22	39532429	39532430	-	0.365385	mod_ratio	210	T	AGTTC	ok	True
chr22	39532437	39532438	-	0.273171	mod_ratio	210	T	AGTTT	ok	True
chr22	40349857	40349858	+	0.224138	mod_ratio	176	A	GAACA	ok	True
chr22	40361300	40361301	+	0.466321	mod_ratio	389	A	AAACC	ok	True
chr22	40361319	40361320	+	0.581633	mod_ratio	399	A	GAACC	ok	True
chr22	40361331	40361332	+	0.110553	mod_ratio	399	A	AAACA	ok	True
chr22	40363039	40363040	+	0.121212	mod_ratio	398	A	GAACA	ok	True
chr22	40826305	40826306	-	0.741228	mod_ratio	229	T	TGTTT	ok	True
chr22	40826312	40826313	-	0.188596	mod_ratio	228	T	AGTTT	ok	True
chr22	40826461	40826462	-	0.255814	mod_ratio	217	T	GGTTT	ok	True
chr22	40826625	40826626	-	0.119816	mod_ratio	222	T	GGTTC	ok	True
chr22	40827140	40827141	-	0.21256	mod_ratio	212	T	AGTCC	ok	True
chr22	40835628	40835629	-	0.190476	mod_ratio	149	T	AGTCT	ok	True
chr22	40844883	40844884	-	0.264706	mod_ratio	137	T	GGTTC	ok	True
chr22	40848318	40848319	-	0.590909	mod_ratio	133	T	GGTTC	ok	True
chr22	40953615	40953616	+	0.686717	mod_ratio	403	A	GAACC	ok	True
chr22	40967837	40967838	+	0.151807	mod_ratio	419	A	AAACA	ok	True
chr22	40967859	40967860	+	0.144928	mod_ratio	419	A	GGACA	ok	True
chr22	40972573	40972574	+	0.219638	mod_ratio	392	A	GAACT	ok	True
chr22	41459765	41459766	-	0.424242	mod_ratio	99	T	AGTTT	ok	True
chr22	41459978	41459979	-	0.801887	mod_ratio	106	T	GGTTC	ok	True
chr22	41460020	41460021	-	0.240385	mod_ratio	105	T	TGTTT	ok	True
chr22	41460049	41460050	-	0.317757	mod_ratio	108	T	AGTTC	ok	True
chr22	41460444	41460445	-	0.333333	mod_ratio	107	T	TGTCT	ok	True
chr22	41468644	41468645	-	0.731707	mod_ratio	84	T	TGTTT	ok	True
chr22	41524893	41524894	+	0.854167	mod_ratio	48	A	AGACC	ok	True
chr22	41528533	41528534	+	0.453125	mod_ratio	65	A	GAACC	ok	True
chr22	41528600	41528601	+	0.348485	mod_ratio	69	A	GAACT	ok	True
chr22	41577169	41577170	-	0.432432	mod_ratio	74	T	TGTCC	ok	True
chr22	41583967	41583968	-	0.71875	mod_ratio	33	T	AGTTC	ok	True
chr22	41601047	41601048	-	0.786885	mod_ratio	62	T	TGTTT	ok	True
chr22	41622071	41622072	+	0.235294	mod_ratio	277	A	GAACC	ok	True
chr22	41628120	41628121	+	0.119565	mod_ratio	278	A	AGACT	ok	True
chr22	41636578	41636579	+	0.141176	mod_ratio	349	A	AGACA	ok	True
chr22	41636698	41636699	+	0.128767	mod_ratio	368	A	AGACA	ok	True
chr22	41636742	41636743	+	0.143603	mod_ratio	387	A	GGACC	ok	True
chr22	41637700	41637701	+	0.126551	mod_ratio	417	A	GGACC	ok	True
chr22	41637768	41637769	+	0.133949	mod_ratio	437	A	AGACC	ok	True
chr22	41646995	41646996	+	0.373391	mod_ratio	476	A	AAACA	ok	True
chr22	41647013	41647014	+	0.15304	mod_ratio	482	A	AAACC	ok	True
chr22	41647025	41647026	+	0.102083	mod_ratio	485	A	GGACC	ok	True
chr22	41650761	41650762	+	0.363636	mod_ratio	527	A	AAACA	ok	True
chr22	41650835	41650836	+	0.659774	mod_ratio	538	A	AAACA	ok	True
chr22	41658268	41658269	+	0.126761	mod_ratio	654	A	GAACC	ok	True
chr22	41658343	41658344	+	0.10089	mod_ratio	679	A	GGACC	ok	True
chr22	41661439	41661440	+	0.145183	mod_ratio	739	A	AAACA	ok	True
chr22	41663810	41663811	+	0.448319	mod_ratio	809	A	GGACT	ok	True
chr22	41663935	41663936	+	0.108241	mod_ratio	817	A	GGACT	ok	True
chr22	41674077	41674078	-	0.207101	mod_ratio	170	T	TGTCC	ok	True
chr22	41674114	41674115	-	0.39881	mod_ratio	168	T	TGTTT	ok	True
chr22	41674195	41674196	-	0.167665	mod_ratio	168	T	AGTTC	ok	True
chr22	41674553	41674554	-	0.188525	mod_ratio	123	T	TGTTT	ok	True
chr22	41674980	41674981	-	0.453172	mod_ratio	667	T	TGTTT	ok	True
chr22	41680296	41680297	-	0.12966	mod_ratio	618	T	GGTCC	ok	True
chr22	41682413	41682414	-	0.238095	mod_ratio	114	T	GGTTT	ok	True
chr22	41688804	41688805	-	0.116705	mod_ratio	448	T	GGTTC	ok	True
chr22	41938771	41938772	-	0.307692	mod_ratio	95	T	TGTTC	ok	True
chr22	41939001	41939002	-	0.471154	mod_ratio	104	T	TGTTT	ok	True
chr22	42083315	42083316	+	0.295238	mod_ratio	116	A	AAACA	ok	True
chr22	42086131	42086132	-	0.310777	mod_ratio	524	T	AGTTT	ok	True
chr22	42086241	42086242	-	0.238422	mod_ratio	585	T	TGTTT	ok	True
chr22	42086292	42086293	-	0.101724	mod_ratio	582	T	TGTTT	ok	True
chr22	42086302	42086303	-	0.180723	mod_ratio	582	T	AGTTC	ok	True
chr22	42087156	42087157	-	0.122744	mod_ratio	562	T	TGTCC	ok	True
chr22	42090610	42090611	-	0.265455	mod_ratio	553	T	TGTTC	ok	True
chr22	42512682	42512683	-	0.166667	mod_ratio	151	T	AGTCC	ok	True
chr22	42512746	42512747	-	0.152318	mod_ratio	151	T	GGTCC	ok	True
chr22	42583735	42583736	-	0.742857	mod_ratio	54	T	TGTTT	ok	True
chr22	42619114	42619115	-	0.369565	mod_ratio	94	T	GGTTC	ok	True
chr22	43159220	43159221	+	0.25614	mod_ratio	297	A	GAACA	ok	True
chr22	43161143	43161144	+	0.118393	mod_ratio	485	A	GAACT	ok	True
chr22	43162950	43162951	+	0.189394	mod_ratio	535	A	GGACA	ok	True
chr22	43972325	43972326	+	0.72	mod_ratio	102	A	AAACA	ok	True
chr22	43972974	43972975	+	0.449541	mod_ratio	109	A	AAACC	ok	True
chr22	43972988	43972989	+	0.256881	mod_ratio	110	A	AAACT	ok	True
chr22	43973246	43973247	+	0.342342	mod_ratio	112	A	AAACT	ok	True
chr22	43976158	43976159	+	0.256637	mod_ratio	114	A	GGACA	ok	True
chr22	43977873	43977874	+	0.20339	mod_ratio	118	A	GAACT	ok	True
chr22	43989113	43989114	+	0.223881	mod_ratio	134	A	AGACT	ok	True
chr22	43989211	43989212	+	0.214815	mod_ratio	137	A	GAACA	ok	True
chr22	43990364	43990365	+	0.439716	mod_ratio	142	A	GAACT	ok	True
chr22	45689715	45689716	+	0.342857	mod_ratio	145	A	AAACA	ok	True
chr22	45689727	45689728	+	0.22069	mod_ratio	146	A	GGACT	ok	True
chr22	45692997	45692998	+	0.385542	mod_ratio	169	A	GAACT	ok	True
chr22	45693046	45693047	+	0.485549	mod_ratio	174	A	GAACT	ok	True
chr22	45693058	45693059	+	0.151163	mod_ratio	175	A	GAACA	ok	True
chr22	45702786	45702787	+	0.56044	mod_ratio	183	A	GAACC	ok	True
chr22	45718475	45718476	+	0.615741	mod_ratio	217	A	AAACT	ok	True
chr22	45718480	45718481	+	0.259259	mod_ratio	217	A	GAACA	ok	True
chr22	45729438	45729439	+	0.45	mod_ratio	223	A	AGACC	ok	True
chr22	45740403	45740404	+	0.486275	mod_ratio	255	A	AAACC	ok	True
chr22	45740410	45740411	+	0.267717	mod_ratio	257	A	AAACA	ok	True
chr22	45806992	45806993	+	0.319703	mod_ratio	270	A	GGACA	ok	True
chr22	45843023	45843024	+	0.210145	mod_ratio	280	A	AAACC	ok	True
chr22	45843035	45843036	+	0.125448	mod_ratio	279	A	AGACA	ok	True
chr22	45843075	45843076	+	0.146429	mod_ratio	284	A	GAACA	ok	True
chr22	45843164	45843165	+	0.156364	mod_ratio	280	A	AGACA	ok	True
chr22	45843675	45843676	+	0.116105	mod_ratio	269	A	GAACT	ok	True
chr22	49927315	49927316	+	0.864407	mod_ratio	59	A	GGACT	ok	True
chr22	49927472	49927473	+	0.741379	mod_ratio	58	A	AAACA	ok	True
chr22	50523743	50523744	-	0.252525	mod_ratio	99	T	GGTCC	ok	True
chr22	50523863	50523864	-	0.479167	mod_ratio	96	T	AGTCC	ok	True
chr22	50799123	50799124	+	0.631579	mod_ratio	39	A	AAACT	ok	True
chr21	6484667	6484668	-	0.230769	mod_ratio	163	T	TGTTT	ok	True
chr21	6484713	6484714	-	0.316667	mod_ratio	181	T	GGTTT	ok	True
chr21	6484868	6484869	-	0.121053	mod_ratio	191	T	GGTCT	ok	True
chr21	6487134	6487135	-	0.698864	mod_ratio	176	T	GGTCT	ok	True
chr21	6496007	6496008	-	0.230769	mod_ratio	159	T	GGTTT	ok	True
chr21	7758134	7758135	+	0.6875	mod_ratio	48	A	GGACT	ok	True
chr21	17593982	17593983	-	0.348485	mod_ratio	69	T	GGTTT	ok	True
chr21	25597350	25597351	-	0.244898	mod_ratio	148	T	AGTTT	ok	True
chr21	25599822	25599823	-	0.262069	mod_ratio	147	T	AGTTT	ok	True
chr21	25603874	25603875	-	0.5	mod_ratio	139	T	TGTCC	ok	True
chr21	25603885	25603886	-	0.226277	mod_ratio	140	T	TGTCC	ok	True
chr21	25606477	25606478	-	0.4	mod_ratio	132	T	TGTTT	ok	True
chr21	25606511	25606512	-	0.480315	mod_ratio	128	T	AGTTT	ok	True
chr21	25606544	25606545	-	0.459677	mod_ratio	126	T	AGTTC	ok	True
chr21	25724566	25724567	-	0.130024	mod_ratio	941	T	TGTTT	ok	True
chr21	25729671	25729672	-	0.109731	mod_ratio	968	T	AGTTT	ok	True
chr21	25729689	25729690	-	0.211076	mod_ratio	965	T	AGTTC	ok	True
chr21	25734863	25734864	-	0.112045	mod_ratio	718	T	AGTCC	ok	True
chr21	25881192	25881193	-	0.821429	mod_ratio	28	T	TGTTT	ok	True
chr21	29056343	29056344	-	0.418283	mod_ratio	492	T	TGTTT	ok	True
chr21	29056499	29056500	-	0.131206	mod_ratio	574	T	AGTCT	ok	True
chr21	29056537	29056538	-	0.15993	mod_ratio	573	T	GGTTT	ok	True
chr21	29060582	29060583	-	0.333333	mod_ratio	563	T	AGTTT	ok	True
chr21	29060637	29060638	-	0.119782	mod_ratio	555	T	TGTCC	ok	True
chr21	29061303	29061304	-	0.160075	mod_ratio	536	T	AGTTT	ok	True
chr21	29061337	29061338	-	0.101923	mod_ratio	527	T	AGTTT	ok	True
chr21	29061399	29061400	-	0.150495	mod_ratio	513	T	TGTTC	ok	True
chr21	29061405	29061406	-	0.126253	mod_ratio	510	T	AGTCC	ok	True
chr21	29061516	29061517	-	0.277207	mod_ratio	492	T	TGTTT	ok	True
chr21	29062388	29062389	-	0.113895	mod_ratio	446	T	TGTCC	ok	True
chr21	29062550	29062551	-	0.486811	mod_ratio	426	T	AGTTT	ok	True
chr21	29063471	29063472	-	0.123037	mod_ratio	393	T	GGTTT	ok	True
chr21	29063526	29063527	-	0.199454	mod_ratio	379	T	TGTTC	ok	True
chr21	29064972	29064973	-	0.326923	mod_ratio	370	T	AGTTT	ok	True
chr21	29066939	29066940	-	0.516923	mod_ratio	334	T	TGTTT	ok	True
chr21	29070253	29070254	-	0.12963	mod_ratio	273	T	GGTCC	ok	True
chr21	29070273	29070274	-	0.422222	mod_ratio	271	T	GGTTT	ok	True
chr21	29070302	29070303	-	0.10566	mod_ratio	270	T	TGTTT	ok	True
chr21	29073530	29073531	-	0.341365	mod_ratio	258	T	ACTTT	ok	False
chr21	29073610	29073611	-	0.457399	mod_ratio	241	T	AGTTC	ok	True
chr21	31659740	31659741	+	0.106169	mod_ratio	716	A	GAACC	ok	True
chr21	31663800	31663801	+	0.102828	mod_ratio	804	A	GGACC	ok	True
chr21	31663830	31663831	+	0.155828	mod_ratio	822	A	GGACT	ok	True
chr21	31666491	31666492	+	0.227015	mod_ratio	891	A	AAACA	ok	True
chr21	31667346	31667347	+	0.154516	mod_ratio	926	A	AGACC	ok	True
chr21	31668578	31668579	+	0.42967	mod_ratio	918	A	AAACA	ok	True
chr21	31668653	31668654	+	0.501002	mod_ratio	533	A	AAACA	ok	True
chr21	31668660	31668661	+	0.535452	mod_ratio	518	A	AAACA	ok	True
chr21	31668728	31668729	+	0.301887	mod_ratio	162	A	AAACT	ok	True
chr21	31668836	31668837	+	0.411765	mod_ratio	156	A	AAACT	ok	True
chr21	32601693	32601694	-	0.36	mod_ratio	79	T	AGTTC	ok	True
chr21	32601871	32601872	-	0.33945	mod_ratio	109	T	GGTCT	ok	True
chr21	32601904	32601905	-	0.231481	mod_ratio	109	T	TGTCT	ok	True
chr21	32601938	32601939	-	0.442308	mod_ratio	106	T	AGTTT	ok	True
chr21	32602286	32602287	-	0.227723	mod_ratio	102	T	TGTCT	ok	True
chr21	32602361	32602362	-	0.26	mod_ratio	100	T	TGTCC	ok	True
chr21	32603209	32603210	-	0.313043	mod_ratio	118	T	AGTCT	ok	True
chr21	32604280	32604281	-	0.273585	mod_ratio	107	T	TGTTT	ok	True
chr21	32609952	32609953	-	0.537736	mod_ratio	107	T	AGTCC	ok	True
chr21	33248718	33248719	+	0.789474	mod_ratio	38	A	GAACC	ok	True
chr21	33252734	33252735	+	0.818182	mod_ratio	33	A	GAACT	ok	True
chr21	33504049	33504050	-	0.513158	mod_ratio	78	T	AGTCC	ok	True
chr21	33504173	33504174	-	0.592593	mod_ratio	82	T	AGTTC	ok	True
chr21	33504452	33504453	-	0.474359	mod_ratio	79	T	GGTTT	ok	True
chr21	33509785	33509786	-	0.492063	mod_ratio	63	T	TGTTC	ok	True
chr21	33528192	33528193	-	0.4	mod_ratio	64	T	AGTCT	ok	True
chr21	33528240	33528241	-	0.389831	mod_ratio	62	T	GGTTT	ok	True
chr21	33546243	33546244	+	0.2875	mod_ratio	160	A	AAACA	ok	True
chr21	33546265	33546266	+	0.18125	mod_ratio	162	A	AAACC	ok	True
chr21	33549519	33549520	+	0.62069	mod_ratio	147	A	AAACA	ok	True
chr21	33549577	33549578	+	0.394737	mod_ratio	127	A	AAACA	ok	True
chr21	33903488	33903489	-	0.286467	mod_ratio	580	T	AGTTT	ok	True
chr21	33903638	33903639	-	0.384735	mod_ratio	645	T	AGTCT	ok	True
chr21	33903987	33903988	-	0.255054	mod_ratio	645	T	AGTTT	ok	True
chr21	33914470	33914471	-	0.256318	mod_ratio	557	T	GGTCT	ok	True
chr21	34142506	34142507	+	0.959302	mod_ratio	174	A	AAACA	ok	True
chr21	34142524	34142525	+	0.62069	mod_ratio	176	A	GAACT	ok	True
chr21	34142771	34142772	+	0.358289	mod_ratio	189	A	GAACT	ok	True
chr21	34142861	34142862	+	0.131148	mod_ratio	184	A	GGACT	ok	True
chr21	34142992	34142993	+	0.471429	mod_ratio	145	A	GGACA	ok	True
chr21	34385596	34385597	+	0.415385	mod_ratio	66	A	AAACT	ok	True
chr21	34388658	34388659	+	0.647887	mod_ratio	71	A	GGACT	ok	True
chr21	36072531	36072532	+	0.376712	mod_ratio	149	A	AGACC	ok	True
chr21	36072680	36072681	+	0.352273	mod_ratio	176	A	AAACT	ok	True
chr21	36072703	36072704	+	0.261364	mod_ratio	177	A	GGACA	ok	True
chr21	37065580	37065581	-	0.55102	mod_ratio	49	T	AGTTC	ok	True
chr21	37065585	37065586	-	0.591837	mod_ratio	49	T	AGTTT	ok	True
chr21	39175582	39175583	-	0.696517	mod_ratio	201	T	TGTTT	ok	True
chr21	39178523	39178524	-	0.190955	mod_ratio	201	T	TGTTT	ok	True
chr21	39178621	39178622	-	0.145161	mod_ratio	188	T	TGTTC	ok	True
chr21	39180377	39180378	-	0.26875	mod_ratio	163	T	AGTTT	ok	True
chr21	39183284	39183285	-	0.330645	mod_ratio	126	T	TGTCC	ok	True
chr21	39342539	39342540	-	0.255708	mod_ratio	440	T	AGTTC	ok	True
chr21	39342685	39342686	-	0.145679	mod_ratio	414	T	GGTTT	ok	True
chr21	39342744	39342745	-	0.190601	mod_ratio	395	T	TGTTC	ok	True
chr21	39343001	39343002	-	0.264984	mod_ratio	325	T	TGTTT	ok	True
chr21	39345153	39345154	-	0.2	mod_ratio	293	T	AGTCT	ok	True
chr21	39345182	39345183	-	0.218638	mod_ratio	286	T	AGTCT	ok	True
chr21	39345192	39345193	-	0.257246	mod_ratio	283	T	AGTTT	ok	True
chr21	39345217	39345218	-	0.136531	mod_ratio	277	T	TGTTT	ok	True
chr21	39345246	39345247	-	0.529644	mod_ratio	258	T	TGTTT	ok	True
chr21	39345260	39345261	-	0.184	mod_ratio	260	T	TGTCT	ok	True
chr21	39348336	39348337	-	0.154472	mod_ratio	248	T	GGTTT	ok	True
chr21	42843237	42843238	-	0.235294	mod_ratio	119	T	GGTCC	ok	True
chr21	42852271	42852272	-	0.327586	mod_ratio	116	T	AGTTC	ok	True
chr21	42909042	42909043	+	0.316327	mod_ratio	100	A	GAACC	ok	True
chr21	43053216	43053217	-	0.522388	mod_ratio	70	T	TGTCC	ok	True
chr21	43053804	43053805	-	0.527273	mod_ratio	56	T	TGTTT	ok	True
chr21	43093000	43093001	-	0.235294	mod_ratio	142	T	TGTTT	ok	True
chr21	43093015	43093016	-	0.166667	mod_ratio	153	T	TGTTT	ok	True
chr21	43093046	43093047	-	0.355828	mod_ratio	167	T	GGTTT	ok	True
chr21	43093201	43093202	-	0.157303	mod_ratio	179	T	GGTCT	ok	True
chr21	43094725	43094726	-	0.136905	mod_ratio	170	T	TGTCC	ok	True
chr21	43095465	43095466	-	0.71519	mod_ratio	159	T	GGTCT	ok	True
chr21	43104329	43104330	-	0.195652	mod_ratio	139	T	GGTTT	ok	True
chr21	43734114	43734115	+	0.75	mod_ratio	56	A	AAACC	ok	True
chr21	43743762	43743763	+	0.370968	mod_ratio	63	A	GGACA	ok	True
chr21	43753624	43753625	+	0.273632	mod_ratio	202	A	GGACA	ok	True
chr21	43753692	43753693	+	0.116505	mod_ratio	208	A	GGACA	ok	True
chr21	43756019	43756020	+	0.119048	mod_ratio	211	A	GGACA	ok	True
chr21	43774167	43774168	-	0.259259	mod_ratio	515	T	AGTCT	ok	True
chr21	43774188	43774189	-	0.786693	mod_ratio	514	T	TGTCC	ok	True
chr21	43774268	43774269	-	0.36	mod_ratio	482	T	TGTTT	ok	True
chr21	43774670	43774671	-	0.543624	mod_ratio	460	T	AGTTT	ok	True
chr21	43776223	43776224	-	0.13253	mod_ratio	420	T	GGTCT	ok	True
chr21	44805642	44805643	-	0.653061	mod_ratio	54	T	TGTTT	ok	True
chr21	44805875	44805876	-	0.835616	mod_ratio	73	T	TGTTT	ok	True
chr21	44806851	44806852	-	0.526316	mod_ratio	76	T	TGTCC	ok	True
chr21	44807020	44807021	-	0.362319	mod_ratio	70	T	TGTCC	ok	True
chr21	44850254	44850255	-	0.714286	mod_ratio	42	T	TGTTT	ok	True
chr9	154794	154795	-	1	mod_ratio	28	T	TGTCT	ok	True
chr9	175759	175760	-	0.671642	mod_ratio	69	T	AGTTC	ok	True
chr9	2804342	2804343	-	0.348718	mod_ratio	195	T	AGTTT	ok	True
chr9	2804430	2804431	-	0.592965	mod_ratio	202	T	TGTTT	ok	True
chr9	2807889	2807890	-	0.165803	mod_ratio	195	T	TGTTT	ok	True
chr9	2810404	2810405	-	0.126984	mod_ratio	192	T	TGTCC	ok	True
chr9	2829941	2829942	-	0.928571	mod_ratio	28	T	GGTTT	ok	True
chr9	5233684	5233685	+	0.477273	mod_ratio	89	A	GGACA	ok	True
chr9	5233741	5233742	+	0.311111	mod_ratio	91	A	AAACC	ok	True
chr9	5233891	5233892	+	0.261364	mod_ratio	88	A	GGACT	ok	True
chr9	5358336	5358337	-	0.510638	mod_ratio	48	T	TGTTT	ok	True
chr9	5361098	5361099	-	0.829787	mod_ratio	47	T	GGTTC	ok	True
chr9	7798439	7798440	-	0.181818	mod_ratio	221	T	AGTCT	ok	True
chr9	7799659	7799660	-	0.246305	mod_ratio	204	T	GGTTT	ok	True
chr9	19050543	19050544	+	0.46875	mod_ratio	68	A	AAACA	ok	True
chr9	19050754	19050755	+	0.726027	mod_ratio	74	A	AAACA	ok	True
chr9	19376364	19376365	-	0.108721	mod_ratio	6069	T	TGTTC	ok	True
chr9	19376514	19376515	-	0.135996	mod_ratio	6085	T	AGTTT	ok	True
chr9	19376643	19376644	-	0.184754	mod_ratio	6044	T	GGTTT	ok	True
chr9	19378434	19378435	-	0.120611	mod_ratio	5930	T	AGTTT	ok	True
chr9	19378494	19378495	-	0.519504	mod_ratio	5754	T	AGTCC	ok	True
chr9	19378882	19378883	-	0.128245	mod_ratio	5132	T	TGTTT	ok	True
chr9	19379555	19379556	-	0.330049	mod_ratio	4686	T	AGTTT	ok	True
chr9	19379582	19379583	-	0.159756	mod_ratio	4637	T	AGTTT	ok	True
chr9	21967992	21967993	-	0.482143	mod_ratio	321	T	TGTTT	ok	True
chr9	21968194	21968195	-	0.140385	mod_ratio	528	T	AGTTT	ok	True
chr9	21968204	21968205	-	0.160612	mod_ratio	527	T	GGTTT	ok	True
chr9	21968223	21968224	-	0.216061	mod_ratio	526	T	GGTTC	ok	True
chr9	21971083	21971084	-	0.127764	mod_ratio	411	T	TGTCC	ok	True
chr9	32553925	32553926	-	0.261421	mod_ratio	396	T	AGTCT	ok	True
chr9	32558948	32558949	-	0.107527	mod_ratio	374	T	GGTTT	ok	True
chr9	32573033	32573034	-	0.179894	mod_ratio	379	T	AGTTT	ok	True
chr9	32972838	32972839	-	0.818182	mod_ratio	33	T	TGTTT	ok	True
chr9	32974500	32974501	-	0.469388	mod_ratio	49	T	TGTTT	ok	True
chr9	32987695	32987696	-	0.78125	mod_ratio	33	T	TGTTT	ok	True
chr9	33026496	33026497	+	0.178042	mod_ratio	339	A	AAACA	ok	True
chr9	33026525	33026526	+	0.19883	mod_ratio	349	A	AAACC	ok	True
chr9	33026567	33026568	+	0.364672	mod_ratio	353	A	AAACT	ok	True
chr9	33026817	33026818	+	0.464706	mod_ratio	344	A	AAACA	ok	True
chr9	33029923	33029924	+	0.108553	mod_ratio	311	A	AGACT	ok	True
chr9	33029948	33029949	+	0.120521	mod_ratio	319	A	AAACT	ok	True
chr9	33034257	33034258	+	0.108108	mod_ratio	339	A	AGACC	ok	True
chr9	33034270	33034271	+	0.156805	mod_ratio	342	A	GGACT	ok	True
chr9	33036602	33036603	+	0.172131	mod_ratio	372	A	GGACA	ok	True
chr9	33036664	33036665	+	0.384615	mod_ratio	381	A	GAACC	ok	True
chr9	33037078	33037079	+	0.189394	mod_ratio	402	A	AGACC	ok	True
chr9	33038688	33038689	+	0.345865	mod_ratio	404	A	AAACT	ok	True
chr9	33038722	33038723	+	0.140049	mod_ratio	411	A	AAACT	ok	True
chr9	33038771	33038772	+	0.423445	mod_ratio	423	A	AGACT	ok	True
chr9	33038784	33038785	+	0.121718	mod_ratio	424	A	GGACC	ok	True
chr9	33038802	33038803	+	0.116667	mod_ratio	425	A	GGACT	ok	True
chr9	33039011	33039012	+	0.331695	mod_ratio	415	A	AAACT	ok	True
chr9	33039127	33039128	+	0.437086	mod_ratio	154	A	AAACT	ok	True
chr9	33039193	33039194	+	0.24026	mod_ratio	155	A	GGACA	ok	True
chr9	33039203	33039204	+	0.477419	mod_ratio	156	A	AGACT	ok	True
chr9	33039270	33039271	+	0.193548	mod_ratio	157	A	AAACT	ok	True
chr9	33255237	33255238	-	0.211881	mod_ratio	506	T	AGTTT	ok	True
chr9	33255259	33255260	-	0.363817	mod_ratio	505	T	AGTCT	ok	True
chr9	33255273	33255274	-	0.151093	mod_ratio	504	T	TGTTC	ok	True
chr9	33255904	33255905	-	0.13442	mod_ratio	493	T	TGTCT	ok	True
chr9	33256866	33256867	-	0.188559	mod_ratio	474	T	AGTTT	ok	True
chr9	33258994	33258995	-	0.630385	mod_ratio	447	T	TGTTT	ok	True
chr9	33259009	33259010	-	0.549425	mod_ratio	439	T	AGTTC	ok	True
chr9	33259031	33259032	-	0.566434	mod_ratio	433	T	TGTTC	ok	True
chr9	33261145	33261146	-	0.93128	mod_ratio	423	T	TGTTT	ok	True
chr9	33262714	33262715	-	0.171498	mod_ratio	416	T	AGTTT	ok	True
chr9	33262766	33262767	-	0.113022	mod_ratio	409	T	GGTCT	ok	True
chr9	33262780	33262781	-	0.241975	mod_ratio	407	T	GGTTC	ok	True
chr9	33270702	33270703	+	0.298969	mod_ratio	99	A	GGACA	ok	True
chr9	33270710	33270711	+	0.5	mod_ratio	99	A	AGACC	ok	True
chr9	33276465	33276466	+	0.287129	mod_ratio	101	A	AGACC	ok	True
chr9	33280892	33280893	+	0.448	mod_ratio	129	A	AAACA	ok	True
chr9	33281013	33281014	+	0.34507	mod_ratio	145	A	AGACT	ok	True
chr9	33281079	33281080	+	0.465278	mod_ratio	146	A	GAACT	ok	True
chr9	33281146	33281147	+	0.20155	mod_ratio	146	A	AAACT	ok	True
chr9	33281476	33281477	+	0.51	mod_ratio	105	A	GGACA	ok	True
chr9	33441680	33441681	-	0.178571	mod_ratio	145	T	GGTCC	ok	True
chr9	33441830	33441831	-	0.206897	mod_ratio	120	T	GGTTC	ok	True
chr9	33441903	33441904	-	0.509259	mod_ratio	109	T	TGTCT	ok	True
chr9	34339153	34339154	+	0.634615	mod_ratio	53	A	GGACT	ok	True
chr9	34343155	34343156	+	0.903846	mod_ratio	52	A	AAACA	ok	True
chr9	34343683	34343684	+	0.5	mod_ratio	54	A	AAACC	ok	True
chr9	34610552	34610553	-	0.425926	mod_ratio	164	T	AGTTC	ok	True
chr9	34610688	34610689	-	0.187879	mod_ratio	166	T	GGTCC	ok	True
chr9	34610979	34610980	-	0.347222	mod_ratio	74	T	GGTCT	ok	True
chr9	34611015	34611016	-	0.397059	mod_ratio	72	T	TGTCC	ok	True
chr9	34634918	34634919	-	0.266332	mod_ratio	201	T	GGTCC	ok	True
chr9	34635475	34635476	-	0.365385	mod_ratio	114	T	TGTTT	ok	True
chr9	34635540	34635541	-	0.347826	mod_ratio	105	T	TGTCC	ok	True
chr9	34635719	34635720	-	0.424658	mod_ratio	80	T	AGTCC	ok	True
chr9	34635803	34635804	-	0.347826	mod_ratio	73	T	TGTTT	ok	True
chr9	35056634	35056635	-	0.217105	mod_ratio	154	T	AGTTT	ok	True
chr9	35056808	35056809	-	0.157895	mod_ratio	154	T	GGTTC	ok	True
chr9	35056940	35056941	-	0.183246	mod_ratio	197	T	TGTTT	ok	True
chr9	35056969	35056970	-	0.413265	mod_ratio	201	T	TGTCC	ok	True
chr9	35056995	35056996	-	0.205	mod_ratio	200	T	TGTTC	ok	True
chr9	35057036	35057037	-	0.276923	mod_ratio	198	T	GGTCC	ok	True
chr9	35057077	35057078	-	0.121693	mod_ratio	189	T	GGTCC	ok	True
chr9	35057141	35057142	-	0.201117	mod_ratio	181	T	TGTCT	ok	True
chr9	35057207	35057208	-	0.251462	mod_ratio	171	T	GGTTC	ok	True
chr9	35059211	35059212	-	0.376812	mod_ratio	141	T	AGTCC	ok	True
chr9	35060849	35060850	-	0.229358	mod_ratio	110	T	TGTCT	ok	True
chr9	35061067	35061068	-	0.33	mod_ratio	101	T	GGTCT	ok	True
chr9	35061166	35061167	-	0.25	mod_ratio	96	T	AGTCT	ok	True
chr9	35064198	35064199	-	0.652778	mod_ratio	75	T	AGTTC	ok	True
chr9	35065324	35065325	-	0.560606	mod_ratio	68	T	TGTTT	ok	True
chr9	35068275	35068276	-	0.492308	mod_ratio	65	T	TGTCC	ok	True
chr9	35068325	35068326	-	0.347826	mod_ratio	94	T	TGTTT	ok	True
chr9	35099890	35099891	-	0.355	mod_ratio	298	T	AGTTT	ok	True
chr9	35099897	35099898	-	0.29	mod_ratio	383	T	GGTTT	ok	True
chr9	35099912	35099913	-	0.306905	mod_ratio	413	T	AGTTT	ok	True
chr9	35099930	35099931	-	0.301471	mod_ratio	424	T	AGTTC	ok	True
chr9	35100003	35100004	-	0.880899	mod_ratio	451	T	TGTTC	ok	True
chr9	35100058	35100059	-	0.323596	mod_ratio	449	T	AGTTC	ok	True
chr9	35100119	35100120	-	0.14447	mod_ratio	447	T	AGTCT	ok	True
chr9	35100126	35100127	-	0.371041	mod_ratio	446	T	AGTCC	ok	True
chr9	35100655	35100656	-	0.41704	mod_ratio	449	T	AGTCC	ok	True
chr9	35100666	35100667	-	0.29955	mod_ratio	447	T	AGTTT	ok	True
chr9	35101153	35101154	-	0.289157	mod_ratio	417	T	TGTTC	ok	True
chr9	35101192	35101193	-	0.215	mod_ratio	409	T	TGTTT	ok	True
chr9	35101230	35101231	-	0.150649	mod_ratio	391	T	GGTCC	ok	True
chr9	35101733	35101734	-	0.192771	mod_ratio	172	T	AGTTT	ok	True
chr9	35101759	35101760	-	0.472727	mod_ratio	167	T	TGTTT	ok	True
chr9	35102165	35102166	-	0.192053	mod_ratio	154	T	GGTCT	ok	True
chr9	35102764	35102765	-	0.6	mod_ratio	137	T	TGTTT	ok	True
chr9	35682028	35682029	-	0.333333	mod_ratio	148	T	AGTTT	ok	True
chr9	35682095	35682096	-	0.431373	mod_ratio	214	T	AGTTC	ok	True
chr9	35682106	35682107	-	0.146226	mod_ratio	216	T	GGTCT	ok	True
chr9	35682111	35682112	-	0.266355	mod_ratio	216	T	GGTCC	ok	True
chr9	35682118	35682119	-	0.167442	mod_ratio	217	T	GGTCT	ok	True
chr9	35682160	35682161	-	0.124424	mod_ratio	217	T	GGTCT	ok	True
chr9	35684263	35684264	-	0.15859	mod_ratio	231	T	GGTTT	ok	True
chr9	35684308	35684309	-	0.121739	mod_ratio	230	T	GGTCT	ok	True
chr9	35684511	35684512	-	0.165939	mod_ratio	229	T	AGTTT	ok	True
chr9	35685100	35685101	-	0.159763	mod_ratio	169	T	GGTCC	ok	True
chr9	35685107	35685108	-	0.341317	mod_ratio	169	T	GGTTC	ok	True
chr9	35685114	35685115	-	0.271084	mod_ratio	168	T	AGTTC	ok	True
chr9	35685129	35685130	-	0.333333	mod_ratio	166	T	TGTCT	ok	True
chr9	35685449	35685450	-	0.338384	mod_ratio	203	T	GGTCT	ok	True
chr9	35685499	35685500	-	0.447917	mod_ratio	193	T	AGTTC	ok	True
chr9	35685530	35685531	-	0.313514	mod_ratio	189	T	GGTTT	ok	True
chr9	35685721	35685722	-	0.184713	mod_ratio	164	T	GGTCC	ok	True
chr9	35685754	35685755	-	0.268966	mod_ratio	152	T	GGTTC	ok	True
chr9	35813025	35813026	-	0.242105	mod_ratio	96	T	AGTCT	ok	True
chr9	35813032	35813033	-	0.541667	mod_ratio	96	T	TGTCC	ok	True
chr9	35813329	35813330	-	0.387097	mod_ratio	94	T	TGTCC	ok	True
chr9	35813683	35813684	-	0.382022	mod_ratio	89	T	TGTCC	ok	True
chr9	36198997	36198998	+	0.107143	mod_ratio	341	A	AGACA	ok	True
chr9	36204140	36204141	+	0.105263	mod_ratio	402	A	AGACA	ok	True
chr9	36204172	36204173	+	0.351351	mod_ratio	409	A	AAACA	ok	True
chr9	36211791	36211792	+	0.388158	mod_ratio	461	A	AAACA	ok	True
chr9	36211870	36211871	+	0.154506	mod_ratio	467	A	GGACC	ok	True
chr9	36211875	36211876	+	0.259657	mod_ratio	467	A	AAACC	ok	True
chr9	36677178	36677179	+	0.815789	mod_ratio	38	A	AAACA	ok	True
chr9	36677485	36677486	+	0.818182	mod_ratio	44	A	AAACA	ok	True
chr9	37422832	37422833	+	0.422535	mod_ratio	72	A	AGAGT	ok	False
chr9	37426588	37426589	+	0.525773	mod_ratio	97	A	GAACT	ok	True
chr9	37428528	37428529	+	0.368932	mod_ratio	105	A	GGACT	ok	True
chr9	37432073	37432074	+	0.217391	mod_ratio	115	A	GGACT	ok	True
chr9	37432094	37432095	+	0.26087	mod_ratio	115	A	GAACC	ok	True
chr9	37432108	37432109	+	0.965217	mod_ratio	115	A	AAACC	ok	True
chr9	37436938	37436939	+	0.301887	mod_ratio	107	A	GGACA	ok	True
chr9	37588429	37588430	-	0.329114	mod_ratio	292	T	TGTTT	ok	True
chr9	37588621	37588622	-	0.144543	mod_ratio	340	T	AGTTT	ok	True
chr9	37588722	37588723	-	0.112069	mod_ratio	481	T	AGTTT	ok	True
chr9	37588889	37588890	-	0.170431	mod_ratio	490	T	TGTCC	ok	True
chr9	37588907	37588908	-	0.111801	mod_ratio	489	T	TGTCC	ok	True
chr9	37780618	37780619	-	0.382353	mod_ratio	68	T	GGTTC	ok	True
chr9	37780639	37780640	-	0.367647	mod_ratio	68	T	AGTTT	ok	True
chr9	37780751	37780752	-	0.710145	mod_ratio	69	T	TGTTT	ok	True
chr9	37782086	37782087	-	0.453125	mod_ratio	64	T	GGTTC	ok	True
chr9	37783929	37783930	-	0.347826	mod_ratio	70	T	TGTTT	ok	True
chr9	37784736	37784737	-	0.435484	mod_ratio	63	T	AGTCC	ok	True
chr9	65679189	65679190	+	0.628571	mod_ratio	105	A	GAACT	ok	True
chr9	65681637	65681638	+	0.247706	mod_ratio	110	A	GAACT	ok	True
chr9	68245236	68245237	+	0.615385	mod_ratio	52	A	GAACT	ok	True
chr9	69046465	69046466	+	0.425926	mod_ratio	55	A	GAACT	ok	True
chr9	73159370	73159371	+	0.195489	mod_ratio	135	A	AAACA	ok	True
chr9	73159414	73159415	+	0.397059	mod_ratio	138	A	AAACA	ok	True
chr9	73160274	73160275	+	0.217391	mod_ratio	141	A	AAACA	ok	True
chr9	73160811	73160812	+	0.272727	mod_ratio	146	A	GAACT	ok	True
chr9	73162782	73162783	+	0.216216	mod_ratio	149	A	GAACT	ok	True
chr9	73169040	73169041	+	0.343195	mod_ratio	174	A	GAACT	ok	True
chr9	73170102	73170103	+	0.164773	mod_ratio	176	A	AAACT	ok	True
chr9	73170107	73170108	+	0.164773	mod_ratio	176	A	AAACA	ok	True
chr9	76386664	76386665	-	0.93617	mod_ratio	48	T	AGTCC	ok	True
chr9	76388652	76388653	-	0.942857	mod_ratio	38	T	TGTTT	ok	True
chr9	78304923	78304924	+	0.361111	mod_ratio	74	A	AAACT	ok	True
chr9	78306337	78306338	+	0.52	mod_ratio	77	A	GAACC	ok	True
chr9	78308549	78308550	+	0.278846	mod_ratio	104	A	AAACA	ok	True
chr9	78328158	78328159	+	0.357798	mod_ratio	111	A	GAACT	ok	True
chr9	78329233	78329234	+	0.217391	mod_ratio	140	A	AAACA	ok	True
chr9	78329378	78329379	+	0.285714	mod_ratio	152	A	AAACT	ok	True
chr9	78329390	78329391	+	0.186667	mod_ratio	152	A	GGACT	ok	True
chr9	78329574	78329575	+	0.189655	mod_ratio	180	A	AAACT	ok	True
chr9	78329722	78329723	+	0.21466	mod_ratio	194	A	AGACA	ok	True
chr9	78329926	78329927	+	0.271357	mod_ratio	204	A	AAACT	ok	True
chr9	78329931	78329932	+	0.748744	mod_ratio	202	A	AAACA	ok	True
chr9	83661476	83661477	-	0.744186	mod_ratio	66	T	TGTTT	ok	True
chr9	83661676	83661677	-	0.763158	mod_ratio	57	T	TGTTT	ok	True
chr9	83968191	83968192	-	0.657754	mod_ratio	256	T	TGTTT	ok	True
chr9	83968398	83968399	-	0.338614	mod_ratio	508	T	AGTTT	ok	True
chr9	83968431	83968432	-	0.179798	mod_ratio	504	T	AGTTT	ok	True
chr9	83969028	83969029	-	0.298368	mod_ratio	434	T	TGTCC	ok	True
chr9	83969068	83969069	-	0.114486	mod_ratio	432	T	TGTTC	ok	True
chr9	83969145	83969146	-	0.66747	mod_ratio	423	T	TGTTT	ok	True
chr9	83969165	83969166	-	0.493797	mod_ratio	412	T	AGTTT	ok	True
chr9	83969196	83969197	-	0.572152	mod_ratio	400	T	TGTTT	ok	True
chr9	83969347	83969348	-	0.107579	mod_ratio	414	T	AGTCT	ok	True
chr9	83970164	83970165	-	0.137755	mod_ratio	399	T	TGTTC	ok	True
chr9	83970197	83970198	-	0.127937	mod_ratio	395	T	GGTCC	ok	True
chr9	83970204	83970205	-	0.101562	mod_ratio	395	T	TGTTC	ok	True
chr9	83970289	83970290	-	0.334225	mod_ratio	383	T	TGTTT	ok	True
chr9	83971278	83971279	-	0.245014	mod_ratio	352	T	GGTTC	ok	True
chr9	83971327	83971328	-	0.199336	mod_ratio	339	T	AGTCC	ok	True
chr9	83971334	83971335	-	0.136667	mod_ratio	301	T	AGTTT	ok	True
chr9	83971687	83971688	-	0.247458	mod_ratio	299	T	GGTCT	ok	True
chr9	83971723	83971724	-	0.168459	mod_ratio	283	T	GGTCT	ok	True
chr9	83971970	83971971	-	0.179104	mod_ratio	272	T	GGTCC	ok	True
chr9	83972137	83972138	-	0.205882	mod_ratio	238	T	GGTTT	ok	True
chr9	83972962	83972963	-	0.850962	mod_ratio	209	T	GGTTT	ok	True
chr9	83974560	83974561	-	0.3	mod_ratio	181	T	TGTTT	ok	True
chr9	83976995	83976996	-	0.171598	mod_ratio	170	T	CGTCT	ok	False
chr9	83977731	83977732	-	0.152866	mod_ratio	161	T	TGTTT	ok	True
chr9	83978240	83978241	-	0.815789	mod_ratio	154	T	TGTTC	ok	True
chr9	83978245	83978246	-	0.736842	mod_ratio	154	T	AGTTT	ok	True
chr9	86266085	86266086	-	0.425926	mod_ratio	56	T	TGTTT	ok	True
chr9	89311320	89311321	+	0.148496	mod_ratio	540	A	GGACA	ok	True
chr9	89315199	89315200	+	0.115523	mod_ratio	560	A	AAACA	ok	True
chr9	89315212	89315213	+	0.107914	mod_ratio	561	A	AAACT	ok	True
chr9	89316373	89316374	+	0.643761	mod_ratio	556	A	GAACC	ok	True
chr9	89316662	89316663	+	0.535849	mod_ratio	551	A	AAACA	ok	True
chr9	92210351	92210352	-	0.359375	mod_ratio	142	T	AGTTT	ok	True
chr9	92210355	92210356	-	0.5625	mod_ratio	146	T	TGTTT	ok	True
chr9	92210602	92210603	-	0.194245	mod_ratio	140	T	TGTCT	ok	True
chr9	92210633	92210634	-	0.226277	mod_ratio	138	T	GGTCT	ok	True
chr9	92222531	92222532	-	0.191667	mod_ratio	124	T	GGTCT	ok	True
chr9	92222613	92222614	-	0.210526	mod_ratio	117	T	AGTCC	ok	True
chr9	92223447	92223448	-	0.232323	mod_ratio	103	T	TGTTT	ok	True
chr9	92223474	92223475	-	0.489796	mod_ratio	99	T	AGTTT	ok	True
chr9	92229003	92229004	-	0.309278	mod_ratio	98	T	TGTTT	ok	True
chr9	92229080	92229081	-	0.26087	mod_ratio	93	T	GGTCC	ok	True
chr9	92242158	92242159	-	0.349398	mod_ratio	83	T	TGTTT	ok	True
chr9	92242204	92242205	-	0.345679	mod_ratio	82	T	GGTTT	ok	True
chr9	92247548	92247549	-	0.413793	mod_ratio	59	T	AGTTC	ok	True
chr9	92250208	92250209	-	0.732143	mod_ratio	57	T	GGTCT	ok	True
chr9	92250757	92250758	-	0.64	mod_ratio	53	T	TGTCC	ok	True
chr9	95086740	95086741	+	0.707317	mod_ratio	43	A	GAACT	ok	True
chr9	97998592	97998593	+	0.294872	mod_ratio	80	A	GGACA	ok	True
chr9	97998647	97998648	+	0.423077	mod_ratio	82	A	AAACT	ok	True
chr9	97998671	97998672	+	0.621622	mod_ratio	77	A	GAACC	ok	True
chr9	98012434	98012435	+	0.345238	mod_ratio	87	A	GGACT	ok	True
chr9	98015404	98015405	+	0.383838	mod_ratio	99	A	AAACA	ok	True
chr9	98015452	98015453	+	0.548077	mod_ratio	105	A	AAACA	ok	True
chr9	98015476	98015477	+	0.285714	mod_ratio	107	A	GGACT	ok	True
chr9	98015540	98015541	+	0.439252	mod_ratio	109	A	GGACA	ok	True
chr9	98015635	98015636	+	0.654867	mod_ratio	115	A	GGACT	ok	True
chr9	98056773	98056774	+	0.324324	mod_ratio	76	A	AGACT	ok	True
chr9	98056890	98056891	+	0.269663	mod_ratio	92	A	GAACC	ok	True
chr9	98078231	98078232	+	0.367188	mod_ratio	128	A	GGACA	ok	True
chr9	98080866	98080867	+	0.277778	mod_ratio	146	A	AAACA	ok	True
chr9	98082903	98082904	+	0.192053	mod_ratio	152	A	GGACA	ok	True
chr9	99230596	99230597	+	0.230435	mod_ratio	452	A	AAACT	ok	True
chr9	101390070	101390071	-	0.303922	mod_ratio	102	T	AGTTT	ok	True
chr9	101390180	101390181	-	0.362745	mod_ratio	103	T	TGTCC	ok	True
chr9	101390448	101390449	-	0.542169	mod_ratio	87	T	TGTTT	ok	True
chr9	108942624	108942625	-	0.5	mod_ratio	84	T	AGTTT	ok	True
chr9	108943775	108943776	-	0.375	mod_ratio	73	T	TGTTT	ok	True
chr9	108948214	108948215	-	0.411765	mod_ratio	70	T	AGTTT	ok	True
chr9	108952336	108952337	-	0.38806	mod_ratio	67	T	AGTCC	ok	True
chr9	108965509	108965510	-	0.517241	mod_ratio	58	T	TGTTT	ok	True
chr9	108972695	108972696	-	0.481481	mod_ratio	54	T	TGTTC	ok	True
chr9	108977009	108977010	-	0.510638	mod_ratio	47	T	AGTTC	ok	True
chr9	108983204	108983205	-	0.75	mod_ratio	41	T	GGTTT	ok	True
chr9	108992655	108992656	-	0.6	mod_ratio	56	T	TGTTT	ok	True
chr9	108992671	108992672	-	0.872727	mod_ratio	55	T	GGTCT	ok	True
chr9	108992813	108992814	-	0.442308	mod_ratio	53	T	TGTTT	ok	True
chr9	108999073	108999074	-	0.788462	mod_ratio	52	T	TGTTT	ok	True
chr9	109013451	109013452	-	0.545455	mod_ratio	45	T	GGTCT	ok	True
chr9	110244039	110244040	-	0.475211	mod_ratio	2206	T	TGTTT	ok	True
chr9	110244067	110244068	-	0.18658	mod_ratio	2356	T	GGTTT	ok	True
chr9	110244114	110244115	-	0.128911	mod_ratio	2441	T	AGTTT	ok	True
chr9	110244783	110244784	-	0.310044	mod_ratio	2528	T	TGTCC	ok	True
chr9	110251423	110251424	-	0.541935	mod_ratio	2491	T	AGTTT	ok	True
chr9	111563111	111563112	-	0.333333	mod_ratio	93	T	TGTCC	ok	True
chr9	111563187	111563188	-	0.26087	mod_ratio	93	T	TGTTT	ok	True
chr9	111574822	111574823	-	0.367816	mod_ratio	88	T	TGTTT	ok	True
chr9	111586127	111586128	-	0.513514	mod_ratio	74	T	AGTTC	ok	True
chr9	111669516	111669517	+	0.670732	mod_ratio	83	A	AAACA	ok	True
chr9	111669656	111669657	+	0.569767	mod_ratio	89	A	AAACA	ok	True
chr9	111669871	111669872	+	0.290323	mod_ratio	126	A	AAACT	ok	True
chr9	111670043	111670044	+	0.25	mod_ratio	134	A	GAACA	ok	True
chr9	111670062	111670063	+	0.840909	mod_ratio	134	A	AAACT	ok	True
chr9	113267427	113267428	-	0.411765	mod_ratio	68	T	TGTTT	ok	True
chr9	113291895	113291896	+	0.657895	mod_ratio	38	A	GAACT	ok	True
chr9	113407463	113407464	-	0.230769	mod_ratio	117	T	GGTTT	ok	True
chr9	113407509	113407510	-	0.22807	mod_ratio	116	T	GGTTT	ok	True
chr9	114592557	114592558	+	0.101639	mod_ratio	308	A	GAACC	ok	True
chr9	114592603	114592604	+	0.115016	mod_ratio	316	A	GAACA	ok	True
chr9	114597614	114597615	+	0.113497	mod_ratio	330	A	AGACC	ok	True
chr9	114597675	114597676	+	0.153153	mod_ratio	338	A	GGACA	ok	True
chr9	114597723	114597724	+	0.608955	mod_ratio	340	A	AAACT	ok	True
chr9	114598068	114598069	+	0.530769	mod_ratio	284	A	AAACC	ok	True
chr9	114598234	114598235	+	0.214022	mod_ratio	273	A	GAACA	ok	True
chr9	120816624	120816625	-	1	mod_ratio	32	T	GGTTT	ok	True
chr9	120874706	120874707	-	0.6	mod_ratio	61	T	AGTCC	ok	True
chr9	121179501	121179502	-	0.851064	mod_ratio	47	T	GGTTT	ok	True
chr9	122144135	122144136	-	0.25641	mod_ratio	235	T	TGTTT	ok	True
chr9	122144248	122144249	-	0.181467	mod_ratio	259	T	GGTCC	ok	True
chr9	122144318	122144319	-	0.182879	mod_ratio	258	T	GGTCT	ok	True
chr9	122144324	122144325	-	0.124514	mod_ratio	258	T	GGTCT	ok	True
chr9	122144362	122144363	-	0.164706	mod_ratio	257	T	TGTTT	ok	True
chr9	122148150	122148151	-	0.115702	mod_ratio	244	T	AGTTT	ok	True
chr9	122148186	122148187	-	0.42735	mod_ratio	236	T	TGTTT	ok	True
chr9	122148233	122148234	-	0.188596	mod_ratio	228	T	AGTCC	ok	True
chr9	122152253	122152254	-	0.39819	mod_ratio	221	T	AGTCC	ok	True
chr9	122152276	122152277	-	0.191781	mod_ratio	220	T	AGTTT	ok	True
chr9	122241716	122241717	-	0.717391	mod_ratio	46	T	AGTTT	ok	True
chr9	122323038	122323039	+	0.393443	mod_ratio	63	A	AAACA	ok	True
chr9	124353481	124353482	-	0.204082	mod_ratio	323	T	GGTTT	ok	True
chr9	124353487	124353488	-	0.229358	mod_ratio	348	T	TGTTT	ok	True
chr9	124353504	124353505	-	0.472934	mod_ratio	367	T	AGTTT	ok	True
chr9	124353535	124353536	-	0.170792	mod_ratio	406	T	TGTCT	ok	True
chr9	124353614	124353615	-	0.272727	mod_ratio	407	T	TGTTT	ok	True
chr9	124353623	124353624	-	0.365432	mod_ratio	407	T	TGTTT	ok	True
chr9	124353680	124353681	-	0.111386	mod_ratio	404	T	AGTCC	ok	True
chr9	124405377	124405378	-	0.114973	mod_ratio	377	T	GGTCC	ok	True
chr9	124412475	124412476	-	0.138264	mod_ratio	330	T	TGTCC	ok	True
chr9	124414873	124414874	-	0.259124	mod_ratio	277	T	AGTTT	ok	True
chr9	124857987	124857988	-	0.13617	mod_ratio	3301	T	GGTTC	ok	True
chr9	124860214	124860215	-	0.155412	mod_ratio	3260	T	AGTCT	ok	True
chr9	124861501	124861502	-	0.101435	mod_ratio	3160	T	TGTTT	ok	True
chr9	124877015	124877016	+	0.236842	mod_ratio	114	A	GGACC	ok	True
chr9	124877053	124877054	+	0.285714	mod_ratio	115	A	GGACA	ok	True
chr9	124877351	124877352	+	0.273504	mod_ratio	119	A	GGACA	ok	True
chr9	125213373	125213374	+	0.694444	mod_ratio	37	A	AAACA	ok	True
chr9	125220552	125220553	+	0.519231	mod_ratio	52	A	GGACC	ok	True
chr9	125236362	125236363	-	0.272569	mod_ratio	577	T	GGTTT	ok	True
chr9	125236469	125236470	-	0.155556	mod_ratio	586	T	AGTTT	ok	True
chr9	125236544	125236545	-	0.594737	mod_ratio	577	T	AGTTC	ok	True
chr9	125236552	125236553	-	0.56338	mod_ratio	573	T	AGTCC	ok	True
chr9	125236590	125236591	-	0.198198	mod_ratio	562	T	TGTCT	ok	True
chr9	125236657	125236658	-	0.40884	mod_ratio	545	T	AGTTT	ok	True
chr9	125236690	125236691	-	0.315985	mod_ratio	541	T	AGTTC	ok	True
chr9	125236712	125236713	-	0.161959	mod_ratio	536	T	AGTCT	ok	True
chr9	125236779	125236780	-	0.301923	mod_ratio	522	T	GGTCT	ok	True
chr9	125236801	125236802	-	0.478516	mod_ratio	520	T	AGTTT	ok	True
chr9	125236901	125236902	-	0.199153	mod_ratio	479	T	TGTCT	ok	True
chr9	125236997	125236998	-	0.135135	mod_ratio	451	T	TGTTC	ok	True
chr9	125237012	125237013	-	0.236902	mod_ratio	447	T	TGTCT	ok	True
chr9	125238237	125238238	-	0.245383	mod_ratio	382	T	AGTTT	ok	True
chr9	125238260	125238261	-	0.194149	mod_ratio	383	T	AGTTT	ok	True
chr9	125238657	125238658	-	0.11236	mod_ratio	361	T	GGTTT	ok	True
chr9	125238674	125238675	-	0.276056	mod_ratio	360	T	GGTTC	ok	True
chr9	125238975	125238976	-	0.107463	mod_ratio	339	T	GGTCT	ok	True
chr9	125239251	125239252	-	0.678689	mod_ratio	310	T	GGTTC	ok	True
chr9	125239280	125239281	-	0.134426	mod_ratio	308	T	TGTTC	ok	True
chr9	125239460	125239461	-	0.770035	mod_ratio	291	T	AGTTC	ok	True
chr9	125240197	125240198	-	0.117647	mod_ratio	275	T	GGTTT	ok	True
chr9	125240248	125240249	-	0.199234	mod_ratio	263	T	TGTCT	ok	True
chr9	125240254	125240255	-	0.478599	mod_ratio	264	T	TGTTT	ok	True
chr9	125240288	125240289	-	0.142857	mod_ratio	253	T	GGTTT	ok	True
chr9	125240293	125240294	-	0.123506	mod_ratio	254	T	AGTTT	ok	True
chr9	125240697	125240698	-	0.11245	mod_ratio	249	T	TGTCC	ok	True
chr9	125241017	125241018	-	0.166667	mod_ratio	230	T	GGTCC	ok	True
chr9	125241061	125241062	-	0.213636	mod_ratio	221	T	TGTCC	ok	True
chr9	125241156	125241157	-	0.238532	mod_ratio	219	T	AGTCC	ok	True
chr9	125241256	125241257	-	0.117925	mod_ratio	212	T	GGTCT	ok	True
chr9	125241320	125241321	-	0.147368	mod_ratio	201	T	TGTCT	ok	True
chr9	125241329	125241330	-	0.181818	mod_ratio	195	T	TGTCT	ok	True
chr9	127447707	127447708	-	0.220549	mod_ratio	3088	T	TGTTT	ok	True
chr9	127447965	127447966	-	0.166172	mod_ratio	3378	T	AGTCC	ok	True
chr9	127447986	127447987	-	0.240262	mod_ratio	3372	T	GGTTC	ok	True
chr9	127448418	127448419	-	0.718521	mod_ratio	3286	T	TGTTT	ok	True
chr9	127449282	127449283	-	0.135863	mod_ratio	3268	T	TGTTT	ok	True
chr9	127449290	127449291	-	0.194606	mod_ratio	3272	T	TGTTT	ok	True
chr9	127449300	127449301	-	0.107659	mod_ratio	3270	T	TGTCT	ok	True
chr9	127449311	127449312	-	0.751002	mod_ratio	3253	T	GGTTC	ok	True
chr9	127449618	127449619	-	0.184111	mod_ratio	3195	T	TGTCT	ok	True
chr9	127449622	127449623	-	0.173241	mod_ratio	3196	T	TGTTC	ok	True
chr9	127449636	127449637	-	0.387567	mod_ratio	3169	T	AGTTT	ok	True
chr9	127868362	127868363	-	0.163121	mod_ratio	143	T	GGTTC	ok	True
chr9	127868506	127868507	-	0.298387	mod_ratio	125	T	TGTCC	ok	True
chr9	127908269	127908270	-	0.755556	mod_ratio	45	T	GGTCC	ok	True
chr9	127908312	127908313	-	0.883721	mod_ratio	43	T	TGTTT	ok	True
chr9	127935750	127935751	-	0.505747	mod_ratio	88	T	GGTCT	ok	True
chr9	128120748	128120749	-	0.296875	mod_ratio	129	T	TGTCC	ok	True
chr9	128309142	128309143	-	0.574713	mod_ratio	87	T	AGTTT	ok	True
chr9	128309345	128309346	-	0.403846	mod_ratio	105	T	AGTCT	ok	True
chr9	128309381	128309382	-	0.342857	mod_ratio	106	T	AGTTT	ok	True
chr9	128309405	128309406	-	0.461538	mod_ratio	105	T	AGTCC	ok	True
chr9	128309440	128309441	-	0.446602	mod_ratio	103	T	TGTCT	ok	True
chr9	128309601	128309602	-	0.802198	mod_ratio	94	T	AGTCC	ok	True
chr9	128309810	128309811	-	0.3125	mod_ratio	81	T	AGTTC	ok	True
chr9	128323371	128323372	+	0.884615	mod_ratio	53	A	AAACT	ok	True
chr9	128390469	128390470	+	0.410959	mod_ratio	74	A	GGACT	ok	True
chr9	128633941	128633942	-	0.267442	mod_ratio	86	T	GGTTT	ok	True
chr9	128634360	128634361	-	0.405063	mod_ratio	158	T	AGTCC	ok	True
chr9	128636381	128636382	-	0.190083	mod_ratio	122	T	GGTCC	ok	True
chr9	128640707	128640708	-	0.740741	mod_ratio	111	T	GGTCC	ok	True
chr9	128683881	128683882	+	0.695652	mod_ratio	47	A	GGACT	ok	True
chr9	128696251	128696252	+	0.625	mod_ratio	64	A	GAACT	ok	True
chr9	129148494	129148495	+	0.584615	mod_ratio	65	A	GAACT	ok	True
chr9	129148852	129148853	+	0.708333	mod_ratio	72	A	AGACA	ok	True
chr9	129634174	129634175	+	0.388889	mod_ratio	127	A	GGACT	ok	True
chr9	129634228	129634229	+	0.419355	mod_ratio	125	A	GAACT	ok	True
chr9	129634252	129634253	+	0.330709	mod_ratio	129	A	GGACT	ok	True
chr9	129634270	129634271	+	0.248062	mod_ratio	130	A	GGACT	ok	True
chr9	129635417	129635418	+	0.330935	mod_ratio	140	A	GAACC	ok	True
chr9	129635483	129635484	+	0.201493	mod_ratio	136	A	AAACT	ok	True
chr9	129635491	129635492	+	0.503759	mod_ratio	137	A	GAACC	ok	True
chr9	129636966	129636967	-	0.96	mod_ratio	26	T	TGTTT	ok	True
chr9	129827722	129827723	-	0.9	mod_ratio	30	T	TGTTT	ok	True
chr9	130452274	130452275	+	0.148387	mod_ratio	156	A	GGACA	ok	True
chr9	130454326	130454327	+	0.15528	mod_ratio	164	A	AGACT	ok	True
chr9	130470888	130470889	+	0.240741	mod_ratio	220	A	GAACC	ok	True
chr9	130476871	130476872	+	0.171171	mod_ratio	224	A	GAACC	ok	True
chr9	130476900	130476901	+	0.112613	mod_ratio	227	A	AGACC	ok	True
chr9	130479762	130479763	+	0.1375	mod_ratio	244	A	AGACC	ok	True
chr9	130480422	130480423	+	0.143969	mod_ratio	263	A	GAACC	ok	True
chr9	130489423	130489424	+	0.315789	mod_ratio	288	A	AAACA	ok	True
chr9	130501021	130501022	+	0.141479	mod_ratio	312	A	AGACC	ok	True
chr9	130703741	130703742	+	0.928571	mod_ratio	28	A	AAACA	ok	True
chr9	133349551	133349552	+	0.12176	mod_ratio	2061	A	GGACA	ok	True
chr9	133349556	133349557	+	0.133171	mod_ratio	2063	A	GGACA	ok	True
chr9	133349696	133349697	+	0.105945	mod_ratio	2244	A	AAACA	ok	True
chr9	133350032	133350033	+	0.211167	mod_ratio	2421	A	AGACC	ok	True
chr9	133350723	133350724	+	0.213904	mod_ratio	2637	A	GAACT	ok	True
chr9	133351044	133351045	+	0.145613	mod_ratio	2669	A	GGACC	ok	True
chr9	133351356	133351357	+	0.111213	mod_ratio	2350	A	AAACT	ok	True
chr9	133352522	133352523	-	0.5	mod_ratio	47	T	GGTTC	ok	True
chr9	133357728	133357729	+	0.424658	mod_ratio	73	A	AAACT	ok	True
chr9	133361126	133361127	+	0.933333	mod_ratio	80	A	AAACA	ok	True
chr9	133361494	133361495	-	0.794872	mod_ratio	41	T	TGTTT	ok	True
chr9	133362480	133362481	-	0.621622	mod_ratio	38	T	TGTCC	ok	True
chr9	133363073	133363074	-	0.529412	mod_ratio	51	T	AGTTT	ok	True
chr9	135503598	135503599	+	0.716981	mod_ratio	53	A	GAACA	ok	True
chr9	135504156	135504157	+	0.262136	mod_ratio	106	A	AAACC	ok	True
chr9	135504612	135504613	+	0.241667	mod_ratio	120	A	GGACA	ok	True
chr9	135504650	135504651	+	0.361111	mod_ratio	114	A	AAACT	ok	True
chr9	135933484	135933485	-	0.553191	mod_ratio	51	T	TGTTC	ok	True
chr9	135938313	135938314	-	0.744186	mod_ratio	43	T	TGTCC	ok	True
chr9	136412179	136412180	+	0.380282	mod_ratio	72	A	GGACA	ok	True
chr9	136417047	136417048	+	0.443182	mod_ratio	89	A	GAACT	ok	True
chr9	136423265	136423266	+	0.165517	mod_ratio	146	A	GAACC	ok	True
chr9	136423378	136423379	+	0.398693	mod_ratio	156	A	AAACA	ok	True
chr9	136423420	136423421	+	0.512987	mod_ratio	157	A	GAACT	ok	True
chr9	136423652	136423653	+	0.331325	mod_ratio	168	A	GGACT	ok	True
chr9	136672370	136672371	+	0.825	mod_ratio	40	A	AAACC	ok	True
chr9	136673160	136673161	-	0.833333	mod_ratio	35	T	TGTTT	ok	True
chr9	136673680	136673681	-	0.794872	mod_ratio	39	T	AGTCC	ok	True
chr9	136724705	136724706	-	0.214286	mod_ratio	154	T	TGTTT	ok	True
chr9	136724766	136724767	-	0.408537	mod_ratio	165	T	AGTTC	ok	True
chr9	136724854	136724855	-	0.45122	mod_ratio	165	T	GGTCC	ok	True
chr9	136725024	136725025	-	0.221374	mod_ratio	136	T	GGTCC	ok	True
chr9	136849428	136849429	+	0.171521	mod_ratio	344	A	GAACA	ok	True
chr9	136862135	136862136	-	0.251781	mod_ratio	536	T	TGTTT	ok	True
chr9	136862139	136862140	-	0.498925	mod_ratio	541	T	TGTTT	ok	True
chr9	136862167	136862168	-	0.100182	mod_ratio	550	T	GGTCC	ok	True
chr9	136862282	136862283	-	0.128696	mod_ratio	579	T	TGTTC	ok	True
chr9	136862323	136862324	-	0.31993	mod_ratio	572	T	TGTCC	ok	True
chr9	136862967	136862968	-	0.122995	mod_ratio	565	T	AGTCC	ok	True
chr9	136863297	136863298	-	0.134191	mod_ratio	554	T	GGTCC	ok	True
chr9	136863385	136863386	-	0.158397	mod_ratio	532	T	TGTCT	ok	True
chr9	136863393	136863394	-	0.137597	mod_ratio	528	T	GGTCC	ok	True
chr9	136863408	136863409	-	0.134122	mod_ratio	515	T	TGTTC	ok	True
chr9	136863428	136863429	-	0.551587	mod_ratio	508	T	TGTTT	ok	True
chr9	136863432	136863433	-	0.205179	mod_ratio	507	T	TGTTC	ok	True
chr9	136866238	136866239	-	0.130621	mod_ratio	470	T	TGTCC	ok	True
chr9	136993771	136993772	+	0.247934	mod_ratio	122	A	AAACC	ok	True
chr9	136993788	136993789	+	0.190083	mod_ratio	123	A	GGACT	ok	True
chr9	136993920	136993921	+	0.269565	mod_ratio	119	A	GGACT	ok	True
chr9	136993958	136993959	+	0.376812	mod_ratio	101	A	AAACA	ok	True
chr9	137111970	137111971	-	0.705882	mod_ratio	37	T	GGTCC	ok	True
chr9	137190273	137190274	+	0.149351	mod_ratio	154	A	GGACA	ok	True
chr9	137190281	137190282	+	0.24026	mod_ratio	154	A	GGACA	ok	True
chr9	137190311	137190312	+	0.183007	mod_ratio	154	A	AAACC	ok	True
chr9	137204125	137204126	-	0.428571	mod_ratio	59	T	GGTTC	ok	True
chr9	137241778	137241779	+	0.117647	mod_ratio	243	A	GGACA	ok	True
chr9	137241964	137241965	+	0.333333	mod_ratio	266	A	GGACT	ok	True
chr9	137242006	137242007	+	0.129278	mod_ratio	269	A	GGACA	ok	True
chr9	137242558	137242559	+	0.16	mod_ratio	316	A	GGACT	ok	True
chr9	137242711	137242712	+	0.114114	mod_ratio	339	A	GAACA	ok	True
chr9	137242747	137242748	+	0.114706	mod_ratio	342	A	AGACA	ok	True
chr9	137242801	137242802	+	0.173789	mod_ratio	361	A	AAACA	ok	True
chr9	137242894	137242895	+	0.466667	mod_ratio	409	A	GAACC	ok	True
chr9	137243221	137243222	+	0.112875	mod_ratio	572	A	AAACA	ok	True
chr9	137243594	137243595	+	0.240064	mod_ratio	636	A	GAACT	ok	True
chr9	137243679	137243680	+	0.202247	mod_ratio	604	A	AGACA	ok	True
chr9	137552127	137552128	+	0.561886	mod_ratio	512	A	GGACC	ok	True
chr9	137552388	137552389	+	0.132727	mod_ratio	551	A	GGACT	ok	True
chr9	137552481	137552482	+	0.176796	mod_ratio	545	A	GAACT	ok	True
chr7	1567497	1567498	-	0.504065	mod_ratio	124	T	TGTTC	ok	True
chr7	1567597	1567598	-	0.258065	mod_ratio	125	T	AGTTC	ok	True
chr7	1567791	1567792	-	0.309091	mod_ratio	111	T	TGTTT	ok	True
chr7	2250957	2250958	+	0.353659	mod_ratio	82	A	GGACA	ok	True
chr7	2251044	2251045	+	0.365854	mod_ratio	82	A	GAACA	ok	True
chr7	2251054	2251055	+	0.414634	mod_ratio	82	A	AAACC	ok	True
chr7	2377065	2377066	+	0.766667	mod_ratio	30	A	GAACA	ok	True
chr7	5527180	5527181	-	0.316432	mod_ratio	1119	T	GGTCT	ok	True
chr7	5527601	5527602	-	0.252438	mod_ratio	954	T	AGTTT	ok	True
chr7	5527705	5527706	-	0.119605	mod_ratio	836	T	GGTTT	ok	True
chr7	5527742	5527743	-	0.113376	mod_ratio	811	T	AGTCC	ok	True
chr7	5528124	5528125	-	0.139717	mod_ratio	646	T	TGTCC	ok	True
chr7	5528158	5528159	-	0.501577	mod_ratio	636	T	AGTTT	ok	True
chr7	5528621	5528622	-	0.306667	mod_ratio	534	T	AGTCC	ok	True
chr7	5606032	5606033	+	0.787879	mod_ratio	33	A	AAACA	ok	True
chr7	5900473	5900474	+	0.589744	mod_ratio	39	A	GGACA	ok	True
chr7	5912862	5912863	+	0.712121	mod_ratio	67	A	GAACC	ok	True
chr7	5925720	5925721	+	0.247619	mod_ratio	107	A	AAACA	ok	True
chr7	5925731	5925732	+	0.838095	mod_ratio	107	A	AAACA	ok	True
chr7	5925780	5925781	+	0.691589	mod_ratio	109	A	GGACA	ok	True
chr7	6015253	6015254	+	0.475309	mod_ratio	164	A	AAACA	ok	True
chr7	6017961	6017962	+	0.309179	mod_ratio	211	A	AAACC	ok	True
chr7	6023506	6023507	+	0.137097	mod_ratio	250	A	GAACT	ok	True
chr7	6023650	6023651	+	0.450593	mod_ratio	254	A	AAACC	ok	True
chr7	6023763	6023764	+	0.112108	mod_ratio	225	A	GGACT	ok	True
chr7	6024096	6024097	-	0.724138	mod_ratio	64	T	GGTTT	ok	True
chr7	6402483	6402484	+	0.705882	mod_ratio	34	A	GAACC	ok	True
chr7	6463130	6463131	-	0.350649	mod_ratio	77	T	GGTCT	ok	True
chr7	6799178	6799179	-	0.851852	mod_ratio	28	T	TGTTT	ok	True
chr7	7637074	7637075	-	0.239837	mod_ratio	247	T	AGTCC	ok	True
chr7	7639072	7639073	-	0.211155	mod_ratio	253	T	GGTTC	ok	True
chr7	7639089	7639090	-	0.202381	mod_ratio	253	T	GGTTC	ok	True
chr7	7640401	7640402	-	0.279835	mod_ratio	245	T	AGTCC	ok	True
chr7	7640410	7640411	-	0.153191	mod_ratio	243	T	TGTCC	ok	True
chr7	10938117	10938118	-	0.194274	mod_ratio	1482	T	TGTTC	ok	True
chr7	10938868	10938869	-	0.223602	mod_ratio	1452	T	AGTTC	ok	True
chr7	16674510	16674511	+	0.378788	mod_ratio	67	A	GGACT	ok	True
chr7	16681393	16681394	+	0.652174	mod_ratio	73	A	AAACT	ok	True
chr7	16682790	16682791	+	0.342466	mod_ratio	74	A	AAACT	ok	True
chr7	16694952	16694953	+	0.4	mod_ratio	97	A	GAACT	ok	True
chr7	16696986	16696987	+	0.321101	mod_ratio	110	A	GGACA	ok	True
chr7	16706148	16706149	+	0.414062	mod_ratio	129	A	GAACC	ok	True
chr7	16706291	16706292	+	0.313559	mod_ratio	118	A	GGACT	ok	True
chr7	16706484	16706485	+	0.256881	mod_ratio	114	A	AAACC	ok	True
chr7	16753914	16753915	+	0.62069	mod_ratio	60	A	GAACC	ok	True
chr7	16776353	16776354	+	0.415385	mod_ratio	65	A	AAACA	ok	True
chr7	16783583	16783584	+	0.367816	mod_ratio	89	A	AAACA	ok	True
chr7	19698657	19698658	-	0.383333	mod_ratio	63	T	GGTTT	ok	True
chr7	21900923	21900924	-	0.409524	mod_ratio	141	T	TGTTT	ok	True
chr7	21900994	21900995	-	0.303797	mod_ratio	158	T	TGTTT	ok	True
chr7	22813023	22813024	-	0.374582	mod_ratio	923	T	AGTTC	ok	True
chr7	22818013	22818014	-	0.3061	mod_ratio	925	T	GGTTC	ok	True
chr7	23300904	23300905	+	0.292994	mod_ratio	158	A	AGACA	ok	True
chr7	23300969	23300970	+	0.185897	mod_ratio	158	A	GAACT	ok	True
chr7	23307872	23307873	+	0.624204	mod_ratio	159	A	AAACA	ok	True
chr7	23309387	23309388	+	0.243421	mod_ratio	154	A	AAACC	ok	True
chr7	23309465	23309466	+	0.217105	mod_ratio	152	A	AGACA	ok	True
chr7	25122838	25122839	-	0.641509	mod_ratio	278	T	GGTTT	ok	True
chr7	25122860	25122861	-	0.172757	mod_ratio	304	T	AGTCT	ok	True
chr7	25122955	25122956	-	0.14375	mod_ratio	326	T	AGTTC	ok	True
chr7	25122968	25122969	-	0.30625	mod_ratio	327	T	TGTTT	ok	True
chr7	25122982	25122983	-	0.857143	mod_ratio	326	T	TGTTT	ok	True
chr7	25123011	25123012	-	0.23913	mod_ratio	327	T	AGTTT	ok	True
chr7	25123045	25123046	-	0.386076	mod_ratio	322	T	AGTTT	ok	True
chr7	25123307	25123308	-	0.116162	mod_ratio	405	T	GGTTC	ok	True
chr7	25123397	25123398	-	0.27013	mod_ratio	392	T	AGTTT	ok	True
chr7	25123449	25123450	-	0.253333	mod_ratio	381	T	AGTCT	ok	True
chr7	25123551	25123552	-	0.413333	mod_ratio	381	T	AGTCT	ok	True
chr7	25123557	25123558	-	0.181333	mod_ratio	380	T	AGTTT	ok	True
chr7	25123670	25123671	-	0.101266	mod_ratio	424	T	TGTTT	ok	True
chr7	25123783	25123784	-	0.196721	mod_ratio	429	T	TGTTC	ok	True
chr7	25123998	25123999	-	0.14455	mod_ratio	426	T	TGTCT	ok	True
chr7	26191936	26191937	-	0.107551	mod_ratio	440	T	TGTCT	ok	True
chr7	26191999	26192000	-	0.180365	mod_ratio	442	T	GGTTT	ok	True
chr7	26192109	26192110	-	0.113426	mod_ratio	437	T	TGTCT	ok	True
chr7	26192210	26192211	-	0.152225	mod_ratio	431	T	TGTCT	ok	True
chr7	26192255	26192256	-	0.17619	mod_ratio	425	T	AGTTT	ok	True
chr7	26192291	26192292	-	0.209246	mod_ratio	426	T	TGTTC	ok	True
chr7	26192573	26192574	-	0.363636	mod_ratio	391	T	AGTTT	ok	True
chr7	26193263	26193264	-	0.179348	mod_ratio	378	T	GGTCC	ok	True
chr7	26193273	26193274	-	0.203804	mod_ratio	373	T	TGTTC	ok	True
chr7	26193291	26193292	-	0.375691	mod_ratio	369	T	AGTTT	ok	True
chr7	26193632	26193633	-	0.214286	mod_ratio	230	T	GGTCC	ok	True
chr7	26195853	26195854	-	0.24359	mod_ratio	237	T	GGTCC	ok	True
chr7	26196428	26196429	-	0.315574	mod_ratio	255	T	GGTCC	ok	True
chr7	26196434	26196435	-	0.305439	mod_ratio	253	T	GGTCC	ok	True
chr7	26196599	26196600	-	0.149321	mod_ratio	228	T	TGTCT	ok	True
chr7	26196942	26196943	-	0.104839	mod_ratio	250	T	TGTTC	ok	True
chr7	26197005	26197006	-	0.192171	mod_ratio	288	T	GGTTT	ok	True
chr7	26197648	26197649	-	0.227106	mod_ratio	277	T	TGTTC	ok	True
chr7	26197658	26197659	-	0.456204	mod_ratio	277	T	AGTTC	ok	True
chr7	26197680	26197681	-	0.638686	mod_ratio	279	T	GGTTT	ok	True
chr7	26197720	26197721	-	0.192727	mod_ratio	280	T	TGTTC	ok	True
chr7	26201793	26201794	+	0.113821	mod_ratio	275	A	AGACC	ok	True
chr7	26203013	26203014	+	0.243333	mod_ratio	302	A	AAACT	ok	True
chr7	26206384	26206385	+	0.141343	mod_ratio	304	A	AAACA	ok	True
chr7	26208410	26208411	+	0.136842	mod_ratio	289	A	GAACC	ok	True
chr7	26211669	26211670	+	0.133956	mod_ratio	325	A	AAACC	ok	True
chr7	26212101	26212102	+	0.127219	mod_ratio	339	A	AGACT	ok	True
chr7	26212168	26212169	+	0.137931	mod_ratio	350	A	AGACT	ok	True
chr7	26212392	26212393	+	0.153846	mod_ratio	362	A	GAACA	ok	True
chr7	26212664	26212665	+	0.152174	mod_ratio	189	A	AAACA	ok	True
chr7	26212683	26212684	+	0.154255	mod_ratio	190	A	AAACC	ok	True
chr7	26212761	26212762	+	0.243523	mod_ratio	194	A	AAACC	ok	True
chr7	26212951	26212952	+	0.682243	mod_ratio	218	A	AAACA	ok	True
chr7	26212956	26212957	+	0.175926	mod_ratio	219	A	AAACT	ok	True
chr7	26212970	26212971	+	0.105991	mod_ratio	223	A	GAACA	ok	True
chr7	26213082	26213083	+	0.10084	mod_ratio	240	A	AAACC	ok	True
chr7	26213140	26213141	+	0.135802	mod_ratio	245	A	GAACA	ok	True
chr7	26213318	26213319	+	0.236842	mod_ratio	237	A	GAACA	ok	True
chr7	27099879	27099880	+	0.54	mod_ratio	50	A	AAACA	ok	True
chr7	27792205	27792206	+	0.461538	mod_ratio	53	A	AAACT	ok	True
chr7	27793091	27793092	+	0.791667	mod_ratio	51	A	GAACT	ok	True
chr7	27793192	27793193	+	0.56	mod_ratio	52	A	AAACA	ok	True
chr7	27796206	27796207	+	0.5625	mod_ratio	68	A	AAACA	ok	True
chr7	27800056	27800057	+	0.357143	mod_ratio	73	A	AAACT	ok	True
chr7	27800062	27800063	+	0.549296	mod_ratio	73	A	GAACT	ok	True
chr7	27817021	27817022	+	0.310811	mod_ratio	76	A	GGACT	ok	True
chr7	27828880	27828881	+	0.78125	mod_ratio	37	A	AAACC	ok	True
chr7	30496927	30496928	-	0.196532	mod_ratio	173	T	AGTTT	ok	True
chr7	30497099	30497100	-	0.14557	mod_ratio	160	T	AGTTT	ok	True
chr7	30497105	30497106	-	0.592357	mod_ratio	160	T	TGTTT	ok	True
chr7	30598812	30598813	+	0.280488	mod_ratio	84	A	AAACT	ok	True
chr7	30599980	30599981	+	0.788235	mod_ratio	91	A	AGACC	ok	True
chr7	30601149	30601150	+	0.637363	mod_ratio	99	A	GAACA	ok	True
chr7	30609598	30609599	+	0.504505	mod_ratio	112	A	GGACA	ok	True
chr7	30609627	30609628	+	0.526786	mod_ratio	113	A	GAACT	ok	True
chr7	30609720	30609721	+	0.387931	mod_ratio	116	A	AAACA	ok	True
chr7	30612111	30612112	+	0.372881	mod_ratio	120	A	AAACT	ok	True
chr7	30612230	30612231	+	0.785714	mod_ratio	126	A	GGACT	ok	True
chr7	30615945	30615946	+	0.617188	mod_ratio	128	A	AGACC	ok	True
chr7	30617196	30617197	+	0.355705	mod_ratio	150	A	AAACT	ok	True
chr7	30621484	30621485	+	0.167742	mod_ratio	156	A	AAACC	ok	True
chr7	30626249	30626250	+	0.701754	mod_ratio	172	A	AAACT	ok	True
chr7	30626261	30626262	+	0.424419	mod_ratio	173	A	AAACA	ok	True
chr7	30628587	30628588	+	0.247191	mod_ratio	178	A	GAACC	ok	True
chr7	30628629	30628630	+	0.144444	mod_ratio	181	A	GAACA	ok	True
chr7	30628659	30628660	+	0.160221	mod_ratio	183	A	GAACA	ok	True
chr7	30631508	30631509	+	0.157609	mod_ratio	188	A	AAACC	ok	True
chr7	30632323	30632324	+	0.601036	mod_ratio	195	A	GGACT	ok	True
chr7	30633830	30633831	+	0.284211	mod_ratio	193	A	AGACT	ok	True
chr7	30633910	30633911	+	0.736264	mod_ratio	121	A	AAACT	ok	True
chr7	30633964	30633965	+	0.351648	mod_ratio	92	A	GGACC	ok	True
chr7	32486856	32486857	-	0.925926	mod_ratio	28	T	TGTTT	ok	True
chr7	33006794	33006795	+	0.888889	mod_ratio	27	A	AAACT	ok	True
chr7	33014180	33014181	-	0.446154	mod_ratio	66	T	TGTTT	ok	True
chr7	33014684	33014685	-	0.370968	mod_ratio	62	T	AGTTC	ok	True
chr7	33014728	33014729	-	0.413793	mod_ratio	60	T	TGTTT	ok	True
chr7	33095347	33095348	-	0.862069	mod_ratio	29	T	TGTTT	ok	True
chr7	34929096	34929097	-	0.3125	mod_ratio	83	T	TGTTT	ok	True
chr7	35873681	35873682	+	0.47619	mod_ratio	65	A	GGACT	ok	True
chr7	35879822	35879823	+	0.588235	mod_ratio	69	A	AGACT	ok	True
chr7	35882534	35882535	+	0.435484	mod_ratio	64	A	AAACA	ok	True
chr7	39570599	39570600	+	0.657895	mod_ratio	38	A	AAACT	ok	True
chr7	39572428	39572429	+	0.731707	mod_ratio	41	A	GGACT	ok	True
chr7	39572636	39572637	+	0.711111	mod_ratio	45	A	GAACA	ok	True
chr7	39572657	39572658	+	0.533333	mod_ratio	45	A	AAACA	ok	True
chr7	39572790	39572791	+	0.727273	mod_ratio	44	A	AAACA	ok	True
chr7	40132796	40132797	-	0.45045	mod_ratio	113	T	TGTCC	ok	True
chr7	40133093	40133094	-	0.705357	mod_ratio	113	T	TGTTT	ok	True
chr7	40133246	40133247	-	0.222222	mod_ratio	112	T	TGTCC	ok	True
chr7	40134479	40134480	-	0.53125	mod_ratio	96	T	GGTTC	ok	True
chr7	42917423	42917424	-	0.189441	mod_ratio	607	T	AGTTT	ok	True
chr7	42917523	42917524	-	0.525517	mod_ratio	745	T	TGTTT	ok	True
chr7	42917816	42917817	-	0.416446	mod_ratio	762	T	AGTTC	ok	True
chr7	42924772	42924773	-	0.112057	mod_ratio	709	T	AGTTT	ok	True
chr7	42926588	42926589	-	0.138554	mod_ratio	668	T	GGTTC	ok	True
chr7	42927446	42927447	-	0.286634	mod_ratio	627	T	AGTTT	ok	True
chr7	42932450	42932451	+	0.73	mod_ratio	100	A	AAACT	ok	True
chr7	42937359	42937360	+	0.373913	mod_ratio	115	A	AAACA	ok	True
chr7	42937365	42937366	+	0.226087	mod_ratio	115	A	AAACA	ok	True
chr7	42937738	42937739	+	0.435484	mod_ratio	126	A	AAACT	ok	True
chr7	42937807	42937808	+	0.530435	mod_ratio	118	A	AAACA	ok	True
chr7	43624802	43624803	+	0.862069	mod_ratio	30	A	GAACC	ok	True
chr7	43639375	43639376	-	0.562963	mod_ratio	135	T	AGTTT	ok	True
chr7	43645266	43645267	-	0.208633	mod_ratio	139	T	TGTCC	ok	True
chr7	43807003	43807004	+	0.879121	mod_ratio	93	A	GGACC	ok	True
chr7	43807020	43807021	+	0.296703	mod_ratio	91	A	AAACA	ok	True
chr7	43807322	43807323	+	0.77027	mod_ratio	84	A	AAACA	ok	True
chr7	43866605	43866606	-	0.265165	mod_ratio	605	T	AGTCC	ok	True
chr7	43866733	43866734	-	0.179487	mod_ratio	627	T	AGTTT	ok	True
chr7	43866781	43866782	-	0.237942	mod_ratio	623	T	AGTTT	ok	True
chr7	43866963	43866964	-	0.10396	mod_ratio	612	T	GGTCC	ok	True
chr7	43869039	43869040	-	0.225979	mod_ratio	569	T	TGTCC	ok	True
chr7	44114888	44114889	-	0.142857	mod_ratio	248	T	GGTCT	ok	True
chr7	44114930	44114931	-	0.139344	mod_ratio	249	T	TGTCT	ok	True
chr7	44115375	44115376	-	0.235556	mod_ratio	226	T	AGTTT	ok	True
chr7	44115882	44115883	-	0.168367	mod_ratio	203	T	TGTCC	ok	True
chr7	44117189	44117190	-	0.222222	mod_ratio	127	T	AGTCC	ok	True
chr7	44117655	44117656	-	0.232143	mod_ratio	114	T	AGTTT	ok	True
chr7	44117670	44117671	-	0.4375	mod_ratio	113	T	AGTTC	ok	True
chr7	44118032	44118033	-	0.478261	mod_ratio	94	T	AGTTC	ok	True
chr7	44122105	44122106	-	0.431034	mod_ratio	64	T	GGTTC	ok	True
chr7	44565905	44565906	-	0.18932	mod_ratio	206	T	TGTTC	ok	True
chr7	44566022	44566023	-	0.12	mod_ratio	201	T	GGTCT	ok	True
chr7	44568209	44568210	-	0.322917	mod_ratio	194	T	TGTCT	ok	True
chr7	44569901	44569902	-	0.197531	mod_ratio	169	T	TGTCC	ok	True
chr7	44570089	44570090	-	0.445205	mod_ratio	149	T	AGTCT	ok	True
chr7	44570760	44570761	-	0.542857	mod_ratio	142	T	TGTCC	ok	True
chr7	44581451	44581452	-	0.547619	mod_ratio	42	T	AGTTT	ok	True
chr7	44796707	44796708	+	0.15543	mod_ratio	6155	A	AAACC	ok	True
chr7	44799256	44799257	+	0.153578	mod_ratio	6792	A	AGACA	ok	True
chr7	44799866	44799867	+	0.187825	mod_ratio	7780	A	AGACT	ok	True
chr7	44801409	44801410	+	0.170429	mod_ratio	8113	A	GGACA	ok	True
chr7	44801616	44801617	+	0.152797	mod_ratio	6525	A	AAACT	ok	True
chr7	44834246	44834247	-	0.376884	mod_ratio	254	T	GGTTT	ok	True
chr7	44834344	44834345	-	0.253561	mod_ratio	357	T	AGTCT	ok	True
chr7	44834362	44834363	-	0.410112	mod_ratio	362	T	TGTTT	ok	True
chr7	44834376	44834377	-	0.109244	mod_ratio	361	T	TGTCT	ok	True
chr7	44834508	44834509	-	0.132432	mod_ratio	373	T	AGTTT	ok	True
chr7	44843331	44843332	-	0.158996	mod_ratio	243	T	TGTCC	ok	True
chr7	44847972	44847973	-	0.238298	mod_ratio	236	T	TGTTC	ok	True
chr7	45100141	45100142	-	0.156863	mod_ratio	154	T	GGTCC	ok	True
chr7	45100161	45100162	-	0.258065	mod_ratio	157	T	GGTTT	ok	True
chr7	45100241	45100242	-	0.236025	mod_ratio	161	T	GGTTT	ok	True
chr7	45100245	45100246	-	0.242236	mod_ratio	161	T	TGTCC	ok	True
chr7	45100402	45100403	-	0.33125	mod_ratio	160	T	AGTTC	ok	True
chr7	45101321	45101322	-	0.151316	mod_ratio	154	T	AGTCC	ok	True
chr7	45102045	45102046	-	0.264151	mod_ratio	108	T	TGTTC	ok	True
chr7	54752347	54752348	-	0.126344	mod_ratio	375	T	AGTTT	ok	True
chr7	54757538	54757539	-	0.243169	mod_ratio	367	T	AGTCC	ok	True
chr7	54811857	54811858	-	0.614035	mod_ratio	59	T	AGTCC	ok	True
chr7	55954926	55954927	+	0.155405	mod_ratio	148	A	AAACC	ok	True
chr7	55955018	55955019	+	0.209459	mod_ratio	150	A	AAACA	ok	True
chr7	55955024	55955025	+	0.275168	mod_ratio	151	A	GAACT	ok	True
chr7	55955091	55955092	+	0.189542	mod_ratio	153	A	GAACT	ok	True
chr7	55955124	55955125	+	0.690789	mod_ratio	153	A	AAACC	ok	True
chr7	55978240	55978241	+	0.627907	mod_ratio	44	A	AAACA	ok	True
chr7	55999253	55999254	+	0.42623	mod_ratio	61	A	GGACT	ok	True
chr7	55999288	55999289	+	1	mod_ratio	62	A	AAACA	ok	True
chr7	56011155	56011156	-	0.928571	mod_ratio	147	T	TGTTT	ok	True
chr7	56011631	56011632	-	0.811321	mod_ratio	165	T	AGTTT	ok	True
chr7	56011737	56011738	-	0.176101	mod_ratio	162	T	TGTTT	ok	True
chr7	56011773	56011774	-	0.201299	mod_ratio	160	T	AGTTC	ok	True
chr7	56051870	56051871	+	0.204918	mod_ratio	369	A	GAACC	ok	True
chr7	56052448	56052449	+	0.231362	mod_ratio	390	A	AAACT	ok	True
chr7	56054478	56054479	+	0.190709	mod_ratio	418	A	AAACA	ok	True
chr7	56055717	56055718	+	0.188073	mod_ratio	438	A	GGACA	ok	True
chr7	56055725	56055726	+	0.266055	mod_ratio	440	A	AAACA	ok	True
chr7	56055775	56055776	+	0.161798	mod_ratio	447	A	GAACT	ok	True
chr7	56056320	56056321	+	0.567627	mod_ratio	452	A	GGACT	ok	True
chr7	56056351	56056352	+	0.240535	mod_ratio	449	A	GAACC	ok	True
chr7	56056390	56056391	+	0.262115	mod_ratio	457	A	AAACA	ok	True
chr7	56056403	56056404	+	0.280088	mod_ratio	458	A	AAACT	ok	True
chr7	56058015	56058016	+	0.274298	mod_ratio	465	A	GGACC	ok	True
chr7	56058101	56058102	+	0.258621	mod_ratio	466	A	AAACG	ok	False
chr7	56058409	56058410	+	0.114058	mod_ratio	439	A	AAACT	ok	True
chr7	56059609	56059610	+	0.119114	mod_ratio	364	A	GGACA	ok	True
chr7	56060864	56060865	+	0.171084	mod_ratio	419	A	AAACA	ok	True
chr7	56061782	56061783	+	0.34023	mod_ratio	441	A	AAACA	ok	True
chr7	56080587	56080588	+	0.682927	mod_ratio	42	A	AAACA	ok	True
chr7	56101635	56101636	-	0.403027	mod_ratio	1799	T	AGTTT	ok	True
chr7	56101743	56101744	-	0.240422	mod_ratio	1815	T	GGTTT	ok	True
chr7	56102885	56102886	-	0.316767	mod_ratio	1852	T	TGTTT	ok	True
chr7	56102954	56102955	-	0.122827	mod_ratio	1794	T	TGTTT	ok	True
chr7	65960912	65960913	-	0.652174	mod_ratio	46	T	TGTTT	ok	True
chr7	66987719	66987720	-	0.544776	mod_ratio	148	T	GGTTT	ok	True
chr7	66987848	66987849	-	0.857143	mod_ratio	183	T	AGTCC	ok	True
chr7	66987872	66987873	-	0.318681	mod_ratio	183	T	TGTTT	ok	True
chr7	66987941	66987942	-	0.368132	mod_ratio	183	T	AGTTC	ok	True
chr7	66987971	66987972	-	0.162011	mod_ratio	180	T	TGTTT	ok	True
chr7	66988149	66988150	-	0.280702	mod_ratio	171	T	AGTTT	ok	True
chr7	66988241	66988242	-	0.517857	mod_ratio	170	T	TGTCC	ok	True
chr7	66988277	66988278	-	0.257485	mod_ratio	167	T	AGTTT	ok	True
chr7	66988343	66988344	-	0.180723	mod_ratio	166	T	TGTTT	ok	True
chr7	66988441	66988442	-	0.232704	mod_ratio	159	T	AGTTT	ok	True
chr7	66993222	66993223	-	0.1875	mod_ratio	162	T	TGTTT	ok	True
chr7	66993239	66993240	-	0.163522	mod_ratio	161	T	GGTTT	ok	True
chr7	66993297	66993298	-	0.23871	mod_ratio	155	T	GGTCT	ok	True
chr7	66993305	66993306	-	0.245161	mod_ratio	155	T	TGTTT	ok	True
chr7	66993346	66993347	-	0.383117	mod_ratio	154	T	TGTCC	ok	True
chr7	66994228	66994229	-	0.298701	mod_ratio	155	T	AGTTT	ok	True
chr7	66994240	66994241	-	0.254902	mod_ratio	155	T	TGTTC	ok	True
chr7	66994312	66994313	-	0.17931	mod_ratio	146	T	GGTCT	ok	True
chr7	66995425	66995426	-	0.834586	mod_ratio	133	T	TGTTC	ok	True
chr7	72829646	72829647	+	0.867925	mod_ratio	53	A	GAACA	ok	True
chr7	72831667	72831668	+	0.396552	mod_ratio	58	A	GGACA	ok	True
chr7	72837355	72837356	+	0.568627	mod_ratio	55	A	AAACC	ok	True
chr7	73687010	73687011	+	0.503356	mod_ratio	152	A	GGACC	ok	True
chr7	73693386	73693387	+	0.129032	mod_ratio	190	A	AGACT	ok	True
chr7	73694020	73694021	+	0.121495	mod_ratio	220	A	GAACC	ok	True
chr7	73698119	73698120	+	0.615023	mod_ratio	226	A	AAACT	ok	True
chr7	74195430	74195431	+	0.604167	mod_ratio	50	A	AAACA	ok	True
chr7	74195783	74195784	+	0.135447	mod_ratio	368	A	AAACC	ok	True
chr7	74195805	74195806	+	0.185083	mod_ratio	372	A	GAACA	ok	True
chr7	74195981	74195982	+	0.25	mod_ratio	457	A	AAACA	ok	True
chr7	74196407	74196408	+	0.48228	mod_ratio	659	A	GAACC	ok	True
chr7	74196464	74196465	+	0.176912	mod_ratio	671	A	GGACA	ok	True
chr7	74196552	74196553	+	0.160689	mod_ratio	703	A	GAACA	ok	True
chr7	74196772	74196773	+	0.112418	mod_ratio	779	A	GAACT	ok	True
chr7	74196822	74196823	+	0.157199	mod_ratio	765	A	GAACC	ok	True
chr7	74196940	74196941	+	0.342932	mod_ratio	766	A	AAACA	ok	True
chr7	74196954	74196955	+	0.25	mod_ratio	768	A	AAACT	ok	True
chr7	74197002	74197003	+	0.172099	mod_ratio	771	A	AAACA	ok	True
chr7	74197083	74197084	+	0.218487	mod_ratio	684	A	AAACC	ok	True
chr7	74231775	74231776	-	0.310811	mod_ratio	74	T	GGTTC	ok	True
chr7	74231990	74231991	-	0.376623	mod_ratio	77	T	AGTTT	ok	True
chr7	74254278	74254279	-	0.914894	mod_ratio	47	T	AGTTC	ok	True
chr7	75042994	75042995	-	0.621622	mod_ratio	37	T	GGTTC	ok	True
chr7	75888263	75888264	+	0.54386	mod_ratio	58	A	GAACA	ok	True
chr7	75986186	75986187	+	0.252033	mod_ratio	127	A	AGACC	ok	True
chr7	75986425	75986426	+	0.166667	mod_ratio	138	A	GGACT	ok	True
chr7	75986438	75986439	+	0.231884	mod_ratio	139	A	AAACT	ok	True
chr7	76054899	76054900	+	0.694301	mod_ratio	198	A	GAACA	ok	True
chr7	76057425	76057426	+	0.257384	mod_ratio	239	A	GAACA	ok	True
chr7	76064354	76064355	+	0.193694	mod_ratio	449	A	GGACT	ok	True
chr7	76066481	76066482	+	0.613108	mod_ratio	479	A	AAACT	ok	True
chr7	76303048	76303049	+	0.108108	mod_ratio	600	A	AGACC	ok	True
chr7	76304000	76304001	+	0.107143	mod_ratio	748	A	GGACC	ok	True
chr7	88206390	88206391	-	0.524691	mod_ratio	326	T	AGTTT	ok	True
chr7	88209354	88209355	-	0.29912	mod_ratio	346	T	AGTTT	ok	True
chr7	88210017	88210018	-	0.319876	mod_ratio	324	T	GGTCT	ok	True
chr7	88210024	88210025	-	0.118012	mod_ratio	324	T	TGTTC	ok	True
chr7	88210910	88210911	-	0.174377	mod_ratio	281	T	AGTCT	ok	True
chr7	88217122	88217123	-	0.177936	mod_ratio	281	T	CGTTT	ok	False
chr7	88218861	88218862	-	0.179283	mod_ratio	251	T	TGTCC	ok	True
chr7	88218902	88218903	-	0.111111	mod_ratio	245	T	AGTTT	ok	True
chr7	92112212	92112213	-	0.609756	mod_ratio	41	T	AGTTT	ok	True
chr7	92112419	92112420	-	0.825	mod_ratio	40	T	TGTTT	ok	True
chr7	93993364	93993365	-	0.45283	mod_ratio	53	T	TGTTT	ok	True
chr7	93994238	93994239	-	0.479167	mod_ratio	56	T	AGTTT	ok	True
chr7	93999263	93999264	-	0.603774	mod_ratio	53	T	AGTTC	ok	True
chr7	95404950	95404951	-	0.120773	mod_ratio	207	T	AGTTC	ok	True
chr7	95405335	95405336	-	0.244565	mod_ratio	186	T	AGTTC	ok	True
chr7	95405471	95405472	-	0.230769	mod_ratio	183	T	TGTTC	ok	True
chr7	95410012	95410013	-	0.154762	mod_ratio	169	T	TGTTT	ok	True
chr7	95410076	95410077	-	0.181818	mod_ratio	167	T	GGTCC	ok	True
chr7	95411751	95411752	-	0.911765	mod_ratio	138	T	GGTTT	ok	True
chr7	95412459	95412460	-	0.335484	mod_ratio	156	T	AGTCC	ok	True
chr7	95424546	95424547	-	0.184211	mod_ratio	155	T	GGTCT	ok	True
chr7	96688848	96688849	-	0.140845	mod_ratio	284	T	TGTCC	ok	True
chr7	96688893	96688894	-	0.154386	mod_ratio	285	T	AGTTT	ok	True
chr7	96688950	96688951	-	0.175439	mod_ratio	285	T	TGTTT	ok	True
chr7	96688959	96688960	-	0.136842	mod_ratio	285	T	AGTTC	ok	True
chr7	96694890	96694891	-	0.200704	mod_ratio	286	T	AGTCT	ok	True
chr7	96709737	96709738	-	0.286232	mod_ratio	279	T	AGTCT	ok	True
chr7	96709771	96709772	-	0.19403	mod_ratio	269	T	TGTCC	ok	True
chr7	97181305	97181306	+	0.727273	mod_ratio	38	A	AAACA	ok	True
chr7	97853379	97853380	-	0.470588	mod_ratio	68	T	AGTTC	ok	True
chr7	97854595	97854596	-	0.485294	mod_ratio	68	T	AGTTC	ok	True
chr7	97858395	97858396	-	0.596154	mod_ratio	52	T	AGTCC	ok	True
chr7	99325988	99325989	+	0.903226	mod_ratio	95	A	GGACT	ok	True
chr7	99344340	99344341	+	0.372881	mod_ratio	120	A	AGACC	ok	True
chr7	99359695	99359696	+	0.219101	mod_ratio	182	A	GGACC	ok	True
chr7	99363565	99363566	+	0.359116	mod_ratio	186	A	GGACA	ok	True
chr7	99366020	99366021	+	0.205263	mod_ratio	193	A	AAACA	ok	True
chr7	99366029	99366030	+	0.166667	mod_ratio	193	A	AAACA	ok	True
chr7	99388086	99388087	+	0.167539	mod_ratio	194	A	AGACC	ok	True
chr7	99391199	99391200	+	0.317647	mod_ratio	86	A	AAACA	ok	True
chr7	99392851	99392852	+	0.245098	mod_ratio	102	A	AGACT	ok	True
chr7	99394630	99394631	+	0.287037	mod_ratio	114	A	GGACA	ok	True
chr7	99394740	99394741	+	0.393258	mod_ratio	90	A	GAACT	ok	True
chr7	99396000	99396001	-	0.306818	mod_ratio	233	T	AGTTT	ok	True
chr7	99396040	99396041	-	0.258333	mod_ratio	249	T	TGTTT	ok	True
chr7	99396457	99396458	-	0.227642	mod_ratio	127	T	TGTCC	ok	True
chr7	99396472	99396473	-	0.274336	mod_ratio	125	T	TGTCT	ok	True
chr7	99397904	99397905	-	0.2875	mod_ratio	80	T	TGTTT	ok	True
chr7	99403434	99403435	-	0.583333	mod_ratio	49	T	AGTCT	ok	True
chr7	99416142	99416143	+	0.224299	mod_ratio	218	A	AAACA	ok	True
chr7	99416147	99416148	+	0.115207	mod_ratio	218	A	GAACC	ok	True
chr7	99417470	99417471	+	0.190476	mod_ratio	232	A	AAACC	ok	True
chr7	99417532	99417533	+	0.119149	mod_ratio	238	A	AGACA	ok	True
chr7	99417539	99417540	+	0.392405	mod_ratio	238	A	GGACA	ok	True
chr7	99417557	99417558	+	0.483193	mod_ratio	241	A	GAACT	ok	True
chr7	99419469	99419470	+	0.170455	mod_ratio	280	A	GGACT	ok	True
chr7	99456851	99456852	+	0.821429	mod_ratio	29	A	AAACA	ok	True
chr7	99458320	99458321	-	0.151079	mod_ratio	719	T	TGTCC	ok	True
chr7	99460123	99460124	-	0.26993	mod_ratio	721	T	AGTCC	ok	True
chr7	99460173	99460174	-	0.173661	mod_ratio	694	T	AGTTT	ok	True
chr7	99466148	99466149	-	0.240991	mod_ratio	605	T	AGTCC	ok	True
chr7	100089029	100089030	+	0.234375	mod_ratio	129	A	GGACC	ok	True
chr7	100089370	100089371	+	0.284672	mod_ratio	141	A	AGACC	ok	True
chr7	100090402	100090403	+	0.352564	mod_ratio	160	A	AAACA	ok	True
chr7	100090631	100090632	+	0.206897	mod_ratio	179	A	GAACC	ok	True
chr7	100091104	100091105	+	0.374332	mod_ratio	191	A	AGACC	ok	True
chr7	100091712	100091713	+	0.18018	mod_ratio	225	A	GAACC	ok	True
chr7	100091813	100091814	+	0.515152	mod_ratio	232	A	GGACA	ok	True
chr7	100092951	100092952	-	0.302041	mod_ratio	248	T	TGTCC	ok	True
chr7	100093090	100093091	-	0.307054	mod_ratio	242	T	AGTTC	ok	True
chr7	100093123	100093124	-	0.284519	mod_ratio	240	T	GGTCT	ok	True
chr7	100093131	100093132	-	0.198312	mod_ratio	239	T	AGTCC	ok	True
chr7	100095409	100095410	-	0.370968	mod_ratio	188	T	GGTTC	ok	True
chr7	100095785	100095786	-	0.172619	mod_ratio	174	T	TGTCT	ok	True
chr7	100095800	100095801	-	0.192771	mod_ratio	170	T	GGTCC	ok	True
chr7	100097642	100097643	-	0.247619	mod_ratio	105	T	GGTCC	ok	True
chr7	100097932	100097933	-	0.511628	mod_ratio	89	T	GGTTT	ok	True
chr7	100098204	100098205	-	0.594595	mod_ratio	76	T	GGTCT	ok	True
chr7	100149535	100149536	+	0.204225	mod_ratio	143	A	AGACC	ok	True
chr7	100153935	100153936	+	0.179012	mod_ratio	164	A	GAACC	ok	True
chr7	100154150	100154151	+	0.339869	mod_ratio	165	A	AGACC	ok	True
chr7	100678775	100678776	+	0.617021	mod_ratio	48	A	GGACT	ok	True
chr7	100678796	100678797	+	0.5625	mod_ratio	49	A	GAACT	ok	True
chr7	100706240	100706241	+	0.430168	mod_ratio	183	A	GAACC	ok	True
chr7	100706840	100706841	+	0.241935	mod_ratio	187	A	AAACC	ok	True
chr7	100706871	100706872	+	0.172043	mod_ratio	188	A	GAACT	ok	True
chr7	100707172	100707173	+	0.325581	mod_ratio	217	A	AGACC	ok	True
chr7	100888066	100888067	+	0.744186	mod_ratio	43	A	GGACT	ok	True
chr7	101160719	101160720	+	0.483333	mod_ratio	121	A	AAACA	ok	True
chr7	101161016	101161017	+	0.169118	mod_ratio	138	A	GGACC	ok	True
chr7	101206045	101206046	-	0.774194	mod_ratio	32	T	AGTCC	ok	True
chr7	101222639	101222640	+	0.303797	mod_ratio	158	A	GGACC	ok	True
chr7	101222721	101222722	+	0.542169	mod_ratio	166	A	GGACT	ok	True
chr7	101223513	101223514	+	0.318182	mod_ratio	176	A	AAACT	ok	True
chr7	101224013	101224014	+	0.136842	mod_ratio	191	A	AGACA	ok	True
chr7	101224129	101224130	+	0.356021	mod_ratio	191	A	GAACT	ok	True
chr7	101240175	101240176	-	0.247525	mod_ratio	101	T	AGTTC	ok	True
chr7	101240842	101240843	-	0.268041	mod_ratio	97	T	AGTTC	ok	True
chr7	102474439	102474440	-	0.274194	mod_ratio	190	T	AGTCC	ok	True
chr7	102474449	102474450	-	0.130435	mod_ratio	188	T	GGTCT	ok	True
chr7	102476192	102476193	-	0.186047	mod_ratio	175	T	TGTTT	ok	True
chr7	102476207	102476208	-	0.450292	mod_ratio	173	T	GGTCT	ok	True
chr7	102476252	102476253	-	0.183432	mod_ratio	170	T	TGTCC	ok	True
chr7	103298665	103298666	+	0.523077	mod_ratio	66	A	GGACT	ok	True
chr7	103299496	103299497	+	0.428571	mod_ratio	72	A	GAACA	ok	True
chr7	103300209	103300210	+	0.375	mod_ratio	81	A	GAACT	ok	True
chr7	103309051	103309052	+	0.766667	mod_ratio	120	A	AAACA	ok	True
chr7	103311703	103311704	+	0.338583	mod_ratio	130	A	AAACA	ok	True
chr7	103311707	103311708	+	0.322835	mod_ratio	129	A	AAACA	ok	True
chr7	103312234	103312235	+	0.434783	mod_ratio	164	A	AAACA	ok	True
chr7	103312296	103312297	+	0.157233	mod_ratio	163	A	GAACA	ok	True
chr7	103322761	103322762	-	0.596154	mod_ratio	54	T	TGTTC	ok	True
chr7	103324534	103324535	-	0.380282	mod_ratio	72	T	AGTTT	ok	True
chr7	103355772	103355773	+	0.52795	mod_ratio	164	A	GAACA	ok	True
chr7	103362036	103362037	+	0.223464	mod_ratio	181	A	GGACC	ok	True
chr7	103363393	103363394	+	0.482051	mod_ratio	198	A	GAACA	ok	True
chr7	103363405	103363406	+	0.406091	mod_ratio	198	A	AAACT	ok	True
chr7	103364158	103364159	+	0.3	mod_ratio	205	A	GAACC	ok	True
chr7	103364247	103364248	+	0.587379	mod_ratio	207	A	GGACT	ok	True
chr7	103366095	103366096	+	0.2	mod_ratio	212	A	GAACT	ok	True
chr7	103367470	103367471	+	0.400881	mod_ratio	231	A	GAACT	ok	True
chr7	103367536	103367537	+	0.103734	mod_ratio	245	A	AGACC	ok	True
chr7	103367718	103367719	+	0.110204	mod_ratio	247	A	GGACC	ok	True
chr7	103367777	103367778	+	0.373984	mod_ratio	249	A	GAACT	ok	True
chr7	103368054	103368055	+	0.241667	mod_ratio	248	A	GAACC	ok	True
chr7	103368077	103368078	+	0.299145	mod_ratio	239	A	AAACT	ok	True
chr7	103368107	103368108	+	0.107143	mod_ratio	232	A	AGACT	ok	True
chr7	103368130	103368131	+	0.5	mod_ratio	221	A	AAACA	ok	True
chr7	106091878	106091879	-	0.457447	mod_ratio	94	T	GGTCT	ok	True
chr7	106097701	106097702	-	0.370787	mod_ratio	89	T	AGTTT	ok	True
chr7	106097858	106097859	-	0.853659	mod_ratio	83	T	TGTTT	ok	True
chr7	106254486	106254487	-	0.71875	mod_ratio	33	T	TGTTT	ok	True
chr7	107902324	107902325	+	0.351351	mod_ratio	74	A	AGACA	ok	True
chr7	107902348	107902349	+	0.486486	mod_ratio	76	A	AAACA	ok	True
chr7	107905048	107905049	+	0.417722	mod_ratio	79	A	AAACA	ok	True
chr7	107916950	107916951	+	0.27	mod_ratio	101	A	AAACT	ok	True
chr7	107918057	107918058	+	0.215517	mod_ratio	118	A	GGACC	ok	True
chr7	107919325	107919326	+	0.209302	mod_ratio	130	A	GAACA	ok	True
chr7	107919359	107919360	+	0.618321	mod_ratio	134	A	GGACT	ok	True
chr7	107919372	107919373	+	0.353383	mod_ratio	134	A	AAACT	ok	True
chr7	107919472	107919473	+	0.210526	mod_ratio	135	A	AGACA	ok	True
chr7	107919687	107919688	+	0.455782	mod_ratio	148	A	AAACA	ok	True
chr7	107919725	107919726	+	0.437037	mod_ratio	143	A	AAACC	ok	True
chr7	107919730	107919731	+	0.535714	mod_ratio	141	A	GAACT	ok	True
chr7	107923920	107923921	-	0.793103	mod_ratio	29	T	TGTTC	ok	True
chr7	112450484	112450485	+	0.273504	mod_ratio	121	A	AAACA	ok	True
chr7	112468048	112468049	+	0.681818	mod_ratio	66	A	AAACA	ok	True
chr7	112472289	112472290	+	0.320513	mod_ratio	79	A	AAACA	ok	True
chr7	112475462	112475463	+	0.313253	mod_ratio	85	A	GAACC	ok	True
chr7	112475581	112475582	+	0.470588	mod_ratio	88	A	AAACT	ok	True
chr7	112475588	112475589	+	0.321839	mod_ratio	89	A	AGACA	ok	True
chr7	112475672	112475673	+	0.488889	mod_ratio	90	A	AAACT	ok	True
chr7	113116906	113116907	-	0.460317	mod_ratio	64	T	TGTTT	ok	True
chr7	113117604	113117605	-	0.533333	mod_ratio	60	T	GGTTC	ok	True
chr7	113118145	113118146	-	0.607143	mod_ratio	57	T	GGTTC	ok	True
chr7	116506435	116506436	+	0.517241	mod_ratio	60	A	GGACA	ok	True
chr7	116506813	116506814	+	0.636364	mod_ratio	45	A	GAACT	ok	True
chr7	116526526	116526527	+	0.435484	mod_ratio	67	A	GGACA	ok	True
chr7	116526664	116526665	+	0.47561	mod_ratio	84	A	AAACA	ok	True
chr7	116559604	116559605	+	0.410714	mod_ratio	69	A	GAACT	ok	True
chr7	116916071	116916072	+	0.714286	mod_ratio	82	A	AAACA	ok	True
chr7	116917726	116917727	+	0.5625	mod_ratio	80	A	AGACT	ok	True
chr7	116917935	116917936	+	0.329545	mod_ratio	90	A	GAACT	ok	True
chr7	116918263	116918264	+	0.309278	mod_ratio	102	A	GGACA	ok	True
chr7	116918400	116918401	+	0.33	mod_ratio	104	A	AAACC	ok	True
chr7	116918437	116918438	+	0.534653	mod_ratio	107	A	GAACT	ok	True
chr7	116918453	116918454	+	0.558824	mod_ratio	105	A	AAACA	ok	True
chr7	118184218	118184219	+	0.494118	mod_ratio	171	A	GAACA	ok	True
chr7	118185655	118185656	+	0.532164	mod_ratio	176	A	GAACT	ok	True
chr7	118188301	118188302	+	0.140449	mod_ratio	180	A	AGACC	ok	True
chr7	118191977	118191978	+	0.284091	mod_ratio	177	A	GAACC	ok	True
chr7	118192008	118192009	+	0.206061	mod_ratio	169	A	AAACT	ok	True
chr7	118192045	118192046	+	0.243243	mod_ratio	149	A	AAACT	ok	True
chr7	123541062	123541063	-	0.553846	mod_ratio	71	T	TGTTT	ok	True
chr7	123541726	123541727	-	0.338235	mod_ratio	70	T	TGTTT	ok	True
chr7	123541811	123541812	-	0.393443	mod_ratio	68	T	AGTTT	ok	True
chr7	123542086	123542087	-	0.433333	mod_ratio	92	T	AGTTT	ok	True
chr7	123542175	123542176	-	0.747126	mod_ratio	89	T	AGTTT	ok	True
chr7	123542208	123542209	-	0.411765	mod_ratio	85	T	AGTTC	ok	True
chr7	123545673	123545674	-	0.3375	mod_ratio	81	T	GGTTC	ok	True
chr7	127589105	127589106	+	0.307692	mod_ratio	182	A	AGACC	ok	True
chr7	127589122	127589123	+	0.40884	mod_ratio	183	A	AAACT	ok	True
chr7	127589498	127589499	+	0.25	mod_ratio	184	A	AAACA	ok	True
chr7	127590084	127590085	+	0.348315	mod_ratio	94	A	GGACA	ok	True
chr7	127591367	127591368	+	0.625	mod_ratio	148	A	GGACT	ok	True
chr7	127929282	127929283	+	0.560976	mod_ratio	42	A	AAACT	ok	True
chr7	128089676	128089677	+	0.439024	mod_ratio	127	A	AAACA	ok	True
chr7	128092358	128092359	+	0.128492	mod_ratio	181	A	AAACA	ok	True
chr7	128092438	128092439	+	0.324324	mod_ratio	186	A	AGACT	ok	True
chr7	128769494	128769495	+	0.557692	mod_ratio	52	A	AAACA	ok	True
chr7	128769815	128769816	+	0.537037	mod_ratio	55	A	GGACT	ok	True
chr7	128769939	128769940	+	0.457627	mod_ratio	60	A	AAACT	ok	True
chr7	128770660	128770661	+	0.827586	mod_ratio	33	A	AAACC	ok	True
chr7	128865581	128865582	+	0.477612	mod_ratio	204	A	GGACT	ok	True
chr7	128865748	128865749	+	0.169565	mod_ratio	236	A	GAACA	ok	True
chr7	132785169	132785170	-	0.219048	mod_ratio	105	T	TGTTT	ok	True
chr7	132785474	132785475	-	0.297619	mod_ratio	85	T	TGTTC	ok	True
chr7	132785543	132785544	-	0.324675	mod_ratio	77	T	GGTCT	ok	True
chr7	132785615	132785616	-	0.726027	mod_ratio	76	T	TGTTT	ok	True
chr7	132796444	132796445	-	0.310811	mod_ratio	74	T	TGTTT	ok	True
chr7	132975262	132975263	-	0.523077	mod_ratio	67	T	GGTCC	ok	True
chr7	134442390	134442391	-	0.14	mod_ratio	215	T	AGTCT	ok	True
chr7	134442410	134442411	-	0.252294	mod_ratio	223	T	AGTTC	ok	True
chr7	134442625	134442626	-	0.15	mod_ratio	221	T	TGTCC	ok	True
chr7	134445261	134445262	-	0.131455	mod_ratio	215	T	AGTTC	ok	True
chr7	134445305	134445306	-	0.353774	mod_ratio	212	T	AGTTC	ok	True
chr7	134447352	134447353	-	0.365385	mod_ratio	208	T	AGTTC	ok	True
chr7	134447990	134447991	-	0.185	mod_ratio	200	T	AGTTT	ok	True
chr7	134449033	134449034	-	0.561404	mod_ratio	171	T	TGTTT	ok	True
chr7	134450828	134450829	-	0.283784	mod_ratio	149	T	AGTCC	ok	True
chr7	135674110	135674111	+	0.333333	mod_ratio	91	A	AAACT	ok	True
chr7	135674579	135674580	+	0.632653	mod_ratio	49	A	AAACA	ok	True
chr7	139345586	139345587	+	0.252747	mod_ratio	92	A	AAACA	ok	True
chr7	140454588	140454589	-	0.923077	mod_ratio	65	T	AGTTC	ok	True
chr7	140454702	140454703	-	0.47619	mod_ratio	63	T	AGTTC	ok	True
chr7	140454715	140454716	-	0.619048	mod_ratio	63	T	GGTTC	ok	True
chr7	140455124	140455125	-	0.42623	mod_ratio	61	T	TGTCT	ok	True
chr7	140455176	140455177	-	0.377049	mod_ratio	61	T	AGTTC	ok	True
chr7	140459920	140459921	-	0.675	mod_ratio	41	T	GGTTT	ok	True
chr7	140696720	140696721	+	0.134529	mod_ratio	638	A	GGACC	ok	True
chr7	140702955	140702956	+	0.143583	mod_ratio	790	A	GGACT	ok	True
chr7	140704892	140704893	+	0.135934	mod_ratio	852	A	GGACA	ok	True
chr7	140704929	140704930	+	0.205917	mod_ratio	851	A	AGACT	ok	True
chr7	140704942	140704943	+	0.225573	mod_ratio	848	A	AGACT	ok	True
chr7	141006255	141006256	-	0.1625	mod_ratio	161	T	TGTTC	ok	True
chr7	141010516	141010517	-	0.264901	mod_ratio	154	T	AGTTC	ok	True
chr7	141010528	141010529	-	0.206667	mod_ratio	153	T	AGTTT	ok	True
chr7	141010657	141010658	-	0.3	mod_ratio	122	T	AGTTC	ok	True
chr7	141739141	141739142	+	0.188525	mod_ratio	618	A	AGACT	ok	True
chr7	141742201	141742202	+	0.18612	mod_ratio	642	A	AAACA	ok	True
chr7	141743918	141743919	+	0.108029	mod_ratio	694	A	AGACA	ok	True
chr7	141745524	141745525	+	0.113323	mod_ratio	667	A	AGACT	ok	True
chr7	143264550	143264551	+	0.625	mod_ratio	101	A	AAACA	ok	True
chr7	143267706	143267707	+	0.349593	mod_ratio	123	A	AGACC	ok	True
chr7	143268856	143268857	+	0.305882	mod_ratio	170	A	AAACT	ok	True
chr7	143268918	143268919	+	0.134503	mod_ratio	171	A	GGACT	ok	True
chr7	143390727	143390728	+	0.55102	mod_ratio	49	A	GGACC	ok	True
chr7	148798613	148798614	+	0.787234	mod_ratio	49	A	GAACA	ok	True
chr7	148798632	148798633	+	0.5625	mod_ratio	50	A	AAACC	ok	True
chr7	148798664	148798665	+	0.6875	mod_ratio	49	A	AAACT	ok	True
chr7	148799315	148799316	+	0.8125	mod_ratio	48	A	AAACA	ok	True
chr7	148800742	148800743	+	0.592593	mod_ratio	54	A	GAACT	ok	True
chr7	148817370	148817371	-	1	mod_ratio	27	T	TGTTT	ok	True
chr7	149005331	149005332	-	0.555556	mod_ratio	57	T	AGTCC	ok	True
chr7	150373976	150373977	+	0.649123	mod_ratio	58	A	GAACT	ok	True
chr7	150373981	150373982	+	0.509091	mod_ratio	57	A	AAACA	ok	True
chr7	151054093	151054094	-	0.41791	mod_ratio	69	T	GGTTC	ok	True
chr7	151214013	151214014	-	0.680851	mod_ratio	48	T	AGTTC	ok	True
chr7	151467041	151467042	-	0.564	mod_ratio	256	T	AGTTT	ok	True
chr7	151467065	151467066	-	0.576	mod_ratio	261	T	AGTTT	ok	True
chr7	151467097	151467098	-	0.206349	mod_ratio	261	T	TGTCC	ok	True
chr7	151467210	151467211	-	0.133621	mod_ratio	234	T	AGTCT	ok	True
chr7	151484749	151484750	-	0.311475	mod_ratio	187	T	TGTCT	ok	True
chr7	151490968	151490969	-	0.674419	mod_ratio	174	T	AGTCC	ok	True
chr7	157385676	157385677	+	0.280488	mod_ratio	82	A	AAACT	ok	True
chr7	157385734	157385735	+	0.458824	mod_ratio	87	A	GAACT	ok	True
chr7	157385824	157385825	+	0.282609	mod_ratio	93	A	GGACC	ok	True
chr7	157385837	157385838	+	0.423913	mod_ratio	93	A	GGACC	ok	True
chr5	205278	205279	-	0.224299	mod_ratio	108	T	AGTTT	ok	True
chr5	205341	205342	-	0.367925	mod_ratio	107	T	AGTTC	ok	True
chr5	205353	205354	-	0.457143	mod_ratio	108	T	AGTTC	ok	True
chr5	205630	205631	-	0.23	mod_ratio	102	T	AGTTT	ok	True
chr5	205716	205717	-	0.27957	mod_ratio	94	T	TGTTC	ok	True
chr5	205806	205807	-	0.416667	mod_ratio	87	T	AGTTC	ok	True
chr5	225455	225456	+	0.544776	mod_ratio	136	A	GGACA	ok	True
chr5	225912	225913	+	0.311258	mod_ratio	154	A	GAACT	ok	True
chr5	235234	235235	+	0.136929	mod_ratio	244	A	AGACA	ok	True
chr5	236530	236531	+	0.357377	mod_ratio	312	A	AAACT	ok	True
chr5	240379	240380	+	0.113565	mod_ratio	318	A	AAACC	ok	True
chr5	240454	240455	+	0.407932	mod_ratio	361	A	GAACT	ok	True
chr5	251349	251350	+	0.213296	mod_ratio	363	A	GAACA	ok	True
chr5	251366	251367	+	0.120879	mod_ratio	366	A	AGACC	ok	True
chr5	251382	251383	+	0.135501	mod_ratio	373	A	GAACC	ok	True
chr5	251405	251406	+	0.304813	mod_ratio	376	A	AGACC	ok	True
chr5	251460	251461	+	0.211488	mod_ratio	385	A	AGACT	ok	True
chr5	256350	256351	+	0.17321	mod_ratio	435	A	AGACC	ok	True
chr5	256580	256581	+	0.165563	mod_ratio	453	A	GAACC	ok	True
chr5	256644	256645	+	0.150358	mod_ratio	435	A	AAACT	ok	True
chr5	272742	272743	+	0.121255	mod_ratio	712	A	AGACA	ok	True
chr5	304184	304185	+	0.642229	mod_ratio	687	A	GGACT	ok	True
chr5	306634	306635	+	0.15678	mod_ratio	719	A	GAACT	ok	True
chr5	306706	306707	+	0.284542	mod_ratio	736	A	GGACA	ok	True
chr5	314481	314482	+	0.109865	mod_ratio	896	A	GAACA	ok	True
chr5	314872	314873	+	0.155785	mod_ratio	892	A	GAACT	ok	True
chr5	470926	470927	-	0.413333	mod_ratio	75	T	TGTTT	ok	True
chr5	470937	470938	-	0.310811	mod_ratio	76	T	TGTTT	ok	True
chr5	894868	894869	+	0.444444	mod_ratio	54	A	GGACT	ok	True
chr5	894882	894883	+	0.759259	mod_ratio	54	A	GAACC	ok	True
chr5	907158	907159	+	0.813559	mod_ratio	61	A	AAACA	ok	True
chr5	917305	917306	+	0.234783	mod_ratio	117	A	AAACA	ok	True
chr5	917749	917750	+	0.761905	mod_ratio	148	A	AAACA	ok	True
chr5	917760	917761	+	0.585034	mod_ratio	148	A	GGACA	ok	True
chr5	1317991	1317992	-	0.422018	mod_ratio	110	T	TGTTT	ok	True
chr5	1318252	1318253	-	0.272727	mod_ratio	99	T	TGTCC	ok	True
chr5	1321770	1321771	-	0.373333	mod_ratio	75	T	AGTTC	ok	True
chr5	1798415	1798416	-	0.351981	mod_ratio	446	T	TGTTT	ok	True
chr5	1798632	1798633	-	0.253759	mod_ratio	536	T	TGTCT	ok	True
chr5	1798806	1798807	-	0.148148	mod_ratio	491	T	GGTTC	ok	True
chr5	1798903	1798904	-	0.400911	mod_ratio	447	T	GGTTC	ok	True
chr5	1801451	1801452	+	0.146237	mod_ratio	480	A	GAACC	ok	True
chr5	1814348	1814349	+	0.134216	mod_ratio	535	A	AAACT	ok	True
chr5	1814395	1814396	+	0.100559	mod_ratio	544	A	AGACT	ok	True
chr5	1814456	1814457	+	0.156538	mod_ratio	545	A	AAACT	ok	True
chr5	1815859	1815860	+	0.107209	mod_ratio	545	A	AAACA	ok	True
chr5	1815865	1815866	+	0.262477	mod_ratio	547	A	AAACC	ok	True
chr5	6371941	6371942	-	0.261364	mod_ratio	101	T	AGTTT	ok	True
chr5	6372350	6372351	-	0.402597	mod_ratio	156	T	GGTCC	ok	True
chr5	6372394	6372395	-	0.254902	mod_ratio	156	T	TGTCC	ok	True
chr5	6599332	6599333	-	0.192982	mod_ratio	173	T	AGTCC	ok	True
chr5	6599386	6599387	-	0.488636	mod_ratio	177	T	AGTTT	ok	True
chr5	6599616	6599617	-	0.318182	mod_ratio	176	T	AGTTT	ok	True
chr5	6599621	6599622	-	0.181818	mod_ratio	176	T	TGTTT	ok	True
chr5	6599798	6599799	-	0.274336	mod_ratio	116	T	AGTCT	ok	True
chr5	7861187	7861188	-	0.595238	mod_ratio	43	T	TGTTT	ok	True
chr5	7861214	7861215	-	0.571429	mod_ratio	43	T	TGTTT	ok	True
chr5	7900407	7900408	+	0.5	mod_ratio	56	A	AGACT	ok	True
chr5	8460160	8460161	+	0.657895	mod_ratio	38	A	AAACA	ok	True
chr5	10250407	10250408	+	0.233103	mod_ratio	729	A	GGACC	ok	True
chr5	10250429	10250430	+	0.200542	mod_ratio	741	A	GGACT	ok	True
chr5	10254197	10254198	+	0.336387	mod_ratio	770	A	GGACC	ok	True
chr5	10254785	10254786	+	0.626536	mod_ratio	818	A	GAACT	ok	True
chr5	10254822	10254823	+	0.418093	mod_ratio	824	A	GAACC	ok	True
chr5	10255996	10255997	+	0.86244	mod_ratio	841	A	AGACC	ok	True
chr5	10256060	10256061	+	0.156103	mod_ratio	855	A	GAACA	ok	True
chr5	10256104	10256105	+	0.539701	mod_ratio	875	A	GGACA	ok	True
chr5	10256111	10256112	+	0.25344	mod_ratio	878	A	GAACC	ok	True
chr5	10256124	10256125	+	0.100571	mod_ratio	882	A	AGACA	ok	True
chr5	10256133	10256134	+	0.209806	mod_ratio	882	A	AAACC	ok	True
chr5	10258241	10258242	+	0.290441	mod_ratio	1111	A	GGACA	ok	True
chr5	10258248	10258249	+	0.298548	mod_ratio	1116	A	AAACT	ok	True
chr5	10258271	10258272	+	0.815013	mod_ratio	1128	A	GGACA	ok	True
chr5	10258429	10258430	+	0.449956	mod_ratio	1160	A	GAACC	ok	True
chr5	10258438	10258439	+	0.133913	mod_ratio	1165	A	AAACC	ok	True
chr5	10258445	10258446	+	0.142734	mod_ratio	1167	A	AAACA	ok	True
chr5	10260800	10260801	+	0.201511	mod_ratio	1203	A	AGACT	ok	True
chr5	10260898	10260899	+	0.123223	mod_ratio	1282	A	GGACC	ok	True
chr5	10261661	10261662	+	0.332596	mod_ratio	1366	A	GGACA	ok	True
chr5	10262532	10262533	+	0.47274	mod_ratio	1461	A	GAACC	ok	True
chr5	10263209	10263210	+	0.143137	mod_ratio	1546	A	AAACA	ok	True
chr5	10263232	10263233	+	0.123865	mod_ratio	1561	A	AGACT	ok	True
chr5	10263255	10263256	+	0.129712	mod_ratio	1587	A	AGACA	ok	True
chr5	10263272	10263273	+	0.148828	mod_ratio	1594	A	GAACC	ok	True
chr5	10263307	10263308	+	0.138312	mod_ratio	1565	A	GGACA	ok	True
chr5	10264681	10264682	+	0.111692	mod_ratio	1542	A	AAACC	ok	True
chr5	10264785	10264786	+	0.193283	mod_ratio	1590	A	AGACA	ok	True
chr5	10264796	10264797	+	0.36185	mod_ratio	1594	A	AAACT	ok	True
chr5	10265009	10265010	+	0.67451	mod_ratio	817	A	AAACA	ok	True
chr5	10279544	10279545	-	0.35443	mod_ratio	79	T	GGTTT	ok	True
chr5	10280154	10280155	-	0.45679	mod_ratio	82	T	GGTCT	ok	True
chr5	10280318	10280319	-	0.636364	mod_ratio	77	T	TGTTT	ok	True
chr5	10280574	10280575	-	0.676923	mod_ratio	66	T	TGTTT	ok	True
chr5	10286413	10286414	-	0.532258	mod_ratio	63	T	AGTTC	ok	True
chr5	10433641	10433642	+	0.519231	mod_ratio	59	A	AAACA	ok	True
chr5	16465113	16465114	-	0.684211	mod_ratio	39	T	TGTTC	ok	True
chr5	16465137	16465138	-	0.722222	mod_ratio	38	T	GGTTT	ok	True
chr5	17275905	17275906	+	0.5	mod_ratio	60	A	GGACA	ok	True
chr5	17275921	17275922	+	0.7	mod_ratio	61	A	AAACA	ok	True
chr5	17276237	17276238	+	0.495575	mod_ratio	117	A	AAACT	ok	True
chr5	17276530	17276531	+	0.4	mod_ratio	143	A	AAACA	ok	True
chr5	32354401	32354402	-	0.888889	mod_ratio	27	T	AGTTT	ok	True
chr5	32588529	32588530	+	0.346278	mod_ratio	624	A	GAACT	ok	True
chr5	32591594	32591595	+	0.103611	mod_ratio	641	A	AAACC	ok	True
chr5	32591606	32591607	+	0.333856	mod_ratio	640	A	AAACA	ok	True
chr5	32591613	32591614	+	0.1146	mod_ratio	644	A	AGACA	ok	True
chr5	32591622	32591623	+	0.176101	mod_ratio	647	A	AGACT	ok	True
chr5	32591648	32591649	+	0.352396	mod_ratio	656	A	AAACA	ok	True
chr5	32599055	32599056	+	0.247024	mod_ratio	676	A	AAACC	ok	True
chr5	32601044	32601045	+	0.519174	mod_ratio	690	A	GAACA	ok	True
chr5	32601077	32601078	+	0.157585	mod_ratio	687	A	AAACT	ok	True
chr5	33448674	33448675	+	0.738462	mod_ratio	131	A	AAACA	ok	True
chr5	33448699	33448700	+	0.643411	mod_ratio	130	A	AAACT	ok	True
chr5	33453347	33453348	+	0.718519	mod_ratio	135	A	GGACC	ok	True
chr5	33456190	33456191	+	0.291139	mod_ratio	158	A	AGACA	ok	True
chr5	33457295	33457296	+	0.591463	mod_ratio	165	A	AGACT	ok	True
chr5	33458573	33458574	+	0.149425	mod_ratio	177	A	GAACT	ok	True
chr5	33459737	33459738	+	0.438776	mod_ratio	197	A	AAACA	ok	True
chr5	33459845	33459846	+	0.64455	mod_ratio	214	A	GAACT	ok	True
chr5	33459855	33459856	+	0.118483	mod_ratio	214	A	GGACA	ok	True
chr5	33461003	33461004	+	0.774194	mod_ratio	220	A	GGACT	ok	True
chr5	33461228	33461229	+	0.336245	mod_ratio	232	A	AAACT	ok	True
chr5	33461233	33461234	+	0.384279	mod_ratio	232	A	AAACC	ok	True
chr5	33461294	33461295	+	0.131915	mod_ratio	236	A	AAAGT	ok	False
chr5	33461676	33461677	+	0.130802	mod_ratio	238	A	AAACA	ok	True
chr5	33461712	33461713	+	0.393305	mod_ratio	240	A	AAACT	ok	True
chr5	33462187	33462188	+	0.307692	mod_ratio	262	A	AAACT	ok	True
chr5	33463797	33463798	+	0.272059	mod_ratio	276	A	GGACC	ok	True
chr5	33467610	33467611	+	0.142857	mod_ratio	284	A	AGACA	ok	True
chr5	33467645	33467646	+	0.359862	mod_ratio	291	A	AAACT	ok	True
chr5	33467686	33467687	+	0.498221	mod_ratio	292	A	AAACA	ok	True
chr5	33467747	33467748	+	0.198582	mod_ratio	285	A	GAACA	ok	True
chr5	33467800	33467801	+	0.315789	mod_ratio	286	A	GAACT	ok	True
chr5	33467874	33467875	+	0.731034	mod_ratio	290	A	AAACA	ok	True
chr5	33467956	33467957	+	0.372624	mod_ratio	264	A	AAACA	ok	True
chr5	34915871	34915872	+	0.266667	mod_ratio	181	A	GGACC	ok	True
chr5	34918428	34918429	+	0.258065	mod_ratio	187	A	AGACA	ok	True
chr5	34922559	34922560	+	0.165049	mod_ratio	213	A	GGACC	ok	True
chr5	34922710	34922711	+	0.408451	mod_ratio	218	A	GAACT	ok	True
chr5	34922727	34922728	+	0.273148	mod_ratio	219	A	AAACT	ok	True
chr5	34923178	34923179	+	0.266968	mod_ratio	223	A	GGACC	ok	True
chr5	34923226	34923227	+	0.177778	mod_ratio	226	A	GAACT	ok	True
chr5	34924932	34924933	+	0.138655	mod_ratio	239	A	GGACC	ok	True
chr5	34924970	34924971	+	0.270833	mod_ratio	241	A	AAACA	ok	True
chr5	34925272	34925273	+	0.268595	mod_ratio	245	A	AAACA	ok	True
chr5	34925296	34925297	+	0.159836	mod_ratio	245	A	AAACT	ok	True
chr5	34925398	34925399	+	0.498024	mod_ratio	256	A	AAACC	ok	True
chr5	34925464	34925465	+	0.257937	mod_ratio	259	A	AAACA	ok	True
chr5	34925505	34925506	+	0.188235	mod_ratio	258	A	AAACC	ok	True
chr5	38451391	38451392	+	0.576923	mod_ratio	53	A	AGACA	ok	True
chr5	40834223	40834224	-	0.165438	mod_ratio	4632	T	AGTTC	ok	True
chr5	41730430	41730431	-	0.344	mod_ratio	127	T	AGTTT	ok	True
chr5	41730651	41730652	-	0.221154	mod_ratio	106	T	AGTTT	ok	True
chr5	41730680	41730681	-	0.425743	mod_ratio	101	T	TGTTT	ok	True
chr5	41730729	41730730	-	0.350515	mod_ratio	97	T	TGTCC	ok	True
chr5	41731045	41731046	-	0.513514	mod_ratio	75	T	TGTTT	ok	True
chr5	41731207	41731208	-	0.373134	mod_ratio	67	T	TGTTT	ok	True
chr5	41731429	41731430	-	0.45	mod_ratio	61	T	GGTTC	ok	True
chr5	41731582	41731583	-	0.315315	mod_ratio	112	T	AGTTT	ok	True
chr5	41731686	41731687	-	0.761468	mod_ratio	114	T	TGTTT	ok	True
chr5	41842698	41842699	-	0.696078	mod_ratio	104	T	GGTCC	ok	True
chr5	43527211	43527212	-	0.247312	mod_ratio	99	T	AGTTT	ok	True
chr5	43529810	43529811	-	0.25	mod_ratio	93	T	TGTTC	ok	True
chr5	43535542	43535543	-	0.357143	mod_ratio	85	T	AGTTT	ok	True
chr5	43539027	43539028	-	0.569444	mod_ratio	74	T	AGTCC	ok	True
chr5	43547816	43547817	-	0.4	mod_ratio	72	T	AGTTT	ok	True
chr5	44809295	44809296	+	0.278571	mod_ratio	144	A	AGACC	ok	True
chr5	44809357	44809358	+	0.161074	mod_ratio	154	A	GAACC	ok	True
chr5	44811119	44811120	+	0.355932	mod_ratio	178	A	AAACA	ok	True
chr5	44811967	44811968	+	0.815642	mod_ratio	182	A	AAACC	ok	True
chr5	44811976	44811977	+	0.234637	mod_ratio	181	A	AAACT	ok	True
chr5	44812005	44812006	+	0.438889	mod_ratio	185	A	AAACC	ok	True
chr5	44813113	44813114	+	0.469613	mod_ratio	186	A	AAACT	ok	True
chr5	44813257	44813258	+	0.158228	mod_ratio	163	A	GGACT	ok	True
chr5	44815091	44815092	+	0.190476	mod_ratio	172	A	AAACA	ok	True
chr5	44815165	44815166	+	0.272189	mod_ratio	171	A	AGACC	ok	True
chr5	44815197	44815198	+	0.491124	mod_ratio	171	A	AAACT	ok	True
chr5	53098414	53098415	-	0.375	mod_ratio	64	T	AGTTC	ok	True
chr5	53098478	53098479	-	0.492063	mod_ratio	64	T	TGTCC	ok	True
chr5	53101384	53101385	-	0.58	mod_ratio	50	T	TGTTT	ok	True
chr5	53603461	53603462	+	0.209677	mod_ratio	124	A	GGACT	ok	True
chr5	53646329	53646330	+	0.34058	mod_ratio	139	A	AAACA	ok	True
chr5	55164281	55164282	+	0.557377	mod_ratio	61	A	AAACA	ok	True
chr5	55164631	55164632	+	0.621212	mod_ratio	66	A	AGACC	ok	True
chr5	55164710	55164711	+	0.419355	mod_ratio	64	A	AAACA	ok	True
chr5	58454555	58454556	-	0.5	mod_ratio	46	T	AGTCC	ok	True
chr5	58455598	58455599	-	0.676471	mod_ratio	35	T	GGTCT	ok	True
chr5	60945241	60945242	+	0.196721	mod_ratio	125	A	AAACT	ok	True
chr5	61073125	61073126	+	0.176923	mod_ratio	132	A	GGACA	ok	True
chr5	61073129	61073130	+	0.192308	mod_ratio	133	A	AAACT	ok	True
chr5	61073178	61073179	+	0.186047	mod_ratio	132	A	AGACT	ok	True
chr5	61152723	61152724	+	0.267176	mod_ratio	133	A	AAACA	ok	True
chr5	61152790	61152791	+	0.253846	mod_ratio	130	A	AGACC	ok	True
chr5	61152801	61152802	+	0.230769	mod_ratio	130	A	GAACT	ok	True
chr5	61158912	61158913	-	0.614035	mod_ratio	58	T	TGTTT	ok	True
chr5	69103121	69103122	+	0.738095	mod_ratio	43	A	AAACA	ok	True
chr5	69167908	69167909	+	0.537764	mod_ratio	333	A	GAACT	ok	True
chr5	69167999	69168000	+	0.151603	mod_ratio	348	A	GGACT	ok	True
chr5	69168012	69168013	+	0.342939	mod_ratio	350	A	GAACA	ok	True
chr5	69168025	69168026	+	0.275072	mod_ratio	350	A	GGACA	ok	True
chr5	69168047	69168048	+	0.128571	mod_ratio	352	A	GAACA	ok	True
chr5	69168180	69168181	+	0.155367	mod_ratio	357	A	AAACC	ok	True
chr5	69168213	69168214	+	0.359551	mod_ratio	358	A	AAACT	ok	True
chr5	69168321	69168322	+	0.104558	mod_ratio	377	A	AAACT	ok	True
chr5	69171299	69171300	+	0.221354	mod_ratio	387	A	AAACA	ok	True
chr5	69171399	69171400	+	0.123762	mod_ratio	405	A	AAACC	ok	True
chr5	69171442	69171443	+	0.158416	mod_ratio	405	A	AGACA	ok	True
chr5	69174267	69174268	+	0.339806	mod_ratio	414	A	AGACC	ok	True
chr5	69174302	69174303	+	0.278177	mod_ratio	418	A	AAACA	ok	True
chr5	69174367	69174368	+	0.338061	mod_ratio	428	A	AGACC	ok	True
chr5	69175019	69175020	+	0.159389	mod_ratio	465	A	AGACA	ok	True
chr5	69175051	69175052	+	0.354701	mod_ratio	474	A	AAACT	ok	True
chr5	69175437	69175438	+	0.762781	mod_ratio	493	A	GAACT	ok	True
chr5	69175451	69175452	+	0.244898	mod_ratio	497	A	GGACT	ok	True
chr5	69177238	69177239	+	0.342742	mod_ratio	498	A	AGACA	ok	True
chr5	69177333	69177334	+	0.590998	mod_ratio	515	A	GGACT	ok	True
chr5	69177638	69177639	+	0.47817	mod_ratio	490	A	AAACT	ok	True
chr5	69202526	69202527	+	0.941176	mod_ratio	34	A	AAACA	ok	True
chr5	69217809	69217810	+	0.72093	mod_ratio	69	A	AAACT	ok	True
chr5	69226345	69226346	+	0.604839	mod_ratio	126	A	AAACC	ok	True
chr5	69226393	69226394	+	0.190476	mod_ratio	127	A	AAACC	ok	True
chr5	69228327	69228328	+	0.223077	mod_ratio	130	A	AAACA	ok	True
chr5	69229278	69229279	+	0.365079	mod_ratio	127	A	GGACT	ok	True
chr5	69229313	69229314	+	0.893204	mod_ratio	106	A	AAACA	ok	True
chr5	69277204	69277205	+	0.425926	mod_ratio	54	A	AAACA	ok	True
chr5	69277265	69277266	+	0.519231	mod_ratio	53	A	AAACT	ok	True
chr5	69351740	69351741	-	0.421875	mod_ratio	90	T	AGTTT	ok	True
chr5	69352135	69352136	-	0.529915	mod_ratio	118	T	GGTTT	ok	True
chr5	69352234	69352235	-	0.663717	mod_ratio	114	T	AGTTT	ok	True
chr5	69355652	69355653	-	0.572727	mod_ratio	110	T	TGTTT	ok	True
chr5	69355685	69355686	-	0.28972	mod_ratio	110	T	TGTTC	ok	True
chr5	69364826	69364827	-	0.652542	mod_ratio	239	T	TGTTT	ok	True
chr5	69364882	69364883	-	0.271605	mod_ratio	243	T	TGTTT	ok	True
chr5	69365069	69365070	-	0.226337	mod_ratio	244	T	TGTTT	ok	True
chr5	69365205	69365206	-	0.698198	mod_ratio	225	T	AGTCC	ok	True
chr5	69365360	69365361	-	0.389423	mod_ratio	208	T	AGTTT	ok	True
chr5	69366539	69366540	-	0.410448	mod_ratio	271	T	AGTCC	ok	True
chr5	69366574	69366575	-	0.311284	mod_ratio	265	T	GGTTT	ok	True
chr5	69369476	69369477	-	0.160622	mod_ratio	220	T	TGTTC	ok	True
chr5	70032572	70032573	+	0.464286	mod_ratio	71	A	AAACA	ok	True
chr5	70066012	70066013	+	0.588235	mod_ratio	51	A	AAACC	ok	True
chr5	70069323	70069324	+	0.518519	mod_ratio	54	A	GGACC	ok	True
chr5	72220008	72220009	-	0.333333	mod_ratio	75	T	AGTTC	ok	True
chr5	72220701	72220702	-	0.590909	mod_ratio	45	T	AGTCT	ok	True
chr5	72220725	72220726	-	0.545455	mod_ratio	45	T	AGTTC	ok	True
chr5	72297675	72297676	-	0.590164	mod_ratio	61	T	TGTTT	ok	True
chr5	72314124	72314125	-	0.457627	mod_ratio	59	T	TGTCT	ok	True
chr5	72889949	72889950	+	0.92	mod_ratio	25	A	AAACA	ok	True
chr5	73499142	73499143	+	0.141618	mod_ratio	1054	A	AAACA	ok	True
chr5	73499171	73499172	+	0.342991	mod_ratio	1080	A	AAACT	ok	True
chr5	73502490	73502491	+	0.250686	mod_ratio	1113	A	GAACT	ok	True
chr5	73502523	73502524	+	0.446429	mod_ratio	1125	A	GAACA	ok	True
chr5	73502578	73502579	+	0.177138	mod_ratio	1161	A	AAACA	ok	True
chr5	73502931	73502932	+	0.161373	mod_ratio	1175	A	AAACC	ok	True
chr5	73502939	73502940	+	0.191252	mod_ratio	1176	A	GAACA	ok	True
chr5	73502988	73502989	+	0.116513	mod_ratio	1204	A	GAACA	ok	True
chr5	73503054	73503055	+	0.138072	mod_ratio	1232	A	AAACC	ok	True
chr5	73503091	73503092	+	0.175141	mod_ratio	1250	A	AGACT	ok	True
chr5	73503112	73503113	+	0.201768	mod_ratio	1249	A	AAACA	ok	True
chr5	73505233	73505234	+	0.230769	mod_ratio	1234	A	AAACT	ok	True
chr5	73505262	73505263	+	0.104013	mod_ratio	1228	A	AAACC	ok	True
chr5	73505465	73505466	+	0.19475	mod_ratio	1214	A	AAACA	ok	True
chr5	74685462	74685463	+	0.40678	mod_ratio	59	A	GAACC	ok	True
chr5	74715557	74715558	+	0.506024	mod_ratio	84	A	GGACT	ok	True
chr5	74718849	74718850	+	0.267327	mod_ratio	101	A	GAACT	ok	True
chr5	74718954	74718955	+	0.682692	mod_ratio	104	A	GAACC	ok	True
chr5	74720437	74720438	+	0.394231	mod_ratio	104	A	AAACA	ok	True
chr5	74720443	74720444	+	0.259615	mod_ratio	104	A	AAACA	ok	True
chr5	74720669	74720670	+	0.212389	mod_ratio	114	A	AGACT	ok	True
chr5	74720717	74720718	+	0.2	mod_ratio	115	A	AGACT	ok	True
chr5	74721253	74721254	+	0.45098	mod_ratio	108	A	AGACT	ok	True
chr5	74747744	74747745	-	0.638889	mod_ratio	38	T	TGTTT	ok	True
chr5	74769236	74769237	+	0.905263	mod_ratio	95	A	AAACA	ok	True
chr5	74769243	74769244	+	0.430108	mod_ratio	96	A	AAACA	ok	True
chr5	74769342	74769343	+	0.610526	mod_ratio	98	A	AAACA	ok	True
chr5	74770699	74770700	+	0.352941	mod_ratio	87	A	GAACA	ok	True
chr5	74770776	74770777	+	0.425287	mod_ratio	87	A	AAACC	ok	True
chr5	74773905	74773906	+	0.609195	mod_ratio	88	A	GAACT	ok	True
chr5	74776718	74776719	+	0.593407	mod_ratio	93	A	AAACT	ok	True
chr5	74776753	74776754	+	0.561798	mod_ratio	90	A	AAACA	ok	True
chr5	75361235	75361236	+	0.393443	mod_ratio	61	A	AAACA	ok	True
chr5	75361330	75361331	+	0.40678	mod_ratio	59	A	AAACT	ok	True
chr5	77436356	77436357	-	0.568627	mod_ratio	51	T	TGTTT	ok	True
chr5	77440885	77440886	-	0.519231	mod_ratio	52	T	TGTCC	ok	True
chr5	77691415	77691416	-	0.158621	mod_ratio	436	T	AGTTT	ok	True
chr5	77708307	77708308	-	0.130841	mod_ratio	437	T	TGTTT	ok	True
chr5	77776220	77776221	-	0.231707	mod_ratio	414	T	GGTCT	ok	True
chr5	77776236	77776237	-	0.220253	mod_ratio	409	T	TGTCT	ok	True
chr5	82276092	82276093	-	0.16672	mod_ratio	3377	T	TGTTT	ok	True
chr5	82276407	82276408	-	0.223812	mod_ratio	3726	T	AGTTC	ok	True
chr5	82276502	82276503	-	0.70989	mod_ratio	3660	T	TGTTT	ok	True
chr5	82277781	82277782	-	0.12253	mod_ratio	3559	T	TGTTT	ok	True
chr5	82277800	82277801	-	0.254059	mod_ratio	3539	T	GGTCT	ok	True
chr5	82277838	82277839	-	0.135652	mod_ratio	3478	T	AGTCC	ok	True
chr5	83056569	83056570	-	0.410256	mod_ratio	78	T	AGTTT	ok	True
chr5	83056705	83056706	-	0.465116	mod_ratio	130	T	GGTTC	ok	True
chr5	83056913	83056914	-	0.620438	mod_ratio	140	T	TGTTT	ok	True
chr5	83056982	83056983	-	0.357143	mod_ratio	140	T	TGTTC	ok	True
chr5	83057031	83057032	-	0.429577	mod_ratio	147	T	AGTCC	ok	True
chr5	86619447	86619448	+	0.186773	mod_ratio	1383	A	AGACA	ok	True
chr5	86619463	86619464	+	0.164851	mod_ratio	1381	A	AAACA	ok	True
chr5	86620752	86620753	+	0.380471	mod_ratio	1284	A	AAACT	ok	True
chr5	87394474	87394475	-	0.321839	mod_ratio	87	T	AGTCC	ok	True
chr5	87399443	87399444	-	0.404762	mod_ratio	84	T	TGTTT	ok	True
chr5	87399476	87399477	-	0.27381	mod_ratio	84	T	GGTTC	ok	True
chr5	87408059	87408060	-	0.521127	mod_ratio	71	T	AGTTC	ok	True
chr5	87408077	87408078	-	0.614286	mod_ratio	70	T	TGTTC	ok	True
chr5	90485665	90485666	+	0.781818	mod_ratio	56	A	AAACC	ok	True
chr5	90488110	90488111	+	0.736842	mod_ratio	58	A	AAACA	ok	True
chr5	94692218	94692219	+	0.272727	mod_ratio	92	A	GGACA	ok	True
chr5	94694969	94694970	+	0.336634	mod_ratio	101	A	AAACA	ok	True
chr5	94695098	94695099	+	0.333333	mod_ratio	112	A	GAACT	ok	True
chr5	94695129	94695130	+	0.54386	mod_ratio	115	A	AAACC	ok	True
chr5	94695215	94695216	+	0.308333	mod_ratio	121	A	GAACT	ok	True
chr5	95814161	95814162	-	0.347826	mod_ratio	70	T	TGTTT	ok	True
chr5	95816551	95816552	-	0.551282	mod_ratio	79	T	AGTTC	ok	True
chr5	95822545	95822546	-	0.652778	mod_ratio	72	T	TGTTT	ok	True
chr5	95822642	95822643	-	0.471429	mod_ratio	70	T	AGTTC	ok	True
chr5	96729691	96729692	+	0.75	mod_ratio	38	A	GAACA	ok	True
chr5	112864509	112864510	+	0.488636	mod_ratio	89	A	GGACT	ok	True
chr5	112867443	112867444	+	0.323232	mod_ratio	100	A	AAACT	ok	True
chr5	112867612	112867613	+	0.446602	mod_ratio	105	A	AAACA	ok	True
chr5	112867651	112867652	+	0.53271	mod_ratio	108	A	GAACC	ok	True
chr5	112867861	112867862	+	0.564356	mod_ratio	107	A	AAACA	ok	True
chr5	112877349	112877350	-	0.827586	mod_ratio	29	T	AGTTT	ok	True
chr5	112878503	112878504	-	0.705263	mod_ratio	97	T	AGTTT	ok	True
chr5	112878596	112878597	-	0.411215	mod_ratio	107	T	AGTTT	ok	True
chr5	112878680	112878681	-	0.52551	mod_ratio	198	T	TGTTT	ok	True
chr5	112878768	112878769	-	0.214634	mod_ratio	210	T	AGTTT	ok	True
chr5	112878779	112878780	-	0.341346	mod_ratio	212	T	AGTCT	ok	True
chr5	112878784	112878785	-	0.602871	mod_ratio	213	T	GGTTT	ok	True
chr5	112887038	112887039	-	0.114286	mod_ratio	211	T	AGTCT	ok	True
chr5	112887132	112887133	-	0.351759	mod_ratio	201	T	AGTTC	ok	True
chr5	112922102	112922103	-	0.170455	mod_ratio	177	T	GGTTT	ok	True
chr5	115832612	115832613	-	0.578947	mod_ratio	57	T	AGTTC	ok	True
chr5	115837689	115837690	-	0.607843	mod_ratio	51	T	GGTTC	ok	True
chr5	115895098	115895099	+	0.560976	mod_ratio	42	A	AAACA	ok	True
chr5	115913927	115913928	+	0.439394	mod_ratio	67	A	AAACA	ok	True
chr5	119542180	119542181	+	0.702128	mod_ratio	48	A	GAACT	ok	True
chr5	122775120	122775121	+	0.568627	mod_ratio	52	A	GAACC	ok	True
chr5	122799749	122799750	+	0.758621	mod_ratio	58	A	GAACC	ok	True
chr5	122818934	122818935	+	0.615385	mod_ratio	79	A	AGACC	ok	True
chr5	122818983	122818984	+	0.506329	mod_ratio	81	A	GAACT	ok	True
chr5	122826153	122826154	+	0.765432	mod_ratio	83	A	AAACC	ok	True
chr5	122827416	122827417	+	0.428571	mod_ratio	81	A	GAACA	ok	True
chr5	122827634	122827635	+	0.855422	mod_ratio	85	A	AAACA	ok	True
chr5	122829737	122829738	+	0.641026	mod_ratio	93	A	AAACC	ok	True
chr5	122829945	122829946	+	0.315068	mod_ratio	74	A	AGACC	ok	True
chr5	126561107	126561108	-	0.690476	mod_ratio	42	T	AGTTC	ok	True
chr5	126603787	126603788	+	0.741935	mod_ratio	31	A	AAACC	ok	True
chr5	131159325	131159326	-	0.237121	mod_ratio	1351	T	GGTTT	ok	True
chr5	131159602	131159603	-	0.27045	mod_ratio	1375	T	TGTCC	ok	True
chr5	131162613	131162614	-	0.155369	mod_ratio	1335	T	TGTTT	ok	True
chr5	132603991	132603992	+	0.674419	mod_ratio	44	A	GAACT	ok	True
chr5	132608644	132608645	+	0.666667	mod_ratio	42	A	AAACA	ok	True
chr5	132867522	132867523	+	0.127569	mod_ratio	1418	A	GGACT	ok	True
chr5	132867670	132867671	+	0.345996	mod_ratio	1215	A	AAACT	ok	True
chr5	133076887	133076888	+	0.745098	mod_ratio	51	A	GAACT	ok	True
chr5	133089630	133089631	+	0.783333	mod_ratio	60	A	GAACC	ok	True
chr5	133091347	133091348	+	0.540541	mod_ratio	76	A	AAACA	ok	True
chr5	133092722	133092723	+	0.75	mod_ratio	80	A	GAACC	ok	True
chr5	133096166	133096167	+	0.340909	mod_ratio	91	A	AGACC	ok	True
chr5	133096215	133096216	+	0.271739	mod_ratio	96	A	AGACA	ok	True
chr5	133097183	133097184	+	0.306931	mod_ratio	103	A	AAACT	ok	True
chr5	133101832	133101833	+	0.642857	mod_ratio	127	A	AAACA	ok	True
chr5	133104285	133104286	+	0.410448	mod_ratio	134	A	GAACC	ok	True
chr5	133104344	133104345	+	0.213235	mod_ratio	136	A	AGACA	ok	True
chr5	133104425	133104426	+	0.307692	mod_ratio	131	A	GGACA	ok	True
chr5	133104459	133104460	+	0.309524	mod_ratio	113	A	AAACA	ok	True
chr5	133971938	133971939	-	0.253543	mod_ratio	659	T	AGTTT	ok	True
chr5	133972062	133972063	-	0.178622	mod_ratio	717	T	AGTCC	ok	True
chr5	133972337	133972338	-	0.16391	mod_ratio	678	T	TGTCT	ok	True
chr5	133972362	133972363	-	0.689394	mod_ratio	663	T	AGTTT	ok	True
chr5	133972418	133972419	-	0.208012	mod_ratio	657	T	GGTTC	ok	True
chr5	133972562	133972563	-	0.129952	mod_ratio	637	T	AGTCT	ok	True
chr5	133972740	133972741	-	0.168096	mod_ratio	589	T	AGTTT	ok	True
chr5	133972788	133972789	-	0.166084	mod_ratio	579	T	AGTCC	ok	True
chr5	133972854	133972855	-	0.485714	mod_ratio	565	T	AGTTT	ok	True
chr5	133973802	133973803	-	0.291071	mod_ratio	560	T	AGTCT	ok	True
chr5	133973837	133973838	-	0.106691	mod_ratio	556	T	TGTTC	ok	True
chr5	133975931	133975932	-	0.306968	mod_ratio	542	T	TGTTT	ok	True
chr5	133975941	133975942	-	0.111321	mod_ratio	537	T	TGTCC	ok	True
chr5	133975962	133975963	-	0.117647	mod_ratio	532	T	GGTCT	ok	True
chr5	133976010	133976011	-	0.124756	mod_ratio	520	T	TGTCC	ok	True
chr5	133980756	133980757	-	0.29918	mod_ratio	500	T	AGTCT	ok	True
chr5	133980804	133980805	-	0.114894	mod_ratio	479	T	AGTCT	ok	True
chr5	133990895	133990896	-	0.691589	mod_ratio	328	T	AGTCC	ok	True
chr5	133991078	133991079	-	0.31068	mod_ratio	312	T	AGTCC	ok	True
chr5	133991093	133991094	-	0.198052	mod_ratio	312	T	GGTTT	ok	True
chr5	133991120	133991121	-	0.429508	mod_ratio	308	T	GGTCT	ok	True
chr5	133992325	133992326	-	0.113333	mod_ratio	304	T	TGTTT	ok	True
chr5	134157376	134157377	-	0.215569	mod_ratio	209	T	TGTTT	ok	True
chr5	134157495	134157496	-	0.389525	mod_ratio	751	T	AGTTC	ok	True
chr5	134157500	134157501	-	0.240278	mod_ratio	755	T	AGTTT	ok	True
chr5	134157562	134157563	-	0.242079	mod_ratio	793	T	GGTTT	ok	True
chr5	134157638	134157639	-	0.14196	mod_ratio	798	T	TGTCT	ok	True
chr5	134157645	134157646	-	0.239295	mod_ratio	797	T	TGTTT	ok	True
chr5	134157649	134157650	-	0.112091	mod_ratio	796	T	TGTCT	ok	True
chr5	134158519	134158520	-	0.170135	mod_ratio	821	T	AGTTT	ok	True
chr5	134158578	134158579	-	0.160692	mod_ratio	815	T	TGTCT	ok	True
chr5	134158587	134158588	-	0.841843	mod_ratio	814	T	AGTTT	ok	True
chr5	134160995	134160996	-	0.295739	mod_ratio	802	T	AGTTC	ok	True
chr5	134161057	134161058	-	0.175127	mod_ratio	792	T	TGTTC	ok	True
chr5	134173937	134173938	-	0.180328	mod_ratio	736	T	GGTCT	ok	True
chr5	134173956	134173957	-	0.23224	mod_ratio	737	T	TGTTT	ok	True
chr5	134197180	134197181	-	0.289474	mod_ratio	115	T	TGTTC	ok	True
chr5	134197383	134197384	-	0.39823	mod_ratio	114	T	TGTTT	ok	True
chr5	134197465	134197466	-	0.775701	mod_ratio	107	T	TGTTT	ok	True
chr5	134197537	134197538	-	0.22549	mod_ratio	103	T	GGTTT	ok	True
chr5	134197662	134197663	-	0.264368	mod_ratio	89	T	AGTTT	ok	True
chr5	134197759	134197760	-	0.390244	mod_ratio	83	T	AGTTT	ok	True
chr5	134199111	134199112	-	0.428571	mod_ratio	85	T	AGTTC	ok	True
chr5	134402122	134402123	-	0.939394	mod_ratio	39	T	TGTTT	ok	True
chr5	134606579	134606580	-	0.469388	mod_ratio	49	T	AGTTC	ok	True
chr5	134606628	134606629	-	0.5	mod_ratio	50	T	GGTTT	ok	True
chr5	134741246	134741247	+	0.928571	mod_ratio	29	A	AAACC	ok	True
chr5	134750916	134750917	+	0.521739	mod_ratio	46	A	GAACT	ok	True
chr5	134767049	134767050	+	0.285714	mod_ratio	87	A	AAACT	ok	True
chr5	134770921	134770922	+	0.308642	mod_ratio	85	A	AAACT	ok	True
chr5	134770958	134770959	+	0.348485	mod_ratio	72	A	AGACA	ok	True
chr5	135343325	135343326	-	0.172414	mod_ratio	147	T	AGTTT	ok	True
chr5	135343348	135343349	-	0.192857	mod_ratio	144	T	AGTTC	ok	True
chr5	135346004	135346005	-	0.291045	mod_ratio	135	T	AGTTC	ok	True
chr5	135346053	135346054	-	0.6	mod_ratio	129	T	TGTTT	ok	True
chr5	135353040	135353041	-	0.273585	mod_ratio	107	T	GGTTC	ok	True
chr5	135370105	135370106	-	0.440476	mod_ratio	86	T	TGTCT	ok	True
chr5	137752807	137752808	-	0.553191	mod_ratio	47	T	AGTTC	ok	True
chr5	138508066	138508067	-	0.393939	mod_ratio	68	T	AGTCC	ok	True
chr5	138508145	138508146	-	0.352941	mod_ratio	68	T	GGTTT	ok	True
chr5	138508225	138508226	-	0.555556	mod_ratio	72	T	TGTTT	ok	True
chr5	138511172	138511173	-	0.365079	mod_ratio	65	T	TGTCC	ok	True
chr5	138513617	138513618	-	0.533333	mod_ratio	62	T	TGTTT	ok	True
chr5	138517617	138517618	-	0.732143	mod_ratio	56	T	GGTTC	ok	True
chr5	138518781	138518782	-	0.615385	mod_ratio	52	T	AGTTC	ok	True
chr5	138555465	138555466	-	0.332016	mod_ratio	256	T	GGTCT	ok	True
chr5	138555486	138555487	-	0.102362	mod_ratio	257	T	TGTTT	ok	True
chr5	138555519	138555520	-	0.160784	mod_ratio	258	T	AGTTT	ok	True
chr5	138555666	138555667	-	0.387597	mod_ratio	262	T	GGTCT	ok	True
chr5	138555678	138555679	-	0.125	mod_ratio	263	T	AGTCT	ok	True
chr5	138555716	138555717	-	0.314961	mod_ratio	260	T	GGTTT	ok	True
chr5	138555863	138555864	-	0.107143	mod_ratio	316	T	TGTCC	ok	True
chr5	138555956	138555957	-	0.157895	mod_ratio	311	T	AGTTC	ok	True
chr5	138555979	138555980	-	0.146667	mod_ratio	310	T	AGTCT	ok	True
chr5	138556007	138556008	-	0.257525	mod_ratio	302	T	TGTCC	ok	True
chr5	138556042	138556043	-	0.197952	mod_ratio	297	T	TGTTT	ok	True
chr5	138556069	138556070	-	0.129693	mod_ratio	302	T	TGTTC	ok	True
chr5	138556511	138556512	-	0.200692	mod_ratio	291	T	TGTCT	ok	True
chr5	138556528	138556529	-	0.131944	mod_ratio	290	T	TGTTT	ok	True
chr5	138556536	138556537	-	0.134276	mod_ratio	290	T	TGTCT	ok	True
chr5	138556792	138556793	-	0.112319	mod_ratio	282	T	GGTCC	ok	True
chr5	138556814	138556815	-	0.121324	mod_ratio	280	T	GGTTT	ok	True
chr5	138557414	138557415	-	0.167939	mod_ratio	268	T	GGTCT	ok	True
chr5	138558564	138558565	-	0.122807	mod_ratio	232	T	TGTCC	ok	True
chr5	138558573	138558574	-	0.255507	mod_ratio	232	T	AGTTT	ok	True
chr5	138559905	138559906	-	0.24	mod_ratio	208	T	AGTTT	ok	True
chr5	138559928	138559929	-	0.53886	mod_ratio	203	T	AGTTT	ok	True
chr5	138561677	138561678	-	0.212644	mod_ratio	176	T	AGTCC	ok	True
chr5	138561747	138561748	-	0.149068	mod_ratio	165	T	GGTCC	ok	True
chr5	138561788	138561789	-	0.503145	mod_ratio	161	T	AGTCT	ok	True
chr5	138566695	138566696	-	0.138554	mod_ratio	169	T	TGTCT	ok	True
chr5	138567134	138567135	-	0.460526	mod_ratio	159	T	AGTTC	ok	True
chr5	138567531	138567532	-	0.629371	mod_ratio	145	T	AGTCC	ok	True
chr5	138571113	138571114	-	0.405797	mod_ratio	140	T	GGTTC	ok	True
chr5	138573771	138573772	-	0.647059	mod_ratio	138	T	TGTTT	ok	True
chr5	138781952	138781953	+	0.503497	mod_ratio	143	A	AAACT	ok	True
chr5	138783192	138783193	+	0.485915	mod_ratio	142	A	AAACA	ok	True
chr5	138934207	138934208	+	0.633929	mod_ratio	115	A	AGACT	ok	True
chr5	138934212	138934213	+	0.294643	mod_ratio	116	A	GAACC	ok	True
chr5	138934579	138934580	+	0.274194	mod_ratio	126	A	AAACT	ok	True
chr5	138934593	138934594	+	0.330645	mod_ratio	125	A	AAACA	ok	True
chr5	138934614	138934615	+	0.201613	mod_ratio	126	A	AAACT	ok	True
chr5	138934684	138934685	+	0.403361	mod_ratio	123	A	GGACA	ok	True
chr5	139322853	139322854	+	0.926829	mod_ratio	42	A	AGACC	ok	True
chr5	139325456	139325457	+	0.589744	mod_ratio	40	A	GAACT	ok	True
chr5	139329800	139329801	+	0.380282	mod_ratio	75	A	AAACA	ok	True
chr5	139330174	139330175	+	0.7	mod_ratio	92	A	AGACC	ok	True
chr5	139364671	139364672	+	0.425676	mod_ratio	149	A	AAACT	ok	True
chr5	139364690	139364691	+	0.244898	mod_ratio	150	A	AGACC	ok	True
chr5	139368952	139368953	+	0.173913	mod_ratio	155	A	AGACT	ok	True
chr5	139368978	139368979	+	0.467742	mod_ratio	127	A	AAACA	ok	True
chr5	139369079	139369080	+	0.290323	mod_ratio	135	A	AAACC	ok	True
chr5	139369592	139369593	+	0.475	mod_ratio	163	A	AAACT	ok	True
chr5	139614764	139614765	+	0.857143	mod_ratio	112	A	AAACC	ok	True
chr5	139626780	139626781	+	0.239583	mod_ratio	98	A	GGACT	ok	True
chr5	139626844	139626845	+	0.353846	mod_ratio	93	A	GAACT	ok	True
chr5	139627310	139627311	+	0.553571	mod_ratio	57	A	AAACT	ok	True
chr5	140243397	140243398	+	0.141176	mod_ratio	171	A	GGACA	ok	True
chr5	140243519	140243520	+	0.17341	mod_ratio	173	A	AGACA	ok	True
chr5	140245099	140245100	-	0.341463	mod_ratio	85	T	TGTTT	ok	True
chr5	140245142	140245143	-	0.901099	mod_ratio	93	T	TGTTT	ok	True
chr5	140300510	140300511	-	0.575	mod_ratio	41	T	TGTTC	ok	True
chr5	140507966	140507967	+	0.727273	mod_ratio	34	A	GGACC	ok	True
chr5	140550674	140550675	-	0.266055	mod_ratio	109	T	TGTCC	ok	True
chr5	140551121	140551122	-	0.28866	mod_ratio	97	T	TGTTC	ok	True
chr5	140568668	140568669	+	0.555556	mod_ratio	55	A	AAACC	ok	True
chr5	140645534	140645535	-	0.107527	mod_ratio	289	T	AGTCC	ok	True
chr5	140659099	140659100	+	0.702128	mod_ratio	53	A	GGACC	ok	True
chr5	140661941	140661942	+	0.324675	mod_ratio	78	A	AAACC	ok	True
chr5	140674246	140674247	-	0.28866	mod_ratio	98	T	AGTTT	ok	True
chr5	140674255	140674256	-	0.270833	mod_ratio	97	T	AGTTC	ok	True
chr5	140674726	140674727	-	0.533333	mod_ratio	93	T	AGTTC	ok	True
chr5	140676665	140676666	-	0.434211	mod_ratio	76	T	TGTTC	ok	True
chr5	140677075	140677076	-	0.459016	mod_ratio	63	T	AGTTT	ok	True
chr5	140677096	140677097	-	0.52459	mod_ratio	63	T	TGTTC	ok	True
chr5	140690914	140690915	-	0.774194	mod_ratio	32	T	AGTTT	ok	True
chr5	141319055	141319056	-	0.433962	mod_ratio	54	T	GGTCT	ok	True
chr5	141319246	141319247	-	0.583333	mod_ratio	48	T	TGTTC	ok	True
chr5	141319268	141319269	-	0.489362	mod_ratio	48	T	TGTCC	ok	True
chr5	141319646	141319647	-	0.589744	mod_ratio	40	T	GGTTC	ok	True
chr5	141320011	141320012	-	0.446429	mod_ratio	57	T	AGTTC	ok	True
chr5	141320537	141320538	-	0.489796	mod_ratio	50	T	AGTTC	ok	True
chr5	141320542	141320543	-	0.55102	mod_ratio	50	T	AGTTT	ok	True
chr5	141620900	141620901	-	0.459016	mod_ratio	64	T	AGTTT	ok	True
chr5	141621231	141621232	-	0.478261	mod_ratio	70	T	TGTCC	ok	True
chr5	141621317	141621318	-	0.5	mod_ratio	68	T	GGTTC	ok	True
chr5	141621335	141621336	-	0.567164	mod_ratio	68	T	GGTCT	ok	True
chr5	141625256	141625257	-	0.648148	mod_ratio	54	T	AGTCC	ok	True
chr5	142003194	142003195	-	0.634615	mod_ratio	52	T	GGTTC	ok	True
chr5	142131839	142131840	+	0.274725	mod_ratio	91	A	GAACA	ok	True
chr5	142152162	142152163	+	0.75641	mod_ratio	80	A	AAACT	ok	True
chr5	142152601	142152602	+	0.454545	mod_ratio	88	A	GAACT	ok	True
chr5	146128680	146128681	-	0.891892	mod_ratio	39	T	TGTTT	ok	True
chr5	146177652	146177653	-	0.692308	mod_ratio	39	T	TGTTC	ok	True
chr5	149496072	149496073	-	0.622222	mod_ratio	52	T	TGTTT	ok	True
chr5	149496503	149496504	-	0.410714	mod_ratio	57	T	AGTTC	ok	True
chr5	149496745	149496746	-	0.587302	mod_ratio	63	T	TGTCC	ok	True
chr5	149505586	149505587	-	0.459016	mod_ratio	61	T	GGTTC	ok	True
chr5	149513160	149513161	-	0.777778	mod_ratio	64	T	TGTCC	ok	True
chr5	150446918	150446919	-	0.473057	mod_ratio	5146	T	GGTCT	ok	True
chr5	150446958	150446959	-	0.213959	mod_ratio	5068	T	GGTTT	ok	True
chr5	150447697	150447698	-	0.104709	mod_ratio	4686	T	TGTTC	ok	True
chr5	150449654	150449655	-	0.210843	mod_ratio	170	T	GGTCC	ok	True
chr5	151101119	151101120	-	0.666667	mod_ratio	70	T	GGTTC	ok	True
chr5	151123008	151123009	-	0.605263	mod_ratio	43	T	AGTCC	ok	True
chr5	151795519	151795520	+	0.969697	mod_ratio	33	A	AAACA	ok	True
chr5	154941130	154941131	+	0.360406	mod_ratio	197	A	GGACA	ok	True
chr5	154950922	154950923	+	0.262443	mod_ratio	222	A	GAACC	ok	True
chr5	154950931	154950932	+	0.220721	mod_ratio	222	A	AGACC	ok	True
chr5	154966953	154966954	+	0.565714	mod_ratio	231	A	AAACA	ok	True
chr5	160422350	160422351	+	0.118421	mod_ratio	616	A	GAACC	ok	True
chr5	160422398	160422399	+	0.20882	mod_ratio	801	A	GGACC	ok	True
chr5	160422812	160422813	+	0.476011	mod_ratio	1070	A	GAACT	ok	True
chr5	160422862	160422863	+	0.441475	mod_ratio	1089	A	AAACA	ok	True
chr5	160422868	160422869	+	0.14733	mod_ratio	1093	A	AAACA	ok	True
chr5	160427714	160427715	+	0.116667	mod_ratio	1142	A	AGACT	ok	True
chr5	163444179	163444180	+	0.9375	mod_ratio	32	A	AAACA	ok	True
chr5	163444821	163444822	+	0.553571	mod_ratio	56	A	GAACC	ok	True
chr5	163444949	163444950	+	0.842105	mod_ratio	57	A	AAACT	ok	True
chr5	163453787	163453788	-	0.487179	mod_ratio	119	T	AGTTC	ok	True
chr5	163453818	163453819	-	0.486957	mod_ratio	116	T	TGTTT	ok	True
chr5	163453907	163453908	-	0.482456	mod_ratio	114	T	TGTTT	ok	True
chr5	163453993	163453994	-	0.211009	mod_ratio	109	T	GGTCC	ok	True
chr5	163454009	163454010	-	0.706422	mod_ratio	109	T	AGTTT	ok	True
chr5	163457017	163457018	-	0.411215	mod_ratio	107	T	AGTCC	ok	True
chr5	163457604	163457605	-	0.255102	mod_ratio	103	T	AGTTT	ok	True
chr5	163517578	163517579	+	0.723404	mod_ratio	48	A	GAACC	ok	True
chr5	163518522	163518523	+	0.434783	mod_ratio	72	A	AAACT	ok	True
chr5	163518827	163518828	+	0.296296	mod_ratio	84	A	GAACT	ok	True
chr5	163518983	163518984	+	0.666667	mod_ratio	83	A	AAACA	ok	True
chr5	168492812	168492813	+	0.639344	mod_ratio	61	A	GGACT	ok	True
chr5	168493952	168493953	+	0.938462	mod_ratio	65	A	AAACA	ok	True
chr5	168506141	168506142	+	0.311111	mod_ratio	91	A	AAACA	ok	True
chr5	168506188	168506189	+	0.461538	mod_ratio	92	A	GGACA	ok	True
chr5	168510593	168510594	+	0.483146	mod_ratio	90	A	AAACA	ok	True
chr5	168510608	168510609	+	0.258427	mod_ratio	91	A	AAACA	ok	True
chr5	168510640	168510641	+	0.271739	mod_ratio	94	A	GGACT	ok	True
chr5	168517907	168517908	+	0.373737	mod_ratio	101	A	AAACT	ok	True
chr5	168519266	168519267	+	0.670455	mod_ratio	89	A	GGACA	ok	True
chr5	169601606	169601607	+	0.972222	mod_ratio	38	A	AAACA	ok	True
chr5	169604618	169604619	+	0.846154	mod_ratio	40	A	AAACT	ok	True
chr5	171387970	171387971	+	0.103666	mod_ratio	1594	A	GGACA	ok	True
chr5	171387994	171387995	+	0.139027	mod_ratio	1623	A	GAACT	ok	True
chr5	171390057	171390058	+	0.405672	mod_ratio	1643	A	GAACT	ok	True
chr5	171391785	171391786	+	0.133007	mod_ratio	2118	A	GGACA	ok	True
chr5	171392758	171392759	+	0.320232	mod_ratio	2267	A	AAACT	ok	True
chr5	171392924	171392925	+	0.204565	mod_ratio	2326	A	AAACT	ok	True
chr5	171400893	171400894	+	0.154687	mod_ratio	2401	A	AGACT	ok	True
chr5	171400900	171400901	+	0.197738	mod_ratio	2404	A	AAACC	ok	True
chr5	171405303	171405304	+	0.140344	mod_ratio	2530	A	GGACA	ok	True
chr5	171405321	171405322	+	0.221256	mod_ratio	2571	A	AAACA	ok	True
chr5	171405340	171405341	+	0.739844	mod_ratio	2594	A	AAACA	ok	True
chr5	171405368	171405369	+	0.157082	mod_ratio	2625	A	AGACA	ok	True
chr5	171406405	171406406	+	0.736634	mod_ratio	513	A	GAACA	ok	True
chr5	171406502	171406503	+	0.37594	mod_ratio	542	A	AGACT	ok	True
chr5	171406570	171406571	+	0.476015	mod_ratio	549	A	AAACA	ok	True
chr5	171406622	171406623	+	0.22037	mod_ratio	546	A	GAACC	ok	True
chr5	171410578	171410579	+	0.52641	mod_ratio	2248	A	AAACA	ok	True
chr5	171410750	171410751	+	0.233086	mod_ratio	2300	A	GAACT	ok	True
chr5	171410798	171410799	+	0.183333	mod_ratio	2298	A	GGACA	ok	True
chr5	171410820	171410821	+	0.106608	mod_ratio	2283	A	AGACA	ok	True
chr5	171410839	171410840	+	0.116448	mod_ratio	2248	A	AGACA	ok	True
chr5	171410863	171410864	+	0.225042	mod_ratio	2154	A	AAACT	ok	True
chr5	172969437	172969438	+	0.471698	mod_ratio	108	A	GGACA	ok	True
chr5	172969605	172969606	+	0.212963	mod_ratio	110	A	GAACT	ok	True
chr5	173020298	173020299	+	0.192308	mod_ratio	210	A	AAACC	ok	True
chr5	173034441	173034442	+	0.574074	mod_ratio	221	A	AAACC	ok	True
chr5	173034586	173034587	+	0.35	mod_ratio	244	A	GAACT	ok	True
chr5	173034732	173034733	+	0.153226	mod_ratio	249	A	AAACT	ok	True
chr5	173034820	173034821	+	0.16309	mod_ratio	237	A	AAACT	ok	True
chr5	173607820	173607821	-	0.402597	mod_ratio	77	T	GGTTT	ok	True
chr5	173608005	173608006	-	0.615385	mod_ratio	67	T	TGTTT	ok	True
chr5	173608217	173608218	-	0.516667	mod_ratio	60	T	AGTCT	ok	True
chr5	173616206	173616207	-	0.574468	mod_ratio	47	T	TGTCC	ok	True
chr5	175492125	175492126	+	0.508475	mod_ratio	59	A	AAACA	ok	True
chr5	175492141	175492142	+	0.389831	mod_ratio	59	A	GAACC	ok	True
chr5	175960124	175960125	-	0.595745	mod_ratio	48	T	AGTTT	ok	True
chr5	176384008	176384009	-	0.142292	mod_ratio	259	T	GGTTC	ok	True
chr5	176384063	176384064	-	0.324324	mod_ratio	262	T	AGTTC	ok	True
chr5	176384187	176384188	-	0.10728	mod_ratio	263	T	GGTCC	ok	True
chr5	176384273	176384274	-	0.140625	mod_ratio	258	T	AGTCT	ok	True
chr5	176385227	176385228	-	0.152	mod_ratio	253	T	AGTCC	ok	True
chr5	176385239	176385240	-	0.358566	mod_ratio	251	T	GGTTC	ok	True
chr5	176386889	176386890	-	0.141667	mod_ratio	244	T	TGTCC	ok	True
chr5	176388268	176388269	-	0.109705	mod_ratio	237	T	GGTCC	ok	True
chr5	176388295	176388296	-	0.150215	mod_ratio	235	T	GGTTC	ok	True
chr5	176388319	176388320	-	0.109649	mod_ratio	229	T	GGTCC	ok	True
chr5	176388471	176388472	-	0.156951	mod_ratio	226	T	GGTTC	ok	True
chr5	176388517	176388518	-	0.201794	mod_ratio	224	T	GGTTT	ok	True
chr5	176388581	176388582	-	0.243902	mod_ratio	178	T	TGTCT	ok	True
chr5	176388817	176388818	+	0.294416	mod_ratio	200	A	GGACA	ok	True
chr5	176388860	176388861	+	0.112195	mod_ratio	206	A	GAACC	ok	True
chr5	176389572	176389573	+	0.152091	mod_ratio	267	A	GGACT	ok	True
chr5	176389736	176389737	+	0.190476	mod_ratio	227	A	AAACT	ok	True
chr5	177304627	177304628	+	0.144689	mod_ratio	550	A	AAACA	ok	True
chr5	177304678	177304679	+	0.154657	mod_ratio	576	A	AAACT	ok	True
chr5	177304779	177304780	+	0.10118	mod_ratio	598	A	GGACT	ok	True
chr5	177305901	177305902	+	0.149351	mod_ratio	618	A	GAACT	ok	True
chr5	177305921	177305922	+	0.189627	mod_ratio	631	A	GGACT	ok	True
chr5	177306438	177306439	+	0.147541	mod_ratio	672	A	AAACA	ok	True
chr5	177306514	177306515	+	0.176211	mod_ratio	684	A	GGACC	ok	True
chr5	177306598	177306599	+	0.152142	mod_ratio	683	A	AGACA	ok	True
chr5	177306778	177306779	+	0.421384	mod_ratio	160	A	GGACC	ok	True
chr5	177306851	177306852	+	0.169811	mod_ratio	160	A	AGACT	ok	True
chr5	177332037	177332038	-	0.552	mod_ratio	125	T	AGTTC	ok	True
chr5	177332245	177332246	-	0.293103	mod_ratio	117	T	TGTCT	ok	True
chr5	177337448	177337449	-	0.578313	mod_ratio	85	T	GGTCC	ok	True
chr5	177351179	177351180	-	0.583333	mod_ratio	62	T	GGTTC	ok	True
chr5	177402167	177402168	-	0.833333	mod_ratio	51	T	AGTTC	ok	True
chr5	177511868	177511869	-	0.260417	mod_ratio	98	T	AGTTT	ok	True
chr5	177512103	177512104	-	0.315217	mod_ratio	95	T	TGTCC	ok	True
chr5	177592577	177592578	+	0.384615	mod_ratio	107	A	AAACT	ok	True
chr5	177592670	177592671	+	0.626087	mod_ratio	116	A	GGACA	ok	True
chr5	177594245	177594246	+	0.195652	mod_ratio	140	A	GAACA	ok	True
chr5	177595290	177595291	+	0.237762	mod_ratio	148	A	AGACC	ok	True
chr5	177595472	177595473	+	0.157303	mod_ratio	179	A	GAACT	ok	True
chr5	177595494	177595495	+	0.134831	mod_ratio	179	A	GGACT	ok	True
chr5	177595838	177595839	+	0.45	mod_ratio	202	A	GAACC	ok	True
chr5	177595990	177595991	+	0.145631	mod_ratio	206	A	GGACC	ok	True
chr5	177595995	177595996	+	0.169903	mod_ratio	206	A	AGACC	ok	True
chr5	178150924	178150925	-	0.486658	mod_ratio	795	T	GGTCC	ok	True
chr5	178206738	178206739	+	0.598214	mod_ratio	114	A	AGACC	ok	True
chr5	178207130	178207131	+	0.275	mod_ratio	121	A	GAACA	ok	True
chr5	178207173	178207174	+	0.181102	mod_ratio	132	A	GAACC	ok	True
chr5	178209399	178209400	+	0.206667	mod_ratio	153	A	AAACC	ok	True
chr5	178210567	178210568	+	0.203488	mod_ratio	175	A	AAACT	ok	True
chr5	178210680	178210681	+	0.154255	mod_ratio	190	A	GAACA	ok	True
chr5	178210711	178210712	+	0.21978	mod_ratio	189	A	AAACT	ok	True
chr5	178210959	178210960	+	0.210843	mod_ratio	171	A	AAACC	ok	True
chr5	179614423	179614424	-	0.603774	mod_ratio	56	T	TGTTT	ok	True
chr5	179619291	179619292	-	0.811321	mod_ratio	96	T	TGTTT	ok	True
chr5	179619367	179619368	-	0.478261	mod_ratio	140	T	AGTCC	ok	True
chr5	179620937	179620938	-	0.610294	mod_ratio	137	T	AGTCC	ok	True
chr5	179621022	179621023	-	0.285714	mod_ratio	135	T	TGTTT	ok	True
chr5	179621257	179621258	-	0.492424	mod_ratio	134	T	TGTCC	ok	True
chr5	179621265	179621266	-	0.484848	mod_ratio	134	T	AGTTT	ok	True
chr5	179621314	179621315	-	0.190476	mod_ratio	128	T	AGTTC	ok	True
chr5	179705723	179705724	+	0.584615	mod_ratio	66	A	GAACT	ok	True
chr5	179705818	179705819	+	0.365079	mod_ratio	68	A	AAACC	ok	True
chr5	179708335	179708336	+	0.69697	mod_ratio	68	A	AAACT	ok	True
chr5	179709041	179709042	+	0.628571	mod_ratio	71	A	AAACA	ok	True
chr5	179710046	179710047	+	0.555556	mod_ratio	64	A	AAACA	ok	True
chr5	179722856	179722857	+	0.815789	mod_ratio	77	A	GAACC	ok	True
chr5	179724658	179724659	+	0.595745	mod_ratio	103	A	AAACA	ok	True
chr5	179724662	179724663	+	0.333333	mod_ratio	106	A	AGACC	ok	True
chr5	179724686	179724687	+	0.366337	mod_ratio	112	A	AAACT	ok	True
chr5	179724744	179724745	+	0.482759	mod_ratio	118	A	GGACA	ok	True
chr5	179724778	179724779	+	0.235772	mod_ratio	125	A	AAACT	ok	True
chr5	179726686	179726687	+	0.208	mod_ratio	129	A	AAACA	ok	True
chr5	179726746	179726747	+	0.341085	mod_ratio	133	A	AAACC	ok	True
chr5	179728606	179728607	+	0.424242	mod_ratio	134	A	GAACA	ok	True
chr5	179728621	179728622	+	0.274809	mod_ratio	135	A	AAACA	ok	True
chr5	179728645	179728646	+	0.473282	mod_ratio	136	A	AAACA	ok	True
chr5	179728800	179728801	+	0.496403	mod_ratio	144	A	AAACA	ok	True
chr5	179728900	179728901	+	0.459259	mod_ratio	141	A	AAACT	ok	True
chr5	179729087	179729088	+	0.555556	mod_ratio	65	A	AAACA	ok	True
chr5	179730203	179730204	+	0.734694	mod_ratio	50	A	AAACA	ok	True
chr5	179833588	179833589	+	0.255319	mod_ratio	94	A	GAACA	ok	True
chr5	179836555	179836556	+	0.310924	mod_ratio	122	A	GGACA	ok	True
chr5	179837072	179837073	+	0.21374	mod_ratio	885	A	GGACT	ok	True
chr5	179837163	179837164	+	0.211817	mod_ratio	910	A	AAACC	ok	True
chr5	179837219	179837220	+	0.369935	mod_ratio	778	A	AAACA	ok	True
chr5	181236941	181236942	-	0.397306	mod_ratio	1200	T	AGTTT	ok	True
chr5	181237019	181237020	-	0.1935	mod_ratio	2688	T	TGTCC	ok	True
chr5	181237650	181237651	-	0.389197	mod_ratio	2713	T	GGTTC	ok	True
chr5	181237689	181237690	-	0.290287	mod_ratio	2700	T	AGTTC	ok	True
chr5	181238174	181238175	-	0.230769	mod_ratio	2614	T	TGTCC	ok	True
chr5	181238200	181238201	-	0.623428	mod_ratio	2565	T	TGTTT	ok	True
chr5	181239146	181239147	-	0.113176	mod_ratio	2439	T	GGTCT	ok	True
chr5	181241538	181241539	-	0.109506	mod_ratio	2176	T	GGTTT	ok	True
chr5	181242198	181242199	-	0.238777	mod_ratio	2051	T	GGTTC	ok	True
chr5	181242306	181242307	-	0.176534	mod_ratio	1896	T	GGTCT	ok	True
chr5	181242322	181242323	-	0.617117	mod_ratio	1817	T	AGTTT	ok	True
chr5	181242339	181242340	-	0.204467	mod_ratio	1778	T	GGTCT	ok	True
chr19	281122	281123	-	0.464286	mod_ratio	142	T	GGTCC	ok	True
chr19	281177	281178	-	0.230769	mod_ratio	144	T	GGTTC	ok	True
chr19	281279	281280	-	0.202797	mod_ratio	145	T	GGTTC	ok	True
chr19	282193	282194	-	0.807339	mod_ratio	110	T	TGTTT	ok	True
chr19	572614	572615	+	0.206897	mod_ratio	157	A	GGACC	ok	True
chr19	580679	580680	+	0.152709	mod_ratio	208	A	GAACA	ok	True
chr19	580777	580778	+	0.327189	mod_ratio	222	A	GGACA	ok	True
chr19	581387	581388	+	0.108696	mod_ratio	235	A	GAACC	ok	True
chr19	582566	582567	+	0.176471	mod_ratio	298	A	GAACT	ok	True
chr19	582843	582844	+	0.154386	mod_ratio	301	A	AAACC	ok	True
chr19	583238	583239	+	0.103333	mod_ratio	303	A	GGACT	ok	True
chr19	583345	583346	+	0.154341	mod_ratio	318	A	GAACT	ok	True
chr19	583363	583364	+	0.470032	mod_ratio	318	A	GGACT	ok	True
chr19	583371	583372	+	0.117089	mod_ratio	318	A	GAACC	ok	True
chr19	583441	583442	+	0.161404	mod_ratio	300	A	GAACC	ok	True
chr19	683147	683148	+	0.577982	mod_ratio	109	A	AAACC	ok	True
chr19	683160	683161	+	0.302752	mod_ratio	110	A	AGACC	ok	True
chr19	683178	683179	+	0.616071	mod_ratio	112	A	GGACA	ok	True
chr19	811580	811581	+	0.369231	mod_ratio	67	A	AAACT	ok	True
chr19	812195	812196	+	0.349887	mod_ratio	454	A	GAACC	ok	True
chr19	812286	812287	+	0.115044	mod_ratio	256	A	GGACT	ok	True
chr19	989774	989775	+	0.694444	mod_ratio	36	A	GAACC	ok	True
chr19	1038995	1038996	+	0.965517	mod_ratio	30	A	GGACC	ok	True
chr19	1088447	1088448	-	0.228956	mod_ratio	297	T	GGTCT	ok	True
chr19	1088617	1088618	-	0.693227	mod_ratio	256	T	AGTCC	ok	True
chr19	1088706	1088707	-	0.105505	mod_ratio	220	T	TGTCC	ok	True
chr19	1089947	1089948	-	0.177083	mod_ratio	194	T	GGTTC	ok	True
chr19	1091883	1091884	-	0.217105	mod_ratio	153	T	GGTCT	ok	True
chr19	1095269	1095270	-	0.170213	mod_ratio	142	T	GGTCT	ok	True
chr19	1105411	1105412	+	0.212637	mod_ratio	829	A	AGACC	ok	True
chr19	1105421	1105422	+	0.548309	mod_ratio	833	A	AAACT	ok	True
chr19	1106255	1106256	+	0.278942	mod_ratio	910	A	GAACT	ok	True
chr19	1106654	1106655	+	0.106878	mod_ratio	949	A	AAACC	ok	True
chr19	1244168	1244169	+	0.241558	mod_ratio	389	A	GGACA	ok	True
chr19	1244177	1244178	+	0.116279	mod_ratio	389	A	GGACC	ok	True
chr19	1244327	1244328	+	0.255696	mod_ratio	403	A	AAACT	ok	True
chr19	1244783	1244784	+	0.42823	mod_ratio	420	A	GAACT	ok	True
chr19	1279168	1279169	+	0.739645	mod_ratio	171	A	GAACC	ok	True
chr19	1390952	1390953	+	0.101493	mod_ratio	338	A	GGACC	ok	True
chr19	1393315	1393316	+	0.22973	mod_ratio	372	A	GGACA	ok	True
chr19	1395563	1395564	+	0.180147	mod_ratio	350	A	AAACC	ok	True
chr19	1399024	1399025	-	0.377778	mod_ratio	140	T	GGTTC	ok	True
chr19	1597372	1597373	-	0.347222	mod_ratio	72	T	TGTCT	ok	True
chr19	1597914	1597915	-	0.325	mod_ratio	81	T	AGTTT	ok	True
chr19	1598063	1598064	-	0.325737	mod_ratio	832	T	GGTTT	ok	True
chr19	1605441	1605442	-	0.277603	mod_ratio	477	T	TGTCC	ok	True
chr19	2269666	2269667	+	0.117713	mod_ratio	901	A	AAACC	ok	True
chr19	2271807	2271808	+	0.500943	mod_ratio	1071	A	GAACT	ok	True
chr19	2272814	2272815	+	0.128605	mod_ratio	1286	A	GGACA	ok	True
chr19	2272985	2272986	+	0.503021	mod_ratio	1334	A	GAACC	ok	True
chr19	2273170	2273171	+	0.178239	mod_ratio	1408	A	GAACC	ok	True
chr19	2273177	2273178	+	0.186963	mod_ratio	1409	A	AGACT	ok	True
chr19	2273404	2273405	+	0.694853	mod_ratio	274	A	AAACA	ok	True
chr19	2321791	2321792	-	0.337165	mod_ratio	262	T	TGTCC	ok	True
chr19	2426619	2426620	-	0.106173	mod_ratio	405	T	TGTCT	ok	True
chr19	2426642	2426643	-	0.113022	mod_ratio	407	T	AGTCC	ok	True
chr19	2426832	2426833	-	0.889169	mod_ratio	401	T	TGTCC	ok	True
chr19	2427268	2427269	-	0.221333	mod_ratio	376	T	TGTCC	ok	True
chr19	2427313	2427314	-	0.202216	mod_ratio	364	T	TGTCC	ok	True
chr19	2811726	2811727	+	0.608696	mod_ratio	70	A	GAACA	ok	True
chr19	3578820	3578821	+	0.285714	mod_ratio	98	A	GGACA	ok	True
chr19	3578923	3578924	+	0.5	mod_ratio	106	A	GGACT	ok	True
chr19	3765307	3765308	+	0.70297	mod_ratio	102	A	AAACC	ok	True
chr19	3767344	3767345	+	0.245098	mod_ratio	103	A	AAACA	ok	True
chr19	3778150	3778151	-	0.636364	mod_ratio	55	T	GGTCC	ok	True
chr19	3976162	3976163	-	0.10828	mod_ratio	628	T	TGTTC	ok	True
chr19	3976241	3976242	-	0.172859	mod_ratio	627	T	AGTTT	ok	True
chr19	3976255	3976256	-	0.280528	mod_ratio	621	T	AGTTT	ok	True
chr19	3976289	3976290	-	0.428811	mod_ratio	605	T	TGTCC	ok	True
chr19	3976327	3976328	-	0.103741	mod_ratio	593	T	AGTCC	ok	True
chr19	3976467	3976468	-	0.135135	mod_ratio	525	T	AGTCT	ok	True
chr19	3976519	3976520	-	0.160079	mod_ratio	513	T	AGTCC	ok	True
chr19	3976575	3976576	-	0.170833	mod_ratio	490	T	TGTCC	ok	True
chr19	3976618	3976619	-	0.102784	mod_ratio	475	T	GGTCT	ok	True
chr19	3977306	3977307	-	0.135417	mod_ratio	393	T	TGTTC	ok	True
chr19	3977590	3977591	-	0.233438	mod_ratio	322	T	TGTTC	ok	True
chr19	3978038	3978039	-	0.291667	mod_ratio	269	T	TGTCC	ok	True
chr19	3979350	3979351	-	0.174107	mod_ratio	233	T	GGTCC	ok	True
chr19	3979985	3979986	-	0.121053	mod_ratio	203	T	GGTCC	ok	True
chr19	3981369	3981370	-	0.413534	mod_ratio	148	T	TGTCC	ok	True
chr19	3981378	3981379	-	0.191176	mod_ratio	139	T	TGTCC	ok	True
chr19	3981383	3981384	-	0.288889	mod_ratio	139	T	AGTTT	ok	True
chr19	3982272	3982273	-	0.192053	mod_ratio	155	T	TGTCC	ok	True
chr19	3982936	3982937	-	0.20979	mod_ratio	149	T	GGTCC	ok	True
chr19	3984333	3984334	-	0.238994	mod_ratio	163	T	GGTCT	ok	True
chr19	4657601	4657602	-	0.190299	mod_ratio	277	T	AGTTC	ok	True
chr19	4657617	4657618	-	0.216606	mod_ratio	285	T	GGTCC	ok	True
chr19	4657904	4657905	-	0.103571	mod_ratio	287	T	AGTCC	ok	True
chr19	4659936	4659937	-	0.125	mod_ratio	258	T	TGTTT	ok	True
chr19	4659960	4659961	-	0.29249	mod_ratio	255	T	AGTTT	ok	True
chr19	4664905	4664906	-	0.307692	mod_ratio	250	T	GGTCT	ok	True
chr19	4664915	4664916	-	0.115226	mod_ratio	249	T	GGTCC	ok	True
chr19	4838357	4838358	-	0.462963	mod_ratio	65	T	AGTTT	ok	True
chr19	4838606	4838607	-	0.279412	mod_ratio	139	T	AGTCT	ok	True
chr19	4838676	4838677	-	0.18705	mod_ratio	140	T	GGTTC	ok	True
chr19	4838796	4838797	-	0.218045	mod_ratio	135	T	GGTCT	ok	True
chr19	4839110	4839111	-	0.236364	mod_ratio	111	T	AGTTT	ok	True
chr19	4839176	4839177	-	0.223301	mod_ratio	105	T	AGTCC	ok	True
chr19	4839291	4839292	-	0.309278	mod_ratio	98	T	GGTCC	ok	True
chr19	4839501	4839502	-	0.264368	mod_ratio	89	T	TGTCC	ok	True
chr19	4844713	4844714	-	0.417722	mod_ratio	82	T	GGTTC	ok	True
chr19	4852019	4852020	-	0.646154	mod_ratio	67	T	AGTTC	ok	True
chr19	5679605	5679606	-	0.313008	mod_ratio	251	T	TGTCT	ok	True
chr19	5690368	5690369	+	0.646341	mod_ratio	100	A	GGACT	ok	True
chr19	5690457	5690458	+	0.31	mod_ratio	102	A	GAACT	ok	True
chr19	5691329	5691330	+	0.294788	mod_ratio	2918	A	AAACA	ok	True
chr19	5691616	5691617	+	0.119958	mod_ratio	2926	A	AGACT	ok	True
chr19	5691653	5691654	+	0.153781	mod_ratio	2109	A	GAACA	ok	True
chr19	5696138	5696139	-	0.389831	mod_ratio	59	T	TGTCC	ok	True
chr19	5896499	5896500	-	0.497347	mod_ratio	757	T	AGTTC	ok	True
chr19	6366343	6366344	+	0.186747	mod_ratio	170	A	AAACA	ok	True
chr19	6368555	6368556	+	0.255814	mod_ratio	175	A	GGACC	ok	True
chr19	6368818	6368819	+	0.147727	mod_ratio	178	A	GAACT	ok	True
chr19	6374553	6374554	+	0.186567	mod_ratio	134	A	GAACT	ok	True
chr19	6731043	6731044	-	0.911765	mod_ratio	36	T	TGTTT	ok	True
chr19	7926737	7926738	-	0.68	mod_ratio	87	T	TGTTT	ok	True
chr19	7926880	7926881	-	0.787234	mod_ratio	95	T	AGTCC	ok	True
chr19	7927030	7927031	-	0.344444	mod_ratio	93	T	TGTCC	ok	True
chr19	7932662	7932663	-	0.403509	mod_ratio	57	T	TGTTT	ok	True
chr19	8302248	8302249	-	0.110727	mod_ratio	291	T	GGTTC	ok	True
chr19	8302285	8302286	-	0.109966	mod_ratio	293	T	TGTCC	ok	True
chr19	8302337	8302338	-	0.276817	mod_ratio	292	T	GGTTC	ok	True
chr19	8302459	8302460	-	0.271429	mod_ratio	283	T	TGTCC	ok	True
chr19	8302476	8302477	-	0.154122	mod_ratio	281	T	GGTCT	ok	True
chr19	8302820	8302821	-	0.121569	mod_ratio	258	T	GGTCT	ok	True
chr19	8302977	8302978	-	0.4	mod_ratio	238	T	GGTTC	ok	True
chr19	8303886	8303887	-	0.189573	mod_ratio	214	T	AGTCT	ok	True
chr19	8303987	8303988	-	0.306931	mod_ratio	203	T	AGTTT	ok	True
chr19	8303998	8303999	-	0.3	mod_ratio	203	T	AGTTC	ok	True
chr19	8305062	8305063	-	0.142857	mod_ratio	182	T	AGTCC	ok	True
chr19	8308250	8308251	-	0.171598	mod_ratio	170	T	TGTTC	ok	True
chr19	8308294	8308295	-	0.465278	mod_ratio	155	T	TGTCC	ok	True
chr19	8316643	8316644	-	0.15444	mod_ratio	265	T	AGTTC	ok	True
chr19	8321320	8321321	-	0.18	mod_ratio	252	T	AGTTC	ok	True
chr19	8321534	8321535	+	0.366021	mod_ratio	3960	A	GGACA	ok	True
chr19	8321676	8321677	+	0.165719	mod_ratio	4059	A	GGACC	ok	True
chr19	8321690	8321691	+	0.103057	mod_ratio	4059	A	GGACA	ok	True
chr19	8488871	8488872	+	0.596491	mod_ratio	116	A	AAACA	ok	True
chr19	8488884	8488885	+	0.236842	mod_ratio	116	A	AGACC	ok	True
chr19	9828871	9828872	+	0.101167	mod_ratio	518	A	GGACT	ok	True
chr19	9830087	9830088	+	0.267974	mod_ratio	476	A	AAACT	ok	True
chr19	9849545	9849546	+	0.411111	mod_ratio	90	A	AGACT	ok	True
chr19	10115066	10115067	-	0.211009	mod_ratio	224	T	TGTCT	ok	True
chr19	10115700	10115701	-	0.191781	mod_ratio	221	T	GGTCT	ok	True
chr19	10115705	10115706	-	0.12844	mod_ratio	221	T	TGTCC	ok	True
chr19	10115766	10115767	-	0.56338	mod_ratio	215	T	GGTCT	ok	True
chr19	10115777	10115778	-	0.270531	mod_ratio	213	T	TGTCC	ok	True
chr19	10116898	10116899	-	0.532544	mod_ratio	171	T	GGTCC	ok	True
chr19	10116950	10116951	-	0.173913	mod_ratio	162	T	AGTTT	ok	True
chr19	10116954	10116955	-	0.142857	mod_ratio	162	T	TGTTC	ok	True
chr19	10116981	10116982	-	0.43871	mod_ratio	159	T	AGTTC	ok	True
chr19	10117168	10117169	-	0.289655	mod_ratio	149	T	AGTTC	ok	True
chr19	10117186	10117187	-	0.167883	mod_ratio	145	T	AGTTC	ok	True
chr19	10118919	10118920	-	0.374046	mod_ratio	138	T	TGTTT	ok	True
chr19	10173164	10173165	-	0.321839	mod_ratio	89	T	GGTCT	ok	True
chr19	10175602	10175603	-	0.337079	mod_ratio	91	T	GGTTT	ok	True
chr19	10177319	10177320	-	0.876404	mod_ratio	91	T	GGTTT	ok	True
chr19	10177362	10177363	-	0.517647	mod_ratio	90	T	GGTTC	ok	True
chr19	10180839	10180840	-	0.405063	mod_ratio	80	T	TGTTT	ok	True
chr19	10258431	10258432	+	0.561151	mod_ratio	139	A	GGACT	ok	True
chr19	10258500	10258501	+	0.356164	mod_ratio	148	A	GGACT	ok	True
chr19	10259706	10259707	+	0.195946	mod_ratio	148	A	GGACT	ok	True
chr19	10391168	10391169	-	0.497512	mod_ratio	209	T	TGTTT	ok	True
chr19	10391491	10391492	-	0.166667	mod_ratio	208	T	TGTTT	ok	True
chr19	10391605	10391606	-	0.132653	mod_ratio	200	T	GGTCC	ok	True
chr19	10393092	10393093	-	0.161111	mod_ratio	183	T	GGTCC	ok	True
chr19	10393154	10393155	-	0.202247	mod_ratio	182	T	AGTTC	ok	True
chr19	10393289	10393290	-	0.141243	mod_ratio	180	T	GGTCC	ok	True
chr19	10393440	10393441	-	0.192308	mod_ratio	159	T	TGTCT	ok	True
chr19	10395060	10395061	-	0.154839	mod_ratio	157	T	GGTCC	ok	True
chr19	10395109	10395110	-	0.22449	mod_ratio	151	T	TGTCT	ok	True
chr19	10395274	10395275	-	0.17037	mod_ratio	140	T	TGTCT	ok	True
chr19	10395300	10395301	-	0.171642	mod_ratio	136	T	TGTCT	ok	True
chr19	10395450	10395451	-	0.29661	mod_ratio	120	T	TGTTT	ok	True
chr19	10395473	10395474	-	0.301724	mod_ratio	116	T	GGTCT	ok	True
chr19	10395480	10395481	-	0.840708	mod_ratio	116	T	TGTTT	ok	True
chr19	10395505	10395506	-	0.279279	mod_ratio	112	T	AGTCC	ok	True
chr19	10395955	10395956	-	0.352941	mod_ratio	102	T	TGTCC	ok	True
chr19	10396104	10396105	-	0.373626	mod_ratio	93	T	AGTTT	ok	True
chr19	10403471	10403472	-	0.528302	mod_ratio	53	T	AGTCC	ok	True
chr19	10572882	10572883	-	0.276596	mod_ratio	141	T	AGTTT	ok	True
chr19	10681121	10681122	+	0.5625	mod_ratio	53	A	GGACT	ok	True
chr19	10685596	10685597	+	0.631579	mod_ratio	58	A	AAACA	ok	True
chr19	10930120	10930121	+	0.682927	mod_ratio	41	A	AAACT	ok	True
chr19	11345359	11345360	-	0.304348	mod_ratio	94	T	AGTTT	ok	True
chr19	11553088	11553089	-	0.408602	mod_ratio	96	T	TGTCC	ok	True
chr19	11553261	11553262	-	0.804124	mod_ratio	97	T	AGTCC	ok	True
chr19	11553674	11553675	-	0.458333	mod_ratio	75	T	TGTCT	ok	True
chr19	12668218	12668219	-	0.288136	mod_ratio	298	T	GGTTC	ok	True
chr19	12668265	12668266	-	0.457627	mod_ratio	297	T	AGTCC	ok	True
chr19	12668546	12668547	-	0.100746	mod_ratio	276	T	TGTCC	ok	True
chr19	12677394	12677395	-	0.62069	mod_ratio	58	T	GGTTC	ok	True
chr19	12680307	12680308	-	0.571429	mod_ratio	45	T	GGTTC	ok	True
chr19	12730656	12730657	-	0.135266	mod_ratio	255	T	AGTTC	ok	True
chr19	12730811	12730812	-	0.134483	mod_ratio	297	T	AGTCC	ok	True
chr19	12730849	12730850	-	0.192568	mod_ratio	299	T	GGTTT	ok	True
chr19	12730929	12730930	-	0.276224	mod_ratio	288	T	AGTCC	ok	True
chr19	12730980	12730981	-	0.261484	mod_ratio	285	T	AGTTT	ok	True
chr19	12731394	12731395	-	0.316206	mod_ratio	257	T	AGTTT	ok	True
chr19	12731398	12731399	-	0.12749	mod_ratio	257	T	TGTTC	ok	True
chr19	12734487	12734488	-	0.378947	mod_ratio	193	T	AGTTC	ok	True
chr19	12745733	12745734	+	0.257732	mod_ratio	97	A	GAACC	ok	True
chr19	12747233	12747234	+	0.324786	mod_ratio	120	A	AGACC	ok	True
chr19	12747448	12747449	+	0.211679	mod_ratio	139	A	AGACA	ok	True
chr19	12747587	12747588	+	0.36129	mod_ratio	155	A	GGACC	ok	True
chr19	12796962	12796963	-	0.155294	mod_ratio	853	T	AGTTT	ok	True
chr19	12797089	12797090	-	0.391148	mod_ratio	841	T	TGTTT	ok	True
chr19	12800198	12800199	-	0.108898	mod_ratio	760	T	TGTTT	ok	True
chr19	12800257	12800258	-	0.294595	mod_ratio	742	T	TGTTC	ok	True
chr19	12800939	12800940	-	0.457265	mod_ratio	709	T	AGTCC	ok	True
chr19	12800981	12800982	-	0.15727	mod_ratio	685	T	AGTCC	ok	True
chr19	12801035	12801036	-	0.310873	mod_ratio	658	T	AGTCC	ok	True
chr19	12807301	12807302	+	0.161074	mod_ratio	149	A	AAACC	ok	True
chr19	12810080	12810081	+	0.177215	mod_ratio	158	A	GGACA	ok	True
chr19	12813171	12813172	+	0.220339	mod_ratio	182	A	AGACC	ok	True
chr19	12813332	12813333	+	0.131868	mod_ratio	183	A	GGACT	ok	True
chr19	12813357	12813358	+	0.173184	mod_ratio	182	A	GGACT	ok	True
chr19	12813527	12813528	+	0.757576	mod_ratio	112	A	GAACC	ok	True
chr19	12875760	12875761	-	0.409836	mod_ratio	63	T	AGTTC	ok	True
chr19	12875875	12875876	-	0.590164	mod_ratio	61	T	GGTCT	ok	True
chr19	12922522	12922523	-	0.142857	mod_ratio	280	T	GGTCT	ok	True
chr19	12922588	12922589	-	0.10453	mod_ratio	287	T	AGTCC	ok	True
chr19	12922595	12922596	-	0.149826	mod_ratio	287	T	TGTCC	ok	True
chr19	12922610	12922611	-	0.163763	mod_ratio	287	T	GGTCC	ok	True
chr19	12922730	12922731	-	0.242105	mod_ratio	285	T	TGTCC	ok	True
chr19	12924237	12924238	-	0.284	mod_ratio	252	T	AGTTT	ok	True
chr19	12924752	12924753	-	0.110048	mod_ratio	216	T	GGTCT	ok	True
chr19	12924953	12924954	-	0.238889	mod_ratio	181	T	GGTTC	ok	True
chr19	12924964	12924965	-	0.127778	mod_ratio	181	T	GGTTT	ok	True
chr19	12928409	12928410	-	0.356164	mod_ratio	153	T	AGTTC	ok	True
chr19	12928648	12928649	-	0.322581	mod_ratio	129	T	GGTCC	ok	True
chr19	12928782	12928783	-	0.191667	mod_ratio	124	T	TGTCT	ok	True
chr19	12933672	12933673	-	0.666667	mod_ratio	54	T	AGTTC	ok	True
chr19	12939141	12939142	+	0.8	mod_ratio	187	A	GGACT	ok	True
chr19	12939164	12939165	+	0.543956	mod_ratio	189	A	AAACA	ok	True
chr19	12939586	12939587	+	0.305389	mod_ratio	176	A	GGACC	ok	True
chr19	12939591	12939592	+	0.139394	mod_ratio	175	A	AGACA	ok	True
chr19	12939607	12939608	+	0.341615	mod_ratio	171	A	AGACT	ok	True
chr19	12940133	12940134	+	0.191358	mod_ratio	175	A	GGACA	ok	True
chr19	12940351	12940352	+	0.480263	mod_ratio	164	A	GGACT	ok	True
chr19	12940394	12940395	+	0.266234	mod_ratio	162	A	AAACC	ok	True
chr19	12940402	12940403	+	0.149351	mod_ratio	161	A	AGACT	ok	True
chr19	12940541	12940542	+	0.180645	mod_ratio	163	A	GGACT	ok	True
chr19	12940547	12940548	+	0.593548	mod_ratio	164	A	GGACA	ok	True
chr19	12940592	12940593	+	0.162338	mod_ratio	163	A	GGACT	ok	True
chr19	12943723	12943724	+	0.297101	mod_ratio	153	A	AAACA	ok	True
chr19	12943734	12943735	+	0.1875	mod_ratio	160	A	GGACA	ok	True
chr19	12943738	12943739	+	0.360544	mod_ratio	164	A	AAACA	ok	True
chr19	12943776	12943777	+	0.241135	mod_ratio	178	A	AGACA	ok	True
chr19	12943809	12943810	+	0.345455	mod_ratio	181	A	GGACA	ok	True
chr19	12943827	12943828	+	0.224044	mod_ratio	199	A	GGACA	ok	True
chr19	12943857	12943858	+	0.286385	mod_ratio	223	A	GGACA	ok	True
chr19	12943935	12943936	+	0.164751	mod_ratio	266	A	GGACT	ok	True
chr19	12943993	12943994	+	0.142857	mod_ratio	284	A	AGACT	ok	True
chr19	12944109	12944110	+	0.456091	mod_ratio	372	A	AAACT	ok	True
chr19	12944449	12944450	+	0.137592	mod_ratio	414	A	GAACT	ok	True
chr19	12944456	12944457	+	0.21519	mod_ratio	413	A	AAACA	ok	True
chr19	12947915	12947916	+	0.263158	mod_ratio	134	A	AAACT	ok	True
chr19	12948303	12948304	+	0.540881	mod_ratio	167	A	GGACA	ok	True
chr19	12949283	12949284	+	0.111111	mod_ratio	227	A	GAACC	ok	True
chr19	12949304	12949305	+	0.236842	mod_ratio	230	A	GGACC	ok	True
chr19	12949322	12949323	+	0.118943	mod_ratio	231	A	GAACA	ok	True
chr19	12949391	12949392	+	0.126531	mod_ratio	249	A	GAACC	ok	True
chr19	12952752	12952753	+	0.142322	mod_ratio	271	A	GGACA	ok	True
chr19	12952809	12952810	+	0.273356	mod_ratio	291	A	GAACT	ok	True
chr19	12953176	12953177	+	0.145299	mod_ratio	249	A	AAACA	ok	True
chr19	12953184	12953185	+	0.472103	mod_ratio	247	A	AAACA	ok	True
chr19	12953239	12953240	+	0.110236	mod_ratio	263	A	AGACA	ok	True
chr19	12953294	12953295	+	0.110687	mod_ratio	268	A	GGACT	ok	True
chr19	12953388	12953389	+	0.147727	mod_ratio	270	A	AAACC	ok	True
chr19	12953589	12953590	+	0.332046	mod_ratio	268	A	GAACA	ok	True
chr19	12953594	12953595	+	0.254826	mod_ratio	266	A	GAACC	ok	True
chr19	12954238	12954239	-	0.174107	mod_ratio	232	T	GGTCT	ok	True
chr19	12954294	12954295	-	0.213675	mod_ratio	239	T	TGTTT	ok	True
chr19	12954334	12954335	-	0.151261	mod_ratio	240	T	GGTCC	ok	True
chr19	12954370	12954371	-	0.206751	mod_ratio	239	T	GGTCC	ok	True
chr19	12954451	12954452	-	0.153509	mod_ratio	232	T	AGTTC	ok	True
chr19	12954475	12954476	-	0.355556	mod_ratio	227	T	AGTTC	ok	True
chr19	12957053	12957054	-	0.112195	mod_ratio	209	T	GGTCC	ok	True
chr19	12957090	12957091	-	0.110048	mod_ratio	214	T	GGTCT	ok	True
chr19	13144222	13144223	-	0.692308	mod_ratio	78	T	GGTTC	ok	True
chr19	13154554	13154555	+	0.531915	mod_ratio	47	A	GGACT	ok	True
chr19	13774148	13774149	+	0.666667	mod_ratio	55	A	GAACC	ok	True
chr19	13774243	13774244	+	0.566038	mod_ratio	54	A	AAACA	ok	True
chr19	13774474	13774475	+	0.159322	mod_ratio	494	A	GGACC	ok	True
chr19	13774512	13774513	+	0.107826	mod_ratio	586	A	AAACC	ok	True
chr19	13778083	13778084	+	0.133545	mod_ratio	632	A	GAACA	ok	True
chr19	13778445	13778446	+	0.104712	mod_ratio	635	A	AAACC	ok	True
chr19	14119657	14119658	-	0.5	mod_ratio	50	T	AGTTT	ok	True
chr19	14408833	14408834	-	0.553571	mod_ratio	188	T	AGTTT	ok	True
chr19	14409067	14409068	-	0.148305	mod_ratio	238	T	AGTTC	ok	True
chr19	14409092	14409093	-	0.196581	mod_ratio	236	T	GGTCC	ok	True
chr19	14409318	14409319	-	0.144144	mod_ratio	230	T	TGTCC	ok	True
chr19	14409324	14409325	-	0.123288	mod_ratio	228	T	AGTCC	ok	True
chr19	14409369	14409370	-	0.194175	mod_ratio	215	T	TGTCC	ok	True
chr19	14409784	14409785	-	0.209184	mod_ratio	200	T	GGTTC	ok	True
chr19	14409796	14409797	-	0.117949	mod_ratio	197	T	TGTCT	ok	True
chr19	14409804	14409805	-	0.193878	mod_ratio	197	T	AGTTT	ok	True
chr19	14409845	14409846	-	0.321244	mod_ratio	195	T	GGTCT	ok	True
chr19	14515728	14515729	-	0.389831	mod_ratio	59	T	TGTTC	ok	True
chr19	14516043	14516044	-	0.459459	mod_ratio	74	T	TGTTT	ok	True
chr19	14516583	14516584	-	0.430769	mod_ratio	65	T	GGTCT	ok	True
chr19	14564970	14564971	+	0.284211	mod_ratio	96	A	AAACT	ok	True
chr19	14566108	14566109	-	0.219409	mod_ratio	261	T	GGTCC	ok	True
chr19	14566151	14566152	-	0.196429	mod_ratio	286	T	GGTCC	ok	True
chr19	14566165	14566166	-	0.214035	mod_ratio	288	T	GGTCC	ok	True
chr19	14566782	14566783	-	0.22695	mod_ratio	285	T	AGTCC	ok	True
chr19	14566875	14566876	-	0.261649	mod_ratio	279	T	AGTCC	ok	True
chr19	15115023	15115024	-	0.419355	mod_ratio	65	T	AGTCT	ok	True
chr19	15115279	15115280	-	0.393939	mod_ratio	67	T	AGTCC	ok	True
chr19	16102565	16102566	+	0.460526	mod_ratio	80	A	GAACA	ok	True
chr19	16191111	16191112	+	0.452381	mod_ratio	84	A	GAACT	ok	True
chr19	16191522	16191523	+	0.427184	mod_ratio	105	A	GAACA	ok	True
chr19	16191662	16191663	+	0.376147	mod_ratio	112	A	GAACC	ok	True
chr19	16191814	16191815	+	0.336134	mod_ratio	119	A	AAACA	ok	True
chr19	16191906	16191907	+	0.798387	mod_ratio	127	A	AAACC	ok	True
chr19	16646820	16646821	-	0.198347	mod_ratio	122	T	AGTTT	ok	True
chr19	16646882	16646883	-	0.218487	mod_ratio	121	T	TGTCC	ok	True
chr19	16647151	16647152	-	0.149733	mod_ratio	188	T	GGTTT	ok	True
chr19	16647223	16647224	-	0.134409	mod_ratio	186	T	AGTTC	ok	True
chr19	16659967	16659968	-	0.156977	mod_ratio	174	T	AGTTC	ok	True
chr19	17219379	17219380	+	0.469388	mod_ratio	49	A	GGACA	ok	True
chr19	17232165	17232166	-	0.403226	mod_ratio	63	T	AGTCT	ok	True
chr19	17273963	17273964	+	0.344828	mod_ratio	88	A	AAACA	ok	True
chr19	17279113	17279114	+	0.234783	mod_ratio	115	A	AAACT	ok	True
chr19	17279218	17279219	+	0.280702	mod_ratio	114	A	GAACT	ok	True
chr19	17306482	17306483	+	0.106667	mod_ratio	226	A	GGACC	ok	True
chr19	17306571	17306572	+	0.12766	mod_ratio	236	A	GAACC	ok	True
chr19	17306754	17306755	+	0.227488	mod_ratio	218	A	AGACA	ok	True
chr19	17402966	17402967	-	0.232026	mod_ratio	351	T	TGTTT	ok	True
chr19	17403105	17403106	-	0.161364	mod_ratio	442	T	TGTCC	ok	True
chr19	17403154	17403155	-	0.217195	mod_ratio	444	T	TGTCC	ok	True
chr19	17403284	17403285	-	0.232227	mod_ratio	424	T	TGTTC	ok	True
chr19	17403761	17403762	-	0.280488	mod_ratio	417	T	AGTCC	ok	True
chr19	17403815	17403816	-	0.103535	mod_ratio	399	T	GGTTT	ok	True
chr19	17404170	17404171	-	0.137838	mod_ratio	373	T	GGTTT	ok	True
chr19	17404395	17404396	-	0.239011	mod_ratio	364	T	TGTCC	ok	True
chr19	17405594	17405595	-	0.45098	mod_ratio	62	T	AGTCT	ok	True
chr19	17424663	17424664	+	0.294872	mod_ratio	80	A	GGACA	ok	True
chr19	17425101	17425102	+	0.733333	mod_ratio	90	A	GAACC	ok	True
chr19	17425313	17425314	+	0.535211	mod_ratio	88	A	AAACA	ok	True
chr19	17517300	17517301	+	0.55814	mod_ratio	87	A	GGACT	ok	True
chr19	17517802	17517803	+	0.626374	mod_ratio	92	A	GAACT	ok	True
chr19	17863297	17863298	+	0.408491	mod_ratio	3851	A	AAACT	ok	True
chr19	17936551	17936552	+	0.340659	mod_ratio	91	A	AAACA	ok	True
chr19	17942728	17942729	+	0.30303	mod_ratio	99	A	GGACT	ok	True
chr19	17942839	17942840	+	0.230769	mod_ratio	104	A	GGACA	ok	True
chr19	18173938	18173939	+	0.107558	mod_ratio	346	A	AGACT	ok	True
chr19	18175621	18175622	+	0.13494	mod_ratio	418	A	GAACT	ok	True
chr19	18177712	18177713	+	0.138829	mod_ratio	466	A	AAACC	ok	True
chr19	18196221	18196222	+	0.464286	mod_ratio	57	A	GGACT	ok	True
chr19	18196289	18196290	+	0.517241	mod_ratio	58	A	GAACC	ok	True
chr19	18306929	18306930	-	0.1325	mod_ratio	804	T	TGTTT	ok	True
chr19	18306992	18306993	-	0.29593	mod_ratio	917	T	GGTTC	ok	True
chr19	18307021	18307022	-	0.15393	mod_ratio	920	T	TGTTT	ok	True
chr19	18307072	18307073	-	0.246127	mod_ratio	886	T	AGTCC	ok	True
chr19	18307233	18307234	-	0.450091	mod_ratio	554	T	AGTTT	ok	True
chr19	18307299	18307300	-	0.114391	mod_ratio	547	T	GGTTT	ok	True
chr19	18307356	18307357	-	0.126177	mod_ratio	535	T	GGTTC	ok	True
chr19	18307450	18307451	-	0.142857	mod_ratio	506	T	GGTCT	ok	True
chr19	18307469	18307470	-	0.237323	mod_ratio	498	T	TGTTT	ok	True
chr19	18307481	18307482	-	0.127049	mod_ratio	494	T	TGTCT	ok	True
chr19	18312637	18312638	-	0.154982	mod_ratio	276	T	TGTTC	ok	True
chr19	18312666	18312667	-	0.169173	mod_ratio	266	T	TGTCC	ok	True
chr19	18533281	18533282	-	0.603448	mod_ratio	59	T	GGTTC	ok	True
chr19	18569227	18569228	+	0.245098	mod_ratio	103	A	GAACC	ok	True
chr19	18573701	18573702	+	0.121348	mod_ratio	1801	A	AAACA	ok	True
chr19	18899939	18899940	-	0.413943	mod_ratio	463	T	GGTTT	ok	True
chr19	18906971	18906972	-	0.220708	mod_ratio	369	T	TGTCC	ok	True
chr19	18907088	18907089	-	0.39645	mod_ratio	342	T	GGTCC	ok	True
chr19	18921876	18921877	+	0.725	mod_ratio	41	A	AAACC	ok	True
chr19	18928374	18928375	+	0.438202	mod_ratio	89	A	GAACC	ok	True
chr19	18928476	18928477	+	0.314607	mod_ratio	89	A	AAACC	ok	True
chr19	19119820	19119821	-	0.603448	mod_ratio	59	T	AGTCC	ok	True
chr19	19197597	19197598	+	0.489362	mod_ratio	47	A	AGACC	ok	True
chr19	19198693	19198694	+	0.702128	mod_ratio	48	A	GAACC	ok	True
chr19	19201666	19201667	+	0.568627	mod_ratio	76	A	GAACC	ok	True
chr19	19201735	19201736	+	0.615385	mod_ratio	75	A	GGACT	ok	True
chr19	19516308	19516309	+	0.132857	mod_ratio	703	A	GAACT	ok	True
chr19	19526210	19526211	+	0.153203	mod_ratio	725	A	GAACC	ok	True
chr19	19527341	19527342	+	0.190349	mod_ratio	747	A	AAACC	ok	True
chr19	23827152	23827153	+	0.2	mod_ratio	183	A	AAACT	ok	True
chr19	23827227	23827228	+	0.228571	mod_ratio	185	A	GAACC	ok	True
chr19	23827265	23827266	+	0.865169	mod_ratio	188	A	GAACA	ok	True
chr19	23827479	23827480	+	0.638095	mod_ratio	226	A	GAACC	ok	True
chr19	23827633	23827634	+	0.360656	mod_ratio	271	A	GGACA	ok	True
chr19	23827736	23827737	+	0.105802	mod_ratio	351	A	GAACA	ok	True
chr19	23827900	23827901	+	0.126984	mod_ratio	381	A	AGACT	ok	True
chr19	23827984	23827985	+	0.124224	mod_ratio	393	A	AGACT	ok	True
chr19	23828103	23828104	+	0.526846	mod_ratio	361	A	AAACA	ok	True
chr19	29207421	29207422	-	0.670481	mod_ratio	447	T	TGTTT	ok	True
chr19	29207493	29207494	-	0.12069	mod_ratio	469	T	AGTCT	ok	True
chr19	29207537	29207538	-	0.16318	mod_ratio	483	T	AGTCC	ok	True
chr19	29207782	29207783	-	0.135484	mod_ratio	469	T	GGTCC	ok	True
chr19	29207834	29207835	-	0.160793	mod_ratio	459	T	GGTTC	ok	True
chr19	29610617	29610618	+	0.72973	mod_ratio	37	A	AAACC	ok	True
chr19	29613926	29613927	+	0.625	mod_ratio	58	A	AAACA	ok	True
chr19	29615278	29615279	+	0.348485	mod_ratio	69	A	AAACC	ok	True
chr19	29615483	29615484	+	0.414286	mod_ratio	70	A	AGACC	ok	True
chr19	32581293	32581294	+	0.179724	mod_ratio	441	A	AGACA	ok	True
chr19	32581320	32581321	+	0.311512	mod_ratio	444	A	AAACA	ok	True
chr19	32584966	32584967	+	0.248	mod_ratio	506	A	AAACA	ok	True
chr19	32585847	32585848	+	0.314342	mod_ratio	516	A	AAACT	ok	True
chr19	32585891	32585892	+	0.25969	mod_ratio	519	A	GGACA	ok	True
chr19	32586905	32586906	+	0.169231	mod_ratio	524	A	AAACA	ok	True
chr19	32586914	32586915	+	0.153846	mod_ratio	522	A	AGACA	ok	True
chr19	32587274	32587275	+	0.163498	mod_ratio	528	A	GGACT	ok	True
chr19	32587300	32587301	+	0.339015	mod_ratio	530	A	GAACT	ok	True
chr19	32587317	32587318	+	0.176136	mod_ratio	531	A	AGACT	ok	True
chr19	32587323	32587324	+	0.231499	mod_ratio	531	A	GAACT	ok	True
chr19	32587333	32587334	+	0.11553	mod_ratio	531	A	GAACA	ok	True
chr19	32587344	32587345	+	0.104762	mod_ratio	531	A	GGACA	ok	True
chr19	32587405	32587406	+	0.438202	mod_ratio	446	A	AAACT	ok	True
chr19	33387179	33387180	-	0.442857	mod_ratio	71	T	TGTTT	ok	True
chr19	34368622	34368623	+	0.538462	mod_ratio	104	A	AAACA	ok	True
chr19	34377736	34377737	+	0.747899	mod_ratio	120	A	GGACC	ok	True
chr19	34377815	34377816	+	0.264463	mod_ratio	124	A	GAACT	ok	True
chr19	34396352	34396353	+	0.318919	mod_ratio	187	A	GGACC	ok	True
chr19	34396390	34396391	+	0.221649	mod_ratio	199	A	GGACC	ok	True
chr19	34399233	34399234	+	0.113636	mod_ratio	225	A	AGACA	ok	True
chr19	34399309	34399310	+	0.109649	mod_ratio	231	A	GGACC	ok	True
chr19	34399760	34399761	+	0.103448	mod_ratio	267	A	GGACA	ok	True
chr19	34400036	34400037	+	0.191638	mod_ratio	291	A	AAACT	ok	True
chr19	34400120	34400121	+	0.256055	mod_ratio	291	A	GGACA	ok	True
chr19	34400155	34400156	+	0.263889	mod_ratio	290	A	GGACC	ok	True
chr19	34409293	34409294	+	0.413793	mod_ratio	59	A	AGACT	ok	True
chr19	34434929	34434930	+	0.576923	mod_ratio	54	A	GAACA	ok	True
chr19	34438689	34438690	+	0.490909	mod_ratio	57	A	GAACC	ok	True
chr19	34454542	34454543	+	0.691358	mod_ratio	82	A	AGACC	ok	True
chr19	34458782	34458783	+	0.575	mod_ratio	81	A	AAACA	ok	True
chr19	34469221	34469222	+	0.314286	mod_ratio	105	A	GAACA	ok	True
chr19	34469237	34469238	+	0.72381	mod_ratio	106	A	AAACA	ok	True
chr19	34469273	34469274	+	0.273585	mod_ratio	106	A	GAACC	ok	True
chr19	34469376	34469377	+	0.339623	mod_ratio	107	A	AGACA	ok	True
chr19	34469643	34469644	+	0.274194	mod_ratio	127	A	AAACA	ok	True
chr19	34469679	34469680	+	0.362205	mod_ratio	128	A	AAACT	ok	True
chr19	34469723	34469724	+	0.40625	mod_ratio	129	A	AAACA	ok	True
chr19	34469836	34469837	+	0.278689	mod_ratio	126	A	AAACT	ok	True
chr19	34469861	34469862	+	0.241379	mod_ratio	122	A	GGACC	ok	True
chr19	35160710	35160711	+	0.813559	mod_ratio	60	A	AAACA	ok	True
chr19	35545761	35545762	+	0.5	mod_ratio	208	A	GAACT	ok	True
chr19	35546717	35546718	+	0.115226	mod_ratio	246	A	AAACC	ok	True
chr19	35547012	35547013	+	0.149254	mod_ratio	338	A	AGACT	ok	True
chr19	35547509	35547510	+	0.617761	mod_ratio	317	A	AAACA	ok	True
chr19	35651282	35651283	+	0.204426	mod_ratio	956	A	AGACC	ok	True
chr19	35651316	35651317	+	0.137824	mod_ratio	972	A	GAACC	ok	True
chr19	35651328	35651329	+	0.15139	mod_ratio	976	A	AAACT	ok	True
chr19	35651340	35651341	+	0.11499	mod_ratio	977	A	GAACT	ok	True
chr19	35654570	35654571	+	0.356334	mod_ratio	974	A	AGACT	ok	True
chr19	35658647	35658648	+	0.215228	mod_ratio	992	A	GAACT	ok	True
chr19	35658705	35658706	+	0.111801	mod_ratio	972	A	GGACC	ok	True
chr19	36113727	36113728	-	0.772727	mod_ratio	191	T	TGTTT	ok	True
chr19	36113762	36113763	-	0.449495	mod_ratio	203	T	GGTCC	ok	True
chr19	36114191	36114192	-	0.228155	mod_ratio	207	T	GGTCC	ok	True
chr19	36114198	36114199	-	0.282927	mod_ratio	209	T	GGTCC	ok	True
chr19	36114247	36114248	-	0.509804	mod_ratio	207	T	AGTTC	ok	True
chr19	36114404	36114405	-	0.221649	mod_ratio	198	T	AGTTC	ok	True
chr19	36114677	36114678	-	0.192708	mod_ratio	194	T	GGTTC	ok	True
chr19	36114743	36114744	-	1	mod_ratio	30	T	AGTTC	ok	True
chr19	36116084	36116085	+	0.288889	mod_ratio	91	A	GAACT	ok	True
chr19	36125744	36125745	+	0.837209	mod_ratio	129	A	GGACT	ok	True
chr19	36125759	36125760	+	0.286822	mod_ratio	130	A	GGACT	ok	True
chr19	36125912	36125913	+	0.409091	mod_ratio	112	A	AGACT	ok	True
chr19	36150254	36150255	+	0.291045	mod_ratio	134	A	AGACC	ok	True
chr19	36150329	36150330	+	0.595041	mod_ratio	130	A	AAACA	ok	True
chr19	38304628	38304629	+	0.481481	mod_ratio	109	A	GGACA	ok	True
chr19	38304974	38304975	+	0.443038	mod_ratio	98	A	GGACA	ok	True
chr19	38305291	38305292	-	0.308333	mod_ratio	125	T	AGTTC	ok	True
chr19	38305337	38305338	-	0.421053	mod_ratio	118	T	GGTTC	ok	True
chr19	38305436	38305437	-	0.311927	mod_ratio	115	T	GGTTC	ok	True
chr19	38374908	38374909	+	0.185	mod_ratio	201	A	GAACC	ok	True
chr19	38376198	38376199	+	0.15942	mod_ratio	208	A	GGACC	ok	True
chr19	38376212	38376213	+	0.334951	mod_ratio	211	A	AAACA	ok	True
chr19	38376396	38376397	+	0.110132	mod_ratio	228	A	GGACA	ok	True
chr19	38379358	38379359	+	0.2	mod_ratio	247	A	GGACA	ok	True
chr19	38383316	38383317	+	0.112211	mod_ratio	305	A	AGACA	ok	True
chr19	38383347	38383348	+	0.118812	mod_ratio	305	A	AAACA	ok	True
chr19	38383432	38383433	+	0.140468	mod_ratio	302	A	AAACA	ok	True
chr19	38383468	38383469	+	0.348837	mod_ratio	291	A	GGACT	ok	True
chr19	38624104	38624105	+	0.377778	mod_ratio	633	A	AGACC	ok	True
chr19	38624159	38624160	+	0.127159	mod_ratio	642	A	AGACT	ok	True
chr19	38632451	38632452	+	0.167428	mod_ratio	659	A	GGACC	ok	True
chr19	38632481	38632482	+	0.140909	mod_ratio	666	A	AGACT	ok	True
chr19	38634992	38634993	+	0.640187	mod_ratio	665	A	AGACA	ok	True
chr19	38635083	38635084	+	0.141768	mod_ratio	657	A	AAACC	ok	True
chr19	38635091	38635092	+	0.14939	mod_ratio	656	A	GAACA	ok	True
chr19	38729842	38729843	+	0.460606	mod_ratio	166	A	GAACT	ok	True
chr19	38730005	38730006	+	0.360947	mod_ratio	170	A	AGACC	ok	True
chr19	38730020	38730021	+	0.382353	mod_ratio	171	A	GAACC	ok	True
chr19	38730111	38730112	+	0.583333	mod_ratio	115	A	AAACA	ok	True
chr19	38815441	38815442	-	0.41573	mod_ratio	293	T	TGTTT	ok	True
chr19	38815635	38815636	-	0.138138	mod_ratio	335	T	GGTTT	ok	True
chr19	38815642	38815643	-	0.434132	mod_ratio	335	T	AGTTC	ok	True
chr19	38815706	38815707	-	0.102719	mod_ratio	334	T	TGTTC	ok	True
chr19	38816458	38816459	-	0.300633	mod_ratio	317	T	GGTTC	ok	True
chr19	38817122	38817123	-	0.218855	mod_ratio	303	T	GGTCC	ok	True
chr19	38817470	38817471	-	0.100719	mod_ratio	281	T	GGTCT	ok	True
chr19	38831373	38831374	-	0.193277	mod_ratio	240	T	TGTTT	ok	True
chr19	38831490	38831491	-	0.149321	mod_ratio	222	T	AGTCC	ok	True
chr19	38836524	38836525	-	0.761905	mod_ratio	44	T	AGTTC	ok	True
chr19	38837406	38837407	-	0.489362	mod_ratio	47	T	GGTTC	ok	True
chr19	38932383	38932384	+	0.242152	mod_ratio	228	A	GAACC	ok	True
chr19	38932632	38932633	+	0.110672	mod_ratio	256	A	GGACC	ok	True
chr19	38932742	38932743	+	0.295019	mod_ratio	264	A	GAACC	ok	True
chr19	38932845	38932846	+	0.193916	mod_ratio	266	A	GGACC	ok	True
chr19	38932994	38932995	+	0.65873	mod_ratio	261	A	AAACA	ok	True
chr19	38932998	38932999	+	0.168831	mod_ratio	259	A	AGACC	ok	True
chr19	39433237	39433238	-	0.395465	mod_ratio	3117	T	TGTTT	ok	True
chr19	39433254	39433255	-	0.114895	mod_ratio	3332	T	AGTTT	ok	True
chr19	39433711	39433712	-	0.100613	mod_ratio	3606	T	TGTCT	ok	True
chr19	39482887	39482888	+	0.267241	mod_ratio	116	A	AAACA	ok	True
chr19	39486482	39486483	+	0.223022	mod_ratio	144	A	GGACA	ok	True
chr19	39488106	39488107	+	0.165563	mod_ratio	155	A	GGACT	ok	True
chr19	39488620	39488621	+	0.204819	mod_ratio	168	A	AAACA	ok	True
chr19	39489764	39489765	+	0.218182	mod_ratio	167	A	GAACC	ok	True
chr19	39489810	39489811	+	0.493976	mod_ratio	168	A	AAACA	ok	True
chr19	39489820	39489821	+	0.266667	mod_ratio	168	A	GAACT	ok	True
chr19	39508441	39508442	+	0.897959	mod_ratio	49	A	AAACA	ok	True
chr19	39834541	39834542	-	0.125654	mod_ratio	192	T	AGTTC	ok	True
chr19	39836576	39836577	-	0.197861	mod_ratio	188	T	TGTCC	ok	True
chr19	39839170	39839171	-	0.178295	mod_ratio	132	T	GGTTC	ok	True
chr19	39972181	39972182	+	0.258065	mod_ratio	93	A	AGACC	ok	True
chr19	39974523	39974524	+	0.234783	mod_ratio	116	A	AGACC	ok	True
chr19	39980301	39980302	+	0.243243	mod_ratio	148	A	AAACA	ok	True
chr19	39980310	39980311	+	0.243243	mod_ratio	149	A	AGACA	ok	True
chr19	39980349	39980350	+	0.245033	mod_ratio	151	A	GGACC	ok	True
chr19	39980424	39980425	+	0.385621	mod_ratio	153	A	GAACC	ok	True
chr19	39981240	39981241	+	0.154839	mod_ratio	156	A	GGACT	ok	True
chr19	39981377	39981378	+	0.191781	mod_ratio	148	A	AAACC	ok	True
chr19	40378105	40378106	+	0.717391	mod_ratio	46	A	GGACT	ok	True
chr19	40447921	40447922	-	0.185185	mod_ratio	136	T	TGTCC	ok	True
chr19	40458177	40458178	-	0.272727	mod_ratio	122	T	TGTCC	ok	True
chr19	40458517	40458518	-	0.387387	mod_ratio	112	T	AGTCC	ok	True
chr19	40757497	40757498	+	0.846154	mod_ratio	55	A	AAACC	ok	True
chr19	41306763	41306764	+	0.682927	mod_ratio	42	A	AAACA	ok	True
chr19	41386566	41386567	-	0.242718	mod_ratio	103	T	GGTTT	ok	True
chr19	41419152	41419153	+	0.66129	mod_ratio	62	A	GGACT	ok	True
chr19	41419165	41419166	+	0.419355	mod_ratio	62	A	GAACT	ok	True
chr19	41860802	41860803	+	0.135507	mod_ratio	6735	A	GAACC	ok	True
chr19	41869707	41869708	+	0.543538	mod_ratio	7326	A	AAACT	ok	True
chr19	41869749	41869750	+	0.122604	mod_ratio	7301	A	GGACA	ok	True
chr19	41871382	41871383	+	0.285025	mod_ratio	6886	A	AAACC	ok	True
chr19	41959293	41959294	-	0.955056	mod_ratio	104	T	TGTCT	ok	True
chr19	42297318	42297319	-	0.22905	mod_ratio	179	T	GGTTC	ok	True
chr19	42300056	42300057	-	0.136095	mod_ratio	169	T	TGTCC	ok	True
chr19	42300185	42300186	-	0.20625	mod_ratio	161	T	TGTTC	ok	True
chr19	42301980	42301981	-	0.342657	mod_ratio	145	T	AGTCC	ok	True
chr19	43508020	43508021	-	0.315789	mod_ratio	76	T	GGTTC	ok	True
chr19	44903632	44903633	+	0.590909	mod_ratio	70	A	GGACA	ok	True
chr19	45413736	45413737	-	0.508197	mod_ratio	62	T	TGTTC	ok	True
chr19	45687506	45687507	-	0.127678	mod_ratio	1226	T	GGTCT	ok	True
chr19	45687574	45687575	-	0.115446	mod_ratio	1263	T	GGTTC	ok	True
chr19	45687598	45687599	-	0.122709	mod_ratio	1263	T	AGTCC	ok	True
chr19	45687631	45687632	-	0.11465	mod_ratio	1264	T	GGTCT	ok	True
chr19	45687686	45687687	-	0.168127	mod_ratio	1261	T	AGTCC	ok	True
chr19	45688415	45688416	-	0.121387	mod_ratio	1221	T	AGTTT	ok	True
chr19	46608538	46608539	+	0.586957	mod_ratio	48	A	GGACA	ok	True
chr19	46609253	46609254	+	0.904762	mod_ratio	44	A	AAACA	ok	True
chr19	46774921	46774922	-	0.62963	mod_ratio	120	T	TGTCC	ok	True
chr19	46774947	46774948	-	0.222222	mod_ratio	126	T	TGTCC	ok	True
chr19	46774979	46774980	-	0.18254	mod_ratio	126	T	TGTTT	ok	True
chr19	46775695	46775696	-	0.460526	mod_ratio	79	T	AGTCC	ok	True
chr19	46838476	46838477	-	0.111801	mod_ratio	492	T	TGTTT	ok	True
chr19	46838766	46838767	-	0.245652	mod_ratio	465	T	AGTTC	ok	True
chr19	46839570	46839571	-	0.188442	mod_ratio	409	T	AGTTC	ok	True
chr19	46846010	46846011	-	0.287234	mod_ratio	381	T	TGTTT	ok	True
chr19	46846061	46846062	-	0.173554	mod_ratio	377	T	TGTTT	ok	True
chr19	46850798	46850799	-	0.123288	mod_ratio	316	T	GGTCC	ok	True
chr19	47045934	47045935	-	0.393939	mod_ratio	110	T	TGTCC	ok	True
chr19	47045953	47045954	-	0.198276	mod_ratio	118	T	TGTCC	ok	True
chr19	47209346	47209347	+	0.5	mod_ratio	60	A	AAACT	ok	True
chr19	47210106	47210107	+	0.57732	mod_ratio	99	A	AAACC	ok	True
chr19	48384271	48384272	-	0.677419	mod_ratio	64	T	TGTCT	ok	True
chr19	48615375	48615376	-	0.713039	mod_ratio	2237	T	AGTTT	ok	True
chr19	48616113	48616114	-	0.465047	mod_ratio	2361	T	AGTCC	ok	True
chr19	48616731	48616732	-	0.220332	mod_ratio	2301	T	AGTTT	ok	True
chr19	48617398	48617399	-	0.181489	mod_ratio	2025	T	GGTTC	ok	True
chr19	48617851	48617852	-	0.491959	mod_ratio	1710	T	GGTCC	ok	True
chr19	48617869	48617870	-	0.163924	mod_ratio	1653	T	TGTCC	ok	True
chr19	48720771	48720772	-	0.346939	mod_ratio	99	T	GGTTC	ok	True
chr19	48724461	48724462	-	0.454545	mod_ratio	68	T	GGTTC	ok	True
chr19	48796500	48796501	-	0.471698	mod_ratio	54	T	GGTTC	ok	True
chr19	48965361	48965362	+	0.590889	mod_ratio	2319	A	GAACA	ok	True
chr19	48965373	48965374	+	0.445164	mod_ratio	2332	A	GGACT	ok	True
chr19	48965429	48965430	+	0.242003	mod_ratio	2393	A	GGACC	ok	True
chr19	48965908	48965909	+	0.104954	mod_ratio	3081	A	GGACA	ok	True
chr19	48966353	48966354	+	0.300031	mod_ratio	3265	A	GAACC	ok	True
chr19	48966600	48966601	+	0.110676	mod_ratio	3335	A	AGACT	ok	True
chr19	48966850	48966851	+	0.192907	mod_ratio	3176	A	GGACC	ok	True
chr19	49003300	49003301	+	0.205128	mod_ratio	121	A	GGACT	ok	True
chr19	49007097	49007098	+	0.447761	mod_ratio	138	A	AGACC	ok	True
chr19	49009792	49009793	+	0.46	mod_ratio	153	A	AAACT	ok	True
chr19	49009805	49009806	+	0.536424	mod_ratio	155	A	AGACC	ok	True
chr19	49009820	49009821	+	0.320261	mod_ratio	155	A	AGACC	ok	True
chr19	49009866	49009867	+	0.459119	mod_ratio	161	A	GGACA	ok	True
chr19	49014527	49014528	+	0.113924	mod_ratio	239	A	AGACC	ok	True
chr19	49014536	49014537	+	0.21097	mod_ratio	241	A	GGACC	ok	True
chr19	49015681	49015682	+	0.291188	mod_ratio	263	A	GAACT	ok	True
chr19	49015824	49015825	+	0.234615	mod_ratio	262	A	AGACC	ok	True
chr19	49015831	49015832	+	0.188462	mod_ratio	262	A	GGACA	ok	True
chr19	49108327	49108328	+	0.439394	mod_ratio	66	A	GGACA	ok	True
chr19	49211059	49211060	+	0.352941	mod_ratio	70	A	GAACA	ok	True
chr19	49211635	49211636	+	0.333333	mod_ratio	78	A	GGACC	ok	True
chr19	49211663	49211664	+	0.5	mod_ratio	78	A	AAACC	ok	True
chr19	49447026	49447027	-	0.217742	mod_ratio	124	T	AGTTT	ok	True
chr19	49489908	49489909	+	0.12147	mod_ratio	4721	A	AAACA	ok	True
chr19	49491739	49491740	+	0.490602	mod_ratio	5337	A	AAACA	ok	True
chr19	49491802	49491803	+	0.524381	mod_ratio	5284	A	GGACT	ok	True
chr19	49491928	49491929	+	0.158906	mod_ratio	1359	A	GGACA	ok	True
chr19	49492072	49492073	+	0.236919	mod_ratio	1395	A	AGACT	ok	True
chr19	49492114	49492115	+	0.261468	mod_ratio	1197	A	GGACT	ok	True
chr19	49492218	49492219	+	0.12	mod_ratio	1107	A	AGACT	ok	True
chr19	49496463	49496464	+	0.375075	mod_ratio	1689	A	GGACA	ok	True
chr19	49497193	49497194	+	0.206958	mod_ratio	1759	A	AGACT	ok	True
chr19	49497259	49497260	+	0.104053	mod_ratio	1887	A	AAACT	ok	True
chr19	49497313	49497314	+	0.10443	mod_ratio	1917	A	AGACA	ok	True
chr19	49499641	49499642	+	0.159162	mod_ratio	2084	A	GGACA	ok	True
chr19	49556349	49556350	-	0.344444	mod_ratio	90	T	AGTTT	ok	True
chr19	49677302	49677303	+	0.5	mod_ratio	79	A	GAACT	ok	True
chr19	49682253	49682254	+	0.650794	mod_ratio	126	A	AGACC	ok	True
chr19	49685006	49685007	+	0.16092	mod_ratio	175	A	AAACA	ok	True
chr19	49686123	49686124	+	0.138122	mod_ratio	186	A	AGACC	ok	True
chr19	49686227	49686228	+	0.115	mod_ratio	212	A	GGACC	ok	True
chr19	49686655	49686656	+	0.152466	mod_ratio	225	A	GGACT	ok	True
chr19	49688171	49688172	+	0.282609	mod_ratio	233	A	GGACT	ok	True
chr19	49688189	49688190	+	0.236052	mod_ratio	234	A	GGACT	ok	True
chr19	50797889	50797890	-	0.174847	mod_ratio	328	T	TGTCC	ok	True
chr19	50798072	50798073	-	0.121311	mod_ratio	306	T	TGTCC	ok	True
chr19	50798494	50798495	-	0.242424	mod_ratio	231	T	TGTCC	ok	True
chr19	50798556	50798557	-	0.159091	mod_ratio	226	T	TGTCC	ok	True
chr19	50802237	50802238	-	0.238806	mod_ratio	138	T	GGTCC	ok	True
chr19	51345185	51345186	-	0.317647	mod_ratio	247	T	AGTTT	ok	True
chr19	51345247	51345248	-	0.124113	mod_ratio	283	T	GGTCC	ok	True
chr19	51345257	51345258	-	0.411348	mod_ratio	283	T	GGTCT	ok	True
chr19	51345292	51345293	-	0.102837	mod_ratio	283	T	GGTCC	ok	True
chr19	51345328	51345329	-	0.224199	mod_ratio	283	T	GGTCC	ok	True
chr19	51345340	51345341	-	0.231317	mod_ratio	282	T	GGTCC	ok	True
chr19	51346982	51346983	-	0.137184	mod_ratio	279	T	GGTCT	ok	True
chr19	51347023	51347024	-	0.152416	mod_ratio	270	T	TGTCC	ok	True
chr19	51350366	51350367	-	0.28626	mod_ratio	263	T	TGTCT	ok	True
chr19	51353134	51353135	-	0.592742	mod_ratio	260	T	TGTTT	ok	True
chr19	51353153	51353154	-	0.102881	mod_ratio	246	T	GGTCC	ok	True
chr19	51353255	51353256	-	0.781659	mod_ratio	231	T	GGTCT	ok	True
chr19	51354249	51354250	-	0.126168	mod_ratio	215	T	GGTTC	ok	True
chr19	51354286	51354287	-	0.149758	mod_ratio	210	T	GGTCC	ok	True
chr19	52206015	52206016	+	0.549296	mod_ratio	72	A	GAACC	ok	True
chr19	52211483	52211484	+	0.384615	mod_ratio	81	A	GAACT	ok	True
chr19	52222123	52222124	+	0.158537	mod_ratio	168	A	GGACA	ok	True
chr19	52222234	52222235	+	0.287958	mod_ratio	193	A	GGACA	ok	True
chr19	52226051	52226052	+	0.10177	mod_ratio	231	A	AGACA	ok	True
chr19	52226191	52226192	+	0.106383	mod_ratio	239	A	GGACA	ok	True
chr19	52226196	52226197	+	0.251064	mod_ratio	238	A	GGACA	ok	True
chr19	52226286	52226287	+	0.2103	mod_ratio	237	A	GAACC	ok	True
chr19	54106861	54106862	+	0.68254	mod_ratio	316	A	GGACC	ok	True
chr19	54106895	54106896	+	0.110759	mod_ratio	317	A	AAACT	ok	True
chr19	54128083	54128084	+	0.819672	mod_ratio	64	A	GAACT	ok	True
chr19	54131322	54131323	+	0.238095	mod_ratio	106	A	GAACC	ok	True
chr19	54131470	54131471	+	0.231481	mod_ratio	109	A	GGACA	ok	True
chr19	54131552	54131553	+	0.315315	mod_ratio	140	A	GGACT	ok	True
chr19	54131601	54131602	+	0.723404	mod_ratio	141	A	GGACC	ok	True
chr19	54193228	54193229	+	0.49375	mod_ratio	163	A	GGACA	ok	True
chr19	54193362	54193363	+	0.19883	mod_ratio	173	A	GAACT	ok	True
chr19	54193444	54193445	+	0.17341	mod_ratio	175	A	GAACA	ok	True
chr19	54193493	54193494	+	0.54386	mod_ratio	171	A	GAACA	ok	True
chr19	54201565	54201566	+	0.280702	mod_ratio	2765	A	GAACT	ok	True
chr19	54207627	54207628	+	0.356575	mod_ratio	2892	A	AAACA	ok	True
chr19	55044404	55044405	-	0.736842	mod_ratio	57	T	AGTCC	ok	True
chr19	55045033	55045034	-	0.612245	mod_ratio	49	T	GGTCT	ok	True
chr19	55386391	55386392	+	0.154386	mod_ratio	1720	A	GAACT	ok	True
chr19	55401318	55401319	-	0.146939	mod_ratio	252	T	GGTCC	ok	True
chr19	55404423	55404424	-	0.408889	mod_ratio	236	T	AGTCC	ok	True
chr19	55406888	55406889	-	0.226131	mod_ratio	202	T	GGTCT	ok	True
chr19	55406960	55406961	-	0.167598	mod_ratio	180	T	AGTTC	ok	True
chr19	55407642	55407643	-	0.517647	mod_ratio	172	T	GGTCC	ok	True
chr19	55453000	55453001	-	0.64	mod_ratio	156	T	TGTTT	ok	True
chr19	55453013	55453014	-	0.221519	mod_ratio	173	T	AGTCC	ok	True
chr19	55453019	55453020	-	0.542169	mod_ratio	173	T	TGTCC	ok	True
chr19	55453027	55453028	-	0.25	mod_ratio	174	T	AGTCT	ok	True
chr19	55453119	55453120	-	0.131429	mod_ratio	176	T	AGTTT	ok	True
chr19	55453129	55453130	-	0.154286	mod_ratio	177	T	AGTCT	ok	True
chr19	55453156	55453157	-	0.252809	mod_ratio	180	T	TGTCC	ok	True
chr19	55453282	55453283	-	0.446237	mod_ratio	189	T	GGTCT	ok	True
chr19	55453323	55453324	-	0.140541	mod_ratio	188	T	AGTTC	ok	True
chr19	55453379	55453380	-	0.16185	mod_ratio	174	T	AGTTT	ok	True
chr19	57365240	57365241	+	0.774194	mod_ratio	31	A	AAACA	ok	True
chr19	58306158	58306159	+	0.509091	mod_ratio	56	A	AAACT	ok	True
chr19	58312386	58312387	+	0.5	mod_ratio	63	A	AAACT	ok	True
chr19	58393359	58393360	+	0.211244	mod_ratio	1793	A	GAACC	ok	True
chr19	58393410	58393411	+	0.269061	mod_ratio	1855	A	GGACT	ok	True
chr19	58394550	58394551	+	0.195652	mod_ratio	1897	A	AGACC	ok	True
chr19	58394691	58394692	+	0.37037	mod_ratio	1901	A	GAACT	ok	True
chr19	58551652	58551653	-	0.172932	mod_ratio	134	T	AGTCC	ok	True
chr19	58551775	58551776	-	0.412214	mod_ratio	132	T	GGTCT	ok	True
chr19	58552265	58552266	-	0.353448	mod_ratio	117	T	TGTTC	ok	True
chr19	58554159	58554160	-	0.294737	mod_ratio	95	T	GGTTC	ok	True
chr17	744718	744719	-	0.433962	mod_ratio	57	T	AGTTT	ok	True
chr17	745232	745233	-	0.651163	mod_ratio	43	T	GGTTC	ok	True
chr17	759610	759611	-	0.376812	mod_ratio	70	T	TGTTT	ok	True
chr17	770122	770123	-	0.489796	mod_ratio	49	T	GGTTC	ok	True
chr17	771409	771410	-	0.638298	mod_ratio	49	T	AGTTC	ok	True
chr17	1001284	1001285	+	0.642857	mod_ratio	58	A	GGACT	ok	True
chr17	1344562	1344563	-	0.207547	mod_ratio	231	T	TGTTT	ok	True
chr17	1344573	1344574	-	0.471861	mod_ratio	236	T	AGTTT	ok	True
chr17	1344596	1344597	-	0.780083	mod_ratio	245	T	TGTTT	ok	True
chr17	1344941	1344942	-	0.11588	mod_ratio	239	T	AGTCC	ok	True
chr17	1345102	1345103	-	0.222222	mod_ratio	195	T	AGTCT	ok	True
chr17	1345199	1345200	-	0.251613	mod_ratio	160	T	AGTCC	ok	True
chr17	1345286	1345287	-	0.285714	mod_ratio	136	T	TGTTT	ok	True
chr17	1345362	1345363	-	0.58871	mod_ratio	128	T	GGTTC	ok	True
chr17	1345425	1345426	-	0.276423	mod_ratio	129	T	GGTTT	ok	True
chr17	1361289	1361290	-	0.221154	mod_ratio	110	T	AGTCC	ok	True
chr17	1361954	1361955	-	0.915789	mod_ratio	110	T	TGTTT	ok	True
chr17	1362001	1362002	-	0.357143	mod_ratio	164	T	AGTCT	ok	True
chr17	1364907	1364908	-	0.184524	mod_ratio	185	T	TGTTT	ok	True
chr17	1364921	1364922	-	0.337017	mod_ratio	189	T	TGTTC	ok	True
chr17	1364994	1364995	-	0.356557	mod_ratio	273	T	GGTTT	ok	True
chr17	1517826	1517827	+	0.75	mod_ratio	32	A	AAACT	ok	True
chr17	1651544	1651545	-	0.75	mod_ratio	41	T	GGTTC	ok	True
chr17	1897501	1897502	+	0.402062	mod_ratio	99	A	AGACC	ok	True
chr17	1897779	1897780	+	0.237705	mod_ratio	125	A	AGACT	ok	True
chr17	1898048	1898049	+	0.3125	mod_ratio	110	A	AAACA	ok	True
chr17	2043304	2043305	+	0.275862	mod_ratio	88	A	GGACA	ok	True
chr17	2324510	2324511	-	0.817073	mod_ratio	88	T	GGTTC	ok	True
chr17	2324522	2324523	-	0.439024	mod_ratio	88	T	TGTCC	ok	True
chr17	2324549	2324550	-	0.320988	mod_ratio	87	T	AGTTC	ok	True
chr17	2325412	2325413	-	0.428571	mod_ratio	64	T	TGTTT	ok	True
chr17	2332325	2332326	-	0.632653	mod_ratio	50	T	AGTTT	ok	True
chr17	2335578	2335579	-	0.948718	mod_ratio	39	T	TGTTT	ok	True
chr17	2638317	2638318	+	0.418605	mod_ratio	87	A	GAACT	ok	True
chr17	2670287	2670288	+	0.648649	mod_ratio	37	A	AAACT	ok	True
chr17	2689438	2689439	-	0.395604	mod_ratio	91	T	GGTTT	ok	True
chr17	2689520	2689521	-	0.3	mod_ratio	101	T	TGTCT	ok	True
chr17	3663435	3663436	-	0.388235	mod_ratio	85	T	GGTTC	ok	True
chr17	3663547	3663548	-	0.383562	mod_ratio	80	T	TGTCC	ok	True
chr17	3663565	3663566	-	0.447761	mod_ratio	72	T	GGTCC	ok	True
chr17	3669236	3669237	+	0.116364	mod_ratio	277	A	GGACC	ok	True
chr17	3669369	3669370	+	0.221053	mod_ratio	287	A	GAACA	ok	True
chr17	3669391	3669392	+	0.2	mod_ratio	286	A	AGACC	ok	True
chr17	3669495	3669496	+	0.108844	mod_ratio	296	A	GGACT	ok	True
chr17	3669508	3669509	+	0.300341	mod_ratio	295	A	AAACC	ok	True
chr17	3669550	3669551	+	0.11032	mod_ratio	282	A	AGACT	ok	True
chr17	3714663	3714664	-	0.518797	mod_ratio	141	T	TGTTT	ok	True
chr17	3714672	3714673	-	0.342857	mod_ratio	143	T	AGTTT	ok	True
chr17	3714907	3714908	-	0.232258	mod_ratio	156	T	AGTTC	ok	True
chr17	3716726	3716727	-	0.172185	mod_ratio	154	T	AGTCC	ok	True
chr17	3720319	3720320	-	0.302013	mod_ratio	149	T	GGTTC	ok	True
chr17	3720333	3720334	-	0.189189	mod_ratio	149	T	AGTCC	ok	True
chr17	3720381	3720382	-	0.202797	mod_ratio	144	T	AGTTC	ok	True
chr17	4733410	4733411	+	0.909091	mod_ratio	44	A	AAACA	ok	True
chr17	4733441	4733442	+	0.727273	mod_ratio	44	A	AAACT	ok	True
chr17	4796267	4796268	+	0.104925	mod_ratio	473	A	AGACT	ok	True
chr17	4796727	4796728	+	0.171247	mod_ratio	475	A	AGACC	ok	True
chr17	4796776	4796777	+	0.428862	mod_ratio	495	A	GGACT	ok	True
chr17	4796784	4796785	+	0.212982	mod_ratio	495	A	GAACA	ok	True
chr17	4797687	4797688	+	0.130755	mod_ratio	549	A	GAACT	ok	True
chr17	4798378	4798379	+	0.155887	mod_ratio	605	A	AGACC	ok	True
chr17	4938168	4938169	-	0.4	mod_ratio	95	T	TGTCC	ok	True
chr17	4945094	4945095	+	0.433333	mod_ratio	90	A	GGACA	ok	True
chr17	4945703	4945704	-	0.27576	mod_ratio	1444	T	AGTTT	ok	True
chr17	4945745	4945746	-	0.114808	mod_ratio	1543	T	TGTCT	ok	True
chr17	4945780	4945781	-	0.474984	mod_ratio	1543	T	GGTTT	ok	True
chr17	4945829	4945830	-	0.128628	mod_ratio	1525	T	GGTTT	ok	True
chr17	4946636	4946637	-	0.130769	mod_ratio	1438	T	AGTCT	ok	True
chr17	4956630	4956631	+	0.55814	mod_ratio	45	A	AGACT	ok	True
chr17	4959434	4959435	-	0.45283	mod_ratio	53	T	GGTTC	ok	True
chr17	5386212	5386213	-	0.446154	mod_ratio	67	T	AGTTT	ok	True
chr17	5387100	5387101	-	0.688525	mod_ratio	61	T	AGTTT	ok	True
chr17	5399573	5399574	-	0.638298	mod_ratio	47	T	AGTTT	ok	True
chr17	5421317	5421318	+	0.366071	mod_ratio	116	A	AAACA	ok	True
chr17	5421383	5421384	+	0.232	mod_ratio	127	A	GAACA	ok	True
chr17	5432582	5432583	+	0.190476	mod_ratio	129	A	GGACT	ok	True
chr17	5432683	5432684	+	0.336538	mod_ratio	114	A	AAACA	ok	True
chr17	5432770	5432771	+	0.555556	mod_ratio	47	A	AAACT	ok	True
chr17	5432801	5432802	-	0.100267	mod_ratio	864	T	TGTCT	ok	True
chr17	5432963	5432964	-	0.111697	mod_ratio	967	T	TGTTC	ok	True
chr17	5433008	5433009	-	0.108025	mod_ratio	977	T	TGTCT	ok	True
chr17	5433042	5433043	-	0.101358	mod_ratio	971	T	GGTCT	ok	True
chr17	5433117	5433118	-	0.278261	mod_ratio	929	T	TGTCC	ok	True
chr17	5433296	5433297	-	0.120977	mod_ratio	904	T	AGTCC	ok	True
chr17	5433409	5433410	-	0.169988	mod_ratio	872	T	TGTCC	ok	True
chr17	5433761	5433762	-	0.297297	mod_ratio	820	T	AGTTC	ok	True
chr17	5434905	5434906	-	0.255639	mod_ratio	808	T	GGTTC	ok	True
chr17	5438169	5438170	-	0.431853	mod_ratio	660	T	AGTTC	ok	True
chr17	5474325	5474326	-	0.235294	mod_ratio	108	T	TGTCC	ok	True
chr17	5480066	5480067	-	0.554455	mod_ratio	102	T	TGTTT	ok	True
chr17	5480409	5480410	-	0.388889	mod_ratio	91	T	AGTTC	ok	True
chr17	5485159	5485160	-	0.513889	mod_ratio	72	T	TGTTT	ok	True
chr17	6641141	6641142	+	0.511962	mod_ratio	420	A	GAACA	ok	True
chr17	6641157	6641158	+	0.232432	mod_ratio	372	A	AGACC	ok	True
chr17	6641756	6641757	+	0.12212	mod_ratio	444	A	GAACC	ok	True
chr17	6642280	6642281	+	0.136465	mod_ratio	449	A	AAACT	ok	True
chr17	6643073	6643074	+	0.269048	mod_ratio	426	A	AAACT	ok	True
chr17	6644350	6644351	-	0.565217	mod_ratio	97	T	GGTTC	ok	True
chr17	6651503	6651504	-	0.208696	mod_ratio	115	T	TGTCT	ok	True
chr17	7014158	7014159	+	0.317204	mod_ratio	564	A	GAACA	ok	True
chr17	7014408	7014409	+	0.205042	mod_ratio	600	A	AGACT	ok	True
chr17	7222016	7222017	+	0.40678	mod_ratio	60	A	GAACC	ok	True
chr17	7223689	7223690	+	0.488636	mod_ratio	91	A	GGACT	ok	True
chr17	7224532	7224533	+	0.572414	mod_ratio	147	A	AAACA	ok	True
chr17	7240431	7240432	-	0.741379	mod_ratio	428	T	GGTTT	ok	True
chr17	7240477	7240478	-	0.215886	mod_ratio	501	T	AGTCC	ok	True
chr17	7240531	7240532	-	0.105368	mod_ratio	512	T	GGTTC	ok	True
chr17	7240743	7240744	-	0.105263	mod_ratio	503	T	GGTCC	ok	True
chr17	7240764	7240765	-	0.728571	mod_ratio	496	T	TGTTT	ok	True
chr17	7259743	7259744	+	0.349057	mod_ratio	106	A	GAACC	ok	True
chr17	7259850	7259851	+	0.252336	mod_ratio	107	A	GGACA	ok	True
chr17	7309651	7309652	+	0.137931	mod_ratio	233	A	GGACT	ok	True
chr17	7311389	7311390	+	0.115226	mod_ratio	247	A	GGACA	ok	True
chr17	7311852	7311853	+	0.130137	mod_ratio	305	A	GAACC	ok	True
chr17	7311908	7311909	+	0.652997	mod_ratio	324	A	GGACT	ok	True
chr17	7312256	7312257	+	0.135496	mod_ratio	533	A	GGACC	ok	True
chr17	7312331	7312332	+	0.16129	mod_ratio	529	A	GGACC	ok	True
chr17	7312425	7312426	+	0.185897	mod_ratio	491	A	AAACC	ok	True
chr17	7312436	7312437	+	0.204276	mod_ratio	471	A	AAACT	ok	True
chr17	7313076	7313077	-	0.465517	mod_ratio	58	T	AGTCC	ok	True
chr17	7403369	7403370	-	0.566845	mod_ratio	187	T	TGTTT	ok	True
chr17	7574267	7574268	+	0.355422	mod_ratio	844	A	AGACA	ok	True
chr17	7574585	7574586	+	0.526254	mod_ratio	866	A	GAACC	ok	True
chr17	7575150	7575151	+	0.117325	mod_ratio	917	A	GGACT	ok	True
chr17	7576551	7576552	+	0.304393	mod_ratio	961	A	AGACT	ok	True
chr17	7576615	7576616	+	0.324215	mod_ratio	998	A	AAACT	ok	True
chr17	7577581	7577582	+	0.375566	mod_ratio	1118	A	GGACA	ok	True
chr17	7577656	7577657	+	0.147469	mod_ratio	1161	A	GGACT	ok	True
chr17	7578231	7578232	+	0.130259	mod_ratio	1247	A	AAACT	ok	True
chr17	7578411	7578412	+	0.295975	mod_ratio	1283	A	GGACT	ok	True
chr17	7578421	7578422	+	0.155854	mod_ratio	1282	A	AGACA	ok	True
chr17	7578429	7578430	+	0.102138	mod_ratio	1279	A	AGACC	ok	True
chr17	7578577	7578578	+	0.193086	mod_ratio	1236	A	GGACA	ok	True
chr17	7578633	7578634	+	0.190476	mod_ratio	491	A	GAACC	ok	True
chr17	7578640	7578641	+	0.201058	mod_ratio	406	A	GAACA	ok	True
chr17	7578649	7578650	+	0.216931	mod_ratio	378	A	AGACA	ok	True
chr17	7578715	7578716	+	0.445122	mod_ratio	340	A	AAACA	ok	True
chr17	7578830	7578831	+	0.12766	mod_ratio	332	A	GGACC	ok	True
chr17	7578966	7578967	+	0.643333	mod_ratio	303	A	AAACA	ok	True
chr17	7578970	7578971	+	0.546667	mod_ratio	302	A	AAACA	ok	True
chr17	7626561	7626562	-	0.492537	mod_ratio	67	T	GGTTC	ok	True
chr17	7856790	7856791	-	0.306584	mod_ratio	490	T	TGTCC	ok	True
chr17	7857448	7857449	-	0.58296	mod_ratio	226	T	GGTCC	ok	True
chr17	7857521	7857522	-	0.301724	mod_ratio	141	T	GGTCC	ok	True
chr17	7930551	7930552	-	0.163399	mod_ratio	154	T	GGTTC	ok	True
chr17	7930651	7930652	-	0.433333	mod_ratio	154	T	AGTCC	ok	True
chr17	7931109	7931110	-	0.27907	mod_ratio	131	T	AGTTT	ok	True
chr17	8205267	8205268	-	0.54	mod_ratio	101	T	GGTTC	ok	True
chr17	8205363	8205364	-	0.391304	mod_ratio	94	T	AGTCC	ok	True
chr17	8206757	8206758	-	0.607595	mod_ratio	79	T	TGTTC	ok	True
chr17	8207586	8207587	-	0.603448	mod_ratio	58	T	TGTCC	ok	True
chr17	8288754	8288755	+	0.338235	mod_ratio	69	A	AAACC	ok	True
chr17	8289027	8289028	+	0.38961	mod_ratio	77	A	GAACT	ok	True
chr17	8289337	8289338	+	0.460674	mod_ratio	90	A	GAACC	ok	True
chr17	8289556	8289557	+	0.505618	mod_ratio	90	A	AGACT	ok	True
chr17	8289881	8289882	+	0.231481	mod_ratio	109	A	GAACA	ok	True
chr17	8290043	8290044	+	0.483871	mod_ratio	97	A	AAACA	ok	True
chr17	8290070	8290071	+	0.36	mod_ratio	91	A	AAACT	ok	True
chr17	8377533	8377534	-	0.236181	mod_ratio	3032	T	AGTTT	ok	True
chr17	8377586	8377587	-	0.231374	mod_ratio	3460	T	GGTTT	ok	True
chr17	8377660	8377661	-	0.117881	mod_ratio	3804	T	GGTCT	ok	True
chr17	8377666	8377667	-	0.275926	mod_ratio	3806	T	TGTCC	ok	True
chr17	8379924	8379925	-	0.147709	mod_ratio	3735	T	TGTCC	ok	True
chr17	8467967	8467968	+	0.9	mod_ratio	30	A	AAACA	ok	True
chr17	9378580	9378581	-	0.421875	mod_ratio	64	T	TGTTT	ok	True
chr17	9545264	9545265	-	0.5	mod_ratio	51	T	GGTCC	ok	True
chr17	10680732	10680733	-	0.492063	mod_ratio	64	T	AGTCC	ok	True
chr17	10680935	10680936	-	0.538462	mod_ratio	53	T	AGTTC	ok	True
chr17	12992531	12992532	-	0.453125	mod_ratio	65	T	TGTTT	ok	True
chr17	12992572	12992573	-	0.453125	mod_ratio	64	T	AGTTC	ok	True
chr17	16139038	16139039	-	0.7	mod_ratio	40	T	AGTCC	ok	True
chr17	16158798	16158799	-	1	mod_ratio	31	T	TGTTT	ok	True
chr17	16381940	16381941	+	0.125145	mod_ratio	875	A	AGACC	ok	True
chr17	16382168	16382169	+	0.137275	mod_ratio	1002	A	AGACC	ok	True
chr17	16382396	16382397	+	0.26278	mod_ratio	1125	A	AGACC	ok	True
chr17	16441430	16441431	+	0.725051	mod_ratio	496	A	AAACT	ok	True
chr17	16441459	16441460	+	0.481855	mod_ratio	504	A	AAACA	ok	True
chr17	16441484	16441485	+	0.267465	mod_ratio	509	A	GGACA	ok	True
chr17	16441596	16441597	+	0.11002	mod_ratio	537	A	AGACA	ok	True
chr17	16441699	16441700	+	0.147314	mod_ratio	594	A	GGACT	ok	True
chr17	16441982	16441983	+	0.445471	mod_ratio	549	A	GAACT	ok	True
chr17	17246906	17246907	-	0.146597	mod_ratio	210	T	AGTTT	ok	True
chr17	17246918	17246919	-	0.461905	mod_ratio	216	T	TGTTT	ok	True
chr17	17246943	17246944	-	0.119816	mod_ratio	218	T	GGTTT	ok	True
chr17	17246996	17246997	-	0.105023	mod_ratio	223	T	AGTCT	ok	True
chr17	17247018	17247019	-	0.376682	mod_ratio	226	T	GGTCC	ok	True
chr17	17247064	17247065	-	0.654867	mod_ratio	227	T	AGTTT	ok	True
chr17	17247095	17247096	-	0.774336	mod_ratio	228	T	AGTTT	ok	True
chr17	17247115	17247116	-	0.40708	mod_ratio	227	T	GGTTT	ok	True
chr17	17247119	17247120	-	0.659292	mod_ratio	227	T	TGTTT	ok	True
chr17	17247498	17247499	-	0.292793	mod_ratio	222	T	GGTTC	ok	True
chr17	17260383	17260384	-	0.284091	mod_ratio	177	T	GGTTT	ok	True
chr17	17260414	17260415	-	0.166667	mod_ratio	172	T	AGTTC	ok	True
chr17	17264885	17264886	-	0.36	mod_ratio	127	T	TGTTT	ok	True
chr17	17509484	17509485	-	0.358209	mod_ratio	67	T	TGTCC	ok	True
chr17	18107309	18107310	+	0.84	mod_ratio	50	A	AAACA	ok	True
chr17	18245760	18245761	-	0.648649	mod_ratio	37	T	TGTTT	ok	True
chr17	18930839	18930840	+	0.56338	mod_ratio	71	A	AGACC	ok	True
chr17	19357883	19357884	-	0.428571	mod_ratio	70	T	AGTTC	ok	True
chr17	19661243	19661244	+	0.735294	mod_ratio	35	A	AGACT	ok	True
chr17	19675682	19675683	+	0.727273	mod_ratio	44	A	AAACA	ok	True
chr17	21183780	21183781	+	0.875	mod_ratio	33	A	AAACT	ok	True
chr17	21191278	21191279	+	0.795455	mod_ratio	45	A	AAACA	ok	True
chr17	21191351	21191352	+	0.581395	mod_ratio	44	A	AAACA	ok	True
chr17	21198276	21198277	-	0.232759	mod_ratio	116	T	TGTCT	ok	True
chr17	21198295	21198296	-	0.486957	mod_ratio	117	T	GGTTT	ok	True
chr17	21198338	21198339	-	0.577586	mod_ratio	116	T	AGTTC	ok	True
chr17	28347886	28347887	-	0.270588	mod_ratio	87	T	GGTTT	ok	True
chr17	28347939	28347940	-	0.512195	mod_ratio	83	T	TGTCC	ok	True
chr17	28577694	28577695	-	0.520833	mod_ratio	48	T	AGTTT	ok	True
chr17	28648708	28648709	-	0.515152	mod_ratio	66	T	TGTTT	ok	True
chr17	28714540	28714541	-	0.134058	mod_ratio	279	T	GGTCT	ok	True
chr17	28714563	28714564	-	0.525547	mod_ratio	278	T	TGTCC	ok	True
chr17	28714630	28714631	-	0.101124	mod_ratio	271	T	AGTCT	ok	True
chr17	28715850	28715851	-	0.2	mod_ratio	147	T	AGTCC	ok	True
chr17	28716915	28716916	-	0.179688	mod_ratio	130	T	TGTCC	ok	True
chr17	28717368	28717369	-	0.247619	mod_ratio	106	T	TGTCC	ok	True
chr17	28717407	28717408	-	0.538462	mod_ratio	105	T	AGTCC	ok	True
chr17	28717560	28717561	-	0.625	mod_ratio	49	T	AGTCC	ok	True
chr17	28717617	28717618	-	0.595238	mod_ratio	44	T	AGTTC	ok	True
chr17	28722842	28722843	+	0.550485	mod_ratio	3829	A	AAACA	ok	True
chr17	28723881	28723882	+	0.489356	mod_ratio	3679	A	AAACT	ok	True
chr17	28724339	28724340	+	0.788462	mod_ratio	130	A	GGACA	ok	True
chr17	28724478	28724479	-	0.5	mod_ratio	59	T	TGTCC	ok	True
chr17	28749509	28749510	+	0.537037	mod_ratio	56	A	AAACT	ok	True
chr17	28749552	28749553	+	0.473684	mod_ratio	58	A	GAACT	ok	True
chr17	28860604	28860605	+	0.492958	mod_ratio	72	A	GAACT	ok	True
chr17	28860932	28860933	+	0.282353	mod_ratio	86	A	GAACT	ok	True
chr17	30248298	30248299	-	0.464286	mod_ratio	56	T	AGTTC	ok	True
chr17	30248878	30248879	-	0.688889	mod_ratio	45	T	GGTTC	ok	True
chr17	30248908	30248909	-	0.755556	mod_ratio	45	T	TGTCC	ok	True
chr17	31034493	31034494	-	0.106977	mod_ratio	265	T	AGTCC	ok	True
chr17	31852162	31852163	-	0.325843	mod_ratio	90	T	TGTCC	ok	True
chr17	31852878	31852879	-	0.35443	mod_ratio	80	T	TGTTC	ok	True
chr17	31856822	31856823	-	0.42623	mod_ratio	61	T	AGTCT	ok	True
chr17	31863372	31863373	-	0.378378	mod_ratio	74	T	AGTCT	ok	True
chr17	31863388	31863389	-	0.459459	mod_ratio	74	T	TGTTT	ok	True
chr17	31863482	31863483	-	0.383562	mod_ratio	73	T	GGTTC	ok	True
chr17	32365411	32365412	+	0.543478	mod_ratio	47	A	AGACC	ok	True
chr17	32369377	32369378	+	0.452055	mod_ratio	73	A	GGACC	ok	True
chr17	32369889	32369890	+	0.719101	mod_ratio	91	A	GAACT	ok	True
chr17	32369897	32369898	+	0.393258	mod_ratio	91	A	GGACA	ok	True
chr17	32369943	32369944	+	0.244898	mod_ratio	102	A	GAACT	ok	True
chr17	32370313	32370314	+	0.5	mod_ratio	80	A	AAACT	ok	True
chr17	32447008	32447009	+	0.184932	mod_ratio	146	A	GAACT	ok	True
chr17	32454504	32454505	+	0.534247	mod_ratio	147	A	GGACT	ok	True
chr17	32469132	32469133	+	0.518072	mod_ratio	83	A	GAACC	ok	True
chr17	32473835	32473836	+	0.402299	mod_ratio	88	A	AAACT	ok	True
chr17	32479876	32479877	+	0.386792	mod_ratio	106	A	AAACT	ok	True
chr17	32480568	32480569	+	0.307018	mod_ratio	115	A	AAACA	ok	True
chr17	32480621	32480622	+	0.396552	mod_ratio	116	A	AAACT	ok	True
chr17	36492829	36492830	+	0.319588	mod_ratio	98	A	AAACT	ok	True
chr17	36495714	36495715	+	0.570093	mod_ratio	163	A	AAACT	ok	True
chr17	38306576	38306577	+	0.854839	mod_ratio	63	A	GGACT	ok	True
chr17	38322791	38322792	+	0.296296	mod_ratio	81	A	GGACA	ok	True
chr17	38730766	38730767	+	0.121827	mod_ratio	199	A	GAACC	ok	True
chr17	38730778	38730779	+	0.231156	mod_ratio	199	A	GGACA	ok	True
chr17	38733531	38733532	+	0.142857	mod_ratio	218	A	AAACA	ok	True
chr17	38733673	38733674	+	0.305882	mod_ratio	190	A	AAACA	ok	True
chr17	38753258	38753259	+	0.284242	mod_ratio	683	A	GGACT	ok	True
chr17	38760507	38760508	+	0.111264	mod_ratio	734	A	AGACC	ok	True
chr17	38760565	38760566	+	0.126856	mod_ratio	743	A	GAACA	ok	True
chr17	38762431	38762432	+	0.123217	mod_ratio	775	A	AAACC	ok	True
chr17	38764162	38764163	+	0.167989	mod_ratio	763	A	GGACT	ok	True
chr17	38850091	38850092	-	0.16129	mod_ratio	1117	T	GGTTT	ok	True
chr17	38850096	38850097	-	0.286039	mod_ratio	1206	T	AGTTT	ok	True
chr17	38850197	38850198	-	0.110087	mod_ratio	2072	T	GGTCC	ok	True
chr17	38852622	38852623	-	0.302017	mod_ratio	2048	T	GGTTT	ok	True
chr17	38852680	38852681	-	0.1926	mod_ratio	2006	T	TGTTC	ok	True
chr17	38852722	38852723	-	0.379203	mod_ratio	1962	T	GGTTT	ok	True
chr17	38921544	38921545	+	0.247312	mod_ratio	94	A	AAACA	ok	True
chr17	38921673	38921674	+	0.276596	mod_ratio	97	A	AAACC	ok	True
chr17	38921712	38921713	+	0.543478	mod_ratio	93	A	GAACC	ok	True
chr17	39201291	39201292	+	0.236924	mod_ratio	3884	A	AGACC	ok	True
chr17	39202400	39202401	+	0.395065	mod_ratio	4123	A	AAACA	ok	True
chr17	39204552	39204553	+	0.117339	mod_ratio	4410	A	AGACC	ok	True
chr17	39204636	39204637	+	0.11175	mod_ratio	4100	A	AGACC	ok	True
chr17	39204649	39204650	+	0.404153	mod_ratio	4008	A	AAACC	ok	True
chr17	39204711	39204712	+	0.445441	mod_ratio	3468	A	AAACA	ok	True
chr17	39729479	39729480	-	0.228395	mod_ratio	164	T	GGTTT	ok	True
chr17	39997936	39997937	+	0.734694	mod_ratio	138	A	AAACA	ok	True
chr17	40296753	40296754	+	0.622642	mod_ratio	56	A	AAACC	ok	True
chr17	40398891	40398892	-	0.527273	mod_ratio	57	T	AGTTT	ok	True
chr17	40399926	40399927	-	0.634615	mod_ratio	57	T	AGTTT	ok	True
chr17	40404472	40404473	-	0.928571	mod_ratio	31	T	AGTTT	ok	True
chr17	40818137	40818138	-	0.228448	mod_ratio	248	T	AGTTT	ok	True
chr17	40818266	40818267	-	0.112782	mod_ratio	266	T	GGTCT	ok	True
chr17	40818314	40818315	-	0.159696	mod_ratio	264	T	TGTTT	ok	True
chr17	40818374	40818375	-	0.151751	mod_ratio	257	T	AGTTT	ok	True
chr17	40818387	40818388	-	0.167315	mod_ratio	257	T	TGTTT	ok	True
chr17	40818470	40818471	-	0.134615	mod_ratio	262	T	GGTTT	ok	True
chr17	41690786	41690787	+	0.137188	mod_ratio	892	A	GGACT	ok	True
chr17	41690910	41690911	+	0.108545	mod_ratio	873	A	AAACC	ok	True
chr17	41690985	41690986	+	0.534626	mod_ratio	839	A	AAACT	ok	True
chr17	41691029	41691030	+	0.152893	mod_ratio	244	A	AAACA	ok	True
chr17	41691071	41691072	+	0.234375	mod_ratio	259	A	AAACC	ok	True
chr17	41691122	41691123	+	0.205993	mod_ratio	273	A	AAACA	ok	True
chr17	41691137	41691138	+	0.419708	mod_ratio	280	A	GAACC	ok	True
chr17	41691194	41691195	+	0.528169	mod_ratio	289	A	GAACA	ok	True
chr17	41691352	41691353	+	0.165563	mod_ratio	305	A	GGACA	ok	True
chr17	41691412	41691413	+	0.162866	mod_ratio	309	A	AAACA	ok	True
chr17	41691449	41691450	+	0.326861	mod_ratio	311	A	AAACT	ok	True
chr17	41691475	41691476	+	0.240385	mod_ratio	315	A	AAACT	ok	True
chr17	41691555	41691556	+	0.122449	mod_ratio	302	A	AAACT	ok	True
chr17	41691612	41691613	+	0.162963	mod_ratio	276	A	AAACC	ok	True
chr17	41825303	41825304	-	0.54386	mod_ratio	57	T	GGTCC	ok	True
chr17	41867032	41867033	-	0.520548	mod_ratio	74	T	AGTCC	ok	True
chr17	41867426	41867427	-	0.774194	mod_ratio	63	T	TGTTT	ok	True
chr17	41867459	41867460	-	0.459016	mod_ratio	62	T	TGTTT	ok	True
chr17	41867694	41867695	-	0.644068	mod_ratio	59	T	TGTTT	ok	True
chr17	41867782	41867783	-	0.696429	mod_ratio	56	T	AGTTT	ok	True
chr17	41975143	41975144	+	0.397727	mod_ratio	94	A	AGACT	ok	True
chr17	41976523	41976524	-	0.4125	mod_ratio	81	T	TGTCC	ok	True
chr17	41976553	41976554	-	0.53012	mod_ratio	84	T	GGTCT	ok	True
chr17	41976668	41976669	-	0.44186	mod_ratio	87	T	TGTTT	ok	True
chr17	41981888	41981889	-	0.282353	mod_ratio	86	T	TGTCC	ok	True
chr17	41982366	41982367	-	0.555556	mod_ratio	81	T	AGTTC	ok	True
chr17	41983627	41983628	-	0.866667	mod_ratio	76	T	TGTCC	ok	True
chr17	41988818	41988819	-	0.373134	mod_ratio	69	T	AGTTC	ok	True
chr17	41994898	41994899	-	0.365079	mod_ratio	64	T	TGTTT	ok	True
chr17	42125233	42125234	-	0.383178	mod_ratio	110	T	GGTTT	ok	True
chr17	42564894	42564895	+	0.53125	mod_ratio	64	A	GAACA	ok	True
chr17	42565248	42565249	+	0.378378	mod_ratio	76	A	GGACA	ok	True
chr17	42565562	42565563	+	0.295455	mod_ratio	88	A	AGACT	ok	True
chr17	42565750	42565751	+	0.252632	mod_ratio	98	A	GAACA	ok	True
chr17	42566108	42566109	+	0.254237	mod_ratio	118	A	GGACA	ok	True
chr17	42571625	42571626	+	0.539683	mod_ratio	65	A	GAACA	ok	True
chr17	42571666	42571667	+	0.375	mod_ratio	67	A	GAACT	ok	True
chr17	42613671	42613672	+	0.264151	mod_ratio	109	A	GAACC	ok	True
chr17	42614344	42614345	+	0.179348	mod_ratio	188	A	AGACC	ok	True
chr17	42614352	42614353	+	0.225806	mod_ratio	190	A	AGACC	ok	True
chr17	42614919	42614920	+	0.219917	mod_ratio	245	A	GGACA	ok	True
chr17	42614931	42614932	+	0.18595	mod_ratio	245	A	GGACA	ok	True
chr17	42614949	42614950	+	0.209877	mod_ratio	247	A	GGACA	ok	True
chr17	42615051	42615052	+	0.279528	mod_ratio	257	A	GGACA	ok	True
chr17	42615057	42615058	+	0.15748	mod_ratio	257	A	GGACC	ok	True
chr17	42615127	42615128	+	0.334661	mod_ratio	257	A	GGACC	ok	True
chr17	42615157	42615158	+	0.379032	mod_ratio	251	A	GGACT	ok	True
chr17	42615176	42615177	+	0.571429	mod_ratio	245	A	AAACA	ok	True
chr17	42774685	42774686	+	0.346154	mod_ratio	104	A	GAACT	ok	True
chr17	42775383	42775384	+	0.514286	mod_ratio	105	A	GAACC	ok	True
chr17	42775453	42775454	+	0.293578	mod_ratio	109	A	AAACT	ok	True
chr17	42776288	42776289	+	0.243243	mod_ratio	111	A	GAACT	ok	True
chr17	42779127	42779128	+	0.396694	mod_ratio	124	A	AGACA	ok	True
chr17	42779149	42779150	+	0.203125	mod_ratio	129	A	AGACT	ok	True
chr17	42779171	42779172	+	0.209302	mod_ratio	130	A	AGACT	ok	True
chr17	42779181	42779182	+	0.192308	mod_ratio	130	A	GGACT	ok	True
chr17	42797651	42797652	-	0.463768	mod_ratio	98	T	AGTTT	ok	True
chr17	42797911	42797912	-	0.348387	mod_ratio	156	T	AGTCC	ok	True
chr17	42810669	42810670	-	0.884615	mod_ratio	26	T	TGTTT	ok	True
chr17	42834784	42834785	+	0.462963	mod_ratio	55	A	AAACA	ok	True
chr17	42838149	42838150	+	0.517241	mod_ratio	60	A	GGACA	ok	True
chr17	42838776	42838777	+	0.45	mod_ratio	63	A	AAACA	ok	True
chr17	42841599	42841600	+	0.302632	mod_ratio	77	A	GGACT	ok	True
chr17	42841620	42841621	+	0.578947	mod_ratio	77	A	AGACC	ok	True
chr17	42841664	42841665	+	0.391892	mod_ratio	79	A	AAACT	ok	True
chr17	42841717	42841718	+	0.490566	mod_ratio	64	A	AAACT	ok	True
chr17	42842599	42842600	+	0.520833	mod_ratio	51	A	GAACT	ok	True
chr17	43002907	43002908	+	0.304678	mod_ratio	3550	A	AAACT	ok	True
chr17	44319765	44319766	-	0.147945	mod_ratio	365	T	GGTCT	ok	True
chr17	44320019	44320020	-	0.274143	mod_ratio	328	T	GGTCC	ok	True
chr17	44320257	44320258	-	0.474227	mod_ratio	292	T	AGTCC	ok	True
chr17	44321135	44321136	-	0.57551	mod_ratio	249	T	AGTTC	ok	True
chr17	44323575	44323576	-	0.43609	mod_ratio	134	T	AGTCC	ok	True
chr17	44352498	44352499	+	0.195489	mod_ratio	133	A	GGACA	ok	True
chr17	44851264	44851265	-	0.371429	mod_ratio	71	T	AGTCC	ok	True
chr17	44851312	44851313	-	0.382353	mod_ratio	69	T	AGTTC	ok	True
chr17	44852470	44852471	-	0.576271	mod_ratio	60	T	AGTCT	ok	True
chr17	44854351	44854352	-	0.627907	mod_ratio	43	T	TGTCC	ok	True
chr17	44863694	44863695	-	0.55	mod_ratio	63	T	AGTCC	ok	True
chr17	44863772	44863773	-	0.576271	mod_ratio	59	T	TGTCC	ok	True
chr17	44865048	44865049	-	0.622642	mod_ratio	55	T	TGTCC	ok	True
chr17	45093783	45093784	+	0.648649	mod_ratio	44	A	GGACC	ok	True
chr17	45105773	45105774	+	0.486111	mod_ratio	72	A	AAACC	ok	True
chr17	46931204	46931205	+	0.764706	mod_ratio	34	A	AGACT	ok	True
chr17	47680125	47680126	+	0.471154	mod_ratio	106	A	GGACT	ok	True
chr17	47680651	47680652	+	0.545455	mod_ratio	114	A	AAACT	ok	True
chr17	47682536	47682537	+	0.308333	mod_ratio	120	A	AAACA	ok	True
chr17	47682785	47682786	+	0.205128	mod_ratio	117	A	GGACT	ok	True
chr17	47683020	47683021	+	0.318966	mod_ratio	117	A	AAACA	ok	True
chr17	47683049	47683050	+	0.530435	mod_ratio	115	A	AAACT	ok	True
chr17	47838437	47838438	-	0.396552	mod_ratio	58	T	GGTTT	ok	True
chr17	47981170	47981171	+	0.779661	mod_ratio	59	A	GGACC	ok	True
chr17	47981490	47981491	+	0.421875	mod_ratio	64	A	GAACC	ok	True
chr17	47981714	47981715	+	0.484375	mod_ratio	66	A	AAACC	ok	True
chr17	48892819	48892820	+	0.166052	mod_ratio	595	A	AGACC	ok	True
chr17	48893408	48893409	+	0.374121	mod_ratio	781	A	AGACT	ok	True
chr17	48894445	48894446	+	0.394645	mod_ratio	862	A	AAACA	ok	True
chr17	48895222	48895223	+	0.322508	mod_ratio	898	A	GGACA	ok	True
chr17	48895299	48895300	+	0.143956	mod_ratio	916	A	GAACC	ok	True
chr17	48895853	48895854	+	0.770701	mod_ratio	556	A	AAACA	ok	True
chr17	48930417	48930418	-	0.194805	mod_ratio	168	T	GGTTT	ok	True
chr17	48930577	48930578	-	0.285714	mod_ratio	170	T	AGTCC	ok	True
chr17	48930609	48930610	-	0.143713	mod_ratio	168	T	TGTTC	ok	True
chr17	48931665	48931666	-	0.315152	mod_ratio	167	T	GGTCT	ok	True
chr17	48936222	48936223	-	0.256757	mod_ratio	151	T	AGTTC	ok	True
chr17	48937071	48937072	-	0.590278	mod_ratio	149	T	AGTTC	ok	True
chr17	48940958	48940959	-	0.330275	mod_ratio	112	T	TGTCC	ok	True
chr17	48941008	48941009	-	0.5	mod_ratio	105	T	TGTTT	ok	True
chr17	49404088	49404089	-	0.296296	mod_ratio	83	T	AGTTT	ok	True
chr17	49404303	49404304	-	0.431818	mod_ratio	88	T	GGTCC	ok	True
chr17	49404816	49404817	-	0.712121	mod_ratio	67	T	AGTTT	ok	True
chr17	49405073	49405074	-	0.168605	mod_ratio	690	T	TGTCC	ok	True
chr17	49406806	49406807	-	0.167183	mod_ratio	650	T	TGTTT	ok	True
chr17	49409385	49409386	-	0.141093	mod_ratio	577	T	AGTCC	ok	True
chr17	49411767	49411768	-	0.209205	mod_ratio	490	T	AGTCC	ok	True
chr17	49411787	49411788	-	0.286316	mod_ratio	479	T	TGTCC	ok	True
chr17	49413193	49413194	-	0.18847	mod_ratio	454	T	AGTTC	ok	True
chr17	49413265	49413266	-	0.124706	mod_ratio	431	T	TGTTT	ok	True
chr17	49701364	49701365	-	0.319149	mod_ratio	101	T	AGTCC	ok	True
chr17	49704182	49704183	-	0.45679	mod_ratio	81	T	GGTCC	ok	True
chr17	49704202	49704203	-	0.3125	mod_ratio	81	T	AGTCC	ok	True
chr17	50105408	50105409	+	0.914286	mod_ratio	35	A	GGACA	ok	True
chr17	50367926	50367927	-	0.165919	mod_ratio	225	T	GGTCT	ok	True
chr17	50367938	50367939	-	0.115556	mod_ratio	226	T	GGTTT	ok	True
chr17	50368064	50368065	-	0.144105	mod_ratio	229	T	AGTCT	ok	True
chr17	50368209	50368210	-	0.423256	mod_ratio	216	T	TGTTT	ok	True
chr17	50381432	50381433	-	0.333333	mod_ratio	106	T	AGTTT	ok	True
chr17	50381818	50381819	-	0.533333	mod_ratio	93	T	TGTTT	ok	True
chr17	50381871	50381872	-	0.340909	mod_ratio	90	T	TGTTT	ok	True
chr17	50381888	50381889	-	0.420455	mod_ratio	89	T	TGTTT	ok	True
chr17	50381914	50381915	-	0.413793	mod_ratio	88	T	GGTCT	ok	True
chr17	50382041	50382042	-	0.311688	mod_ratio	79	T	GGTTT	ok	True
chr17	50382233	50382234	-	0.385714	mod_ratio	74	T	AGTCT	ok	True
chr17	50382918	50382919	-	0.313953	mod_ratio	86	T	TGTCC	ok	True
chr17	50383004	50383005	-	0.471264	mod_ratio	87	T	GGTCT	ok	True
chr17	50385235	50385236	-	0.491803	mod_ratio	64	T	AGTTC	ok	True
chr17	50719710	50719711	+	0.387755	mod_ratio	103	A	GAACA	ok	True
chr17	50719775	50719776	+	0.601942	mod_ratio	105	A	GGACC	ok	True
chr17	50862844	50862845	-	0.409091	mod_ratio	66	T	TGTTT	ok	True
chr17	50863721	50863722	+	0.442308	mod_ratio	84	A	AAACC	ok	True
chr17	51153590	51153591	+	0.440729	mod_ratio	474	A	GAACC	ok	True
chr17	51153644	51153645	+	0.125661	mod_ratio	783	A	AAACC	ok	True
chr17	51155651	51155652	+	0.209657	mod_ratio	801	A	GAACC	ok	True
chr17	51155689	51155690	+	0.359259	mod_ratio	818	A	AAACC	ok	True
chr17	51161210	51161211	+	0.108652	mod_ratio	1001	A	AGACC	ok	True
chr17	51161223	51161224	+	0.121242	mod_ratio	1008	A	AGACT	ok	True
chr17	51161237	51161238	+	0.20796	mod_ratio	1012	A	GGACC	ok	True
chr17	51161250	51161251	+	0.10427	mod_ratio	1015	A	AGACT	ok	True
chr17	51161729	51161730	+	0.110324	mod_ratio	996	A	GAACA	ok	True
chr17	51161799	51161800	+	0.190291	mod_ratio	1040	A	GAACT	ok	True
chr17	51161856	51161857	+	0.462945	mod_ratio	1048	A	AGACC	ok	True
chr17	51161904	51161905	+	0.17345	mod_ratio	1050	A	GGACC	ok	True
chr17	51161937	51161938	+	0.649071	mod_ratio	1032	A	GAACT	ok	True
chr17	51168284	51168285	+	0.170057	mod_ratio	1944	A	AGACC	ok	True
chr17	51168320	51168321	+	0.103817	mod_ratio	1980	A	GAACT	ok	True
chr17	51169987	51169988	+	0.119072	mod_ratio	2006	A	AGACC	ok	True
chr17	51170027	51170028	+	0.152	mod_ratio	2024	A	GGACT	ok	True
chr17	51171488	51171489	+	0.135096	mod_ratio	2085	A	GAACA	ok	True
chr17	51171611	51171612	+	0.184	mod_ratio	2142	A	GGACA	ok	True
chr17	51171654	51171655	+	0.503352	mod_ratio	2124	A	GGACA	ok	True
chr17	51266241	51266242	+	0.457627	mod_ratio	61	A	AAACT	ok	True
chr17	51288080	51288081	+	0.620253	mod_ratio	83	A	AAACA	ok	True
chr17	51293933	51293934	+	0.357143	mod_ratio	84	A	AAACT	ok	True
chr17	51297829	51297830	+	0.285714	mod_ratio	84	A	AAACT	ok	True
chr17	51297908	51297909	+	0.493151	mod_ratio	79	A	AAACA	ok	True
chr17	54961785	54961786	+	0.6	mod_ratio	45	A	GAACA	ok	True
chr17	54961987	54961988	-	0.925926	mod_ratio	27	T	TGTTT	ok	True
chr17	57006725	57006726	+	0.96	mod_ratio	26	A	AAACA	ok	True
chr17	57839583	57839584	-	0.352332	mod_ratio	193	T	TGTCC	ok	True
chr17	57839597	57839598	-	0.181347	mod_ratio	193	T	AGTTC	ok	True
chr17	57839705	57839706	-	0.446154	mod_ratio	195	T	AGTTC	ok	True
chr17	57839713	57839714	-	0.502564	mod_ratio	195	T	TGTTT	ok	True
chr17	57839810	57839811	-	0.18593	mod_ratio	199	T	GGTCT	ok	True
chr17	57839834	57839835	-	0.160804	mod_ratio	199	T	GGTCC	ok	True
chr17	57839856	57839857	-	0.19598	mod_ratio	199	T	AGTCT	ok	True
chr17	57839877	57839878	-	0.168367	mod_ratio	196	T	AGTCT	ok	True
chr17	57839884	57839885	-	0.321429	mod_ratio	196	T	GGTCT	ok	True
chr17	57839899	57839900	-	0.19171	mod_ratio	196	T	TGTTC	ok	True
chr17	57840984	57840985	-	0.201087	mod_ratio	186	T	TGTTT	ok	True
chr17	57841011	57841012	-	0.31694	mod_ratio	184	T	TGTTT	ok	True
chr17	57841021	57841022	-	0.15847	mod_ratio	184	T	AGTTT	ok	True
chr17	57849988	57849989	-	0.155405	mod_ratio	150	T	GGTTT	ok	True
chr17	58003509	58003510	-	0.866667	mod_ratio	81	T	TGTTT	ok	True
chr17	58003645	58003646	-	0.793478	mod_ratio	94	T	TGTTT	ok	True
chr17	58003844	58003845	-	0.333333	mod_ratio	102	T	GGTTT	ok	True
chr17	58004097	58004098	-	0.712329	mod_ratio	107	T	AGTTT	ok	True
chr17	58004220	58004221	-	0.327731	mod_ratio	120	T	AGTTC	ok	True
chr17	58004298	58004299	-	0.62931	mod_ratio	118	T	AGTTT	ok	True
chr17	58004814	58004815	-	0.529412	mod_ratio	90	T	TGTTT	ok	True
chr17	58346080	58346081	-	0.435644	mod_ratio	101	T	AGTCC	ok	True
chr17	58346179	58346180	-	0.68932	mod_ratio	105	T	AGTTC	ok	True
chr17	58351500	58351501	-	0.472527	mod_ratio	93	T	GGTCT	ok	True
chr17	58724087	58724088	+	0.673913	mod_ratio	46	A	GGACC	ok	True
chr17	58734165	58734166	+	0.686275	mod_ratio	51	A	AAACA	ok	True
chr17	58734310	58734311	+	0.885714	mod_ratio	46	A	AAACA	ok	True
chr17	59697433	59697434	-	0.222222	mod_ratio	108	T	AGTCC	ok	True
chr17	59697567	59697568	-	0.613208	mod_ratio	110	T	AGTCC	ok	True
chr17	59839888	59839889	+	0.237624	mod_ratio	102	A	GAACT	ok	True
chr17	59839971	59839972	+	0.256881	mod_ratio	109	A	GGACT	ok	True
chr17	59840168	59840169	+	0.266667	mod_ratio	121	A	AGACT	ok	True
chr17	59952817	59952818	-	0.966667	mod_ratio	30	T	GGTTT	ok	True
chr17	59952966	59952967	-	0.741935	mod_ratio	31	T	AGTTT	ok	True
chr17	62426549	62426550	+	0.605263	mod_ratio	38	A	AAACA	ok	True
chr17	62427806	62427807	+	0.72093	mod_ratio	44	A	AAACA	ok	True
chr17	63752053	63752054	-	0.756098	mod_ratio	41	T	AGTTT	ok	True
chr17	63756329	63756330	-	0.462687	mod_ratio	67	T	GGTTT	ok	True
chr17	63761339	63761340	-	0.548387	mod_ratio	62	T	AGTTC	ok	True
chr17	63764787	63764788	-	0.5625	mod_ratio	49	T	GGTTT	ok	True
chr17	63819871	63819872	-	0.584906	mod_ratio	53	T	AGTCC	ok	True
chr17	63828169	63828170	+	0.652174	mod_ratio	138	A	GGACT	ok	True
chr17	63829549	63829550	+	0.615385	mod_ratio	144	A	GAACT	ok	True
chr17	63830172	63830173	+	0.320988	mod_ratio	163	A	AAACA	ok	True
chr17	63830343	63830344	+	0.194118	mod_ratio	172	A	AGACC	ok	True
chr17	63830407	63830408	+	0.168605	mod_ratio	174	A	GGACT	ok	True
chr17	63830412	63830413	+	0.244186	mod_ratio	174	A	GGACA	ok	True
chr17	63830416	63830417	+	0.47093	mod_ratio	173	A	AAACA	ok	True
chr17	63830825	63830826	+	0.152542	mod_ratio	178	A	GGACC	ok	True
chr17	63830844	63830845	+	0.20339	mod_ratio	180	A	AGACA	ok	True
chr17	63830909	63830910	+	0.78453	mod_ratio	183	A	GAACT	ok	True
chr17	63831075	63831076	+	0.183246	mod_ratio	192	A	GAACA	ok	True
chr17	63831152	63831153	+	0.126263	mod_ratio	199	A	GGACA	ok	True
chr17	63831360	63831361	+	0.161905	mod_ratio	211	A	GGACT	ok	True
chr17	63831515	63831516	+	0.373832	mod_ratio	215	A	GGACA	ok	True
chr17	63831787	63831788	+	0.108491	mod_ratio	212	A	GGACT	ok	True
chr17	63831940	63831941	+	0.147619	mod_ratio	210	A	AAACA	ok	True
chr17	63831973	63831974	+	0.584158	mod_ratio	206	A	GGACA	ok	True
chr17	64477944	64477945	-	0.941176	mod_ratio	36	T	AGTTT	ok	True
chr17	64482927	64482928	-	0.764706	mod_ratio	37	T	AGTTC	ok	True
chr17	64485809	64485810	-	0.75	mod_ratio	34	T	GGTCT	ok	True
chr17	64499748	64499749	-	0.293578	mod_ratio	436	T	TGTTT	ok	True
chr17	64499838	64499839	-	0.103448	mod_ratio	437	T	TGTTT	ok	True
chr17	64499920	64499921	-	0.106481	mod_ratio	432	T	AGTCT	ok	True
chr17	64500001	64500002	-	0.260664	mod_ratio	428	T	GGTTC	ok	True
chr17	64500071	64500072	-	0.72439	mod_ratio	413	T	AGTCC	ok	True
chr17	64500089	64500090	-	0.215686	mod_ratio	413	T	AGTCC	ok	True
chr17	64500101	64500102	-	0.343137	mod_ratio	410	T	GGTCT	ok	True
chr17	64500179	64500180	-	0.23	mod_ratio	405	T	AGTTT	ok	True
chr17	64500283	64500284	-	0.1575	mod_ratio	406	T	TGTCC	ok	True
chr17	64500559	64500560	-	0.10396	mod_ratio	410	T	TGTCT	ok	True
chr17	64500677	64500678	-	0.132979	mod_ratio	381	T	TGTTT	ok	True
chr17	64500695	64500696	-	0.157609	mod_ratio	377	T	AGTTC	ok	True
chr17	64501047	64501048	-	0.604651	mod_ratio	45	T	AGTTC	ok	True
chr17	64502061	64502062	-	0.226006	mod_ratio	324	T	TGTTT	ok	True
chr17	64502484	64502485	-	0.210692	mod_ratio	325	T	GGTTT	ok	True
chr17	64502548	64502549	-	0.246106	mod_ratio	325	T	AGTCT	ok	True
chr17	64502979	64502980	-	0.89172	mod_ratio	318	T	GGTTT	ok	True
chr17	64502990	64502991	-	0.306931	mod_ratio	315	T	AGTTC	ok	True
chr17	64503006	64503007	-	0.748322	mod_ratio	301	T	TGTTT	ok	True
chr17	64503047	64503048	-	0.153061	mod_ratio	295	T	TGTCT	ok	True
chr17	64503085	64503086	-	0.560554	mod_ratio	293	T	AGTTT	ok	True
chr17	64503187	64503188	-	0.190972	mod_ratio	288	T	ACTCT	ok	False
chr17	64503220	64503221	-	0.194346	mod_ratio	285	T	GGTTC	ok	True
chr17	64503316	64503317	-	0.475	mod_ratio	283	T	AGTCT	ok	True
chr17	64503454	64503455	-	0.280576	mod_ratio	279	T	GGTCC	ok	True
chr17	64503544	64503545	-	0.35316	mod_ratio	270	T	AGTTC	ok	True
chr17	64503990	64503991	-	0.198473	mod_ratio	264	T	TGTTT	ok	True
chr17	64504005	64504006	-	0.35	mod_ratio	264	T	AGTCT	ok	True
chr17	64504075	64504076	-	0.207171	mod_ratio	253	T	GGTTC	ok	True
chr17	64504305	64504306	-	0.506494	mod_ratio	234	T	TGTTT	ok	True
chr17	64506081	64506082	-	0.463964	mod_ratio	223	T	GGTCC	ok	True
chr17	64506093	64506094	-	0.142202	mod_ratio	222	T	GGTCT	ok	True
chr17	67340920	67340921	-	0.541667	mod_ratio	49	T	AGTTT	ok	True
chr17	67347391	67347392	-	0.431034	mod_ratio	58	T	TGTTC	ok	True
chr17	67347478	67347479	-	0.508475	mod_ratio	59	T	GGTTT	ok	True
chr17	67348617	67348618	-	0.568966	mod_ratio	59	T	TGTTT	ok	True
chr17	67736667	67736668	+	0.547619	mod_ratio	43	A	GAACT	ok	True
chr17	67737649	67737650	+	0.695652	mod_ratio	46	A	GAACT	ok	True
chr17	67739603	67739604	+	0.375	mod_ratio	65	A	GAACC	ok	True
chr17	67744054	67744055	+	0.522727	mod_ratio	45	A	GGACA	ok	True
chr17	68037199	68037200	+	0.175182	mod_ratio	140	A	AGACA	ok	True
chr17	68037481	68037482	+	0.248408	mod_ratio	160	A	AAACC	ok	True
chr17	68042087	68042088	+	0.678161	mod_ratio	176	A	AAACT	ok	True
chr17	68042105	68042106	+	0.159091	mod_ratio	178	A	AAACA	ok	True
chr17	68042232	68042233	+	0.13198	mod_ratio	202	A	GGACA	ok	True
chr17	68042344	68042345	+	0.16129	mod_ratio	220	A	AAACA	ok	True
chr17	68042925	68042926	+	0.10177	mod_ratio	229	A	AGACT	ok	True
chr17	68043126	68043127	+	0.161017	mod_ratio	243	A	GGACA	ok	True
chr17	68043306	68043307	+	0.150307	mod_ratio	334	A	AAACA	ok	True
chr17	68043884	68043885	+	0.223837	mod_ratio	355	A	GAACA	ok	True
chr17	68043951	68043952	+	0.52381	mod_ratio	381	A	AAACT	ok	True
chr17	68043978	68043979	+	0.338583	mod_ratio	391	A	GGACA	ok	True
chr17	68043988	68043989	+	0.117949	mod_ratio	392	A	AAACA	ok	True
chr17	68044009	68044010	+	0.212276	mod_ratio	405	A	GGACC	ok	True
chr17	68044332	68044333	+	0.126794	mod_ratio	420	A	AGACA	ok	True
chr17	68044380	68044381	+	0.101695	mod_ratio	421	A	GAACA	ok	True
chr17	68044388	68044389	+	0.195181	mod_ratio	419	A	GAACA	ok	True
chr17	68044424	68044425	+	0.157767	mod_ratio	417	A	GAACC	ok	True
chr17	68044435	68044436	+	0.480488	mod_ratio	418	A	GAACC	ok	True
chr17	68045782	68045783	+	0.142191	mod_ratio	434	A	AAACT	ok	True
chr17	68045792	68045793	+	0.211137	mod_ratio	435	A	AAACT	ok	True
chr17	68045800	68045801	+	0.157407	mod_ratio	438	A	AAACT	ok	True
chr17	68046533	68046534	+	0.368653	mod_ratio	457	A	AAACT	ok	True
chr17	68046714	68046715	+	0.170616	mod_ratio	427	A	AAACT	ok	True
chr17	68046725	68046726	+	0.220379	mod_ratio	428	A	GAACA	ok	True
chr17	68046824	68046825	+	0.681159	mod_ratio	406	A	AAACA	ok	True
chr17	68250210	68250211	+	0.843137	mod_ratio	53	A	GAACA	ok	True
chr17	68250399	68250400	+	0.441176	mod_ratio	68	A	GAACA	ok	True
chr17	68250440	68250441	+	0.56338	mod_ratio	73	A	AAACA	ok	True
chr17	68250805	68250806	+	0.746667	mod_ratio	78	A	AAACA	ok	True
chr17	68257051	68257052	+	0.688889	mod_ratio	49	A	AAACT	ok	True
chr17	74204154	74204155	+	0.25175	mod_ratio	3300	A	GGACT	ok	True
chr17	74209210	74209211	+	0.196019	mod_ratio	3340	A	GGACA	ok	True
chr17	74209286	74209287	+	0.16787	mod_ratio	3340	A	AAACT	ok	True
chr17	74209819	74209820	+	0.100619	mod_ratio	3229	A	GAACT	ok	True
chr17	74209829	74209830	+	0.13027	mod_ratio	3103	A	GAACC	ok	True
chr17	74209848	74209849	+	0.517173	mod_ratio	2825	A	GAACT	ok	True
chr17	74769252	74769253	+	0.433333	mod_ratio	60	A	GAACT	ok	True
chr17	74769321	74769322	+	0.418182	mod_ratio	56	A	AAACA	ok	True
chr17	74770721	74770722	-	0.589286	mod_ratio	56	T	TGTTT	ok	True
chr17	75012852	75012853	+	0.434343	mod_ratio	99	A	GGACA	ok	True
chr17	75020642	75020643	+	0.365217	mod_ratio	115	A	AAACT	ok	True
chr17	75021212	75021213	+	0.446602	mod_ratio	109	A	AAACC	ok	True
chr17	75038884	75038885	-	0.40081	mod_ratio	520	T	TGTCC	ok	True
chr17	75042541	75042542	-	0.127178	mod_ratio	575	T	GGTCT	ok	True
chr17	75042622	75042623	-	0.198556	mod_ratio	554	T	GGTTT	ok	True
chr17	75042635	75042636	-	0.157798	mod_ratio	554	T	AGTTT	ok	True
chr17	75046949	75046950	-	0.2	mod_ratio	512	T	GGTCC	ok	True
chr17	75130763	75130764	-	0.315789	mod_ratio	77	T	TGTCC	ok	True
chr17	75136049	75136050	-	0.261111	mod_ratio	184	T	AGTTC	ok	True
chr17	75148567	75148568	-	0.150602	mod_ratio	167	T	TGTCC	ok	True
chr17	75167746	75167747	-	0.446237	mod_ratio	521	T	AGTTT	ok	True
chr17	75167804	75167805	-	0.166078	mod_ratio	567	T	TGTTT	ok	True
chr17	75167960	75167961	-	0.281739	mod_ratio	593	T	TGTTT	ok	True
chr17	75168124	75168125	-	0.640449	mod_ratio	546	T	TGTTT	ok	True
chr17	75168268	75168269	-	0.19702	mod_ratio	616	T	AGTTT	ok	True
chr17	75174768	75174769	-	0.247331	mod_ratio	579	T	TGTTT	ok	True
chr17	75181083	75181084	-	0.290875	mod_ratio	535	T	AGTTT	ok	True
chr17	75181175	75181176	-	0.205285	mod_ratio	498	T	AGTCT	ok	True
chr17	75234778	75234779	+	0.217073	mod_ratio	414	A	GAACA	ok	True
chr17	75234784	75234785	+	0.195122	mod_ratio	414	A	AAACA	ok	True
chr17	75235116	75235117	+	0.188862	mod_ratio	416	A	GAACA	ok	True
chr17	75235120	75235121	+	0.11138	mod_ratio	417	A	AGACT	ok	True
chr17	75235592	75235593	+	0.211905	mod_ratio	421	A	AGACC	ok	True
chr17	75235615	75235616	+	0.13981	mod_ratio	424	A	AGACT	ok	True
chr17	75262656	75262657	+	0.101504	mod_ratio	271	A	AAACA	ok	True
chr17	75262835	75262836	+	0.615385	mod_ratio	289	A	AAACA	ok	True
chr17	75263398	75263399	+	0.468153	mod_ratio	316	A	GAACA	ok	True
chr17	75265961	75265962	+	0.209239	mod_ratio	379	A	AAACA	ok	True
chr17	75265988	75265989	+	0.43454	mod_ratio	360	A	AAACT	ok	True
chr17	75266097	75266098	+	0.534615	mod_ratio	260	A	GAACT	ok	True
chr17	75266165	75266166	+	0.10728	mod_ratio	262	A	AAACT	ok	True
chr17	75266202	75266203	+	0.1341	mod_ratio	270	A	GGACC	ok	True
chr17	75266269	75266270	+	0.215768	mod_ratio	272	A	GAACT	ok	True
chr17	75266302	75266303	+	0.244726	mod_ratio	274	A	AAACT	ok	True
chr17	75273167	75273168	-	0.394366	mod_ratio	71	T	TGTTT	ok	True
chr17	75273306	75273307	-	0.38806	mod_ratio	67	T	TGTCC	ok	True
chr17	75332707	75332708	-	0.793103	mod_ratio	29	T	GGTTT	ok	True
chr17	75668618	75668619	+	0.425926	mod_ratio	54	A	AGACA	ok	True
chr17	75693474	75693475	+	0.377049	mod_ratio	61	A	GAACT	ok	True
chr17	75703838	75703839	+	0.553846	mod_ratio	65	A	GGACT	ok	True
chr17	75706698	75706699	+	0.35443	mod_ratio	81	A	GGACA	ok	True
chr17	75777471	75777472	-	0.413333	mod_ratio	242	T	AGTTT	ok	True
chr17	75777619	75777620	-	0.407407	mod_ratio	271	T	GGTTC	ok	True
chr17	75777659	75777660	-	0.197026	mod_ratio	271	T	AGTTT	ok	True
chr17	75777702	75777703	-	0.370787	mod_ratio	270	T	TGTTT	ok	True
chr17	75777779	75777780	-	0.394422	mod_ratio	258	T	AGTTC	ok	True
chr17	75777861	75777862	-	0.469388	mod_ratio	247	T	TGTTT	ok	True
chr17	75778850	75778851	-	0.137128	mod_ratio	778	T	GGTTT	ok	True
chr17	75778955	75778956	-	0.100942	mod_ratio	749	T	GGTCC	ok	True
chr17	75779164	75779165	-	0.214697	mod_ratio	699	T	GGTTC	ok	True
chr17	75898660	75898661	-	0.393617	mod_ratio	156	T	TGTTT	ok	True
chr17	75898892	75898893	-	0.151042	mod_ratio	192	T	GGTCC	ok	True
chr17	75899245	75899246	-	0.589286	mod_ratio	173	T	TGTTT	ok	True
chr17	75899640	75899641	-	0.258065	mod_ratio	155	T	TGTCC	ok	True
chr17	75902080	75902081	-	0.227273	mod_ratio	111	T	TGTTT	ok	True
chr17	76039265	76039266	-	0.247312	mod_ratio	93	T	AGTTT	ok	True
chr17	76039765	76039766	-	0.267442	mod_ratio	90	T	TGTTC	ok	True
chr17	76040453	76040454	-	0.324675	mod_ratio	80	T	TGTTT	ok	True
chr17	76311444	76311445	-	0.547945	mod_ratio	74	T	TGTTT	ok	True
chr17	76311560	76311561	-	0.371429	mod_ratio	71	T	TGTTT	ok	True
chr17	76330596	76330597	-	0.657534	mod_ratio	74	T	TGTCC	ok	True
chr17	76348537	76348538	-	0.433333	mod_ratio	60	T	GGTCT	ok	True
chr17	76563360	76563361	+	0.464	mod_ratio	127	A	AAACT	ok	True
chr17	76563406	76563407	+	0.188525	mod_ratio	126	A	AAACT	ok	True
chr17	76718610	76718611	-	0.442623	mod_ratio	63	T	TGTCC	ok	True
chr17	76733126	76733127	+	0.478873	mod_ratio	73	A	GGACT	ok	True
chr17	76733710	76733711	+	0.342105	mod_ratio	76	A	GGACA	ok	True
chr17	76733745	76733746	+	0.6	mod_ratio	76	A	AAACT	ok	True
chr17	76733756	76733757	+	0.4	mod_ratio	75	A	AGACC	ok	True
chr17	76733841	76733842	+	0.373134	mod_ratio	67	A	AAACT	ok	True
chr17	76734143	76734144	-	0.502203	mod_ratio	243	T	TGTTT	ok	True
chr17	76734265	76734266	-	0.314286	mod_ratio	285	T	AGTTC	ok	True
chr17	76734435	76734436	-	0.216028	mod_ratio	290	T	TGTTT	ok	True
chr17	76734603	76734604	-	0.704453	mod_ratio	251	T	TGTTT	ok	True
chr17	76734668	76734669	-	0.120172	mod_ratio	241	T	GGTTC	ok	True
chr17	76734731	76734732	-	0.376106	mod_ratio	230	T	GGTTT	ok	True
chr17	76734852	76734853	-	0.575188	mod_ratio	290	T	TGTTT	ok	True
chr17	76735001	76735002	-	0.406375	mod_ratio	258	T	AGTTT	ok	True
chr17	76735082	76735083	-	0.14902	mod_ratio	258	T	TGTTC	ok	True
chr17	76736870	76736871	-	0.225166	mod_ratio	152	T	AGTCC	ok	True
chr17	76737017	76737018	-	0.310924	mod_ratio	121	T	GGTCC	ok	True
chr17	76737104	76737105	-	0.271028	mod_ratio	107	T	TGTCC	ok	True
chr17	77499706	77499707	+	0.219512	mod_ratio	126	A	AGACT	ok	True
chr17	77499871	77499872	+	0.416058	mod_ratio	138	A	GAACC	ok	True
chr17	77500076	77500077	+	0.16129	mod_ratio	160	A	AGACT	ok	True
chr17	77500238	77500239	+	0.186441	mod_ratio	177	A	GGACC	ok	True
chr17	77500263	77500264	+	0.156425	mod_ratio	180	A	AGACA	ok	True
chr17	77500300	77500301	+	0.128492	mod_ratio	181	A	AAACC	ok	True
chr17	78171862	78171863	+	0.323529	mod_ratio	138	A	GGACA	ok	True
chr17	78171988	78171989	+	0.176101	mod_ratio	163	A	GGACT	ok	True
chr17	78172010	78172011	+	0.352201	mod_ratio	165	A	GAACT	ok	True
chr17	78174628	78174629	-	0.217822	mod_ratio	205	T	AGTTC	ok	True
chr17	78174861	78174862	-	0.181287	mod_ratio	171	T	TGTCC	ok	True
chr17	78187009	78187010	-	0.31	mod_ratio	105	T	AGTTC	ok	True
chr17	78216750	78216751	+	0.368421	mod_ratio	115	A	AAACT	ok	True
chr17	78223473	78223474	+	0.195122	mod_ratio	124	A	AAACC	ok	True
chr17	78223503	78223504	+	0.218487	mod_ratio	121	A	AAACT	ok	True
chr17	78224036	78224037	+	0.308271	mod_ratio	144	A	GGACA	ok	True
chr17	78224194	78224195	+	0.423077	mod_ratio	159	A	AAACT	ok	True
chr17	78224206	78224207	+	0.18705	mod_ratio	160	A	AAACT	ok	True
chr17	78224249	78224250	+	0.168919	mod_ratio	158	A	GAACT	ok	True
chr17	78224268	78224269	+	0.151899	mod_ratio	165	A	AGACA	ok	True
chr17	78224329	78224330	+	0.218182	mod_ratio	168	A	AGACA	ok	True
chr17	78224644	78224645	+	0.129213	mod_ratio	183	A	AAACC	ok	True
chr17	78225271	78225272	+	0.617021	mod_ratio	48	A	AAACC	ok	True
chr17	78971687	78971688	-	0.405405	mod_ratio	75	T	TGTCC	ok	True
chr17	78971861	78971862	-	0.393443	mod_ratio	64	T	AGTTC	ok	True
chr17	78972140	78972141	-	0.627907	mod_ratio	44	T	GGTTC	ok	True
chr17	80135391	80135392	-	0.10221	mod_ratio	366	T	AGTCC	ok	True
chr17	80135462	80135463	-	0.114973	mod_ratio	381	T	AGTCT	ok	True
chr17	80137496	80137497	-	0.172638	mod_ratio	314	T	AGTCC	ok	True
chr17	80140066	80140067	-	0.135458	mod_ratio	252	T	TGTCC	ok	True
chr17	80141371	80141372	-	0.178723	mod_ratio	238	T	AGTTT	ok	True
chr17	80141825	80141826	-	0.221239	mod_ratio	229	T	TGTTT	ok	True
chr17	80146873	80146874	-	0.148325	mod_ratio	214	T	GGTCT	ok	True
chr17	80467294	80467295	-	0.825	mod_ratio	41	T	TGTTT	ok	True
chr17	81241021	81241022	+	0.140244	mod_ratio	166	A	GGACT	ok	True
chr17	81241223	81241224	+	0.220588	mod_ratio	141	A	AAACC	ok	True
chr17	81241263	81241264	+	0.443299	mod_ratio	124	A	AGACT	ok	True
chr17	81510029	81510030	-	0.357109	mod_ratio	2156	T	TGTTC	ok	True
chr17	81510184	81510185	-	0.144519	mod_ratio	2263	T	TGTTC	ok	True
chr17	81510274	81510275	-	0.12117	mod_ratio	2200	T	GGTTC	ok	True
chr17	81510524	81510525	-	0.112551	mod_ratio	1492	T	AGTTC	ok	True
chr17	81510592	81510593	-	0.266764	mod_ratio	1451	T	AGTTT	ok	True
chr17	81511047	81511048	-	0.142857	mod_ratio	1004	T	TGTCC	ok	True
chr17	81511081	81511082	-	0.441667	mod_ratio	986	T	GGTCT	ok	True
chr17	81511528	81511529	-	0.12786	mod_ratio	757	T	AGTCC	ok	True
chr17	81512113	81512114	-	0.221053	mod_ratio	586	T	AGTCC	ok	True
chr17	81512237	81512238	-	0.144928	mod_ratio	562	T	TGTCT	ok	True
chr17	81665185	81665186	-	0.616883	mod_ratio	155	T	AGTCC	ok	True
chr17	81665255	81665256	-	0.175325	mod_ratio	155	T	GGTTC	ok	True
chr17	81681228	81681229	-	0.472973	mod_ratio	85	T	AGTTT	ok	True
chr17	81681556	81681557	-	0.682353	mod_ratio	85	T	AGTTT	ok	True
chr17	81683028	81683029	-	0.389831	mod_ratio	60	T	AGTTT	ok	True
chr17	81703471	81703472	+	0.223684	mod_ratio	290	A	GAACC	ok	True
chr17	81703497	81703498	+	0.510386	mod_ratio	352	A	GGACC	ok	True
chr17	81706941	81706942	+	0.15625	mod_ratio	456	A	GGACA	ok	True
chr17	81706981	81706982	+	0.168467	mod_ratio	468	A	GGACA	ok	True
chr17	81707382	81707383	+	0.208081	mod_ratio	499	A	GGACA	ok	True
chr17	81843194	81843195	-	0.117886	mod_ratio	513	T	TGTTC	ok	True
chr17	81843295	81843296	-	0.29636	mod_ratio	579	T	GGTTC	ok	True
chr17	81843639	81843640	-	0.240781	mod_ratio	464	T	TGTCT	ok	True
chr17	81843764	81843765	-	0.155502	mod_ratio	426	T	GGTTT	ok	True
chr17	81843891	81843892	-	0.487936	mod_ratio	379	T	GGTTC	ok	True
chr17	81844017	81844018	-	0.237805	mod_ratio	336	T	AGTTC	ok	True
chr17	81844057	81844058	-	0.107595	mod_ratio	320	T	TGTCT	ok	True
chr17	81845642	81845643	-	0.139344	mod_ratio	252	T	AGTCC	ok	True
chr17	81845953	81845954	-	0.183761	mod_ratio	236	T	TGTCC	ok	True
chr17	81846988	81846989	-	0.510101	mod_ratio	202	T	AGTTT	ok	True
chr17	81847071	81847072	-	0.388889	mod_ratio	187	T	TGTCT	ok	True
chr17	81847281	81847282	-	0.589474	mod_ratio	193	T	TGTTT	ok	True
chr17	81855558	81855559	-	0.187845	mod_ratio	185	T	AGTTC	ok	True
chr17	81867866	81867867	-	0.34127	mod_ratio	126	T	TGTTT	ok	True
chr17	81868258	81868259	-	0.280488	mod_ratio	84	T	TGTCC	ok	True
chr17	81891741	81891742	+	0.297619	mod_ratio	198	A	AGACT	ok	True
chr17	81900137	81900138	+	0.167873	mod_ratio	787	A	GGACA	ok	True
chr17	81900167	81900168	+	0.620865	mod_ratio	799	A	AAACA	ok	True
chr17	81900231	81900232	+	0.286573	mod_ratio	617	A	AAACT	ok	True
chr17	81900240	81900241	+	0.819048	mod_ratio	583	A	AAACT	ok	True
chr17	81932452	81932453	-	0.152778	mod_ratio	293	T	TGTCT	ok	True
chr17	81932648	81932649	-	0.174216	mod_ratio	288	T	AGTTC	ok	True
chr17	81932683	81932684	-	0.265957	mod_ratio	285	T	TGTCC	ok	True
chr17	81932785	81932786	-	0.231061	mod_ratio	267	T	GGTTT	ok	True
chr17	81932961	81932962	-	0.271111	mod_ratio	226	T	GGTCC	ok	True
chr17	81932972	81932973	-	0.285714	mod_ratio	223	T	GGTTT	ok	True
chr17	81933092	81933093	-	0.306818	mod_ratio	186	T	TGTCC	ok	True
chr17	81933155	81933156	-	0.25	mod_ratio	165	T	AGTCC	ok	True
chr17	81933281	81933282	-	0.274648	mod_ratio	146	T	GGTCC	ok	True
chr17	81933295	81933296	-	0.739437	mod_ratio	148	T	AGTCC	ok	True
chr17	81933310	81933311	-	0.269504	mod_ratio	150	T	TGTCC	ok	True
chr17	81933320	81933321	-	0.210145	mod_ratio	146	T	GGTCT	ok	True
chr17	81934436	81934437	-	0.29703	mod_ratio	104	T	TGTCC	ok	True
chr17	81934459	81934460	-	0.387755	mod_ratio	101	T	TGTTC	ok	True
chr17	81934697	81934698	-	0.37037	mod_ratio	109	T	AGTCC	ok	True
chr17	82018864	82018865	-	0.211364	mod_ratio	443	T	TGTTT	ok	True
chr17	82018946	82018947	-	0.130435	mod_ratio	443	T	TGTCC	ok	True
chr17	82019000	82019001	-	0.225352	mod_ratio	431	T	TGTCC	ok	True
chr17	82019038	82019039	-	0.139423	mod_ratio	420	T	AGTCC	ok	True
chr17	82019080	82019081	-	0.140741	mod_ratio	412	T	TGTTT	ok	True
chr17	82019106	82019107	-	0.153086	mod_ratio	411	T	GGTCC	ok	True
chr17	82019211	82019212	-	0.179221	mod_ratio	389	T	AGTCC	ok	True
chr17	82019320	82019321	-	0.116402	mod_ratio	382	T	GGTCC	ok	True
chr17	82019863	82019864	-	0.121739	mod_ratio	348	T	GGTCT	ok	True
chr17	82035897	82035898	-	0.270386	mod_ratio	257	T	GGTTT	ok	True
chr17	82036216	82036217	-	0.138889	mod_ratio	292	T	GGTTC	ok	True
chr17	82036226	82036227	-	0.16263	mod_ratio	292	T	AGTCT	ok	True
chr17	82036288	82036289	-	0.149306	mod_ratio	290	T	GGTTT	ok	True
chr17	82036426	82036427	-	0.188153	mod_ratio	289	T	TGTCC	ok	True
chr17	82036748	82036749	-	0.109434	mod_ratio	269	T	GGTTC	ok	True
chr17	82036984	82036985	-	0.124481	mod_ratio	248	T	GGTCC	ok	True
chr17	82036998	82036999	-	0.125	mod_ratio	241	T	GGTTC	ok	True
chr17	82054625	82054626	+	0.489362	mod_ratio	48	A	GGACA	ok	True
chr17	82056752	82056753	+	0.336207	mod_ratio	117	A	GGACT	ok	True
chr17	82057134	82057135	+	0.22449	mod_ratio	150	A	GAACC	ok	True
chr17	82057149	82057150	+	0.261745	mod_ratio	153	A	GGACA	ok	True
chr17	82057178	82057179	+	0.314103	mod_ratio	156	A	GGACC	ok	True
chr17	82057361	82057362	+	0.167702	mod_ratio	162	A	AGACT	ok	True
chr17	82238705	82238706	+	0.311111	mod_ratio	92	A	AAACT	ok	True
chr17	82238964	82238965	+	0.260504	mod_ratio	123	A	AAACA	ok	True
chr17	82239047	82239048	+	0.195652	mod_ratio	140	A	AAACT	ok	True
chr17	82239146	82239147	+	0.284848	mod_ratio	169	A	GAACC	ok	True
chr17	82239285	82239286	+	0.254054	mod_ratio	185	A	AGACA	ok	True
chr17	82239453	82239454	+	0.268156	mod_ratio	185	A	AAACC	ok	True
chr17	82727747	82727748	+	0.83871	mod_ratio	31	A	AAACT	ok	True
chr13	21140662	21140663	+	0.351145	mod_ratio	263	A	AAACC	ok	True
chr13	21147225	21147226	+	0.29932	mod_ratio	297	A	GGACT	ok	True
chr13	21147332	21147333	+	0.131206	mod_ratio	288	A	AGACC	ok	True
chr13	21147393	21147394	+	0.420635	mod_ratio	276	A	AAACA	ok	True
chr13	21147572	21147573	+	0.20904	mod_ratio	197	A	AAACT	ok	True
chr13	21177049	21177050	+	0.184685	mod_ratio	223	A	GAACC	ok	True
chr13	21177288	21177289	+	0.273128	mod_ratio	231	A	GAACT	ok	True
chr13	21177296	21177297	+	0.110619	mod_ratio	228	A	AAACT	ok	True
chr13	21177326	21177327	+	0.131068	mod_ratio	221	A	GGACC	ok	True
chr13	21177342	21177343	+	0.220588	mod_ratio	204	A	AAACA	ok	True
chr13	21177346	21177347	+	0.277108	mod_ratio	200	A	AAACA	ok	True
chr13	27253783	27253784	+	0.242775	mod_ratio	182	A	GAACA	ok	True
chr13	27255341	27255342	+	0.226721	mod_ratio	247	A	AAACA	ok	True
chr13	27255345	27255346	+	0.117409	mod_ratio	247	A	AAACA	ok	True
chr13	27256468	27256469	+	0.162264	mod_ratio	265	A	GAACC	ok	True
chr13	27256550	27256551	+	0.126263	mod_ratio	237	A	GGACC	ok	True
chr13	27429913	27429914	+	0.263566	mod_ratio	132	A	AAACT	ok	True
chr13	27429923	27429924	+	0.427481	mod_ratio	135	A	AAACA	ok	True
chr13	27430609	27430610	+	0.306122	mod_ratio	148	A	GAACC	ok	True
chr13	27432754	27432755	+	0.38	mod_ratio	153	A	AAACA	ok	True
chr13	27434176	27434177	+	0.142857	mod_ratio	161	A	AAACA	ok	True
chr13	27434196	27434197	+	0.26087	mod_ratio	162	A	AAACA	ok	True
chr13	27435019	27435020	+	0.367816	mod_ratio	177	A	AAACA	ok	True
chr13	27435033	27435034	+	0.275862	mod_ratio	176	A	AAAGT	ok	False
chr13	27435500	27435501	+	0.325967	mod_ratio	182	A	AAACA	ok	True
chr13	27440370	27440371	-	0.666667	mod_ratio	49	T	TGTTT	ok	True
chr13	27621971	27621972	+	0.29771	mod_ratio	133	A	AAACC	ok	True
chr13	27622950	27622951	+	0.232143	mod_ratio	113	A	GAACA	ok	True
chr13	27666039	27666040	+	0.825	mod_ratio	40	A	AAACA	ok	True
chr13	28662459	28662460	+	0.127572	mod_ratio	488	A	GAACT	ok	True
chr13	28662474	28662475	+	0.135802	mod_ratio	489	A	GGACC	ok	True
chr13	28668515	28668516	+	0.175542	mod_ratio	510	A	AAACA	ok	True
chr13	28678086	28678087	+	0.225141	mod_ratio	538	A	AAACT	ok	True
chr13	28678121	28678122	+	0.135849	mod_ratio	536	A	AAACC	ok	True
chr13	30460591	30460592	-	0.8	mod_ratio	37	T	TGTTT	ok	True
chr13	30461237	30461238	-	0.483491	mod_ratio	434	T	AGTTT	ok	True
chr13	30463273	30463274	-	0.110915	mod_ratio	571	T	GGTTT	ok	True
chr13	30463302	30463303	-	0.838596	mod_ratio	578	T	TGTCC	ok	True
chr13	30463351	30463352	-	0.272727	mod_ratio	589	T	GGTCT	ok	True
chr13	30463616	30463617	-	0.254902	mod_ratio	568	T	AGTTT	ok	True
chr13	30463681	30463682	-	0.22905	mod_ratio	543	T	TGTTT	ok	True
chr13	30465853	30465854	-	0.25	mod_ratio	514	T	TGTCT	ok	True
chr13	31145586	31145587	-	0.575	mod_ratio	40	T	GGTCT	ok	True
chr13	33837155	33837156	+	0.810811	mod_ratio	37	A	AAACT	ok	True
chr13	37002281	37002282	+	0.630435	mod_ratio	105	A	GAACC	ok	True
chr13	37002532	37002533	+	0.354545	mod_ratio	111	A	GAACC	ok	True
chr13	37007023	37007024	+	0.4375	mod_ratio	128	A	AAACA	ok	True
chr13	37008780	37008781	+	0.373984	mod_ratio	123	A	GAACC	ok	True
chr13	37008812	37008813	+	0.666667	mod_ratio	124	A	AAACT	ok	True
chr13	37009208	37009209	+	0.292683	mod_ratio	123	A	AAACT	ok	True
chr13	37009216	37009217	+	0.186992	mod_ratio	123	A	GGACT	ok	True
chr13	37009259	37009260	+	0.283333	mod_ratio	121	A	AAACT	ok	True
chr13	37009299	37009300	+	0.854701	mod_ratio	119	A	AAACA	ok	True
chr13	40729551	40729552	-	0.9	mod_ratio	40	T	TGTTT	ok	True
chr13	40749168	40749169	-	0.702703	mod_ratio	39	T	AGTTT	ok	True
chr13	43023730	43023731	+	0.482759	mod_ratio	174	A	AGACT	ok	True
chr13	43068979	43068980	+	0.159091	mod_ratio	176	A	AAACT	ok	True
chr13	43085795	43085796	+	0.491525	mod_ratio	177	A	GAACA	ok	True
chr13	43107230	43107231	+	0.4375	mod_ratio	176	A	AAACA	ok	True
chr13	43107241	43107242	+	0.568182	mod_ratio	176	A	AAACA	ok	True
chr13	43107257	43107258	+	0.257143	mod_ratio	176	A	GGACC	ok	True
chr13	43107285	43107286	+	0.343195	mod_ratio	171	A	GGACT	ok	True
chr13	44433827	44433828	-	0.543807	mod_ratio	331	T	GGTTT	ok	True
chr13	44433844	44433845	-	0.160121	mod_ratio	331	T	AGTTT	ok	True
chr13	44433870	44433871	-	0.11215	mod_ratio	330	T	AGTCC	ok	True
chr13	44433939	44433940	-	0.104918	mod_ratio	307	T	AGTCC	ok	True
chr13	44434055	44434056	-	0.195572	mod_ratio	273	T	AGTTT	ok	True
chr13	44434072	44434073	-	0.244361	mod_ratio	270	T	TGTTT	ok	True
chr13	44434101	44434102	-	0.134615	mod_ratio	260	T	TGTTT	ok	True
chr13	44434150	44434151	-	0.140562	mod_ratio	251	T	TGTTC	ok	True
chr13	44434187	44434188	-	0.281124	mod_ratio	252	T	AGTTC	ok	True
chr13	44434220	44434221	-	0.126531	mod_ratio	247	T	AGTCC	ok	True
chr13	44434469	44434470	-	0.439614	mod_ratio	209	T	TGTTT	ok	True
chr13	44434504	44434505	-	0.403941	mod_ratio	207	T	AGTCT	ok	True
chr13	44434582	44434583	-	0.222826	mod_ratio	185	T	TGTTC	ok	True
chr13	44434587	44434588	-	0.228261	mod_ratio	184	T	AGTTC	ok	True
chr13	44434637	44434638	-	0.135593	mod_ratio	179	T	GGTCC	ok	True
chr13	44434714	44434715	-	0.30303	mod_ratio	168	T	AGTCT	ok	True
chr13	44436534	44436535	-	0.326316	mod_ratio	119	T	AGTCC	ok	True
chr13	44436571	44436572	-	0.255319	mod_ratio	94	T	TGTCT	ok	True
chr13	44436607	44436608	-	0.417582	mod_ratio	92	T	GGTCT	ok	True
chr13	45136791	45136792	+	0.414286	mod_ratio	70	A	AAACT	ok	True
chr13	45207486	45207487	+	0.60274	mod_ratio	73	A	AAACT	ok	True
chr13	45336883	45336884	-	0.263473	mod_ratio	261	T	AGTCT	ok	True
chr13	45337045	45337046	-	0.125	mod_ratio	283	T	AGTCC	ok	True
chr13	45337057	45337058	-	0.214286	mod_ratio	282	T	AGTCT	ok	True
chr13	45337139	45337140	-	0.223827	mod_ratio	280	T	AGTTT	ok	True
chr13	45337180	45337181	-	0.755245	mod_ratio	1358	T	AGTTT	ok	True
chr13	45337219	45337220	-	0.131702	mod_ratio	1754	T	TGTTT	ok	True
chr13	45337293	45337294	-	0.275706	mod_ratio	1787	T	AGTCC	ok	True
chr13	45338726	45338727	-	0.224018	mod_ratio	1751	T	AGTCC	ok	True
chr13	45339503	45339504	-	0.31716	mod_ratio	1698	T	AGTTT	ok	True
chr13	45339559	45339560	-	0.268411	mod_ratio	1655	T	GGTTT	ok	True
chr13	45339574	45339575	-	0.177518	mod_ratio	1647	T	GGTCT	ok	True
chr13	45339580	45339581	-	0.141445	mod_ratio	1641	T	TGTTC	ok	True
chr13	45339589	45339590	-	0.201124	mod_ratio	1629	T	AGTTT	ok	True
chr13	45340045	45340046	-	0.209948	mod_ratio	1584	T	TGTTT	ok	True
chr13	45340062	45340063	-	0.187859	mod_ratio	1594	T	GGTTC	ok	True
chr13	46771327	46771328	-	0.431818	mod_ratio	89	T	TGTTT	ok	True
chr13	46787102	46787103	-	0.60241	mod_ratio	85	T	AGTTC	ok	True
chr13	47942710	47942711	-	0.692308	mod_ratio	43	T	AGTCC	ok	True
chr13	47942752	47942753	-	0.590909	mod_ratio	46	T	TGTTT	ok	True
chr13	47942875	47942876	-	0.636364	mod_ratio	47	T	TGTTT	ok	True
chr13	47954225	47954226	-	0.789474	mod_ratio	39	T	AGTCC	ok	True
chr13	48233238	48233239	+	0.423729	mod_ratio	62	A	GAACC	ok	True
chr13	48258207	48258208	+	0.479452	mod_ratio	74	A	AAACC	ok	True
chr13	48261332	48261333	+	0.298851	mod_ratio	90	A	AAACA	ok	True
chr13	49660928	49660929	-	0.158824	mod_ratio	176	T	GGTTC	ok	True
chr13	49660950	49660951	-	0.822485	mod_ratio	172	T	TGTTT	ok	True
chr13	49660993	49660994	-	0.174699	mod_ratio	170	T	GGTTT	ok	True
chr13	50104904	50104905	+	0.722222	mod_ratio	37	A	GAACC	ok	True
chr13	52657557	52657558	+	0.591837	mod_ratio	49	A	AAACC	ok	True
chr13	52659201	52659202	+	0.479167	mod_ratio	49	A	AAACT	ok	True
chr13	52666828	52666829	+	0.56	mod_ratio	50	A	AAACT	ok	True
chr13	72709718	72709719	-	0.428571	mod_ratio	70	T	TGTTT	ok	True
chr13	75526521	75526522	-	0.134503	mod_ratio	172	T	AGTTT	ok	True
chr13	75526541	75526542	-	0.356322	mod_ratio	176	T	AGTCC	ok	True
chr13	75560760	75560761	+	0.329412	mod_ratio	89	A	AAACA	ok	True
chr13	75566778	75566779	+	0.277228	mod_ratio	102	A	AAACA	ok	True
chr13	75566807	75566808	+	0.613861	mod_ratio	105	A	GGACT	ok	True
chr13	75569480	75569481	+	0.194915	mod_ratio	118	A	AGACC	ok	True
chr13	75605775	75605776	+	0.327586	mod_ratio	119	A	GAACT	ok	True
chr13	75605828	75605829	+	0.931034	mod_ratio	117	A	AAACA	ok	True
chr13	75605837	75605838	+	0.232759	mod_ratio	117	A	AAACT	ok	True
chr13	79553770	79553771	+	0.933333	mod_ratio	30	A	AAACT	ok	True
chr13	98021753	98021754	+	0.457447	mod_ratio	97	A	GGACT	ok	True
chr13	98021811	98021812	+	0.265306	mod_ratio	100	A	GAACT	ok	True
chr13	98021848	98021849	+	0.574468	mod_ratio	96	A	AAACT	ok	True
chr13	98022280	98022281	+	0.518072	mod_ratio	85	A	AGACC	ok	True
chr13	98022298	98022299	+	0.433735	mod_ratio	85	A	AAACT	ok	True
chr13	98022466	98022467	+	0.310811	mod_ratio	84	A	AAACA	ok	True
chr13	99543961	99543962	+	0.509091	mod_ratio	55	A	GGACA	ok	True
chr13	99559467	99559468	+	0.465753	mod_ratio	74	A	GAACA	ok	True
chr13	99562874	99562875	+	0.894737	mod_ratio	59	A	AAACA	ok	True
chr13	99563327	99563328	+	0.705882	mod_ratio	68	A	AAACT	ok	True
chr13	102766131	102766132	-	0.674419	mod_ratio	47	T	TGTTT	ok	True
chr13	102766277	102766278	-	0.727273	mod_ratio	66	T	TGTTT	ok	True
chr13	110641578	110641579	-	0.549296	mod_ratio	72	T	AGTTC	ok	True
chr13	113177630	113177631	-	0.369863	mod_ratio	86	T	AGTTT	ok	True
chr13	113178094	113178095	-	0.4375	mod_ratio	64	T	AGTTC	ok	True
chr13	113179931	113179932	-	0.593023	mod_ratio	86	T	GGTTC	ok	True
chr13	113253153	113253154	+	0.888889	mod_ratio	27	A	AAACT	ok	True
chr13	113264154	113264155	+	0.813559	mod_ratio	62	A	AAACT	ok	True
chr13	113323061	113323062	+	0.843137	mod_ratio	53	A	GAACA	ok	True
chr13	114261906	114261907	+	0.694444	mod_ratio	37	A	GAACC	ok	True
chr10	992498	992499	+	0.347826	mod_ratio	70	A	AGACC	ok	True
chr10	992547	992548	+	0.753623	mod_ratio	70	A	AAACA	ok	True
chr10	992622	992623	+	0.361446	mod_ratio	86	A	AGACT	ok	True
chr10	996028	996029	+	0.532609	mod_ratio	92	A	GGACA	ok	True
chr10	1000701	1000702	+	0.827957	mod_ratio	94	A	GGACC	ok	True
chr10	1005862	1005863	+	0.654545	mod_ratio	110	A	AGACC	ok	True
chr10	1005901	1005902	+	0.303571	mod_ratio	112	A	AAACA	ok	True
chr10	1007050	1007051	+	0.214286	mod_ratio	116	A	AAACC	ok	True
chr10	1009011	1009012	+	0.705882	mod_ratio	120	A	AAACT	ok	True
chr10	1012650	1012651	+	0.558442	mod_ratio	79	A	GAACT	ok	True
chr10	1017319	1017320	+	0.362745	mod_ratio	103	A	AAACT	ok	True
chr10	1017364	1017365	+	0.49505	mod_ratio	103	A	AAACT	ok	True
chr10	1017433	1017434	+	0.30303	mod_ratio	99	A	AGACA	ok	True
chr10	1017560	1017561	+	0.53	mod_ratio	102	A	AAACA	ok	True
chr10	1017675	1017676	+	0.341463	mod_ratio	97	A	AAACC	ok	True
chr10	1040099	1040100	-	0.189394	mod_ratio	134	T	GGTTT	ok	True
chr10	1040126	1040127	-	0.556391	mod_ratio	134	T	AGTTT	ok	True
chr10	1040269	1040270	-	0.235714	mod_ratio	145	T	GGTCC	ok	True
chr10	1040598	1040599	-	0.203125	mod_ratio	130	T	TGTTT	ok	True
chr10	1040743	1040744	-	0.237705	mod_ratio	124	T	AGTTT	ok	True
chr10	1040837	1040838	-	0.677686	mod_ratio	122	T	TGTTT	ok	True
chr10	1040863	1040864	-	0.291667	mod_ratio	120	T	AGTTT	ok	True
chr10	1041016	1041017	-	0.347458	mod_ratio	120	T	AGTTT	ok	True
chr10	1044126	1044127	-	0.431818	mod_ratio	88	T	TGTTT	ok	True
chr10	1044161	1044162	-	0.329545	mod_ratio	88	T	TGTTC	ok	True
chr10	3109439	3109440	+	0.55	mod_ratio	60	A	GAACC	ok	True
chr10	3119902	3119903	+	0.3	mod_ratio	80	A	GGACT	ok	True
chr10	3120018	3120019	+	0.313953	mod_ratio	88	A	AGACA	ok	True
chr10	3132412	3132413	+	0.284553	mod_ratio	123	A	AGACC	ok	True
chr10	3133222	3133223	+	0.540323	mod_ratio	127	A	AAACT	ok	True
chr10	3136538	3136539	+	0.16763	mod_ratio	174	A	GGACT	ok	True
chr10	3136615	3136616	+	0.129944	mod_ratio	178	A	GGACT	ok	True
chr10	3136782	3136783	+	0.781513	mod_ratio	170	A	AAACA	ok	True
chr10	5765384	5765385	-	0.136364	mod_ratio	248	T	TGTTC	ok	True
chr10	5765589	5765590	-	0.301724	mod_ratio	241	T	TGTCC	ok	True
chr10	5765750	5765751	-	0.341463	mod_ratio	216	T	TGTTT	ok	True
chr10	5765754	5765755	-	0.82439	mod_ratio	215	T	TGTTT	ok	True
chr10	5765784	5765785	-	0.336683	mod_ratio	203	T	AGTTT	ok	True
chr10	5765976	5765977	-	0.206897	mod_ratio	180	T	TGTCC	ok	True
chr10	5766251	5766252	-	0.282895	mod_ratio	154	T	TGTTC	ok	True
chr10	5766498	5766499	-	0.169014	mod_ratio	144	T	TGTTC	ok	True
chr10	5766528	5766529	-	0.565217	mod_ratio	142	T	GGTCT	ok	True
chr10	5785161	5785162	-	0.241379	mod_ratio	119	T	AGTTC	ok	True
chr10	5785230	5785231	-	0.351351	mod_ratio	116	T	AGTTT	ok	True
chr10	5785247	5785248	-	0.238938	mod_ratio	116	T	GGTTT	ok	True
chr10	5785942	5785943	-	0.424528	mod_ratio	113	T	GGTCT	ok	True
chr10	6110079	6110080	+	0.659574	mod_ratio	49	A	AGACC	ok	True
chr10	6115601	6115602	+	0.333333	mod_ratio	69	A	GAACT	ok	True
chr10	7797146	7797147	+	0.162376	mod_ratio	508	A	AAACC	ok	True
chr10	7799035	7799036	+	0.546642	mod_ratio	541	A	AAACA	ok	True
chr10	7799068	7799069	+	0.128205	mod_ratio	550	A	GGACT	ok	True
chr10	7799101	7799102	+	0.165154	mod_ratio	559	A	AAACA	ok	True
chr10	7802404	7802405	+	0.121168	mod_ratio	693	A	GGACA	ok	True
chr10	7807722	7807723	+	0.205329	mod_ratio	678	A	AAACT	ok	True
chr10	7807752	7807753	+	0.130053	mod_ratio	634	A	AGACA	ok	True
chr10	7807785	7807786	+	0.355301	mod_ratio	455	A	AAACA	ok	True
chr10	12167665	12167666	-	0.516418	mod_ratio	347	T	GGTCT	ok	True
chr10	12167746	12167747	-	0.473988	mod_ratio	347	T	TGTTT	ok	True
chr10	12172838	12172839	-	0.227811	mod_ratio	338	T	AGTTT	ok	True
chr10	12173737	12173738	-	0.272455	mod_ratio	334	T	TGTCC	ok	True
chr10	12173753	12173754	-	0.170659	mod_ratio	335	T	AGTTT	ok	True
chr10	12177838	12177839	-	0.125382	mod_ratio	327	T	TGTTT	ok	True
chr10	12186249	12186250	-	0.151316	mod_ratio	304	T	TGTTT	ok	True
chr10	12186276	12186277	-	0.103333	mod_ratio	301	T	GGTTC	ok	True
chr10	12198756	12198757	+	0.375723	mod_ratio	175	A	GAACT	ok	True
chr10	12237189	12237190	+	0.509804	mod_ratio	260	A	AAACA	ok	True
chr10	12237234	12237235	+	0.408397	mod_ratio	269	A	AAACA	ok	True
chr10	12238477	12238478	+	0.231317	mod_ratio	283	A	AGACA	ok	True
chr10	12249605	12249606	+	0.152597	mod_ratio	308	A	AAACA	ok	True
chr10	12249704	12249705	+	0.226708	mod_ratio	322	A	AGACT	ok	True
chr10	12250350	12250351	+	0.117825	mod_ratio	331	A	GAACT	ok	True
chr10	12250445	12250446	+	0.177419	mod_ratio	323	A	GGACA	ok	True
chr10	12250540	12250541	+	0.119565	mod_ratio	287	A	AAACA	ok	True
chr10	14848872	14848873	+	0.793651	mod_ratio	63	A	AGACT	ok	True
chr10	14851266	14851267	+	0.348485	mod_ratio	66	A	GAACC	ok	True
chr10	14851299	14851300	+	0.447761	mod_ratio	67	A	GGACA	ok	True
chr10	14851304	14851305	+	0.373134	mod_ratio	67	A	AGACT	ok	True
chr10	14854177	14854178	+	0.346667	mod_ratio	75	A	GAACA	ok	True
chr10	14854196	14854197	+	0.302632	mod_ratio	76	A	AAACA	ok	True
chr10	14867786	14867787	+	0.55914	mod_ratio	94	A	GGACT	ok	True
chr10	14867854	14867855	+	0.350515	mod_ratio	97	A	GAACT	ok	True
chr10	14871708	14871709	+	0.775862	mod_ratio	63	A	AAACT	ok	True
chr10	14871723	14871724	+	0.658537	mod_ratio	57	A	AAACT	ok	True
chr10	15103518	15103519	+	0.591837	mod_ratio	52	A	AAACA	ok	True
chr10	15103979	15103980	+	0.423729	mod_ratio	59	A	GAACC	ok	True
chr10	15104132	15104133	+	0.754717	mod_ratio	53	A	AAACC	ok	True
chr10	17229666	17229667	+	0.112971	mod_ratio	242	A	GGACT	ok	True
chr10	17229906	17229907	+	0.163743	mod_ratio	346	A	GGACC	ok	True
chr10	17229963	17229964	+	0.160763	mod_ratio	375	A	GGACA	ok	True
chr10	17230687	17230688	+	0.590793	mod_ratio	396	A	AAACA	ok	True
chr10	17233669	17233670	+	0.103211	mod_ratio	443	A	AAACT	ok	True
chr10	17233801	17233802	+	0.336323	mod_ratio	459	A	GAACA	ok	True
chr10	17234772	17234773	+	0.109375	mod_ratio	519	A	AGACA	ok	True
chr10	17234815	17234816	+	0.175676	mod_ratio	523	A	GAACC	ok	True
chr10	17235238	17235239	+	0.10536	mod_ratio	547	A	AGACA	ok	True
chr10	17235880	17235881	+	0.110155	mod_ratio	588	A	GAACC	ok	True
chr10	17236295	17236296	+	0.241379	mod_ratio	591	A	AAACT	ok	True
chr10	17236340	17236341	+	0.104452	mod_ratio	593	A	GGACA	ok	True
chr10	17236364	17236365	+	0.151618	mod_ratio	598	A	AAACT	ok	True
chr10	17236375	17236376	+	0.351946	mod_ratio	598	A	GGACA	ok	True
chr10	17237241	17237242	+	0.183051	mod_ratio	599	A	AAACT	ok	True
chr10	17237524	17237525	+	0.187826	mod_ratio	586	A	AAACT	ok	True
chr10	22317923	22317924	+	0.402985	mod_ratio	67	A	AAACA	ok	True
chr10	22320062	22320063	+	0.522222	mod_ratio	92	A	GAACC	ok	True
chr10	22330983	22330984	+	0.72973	mod_ratio	37	A	AAACA	ok	True
chr10	32034786	32034787	-	0.402985	mod_ratio	137	T	TGTTC	ok	True
chr10	32034830	32034831	-	0.185714	mod_ratio	141	T	TGTTT	ok	True
chr10	32035549	32035550	-	0.172662	mod_ratio	140	T	TGTTT	ok	True
chr10	32035597	32035598	-	0.471014	mod_ratio	139	T	GGTTC	ok	True
chr10	32035984	32035985	-	0.195122	mod_ratio	125	T	AGTTT	ok	True
chr10	32038181	32038182	-	0.247706	mod_ratio	110	T	GGTTT	ok	True
chr10	32039425	32039426	-	0.578947	mod_ratio	99	T	AGTTT	ok	True
chr10	32040412	32040413	-	0.3	mod_ratio	95	T	TGTTT	ok	True
chr10	32901200	32901201	-	0.301508	mod_ratio	201	T	AGTTT	ok	True
chr10	32901307	32901308	-	0.120419	mod_ratio	192	T	AGTCC	ok	True
chr10	32901386	32901387	-	0.172973	mod_ratio	187	T	AGTCC	ok	True
chr10	32919906	32919907	-	0.24	mod_ratio	102	T	TGTCC	ok	True
chr10	32926042	32926043	-	0.685714	mod_ratio	71	T	GGTTC	ok	True
chr10	32928141	32928142	-	0.492308	mod_ratio	69	T	TGTTC	ok	True
chr10	32935528	32935529	-	0.434211	mod_ratio	78	T	AGTCC	ok	True
chr10	43386077	43386078	-	0.18543	mod_ratio	313	T	AGTTT	ok	True
chr10	43386125	43386126	-	0.196141	mod_ratio	314	T	AGTTT	ok	True
chr10	43386169	43386170	-	0.141479	mod_ratio	315	T	TGTCT	ok	True
chr10	43386295	43386296	-	0.312081	mod_ratio	305	T	AGTTT	ok	True
chr10	43386325	43386326	-	0.351536	mod_ratio	295	T	TGTTC	ok	True
chr10	43386440	43386441	-	0.118881	mod_ratio	292	T	AGTTT	ok	True
chr10	43386446	43386447	-	0.326316	mod_ratio	292	T	AGTTT	ok	True
chr10	43386658	43386659	-	0.212121	mod_ratio	235	T	TGTTC	ok	True
chr10	43386841	43386842	-	0.177033	mod_ratio	211	T	TGTCT	ok	True
chr10	43387241	43387242	-	0.24359	mod_ratio	158	T	AGTCC	ok	True
chr10	43387371	43387372	-	0.7	mod_ratio	144	T	TGTTT	ok	True
chr10	43387533	43387534	-	0.797101	mod_ratio	140	T	AGTCC	ok	True
chr10	43387647	43387648	-	0.428571	mod_ratio	126	T	TGTCC	ok	True
chr10	43387704	43387705	-	0.288	mod_ratio	125	T	AGTTC	ok	True
chr10	43394686	43394687	-	0.62037	mod_ratio	109	T	TGTCC	ok	True
chr10	43396476	43396477	-	0.247706	mod_ratio	110	T	GGTTT	ok	True
chr10	45972573	45972574	+	0.643478	mod_ratio	115	A	GGACC	ok	True
chr10	45972601	45972602	+	0.627119	mod_ratio	118	A	GAACC	ok	True
chr10	45972654	45972655	+	0.319672	mod_ratio	122	A	AAACC	ok	True
chr10	45975465	45975466	+	0.353846	mod_ratio	130	A	GAACC	ok	True
chr10	45982899	45982900	+	0.176056	mod_ratio	144	A	GAACA	ok	True
chr10	45988774	45988775	+	0.490196	mod_ratio	156	A	AAACA	ok	True
chr10	45988816	45988817	+	0.213836	mod_ratio	162	A	GAACC	ok	True
chr10	46003239	46003240	+	0.420118	mod_ratio	173	A	GGACT	ok	True
chr10	46003344	46003345	+	0.234286	mod_ratio	180	A	GGACA	ok	True
chr10	46003377	46003378	+	0.223464	mod_ratio	182	A	AGACA	ok	True
chr10	46003473	46003474	+	0.147541	mod_ratio	187	A	AGACT	ok	True
chr10	46003591	46003592	+	0.241176	mod_ratio	173	A	GAACT	ok	True
chr10	46003599	46003600	+	0.5	mod_ratio	173	A	AAACC	ok	True
chr10	46005208	46005209	-	0.723404	mod_ratio	49	T	TGTTT	ok	True
chr10	46005574	46005575	-	0.78	mod_ratio	50	T	AGTTT	ok	True
chr10	46006018	46006019	-	0.560976	mod_ratio	42	T	TGTTT	ok	True
chr10	56357688	56357689	-	0.378378	mod_ratio	77	T	TGTTT	ok	True
chr10	58277221	58277222	+	0.270175	mod_ratio	286	A	AAACC	ok	True
chr10	58287602	58287603	+	0.352542	mod_ratio	296	A	AGACT	ok	True
chr10	58287609	58287610	+	0.24055	mod_ratio	296	A	AGACA	ok	True
chr10	58287654	58287655	+	0.109589	mod_ratio	293	A	GGACA	ok	True
chr10	58287768	58287769	+	0.286219	mod_ratio	288	A	AAACT	ok	True
chr10	58287806	58287807	+	0.453237	mod_ratio	281	A	AAACA	ok	True
chr10	58287830	58287831	+	0.723982	mod_ratio	262	A	AAACA	ok	True
chr10	58287855	58287856	+	0.314516	mod_ratio	170	A	AAACC	ok	True
chr10	58395286	58395287	+	0.931034	mod_ratio	30	A	GAACT	ok	True
chr10	60784774	60784775	+	0.214286	mod_ratio	128	A	AGACT	ok	True
chr10	60791987	60791988	+	0.37619	mod_ratio	215	A	GAACT	ok	True
chr10	60792002	60792003	+	0.385714	mod_ratio	217	A	AAACC	ok	True
chr10	60792200	60792201	+	0.112033	mod_ratio	243	A	GGACT	ok	True
chr10	60792228	60792229	+	0.121951	mod_ratio	252	A	AAACC	ok	True
chr10	60792257	60792258	+	0.259843	mod_ratio	260	A	AAACT	ok	True
chr10	60793952	60793953	+	0.203636	mod_ratio	280	A	GGACA	ok	True
chr10	60794076	60794077	+	0.292593	mod_ratio	280	A	AAACT	ok	True
chr10	60794206	60794207	+	0.212121	mod_ratio	243	A	AAACT	ok	True
chr10	60794297	60794298	+	0.638655	mod_ratio	120	A	GAACT	ok	True
chr10	60794633	60794634	+	0.507692	mod_ratio	133	A	GAACT	ok	True
chr10	60794748	60794749	+	0.626866	mod_ratio	134	A	AAACT	ok	True
chr10	60794836	60794837	+	0.545455	mod_ratio	109	A	AAACT	ok	True
chr10	68338598	68338599	+	0.529412	mod_ratio	52	A	AGACC	ok	True
chr10	68342062	68342063	+	0.683544	mod_ratio	79	A	AAACA	ok	True
chr10	68342104	68342105	+	0.37037	mod_ratio	82	A	AGACT	ok	True
chr10	68977570	68977571	+	0.861111	mod_ratio	36	A	AAACA	ok	True
chr10	68977659	68977660	+	0.771429	mod_ratio	35	A	AGACC	ok	True
chr10	68982681	68982682	+	0.515152	mod_ratio	66	A	AAACA	ok	True
chr10	68982768	68982769	+	0.628571	mod_ratio	71	A	AAACA	ok	True
chr10	68982870	68982871	+	0.283951	mod_ratio	82	A	GAACA	ok	True
chr10	68983256	68983257	+	0.359223	mod_ratio	106	A	GAACA	ok	True
chr10	68983330	68983331	+	0.317757	mod_ratio	111	A	AAACT	ok	True
chr10	69168624	69168625	+	0.553191	mod_ratio	47	A	AAACA	ok	True
chr10	69171253	69171254	+	0.54386	mod_ratio	58	A	GAACA	ok	True
chr10	69171269	69171270	+	0.482759	mod_ratio	58	A	GAACT	ok	True
chr10	69171488	69171489	+	0.4	mod_ratio	61	A	GAACT	ok	True
chr10	69172248	69172249	+	0.52	mod_ratio	50	A	AAACT	ok	True
chr10	69172254	69172255	+	0.5	mod_ratio	50	A	GAACT	ok	True
chr10	69172269	69172270	+	0.693878	mod_ratio	50	A	AAACT	ok	True
chr10	69172440	69172441	+	0.962264	mod_ratio	53	A	AAACT	ok	True
chr10	69208777	69208778	+	0.66	mod_ratio	51	A	GAACC	ok	True
chr10	70161681	70161682	-	0.529412	mod_ratio	51	T	GGTTT	ok	True
chr10	70203158	70203159	-	0.131868	mod_ratio	471	T	AGTTT	ok	True
chr10	70209288	70209289	-	0.111888	mod_ratio	440	T	AGTCC	ok	True
chr10	70209599	70209600	-	0.317536	mod_ratio	438	T	GGTTT	ok	True
chr10	70209633	70209634	-	0.125	mod_ratio	430	T	AGTCC	ok	True
chr10	70213519	70213520	-	0.305344	mod_ratio	404	T	GGTTT	ok	True
chr10	70214556	70214557	-	0.190083	mod_ratio	369	T	TGTTT	ok	True
chr10	70217830	70217831	-	0.68272	mod_ratio	358	T	AGTTC	ok	True
chr10	70217877	70217878	-	0.138235	mod_ratio	349	T	AGTTT	ok	True
chr10	70233337	70233338	-	0.519355	mod_ratio	311	T	AGTCC	ok	True
chr10	70883553	70883554	-	0.678571	mod_ratio	209	T	TGTTT	ok	True
chr10	70883587	70883588	-	0.325893	mod_ratio	231	T	GGTTT	ok	True
chr10	70883710	70883711	-	0.355102	mod_ratio	248	T	AGTTT	ok	True
chr10	70883768	70883769	-	0.152	mod_ratio	251	T	GGTCT	ok	True
chr10	70883902	70883903	-	0.104348	mod_ratio	233	T	AGTTC	ok	True
chr10	70883973	70883974	-	0.107477	mod_ratio	219	T	TGTTC	ok	True
chr10	70885185	70885186	-	0.192488	mod_ratio	215	T	GGTCC	ok	True
chr10	70885190	70885191	-	0.107981	mod_ratio	215	T	AGTTT	ok	True
chr10	70885891	70885892	-	0.157609	mod_ratio	196	T	GGTCC	ok	True
chr10	71816360	71816361	-	0.126801	mod_ratio	352	T	AGTCC	ok	True
chr10	71816403	71816404	-	0.139344	mod_ratio	368	T	TGTCT	ok	True
chr10	71816859	71816860	-	0.170306	mod_ratio	234	T	TGTCC	ok	True
chr10	71816973	71816974	-	0.329949	mod_ratio	198	T	TGTTT	ok	True
chr10	71816986	71816987	-	0.173469	mod_ratio	197	T	TGTTC	ok	True
chr10	71817018	71817019	-	0.124352	mod_ratio	193	T	GGTCC	ok	True
chr10	71817412	71817413	-	0.579186	mod_ratio	226	T	GGTTT	ok	True
chr10	71817444	71817445	-	0.390698	mod_ratio	219	T	AGTTC	ok	True
chr10	71818633	71818634	-	0.278846	mod_ratio	209	T	TGTCT	ok	True
chr10	71818681	71818682	-	0.35122	mod_ratio	206	T	AGTTC	ok	True
chr10	71819820	71819821	-	0.142857	mod_ratio	176	T	TGTCC	ok	True
chr10	71820244	71820245	-	0.392638	mod_ratio	163	T	AGTCT	ok	True
chr10	71821893	71821894	-	0.333333	mod_ratio	164	T	AGTTC	ok	True
chr10	71828061	71828062	-	0.179856	mod_ratio	142	T	TGTTC	ok	True
chr10	71831168	71831169	-	0.529915	mod_ratio	119	T	AGTCC	ok	True
chr10	71831198	71831199	-	0.235294	mod_ratio	123	T	TGTTC	ok	True
chr10	71831203	71831204	-	0.268908	mod_ratio	124	T	GGTTT	ok	True
chr10	71834394	71834395	-	0.536364	mod_ratio	112	T	GGTCT	ok	True
chr10	71834482	71834483	-	0.6	mod_ratio	108	T	AGTCC	ok	True
chr10	72220315	72220316	+	0.388889	mod_ratio	78	A	AAACT	ok	True
chr10	72274232	72274233	+	0.2	mod_ratio	131	A	GGACC	ok	True
chr10	72274282	72274283	+	0.395522	mod_ratio	136	A	GAACT	ok	True
chr10	72275033	72275034	+	0.247126	mod_ratio	174	A	GGACT	ok	True
chr10	72275163	72275164	+	0.174863	mod_ratio	185	A	GAACA	ok	True
chr10	72275188	72275189	+	0.193548	mod_ratio	189	A	GAACT	ok	True
chr10	72275237	72275238	+	0.308081	mod_ratio	200	A	GAACT	ok	True
chr10	72275252	72275253	+	0.21	mod_ratio	201	A	AGACT	ok	True
chr10	72275273	72275274	+	0.134328	mod_ratio	202	A	GGACT	ok	True
chr10	72275294	72275295	+	0.50495	mod_ratio	204	A	AAACT	ok	True
chr10	72275381	72275382	+	0.507177	mod_ratio	211	A	GGACA	ok	True
chr10	72275410	72275411	+	0.169014	mod_ratio	217	A	AAACA	ok	True
chr10	72275884	72275885	+	0.335423	mod_ratio	320	A	GAACC	ok	True
chr10	72275926	72275927	+	0.142857	mod_ratio	315	A	GAACT	ok	True
chr10	72276019	72276020	+	0.324176	mod_ratio	258	A	AAACA	ok	True
chr10	73243183	73243184	-	0.290698	mod_ratio	86	T	AGTTC	ok	True
chr10	73245948	73245949	-	0.47541	mod_ratio	63	T	TGTTT	ok	True
chr10	73246162	73246163	-	0.509091	mod_ratio	56	T	TGTCC	ok	True
chr10	73250796	73250797	-	0.361111	mod_ratio	191	T	TGTTT	ok	True
chr10	73250856	73250857	-	0.190476	mod_ratio	194	T	TGTTT	ok	True
chr10	73375595	73375596	-	0.404762	mod_ratio	84	T	TGTTT	ok	True
chr10	73375847	73375848	-	0.536585	mod_ratio	166	T	GGTTT	ok	True
chr10	73376009	73376010	-	0.268456	mod_ratio	150	T	TGTTT	ok	True
chr10	73376196	73376197	-	0.164557	mod_ratio	158	T	TGTTT	ok	True
chr10	73379007	73379008	-	0.355263	mod_ratio	153	T	GGTTC	ok	True
chr10	73380110	73380111	-	0.659864	mod_ratio	148	T	GGTCC	ok	True
chr10	73380172	73380173	-	0.896552	mod_ratio	145	T	GGTTT	ok	True
chr10	73380184	73380185	-	0.234483	mod_ratio	145	T	GGTTC	ok	True
chr10	73383207	73383208	-	0.273381	mod_ratio	142	T	TGTCC	ok	True
chr10	73383229	73383230	-	0.271429	mod_ratio	140	T	TGTCC	ok	True
chr10	73383335	73383336	-	0.466165	mod_ratio	134	T	AGTTC	ok	True
chr10	73387702	73387703	-	0.190476	mod_ratio	128	T	GGTCT	ok	True
chr10	73388383	73388384	-	0.534483	mod_ratio	121	T	AGTTC	ok	True
chr10	73396539	73396540	-	0.423423	mod_ratio	113	T	TGTCC	ok	True
chr10	73396566	73396567	-	0.223214	mod_ratio	113	T	TGTCC	ok	True
chr10	73771948	73771949	+	0.416667	mod_ratio	98	A	GGACA	ok	True
chr10	73772020	73772021	+	0.47	mod_ratio	100	A	GGACA	ok	True
chr10	73783171	73783172	+	0.210046	mod_ratio	221	A	AAACC	ok	True
chr10	73783252	73783253	+	0.543379	mod_ratio	220	A	AGACA	ok	True
chr10	73783296	73783297	+	0.296296	mod_ratio	219	A	AAACA	ok	True
chr10	74224579	74224580	+	0.641975	mod_ratio	81	A	AAACA	ok	True
chr10	74224588	74224589	+	0.567901	mod_ratio	81	A	GAACT	ok	True
chr10	74394281	74394282	+	0.765957	mod_ratio	95	A	GAACT	ok	True
chr10	74525423	74525424	+	0.226415	mod_ratio	107	A	AGACA	ok	True
chr10	74600378	74600379	+	0.290909	mod_ratio	110	A	AGACT	ok	True
chr10	74600430	74600431	+	0.258929	mod_ratio	113	A	GAACT	ok	True
chr10	74670218	74670219	+	0.266129	mod_ratio	124	A	AGACC	ok	True
chr10	74708434	74708435	+	0.284615	mod_ratio	131	A	AGACT	ok	True
chr10	74708459	74708460	+	0.40458	mod_ratio	131	A	AAACA	ok	True
chr10	75210928	75210929	+	0.259009	mod_ratio	445	A	GGACA	ok	True
chr10	75214036	75214037	+	0.215569	mod_ratio	503	A	AAACT	ok	True
chr10	75214049	75214050	+	0.115768	mod_ratio	504	A	AAACA	ok	True
chr10	75219122	75219123	+	0.124272	mod_ratio	526	A	AGACC	ok	True
chr10	75219191	75219192	+	0.337711	mod_ratio	540	A	GAACA	ok	True
chr10	75219210	75219211	+	0.235622	mod_ratio	543	A	AGACC	ok	True
chr10	75219320	75219321	+	0.629764	mod_ratio	552	A	AAACT	ok	True
chr10	75219349	75219350	+	0.450091	mod_ratio	551	A	AAACA	ok	True
chr10	75220789	75220790	+	0.176991	mod_ratio	568	A	AAACC	ok	True
chr10	75220948	75220949	+	0.576105	mod_ratio	611	A	GGACT	ok	True
chr10	75222261	75222262	+	0.270665	mod_ratio	628	A	GGACA	ok	True
chr10	75222319	75222320	+	0.270769	mod_ratio	655	A	AAACC	ok	True
chr10	75222330	75222331	+	0.206107	mod_ratio	658	A	GGACA	ok	True
chr10	75229688	75229689	+	0.25942	mod_ratio	691	A	AGACT	ok	True
chr10	75231093	75231094	+	0.19152	mod_ratio	687	A	AAACA	ok	True
chr10	75231135	75231136	+	0.197349	mod_ratio	684	A	AGACA	ok	True
chr10	75231259	75231260	+	0.371115	mod_ratio	627	A	AGACC	ok	True
chr10	75234096	75234097	-	0.407407	mod_ratio	81	T	AGTCC	ok	True
chr10	78035552	78035553	+	0.133124	mod_ratio	1928	A	AGACA	ok	True
chr10	78035569	78035570	+	0.1375	mod_ratio	1941	A	AAACT	ok	True
chr10	78035588	78035589	+	0.249094	mod_ratio	1949	A	AGACC	ok	True
chr10	78035704	78035705	+	0.104786	mod_ratio	1996	A	AAACA	ok	True
chr10	78035710	78035711	+	0.101917	mod_ratio	1996	A	AGACT	ok	True
chr10	78040674	78040675	+	0.232283	mod_ratio	1696	A	GAACA	ok	True
chr10	78040684	78040685	+	0.2643	mod_ratio	1543	A	AAACT	ok	True
chr10	79354002	79354003	+	0.311828	mod_ratio	93	A	GGACC	ok	True
chr10	79354364	79354365	+	0.788462	mod_ratio	104	A	AAACA	ok	True
chr10	79354496	79354497	+	0.427273	mod_ratio	110	A	AAACC	ok	True
chr10	79354653	79354654	+	0.316327	mod_ratio	100	A	AAACA	ok	True
chr10	80157708	80157709	-	0.636364	mod_ratio	77	T	GGTCT	ok	True
chr10	80159161	80159162	-	0.353846	mod_ratio	67	T	TGTCC	ok	True
chr10	84139563	84139564	+	0.349057	mod_ratio	145	A	AAACT	ok	True
chr10	84139587	84139588	+	0.653061	mod_ratio	147	A	GGACC	ok	True
chr10	84141482	84141483	+	0.156977	mod_ratio	173	A	AGACC	ok	True
chr10	84141530	84141531	+	0.153409	mod_ratio	176	A	GGACA	ok	True
chr10	84142728	84142729	+	0.243655	mod_ratio	199	A	GAACC	ok	True
chr10	84144070	84144071	+	0.274336	mod_ratio	231	A	GGACT	ok	True
chr10	84144990	84144991	+	0.20229	mod_ratio	264	A	GAACT	ok	True
chr10	84152458	84152459	+	0.236842	mod_ratio	348	A	AAACA	ok	True
chr10	84152610	84152611	+	0.4	mod_ratio	204	A	AAACT	ok	True
chr10	84152769	84152770	+	0.148515	mod_ratio	207	A	GGACC	ok	True
chr10	84152819	84152820	+	0.142157	mod_ratio	206	A	GAACT	ok	True
chr10	84152861	84152862	+	0.127451	mod_ratio	206	A	AAACA	ok	True
chr10	84152879	84152880	+	0.344828	mod_ratio	207	A	AAACA	ok	True
chr10	84152910	84152911	+	0.247573	mod_ratio	207	A	GAACT	ok	True
chr10	84152935	84152936	+	0.456311	mod_ratio	209	A	AAACA	ok	True
chr10	84153160	84153161	+	0.46988	mod_ratio	190	A	AAACA	ok	True
chr10	86962980	86962981	+	0.227273	mod_ratio	134	A	AGACT	ok	True
chr10	86963034	86963035	+	0.450704	mod_ratio	143	A	GGACA	ok	True
chr10	87747159	87747160	+	0.676471	mod_ratio	36	A	GAACT	ok	True
chr10	90885864	90885865	+	0.55814	mod_ratio	43	A	AAACT	ok	True
chr10	93518921	93518922	+	0.465517	mod_ratio	58	A	AAACA	ok	True
chr10	93528249	93528250	+	0.377049	mod_ratio	66	A	AAACT	ok	True
chr10	93528701	93528702	+	0.4	mod_ratio	81	A	AAACT	ok	True
chr10	93528743	93528744	+	0.405063	mod_ratio	82	A	AAACA	ok	True
chr10	95237653	95237654	-	0.272	mod_ratio	131	T	TGTCC	ok	True
chr10	95237727	95237728	-	0.20979	mod_ratio	147	T	AGTTT	ok	True
chr10	95237803	95237804	-	0.445205	mod_ratio	147	T	TGTTT	ok	True
chr10	95238032	95238033	-	0.311111	mod_ratio	136	T	TGTTT	ok	True
chr10	95247266	95247267	-	0.430894	mod_ratio	123	T	TGTTT	ok	True
chr10	95247360	95247361	-	0.276786	mod_ratio	113	T	GGTCT	ok	True
chr10	95263971	95263972	-	0.431373	mod_ratio	102	T	GGTTT	ok	True
chr10	97332697	97332698	-	0.337209	mod_ratio	88	T	AGTTT	ok	True
chr10	97332962	97332963	-	0.324675	mod_ratio	77	T	TGTTT	ok	True
chr10	97430545	97430546	+	0.10049	mod_ratio	410	A	AAACT	ok	True
chr10	97430970	97430971	+	0.108046	mod_ratio	446	A	AGACC	ok	True
chr10	97432384	97432385	+	0.106029	mod_ratio	483	A	GAACC	ok	True
chr10	97432623	97432624	+	0.183556	mod_ratio	534	A	AGACA	ok	True
chr10	97432651	97432652	+	0.123364	mod_ratio	550	A	GGACC	ok	True
chr10	97432846	97432847	+	0.316279	mod_ratio	657	A	GAACC	ok	True
chr10	97436367	97436368	-	0.670588	mod_ratio	86	T	TGTTT	ok	True
chr10	97441177	97441178	-	0.417722	mod_ratio	80	T	AGTTC	ok	True
chr10	99397441	99397442	-	0.229358	mod_ratio	111	T	AGTCC	ok	True
chr10	99397541	99397542	-	0.830189	mod_ratio	107	T	TGTTT	ok	True
chr10	99402626	99402627	-	0.709302	mod_ratio	89	T	GGTTC	ok	True
chr10	99755906	99755907	+	0.30303	mod_ratio	99	A	AAACA	ok	True
chr10	100275175	100275176	-	0.8	mod_ratio	50	T	AGTCC	ok	True
chr10	100275289	100275290	-	0.553191	mod_ratio	47	T	GGTTC	ok	True
chr10	100280968	100280969	-	0.666667	mod_ratio	48	T	TGTTT	ok	True
chr10	100362647	100362648	+	0.583333	mod_ratio	50	A	GAACC	ok	True
chr10	100363586	100363587	+	0.42029	mod_ratio	79	A	AAACA	ok	True
chr10	100364631	100364632	+	0.316456	mod_ratio	79	A	AAACA	ok	True
chr10	100523754	100523755	-	0.159817	mod_ratio	376	T	AGTTT	ok	True
chr10	100523800	100523801	-	0.756501	mod_ratio	429	T	AGTCC	ok	True
chr10	100523866	100523867	-	0.2713	mod_ratio	446	T	GGTTC	ok	True
chr10	100523926	100523927	-	0.190583	mod_ratio	448	T	GGTCC	ok	True
chr10	100526522	100526523	-	0.165919	mod_ratio	449	T	GGTTC	ok	True
chr10	100526977	100526978	-	0.131991	mod_ratio	448	T	GGTTC	ok	True
chr10	100526987	100526988	-	0.157303	mod_ratio	448	T	AGTTC	ok	True
chr10	100529402	100529403	-	0.618667	mod_ratio	378	T	GGTTC	ok	True
chr10	100529487	100529488	-	0.355742	mod_ratio	359	T	TGTCC	ok	True
chr10	100981489	100981490	-	0.52439	mod_ratio	83	T	GGTTC	ok	True
chr10	100986289	100986290	-	0.509091	mod_ratio	93	T	AGTTT	ok	True
chr10	100986431	100986432	-	0.283019	mod_ratio	109	T	TGTTT	ok	True
chr10	100986541	100986542	-	0.439252	mod_ratio	108	T	GGTTC	ok	True
chr10	100987130	100987131	-	0.385135	mod_ratio	150	T	AGTTT	ok	True
chr10	100987427	100987428	-	0.3	mod_ratio	114	T	AGTCC	ok	True
chr10	101594730	101594731	+	0.586957	mod_ratio	46	A	GAACT	ok	True
chr10	101782538	101782539	-	0.229008	mod_ratio	132	T	GGTTC	ok	True
chr10	102160296	102160297	+	0.736842	mod_ratio	38	A	AAACC	ok	True
chr10	102162338	102162339	+	0.343284	mod_ratio	67	A	GAACC	ok	True
chr10	102163258	102163259	+	0.371429	mod_ratio	79	A	AAACA	ok	True
chr10	102163401	102163402	+	0.340909	mod_ratio	90	A	AAACT	ok	True
chr10	102423495	102423496	-	0.21831	mod_ratio	143	T	GGTTC	ok	True
chr10	102424276	102424277	-	0.274336	mod_ratio	114	T	TGTCT	ok	True
chr10	102480854	102480855	-	0.378378	mod_ratio	80	T	TGTCC	ok	True
chr10	102490551	102490552	-	0.595745	mod_ratio	47	T	AGTTT	ok	True
chr10	102685998	102685999	-	0.629032	mod_ratio	62	T	AGTTC	ok	True
chr10	102699450	102699451	-	0.442623	mod_ratio	61	T	AGTTT	ok	True
chr10	103389157	103389158	-	0.180952	mod_ratio	743	T	AGTTT	ok	True
chr10	103392216	103392217	-	0.137384	mod_ratio	764	T	AGTTT	ok	True
chr10	103392371	103392372	-	0.14077	mod_ratio	755	T	CGTTC	ok	False
chr10	103395845	103395846	-	0.214953	mod_ratio	107	T	TGTTC	ok	True
chr10	103396438	103396439	-	0.277372	mod_ratio	666	T	TGTCC	ok	True
chr10	104259661	104259662	+	0.107042	mod_ratio	355	A	AAACA	ok	True
chr10	104267259	104267260	+	0.410765	mod_ratio	356	A	AGACC	ok	True
chr10	104267272	104267273	+	0.152113	mod_ratio	356	A	AAACT	ok	True
chr10	104267278	104267279	+	0.155367	mod_ratio	355	A	AAACT	ok	True
chr10	104267340	104267341	+	0.112676	mod_ratio	355	A	AGACT	ok	True
chr10	104267373	104267374	+	0.198276	mod_ratio	348	A	GAACA	ok	True
chr10	109865013	109865014	-	0.47619	mod_ratio	64	T	TGTTT	ok	True
chr10	110578696	110578697	+	0.416667	mod_ratio	63	A	AAACA	ok	True
chr10	110582067	110582068	+	0.666667	mod_ratio	52	A	GAACT	ok	True
chr10	118336328	118336329	-	0.575	mod_ratio	40	T	AGTCC	ok	True
chr10	119035508	119035509	-	0.7	mod_ratio	40	T	TGTTT	ok	True
chr10	119036156	119036157	-	0.722222	mod_ratio	36	T	GGTCT	ok	True
chr10	119036162	119036163	-	0.666667	mod_ratio	36	T	GGTCT	ok	True
chr10	119036174	119036175	-	0.638889	mod_ratio	36	T	GGTCT	ok	True
chr10	119146280	119146281	-	0.714286	mod_ratio	56	T	AGTCC	ok	True
chr10	119167746	119167747	-	0.206897	mod_ratio	760	T	TGTTT	ok	True
chr10	119168070	119168071	-	0.383615	mod_ratio	783	T	AGTTT	ok	True
chr10	119168185	119168186	-	0.575676	mod_ratio	760	T	TGTTT	ok	True
chr10	119168235	119168236	-	0.12344	mod_ratio	735	T	TGTTC	ok	True
chr10	119168308	119168309	-	0.246479	mod_ratio	727	T	TGTTT	ok	True
chr10	119168317	119168318	-	0.102672	mod_ratio	723	T	GGTCT	ok	True
chr10	119168380	119168381	-	0.179941	mod_ratio	696	T	GGTTC	ok	True
chr10	119168438	119168439	-	0.301515	mod_ratio	673	T	GGTTC	ok	True
chr10	119169193	119169194	-	0.287009	mod_ratio	672	T	TGTCC	ok	True
chr10	119169198	119169199	-	0.347958	mod_ratio	671	T	AGTTC	ok	True
chr10	119169223	119169224	-	0.536321	mod_ratio	656	T	TGTTT	ok	True
chr10	119172420	119172421	-	0.120603	mod_ratio	605	T	AGTCT	ok	True
chr10	119172462	119172463	-	0.147059	mod_ratio	588	T	TGTTC	ok	True
chr10	119173806	119173807	-	0.3879	mod_ratio	568	T	AGTTC	ok	True
chr10	119500018	119500019	-	0.493827	mod_ratio	83	T	AGTCC	ok	True
chr10	119500056	119500057	-	0.292683	mod_ratio	84	T	GGTCC	ok	True
chr10	119500150	119500151	-	0.297619	mod_ratio	85	T	AGTTT	ok	True
chr10	119500196	119500197	-	0.573171	mod_ratio	84	T	TGTTT	ok	True
chr10	119575542	119575543	-	0.75	mod_ratio	49	T	GGTTC	ok	True
chr10	119575672	119575673	-	0.66	mod_ratio	50	T	TGTTT	ok	True
chr10	119578753	119578754	-	0.90625	mod_ratio	33	T	GGTTT	ok	True
chr10	121960374	121960375	-	0.684932	mod_ratio	74	T	GGTCT	ok	True
chr10	121961450	121961451	-	0.319444	mod_ratio	73	T	TGTTT	ok	True
chr10	121967687	121967688	-	0.402985	mod_ratio	68	T	TGTTT	ok	True
chr10	121967697	121967698	-	0.476923	mod_ratio	67	T	TGTTC	ok	True
chr10	123155023	123155024	+	0.133333	mod_ratio	241	A	GGACA	ok	True
chr10	123155683	123155684	+	0.115079	mod_ratio	254	A	GGACT	ok	True
chr10	123160431	123160432	+	0.182432	mod_ratio	298	A	AGACC	ok	True
chr10	123160448	123160449	+	0.562914	mod_ratio	303	A	GAACA	ok	True
chr10	123160476	123160477	+	0.127451	mod_ratio	308	A	GGACT	ok	True
chr10	123160532	123160533	+	0.119497	mod_ratio	320	A	AGACT	ok	True
chr10	123160557	123160558	+	0.271875	mod_ratio	321	A	AAACA	ok	True
chr10	123162284	123162285	+	0.254601	mod_ratio	329	A	GGACC	ok	True
chr10	123162721	123162722	+	0.144444	mod_ratio	364	A	GGACT	ok	True
chr10	123162771	123162772	+	0.113821	mod_ratio	371	A	GAACA	ok	True
chr10	123162817	123162818	+	0.278378	mod_ratio	375	A	AAACA	ok	True
chr10	123164000	123164001	+	0.925926	mod_ratio	57	A	AAACA	ok	True
chr10	123165289	123165290	+	0.179054	mod_ratio	299	A	GAACA	ok	True
chr10	125831496	125831497	+	0.365854	mod_ratio	82	A	GAACA	ok	True
chr10	130160975	130160976	+	0.150754	mod_ratio	202	A	GAACT	ok	True
chr10	130160986	130160987	+	0.57	mod_ratio	202	A	GAACC	ok	True
chr10	130166540	130166541	+	0.316583	mod_ratio	204	A	AAACA	ok	True
chr10	130169482	130169483	+	0.327273	mod_ratio	222	A	AAACA	ok	True
chr10	130169486	130169487	+	0.140909	mod_ratio	222	A	AAACA	ok	True
chr10	130171606	130171607	+	0.225225	mod_ratio	224	A	AAACA	ok	True
chr10	130174879	130174880	+	0.251121	mod_ratio	226	A	AAACA	ok	True
chr10	130179343	130179344	+	0.183406	mod_ratio	231	A	GAACT	ok	True
chr10	130179402	130179403	+	0.223684	mod_ratio	235	A	AAACT	ok	True
chr10	130179587	130179588	+	0.353293	mod_ratio	174	A	AAACA	ok	True
chr10	131968312	131968313	-	0.544304	mod_ratio	81	T	AGTCT	ok	True
chr10	131970771	131970772	-	0.8	mod_ratio	101	T	TGTTT	ok	True
chr10	131973071	131973072	-	0.306818	mod_ratio	91	T	TGTTT	ok	True
chr10	133310254	133310255	+	0.676471	mod_ratio	34	A	GGACT	ok	True
chr10	133313134	133313135	+	0.806452	mod_ratio	37	A	AAACA	ok	True
chr10	133362827	133362828	-	0.315152	mod_ratio	331	T	TGTCC	ok	True
chr10	133362864	133362865	-	0.120743	mod_ratio	328	T	GGTTC	ok	True
chr10	133362874	133362875	-	0.177019	mod_ratio	323	T	GGTCT	ok	True
chr10	133364681	133364682	-	0.237179	mod_ratio	316	T	AGTTT	ok	True
chr10	133366065	133366066	-	0.15917	mod_ratio	291	T	TGTCT	ok	True
chr10	133366973	133366974	-	0.286232	mod_ratio	279	T	AGTCT	ok	True
chr10	133368931	133368932	-	0.115672	mod_ratio	272	T	GGTTC	ok	True
chr10	133369955	133369956	-	0.313725	mod_ratio	257	T	GGTCC	ok	True
chr10	133370622	133370623	-	0.190083	mod_ratio	242	T	GGTCT	ok	True
chr10	133370687	133370688	-	0.25974	mod_ratio	232	T	GGTTC	ok	True
chr10	133402758	133402759	+	0.565217	mod_ratio	46	A	AAACA	ok	True
chr4	672474	672475	-	0.264095	mod_ratio	350	T	GGTCC	ok	True
chr4	673333	673334	-	0.148045	mod_ratio	360	T	AGTTC	ok	True
chr4	674251	674252	-	0.239437	mod_ratio	312	T	TGTCC	ok	True
chr4	1339452	1339453	+	0.793103	mod_ratio	29	A	AAACA	ok	True
chr4	1339652	1339653	+	0.222222	mod_ratio	108	A	GGACA	ok	True
chr4	1340009	1340010	+	0.588235	mod_ratio	120	A	GAACC	ok	True
chr4	1340029	1340030	+	0.235294	mod_ratio	120	A	GAACC	ok	True
chr4	1340092	1340093	+	0.247525	mod_ratio	111	A	AAACT	ok	True
chr4	1340105	1340106	+	0.320513	mod_ratio	101	A	AAACC	ok	True
chr4	1692872	1692873	-	0.5	mod_ratio	61	T	AGTTT	ok	True
chr4	1693076	1693077	-	0.328571	mod_ratio	72	T	AGTTT	ok	True
chr4	1693626	1693627	-	0.508475	mod_ratio	60	T	GGTTC	ok	True
chr4	2042062	2042063	+	0.327044	mod_ratio	177	A	GAACC	ok	True
chr4	2930613	2930614	-	0.615385	mod_ratio	40	T	AGTTT	ok	True
chr4	3512979	3512980	-	0.42623	mod_ratio	61	T	AGTTC	ok	True
chr4	3518876	3518877	-	0.74	mod_ratio	50	T	GGTCC	ok	True
chr4	6641791	6641792	+	0.415459	mod_ratio	208	A	AAACC	ok	True
chr4	6642073	6642074	+	0.427481	mod_ratio	266	A	GAACT	ok	True
chr4	6642100	6642101	+	0.304511	mod_ratio	268	A	AGACT	ok	True
chr4	6642191	6642192	+	0.134276	mod_ratio	287	A	GGACC	ok	True
chr4	6642196	6642197	+	0.303887	mod_ratio	288	A	AGACT	ok	True
chr4	6642234	6642235	+	0.158076	mod_ratio	479	A	GGACT	ok	True
chr4	6642288	6642289	+	0.104628	mod_ratio	503	A	AGACT	ok	True
chr4	6642307	6642308	+	0.260956	mod_ratio	504	A	AGACC	ok	True
chr4	6642394	6642395	+	0.415354	mod_ratio	510	A	GGACA	ok	True
chr4	6642424	6642425	+	0.135029	mod_ratio	512	A	GAACC	ok	True
chr4	6642554	6642555	+	0.354776	mod_ratio	515	A	GAACT	ok	True
chr4	6642575	6642576	+	0.339806	mod_ratio	517	A	AAACT	ok	True
chr4	6642580	6642581	+	0.161165	mod_ratio	517	A	GGACT	ok	True
chr4	6642665	6642666	+	0.821355	mod_ratio	495	A	GAACC	ok	True
chr4	6642681	6642682	+	0.561845	mod_ratio	487	A	AAACA	ok	True
chr4	6642685	6642686	+	0.339623	mod_ratio	487	A	AAACA	ok	True
chr4	6642691	6642692	+	0.158228	mod_ratio	482	A	AAACT	ok	True
chr4	7060409	7060410	-	0.682927	mod_ratio	41	T	TGTTT	ok	True
chr4	7060832	7060833	-	0.442623	mod_ratio	69	T	AGTTT	ok	True
chr4	10074659	10074660	-	0.5	mod_ratio	49	T	GGTCT	ok	True
chr4	10075192	10075193	-	0.378378	mod_ratio	76	T	TGTCT	ok	True
chr4	10075350	10075351	-	0.555556	mod_ratio	73	T	GGTCC	ok	True
chr4	10077321	10077322	-	0.382353	mod_ratio	68	T	GGTTT	ok	True
chr4	24527760	24527761	-	0.754717	mod_ratio	111	T	TGTTT	ok	True
chr4	24527969	24527970	-	0.263158	mod_ratio	96	T	GGTCC	ok	True
chr4	24529751	24529752	-	0.317073	mod_ratio	84	T	TGTTC	ok	True
chr4	24532912	24532913	-	0.453333	mod_ratio	77	T	AGTCC	ok	True
chr4	24540290	24540291	-	0.482143	mod_ratio	58	T	AGTTT	ok	True
chr4	24576627	24576628	-	0.884615	mod_ratio	29	T	GGTCT	ok	True
chr4	25929599	25929600	+	0.45283	mod_ratio	53	A	AAACT	ok	True
chr4	39454565	39454566	-	0.332933	mod_ratio	835	T	AGTTC	ok	True
chr4	39454615	39454616	-	0.15625	mod_ratio	837	T	TGTTT	ok	True
chr4	39456409	39456410	-	0.107059	mod_ratio	856	T	GGTCT	ok	True
chr4	39457645	39457646	-	0.185473	mod_ratio	782	T	AGTTC	ok	True
chr4	39458245	39458246	-	0.103401	mod_ratio	740	T	AGTCC	ok	True
chr4	39458258	39458259	-	0.155007	mod_ratio	738	T	GGTTC	ok	True
chr4	39458414	39458415	-	0.131772	mod_ratio	696	T	AGTCT	ok	True
chr4	39777686	39777687	+	0.355263	mod_ratio	76	A	AAACA	ok	True
chr4	39777707	39777708	+	0.513158	mod_ratio	76	A	AAACA	ok	True
chr4	48860733	48860734	+	0.282353	mod_ratio	86	A	AAACA	ok	True
chr4	48860860	48860861	+	0.613636	mod_ratio	90	A	AAACA	ok	True
chr4	52713785	52713786	+	0.123762	mod_ratio	203	A	GGACC	ok	True
chr4	52713853	52713854	+	0.266667	mod_ratio	211	A	GAACC	ok	True
chr4	52713886	52713887	+	0.113744	mod_ratio	214	A	AGACT	ok	True
chr4	52714122	52714123	+	0.43609	mod_ratio	187	A	AAACT	ok	True
chr4	56441697	56441698	+	0.291262	mod_ratio	104	A	AAACA	ok	True
chr4	56441722	56441723	+	0.230769	mod_ratio	107	A	AGACA	ok	True
chr4	56441788	56441789	+	0.354545	mod_ratio	114	A	AAACC	ok	True
chr4	56446702	56446703	+	0.45614	mod_ratio	118	A	AAACT	ok	True
chr4	56448452	56448453	+	0.18797	mod_ratio	136	A	GAACA	ok	True
chr4	56448485	56448486	+	0.240602	mod_ratio	136	A	GGACT	ok	True
chr4	56448501	56448502	+	0.280303	mod_ratio	139	A	AGACT	ok	True
chr4	56448780	56448781	+	0.179856	mod_ratio	144	A	AGACT	ok	True
chr4	56448819	56448820	+	0.207143	mod_ratio	146	A	AAACA	ok	True
chr4	56451987	56451988	+	0.193548	mod_ratio	162	A	GAACT	ok	True
chr4	56452024	56452025	+	0.339744	mod_ratio	164	A	AAACT	ok	True
chr4	56459462	56459463	+	0.379518	mod_ratio	181	A	AAACT	ok	True
chr4	56459482	56459483	+	0.191617	mod_ratio	183	A	GAACA	ok	True
chr4	56459570	56459571	+	0.463855	mod_ratio	182	A	AAACT	ok	True
chr4	56459636	56459637	+	0.186667	mod_ratio	174	A	GAACA	ok	True
chr4	56478459	56478460	+	0.55	mod_ratio	60	A	GAACA	ok	True
chr4	56483265	56483266	+	0.4	mod_ratio	85	A	AAACC	ok	True
chr4	56488003	56488004	+	0.559524	mod_ratio	85	A	AAACC	ok	True
chr4	56490382	56490383	+	0.411765	mod_ratio	88	A	AAACT	ok	True
chr4	56490567	56490568	+	0.54023	mod_ratio	87	A	AGACA	ok	True
chr4	56491439	56491440	+	0.45977	mod_ratio	89	A	AAACA	ok	True
chr4	57031101	57031102	-	0.337349	mod_ratio	144	T	TGTTT	ok	True
chr4	57033255	57033256	-	0.268041	mod_ratio	97	T	TGTCC	ok	True
chr4	68314129	68314130	-	0.757576	mod_ratio	34	T	GGTCT	ok	True
chr4	70820677	70820678	-	0.763636	mod_ratio	57	T	GGTTT	ok	True
chr4	70831561	70831562	-	0.738095	mod_ratio	43	T	TGTTT	ok	True
chr4	75482072	75482073	-	0.962963	mod_ratio	27	T	TGTCT	ok	True
chr4	75644756	75644757	-	0.481481	mod_ratio	54	T	AGTTC	ok	True
chr4	82355342	82355343	-	0.301205	mod_ratio	84	T	GGTTT	ok	True
chr4	82358750	82358751	-	0.45283	mod_ratio	55	T	TGTTT	ok	True
chr4	82424653	82424654	-	0.390845	mod_ratio	313	T	GGTTT	ok	True
chr4	82424782	82424783	-	0.138728	mod_ratio	347	T	TGTCT	ok	True
chr4	82426051	82426052	-	0.103226	mod_ratio	313	T	TGTTC	ok	True
chr4	82426077	82426078	-	0.152597	mod_ratio	310	T	TGTTT	ok	True
chr4	82426470	82426471	-	0.12	mod_ratio	302	T	AGTCT	ok	True
chr4	82426484	82426485	-	0.471761	mod_ratio	303	T	TGTCC	ok	True
chr4	82426497	82426498	-	0.675585	mod_ratio	302	T	AGTTC	ok	True
chr4	82426545	82426546	-	0.162162	mod_ratio	296	T	AGTTT	ok	True
chr4	82426614	82426615	-	0.169611	mod_ratio	287	T	GGTTC	ok	True
chr4	82426620	82426621	-	0.137809	mod_ratio	284	T	AGTTT	ok	True
chr4	82427530	82427531	-	0.101215	mod_ratio	249	T	TGTTT	ok	True
chr4	82427549	82427550	-	0.261224	mod_ratio	247	T	AGTTC	ok	True
chr4	82428101	82428102	-	0.206612	mod_ratio	243	T	GGTTC	ok	True
chr4	82428155	82428156	-	0.177686	mod_ratio	242	T	AGTTT	ok	True
chr4	82428161	82428162	-	0.107438	mod_ratio	242	T	TGTTC	ok	True
chr4	82428170	82428171	-	0.5875	mod_ratio	242	T	AGTTC	ok	True
chr4	82428348	82428349	-	0.10917	mod_ratio	229	T	TGTTT	ok	True
chr4	82428362	82428363	-	0.122271	mod_ratio	229	T	AGTCT	ok	True
chr4	82456946	82456947	+	0.621622	mod_ratio	37	A	GGACA	ok	True
chr4	82460139	82460140	+	0.666667	mod_ratio	42	A	AGACC	ok	True
chr4	82819194	82819195	-	0.622222	mod_ratio	51	T	AGTTT	ok	True
chr4	82875731	82875732	-	0.615385	mod_ratio	42	T	TGTTT	ok	True
chr4	82893583	82893584	-	0.535714	mod_ratio	140	T	TGTTT	ok	True
chr4	82893726	82893727	-	0.180556	mod_ratio	145	T	AGTTT	ok	True
chr4	82893830	82893831	-	0.181159	mod_ratio	140	T	AGTCC	ok	True
chr4	82894025	82894026	-	0.533835	mod_ratio	133	T	TGTTT	ok	True
chr4	82894075	82894076	-	0.179688	mod_ratio	130	T	GGTCT	ok	True
chr4	82894279	82894280	-	0.553571	mod_ratio	112	T	TGTTT	ok	True
chr4	82894517	82894518	-	0.26087	mod_ratio	93	T	TGTTT	ok	True
chr4	82894711	82894712	-	0.579545	mod_ratio	89	T	AGTTC	ok	True
chr4	82900102	82900103	-	0.43662	mod_ratio	73	T	TGTTT	ok	True
chr4	82900115	82900116	-	0.549296	mod_ratio	74	T	GGTTC	ok	True
chr4	83049973	83049974	+	0.38764	mod_ratio	182	A	AAACA	ok	True
chr4	83049978	83049979	+	0.241573	mod_ratio	182	A	GGACA	ok	True
chr4	83056946	83056947	+	0.254144	mod_ratio	185	A	AAACT	ok	True
chr4	83056953	83056954	+	0.348066	mod_ratio	186	A	AGACT	ok	True
chr4	83057373	83057374	+	0.26	mod_ratio	202	A	AAACA	ok	True
chr4	83066452	83066453	+	0.12963	mod_ratio	222	A	GGACA	ok	True
chr4	83066468	83066469	+	0.179724	mod_ratio	223	A	GAACA	ok	True
chr4	83066519	83066520	+	0.178571	mod_ratio	228	A	GAACT	ok	True
chr4	83068521	83068522	+	0.377682	mod_ratio	235	A	AAAGT	ok	False
chr4	83075379	83075380	+	0.470833	mod_ratio	243	A	AAACA	ok	True
chr4	83075394	83075395	+	0.178423	mod_ratio	246	A	GGACA	ok	True
chr4	83075441	83075442	+	0.164659	mod_ratio	252	A	GAACT	ok	True
chr4	83075561	83075562	+	0.136546	mod_ratio	251	A	AGACA	ok	True
chr4	83075668	83075669	+	0.629482	mod_ratio	253	A	AAACA	ok	True
chr4	83090738	83090739	-	0.266497	mod_ratio	401	T	AGTTT	ok	True
chr4	83090809	83090810	-	0.144681	mod_ratio	534	T	AGTTC	ok	True
chr4	83090934	83090935	-	0.108014	mod_ratio	583	T	TGTCT	ok	True
chr4	83094683	83094684	-	0.439655	mod_ratio	582	T	AGTTT	ok	True
chr4	83104924	83104925	-	0.153707	mod_ratio	560	T	AGTCC	ok	True
chr4	83114680	83114681	-	0.374101	mod_ratio	426	T	GGTTC	ok	True
chr4	83264168	83264169	-	0.467532	mod_ratio	78	T	TGTTT	ok	True
chr4	83264242	83264243	-	0.321429	mod_ratio	85	T	TGTCT	ok	True
chr4	83264294	83264295	-	0.27381	mod_ratio	84	T	AGTCC	ok	True
chr4	83273607	83273608	-	0.324675	mod_ratio	77	T	TGTTC	ok	True
chr4	83284522	83284523	-	0.581081	mod_ratio	74	T	TGTCC	ok	True
chr4	83456074	83456075	+	0.182186	mod_ratio	262	A	GAACC	ok	True
chr4	83456167	83456168	+	0.317518	mod_ratio	274	A	GGACT	ok	True
chr4	83458374	83458375	+	0.183036	mod_ratio	227	A	GAACC	ok	True
chr4	83460988	83460989	+	0.227437	mod_ratio	282	A	AAACA	ok	True
chr4	83461221	83461222	+	0.502439	mod_ratio	250	A	AAACT	ok	True
chr4	83461266	83461267	+	0.410526	mod_ratio	97	A	AAACC	ok	True
chr4	87337256	87337257	-	0.403226	mod_ratio	63	T	AGTTT	ok	True
chr4	87340570	87340571	-	0.377049	mod_ratio	61	T	TGTTT	ok	True
chr4	87357308	87357309	-	0.490909	mod_ratio	55	T	TGTTT	ok	True
chr4	87390920	87390921	-	0.45098	mod_ratio	53	T	AGTCT	ok	True
chr4	87438366	87438367	+	0.436364	mod_ratio	55	A	AGACC	ok	True
chr4	87451724	87451725	+	0.516129	mod_ratio	63	A	AGACC	ok	True
chr4	87457918	87457919	+	0.442857	mod_ratio	70	A	AAACT	ok	True
chr4	87457954	87457955	+	0.338028	mod_ratio	71	A	AAACT	ok	True
chr4	87458286	87458287	+	0.617647	mod_ratio	68	A	AAACA	ok	True
chr4	88114976	88114977	-	0.489362	mod_ratio	47	T	TGTTT	ok	True
chr4	88139948	88139949	-	0.8125	mod_ratio	32	T	TGTTT	ok	True
chr4	88521084	88521085	-	0.258929	mod_ratio	113	T	AGTTT	ok	True
chr4	88521122	88521123	-	0.522124	mod_ratio	113	T	GGTTT	ok	True
chr4	88521350	88521351	-	0.23301	mod_ratio	106	T	TGTTT	ok	True
chr4	88521820	88521821	-	0.267442	mod_ratio	91	T	TGTTT	ok	True
chr4	98880275	98880276	-	0.631579	mod_ratio	57	T	TGTTT	ok	True
chr4	98880390	98880391	-	0.650794	mod_ratio	66	T	TGTTT	ok	True
chr4	98881117	98881118	-	0.657895	mod_ratio	39	T	AGTCC	ok	True
chr4	98901978	98901979	-	0.866667	mod_ratio	31	T	GGTTT	ok	True
chr4	99062375	99062376	+	0.72619	mod_ratio	84	A	AAACA	ok	True
chr4	99062402	99062403	+	0.666667	mod_ratio	85	A	GAACC	ok	True
chr4	99072259	99072260	-	0.430108	mod_ratio	93	T	TGTCC	ok	True
chr4	99072433	99072434	-	0.597938	mod_ratio	97	T	AGTTC	ok	True
chr4	99072592	99072593	-	0.268041	mod_ratio	97	T	AGTTC	ok	True
chr4	99081386	99081387	-	0.525424	mod_ratio	60	T	AGTTT	ok	True
chr4	99948153	99948154	-	0.373913	mod_ratio	1969	T	TGTTT	ok	True
chr4	99948195	99948196	-	0.143291	mod_ratio	1984	T	AGTTT	ok	True
chr4	99948368	99948369	-	0.235897	mod_ratio	1967	T	TGTTT	ok	True
chr4	99948479	99948480	-	0.217054	mod_ratio	1962	T	TGTCC	ok	True
chr4	99948931	99948932	-	0.296767	mod_ratio	1897	T	AGTTC	ok	True
chr4	99949717	99949718	-	0.228943	mod_ratio	1783	T	AGTCC	ok	True
chr4	102796767	102796768	-	0.588235	mod_ratio	104	T	TGTTT	ok	True
chr4	102796798	102796799	-	0.928571	mod_ratio	102	T	TGTTT	ok	True
chr4	102797208	102797209	-	0.255556	mod_ratio	92	T	AGTTT	ok	True
chr4	102802569	102802570	-	0.930556	mod_ratio	75	T	GGTTT	ok	True
chr4	102885303	102885304	+	0.20155	mod_ratio	130	A	AAACA	ok	True
chr4	102885371	102885372	+	0.676923	mod_ratio	132	A	AAACA	ok	True
chr4	102887369	102887370	+	0.360902	mod_ratio	135	A	AAACA	ok	True
chr4	102888090	102888091	+	0.771429	mod_ratio	36	A	AAACT	ok	True
chr4	105369580	105369581	-	0.574074	mod_ratio	67	T	TGTTT	ok	True
chr4	105369679	105369680	-	0.418605	mod_ratio	86	T	AGTCC	ok	True
chr4	105369718	105369719	-	0.372093	mod_ratio	86	T	TGTTT	ok	True
chr4	105399078	105399079	-	0.481928	mod_ratio	83	T	GGTTT	ok	True
chr4	105424252	105424253	-	0.402439	mod_ratio	83	T	TGTTT	ok	True
chr4	105437998	105437999	-	0.813333	mod_ratio	78	T	AGTTC	ok	True
chr4	106327502	106327503	+	0.574257	mod_ratio	103	A	AAACT	ok	True
chr4	106327529	106327530	+	0.23	mod_ratio	101	A	AAACA	ok	True
chr4	106328200	106328201	+	0.223301	mod_ratio	105	A	GAACA	ok	True
chr4	106331780	106331781	+	0.592593	mod_ratio	55	A	AAACA	ok	True
chr4	106347665	106347666	+	0.517241	mod_ratio	61	A	AAACC	ok	True
chr4	108009795	108009796	+	0.568182	mod_ratio	44	A	AGACC	ok	True
chr4	108019610	108019611	+	0.584906	mod_ratio	53	A	AGACC	ok	True
chr4	108023482	108023483	+	0.642857	mod_ratio	56	A	AAACA	ok	True
chr4	108622111	108622112	+	0.113448	mod_ratio	1584	A	GAACC	ok	True
chr4	108622564	108622565	+	0.219178	mod_ratio	1611	A	AAACA	ok	True
chr4	108625221	108625222	+	0.366726	mod_ratio	1181	A	AAACT	ok	True
chr4	108655588	108655589	+	0.34375	mod_ratio	165	A	GAACC	ok	True
chr4	108657529	108657530	+	0.50838	mod_ratio	183	A	GGACC	ok	True
chr4	108657641	108657642	+	0.532258	mod_ratio	187	A	AAACT	ok	True
chr4	108667421	108667422	+	0.120603	mod_ratio	201	A	GGACT	ok	True
chr4	118278978	118278979	+	0.204678	mod_ratio	175	A	GAACC	ok	True
chr4	118279032	118279033	+	0.414365	mod_ratio	183	A	GGACT	ok	True
chr4	118279401	118279402	+	0.152709	mod_ratio	204	A	GAACA	ok	True
chr4	118279424	118279425	+	0.142857	mod_ratio	203	A	AAACA	ok	True
chr4	118279733	118279734	+	0.326425	mod_ratio	194	A	GGACA	ok	True
chr4	119300412	119300413	-	0.392405	mod_ratio	80	T	TGTTT	ok	True
chr4	119300455	119300456	-	0.363636	mod_ratio	77	T	AGTTC	ok	True
chr4	120059666	120059667	-	0.430556	mod_ratio	146	T	TGTTT	ok	True
chr4	120059984	120059985	-	0.338462	mod_ratio	133	T	AGTTC	ok	True
chr4	120060222	120060223	-	0.327586	mod_ratio	118	T	GGTCC	ok	True
chr4	120062066	120062067	-	0.232323	mod_ratio	100	T	AGTTT	ok	True
chr4	120065741	120065742	-	0.361702	mod_ratio	96	T	AGTCC	ok	True
chr4	121668014	121668015	-	0.794521	mod_ratio	85	T	TGTTT	ok	True
chr4	121668066	121668067	-	0.26087	mod_ratio	115	T	AGTTT	ok	True
chr4	121668102	121668103	-	0.284483	mod_ratio	117	T	AGTTC	ok	True
chr4	121672605	121672606	-	0.206612	mod_ratio	125	T	AGTTC	ok	True
chr4	121678457	121678458	-	0.218487	mod_ratio	119	T	TGTCC	ok	True
chr4	121681712	121681713	-	0.359649	mod_ratio	115	T	TGTCC	ok	True
chr4	121683375	121683376	-	0.631579	mod_ratio	114	T	TGTTT	ok	True
chr4	121683381	121683382	-	0.289474	mod_ratio	114	T	AGTTC	ok	True
chr4	121683450	121683451	-	0.301724	mod_ratio	118	T	AGTTC	ok	True
chr4	121801880	121801881	+	0.69697	mod_ratio	34	A	GAACA	ok	True
chr4	121813896	121813897	+	0.489362	mod_ratio	48	A	GAACT	ok	True
chr4	121816420	121816421	+	0.6	mod_ratio	45	A	GAACC	ok	True
chr4	121816462	121816463	-	0.766667	mod_ratio	48	T	GGTTT	ok	True
chr4	121817083	121817084	-	0.545455	mod_ratio	44	T	AGTTT	ok	True
chr4	121820657	121820658	-	0.765957	mod_ratio	47	T	AGTTT	ok	True
chr4	121820729	121820730	-	0.521739	mod_ratio	46	T	TGTTT	ok	True
chr4	121820753	121820754	-	0.608696	mod_ratio	46	T	GGTTT	ok	True
chr4	121822574	121822575	-	0.837209	mod_ratio	43	T	TGTTT	ok	True
chr4	139292539	139292540	-	0.349112	mod_ratio	339	T	TGTTT	ok	True
chr4	139292548	139292549	-	0.359882	mod_ratio	341	T	AGTTT	ok	True
chr4	139292600	139292601	-	0.233728	mod_ratio	338	T	TGTTT	ok	True
chr4	139704129	139704130	+	0.465517	mod_ratio	61	A	AAACT	ok	True
chr4	145119937	145119938	+	0.659091	mod_ratio	45	A	AAACA	ok	True
chr4	145127550	145127551	+	0.918033	mod_ratio	61	A	AAACT	ok	True
chr4	145127573	145127574	+	0.75	mod_ratio	61	A	AGACT	ok	True
chr4	145127975	145127976	+	0.701754	mod_ratio	57	A	AAACT	ok	True
chr4	145128476	145128477	+	0.604651	mod_ratio	44	A	AAACC	ok	True
chr4	146187340	146187341	+	0.219048	mod_ratio	105	A	GGACA	ok	True
chr4	151101091	151101092	+	0.482667	mod_ratio	3426	A	AAACT	ok	True
chr4	151104533	151104534	+	0.124966	mod_ratio	3682	A	AGACA	ok	True
chr4	151104568	151104569	+	0.375036	mod_ratio	3596	A	GAACC	ok	True
chr4	151104600	151104601	+	0.127122	mod_ratio	2828	A	AGACT	ok	True
chr4	158715365	158715366	-	0.52	mod_ratio	51	T	TGTTT	ok	True
chr4	173332151	173332152	-	0.454545	mod_ratio	92	T	GGTTC	ok	True
chr4	173332856	173332857	-	0.585714	mod_ratio	74	T	TGTTC	ok	True
chr4	173332868	173332869	-	0.621212	mod_ratio	70	T	TGTTT	ok	True
chr4	173333559	173333560	-	0.617284	mod_ratio	83	T	TGTTT	ok	True
chr4	185143293	185143294	+	0.205298	mod_ratio	153	A	GGACT	ok	True
chr4	185143403	185143404	+	0.168675	mod_ratio	168	A	GGACT	ok	True
chr4	185143470	185143471	+	0.172619	mod_ratio	168	A	AAACT	ok	True
chr4	185144780	185144781	+	0.220238	mod_ratio	171	A	AAACA	ok	True
chr4	185145055	185145056	+	0.192661	mod_ratio	218	A	GGACT	ok	True
chr4	185145066	185145067	+	0.133641	mod_ratio	222	A	GGACC	ok	True
chr4	185146981	185146982	+	0.5053	mod_ratio	285	A	AAACA	ok	True
chr4	185147006	185147007	+	0.222615	mod_ratio	292	A	GAACT	ok	True
chr4	185147048	185147049	+	0.132404	mod_ratio	290	A	AGACT	ok	True
chr4	185147084	185147085	+	0.476027	mod_ratio	294	A	AAACC	ok	True
chr4	185147089	185147090	+	0.767123	mod_ratio	294	A	AGACT	ok	True
chr4	185147136	185147137	+	0.856655	mod_ratio	296	A	AAACC	ok	True
chr4	185147246	185147247	+	0.462745	mod_ratio	277	A	AAACA	ok	True
chr4	185147258	185147259	+	0.435644	mod_ratio	256	A	AGACC	ok	True
chr4	185587562	185587563	-	0.884615	mod_ratio	26	T	TGTTT	ok	True
chr11	237086	237087	+	0.710526	mod_ratio	76	A	GAACT	ok	True
chr11	244165	244166	+	0.831169	mod_ratio	80	A	GAACC	ok	True
chr11	244735	244736	+	0.320988	mod_ratio	82	A	AAACA	ok	True
chr11	247382	247383	+	0.417582	mod_ratio	92	A	AAACC	ok	True
chr11	252745	252746	+	0.217391	mod_ratio	162	A	AAACA	ok	True
chr11	308196	308197	+	0.732283	mod_ratio	135	A	GAACC	ok	True
chr11	308210	308211	+	0.244444	mod_ratio	155	A	AAACC	ok	True
chr11	309019	309020	+	0.125	mod_ratio	189	A	GGACA	ok	True
chr11	319982	319983	-	0.155405	mod_ratio	454	T	TGTCC	ok	True
chr11	320794	320795	-	0.181303	mod_ratio	360	T	GGTTT	ok	True
chr11	320817	320818	-	0.162577	mod_ratio	350	T	TGTCC	ok	True
chr11	405947	405948	-	0.294872	mod_ratio	78	T	AGTTT	ok	True
chr11	494718	494719	-	0.300813	mod_ratio	124	T	TGTCC	ok	True
chr11	494742	494743	-	0.204918	mod_ratio	123	T	GGTCC	ok	True
chr11	499041	499042	-	0.760563	mod_ratio	71	T	AGTCC	ok	True
chr11	758960	758961	+	0.15508	mod_ratio	188	A	GGACC	ok	True
chr11	758985	758986	+	0.367876	mod_ratio	193	A	AAACT	ok	True
chr11	760201	760202	+	0.371429	mod_ratio	214	A	GGACC	ok	True
chr11	763480	763481	+	0.848485	mod_ratio	231	A	AAACA	ok	True
chr11	763799	763800	+	0.100418	mod_ratio	242	A	AAACC	ok	True
chr11	763905	763906	+	0.123016	mod_ratio	253	A	GGACA	ok	True
chr11	764353	764354	+	0.101961	mod_ratio	255	A	GGACC	ok	True
chr11	764862	764863	+	0.46875	mod_ratio	259	A	GGACT	ok	True
chr11	764948	764949	+	0.26556	mod_ratio	246	A	GGACA	ok	True
chr11	811621	811622	+	0.248559	mod_ratio	2963	A	AAACA	ok	True
chr11	838238	838239	+	0.322581	mod_ratio	126	A	AGACC	ok	True
chr11	838420	838421	+	0.241611	mod_ratio	150	A	AGACA	ok	True
chr11	838815	838816	+	0.311321	mod_ratio	142	A	AAACA	ok	True
chr11	840230	840231	-	0.121908	mod_ratio	598	T	GGTTC	ok	True
chr11	840360	840361	-	0.615132	mod_ratio	610	T	GGTTC	ok	True
chr11	1950944	1950945	+	0.352	mod_ratio	125	A	GAACC	ok	True
chr11	1950993	1950994	+	0.304688	mod_ratio	129	A	GGACA	ok	True
chr11	2928543	2928544	-	0.413043	mod_ratio	93	T	AGTCC	ok	True
chr11	2928644	2928645	-	0.288462	mod_ratio	105	T	GGTCC	ok	True
chr11	2944917	2944918	-	0.505882	mod_ratio	86	T	GGTTC	ok	True
chr11	2945215	2945216	-	0.55102	mod_ratio	50	T	AGTCC	ok	True
chr11	2945352	2945353	-	0.585366	mod_ratio	43	T	AGTCC	ok	True
chr11	2964727	2964728	-	0.818182	mod_ratio	35	T	TGTTT	ok	True
chr11	3001101	3001102	-	0.490909	mod_ratio	55	T	AGTCC	ok	True
chr11	3005399	3005400	-	0.979592	mod_ratio	50	T	TGTTT	ok	True
chr11	4111909	4111910	+	0.338028	mod_ratio	72	A	AGACC	ok	True
chr11	4111956	4111957	+	0.376812	mod_ratio	70	A	AGACA	ok	True
chr11	4119844	4119845	+	0.369048	mod_ratio	152	A	AGACT	ok	True
chr11	4121646	4121647	+	0.197605	mod_ratio	168	A	AGACA	ok	True
chr11	4122141	4122142	+	0.140351	mod_ratio	173	A	GGACT	ok	True
chr11	4122208	4122209	+	0.170455	mod_ratio	177	A	AAACT	ok	True
chr11	4123191	4123192	+	0.340909	mod_ratio	178	A	AAACA	ok	True
chr11	4123261	4123262	+	0.156757	mod_ratio	185	A	AAACA	ok	True
chr11	4123327	4123328	+	0.427083	mod_ratio	193	A	GAACC	ok	True
chr11	4126736	4126737	+	0.142157	mod_ratio	206	A	GAACA	ok	True
chr11	4126789	4126790	+	0.230047	mod_ratio	223	A	AAACT	ok	True
chr11	4126813	4126814	+	0.882629	mod_ratio	217	A	AAACT	ok	True
chr11	4127163	4127164	+	0.200893	mod_ratio	226	A	AAACT	ok	True
chr11	4127226	4127227	+	0.111111	mod_ratio	235	A	AAACC	ok	True
chr11	4129119	4129120	+	0.212766	mod_ratio	237	A	GGACT	ok	True
chr11	4132299	4132300	+	0.105485	mod_ratio	239	A	AAACA	ok	True
chr11	4132369	4132370	+	0.348548	mod_ratio	243	A	GAACC	ok	True
chr11	4133626	4133627	+	0.207843	mod_ratio	256	A	AAACC	ok	True
chr11	4135205	4135206	+	0.11194	mod_ratio	273	A	GAACA	ok	True
chr11	4135236	4135237	+	0.389706	mod_ratio	277	A	AAACT	ok	True
chr11	4138203	4138204	+	0.171429	mod_ratio	284	A	AGACT	ok	True
chr11	4138224	4138225	+	0.162544	mod_ratio	286	A	GGACA	ok	True
chr11	4138229	4138230	+	0.473498	mod_ratio	286	A	AGACC	ok	True
chr11	4138400	4138401	+	0.255639	mod_ratio	269	A	AGACC	ok	True
chr11	4138423	4138424	+	0.891386	mod_ratio	269	A	AAACT	ok	True
chr11	4138483	4138484	+	0.11985	mod_ratio	271	A	GGACC	ok	True
chr11	4138552	4138553	+	0.317647	mod_ratio	257	A	AAACT	ok	True
chr11	4138782	4138783	+	0.25	mod_ratio	221	A	AAACT	ok	True
chr11	4138862	4138863	+	0.789474	mod_ratio	182	A	AAACA	ok	True
chr11	6476533	6476534	-	0.538462	mod_ratio	83	T	GGTTT	ok	True
chr11	6476741	6476742	-	0.681818	mod_ratio	89	T	AGTCC	ok	True
chr11	6477869	6477870	-	0.509804	mod_ratio	52	T	TGTTC	ok	True
chr11	6478165	6478166	-	0.911111	mod_ratio	45	T	AGTTT	ok	True
chr11	6482190	6482191	+	0.612903	mod_ratio	63	A	GAACA	ok	True
chr11	6482610	6482611	+	0.362319	mod_ratio	69	A	AAACT	ok	True
chr11	6482819	6482820	+	0.341772	mod_ratio	79	A	GAACT	ok	True
chr11	6599944	6599945	-	0.634146	mod_ratio	45	T	TGTTT	ok	True
chr11	6600704	6600705	-	0.571429	mod_ratio	50	T	AGTCC	ok	True
chr11	6608931	6608932	+	0.338028	mod_ratio	72	A	GGACA	ok	True
chr11	6608948	6608949	+	0.347222	mod_ratio	75	A	GGACC	ok	True
chr11	6609089	6609090	+	0.5	mod_ratio	76	A	AAACA	ok	True
chr11	6609735	6609736	+	0.325581	mod_ratio	86	A	GGACC	ok	True
chr11	6610174	6610175	+	0.230769	mod_ratio	105	A	AAACA	ok	True
chr11	6610220	6610221	+	0.436364	mod_ratio	111	A	GAACT	ok	True
chr11	6681993	6681994	-	0.341146	mod_ratio	388	T	GGTTC	ok	True
chr11	6682131	6682132	-	0.85974	mod_ratio	390	T	TGTTT	ok	True
chr11	6682181	6682182	-	0.116095	mod_ratio	379	T	GGTCC	ok	True
chr11	6682344	6682345	-	0.106742	mod_ratio	359	T	AGTTT	ok	True
chr11	6682789	6682790	-	0.13141	mod_ratio	337	T	TGTCT	ok	True
chr11	6683204	6683205	-	0.312081	mod_ratio	301	T	AGTTC	ok	True
chr11	6683297	6683298	-	0.229665	mod_ratio	266	T	TGTTT	ok	True
chr11	7991782	7991783	+	0.406593	mod_ratio	184	A	GAACT	ok	True
chr11	7991793	7991794	+	0.644809	mod_ratio	184	A	AAACA	ok	True
chr11	7992121	7992122	+	0.355	mod_ratio	202	A	GAACT	ok	True
chr11	7992978	7992979	+	0.218182	mod_ratio	223	A	GGACA	ok	True
chr11	7994450	7994451	+	0.1125	mod_ratio	241	A	GGACC	ok	True
chr11	7995027	7995028	+	0.333333	mod_ratio	256	A	GGACT	ok	True
chr11	7996006	7996007	+	0.119048	mod_ratio	294	A	AAACT	ok	True
chr11	7996068	7996069	+	0.206186	mod_ratio	293	A	GGACT	ok	True
chr11	8683209	8683210	+	0.357188	mod_ratio	3276	A	AGACT	ok	True
chr11	8684770	8684771	+	0.246962	mod_ratio	3563	A	GAACC	ok	True
chr11	8684825	8684826	+	0.430242	mod_ratio	3608	A	GAACA	ok	True
chr11	8684856	8684857	+	0.169801	mod_ratio	3622	A	AGACT	ok	True
chr11	8686006	8686007	+	0.8	mod_ratio	40	A	AAACA	ok	True
chr11	10797068	10797069	-	0.744493	mod_ratio	281	T	TGTTT	ok	True
chr11	10797181	10797182	-	0.296296	mod_ratio	326	T	TGTTT	ok	True
chr11	10797237	10797238	-	0.136223	mod_ratio	325	T	AGTTT	ok	True
chr11	10797484	10797485	-	0.450847	mod_ratio	300	T	AGTTT	ok	True
chr11	10797853	10797854	-	0.100418	mod_ratio	242	T	AGTTT	ok	True
chr11	10799330	10799331	-	0.309942	mod_ratio	175	T	TGTTT	ok	True
chr11	10799377	10799378	-	0.220859	mod_ratio	166	T	TGTTT	ok	True
chr11	10799592	10799593	-	0.243421	mod_ratio	202	T	AGTTT	ok	True
chr11	10799630	10799631	-	0.187919	mod_ratio	201	T	GGTTT	ok	True
chr11	10799667	10799668	-	0.356164	mod_ratio	200	T	AGTTC	ok	True
chr11	10799706	10799707	-	0.377622	mod_ratio	197	T	AGTCC	ok	True
chr11	10800467	10800468	-	0.413462	mod_ratio	150	T	TGTTT	ok	True
chr11	10800566	10800567	-	0.464646	mod_ratio	135	T	TGTTT	ok	True
chr11	10800736	10800737	-	0.648352	mod_ratio	113	T	AGTTT	ok	True
chr11	10800777	10800778	-	0.377778	mod_ratio	110	T	GGTCT	ok	True
chr11	10800978	10800979	-	0.8625	mod_ratio	102	T	TGTTT	ok	True
chr11	10801738	10801739	-	0.315068	mod_ratio	99	T	AGTCC	ok	True
chr11	10805960	10805961	-	0.447761	mod_ratio	71	T	TGTTT	ok	True
chr11	12980048	12980049	-	0.756098	mod_ratio	48	T	TGTTT	ok	True
chr11	14457565	14457566	-	0.350649	mod_ratio	94	T	TGTTT	ok	True
chr11	14457767	14457768	-	0.628866	mod_ratio	97	T	AGTCC	ok	True
chr11	14457816	14457817	-	0.447917	mod_ratio	97	T	TGTTT	ok	True
chr11	14468689	14468690	-	0.460317	mod_ratio	63	T	AGTTT	ok	True
chr11	14469392	14469393	-	0.982143	mod_ratio	56	T	TGTCT	ok	True
chr11	14475807	14475808	-	0.489362	mod_ratio	47	T	GGTCT	ok	True
chr11	14504909	14504910	-	0.132022	mod_ratio	361	T	TGTCT	ok	True
chr11	14505028	14505029	-	0.124365	mod_ratio	395	T	GGTTT	ok	True
chr11	14505108	14505109	-	0.138107	mod_ratio	393	T	GGTTC	ok	True
chr11	14505197	14505198	-	0.117493	mod_ratio	384	T	TGTTC	ok	True
chr11	14505206	14505207	-	0.212598	mod_ratio	387	T	GGTTC	ok	True
chr11	14505227	14505228	-	0.101036	mod_ratio	389	T	GGTTC	ok	True
chr11	14510889	14510890	-	0.167553	mod_ratio	378	T	TGTTC	ok	True
chr11	14510928	14510929	-	0.274725	mod_ratio	367	T	TGTTT	ok	True
chr11	14510937	14510938	-	0.192308	mod_ratio	367	T	AGTTC	ok	True
chr11	14513852	14513853	-	0.16369	mod_ratio	341	T	GGTCT	ok	True
chr11	14514442	14514443	-	0.245223	mod_ratio	318	T	GGTCT	ok	True
chr11	14517905	14517906	-	0.10274	mod_ratio	297	T	AGTTT	ok	True
chr11	14517939	14517940	-	0.314879	mod_ratio	293	T	TGTTT	ok	True
chr11	16752841	16752842	+	0.168919	mod_ratio	153	A	GGACA	ok	True
chr11	16755045	16755046	+	0.178161	mod_ratio	177	A	AAACA	ok	True
chr11	16755165	16755166	+	0.139535	mod_ratio	173	A	GGACT	ok	True
chr11	17075127	17075128	-	0.229682	mod_ratio	2850	T	GGTCT	ok	True
chr11	17075460	17075461	-	0.215797	mod_ratio	2853	T	TGTTC	ok	True
chr11	17075537	17075538	-	0.15292	mod_ratio	2844	T	AGTCC	ok	True
chr11	17077201	17077202	-	0.428622	mod_ratio	2839	T	AGTTT	ok	True
chr11	18396889	18396890	+	0.620908	mod_ratio	961	A	GAACA	ok	True
chr11	18399444	18399445	+	0.242273	mod_ratio	1017	A	GAACT	ok	True
chr11	18400854	18400855	+	0.17277	mod_ratio	1070	A	AAACT	ok	True
chr11	18400935	18400936	+	0.126886	mod_ratio	1138	A	GAACA	ok	True
chr11	18400980	18400981	+	0.730637	mod_ratio	1175	A	GAACT	ok	True
chr11	18402887	18402888	+	0.18107	mod_ratio	1223	A	AAACC	ok	True
chr11	18403737	18403738	+	0.102679	mod_ratio	1352	A	AGACT	ok	True
chr11	18403758	18403759	+	0.448964	mod_ratio	1360	A	GGACT	ok	True
chr11	18403775	18403776	+	0.261221	mod_ratio	1372	A	GAACA	ok	True
chr11	18405466	18405467	+	0.34505	mod_ratio	1402	A	AAACT	ok	True
chr11	18405496	18405497	+	0.529872	mod_ratio	1419	A	GGACT	ok	True
chr11	18407169	18407170	+	0.128136	mod_ratio	1482	A	GGACA	ok	True
chr11	18407397	18407398	+	0.102014	mod_ratio	1568	A	GGACT	ok	True
chr11	18407407	18407408	+	0.131528	mod_ratio	1576	A	AAACA	ok	True
chr11	18407625	18407626	+	0.154804	mod_ratio	1701	A	GAACA	ok	True
chr11	18407733	18407734	+	0.399752	mod_ratio	1622	A	GAACT	ok	True
chr11	18407784	18407785	+	0.180287	mod_ratio	1610	A	AAACA	ok	True
chr11	18407833	18407834	+	0.209913	mod_ratio	1552	A	AAACC	ok	True
chr11	20376650	20376651	+	0.771084	mod_ratio	85	A	AAACA	ok	True
chr11	20383123	20383124	+	0.228571	mod_ratio	106	A	AGACC	ok	True
chr11	20383144	20383145	+	0.638889	mod_ratio	109	A	GAACT	ok	True
chr11	20383677	20383678	+	0.794118	mod_ratio	68	A	AAACA	ok	True
chr11	20508768	20508769	+	0.609756	mod_ratio	41	A	AAACA	ok	True
chr11	20509154	20509155	+	0.666667	mod_ratio	42	A	AAACC	ok	True
chr11	20509178	20509179	+	0.547619	mod_ratio	42	A	AAACA	ok	True
chr11	32091350	32091351	+	0.550725	mod_ratio	69	A	GGACA	ok	True
chr11	32091398	32091399	+	0.605634	mod_ratio	71	A	GGACT	ok	True
chr11	32097311	32097312	+	0.373494	mod_ratio	84	A	AAACA	ok	True
chr11	32104496	32104497	+	0.327434	mod_ratio	114	A	AGACT	ok	True
chr11	32104672	32104673	+	0.487805	mod_ratio	125	A	AAACA	ok	True
chr11	32104736	32104737	+	0.257812	mod_ratio	129	A	AAACT	ok	True
chr11	32105164	32105165	+	0.195946	mod_ratio	150	A	AGACA	ok	True
chr11	32105193	32105194	+	0.304054	mod_ratio	149	A	AAACA	ok	True
chr11	32105424	32105425	+	0.315789	mod_ratio	153	A	GGACA	ok	True
chr11	32105448	32105449	+	0.668874	mod_ratio	153	A	GGACT	ok	True
chr11	32105453	32105454	+	0.290541	mod_ratio	153	A	GAACT	ok	True
chr11	32587079	32587080	+	0.322259	mod_ratio	302	A	GGACT	ok	True
chr11	32588611	32588612	+	0.15016	mod_ratio	313	A	GAACA	ok	True
chr11	32588642	32588643	+	0.43038	mod_ratio	318	A	GAACC	ok	True
chr11	32588723	32588724	+	0.107034	mod_ratio	327	A	AGACT	ok	True
chr11	32589605	32589606	+	0.12	mod_ratio	376	A	AGACT	ok	True
chr11	32593915	32593916	+	0.288608	mod_ratio	396	A	GGACA	ok	True
chr11	32594976	32594977	+	0.233333	mod_ratio	392	A	AAACC	ok	True
chr11	32600701	32600702	+	0.310345	mod_ratio	408	A	GAACA	ok	True
chr11	32600722	32600723	+	0.171149	mod_ratio	414	A	AGACT	ok	True
chr11	32601769	32601770	+	0.115663	mod_ratio	415	A	GAACT	ok	True
chr11	32602294	32602295	+	0.238443	mod_ratio	413	A	GGACA	ok	True
chr11	32602305	32602306	+	0.223301	mod_ratio	414	A	AAACA	ok	True
chr11	32602347	32602348	+	0.395631	mod_ratio	413	A	AAACA	ok	True
chr11	32602358	32602359	+	0.11165	mod_ratio	412	A	GAACA	ok	True
chr11	32602370	32602371	+	0.245742	mod_ratio	412	A	AAACA	ok	True
chr11	32602454	32602455	+	0.49359	mod_ratio	351	A	AAACA	ok	True
chr11	33141684	33141685	-	0.482759	mod_ratio	91	T	AGTTT	ok	True
chr11	33709040	33709041	-	0.358209	mod_ratio	68	T	AGTTT	ok	True
chr11	33709237	33709238	-	0.370968	mod_ratio	64	T	AGTCT	ok	True
chr11	33709262	33709263	-	0.516129	mod_ratio	63	T	TGTCC	ok	True
chr11	33709631	33709632	-	0.483871	mod_ratio	93	T	TGTCC	ok	True
chr11	33710199	33710200	-	0.13278	mod_ratio	245	T	TGTCC	ok	True
chr11	33710218	33710219	-	0.120332	mod_ratio	246	T	TGTTC	ok	True
chr11	33717420	33717421	-	0.151786	mod_ratio	227	T	TGTTT	ok	True
chr11	33722453	33722454	-	0.145	mod_ratio	210	T	TGTCC	ok	True
chr11	34100998	34100999	+	0.422535	mod_ratio	72	A	AAACA	ok	True
chr11	34995108	34995109	+	0.75	mod_ratio	41	A	GAACT	ok	True
chr11	36273977	36273978	-	0.56338	mod_ratio	88	T	TGTTT	ok	True
chr11	36273982	36273983	-	0.460526	mod_ratio	89	T	AGTTC	ok	True
chr11	43344059	43344060	+	0.716981	mod_ratio	53	A	AAACA	ok	True
chr11	43344135	43344136	+	0.555556	mod_ratio	54	A	AAACT	ok	True
chr11	43344281	43344282	+	0.518519	mod_ratio	54	A	AAACT	ok	True
chr11	47162205	47162206	+	0.727273	mod_ratio	33	A	AAACA	ok	True
chr11	47418898	47418899	-	0.216867	mod_ratio	249	T	AGTCC	ok	True
chr11	47419185	47419186	-	0.202429	mod_ratio	248	T	AGTTC	ok	True
chr11	47420383	47420384	-	0.257384	mod_ratio	239	T	TGTCC	ok	True
chr11	47420392	47420393	-	0.118644	mod_ratio	237	T	TGTTT	ok	True
chr11	47420667	47420668	-	0.166667	mod_ratio	234	T	GGTTC	ok	True
chr11	47420686	47420687	-	0.294372	mod_ratio	232	T	TGTCC	ok	True
chr11	47420703	47420704	-	0.131818	mod_ratio	228	T	GGTCC	ok	True
chr11	47422944	47422945	-	0.347826	mod_ratio	184	T	GGTTC	ok	True
chr11	47424061	47424062	-	0.138889	mod_ratio	183	T	TGTCC	ok	True
chr11	47424620	47424621	-	0.143713	mod_ratio	167	T	GGTTT	ok	True
chr11	47424655	47424656	-	0.728395	mod_ratio	163	T	AGTCC	ok	True
chr11	47569769	47569770	+	0.140351	mod_ratio	289	A	GGACA	ok	True
chr11	47571605	47571606	+	0.127049	mod_ratio	493	A	GGACT	ok	True
chr11	47571715	47571716	+	0.140167	mod_ratio	487	A	AGACT	ok	True
chr11	47580534	47580535	+	0.251121	mod_ratio	227	A	AGACC	ok	True
chr11	47580973	47580974	+	0.102941	mod_ratio	275	A	AAACC	ok	True
chr11	47582355	47582356	+	0.216495	mod_ratio	295	A	GGACA	ok	True
chr11	47582425	47582426	+	0.133779	mod_ratio	301	A	GGACA	ok	True
chr11	47584392	47584393	+	0.491694	mod_ratio	303	A	GAACA	ok	True
chr11	47584507	47584508	+	0.187279	mod_ratio	296	A	AGACA	ok	True
chr11	47618816	47618817	-	0.311728	mod_ratio	326	T	TGTCC	ok	True
chr11	47638724	47638725	-	0.192308	mod_ratio	212	T	AGTTC	ok	True
chr11	47778340	47778341	-	0.404494	mod_ratio	90	T	AGTTT	ok	True
chr11	47778831	47778832	-	0.75	mod_ratio	73	T	AGTTT	ok	True
chr11	47779162	47779163	-	0.413793	mod_ratio	58	T	AGTCC	ok	True
chr11	47783160	47783161	-	0.64	mod_ratio	50	T	AGTTT	ok	True
chr11	57326291	57326292	-	0.245283	mod_ratio	160	T	TGTTC	ok	True
chr11	57326431	57326432	-	0.166667	mod_ratio	151	T	AGTCC	ok	True
chr11	57326476	57326477	-	0.206667	mod_ratio	150	T	AGTCC	ok	True
chr11	57326886	57326887	-	0.486111	mod_ratio	145	T	TGTCC	ok	True
chr11	57327479	57327480	-	0.198529	mod_ratio	141	T	AGTCC	ok	True
chr11	57327790	57327791	-	0.403361	mod_ratio	124	T	GGTCT	ok	True
chr11	57330293	57330294	-	0.237113	mod_ratio	97	T	GGTTT	ok	True
chr11	57330911	57330912	-	0.3375	mod_ratio	85	T	AGTTT	ok	True
chr11	57332409	57332410	-	0.493151	mod_ratio	74	T	TGTCC	ok	True
chr11	57333457	57333458	-	0.352941	mod_ratio	69	T	AGTTC	ok	True
chr11	57333528	57333529	-	0.617647	mod_ratio	68	T	AGTTT	ok	True
chr11	57407553	57407554	-	0.145455	mod_ratio	170	T	TGTTT	ok	True
chr11	57407569	57407570	-	0.335404	mod_ratio	165	T	AGTTC	ok	True
chr11	57407691	57407692	-	0.65942	mod_ratio	139	T	TGTTT	ok	True
chr11	57414645	57414646	-	0.346154	mod_ratio	88	T	TGTTT	ok	True
chr11	57528810	57528811	-	0.273171	mod_ratio	208	T	TGTCC	ok	True
chr11	57528834	57528835	-	0.607843	mod_ratio	207	T	GGTCC	ok	True
chr11	57661651	57661652	+	0.843137	mod_ratio	51	A	AGACC	ok	True
chr11	57661801	57661802	+	0.510204	mod_ratio	49	A	GGACT	ok	True
chr11	57704393	57704394	-	0.934426	mod_ratio	62	T	TGTTT	ok	True
chr11	57712740	57712741	+	0.574074	mod_ratio	55	A	AAACT	ok	True
chr11	57738668	57738669	+	0.338028	mod_ratio	73	A	GAACT	ok	True
chr11	57740151	57740152	+	0.534091	mod_ratio	90	A	AAACT	ok	True
chr11	57740564	57740565	+	0.338346	mod_ratio	137	A	AAACT	ok	True
chr11	57740762	57740763	+	0.158621	mod_ratio	149	A	AAACC	ok	True
chr11	57740894	57740895	+	0.395683	mod_ratio	146	A	GGACT	ok	True
chr11	57742159	57742160	+	0.106227	mod_ratio	277	A	AAACT	ok	True
chr11	57742886	57742887	+	0.110714	mod_ratio	281	A	GAACA	ok	True
chr11	57742910	57742911	+	0.132143	mod_ratio	281	A	AAACT	ok	True
chr11	59806462	59806463	-	0.349693	mod_ratio	164	T	TGTCC	ok	True
chr11	59806522	59806523	-	0.171779	mod_ratio	165	T	AGTCC	ok	True
chr11	59810705	59810706	-	0.204918	mod_ratio	124	T	TGTCT	ok	True
chr11	60850796	60850797	+	1	mod_ratio	69	A	AGACT	ok	True
chr11	60850890	60850891	+	0.358209	mod_ratio	69	A	AAACC	ok	True
chr11	60891053	60891054	-	0.666667	mod_ratio	54	T	TGTCC	ok	True
chr11	61299535	61299536	-	0.65493	mod_ratio	147	T	AGTTT	ok	True
chr11	61299585	61299586	-	0.244898	mod_ratio	149	T	GGTTT	ok	True
chr11	61299671	61299672	-	0.296552	mod_ratio	149	T	GGTCT	ok	True
chr11	61299892	61299893	-	0.707692	mod_ratio	133	T	GGTCT	ok	True
chr11	61299946	61299947	-	0.417323	mod_ratio	128	T	TGTTT	ok	True
chr11	61300815	61300816	-	0.333333	mod_ratio	97	T	GGTTT	ok	True
chr11	61438050	61438051	+	0.603175	mod_ratio	65	A	GAACC	ok	True
chr11	61796726	61796727	+	0.704348	mod_ratio	116	A	AAACC	ok	True
chr11	61796978	61796979	+	0.492188	mod_ratio	128	A	GAACT	ok	True
chr11	61797073	61797074	+	0.229008	mod_ratio	132	A	AAACT	ok	True
chr11	61797079	61797080	+	0.484848	mod_ratio	132	A	GAACT	ok	True
chr11	61964622	61964623	-	0.171352	mod_ratio	5264	T	TGTTT	ok	True
chr11	61965013	61965014	-	0.157287	mod_ratio	5413	T	AGTTT	ok	True
chr11	61965022	61965023	-	0.31848	mod_ratio	5390	T	AGTTC	ok	True
chr11	61965109	61965110	-	0.296816	mod_ratio	5093	T	GGTTT	ok	True
chr11	61965405	61965406	-	0.160968	mod_ratio	5038	T	GGTTC	ok	True
chr11	61965422	61965423	-	0.146341	mod_ratio	4956	T	AGTTT	ok	True
chr11	61967378	61967379	-	0.162529	mod_ratio	4335	T	AGTCC	ok	True
chr11	61967390	61967391	-	0.113631	mod_ratio	4277	T	AGTTC	ok	True
chr11	62559612	62559613	-	0.646078	mod_ratio	3459	T	AGTTT	ok	True
chr11	62559677	62559678	-	0.107371	mod_ratio	3947	T	TGTTC	ok	True
chr11	62559767	62559768	-	0.104946	mod_ratio	3991	T	GGTCT	ok	True
chr11	62559789	62559790	-	0.148587	mod_ratio	3984	T	AGTTT	ok	True
chr11	62559814	62559815	-	0.212588	mod_ratio	3965	T	AGTCC	ok	True
chr11	62560130	62560131	-	0.256796	mod_ratio	3820	T	GGTTC	ok	True
chr11	62560174	62560175	-	0.156435	mod_ratio	3761	T	TGTCC	ok	True
chr11	62560409	62560410	-	0.136786	mod_ratio	2276	T	TGTCC	ok	True
chr11	62566976	62566977	-	0.115289	mod_ratio	2057	T	TGTCC	ok	True
chr11	62567426	62567427	-	0.229059	mod_ratio	1956	T	AGTTT	ok	True
chr11	62571038	62571039	-	0.220227	mod_ratio	1680	T	AGTCC	ok	True
chr11	62571542	62571543	-	0.403034	mod_ratio	1518	T	TGTTT	ok	True
chr11	62572627	62572628	-	0.260664	mod_ratio	1287	T	GGTTT	ok	True
chr11	62572719	62572720	-	0.182979	mod_ratio	1191	T	AGTTT	ok	True
chr11	62663006	62663007	-	0.357143	mod_ratio	84	T	AGTCT	ok	True
chr11	62663048	62663049	-	0.294118	mod_ratio	85	T	GGTTT	ok	True
chr11	62663099	62663100	-	0.282353	mod_ratio	85	T	TGTCT	ok	True
chr11	62663124	62663125	-	0.534884	mod_ratio	86	T	GGTTC	ok	True
chr11	62672206	62672207	+	0.375	mod_ratio	74	A	GGACC	ok	True
chr11	62672281	62672282	+	0.388889	mod_ratio	72	A	GGACT	ok	True
chr11	62672341	62672342	+	0.532258	mod_ratio	70	A	GAACT	ok	True
chr11	62676637	62676638	-	0.320513	mod_ratio	78	T	AGTCC	ok	True
chr11	62761620	62761621	+	0.230769	mod_ratio	113	A	GGACT	ok	True
chr11	62765186	62765187	+	0.315068	mod_ratio	147	A	GGACT	ok	True
chr11	62833068	62833069	-	0.258427	mod_ratio	89	T	AGTTC	ok	True
chr11	62833076	62833077	-	0.426966	mod_ratio	89	T	TGTCT	ok	True
chr11	62833627	62833628	-	0.361446	mod_ratio	83	T	TGTCC	ok	True
chr11	62834313	62834314	-	0.294872	mod_ratio	78	T	TGTTT	ok	True
chr11	62834478	62834479	-	0.454545	mod_ratio	77	T	GGTCT	ok	True
chr11	62852247	62852248	-	0.828125	mod_ratio	65	T	AGTTT	ok	True
chr11	62852535	62852536	-	0.510204	mod_ratio	51	T	TGTTT	ok	True
chr11	62856181	62856182	+	0.589041	mod_ratio	77	A	GGACT	ok	True
chr11	62880911	62880912	+	0.290323	mod_ratio	100	A	AAACT	ok	True
chr11	62881033	62881034	+	0.330935	mod_ratio	287	A	GGACA	ok	True
chr11	62881964	62881965	+	0.271028	mod_ratio	432	A	GAACC	ok	True
chr11	62881987	62881988	+	0.543578	mod_ratio	439	A	AGACT	ok	True
chr11	62884508	62884509	+	0.116803	mod_ratio	493	A	GGACA	ok	True
chr11	62885192	62885193	+	0.304183	mod_ratio	531	A	GGACT	ok	True
chr11	62885604	62885605	+	0.142857	mod_ratio	708	A	GGACA	ok	True
chr11	62888418	62888419	+	0.353925	mod_ratio	782	A	GGACT	ok	True
chr11	62888446	62888447	+	0.152866	mod_ratio	791	A	GGACT	ok	True
chr11	62888472	62888473	+	0.214195	mod_ratio	799	A	GGACC	ok	True
chr11	62888530	62888531	+	0.10688	mod_ratio	820	A	GGACT	ok	True
chr11	62888709	62888710	+	0.161132	mod_ratio	823	A	GGACC	ok	True
chr11	62888772	62888773	+	0.208861	mod_ratio	792	A	AAACA	ok	True
chr11	62888776	62888777	+	0.335868	mod_ratio	792	A	AAACA	ok	True
chr11	62888780	62888781	+	0.208974	mod_ratio	792	A	AAACA	ok	True
chr11	62888784	62888785	+	0.133676	mod_ratio	792	A	AAACT	ok	True
chr11	63574963	63574964	-	0.275862	mod_ratio	89	T	TGTTT	ok	True
chr11	63758235	63758236	+	0.666667	mod_ratio	45	A	AAACA	ok	True
chr11	63758386	63758387	+	0.48	mod_ratio	51	A	GGACT	ok	True
chr11	63988381	63988382	+	0.425926	mod_ratio	54	A	GGACC	ok	True
chr11	64194268	64194269	+	0.352941	mod_ratio	68	A	AAACA	ok	True
chr11	64194493	64194494	+	0.534247	mod_ratio	74	A	GAACC	ok	True
chr11	64194543	64194544	+	0.414286	mod_ratio	73	A	GGACA	ok	True
chr11	64194598	64194599	+	0.513514	mod_ratio	75	A	AAACA	ok	True
chr11	64197361	64197362	+	0.323944	mod_ratio	75	A	GGACC	ok	True
chr11	64200171	64200172	+	0.352941	mod_ratio	69	A	GGACT	ok	True
chr11	64203214	64203215	+	0.359551	mod_ratio	91	A	GGACT	ok	True
chr11	64203589	64203590	+	0.343137	mod_ratio	104	A	GAACA	ok	True
chr11	64204519	64204520	+	0.421053	mod_ratio	115	A	AAACA	ok	True
chr11	64244017	64244018	+	0.542857	mod_ratio	71	A	GAACT	ok	True
chr11	64244033	64244034	+	0.397059	mod_ratio	71	A	AGACT	ok	True
chr11	64244069	64244070	+	0.741935	mod_ratio	66	A	GGACC	ok	True
chr11	64244074	64244075	+	0.557377	mod_ratio	65	A	AGACT	ok	True
chr11	64316750	64316751	-	0.555283	mod_ratio	415	T	TGTTT	ok	True
chr11	64317080	64317081	-	0.431373	mod_ratio	412	T	GGTCC	ok	True
chr11	64317520	64317521	-	0.29085	mod_ratio	320	T	AGTTT	ok	True
chr11	64318220	64318221	+	0.285714	mod_ratio	111	A	GGACT	ok	True
chr11	64319782	64319783	+	0.203704	mod_ratio	165	A	GAACA	ok	True
chr11	64319791	64319792	+	0.20122	mod_ratio	165	A	GAACC	ok	True
chr11	64320660	64320661	+	0.138554	mod_ratio	167	A	AGACA	ok	True
chr11	64321009	64321010	+	0.267857	mod_ratio	227	A	AGACA	ok	True
chr11	64321013	64321014	+	0.208889	mod_ratio	227	A	AGACT	ok	True
chr11	64321633	64321634	+	0.456897	mod_ratio	232	A	GAACC	ok	True
chr11	64321791	64321792	+	0.44375	mod_ratio	183	A	AAACA	ok	True
chr11	65018629	65018630	+	0.579545	mod_ratio	89	A	GAACT	ok	True
chr11	65021733	65021734	+	0.281553	mod_ratio	104	A	GGACT	ok	True
chr11	65021855	65021856	+	0.315315	mod_ratio	113	A	GAACC	ok	True
chr11	65021943	65021944	+	0.495495	mod_ratio	112	A	AAACT	ok	True
chr11	65077527	65077528	-	0.533333	mod_ratio	46	T	AGTTC	ok	True
chr11	65456450	65456451	+	0.725	mod_ratio	44	A	AAACA	ok	True
chr11	65499103	65499104	+	0.151111	mod_ratio	225	A	AAACC	ok	True
chr11	65499248	65499249	+	0.120833	mod_ratio	242	A	AGACT	ok	True
chr11	65499294	65499295	+	0.110169	mod_ratio	237	A	AAACA	ok	True
chr11	65499365	65499366	+	0.237668	mod_ratio	227	A	GGACT	ok	True
chr11	65499432	65499433	+	0.575107	mod_ratio	235	A	AAACA	ok	True
chr11	65499505	65499506	+	0.402655	mod_ratio	227	A	AAACC	ok	True
chr11	65499630	65499631	+	0.59116	mod_ratio	189	A	AAACA	ok	True
chr11	65499664	65499665	+	0.511905	mod_ratio	173	A	AAACT	ok	True
chr11	65499672	65499673	+	0.517241	mod_ratio	173	A	AGACA	ok	True
chr11	65570938	65570939	+	0.284848	mod_ratio	166	A	GAACT	ok	True
chr11	65571596	65571597	+	0.141243	mod_ratio	177	A	AGACA	ok	True
chr11	65719721	65719722	-	0.28169	mod_ratio	146	T	GGTTC	ok	True
chr11	65719735	65719736	-	0.342466	mod_ratio	147	T	GGTTT	ok	True
chr11	65719779	65719780	-	0.288591	mod_ratio	149	T	GGTTC	ok	True
chr11	65720106	65720107	-	0.161074	mod_ratio	149	T	GGTCT	ok	True
chr11	65854822	65854823	-	0.187086	mod_ratio	799	T	TGTCT	ok	True
chr11	65854856	65854857	-	0.264151	mod_ratio	1163	T	GGTCC	ok	True
chr11	65855090	65855091	-	0.101779	mod_ratio	1417	T	GGTCT	ok	True
chr11	65855129	65855130	-	0.37106	mod_ratio	1410	T	AGTTT	ok	True
chr11	65855193	65855194	-	0.411061	mod_ratio	1359	T	TGTTT	ok	True
chr11	65855402	65855403	-	0.15873	mod_ratio	1191	T	GGTCC	ok	True
chr11	65855423	65855424	-	0.12874	mod_ratio	1132	T	AGTTT	ok	True
chr11	65855974	65855975	-	0.114286	mod_ratio	989	T	GGTCT	ok	True
chr11	65884480	65884481	-	0.20625	mod_ratio	160	T	GGTTC	ok	True
chr11	65885605	65885606	-	0.330935	mod_ratio	140	T	AGTTT	ok	True
chr11	65891567	65891568	+	0.431034	mod_ratio	58	A	GGACT	ok	True
chr11	65891618	65891619	+	0.723404	mod_ratio	56	A	AAACC	ok	True
chr11	65920021	65920022	+	0.280488	mod_ratio	83	A	AGACC	ok	True
chr11	65920896	65920897	+	0.243902	mod_ratio	123	A	GGACA	ok	True
chr11	66002545	66002546	+	0.322115	mod_ratio	223	A	GAACC	ok	True
chr11	66002557	66002558	+	0.382883	mod_ratio	230	A	GAACT	ok	True
chr11	66003275	66003276	+	0.102894	mod_ratio	320	A	AGACT	ok	True
chr11	66003695	66003696	+	0.218837	mod_ratio	362	A	AGACA	ok	True
chr11	66003728	66003729	+	0.219178	mod_ratio	366	A	GGACT	ok	True
chr11	66003830	66003831	+	0.257143	mod_ratio	394	A	GGACT	ok	True
chr11	66004094	66004095	+	0.368	mod_ratio	379	A	GAACA	ok	True
chr11	66055110	66055111	+	0.9375	mod_ratio	49	A	GGACT	ok	True
chr11	66058379	66058380	+	0.416667	mod_ratio	63	A	GGACA	ok	True
chr11	66061940	66061941	+	0.875	mod_ratio	56	A	GGACC	ok	True
chr11	66063095	66063096	+	0.328767	mod_ratio	73	A	GAACC	ok	True
chr11	66063399	66063400	+	0.493151	mod_ratio	75	A	AGACC	ok	True
chr11	66063405	66063406	+	0.342466	mod_ratio	75	A	AGACT	ok	True
chr11	66063443	66063444	+	0.364865	mod_ratio	76	A	GAACT	ok	True
chr11	66063506	66063507	+	0.588235	mod_ratio	69	A	AAACC	ok	True
chr11	66063684	66063685	+	0.447368	mod_ratio	77	A	GAACT	ok	True
chr11	66067988	66067989	+	0.56962	mod_ratio	80	A	GAACA	ok	True
chr11	66068326	66068327	+	0.26087	mod_ratio	92	A	AAACA	ok	True
chr11	66068701	66068702	+	0.378947	mod_ratio	95	A	GGACA	ok	True
chr11	66068805	66068806	+	0.5	mod_ratio	92	A	GAACC	ok	True
chr11	66284898	66284899	-	0.15508	mod_ratio	189	T	GGTCC	ok	True
chr11	66287866	66287867	-	0.316667	mod_ratio	125	T	TGTCC	ok	True
chr11	66337483	66337484	-	0.482143	mod_ratio	56	T	AGTTC	ok	True
chr11	66340164	66340165	-	0.755556	mod_ratio	45	T	AGTCC	ok	True
chr11	66435849	66435850	-	0.814815	mod_ratio	161	T	TGTTT	ok	True
chr11	66437413	66437414	-	0.534161	mod_ratio	164	T	TGTCC	ok	True
chr11	66437433	66437434	-	0.465409	mod_ratio	160	T	TGTCC	ok	True
chr11	66438776	66438777	-	0.308411	mod_ratio	109	T	AGTTC	ok	True
chr11	66976827	66976828	+	0.359551	mod_ratio	90	A	GAACC	ok	True
chr11	66976977	66976978	+	0.410256	mod_ratio	83	A	GAACA	ok	True
chr11	67071851	67071852	+	0.576271	mod_ratio	59	A	GGACC	ok	True
chr11	67398589	67398590	-	0.326923	mod_ratio	263	T	GGTTC	ok	True
chr11	67398741	67398742	-	0.151261	mod_ratio	243	T	GGTCT	ok	True
chr11	67398961	67398962	-	0.125561	mod_ratio	225	T	GGTCC	ok	True
chr11	67399150	67399151	-	0.204545	mod_ratio	177	T	GGTCC	ok	True
chr11	67399632	67399633	-	0.264516	mod_ratio	162	T	GGTTT	ok	True
chr11	67400735	67400736	-	0.8125	mod_ratio	148	T	GGTTC	ok	True
chr11	67400799	67400800	-	0.340426	mod_ratio	141	T	GGTCT	ok	True
chr11	67400822	67400823	-	0.189781	mod_ratio	141	T	TGTCC	ok	True
chr11	67400831	67400832	-	0.216418	mod_ratio	139	T	AGTCC	ok	True
chr11	67611423	67611424	+	0.314961	mod_ratio	130	A	GGACA	ok	True
chr11	67612125	67612126	+	0.207143	mod_ratio	141	A	GGACT	ok	True
chr11	68036297	68036298	+	0.240458	mod_ratio	264	A	GGACC	ok	True
chr11	68036537	68036538	+	0.105263	mod_ratio	267	A	GGACA	ok	True
chr11	68891361	68891362	-	0.244755	mod_ratio	144	T	TGTTT	ok	True
chr11	68891377	68891378	-	0.284722	mod_ratio	146	T	AGTCT	ok	True
chr11	68892906	68892907	-	0.253425	mod_ratio	147	T	AGTTT	ok	True
chr11	68896548	68896549	-	0.355705	mod_ratio	149	T	GGTCT	ok	True
chr11	68897936	68897937	-	0.172662	mod_ratio	139	T	TGTCT	ok	True
chr11	68897941	68897942	-	0.258993	mod_ratio	139	T	GGTCT	ok	True
chr11	68897998	68897999	-	0.320611	mod_ratio	132	T	TGTTT	ok	True
chr11	68903741	68903742	-	0.233871	mod_ratio	125	T	GGTCT	ok	True
chr11	70206754	70206755	+	0.479167	mod_ratio	48	A	GAACC	ok	True
chr11	70207358	70207359	+	0.690476	mod_ratio	49	A	AAACA	ok	True
chr11	72097646	72097647	-	0.254717	mod_ratio	106	T	GGTTC	ok	True
chr11	72099254	72099255	-	0.53125	mod_ratio	65	T	GGTCC	ok	True
chr11	72109675	72109676	-	0.436782	mod_ratio	87	T	GGTTT	ok	True
chr11	72109834	72109835	-	0.926829	mod_ratio	83	T	AGTTT	ok	True
chr11	72195361	72195362	+	0.576923	mod_ratio	53	A	GAACC	ok	True
chr11	72238727	72238728	+	0.45098	mod_ratio	51	A	GAACC	ok	True
chr11	73787980	73787981	+	0.435897	mod_ratio	118	A	GAACC	ok	True
chr11	73859950	73859951	+	0.333333	mod_ratio	133	A	GGACC	ok	True
chr11	73863245	73863246	+	0.237762	mod_ratio	145	A	AGACT	ok	True
chr11	73864454	73864455	+	0.25	mod_ratio	144	A	AGACC	ok	True
chr11	73872803	73872804	-	0.385475	mod_ratio	184	T	TGTCC	ok	True
chr11	73872967	73872968	-	0.214286	mod_ratio	198	T	TGTCC	ok	True
chr11	73873073	73873074	-	0.213542	mod_ratio	193	T	GGTCT	ok	True
chr11	73873105	73873106	-	0.388298	mod_ratio	191	T	GGTTT	ok	True
chr11	73873112	73873113	-	0.153439	mod_ratio	190	T	GGTCT	ok	True
chr11	73873177	73873178	-	0.156757	mod_ratio	185	T	TGTTC	ok	True
chr11	74965091	74965092	+	0.168889	mod_ratio	229	A	AAACT	ok	True
chr11	74977543	74977544	+	0.381356	mod_ratio	119	A	AAACA	ok	True
chr11	74977569	74977570	+	0.547009	mod_ratio	118	A	AAACA	ok	True
chr11	75400722	75400723	+	0.156761	mod_ratio	5418	A	GAACT	ok	True
chr11	75401640	75401641	+	0.108731	mod_ratio	5701	A	GAACA	ok	True
chr11	75401681	75401682	+	0.225381	mod_ratio	5794	A	GAACT	ok	True
chr11	75402419	75402420	+	0.161317	mod_ratio	6023	A	AAACT	ok	True
chr11	75404091	75404092	+	0.195332	mod_ratio	6311	A	AAACT	ok	True
chr11	75404100	75404101	+	0.140926	mod_ratio	6330	A	GGACA	ok	True
chr11	75404153	75404154	+	0.107576	mod_ratio	6384	A	AGACC	ok	True
chr11	75404710	75404711	+	0.116009	mod_ratio	6506	A	GGACC	ok	True
chr11	75404768	75404769	+	0.214868	mod_ratio	6529	A	GAACC	ok	True
chr11	75404807	75404808	+	0.169176	mod_ratio	6528	A	GAACA	ok	True
chr11	75422491	75422492	-	0.918919	mod_ratio	37	T	TGTTT	ok	True
chr11	75568766	75568767	+	0.473684	mod_ratio	60	A	GGACA	ok	True
chr11	75571782	75571783	+	0.507246	mod_ratio	70	A	AAACA	ok	True
chr11	75572006	75572007	+	0.294872	mod_ratio	81	A	GGACA	ok	True
chr11	75572303	75572304	+	0.323529	mod_ratio	103	A	AAACT	ok	True
chr11	75572418	75572419	+	0.264957	mod_ratio	117	A	AGACC	ok	True
chr11	75572464	75572465	+	0.762295	mod_ratio	123	A	AAACA	ok	True
chr11	75572610	75572611	+	0.186047	mod_ratio	130	A	AGACT	ok	True
chr11	75572651	75572652	+	0.235294	mod_ratio	120	A	GAACT	ok	True
chr11	75572708	75572709	+	0.241379	mod_ratio	118	A	GAACA	ok	True
chr11	77616168	77616169	-	0.474359	mod_ratio	132	T	GGTTT	ok	True
chr11	77616356	77616357	-	0.160494	mod_ratio	162	T	AGTCT	ok	True
chr11	77616568	77616569	-	0.20915	mod_ratio	156	T	TGTCT	ok	True
chr11	77616583	77616584	-	0.149351	mod_ratio	155	T	TGTCT	ok	True
chr11	77616600	77616601	-	0.235294	mod_ratio	154	T	GGTTC	ok	True
chr11	77619657	77619658	-	0.222222	mod_ratio	150	T	TGTCC	ok	True
chr11	77622526	77622527	-	0.308271	mod_ratio	137	T	TGTCC	ok	True
chr11	77622657	77622658	-	0.34188	mod_ratio	120	T	TGTCC	ok	True
chr11	77622665	77622666	-	0.222222	mod_ratio	118	T	TGTCC	ok	True
chr11	77629818	77629819	-	0.801887	mod_ratio	108	T	GGTCC	ok	True
chr11	78079720	78079721	-	0.10349	mod_ratio	843	T	GGTTC	ok	True
chr11	78079772	78079773	-	0.106304	mod_ratio	820	T	GGTCT	ok	True
chr11	85628670	85628671	+	0.262774	mod_ratio	137	A	GAACT	ok	True
chr11	85631754	85631755	+	0.151316	mod_ratio	153	A	AGACC	ok	True
chr11	85634150	85634151	+	0.206897	mod_ratio	175	A	AAACT	ok	True
chr11	85636109	85636110	+	0.407609	mod_ratio	187	A	AAACA	ok	True
chr11	85648030	85648031	+	0.247706	mod_ratio	119	A	GAACT	ok	True
chr11	85654127	85654128	+	0.203125	mod_ratio	128	A	AAACA	ok	True
chr11	85655633	85655634	+	0.432836	mod_ratio	135	A	GGACT	ok	True
chr11	85656449	85656450	+	0.656716	mod_ratio	135	A	AAACT	ok	True
chr11	85656507	85656508	+	0.47619	mod_ratio	130	A	AAACA	ok	True
chr11	85656519	85656520	+	0.681416	mod_ratio	126	A	AAACA	ok	True
chr11	86302338	86302339	+	0.409639	mod_ratio	87	A	AGACA	ok	True
chr11	86337422	86337423	+	0.235294	mod_ratio	127	A	GAACT	ok	True
chr11	86807992	86807993	+	0.425532	mod_ratio	95	A	AGACT	ok	True
chr11	86808070	86808071	+	0.474227	mod_ratio	99	A	GGACT	ok	True
chr11	86808201	86808202	+	0.401961	mod_ratio	104	A	GAACC	ok	True
chr11	86808395	86808396	+	0.380531	mod_ratio	117	A	GAACT	ok	True
chr11	86808682	86808683	+	0.246377	mod_ratio	146	A	GGACA	ok	True
chr11	86808974	86808975	+	0.278146	mod_ratio	153	A	AAACT	ok	True
chr11	86809105	86809106	+	0.315436	mod_ratio	150	A	AAACT	ok	True
chr11	86809128	86809129	+	0.394558	mod_ratio	149	A	GAACT	ok	True
chr11	88293696	88293697	-	0.357143	mod_ratio	142	T	AGTCT	ok	True
chr11	88293733	88293734	-	0.205674	mod_ratio	141	T	TGTTT	ok	True
chr11	88293865	88293866	-	0.715278	mod_ratio	147	T	AGTTT	ok	True
chr11	88293932	88293933	-	0.23741	mod_ratio	141	T	AGTCT	ok	True
chr11	88293939	88293940	-	0.194245	mod_ratio	140	T	AGTCT	ok	True
chr11	88312442	88312443	-	0.440678	mod_ratio	60	T	AGTTC	ok	True
chr11	88326392	88326393	-	0.45098	mod_ratio	53	T	TGTTC	ok	True
chr11	93739250	93739251	-	0.55102	mod_ratio	50	T	AGTTC	ok	True
chr11	94966369	94966370	-	0.23622	mod_ratio	128	T	TGTTT	ok	True
chr11	94970033	94970034	-	0.183206	mod_ratio	139	T	AGTTC	ok	True
chr11	94971022	94971023	-	0.476923	mod_ratio	137	T	GGTCT	ok	True
chr11	94972084	94972085	-	0.393162	mod_ratio	121	T	GGTCT	ok	True
chr11	95817819	95817820	+	0.837209	mod_ratio	44	A	AAACA	ok	True
chr11	102396908	102396909	-	0.8125	mod_ratio	32	T	GGTCT	ok	True
chr11	103062165	103062166	-	0.410526	mod_ratio	95	T	AGTCT	ok	True
chr11	103064316	103064317	-	0.555556	mod_ratio	92	T	TGTTC	ok	True
chr11	103091956	103091957	-	0.347222	mod_ratio	72	T	AGTTC	ok	True
chr11	108135174	108135175	+	0.219512	mod_ratio	125	A	AAACA	ok	True
chr11	108135235	108135236	+	0.269841	mod_ratio	127	A	GGACA	ok	True
chr11	108140114	108140115	+	0.195804	mod_ratio	145	A	GAACA	ok	True
chr11	108146283	108146284	+	0.312821	mod_ratio	195	A	AAACA	ok	True
chr11	108146347	108146348	+	0.165829	mod_ratio	201	A	GGACA	ok	True
chr11	108147390	108147391	+	0.384977	mod_ratio	214	A	AGACA	ok	True
chr11	108147412	108147413	+	0.158879	mod_ratio	215	A	AGACA	ok	True
chr11	108147545	108147546	+	0.642487	mod_ratio	195	A	AAACA	ok	True
chr11	110258170	110258171	-	0.634146	mod_ratio	42	T	AGTTT	ok	True
chr11	110435879	110435880	+	0.635135	mod_ratio	75	A	AAACA	ok	True
chr11	110456931	110456932	+	0.342105	mod_ratio	76	A	GAACC	ok	True
chr11	111786454	111786455	-	0.631579	mod_ratio	41	T	AGTTT	ok	True
chr11	111809721	111809722	-	0.944444	mod_ratio	37	T	TGTTT	ok	True
chr11	112085261	112085262	-	0.166667	mod_ratio	169	T	AGTCC	ok	True
chr11	112085364	112085365	-	0.417178	mod_ratio	165	T	GGTCT	ok	True
chr11	112085400	112085401	-	0.35625	mod_ratio	163	T	AGTCT	ok	True
chr11	112086725	112086726	-	0.341667	mod_ratio	139	T	TGTTC	ok	True
chr11	112087870	112087871	+	0.25	mod_ratio	102	A	GAACT	ok	True
chr11	112087913	112087914	+	0.538462	mod_ratio	104	A	GGACC	ok	True
chr11	112095078	112095079	+	0.231343	mod_ratio	136	A	GGACA	ok	True
chr11	112095165	112095166	+	0.342857	mod_ratio	142	A	AGACT	ok	True
chr11	112095236	112095237	+	0.28169	mod_ratio	143	A	AAACA	ok	True
chr11	112095317	112095318	+	0.189189	mod_ratio	150	A	AAACT	ok	True
chr11	112095395	112095396	+	0.206667	mod_ratio	150	A	AGACA	ok	True
chr11	112143664	112143665	-	0.629032	mod_ratio	62	T	AGTTT	ok	True
chr11	112228623	112228624	+	0.472973	mod_ratio	148	A	AAACT	ok	True
chr11	112233463	112233464	+	0.202614	mod_ratio	155	A	GGACA	ok	True
chr11	112233519	112233520	+	0.410256	mod_ratio	157	A	AAACT	ok	True
chr11	112233734	112233735	+	0.338129	mod_ratio	145	A	AAACT	ok	True
chr11	114440668	114440669	+	0.539568	mod_ratio	140	A	GGACA	ok	True
chr11	114443875	114443876	+	0.197183	mod_ratio	142	A	AAACA	ok	True
chr11	114446036	114446037	+	0.415205	mod_ratio	172	A	AAACA	ok	True
chr11	114450102	114450103	+	0.19403	mod_ratio	140	A	AGACA	ok	True
chr11	114450218	114450219	+	0.427419	mod_ratio	128	A	AAACC	ok	True
chr11	118401647	118401648	+	0.197492	mod_ratio	686	A	GGACT	ok	True
chr11	118401662	118401663	+	0.100141	mod_ratio	753	A	GAACC	ok	True
chr11	118407081	118407082	+	0.144753	mod_ratio	833	A	AAACA	ok	True
chr11	118409100	118409101	+	0.143758	mod_ratio	806	A	AGACC	ok	True
chr11	118409151	118409152	+	0.132484	mod_ratio	788	A	GGACC	ok	True
chr11	118409166	118409167	+	0.100785	mod_ratio	785	A	AGACT	ok	True
chr11	118409272	118409273	+	0.857143	mod_ratio	35	A	AAACA	ok	True
chr11	119015928	119015929	-	0.130318	mod_ratio	1861	T	AGTTT	ok	True
chr11	119015937	119015938	-	0.127087	mod_ratio	1861	T	AGTCC	ok	True
chr11	119017416	119017417	-	0.240214	mod_ratio	1875	T	AGTCT	ok	True
chr11	119017446	119017447	-	0.222039	mod_ratio	1851	T	AGTTT	ok	True
chr11	119017473	119017474	-	0.466003	mod_ratio	1849	T	AGTTT	ok	True
chr11	119017519	119017520	-	0.147422	mod_ratio	1826	T	TGTCC	ok	True
chr11	119017985	119017986	-	0.104469	mod_ratio	1830	T	TGTTC	ok	True
chr11	119018000	119018001	-	0.109481	mod_ratio	1819	T	TGTCT	ok	True
chr11	119093393	119093394	+	0.433333	mod_ratio	61	A	GAACT	ok	True
chr11	123057512	123057513	-	0.207607	mod_ratio	2240	T	AGTTT	ok	True
chr11	123057552	123057553	-	0.580465	mod_ratio	2336	T	TGTTT	ok	True
chr11	123057592	123057593	-	0.104794	mod_ratio	2367	T	TGTTC	ok	True
chr11	123057691	123057692	-	0.670051	mod_ratio	2369	T	TGTTT	ok	True
chr11	123057895	123057896	-	0.100343	mod_ratio	2346	T	TGTTC	ok	True
chr11	123057918	123057919	-	0.29575	mod_ratio	2323	T	AGTCT	ok	True
chr11	123058291	123058292	-	0.10517	mod_ratio	2287	T	TGTCC	ok	True
chr11	123058305	123058306	-	0.575123	mod_ratio	2267	T	TGTTT	ok	True
chr11	123058309	123058310	-	0.451584	mod_ratio	2260	T	TGTCC	ok	True
chr11	123058335	123058336	-	0.238031	mod_ratio	2236	T	AGTTT	ok	True
chr11	123058405	123058406	-	0.55446	mod_ratio	2150	T	TGTCC	ok	True
chr11	123058465	123058466	-	0.160652	mod_ratio	2057	T	TGTCT	ok	True
chr11	123058678	123058679	-	0.399376	mod_ratio	1949	T	TGTCC	ok	True
chr11	123058773	123058774	-	0.227772	mod_ratio	1835	T	AGTTC	ok	True
chr11	123059108	123059109	-	0.313933	mod_ratio	1728	T	TGTCT	ok	True
chr11	123059168	123059169	-	0.361497	mod_ratio	1678	T	AGTTT	ok	True
chr11	123059233	123059234	-	0.100062	mod_ratio	1626	T	TGTCT	ok	True
chr11	123059537	123059538	-	0.156634	mod_ratio	1569	T	AGTCT	ok	True
chr11	123059612	123059613	-	0.119236	mod_ratio	1525	T	TGTCT	ok	True
chr11	123059617	123059618	-	0.111625	mod_ratio	1524	T	AGTTT	ok	True
chr11	123059648	123059649	-	0.172437	mod_ratio	1518	T	GGTCC	ok	True
chr11	123059918	123059919	-	0.121509	mod_ratio	1344	T	TGTCT	ok	True
chr11	123060122	123060123	-	0.323507	mod_ratio	1302	T	TGTCT	ok	True
chr11	123060192	123060193	-	0.780904	mod_ratio	1187	T	AGTTC	ok	True
chr11	123060672	123060673	-	0.283394	mod_ratio	1129	T	GGTCT	ok	True
chr11	123060739	123060740	-	0.117701	mod_ratio	1106	T	TGTTT	ok	True
chr11	123061215	123061216	-	0.694747	mod_ratio	1020	T	GGTTC	ok	True
chr11	123061220	123061221	-	0.166501	mod_ratio	1019	T	GGTTT	ok	True
chr11	125583961	125583962	+	0.461538	mod_ratio	104	A	GGACT	ok	True
chr11	125584106	125584107	+	0.39604	mod_ratio	101	A	AAACA	ok	True
chr11	126331441	126331442	+	0.857143	mod_ratio	37	A	AAACA	ok	True
chr11	130109569	130109570	+	0.442857	mod_ratio	71	A	AAACA	ok	True
chr11	134249185	134249186	-	0.385714	mod_ratio	70	T	TGTCC	ok	True
chr11	134251241	134251242	-	0.7	mod_ratio	60	T	AGTCC	ok	True
chr3	9366975	9366976	+	0.78125	mod_ratio	32	A	AAACA	ok	True
chr3	9803895	9803896	+	0.840909	mod_ratio	46	A	AAACA	ok	True
chr3	9806799	9806800	+	0.43038	mod_ratio	79	A	GGACA	ok	True
chr3	9838094	9838095	-	0.248227	mod_ratio	142	T	TGTCC	ok	True
chr3	9839034	9839035	-	0.204724	mod_ratio	128	T	TGTCT	ok	True
chr3	9839113	9839114	-	0.360656	mod_ratio	122	T	GGTCC	ok	True
chr3	9842224	9842225	-	0.193548	mod_ratio	129	T	TGTTC	ok	True
chr3	9843472	9843473	-	0.208333	mod_ratio	121	T	GGTCC	ok	True
chr3	9843520	9843521	-	0.190083	mod_ratio	121	T	GGTTT	ok	True
chr3	9892998	9892999	+	0.287879	mod_ratio	136	A	GGACA	ok	True
chr3	9893148	9893149	+	0.196078	mod_ratio	156	A	GGACT	ok	True
chr3	9893336	9893337	+	0.157895	mod_ratio	190	A	AGACT	ok	True
chr3	9893489	9893490	+	0.151961	mod_ratio	206	A	AGACC	ok	True
chr3	9893540	9893541	+	0.169082	mod_ratio	208	A	AAACT	ok	True
chr3	9893590	9893591	+	0.133333	mod_ratio	210	A	AAACA	ok	True
chr3	9893615	9893616	+	0.201923	mod_ratio	213	A	GAACT	ok	True
chr3	9893705	9893706	+	0.117371	mod_ratio	213	A	AGACT	ok	True
chr3	9893762	9893763	+	0.327014	mod_ratio	211	A	AAACA	ok	True
chr3	10115709	10115710	+	0.177914	mod_ratio	171	A	GGACA	ok	True
chr3	10126490	10126491	+	0.149533	mod_ratio	324	A	GAACC	ok	True
chr3	10126586	10126587	+	0.145455	mod_ratio	337	A	GGACT	ok	True
chr3	10126637	10126638	+	0.252226	mod_ratio	340	A	AAACT	ok	True
chr3	10126841	10126842	+	0.326087	mod_ratio	333	A	GGACA	ok	True
chr3	10300955	10300956	-	0.398496	mod_ratio	331	T	AGTTC	ok	True
chr3	10301042	10301043	-	0.389503	mod_ratio	368	T	AGTTT	ok	True
chr3	10301190	10301191	-	0.346505	mod_ratio	332	T	TGTCT	ok	True
chr3	10301255	10301256	-	0.129747	mod_ratio	321	T	TGTCT	ok	True
chr3	10304032	10304033	-	0.126471	mod_ratio	345	T	TGTCT	ok	True
chr3	10305636	10305637	-	0.547794	mod_ratio	274	T	GGTCT	ok	True
chr3	10312094	10312095	-	0.160784	mod_ratio	257	T	AGTTC	ok	True
chr3	10315383	10315384	-	0.110619	mod_ratio	227	T	TGTCT	ok	True
chr3	10315419	10315420	-	0.192488	mod_ratio	218	T	AGTCC	ok	True
chr3	10318056	10318057	-	0.126214	mod_ratio	207	T	TGTCC	ok	True
chr3	12584033	12584034	-	0.787879	mod_ratio	36	T	TGTTT	ok	True
chr3	12836052	12836053	-	0.497268	mod_ratio	2592	T	AGTTT	ok	True
chr3	12836181	12836182	-	0.136874	mod_ratio	4025	T	GGTTC	ok	True
chr3	12840160	12840161	-	0.73018	mod_ratio	3756	T	GGTCT	ok	True
chr3	14178858	14178859	+	0.281081	mod_ratio	257	A	AAACA	ok	True
chr3	14178876	14178877	+	0.520755	mod_ratio	265	A	AGACC	ok	True
chr3	14181565	14181566	+	0.225092	mod_ratio	273	A	AAACT	ok	True
chr3	14183981	14183982	+	0.10453	mod_ratio	287	A	AAACT	ok	True
chr3	14184011	14184012	+	0.149306	mod_ratio	288	A	AAACA	ok	True
chr3	14198181	14198182	+	0.249135	mod_ratio	290	A	AAACA	ok	True
chr3	15052338	15052339	-	0.183673	mod_ratio	147	T	AGTCT	ok	True
chr3	15065120	15065121	-	0.316239	mod_ratio	117	T	AGTCC	ok	True
chr3	15563408	15563409	-	0.5	mod_ratio	48	T	GGTTT	ok	True
chr3	15563461	15563462	-	0.829787	mod_ratio	47	T	TGTTT	ok	True
chr3	22381745	22381746	+	0.221311	mod_ratio	147	A	AGACA	ok	True
chr3	22381816	22381817	+	0.174194	mod_ratio	160	A	AAACA	ok	True
chr3	22381881	22381882	+	0.210843	mod_ratio	178	A	AAACT	ok	True
chr3	22381968	22381969	+	0.238889	mod_ratio	188	A	AGACC	ok	True
chr3	22382017	22382018	+	0.872222	mod_ratio	184	A	GGACA	ok	True
chr3	23919344	23919345	+	0.100697	mod_ratio	4196	A	AAACC	ok	True
chr3	23919535	23919536	+	0.462225	mod_ratio	3590	A	AAACA	ok	True
chr3	23919652	23919653	+	0.119643	mod_ratio	593	A	AGACA	ok	True
chr3	23919690	23919691	+	0.412186	mod_ratio	564	A	AAACT	ok	True
chr3	23919742	23919743	+	0.150362	mod_ratio	558	A	AAACA	ok	True
chr3	23919796	23919797	+	0.444444	mod_ratio	184	A	AAACT	ok	True
chr3	23920064	23920065	+	0.688525	mod_ratio	186	A	AAACA	ok	True
chr3	23920319	23920320	+	0.158654	mod_ratio	212	A	AAACA	ok	True
chr3	23920429	23920430	+	0.690583	mod_ratio	228	A	AAACA	ok	True
chr3	23920465	23920466	+	0.53304	mod_ratio	230	A	GGACC	ok	True
chr3	23920542	23920543	+	0.163866	mod_ratio	242	A	AGACT	ok	True
chr3	23920547	23920548	+	0.270833	mod_ratio	242	A	AGACT	ok	True
chr3	23920651	23920652	+	0.157447	mod_ratio	237	A	GAACC	ok	True
chr3	25729146	25729147	-	0.55	mod_ratio	60	T	TGTTT	ok	True
chr3	25764304	25764305	-	0.676471	mod_ratio	34	T	TGTTT	ok	True
chr3	25778646	25778647	-	0.909091	mod_ratio	33	T	TGTTT	ok	True
chr3	28319654	28319655	+	0.432203	mod_ratio	120	A	GAACT	ok	True
chr3	28319698	28319699	+	0.288288	mod_ratio	113	A	GGACT	ok	True
chr3	32526855	32526856	-	0.315789	mod_ratio	77	T	GGTTT	ok	True
chr3	32533000	32533001	-	0.783333	mod_ratio	60	T	GGTTT	ok	True
chr3	32533041	32533042	-	0.6	mod_ratio	61	T	TGTTT	ok	True
chr3	32544918	32544919	-	0.553191	mod_ratio	48	T	AGTTT	ok	True
chr3	32996872	32996873	-	0.3125	mod_ratio	96	T	GGTCC	ok	True
chr3	32997237	32997238	-	0.568182	mod_ratio	90	T	TGTTT	ok	True
chr3	33014098	33014099	-	0.305882	mod_ratio	86	T	AGTCT	ok	True
chr3	33016736	33016737	-	0.637931	mod_ratio	59	T	AGTTC	ok	True
chr3	33866633	33866634	+	0.508197	mod_ratio	61	A	GGACT	ok	True
chr3	33866806	33866807	+	0.421875	mod_ratio	65	A	AAACA	ok	True
chr3	39407719	39407720	+	0.135538	mod_ratio	3379	A	GAACC	ok	True
chr3	39407757	39407758	+	0.116618	mod_ratio	3456	A	GAACA	ok	True
chr3	39410819	39410820	+	0.646589	mod_ratio	3906	A	GAACC	ok	True
chr3	39410973	39410974	+	0.333174	mod_ratio	4209	A	GGACA	ok	True
chr3	39411725	39411726	+	0.115576	mod_ratio	4455	A	GAACA	ok	True
chr3	39412007	39412008	+	0.111353	mod_ratio	4604	A	AGACT	ok	True
chr3	39412303	39412304	+	0.107393	mod_ratio	4582	A	AGACT	ok	True
chr3	39412422	39412423	+	0.501328	mod_ratio	3476	A	AAACA	ok	True
chr3	40312320	40312321	+	0.515625	mod_ratio	65	A	AAACC	ok	True
chr3	40457939	40457940	+	0.118588	mod_ratio	2138	A	GGACC	ok	True
chr3	40458676	40458677	+	0.136905	mod_ratio	2204	A	AGACA	ok	True
chr3	40461942	40461943	+	0.254393	mod_ratio	2393	A	GAACA	ok	True
chr3	40462354	40462355	+	0.408602	mod_ratio	146	A	AAACA	ok	True
chr3	42594631	42594632	+	0.195122	mod_ratio	125	A	AAACC	ok	True
chr3	42594761	42594762	+	0.2	mod_ratio	125	A	GAACT	ok	True
chr3	42594837	42594838	+	0.214286	mod_ratio	126	A	AAACT	ok	True
chr3	42784418	42784419	-	0.232323	mod_ratio	200	T	AGTTT	ok	True
chr3	42784492	42784493	-	0.284211	mod_ratio	194	T	AGTTC	ok	True
chr3	42784499	42784500	-	0.689474	mod_ratio	193	T	TGTTT	ok	True
chr3	42784733	42784734	-	0.529412	mod_ratio	158	T	TGTTT	ok	True
chr3	42784980	42784981	-	0.210526	mod_ratio	135	T	AGTTC	ok	True
chr3	42785042	42785043	-	0.255814	mod_ratio	131	T	TGTTT	ok	True
chr3	42785181	42785182	-	0.244755	mod_ratio	148	T	AGTTT	ok	True
chr3	42786118	42786119	-	0.601399	mod_ratio	144	T	AGTTT	ok	True
chr3	44753208	44753209	-	0.69697	mod_ratio	35	T	AGTTT	ok	True
chr3	44754311	44754312	-	0.84375	mod_ratio	32	T	TGTTC	ok	True
chr3	45005334	45005335	+	0.298701	mod_ratio	78	A	GGACA	ok	True
chr3	45011389	45011390	+	0.291139	mod_ratio	82	A	AAACC	ok	True
chr3	47501655	47501656	-	0.59375	mod_ratio	94	T	AGTTC	ok	True
chr3	47501826	47501827	-	0.275862	mod_ratio	88	T	GGTTT	ok	True
chr3	47501833	47501834	-	0.609375	mod_ratio	88	T	AGTTC	ok	True
chr3	47849706	47849707	+	0.336842	mod_ratio	96	A	GGACT	ok	True
chr3	48440424	48440425	+	0.523729	mod_ratio	594	A	AAACA	ok	True
chr3	48440563	48440564	+	0.325658	mod_ratio	612	A	AAACA	ok	True
chr3	48440584	48440585	+	0.112745	mod_ratio	620	A	AAACT	ok	True
chr3	48443934	48443935	+	0.289655	mod_ratio	600	A	AAACC	ok	True
chr3	48444020	48444021	+	0.25188	mod_ratio	564	A	AAACT	ok	True
chr3	48444115	48444116	+	0.181818	mod_ratio	169	A	AAACC	ok	True
chr3	48444167	48444168	+	0.227273	mod_ratio	160	A	AAACT	ok	True
chr3	48444189	48444190	+	0.360825	mod_ratio	137	A	AAACC	ok	True
chr3	48468250	48468251	-	0.604167	mod_ratio	49	T	TGTTT	ok	True
chr3	48599065	48599066	-	0.570815	mod_ratio	470	T	TGTTT	ok	True
chr3	48599170	48599171	-	0.137131	mod_ratio	476	T	AGTCT	ok	True
chr3	48600129	48600130	-	0.16849	mod_ratio	464	T	TGTCC	ok	True
chr3	48600516	48600517	-	0.211236	mod_ratio	448	T	TGTTT	ok	True
chr3	48601041	48601042	-	0.101093	mod_ratio	371	T	TGTCC	ok	True
chr3	48601442	48601443	-	0.150327	mod_ratio	308	T	GGTCT	ok	True
chr3	48604385	48604386	-	0.172566	mod_ratio	232	T	AGTCT	ok	True
chr3	48604400	48604401	-	0.115556	mod_ratio	225	T	AGTTC	ok	True
chr3	48605819	48605820	-	0.313953	mod_ratio	176	T	AGTCT	ok	True
chr3	49015862	49015863	+	0.433962	mod_ratio	85	A	GAACT	ok	True
chr3	49022485	49022486	+	0.246106	mod_ratio	326	A	AAACC	ok	True
chr3	49022904	49022905	+	0.331361	mod_ratio	341	A	GGACC	ok	True
chr3	49022971	49022972	+	0.15942	mod_ratio	347	A	GGACA	ok	True
chr3	49023136	49023137	+	0.157434	mod_ratio	348	A	GGACT	ok	True
chr3	49023182	49023183	+	0.373913	mod_ratio	347	A	GAACT	ok	True
chr3	49024688	49024689	-	0.318637	mod_ratio	502	T	TGTCC	ok	True
chr3	49024751	49024752	-	0.371429	mod_ratio	497	T	TGTCC	ok	True
chr3	49024907	49024908	-	0.190776	mod_ratio	481	T	TGTTC	ok	True
chr3	49024928	49024929	-	0.334038	mod_ratio	480	T	TGTCC	ok	True
chr3	49026394	49026395	-	0.363184	mod_ratio	407	T	GGTTC	ok	True
chr3	49026553	49026554	-	0.123249	mod_ratio	360	T	TGTCT	ok	True
chr3	49026607	49026608	-	0.307463	mod_ratio	338	T	AGTCC	ok	True
chr3	49026723	49026724	-	0.114804	mod_ratio	337	T	AGTCC	ok	True
chr3	49026810	49026811	-	0.283019	mod_ratio	324	T	AGTCC	ok	True
chr3	49026828	49026829	-	0.113565	mod_ratio	318	T	GGTCT	ok	True
chr3	49027027	49027028	-	0.141414	mod_ratio	299	T	AGTCT	ok	True
chr3	49027755	49027756	-	0.426056	mod_ratio	290	T	TGTCC	ok	True
chr3	49027907	49027908	-	0.10757	mod_ratio	253	T	TGTTC	ok	True
chr3	49028467	49028468	-	0.281513	mod_ratio	238	T	TGTCC	ok	True
chr3	49028764	49028765	-	0.138889	mod_ratio	216	T	GGTCT	ok	True
chr3	49029299	49029300	-	0.29108	mod_ratio	213	T	AGTCC	ok	True
chr3	49096063	49096064	-	0.402778	mod_ratio	72	T	AGTTC	ok	True
chr3	49101393	49101394	-	0.293103	mod_ratio	118	T	TGTCC	ok	True
chr3	49102240	49102241	-	0.309735	mod_ratio	114	T	TGTTT	ok	True
chr3	49357303	49357304	-	0.394366	mod_ratio	285	T	GGTTT	ok	True
chr3	49357511	49357512	-	0.349265	mod_ratio	275	T	AGTTC	ok	True
chr3	49358114	49358115	-	0.190265	mod_ratio	229	T	AGTCC	ok	True
chr3	49359204	49359205	-	0.253165	mod_ratio	482	T	AGTTT	ok	True
chr3	49359325	49359326	-	0.278788	mod_ratio	499	T	AGTCC	ok	True
chr3	49359360	49359361	-	0.319192	mod_ratio	499	T	TGTCT	ok	True
chr3	49359611	49359612	-	0.391844	mod_ratio	582	T	AGTCT	ok	True
chr3	49359912	49359913	-	0.155009	mod_ratio	535	T	TGTTT	ok	True
chr3	49360303	49360304	-	0.125	mod_ratio	385	T	GGTCT	ok	True
chr3	49360344	49360345	-	0.178571	mod_ratio	374	T	TGTTT	ok	True
chr3	49360370	49360371	-	0.104972	mod_ratio	367	T	GGTTT	ok	True
chr3	49362605	49362606	-	0.167224	mod_ratio	306	T	GGTCC	ok	True
chr3	49368528	49368529	-	0.31769	mod_ratio	280	T	TGTCC	ok	True
chr3	49411838	49411839	-	0.137795	mod_ratio	255	T	AGTCC	ok	True
chr3	49682350	49682351	+	0.426667	mod_ratio	75	A	GAACT	ok	True
chr3	49683441	49683442	+	0.526316	mod_ratio	95	A	GGACT	ok	True
chr3	50066474	50066475	+	0.888889	mod_ratio	27	A	AAACA	ok	True
chr3	50287759	50287760	-	0.509804	mod_ratio	204	T	TGTTT	ok	True
chr3	50287845	50287846	-	0.12987	mod_ratio	232	T	TGTCC	ok	True
chr3	50288036	50288037	-	0.295964	mod_ratio	229	T	TGTCC	ok	True
chr3	50288067	50288068	-	0.225352	mod_ratio	216	T	TGTTT	ok	True
chr3	50288074	50288075	-	0.169811	mod_ratio	216	T	GGTTT	ok	True
chr3	50288131	50288132	-	0.126829	mod_ratio	211	T	TGTCT	ok	True
chr3	50288167	50288168	-	0.158416	mod_ratio	206	T	AGTCT	ok	True
chr3	50288212	50288213	-	0.181347	mod_ratio	195	T	TGTCC	ok	True
chr3	50288917	50288918	-	0.341772	mod_ratio	159	T	TGTCC	ok	True
chr3	50289292	50289293	-	0.197279	mod_ratio	151	T	GGTTT	ok	True
chr3	50290567	50290568	-	0.4	mod_ratio	96	T	TGTCC	ok	True
chr3	51389077	51389078	+	0.638298	mod_ratio	47	A	GGACC	ok	True
chr3	51993639	51993640	-	0.154006	mod_ratio	1988	T	GGTTT	ok	True
chr3	51993831	51993832	-	0.126594	mod_ratio	2206	T	GGTTT	ok	True
chr3	51995444	51995445	-	0.697567	mod_ratio	1745	T	GGTTC	ok	True
chr3	52206628	52206629	+	0.741935	mod_ratio	33	A	AAACA	ok	True
chr3	52212408	52212409	+	0.490196	mod_ratio	51	A	GAACT	ok	True
chr3	52229685	52229686	-	0.538462	mod_ratio	66	T	AGTCC	ok	True
chr3	52231201	52231202	-	0.8	mod_ratio	41	T	TGTTT	ok	True
chr3	52254464	52254465	-	0.509804	mod_ratio	74	T	TGTTT	ok	True
chr3	52540486	52540487	+	0.296296	mod_ratio	87	A	AGACT	ok	True
chr3	52687327	52687328	+	0.284314	mod_ratio	103	A	AAACA	ok	True
chr3	52687376	52687377	+	0.485149	mod_ratio	102	A	AAACA	ok	True
chr3	52687515	52687516	+	0.24	mod_ratio	102	A	AAACA	ok	True
chr3	52687527	52687528	+	0.26	mod_ratio	101	A	AAACT	ok	True
chr3	52687545	52687546	+	0.361702	mod_ratio	98	A	GAACT	ok	True
chr3	52688152	52688153	+	0.371795	mod_ratio	79	A	AAACA	ok	True
chr3	52691015	52691016	+	0.319149	mod_ratio	94	A	AAACT	ok	True
chr3	52692894	52692895	+	0.237624	mod_ratio	102	A	GGACA	ok	True
chr3	52692898	52692899	+	0.237624	mod_ratio	102	A	AAACA	ok	True
chr3	52692997	52692998	+	0.377358	mod_ratio	106	A	AAACC	ok	True
chr3	52693447	52693448	+	0.708333	mod_ratio	120	A	GGACT	ok	True
chr3	52693786	52693787	+	0.235294	mod_ratio	137	A	AAACT	ok	True
chr3	52694093	52694094	+	0.194444	mod_ratio	144	A	AGACT	ok	True
chr3	52694196	52694197	+	0.380282	mod_ratio	145	A	GAACA	ok	True
chr3	52694395	52694396	+	0.180556	mod_ratio	144	A	AAACC	ok	True
chr3	52694704	52694705	-	0.780488	mod_ratio	41	T	AGTTT	ok	True
chr3	52706159	52706160	+	0.311377	mod_ratio	357	A	AGACC	ok	True
chr3	52706669	52706670	+	0.31407	mod_ratio	406	A	GAACA	ok	True
chr3	52706824	52706825	+	0.15311	mod_ratio	425	A	GAACA	ok	True
chr3	52706837	52706838	+	0.103529	mod_ratio	427	A	GGACT	ok	True
chr3	52707889	52707890	+	0.641553	mod_ratio	442	A	AAACC	ok	True
chr3	52707987	52707988	+	0.181416	mod_ratio	455	A	AGACC	ok	True
chr3	52708021	52708022	+	0.236726	mod_ratio	454	A	GAACA	ok	True
chr3	52708026	52708027	+	0.152993	mod_ratio	454	A	GAACA	ok	True
chr3	52708154	52708155	+	0.540426	mod_ratio	384	A	AAACC	ok	True
chr3	53226769	53226770	-	0.113318	mod_ratio	858	T	GGTCC	ok	True
chr3	53226822	53226823	-	0.160523	mod_ratio	850	T	AGTTT	ok	True
chr3	53226853	53226854	-	0.104878	mod_ratio	830	T	GGTCC	ok	True
chr3	53228068	53228069	-	0.668697	mod_ratio	824	T	AGTTC	ok	True
chr3	53228284	53228285	-	0.170732	mod_ratio	755	T	TGTCC	ok	True
chr3	53228297	53228298	-	0.376197	mod_ratio	739	T	AGTCC	ok	True
chr3	53228340	53228341	-	0.102601	mod_ratio	718	T	GGTCC	ok	True
chr3	53229024	53229025	-	0.69152	mod_ratio	691	T	AGTTC	ok	True
chr3	53230541	53230542	-	0.294118	mod_ratio	476	T	TGTCC	ok	True
chr3	53231408	53231409	-	0.495146	mod_ratio	417	T	TGTCC	ok	True
chr3	53231504	53231505	-	0.11413	mod_ratio	376	T	TGTTT	ok	True
chr3	53233179	53233180	-	0.100592	mod_ratio	347	T	GGTCT	ok	True
chr3	53233249	53233250	-	0.124224	mod_ratio	329	T	TGTCC	ok	True
chr3	53235012	53235013	-	0.160656	mod_ratio	312	T	TGTCC	ok	True
chr3	53235063	53235064	-	0.187279	mod_ratio	287	T	TGTCT	ok	True
chr3	53235084	53235085	-	0.408759	mod_ratio	278	T	TGTCC	ok	True
chr3	53241174	53241175	-	0.122047	mod_ratio	257	T	GGTTC	ok	True
chr3	53255892	53255893	-	0.419512	mod_ratio	206	T	TGTCC	ok	True
chr3	53885223	53885224	-	0.171053	mod_ratio	155	T	TGTTT	ok	True
chr3	53885264	53885265	-	0.767296	mod_ratio	159	T	AGTCC	ok	True
chr3	53885383	53885384	-	0.40107	mod_ratio	188	T	AGTTC	ok	True
chr3	53885440	53885441	-	0.129032	mod_ratio	186	T	AGTCC	ok	True
chr3	53885503	53885504	-	0.211957	mod_ratio	186	T	GGTTT	ok	True
chr3	53885900	53885901	-	0.189944	mod_ratio	180	T	GGTTT	ok	True
chr3	53886883	53886884	-	0.290698	mod_ratio	173	T	AGTTT	ok	True
chr3	53886926	53886927	-	0.152047	mod_ratio	174	T	AGTTT	ok	True
chr3	53888470	53888471	-	0.180723	mod_ratio	166	T	TGTCC	ok	True
chr3	53891838	53891839	-	0.261364	mod_ratio	114	T	GGTTT	ok	True
chr3	57571667	57571668	-	0.443038	mod_ratio	80	T	AGTTT	ok	True
chr3	57572089	57572090	-	0.43038	mod_ratio	83	T	AGTTT	ok	True
chr3	57572123	57572124	-	0.529412	mod_ratio	86	T	TGTTT	ok	True
chr3	57572264	57572265	-	0.341176	mod_ratio	85	T	AGTTC	ok	True
chr3	57575626	57575627	-	0.646341	mod_ratio	84	T	TGTTT	ok	True
chr3	57583992	57583993	-	0.347222	mod_ratio	73	T	TGTTT	ok	True
chr3	57584423	57584424	-	0.514286	mod_ratio	70	T	AGTTT	ok	True
chr3	58427870	58427871	-	0.205128	mod_ratio	157	T	AGTTT	ok	True
chr3	58427957	58427958	-	0.172185	mod_ratio	152	T	GGTCT	ok	True
chr3	58428047	58428048	-	0.148352	mod_ratio	198	T	TGTTT	ok	True
chr3	58428094	58428095	-	0.253886	mod_ratio	199	T	TGTCC	ok	True
chr3	58428590	58428591	-	0.5	mod_ratio	179	T	GGTCT	ok	True
chr3	58430871	58430872	-	0.286765	mod_ratio	139	T	AGTTT	ok	True
chr3	63834130	63834131	-	0.132597	mod_ratio	183	T	TGTCT	ok	True
chr3	63834148	63834149	-	0.357143	mod_ratio	183	T	TGTTT	ok	True
chr3	63834188	63834189	-	0.161111	mod_ratio	181	T	AGTTT	ok	True
chr3	63835162	63835163	-	0.411111	mod_ratio	182	T	TGTTT	ok	True
chr3	63835172	63835173	-	0.232044	mod_ratio	182	T	AGTTC	ok	True
chr3	63835205	63835206	-	0.44382	mod_ratio	179	T	TGTTT	ok	True
chr3	63835386	63835387	-	0.196532	mod_ratio	175	T	AGTTC	ok	True
chr3	63836307	63836308	-	0.383721	mod_ratio	175	T	TGTCT	ok	True
chr3	64010732	64010733	-	0.407767	mod_ratio	105	T	AGTTT	ok	True
chr3	64010951	64010952	-	0.349515	mod_ratio	103	T	AGTTC	ok	True
chr3	64018882	64018883	-	0.313869	mod_ratio	139	T	TGTTT	ok	True
chr3	64018898	64018899	-	0.255474	mod_ratio	138	T	AGTTC	ok	True
chr3	64018937	64018938	-	0.192308	mod_ratio	133	T	AGTTC	ok	True
chr3	64018949	64018950	-	0.623077	mod_ratio	132	T	TGTTT	ok	True
chr3	64019313	64019314	-	0.37069	mod_ratio	118	T	TGTTT	ok	True
chr3	67375815	67375816	-	0.8125	mod_ratio	32	T	AGTCC	ok	True
chr3	69085129	69085130	+	0.761364	mod_ratio	89	A	GGACA	ok	True
chr3	69104496	69104497	+	0.362745	mod_ratio	103	A	GAACC	ok	True
chr3	69104546	69104547	+	0.326923	mod_ratio	104	A	GGACA	ok	True
chr3	69104578	69104579	+	0.221154	mod_ratio	105	A	GAACA	ok	True
chr3	69104722	69104723	+	0.284404	mod_ratio	109	A	AAACA	ok	True
chr3	69104777	69104778	+	0.445455	mod_ratio	110	A	GAACT	ok	True
chr3	69104829	69104830	+	0.558559	mod_ratio	113	A	AAACC	ok	True
chr3	69105366	69105367	+	0.301075	mod_ratio	96	A	AAACA	ok	True
chr3	100147022	100147023	+	0.25	mod_ratio	93	A	AGACA	ok	True
chr3	100147057	100147058	+	0.741935	mod_ratio	93	A	AAACA	ok	True
chr3	100167767	100167768	+	0.347826	mod_ratio	92	A	GAACC	ok	True
chr3	100172369	100172370	+	0.372549	mod_ratio	102	A	GAACT	ok	True
chr3	100172398	100172399	+	0.54902	mod_ratio	102	A	AAACA	ok	True
chr3	100176371	100176372	+	0.423077	mod_ratio	105	A	GAACT	ok	True
chr3	100176404	100176405	+	0.362745	mod_ratio	105	A	GGACA	ok	True
chr3	100178324	100178325	+	0.262136	mod_ratio	104	A	GAACT	ok	True
chr3	100178372	100178373	+	0.29	mod_ratio	106	A	AAACT	ok	True
chr3	100178538	100178539	+	0.247525	mod_ratio	103	A	AAACA	ok	True
chr3	100178549	100178550	+	0.326531	mod_ratio	102	A	AAACT	ok	True
chr3	100348848	100348849	+	0.293103	mod_ratio	118	A	GGACC	ok	True
chr3	100352478	100352479	+	0.336134	mod_ratio	121	A	GGACA	ok	True
chr3	100352495	100352496	+	0.558333	mod_ratio	121	A	GAACC	ok	True
chr3	100720044	100720045	+	0.704918	mod_ratio	62	A	AAACT	ok	True
chr3	100748309	100748310	+	0.342857	mod_ratio	106	A	AAACT	ok	True
chr3	100748324	100748325	+	0.304762	mod_ratio	106	A	AAACT	ok	True
chr3	100748697	100748698	+	0.184615	mod_ratio	133	A	AGACC	ok	True
chr3	101561982	101561983	+	0.415584	mod_ratio	78	A	GAACC	ok	True
chr3	101564982	101564983	+	0.666667	mod_ratio	91	A	AAACT	ok	True
chr3	101565299	101565300	+	0.58	mod_ratio	56	A	AAACA	ok	True
chr3	101565386	101565387	+	0.679245	mod_ratio	55	A	GGACA	ok	True
chr3	101565481	101565482	+	0.729167	mod_ratio	50	A	GAACA	ok	True
chr3	101593206	101593207	+	0.627451	mod_ratio	52	A	GAACT	ok	True
chr3	101593549	101593550	+	0.45	mod_ratio	62	A	AAACA	ok	True
chr3	101593555	101593556	+	0.852459	mod_ratio	62	A	AAACC	ok	True
chr3	101593625	101593626	+	0.901639	mod_ratio	62	A	AAACA	ok	True
chr3	101593863	101593864	+	0.605263	mod_ratio	77	A	AAACA	ok	True
chr3	101593971	101593972	+	0.888889	mod_ratio	81	A	AAACA	ok	True
chr3	101594274	101594275	+	0.413223	mod_ratio	122	A	AAACT	ok	True
chr3	101681133	101681134	-	0.251805	mod_ratio	2197	T	AGTTT	ok	True
chr3	101682885	101682886	-	0.127107	mod_ratio	2203	T	GGTTC	ok	True
chr3	101685823	101685824	-	0.134852	mod_ratio	2197	T	TGTCC	ok	True
chr3	101685855	101685856	-	0.188187	mod_ratio	2189	T	AGTCC	ok	True
chr3	101685860	101685861	-	0.326746	mod_ratio	2189	T	AGTTT	ok	True
chr3	101686492	101686493	-	0.892589	mod_ratio	2147	T	GGTCC	ok	True
chr3	108047269	108047270	-	0.444444	mod_ratio	54	T	AGTCC	ok	True
chr3	108080058	108080059	-	0.66	mod_ratio	50	T	AGTTT	ok	True
chr3	112534305	112534306	-	0.194915	mod_ratio	120	T	AGTCT	ok	True
chr3	112537811	112537812	-	0.696078	mod_ratio	102	T	GGTTT	ok	True
chr3	112538153	112538154	-	0.565657	mod_ratio	99	T	TGTTT	ok	True
chr3	112548617	112548618	-	0.388235	mod_ratio	86	T	TGTTT	ok	True
chr3	112561606	112561607	-	0.48	mod_ratio	75	T	TGTCC	ok	True
chr3	113722944	113722945	-	0.303797	mod_ratio	79	T	TGTTT	ok	True
chr3	113722969	113722970	-	0.75	mod_ratio	80	T	AGTTC	ok	True
chr3	119500697	119500698	+	0.2	mod_ratio	129	A	GAACA	ok	True
chr3	119500802	119500803	+	0.265625	mod_ratio	130	A	AAACA	ok	True
chr3	119523709	119523710	+	0.390533	mod_ratio	171	A	AAACC	ok	True
chr3	119523740	119523741	+	0.214286	mod_ratio	170	A	AAACA	ok	True
chr3	119523751	119523752	+	0.22619	mod_ratio	171	A	GGACT	ok	True
chr3	119523767	119523768	+	0.276471	mod_ratio	171	A	GAACT	ok	True
chr3	119523774	119523775	+	0.194118	mod_ratio	172	A	AAACT	ok	True
chr3	119524046	119524047	+	0.385965	mod_ratio	141	A	AAACA	ok	True
chr3	119669596	119669597	-	0.442478	mod_ratio	116	T	AGTTC	ok	True
chr3	120601172	120601173	+	0.194175	mod_ratio	521	A	AGACC	ok	True
chr3	120601186	120601187	+	0.126214	mod_ratio	520	A	AAACT	ok	True
chr3	120601248	120601249	+	0.247934	mod_ratio	487	A	AAACT	ok	True
chr3	120602221	120602222	+	0.263374	mod_ratio	489	A	AAACT	ok	True
chr3	120602249	120602250	+	0.146392	mod_ratio	487	A	GAACA	ok	True
chr3	122402853	122402854	+	0.225191	mod_ratio	262	A	AAACC	ok	True
chr3	122404285	122404286	+	0.214286	mod_ratio	274	A	AAACC	ok	True
chr3	122404355	122404356	+	0.111888	mod_ratio	287	A	AGACT	ok	True
chr3	122409756	122409757	+	0.143836	mod_ratio	293	A	AGACT	ok	True
chr3	122409772	122409773	+	0.268041	mod_ratio	292	A	GAACT	ok	True
chr3	122409822	122409823	+	0.130137	mod_ratio	292	A	AAACA	ok	True
chr3	124737833	124737834	+	0.432836	mod_ratio	69	A	AGACA	ok	True
chr3	124738010	124738011	+	0.373913	mod_ratio	118	A	AGACC	ok	True
chr3	124738215	124738216	+	0.467213	mod_ratio	123	A	AAACA	ok	True
chr3	124740182	124740183	+	0.176056	mod_ratio	143	A	GGACT	ok	True
chr3	124742219	124742220	+	0.462585	mod_ratio	147	A	AAACC	ok	True
chr3	124744119	124744120	+	0.177632	mod_ratio	152	A	AGACA	ok	True
chr3	125504680	125504681	-	0.6	mod_ratio	45	T	AGTTC	ok	True
chr3	127672784	127672785	+	0.413793	mod_ratio	62	A	AGACC	ok	True
chr3	128070964	128070965	+	0.387097	mod_ratio	62	A	AGACA	ok	True
chr3	128071154	128071155	+	0.352941	mod_ratio	69	A	AAACA	ok	True
chr3	128080974	128080975	-	0.374046	mod_ratio	178	T	AGTTT	ok	True
chr3	128081061	128081062	-	0.143519	mod_ratio	216	T	GGTTC	ok	True
chr3	128081221	128081222	-	0.173333	mod_ratio	226	T	AGTCT	ok	True
chr3	128081315	128081316	-	0.222727	mod_ratio	220	T	AGTTC	ok	True
chr3	128081352	128081353	-	0.175926	mod_ratio	218	T	TGTCC	ok	True
chr3	128082492	128082493	-	0.585714	mod_ratio	211	T	GGTCT	ok	True
chr3	128082518	128082519	-	0.384211	mod_ratio	195	T	GGTTC	ok	True
chr3	128087708	128087709	-	0.244318	mod_ratio	176	T	TGTTT	ok	True
chr3	128087737	128087738	-	0.154286	mod_ratio	176	T	GGTCC	ok	True
chr3	128087757	128087758	-	0.783626	mod_ratio	175	T	GGTCC	ok	True
chr3	128087796	128087797	-	0.28655	mod_ratio	172	T	TGTCC	ok	True
chr3	128097392	128097393	-	0.497006	mod_ratio	168	T	TGTCC	ok	True
chr3	128097493	128097494	-	0.189542	mod_ratio	155	T	AGTTT	ok	True
chr3	128101643	128101644	-	0.192857	mod_ratio	140	T	GGTCC	ok	True
chr3	128104772	128104773	-	0.446043	mod_ratio	139	T	ACTTT	ok	False
chr3	128104781	128104782	-	0.224638	mod_ratio	139	T	TGTTT	ok	True
chr3	128104786	128104787	-	0.20438	mod_ratio	139	T	GGTTC	ok	True
chr3	128104798	128104799	-	0.664234	mod_ratio	137	T	TGTTT	ok	True
chr3	128104805	128104806	-	0.397059	mod_ratio	137	T	AGTCC	ok	True
chr3	128104858	128104859	-	0.189394	mod_ratio	132	T	TGTCT	ok	True
chr3	128104906	128104907	-	0.225564	mod_ratio	133	T	GGTCT	ok	True
chr3	128119335	128119336	-	0.324786	mod_ratio	117	T	AGTTC	ok	True
chr3	128119345	128119346	-	0.213675	mod_ratio	117	T	GGTCC	ok	True
chr3	128622189	128622190	-	0.246032	mod_ratio	128	T	TGTCT	ok	True
chr3	128622243	128622244	-	0.389831	mod_ratio	120	T	AGTCT	ok	True
chr3	128622281	128622282	-	0.224138	mod_ratio	117	T	TGTCC	ok	True
chr3	128622309	128622310	-	0.460177	mod_ratio	117	T	GGTCT	ok	True
chr3	128625549	128625550	-	0.421053	mod_ratio	115	T	AGTCC	ok	True
chr3	128625880	128625881	-	0.300971	mod_ratio	103	T	TGTCC	ok	True
chr3	128625943	128625944	-	0.581633	mod_ratio	98	T	TGTCC	ok	True
chr3	128813507	128813508	+	0.408163	mod_ratio	102	A	AAACA	ok	True
chr3	128813560	128813561	+	0.699115	mod_ratio	116	A	AAACA	ok	True
chr3	128813710	128813711	+	0.385135	mod_ratio	150	A	GGACA	ok	True
chr3	128908981	128908982	+	0.741935	mod_ratio	33	A	AAACA	ok	True
chr3	128909031	128909032	+	0.735294	mod_ratio	35	A	GGACT	ok	True
chr3	128913056	128913057	+	0.545455	mod_ratio	44	A	AAACA	ok	True
chr3	129169607	129169608	-	0.229885	mod_ratio	265	T	AGTTT	ok	True
chr3	129169695	129169696	-	0.164835	mod_ratio	275	T	TGTCT	ok	True
chr3	129169799	129169800	-	0.452555	mod_ratio	277	T	TGTTT	ok	True
chr3	129169839	129169840	-	0.174074	mod_ratio	274	T	TGTTC	ok	True
chr3	129169869	129169870	-	0.194757	mod_ratio	275	T	TGTCC	ok	True
chr3	129169949	129169950	-	0.135849	mod_ratio	271	T	TGTTT	ok	True
chr3	129169961	129169962	-	0.613027	mod_ratio	272	T	TGTTT	ok	True
chr3	129169983	129169984	-	0.11583	mod_ratio	265	T	TGTTC	ok	True
chr3	129170089	129170090	-	0.199262	mod_ratio	273	T	AGTTC	ok	True
chr3	129170112	129170113	-	0.272388	mod_ratio	271	T	GGTTT	ok	True
chr3	129170136	129170137	-	0.358974	mod_ratio	277	T	TGTTC	ok	True
chr3	129170300	129170301	-	0.652672	mod_ratio	267	T	GGTTT	ok	True
chr3	129170559	129170560	-	0.151899	mod_ratio	241	T	AGTTT	ok	True
chr3	129171116	129171117	-	0.118421	mod_ratio	231	T	TGTCC	ok	True
chr3	129171185	129171186	-	0.155556	mod_ratio	228	T	GGTTT	ok	True
chr3	129183853	129183854	-	0.577922	mod_ratio	164	T	TGTTT	ok	True
chr3	129304666	129304667	+	0.566372	mod_ratio	114	A	AAACA	ok	True
chr3	129304755	129304756	+	0.201681	mod_ratio	119	A	GGACT	ok	True
chr3	131462242	131462243	-	0.47561	mod_ratio	85	T	TGTCC	ok	True
chr3	131462258	131462259	-	0.380952	mod_ratio	85	T	TGTTT	ok	True
chr3	131462462	131462463	-	0.42623	mod_ratio	186	T	AGTCC	ok	True
chr3	131462702	131462703	-	0.156951	mod_ratio	227	T	GGTTC	ok	True
chr3	131462788	131462789	-	0.40367	mod_ratio	219	T	AGTTC	ok	True
chr3	131462860	131462861	-	0.7277	mod_ratio	213	T	AGTTT	ok	True
chr3	131468111	131468112	-	0.119617	mod_ratio	211	T	TGTCC	ok	True
chr3	131468154	131468155	-	0.557214	mod_ratio	202	T	TGTTT	ok	True
chr3	131469701	131469702	-	0.665	mod_ratio	200	T	AGTCC	ok	True
chr3	131469712	131469713	-	0.14	mod_ratio	200	T	TGTCC	ok	True
chr3	131469723	131469724	-	0.286432	mod_ratio	200	T	TGTTT	ok	True
chr3	131469748	131469749	-	0.578431	mod_ratio	209	T	AGTTC	ok	True
chr3	131487705	131487706	-	0.541667	mod_ratio	194	T	TGTCC	ok	True
chr3	131489984	131489985	-	0.415789	mod_ratio	198	T	GGTTT	ok	True
chr3	131490029	131490030	-	0.522843	mod_ratio	197	T	TGTTT	ok	True
chr3	131490047	131490048	-	0.348718	mod_ratio	197	T	AGTTC	ok	True
chr3	131498195	131498196	-	0.253886	mod_ratio	195	T	AGTTT	ok	True
chr3	131498269	131498270	-	0.218579	mod_ratio	183	T	AGTCT	ok	True
chr3	131501713	131501714	-	0.169697	mod_ratio	168	T	TGTTC	ok	True
chr3	131502732	131502733	-	0.290909	mod_ratio	165	T	TGTTC	ok	True
chr3	131502884	131502885	-	0.550847	mod_ratio	123	T	AGTCC	ok	True
chr3	133819871	133819872	+	0.364865	mod_ratio	74	A	AAACA	ok	True
chr3	133819890	133819891	+	0.637681	mod_ratio	74	A	AAACA	ok	True
chr3	133820137	133820138	+	0.692308	mod_ratio	53	A	AAACA	ok	True
chr3	134477787	134477788	-	0.481481	mod_ratio	54	T	AGTTT	ok	True
chr3	134477821	134477822	-	0.537037	mod_ratio	54	T	TGTTT	ok	True
chr3	134477864	134477865	-	0.444444	mod_ratio	54	T	TGTTT	ok	True
chr3	134478339	134478340	-	0.76	mod_ratio	52	T	TGTTT	ok	True
chr3	134478593	134478594	-	0.583333	mod_ratio	49	T	AGTTT	ok	True
chr3	136330026	136330027	+	0.806452	mod_ratio	93	A	AAACA	ok	True
chr3	138608900	138608901	+	0.38961	mod_ratio	77	A	AAACC	ok	True
chr3	138621500	138621501	+	0.383721	mod_ratio	86	A	GGACT	ok	True
chr3	138622361	138622362	+	0.52	mod_ratio	76	A	AAACC	ok	True
chr3	138632950	138632951	+	0.469136	mod_ratio	81	A	GGACT	ok	True
chr3	138632956	138632957	+	0.308642	mod_ratio	81	A	AAACT	ok	True
chr3	138633204	138633205	+	0.909091	mod_ratio	88	A	AAACT	ok	True
chr3	138633316	138633317	+	0.313253	mod_ratio	85	A	GGACC	ok	True
chr3	139348270	139348271	+	0.375	mod_ratio	88	A	GAACA	ok	True
chr3	139350242	139350243	+	0.696629	mod_ratio	89	A	GGACC	ok	True
chr3	139350976	139350977	+	0.420455	mod_ratio	89	A	AGACT	ok	True
chr3	139350992	139350993	+	0.393258	mod_ratio	90	A	GGACA	ok	True
chr3	139356959	139356960	+	0.296296	mod_ratio	109	A	GAACT	ok	True
chr3	139356972	139356973	+	0.240741	mod_ratio	109	A	AGACT	ok	True
chr3	139357618	139357619	-	0.56	mod_ratio	80	T	GGTCT	ok	True
chr3	139357737	139357738	-	0.373494	mod_ratio	85	T	GGTCC	ok	True
chr3	139357833	139357834	-	0.686747	mod_ratio	86	T	TGTTT	ok	True
chr3	139357946	139357947	-	0.39759	mod_ratio	84	T	AGTTC	ok	True
chr3	139358268	139358269	-	0.5125	mod_ratio	80	T	AGTTC	ok	True
chr3	139359041	139359042	-	0.733333	mod_ratio	75	T	TGTTT	ok	True
chr3	139359168	139359169	-	0.657534	mod_ratio	73	T	AGTTT	ok	True
chr3	139361277	139361278	-	0.369231	mod_ratio	66	T	TGTTT	ok	True
chr3	139368188	139368189	-	0.782609	mod_ratio	46	T	TGTTT	ok	True
chr3	139369474	139369475	-	0.811321	mod_ratio	55	T	GGTTT	ok	True
chr3	141738368	141738369	+	0.202429	mod_ratio	248	A	AAACC	ok	True
chr3	141743535	141743536	+	0.13806	mod_ratio	268	A	AAACA	ok	True
chr3	141743539	141743540	+	0.104478	mod_ratio	270	A	AAACA	ok	True
chr3	141745216	141745217	+	0.302158	mod_ratio	281	A	AAACA	ok	True
chr3	141745248	141745249	+	0.132143	mod_ratio	282	A	GGACT	ok	True
chr3	141745411	141745412	+	0.146953	mod_ratio	282	A	GGACT	ok	True
chr3	141903699	141903700	+	0.134387	mod_ratio	257	A	AGACT	ok	True
chr3	141907167	141907168	+	0.12406	mod_ratio	271	A	GGACT	ok	True
chr3	141907185	141907186	+	0.151292	mod_ratio	278	A	AAACC	ok	True
chr3	141913667	141913668	+	0.102649	mod_ratio	307	A	GAACA	ok	True
chr3	141913675	141913676	+	0.284768	mod_ratio	309	A	GAACC	ok	True
chr3	141913709	141913710	+	0.297125	mod_ratio	319	A	GAACA	ok	True
chr3	141913831	141913832	+	0.19186	mod_ratio	347	A	GAACA	ok	True
chr3	141922056	141922057	+	0.166667	mod_ratio	380	A	AAACT	ok	True
chr3	141925764	141925765	+	0.292566	mod_ratio	420	A	GGACC	ok	True
chr3	141925787	141925788	+	0.598109	mod_ratio	426	A	AGACC	ok	True
chr3	141925928	141925929	+	0.130243	mod_ratio	454	A	GGACC	ok	True
chr3	141925936	141925937	+	0.11479	mod_ratio	456	A	GAACA	ok	True
chr3	143014370	143014371	+	0.310811	mod_ratio	74	A	GAACT	ok	True
chr3	143016334	143016335	+	0.476923	mod_ratio	65	A	AAACA	ok	True
chr3	143016938	143016939	+	0.483871	mod_ratio	62	A	AGACC	ok	True
chr3	143036049	143036050	+	0.764706	mod_ratio	34	A	AAACT	ok	True
chr3	149009336	149009337	+	0.705882	mod_ratio	34	A	AAACA	ok	True
chr3	149369058	149369059	-	0.564728	mod_ratio	567	T	AGTTT	ok	True
chr3	149369080	149369081	-	0.194783	mod_ratio	594	T	GGTCC	ok	True
chr3	149369138	149369139	-	0.469218	mod_ratio	604	T	AGTTT	ok	True
chr3	149369326	149369327	-	0.472817	mod_ratio	612	T	AGTCC	ok	True
chr3	149369373	149369374	-	0.653465	mod_ratio	611	T	AGTTC	ok	True
chr3	149369478	149369479	-	0.218905	mod_ratio	619	T	GGTCT	ok	True
chr3	149369575	149369576	-	0.497585	mod_ratio	626	T	AGTTT	ok	True
chr3	149369608	149369609	-	0.230132	mod_ratio	606	T	AGTCT	ok	True
chr3	149369633	149369634	-	0.65247	mod_ratio	599	T	GGTTT	ok	True
chr3	149369637	149369638	-	0.219178	mod_ratio	599	T	TGTTT	ok	True
chr3	149369689	149369690	-	0.533981	mod_ratio	885	T	AGTTT	ok	True
chr3	149369849	149369850	-	0.213415	mod_ratio	853	T	TGTCC	ok	True
chr3	149369860	149369861	-	0.106459	mod_ratio	852	T	GGTTC	ok	True
chr3	149375469	149375470	-	0.337093	mod_ratio	809	T	AGTTC	ok	True
chr3	149375698	149375699	-	0.136786	mod_ratio	763	T	AGTTT	ok	True
chr3	149377425	149377426	-	0.230769	mod_ratio	712	T	GGTTT	ok	True
chr3	149377444	149377445	-	0.326676	mod_ratio	711	T	TGTTT	ok	True
chr3	149377514	149377515	-	0.166419	mod_ratio	678	T	TGTCC	ok	True
chr3	149377552	149377553	-	0.208931	mod_ratio	643	T	GGTCT	ok	True
chr3	149740931	149740932	-	0.682927	mod_ratio	42	T	AGTTC	ok	True
chr3	149964946	149964947	-	0.929412	mod_ratio	87	T	TGTTT	ok	True
chr3	149965114	149965115	-	0.313953	mod_ratio	87	T	TGTCC	ok	True
chr3	149965447	149965448	-	0.469697	mod_ratio	68	T	TGTCC	ok	True
chr3	150544255	150544256	-	0.659091	mod_ratio	135	T	TGTTT	ok	True
chr3	150544408	150544409	-	0.153846	mod_ratio	159	T	AGTTC	ok	True
chr3	150546249	150546250	-	0.227941	mod_ratio	138	T	GGTTC	ok	True
chr3	150575659	150575660	+	0.482759	mod_ratio	60	A	GAACC	ok	True
chr3	150575677	150575678	+	0.813559	mod_ratio	62	A	AAACC	ok	True
chr3	150583866	150583867	+	0.473684	mod_ratio	59	A	AAACA	ok	True
chr3	150583952	150583953	+	0.932203	mod_ratio	60	A	AAACA	ok	True
chr3	150627918	150627919	+	0.545455	mod_ratio	67	A	AAACA	ok	True
chr3	154283197	154283198	-	0.8	mod_ratio	35	T	TGTTT	ok	True
chr3	155893614	155893615	+	0.621622	mod_ratio	37	A	AGACC	ok	True
chr3	155893664	155893665	+	0.864865	mod_ratio	37	A	AAACA	ok	True
chr3	155910810	155910811	+	0.609756	mod_ratio	42	A	GAACC	ok	True
chr3	155919246	155919247	+	0.369231	mod_ratio	65	A	GAACC	ok	True
chr3	155919300	155919301	+	0.753846	mod_ratio	66	A	GGACT	ok	True
chr3	155922223	155922224	+	0.357143	mod_ratio	71	A	GAACC	ok	True
chr3	155934948	155934949	+	0.282353	mod_ratio	85	A	GAACC	ok	True
chr3	155936444	155936445	+	0.670103	mod_ratio	98	A	GAACC	ok	True
chr3	155937674	155937675	+	0.847059	mod_ratio	86	A	GAACT	ok	True
chr3	155937695	155937696	+	0.708333	mod_ratio	82	A	AAACT	ok	True
chr3	156543201	156543202	-	0.318841	mod_ratio	210	T	GGTCT	ok	True
chr3	156543235	156543236	-	0.111111	mod_ratio	209	T	AGTCC	ok	True
chr3	156543266	156543267	-	0.278049	mod_ratio	207	T	AGTTC	ok	True
chr3	156548954	156548955	-	0.156863	mod_ratio	205	T	AGTTT	ok	True
chr3	156555065	156555066	-	0.138298	mod_ratio	190	T	TGTTT	ok	True
chr3	158805455	158805456	+	0.714286	mod_ratio	35	A	AGACC	ok	True
chr3	158822123	158822124	+	0.680851	mod_ratio	47	A	GAACC	ok	True
chr3	158823511	158823512	+	0.509804	mod_ratio	51	A	GAACT	ok	True
chr3	160401930	160401931	+	0.511111	mod_ratio	45	A	GAACT	ok	True
chr3	160402040	160402041	+	0.5625	mod_ratio	49	A	AAACC	ok	True
chr3	160402817	160402818	+	0.387097	mod_ratio	62	A	GGACA	ok	True
chr3	160411961	160411962	+	0.528571	mod_ratio	72	A	AGACT	ok	True
chr3	160412329	160412330	+	0.356164	mod_ratio	74	A	AAACA	ok	True
chr3	160413506	160413507	+	0.370968	mod_ratio	62	A	AAACT	ok	True
chr3	160414369	160414370	+	0.508772	mod_ratio	58	A	AAACT	ok	True
chr3	160416301	160416302	+	0.45098	mod_ratio	52	A	AAACA	ok	True
chr3	161251421	161251422	+	0.769231	mod_ratio	40	A	GGACA	ok	True
chr3	161251485	161251486	+	0.65	mod_ratio	40	A	AAACA	ok	True
chr3	161251731	161251732	+	0.659574	mod_ratio	47	A	GAACA	ok	True
chr3	167684262	167684263	-	0.487603	mod_ratio	136	T	AGTTC	ok	True
chr3	167684345	167684346	-	0.22963	mod_ratio	138	T	GGTTT	ok	True
chr3	167687307	167687308	-	0.227273	mod_ratio	133	T	TGTTC	ok	True
chr3	167720117	167720118	-	0.396552	mod_ratio	116	T	GGTCT	ok	True
chr3	170866383	170866384	-	0.123404	mod_ratio	237	T	AGTCC	ok	True
chr3	170866433	170866434	-	0.434599	mod_ratio	237	T	AGTTC	ok	True
chr3	170866441	170866442	-	0.147679	mod_ratio	237	T	GGTCT	ok	True
chr3	170868343	170868344	-	0.171946	mod_ratio	221	T	GGTCC	ok	True
chr3	179570149	179570150	+	0.346154	mod_ratio	78	A	AAACA	ok	True
chr3	179574395	179574396	+	0.369048	mod_ratio	87	A	AAACT	ok	True
chr3	179581152	179581153	+	0.408696	mod_ratio	115	A	AAACA	ok	True
chr3	179583386	179583387	+	0.467742	mod_ratio	125	A	AAACA	ok	True
chr3	179588861	179588862	-	0.630332	mod_ratio	230	T	AGTTC	ok	True
chr3	179588994	179588995	-	0.4875	mod_ratio	240	T	AGTCT	ok	True
chr3	179592655	179592656	-	0.173554	mod_ratio	246	T	GGTCC	ok	True
chr3	179593785	179593786	-	0.102459	mod_ratio	245	T	TGTCT	ok	True
chr3	179593805	179593806	-	0.251029	mod_ratio	245	T	GGTCT	ok	True
chr3	179593825	179593826	-	0.127572	mod_ratio	244	T	AGTCT	ok	True
chr3	179598747	179598748	-	0.252174	mod_ratio	233	T	TGTTT	ok	True
chr3	179601734	179601735	-	0.172566	mod_ratio	228	T	AGTTT	ok	True
chr3	179601759	179601760	-	0.102679	mod_ratio	225	T	TGTTC	ok	True
chr3	179614991	179614992	+	0.185714	mod_ratio	141	A	AGACC	ok	True
chr3	179615019	179615020	+	0.178571	mod_ratio	141	A	AGACC	ok	True
chr3	179616992	179616993	+	0.487805	mod_ratio	166	A	GAACT	ok	True
chr3	179624000	179624001	+	0.529412	mod_ratio	190	A	GAACT	ok	True
chr3	179624127	179624128	+	0.160428	mod_ratio	188	A	AAACA	ok	True
chr3	179624237	179624238	+	0.227027	mod_ratio	187	A	AAACT	ok	True
chr3	179624438	179624439	+	0.405556	mod_ratio	181	A	GAACC	ok	True
chr3	179624468	179624469	+	0.433526	mod_ratio	177	A	AAACA	ok	True
chr3	179624483	179624484	+	0.779661	mod_ratio	173	A	AAACA	ok	True
chr3	180988205	180988206	-	0.354167	mod_ratio	192	T	AGTCC	ok	True
chr3	183829584	183829585	-	0.396825	mod_ratio	63	T	TGTCC	ok	True
chr3	184176979	184176980	+	0.402985	mod_ratio	67	A	AGACT	ok	True
chr3	184180203	184180204	+	0.266667	mod_ratio	93	A	AGACA	ok	True
chr3	184181215	184181216	+	0.46875	mod_ratio	131	A	AAACA	ok	True
chr3	184181983	184181984	+	0.166667	mod_ratio	151	A	AAACT	ok	True
chr3	184182019	184182020	+	0.210191	mod_ratio	160	A	AAACC	ok	True
chr3	184182172	184182173	+	0.142012	mod_ratio	171	A	GAACA	ok	True
chr3	184182860	184182861	+	0.227723	mod_ratio	205	A	GAACT	ok	True
chr3	184183531	184183532	+	0.115741	mod_ratio	218	A	GAACC	ok	True
chr3	184183542	184183543	+	0.185185	mod_ratio	220	A	GAACT	ok	True
chr3	184183604	184183605	+	0.16309	mod_ratio	236	A	AAACT	ok	True
chr3	184183777	184183778	+	0.148014	mod_ratio	281	A	GGACC	ok	True
chr3	184184067	184184068	+	0.118143	mod_ratio	268	A	AAACC	ok	True
chr3	184191018	184191019	+	0.75	mod_ratio	32	A	GGACA	ok	True
chr3	184192873	184192874	+	0.666667	mod_ratio	51	A	GAACT	ok	True
chr3	184193396	184193397	+	0.641509	mod_ratio	53	A	AAACC	ok	True
chr3	184193784	184193785	+	0.606061	mod_ratio	66	A	GGACT	ok	True
chr3	184193802	184193803	+	0.348485	mod_ratio	66	A	GGACA	ok	True
chr3	184257628	184257629	+	0.891892	mod_ratio	75	A	GGACT	ok	True
chr3	184258717	184258718	+	0.26087	mod_ratio	96	A	GAACC	ok	True
chr3	184302010	184302011	+	0.534483	mod_ratio	59	A	GGACA	ok	True
chr3	184303977	184303978	+	0.309524	mod_ratio	84	A	GAACT	ok	True
chr3	184304025	184304026	+	0.267442	mod_ratio	86	A	AGACT	ok	True
chr3	184305848	184305849	+	0.265957	mod_ratio	94	A	AGACC	ok	True
chr3	184305869	184305870	+	0.404255	mod_ratio	94	A	AGACT	ok	True
chr3	184306819	184306820	+	0.727273	mod_ratio	113	A	GAACC	ok	True
chr3	184307679	184307680	+	0.255319	mod_ratio	144	A	AAACA	ok	True
chr3	184307975	184307976	+	0.141104	mod_ratio	165	A	GGACT	ok	True
chr3	184308013	184308014	+	0.557576	mod_ratio	166	A	AAACA	ok	True
chr3	184308910	184308911	+	0.653266	mod_ratio	200	A	GAACT	ok	True
chr3	184308959	184308960	+	0.175	mod_ratio	201	A	GGACA	ok	True
chr3	184308971	184308972	+	0.125	mod_ratio	201	A	AGACT	ok	True
chr3	184335031	184335032	+	0.396552	mod_ratio	58	A	GAACT	ok	True
chr3	184365022	184365023	+	0.479167	mod_ratio	194	A	AAACA	ok	True
chr3	184365043	184365044	+	0.134021	mod_ratio	195	A	AGACT	ok	True
chr3	184366774	184366775	+	0.164444	mod_ratio	227	A	AAACT	ok	True
chr3	184368253	184368254	+	0.425703	mod_ratio	251	A	GGACT	ok	True
chr3	184368294	184368295	+	0.372549	mod_ratio	256	A	GAACC	ok	True
chr3	184368445	184368446	+	0.253846	mod_ratio	261	A	AAACT	ok	True
chr3	184368522	184368523	+	0.359281	mod_ratio	215	A	AAACT	ok	True
chr3	185917341	185917342	-	0.4	mod_ratio	114	T	TGTTT	ok	True
chr3	185917694	185917695	-	0.381443	mod_ratio	98	T	GGTTT	ok	True
chr3	185922054	185922055	-	0.373134	mod_ratio	68	T	GGTCT	ok	True
chr3	186570874	186570875	+	0.571429	mod_ratio	42	A	GAACA	ok	True
chr3	186575865	186575866	+	0.645833	mod_ratio	51	A	AAACA	ok	True
chr3	186575924	186575925	+	0.531915	mod_ratio	48	A	AGACA	ok	True
chr3	186581380	186581381	+	0.571429	mod_ratio	57	A	AAACA	ok	True
chr3	186585362	186585363	+	0.811594	mod_ratio	69	A	AAACA	ok	True
chr3	186585685	186585686	+	0.595745	mod_ratio	47	A	GGACT	ok	True
chr3	186785974	186785975	+	0.33	mod_ratio	101	A	AAACT	ok	True
chr3	186786036	186786037	+	0.415842	mod_ratio	103	A	AAACA	ok	True
chr3	186786259	186786260	+	0.405941	mod_ratio	102	A	AAACA	ok	True
chr3	186786617	186786618	+	0.300971	mod_ratio	106	A	AAACA	ok	True
chr3	186787214	186787215	+	0.238938	mod_ratio	116	A	GGACT	ok	True
chr3	186787869	186787870	+	0.247863	mod_ratio	119	A	AAACT	ok	True
chr3	186788389	186788390	+	0.516129	mod_ratio	65	A	AAACA	ok	True
chr3	186789014	186789015	+	0.820513	mod_ratio	40	A	GAACT	ok	True
chr3	186789034	186789035	+	0.675	mod_ratio	40	A	AAACA	ok	True
chr3	186789168	186789169	+	0.441558	mod_ratio	158	A	AAACT	ok	True
chr3	186789212	186789213	+	0.261146	mod_ratio	159	A	AGACT	ok	True
chr3	186789471	186789472	+	0.391304	mod_ratio	189	A	AGACT	ok	True
chr3	186789592	186789593	+	0.4	mod_ratio	198	A	GGACT	ok	True
chr3	186789636	186789637	+	0.282723	mod_ratio	196	A	AAACT	ok	True
chr3	186789773	186789774	+	0.244186	mod_ratio	174	A	GAACT	ok	True
chr3	186789778	186789779	+	0.145349	mod_ratio	174	A	GGACC	ok	True
chr3	186790147	186790148	-	0.142012	mod_ratio	169	T	AGTTT	ok	True
chr3	186790171	186790172	-	0.39645	mod_ratio	169	T	TGTTT	ok	True
chr3	186790343	186790344	-	0.213415	mod_ratio	164	T	AGTTT	ok	True
chr3	186792840	186792841	-	0.733333	mod_ratio	106	T	GGTTT	ok	True
chr3	186797590	186797591	-	0.27957	mod_ratio	93	T	GGTCC	ok	True
chr3	195516311	195516312	-	0.285714	mod_ratio	92	T	AGTCC	ok	True
chr3	195516464	195516465	-	0.418605	mod_ratio	89	T	AGTCT	ok	True
chr3	195516564	195516565	-	0.493671	mod_ratio	83	T	AGTTC	ok	True
chr3	195516583	195516584	-	0.525641	mod_ratio	81	T	TGTTT	ok	True
chr3	195516736	195516737	-	0.597222	mod_ratio	76	T	AGTCT	ok	True
chr3	195516745	195516746	-	0.486111	mod_ratio	77	T	AGTCT	ok	True
chr3	195516753	195516754	-	0.611111	mod_ratio	77	T	AGTTT	ok	True
chr3	195542935	195542936	-	0.792453	mod_ratio	53	T	TGTTC	ok	True
chr3	196049374	196049375	-	0.589928	mod_ratio	142	T	TGTTT	ok	True
chr3	196049784	196049785	-	0.377049	mod_ratio	123	T	AGTCC	ok	True
chr3	196050155	196050156	-	0.322917	mod_ratio	101	T	AGTTT	ok	True
chr3	196050363	196050364	-	0.468354	mod_ratio	82	T	TGTTT	ok	True
chr3	196050479	196050480	-	0.32	mod_ratio	77	T	TGTTC	ok	True
chr3	196051677	196051678	-	0.694444	mod_ratio	36	T	AGTTC	ok	True
chr3	196935572	196935573	-	0.9	mod_ratio	41	T	TGTTT	ok	True
chr3	196935643	196935644	-	0.717949	mod_ratio	41	T	AGTTT	ok	True
chr3	196936984	196936985	-	0.571429	mod_ratio	43	T	TGTTT	ok	True
chr3	196943008	196943009	+	0.272727	mod_ratio	89	A	AAACA	ok	True
chr3	196943219	196943220	+	0.278351	mod_ratio	98	A	AGACA	ok	True
chr3	196943286	196943287	+	0.505051	mod_ratio	100	A	GGACC	ok	True
chr3	196943320	196943321	+	0.494949	mod_ratio	100	A	GGACT	ok	True
chr3	196943523	196943524	+	0.810811	mod_ratio	82	A	AAACA	ok	True
chr3	197950964	197950965	+	0.121881	mod_ratio	4515	A	GAACT	ok	True
chr3	197951205	197951206	+	0.124266	mod_ratio	4642	A	GAACC	ok	True
chr3	197951261	197951262	+	0.204482	mod_ratio	4715	A	AAACA	ok	True
chr3	197954036	197954037	+	0.229851	mod_ratio	4800	A	AAACC	ok	True
chr3	197954076	197954077	+	0.160548	mod_ratio	4842	A	AAACA	ok	True
chr3	197954131	197954132	+	0.622468	mod_ratio	4826	A	GGACA	ok	True
chr3	197955773	197955774	+	0.734038	mod_ratio	4440	A	AAACT	ok	True
chr3	197955836	197955837	+	0.192525	mod_ratio	1879	A	AAACT	ok	True
chr16	47048	47049	-	0.490566	mod_ratio	124	T	AGTTT	ok	True
chr16	47088	47089	-	0.150215	mod_ratio	244	T	AGTTT	ok	True
chr16	47209	47210	-	0.124031	mod_ratio	274	T	TGTCT	ok	True
chr16	47312	47313	-	0.139706	mod_ratio	275	T	GGTTT	ok	True
chr16	47447	47448	-	0.164751	mod_ratio	265	T	TGTCC	ok	True
chr16	47537	47538	-	0.136187	mod_ratio	259	T	TGTTC	ok	True
chr16	51621	51622	-	0.106557	mod_ratio	249	T	AGTTT	ok	True
chr16	53535	53536	-	0.276018	mod_ratio	227	T	TGTCC	ok	True
chr16	55809	55810	+	0.156522	mod_ratio	233	A	GGACC	ok	True
chr16	56583	56584	+	0.247967	mod_ratio	246	A	AAACT	ok	True
chr16	56594	56595	+	0.130081	mod_ratio	247	A	AGACA	ok	True
chr16	56612	56613	+	0.157895	mod_ratio	247	A	AGAGT	ok	False
chr16	57151	57152	+	0.131474	mod_ratio	253	A	AGACA	ok	True
chr16	57156	57157	+	0.351779	mod_ratio	254	A	GGACA	ok	True
chr16	57289	57290	+	0.109375	mod_ratio	256	A	AAACC	ok	True
chr16	57306	57307	+	0.101562	mod_ratio	256	A	GGACT	ok	True
chr16	57312	57313	+	0.328125	mod_ratio	256	A	GGACA	ok	True
chr16	57356	57357	+	0.316	mod_ratio	254	A	AGACT	ok	True
chr16	57398	57399	+	0.4	mod_ratio	247	A	AGACC	ok	True
chr16	57428	57429	+	0.163743	mod_ratio	228	A	AAACC	ok	True
chr16	85818	85819	+	0.607843	mod_ratio	72	A	AAACC	ok	True
chr16	367608	367609	-	0.647541	mod_ratio	122	T	TGTCC	ok	True
chr16	368597	368598	-	0.378378	mod_ratio	112	T	GGTCC	ok	True
chr16	400436	400437	+	0.444444	mod_ratio	56	A	AAACC	ok	True
chr16	412356	412357	+	0.851852	mod_ratio	27	A	AAACA	ok	True
chr16	634519	634520	-	0.107417	mod_ratio	401	T	GGTCC	ok	True
chr16	634539	634540	-	0.195	mod_ratio	403	T	GGTTC	ok	True
chr16	634600	634601	-	0.201531	mod_ratio	399	T	AGTTT	ok	True
chr16	634639	634640	-	0.161125	mod_ratio	395	T	TGTCC	ok	True
chr16	634755	634756	-	0.138381	mod_ratio	389	T	GGTCC	ok	True
chr16	634773	634774	-	0.402632	mod_ratio	383	T	TGTCC	ok	True
chr16	634794	634795	-	0.220745	mod_ratio	378	T	GGTTC	ok	True
chr16	634912	634913	-	0.13089	mod_ratio	193	T	AGTCC	ok	True
chr16	635307	635308	-	0.13278	mod_ratio	243	T	GGTTT	ok	True
chr16	635319	635320	-	0.226891	mod_ratio	241	T	TGTCC	ok	True
chr16	636096	636097	-	0.121711	mod_ratio	304	T	TGTCC	ok	True
chr16	636111	636112	-	0.11	mod_ratio	302	T	GGTCC	ok	True
chr16	681467	681468	+	0.244681	mod_ratio	95	A	GAACT	ok	True
chr16	681521	681522	+	0.252525	mod_ratio	102	A	GAACA	ok	True
chr16	681815	681816	+	0.472727	mod_ratio	139	A	AAACC	ok	True
chr16	682410	682411	+	0.331081	mod_ratio	164	A	GAACA	ok	True
chr16	682481	682482	+	0.254777	mod_ratio	171	A	GGACT	ok	True
chr16	682607	682608	+	0.16875	mod_ratio	171	A	GGACT	ok	True
chr16	682614	682615	+	0.15	mod_ratio	171	A	GGACT	ok	True
chr16	722423	722424	+	0.616438	mod_ratio	74	A	GGACC	ok	True
chr16	722508	722509	+	0.328767	mod_ratio	73	A	GGACC	ok	True
chr16	729540	729541	+	0.452632	mod_ratio	96	A	GAACC	ok	True
chr16	729690	729691	+	0.804598	mod_ratio	94	A	GAACT	ok	True
chr16	1314085	1314086	+	0.24183	mod_ratio	154	A	AGACC	ok	True
chr16	1314344	1314345	+	0.164634	mod_ratio	165	A	GAACT	ok	True
chr16	1315653	1315654	+	0.333333	mod_ratio	166	A	AGACT	ok	True
chr16	1315679	1315680	+	0.608434	mod_ratio	167	A	AAACT	ok	True
chr16	1320183	1320184	+	0.660606	mod_ratio	167	A	GAACC	ok	True
chr16	1320248	1320249	+	0.547059	mod_ratio	170	A	GGACA	ok	True
chr16	1320279	1320280	+	0.305882	mod_ratio	170	A	AAACA	ok	True
chr16	1320457	1320458	+	0.269663	mod_ratio	183	A	GAACT	ok	True
chr16	1324734	1324735	+	0.12234	mod_ratio	192	A	AAACA	ok	True
chr16	1325022	1325023	+	0.186916	mod_ratio	215	A	AAACT	ok	True
chr16	1325076	1325077	+	0.224299	mod_ratio	215	A	AAACT	ok	True
chr16	1325214	1325215	+	0.273148	mod_ratio	217	A	GAACC	ok	True
chr16	1325336	1325337	+	0.414286	mod_ratio	167	A	AAACT	ok	True
chr16	1420061	1420062	-	0.467742	mod_ratio	62	T	AGTTT	ok	True
chr16	1772155	1772156	-	0.111111	mod_ratio	450	T	GGTTT	ok	True
chr16	1772280	1772281	-	0.216471	mod_ratio	430	T	GGTTC	ok	True
chr16	1772481	1772482	-	0.163043	mod_ratio	369	T	TGTTC	ok	True
chr16	1772507	1772508	-	0.236915	mod_ratio	365	T	AGTCT	ok	True
chr16	1772638	1772639	-	0.173669	mod_ratio	360	T	GGTCC	ok	True
chr16	1773042	1773043	-	0.160279	mod_ratio	289	T	TGTTC	ok	True
chr16	1787736	1787737	+	0.306667	mod_ratio	75	A	GGACA	ok	True
chr16	1789115	1789116	+	0.531532	mod_ratio	112	A	GAACT	ok	True
chr16	1841844	1841845	-	0.695652	mod_ratio	47	T	AGTTT	ok	True
chr16	1853088	1853089	-	0.55814	mod_ratio	44	T	AGTTC	ok	True
chr16	1857782	1857783	-	0.731707	mod_ratio	42	T	TGTCC	ok	True
chr16	1857864	1857865	-	0.6	mod_ratio	41	T	TGTCC	ok	True
chr16	1868123	1868124	-	0.829268	mod_ratio	41	T	TGTCT	ok	True
chr16	1938508	1938509	-	0.307692	mod_ratio	92	T	GGTTT	ok	True
chr16	1959640	1959641	+	0.121037	mod_ratio	354	A	GGACA	ok	True
chr16	1959730	1959731	+	0.416667	mod_ratio	364	A	GGACC	ok	True
chr16	1961245	1961246	+	0.150396	mod_ratio	385	A	GGACA	ok	True
chr16	1961287	1961288	+	0.154047	mod_ratio	385	A	GGACT	ok	True
chr16	1961567	1961568	+	0.186701	mod_ratio	396	A	GAACT	ok	True
chr16	1961630	1961631	+	0.336709	mod_ratio	397	A	GGACC	ok	True
chr16	1961802	1961803	+	0.133501	mod_ratio	399	A	GGACC	ok	True
chr16	1961842	1961843	+	0.211055	mod_ratio	400	A	AAACA	ok	True
chr16	1962126	1962127	-	0.227083	mod_ratio	10571	T	AGTCC	ok	True
chr16	1962204	1962205	-	0.108323	mod_ratio	10616	T	AGTCT	ok	True
chr16	1962240	1962241	-	0.165211	mod_ratio	10568	T	GGTCT	ok	True
chr16	1962889	1962890	-	0.264703	mod_ratio	9246	T	AGTCC	ok	True
chr16	1964327	1964328	-	0.125804	mod_ratio	8051	T	TGTCC	ok	True
chr16	1964563	1964564	-	0.263306	mod_ratio	7230	T	GGTTC	ok	True
chr16	1964809	1964810	-	0.726703	mod_ratio	3442	T	TGTTT	ok	True
chr16	1978602	1978603	+	0.457627	mod_ratio	59	A	GGACT	ok	True
chr16	1997824	1997825	-	0.422222	mod_ratio	90	T	TGTTT	ok	True
chr16	2154004	2154005	+	0.376812	mod_ratio	69	A	AAACA	ok	True
chr16	2206209	2206210	+	0.5	mod_ratio	48	A	GGACT	ok	True
chr16	2208592	2208593	+	0.66129	mod_ratio	126	A	GGACT	ok	True
chr16	2208767	2208768	+	0.210938	mod_ratio	136	A	GGACA	ok	True
chr16	2208796	2208797	+	0.29927	mod_ratio	137	A	AGACT	ok	True
chr16	2209032	2209033	+	0.461538	mod_ratio	157	A	GGACT	ok	True
chr16	2209386	2209387	+	0.777778	mod_ratio	145	A	AGACC	ok	True
chr16	2239916	2239917	-	0.615385	mod_ratio	54	T	TGTTT	ok	True
chr16	2253138	2253139	-	0.166667	mod_ratio	211	T	GGTTT	ok	True
chr16	2253962	2253963	-	0.892308	mod_ratio	134	T	TGTTT	ok	True
chr16	2262835	2262836	-	0.761905	mod_ratio	67	T	GGTTT	ok	True
chr16	2519745	2519746	+	0.235714	mod_ratio	144	A	AGACC	ok	True
chr16	2519810	2519811	+	0.292857	mod_ratio	143	A	GAACA	ok	True
chr16	2757480	2757481	+	0.413793	mod_ratio	88	A	GAACA	ok	True
chr16	2757912	2757913	+	0.468085	mod_ratio	97	A	AAACA	ok	True
chr16	2775528	2775529	-	0.105769	mod_ratio	835	T	TGTCT	ok	True
chr16	2777052	2777053	-	0.202179	mod_ratio	830	T	AGTTC	ok	True
chr16	2777096	2777097	-	0.115242	mod_ratio	810	T	GGTCT	ok	True
chr16	2817855	2817856	+	0.290541	mod_ratio	149	A	GAACT	ok	True
chr16	2817964	2817965	+	0.198675	mod_ratio	152	A	AAACG	ok	False
chr16	2818871	2818872	+	0.572327	mod_ratio	164	A	AAACA	ok	True
chr16	2818918	2818919	+	0.239726	mod_ratio	149	A	GAACC	ok	True
chr16	2821002	2821003	+	0.418301	mod_ratio	157	A	AAACA	ok	True
chr16	2821050	2821051	+	0.1625	mod_ratio	162	A	GGACA	ok	True
chr16	2821379	2821380	+	0.21164	mod_ratio	192	A	GGACC	ok	True
chr16	2821403	2821404	+	0.140625	mod_ratio	193	A	GGACT	ok	True
chr16	2821540	2821541	+	0.145631	mod_ratio	206	A	AGACC	ok	True
chr16	2821680	2821681	+	0.358382	mod_ratio	193	A	AAACA	ok	True
chr16	2896365	2896366	+	0.552632	mod_ratio	80	A	GGACT	ok	True
chr16	3021989	3021990	+	0.386667	mod_ratio	75	A	GAACC	ok	True
chr16	3022083	3022084	+	0.444444	mod_ratio	84	A	GAACT	ok	True
chr16	3022788	3022789	-	0.324675	mod_ratio	78	T	TGTCC	ok	True
chr16	3069225	3069226	+	0.677083	mod_ratio	96	A	AAACA	ok	True
chr16	3658108	3658109	-	0.34005	mod_ratio	398	T	AGTCC	ok	True
chr16	3658200	3658201	-	0.182957	mod_ratio	399	T	AGTCC	ok	True
chr16	3662115	3662116	-	0.341146	mod_ratio	384	T	TGTCC	ok	True
chr16	3663434	3663435	-	0.239437	mod_ratio	367	T	TGTCC	ok	True
chr16	3666114	3666115	-	0.142276	mod_ratio	246	T	AGTTT	ok	True
chr16	3671760	3671761	-	0.446721	mod_ratio	245	T	GGTTC	ok	True
chr16	3671772	3671773	-	0.374486	mod_ratio	246	T	TGTCC	ok	True
chr16	3672731	3672732	-	0.117647	mod_ratio	240	T	TGTCC	ok	True
chr16	3672744	3672745	-	0.140426	mod_ratio	239	T	GGTCT	ok	True
chr16	3672817	3672818	-	0.151786	mod_ratio	228	T	GGTTT	ok	True
chr16	3674477	3674478	-	0.208738	mod_ratio	209	T	GGTCC	ok	True
chr16	3675333	3675334	-	0.118227	mod_ratio	204	T	TGTTC	ok	True
chr16	3676098	3676099	-	0.149485	mod_ratio	195	T	TGTCC	ok	True
chr16	3676104	3676105	-	0.150259	mod_ratio	196	T	GGTTC	ok	True
chr16	3686027	3686028	-	0.207317	mod_ratio	166	T	GGTCT	ok	True
chr16	3686076	3686077	-	0.144654	mod_ratio	159	T	AGTTT	ok	True
chr16	3686088	3686089	-	0.21519	mod_ratio	159	T	AGTTT	ok	True
chr16	3689088	3689089	-	0.509934	mod_ratio	152	T	TGTCC	ok	True
chr16	3690876	3690877	-	0.222222	mod_ratio	144	T	TGTCC	ok	True
chr16	3690886	3690887	-	0.368056	mod_ratio	144	T	GGTCT	ok	True
chr16	4340349	4340350	-	0.14	mod_ratio	203	T	TGTCC	ok	True
chr16	4340372	4340373	-	0.20098	mod_ratio	204	T	AGTTC	ok	True
chr16	4341466	4341467	-	0.535	mod_ratio	201	T	TGTCC	ok	True
chr16	4455691	4455692	+	0.534884	mod_ratio	43	A	GGACA	ok	True
chr16	4456356	4456357	+	0.459459	mod_ratio	77	A	GAACT	ok	True
chr16	4461809	4461810	-	0.719512	mod_ratio	83	T	TGTTC	ok	True
chr16	4461848	4461849	-	0.304878	mod_ratio	83	T	AGTCT	ok	True
chr16	4466256	4466257	-	0.356164	mod_ratio	73	T	TGTCC	ok	True
chr16	4505508	4505509	+	0.5	mod_ratio	70	A	GAACC	ok	True
chr16	4506956	4506957	+	0.355263	mod_ratio	77	A	AAACA	ok	True
chr16	4508085	4508086	+	0.25641	mod_ratio	119	A	GGACA	ok	True
chr16	4509660	4509661	+	0.386861	mod_ratio	138	A	GAACA	ok	True
chr16	4509830	4509831	+	0.894737	mod_ratio	135	A	AAACT	ok	True
chr16	4511503	4511504	-	0.553571	mod_ratio	56	T	TGTCC	ok	True
chr16	8848312	8848313	+	0.72093	mod_ratio	43	A	AAACA	ok	True
chr16	11548409	11548410	-	0.418182	mod_ratio	61	T	GGTTC	ok	True
chr16	11548529	11548530	-	0.674419	mod_ratio	43	T	TGTTT	ok	True
chr16	11841949	11841950	-	0.462963	mod_ratio	55	T	TGTTT	ok	True
chr16	11846524	11846525	-	0.666667	mod_ratio	62	T	TGTTT	ok	True
chr16	11847695	11847696	-	0.646154	mod_ratio	65	T	TGTTT	ok	True
chr16	11851463	11851464	-	0.429688	mod_ratio	256	T	GGTTC	ok	True
chr16	18783044	18783045	-	0.234011	mod_ratio	2821	T	TGTTT	ok	True
chr16	18788066	18788067	-	0.117234	mod_ratio	2859	T	TGTTT	ok	True
chr16	18788084	18788085	-	0.38348	mod_ratio	2853	T	GGTTC	ok	True
chr16	18792007	18792008	-	0.6125	mod_ratio	81	T	AGTTT	ok	True
chr16	18793275	18793276	-	0.6	mod_ratio	44	T	TGTTT	ok	True
chr16	19502699	19502700	-	0.690476	mod_ratio	44	T	AGTTT	ok	True
chr16	19503437	19503438	-	0.511111	mod_ratio	45	T	AGTTT	ok	True
chr16	19503481	19503482	-	0.511111	mod_ratio	45	T	GGTTC	ok	True
chr16	19504990	19504991	-	0.659091	mod_ratio	44	T	TGTTT	ok	True
chr16	19505014	19505015	-	0.636364	mod_ratio	44	T	GGTTT	ok	True
chr16	19517154	19517155	-	0.605263	mod_ratio	38	T	TGTCC	ok	True
chr16	21957533	21957534	+	0.514563	mod_ratio	105	A	GAACC	ok	True
chr16	21973930	21973931	+	0.271523	mod_ratio	153	A	GGACT	ok	True
chr16	21976196	21976197	+	0.198758	mod_ratio	163	A	AAACA	ok	True
chr16	21983143	21983144	+	0.308901	mod_ratio	194	A	GGACA	ok	True
chr16	21983227	21983228	+	0.542553	mod_ratio	194	A	AAACA	ok	True
chr16	21983334	21983335	+	0.528571	mod_ratio	174	A	AAACA	ok	True
chr16	22333712	22333713	+	1	mod_ratio	25	A	AAACT	ok	True
chr16	23581113	23581114	-	0.242744	mod_ratio	379	T	TGTCC	ok	True
chr16	23581148	23581149	-	0.110526	mod_ratio	380	T	AGTCC	ok	True
chr16	23581172	23581173	-	0.12963	mod_ratio	378	T	GGTCT	ok	True
chr16	23585382	23585383	-	0.11828	mod_ratio	373	T	TGTCT	ok	True
chr16	23587223	23587224	-	0.468144	mod_ratio	365	T	AGTTT	ok	True
chr16	23587245	23587246	-	0.122222	mod_ratio	367	T	GGTCC	ok	True
chr16	23688721	23688722	+	0.520833	mod_ratio	49	A	GGACT	ok	True
chr16	23690320	23690321	+	0.292135	mod_ratio	90	A	GAACT	ok	True
chr16	25164707	25164708	+	0.65	mod_ratio	40	A	AAACT	ok	True
chr16	28379748	28379749	-	0.856061	mod_ratio	138	T	GGTTT	ok	True
chr16	28379879	28379880	-	0.280255	mod_ratio	158	T	GGTCT	ok	True
chr16	28388070	28388071	-	0.277108	mod_ratio	84	T	GGTCT	ok	True
chr16	28388088	28388089	-	0.304878	mod_ratio	83	T	TGTCC	ok	True
chr16	28403519	28403520	-	0.724138	mod_ratio	59	T	TGTTT	ok	True
chr16	28711784	28711785	+	0.797297	mod_ratio	75	A	AAACA	ok	True
chr16	28714084	28714085	+	0.319444	mod_ratio	74	A	GGACT	ok	True
chr16	28715405	28715406	+	0.384615	mod_ratio	67	A	AAACC	ok	True
chr16	28723270	28723271	+	0.352941	mod_ratio	86	A	GGACA	ok	True
chr16	28723474	28723475	+	0.347826	mod_ratio	92	A	GAACT	ok	True
chr16	28723506	28723507	+	0.255319	mod_ratio	95	A	AAACT	ok	True
chr16	28724371	28724372	+	0.295918	mod_ratio	101	A	AAACA	ok	True
chr16	28724682	28724683	+	0.242718	mod_ratio	104	A	GGACT	ok	True
chr16	28727076	28727077	+	0.205882	mod_ratio	137	A	AGACT	ok	True
chr16	28727213	28727214	+	0.305556	mod_ratio	147	A	GGACA	ok	True
chr16	28727231	28727232	+	0.367347	mod_ratio	150	A	AGACC	ok	True
chr16	28734802	28734803	+	0.165	mod_ratio	201	A	GGACC	ok	True
chr16	28735430	28735431	+	0.406542	mod_ratio	214	A	AGACC	ok	True
chr16	28735561	28735562	+	0.870787	mod_ratio	192	A	AAACC	ok	True
chr16	28842803	28842804	-	0.664537	mod_ratio	442	T	AGTTT	ok	True
chr16	28842854	28842855	-	0.534591	mod_ratio	481	T	TGTCC	ok	True
chr16	28843045	28843046	-	0.135307	mod_ratio	477	T	AGTCC	ok	True
chr16	28843769	28843770	-	0.147059	mod_ratio	452	T	TGTCC	ok	True
chr16	28844016	28844017	-	0.114634	mod_ratio	412	T	AGTCC	ok	True
chr16	28844260	28844261	-	0.123684	mod_ratio	382	T	TGTCC	ok	True
chr16	28844495	28844496	-	0.243323	mod_ratio	343	T	TGTCC	ok	True
chr16	28844735	28844736	-	0.125	mod_ratio	332	T	GGTCT	ok	True
chr16	28844784	28844785	-	0.192429	mod_ratio	325	T	AGTTC	ok	True
chr16	28844793	28844794	-	0.454259	mod_ratio	322	T	AGTTC	ok	True
chr16	28844809	28844810	-	0.143322	mod_ratio	319	T	AGTCC	ok	True
chr16	28844953	28844954	-	0.139932	mod_ratio	294	T	TGTCT	ok	True
chr16	28845341	28845342	-	0.239382	mod_ratio	263	T	AGTCT	ok	True
chr16	28845938	28845939	-	0.449275	mod_ratio	211	T	GGTCT	ok	True
chr16	28845949	28845950	-	0.618357	mod_ratio	210	T	GGTCC	ok	True
chr16	28846001	28846002	-	0.162562	mod_ratio	206	T	AGTCT	ok	True
chr16	29443315	29443316	-	0.472527	mod_ratio	92	T	TGTTT	ok	True
chr16	29443529	29443530	-	0.263158	mod_ratio	95	T	TGTTT	ok	True
chr16	29444430	29444431	-	0.8	mod_ratio	90	T	AGTTT	ok	True
chr16	29444475	29444476	-	0.420455	mod_ratio	88	T	AGTTT	ok	True
chr16	29444490	29444491	-	0.386364	mod_ratio	88	T	TGTTC	ok	True
chr16	29446868	29446869	-	0.306818	mod_ratio	88	T	GGTCT	ok	True
chr16	29454035	29454036	-	0.126263	mod_ratio	199	T	GGTTT	ok	True
chr16	29454102	29454103	-	0.171598	mod_ratio	180	T	TGTCC	ok	True
chr16	29454247	29454248	-	0.233129	mod_ratio	164	T	AGTTC	ok	True
chr16	29805152	29805153	+	0.365079	mod_ratio	127	A	AAACA	ok	True
chr16	29805266	29805267	+	0.515873	mod_ratio	127	A	AAACA	ok	True
chr16	30067235	30067236	+	0.409496	mod_ratio	345	A	GAACT	ok	True
chr16	30067500	30067501	+	0.133501	mod_ratio	407	A	GAACC	ok	True
chr16	30067548	30067549	+	0.170316	mod_ratio	412	A	GAACC	ok	True
chr16	30068687	30068688	+	0.195378	mod_ratio	479	A	AGACT	ok	True
chr16	30069351	30069352	+	0.111524	mod_ratio	544	A	GGACC	ok	True
chr16	30070396	30070397	+	0.416216	mod_ratio	544	A	AAACA	ok	True
chr16	30423956	30423957	-	0.210227	mod_ratio	178	T	GGTCT	ok	True
chr16	30424216	30424217	-	0.160714	mod_ratio	171	T	AGTCC	ok	True
chr16	30424269	30424270	-	0.272727	mod_ratio	169	T	TGTCC	ok	True
chr16	30424511	30424512	-	0.167832	mod_ratio	148	T	GGTTC	ok	True
chr16	30424522	30424523	-	0.165468	mod_ratio	144	T	GGTTT	ok	True
chr16	30429124	30429125	-	0.304688	mod_ratio	132	T	TGTTC	ok	True
chr16	30429882	30429883	-	0.210084	mod_ratio	120	T	TGTCC	ok	True
chr16	30429933	30429934	-	0.326531	mod_ratio	110	T	TGTCC	ok	True
chr16	31093376	31093377	-	0.138462	mod_ratio	283	T	TGTCC	ok	True
chr16	31093381	31093382	-	0.131818	mod_ratio	277	T	TGTCC	ok	True
chr16	31094739	31094740	-	0.20155	mod_ratio	147	T	GGTTC	ok	True
chr16	31189681	31189682	+	0.795455	mod_ratio	44	A	GGACA	ok	True
chr16	31191463	31191464	+	0.791209	mod_ratio	92	A	GAACA	ok	True
chr16	46660306	46660307	-	0.22807	mod_ratio	174	T	GGTCC	ok	True
chr16	46660558	46660559	-	0.394118	mod_ratio	173	T	TGTTT	ok	True
chr16	46660575	46660576	-	0.313609	mod_ratio	171	T	TGTTT	ok	True
chr16	46661754	46661755	-	0.406452	mod_ratio	161	T	TGTTC	ok	True
chr16	46662264	46662265	-	0.262411	mod_ratio	143	T	TGTTT	ok	True
chr16	46662320	46662321	-	0.179856	mod_ratio	141	T	GGTTT	ok	True
chr16	46662332	46662333	-	0.173913	mod_ratio	140	T	AGTTT	ok	True
chr16	46662358	46662359	-	0.227273	mod_ratio	135	T	AGTCC	ok	True
chr16	46662368	46662369	-	0.461538	mod_ratio	133	T	GGTTC	ok	True
chr16	46663008	46663009	-	0.273504	mod_ratio	119	T	TGTCT	ok	True
chr16	46663110	46663111	-	0.263158	mod_ratio	97	T	AGTCT	ok	True
chr16	46669031	46669032	-	0.482353	mod_ratio	86	T	TGTTT	ok	True
chr16	46674605	46674606	-	0.694915	mod_ratio	59	T	AGTTT	ok	True
chr16	46681411	46681412	-	0.559322	mod_ratio	60	T	AGTTC	ok	True
chr16	46681480	46681481	-	0.491525	mod_ratio	60	T	AGTTC	ok	True
chr16	46695642	46695643	+	0.844444	mod_ratio	48	A	AAACA	ok	True
chr16	46697488	46697489	+	0.520833	mod_ratio	50	A	AAACC	ok	True
chr16	46697773	46697774	+	0.73913	mod_ratio	48	A	AGACC	ok	True
chr16	46802278	46802279	-	0.891304	mod_ratio	46	T	TGTTT	ok	True
chr16	46956862	46956863	-	0.877551	mod_ratio	49	T	AGTTT	ok	True
chr16	46956933	46956934	-	0.377049	mod_ratio	66	T	AGTTC	ok	True
chr16	46957193	46957194	-	0.382353	mod_ratio	71	T	GGTCT	ok	True
chr16	46957217	46957218	-	0.397059	mod_ratio	69	T	AGTTC	ok	True
chr16	46968124	46968125	-	0.666667	mod_ratio	57	T	AGTTT	ok	True
chr16	47155667	47155668	-	0.698113	mod_ratio	54	T	TGTTT	ok	True
chr16	56432531	56432532	-	0.694444	mod_ratio	36	T	TGTTT	ok	True
chr16	56439665	56439666	-	0.252252	mod_ratio	117	T	GGTTC	ok	True
chr16	56439677	56439678	-	0.285714	mod_ratio	117	T	GGTCT	ok	True
chr16	56447790	56447791	-	0.738318	mod_ratio	108	T	AGTTT	ok	True
chr16	56609331	56609332	+	0.178571	mod_ratio	311	A	GGACA	ok	True
chr16	56609361	56609362	+	0.351792	mod_ratio	311	A	GGACA	ok	True
chr16	56838989	56838990	+	0.646154	mod_ratio	67	A	GGACT	ok	True
chr16	56841779	56841780	+	0.435897	mod_ratio	80	A	GGACA	ok	True
chr16	56844565	56844566	+	0.352941	mod_ratio	86	A	GGACA	ok	True
chr16	56932256	56932257	+	0.510204	mod_ratio	49	A	AGACC	ok	True
chr16	56936783	56936784	+	0.584615	mod_ratio	65	A	GAACC	ok	True
chr16	56942158	56942159	+	0.821429	mod_ratio	87	A	AGACC	ok	True
chr16	56943143	56943144	+	0.337079	mod_ratio	91	A	AAACT	ok	True
chr16	56943197	56943198	+	0.402174	mod_ratio	94	A	AGACC	ok	True
chr16	56943285	56943286	+	0.363636	mod_ratio	100	A	AAACT	ok	True
chr16	56943805	56943806	+	0.598291	mod_ratio	117	A	AAACT	ok	True
chr16	56943815	56943816	+	0.293103	mod_ratio	117	A	GAACT	ok	True
chr16	56943832	56943833	+	0.278261	mod_ratio	116	A	AAACC	ok	True
chr16	57153783	57153784	-	0.604651	mod_ratio	43	T	AGTTC	ok	True
chr16	57153884	57153885	-	0.577778	mod_ratio	45	T	TGTTT	ok	True
chr16	57154315	57154316	-	0.708333	mod_ratio	50	T	GGTTC	ok	True
chr16	57154479	57154480	-	0.953488	mod_ratio	45	T	TGTTT	ok	True
chr16	57164031	57164032	-	0.794872	mod_ratio	41	T	GGTTT	ok	True
chr16	57256443	57256444	-	0.933333	mod_ratio	31	T	TGTTT	ok	True
chr16	57428568	57428569	-	0.44186	mod_ratio	162	T	AGTTT	ok	True
chr16	57432521	57432522	-	0.193798	mod_ratio	131	T	GGTCC	ok	True
chr16	57456970	57456971	+	0.561644	mod_ratio	73	A	AAACC	ok	True
chr16	57456975	57456976	+	0.575342	mod_ratio	73	A	AGACT	ok	True
chr16	57459634	57459635	+	0.571429	mod_ratio	86	A	GGACT	ok	True
chr16	57459655	57459656	+	0.482353	mod_ratio	86	A	GGACA	ok	True
chr16	57460740	57460741	+	0.320388	mod_ratio	105	A	GGACT	ok	True
chr16	57460771	57460772	+	0.432692	mod_ratio	106	A	AAACC	ok	True
chr16	57460919	57460920	+	0.194915	mod_ratio	120	A	AAACC	ok	True
chr16	57461135	57461136	+	0.372263	mod_ratio	137	A	AAACT	ok	True
chr16	58113966	58113967	-	0.681159	mod_ratio	70	T	AGTTT	ok	True
chr16	58116100	58116101	-	0.553191	mod_ratio	47	T	AGTTT	ok	True
chr16	58707179	58707180	-	0.248408	mod_ratio	158	T	AGTCT	ok	True
chr16	58707204	58707205	-	0.751592	mod_ratio	158	T	GGTTC	ok	True
chr16	58707343	58707344	-	0.253521	mod_ratio	144	T	GGTCC	ok	True
chr16	58707954	58707955	-	0.329897	mod_ratio	99	T	AGTTT	ok	True
chr16	58716717	58716718	-	0.389831	mod_ratio	61	T	TGTTC	ok	True
chr16	58718632	58718633	-	0.611111	mod_ratio	54	T	GGTTT	ok	True
chr16	61055418	61055419	-	0.702703	mod_ratio	125	T	AGTTC	ok	True
chr16	61055424	61055425	-	0.227642	mod_ratio	137	T	TGTCT	ok	True
chr16	61055459	61055460	-	0.310345	mod_ratio	150	T	GGTTT	ok	True
chr16	61055788	61055789	-	0.219512	mod_ratio	134	T	AGTCT	ok	True
chr16	61055860	61055861	-	0.407407	mod_ratio	120	T	GGTTC	ok	True
chr16	66552651	66552652	+	0.123762	mod_ratio	205	A	GAACC	ok	True
chr16	66552741	66552742	+	0.108787	mod_ratio	243	A	AAACA	ok	True
chr16	66558239	66558240	+	0.440476	mod_ratio	86	A	GAACC	ok	True
chr16	66563190	66563191	+	0.291498	mod_ratio	248	A	AAACC	ok	True
chr16	66566047	66566048	+	0.512346	mod_ratio	204	A	AAACA	ok	True
chr16	66802895	66802896	-	0.90566	mod_ratio	142	T	TGTTT	ok	True
chr16	66802969	66802970	-	0.149068	mod_ratio	164	T	AGTTT	ok	True
chr16	66803031	66803032	-	0.254658	mod_ratio	164	T	AGTTT	ok	True
chr16	66803080	66803081	-	0.31677	mod_ratio	164	T	TGTTT	ok	True
chr16	66808539	66808540	-	0.630872	mod_ratio	152	T	TGTTT	ok	True
chr16	66808600	66808601	-	0.194631	mod_ratio	151	T	TGTCC	ok	True
chr16	66813574	66813575	-	0.266667	mod_ratio	137	T	AGTTT	ok	True
chr16	66813789	66813790	-	0.609756	mod_ratio	124	T	TGTTT	ok	True
chr16	66816602	66816603	-	0.279661	mod_ratio	119	T	TGTTC	ok	True
chr16	66816987	66816988	-	0.269565	mod_ratio	116	T	AGTCC	ok	True
chr16	66817027	66817028	-	0.415929	mod_ratio	117	T	TGTCT	ok	True
chr16	66821489	66821490	-	0.266055	mod_ratio	110	T	AGTCC	ok	True
chr16	66932104	66932105	-	0.649351	mod_ratio	156	T	AGTTT	ok	True
chr16	67438195	67438196	-	0.444444	mod_ratio	63	T	GGTTC	ok	True
chr16	67871295	67871296	+	0.632653	mod_ratio	64	A	AAACC	ok	True
chr16	67934524	67934525	-	0.484848	mod_ratio	72	T	GGTTT	ok	True
chr16	67934538	67934539	-	0.383562	mod_ratio	78	T	TGTTC	ok	True
chr16	67934585	67934586	-	0.325581	mod_ratio	88	T	AGTTT	ok	True
chr16	67934642	67934643	-	0.58427	mod_ratio	89	T	GGTTC	ok	True
chr16	69165468	69165469	+	0.522388	mod_ratio	70	A	AGACC	ok	True
chr16	69168931	69168932	+	0.315789	mod_ratio	77	A	GAACC	ok	True
chr16	69168938	69168939	+	0.473684	mod_ratio	77	A	AAACA	ok	True
chr16	69168966	69168967	+	0.381579	mod_ratio	77	A	GAACT	ok	True
chr16	69324824	69324825	+	0.317073	mod_ratio	83	A	AGACC	ok	True
chr16	69328787	69328788	-	0.566667	mod_ratio	60	T	TGTCC	ok	True
chr16	69328977	69328978	-	0.421053	mod_ratio	57	T	TGTTT	ok	True
chr16	69341228	69341229	+	0.371429	mod_ratio	70	A	GAACC	ok	True
chr16	69341719	69341720	+	0.319444	mod_ratio	73	A	GGACT	ok	True
chr16	69462675	69462676	+	0.27619	mod_ratio	105	A	AGACC	ok	True
chr16	69463157	69463158	+	0.396396	mod_ratio	117	A	AAACT	ok	True
chr16	69463164	69463165	+	0.42	mod_ratio	117	A	AAACT	ok	True
chr16	69463308	69463309	+	0.228571	mod_ratio	106	A	AAACT	ok	True
chr16	69709592	69709593	-	0.827586	mod_ratio	29	T	GGTCC	ok	True
chr16	69711054	69711055	-	0.181452	mod_ratio	249	T	TGTTT	ok	True
chr16	69711105	69711106	-	0.296748	mod_ratio	250	T	AGTTT	ok	True
chr16	69711242	69711243	-	0.365546	mod_ratio	241	T	GGTTC	ok	True
chr16	69713055	69713056	-	0.127273	mod_ratio	222	T	TGTCC	ok	True
chr16	69718161	69718162	-	0.142132	mod_ratio	201	T	TGTTC	ok	True
chr16	69718231	69718232	-	0.204188	mod_ratio	195	T	AGTTC	ok	True
chr16	69718248	69718249	-	0.703704	mod_ratio	191	T	AGTTT	ok	True
chr16	69718404	69718405	-	0.145946	mod_ratio	188	T	AGTTC	ok	True
chr16	69742098	69742099	-	0.219298	mod_ratio	114	T	TGTTT	ok	True
chr16	69742243	69742244	-	0.482143	mod_ratio	113	T	GGTCC	ok	True
chr16	69742404	69742405	-	0.377551	mod_ratio	101	T	TGTCC	ok	True
chr16	69742495	69742496	-	0.258065	mod_ratio	95	T	GGTTT	ok	True
chr16	69749596	69749597	-	0.909091	mod_ratio	55	T	TGTTT	ok	True
chr16	70252518	70252519	-	0.453846	mod_ratio	131	T	GGTTC	ok	True
chr16	70253310	70253311	-	0.302083	mod_ratio	97	T	TGTCC	ok	True
chr16	70253949	70253950	-	0.714286	mod_ratio	70	T	GGTCC	ok	True
chr16	70571751	70571752	+	0.422535	mod_ratio	72	A	GGACC	ok	True
chr16	71927853	71927854	+	0.557692	mod_ratio	54	A	AGACT	ok	True
chr16	71928722	71928723	+	0.708333	mod_ratio	48	A	GAACC	ok	True
chr16	74300131	74300132	+	0.415493	mod_ratio	144	A	AAACC	ok	True
chr16	74300194	74300195	+	0.272109	mod_ratio	149	A	GAACA	ok	True
chr16	74301096	74301097	+	0.201299	mod_ratio	156	A	AGACC	ok	True
chr16	74301114	74301115	+	0.146497	mod_ratio	158	A	AAACA	ok	True
chr16	74301594	74301595	+	0.623457	mod_ratio	162	A	AAACT	ok	True
chr16	74301624	74301625	+	0.3625	mod_ratio	166	A	GAACT	ok	True
chr16	74304308	74304309	+	0.236264	mod_ratio	184	A	GAACT	ok	True
chr16	74304323	74304324	+	0.240437	mod_ratio	184	A	AAACA	ok	True
chr16	74305335	74305336	+	0.233161	mod_ratio	195	A	AAACC	ok	True
chr16	74305362	74305363	+	0.13	mod_ratio	202	A	GAACT	ok	True
chr16	74305514	74305515	+	0.210784	mod_ratio	206	A	AGACC	ok	True
chr16	74305665	74305666	+	0.738095	mod_ratio	179	A	GGACA	ok	True
chr16	74305734	74305735	+	0.178295	mod_ratio	131	A	AAACA	ok	True
chr16	74305902	74305903	+	0.297619	mod_ratio	86	A	AGACT	ok	True
chr16	74305919	74305920	+	0.341176	mod_ratio	86	A	GAACT	ok	True
chr16	74306169	74306170	+	0.348837	mod_ratio	88	A	GAACT	ok	True
chr16	75566508	75566509	+	0.172414	mod_ratio	146	A	GGACC	ok	True
chr16	75568192	75568193	+	0.440994	mod_ratio	161	A	AGACA	ok	True
chr16	75577448	75577449	+	0.21393	mod_ratio	205	A	GAACC	ok	True
chr16	75577603	75577604	+	0.131707	mod_ratio	209	A	AAACT	ok	True
chr16	75577807	75577808	+	0.38835	mod_ratio	209	A	GGACT	ok	True
chr16	75577835	75577836	+	0.177143	mod_ratio	198	A	AAACT	ok	True
chr16	75627966	75627967	-	0.149171	mod_ratio	182	T	GGTTT	ok	True
chr16	75628584	75628585	-	0.314607	mod_ratio	180	T	AGTCC	ok	True
chr16	75631190	75631191	-	0.214815	mod_ratio	139	T	GGTCC	ok	True
chr16	75631421	75631422	-	0.473282	mod_ratio	132	T	AGTTT	ok	True
chr16	75631432	75631433	-	0.713178	mod_ratio	132	T	GGTTC	ok	True
chr16	75635801	75635802	-	0.430769	mod_ratio	65	T	TGTTT	ok	True
chr16	80975886	80975887	-	0.110577	mod_ratio	635	T	GGTTT	ok	True
chr16	80975966	80975967	-	0.111111	mod_ratio	661	T	GGTTC	ok	True
chr16	80976168	80976169	-	0.162679	mod_ratio	642	T	TGTTT	ok	True
chr16	81007238	81007239	+	0.352273	mod_ratio	111	A	GAACA	ok	True
chr16	81011972	81011973	+	0.190751	mod_ratio	174	A	GGACC	ok	True
chr16	81011998	81011999	+	0.166667	mod_ratio	175	A	GAACT	ok	True
chr16	81014172	81014173	+	0.155556	mod_ratio	183	A	AGACA	ok	True
chr16	81017785	81017786	+	0.165775	mod_ratio	189	A	AAACA	ok	True
chr16	81020120	81020121	+	0.1875	mod_ratio	194	A	AAACT	ok	True
chr16	81020178	81020179	+	0.18932	mod_ratio	209	A	AAACC	ok	True
chr16	81020188	81020189	+	0.130435	mod_ratio	210	A	AAACC	ok	True
chr16	81082643	81082644	-	0.161677	mod_ratio	340	T	AGTCT	ok	True
chr16	81082745	81082746	-	0.779456	mod_ratio	334	T	AGTTT	ok	True
chr16	81082857	81082858	-	0.280374	mod_ratio	432	T	AGTTC	ok	True
chr16	81082916	81082917	-	0.242081	mod_ratio	443	T	AGTTC	ok	True
chr16	81084482	81084483	-	0.246667	mod_ratio	452	T	TGTTT	ok	True
chr16	81084553	81084554	-	0.182844	mod_ratio	448	T	AGTTC	ok	True
chr16	81090626	81090627	-	0.146341	mod_ratio	451	T	TGTTC	ok	True
chr16	81090660	81090661	-	0.410314	mod_ratio	449	T	TGTTT	ok	True
chr16	81096279	81096280	-	0.10917	mod_ratio	385	T	TGTTC	ok	True
chr16	82148406	82148407	-	0.776119	mod_ratio	68	T	AGTTT	ok	True
chr16	82164174	82164175	-	0.666667	mod_ratio	38	T	AGTCC	ok	True
chr16	83808085	83808086	+	0.20082	mod_ratio	247	A	AGACT	ok	True
chr16	83808097	83808098	+	0.142276	mod_ratio	247	A	AGACC	ok	True
chr16	83808718	83808719	+	0.192771	mod_ratio	257	A	AGACC	ok	True
chr16	83811506	83811507	+	0.136531	mod_ratio	273	A	AGACA	ok	True
chr16	83811610	83811611	+	0.108108	mod_ratio	262	A	GGACC	ok	True
chr16	83811640	83811641	+	0.365957	mod_ratio	258	A	AAACA	ok	True
chr16	84566131	84566132	-	0.805556	mod_ratio	36	T	GGTTT	ok	True
chr16	84566414	84566415	-	0.925926	mod_ratio	27	T	GGTCC	ok	True
chr16	84779289	84779290	+	0.55814	mod_ratio	44	A	AAACA	ok	True
chr16	85677993	85677994	-	0.302469	mod_ratio	196	T	GGTTT	ok	True
chr16	85678024	85678025	-	0.273109	mod_ratio	256	T	TGTCC	ok	True
chr16	85678039	85678040	-	0.140078	mod_ratio	266	T	AGTTT	ok	True
chr16	85678063	85678064	-	0.126866	mod_ratio	269	T	TGTTT	ok	True
chr16	85678127	85678128	-	0.151852	mod_ratio	271	T	TGTTT	ok	True
chr16	85678251	85678252	-	0.325688	mod_ratio	220	T	GGTTC	ok	True
chr16	85678262	85678263	-	0.129032	mod_ratio	219	T	AGTTT	ok	True
chr16	85678297	85678298	-	0.246512	mod_ratio	215	T	AGTCC	ok	True
chr16	85678590	85678591	-	0.187793	mod_ratio	214	T	AGTTT	ok	True
chr16	85681604	85681605	-	0.185366	mod_ratio	205	T	AGTTC	ok	True
chr16	85681639	85681640	-	0.164179	mod_ratio	203	T	AGTTT	ok	True
chr16	85687505	85687506	-	0.162304	mod_ratio	192	T	TGTTT	ok	True
chr16	85779361	85779362	-	0.666667	mod_ratio	38	T	AGTTC	ok	True
chr16	85779415	85779416	-	0.467532	mod_ratio	107	T	TGTTT	ok	True
chr16	85779489	85779490	-	0.527273	mod_ratio	112	T	AGTCC	ok	True
chr16	85779813	85779814	-	0.317757	mod_ratio	108	T	TGTCC	ok	True
chr16	85799280	85799281	-	0.384615	mod_ratio	67	T	AGTTT	ok	True
chr16	85799710	85799711	+	0.302778	mod_ratio	1050	A	GGACA	ok	True
chr16	85806787	85806788	+	0.106707	mod_ratio	1650	A	AGACC	ok	True
chr16	85806845	85806846	+	0.12318	mod_ratio	1659	A	GGACT	ok	True
chr16	85806961	85806962	+	0.165163	mod_ratio	1531	A	AAACA	ok	True
chr16	87402973	87402974	+	0.291667	mod_ratio	96	A	GGACA	ok	True
chr16	87403098	87403099	+	0.550562	mod_ratio	89	A	AAACC	ok	True
chr16	87403262	87403263	+	0.307692	mod_ratio	92	A	AAACT	ok	True
chr16	87830037	87830038	-	0.232143	mod_ratio	398	T	TGTTT	ok	True
chr16	87830167	87830168	-	0.177215	mod_ratio	480	T	TGTCC	ok	True
chr16	87830505	87830506	-	0.118541	mod_ratio	341	T	GGTCC	ok	True
chr16	87831155	87831156	-	0.474747	mod_ratio	102	T	AGTCC	ok	True
chr16	88643406	88643407	-	0.109859	mod_ratio	359	T	GGTCC	ok	True
chr16	88646153	88646154	-	0.11396	mod_ratio	357	T	GGTCC	ok	True
chr16	88650977	88650978	-	0.703833	mod_ratio	291	T	TGTTC	ok	True
chr16	88809482	88809483	-	0.616883	mod_ratio	376	T	TGTTT	ok	True
chr16	88809514	88809515	-	0.207469	mod_ratio	494	T	GGTTC	ok	True
chr16	88809599	88809600	-	0.110442	mod_ratio	502	T	TGTTC	ok	True
chr16	88809837	88809838	-	0.192661	mod_ratio	332	T	GGTTC	ok	True
chr16	88810549	88810550	-	0.203753	mod_ratio	387	T	AGTCT	ok	True
chr16	88811653	88811654	-	0.216867	mod_ratio	355	T	TGTCC	ok	True
chr16	89561699	89561700	+	0.135563	mod_ratio	5641	A	AAACT	ok	True
chr16	89561743	89561744	+	0.11609	mod_ratio	5681	A	AGACA	ok	True
chr16	89562348	89562349	+	0.230661	mod_ratio	5714	A	AAACT	ok	True
chr16	89563017	89563018	+	0.109949	mod_ratio	5614	A	GAACA	ok	True
chr16	89563181	89563182	+	0.328877	mod_ratio	1131	A	AGACA	ok	True
chr16	89563301	89563302	+	0.121854	mod_ratio	769	A	GGACT	ok	True
chr16	89563389	89563390	+	0.293566	mod_ratio	760	A	AGACC	ok	True
chr16	89563412	89563413	+	0.970545	mod_ratio	700	A	GAACT	ok	True
chr16	89645162	89645163	-	0.854167	mod_ratio	51	T	TGTTT	ok	True
chr16	89883354	89883355	+	0.7	mod_ratio	40	A	AAACA	ok	True
chr16	89910613	89910614	+	0.761905	mod_ratio	63	A	AAACA	ok	True
chr16	89911233	89911234	+	0.362319	mod_ratio	69	A	GGACT	ok	True
chr16	89959325	89959326	+	0.58	mod_ratio	100	A	GGACA	ok	True
chr12	2797183	2797184	+	0.61039	mod_ratio	77	A	GGACC	ok	True
chr12	2797749	2797750	+	0.317647	mod_ratio	86	A	GGACA	ok	True
chr12	2797801	2797802	+	0.347826	mod_ratio	96	A	AAACC	ok	True
chr12	2800079	2800080	+	0.213115	mod_ratio	122	A	GAACA	ok	True
chr12	2800537	2800538	+	0.398496	mod_ratio	136	A	AAACT	ok	True
chr12	2801193	2801194	+	0.43662	mod_ratio	142	A	GAACT	ok	True
chr12	2803175	2803176	+	0.285714	mod_ratio	162	A	AGACC	ok	True
chr12	2803333	2803334	+	0.32716	mod_ratio	175	A	AAACT	ok	True
chr12	2803596	2803597	+	0.286517	mod_ratio	178	A	GAACC	ok	True
chr12	2803615	2803616	+	0.168539	mod_ratio	179	A	AGACT	ok	True
chr12	2803693	2803694	+	0.145946	mod_ratio	185	A	GGACA	ok	True
chr12	2803704	2803705	+	0.288043	mod_ratio	185	A	AAACC	ok	True
chr12	4337078	4337079	+	0.705882	mod_ratio	34	A	AAACA	ok	True
chr12	4352672	4352673	+	0.638298	mod_ratio	47	A	GGACT	ok	True
chr12	4352682	4352683	+	0.510638	mod_ratio	47	A	AAACT	ok	True
chr12	4352786	4352787	+	0.58	mod_ratio	50	A	AAACA	ok	True
chr12	4657826	4657827	+	0.103448	mod_ratio	239	A	AGACT	ok	True
chr12	4659037	4659038	+	0.140496	mod_ratio	244	A	AAACT	ok	True
chr12	4668511	4668512	+	0.488294	mod_ratio	301	A	AAACA	ok	True
chr12	4687011	4687012	+	0.178674	mod_ratio	351	A	GAACT	ok	True
chr12	4687218	4687219	+	0.771144	mod_ratio	285	A	AAACA	ok	True
chr12	6235259	6235260	+	0.195876	mod_ratio	195	A	GGACA	ok	True
chr12	6235279	6235280	+	0.126263	mod_ratio	202	A	AAACC	ok	True
chr12	6235479	6235480	+	0.37931	mod_ratio	205	A	GAACT	ok	True
chr12	6235550	6235551	+	0.140351	mod_ratio	230	A	AAACC	ok	True
chr12	6237811	6237812	+	0.15873	mod_ratio	254	A	GAACC	ok	True
chr12	6238130	6238131	+	0.205224	mod_ratio	270	A	AGACT	ok	True
chr12	6390777	6390778	+	0.72093	mod_ratio	43	A	GAACC	ok	True
chr12	6492215	6492216	-	0.19211	mod_ratio	591	T	AGTTT	ok	True
chr12	6492300	6492301	-	0.184255	mod_ratio	600	T	TGTTT	ok	True
chr12	6492463	6492464	-	0.107081	mod_ratio	584	T	AGTTT	ok	True
chr12	6493125	6493126	-	0.568019	mod_ratio	421	T	GGTTC	ok	True
chr12	6493144	6493145	-	0.164649	mod_ratio	417	T	AGTCT	ok	True
chr12	6527971	6527972	+	0.888889	mod_ratio	30	A	AAACA	ok	True
chr12	6529775	6529776	+	0.575	mod_ratio	40	A	GAACT	ok	True
chr12	6531007	6531008	+	0.941176	mod_ratio	55	A	AAACA	ok	True
chr12	6531793	6531794	+	0.639344	mod_ratio	65	A	GAACC	ok	True
chr12	6531871	6531872	+	0.65	mod_ratio	63	A	GAACT	ok	True
chr12	6534827	6534828	+	0.142828	mod_ratio	5110	A	AGACA	ok	True
chr12	6537179	6537180	+	0.157932	mod_ratio	7158	A	GAACC	ok	True
chr12	6537671	6537672	+	0.14365	mod_ratio	8366	A	GAACA	ok	True
chr12	6538179	6538180	+	0.133799	mod_ratio	10489	A	GGACC	ok	True
chr12	6556942	6556943	-	0.330435	mod_ratio	116	T	AGTTC	ok	True
chr12	6557115	6557116	-	0.368421	mod_ratio	114	T	TGTTT	ok	True
chr12	6557252	6557253	-	0.786408	mod_ratio	103	T	TGTTT	ok	True
chr12	6557608	6557609	-	0.384615	mod_ratio	80	T	AGTCT	ok	True
chr12	6557630	6557631	-	0.533333	mod_ratio	78	T	TGTTT	ok	True
chr12	6748422	6748423	-	0.383648	mod_ratio	164	T	GGTTC	ok	True
chr12	6748831	6748832	-	0.576923	mod_ratio	131	T	AGTCC	ok	True
chr12	6749900	6749901	-	0.287037	mod_ratio	110	T	GGTTT	ok	True
chr12	6749930	6749931	-	0.242424	mod_ratio	105	T	TGTCC	ok	True
chr12	6750749	6750750	-	0.309524	mod_ratio	86	T	TGTCC	ok	True
chr12	6848913	6848914	-	0.5	mod_ratio	94	T	AGTCC	ok	True
chr12	6849159	6849160	-	0.297872	mod_ratio	94	T	AGTTC	ok	True
chr12	6849689	6849690	-	0.406593	mod_ratio	91	T	GGTTC	ok	True
chr12	6849740	6849741	-	0.265957	mod_ratio	94	T	AGTCC	ok	True
chr12	6849813	6849814	-	0.454545	mod_ratio	89	T	AGTTT	ok	True
chr12	6850539	6850540	-	0.27381	mod_ratio	86	T	TGTTT	ok	True
chr12	6866150	6866151	+	0.590909	mod_ratio	68	A	GGACT	ok	True
chr12	6867600	6867601	+	0.113006	mod_ratio	1430	A	AAACT	ok	True
chr12	6869295	6869296	+	0.144438	mod_ratio	1830	A	GGACT	ok	True
chr12	6869374	6869375	+	0.181818	mod_ratio	1914	A	AGACA	ok	True
chr12	6869699	6869700	+	0.101129	mod_ratio	1972	A	GGACT	ok	True
chr12	6869755	6869756	+	0.115578	mod_ratio	2003	A	AGACT	ok	True
chr12	6870360	6870361	+	0.166276	mod_ratio	2159	A	GGACA	ok	True
chr12	6870376	6870377	+	0.27801	mod_ratio	2169	A	AAACA	ok	True
chr12	6870422	6870423	+	0.183908	mod_ratio	2275	A	GGACT	ok	True
chr12	6870509	6870510	+	0.179389	mod_ratio	2374	A	AAACT	ok	True
chr12	6870556	6870557	+	0.112652	mod_ratio	2400	A	GGACC	ok	True
chr12	6870595	6870596	+	0.582917	mod_ratio	2413	A	GAACT	ok	True
chr12	6870694	6870695	+	0.336957	mod_ratio	2402	A	AAACC	ok	True
chr12	6870794	6870795	+	0.391265	mod_ratio	2257	A	GAACC	ok	True
chr12	6870815	6870816	+	0.215651	mod_ratio	2177	A	AAACC	ok	True
chr12	6870854	6870855	+	0.432749	mod_ratio	183	A	GGACT	ok	True
chr12	6944100	6944101	+	0.168182	mod_ratio	241	A	GAACC	ok	True
chr12	6945976	6945977	+	0.110656	mod_ratio	270	A	AGACA	ok	True
chr12	6965396	6965397	-	0.972495	mod_ratio	522	T	TGTTT	ok	True
chr12	6965529	6965530	-	0.136194	mod_ratio	542	T	AGTCT	ok	True
chr12	6965550	6965551	-	0.216822	mod_ratio	539	T	GGTTC	ok	True
chr12	6966447	6966448	-	0.229039	mod_ratio	501	T	GGTTC	ok	True
chr12	6967209	6967210	-	0.317181	mod_ratio	462	T	AGTTT	ok	True
chr12	6967726	6967727	-	0.175182	mod_ratio	419	T	TGTTC	ok	True
chr12	6967898	6967899	-	0.125926	mod_ratio	408	T	TGTTT	ok	True
chr12	6968507	6968508	-	0.150685	mod_ratio	375	T	AGTCC	ok	True
chr12	6970225	6970226	-	0.15047	mod_ratio	323	T	TGTCC	ok	True
chr12	6970639	6970640	-	0.383333	mod_ratio	222	T	GGTTC	ok	True
chr12	6971082	6971083	+	0.539474	mod_ratio	152	A	AGACA	ok	True
chr12	6974582	6974583	+	0.386905	mod_ratio	168	A	GAACC	ok	True
chr12	6974665	6974666	+	0.146893	mod_ratio	178	A	GAACC	ok	True
chr12	6975769	6975770	+	0.132653	mod_ratio	196	A	AAACT	ok	True
chr12	6975831	6975832	+	0.359788	mod_ratio	191	A	AAACC	ok	True
chr12	6975838	6975839	+	0.153439	mod_ratio	191	A	AAACT	ok	True
chr12	8940412	8940413	-	0.31044	mod_ratio	367	T	GGTTT	ok	True
chr12	8940501	8940502	-	0.148248	mod_ratio	372	T	TGTTT	ok	True
chr12	8940555	8940556	-	0.180593	mod_ratio	372	T	AGTTT	ok	True
chr12	8940657	8940658	-	0.120419	mod_ratio	387	T	GGTTC	ok	True
chr12	8940679	8940680	-	0.290237	mod_ratio	382	T	AGTCC	ok	True
chr12	8940924	8940925	-	0.12037	mod_ratio	329	T	TGTTT	ok	True
chr12	8941329	8941330	-	0.759259	mod_ratio	54	T	AGTTC	ok	True
chr12	8941481	8941482	-	0.846154	mod_ratio	54	T	TGTTT	ok	True
chr12	8941661	8941662	-	0.6	mod_ratio	53	T	AGTTT	ok	True
chr12	10606093	10606094	-	0.219697	mod_ratio	133	T	TGTCC	ok	True
chr12	10606158	10606159	-	0.684211	mod_ratio	134	T	AGTTT	ok	True
chr12	10606179	10606180	-	0.416667	mod_ratio	132	T	TGTTT	ok	True
chr12	10699245	10699246	-	0.782609	mod_ratio	46	T	GGTTT	ok	True
chr12	11171773	11171774	+	0.642857	mod_ratio	42	A	AAACA	ok	True
chr12	11171800	11171801	+	0.952381	mod_ratio	43	A	AAACA	ok	True
chr12	11171826	11171827	+	0.744186	mod_ratio	43	A	AAACA	ok	True
chr12	11172123	11172124	+	0.581395	mod_ratio	44	A	GAACT	ok	True
chr12	12813439	12813440	+	0.377778	mod_ratio	90	A	AAACA	ok	True
chr12	12821709	12821710	+	0.425743	mod_ratio	102	A	AAACC	ok	True
chr12	12822699	12822700	+	0.273585	mod_ratio	108	A	AAACA	ok	True
chr12	12823909	12823910	+	0.392857	mod_ratio	114	A	AAACT	ok	True
chr12	12823953	12823954	+	0.206897	mod_ratio	117	A	GAACA	ok	True
chr12	12824624	12824625	+	0.319672	mod_ratio	124	A	GGACA	ok	True
chr12	12826023	12826024	+	0.308943	mod_ratio	128	A	GAACA	ok	True
chr12	12827293	12827294	+	0.583333	mod_ratio	138	A	AAACT	ok	True
chr12	12829634	12829635	+	0.409639	mod_ratio	166	A	AGACT	ok	True
chr12	12829893	12829894	+	0.227848	mod_ratio	160	A	GGACA	ok	True
chr12	12829914	12829915	+	0.2	mod_ratio	151	A	AAACC	ok	True
chr12	12829940	12829941	+	0.283465	mod_ratio	140	A	AAACT	ok	True
chr12	12829951	12829952	+	0.239669	mod_ratio	127	A	AAACA	ok	True
chr12	15882718	15882719	+	0.174129	mod_ratio	203	A	AGACA	ok	True
chr12	15883547	15883548	+	0.144279	mod_ratio	205	A	AAACC	ok	True
chr12	15883576	15883577	+	0.383495	mod_ratio	209	A	AGACT	ok	True
chr12	15883587	15883588	+	0.15942	mod_ratio	211	A	GAACA	ok	True
chr12	15889978	15889979	+	0.410256	mod_ratio	236	A	AAACA	ok	True
chr12	15889991	15889992	+	0.111588	mod_ratio	236	A	AGACT	ok	True
chr12	15890622	15890623	+	0.236287	mod_ratio	242	A	GGACA	ok	True
chr12	15890631	15890632	+	0.189076	mod_ratio	244	A	AAACT	ok	True
chr12	15890654	15890655	+	0.286307	mod_ratio	244	A	GAACA	ok	True
chr12	15894047	15894048	+	0.139918	mod_ratio	247	A	GAACC	ok	True
chr12	15894110	15894111	+	0.62249	mod_ratio	253	A	AAACA	ok	True
chr12	15897886	15897887	+	0.10728	mod_ratio	265	A	GGACC	ok	True
chr12	15897980	15897981	+	0.404412	mod_ratio	274	A	AAACT	ok	True
chr12	15899916	15899917	+	0.151408	mod_ratio	285	A	GGACA	ok	True
chr12	15899989	15899990	+	0.123711	mod_ratio	292	A	GAACA	ok	True
chr12	15899997	15899998	+	0.202749	mod_ratio	299	A	AGACT	ok	True
chr12	15900007	15900008	+	0.101351	mod_ratio	300	A	AAACT	ok	True
chr12	15900993	15900994	+	0.199346	mod_ratio	308	A	AGACA	ok	True
chr12	15903017	15903018	+	0.224615	mod_ratio	331	A	AAACA	ok	True
chr12	15903074	15903075	+	0.543284	mod_ratio	340	A	AAACA	ok	True
chr12	15903118	15903119	+	0.162722	mod_ratio	344	A	GAACA	ok	True
chr12	15903153	15903154	+	0.142442	mod_ratio	349	A	AAACT	ok	True
chr12	15903301	15903302	+	0.147139	mod_ratio	372	A	AAACT	ok	True
chr12	15903430	15903431	+	0.10585	mod_ratio	366	A	GAACA	ok	True
chr12	15962838	15962839	+	0.282353	mod_ratio	85	A	AGACT	ok	True
chr12	16036367	16036368	+	0.43	mod_ratio	100	A	GGACA	ok	True
chr12	16036879	16036880	+	0.573913	mod_ratio	116	A	GAACT	ok	True
chr12	16036902	16036903	+	0.387931	mod_ratio	117	A	AAACT	ok	True
chr12	16037067	16037068	+	0.555556	mod_ratio	117	A	AAACC	ok	True
chr12	16037172	16037173	+	0.367521	mod_ratio	118	A	AAACT	ok	True
chr12	16357670	16357671	+	0.329545	mod_ratio	268	A	GAACA	ok	True
chr12	16364151	16364152	+	0.114198	mod_ratio	329	A	GAACT	ok	True
chr12	16364379	16364380	+	0.718182	mod_ratio	334	A	AAACA	ok	True
chr12	21635367	21635368	-	0.14759	mod_ratio	2437	T	TGTTC	ok	True
chr12	21635509	21635510	-	0.500974	mod_ratio	2582	T	AGTTT	ok	True
chr12	21635569	21635570	-	0.271103	mod_ratio	2663	T	TGTCC	ok	True
chr12	21638404	21638405	-	0.649254	mod_ratio	2442	T	AGTTC	ok	True
chr12	21642012	21642013	-	0.157098	mod_ratio	2281	T	AGTTT	ok	True
chr12	21642078	21642079	-	0.879873	mod_ratio	2226	T	TGTTT	ok	True
chr12	21642096	21642097	-	0.614227	mod_ratio	2218	T	AGTTT	ok	True
chr12	21642121	21642122	-	0.454211	mod_ratio	2196	T	TGTCC	ok	True
chr12	21646922	21646923	-	0.352028	mod_ratio	2018	T	TGTCT	ok	True
chr12	21647001	21647002	-	0.270951	mod_ratio	1968	T	AGTTC	ok	True
chr12	21654609	21654610	-	0.208333	mod_ratio	1861	T	TGTTT	ok	True
chr12	26914430	26914431	-	0.851852	mod_ratio	27	T	GGTTT	ok	True
chr12	26974088	26974089	-	0.335294	mod_ratio	172	T	TGTTT	ok	True
chr12	26975501	26975502	-	0.187097	mod_ratio	155	T	AGTTT	ok	True
chr12	26975653	26975654	-	0.182482	mod_ratio	137	T	TGTTC	ok	True
chr12	26982791	26982792	-	0.709091	mod_ratio	55	T	TGTCC	ok	True
chr12	26995366	26995367	-	0.674419	mod_ratio	44	T	AGTCC	ok	True
chr12	27027381	27027382	+	0.637681	mod_ratio	69	A	GAACA	ok	True
chr12	27029112	27029113	+	0.5625	mod_ratio	48	A	GAACT	ok	True
chr12	27716330	27716331	+	0.307018	mod_ratio	114	A	GGACT	ok	True
chr12	27716367	27716368	+	0.219298	mod_ratio	114	A	AAACC	ok	True
chr12	27735499	27735500	+	0.548872	mod_ratio	135	A	AAACT	ok	True
chr12	27735524	27735525	+	0.503704	mod_ratio	135	A	AGACC	ok	True
chr12	27755207	27755208	+	0.390071	mod_ratio	141	A	AGACT	ok	True
chr12	27755639	27755640	+	0.261194	mod_ratio	138	A	AGACT	ok	True
chr12	27755921	27755922	+	0.638554	mod_ratio	169	A	AAACA	ok	True
chr12	27756165	27756166	+	0.149425	mod_ratio	175	A	GAACT	ok	True
chr12	29340789	29340790	-	0.767442	mod_ratio	46	T	TGTTT	ok	True
chr12	29340813	29340814	-	0.531915	mod_ratio	47	T	AGTTT	ok	True
chr12	32743541	32743542	+	0.757576	mod_ratio	33	A	AAACT	ok	True
chr12	32747081	32747082	-	0.430769	mod_ratio	68	T	AGTCC	ok	True
chr12	32747121	32747122	-	0.485294	mod_ratio	68	T	GGTCT	ok	True
chr12	32747284	32747285	-	0.350649	mod_ratio	78	T	TGTCC	ok	True
chr12	32753986	32753987	-	0.416667	mod_ratio	61	T	TGTTT	ok	True
chr12	32755323	32755324	-	0.534884	mod_ratio	43	T	AGTCC	ok	True
chr12	42312831	42312832	-	0.469388	mod_ratio	49	T	GGTCT	ok	True
chr12	42313977	42313978	-	0.216981	mod_ratio	106	T	TGTCC	ok	True
chr12	42317373	42317374	-	0.660377	mod_ratio	106	T	AGTTT	ok	True
chr12	42317789	42317790	-	0.317308	mod_ratio	104	T	TGTTT	ok	True
chr12	42351922	42351923	+	0.738095	mod_ratio	42	A	AAACC	ok	True
chr12	42351936	42351937	+	0.642857	mod_ratio	42	A	AGACA	ok	True
chr12	42393576	42393577	+	0.444444	mod_ratio	63	A	AGACA	ok	True
chr12	42393604	42393605	+	0.444444	mod_ratio	63	A	GAACT	ok	True
chr12	42398905	42398906	+	0.875	mod_ratio	64	A	AAACA	ok	True
chr12	42441650	42441651	+	0.413793	mod_ratio	60	A	AAACA	ok	True
chr12	42441935	42441936	+	0.642857	mod_ratio	53	A	AAACT	ok	True
chr12	43793770	43793771	-	0.555556	mod_ratio	82	T	TGTCC	ok	True
chr12	43793937	43793938	-	0.316456	mod_ratio	80	T	AGTTT	ok	True
chr12	43794157	43794158	-	0.369863	mod_ratio	74	T	TGTCT	ok	True
chr12	43794231	43794232	-	0.535211	mod_ratio	71	T	TGTTT	ok	True
chr12	43794652	43794653	-	0.528571	mod_ratio	71	T	TGTTT	ok	True
chr12	43794688	43794689	-	0.887324	mod_ratio	71	T	TGTTT	ok	True
chr12	43794886	43794887	-	0.720588	mod_ratio	68	T	TGTTT	ok	True
chr12	43794928	43794929	-	0.882353	mod_ratio	68	T	TGTTT	ok	True
chr12	43795260	43795261	-	0.649123	mod_ratio	57	T	AGTTT	ok	True
chr12	43795569	43795570	-	0.8	mod_ratio	47	T	TGTTT	ok	True
chr12	43795604	43795605	-	0.533333	mod_ratio	45	T	AGTTT	ok	True
chr12	46188870	46188871	-	0.4	mod_ratio	74	T	TGTTT	ok	True
chr12	46188949	46188950	-	0.451613	mod_ratio	70	T	TGTTT	ok	True
chr12	46229597	46229598	-	0.72973	mod_ratio	38	T	TGTTT	ok	True
chr12	47964404	47964405	+	0.2375	mod_ratio	162	A	GGACA	ok	True
chr12	47965343	47965344	+	0.390533	mod_ratio	170	A	GAACG	ok	False
chr12	47965971	47965972	+	0.153846	mod_ratio	197	A	AGACT	ok	True
chr12	47966107	47966108	+	0.310345	mod_ratio	208	A	GAACT	ok	True
chr12	47966714	47966715	+	0.150215	mod_ratio	236	A	GGACC	ok	True
chr12	47968133	47968134	+	0.171548	mod_ratio	247	A	GAACT	ok	True
chr12	47968303	47968304	+	0.361217	mod_ratio	268	A	GGACC	ok	True
chr12	47968359	47968360	+	0.302583	mod_ratio	274	A	AAACA	ok	True
chr12	47968384	47968385	+	0.922509	mod_ratio	274	A	AAACA	ok	True
chr12	47968555	47968556	+	0.19403	mod_ratio	202	A	AAACC	ok	True
chr12	47968642	47968643	+	0.46798	mod_ratio	205	A	GGACC	ok	True
chr12	47968665	47968666	+	0.189055	mod_ratio	204	A	AAACA	ok	True
chr12	48141373	48141374	+	0.525424	mod_ratio	59	A	GGACT	ok	True
chr12	48141763	48141764	+	0.711864	mod_ratio	60	A	GAACA	ok	True
chr12	48141933	48141934	+	0.384615	mod_ratio	67	A	GAACT	ok	True
chr12	48145091	48145092	+	0.25	mod_ratio	93	A	GAACT	ok	True
chr12	48145299	48145300	+	0.23	mod_ratio	101	A	GGACC	ok	True
chr12	48145596	48145597	+	0.4	mod_ratio	105	A	AAACT	ok	True
chr12	48653963	48653964	-	0.642857	mod_ratio	44	T	TGTTT	ok	True
chr12	48830549	48830550	-	0.666667	mod_ratio	39	T	AGTTC	ok	True
chr12	48938938	48938939	-	0.673913	mod_ratio	46	T	TGTCT	ok	True
chr12	48939661	48939662	-	0.829268	mod_ratio	43	T	TGTTT	ok	True
chr12	48941004	48941005	-	0.676471	mod_ratio	34	T	GGTCT	ok	True
chr12	49002627	49002628	-	0.247312	mod_ratio	96	T	AGTTC	ok	True
chr12	49128138	49128139	-	0.488643	mod_ratio	3274	T	GGTCC	ok	True
chr12	49128461	49128462	-	0.360144	mod_ratio	2799	T	TGTTC	ok	True
chr12	49128666	49128667	-	0.184647	mod_ratio	2441	T	GGTTT	ok	True
chr12	49128699	49128700	-	0.136815	mod_ratio	2340	T	TGTCT	ok	True
chr12	49128880	49128881	-	0.340332	mod_ratio	2083	T	AGTTC	ok	True
chr12	49129257	49129258	-	0.433215	mod_ratio	2007	T	GGTCC	ok	True
chr12	49129512	49129513	-	0.2759	mod_ratio	1821	T	GGTTC	ok	True
chr12	49129519	49129520	-	0.113586	mod_ratio	1821	T	AGTCT	ok	True
chr12	49129604	49129605	-	0.222025	mod_ratio	1704	T	GGTCT	ok	True
chr12	49265097	49265098	+	0.296552	mod_ratio	289	A	GGACT	ok	True
chr12	49269581	49269582	+	0.265896	mod_ratio	351	A	AGACC	ok	True
chr12	49269666	49269667	+	0.129834	mod_ratio	368	A	AGACT	ok	True
chr12	49269673	49269674	+	0.247253	mod_ratio	368	A	GAACC	ok	True
chr12	49269959	49269960	+	0.488943	mod_ratio	417	A	GGACC	ok	True
chr12	49272309	49272310	+	0.372365	mod_ratio	435	A	GAACT	ok	True
chr12	49272490	49272491	+	0.116327	mod_ratio	493	A	AGACA	ok	True
chr12	49272523	49272524	+	0.164032	mod_ratio	514	A	AAACC	ok	True
chr12	49272728	49272729	+	0.261101	mod_ratio	567	A	GAACA	ok	True
chr12	49273051	49273052	+	0.466354	mod_ratio	643	A	GGACC	ok	True
chr12	49273263	49273264	+	0.551053	mod_ratio	627	A	GAACT	ok	True
chr12	49323858	49323859	+	0.457627	mod_ratio	118	A	AAACC	ok	True
chr12	49323968	49323969	+	0.26087	mod_ratio	139	A	GAACC	ok	True
chr12	49324033	49324034	+	0.323944	mod_ratio	143	A	AGACA	ok	True
chr12	49324307	49324308	+	0.352941	mod_ratio	136	A	AGACC	ok	True
chr12	49460874	49460875	+	0.742857	mod_ratio	36	A	GAACA	ok	True
chr12	49558408	49558409	-	0.197183	mod_ratio	144	T	TGTTT	ok	True
chr12	49558460	49558461	-	0.227586	mod_ratio	147	T	GGTTC	ok	True
chr12	49558570	49558571	-	0.17931	mod_ratio	146	T	AGTTC	ok	True
chr12	49559217	49559218	-	0.307692	mod_ratio	118	T	TGTTT	ok	True
chr12	49559765	49559766	-	0.45098	mod_ratio	103	T	AGTTC	ok	True
chr12	49559771	49559772	-	0.257426	mod_ratio	103	T	TGTTC	ok	True
chr12	49564814	49564815	-	0.815385	mod_ratio	65	T	TGTTT	ok	True
chr12	49564841	49564842	-	0.555556	mod_ratio	64	T	AGTCC	ok	True
chr12	49752490	49752491	+	0.177419	mod_ratio	186	A	GAACC	ok	True
chr12	49755706	49755707	+	0.299539	mod_ratio	217	A	AAACT	ok	True
chr12	49755711	49755712	+	0.375	mod_ratio	217	A	GAACA	ok	True
chr12	49755726	49755727	+	0.247706	mod_ratio	218	A	GGACT	ok	True
chr12	49759297	49759298	+	0.148936	mod_ratio	237	A	GAACA	ok	True
chr12	49762923	49762924	+	0.388646	mod_ratio	232	A	AGACT	ok	True
chr12	49763469	49763470	+	0.525424	mod_ratio	59	A	AAACA	ok	True
chr12	49763662	49763663	+	0.407895	mod_ratio	78	A	AAACT	ok	True
chr12	49763981	49763982	+	0.336842	mod_ratio	101	A	GGACA	ok	True
chr12	49764635	49764636	+	0.202614	mod_ratio	153	A	AAACT	ok	True
chr12	49764685	49764686	+	0.683871	mod_ratio	155	A	AAACA	ok	True
chr12	49764739	49764740	+	0.654762	mod_ratio	86	A	AAACA	ok	True
chr12	49989214	49989215	-	0.676923	mod_ratio	70	T	TGTTT	ok	True
chr12	49989806	49989807	-	0.525424	mod_ratio	59	T	GGTCT	ok	True
chr12	50112233	50112234	+	0.19708	mod_ratio	143	A	AGACA	ok	True
chr12	50112845	50112846	+	0.820513	mod_ratio	39	A	AGACC	ok	True
chr12	50120038	50120039	+	0.420875	mod_ratio	303	A	GGACA	ok	True
chr12	50120325	50120326	+	0.137615	mod_ratio	327	A	AAACC	ok	True
chr12	50175824	50175825	-	0.618182	mod_ratio	56	T	TGTTT	ok	True
chr12	50175857	50175858	-	0.410714	mod_ratio	56	T	TGTTT	ok	True
chr12	50176484	50176485	-	0.731707	mod_ratio	41	T	AGTTT	ok	True
chr12	50176662	50176663	-	0.702703	mod_ratio	37	T	TGTTT	ok	True
chr12	51238911	51238912	+	0.772727	mod_ratio	44	A	GAACA	ok	True
chr12	51242414	51242415	+	0.531646	mod_ratio	80	A	GAACT	ok	True
chr12	51242461	51242462	+	0.337349	mod_ratio	84	A	GAACC	ok	True
chr12	51242558	51242559	+	0.551724	mod_ratio	89	A	AGACA	ok	True
chr12	51242776	51242777	+	0.265306	mod_ratio	100	A	AAACA	ok	True
chr12	51242799	51242800	+	0.33	mod_ratio	101	A	GAACT	ok	True
chr12	51243205	51243206	+	0.579439	mod_ratio	109	A	GAACC	ok	True
chr12	51243237	51243238	+	0.277778	mod_ratio	111	A	AAACT	ok	True
chr12	51243383	51243384	+	0.389831	mod_ratio	120	A	AAACT	ok	True
chr12	52235190	52235191	+	0.257143	mod_ratio	140	A	AGACC	ok	True
chr12	52235353	52235354	+	0.270968	mod_ratio	158	A	GGACT	ok	True
chr12	52241526	52241527	+	0.3125	mod_ratio	181	A	GGACA	ok	True
chr12	52241544	52241545	+	0.143646	mod_ratio	186	A	GGACC	ok	True
chr12	52241630	52241631	+	0.446078	mod_ratio	205	A	AGACC	ok	True
chr12	52243017	52243018	+	0.196078	mod_ratio	205	A	AGACC	ok	True
chr12	52243087	52243088	+	0.143498	mod_ratio	227	A	GAACC	ok	True
chr12	52243132	52243133	+	0.161572	mod_ratio	232	A	GAACC	ok	True
chr12	52245557	52245558	+	0.447458	mod_ratio	296	A	GAACT	ok	True
chr12	52245583	52245584	+	0.148148	mod_ratio	299	A	GGACA	ok	True
chr12	52248652	52248653	+	0.363057	mod_ratio	316	A	GAACC	ok	True
chr12	52248724	52248725	+	0.127726	mod_ratio	323	A	GGACC	ok	True
chr12	52248845	52248846	+	0.207547	mod_ratio	321	A	AGACA	ok	True
chr12	52248853	52248854	+	0.305994	mod_ratio	318	A	AGACA	ok	True
chr12	52897209	52897210	-	0.252935	mod_ratio	1030	T	GGTTT	ok	True
chr12	52897333	52897334	-	0.172498	mod_ratio	1235	T	GGTCT	ok	True
chr12	52897340	52897341	-	0.229642	mod_ratio	1238	T	TGTTC	ok	True
chr12	52897426	52897427	-	0.338259	mod_ratio	1224	T	TGTTC	ok	True
chr12	52898478	52898479	-	0.36511	mod_ratio	1088	T	GGTCT	ok	True
chr12	52898726	52898727	-	0.115822	mod_ratio	983	T	TGTCC	ok	True
chr12	52898783	52898784	-	0.110043	mod_ratio	947	T	TGTCC	ok	True
chr12	52899823	52899824	-	0.114754	mod_ratio	818	T	GGTTC	ok	True
chr12	52899842	52899843	-	0.255373	mod_ratio	799	T	AGTCT	ok	True
chr12	52899985	52899986	-	0.137771	mod_ratio	666	T	TGTCC	ok	True
chr12	52899991	52899992	-	0.139752	mod_ratio	660	T	TGTCC	ok	True
chr12	52900009	52900010	-	0.349359	mod_ratio	647	T	TGTCC	ok	True
chr12	52900033	52900034	-	0.174326	mod_ratio	637	T	TGTCC	ok	True
chr12	52901875	52901876	-	0.226453	mod_ratio	517	T	AGTCC	ok	True
chr12	52901939	52901940	-	0.271949	mod_ratio	487	T	AGTCT	ok	True
chr12	52901986	52901987	-	0.267442	mod_ratio	448	T	TGTCC	ok	True
chr12	52902035	52902036	-	0.232843	mod_ratio	427	T	GGTCT	ok	True
chr12	52904661	52904662	-	0.107769	mod_ratio	401	T	TGTCT	ok	True
chr12	52949168	52949169	+	0.144007	mod_ratio	1151	A	GGACA	ok	True
chr12	52949419	52949420	+	0.206494	mod_ratio	1555	A	AGACC	ok	True
chr12	52949459	52949460	+	0.140152	mod_ratio	1603	A	GGACA	ok	True
chr12	52949479	52949480	+	0.518125	mod_ratio	1622	A	AGACC	ok	True
chr12	52949486	52949487	+	0.138318	mod_ratio	1625	A	GAACC	ok	True
chr12	52949546	52949547	+	0.280024	mod_ratio	1667	A	AGACT	ok	True
chr12	52950346	52950347	+	0.347493	mod_ratio	1710	A	GGACA	ok	True
chr12	52950756	52950757	+	0.240182	mod_ratio	1772	A	AGACA	ok	True
chr12	52950849	52950850	+	0.180578	mod_ratio	1897	A	AGACA	ok	True
chr12	52950895	52950896	+	0.639191	mod_ratio	1944	A	GAACC	ok	True
chr12	52951553	52951554	+	0.103159	mod_ratio	2038	A	GGACC	ok	True
chr12	52951574	52951575	+	0.106863	mod_ratio	2071	A	AGACA	ok	True
chr12	52951610	52951611	+	0.124118	mod_ratio	2157	A	GAACC	ok	True
chr12	52951625	52951626	+	0.198144	mod_ratio	2168	A	AGACA	ok	True
chr12	52951839	52951840	+	0.579347	mod_ratio	2258	A	GGACT	ok	True
chr12	52952134	52952135	+	0.29115	mod_ratio	2275	A	GAACA	ok	True
chr12	52952223	52952224	+	0.121317	mod_ratio	2331	A	AGACC	ok	True
chr12	52952237	52952238	+	0.205781	mod_ratio	2332	A	GGACA	ok	True
chr12	52952272	52952273	+	0.16416	mod_ratio	2339	A	GAACA	ok	True
chr12	52952335	52952336	+	0.123557	mod_ratio	2348	A	GGACT	ok	True
chr12	52952738	52952739	+	0.535699	mod_ratio	2353	A	GGACA	ok	True
chr12	52952758	52952759	+	0.253202	mod_ratio	2352	A	AAACC	ok	True
chr12	52952770	52952771	+	0.397009	mod_ratio	2350	A	AGACC	ok	True
chr12	52952812	52952813	+	0.276321	mod_ratio	2337	A	AGACC	ok	True
chr12	53018950	53018951	+	0.515152	mod_ratio	76	A	AAACC	ok	True
chr12	53027805	53027806	+	0.364865	mod_ratio	76	A	AGACC	ok	True
chr12	53028107	53028108	+	0.398148	mod_ratio	109	A	AGACC	ok	True
chr12	53033824	53033825	+	0.292035	mod_ratio	113	A	AAACT	ok	True
chr12	53034611	53034612	+	0.176056	mod_ratio	143	A	AGACA	ok	True
chr12	53034660	53034661	+	0.270833	mod_ratio	146	A	GGACA	ok	True
chr12	53034687	53034688	+	0.253425	mod_ratio	147	A	GGACC	ok	True
chr12	53037449	53037450	+	0.269231	mod_ratio	157	A	AAACA	ok	True
chr12	53037490	53037491	+	0.484277	mod_ratio	159	A	AAACC	ok	True
chr12	53037597	53037598	+	0.165644	mod_ratio	163	A	AGACA	ok	True
chr12	53039285	53039286	+	0.286517	mod_ratio	180	A	GAACT	ok	True
chr12	53039315	53039316	+	0.254144	mod_ratio	181	A	GAACA	ok	True
chr12	53039321	53039322	+	0.18232	mod_ratio	181	A	AGACC	ok	True
chr12	53039652	53039653	+	0.138889	mod_ratio	181	A	AGACT	ok	True
chr12	53040223	53040224	+	0.235955	mod_ratio	181	A	AGACC	ok	True
chr12	53040268	53040269	+	0.162011	mod_ratio	180	A	GAACA	ok	True
chr12	53040288	53040289	+	0.207865	mod_ratio	182	A	AAACC	ok	True
chr12	53040315	53040316	+	0.353982	mod_ratio	166	A	AAACT	ok	True
chr12	53040658	53040659	+	0.61194	mod_ratio	67	A	AAACA	ok	True
chr12	53040962	53040963	+	0.609756	mod_ratio	82	A	AAACA	ok	True
chr12	53041052	53041053	+	0.470588	mod_ratio	86	A	AAACA	ok	True
chr12	53041106	53041107	+	0.470588	mod_ratio	87	A	AAACT	ok	True
chr12	53041119	53041120	+	0.294118	mod_ratio	86	A	AGACT	ok	True
chr12	53041371	53041372	+	0.242991	mod_ratio	109	A	GGACA	ok	True
chr12	53041377	53041378	+	0.224299	mod_ratio	109	A	GGACA	ok	True
chr12	53041486	53041487	+	0.327434	mod_ratio	117	A	AGACC	ok	True
chr12	53041596	53041597	+	0.440678	mod_ratio	120	A	AAACT	ok	True
chr12	53041658	53041659	+	0.744186	mod_ratio	130	A	AAACA	ok	True
chr12	53041784	53041785	+	0.548872	mod_ratio	135	A	GGACA	ok	True
chr12	53042031	53042032	+	0.22069	mod_ratio	146	A	AAACA	ok	True
chr12	53295926	53295927	+	0.102273	mod_ratio	529	A	GAACA	ok	True
chr12	53297903	53297904	+	0.253448	mod_ratio	588	A	GAACT	ok	True
chr12	53298145	53298146	+	0.294314	mod_ratio	599	A	AAACA	ok	True
chr12	53299372	53299373	+	0.330523	mod_ratio	596	A	GGACA	ok	True
chr12	53303164	53303165	+	0.491525	mod_ratio	60	A	GGACA	ok	True
chr12	53306705	53306706	+	0.445652	mod_ratio	92	A	GAACT	ok	True
chr12	53307620	53307621	-	0.382353	mod_ratio	68	T	GGTTC	ok	True
chr12	53446316	53446317	+	0.430556	mod_ratio	221	A	GAACT	ok	True
chr12	53446421	53446422	+	0.167598	mod_ratio	185	A	AAACC	ok	True
chr12	53446565	53446566	+	0.714286	mod_ratio	178	A	GAACC	ok	True
chr12	53479514	53479515	+	0.621622	mod_ratio	38	A	GAACA	ok	True
chr12	53665193	53665194	-	0.216922	mod_ratio	1263	T	TGTCT	ok	True
chr12	53665425	53665426	-	0.108877	mod_ratio	1459	T	GGTTC	ok	True
chr12	53669181	53669182	-	0.341679	mod_ratio	1433	T	AGTTC	ok	True
chr12	53669258	53669259	-	0.100564	mod_ratio	1076	T	TGTCC	ok	True
chr12	54252077	54252078	-	0.756757	mod_ratio	38	T	TGTTT	ok	True
chr12	54281402	54281403	+	0.227273	mod_ratio	523	A	GAACA	ok	True
chr12	54281442	54281443	+	0.328922	mod_ratio	538	A	AAACA	ok	True
chr12	54281494	54281495	+	0.103261	mod_ratio	555	A	GGACT	ok	True
chr12	54281810	54281811	+	0.579606	mod_ratio	569	A	AAACA	ok	True
chr12	54281916	54281917	+	0.318328	mod_ratio	632	A	GAACC	ok	True
chr12	54282100	54282101	+	0.203175	mod_ratio	635	A	AGACC	ok	True
chr12	54282153	54282154	+	0.125	mod_ratio	657	A	AGACA	ok	True
chr12	54282590	54282591	+	0.20529	mod_ratio	806	A	AAACT	ok	True
chr12	54282650	54282651	+	0.161567	mod_ratio	832	A	AAACT	ok	True
chr12	54283139	54283140	+	0.605634	mod_ratio	72	A	GGACA	ok	True
chr12	54283881	54283882	+	0.21676	mod_ratio	919	A	GGACC	ok	True
chr12	54283953	54283954	+	0.204521	mod_ratio	940	A	AAACC	ok	True
chr12	54283961	54283962	+	0.148547	mod_ratio	939	A	AAACC	ok	True
chr12	54284551	54284552	+	0.366627	mod_ratio	867	A	AAACA	ok	True
chr12	54284619	54284620	+	0.248864	mod_ratio	895	A	GAACT	ok	True
chr12	54284665	54284666	+	0.148358	mod_ratio	901	A	AGACA	ok	True
chr12	54284676	54284677	+	0.136054	mod_ratio	902	A	AGACA	ok	True
chr12	54284703	54284704	+	0.172067	mod_ratio	915	A	AAACT	ok	True
chr12	54284711	54284712	+	0.247216	mod_ratio	915	A	GGACT	ok	True
chr12	54285026	54285027	+	0.130699	mod_ratio	332	A	AAACC	ok	True
chr12	54285042	54285043	+	0.138973	mod_ratio	333	A	GAACT	ok	True
chr12	54340548	54340549	+	0.314286	mod_ratio	141	A	GAACC	ok	True
chr12	54340586	54340587	+	0.212766	mod_ratio	142	A	GGACA	ok	True
chr12	54342280	54342281	+	0.18	mod_ratio	152	A	GGACT	ok	True
chr12	54345481	54345482	+	0.236025	mod_ratio	162	A	GAACT	ok	True
chr12	54350495	54350496	+	0.12973	mod_ratio	188	A	GAACA	ok	True
chr12	54350782	54350783	+	0.336364	mod_ratio	221	A	AGACT	ok	True
chr12	54351110	54351111	+	0.243421	mod_ratio	155	A	GGACA	ok	True
chr12	54351197	54351198	+	0.274286	mod_ratio	179	A	AAACT	ok	True
chr12	54351314	54351315	+	0.142132	mod_ratio	197	A	AAACT	ok	True
chr12	54351376	54351377	+	0.360577	mod_ratio	210	A	GAACT	ok	True
chr12	54351557	54351558	+	0.112613	mod_ratio	222	A	AAACC	ok	True
chr12	54351794	54351795	+	0.442857	mod_ratio	215	A	AAACC	ok	True
chr12	54351807	54351808	+	0.280193	mod_ratio	210	A	AAACT	ok	True
chr12	55719175	55719176	+	0.140909	mod_ratio	222	A	AGACA	ok	True
chr12	55719541	55719542	+	0.141553	mod_ratio	220	A	GGACA	ok	True
chr12	55725476	55725477	-	0.940299	mod_ratio	323	T	GGTCT	ok	True
chr12	55726715	55726716	-	0.124464	mod_ratio	471	T	TGTCC	ok	True
chr12	55726739	55726740	-	0.135484	mod_ratio	467	T	TGTTT	ok	True
chr12	55727169	55727170	-	0.10049	mod_ratio	412	T	AGTTC	ok	True
chr12	55727324	55727325	-	0.563187	mod_ratio	366	T	AGTCC	ok	True
chr12	55757369	55757370	-	0.346821	mod_ratio	174	T	AGTTC	ok	True
chr12	55760567	55760568	-	0.432749	mod_ratio	174	T	GGTTC	ok	True
chr12	55760573	55760574	-	0.142012	mod_ratio	173	T	AGTTC	ok	True
chr12	55760622	55760623	-	0.407186	mod_ratio	169	T	AGTTT	ok	True
chr12	55790572	55790573	-	0.178344	mod_ratio	157	T	GGTTT	ok	True
chr12	55796029	55796030	-	0.205479	mod_ratio	147	T	AGTCT	ok	True
chr12	55800619	55800620	-	0.485075	mod_ratio	138	T	TGTTT	ok	True
chr12	55800858	55800859	-	0.507463	mod_ratio	134	T	TGTTT	ok	True
chr12	55803685	55803686	-	0.330579	mod_ratio	123	T	GGTCT	ok	True
chr12	55803719	55803720	-	0.669492	mod_ratio	119	T	AGTTC	ok	True
chr12	55819374	55819375	+	0.258333	mod_ratio	123	A	GGACA	ok	True
chr12	55820441	55820442	+	0.318966	mod_ratio	126	A	AAACA	ok	True
chr12	56042518	56042519	+	0.70922	mod_ratio	141	A	GGACA	ok	True
chr12	56042548	56042549	+	0.192857	mod_ratio	140	A	AAACA	ok	True
chr12	56042575	56042576	+	0.414286	mod_ratio	140	A	GGACA	ok	True
chr12	56043461	56043462	+	0.375887	mod_ratio	142	A	GGACC	ok	True
chr12	56104683	56104684	+	0.26455	mod_ratio	385	A	AGACA	ok	True
chr12	56104767	56104768	+	0.319307	mod_ratio	406	A	AAACT	ok	True
chr12	56106676	56106677	+	0.201835	mod_ratio	451	A	AAACA	ok	True
chr12	56107523	56107524	+	0.131387	mod_ratio	414	A	GGACC	ok	True
chr12	56109230	56109231	+	0.162413	mod_ratio	433	A	GAACA	ok	True
chr12	56109254	56109255	+	0.1373	mod_ratio	446	A	GAACA	ok	True
chr12	56109925	56109926	+	0.205074	mod_ratio	474	A	AGACC	ok	True
chr12	56110403	56110404	+	0.130977	mod_ratio	486	A	GGACC	ok	True
chr12	56110572	56110573	+	0.162055	mod_ratio	513	A	GGACA	ok	True
chr12	56110579	56110580	+	0.397233	mod_ratio	514	A	GAACC	ok	True
chr12	56110598	56110599	+	0.18677	mod_ratio	521	A	AGACC	ok	True
chr12	56110608	56110609	+	0.501923	mod_ratio	535	A	AAACA	ok	True
chr12	56110617	56110618	+	0.532443	mod_ratio	541	A	GGACT	ok	True
chr12	56110630	56110631	+	0.29368	mod_ratio	545	A	AAACT	ok	True
chr12	56111014	56111015	+	0.107325	mod_ratio	590	A	AAACA	ok	True
chr12	56111020	56111021	+	0.409864	mod_ratio	590	A	GAACT	ok	True
chr12	56111505	56111506	+	0.130508	mod_ratio	624	A	AAACC	ok	True
chr12	56112858	56112859	+	0.605932	mod_ratio	475	A	AAACA	ok	True
chr12	56112883	56112884	+	0.384134	mod_ratio	489	A	GGACT	ok	True
chr12	56112948	56112949	+	0.134694	mod_ratio	493	A	AGACT	ok	True
chr12	56112980	56112981	+	0.13442	mod_ratio	495	A	GGACC	ok	True
chr12	56113102	56113103	+	0.157143	mod_ratio	465	A	AGACT	ok	True
chr12	56113711	56113712	+	0.45614	mod_ratio	57	A	AGACT	ok	True
chr12	56113858	56113859	+	0.768421	mod_ratio	96	A	AAACA	ok	True
chr12	56116742	56116743	+	0.462857	mod_ratio	177	A	AAACT	ok	True
chr12	56116776	56116777	+	0.109907	mod_ratio	6366	A	AAACC	ok	True
chr12	56116885	56116886	+	0.907143	mod_ratio	140	A	GAACT	ok	True
chr12	56117524	56117525	+	0.163907	mod_ratio	6677	A	AAACC	ok	True
chr12	56117683	56117684	+	0.123248	mod_ratio	7314	A	AGACC	ok	True
chr12	56155505	56155506	+	0.35443	mod_ratio	83	A	GGACT	ok	True
chr12	56157707	56157708	+	0.578947	mod_ratio	97	A	AAACA	ok	True
chr12	56158699	56158700	+	0.243011	mod_ratio	942	A	AGACC	ok	True
chr12	56158704	56158705	+	0.162191	mod_ratio	942	A	AGACC	ok	True
chr12	56159618	56159619	+	0.408638	mod_ratio	910	A	GAACA	ok	True
chr12	56159715	56159716	+	0.138686	mod_ratio	976	A	GAACC	ok	True
chr12	56159995	56159996	+	0.108736	mod_ratio	1090	A	GGACT	ok	True
chr12	56160024	56160025	+	0.105647	mod_ratio	1112	A	AGACA	ok	True
chr12	56160043	56160044	+	0.107939	mod_ratio	1135	A	GGACC	ok	True
chr12	56160074	56160075	+	0.153581	mod_ratio	1174	A	GGACT	ok	True
chr12	56160293	56160294	+	0.318108	mod_ratio	1240	A	GGACA	ok	True
chr12	56161417	56161418	+	0.123517	mod_ratio	1446	A	GGACC	ok	True
chr12	56161560	56161561	+	0.502732	mod_ratio	1077	A	AAACT	ok	True
chr12	56225489	56225490	+	0.403509	mod_ratio	62	A	GGACA	ok	True
chr12	56229316	56229317	+	0.351648	mod_ratio	92	A	GAACT	ok	True
chr12	56229724	56229725	+	0.293478	mod_ratio	98	A	AAACT	ok	True
chr12	56271790	56271791	-	0.231405	mod_ratio	122	T	TGTCC	ok	True
chr12	56271808	56271809	-	0.483607	mod_ratio	122	T	GGTTC	ok	True
chr12	56272281	56272282	-	0.435897	mod_ratio	80	T	AGTTC	ok	True
chr12	56310440	56310441	-	0.45614	mod_ratio	149	T	GGTTT	ok	True
chr12	56310550	56310551	-	0.33871	mod_ratio	187	T	GGTTC	ok	True
chr12	56310960	56310961	-	0.395722	mod_ratio	189	T	TGTTC	ok	True
chr12	56310976	56310977	-	0.367021	mod_ratio	191	T	AGTTT	ok	True
chr12	56311021	56311022	-	0.322581	mod_ratio	190	T	AGTTC	ok	True
chr12	56311262	56311263	-	0.21547	mod_ratio	182	T	GGTCC	ok	True
chr12	56311267	56311268	-	0.403315	mod_ratio	181	T	AGTTC	ok	True
chr12	56311336	56311337	-	0.280899	mod_ratio	178	T	TGTTC	ok	True
chr12	56314906	56314907	-	0.175926	mod_ratio	217	T	GGTCT	ok	True
chr12	56314917	56314918	-	0.167442	mod_ratio	216	T	GGTCC	ok	True
chr12	56314943	56314944	-	0.338028	mod_ratio	216	T	AGTTC	ok	True
chr12	56315168	56315169	-	0.200957	mod_ratio	210	T	GGTTC	ok	True
chr12	56315928	56315929	-	0.155844	mod_ratio	160	T	TGTCC	ok	True
chr12	56315973	56315974	-	0.440945	mod_ratio	139	T	TGTCC	ok	True
chr12	56417144	56417145	-	0.884615	mod_ratio	31	T	TGTTT	ok	True
chr12	56638214	56638215	-	0.340261	mod_ratio	1805	T	TGTTC	ok	True
chr12	56639135	56639136	-	0.193565	mod_ratio	2004	T	GGTCT	ok	True
chr12	56639259	56639260	-	0.173821	mod_ratio	1916	T	AGTTC	ok	True
chr12	56639305	56639306	-	0.110211	mod_ratio	1853	T	AGTCC	ok	True
chr12	56640061	56640062	-	0.186374	mod_ratio	1791	T	AGTCT	ok	True
chr12	56642739	56642740	-	0.104818	mod_ratio	1194	T	GGTCT	ok	True
chr12	56642801	56642802	-	0.376419	mod_ratio	1164	T	GGTTC	ok	True
chr12	56644782	56644783	-	0.184699	mod_ratio	919	T	TGTTT	ok	True
chr12	56644847	56644848	-	0.223543	mod_ratio	851	T	AGTCT	ok	True
chr12	56645198	56645199	-	0.15978	mod_ratio	737	T	AGTCT	ok	True
chr12	56645203	56645204	-	0.29436	mod_ratio	734	T	GGTCT	ok	True
chr12	56645246	56645247	-	0.137255	mod_ratio	719	T	AGTCC	ok	True
chr12	56645332	56645333	-	0.285294	mod_ratio	687	T	TGTTT	ok	True
chr12	56663611	56663612	-	0.145585	mod_ratio	489	T	AGTTT	ok	True
chr12	56663671	56663672	-	0.223529	mod_ratio	514	T	GGTTT	ok	True
chr12	56664064	56664065	-	0.137255	mod_ratio	468	T	TGTTC	ok	True
chr12	56664182	56664183	-	0.190588	mod_ratio	430	T	TGTTT	ok	True
chr12	56664251	56664252	-	0.145278	mod_ratio	417	T	TGTTC	ok	True
chr12	56666258	56666259	-	0.166667	mod_ratio	412	T	TGTTC	ok	True
chr12	56670326	56670327	-	0.111702	mod_ratio	378	T	AGTCT	ok	True
chr12	56672962	56672963	-	0.201729	mod_ratio	352	T	AGTTT	ok	True
chr12	56672999	56673000	-	0.110145	mod_ratio	350	T	TGTCT	ok	True
chr12	56712816	56712817	-	0.153423	mod_ratio	2038	T	TGTTC	ok	True
chr12	56712879	56712880	-	0.207112	mod_ratio	2099	T	TGTCC	ok	True
chr12	56712898	56712899	-	0.205288	mod_ratio	2095	T	TGTTT	ok	True
chr12	56713096	56713097	-	0.130859	mod_ratio	2075	T	AGTCT	ok	True
chr12	56713104	56713105	-	0.367367	mod_ratio	2068	T	TGTTT	ok	True
chr12	56713116	56713117	-	0.367546	mod_ratio	2063	T	TGTTT	ok	True
chr12	56713593	56713594	-	0.207739	mod_ratio	1984	T	GGTTT	ok	True
chr12	56713671	56713672	-	0.11436	mod_ratio	1931	T	AGTTT	ok	True
chr12	56714391	56714392	-	0.122186	mod_ratio	1883	T	TGTTT	ok	True
chr12	56714409	56714410	-	0.133117	mod_ratio	1872	T	GGTTC	ok	True
chr12	56714678	56714679	-	0.65446	mod_ratio	1745	T	TGTTC	ok	True
chr12	56724454	56724455	-	0.101475	mod_ratio	1711	T	TGTCT	ok	True
chr12	56724499	56724500	-	0.149573	mod_ratio	1666	T	GGTTT	ok	True
chr12	56724985	56724986	-	0.648649	mod_ratio	37	T	AGTTC	ok	True
chr12	56743084	56743085	-	0.55814	mod_ratio	43	T	TGTTT	ok	True
chr12	57233259	57233260	+	0.519231	mod_ratio	104	A	GGACC	ok	True
chr12	57233868	57233869	+	0.242038	mod_ratio	159	A	AGACC	ok	True
chr12	57234277	57234278	+	0.248619	mod_ratio	184	A	AAACA	ok	True
chr12	57234387	57234388	+	0.133333	mod_ratio	195	A	AGACT	ok	True
chr12	57500331	57500332	+	0.541667	mod_ratio	48	A	GGACA	ok	True
chr12	57511751	57511752	+	0.426471	mod_ratio	69	A	GGACA	ok	True
chr12	57512759	57512760	+	0.536585	mod_ratio	83	A	GAACT	ok	True
chr12	57515162	57515163	+	0.354839	mod_ratio	125	A	GAACA	ok	True
chr12	57515295	57515296	+	0.412698	mod_ratio	128	A	AAACT	ok	True
chr12	57515320	57515321	+	0.269841	mod_ratio	128	A	GGACA	ok	True
chr12	57516333	57516334	+	0.307692	mod_ratio	130	A	AAACA	ok	True
chr12	57516438	57516439	+	0.358779	mod_ratio	132	A	AAACA	ok	True
chr12	57516502	57516503	+	0.367647	mod_ratio	136	A	AAACT	ok	True
chr12	57530642	57530643	-	0.318182	mod_ratio	155	T	AGTTC	ok	True
chr12	57530731	57530732	-	0.277778	mod_ratio	147	T	AGTTC	ok	True
chr12	57532769	57532770	-	0.198276	mod_ratio	118	T	GGTCT	ok	True
chr12	57533997	57533998	-	0.419048	mod_ratio	107	T	AGTTC	ok	True
chr12	57534038	57534039	-	0.316832	mod_ratio	103	T	GGTTT	ok	True
chr12	57748256	57748257	-	0.202247	mod_ratio	237	T	TGTTT	ok	True
chr12	57749486	57749487	-	0.11157	mod_ratio	245	T	AGTTT	ok	True
chr12	57750700	57750701	-	0.239316	mod_ratio	234	T	TGTCC	ok	True
chr12	57750987	57750988	-	0.222222	mod_ratio	208	T	TGTTC	ok	True
chr12	57751256	57751257	-	0.146739	mod_ratio	189	T	TGTCC	ok	True
chr12	57751270	57751271	-	0.423913	mod_ratio	184	T	GGTCT	ok	True
chr12	57751313	57751314	-	0.363128	mod_ratio	179	T	AGTTC	ok	True
chr12	57752259	57752260	-	0.361702	mod_ratio	147	T	GGTCC	ok	True
chr12	57786271	57786272	+	0.771429	mod_ratio	141	A	AAACA	ok	True
chr12	57787043	57787044	+	0.212766	mod_ratio	142	A	AAACT	ok	True
chr12	57787111	57787112	+	0.167832	mod_ratio	144	A	GAACC	ok	True
chr12	57793014	57793015	+	0.308725	mod_ratio	150	A	GGACT	ok	True
chr12	57796180	57796181	+	0.164474	mod_ratio	153	A	AAACT	ok	True
chr12	57796336	57796337	+	0.220859	mod_ratio	164	A	GAACA	ok	True
chr12	57796530	57796531	+	0.187135	mod_ratio	171	A	AGACT	ok	True
chr12	57796574	57796575	+	0.339181	mod_ratio	171	A	AAACT	ok	True
chr12	57796659	57796660	+	0.251572	mod_ratio	160	A	AAACC	ok	True
chr12	57796669	57796670	+	0.620253	mod_ratio	160	A	AGACC	ok	True
chr12	64713752	64713753	-	0.609756	mod_ratio	42	T	AGTTT	ok	True
chr12	66123966	66123967	-	0.410714	mod_ratio	56	T	GGTCT	ok	True
chr12	66137872	66137873	-	0.376623	mod_ratio	80	T	AGTTT	ok	True
chr12	66152313	66152314	-	0.691358	mod_ratio	82	T	TGTTT	ok	True
chr12	66153355	66153356	-	0.346154	mod_ratio	80	T	TGTCC	ok	True
chr12	67306538	67306539	+	0.385714	mod_ratio	76	A	AAACT	ok	True
chr12	67310040	67310041	+	0.392857	mod_ratio	86	A	AAACA	ok	True
chr12	67311759	67311760	+	0.809524	mod_ratio	86	A	GGACC	ok	True
chr12	67312615	67312616	+	0.416667	mod_ratio	87	A	AAACT	ok	True
chr12	67312849	67312850	+	0.237113	mod_ratio	98	A	GGACC	ok	True
chr12	67313042	67313043	+	0.376147	mod_ratio	112	A	AAACC	ok	True
chr12	67313084	67313085	+	0.518182	mod_ratio	113	A	AAACT	ok	True
chr12	68732707	68732708	+	0.711111	mod_ratio	46	A	AAACA	ok	True
chr12	69258839	69258840	+	0.833333	mod_ratio	36	A	GGACC	ok	True
chr12	69260095	69260096	+	0.526316	mod_ratio	59	A	AAACA	ok	True
chr12	69585508	69585509	+	0.192708	mod_ratio	195	A	GAACT	ok	True
chr12	69585518	69585519	+	0.153846	mod_ratio	195	A	GAACC	ok	True
chr12	69586805	69586806	+	0.15566	mod_ratio	213	A	GGACC	ok	True
chr12	69587577	69587578	+	0.410959	mod_ratio	220	A	AAACA	ok	True
chr12	69588188	69588189	+	0.167364	mod_ratio	242	A	AGACC	ok	True
chr12	69589547	69589548	+	0.193182	mod_ratio	270	A	AAACT	ok	True
chr12	69589567	69589568	+	0.233333	mod_ratio	275	A	AGACC	ok	True
chr12	69589604	69589605	+	0.527273	mod_ratio	278	A	AGACT	ok	True
chr12	69593028	69593029	+	0.167832	mod_ratio	306	A	GAACA	ok	True
chr12	69593533	69593534	+	0.608511	mod_ratio	238	A	GAACA	ok	True
chr12	69597213	69597214	+	0.359073	mod_ratio	260	A	AAACT	ok	True
chr12	69597246	69597247	+	0.361538	mod_ratio	261	A	AAACT	ok	True
chr12	69597732	69597733	+	0.153571	mod_ratio	281	A	AAACT	ok	True
chr12	69599979	69599980	+	0.327327	mod_ratio	338	A	GGACA	ok	True
chr12	69601352	69601353	+	0.154079	mod_ratio	343	A	GGACC	ok	True
chr12	69601399	69601400	+	0.115987	mod_ratio	325	A	AGACT	ok	True
chr12	75501810	75501811	-	0.660377	mod_ratio	53	T	TGTTT	ok	True
chr12	75503993	75503994	-	0.87931	mod_ratio	59	T	TGTTT	ok	True
chr12	76048379	76048380	-	0.851852	mod_ratio	27	T	TGTTT	ok	True
chr12	76049212	76049213	-	0.254386	mod_ratio	115	T	AGTCT	ok	True
chr12	76049645	76049646	-	0.526882	mod_ratio	93	T	TGTTT	ok	True
chr12	76050621	76050622	-	0.186047	mod_ratio	217	T	AGTCT	ok	True
chr12	76053249	76053250	-	0.192308	mod_ratio	212	T	TGTTT	ok	True
chr12	76053270	76053271	-	0.21256	mod_ratio	210	T	TGTCC	ok	True
chr12	76053286	76053287	-	0.55122	mod_ratio	208	T	TGTTT	ok	True
chr12	76053306	76053307	-	0.215686	mod_ratio	207	T	AGTTT	ok	True
chr12	76053792	76053793	-	0.238806	mod_ratio	204	T	GGTCC	ok	True
chr12	76053825	76053826	-	0.299492	mod_ratio	200	T	GGTTC	ok	True
chr12	76053882	76053883	-	0.126316	mod_ratio	193	T	GGTTC	ok	True
chr12	76055078	76055079	-	0.125	mod_ratio	192	T	GGTTC	ok	True
chr12	76055087	76055088	-	0.149171	mod_ratio	190	T	TGTTC	ok	True
chr12	76059821	76059822	-	0.424242	mod_ratio	206	T	GGTTT	ok	True
chr12	76059848	76059849	-	0.196891	mod_ratio	203	T	GGTTC	ok	True
chr12	76067392	76067393	-	0.953757	mod_ratio	177	T	TGTTT	ok	True
chr12	76068978	76068979	-	0.246914	mod_ratio	165	T	AGTTC	ok	True
chr12	76858875	76858876	-	0.890909	mod_ratio	55	T	AGTTT	ok	True
chr12	76858931	76858932	-	0.425926	mod_ratio	54	T	TGTTT	ok	True
chr12	76858936	76858937	-	0.592593	mod_ratio	55	T	AGTTC	ok	True
chr12	82353044	82353045	-	0.735294	mod_ratio	34	T	AGTTT	ok	True
chr12	82353149	82353150	-	0.69697	mod_ratio	33	T	TGTTT	ok	True
chr12	89655915	89655916	-	0.568182	mod_ratio	48	T	TGTTT	ok	True
chr12	93409492	93409493	-	0.262626	mod_ratio	100	T	TGTTT	ok	True
chr12	93409496	93409497	-	0.717172	mod_ratio	100	T	TGTTT	ok	True
chr12	93409962	93409963	-	0.55914	mod_ratio	94	T	TGTCC	ok	True
chr12	93411164	93411165	-	0.423913	mod_ratio	93	T	AGTTC	ok	True
chr12	93411251	93411252	-	0.417582	mod_ratio	91	T	GGTTC	ok	True
chr12	93441900	93441901	-	0.280488	mod_ratio	86	T	AGTTC	ok	True
chr12	93469280	93469281	+	0.932203	mod_ratio	61	A	AAACA	ok	True
chr12	93469335	93469336	+	0.55	mod_ratio	61	A	AAACA	ok	True
chr12	93479449	93479450	+	0.4	mod_ratio	65	A	GGACA	ok	True
chr12	93487535	93487536	+	0.671642	mod_ratio	68	A	AAACA	ok	True
chr12	94971417	94971418	-	0.326471	mod_ratio	352	T	TGTTT	ok	True
chr12	94971436	94971437	-	0.101983	mod_ratio	356	T	TGTCT	ok	True
chr12	94971542	94971543	-	0.179487	mod_ratio	360	T	GGTTC	ok	True
chr12	94971574	94971575	-	0.354108	mod_ratio	356	T	GGTTT	ok	True
chr12	94994211	94994212	-	0.281899	mod_ratio	340	T	TGTTT	ok	True
chr12	95002755	95002756	-	0.109145	mod_ratio	341	T	TGTCT	ok	True
chr12	95002770	95002771	-	0.240356	mod_ratio	339	T	TGTTT	ok	True
chr12	95300603	95300604	+	0.608696	mod_ratio	47	A	GAACA	ok	True
chr12	95476077	95476078	+	0.287234	mod_ratio	98	A	GAACA	ok	True
chr12	95485889	95485890	+	0.75	mod_ratio	80	A	AAACA	ok	True
chr12	95494059	95494060	+	0.675	mod_ratio	80	A	GAACA	ok	True
chr12	95511919	95511920	+	0.545455	mod_ratio	56	A	GGACA	ok	True
chr12	95513700	95513701	+	0.640625	mod_ratio	64	A	GAACC	ok	True
chr12	95513904	95513905	+	0.371429	mod_ratio	73	A	AAACT	ok	True
chr12	95514048	95514049	+	0.957746	mod_ratio	73	A	GGACA	ok	True
chr12	95858976	95858977	+	0.261682	mod_ratio	222	A	AAACT	ok	True
chr12	95861187	95861188	+	0.467577	mod_ratio	294	A	AAACC	ok	True
chr12	95861202	95861203	+	0.156463	mod_ratio	294	A	GGACT	ok	True
chr12	95861229	95861230	+	0.185811	mod_ratio	296	A	AAACT	ok	True
chr12	95861285	95861286	+	0.302491	mod_ratio	284	A	GAACA	ok	True
chr12	95865364	95865365	+	0.187075	mod_ratio	296	A	GGACA	ok	True
chr12	95866109	95866110	+	0.243346	mod_ratio	270	A	AGACA	ok	True
chr12	96001062	96001063	-	0.263566	mod_ratio	129	T	GGTTC	ok	True
chr12	96022196	96022197	-	0.775	mod_ratio	82	T	TGTTT	ok	True
chr12	96027488	96027489	-	0.306667	mod_ratio	78	T	TGTTC	ok	True
chr12	98527900	98527901	+	0.480769	mod_ratio	61	A	AAACT	ok	True
chr12	98531716	98531717	+	0.433962	mod_ratio	56	A	AAACT	ok	True
chr12	98549604	98549605	+	0.611111	mod_ratio	56	A	AAACT	ok	True
chr12	98549732	98549733	+	0.40625	mod_ratio	66	A	AGACC	ok	True
chr12	98594012	98594013	+	0.174074	mod_ratio	817	A	GAACC	ok	True
chr12	98597859	98597860	+	0.106667	mod_ratio	908	A	GGACC	ok	True
chr12	98598632	98598633	+	0.172414	mod_ratio	1025	A	AAACC	ok	True
chr12	98601548	98601549	+	0.439172	mod_ratio	1173	A	GGACT	ok	True
chr12	98601592	98601593	+	0.171329	mod_ratio	1153	A	GAACT	ok	True
chr12	98601692	98601693	+	0.227704	mod_ratio	1036	A	AAACC	ok	True
chr12	100212277	100212278	+	0.962963	mod_ratio	27	A	AAACA	ok	True
chr12	101395582	101395583	-	0.617647	mod_ratio	69	T	TGTTT	ok	True
chr12	101395659	101395660	-	0.727273	mod_ratio	67	T	TGTTT	ok	True
chr12	101396464	101396465	-	0.408451	mod_ratio	72	T	GGTCC	ok	True
chr12	101396520	101396521	-	0.391304	mod_ratio	70	T	TGTTC	ok	True
chr12	101401104	101401105	-	0.850746	mod_ratio	67	T	GGTCT	ok	True
chr12	101401146	101401147	-	0.492308	mod_ratio	65	T	TGTTT	ok	True
chr12	102077384	102077385	-	0.507463	mod_ratio	68	T	TGTTT	ok	True
chr12	103930497	103930498	+	0.255639	mod_ratio	140	A	AGACT	ok	True
chr12	103932384	103932385	+	0.315508	mod_ratio	189	A	AAACT	ok	True
chr12	103932923	103932924	+	0.593909	mod_ratio	200	A	GAACT	ok	True
chr12	103933989	103933990	+	0.19797	mod_ratio	199	A	AGACA	ok	True
chr12	103934054	103934055	+	0.231527	mod_ratio	206	A	GGACA	ok	True
chr12	103934070	103934071	+	0.433498	mod_ratio	205	A	AAACA	ok	True
chr12	103934185	103934186	+	0.458937	mod_ratio	211	A	AAACA	ok	True
chr12	103934259	103934260	+	0.257009	mod_ratio	217	A	AAACA	ok	True
chr12	103937777	103937778	+	0.395238	mod_ratio	213	A	AAACT	ok	True
chr12	103938339	103938340	+	0.30622	mod_ratio	213	A	AGACT	ok	True
chr12	103938345	103938346	+	0.212264	mod_ratio	216	A	AAACT	ok	True
chr12	103938443	103938444	+	0.190083	mod_ratio	131	A	AAACC	ok	True
chr12	103939534	103939535	+	0.504348	mod_ratio	121	A	GAACT	ok	True
chr12	103941835	103941836	+	0.3125	mod_ratio	149	A	GGACT	ok	True
chr12	103941870	103941871	+	0.258065	mod_ratio	157	A	AGACT	ok	True
chr12	103941887	103941888	+	0.275641	mod_ratio	159	A	AAACT	ok	True
chr12	103942647	103942648	+	0.301282	mod_ratio	161	A	AGACC	ok	True
chr12	103942661	103942662	+	0.197452	mod_ratio	160	A	GAACA	ok	True
chr12	103942675	103942676	+	0.227848	mod_ratio	159	A	AAACT	ok	True
chr12	103942725	103942726	+	0.83871	mod_ratio	160	A	AGACC	ok	True
chr12	103943238	103943239	+	0.377246	mod_ratio	168	A	AAACT	ok	True
chr12	103943861	103943862	+	0.188172	mod_ratio	188	A	GGACA	ok	True
chr12	103946639	103946640	+	0.147959	mod_ratio	200	A	AAACA	ok	True
chr12	103946659	103946660	+	0.19598	mod_ratio	202	A	AGACA	ok	True
chr12	103946836	103946837	+	0.122549	mod_ratio	209	A	AAACA	ok	True
chr12	103946921	103946922	+	0.12844	mod_ratio	223	A	GAACA	ok	True
chr12	103947333	103947334	+	0.155556	mod_ratio	228	A	GAACC	ok	True
chr12	103947343	103947344	+	0.150442	mod_ratio	228	A	AGACA	ok	True
chr12	103947353	103947354	+	0.145374	mod_ratio	229	A	AGACA	ok	True
chr12	103947365	103947366	+	0.173333	mod_ratio	229	A	AGACA	ok	True
chr12	103947403	103947404	+	0.325893	mod_ratio	227	A	GAACA	ok	True
chr12	103947421	103947422	+	0.337778	mod_ratio	226	A	AAACA	ok	True
chr12	103947733	103947734	+	0.130435	mod_ratio	231	A	AGACT	ok	True
chr12	103951457	103951458	-	0.560976	mod_ratio	41	T	AGTTT	ok	True
chr12	103989492	103989493	-	0.866667	mod_ratio	30	T	AGTCC	ok	True
chr12	104349219	104349220	+	0.377049	mod_ratio	65	A	AAACA	ok	True
chr12	104350193	104350194	+	0.446429	mod_ratio	114	A	AAACA	ok	True
chr12	104350256	104350257	+	0.46789	mod_ratio	109	A	AAACA	ok	True
chr12	104988228	104988229	+	0.392405	mod_ratio	79	A	AAACA	ok	True
chr12	104991813	104991814	+	0.5125	mod_ratio	80	A	AAACA	ok	True
chr12	104994667	104994668	+	0.324675	mod_ratio	77	A	GGACA	ok	True
chr12	106991771	106991772	-	0.666667	mod_ratio	36	T	TGTTT	ok	True
chr12	107697563	107697564	+	0.466667	mod_ratio	79	A	AAACT	ok	True
chr12	107712318	107712319	+	0.725275	mod_ratio	91	A	AAACA	ok	True
chr12	108564344	108564345	+	0.22314	mod_ratio	122	A	GAACT	ok	True
chr12	108564349	108564350	+	0.347107	mod_ratio	123	A	GGACT	ok	True
chr12	108565365	108565366	+	0.472441	mod_ratio	129	A	AAACA	ok	True
chr12	108567214	108567215	+	0.175573	mod_ratio	131	A	AAACA	ok	True
chr12	108567254	108567255	+	0.251908	mod_ratio	131	A	AAACT	ok	True
chr12	108569172	108569173	+	0.266129	mod_ratio	125	A	GAACT	ok	True
chr12	108569314	108569315	+	0.272727	mod_ratio	116	A	AAACA	ok	True
chr12	108645401	108645402	-	1	mod_ratio	27	T	TGTTT	ok	True
chr12	109088311	109088312	-	0.36	mod_ratio	75	T	GGTTC	ok	True
chr12	109556763	109556764	-	0.361111	mod_ratio	75	T	TGTCT	ok	True
chr12	109559098	109559099	-	0.623188	mod_ratio	69	T	TGTTT	ok	True
chr12	109559126	109559127	-	0.402985	mod_ratio	68	T	GGTCT	ok	True
chr12	110435026	110435027	-	0.138028	mod_ratio	356	T	AGTTT	ok	True
chr12	110435160	110435161	-	0.168394	mod_ratio	389	T	TGTCC	ok	True
chr12	110435166	110435167	-	0.103359	mod_ratio	389	T	GGTCC	ok	True
chr12	110435210	110435211	-	0.15445	mod_ratio	384	T	AGTCC	ok	True
chr12	110436118	110436119	-	0.136126	mod_ratio	382	T	GGTTT	ok	True
chr12	110436154	110436155	-	0.118421	mod_ratio	382	T	AGTCT	ok	True
chr12	110436160	110436161	-	0.522546	mod_ratio	381	T	AGTCC	ok	True
chr12	110436165	110436166	-	0.199468	mod_ratio	380	T	AGTCT	ok	True
chr12	110436566	110436567	-	0.119241	mod_ratio	371	T	TGTTT	ok	True
chr12	110436570	110436571	-	0.560976	mod_ratio	371	T	TGTTT	ok	True
chr12	110436578	110436579	-	0.182561	mod_ratio	369	T	GGTTT	ok	True
chr12	110437092	110437093	-	0.192529	mod_ratio	354	T	AGTTT	ok	True
chr12	110440324	110440325	-	0.434018	mod_ratio	347	T	AGTTT	ok	True
chr12	110445467	110445468	-	0.133127	mod_ratio	328	T	GGTCC	ok	True
chr12	110445504	110445505	-	0.121795	mod_ratio	316	T	TGTTT	ok	True
chr12	110445515	110445516	-	0.282958	mod_ratio	315	T	AGTTT	ok	True
chr12	110455588	110455589	-	0.586207	mod_ratio	58	T	AGTCC	ok	True
chr12	110455609	110455610	-	0.413793	mod_ratio	59	T	AGTTT	ok	True
chr12	110486388	110486389	+	0.428571	mod_ratio	64	A	AAACT	ok	True
chr12	110491640	110491641	-	0.321839	mod_ratio	119	T	TGTTT	ok	True
chr12	110491677	110491678	-	0.373984	mod_ratio	127	T	AGTCT	ok	True
chr12	110491717	110491718	-	0.563492	mod_ratio	127	T	AGTTC	ok	True
chr12	110491839	110491840	-	0.295082	mod_ratio	126	T	AGTTT	ok	True
chr12	110491940	110491941	-	0.92549	mod_ratio	270	T	TGTTT	ok	True
chr12	110492010	110492011	-	0.119048	mod_ratio	304	T	GGTTT	ok	True
chr12	110492119	110492120	-	0.40264	mod_ratio	303	T	TGTTT	ok	True
chr12	110492996	110492997	-	0.164983	mod_ratio	297	T	CGTTT	ok	False
chr12	110493084	110493085	-	0.281787	mod_ratio	294	T	TGTCC	ok	True
chr12	110493100	110493101	-	0.259386	mod_ratio	294	T	TGTCC	ok	True
chr12	110496021	110496022	-	0.163194	mod_ratio	288	T	AGTCT	ok	True
chr12	110720060	110720061	-	0.598291	mod_ratio	118	T	AGTTC	ok	True
chr12	110720068	110720069	-	0.205128	mod_ratio	118	T	TGTTT	ok	True
chr12	110720644	110720645	-	0.34375	mod_ratio	101	T	GGTTT	ok	True
chr12	110724741	110724742	-	0.671642	mod_ratio	67	T	AGTTT	ok	True
chr12	110742689	110742690	-	0.490566	mod_ratio	53	T	AGTTT	ok	True
chr12	111893037	111893038	+	0.884615	mod_ratio	27	A	AAACC	ok	True
chr12	112022445	112022446	+	0.258621	mod_ratio	126	A	AGACT	ok	True
chr12	112022497	112022498	+	0.442748	mod_ratio	135	A	AGACC	ok	True
chr12	112022509	112022510	+	0.639098	mod_ratio	139	A	GGACT	ok	True
chr12	112022602	112022603	+	0.246479	mod_ratio	144	A	AAACA	ok	True
chr12	112022794	112022795	+	0.310811	mod_ratio	150	A	GGACA	ok	True
chr12	112043777	112043778	-	0.72973	mod_ratio	37	T	AGTCC	ok	True
chr12	112405329	112405330	-	0.426533	mod_ratio	2597	T	AGTCC	ok	True
chr12	112405888	112405889	-	0.172924	mod_ratio	2643	T	TGTCT	ok	True
chr12	112405936	112405937	-	0.116047	mod_ratio	2625	T	TGTTT	ok	True
chr12	112406784	112406785	-	0.120605	mod_ratio	2463	T	GGTCC	ok	True
chr12	112406809	112406810	-	0.262719	mod_ratio	2436	T	AGTTT	ok	True
chr12	112408251	112408252	-	0.52425	mod_ratio	2289	T	AGTTT	ok	True
chr12	112408293	112408294	-	0.133941	mod_ratio	2222	T	GGTTT	ok	True
chr12	112408611	112408612	-	0.121451	mod_ratio	1916	T	GGTTT	ok	True
chr12	112409546	112409547	-	0.545455	mod_ratio	71	T	AGTCC	ok	True
chr12	113191795	113191796	+	0.5	mod_ratio	61	A	AAACC	ok	True
chr12	113191883	113191884	+	0.451613	mod_ratio	62	A	GGACA	ok	True
chr12	118031664	118031665	+	0.875	mod_ratio	48	A	AAACA	ok	True
chr12	118138049	118138050	+	0.178715	mod_ratio	499	A	AGACC	ok	True
chr12	118144621	118144622	+	0.228758	mod_ratio	618	A	GGACA	ok	True
chr12	118144669	118144670	+	0.350962	mod_ratio	635	A	AGACC	ok	True
chr12	118144775	118144776	+	0.111607	mod_ratio	673	A	AAACT	ok	True
chr12	118144824	118144825	+	0.583211	mod_ratio	684	A	GAACT	ok	True
chr12	118145013	118145014	+	0.122302	mod_ratio	697	A	GAACT	ok	True
chr12	118145101	118145102	+	0.113703	mod_ratio	700	A	AAACT	ok	True
chr12	118145116	118145117	+	0.166667	mod_ratio	690	A	AGACC	ok	True
chr12	118145267	118145268	+	0.136667	mod_ratio	304	A	AGACA	ok	True
chr12	118145421	118145422	+	0.32381	mod_ratio	318	A	AGACC	ok	True
chr12	118145456	118145457	+	0.163987	mod_ratio	318	A	AAACC	ok	True
chr12	120127560	120127561	-	0.47541	mod_ratio	61	T	AGTTC	ok	True
chr12	120127720	120127721	-	0.744681	mod_ratio	49	T	GGTCT	ok	True
chr12	120196731	120196732	-	0.164399	mod_ratio	6694	T	TGTTT	ok	True
chr12	120198576	120198577	-	0.107051	mod_ratio	7075	T	AGTTT	ok	True
chr12	120198677	120198678	-	0.159917	mod_ratio	6797	T	TGTTC	ok	True
chr12	120198710	120198711	-	0.117462	mod_ratio	6734	T	TGTCT	ok	True
chr12	120198938	120198939	-	0.102516	mod_ratio	6520	T	TGTTC	ok	True
chr12	120199136	120199137	-	0.314341	mod_ratio	6284	T	TGTCC	ok	True
chr12	120199327	120199328	-	0.135995	mod_ratio	6072	T	TGTTT	ok	True
chr12	120200815	120200816	-	0.116196	mod_ratio	5170	T	GGTTT	ok	True
chr12	120200883	120200884	-	0.104499	mod_ratio	722	T	GGTCC	ok	True
chr12	120440587	120440588	+	0.167677	mod_ratio	1489	A	GGACC	ok	True
chr12	120440606	120440607	+	0.104508	mod_ratio	1477	A	GGACC	ok	True
chr12	120444666	120444667	-	0.553191	mod_ratio	47	T	AGTTC	ok	True
chr12	120461838	120461839	-	0.203947	mod_ratio	157	T	AGTTT	ok	True
chr12	120461847	120461848	-	0.519737	mod_ratio	157	T	TGTTT	ok	True
chr12	120461884	120461885	-	0.22973	mod_ratio	154	T	AGTTT	ok	True
chr12	120462155	120462156	-	0.238411	mod_ratio	153	T	AGTTT	ok	True
chr12	120464120	120464121	-	0.317308	mod_ratio	104	T	AGTCC	ok	True
chr12	120469550	120469551	-	0.329114	mod_ratio	81	T	GGTTC	ok	True
chr12	120496530	120496531	+	0.238462	mod_ratio	265	A	GGACA	ok	True
chr12	120498121	120498122	+	0.167247	mod_ratio	294	A	GAACT	ok	True
chr12	120498147	120498148	+	0.246622	mod_ratio	298	A	AAACC	ok	True
chr12	120498152	120498153	+	0.47973	mod_ratio	298	A	AAACA	ok	True
chr12	120498284	120498285	+	0.12013	mod_ratio	313	A	AGACT	ok	True
chr12	120498327	120498328	+	0.429508	mod_ratio	309	A	GAACC	ok	True
chr12	120579109	120579110	-	0.232	mod_ratio	128	T	AGTTC	ok	True
chr12	120579160	120579161	-	0.312977	mod_ratio	133	T	AGTTT	ok	True
chr12	120579216	120579217	-	0.206107	mod_ratio	132	T	AGTTT	ok	True
chr12	120579260	120579261	-	0.315789	mod_ratio	135	T	TGTTC	ok	True
chr12	120579316	120579317	-	0.315789	mod_ratio	134	T	GGTTC	ok	True
chr12	120579813	120579814	-	0.368932	mod_ratio	107	T	TGTCC	ok	True
chr12	120581150	120581151	-	0.235849	mod_ratio	107	T	AGTTC	ok	True
chr12	120581241	120581242	-	0.313725	mod_ratio	104	T	AGTTC	ok	True
chr12	121308370	121308371	-	0.614286	mod_ratio	221	T	TGTTT	ok	True
chr12	121308433	121308434	-	0.262745	mod_ratio	261	T	AGTCC	ok	True
chr12	121308473	121308474	-	0.25	mod_ratio	270	T	TGTCC	ok	True
chr12	121308489	121308490	-	0.286245	mod_ratio	270	T	GGTTT	ok	True
chr12	121308555	121308556	-	0.240741	mod_ratio	271	T	GGTTC	ok	True
chr12	121308669	121308670	-	0.283019	mod_ratio	267	T	GGTTC	ok	True
chr12	121309780	121309781	-	0.365385	mod_ratio	262	T	TGTCC	ok	True
chr12	121318292	121318293	-	0.237705	mod_ratio	246	T	AGTTC	ok	True
chr12	121318302	121318303	-	0.161157	mod_ratio	245	T	TGTTT	ok	True
chr12	121318526	121318527	-	0.3	mod_ratio	225	T	AGTTT	ok	True
chr12	121327189	121327190	-	0.346154	mod_ratio	183	T	TGTTC	ok	True
chr12	121328386	121328387	-	0.859649	mod_ratio	171	T	TGTTT	ok	True
chr12	121328408	121328409	-	0.455621	mod_ratio	170	T	AGTCC	ok	True
chr12	121328432	121328433	-	0.174699	mod_ratio	167	T	TGTTT	ok	True
chr12	121335703	121335704	-	0.838235	mod_ratio	71	T	TGTTT	ok	True
chr12	121337327	121337328	-	0.538462	mod_ratio	65	T	TGTTT	ok	True
chr12	121345900	121345901	-	0.607143	mod_ratio	86	T	AGTTC	ok	True
chr12	121345969	121345970	-	0.27907	mod_ratio	87	T	AGTTT	ok	True
chr12	121346923	121346924	-	0.313253	mod_ratio	84	T	GGTTC	ok	True
chr12	121346928	121346929	-	0.313253	mod_ratio	84	T	AGTTC	ok	True
chr12	121346998	121346999	-	0.361446	mod_ratio	84	T	AGTTT	ok	True
chr12	121839619	121839620	-	0.238011	mod_ratio	568	T	AGTCC	ok	True
chr12	121839671	121839672	-	0.232394	mod_ratio	574	T	AGTTC	ok	True
chr12	121839753	121839754	-	0.195341	mod_ratio	564	T	GGTCT	ok	True
chr12	121839782	121839783	-	0.111517	mod_ratio	560	T	GGTTC	ok	True
chr12	121839988	121839989	-	0.107843	mod_ratio	517	T	GGTTT	ok	True
chr12	121840028	121840029	-	0.271654	mod_ratio	513	T	AGTCC	ok	True
chr12	121843725	121843726	-	0.166667	mod_ratio	492	T	TGTTC	ok	True
chr12	121843772	121843773	-	0.317073	mod_ratio	459	T	TGTTT	ok	True
chr12	121846881	121846882	-	0.423077	mod_ratio	473	T	GGTCT	ok	True
chr12	121846922	121846923	-	0.168122	mod_ratio	462	T	AGTCC	ok	True
chr12	121849688	121849689	-	0.568878	mod_ratio	396	T	AGTTT	ok	True
chr12	121849704	121849705	-	0.109137	mod_ratio	397	T	GGTCC	ok	True
chr12	121849752	121849753	-	0.332461	mod_ratio	391	T	AGTTC	ok	True
chr12	121849782	121849783	-	0.278515	mod_ratio	382	T	TGTCC	ok	True
chr12	121856363	121856364	-	0.20178	mod_ratio	344	T	TGTCC	ok	True
chr12	121856383	121856384	-	0.384384	mod_ratio	341	T	TGTTT	ok	True
chr12	121857336	121857337	-	0.324415	mod_ratio	300	T	TGTTT	ok	True
chr12	121857371	121857372	-	0.122867	mod_ratio	299	T	GGTCT	ok	True
chr12	121857396	121857397	-	0.49481	mod_ratio	291	T	GGTTC	ok	True
chr12	121899810	121899811	+	0.165468	mod_ratio	141	A	GAACA	ok	True
chr12	121915893	121915894	+	0.652439	mod_ratio	165	A	AAACA	ok	True
chr12	121916324	121916325	+	0.168539	mod_ratio	181	A	GAACA	ok	True
chr12	121916357	121916358	+	0.128492	mod_ratio	186	A	GGACT	ok	True
chr12	121916430	121916431	+	0.228261	mod_ratio	186	A	GAACT	ok	True
chr12	122216572	122216573	-	0.547619	mod_ratio	43	T	TGTTT	ok	True
chr12	122981242	122981243	+	0.381818	mod_ratio	116	A	GAACT	ok	True
chr12	122981735	122981736	+	0.161074	mod_ratio	158	A	GGACA	ok	True
chr12	122981837	122981838	+	0.26087	mod_ratio	141	A	GGACC	ok	True
chr12	122982052	122982053	+	0.200717	mod_ratio	281	A	GGACC	ok	True
chr12	122982635	122982636	+	0.204013	mod_ratio	300	A	GGACT	ok	True
chr12	123586932	123586933	+	0.552632	mod_ratio	78	A	AAACA	ok	True
chr12	123590408	123590409	+	0.341772	mod_ratio	80	A	GAACA	ok	True
chr12	123596775	123596776	+	0.793103	mod_ratio	89	A	AAACA	ok	True
chr12	123596824	123596825	+	0.340426	mod_ratio	95	A	GAACT	ok	True
chr12	123596971	123596972	+	0.475728	mod_ratio	105	A	GAACT	ok	True
chr12	123596977	123596978	+	0.252427	mod_ratio	105	A	AAACA	ok	True
chr12	123597338	123597339	+	0.295082	mod_ratio	130	A	GGACT	ok	True
chr12	123597882	123597883	+	0.126263	mod_ratio	204	A	AAACT	ok	True
chr12	123597946	123597947	+	0.136585	mod_ratio	209	A	AAACC	ok	True
chr12	123598012	123598013	+	0.275362	mod_ratio	211	A	GGACA	ok	True
chr12	123598048	123598049	+	0.339806	mod_ratio	209	A	AAACA	ok	True
chr12	123598058	123598059	+	0.121359	mod_ratio	209	A	AAACT	ok	True
chr12	123598122	123598123	+	0.308219	mod_ratio	196	A	AAACA	ok	True
chr12	123610117	123610118	+	0.84375	mod_ratio	33	A	AAACT	ok	True
chr12	123613234	123613235	+	0.705882	mod_ratio	35	A	AAACA	ok	True
chr12	123618699	123618700	+	0.675676	mod_ratio	37	A	AAACA	ok	True
chr12	123621040	123621041	-	0.445946	mod_ratio	101	T	AGTTT	ok	True
chr12	123621091	123621092	-	0.221239	mod_ratio	115	T	TGTTT	ok	True
chr12	123621140	123621141	-	0.513043	mod_ratio	115	T	AGTTT	ok	True
chr12	123621236	123621237	-	0.487805	mod_ratio	125	T	AGTTT	ok	True
chr12	123621245	123621246	-	0.308943	mod_ratio	123	T	TGTTT	ok	True
chr12	123621308	123621309	-	0.193277	mod_ratio	121	T	TGTTT	ok	True
chr12	123621421	123621422	-	0.449541	mod_ratio	111	T	AGTCT	ok	True
chr12	123621524	123621525	-	0.471154	mod_ratio	107	T	AGTTT	ok	True
chr12	123621608	123621609	-	0.618557	mod_ratio	97	T	GGTTC	ok	True
chr12	123621632	123621633	-	0.234694	mod_ratio	98	T	AGTCC	ok	True
chr12	123630469	123630470	-	0.644068	mod_ratio	59	T	AGTCC	ok	True
chr12	124778315	124778316	-	0.76087	mod_ratio	47	T	GGTTC	ok	True
chr12	124911803	124911804	-	0.183359	mod_ratio	649	T	TGTTT	ok	True
chr12	124911913	124911914	-	0.23869	mod_ratio	643	T	GGTCT	ok	True
chr12	124911928	124911929	-	0.181102	mod_ratio	641	T	GGTCT	ok	True
chr12	124912031	124912032	-	0.11925	mod_ratio	641	T	TGTTT	ok	True
chr12	124912080	124912081	-	0.11943	mod_ratio	571	T	TGTCT	ok	True
chr12	124912141	124912142	-	0.250457	mod_ratio	549	T	GGTCT	ok	True
chr12	124912369	124912370	-	0.227373	mod_ratio	457	T	GGTCT	ok	True
chr12	124912597	124912598	-	0.228205	mod_ratio	395	T	GGTCT	ok	True
chr12	124912825	124912826	-	0.186782	mod_ratio	351	T	GGTCT	ok	True
chr12	124913053	124913054	-	0.166667	mod_ratio	317	T	GGTCT	ok	True
chr12	124913281	124913282	-	0.136842	mod_ratio	287	T	GGTCT	ok	True
chr12	124913448	124913449	-	0.139535	mod_ratio	261	T	TGTCC	ok	True
chr12	124913509	124913510	-	0.152	mod_ratio	253	T	GGTCT	ok	True
chr12	124913737	124913738	-	0.158371	mod_ratio	221	T	GGTCT	ok	True
chr12	130872628	130872629	+	0.141051	mod_ratio	1506	A	AAAGT	ok	False
chr12	130873074	130873075	+	0.350276	mod_ratio	1647	A	GGACA	ok	True
chr12	130873102	130873103	+	0.563136	mod_ratio	1685	A	GGACT	ok	True
chr12	130874638	130874639	+	0.117579	mod_ratio	1744	A	AAACA	ok	True
chr12	130874680	130874681	+	0.169134	mod_ratio	1770	A	GGACA	ok	True
chr12	130876032	130876033	+	0.1155	mod_ratio	2026	A	GAACA	ok	True
chr12	132704943	132704944	+	0.717949	mod_ratio	40	A	GGACC	ok	True
chr8	11808841	11808842	+	0.32	mod_ratio	76	A	AGACC	ok	True
chr8	11809839	11809840	+	0.694118	mod_ratio	86	A	GGACT	ok	True
chr8	11821862	11821863	+	0.263158	mod_ratio	97	A	GAACA	ok	True
chr8	11826156	11826157	+	0.330275	mod_ratio	110	A	AAACA	ok	True
chr8	11826180	11826181	+	0.256881	mod_ratio	113	A	AGACC	ok	True
chr8	11830323	11830324	+	0.22314	mod_ratio	122	A	GAACT	ok	True
chr8	11830377	11830378	+	0.311475	mod_ratio	124	A	AGACT	ok	True
chr8	11830385	11830386	+	0.357724	mod_ratio	127	A	AAACC	ok	True
chr8	11838429	11838430	+	0.3	mod_ratio	142	A	AAACA	ok	True
chr8	11838594	11838595	+	0.472973	mod_ratio	150	A	AGACT	ok	True
chr8	11844535	11844536	-	0.553571	mod_ratio	59	T	TGTTC	ok	True
chr8	11847071	11847072	-	0.685714	mod_ratio	35	T	AGTCC	ok	True
chr8	23296042	23296043	+	0.545455	mod_ratio	55	A	GGACT	ok	True
chr8	27598011	27598012	-	0.22069	mod_ratio	192	T	AGTTT	ok	True
chr8	27598046	27598047	-	0.180995	mod_ratio	229	T	TGTTC	ok	True
chr8	27598502	27598503	-	0.183857	mod_ratio	224	T	GGTCT	ok	True
chr8	27599804	27599805	-	0.149038	mod_ratio	212	T	GGTCT	ok	True
chr8	27599822	27599823	-	0.389423	mod_ratio	210	T	GGTTT	ok	True
chr8	27600008	27600009	-	0.242105	mod_ratio	195	T	AGTCT	ok	True
chr8	27605036	27605037	-	0.191083	mod_ratio	158	T	AGTTC	ok	True
chr8	27605318	27605319	-	0.330645	mod_ratio	125	T	GGTTC	ok	True
chr8	27606416	27606417	-	0.542373	mod_ratio	120	T	TGTTT	ok	True
chr8	27606457	27606458	-	0.25	mod_ratio	116	T	GGTCT	ok	True
chr8	27609021	27609022	-	0.578947	mod_ratio	99	T	TGTTT	ok	True
chr8	27809893	27809894	-	0.759259	mod_ratio	72	T	GGTTC	ok	True
chr8	27810025	27810026	-	0.308824	mod_ratio	139	T	AGTTT	ok	True
chr8	27810048	27810049	-	0.221429	mod_ratio	140	T	TGTTT	ok	True
chr8	27810221	27810222	-	0.218978	mod_ratio	138	T	AGTCT	ok	True
chr8	27810315	27810316	-	0.511628	mod_ratio	133	T	TGTTT	ok	True
chr8	27810444	27810445	-	0.311475	mod_ratio	124	T	AGTTC	ok	True
chr8	27823070	27823071	-	0.60396	mod_ratio	103	T	TGTTT	ok	True
chr8	27833131	27833132	-	0.677419	mod_ratio	97	T	AGTCC	ok	True
chr8	27837656	27837657	-	0.365591	mod_ratio	94	T	AGTCT	ok	True
chr8	30063421	30063422	-	0.234848	mod_ratio	134	T	AGTCC	ok	True
chr8	30063441	30063442	-	0.409091	mod_ratio	135	T	TGTTT	ok	True
chr8	30063553	30063554	-	0.181102	mod_ratio	132	T	AGTTT	ok	True
chr8	30063867	30063868	-	0.366667	mod_ratio	120	T	TGTTT	ok	True
chr8	30066002	30066003	-	0.344538	mod_ratio	120	T	GGTTT	ok	True
chr8	30066016	30066017	-	0.305085	mod_ratio	120	T	AGTTT	ok	True
chr8	30066813	30066814	-	0.394495	mod_ratio	110	T	AGTTC	ok	True
chr8	30066862	30066863	-	0.447619	mod_ratio	105	T	TGTCC	ok	True
chr8	30069906	30069907	-	0.365591	mod_ratio	93	T	AGTTT	ok	True
chr8	30104455	30104456	+	0.705882	mod_ratio	34	A	GGACT	ok	True
chr8	38057125	38057126	+	0.189873	mod_ratio	158	A	GAACT	ok	True
chr8	38057142	38057143	+	0.654088	mod_ratio	159	A	AAACA	ok	True
chr8	38059927	38059928	+	0.314607	mod_ratio	180	A	GGACA	ok	True
chr8	38060208	38060209	+	0.165094	mod_ratio	212	A	GGACA	ok	True
chr8	38060218	38060219	+	0.308057	mod_ratio	212	A	GAACC	ok	True
chr8	38163715	38163716	-	0.376812	mod_ratio	71	T	GGTCC	ok	True
chr8	38163765	38163766	-	0.367647	mod_ratio	69	T	TGTTC	ok	True
chr8	38991535	38991536	-	0.626866	mod_ratio	67	T	TGTCC	ok	True
chr8	38995338	38995339	-	0.532258	mod_ratio	64	T	AGTTC	ok	True
chr8	42361361	42361362	+	0.878788	mod_ratio	33	A	AAACA	ok	True
chr8	42395104	42395105	+	0.166667	mod_ratio	139	A	AGACC	ok	True
chr8	42398797	42398798	+	0.835616	mod_ratio	146	A	GGACT	ok	True
chr8	42399667	42399668	+	0.783439	mod_ratio	160	A	AAACT	ok	True
chr8	42399696	42399697	+	0.18125	mod_ratio	160	A	GAACA	ok	True
chr8	42401868	42401869	+	0.143713	mod_ratio	170	A	GGACC	ok	True
chr8	42401952	42401953	+	0.137931	mod_ratio	175	A	AAACT	ok	True
chr8	42401993	42401994	+	0.681564	mod_ratio	179	A	GGACT	ok	True
chr8	42403368	42403369	+	0.387097	mod_ratio	187	A	AAACA	ok	True
chr8	42403378	42403379	+	0.13369	mod_ratio	188	A	AAACC	ok	True
chr8	42403389	42403390	+	0.12234	mod_ratio	191	A	GGACA	ok	True
chr8	42403449	42403450	+	0.123223	mod_ratio	211	A	GAACT	ok	True
chr8	42404895	42404896	+	0.186047	mod_ratio	217	A	GGACT	ok	True
chr8	42405449	42405450	+	0.334802	mod_ratio	232	A	GAACT	ok	True
chr8	42405512	42405513	+	0.207627	mod_ratio	236	A	GAACC	ok	True
chr8	42405563	42405564	+	0.236287	mod_ratio	237	A	GAACT	ok	True
chr8	47970851	47970852	+	0.615385	mod_ratio	54	A	GAACA	ok	True
chr8	47975791	47975792	+	0.520408	mod_ratio	98	A	AAACA	ok	True
chr8	48049896	48049897	+	0.162011	mod_ratio	180	A	GGACC	ok	True
chr8	48060809	48060810	+	0.15873	mod_ratio	193	A	GGACA	ok	True
chr8	48060813	48060814	+	0.236842	mod_ratio	193	A	AAACA	ok	True
chr8	48060844	48060845	+	0.194737	mod_ratio	197	A	AAACT	ok	True
chr8	48060940	48060941	+	0.339901	mod_ratio	207	A	AAACA	ok	True
chr8	48060951	48060952	+	0.348039	mod_ratio	206	A	GGACA	ok	True
chr8	48061057	48061058	+	0.463415	mod_ratio	209	A	AAACA	ok	True
chr8	48061456	48061457	+	0.324074	mod_ratio	218	A	AAACC	ok	True
chr8	49072440	49072441	+	0.639344	mod_ratio	61	A	GAACC	ok	True
chr8	53966660	53966661	-	0.230769	mod_ratio	105	T	TGTTT	ok	True
chr8	53967130	53967131	-	0.40404	mod_ratio	100	T	AGTCT	ok	True
chr8	53967778	53967779	-	0.378378	mod_ratio	75	T	TGTTT	ok	True
chr8	53967888	53967889	-	0.343284	mod_ratio	69	T	TGTTT	ok	True
chr8	53979077	53979078	-	0.454545	mod_ratio	56	T	AGTCT	ok	True
chr8	53993691	53993692	-	0.509091	mod_ratio	55	T	TGTTC	ok	True
chr8	54046513	54046514	-	0.319328	mod_ratio	122	T	AGTTT	ok	True
chr8	54046557	54046558	-	0.483051	mod_ratio	120	T	TGTTT	ok	True
chr8	54047004	54047005	-	0.269663	mod_ratio	93	T	GGTTT	ok	True
chr8	54047065	54047066	-	0.759036	mod_ratio	88	T	AGTTT	ok	True
chr8	54047078	54047079	-	0.304878	mod_ratio	86	T	AGTCT	ok	True
chr8	54047132	54047133	-	0.658228	mod_ratio	82	T	TGTTT	ok	True
chr8	54047257	54047258	-	0.56338	mod_ratio	78	T	GGTTT	ok	True
chr8	54048008	54048009	-	0.474576	mod_ratio	61	T	GGTTT	ok	True
chr8	54051079	54051080	-	0.466667	mod_ratio	60	T	TGTTT	ok	True
chr8	54062269	54062270	-	0.810345	mod_ratio	58	T	TGTTT	ok	True
chr8	54135387	54135388	+	0.321101	mod_ratio	109	A	AAACC	ok	True
chr8	54147381	54147382	+	0.289474	mod_ratio	154	A	AGACA	ok	True
chr8	54147418	54147419	+	0.36129	mod_ratio	156	A	GGACA	ok	True
chr8	54147483	54147484	+	0.196078	mod_ratio	156	A	GAACC	ok	True
chr8	54147532	54147533	+	0.166667	mod_ratio	161	A	GAACT	ok	True
chr8	54147881	54147882	+	0.803922	mod_ratio	149	A	AAACA	ok	True
chr8	56073715	56073716	-	0.134222	mod_ratio	3093	T	GGTCC	ok	True
chr8	56074137	56074138	-	0.204923	mod_ratio	3025	T	TGTTT	ok	True
chr8	56216514	56216515	+	0.657895	mod_ratio	190	A	AAACT	ok	True
chr8	58576036	58576037	+	0.55	mod_ratio	61	A	GGACT	ok	True
chr8	58578166	58578167	+	0.4	mod_ratio	72	A	AAACA	ok	True
chr8	58579664	58579665	+	0.414286	mod_ratio	72	A	GGACA	ok	True
chr8	58581717	58581718	+	0.652174	mod_ratio	71	A	GGACC	ok	True
chr8	58581955	58581956	+	0.306818	mod_ratio	90	A	AAACT	ok	True
chr8	58582325	58582326	+	0.391304	mod_ratio	115	A	GAACT	ok	True
chr8	58582355	58582356	+	0.324561	mod_ratio	115	A	AGACT	ok	True
chr8	58582519	58582520	+	0.319328	mod_ratio	124	A	AAACT	ok	True
chr8	58582597	58582598	+	0.28125	mod_ratio	130	A	AAACA	ok	True
chr8	58582606	58582607	+	0.414062	mod_ratio	131	A	AAACT	ok	True
chr8	58582758	58582759	+	0.421053	mod_ratio	133	A	AAACA	ok	True
chr8	60572085	60572086	+	0.357798	mod_ratio	109	A	AAACA	ok	True
chr8	60621196	60621197	+	0.729167	mod_ratio	51	A	GGACT	ok	True
chr8	60621676	60621677	+	0.68254	mod_ratio	63	A	AAACA	ok	True
chr8	61624780	61624781	-	0.557377	mod_ratio	126	T	AGTTT	ok	True
chr8	61625373	61625374	-	0.380435	mod_ratio	93	T	GGTCT	ok	True
chr8	61625864	61625865	-	0.815385	mod_ratio	66	T	AGTCC	ok	True
chr8	61626084	61626085	-	0.696429	mod_ratio	58	T	TGTTT	ok	True
chr8	61638352	61638353	-	0.367647	mod_ratio	69	T	GGTTC	ok	True
chr8	61646834	61646835	-	0.763158	mod_ratio	40	T	GGTTC	ok	True
chr8	61684147	61684148	-	0.528302	mod_ratio	57	T	AGTCC	ok	True
chr8	63015443	63015444	-	0.141304	mod_ratio	186	T	TGTTT	ok	True
chr8	63024121	63024122	-	0.438889	mod_ratio	182	T	GGTTC	ok	True
chr8	63026168	63026169	-	0.206897	mod_ratio	176	T	AGTTC	ok	True
chr8	63035730	63035731	-	0.474026	mod_ratio	155	T	AGTTT	ok	True
chr8	66922058	66922059	-	0.268199	mod_ratio	266	T	TGTTC	ok	True
chr8	66922641	66922642	-	0.485714	mod_ratio	214	T	AGTTT	ok	True
chr8	66922663	66922664	-	0.110048	mod_ratio	211	T	AGTTT	ok	True
chr8	67043231	67043232	-	0.390411	mod_ratio	146	T	TGTTT	ok	True
chr8	67043259	67043260	-	0.253425	mod_ratio	146	T	AGTTT	ok	True
chr8	67043309	67043310	-	0.572414	mod_ratio	147	T	AGTTT	ok	True
chr8	67045834	67045835	-	0.257143	mod_ratio	143	T	AGTTT	ok	True
chr8	67056520	67056521	-	0.336	mod_ratio	126	T	TGTTT	ok	True
chr8	67057390	67057391	-	0.322314	mod_ratio	122	T	TGTCC	ok	True
chr8	67061954	67061955	-	0.428571	mod_ratio	91	T	AGTTC	ok	True
chr8	70574089	70574090	-	0.402985	mod_ratio	69	T	TGTTT	ok	True
chr8	70574920	70574921	-	0.342105	mod_ratio	77	T	AGTTT	ok	True
chr8	70583166	70583167	-	0.464789	mod_ratio	72	T	TGTTC	ok	True
chr8	70596316	70596317	-	0.510204	mod_ratio	50	T	AGTTT	ok	True
chr8	73290663	73290664	-	0.683753	mod_ratio	2770	T	TGTTT	ok	True
chr8	73291047	73291048	-	0.290903	mod_ratio	3247	T	AGTTC	ok	True
chr8	73291077	73291078	-	0.144211	mod_ratio	3447	T	GGTCC	ok	True
chr8	73291120	73291121	-	0.373199	mod_ratio	3481	T	GGTCT	ok	True
chr8	73291633	73291634	-	0.24154	mod_ratio	3438	T	AGTTC	ok	True
chr8	73291839	73291840	-	0.640097	mod_ratio	3327	T	GGTTC	ok	True
chr8	73292762	73292763	-	0.109161	mod_ratio	2872	T	GGTTT	ok	True
chr8	73293614	73293615	-	0.265685	mod_ratio	2538	T	GGTTC	ok	True
chr8	73946436	73946437	-	0.442623	mod_ratio	123	T	TGTCC	ok	True
chr8	73946526	73946527	-	0.298507	mod_ratio	136	T	AGTTC	ok	True
chr8	73946645	73946646	-	0.358382	mod_ratio	359	T	AGTTC	ok	True
chr8	73946662	73946663	-	0.436813	mod_ratio	366	T	AGTTC	ok	True
chr8	73946799	73946800	-	0.119114	mod_ratio	365	T	GGTTT	ok	True
chr8	73959814	73959815	-	0.345324	mod_ratio	299	T	AGTTT	ok	True
chr8	73972083	73972084	-	0.295082	mod_ratio	186	T	AGTCC	ok	True
chr8	73972105	73972106	-	0.137725	mod_ratio	177	T	GGTCC	ok	True
chr8	73976319	73976320	+	0.54	mod_ratio	50	A	GAACT	ok	True
chr8	79918914	79918915	-	0.278351	mod_ratio	99	T	AGTCT	ok	True
chr8	80003099	80003100	-	0.274725	mod_ratio	91	T	AGTTT	ok	True
chr8	80003138	80003139	-	0.266667	mod_ratio	91	T	TGTCT	ok	True
chr8	80037002	80037003	-	0.411111	mod_ratio	90	T	AGTTT	ok	True
chr8	80037218	80037219	-	0.294872	mod_ratio	78	T	GGTTC	ok	True
chr8	80037467	80037468	-	0.428571	mod_ratio	71	T	GGTTC	ok	True
chr8	80037543	80037544	-	0.439394	mod_ratio	68	T	TGTTT	ok	True
chr8	80037859	80037860	-	0.369565	mod_ratio	93	T	TGTCC	ok	True
chr8	80037892	80037893	-	0.797753	mod_ratio	91	T	TGTTT	ok	True
chr8	80037931	80037932	-	0.920455	mod_ratio	90	T	TGTTT	ok	True
chr8	80037967	80037968	-	0.581395	mod_ratio	88	T	TGTTT	ok	True
chr8	80053331	80053332	-	0.680556	mod_ratio	74	T	AGTTC	ok	True
chr8	85214526	85214527	-	0.280899	mod_ratio	92	T	GGTCT	ok	True
chr8	85214604	85214605	-	0.322917	mod_ratio	96	T	GGTTT	ok	True
chr8	85214938	85214939	-	0.426829	mod_ratio	82	T	GGTTC	ok	True
chr8	85214971	85214972	-	0.317073	mod_ratio	82	T	AGTTC	ok	True
chr8	85215032	85215033	-	0.578313	mod_ratio	83	T	TGTTT	ok	True
chr8	85217409	85217410	-	0.234694	mod_ratio	98	T	GGTTT	ok	True
chr8	85217419	85217420	-	0.387755	mod_ratio	98	T	TGTTT	ok	True
chr8	85220311	85220312	-	0.516484	mod_ratio	91	T	AGTTT	ok	True
chr8	86480320	86480321	-	0.545455	mod_ratio	44	T	AGTTC	ok	True
chr8	95035566	95035567	+	0.54717	mod_ratio	55	A	GAACT	ok	True
chr8	95045605	95045606	+	0.410714	mod_ratio	57	A	AAACA	ok	True
chr8	96230996	96230997	-	0.160665	mod_ratio	364	T	TGTTT	ok	True
chr8	96231000	96231001	-	0.66205	mod_ratio	365	T	TGTTT	ok	True
chr8	96231007	96231008	-	0.244505	mod_ratio	366	T	AGTTT	ok	True
chr8	96231114	96231115	-	0.244681	mod_ratio	378	T	GGTTC	ok	True
chr8	96231822	96231823	-	0.336735	mod_ratio	393	T	AGTTC	ok	True
chr8	96231828	96231829	-	0.109694	mod_ratio	393	T	GGTCC	ok	True
chr8	96231870	96231871	-	0.303342	mod_ratio	392	T	GGTTC	ok	True
chr8	96233159	96233160	-	0.136483	mod_ratio	381	T	AGTTT	ok	True
chr8	96243990	96243991	-	0.520833	mod_ratio	49	T	AGTTT	ok	True
chr8	96244053	96244054	-	0.729167	mod_ratio	49	T	TGTTT	ok	True
chr8	96299822	96299823	+	0.783784	mod_ratio	37	A	GGACT	ok	True
chr8	96333633	96333634	+	0.438596	mod_ratio	57	A	GAACT	ok	True
chr8	96602483	96602484	+	0.621622	mod_ratio	38	A	AAACC	ok	True
chr8	97644844	97644845	+	0.33829	mod_ratio	271	A	GAACA	ok	True
chr8	97644858	97644859	+	0.173432	mod_ratio	274	A	GAACC	ok	True
chr8	97644868	97644869	+	0.175182	mod_ratio	274	A	AAACT	ok	True
chr8	97644886	97644887	+	0.161172	mod_ratio	273	A	AAAGT	ok	False
chr8	97661083	97661084	+	0.145985	mod_ratio	275	A	GGACT	ok	True
chr8	97661116	97661117	+	0.210332	mod_ratio	276	A	GAACA	ok	True
chr8	97687439	97687440	+	0.305732	mod_ratio	158	A	AAACT	ok	True
chr8	97690972	97690973	+	0.134831	mod_ratio	178	A	AAACC	ok	True
chr8	97691015	97691016	+	0.149171	mod_ratio	181	A	AAACT	ok	True
chr8	97691053	97691054	+	0.244444	mod_ratio	180	A	GAACT	ok	True
chr8	97691088	97691089	+	0.296089	mod_ratio	179	A	AAACT	ok	True
chr8	97691143	97691144	+	0.164835	mod_ratio	182	A	AGACT	ok	True
chr8	97706728	97706729	+	0.147727	mod_ratio	180	A	GAACC	ok	True
chr8	97805429	97805430	+	0.314286	mod_ratio	148	A	GAACT	ok	True
chr8	97816115	97816116	+	0.137143	mod_ratio	184	A	GAACA	ok	True
chr8	97816151	97816152	+	0.331522	mod_ratio	196	A	AAACT	ok	True
chr8	97825082	97825083	+	0.404444	mod_ratio	229	A	GAACT	ok	True
chr8	97825109	97825110	+	0.118421	mod_ratio	232	A	GAACT	ok	True
chr8	97851620	97851621	+	0.142857	mod_ratio	264	A	AAACT	ok	True
chr8	97851732	97851733	+	0.228261	mod_ratio	280	A	AAACT	ok	True
chr8	97851849	97851850	+	0.157407	mod_ratio	258	A	AGACA	ok	True
chr8	97851887	97851888	+	0.106667	mod_ratio	231	A	AAACC	ok	True
chr8	97851898	97851899	+	0.233766	mod_ratio	233	A	AAACA	ok	True
chr8	97852054	97852055	+	0.281955	mod_ratio	268	A	AGACC	ok	True
chr8	97852126	97852127	+	0.122744	mod_ratio	277	A	GGACA	ok	True
chr8	97852384	97852385	+	0.352349	mod_ratio	300	A	GAACT	ok	True
chr8	97852420	97852421	+	0.784053	mod_ratio	301	A	AAACA	ok	True
chr8	97852579	97852580	+	0.191235	mod_ratio	296	A	AAACA	ok	True
chr8	98041762	98041763	-	0.237374	mod_ratio	3426	T	GGTTT	ok	True
chr8	98041769	98041770	-	0.323572	mod_ratio	3438	T	GGTTT	ok	True
chr8	98041799	98041800	-	0.472502	mod_ratio	3524	T	GGTTT	ok	True
chr8	98042702	98042703	-	0.279107	mod_ratio	3728	T	AGTTC	ok	True
chr8	98102574	98102575	-	0.5	mod_ratio	46	T	TGTTT	ok	True
chr8	99878161	99878162	-	0.456522	mod_ratio	545	T	TGTTT	ok	True
chr8	99878212	99878213	-	0.504039	mod_ratio	631	T	AGTTC	ok	True
chr8	99887568	99887569	-	0.233909	mod_ratio	644	T	AGTTT	ok	True
chr8	99891997	99891998	-	0.142857	mod_ratio	628	T	GGTTT	ok	True
chr8	100150657	100150658	+	0.282353	mod_ratio	162	A	GGACT	ok	True
chr8	100151359	100151360	+	0.47561	mod_ratio	251	A	GGACA	ok	True
chr8	100151906	100151907	+	0.131086	mod_ratio	274	A	GGACT	ok	True
chr8	100153463	100153464	+	0.175585	mod_ratio	601	A	AAACC	ok	True
chr8	100153470	100153471	+	0.320534	mod_ratio	601	A	AAACA	ok	True
chr8	100153480	100153481	+	0.242881	mod_ratio	601	A	AAACC	ok	True
chr8	100153899	100153900	+	0.428571	mod_ratio	223	A	AAACC	ok	True
chr8	100153962	100153963	+	0.154206	mod_ratio	217	A	GAACC	ok	True
chr8	100703147	100703148	-	0.386986	mod_ratio	296	T	TGTTT	ok	True
chr8	100703155	100703156	-	0.116041	mod_ratio	297	T	TGTTT	ok	True
chr8	100703192	100703193	-	0.333333	mod_ratio	294	T	TGTTT	ok	True
chr8	100703226	100703227	-	0.397924	mod_ratio	291	T	GGTTC	ok	True
chr8	100703233	100703234	-	0.118056	mod_ratio	293	T	AGTTT	ok	True
chr8	100703272	100703273	-	0.206406	mod_ratio	295	T	TGTTT	ok	True
chr8	100703294	100703295	-	0.137809	mod_ratio	291	T	AGTTT	ok	True
chr8	100703304	100703305	-	0.302491	mod_ratio	288	T	TGTTT	ok	True
chr8	100703334	100703335	-	0.136691	mod_ratio	286	T	AGTTT	ok	True
chr8	100703347	100703348	-	0.175182	mod_ratio	283	T	GGTCC	ok	True
chr8	100705646	100705647	-	0.784038	mod_ratio	219	T	GGTTC	ok	True
chr8	100706932	100706933	-	0.402878	mod_ratio	141	T	GGTCT	ok	True
chr8	100706953	100706954	-	0.789855	mod_ratio	139	T	GGTCT	ok	True
chr8	100709156	100709157	-	0.203252	mod_ratio	134	T	AGTCC	ok	True
chr8	100709215	100709216	-	0.361111	mod_ratio	118	T	GGTTC	ok	True
chr8	100712684	100712685	-	0.324324	mod_ratio	75	T	TGTTC	ok	True
chr8	100712702	100712703	-	0.383562	mod_ratio	75	T	AGTTC	ok	True
chr8	100918865	100918866	-	0.473684	mod_ratio	57	T	TGTTT	ok	True
chr8	100919563	100919564	-	0.714286	mod_ratio	35	T	TGTTT	ok	True
chr8	100920358	100920359	-	0.444444	mod_ratio	64	T	AGTTT	ok	True
chr8	100920644	100920645	-	0.361775	mod_ratio	295	T	GGTCT	ok	True
chr8	100923964	100923965	-	0.242958	mod_ratio	287	T	TGTCT	ok	True
chr8	100924026	100924027	-	0.164875	mod_ratio	279	T	AGTTC	ok	True
chr8	100924168	100924169	-	0.136029	mod_ratio	273	T	AGTTC	ok	True
chr8	100948691	100948692	-	0.109649	mod_ratio	229	T	TGTTC	ok	True
chr8	100948856	100948857	-	0.203704	mod_ratio	216	T	AGTTT	ok	True
chr8	100951933	100951934	-	0.349112	mod_ratio	169	T	TGTCC	ok	True
chr8	101199129	101199130	-	0.294737	mod_ratio	195	T	TGTTT	ok	True
chr8	101200096	101200097	-	0.127551	mod_ratio	197	T	TGTCT	ok	True
chr8	101201663	101201664	-	0.14359	mod_ratio	195	T	TGTCC	ok	True
chr8	103055872	103055873	+	0.829268	mod_ratio	42	A	AAACC	ok	True
chr8	103069106	103069107	+	0.694444	mod_ratio	37	A	AAACA	ok	True
chr8	103415504	103415505	+	0.632911	mod_ratio	79	A	GGACT	ok	True
chr8	103420272	103420273	+	0.56962	mod_ratio	80	A	AAACT	ok	True
chr8	103427163	103427164	+	0.427083	mod_ratio	96	A	AGACA	ok	True
chr8	103432695	103432696	+	0.319588	mod_ratio	102	A	GAACC	ok	True
chr8	103441585	103441586	+	0.566038	mod_ratio	107	A	GAACA	ok	True
chr8	103442812	103442813	+	0.59434	mod_ratio	107	A	AAACA	ok	True
chr8	103442857	103442858	+	0.47619	mod_ratio	107	A	AAACA	ok	True
chr8	108201794	108201795	-	0.457778	mod_ratio	226	T	TGTTT	ok	True
chr8	108201854	108201855	-	0.407407	mod_ratio	249	T	AGTTT	ok	True
chr8	108201880	108201881	-	0.196226	mod_ratio	266	T	GGTTC	ok	True
chr8	108203006	108203007	-	0.14717	mod_ratio	265	T	AGTTT	ok	True
chr8	108203059	108203060	-	0.117871	mod_ratio	266	T	GGTCT	ok	True
chr8	108203427	108203428	-	0.127907	mod_ratio	260	T	AGTCT	ok	True
chr8	108214640	108214641	-	0.132	mod_ratio	251	T	AGTCT	ok	True
chr8	108217391	108217392	-	0.153191	mod_ratio	236	T	TGTTT	ok	True
chr8	108229083	108229084	-	0.121107	mod_ratio	293	T	GGTCT	ok	True
chr8	108236170	108236171	-	0.310811	mod_ratio	299	T	TGTCC	ok	True
chr8	108239982	108239983	-	0.197232	mod_ratio	295	T	AGTTT	ok	True
chr8	108240013	108240014	-	0.125436	mod_ratio	289	T	GGTTC	ok	True
chr8	108240018	108240019	-	0.332168	mod_ratio	289	T	TGTTT	ok	True
chr8	108240034	108240035	-	0.321678	mod_ratio	290	T	TGTTT	ok	True
chr8	108240057	108240058	-	0.336842	mod_ratio	289	T	GGTTC	ok	True
chr8	108241848	108241849	-	0.298561	mod_ratio	280	T	AGTCT	ok	True
chr8	108475911	108475912	+	0.585366	mod_ratio	42	A	GAACT	ok	True
chr8	108476816	108476817	+	0.547619	mod_ratio	42	A	GAACT	ok	True
chr8	108476849	108476850	+	0.547619	mod_ratio	42	A	AAACT	ok	True
chr8	109336140	109336141	+	0.151659	mod_ratio	213	A	GAACA	ok	True
chr8	109336187	109336188	+	0.246575	mod_ratio	222	A	AAACT	ok	True
chr8	109343451	109343452	+	0.102128	mod_ratio	237	A	GAACA	ok	True
chr8	109343526	109343527	+	0.286325	mod_ratio	234	A	AAACT	ok	True
chr8	116644970	116644971	-	0.232026	mod_ratio	307	T	AGTTC	ok	True
chr8	116645078	116645079	-	0.111465	mod_ratio	317	T	TGTTC	ok	True
chr8	116645093	116645094	-	0.409524	mod_ratio	316	T	TGTTT	ok	True
chr8	116646487	116646488	-	0.11465	mod_ratio	315	T	AGTCC	ok	True
chr8	116646513	116646514	-	0.635783	mod_ratio	314	T	GGTTT	ok	True
chr8	116646522	116646523	-	0.121406	mod_ratio	314	T	AGTTT	ok	True
chr8	116646552	116646553	-	0.169329	mod_ratio	315	T	GGTTC	ok	True
chr8	116648811	116648812	-	0.146179	mod_ratio	304	T	TGTTT	ok	True
chr8	116648826	116648827	-	0.576792	mod_ratio	302	T	TGTTT	ok	True
chr8	116648890	116648891	-	0.121528	mod_ratio	295	T	TGTCC	ok	True
chr8	116655881	116655882	-	0.185714	mod_ratio	287	T	TGTTT	ok	True
chr8	116655911	116655912	-	0.448029	mod_ratio	283	T	AGTTC	ok	True
chr8	116657255	116657256	-	0.288889	mod_ratio	271	T	AGTTT	ok	True
chr8	116657267	116657268	-	0.168539	mod_ratio	271	T	AGTCT	ok	True
chr8	116657302	116657303	-	0.584615	mod_ratio	262	T	AGTTT	ok	True
chr8	116658865	116658866	-	0.384921	mod_ratio	256	T	AGTCC	ok	True
chr8	116658937	116658938	-	0.873984	mod_ratio	246	T	TGTTT	ok	True
chr8	116726126	116726127	-	0.313305	mod_ratio	236	T	AGTTC	ok	True
chr8	116726133	116726134	-	0.274678	mod_ratio	233	T	TGTCC	ok	True
chr8	116726151	116726152	-	0.317597	mod_ratio	233	T	TGTTT	ok	True
chr8	116846312	116846313	-	0.577778	mod_ratio	47	T	AGTTT	ok	True
chr8	116846580	116846581	-	0.74359	mod_ratio	41	T	AGTTT	ok	True
chr8	116846889	116846890	-	0.537313	mod_ratio	67	T	AGTCC	ok	True
chr8	116847106	116847107	-	0.384615	mod_ratio	66	T	AGTTT	ok	True
chr8	116847629	116847630	-	0.787234	mod_ratio	48	T	TGTTC	ok	True
chr8	119834751	119834752	-	0.857143	mod_ratio	28	T	AGTTT	ok	True
chr8	120395910	120395911	-	0.169014	mod_ratio	285	T	GGTTC	ok	True
chr8	120396019	120396020	-	0.119454	mod_ratio	294	T	TGTTT	ok	True
chr8	120413994	120413995	-	0.770833	mod_ratio	289	T	AGTCC	ok	True
chr8	120419900	120419901	-	0.31769	mod_ratio	281	T	GGTTT	ok	True
chr8	120419929	120419930	-	0.215054	mod_ratio	280	T	AGTTT	ok	True
chr8	120432055	120432056	-	0.128405	mod_ratio	259	T	TGTTC	ok	True
chr8	120432065	120432066	-	0.185039	mod_ratio	258	T	TGTTT	ok	True
chr8	120443245	120443246	-	0.225296	mod_ratio	254	T	AGTTT	ok	True
chr8	123220083	123220084	-	0.6	mod_ratio	50	T	GGTTT	ok	True
chr8	123226578	123226579	-	0.415385	mod_ratio	66	T	AGTTC	ok	True
chr8	123231617	123231618	-	0.442308	mod_ratio	52	T	AGTTC	ok	True
chr8	124495531	124495532	-	0.534884	mod_ratio	45	T	AGTTT	ok	True
chr8	124547085	124547086	+	0.117725	mod_ratio	759	A	AAACT	ok	True
chr8	124549941	124549942	+	0.21826	mod_ratio	718	A	GAACA	ok	True
chr8	125182227	125182228	+	0.676471	mod_ratio	34	A	AAACA	ok	True
chr8	127740921	127740922	+	0.723077	mod_ratio	130	A	AAACA	ok	True
chr8	127740927	127740928	+	0.238462	mod_ratio	131	A	AAACT	ok	True
chr8	127740933	127740934	+	0.476923	mod_ratio	131	A	GAACA	ok	True
chr8	127740944	127740945	+	0.29771	mod_ratio	131	A	GAACT	ok	True
chr8	127741015	127741016	+	0.276923	mod_ratio	131	A	GAACT	ok	True
chr8	127741070	127741071	+	0.55814	mod_ratio	131	A	AGACT	ok	True
chr8	127741095	127741096	+	0.411111	mod_ratio	125	A	AAACT	ok	True
chr8	127742633	127742634	+	0.428571	mod_ratio	72	A	AAACA	ok	True
chr8	127742679	127742680	+	0.457627	mod_ratio	60	A	AAACT	ok	True
chr8	127742796	127742797	+	0.451613	mod_ratio	62	A	AAACC	ok	True
chr8	129841858	129841859	-	0.434211	mod_ratio	76	T	AGTTC	ok	True
chr8	129850838	129850839	-	0.731343	mod_ratio	68	T	TGTTT	ok	True
chr8	142700615	142700616	+	0.406349	mod_ratio	318	A	GGACT	ok	True
chr8	142703379	142703380	+	0.165049	mod_ratio	412	A	GGACT	ok	True
chr8	142703389	142703390	+	0.301703	mod_ratio	412	A	AGACT	ok	True
chr8	142703410	142703411	+	0.128788	mod_ratio	408	A	GGACT	ok	True
chr8	142703421	142703422	+	0.32626	mod_ratio	396	A	AGACC	ok	True
chr8	142703444	142703445	+	0.313492	mod_ratio	354	A	AAACT	ok	True
chr8	143021343	143021344	+	0.163842	mod_ratio	184	A	GAACC	ok	True
chr8	143021394	143021395	+	0.134409	mod_ratio	191	A	GGACA	ok	True
chr8	143022015	143022016	+	0.830508	mod_ratio	296	A	GGACC	ok	True
chr8	143022078	143022079	+	0.256579	mod_ratio	307	A	GGACA	ok	True
chr8	143574812	143574813	-	0.707317	mod_ratio	50	T	TGTTT	ok	True
chr8	143580048	143580049	-	0.179584	mod_ratio	531	T	AGTCT	ok	True
chr8	143580052	143580053	-	0.139887	mod_ratio	531	T	TGTCC	ok	True
chr8	143580189	143580190	-	0.208984	mod_ratio	516	T	TGTCC	ok	True
chr8	143580614	143580615	-	0.120763	mod_ratio	481	T	TGTCC	ok	True
chr8	143581245	143581246	-	0.34456	mod_ratio	389	T	GGTTC	ok	True
chr8	143581290	143581291	-	0.235897	mod_ratio	394	T	GGTCT	ok	True
chr8	143586834	143586835	-	0.162069	mod_ratio	302	T	AGTTT	ok	True
chr8	143612729	143612730	-	0.395833	mod_ratio	97	T	GGTTT	ok	True
chr8	143612879	143612880	-	0.260417	mod_ratio	98	T	GGTCC	ok	True
chr8	143613542	143613543	-	0.53012	mod_ratio	84	T	AGTCC	ok	True
chr8	143816499	143816500	-	0.118644	mod_ratio	236	T	AGTCC	ok	True
chr8	143816626	143816627	-	0.140426	mod_ratio	236	T	AGTCT	ok	True
chr8	143816693	143816694	-	0.119469	mod_ratio	228	T	TGTTT	ok	True
chr8	143816718	143816719	-	0.545045	mod_ratio	225	T	GGTTC	ok	True
chr8	143816778	143816779	-	0.135922	mod_ratio	214	T	TGTCC	ok	True
chr8	143817736	143817737	-	0.408	mod_ratio	127	T	GGTTC	ok	True
chr8	143818394	143818395	-	0.372093	mod_ratio	92	T	AGTCC	ok	True
chr8	144078753	144078754	+	0.173077	mod_ratio	160	A	GGACC	ok	True
chr8	144079973	144079974	+	0.610465	mod_ratio	173	A	GGACA	ok	True
chr8	144079988	144079989	+	0.25	mod_ratio	174	A	GAACT	ok	True
chr8	144080048	144080049	+	0.154286	mod_ratio	179	A	GGACC	ok	True
chr8	144080086	144080087	+	0.139665	mod_ratio	181	A	AGACT	ok	True
chr8	144080326	144080327	+	0.116162	mod_ratio	200	A	AGACT	ok	True
chr8	144080377	144080378	+	0.113861	mod_ratio	206	A	GGACC	ok	True
chr8	144080444	144080445	+	0.262136	mod_ratio	207	A	GGACA	ok	True
chr8	144080485	144080486	+	0.201923	mod_ratio	208	A	GGACC	ok	True
chr8	144080596	144080597	+	0.537037	mod_ratio	165	A	GGACT	ok	True
chr8	144095219	144095220	+	0.13964	mod_ratio	673	A	GGACA	ok	True
chr8	144096019	144096020	+	0.398618	mod_ratio	879	A	GGACC	ok	True
chr8	144096179	144096180	+	0.127546	mod_ratio	942	A	GGACT	ok	True
chr8	144096597	144096598	+	0.158355	mod_ratio	1158	A	GGACT	ok	True
chr8	144097369	144097370	+	0.343099	mod_ratio	1305	A	GAACA	ok	True
chr8	144097459	144097460	+	0.11838	mod_ratio	1302	A	AGACC	ok	True
chr8	144105740	144105741	+	0.810811	mod_ratio	77	A	AGACT	ok	True
chr8	144105907	144105908	+	0.513158	mod_ratio	77	A	AAACA	ok	True
chr8	144106404	144106405	+	0.306122	mod_ratio	99	A	AAACC	ok	True
chr8	144106875	144106876	+	0.219697	mod_ratio	135	A	GGACA	ok	True
chr8	144106940	144106941	+	0.159722	mod_ratio	151	A	AGACC	ok	True
chr8	144106959	144106960	+	0.758389	mod_ratio	151	A	GGACA	ok	True
chr8	144107371	144107372	+	0.226519	mod_ratio	183	A	GAACT	ok	True
chr8	144107386	144107387	+	0.164835	mod_ratio	183	A	GGACA	ok	True
chr8	144314569	144314570	+	0.22293	mod_ratio	160	A	GGACT	ok	True
chr8	144314680	144314681	+	0.155405	mod_ratio	153	A	GGACA	ok	True
chr8	144314685	144314686	+	0.159722	mod_ratio	153	A	AGACA	ok	True
chr8	144314703	144314704	+	0.836066	mod_ratio	143	A	AAACA	ok	True
chr8	144361196	144361197	+	0.316239	mod_ratio	118	A	GGACC	ok	True
chr8	144361233	144361234	+	0.217391	mod_ratio	117	A	GGACC	ok	True
chr8	144789832	144789833	-	0.115752	mod_ratio	4526	T	GGTTC	ok	True
chr8	144790388	144790389	-	0.222826	mod_ratio	4468	T	AGTTC	ok	True
chr8	144791380	144791381	-	0.167242	mod_ratio	4100	T	AGTTC	ok	True
chr8	144791912	144791913	-	0.141619	mod_ratio	3441	T	TGTCC	ok	True
chr8	144850667	144850668	-	0.428571	mod_ratio	91	T	AGTCC	ok	True
chr8	144851379	144851380	-	0.627119	mod_ratio	59	T	GGTCC	ok	True
chr8	145052593	145052594	+	0.289474	mod_ratio	155	A	GGACA	ok	True
chr8	145052788	145052789	+	0.306306	mod_ratio	147	A	AAACA	ok	True
chr8	145052857	145052858	+	0.391304	mod_ratio	94	A	AAACT	ok	True
chr8	145053129	145053130	+	0.255319	mod_ratio	94	A	AAACC	ok	True
chr8	145054312	145054313	+	0.388889	mod_ratio	108	A	AGACC	ok	True
chr8	145054977	145054978	+	0.706667	mod_ratio	77	A	AGACT	ok	True
chr8	145055161	145055162	+	0.360465	mod_ratio	87	A	AGACT	ok	True
chr8	145055522	145055523	+	0.198347	mod_ratio	122	A	AAACA	ok	True
chr8	145055862	145055863	+	0.2	mod_ratio	136	A	GGACA	ok	True
chr2	264972	264973	+	0.346032	mod_ratio	317	A	GAACA	ok	True
chr2	271925	271926	+	0.167683	mod_ratio	329	A	AAACA	ok	True
chr2	272079	272080	+	0.145228	mod_ratio	242	A	GAACC	ok	True
chr2	277030	277031	+	0.476454	mod_ratio	362	A	GAACT	ok	True
chr2	277340	277341	+	0.310345	mod_ratio	377	A	AGACC	ok	True
chr2	277536	277537	+	0.151685	mod_ratio	179	A	AGACT	ok	True
chr2	277545	277546	+	0.357542	mod_ratio	179	A	GAACA	ok	True
chr2	277594	277595	+	0.277778	mod_ratio	182	A	AAACA	ok	True
chr2	277864	277865	+	0.278607	mod_ratio	204	A	AAACA	ok	True
chr2	277957	277958	+	0.407767	mod_ratio	209	A	GAACC	ok	True
chr2	277974	277975	+	0.173913	mod_ratio	212	A	AAACT	ok	True
chr2	277998	277999	+	0.17619	mod_ratio	213	A	GGACA	ok	True
chr2	3498064	3498065	-	0.466667	mod_ratio	60	T	AGTTT	ok	True
chr2	3498580	3498581	-	0.218487	mod_ratio	241	T	TGTCT	ok	True
chr2	3498946	3498947	-	0.651515	mod_ratio	204	T	AGTTC	ok	True
chr2	3499036	3499037	-	0.194595	mod_ratio	189	T	TGTCC	ok	True
chr2	3500907	3500908	-	0.145349	mod_ratio	175	T	TGTCC	ok	True
chr2	3513877	3513878	-	0.679487	mod_ratio	160	T	AGTTT	ok	True
chr2	3513902	3513903	-	0.149351	mod_ratio	156	T	TGTCC	ok	True
chr2	3513917	3513918	-	0.431373	mod_ratio	155	T	AGTTC	ok	True
chr2	3545788	3545789	-	0.337662	mod_ratio	78	T	AGTCT	ok	True
chr2	3547940	3547941	-	0.486486	mod_ratio	74	T	TGTCC	ok	True
chr2	3549096	3549097	-	0.428571	mod_ratio	70	T	AGTCT	ok	True
chr2	3561608	3561609	+	0.793103	mod_ratio	29	A	AAACC	ok	True
chr2	3575838	3575839	+	0.152232	mod_ratio	4940	A	GAACT	ok	True
chr2	3580193	3580194	+	0.12715	mod_ratio	5362	A	AAACT	ok	True
chr2	3580228	3580229	+	0.106046	mod_ratio	5336	A	GGACA	ok	True
chr2	3580810	3580811	+	0.151075	mod_ratio	5174	A	AAACT	ok	True
chr2	3580882	3580883	+	0.497373	mod_ratio	4621	A	AAACA	ok	True
chr2	9406780	9406781	-	0.204301	mod_ratio	187	T	AGTTT	ok	True
chr2	9406839	9406840	-	0.12766	mod_ratio	190	T	GGTTT	ok	True
chr2	9407504	9407505	-	0.297872	mod_ratio	144	T	GGTCT	ok	True
chr2	9412296	9412297	-	0.298246	mod_ratio	173	T	GGTCT	ok	True
chr2	9412331	9412332	-	0.517647	mod_ratio	172	T	AGTTT	ok	True
chr2	9412337	9412338	-	0.160714	mod_ratio	172	T	AGTTT	ok	True
chr2	9412403	9412404	-	0.256757	mod_ratio	153	T	TGTCC	ok	True
chr2	9481416	9481417	+	0.677966	mod_ratio	60	A	AAACA	ok	True
chr2	9484508	9484509	+	0.387097	mod_ratio	64	A	GGACT	ok	True
chr2	9484542	9484543	+	0.380952	mod_ratio	64	A	GGACA	ok	True
chr2	9488416	9488417	+	0.412698	mod_ratio	64	A	AAACC	ok	True
chr2	9583989	9583990	-	0.480392	mod_ratio	164	T	TGTCC	ok	True
chr2	9584222	9584223	-	0.132184	mod_ratio	177	T	TGTCC	ok	True
chr2	9584269	9584270	-	0.30814	mod_ratio	289	T	GGTTT	ok	True
chr2	9584378	9584379	-	0.429799	mod_ratio	351	T	GGTCC	ok	True
chr2	9584983	9584984	-	0.169872	mod_ratio	317	T	GGTTC	ok	True
chr2	9585016	9585017	-	0.132258	mod_ratio	312	T	AGTCC	ok	True
chr2	9585031	9585032	-	0.194805	mod_ratio	312	T	TGTTT	ok	True
chr2	9585048	9585049	-	0.289037	mod_ratio	307	T	TGTTT	ok	True
chr2	9585134	9585135	-	0.234266	mod_ratio	291	T	AGTTT	ok	True
chr2	9585248	9585249	-	0.174905	mod_ratio	267	T	GGTTT	ok	True
chr2	9585289	9585290	-	0.334615	mod_ratio	260	T	AGTTT	ok	True
chr2	9585331	9585332	-	0.103175	mod_ratio	255	T	TGTCT	ok	True
chr2	9585338	9585339	-	0.126984	mod_ratio	253	T	TGTCC	ok	True
chr2	9587485	9587486	-	0.209877	mod_ratio	244	T	AGTTC	ok	True
chr2	9630247	9630248	-	0.282353	mod_ratio	171	T	GGTCT	ok	True
chr2	10127171	10127172	+	0.454545	mod_ratio	68	A	GGACT	ok	True
chr2	10128882	10128883	+	0.880597	mod_ratio	68	A	AAACA	ok	True
chr2	10128897	10128898	+	0.358209	mod_ratio	68	A	AAACC	ok	True
chr2	10129138	10129139	+	0.380282	mod_ratio	75	A	GAACT	ok	True
chr2	10129249	10129250	+	0.386667	mod_ratio	81	A	GAACC	ok	True
chr2	10129676	10129677	+	0.355556	mod_ratio	90	A	AAACA	ok	True
chr2	10129781	10129782	+	0.56338	mod_ratio	83	A	AAACA	ok	True
chr2	10426850	10426851	+	0.630435	mod_ratio	46	A	AAACA	ok	True
chr2	10783484	10783485	-	0.347458	mod_ratio	118	T	TGTTT	ok	True
chr2	10783508	10783509	-	0.364407	mod_ratio	118	T	TGTTC	ok	True
chr2	10783560	10783561	-	0.398305	mod_ratio	119	T	GGTTC	ok	True
chr2	10783748	10783749	-	0.571429	mod_ratio	112	T	TGTTT	ok	True
chr2	10783867	10783868	-	0.293233	mod_ratio	261	T	TGTCC	ok	True
chr2	10783993	10783994	-	0.520833	mod_ratio	294	T	TGTTT	ok	True
chr2	10784007	10784008	-	0.119454	mod_ratio	300	T	AGTTT	ok	True
chr2	10784080	10784081	-	0.188356	mod_ratio	295	T	TGTTT	ok	True
chr2	10784099	10784100	-	0.128472	mod_ratio	291	T	AGTTC	ok	True
chr2	10784114	10784115	-	0.184028	mod_ratio	289	T	TGTTT	ok	True
chr2	10784187	10784188	-	0.355932	mod_ratio	301	T	TGTCC	ok	True
chr2	10784235	10784236	-	0.341216	mod_ratio	298	T	GGTCT	ok	True
chr2	10787398	10787399	-	0.241379	mod_ratio	237	T	GGTCT	ok	True
chr2	10787405	10787406	-	0.265217	mod_ratio	234	T	AGTTC	ok	True
chr2	10787428	10787429	-	0.126126	mod_ratio	230	T	TGTCC	ok	True
chr2	10788967	10788968	-	0.437811	mod_ratio	202	T	TGTCC	ok	True
chr2	10790769	10790770	-	0.442424	mod_ratio	169	T	AGTTT	ok	True
chr2	10791805	10791806	-	0.139535	mod_ratio	174	T	TGTCC	ok	True
chr2	10791851	10791852	-	0.136905	mod_ratio	172	T	TGTCC	ok	True
chr2	10793098	10793099	-	0.21118	mod_ratio	162	T	TGTTT	ok	True
chr2	10797096	10797097	-	0.204225	mod_ratio	146	T	GGTCT	ok	True
chr2	15597410	15597411	+	0.509804	mod_ratio	51	A	AAACT	ok	True
chr2	15603195	15603196	+	0.54902	mod_ratio	52	A	AAACA	ok	True
chr2	15607235	15607236	+	0.310811	mod_ratio	75	A	GAACC	ok	True
chr2	15607260	15607261	+	0.384615	mod_ratio	78	A	AAACT	ok	True
chr2	15607267	15607268	+	0.871795	mod_ratio	78	A	GAACA	ok	True
chr2	15617272	15617273	+	0.3125	mod_ratio	82	A	AGACT	ok	True
chr2	15617304	15617305	+	0.444444	mod_ratio	85	A	GAACT	ok	True
chr2	15620251	15620252	+	0.244681	mod_ratio	97	A	AAACT	ok	True
chr2	15620354	15620355	+	0.25	mod_ratio	98	A	AAACT	ok	True
chr2	15627069	15627070	+	0.324561	mod_ratio	114	A	GGACA	ok	True
chr2	15628670	15628671	+	0.186992	mod_ratio	123	A	AAACT	ok	True
chr2	15629651	15629652	+	0.272	mod_ratio	125	A	AGACT	ok	True
chr2	15630017	15630018	+	0.578125	mod_ratio	129	A	GAACT	ok	True
chr2	15630897	15630898	+	0.451128	mod_ratio	135	A	GAACC	ok	True
chr2	15630957	15630958	+	0.412214	mod_ratio	131	A	AAACT	ok	True
chr2	15631039	15631040	+	0.287879	mod_ratio	132	A	AAACA	ok	True
chr2	19897083	19897084	-	0.410256	mod_ratio	78	T	AGTCT	ok	True
chr2	20032783	20032784	-	0.142857	mod_ratio	259	T	AGTTC	ok	True
chr2	20033070	20033071	-	0.294537	mod_ratio	448	T	TGTTT	ok	True
chr2	20033231	20033232	-	0.59542	mod_ratio	525	T	GGTTC	ok	True
chr2	20034389	20034390	-	0.425963	mod_ratio	498	T	AGTTC	ok	True
chr2	20035024	20035025	-	0.59448	mod_ratio	477	T	AGTCC	ok	True
chr2	20051594	20051595	-	0.316017	mod_ratio	252	T	TGTTT	ok	True
chr2	24067604	24067605	-	0.458204	mod_ratio	816	T	AGTTT	ok	True
chr2	24068411	24068412	-	0.104046	mod_ratio	868	T	TGTCC	ok	True
chr2	24068433	24068434	-	0.212791	mod_ratio	866	T	TGTTC	ok	True
chr2	24068442	24068443	-	0.197661	mod_ratio	863	T	AGTTT	ok	True
chr2	24076200	24076201	-	0.219394	mod_ratio	827	T	CGTTC	ok	False
chr2	24790568	24790569	-	0.252336	mod_ratio	108	T	GGTCT	ok	True
chr2	26034559	26034560	+	0.462963	mod_ratio	54	A	GGACC	ok	True
chr2	26135083	26135084	+	0.537313	mod_ratio	68	A	AAACC	ok	True
chr2	26135109	26135110	+	0.40678	mod_ratio	65	A	AAACA	ok	True
chr2	26135207	26135208	+	0.491228	mod_ratio	61	A	AAACA	ok	True
chr2	26190886	26190887	-	0.271028	mod_ratio	129	T	GGTTT	ok	True
chr2	26190902	26190903	-	0.772727	mod_ratio	143	T	TGTTT	ok	True
chr2	26191098	26191099	-	0.189189	mod_ratio	150	T	GGTCT	ok	True
chr2	26191349	26191350	-	0.180451	mod_ratio	134	T	GGTCC	ok	True
chr2	26191526	26191527	-	0.208	mod_ratio	127	T	TGTCT	ok	True
chr2	26193670	26193671	-	0.237113	mod_ratio	98	T	TGTTT	ok	True
chr2	26204081	26204082	-	0.492063	mod_ratio	63	T	TGTCC	ok	True
chr2	26204088	26204089	-	0.793651	mod_ratio	63	T	GGTCT	ok	True
chr2	26279186	26279187	+	0.857143	mod_ratio	72	A	AGACC	ok	True
chr2	26279280	26279281	+	0.315789	mod_ratio	77	A	GGACT	ok	True
chr2	26280054	26280055	+	0.294872	mod_ratio	81	A	AAACT	ok	True
chr2	26284116	26284117	+	0.352273	mod_ratio	90	A	AGACC	ok	True
chr2	26284934	26284935	+	0.326316	mod_ratio	96	A	AAACT	ok	True
chr2	26285462	26285463	+	0.353535	mod_ratio	101	A	GGACA	ok	True
chr2	26290061	26290062	+	0.227273	mod_ratio	112	A	AAACA	ok	True
chr2	26290343	26290344	+	0.352113	mod_ratio	71	A	AAACC	ok	True
chr2	26290387	26290388	+	0.943662	mod_ratio	71	A	AAACA	ok	True
chr2	27070608	27070609	-	0.12114	mod_ratio	434	T	TGTTT	ok	True
chr2	27130783	27130784	-	0.510638	mod_ratio	49	T	TGTTT	ok	True
chr2	27131347	27131348	-	0.7	mod_ratio	44	T	AGTCC	ok	True
chr2	27215361	27215362	+	0.137339	mod_ratio	236	A	AAACT	ok	True
chr2	27215726	27215727	+	0.210938	mod_ratio	257	A	GAACC	ok	True
chr2	27216948	27216949	+	0.229682	mod_ratio	284	A	GAACT	ok	True
chr2	27216986	27216987	+	0.342657	mod_ratio	286	A	GAACT	ok	True
chr2	27309672	27309673	-	0.553191	mod_ratio	63	T	GGTTC	ok	True
chr2	27312502	27312503	-	0.614035	mod_ratio	57	T	AGTTT	ok	True
chr2	27375104	27375105	+	0.311688	mod_ratio	77	A	GAACA	ok	True
chr2	27375907	27375908	+	0.368421	mod_ratio	96	A	GAACT	ok	True
chr2	27376352	27376353	+	0.221154	mod_ratio	105	A	AGACA	ok	True
chr2	27376513	27376514	+	0.348624	mod_ratio	110	A	AAACT	ok	True
chr2	27376767	27376768	+	0.290323	mod_ratio	125	A	AAACT	ok	True
chr2	27376975	27376976	+	0.210526	mod_ratio	133	A	GGACC	ok	True
chr2	27377001	27377002	+	0.325926	mod_ratio	135	A	GAACC	ok	True
chr2	27377107	27377108	+	0.517241	mod_ratio	130	A	AAACT	ok	True
chr2	27381216	27381217	-	0.236842	mod_ratio	133	T	AGTCT	ok	True
chr2	27381300	27381301	-	0.438356	mod_ratio	149	T	TGTCC	ok	True
chr2	27381313	27381314	-	0.27027	mod_ratio	151	T	AGTTC	ok	True
chr2	27381542	27381543	-	0.5	mod_ratio	144	T	AGTCT	ok	True
chr2	27381570	27381571	-	0.235714	mod_ratio	141	T	AGTCT	ok	True
chr2	27381602	27381603	-	0.210145	mod_ratio	139	T	AGTCT	ok	True
chr2	27381676	27381677	-	0.230769	mod_ratio	132	T	AGTTT	ok	True
chr2	27381713	27381714	-	0.404762	mod_ratio	127	T	TGTTT	ok	True
chr2	27381779	27381780	-	0.298387	mod_ratio	124	T	TGTCT	ok	True
chr2	27382601	27382602	-	0.282828	mod_ratio	100	T	GGTCC	ok	True
chr2	27383465	27383466	-	0.550562	mod_ratio	91	T	GGTTT	ok	True
chr2	27441173	27441174	+	0.857143	mod_ratio	49	A	AAACA	ok	True
chr2	27647885	27647886	+	0.423729	mod_ratio	59	A	GAACC	ok	True
chr2	27650246	27650247	+	0.377049	mod_ratio	62	A	GGACC	ok	True
chr2	27774425	27774426	+	0.253589	mod_ratio	210	A	AAACA	ok	True
chr2	27774457	27774458	+	0.174528	mod_ratio	214	A	GGACA	ok	True
chr2	27774485	27774486	+	0.378505	mod_ratio	216	A	AAACC	ok	True
chr2	27774501	27774502	+	0.239437	mod_ratio	218	A	AAACT	ok	True
chr2	27779436	27779437	+	0.344595	mod_ratio	296	A	AAACA	ok	True
chr2	28799242	28799243	+	0.436364	mod_ratio	55	A	GGACT	ok	True
chr2	28799276	28799277	+	0.6	mod_ratio	55	A	GAACA	ok	True
chr2	28799614	28799615	+	0.523077	mod_ratio	66	A	AAACC	ok	True
chr2	28799749	28799750	+	0.733333	mod_ratio	60	A	AAACA	ok	True
chr2	31867978	31867979	-	0.508475	mod_ratio	59	T	TGTTT	ok	True
chr2	32024003	32024004	-	0.188329	mod_ratio	386	T	GGTTT	ok	True
chr2	32024071	32024072	-	0.153646	mod_ratio	390	T	TGTCC	ok	True
chr2	32024080	32024081	-	0.185864	mod_ratio	391	T	GGTTC	ok	True
chr2	32024169	32024170	-	0.145889	mod_ratio	379	T	TGTTC	ok	True
chr2	32024187	32024188	-	0.577128	mod_ratio	379	T	AGTTT	ok	True
chr2	32024211	32024212	-	0.351351	mod_ratio	376	T	TGTTT	ok	True
chr2	32024255	32024256	-	0.30137	mod_ratio	368	T	GGTCT	ok	True
chr2	32029616	32029617	-	0.110831	mod_ratio	402	T	AGTCC	ok	True
chr2	33583738	33583739	-	0.76087	mod_ratio	46	T	TGTTT	ok	True
chr2	33584062	33584063	-	0.722222	mod_ratio	37	T	AGTTT	ok	True
chr2	37199721	37199722	+	0.625	mod_ratio	42	A	GAACC	ok	True
chr2	37201710	37201711	+	0.608696	mod_ratio	65	A	GAACA	ok	True
chr2	38745136	38745137	-	0.400545	mod_ratio	379	T	AGTCC	ok	True
chr2	38749575	38749576	-	0.264026	mod_ratio	304	T	TGTCC	ok	True
chr2	38749635	38749636	-	0.59322	mod_ratio	298	T	GGTCT	ok	True
chr2	38749674	38749675	-	0.359589	mod_ratio	294	T	AGTTC	ok	True
chr2	38750024	38750025	-	0.208333	mod_ratio	290	T	AGTCC	ok	True
chr2	38750164	38750165	-	0.29771	mod_ratio	265	T	AGTTC	ok	True
chr2	38751346	38751347	-	0.204545	mod_ratio	228	T	AGTCC	ok	True
chr2	38781573	38781574	+	0.206897	mod_ratio	117	A	GGACA	ok	True
chr2	38781595	38781596	+	0.62931	mod_ratio	118	A	AAACT	ok	True
chr2	38781725	38781726	+	0.65812	mod_ratio	119	A	GAACC	ok	True
chr2	38781794	38781795	+	0.632479	mod_ratio	120	A	AGACC	ok	True
chr2	38781909	38781910	+	0.259615	mod_ratio	106	A	GAACA	ok	True
chr2	42350616	42350617	-	0.227273	mod_ratio	177	T	AGTCT	ok	True
chr2	42350648	42350649	-	0.192308	mod_ratio	183	T	TGTTC	ok	True
chr2	42351180	42351181	-	0.1875	mod_ratio	165	T	GGTTT	ok	True
chr2	42351298	42351299	-	0.197368	mod_ratio	154	T	GGTCC	ok	True
chr2	42353283	42353284	-	0.537736	mod_ratio	110	T	AGTTT	ok	True
chr2	43896642	43896643	-	0.416667	mod_ratio	60	T	TGTTT	ok	True
chr2	46581340	46581341	-	0.788732	mod_ratio	73	T	AGTTT	ok	True
chr2	46612263	46612264	-	0.4	mod_ratio	75	T	GGTTT	ok	True
chr2	46612330	46612331	-	0.577465	mod_ratio	71	T	TGTTT	ok	True
chr2	46615049	46615050	-	0.59322	mod_ratio	62	T	TGTTT	ok	True
chr2	47160264	47160265	-	0.44131	mod_ratio	1114	T	AGTTT	ok	True
chr2	47160295	47160296	-	0.396739	mod_ratio	1122	T	TGTTT	ok	True
chr2	47160396	47160397	-	0.133816	mod_ratio	1119	T	TGTCC	ok	True
chr2	47160403	47160404	-	0.148416	mod_ratio	1118	T	AGTCC	ok	True
chr2	47160450	47160451	-	0.479853	mod_ratio	1106	T	AGTTC	ok	True
chr2	47160519	47160520	-	0.277008	mod_ratio	1099	T	AGTTT	ok	True
chr2	47160599	47160600	-	0.111323	mod_ratio	1065	T	GGTTT	ok	True
chr2	47160649	47160650	-	0.123782	mod_ratio	1046	T	AGTCC	ok	True
chr2	47161730	47161731	-	0.635369	mod_ratio	1108	T	AGTTT	ok	True
chr2	47161808	47161809	-	0.172642	mod_ratio	1081	T	GGTTT	ok	True
chr2	47162544	47162545	-	0.22466	mod_ratio	971	T	TGTCC	ok	True
chr2	47162593	47162594	-	0.379421	mod_ratio	957	T	AGTTC	ok	True
chr2	47162617	47162618	-	0.516376	mod_ratio	927	T	AGTTC	ok	True
chr2	47176460	47176461	-	0.111372	mod_ratio	870	T	GGTTT	ok	True
chr2	47335399	47335400	+	0.120846	mod_ratio	335	A	AGACC	ok	True
chr2	47335422	47335423	+	0.108696	mod_ratio	334	A	AGACC	ok	True
chr2	47335453	47335454	+	0.368794	mod_ratio	267	A	AAACA	ok	True
chr2	47335460	47335461	+	0.380282	mod_ratio	227	A	AGACA	ok	True
chr2	47805649	47805650	+	0.585366	mod_ratio	42	A	AAACT	ok	True
chr2	54972228	54972229	-	0.481481	mod_ratio	54	T	AGTTC	ok	True
chr2	54972253	54972254	-	0.6	mod_ratio	55	T	AGTTC	ok	True
chr2	54972322	54972323	-	0.87037	mod_ratio	54	T	TGTTT	ok	True
chr2	54972368	54972369	-	0.814815	mod_ratio	55	T	AGTCC	ok	True
chr2	54972403	54972404	-	0.490909	mod_ratio	55	T	AGTCT	ok	True
chr2	54972579	54972580	-	0.386667	mod_ratio	77	T	GGTCT	ok	True
chr2	54973072	54973073	-	0.252525	mod_ratio	100	T	GGTTC	ok	True
chr2	54982559	54982560	-	0.252747	mod_ratio	91	T	AGTTC	ok	True
chr2	54982575	54982576	-	0.466667	mod_ratio	91	T	AGTTC	ok	True
chr2	54987673	54987674	-	0.410256	mod_ratio	78	T	TGTCT	ok	True
chr2	55232857	55232858	+	0.162777	mod_ratio	5075	A	AGACC	ok	True
chr2	55233367	55233368	+	0.289417	mod_ratio	5143	A	GAACC	ok	True
chr2	55234140	55234141	+	0.140907	mod_ratio	5297	A	AGACT	ok	True
chr2	55234856	55234857	+	0.100872	mod_ratio	5424	A	AGACT	ok	True
chr2	55235519	55235520	+	0.105575	mod_ratio	5357	A	AGACA	ok	True
chr2	55235561	55235562	+	0.278929	mod_ratio	5163	A	AAACC	ok	True
chr2	55235569	55235570	+	0.111842	mod_ratio	5134	A	AGACA	ok	True
chr2	55235596	55235597	+	0.118462	mod_ratio	4637	A	AGACA	ok	True
chr2	55543971	55543972	+	0.534884	mod_ratio	44	A	GAACC	ok	True
chr2	55544024	55544025	+	0.826087	mod_ratio	47	A	AGACC	ok	True
chr2	55544237	55544238	+	0.652174	mod_ratio	48	A	GAACA	ok	True
chr2	55645401	55645402	-	0.722222	mod_ratio	37	T	TGTTC	ok	True
chr2	55666995	55666996	-	0.774194	mod_ratio	31	T	TGTTT	ok	True
chr2	55866744	55866745	-	0.241379	mod_ratio	117	T	AGTTT	ok	True
chr2	55866807	55866808	-	0.201754	mod_ratio	115	T	AGTTT	ok	True
chr2	55866865	55866866	-	0.278261	mod_ratio	116	T	TGTCT	ok	True
chr2	55866943	55866944	-	0.33945	mod_ratio	112	T	TGTTT	ok	True
chr2	55870875	55870876	-	0.32	mod_ratio	77	T	AGTTC	ok	True
chr2	55870999	55871000	-	0.333333	mod_ratio	72	T	ACTTC	ok	False
chr2	55871105	55871106	-	0.428571	mod_ratio	71	T	GGTCT	ok	True
chr2	55877762	55877763	-	0.46	mod_ratio	51	T	TGTTT	ok	True
chr2	55917901	55917902	-	0.425926	mod_ratio	55	T	GGTTC	ok	True
chr2	55917919	55917920	-	0.596154	mod_ratio	54	T	TGTTT	ok	True
chr2	55917935	55917936	-	0.588235	mod_ratio	52	T	TGTTC	ok	True
chr2	55917961	55917962	-	0.541667	mod_ratio	49	T	TGTTT	ok	True
chr2	61478340	61478341	-	0.56	mod_ratio	51	T	AGTCC	ok	True
chr2	61868445	61868446	-	0.175926	mod_ratio	546	T	AGTTT	ok	True
chr2	61868455	61868456	-	0.144487	mod_ratio	572	T	AGTTT	ok	True
chr2	61868542	61868543	-	0.383981	mod_ratio	874	T	TGTTT	ok	True
chr2	61868701	61868702	-	0.515766	mod_ratio	890	T	TGTTT	ok	True
chr2	61869471	61869472	-	0.344098	mod_ratio	916	T	AGTTT	ok	True
chr2	61869526	61869527	-	0.169604	mod_ratio	919	T	AGTTC	ok	True
chr2	61872104	61872105	-	0.315254	mod_ratio	898	T	AGTTT	ok	True
chr2	61872248	61872249	-	0.210214	mod_ratio	851	T	TGTTC	ok	True
chr2	61873010	61873011	-	0.208333	mod_ratio	749	T	AGTTT	ok	True
chr2	61873102	61873103	-	0.117778	mod_ratio	454	T	GGTTC	ok	True
chr2	61873215	61873216	-	0.263514	mod_ratio	450	T	TGTCT	ok	True
chr2	61876134	61876135	-	0.111922	mod_ratio	420	T	TGTTT	ok	True
chr2	61876193	61876194	-	0.605459	mod_ratio	405	T	GGTCC	ok	True
chr2	61876924	61876925	-	0.106218	mod_ratio	387	T	TGTTT	ok	True
chr2	61877047	61877048	-	0.105556	mod_ratio	365	T	TGTCC	ok	True
chr2	61878875	61878876	-	0.188953	mod_ratio	346	T	AGTTC	ok	True
chr2	61878906	61878907	-	0.108824	mod_ratio	343	T	AGTTT	ok	True
chr2	61878922	61878923	-	0.464286	mod_ratio	339	T	AGTTC	ok	True
chr2	61883491	61883492	-	0.141914	mod_ratio	303	T	TGTTT	ok	True
chr2	61885040	61885041	-	0.248299	mod_ratio	295	T	GGTCC	ok	True
chr2	61888430	61888431	-	0.218354	mod_ratio	316	T	GGTCC	ok	True
chr2	61888523	61888524	-	0.131387	mod_ratio	274	T	TGTCT	ok	True
chr2	63594492	63594493	+	0.19	mod_ratio	202	A	GAACC	ok	True
chr2	63595487	63595488	+	0.509091	mod_ratio	220	A	GAACT	ok	True
chr2	63595495	63595496	+	0.104545	mod_ratio	220	A	AGACT	ok	True
chr2	63604706	63604707	+	0.511628	mod_ratio	260	A	AAACT	ok	True
chr2	63604753	63604754	+	0.110266	mod_ratio	267	A	AAACC	ok	True
chr2	63605320	63605321	+	0.623053	mod_ratio	327	A	AAACT	ok	True
chr2	63605370	63605371	+	0.171254	mod_ratio	339	A	GGACA	ok	True
chr2	63605384	63605385	+	0.144144	mod_ratio	343	A	GAACC	ok	True
chr2	63606867	63606868	+	0.140673	mod_ratio	341	A	AGACC	ok	True
chr2	63606938	63606939	+	0.373913	mod_ratio	361	A	GAACT	ok	True
chr2	63606991	63606992	+	0.243017	mod_ratio	369	A	AGACA	ok	True
chr2	63607092	63607093	+	0.112637	mod_ratio	365	A	AAACA	ok	True
chr2	63891219	63891220	+	0.370968	mod_ratio	62	A	GGACC	ok	True
chr2	65088222	65088223	-	0.257732	mod_ratio	97	T	AGTCT	ok	True
chr2	65088282	65088283	-	0.43956	mod_ratio	91	T	GGTTT	ok	True
chr2	65091073	65091074	-	0.783784	mod_ratio	40	T	TGTCC	ok	True
chr2	68042566	68042567	-	0.929293	mod_ratio	99	T	TGTTT	ok	True
chr2	68043030	68043031	-	0.270588	mod_ratio	86	T	TGTTC	ok	True
chr2	68174835	68174836	+	0.390805	mod_ratio	89	A	GGACT	ok	True
chr2	68174875	68174876	+	0.436782	mod_ratio	90	A	AAACC	ok	True
chr2	68174884	68174885	+	0.314607	mod_ratio	90	A	GAACA	ok	True
chr2	68174941	68174942	+	0.348315	mod_ratio	90	A	AAACA	ok	True
chr2	68175099	68175100	+	0.344444	mod_ratio	90	A	AAACT	ok	True
chr2	68175174	68175175	+	0.785714	mod_ratio	85	A	AAACA	ok	True
chr2	69893977	69893978	+	0.680851	mod_ratio	62	A	GGACT	ok	True
chr2	69905165	69905166	+	0.851852	mod_ratio	27	A	AAACA	ok	True
chr2	70088580	70088581	+	0.934426	mod_ratio	61	A	AAACC	ok	True
chr2	70281522	70281523	-	0.390358	mod_ratio	709	T	AGTTT	ok	True
chr2	70281538	70281539	-	0.106892	mod_ratio	735	T	AGTCT	ok	True
chr2	70288091	70288092	-	0.112113	mod_ratio	778	T	TGTCC	ok	True
chr2	70288131	70288132	-	0.146184	mod_ratio	774	T	GGTTC	ok	True
chr2	70296727	70296728	-	0.492537	mod_ratio	67	T	AGTTC	ok	True
chr2	72891559	72891560	+	0.861702	mod_ratio	94	A	GAACC	ok	True
chr2	72892027	72892028	+	0.23	mod_ratio	100	A	GAACT	ok	True
chr2	73239672	73239673	+	0.55144	mod_ratio	246	A	GGACT	ok	True
chr2	73239747	73239748	+	0.135458	mod_ratio	255	A	GAACT	ok	True
chr2	73239772	73239773	+	0.194553	mod_ratio	260	A	GGACA	ok	True
chr2	73240476	73240477	+	0.523985	mod_ratio	275	A	AAACT	ok	True
chr2	73240507	73240508	+	0.108696	mod_ratio	278	A	AGACT	ok	True
chr2	73240517	73240518	+	0.144928	mod_ratio	277	A	AGACA	ok	True
chr2	73249021	73249022	+	0.166667	mod_ratio	391	A	GAACA	ok	True
chr2	73249126	73249127	+	0.304965	mod_ratio	429	A	GGACA	ok	True
chr2	73249170	73249171	+	0.212528	mod_ratio	448	A	GGACA	ok	True
chr2	73249839	73249840	+	0.20915	mod_ratio	461	A	AGACC	ok	True
chr2	73249896	73249897	+	0.120968	mod_ratio	497	A	AGACC	ok	True
chr2	73250387	73250388	+	0.184358	mod_ratio	540	A	AGACA	ok	True
chr2	73251266	73251267	+	0.215929	mod_ratio	568	A	GAACT	ok	True
chr2	73251297	73251298	+	0.148601	mod_ratio	575	A	GGACT	ok	True
chr2	73251397	73251398	+	0.218698	mod_ratio	604	A	AAACA	ok	True
chr2	73252661	73252662	+	0.144462	mod_ratio	625	A	AGACA	ok	True
chr2	73252676	73252677	+	0.389423	mod_ratio	632	A	GGACA	ok	True
chr2	73252783	73252784	+	0.155556	mod_ratio	675	A	AAACC	ok	True
chr2	73252793	73252794	+	0.112593	mod_ratio	675	A	GAACC	ok	True
chr2	73729992	73729993	-	0.468254	mod_ratio	128	T	TGTCC	ok	True
chr2	73730020	73730021	-	0.322581	mod_ratio	127	T	AGTTT	ok	True
chr2	73732250	73732251	-	0.425	mod_ratio	126	T	TGTTT	ok	True
chr2	73766509	73766510	-	0.684211	mod_ratio	40	T	TGTTT	ok	True
chr2	73958168	73958169	+	0.134078	mod_ratio	184	A	GAACA	ok	True
chr2	73958713	73958714	+	0.955801	mod_ratio	182	A	AAACA	ok	True
chr2	74135426	74135427	-	0.48913	mod_ratio	260	T	TGTTT	ok	True
chr2	74145269	74145270	-	0.20438	mod_ratio	277	T	AGTCT	ok	True
chr2	74205734	74205735	+	0.310811	mod_ratio	76	A	AAACT	ok	True
chr2	74207728	74207729	+	0.284091	mod_ratio	90	A	AAACC	ok	True
chr2	74207773	74207774	+	0.393617	mod_ratio	96	A	AAACT	ok	True
chr2	74208717	74208718	+	0.319588	mod_ratio	98	A	GAACT	ok	True
chr2	74211834	74211835	+	0.235849	mod_ratio	107	A	AAACC	ok	True
chr2	74214618	74214619	+	0.28777	mod_ratio	142	A	AAACC	ok	True
chr2	74214934	74214935	+	0.402597	mod_ratio	157	A	GGACT	ok	True
chr2	74215264	74215265	+	0.616438	mod_ratio	86	A	AAACA	ok	True
chr2	74527279	74527280	-	0.175573	mod_ratio	134	T	AGTTC	ok	True
chr2	74527344	74527345	-	0.234375	mod_ratio	129	T	AGTCT	ok	True
chr2	74527357	74527358	-	0.222222	mod_ratio	129	T	AGTCT	ok	True
chr2	74527807	74527808	-	0.252336	mod_ratio	107	T	TGTCC	ok	True
chr2	74528291	74528292	-	0.260417	mod_ratio	97	T	AGTTC	ok	True
chr2	74529221	74529222	-	0.4	mod_ratio	70	T	AGTCC	ok	True
chr2	74529228	74529229	-	0.594203	mod_ratio	70	T	AGTCC	ok	True
chr2	74531056	74531057	+	0.888889	mod_ratio	47	A	GGACT	ok	True
chr2	75652178	75652179	+	0.511111	mod_ratio	93	A	GAACA	ok	True
chr2	75652652	75652653	+	0.555556	mod_ratio	91	A	GGACA	ok	True
chr2	75655158	75655159	+	0.612903	mod_ratio	93	A	GAACA	ok	True
chr2	75655347	75655348	+	0.40625	mod_ratio	97	A	AGACC	ok	True
chr2	75655388	75655389	+	0.265957	mod_ratio	94	A	GAACT	ok	True
chr2	75655611	75655612	+	0.270833	mod_ratio	96	A	AAACA	ok	True
chr2	75655648	75655649	+	0.290323	mod_ratio	96	A	AAACA	ok	True
chr2	84423556	84423557	-	0.204918	mod_ratio	266	T	TGTCT	ok	True
chr2	84423610	84423611	-	0.111486	mod_ratio	301	T	TGTTT	ok	True
chr2	84425428	84425429	-	0.60961	mod_ratio	336	T	GGTTC	ok	True
chr2	84431632	84431633	-	0.510949	mod_ratio	275	T	TGTTC	ok	True
chr2	84433387	84433388	-	0.102273	mod_ratio	264	T	TGTTT	ok	True
chr2	84441303	84441304	-	0.111554	mod_ratio	253	T	AGTTT	ok	True
chr2	84443345	84443346	-	0.590517	mod_ratio	237	T	GGTTC	ok	True
chr2	84443358	84443359	-	0.748918	mod_ratio	232	T	AGTTT	ok	True
chr2	84905710	84905711	+	0.138672	mod_ratio	4266	A	AGACT	ok	True
chr2	84906024	84906025	+	0.100318	mod_ratio	4429	A	AGACA	ok	True
chr2	84906028	84906029	+	0.432948	mod_ratio	4437	A	AAACC	ok	True
chr2	84906033	84906034	+	0.146292	mod_ratio	4442	A	AGACA	ok	True
chr2	85395544	85395545	-	0.226316	mod_ratio	192	T	TGTTC	ok	True
chr2	85398054	85398055	-	0.183246	mod_ratio	192	T	TGTCC	ok	True
chr2	85398086	85398087	-	0.489362	mod_ratio	188	T	AGTTC	ok	True
chr2	85401189	85401190	-	0.163522	mod_ratio	159	T	AGTCC	ok	True
chr2	85401213	85401214	-	0.30719	mod_ratio	157	T	AGTTC	ok	True
chr2	85401266	85401267	-	0.212766	mod_ratio	143	T	AGTTT	ok	True
chr2	85401298	85401299	-	0.297101	mod_ratio	138	T	GGTCT	ok	True
chr2	85401843	85401844	-	0.598291	mod_ratio	120	T	AGTCC	ok	True
chr2	85541348	85541349	+	0.914894	mod_ratio	95	A	AAACA	ok	True
chr2	85541858	85541859	+	0.311111	mod_ratio	90	A	AAACT	ok	True
chr2	85544061	85544062	+	0.590164	mod_ratio	68	A	GAACC	ok	True
chr2	85544395	85544396	+	0.404762	mod_ratio	95	A	AAACC	ok	True
chr2	85544543	85544544	+	0.20354	mod_ratio	115	A	AAACC	ok	True
chr2	85544746	85544747	+	0.163265	mod_ratio	149	A	AAACC	ok	True
chr2	85544769	85544770	+	0.47651	mod_ratio	154	A	GAACA	ok	True
chr2	85545034	85545035	+	0.311765	mod_ratio	172	A	AGACC	ok	True
chr2	85581726	85581727	+	0.321678	mod_ratio	145	A	GAACC	ok	True
chr2	85581755	85581756	+	0.331034	mod_ratio	145	A	GGACA	ok	True
chr2	85581987	85581988	+	0.195652	mod_ratio	143	A	AAACT	ok	True
chr2	85582014	85582015	+	0.3	mod_ratio	132	A	AGACC	ok	True
chr2	85595823	85595824	+	0.384615	mod_ratio	196	A	GAACC	ok	True
chr2	85596571	85596572	+	0.304348	mod_ratio	208	A	GGACC	ok	True
chr2	85596613	85596614	+	0.240385	mod_ratio	209	A	GAACC	ok	True
chr2	85596865	85596866	+	0.109524	mod_ratio	210	A	AGACT	ok	True
chr2	85597478	85597479	+	0.478873	mod_ratio	213	A	GAACC	ok	True
chr2	86143959	86143960	-	0.383929	mod_ratio	115	T	AGTTT	ok	True
chr2	86144290	86144291	-	0.513043	mod_ratio	117	T	GGTTC	ok	True
chr2	86144339	86144340	-	0.20354	mod_ratio	113	T	TGTTT	ok	True
chr2	86144487	86144488	-	0.714286	mod_ratio	100	T	TGTTT	ok	True
chr2	86144593	86144594	-	0.380435	mod_ratio	94	T	GGTTT	ok	True
chr2	86144624	86144625	-	0.336957	mod_ratio	92	T	AGTTT	ok	True
chr2	86144785	86144786	-	0.488636	mod_ratio	88	T	TGTTT	ok	True
chr2	86151308	86151309	-	0.366197	mod_ratio	71	T	TGTTC	ok	True
chr2	86159577	86159578	-	0.483871	mod_ratio	62	T	AGTTT	ok	True
chr2	86173704	86173705	-	0.916667	mod_ratio	49	T	TGTTT	ok	True
chr2	86504562	86504563	-	0.4375	mod_ratio	64	T	GGTCT	ok	True
chr2	86504688	86504689	-	0.68254	mod_ratio	63	T	TGTTT	ok	True
chr2	86504761	86504762	-	0.546875	mod_ratio	65	T	AGTTC	ok	True
chr2	86504943	86504944	-	0.428571	mod_ratio	66	T	TGTCC	ok	True
chr2	95087236	95087237	-	0.379747	mod_ratio	80	T	AGTTT	ok	True
chr2	95087304	95087305	-	0.268817	mod_ratio	93	T	AGTCT	ok	True
chr2	95087434	95087435	-	0.43617	mod_ratio	94	T	AGTTT	ok	True
chr2	95106454	95106455	-	0.589286	mod_ratio	57	T	TGTTT	ok	True
chr2	95108272	95108273	-	0.769231	mod_ratio	54	T	GGTCC	ok	True
chr2	95115087	95115088	-	0.327103	mod_ratio	109	T	GGTCT	ok	True
chr2	95115182	95115183	-	0.228571	mod_ratio	106	T	GGTTC	ok	True
chr2	95117914	95117915	-	0.495146	mod_ratio	104	T	TGTTT	ok	True
chr2	96143212	96143213	-	0.16129	mod_ratio	186	T	TGTTC	ok	True
chr2	96143237	96143238	-	0.306452	mod_ratio	196	T	AGTTT	ok	True
chr2	96143384	96143385	-	0.137931	mod_ratio	205	T	AGTCC	ok	True
chr2	96143527	96143528	-	0.169312	mod_ratio	190	T	AGTCC	ok	True
chr2	96143594	96143595	-	0.20765	mod_ratio	187	T	GGTTC	ok	True
chr2	96185318	96185319	-	0.6	mod_ratio	53	T	TGTTT	ok	True
chr2	96266396	96266397	+	0.67	mod_ratio	100	A	GGACT	ok	True
chr2	96271265	96271266	+	0.264957	mod_ratio	117	A	GAACC	ok	True
chr2	96277118	96277119	-	0.605263	mod_ratio	38	T	AGTTC	ok	True
chr2	96593678	96593679	-	0.390625	mod_ratio	66	T	AGTTT	ok	True
chr2	96848207	96848208	-	0.459459	mod_ratio	74	T	AGTTC	ok	True
chr2	96848370	96848371	-	0.586667	mod_ratio	75	T	GGTCC	ok	True
chr2	97656112	97656113	-	0.741935	mod_ratio	31	T	TGTCC	ok	True
chr2	98600674	98600675	-	0.627451	mod_ratio	55	T	TGTTT	ok	True
chr2	98618257	98618258	+	0.455882	mod_ratio	70	A	GAACT	ok	True
chr2	98618381	98618382	+	0.454545	mod_ratio	69	A	AAACT	ok	True
chr2	99195599	99195600	+	0.633803	mod_ratio	71	A	GGACT	ok	True
chr2	99197401	99197402	+	0.8	mod_ratio	31	A	AAACC	ok	True
chr2	99322166	99322167	-	0.830769	mod_ratio	68	T	TGTTT	ok	True
chr2	99337565	99337566	+	0.322222	mod_ratio	92	A	AAACA	ok	True
chr2	99361704	99361705	+	0.742857	mod_ratio	35	A	AAACA	ok	True
chr2	101004224	101004225	+	0.255129	mod_ratio	3491	A	GAACT	ok	True
chr2	101006357	101006358	+	0.840735	mod_ratio	3008	A	AGACA	ok	True
chr2	105049236	105049237	+	0.433962	mod_ratio	53	A	AAACT	ok	True
chr2	105071466	105071467	+	0.40678	mod_ratio	60	A	GAACA	ok	True
chr2	105093569	105093570	+	0.592593	mod_ratio	81	A	AAACA	ok	True
chr2	105360930	105360931	-	0.505747	mod_ratio	87	T	AGTTT	ok	True
chr2	105360947	105360948	-	0.488372	mod_ratio	87	T	AGTTC	ok	True
chr2	105363340	105363341	-	0.619048	mod_ratio	64	T	AGTTC	ok	True
chr2	109544193	109544194	-	0.92	mod_ratio	25	T	TGTTC	ok	True
chr2	110212503	110212504	-	0.444444	mod_ratio	63	T	TGTCC	ok	True
chr2	110637949	110637950	-	0.93578	mod_ratio	116	T	TGTCT	ok	True
chr2	110641040	110641041	-	0.196581	mod_ratio	118	T	AGTTC	ok	True
chr2	110641110	110641111	-	0.560345	mod_ratio	117	T	AGTTC	ok	True
chr2	110641195	110641196	-	0.216216	mod_ratio	112	T	TGTTC	ok	True
chr2	110641332	110641333	-	0.787037	mod_ratio	108	T	GGTTT	ok	True
chr2	110642136	110642137	-	0.42	mod_ratio	102	T	TGTTT	ok	True
chr2	110649248	110649249	-	0.287234	mod_ratio	95	T	AGTCT	ok	True
chr2	110649270	110649271	-	0.255319	mod_ratio	95	T	AGTTT	ok	True
chr2	110649361	110649362	-	0.423529	mod_ratio	93	T	GGTTC	ok	True
chr2	112531645	112531646	+	0.576087	mod_ratio	93	A	AAACA	ok	True
chr2	112531710	112531711	+	0.568182	mod_ratio	91	A	AAACA	ok	True
chr2	112531818	112531819	+	0.344828	mod_ratio	87	A	AAACT	ok	True
chr2	112531875	112531876	+	0.712644	mod_ratio	88	A	AAACA	ok	True
chr2	112532306	112532307	+	0.272727	mod_ratio	102	A	GGACA	ok	True
chr2	112589008	112589009	+	0.492537	mod_ratio	73	A	GGACT	ok	True
chr2	113931305	113931306	+	0.511111	mod_ratio	45	A	GAACC	ok	True
chr2	113939990	113939991	+	0.87037	mod_ratio	56	A	AAACA	ok	True
chr2	113940046	113940047	+	0.631579	mod_ratio	62	A	AGACC	ok	True
chr2	113940084	113940085	+	0.517241	mod_ratio	63	A	AAACT	ok	True
chr2	113942262	113942263	+	0.507937	mod_ratio	67	A	AAACA	ok	True
chr2	113957894	113957895	+	0.275862	mod_ratio	89	A	AAACC	ok	True
chr2	113958037	113958038	+	0.615385	mod_ratio	91	A	GAACT	ok	True
chr2	117814826	117814827	+	0.44186	mod_ratio	86	A	GAACC	ok	True
chr2	117830678	117830679	+	0.848485	mod_ratio	33	A	AAACA	ok	True
chr2	117830818	117830819	+	0.944444	mod_ratio	37	A	GGACT	ok	True
chr2	119368276	119368277	+	0.244275	mod_ratio	659	A	AAACA	ok	True
chr2	119370757	119370758	+	0.241279	mod_ratio	702	A	GGACT	ok	True
chr2	119372246	119372247	+	0.342291	mod_ratio	713	A	GGACT	ok	True
chr2	119372321	119372322	+	0.129261	mod_ratio	712	A	AGACT	ok	True
chr2	119372357	119372358	+	0.180791	mod_ratio	711	A	AAACT	ok	True
chr2	119372363	119372364	+	0.103253	mod_ratio	711	A	AGACA	ok	True
chr2	119372424	119372425	+	0.187411	mod_ratio	701	A	AAACC	ok	True
chr2	119682027	119682028	+	0.653846	mod_ratio	52	A	AAACC	ok	True
chr2	121727328	121727329	-	0.544118	mod_ratio	68	T	TGTCC	ok	True
chr2	121727400	121727401	-	0.386667	mod_ratio	77	T	AGTTT	ok	True
chr2	121727770	121727771	-	0.858333	mod_ratio	122	T	TGTTT	ok	True
chr2	121727776	121727777	-	0.245902	mod_ratio	122	T	AGTCT	ok	True
chr2	121727813	121727814	-	0.773438	mod_ratio	129	T	TGTTT	ok	True
chr2	121727852	121727853	-	0.1875	mod_ratio	129	T	AGTTC	ok	True
chr2	121732134	121732135	-	0.172932	mod_ratio	134	T	TGTTT	ok	True
chr2	121758756	121758757	+	0.5	mod_ratio	55	A	AAACA	ok	True
chr2	121765465	121765466	+	0.450704	mod_ratio	72	A	AAACA	ok	True
chr2	121765516	121765517	+	0.485714	mod_ratio	70	A	AAACA	ok	True
chr2	121765949	121765950	+	0.657895	mod_ratio	40	A	AAACT	ok	True
chr2	121766057	121766058	+	0.657895	mod_ratio	38	A	AAACA	ok	True
chr2	127257311	127257312	-	0.666667	mod_ratio	55	T	TGTTT	ok	True
chr2	127847734	127847735	-	0.75	mod_ratio	32	T	GGTCT	ok	True
chr2	127848077	127848078	-	0.857143	mod_ratio	28	T	GGTTT	ok	True
chr2	130190474	130190475	+	0.108911	mod_ratio	308	A	AAACA	ok	True
chr2	130190697	130190698	+	0.593301	mod_ratio	259	A	AAACC	ok	True
chr2	130346543	130346544	+	0.405797	mod_ratio	69	A	GAACT	ok	True
chr2	130346579	130346580	+	0.333333	mod_ratio	69	A	GAACT	ok	True
chr2	131483988	131483989	-	0.75	mod_ratio	139	T	GGTTT	ok	True
chr2	135754246	135754247	+	0.627451	mod_ratio	52	A	GAACT	ok	True
chr2	135840802	135840803	-	0.428571	mod_ratio	70	T	AGTTC	ok	True
chr2	135848124	135848125	-	0.857143	mod_ratio	51	T	TGTTT	ok	True
chr2	135851543	135851544	-	0.55814	mod_ratio	43	T	AGTCC	ok	True
chr2	135856802	135856803	-	0.589744	mod_ratio	40	T	TGTTT	ok	True
chr2	135857932	135857933	-	0.825	mod_ratio	40	T	TGTTC	ok	True
chr2	135911490	135911491	-	0.693548	mod_ratio	63	T	TGTTT	ok	True
chr2	135916364	135916365	-	0.734694	mod_ratio	50	T	AGTCT	ok	True
chr2	135920542	135920543	-	0.555556	mod_ratio	45	T	TGTCC	ok	True
chr2	136114919	136114920	-	0.387097	mod_ratio	63	T	TGTCC	ok	True
chr2	149569914	149569915	-	0.344	mod_ratio	126	T	TGTTT	ok	True
chr2	149570131	149570132	-	0.37931	mod_ratio	120	T	AGTTT	ok	True
chr2	149570148	149570149	-	0.280702	mod_ratio	119	T	TGTTT	ok	True
chr2	149575775	149575776	-	0.296296	mod_ratio	112	T	AGTTT	ok	True
chr2	149575803	149575804	-	0.235849	mod_ratio	109	T	AGTTT	ok	True
chr2	149576460	149576461	-	0.5	mod_ratio	105	T	TGTCT	ok	True
chr2	149576499	149576500	-	0.401961	mod_ratio	104	T	AGTTT	ok	True
chr2	149579487	149579488	-	0.234694	mod_ratio	99	T	GGTTC	ok	True
chr2	149587115	149587116	-	0.613636	mod_ratio	89	T	AGTTC	ok	True
chr2	152676591	152676592	-	0.56	mod_ratio	77	T	AGTTC	ok	True
chr2	152679063	152679064	-	0.338235	mod_ratio	69	T	GGTTT	ok	True
chr2	152679399	152679400	-	0.484848	mod_ratio	68	T	TGTTT	ok	True
chr2	152681236	152681237	-	0.621212	mod_ratio	66	T	TGTTT	ok	True
chr2	152681270	152681271	-	0.469697	mod_ratio	66	T	TGTTT	ok	True
chr2	152681323	152681324	-	0.584615	mod_ratio	66	T	AGTCC	ok	True
chr2	161316520	161316521	+	0.238938	mod_ratio	114	A	AAACT	ok	True
chr2	161367505	161367506	+	0.413793	mod_ratio	117	A	GGACA	ok	True
chr2	161385513	161385514	+	0.166667	mod_ratio	139	A	GGACA	ok	True
chr2	161385529	161385530	+	0.244604	mod_ratio	140	A	AAACA	ok	True
chr2	161385554	161385555	+	0.631206	mod_ratio	142	A	AAACA	ok	True
chr2	161391117	161391118	+	0.237762	mod_ratio	146	A	GGACT	ok	True
chr2	161391122	161391123	+	0.629371	mod_ratio	146	A	AAACA	ok	True
chr2	161391171	161391172	+	0.335664	mod_ratio	145	A	GAACA	ok	True
chr2	161395129	161395130	+	0.184932	mod_ratio	149	A	GGACT	ok	True
chr2	161395148	161395149	+	0.829932	mod_ratio	149	A	AAACA	ok	True
chr2	161408868	161408869	+	0.393333	mod_ratio	152	A	GAACA	ok	True
chr2	161411504	161411505	+	0.181159	mod_ratio	138	A	AGACA	ok	True
chr2	161411621	161411622	+	0.185714	mod_ratio	140	A	GGACA	ok	True
chr2	169608689	169608690	+	0.741935	mod_ratio	33	A	AAACA	ok	True
chr2	169798967	169798968	+	0.518018	mod_ratio	224	A	GAACC	ok	True
chr2	169805504	169805505	+	0.164557	mod_ratio	240	A	GGACA	ok	True
chr2	169805520	169805521	+	0.411765	mod_ratio	239	A	GAACA	ok	True
chr2	169805669	169805670	+	0.256098	mod_ratio	248	A	GAACC	ok	True
chr2	169805752	169805753	+	0.209486	mod_ratio	256	A	AAACT	ok	True
chr2	169805822	169805823	+	0.121359	mod_ratio	239	A	AAACA	ok	True
chr2	169807048	169807049	+	0.668831	mod_ratio	156	A	AAACA	ok	True
chr2	169808550	169808551	+	0.506494	mod_ratio	79	A	AAACA	ok	True
chr2	169810400	169810401	+	0.430556	mod_ratio	74	A	AGACT	ok	True
chr2	169811026	169811027	+	0.767123	mod_ratio	75	A	AAACA	ok	True
chr2	169811693	169811694	+	0.444444	mod_ratio	81	A	AAACA	ok	True
chr2	169811719	169811720	+	0.3125	mod_ratio	83	A	AAACA	ok	True
chr2	169811748	169811749	+	0.349398	mod_ratio	83	A	AGACC	ok	True
chr2	169811853	169811854	-	0.380952	mod_ratio	208	T	TGTCC	ok	True
chr2	169821961	169821962	-	0.495935	mod_ratio	125	T	AGTTC	ok	True
chr2	169824573	169824574	-	0.233333	mod_ratio	120	T	AGTTC	ok	True
chr2	171925630	171925631	+	0.464286	mod_ratio	56	A	GAACT	ok	True
chr2	171965448	171965449	+	0.428571	mod_ratio	63	A	GAACC	ok	True
chr2	171965858	171965859	+	0.412698	mod_ratio	64	A	AAACT	ok	True
chr2	171966900	171966901	+	0.484848	mod_ratio	67	A	AAACA	ok	True
chr2	171979326	171979327	+	0.410959	mod_ratio	75	A	AGACT	ok	True
chr2	171983225	171983226	+	0.321429	mod_ratio	84	A	AGACC	ok	True
chr2	171983242	171983243	+	0.333333	mod_ratio	84	A	AAACC	ok	True
chr2	171983279	171983280	+	0.506024	mod_ratio	84	A	GAACA	ok	True
chr2	171983303	171983304	+	0.574713	mod_ratio	87	A	GAACT	ok	True
chr2	171983597	171983598	+	0.309524	mod_ratio	87	A	AAACA	ok	True
chr2	174075021	174075022	-	0.391304	mod_ratio	117	T	TGTTT	ok	True
chr2	174075097	174075098	-	0.484127	mod_ratio	126	T	TGTCC	ok	True
chr2	174075168	174075169	-	0.388889	mod_ratio	128	T	GGTTC	ok	True
chr2	174075226	174075227	-	0.503937	mod_ratio	129	T	TGTTC	ok	True
chr2	174075402	174075403	-	0.275862	mod_ratio	116	T	TGTTT	ok	True
chr2	174081159	174081160	-	0.270492	mod_ratio	123	T	GGTCC	ok	True
chr2	174081988	174081989	-	0.464912	mod_ratio	115	T	AGTTC	ok	True
chr2	174082037	174082038	-	0.258929	mod_ratio	113	T	TGTCC	ok	True
chr2	174123203	174123204	-	0.236842	mod_ratio	114	T	AGTCT	ok	True
chr2	174123259	174123260	-	0.342105	mod_ratio	115	T	TGTTT	ok	True
chr2	174141839	174141840	-	0.407407	mod_ratio	109	T	AGTTT	ok	True
chr2	174141875	174141876	-	0.284314	mod_ratio	105	T	AGTTT	ok	True
chr2	174246782	174246783	-	0.968254	mod_ratio	63	T	GGTTT	ok	True
chr2	175178211	175178212	-	0.15942	mod_ratio	1525	T	AGTTT	ok	True
chr2	175178399	175178400	-	0.10071	mod_ratio	1559	T	GGTTT	ok	True
chr2	175179090	175179091	-	0.233766	mod_ratio	1549	T	TGTTC	ok	True
chr2	175179167	175179168	-	0.194254	mod_ratio	1479	T	TGTCT	ok	True
chr2	176337584	176337585	+	0.5	mod_ratio	55	A	AAACT	ok	True
chr2	176337621	176337622	+	0.678571	mod_ratio	58	A	GAACA	ok	True
chr2	177212766	177212767	+	0.221622	mod_ratio	257	A	GAACT	ok	True
chr2	177212810	177212811	+	0.157377	mod_ratio	314	A	AAACC	ok	True
chr2	177215555	177215556	+	0.365385	mod_ratio	375	A	GAACC	ok	True
chr2	177215601	177215602	+	0.612732	mod_ratio	380	A	AAACT	ok	True
chr2	177215767	177215768	+	0.144357	mod_ratio	383	A	AAACA	ok	True
chr2	177215871	177215872	+	0.138381	mod_ratio	385	A	GAACC	ok	True
chr2	177216065	177216066	+	0.184953	mod_ratio	323	A	AGACT	ok	True
chr2	177216094	177216095	+	0.309859	mod_ratio	300	A	AAACC	ok	True
chr2	177216113	177216114	+	0.287356	mod_ratio	286	A	AGACA	ok	True
chr2	177216717	177216718	+	0.559322	mod_ratio	61	A	GAACT	ok	True
chr2	177216756	177216757	+	0.555556	mod_ratio	64	A	AAACT	ok	True
chr2	177219057	177219058	+	0.674157	mod_ratio	92	A	GAACT	ok	True
chr2	177219085	177219086	+	0.44898	mod_ratio	98	A	GGACA	ok	True
chr2	177219301	177219302	+	0.362069	mod_ratio	116	A	AAACA	ok	True
chr2	177219469	177219470	+	0.214876	mod_ratio	121	A	AGACA	ok	True
chr2	177219495	177219496	+	0.31405	mod_ratio	121	A	GAACT	ok	True
chr2	177219557	177219558	+	0.325	mod_ratio	121	A	AAACA	ok	True
chr2	177219564	177219565	+	0.208333	mod_ratio	122	A	AAACC	ok	True
chr2	177230440	177230441	-	0.84	mod_ratio	50	T	AGTTT	ok	True
chr2	186508739	186508740	+	0.74359	mod_ratio	40	A	AAACA	ok	True
chr2	189771359	189771360	-	0.821918	mod_ratio	75	T	GGTTT	ok	True
chr2	189771698	189771699	-	0.376623	mod_ratio	77	T	AGTTT	ok	True
chr2	189771754	189771755	-	0.369863	mod_ratio	75	T	AGTTT	ok	True
chr2	189771848	189771849	-	0.5	mod_ratio	68	T	TGTTT	ok	True
chr2	197391994	197391995	-	0.622642	mod_ratio	61	T	TGTTT	ok	True
chr2	197392129	197392130	-	0.453125	mod_ratio	64	T	TGTTT	ok	True
chr2	197392222	197392223	-	0.55	mod_ratio	60	T	TGTTT	ok	True
chr2	197392230	197392231	-	0.616667	mod_ratio	60	T	AGTTT	ok	True
chr2	197392254	197392255	-	0.440678	mod_ratio	59	T	AGTTT	ok	True
chr2	197393001	197393002	-	0.509804	mod_ratio	51	T	GGTCC	ok	True
chr2	197405369	197405370	-	0.676471	mod_ratio	34	T	AGTTT	ok	True
chr2	197408509	197408510	-	0.964286	mod_ratio	28	T	TGTTT	ok	True
chr2	197486818	197486819	-	0.543353	mod_ratio	704	T	TGTTT	ok	True
chr2	197487012	197487013	-	0.240117	mod_ratio	693	T	AGTTC	ok	True
chr2	197487037	197487038	-	0.149477	mod_ratio	686	T	AGTCT	ok	True
chr2	197488351	197488352	-	0.281609	mod_ratio	527	T	AGTCC	ok	True
chr2	197488481	197488482	-	0.228261	mod_ratio	481	T	TGTCC	ok	True
chr2	197489049	197489050	-	0.247642	mod_ratio	482	T	AGTTT	ok	True
chr2	197490233	197490234	-	0.122222	mod_ratio	546	T	GGTTC	ok	True
chr2	197494240	197494241	-	0.120172	mod_ratio	469	T	TGTTT	ok	True
chr2	197495341	197495342	-	0.307018	mod_ratio	461	T	AGTTC	ok	True
chr2	197497278	197497279	-	0.643392	mod_ratio	406	T	AGTTT	ok	True
chr2	197497291	197497292	-	0.959596	mod_ratio	405	T	TGTTT	ok	True
chr2	197497385	197497386	-	0.124352	mod_ratio	394	T	TGTTC	ok	True
chr2	197498714	197498715	-	0.35958	mod_ratio	385	T	GGTCT	ok	True
chr2	197498812	197498813	-	0.227528	mod_ratio	364	T	GGTCT	ok	True
chr2	197501142	197501143	+	0.14214	mod_ratio	602	A	AAACT	ok	True
chr2	197503254	197503255	+	0.716393	mod_ratio	616	A	AGACT	ok	True
chr2	197503363	197503364	+	0.194836	mod_ratio	472	A	AAACT	ok	True
chr2	197503421	197503422	+	0.528736	mod_ratio	91	A	AAACA	ok	True
chr2	199956037	199956038	+	0.714286	mod_ratio	35	A	GGACT	ok	True
chr2	200815402	200815403	+	0.25	mod_ratio	93	A	AAACC	ok	True
chr2	200815480	200815481	+	0.296703	mod_ratio	92	A	AAACA	ok	True
chr2	200815740	200815741	+	0.242105	mod_ratio	95	A	AGACC	ok	True
chr2	200818076	200818077	+	0.292929	mod_ratio	102	A	AGACT	ok	True
chr2	200818321	200818322	+	0.563107	mod_ratio	105	A	AAACC	ok	True
chr2	200822186	200822187	+	0.795918	mod_ratio	101	A	AAACT	ok	True
chr2	200822513	200822514	+	0.632075	mod_ratio	108	A	AAACA	ok	True
chr2	200822984	200822985	+	0.573034	mod_ratio	93	A	GAACC	ok	True
chr2	200823504	200823505	+	0.211921	mod_ratio	155	A	AAACT	ok	True
chr2	200823530	200823531	+	0.214286	mod_ratio	157	A	AGACT	ok	True
chr2	200893305	200893306	+	0.947368	mod_ratio	38	A	AAACC	ok	True
chr2	201078893	201078894	+	0.180905	mod_ratio	217	A	GAACA	ok	True
chr2	201078899	201078900	+	0.126168	mod_ratio	221	A	GGACA	ok	True
chr2	201078926	201078927	+	0.202703	mod_ratio	223	A	GAACT	ok	True
chr2	201078941	201078942	+	0.147982	mod_ratio	223	A	AGACA	ok	True
chr2	201078960	201078961	+	0.237668	mod_ratio	224	A	GGACA	ok	True
chr2	201078972	201078973	+	0.535714	mod_ratio	224	A	AAACT	ok	True
chr2	202206500	202206501	-	0.439252	mod_ratio	114	T	TGTTT	ok	True
chr2	202206530	202206531	-	0.773913	mod_ratio	115	T	TGTCC	ok	True
chr2	202206839	202206840	-	0.41358	mod_ratio	166	T	AGTTC	ok	True
chr2	202206991	202206992	-	0.3	mod_ratio	162	T	TGTCC	ok	True
chr2	202207138	202207139	-	0.368056	mod_ratio	150	T	TGTTT	ok	True
chr2	202207160	202207161	-	0.169014	mod_ratio	146	T	AGTTT	ok	True
chr2	202220049	202220050	-	0.377193	mod_ratio	115	T	AGTTT	ok	True
chr2	202265889	202265890	+	0.181102	mod_ratio	128	A	GAACT	ok	True
chr2	202275129	202275130	+	0.174242	mod_ratio	134	A	AAACT	ok	True
chr2	202275182	202275183	+	0.515152	mod_ratio	133	A	AAACA	ok	True
chr2	202277961	202277962	+	0.704545	mod_ratio	134	A	AAACA	ok	True
chr2	202282429	202282430	+	0.207407	mod_ratio	136	A	GAACC	ok	True
chr2	202284388	202284389	+	0.267606	mod_ratio	142	A	GAACT	ok	True
chr2	202284439	202284440	+	0.472222	mod_ratio	144	A	GAACC	ok	True
chr2	202287700	202287701	+	0.283784	mod_ratio	149	A	AGACA	ok	True
chr2	202290352	202290353	+	0.589404	mod_ratio	151	A	AAACA	ok	True
chr2	202291219	202291220	+	0.4	mod_ratio	157	A	GAACA	ok	True
chr2	202292800	202292801	+	0.217391	mod_ratio	161	A	GAACC	ok	True
chr2	202295813	202295814	+	0.143646	mod_ratio	182	A	AGACA	ok	True
chr2	202295824	202295825	+	0.359116	mod_ratio	182	A	AAACA	ok	True
chr2	202297402	202297403	+	0.124324	mod_ratio	187	A	AAACC	ok	True
chr2	202297466	202297467	+	0.15508	mod_ratio	188	A	GAACA	ok	True
chr2	202297495	202297496	+	0.134831	mod_ratio	185	A	GAACT	ok	True
chr2	202297505	202297506	+	0.177914	mod_ratio	182	A	AGACA	ok	True
chr2	202297862	202297863	+	0.36646	mod_ratio	161	A	GAACA	ok	True
chr2	202297883	202297884	+	0.151899	mod_ratio	162	A	AAACA	ok	True
chr2	202297897	202297898	+	0.156863	mod_ratio	158	A	GAACA	ok	True
chr2	202300302	202300303	+	0.216216	mod_ratio	148	A	GAACA	ok	True
chr2	202302999	202303000	+	0.676056	mod_ratio	72	A	AAACA	ok	True
chr2	202303014	202303015	+	0.492958	mod_ratio	72	A	GAACC	ok	True
chr2	202883664	202883665	-	0.632653	mod_ratio	49	T	TGTTC	ok	True
chr2	202884203	202884204	-	0.916667	mod_ratio	48	T	AGTTC	ok	True
chr2	202884534	202884535	-	0.761905	mod_ratio	42	T	AGTCT	ok	True
chr2	202896069	202896070	-	0.684211	mod_ratio	40	T	AGTTC	ok	True
chr2	202907883	202907884	-	0.945946	mod_ratio	37	T	AGTTT	ok	True
chr2	203190961	203190962	+	0.346667	mod_ratio	93	A	AAACT	ok	True
chr2	203190975	203190976	+	0.302632	mod_ratio	93	A	GAACA	ok	True
chr2	203191039	203191040	+	0.723684	mod_ratio	96	A	GAACC	ok	True
chr2	203191075	203191076	+	0.756757	mod_ratio	95	A	AAACA	ok	True
chr2	206123929	206123930	-	0.286624	mod_ratio	166	T	TGTTC	ok	True
chr2	206123972	206123973	-	0.293785	mod_ratio	178	T	AGTTT	ok	True
chr2	206124004	206124005	-	0.162011	mod_ratio	179	T	TGTTT	ok	True
chr2	206124141	206124142	-	0.324873	mod_ratio	198	T	TGTCC	ok	True
chr2	206124199	206124200	-	0.263158	mod_ratio	211	T	GGTTC	ok	True
chr2	206126603	206126604	-	0.137056	mod_ratio	203	T	GGTTC	ok	True
chr2	206126797	206126798	-	0.531579	mod_ratio	192	T	TGTTC	ok	True
chr2	206162489	206162490	+	0.107362	mod_ratio	1312	A	GAACC	ok	True
chr2	206162531	206162532	+	0.181611	mod_ratio	1319	A	AAACC	ok	True
chr2	206162547	206162548	+	0.161854	mod_ratio	1323	A	AGACA	ok	True
chr2	206162732	206162733	+	0.109589	mod_ratio	1317	A	AAACT	ok	True
chr2	206162762	206162763	+	0.237066	mod_ratio	1300	A	AAACT	ok	True
chr2	206162802	206162803	+	0.531056	mod_ratio	1293	A	GAACA	ok	True
chr2	206162839	206162840	+	0.262308	mod_ratio	1305	A	GGACT	ok	True
chr2	208236264	208236265	-	0.418367	mod_ratio	101	T	AGTTC	ok	True
chr2	208236286	208236287	-	0.584158	mod_ratio	103	T	TGTTT	ok	True
chr2	208236347	208236348	-	0.288462	mod_ratio	105	T	AGTCC	ok	True
chr2	208236611	208236612	-	0.346535	mod_ratio	101	T	AGTTT	ok	True
chr2	208236880	208236881	-	0.333333	mod_ratio	78	T	AGTCC	ok	True
chr2	208253951	208253952	-	0.675676	mod_ratio	37	T	AGTTT	ok	True
chr2	210573330	210573331	+	0.509804	mod_ratio	52	A	GAACT	ok	True
chr2	210579735	210579736	+	0.553191	mod_ratio	48	A	GGACA	ok	True
chr2	210591862	210591863	+	0.534884	mod_ratio	45	A	AAACA	ok	True
chr2	210591932	210591933	+	0.65	mod_ratio	41	A	AAACC	ok	True
chr2	210600561	210600562	+	0.722222	mod_ratio	38	A	GAACT	ok	True
chr2	210637839	210637840	+	0.586957	mod_ratio	50	A	AAACA	ok	True
chr2	210648503	210648504	+	0.770492	mod_ratio	65	A	GGACT	ok	True
chr2	210677894	210677895	+	0.217054	mod_ratio	142	A	AAACT	ok	True
chr2	210677932	210677933	+	0.628788	mod_ratio	147	A	GGACT	ok	True
chr2	210678044	210678045	+	0.181208	mod_ratio	154	A	GAACT	ok	True
chr2	210678085	210678086	+	0.447368	mod_ratio	158	A	AAACT	ok	True
chr2	210678326	210678327	+	0.141104	mod_ratio	163	A	GAACT	ok	True
chr2	210678361	210678362	+	0.160494	mod_ratio	163	A	AAACA	ok	True
chr2	210678374	210678375	+	0.226994	mod_ratio	167	A	AAACT	ok	True
chr2	210678410	210678411	+	0.163743	mod_ratio	175	A	AAACT	ok	True
chr2	210678444	210678445	+	0.489655	mod_ratio	176	A	GAACC	ok	True
chr2	210678578	210678579	+	0.272727	mod_ratio	166	A	GGACT	ok	True
chr2	210678778	210678779	+	0.147541	mod_ratio	186	A	AGACA	ok	True
chr2	210678929	210678930	+	0.430052	mod_ratio	194	A	GAACT	ok	True
chr2	210678980	210678981	+	0.331579	mod_ratio	192	A	GGACA	ok	True
chr2	215338817	215338818	+	0.5	mod_ratio	61	A	GAACT	ok	True
chr2	215346841	215346842	+	0.521739	mod_ratio	70	A	AGACA	ok	True
chr2	215349179	215349180	+	0.324324	mod_ratio	74	A	AAACT	ok	True
chr2	215349606	215349607	+	0.426667	mod_ratio	75	A	GAACT	ok	True
chr2	215349632	215349633	+	0.684932	mod_ratio	74	A	GAACC	ok	True
chr2	215349697	215349698	+	0.388889	mod_ratio	73	A	GAACA	ok	True
chr2	216116800	216116801	+	0.310078	mod_ratio	130	A	GGACA	ok	True
chr2	216122166	216122167	+	0.741573	mod_ratio	89	A	GAACA	ok	True
chr2	216127565	216127566	+	0.341176	mod_ratio	90	A	GGACA	ok	True
chr2	216127613	216127614	+	0.363636	mod_ratio	68	A	AAACA	ok	True
chr2	216127643	216127644	+	0.397059	mod_ratio	69	A	AAACT	ok	True
chr2	216141250	216141251	+	0.265306	mod_ratio	98	A	AGACA	ok	True
chr2	216162022	216162023	+	0.315789	mod_ratio	135	A	AAACA	ok	True
chr2	216190252	216190253	+	0.25	mod_ratio	136	A	GAACA	ok	True
chr2	216190274	216190275	+	0.905109	mod_ratio	139	A	AAACA	ok	True
chr2	216192700	216192701	+	0.22973	mod_ratio	149	A	AAACA	ok	True
chr2	216204337	216204338	+	0.169811	mod_ratio	163	A	AGACA	ok	True
chr2	216205392	216205393	+	0.144876	mod_ratio	290	A	AGACC	ok	True
chr2	216205728	216205729	+	0.267857	mod_ratio	114	A	GGACT	ok	True
chr2	216205915	216205916	+	0.5	mod_ratio	113	A	GAACC	ok	True
chr2	216206023	216206024	+	0.258929	mod_ratio	114	A	AAACA	ok	True
chr2	216501379	216501380	+	0.118902	mod_ratio	3433	A	AGACT	ok	True
chr2	218225921	218225922	+	0.596685	mod_ratio	186	A	AAACA	ok	True
chr2	218225925	218225926	+	0.327869	mod_ratio	186	A	AAACC	ok	True
chr2	218228784	218228785	+	0.201031	mod_ratio	200	A	AAACA	ok	True
chr2	218245481	218245482	+	0.326531	mod_ratio	249	A	GAACC	ok	True
chr2	218249432	218249433	+	0.171206	mod_ratio	261	A	GGACT	ok	True
chr2	218249875	218249876	+	0.223827	mod_ratio	281	A	GAACC	ok	True
chr2	218249913	218249914	+	0.155303	mod_ratio	265	A	AAACA	ok	True
chr2	218264575	218264576	-	0.535211	mod_ratio	71	T	GGTCT	ok	True
chr2	218272625	218272626	+	0.54386	mod_ratio	174	A	GGACA	ok	True
chr2	218272661	218272662	+	0.236994	mod_ratio	174	A	GAACA	ok	True
chr2	218272756	218272757	+	0.195402	mod_ratio	176	A	AGACC	ok	True
chr2	218272876	218272877	+	0.231214	mod_ratio	174	A	AAACC	ok	True
chr2	218662562	218662563	+	0.744186	mod_ratio	43	A	GGACT	ok	True
chr2	219250296	219250297	-	0.343284	mod_ratio	145	T	TGTTT	ok	True
chr2	219250523	219250524	-	0.236967	mod_ratio	212	T	GGTCC	ok	True
chr2	219250664	219250665	-	0.13198	mod_ratio	203	T	AGTCC	ok	True
chr2	219251084	219251085	-	0.276119	mod_ratio	136	T	TGTCC	ok	True
chr2	219252053	219252054	-	0.5	mod_ratio	105	T	TGTTT	ok	True
chr2	222908929	222908930	+	0.5	mod_ratio	46	A	AAACC	ok	True
chr2	223966896	223966897	+	0.520833	mod_ratio	50	A	AAACA	ok	True
chr2	223966978	223966979	+	0.56	mod_ratio	51	A	GAACT	ok	True
chr2	227332501	227332502	+	0.660714	mod_ratio	57	A	AAACA	ok	True
chr2	231163659	231163660	+	0.490566	mod_ratio	54	A	GAACT	ok	True
chr2	231454999	231455000	-	0.149758	mod_ratio	209	T	AGTTT	ok	True
chr2	231455100	231455101	-	0.279412	mod_ratio	209	T	TGTCC	ok	True
chr2	231455518	231455519	-	0.262774	mod_ratio	143	T	GGTTT	ok	True
chr2	231455609	231455610	-	0.349593	mod_ratio	129	T	AGTCT	ok	True
chr2	231456082	231456083	-	0.216	mod_ratio	129	T	TGTCT	ok	True
chr2	231456124	231456125	-	0.20339	mod_ratio	121	T	AGTTT	ok	True
chr2	231457735	231457736	-	0.329787	mod_ratio	94	T	TGTTC	ok	True
chr2	231459070	231459071	-	0.265306	mod_ratio	101	T	AGTTC	ok	True
chr2	231460490	231460491	-	0.317073	mod_ratio	86	T	TGTTT	ok	True
chr2	231460842	231460843	-	0.336842	mod_ratio	103	T	AGTCT	ok	True
chr2	231461721	231461722	-	0.273684	mod_ratio	96	T	TGTCT	ok	True
chr2	231464394	231464395	-	0.181818	mod_ratio	190	T	AGTCC	ok	True
chr2	231708624	231708625	+	0.342007	mod_ratio	269	A	GGACT	ok	True
chr2	231708655	231708656	+	0.202532	mod_ratio	246	A	GAACT	ok	True
chr2	231708725	231708726	+	0.180995	mod_ratio	252	A	AGACA	ok	True
chr2	231711348	231711349	+	0.153846	mod_ratio	316	A	GGACT	ok	True
chr2	231712833	231712834	+	0.48494	mod_ratio	1003	A	AGACC	ok	True
chr2	231712851	231712852	+	0.489594	mod_ratio	1016	A	AGACA	ok	True
chr2	231712873	231712874	+	0.363458	mod_ratio	1033	A	AAACT	ok	True
chr2	231713022	231713023	+	0.136531	mod_ratio	1089	A	AAACC	ok	True
chr2	231713056	231713057	+	0.101541	mod_ratio	1131	A	GAACC	ok	True
chr2	231713486	231713487	+	0.435772	mod_ratio	1244	A	AAACA	ok	True
chr2	231713506	231713507	+	0.120675	mod_ratio	1228	A	AAACA	ok	True
chr2	232520566	232520567	+	0.45	mod_ratio	71	A	GGACA	ok	True
chr2	232522821	232522822	+	0.273684	mod_ratio	100	A	GAACC	ok	True
chr2	232523816	232523817	+	0.147929	mod_ratio	173	A	GGACC	ok	True
chr2	232524111	232524112	+	0.195349	mod_ratio	217	A	GGACT	ok	True
chr2	232524833	232524834	+	0.285199	mod_ratio	279	A	GAACT	ok	True
chr2	232525239	232525240	+	0.204861	mod_ratio	289	A	AGACA	ok	True
chr2	232525415	232525416	+	0.166154	mod_ratio	326	A	GGACC	ok	True
chr2	232525537	232525538	+	0.140351	mod_ratio	343	A	GGACC	ok	True
chr2	232525584	232525585	+	0.283237	mod_ratio	347	A	AAACT	ok	True
chr2	232557984	232557985	+	0.346154	mod_ratio	78	A	GAACA	ok	True
chr2	232567141	232567142	+	0.344828	mod_ratio	117	A	GGACA	ok	True
chr2	238170442	238170443	-	0.883721	mod_ratio	44	T	AGTCC	ok	True
chr2	239960910	239960911	-	0.578947	mod_ratio	114	T	GGTTC	ok	True
chr2	239990102	239990103	-	0.505051	mod_ratio	102	T	AGTCT	ok	True
chr2	240005284	240005285	-	0.329545	mod_ratio	90	T	TGTCC	ok	True
chr2	240011658	240011659	-	0.518072	mod_ratio	83	T	TGTCC	ok	True
chr2	240022310	240022311	-	0.959184	mod_ratio	49	T	AGTTT	ok	True
chr2	240130984	240130985	-	0.164557	mod_ratio	239	T	TGTCC	ok	True
chr2	240133976	240133977	-	0.167401	mod_ratio	229	T	AGTCC	ok	True
chr2	241230264	241230265	-	0.343284	mod_ratio	72	T	TGTCC	ok	True
chr2	241353592	241353593	+	0.609756	mod_ratio	41	A	GAACA	ok	True
chr2	241353985	241353986	+	0.868421	mod_ratio	40	A	AAACT	ok	True
chr2	241676071	241676072	-	0.114286	mod_ratio	212	T	AGTCT	ok	True
chr2	241676196	241676197	-	0.19697	mod_ratio	200	T	TGTCC	ok	True
chr2	241678458	241678459	-	0.120419	mod_ratio	191	T	AGTTC	ok	True
chr2	241678625	241678626	-	0.562842	mod_ratio	184	T	TGTTT	ok	True
chr2	241680271	241680272	-	0.193798	mod_ratio	130	T	TGTCC	ok	True
chr2	241685854	241685855	-	0.26	mod_ratio	151	T	AGTTT	ok	True
chr2	241686669	241686670	-	0.863014	mod_ratio	148	T	AGTTC	ok	True
chr2	241686739	241686740	-	0.203125	mod_ratio	130	T	GGTCC	ok	True
chr6	2833972	2833973	-	0.416667	mod_ratio	74	T	AGTCC	ok	True
chr6	2835936	2835937	-	0.384615	mod_ratio	68	T	AGTTC	ok	True
chr6	2840506	2840507	-	0.464286	mod_ratio	56	T	TGTTT	ok	True
chr6	2840563	2840564	-	0.814815	mod_ratio	56	T	TGTTT	ok	True
chr6	2948294	2948295	-	0.257143	mod_ratio	420	T	TGTCC	ok	True
chr6	2948338	2948339	-	0.188095	mod_ratio	420	T	GGTCT	ok	True
chr6	2948506	2948507	-	0.101942	mod_ratio	415	T	TGTCT	ok	True
chr6	2948603	2948604	-	0.133501	mod_ratio	400	T	AGTTT	ok	True
chr6	2948649	2948650	-	0.129442	mod_ratio	397	T	TGTCC	ok	True
chr6	2948930	2948931	-	0.217848	mod_ratio	386	T	GGTCT	ok	True
chr6	2948961	2948962	-	0.144809	mod_ratio	373	T	AGTTC	ok	True
chr6	2953061	2953062	-	0.139319	mod_ratio	327	T	AGTCT	ok	True
chr6	2954597	2954598	-	0.115789	mod_ratio	293	T	TGTCT	ok	True
chr6	2954617	2954618	-	0.762411	mod_ratio	284	T	TGTTT	ok	True
chr6	2954625	2954626	-	0.248227	mod_ratio	286	T	TGTTT	ok	True
chr6	2955591	2955592	-	0.116732	mod_ratio	260	T	AGTCT	ok	True
chr6	2959189	2959190	-	0.825328	mod_ratio	236	T	TGTTT	ok	True
chr6	2959267	2959268	-	0.135135	mod_ratio	224	T	TGTCT	ok	True
chr6	2959291	2959292	-	0.159091	mod_ratio	223	T	GGTTT	ok	True
chr6	2968788	2968789	-	1	mod_ratio	24	T	AGTTC	ok	True
chr6	2968911	2968912	-	1	mod_ratio	26	T	TGTTC	ok	True
chr6	3006475	3006476	+	0.321053	mod_ratio	198	A	GGACT	ok	True
chr6	3006490	3006491	+	0.248731	mod_ratio	202	A	AGACT	ok	True
chr6	3010058	3010059	+	0.186869	mod_ratio	203	A	GAACC	ok	True
chr6	3010103	3010104	+	0.200957	mod_ratio	210	A	GAACT	ok	True
chr6	3010153	3010154	+	0.533019	mod_ratio	216	A	GAACC	ok	True
chr6	3012584	3012585	+	0.106667	mod_ratio	227	A	AAACC	ok	True
chr6	3016888	3016889	+	0.140496	mod_ratio	243	A	AAACT	ok	True
chr6	3019598	3019599	+	0.285714	mod_ratio	252	A	AGACC	ok	True
chr6	3153790	3153791	-	0.822581	mod_ratio	62	T	AGTTT	ok	True
chr6	3267635	3267636	+	0.132948	mod_ratio	176	A	GAACA	ok	True
chr6	3267739	3267740	+	0.286585	mod_ratio	166	A	AAACT	ok	True
chr6	4115803	4115804	-	0.584362	mod_ratio	247	T	AGTTC	ok	True
chr6	4115901	4115902	-	0.115538	mod_ratio	252	T	AGTTC	ok	True
chr6	4115981	4115982	-	0.293173	mod_ratio	250	T	AGTTT	ok	True
chr6	4130378	4130379	-	0.209756	mod_ratio	206	T	TGTTT	ok	True
chr6	4130451	4130452	-	0.221106	mod_ratio	200	T	AGTTT	ok	True
chr6	4130478	4130479	-	0.41206	mod_ratio	199	T	TGTTC	ok	True
chr6	4130543	4130544	-	0.126263	mod_ratio	198	T	AGTTC	ok	True
chr6	4133608	4133609	-	0.257895	mod_ratio	190	T	AGTTT	ok	True
chr6	4133661	4133662	-	0.186813	mod_ratio	182	T	TGTTC	ok	True
chr6	4995213	4995214	-	0.741379	mod_ratio	59	T	TGTCT	ok	True
chr6	5109342	5109343	-	0.22549	mod_ratio	103	T	GGTTT	ok	True
chr6	5109387	5109388	-	0.287129	mod_ratio	101	T	GGTCC	ok	True
chr6	7288056	7288057	-	0.651163	mod_ratio	44	T	GGTTT	ok	True
chr6	7288162	7288163	-	0.725	mod_ratio	40	T	AGTTT	ok	True
chr6	7288348	7288349	-	0.538462	mod_ratio	56	T	AGTTT	ok	True
chr6	7288446	7288447	-	0.438596	mod_ratio	57	T	TGTTT	ok	True
chr6	7288692	7288693	-	0.45098	mod_ratio	51	T	AGTCT	ok	True
chr6	7289579	7289580	-	0.664122	mod_ratio	139	T	TGTTT	ok	True
chr6	7289589	7289590	-	0.223881	mod_ratio	137	T	AGTTC	ok	True
chr6	7289657	7289658	-	0.203593	mod_ratio	171	T	GGTTT	ok	True
chr6	7289744	7289745	-	0.368715	mod_ratio	180	T	AGTCC	ok	True
chr6	7295406	7295407	-	0.458824	mod_ratio	173	T	TGTTT	ok	True
chr6	7295476	7295477	-	0.148148	mod_ratio	165	T	GGTCT	ok	True
chr6	7298747	7298748	-	0.18125	mod_ratio	161	T	CGTTT	ok	False
chr6	7298789	7298790	-	0.275641	mod_ratio	158	T	TGTTT	ok	True
chr6	7301325	7301326	-	0.264901	mod_ratio	154	T	AGTTC	ok	True
chr6	7301402	7301403	-	0.256757	mod_ratio	148	T	TGTCT	ok	True
chr6	7301424	7301425	-	0.204082	mod_ratio	148	T	TGTTC	ok	True
chr6	7301466	7301467	-	0.521127	mod_ratio	144	T	AGTCC	ok	True
chr6	7309928	7309929	-	0.304688	mod_ratio	129	T	GGTTC	ok	True
chr6	7313114	7313115	-	0.3	mod_ratio	112	T	AGTCT	ok	True
chr6	7313131	7313132	-	0.233645	mod_ratio	108	T	GGTCC	ok	True
chr6	7402887	7402888	+	0.48	mod_ratio	52	A	GAACT	ok	True
chr6	7403945	7403946	+	0.846154	mod_ratio	52	A	AAACA	ok	True
chr6	7404519	7404520	+	0.383333	mod_ratio	60	A	AGACT	ok	True
chr6	7412900	7412901	+	0.357143	mod_ratio	72	A	AGACT	ok	True
chr6	7414340	7414341	+	0.348485	mod_ratio	67	A	AGACC	ok	True
chr6	7414359	7414360	+	0.84375	mod_ratio	64	A	AAACA	ok	True
chr6	8079679	8079680	-	0.246528	mod_ratio	294	T	TGTTT	ok	True
chr6	8079754	8079755	-	0.402062	mod_ratio	294	T	AGTTT	ok	True
chr6	8079819	8079820	-	0.205036	mod_ratio	280	T	AGTCC	ok	True
chr6	8079827	8079828	-	0.483755	mod_ratio	279	T	GGTCT	ok	True
chr6	8079914	8079915	-	0.114815	mod_ratio	271	T	TGTTC	ok	True
chr6	8090200	8090201	-	0.180602	mod_ratio	305	T	AGTCC	ok	True
chr6	8097447	8097448	-	0.175966	mod_ratio	235	T	TGTTT	ok	True
chr6	8097451	8097452	-	0.124464	mod_ratio	235	T	TGTCT	ok	True
chr6	8102476	8102477	-	0.502262	mod_ratio	228	T	AGTCC	ok	True
chr6	10697425	10697426	+	0.445946	mod_ratio	77	A	AAACA	ok	True
chr6	10707422	10707423	+	0.311688	mod_ratio	77	A	GGACA	ok	True
chr6	10709247	10709248	+	0.574713	mod_ratio	89	A	GAACA	ok	True
chr6	10709618	10709619	+	0.526316	mod_ratio	78	A	AAACT	ok	True
chr6	10723217	10723218	+	0.913603	mod_ratio	552	A	AGACA	ok	True
chr6	10730688	10730689	+	0.401596	mod_ratio	782	A	AGACT	ok	True
chr6	10730795	10730796	+	0.104809	mod_ratio	817	A	AAACT	ok	True
chr6	10730832	10730833	+	0.292534	mod_ratio	819	A	AAACC	ok	True
chr6	10731061	10731062	+	0.54142	mod_ratio	339	A	AGACC	ok	True
chr6	10731068	10731069	+	0.260355	mod_ratio	339	A	AGACT	ok	True
chr6	10747861	10747862	+	0.214286	mod_ratio	684	A	GGACT	ok	True
chr6	10749230	10749231	+	0.208092	mod_ratio	696	A	GGACT	ok	True
chr6	10756540	10756541	+	0.225296	mod_ratio	262	A	GGACT	ok	True
chr6	10756729	10756730	+	0.322097	mod_ratio	269	A	AGACC	ok	True
chr6	10756913	10756914	+	0.787313	mod_ratio	269	A	AGACC	ok	True
chr6	10756920	10756921	+	0.402985	mod_ratio	269	A	AGACT	ok	True
chr6	13615613	13615614	+	0.201613	mod_ratio	249	A	AGACC	ok	True
chr6	13615765	13615766	+	0.465863	mod_ratio	252	A	GAACA	ok	True
chr6	13616470	13616471	+	0.124498	mod_ratio	253	A	AAACT	ok	True
chr6	13616516	13616517	+	0.126984	mod_ratio	254	A	AGACT	ok	True
chr6	13618081	13618082	+	0.173745	mod_ratio	260	A	AGACT	ok	True
chr6	13620242	13620243	+	0.126394	mod_ratio	270	A	AGACC	ok	True
chr6	13620313	13620314	+	0.301754	mod_ratio	292	A	GAACC	ok	True
chr6	13620322	13620323	+	0.243056	mod_ratio	292	A	GGACT	ok	True
chr6	13620766	13620767	+	0.207273	mod_ratio	282	A	AAACA	ok	True
chr6	13620815	13620816	+	0.282051	mod_ratio	276	A	AAACT	ok	True
chr6	13791943	13791944	-	0.5	mod_ratio	52	T	AGTTT	ok	True
chr6	13798866	13798867	-	0.555556	mod_ratio	54	T	AGTCT	ok	True
chr6	13798882	13798883	-	0.722222	mod_ratio	55	T	TGTTC	ok	True
chr6	13800367	13800368	-	0.641509	mod_ratio	53	T	AGTTC	ok	True
chr6	14136148	14136149	+	0.672727	mod_ratio	110	A	AAACC	ok	True
chr6	14136204	14136205	+	0.238532	mod_ratio	109	A	AAACA	ok	True
chr6	14136466	14136467	+	0.222222	mod_ratio	109	A	GGACT	ok	True
chr6	18129812	18129813	-	0.837209	mod_ratio	43	T	TGTTT	ok	True
chr6	18130473	18130474	-	0.75	mod_ratio	40	T	AGTTT	ok	True
chr6	18143712	18143713	-	0.685714	mod_ratio	35	T	TGTCC	ok	True
chr6	18258002	18258003	-	0.673469	mod_ratio	49	T	GGTTT	ok	True
chr6	24418506	24418507	+	0.92	mod_ratio	26	A	GAACC	ok	True
chr6	24667201	24667202	+	0.230769	mod_ratio	108	A	GGACT	ok	True
chr6	24701599	24701600	+	0.627273	mod_ratio	110	A	AAACA	ok	True
chr6	24701610	24701611	+	0.440367	mod_ratio	110	A	AAACT	ok	True
chr6	24701619	24701620	+	0.366972	mod_ratio	109	A	GAACA	ok	True
chr6	24701676	24701677	+	0.398058	mod_ratio	106	A	AAACA	ok	True
chr6	24777269	24777270	+	0.179191	mod_ratio	173	A	AAACA	ok	True
chr6	24784168	24784169	+	0.219251	mod_ratio	188	A	AAAGT	ok	False
chr6	24784460	24784461	+	0.193717	mod_ratio	192	A	GAACA	ok	True
chr6	24784523	24784524	+	0.180412	mod_ratio	195	A	GAACA	ok	True
chr6	24785639	24785640	+	0.47449	mod_ratio	196	A	AGACT	ok	True
chr6	24785651	24785652	+	0.372449	mod_ratio	199	A	GAACC	ok	True
chr6	24785760	24785761	+	0.205882	mod_ratio	204	A	GAACT	ok	True
chr6	24786031	24786032	+	0.394904	mod_ratio	184	A	AAACT	ok	True
chr6	26055968	26055969	-	0.482759	mod_ratio	58	T	TGTTT	ok	True
chr6	26056110	26056111	-	0.551724	mod_ratio	58	T	AGTTT	ok	True
chr6	26546764	26546765	+	0.8	mod_ratio	36	A	AAACA	ok	True
chr6	26598369	26598370	+	0.571429	mod_ratio	42	A	AGACC	ok	True
chr6	29942574	29942575	+	0.652174	mod_ratio	116	A	GAACC	ok	True
chr6	29942936	29942937	+	0.170213	mod_ratio	142	A	GGACC	ok	True
chr6	29942944	29942945	+	0.626761	mod_ratio	142	A	AGACA	ok	True
chr6	29943381	29943382	+	0.25974	mod_ratio	160	A	GGACC	ok	True
chr6	29944121	29944122	+	0.242938	mod_ratio	178	A	AGACC	ok	True
chr6	29944132	29944133	+	0.926554	mod_ratio	179	A	AGACA	ok	True
chr6	29944253	29944254	+	0.256158	mod_ratio	208	A	GGACA	ok	True
chr6	29944270	29944271	+	0.135266	mod_ratio	211	A	AGACC	ok	True
chr6	29944291	29944292	+	0.52381	mod_ratio	215	A	GAACC	ok	True
chr6	29945474	29945475	+	0.288256	mod_ratio	287	A	GGACT	ok	True
chr6	29945595	29945596	+	0.456747	mod_ratio	295	A	AGACC	ok	True
chr6	29945760	29945761	+	0.251142	mod_ratio	264	A	GAACC	ok	True
chr6	29945861	29945862	+	0.868421	mod_ratio	171	A	AGACA	ok	True
chr6	30061966	30061967	+	0.333333	mod_ratio	125	A	GGACA	ok	True
chr6	30062304	30062305	+	0.193798	mod_ratio	129	A	AAACT	ok	True
chr6	30346451	30346452	+	0.22293	mod_ratio	158	A	GGACC	ok	True
chr6	30346719	30346720	+	0.318182	mod_ratio	156	A	AAACC	ok	True
chr6	30346739	30346740	+	0.88961	mod_ratio	154	A	AAACA	ok	True
chr6	30346786	30346787	+	0.386667	mod_ratio	154	A	AGACT	ok	True
chr6	30617884	30617885	+	0.787879	mod_ratio	35	A	AAACA	ok	True
chr6	30625532	30625533	+	0.386667	mod_ratio	82	A	GAACC	ok	True
chr6	30625637	30625638	+	0.818966	mod_ratio	119	A	AAACA	ok	True
chr6	30625901	30625902	+	0.156863	mod_ratio	154	A	AGACC	ok	True
chr6	30626086	30626087	+	0.33121	mod_ratio	165	A	AGACC	ok	True
chr6	30626112	30626113	+	0.228346	mod_ratio	136	A	AGACT	ok	True
chr6	30626325	30626326	+	0.758333	mod_ratio	122	A	AAACA	ok	True
chr6	30722594	30722595	+	0.16	mod_ratio	538	A	GGACA	ok	True
chr6	30722612	30722613	+	0.118199	mod_ratio	545	A	GGACC	ok	True
chr6	30722964	30722965	+	0.113438	mod_ratio	584	A	GGACC	ok	True
chr6	30722971	30722972	+	0.118467	mod_ratio	583	A	GGACT	ok	True
chr6	30723008	30723009	+	0.419689	mod_ratio	597	A	AGACC	ok	True
chr6	30723738	30723739	+	0.515235	mod_ratio	761	A	GAACC	ok	True
chr6	30723925	30723926	+	0.132258	mod_ratio	953	A	GAACT	ok	True
chr6	30724725	30724726	+	0.141818	mod_ratio	278	A	GAACC	ok	True
chr6	30724743	30724744	+	0.268817	mod_ratio	288	A	AAACA	ok	True
chr6	30725097	30725098	+	0.432763	mod_ratio	414	A	AGACC	ok	True
chr6	30725239	30725240	+	0.339759	mod_ratio	421	A	GAACC	ok	True
chr6	30725350	30725351	+	0.182716	mod_ratio	408	A	GAACT	ok	True
chr6	30730079	30730080	-	0.373626	mod_ratio	93	T	TGTCC	ok	True
chr6	30740229	30740230	-	0.766667	mod_ratio	31	T	AGTTC	ok	True
chr6	31268862	31268863	-	0.8125	mod_ratio	162	T	GGTTC	ok	True
chr6	31269149	31269150	-	0.304878	mod_ratio	165	T	AGTCC	ok	True
chr6	31269166	31269167	-	0.164634	mod_ratio	164	T	TGTCT	ok	True
chr6	31270276	31270277	-	0.695946	mod_ratio	148	T	TGTCC	ok	True
chr6	31270314	31270315	-	0.445205	mod_ratio	147	T	GGTTC	ok	True
chr6	31270352	31270353	-	0.377622	mod_ratio	143	T	TGTCC	ok	True
chr6	31270359	31270360	-	0.794326	mod_ratio	143	T	GGTCT	ok	True
chr6	31270483	31270484	-	0.546875	mod_ratio	128	T	GGTTC	ok	True
chr6	31271219	31271220	-	0.825	mod_ratio	121	T	GGTCC	ok	True
chr6	31530242	31530243	-	0.915254	mod_ratio	147	T	TGTTT	ok	True
chr6	31530293	31530294	-	0.216028	mod_ratio	295	T	GGTTC	ok	True
chr6	31530363	31530364	-	0.130872	mod_ratio	299	T	TGTCT	ok	True
chr6	31530386	31530387	-	0.56229	mod_ratio	298	T	TGTCC	ok	True
chr6	31530429	31530430	-	0.232323	mod_ratio	299	T	AGTCT	ok	True
chr6	31530445	31530446	-	0.56229	mod_ratio	297	T	TGTTC	ok	True
chr6	31530792	31530793	-	0.117845	mod_ratio	298	T	TGTCT	ok	True
chr6	31531119	31531120	-	0.175373	mod_ratio	272	T	TGTCC	ok	True
chr6	31531340	31531341	-	0.204082	mod_ratio	245	T	AGTTC	ok	True
chr6	31532822	31532823	-	0.12766	mod_ratio	237	T	GGTTC	ok	True
chr6	31532834	31532835	-	0.144681	mod_ratio	237	T	TGTCC	ok	True
chr6	31532842	31532843	-	0.293617	mod_ratio	237	T	AGTTT	ok	True
chr6	31536506	31536507	-	0.328704	mod_ratio	217	T	TGTTC	ok	True
chr6	31536542	31536543	-	0.636816	mod_ratio	202	T	TGTTT	ok	True
chr6	31536551	31536552	-	0.725	mod_ratio	202	T	TGTTT	ok	True
chr6	31536601	31536602	-	0.73822	mod_ratio	197	T	AGTCC	ok	True
chr6	31540497	31540498	-	0.34375	mod_ratio	132	T	AGTCC	ok	True
chr6	31540512	31540513	-	0.472441	mod_ratio	129	T	TGTCC	ok	True
chr6	31667908	31667909	+	0.155779	mod_ratio	202	A	GGACT	ok	True
chr6	31667946	31667947	+	0.11165	mod_ratio	208	A	AGACA	ok	True
chr6	31668553	31668554	+	0.122642	mod_ratio	215	A	AGACA	ok	True
chr6	31669989	31669990	+	0.27193	mod_ratio	232	A	GAACC	ok	True
chr6	31730632	31730633	-	0.328221	mod_ratio	332	T	TGTCC	ok	True
chr6	31730763	31730764	-	0.106557	mod_ratio	368	T	TGTCC	ok	True
chr6	31730828	31730829	-	0.791328	mod_ratio	373	T	AGTCC	ok	True
chr6	31732317	31732318	-	0.188623	mod_ratio	336	T	GGTTT	ok	True
chr6	31732358	31732359	-	0.117284	mod_ratio	327	T	TGTCT	ok	True
chr6	31732384	31732385	-	0.675325	mod_ratio	323	T	AGTCC	ok	True
chr6	31733582	31733583	-	0.27931	mod_ratio	299	T	GGTTT	ok	True
chr6	31733621	31733622	-	0.169118	mod_ratio	277	T	TGTCC	ok	True
chr6	31733648	31733649	-	0.264925	mod_ratio	274	T	GGTTC	ok	True
chr6	31733883	31733884	-	0.108108	mod_ratio	262	T	TGTCT	ok	True
chr6	31733950	31733951	-	0.16129	mod_ratio	253	T	TGTCT	ok	True
chr6	31733956	31733957	-	0.348178	mod_ratio	249	T	GGTCC	ok	True
chr6	31734234	31734235	-	0.726087	mod_ratio	232	T	AGTTC	ok	True
chr6	31736288	31736289	-	0.125561	mod_ratio	228	T	TGTTC	ok	True
chr6	31736370	31736371	-	0.183432	mod_ratio	171	T	GGTCT	ok	True
chr6	31736409	31736410	-	0.180124	mod_ratio	163	T	TGTCC	ok	True
chr6	31736507	31736508	-	0.6875	mod_ratio	113	T	GGTCC	ok	True
chr6	31797547	31797548	-	0.2	mod_ratio	225	T	AGTTT	ok	True
chr6	31797591	31797592	-	0.26009	mod_ratio	225	T	TGTTC	ok	True
chr6	31797762	31797763	-	0.334906	mod_ratio	218	T	TGTTT	ok	True
chr6	31798034	31798035	-	0.465347	mod_ratio	206	T	AGTTT	ok	True
chr6	31798496	31798497	-	0.204082	mod_ratio	200	T	GGTTC	ok	True
chr6	31806091	31806092	-	0.52381	mod_ratio	192	T	AGTTC	ok	True
chr6	31817452	31817453	+	0.632653	mod_ratio	50	A	GGACA	ok	True
chr6	31952245	31952246	-	0.530303	mod_ratio	151	T	TGTTT	ok	True
chr6	31952296	31952297	-	0.2	mod_ratio	155	T	TGTTC	ok	True
chr6	31952319	31952320	-	0.196078	mod_ratio	155	T	GGTTT	ok	True
chr6	31952364	31952365	-	0.215686	mod_ratio	153	T	TGTCC	ok	True
chr6	31952388	31952389	-	0.392157	mod_ratio	153	T	TGTTC	ok	True
chr6	31953777	31953778	-	0.391892	mod_ratio	149	T	TGTTT	ok	True
chr6	31954297	31954298	-	0.255319	mod_ratio	141	T	ACTTT	ok	False
chr6	31954309	31954310	-	0.22695	mod_ratio	141	T	GGTCC	ok	True
chr6	31954330	31954331	-	0.257143	mod_ratio	141	T	TGTTT	ok	True
chr6	31954574	31954575	-	0.533333	mod_ratio	137	T	GGTCT	ok	True
chr6	31954580	31954581	-	0.496296	mod_ratio	136	T	GGTCT	ok	True
chr6	31954604	31954605	-	0.274809	mod_ratio	133	T	TGTCC	ok	True
chr6	31954616	31954617	-	0.184615	mod_ratio	131	T	GGTCT	ok	True
chr6	31954646	31954647	-	0.346774	mod_ratio	128	T	TGTCC	ok	True
chr6	31954658	31954659	-	0.401639	mod_ratio	124	T	TGTCT	ok	True
chr6	31954664	31954665	-	0.256198	mod_ratio	123	T	TGTCT	ok	True
chr6	31954676	31954677	-	0.235294	mod_ratio	121	T	GGTCT	ok	True
chr6	31954700	31954701	-	0.774775	mod_ratio	118	T	GGTCT	ok	True
chr6	31956712	31956713	-	0.525	mod_ratio	81	T	GGTTC	ok	True
chr6	31956813	31956814	-	0.432432	mod_ratio	74	T	TGTCC	ok	True
chr6	32180241	32180242	+	0.388889	mod_ratio	94	A	GGACA	ok	True
chr6	32180449	32180450	+	0.428571	mod_ratio	105	A	GGACA	ok	True
chr6	32978001	32978002	+	0.674419	mod_ratio	43	A	GAACA	ok	True
chr6	33203824	33203825	+	0.757576	mod_ratio	34	A	AAACT	ok	True
chr6	33276016	33276017	+	0.142197	mod_ratio	6286	A	AGACT	ok	True
chr6	33276028	33276029	+	0.405866	mod_ratio	6298	A	GAACA	ok	True
chr6	33276194	33276195	+	0.221729	mod_ratio	6309	A	GGACA	ok	True
chr6	33276418	33276419	+	0.264206	mod_ratio	6212	A	AGACC	ok	True
chr6	33279250	33279251	-	0.486842	mod_ratio	77	T	TGTTC	ok	True
chr6	33279372	33279373	-	0.652778	mod_ratio	73	T	TGTCC	ok	True
chr6	33280788	33280789	-	0.631579	mod_ratio	57	T	TGTTC	ok	True
chr6	33280963	33280964	-	0.909091	mod_ratio	45	T	GGTCT	ok	True
chr6	33287982	33287983	-	0.96	mod_ratio	26	T	AGTTT	ok	True
chr6	33288693	33288694	-	1	mod_ratio	25	T	GGTCT	ok	True
chr6	33416719	33416720	-	0.15122	mod_ratio	411	T	AGTTC	ok	True
chr6	33697587	33697588	-	0.487603	mod_ratio	139	T	AGTTT	ok	True
chr6	33697703	33697704	-	0.161677	mod_ratio	169	T	AGTTT	ok	True
chr6	33697749	33697750	-	0.174699	mod_ratio	168	T	TGTCT	ok	True
chr6	33701351	33701352	-	0.378882	mod_ratio	161	T	TGTTT	ok	True
chr6	33701361	33701362	-	0.857143	mod_ratio	161	T	AGTTT	ok	True
chr6	33711609	33711610	-	0.157895	mod_ratio	152	T	AGTCC	ok	True
chr6	33711625	33711626	-	0.266667	mod_ratio	152	T	GGTCT	ok	True
chr6	34245842	34245843	+	0.467949	mod_ratio	161	A	AAACT	ok	True
chr6	34417474	34417475	-	0.381973	mod_ratio	4127	T	AGTTT	ok	True
chr6	34421781	34421782	-	0.324696	mod_ratio	4949	T	AGTCT	ok	True
chr6	34424795	34424796	-	0.118929	mod_ratio	4830	T	TGTCT	ok	True
chr6	34425803	34425804	-	0.246377	mod_ratio	139	T	AGTCT	ok	True
chr6	34762629	34762630	+	0.542056	mod_ratio	437	A	AAACA	ok	True
chr6	34762699	34762700	+	0.209957	mod_ratio	465	A	AAACA	ok	True
chr6	34773659	34773660	+	0.235178	mod_ratio	508	A	AAACA	ok	True
chr6	34877835	34877836	-	0.897959	mod_ratio	49	T	TGTTT	ok	True
chr6	34877917	34877918	-	0.52	mod_ratio	50	T	TGTTT	ok	True
chr6	34878302	34878303	-	0.522727	mod_ratio	44	T	AGTTC	ok	True
chr6	35468854	35468855	+	0.149012	mod_ratio	1986	A	GAACC	ok	True
chr6	35469512	35469513	+	0.121298	mod_ratio	2161	A	AAACT	ok	True
chr6	35470295	35470296	+	0.156193	mod_ratio	2216	A	AAACA	ok	True
chr6	35470685	35470686	+	0.167785	mod_ratio	2248	A	AAACT	ok	True
chr6	35870936	35870937	-	0.206612	mod_ratio	132	T	GGTTT	ok	True
chr6	35872668	35872669	-	0.291045	mod_ratio	136	T	GGTTT	ok	True
chr6	35888068	35888069	-	0.18797	mod_ratio	134	T	TGTTC	ok	True
chr6	35888849	35888850	-	0.362903	mod_ratio	126	T	TGTCC	ok	True
chr6	35920482	35920483	-	0.254386	mod_ratio	114	T	TGTCC	ok	True
chr6	36596787	36596788	+	0.148276	mod_ratio	581	A	GGACT	ok	True
chr6	36596817	36596818	+	0.194539	mod_ratio	590	A	AAACA	ok	True
chr6	36596863	36596864	+	0.139028	mod_ratio	597	A	GGACC	ok	True
chr6	36596892	36596893	+	0.251248	mod_ratio	605	A	AAACC	ok	True
chr6	36598878	36598879	+	0.563607	mod_ratio	627	A	GAACT	ok	True
chr6	36602072	36602073	+	0.106918	mod_ratio	644	A	AGACT	ok	True
chr6	36602134	36602135	+	0.246914	mod_ratio	417	A	AAACA	ok	True
chr6	36602247	36602248	+	0.157647	mod_ratio	431	A	GAACT	ok	True
chr6	36602265	36602266	+	0.258993	mod_ratio	429	A	AGACT	ok	True
chr6	36602276	36602277	+	0.350543	mod_ratio	423	A	AAACC	ok	True
chr6	36602284	36602285	+	0.355649	mod_ratio	420	A	AAACC	ok	True
chr6	36602329	36602330	+	0.378151	mod_ratio	242	A	AAACA	ok	True
chr6	36602347	36602348	+	0.354167	mod_ratio	244	A	GAACT	ok	True
chr6	36602401	36602402	+	0.161417	mod_ratio	263	A	GAACA	ok	True
chr6	36602418	36602419	+	0.193916	mod_ratio	267	A	AAACT	ok	True
chr6	36602429	36602430	+	0.835206	mod_ratio	267	A	AAACA	ok	True
chr6	36602683	36602684	+	0.392727	mod_ratio	279	A	GAACT	ok	True
chr6	36687132	36687133	+	0.794118	mod_ratio	34	A	AAACA	ok	True
chr6	36855203	36855204	-	0.553191	mod_ratio	49	T	TGTTT	ok	True
chr6	36968556	36968557	-	0.306122	mod_ratio	246	T	GGTCT	ok	True
chr6	36968693	36968694	-	0.22973	mod_ratio	227	T	GGTCT	ok	True
chr6	36968837	36968838	-	0.472362	mod_ratio	199	T	TGTCC	ok	True
chr6	36968884	36968885	-	0.315789	mod_ratio	191	T	TGTTT	ok	True
chr6	36977690	36977691	-	0.218487	mod_ratio	119	T	GGTCT	ok	True
chr6	36978103	36978104	-	0.247863	mod_ratio	119	T	AGTCT	ok	True
chr6	36985946	36985947	-	0.393939	mod_ratio	100	T	TGTCC	ok	True
chr6	37391090	37391091	+	0.9375	mod_ratio	32	A	AAACA	ok	True
chr6	37482994	37482995	-	0.555556	mod_ratio	118	T	TGTCC	ok	True
chr6	38675970	38675971	-	0.378788	mod_ratio	136	T	AGTCT	ok	True
chr6	38675990	38675991	-	0.489051	mod_ratio	140	T	TGTTT	ok	True
chr6	38676134	38676135	-	0.230263	mod_ratio	152	T	TGTTT	ok	True
chr6	38676356	38676357	-	0.295775	mod_ratio	143	T	TGTCC	ok	True
chr6	38676391	38676392	-	0.506944	mod_ratio	145	T	TGTTT	ok	True
chr6	38676730	38676731	-	0.330435	mod_ratio	116	T	AGTCC	ok	True
chr6	38676902	38676903	-	0.261261	mod_ratio	112	T	TGTTT	ok	True
chr6	38677212	38677213	-	0.76	mod_ratio	104	T	AGTCC	ok	True
chr6	38677253	38677254	-	0.29703	mod_ratio	103	T	TGTTT	ok	True
chr6	41787761	41787762	+	0.130354	mod_ratio	540	A	GGACA	ok	True
chr6	41789233	41789234	+	0.237226	mod_ratio	555	A	GAACT	ok	True
chr6	41789284	41789285	+	0.369718	mod_ratio	569	A	GAACT	ok	True
chr6	41789606	41789607	+	0.191201	mod_ratio	592	A	AAACA	ok	True
chr6	41789748	41789749	+	0.102649	mod_ratio	613	A	AGACA	ok	True
chr6	41789864	41789865	+	0.391026	mod_ratio	529	A	AAACA	ok	True
chr6	41932510	41932511	+	0.387097	mod_ratio	62	A	GAACT	ok	True
chr6	41932831	41932832	+	0.408451	mod_ratio	72	A	GGACA	ok	True
chr6	41934990	41934991	-	0.201613	mod_ratio	128	T	GGTCC	ok	True
chr6	41935270	41935271	-	0.545455	mod_ratio	49	T	TGTCC	ok	True
chr6	42208058	42208059	-	0.638298	mod_ratio	57	T	GGTTT	ok	True
chr6	42208119	42208120	-	0.576271	mod_ratio	61	T	GGTTC	ok	True
chr6	42208133	42208134	-	0.383333	mod_ratio	63	T	AGTTC	ok	True
chr6	42208323	42208324	-	0.409836	mod_ratio	62	T	TGTTT	ok	True
chr6	42883581	42883582	+	0.390625	mod_ratio	65	A	AAACA	ok	True
chr6	42884732	42884733	+	0.549296	mod_ratio	71	A	GAACC	ok	True
chr6	42886018	42886019	+	0.453333	mod_ratio	75	A	GGACA	ok	True
chr6	42886040	42886041	+	0.493333	mod_ratio	76	A	AGACC	ok	True
chr6	42886487	42886488	+	0.792683	mod_ratio	83	A	AAACT	ok	True
chr6	42886772	42886773	+	0.313131	mod_ratio	99	A	AGACC	ok	True
chr6	42886794	42886795	+	0.48	mod_ratio	100	A	AGACC	ok	True
chr6	42886914	42886915	+	0.232323	mod_ratio	100	A	GAACC	ok	True
chr6	42886982	42886983	+	0.488095	mod_ratio	100	A	AGACT	ok	True
chr6	42889744	42889745	+	0.575	mod_ratio	40	A	AAACA	ok	True
chr6	43012410	43012411	-	0.229508	mod_ratio	122	T	TGTTC	ok	True
chr6	43012415	43012416	-	0.278689	mod_ratio	123	T	AGTCC	ok	True
chr6	43012954	43012955	-	0.206897	mod_ratio	117	T	TGTTC	ok	True
chr6	43013168	43013169	-	0.235849	mod_ratio	106	T	AGTTC	ok	True
chr6	43019312	43019313	+	0.317073	mod_ratio	84	A	AAACT	ok	True
chr6	43019338	43019339	+	0.771084	mod_ratio	84	A	AGACC	ok	True
chr6	43025081	43025082	+	0.386364	mod_ratio	88	A	AAACA	ok	True
chr6	43025093	43025094	+	0.597701	mod_ratio	91	A	AGACC	ok	True
chr6	43029234	43029235	+	0.383333	mod_ratio	120	A	GAACT	ok	True
chr6	43029374	43029375	+	0.256198	mod_ratio	121	A	GGACT	ok	True
chr6	43029483	43029484	+	0.208696	mod_ratio	115	A	AAACC	ok	True
chr6	43029556	43029557	+	0.386139	mod_ratio	109	A	GGACA	ok	True
chr6	43029581	43029582	+	0.688525	mod_ratio	90	A	AAACA	ok	True
chr6	43058072	43058073	-	0.366667	mod_ratio	90	T	GGTCT	ok	True
chr6	43225826	43225827	-	0.182278	mod_ratio	399	T	AGTCC	ok	True
chr6	43226352	43226353	-	0.115385	mod_ratio	345	T	GGTCC	ok	True
chr6	43519366	43519367	+	0.380952	mod_ratio	64	A	AAACT	ok	True
chr6	43520165	43520166	+	0.594937	mod_ratio	80	A	GAACT	ok	True
chr6	43520176	43520177	+	0.525	mod_ratio	80	A	GAACC	ok	True
chr6	43521275	43521276	+	0.244681	mod_ratio	94	A	GAACT	ok	True
chr6	43521295	43521296	+	0.393617	mod_ratio	95	A	GGACT	ok	True
chr6	43521358	43521359	+	0.290323	mod_ratio	93	A	GGACT	ok	True
chr6	43521366	43521367	+	0.282609	mod_ratio	93	A	GAACA	ok	True
chr6	43640427	43640428	+	0.735849	mod_ratio	53	A	AAACT	ok	True
chr6	43640467	43640468	+	0.519231	mod_ratio	52	A	GAACC	ok	True
chr6	43671324	43671325	-	0.911765	mod_ratio	77	T	TGTTT	ok	True
chr6	43671470	43671471	-	0.25	mod_ratio	115	T	AGTTT	ok	True
chr6	43671614	43671615	-	0.245283	mod_ratio	108	T	AGTCC	ok	True
chr6	43671629	43671630	-	0.32381	mod_ratio	107	T	TGTCC	ok	True
chr6	44113790	44113791	-	0.438326	mod_ratio	457	T	GGTTC	ok	True
chr6	44113815	44113816	-	0.10917	mod_ratio	458	T	AGTCC	ok	True
chr6	44113931	44113932	-	0.171233	mod_ratio	439	T	TGTCC	ok	True
chr6	44113942	44113943	-	0.217391	mod_ratio	438	T	GGTTC	ok	True
chr6	44113951	44113952	-	0.238532	mod_ratio	439	T	TGTCC	ok	True
chr6	44114137	44114138	-	0.336493	mod_ratio	426	T	TGTTC	ok	True
chr6	44114155	44114156	-	0.146988	mod_ratio	420	T	TGTCC	ok	True
chr6	44233710	44233711	+	0.410714	mod_ratio	57	A	GGACA	ok	True
chr6	44247129	44247130	+	0.345339	mod_ratio	488	A	GGACT	ok	True
chr6	44249491	44249492	+	0.10311	mod_ratio	615	A	AGACA	ok	True
chr6	44249538	44249539	+	0.172078	mod_ratio	625	A	GAACC	ok	True
chr6	44250382	44250383	+	0.87064	mod_ratio	699	A	AAACC	ok	True
chr6	44250446	44250447	+	0.188988	mod_ratio	706	A	AAACT	ok	True
chr6	44250484	44250485	+	0.114706	mod_ratio	690	A	GAACT	ok	True
chr6	44250489	44250490	+	0.489706	mod_ratio	691	A	AAACA	ok	True
chr6	44250494	44250495	+	0.335777	mod_ratio	691	A	AGACC	ok	True
chr6	44250509	44250510	+	0.259151	mod_ratio	702	A	GGACC	ok	True
chr6	44250516	44250517	+	0.121916	mod_ratio	705	A	AAACC	ok	True
chr6	44250582	44250583	+	0.33931	mod_ratio	736	A	AGACC	ok	True
chr6	44251141	44251142	+	0.111588	mod_ratio	730	A	GAACA	ok	True
chr6	44251151	44251152	+	0.492176	mod_ratio	715	A	AAACT	ok	True
chr6	44251459	44251460	+	0.144516	mod_ratio	784	A	GAACA	ok	True
chr6	44251513	44251514	+	0.355	mod_ratio	813	A	AAACA	ok	True
chr6	44251752	44251753	+	0.102273	mod_ratio	904	A	AGACT	ok	True
chr6	44251856	44251857	+	0.125793	mod_ratio	964	A	AGACA	ok	True
chr6	44252220	44252221	+	0.265928	mod_ratio	1092	A	GAACC	ok	True
chr6	44253061	44253062	+	0.119575	mod_ratio	1140	A	AGACT	ok	True
chr6	44253107	44253108	+	0.401732	mod_ratio	1188	A	GGACA	ok	True
chr6	44253150	44253151	+	0.184783	mod_ratio	1215	A	GGACA	ok	True
chr6	44253293	44253294	+	0.485207	mod_ratio	1365	A	AAACC	ok	True
chr6	44253519	44253520	+	0.195697	mod_ratio	1455	A	GAACC	ok	True
chr6	44253620	44253621	+	0.18015	mod_ratio	1492	A	AAACT	ok	True
chr6	44253747	44253748	+	0.379772	mod_ratio	1504	A	AAACT	ok	True
chr6	44254482	44254483	-	0.37	mod_ratio	102	T	TGTCT	ok	True
chr6	52264036	52264037	-	0.563025	mod_ratio	163	T	AGTTT	ok	True
chr6	52264073	52264074	-	0.169591	mod_ratio	171	T	GGTTT	ok	True
chr6	52264077	52264078	-	0.274854	mod_ratio	171	T	TGTTT	ok	True
chr6	52264192	52264193	-	0.219653	mod_ratio	173	T	AGTCT	ok	True
chr6	52264299	52264300	-	0.217647	mod_ratio	170	T	GGTTT	ok	True
chr6	52264365	52264366	-	0.365269	mod_ratio	168	T	TGTCC	ok	True
chr6	52264437	52264438	-	0.179012	mod_ratio	162	T	AGTCC	ok	True
chr6	52264569	52264570	-	0.394904	mod_ratio	159	T	AGTTC	ok	True
chr6	52264690	52264691	-	0.239726	mod_ratio	148	T	TGTCC	ok	True
chr6	52266122	52266123	-	0.20155	mod_ratio	129	T	AGTCT	ok	True
chr6	52269195	52269196	-	0.361446	mod_ratio	87	T	AGTTT	ok	True
chr6	52273283	52273284	-	0.439024	mod_ratio	83	T	TGTCC	ok	True
chr6	52273872	52273873	-	0.361111	mod_ratio	72	T	AGTCC	ok	True
chr6	52284612	52284613	-	0.641026	mod_ratio	40	T	AGTCC	ok	True
chr6	52686061	52686062	+	0.314961	mod_ratio	127	A	GAACA	ok	True
chr6	52686068	52686069	+	0.188976	mod_ratio	128	A	AAACT	ok	True
chr6	52686130	52686131	+	0.401515	mod_ratio	133	A	AAACT	ok	True
chr6	52686152	52686153	+	0.278195	mod_ratio	134	A	AAACA	ok	True
chr6	52686363	52686364	+	0.747826	mod_ratio	118	A	AAACT	ok	True
chr6	53267740	53267741	-	0.430769	mod_ratio	67	T	AGTTT	ok	True
chr6	53267782	53267783	-	0.492308	mod_ratio	67	T	GGTTC	ok	True
chr6	53268299	53268300	-	0.380952	mod_ratio	63	T	TGTTT	ok	True
chr6	53268491	53268492	-	0.627119	mod_ratio	60	T	TGTTC	ok	True
chr6	53268721	53268722	-	0.72	mod_ratio	50	T	TGTTT	ok	True
chr6	53269235	53269236	-	0.685714	mod_ratio	36	T	GGTCT	ok	True
chr6	57184765	57184766	+	0.401869	mod_ratio	110	A	AAACT	ok	True
chr6	57184786	57184787	+	0.625	mod_ratio	103	A	AAACC	ok	True
chr6	57184810	57184811	+	0.302083	mod_ratio	99	A	GAACA	ok	True
chr6	63572671	63572672	+	0.266667	mod_ratio	120	A	GGACC	ok	True
chr6	63572709	63572710	+	0.478992	mod_ratio	124	A	AAACA	ok	True
chr6	63576531	63576532	+	0.298507	mod_ratio	138	A	GAACT	ok	True
chr6	63576540	63576541	+	0.276119	mod_ratio	141	A	AAACT	ok	True
chr6	63576652	63576653	+	0.282609	mod_ratio	148	A	AAACC	ok	True
chr6	63576797	63576798	+	0.244898	mod_ratio	153	A	AGACT	ok	True
chr6	63576971	63576972	+	0.15625	mod_ratio	173	A	AAACA	ok	True
chr6	63578438	63578439	+	0.262195	mod_ratio	175	A	GAACT	ok	True
chr6	63580154	63580155	+	0.150538	mod_ratio	209	A	AAACA	ok	True
chr6	63580205	63580206	+	0.365979	mod_ratio	218	A	GAACT	ok	True
chr6	63580317	63580318	+	0.173267	mod_ratio	228	A	AGACA	ok	True
chr6	63580583	63580584	+	0.565	mod_ratio	212	A	GAACT	ok	True
chr6	63580597	63580598	+	0.58	mod_ratio	204	A	AGACC	ok	True
chr6	63580630	63580631	+	0.463054	mod_ratio	207	A	AAACA	ok	True
chr6	63580807	63580808	+	0.186667	mod_ratio	243	A	AAACC	ok	True
chr6	63580988	63580989	+	0.287402	mod_ratio	268	A	AAACA	ok	True
chr6	63581063	63581064	+	0.305344	mod_ratio	273	A	AAACT	ok	True
chr6	63581402	63581403	+	0.142857	mod_ratio	279	A	AAACT	ok	True
chr6	63581421	63581422	+	0.284047	mod_ratio	269	A	AAACA	ok	True
chr6	63583217	63583218	+	0.695652	mod_ratio	46	A	AAACA	ok	True
chr6	73517539	73517540	-	0.103164	mod_ratio	8925	T	GGTCT	ok	True
chr6	73517574	73517575	-	0.378912	mod_ratio	9043	T	TGTTT	ok	True
chr6	73517648	73517649	-	0.270639	mod_ratio	9141	T	GGTCC	ok	True
chr6	73517679	73517680	-	0.122651	mod_ratio	9143	T	GGTTT	ok	True
chr6	73517749	73517750	-	0.10176	mod_ratio	9188	T	AGTTC	ok	True
chr6	73518250	73518251	-	0.291772	mod_ratio	7936	T	GGTTC	ok	True
chr6	73518465	73518466	-	0.165229	mod_ratio	7503	T	TGTCC	ok	True
chr6	73518577	73518578	-	0.101847	mod_ratio	7110	T	AGTCT	ok	True
chr6	73518771	73518772	-	0.127547	mod_ratio	6684	T	AGTCC	ok	True
chr6	73518793	73518794	-	0.700501	mod_ratio	6631	T	GGTTC	ok	True
chr6	73519114	73519115	-	0.275096	mod_ratio	5526	T	TGTTT	ok	True
chr6	73519344	73519345	-	0.120859	mod_ratio	4952	T	TGTCC	ok	True
chr6	73519358	73519359	-	0.190417	mod_ratio	4895	T	TGTTT	ok	True
chr6	73519378	73519379	-	0.183441	mod_ratio	4794	T	TGTCC	ok	True
chr6	73519416	73519417	-	0.291383	mod_ratio	4594	T	GGTCT	ok	True
chr6	73519474	73519475	-	0.207517	mod_ratio	4436	T	AGTTT	ok	True
chr6	73519914	73519915	-	0.133253	mod_ratio	4166	T	GGTTC	ok	True
chr6	73519984	73519985	-	0.156192	mod_ratio	3893	T	TGTCC	ok	True
chr6	73520044	73520045	-	0.737007	mod_ratio	3689	T	AGTTT	ok	True
chr6	73521004	73521005	-	0.202033	mod_ratio	3171	T	TGTTC	ok	True
chr6	75237985	75237986	-	0.258586	mod_ratio	994	T	TGTTC	ok	True
chr6	75241184	75241185	-	0.264523	mod_ratio	973	T	AGTTT	ok	True
chr6	79201553	79201554	-	0.551852	mod_ratio	279	T	TGTCC	ok	True
chr6	79201590	79201591	-	0.252708	mod_ratio	279	T	AGTCC	ok	True
chr6	79201644	79201645	-	0.396364	mod_ratio	277	T	TGTCC	ok	True
chr6	79201716	79201717	-	0.334559	mod_ratio	275	T	AGTTT	ok	True
chr6	79202289	79202290	-	0.358621	mod_ratio	146	T	AGTTT	ok	True
chr6	79203590	79203591	-	0.102273	mod_ratio	264	T	TGTTT	ok	True
chr6	79203606	79203607	-	0.152091	mod_ratio	264	T	GGTTC	ok	True
chr6	79203612	79203613	-	0.220532	mod_ratio	263	T	GGTTT	ok	True
chr6	79203627	79203628	-	0.141762	mod_ratio	263	T	GGTTT	ok	True
chr6	79214977	79214978	-	0.140078	mod_ratio	257	T	TGTTT	ok	True
chr6	85612666	85612667	-	0.729167	mod_ratio	52	T	AGTTT	ok	True
chr6	85612728	85612729	-	0.666667	mod_ratio	52	T	AGTTC	ok	True
chr6	85619336	85619337	-	0.322917	mod_ratio	97	T	AGTTT	ok	True
chr6	85622534	85622535	-	0.428571	mod_ratio	98	T	AGTTC	ok	True
chr6	85624007	85624008	-	0.541667	mod_ratio	98	T	TGTTC	ok	True
chr6	85637101	85637102	-	0.290698	mod_ratio	87	T	AGTTC	ok	True
chr6	85677871	85677872	-	0.25	mod_ratio	92	T	TGTTC	ok	True
chr6	85678185	85678186	-	0.237113	mod_ratio	103	T	TGTTC	ok	True
chr6	99371550	99371551	-	0.509434	mod_ratio	53	T	TGTTT	ok	True
chr6	99376025	99376026	-	0.479167	mod_ratio	48	T	TGTTT	ok	True
chr6	99542474	99542475	-	0.909091	mod_ratio	44	T	TGTTT	ok	True
chr6	99542878	99542879	-	0.636364	mod_ratio	45	T	AGTTT	ok	True
chr6	106186141	106186142	-	0.6875	mod_ratio	64	T	TGTTT	ok	True
chr6	106186328	106186329	-	0.421875	mod_ratio	65	T	GGTTT	ok	True
chr6	106186622	106186623	-	0.62963	mod_ratio	54	T	TGTTT	ok	True
chr6	106248209	106248210	-	0.45283	mod_ratio	54	T	AGTTT	ok	True
chr6	106970033	106970034	-	0.439024	mod_ratio	82	T	AGTTT	ok	True
chr6	106970165	106970166	-	0.317073	mod_ratio	82	T	GGTTT	ok	True
chr6	106971806	106971807	-	0.364583	mod_ratio	97	T	AGTTC	ok	True
chr6	106971818	106971819	-	0.395833	mod_ratio	97	T	TGTTT	ok	True
chr6	108211597	108211598	-	0.219917	mod_ratio	242	T	TGTTT	ok	True
chr6	108211892	108211893	-	0.12	mod_ratio	227	T	GGTTT	ok	True
chr6	108212060	108212061	-	0.176471	mod_ratio	207	T	AGTTT	ok	True
chr6	108214500	108214501	-	0.306818	mod_ratio	177	T	TGTTT	ok	True
chr6	108214523	108214524	-	0.453488	mod_ratio	181	T	TGTTT	ok	True
chr6	109366549	109366550	-	0.584906	mod_ratio	55	T	AGTTT	ok	True
chr6	109366579	109366580	-	0.389831	mod_ratio	59	T	AGTTT	ok	True
chr6	109368849	109368850	-	0.771429	mod_ratio	35	T	TGTTT	ok	True
chr6	110895183	110895184	+	0.8125	mod_ratio	65	A	AAACA	ok	True
chr6	110959214	110959215	+	0.315789	mod_ratio	209	A	AGACT	ok	True
chr6	110960611	110960612	+	0.112782	mod_ratio	266	A	GAACA	ok	True
chr6	110962414	110962415	+	0.149254	mod_ratio	270	A	AAACA	ok	True
chr6	110962499	110962500	+	0.155235	mod_ratio	278	A	AAACA	ok	True
chr6	110967748	110967749	+	0.14433	mod_ratio	292	A	AGACA	ok	True
chr6	110967772	110967773	+	0.283737	mod_ratio	290	A	AAACT	ok	True
chr6	111024267	111024268	+	0.395604	mod_ratio	93	A	GGACA	ok	True
chr6	111025485	111025486	+	0.6	mod_ratio	90	A	AAACT	ok	True
chr6	111025544	111025545	+	0.428571	mod_ratio	87	A	AGACC	ok	True
chr6	111661559	111661560	-	0.75	mod_ratio	44	T	GGTTC	ok	True
chr6	113941737	113941738	-	0.269663	mod_ratio	89	T	TGTCC	ok	True
chr6	113945394	113945395	-	0.424242	mod_ratio	101	T	GGTTT	ok	True
chr6	113945423	113945424	-	0.272727	mod_ratio	99	T	AGTTT	ok	True
chr6	113956121	113956122	-	0.544118	mod_ratio	68	T	AGTCT	ok	True
chr6	113959992	113959993	-	0.387097	mod_ratio	64	T	TGTCC	ok	True
chr6	116580359	116580360	+	0.240741	mod_ratio	163	A	AAAGT	ok	False
chr6	116584734	116584735	+	0.264151	mod_ratio	162	A	AGACT	ok	True
chr6	116588951	116588952	+	0.365079	mod_ratio	142	A	AAACA	ok	True
chr6	116590891	116590892	+	0.304762	mod_ratio	107	A	AAACA	ok	True
chr6	116590904	116590905	+	0.495238	mod_ratio	107	A	AAACA	ok	True
chr6	116592985	116592986	+	0.336364	mod_ratio	112	A	AAACA	ok	True
chr6	116593239	116593240	+	0.420455	mod_ratio	98	A	GAACT	ok	True
chr6	116593248	116593249	+	0.7625	mod_ratio	90	A	AAACT	ok	True
chr6	125263335	125263336	+	0.303797	mod_ratio	82	A	GAACA	ok	True
chr6	125275910	125275911	-	0.402985	mod_ratio	73	T	AGTTC	ok	True
chr6	125276111	125276112	-	0.325	mod_ratio	80	T	TGTTT	ok	True
chr6	125277190	125277191	-	0.465753	mod_ratio	75	T	GGTCT	ok	True
chr6	125300646	125300647	-	0.616667	mod_ratio	61	T	AGTTC	ok	True
chr6	126346214	126346215	+	0.485714	mod_ratio	105	A	GAACT	ok	True
chr6	126348555	126348556	+	0.234694	mod_ratio	101	A	AGACA	ok	True
chr6	127316470	127316471	-	0.717949	mod_ratio	39	T	TGTTT	ok	True
chr6	132816976	132816977	+	0.131436	mod_ratio	3704	A	AAACT	ok	True
chr6	132817480	132817481	+	0.115899	mod_ratio	3672	A	GGACT	ok	True
chr6	134169289	134169290	-	0.518692	mod_ratio	217	T	AGTTT	ok	True
chr6	134169379	134169380	-	0.69863	mod_ratio	221	T	GGTTT	ok	True
chr6	134169404	134169405	-	0.655963	mod_ratio	220	T	AGTTT	ok	True
chr6	134169692	134169693	-	0.126829	mod_ratio	208	T	AGTCT	ok	True
chr6	134169737	134169738	-	0.482759	mod_ratio	212	T	TGTCC	ok	True
chr6	134169752	134169753	-	0.165049	mod_ratio	212	T	TGTCC	ok	True
chr6	134170180	134170181	-	0.227545	mod_ratio	171	T	TGTCC	ok	True
chr6	134170266	134170267	-	0.265823	mod_ratio	164	T	GGTTC	ok	True
chr6	134171128	134171129	-	0.238532	mod_ratio	112	T	TGTTC	ok	True
chr6	134171158	134171159	-	0.66055	mod_ratio	112	T	TGTTT	ok	True
chr6	134172735	134172736	-	0.494118	mod_ratio	91	T	GGTTC	ok	True
chr6	134174512	134174513	-	0.897059	mod_ratio	68	T	TGTTT	ok	True
chr6	134174794	134174795	-	0.440678	mod_ratio	60	T	AGTTT	ok	True
chr6	134964734	134964735	-	0.604651	mod_ratio	43	T	AGTTT	ok	True
chr6	134993837	134993838	-	0.878788	mod_ratio	34	T	GGTTT	ok	True
chr6	138091016	138091017	-	0.580247	mod_ratio	82	T	TGTTT	ok	True
chr6	138091153	138091154	-	0.418919	mod_ratio	76	T	TGTTT	ok	True
chr6	138091555	138091556	-	0.764706	mod_ratio	69	T	AGTTC	ok	True
chr6	138091602	138091603	-	0.373134	mod_ratio	68	T	TGTTT	ok	True
chr6	138091998	138091999	-	0.462687	mod_ratio	70	T	AGTCC	ok	True
chr6	142218683	142218684	+	0.6875	mod_ratio	48	A	GAACT	ok	True
chr6	143485227	143485228	+	0.903226	mod_ratio	31	A	AAACA	ok	True
chr6	143495659	143495660	-	0.659794	mod_ratio	99	T	AGTTC	ok	True
chr6	143495826	143495827	-	0.305263	mod_ratio	97	T	TGTCC	ok	True
chr6	143495841	143495842	-	0.648936	mod_ratio	94	T	AGTTT	ok	True
chr6	143501977	143501978	-	0.546512	mod_ratio	88	T	GGTTT	ok	True
chr6	143504152	143504153	-	0.45	mod_ratio	60	T	TGTTC	ok	True
chr6	143504172	143504173	-	0.416667	mod_ratio	61	T	AGTTC	ok	True
chr6	143504185	143504186	-	0.377049	mod_ratio	61	T	TGTCC	ok	True
chr6	143504218	143504219	-	0.416667	mod_ratio	60	T	AGTTC	ok	True
chr6	143507336	143507337	-	0.584906	mod_ratio	54	T	GGTCC	ok	True
chr6	144095030	144095031	-	0.183673	mod_ratio	147	T	AGTCC	ok	True
chr6	144095039	144095040	-	0.156463	mod_ratio	147	T	GGTCT	ok	True
chr6	146554510	146554511	+	0.934783	mod_ratio	46	A	AAACC	ok	True
chr6	146554859	146554860	+	0.740741	mod_ratio	54	A	AAACA	ok	True
chr6	149771212	149771213	+	0.294872	mod_ratio	158	A	AGACC	ok	True
chr6	149810698	149810699	+	0.273381	mod_ratio	140	A	AAACC	ok	True
chr6	149811208	149811209	+	0.465517	mod_ratio	58	A	AAACA	ok	True
chr6	151101808	151101809	+	0.675676	mod_ratio	38	A	GAACT	ok	True
chr6	158170488	158170489	+	0.615385	mod_ratio	104	A	GAACC	ok	True
chr6	158192318	158192319	+	0.313043	mod_ratio	115	A	GAACT	ok	True
chr6	158636556	158636557	-	0.279221	mod_ratio	155	T	AGTTT	ok	True
chr6	158636751	158636752	-	0.171975	mod_ratio	158	T	AGTTC	ok	True
chr6	158636867	158636868	-	0.149351	mod_ratio	156	T	GGTCT	ok	True
chr6	158637836	158637837	-	0.551471	mod_ratio	139	T	GGTCC	ok	True
chr6	158766555	158766556	-	0.559322	mod_ratio	66	T	AGTCC	ok	True
chr6	158766655	158766656	-	0.703125	mod_ratio	66	T	AGTCC	ok	True
chr6	158766776	158766777	-	0.40678	mod_ratio	61	T	TGTTT	ok	True
chr6	158783545	158783546	-	0.675676	mod_ratio	37	T	AGTCC	ok	True
chr6	159682491	159682492	-	0.711111	mod_ratio	45	T	GGTTT	ok	True
chr6	159776247	159776248	+	0.516667	mod_ratio	60	A	GAACA	ok	True
chr6	159778838	159778839	+	0.369231	mod_ratio	83	A	AAACT	ok	True
chr6	159779092	159779093	-	0.319149	mod_ratio	286	T	TGTTT	ok	True
chr6	159779200	159779201	-	0.434783	mod_ratio	283	T	GGTTC	ok	True
chr6	159779218	159779219	-	0.392086	mod_ratio	284	T	TGTTT	ok	True
chr6	159779233	159779234	-	0.336918	mod_ratio	283	T	GGTTT	ok	True
chr6	159779704	159779705	-	0.459259	mod_ratio	280	T	AGTCC	ok	True
chr6	159779778	159779779	-	0.312268	mod_ratio	271	T	TGTTC	ok	True
chr6	159779910	159779911	-	0.425373	mod_ratio	271	T	AGTTT	ok	True
chr6	159780501	159780502	-	0.271967	mod_ratio	245	T	TGTCC	ok	True
chr6	159780524	159780525	-	0.163866	mod_ratio	241	T	AGTTT	ok	True
chr6	159783945	159783946	-	0.139738	mod_ratio	230	T	TGTCT	ok	True
chr6	159783955	159783956	-	0.238938	mod_ratio	230	T	GGTCC	ok	True
chr6	159785447	159785448	-	0.238579	mod_ratio	202	T	AGTTC	ok	True
chr6	159785949	159785950	-	0.425414	mod_ratio	187	T	TGTTT	ok	True
chr6	159785979	159785980	-	0.154286	mod_ratio	179	T	AGTTC	ok	True
chr6	159787753	159787754	-	0.566474	mod_ratio	176	T	AGTTC	ok	True
chr6	159790985	159790986	+	0.158163	mod_ratio	197	A	AAACC	ok	True
chr6	159791041	159791042	+	0.135678	mod_ratio	199	A	GAACC	ok	True
chr6	159797302	159797303	+	0.154229	mod_ratio	201	A	GGACT	ok	True
chr6	159797513	159797514	+	0.251163	mod_ratio	215	A	AGACT	ok	True
chr6	159798101	159798102	+	0.441748	mod_ratio	212	A	GAACC	ok	True
chr6	159798145	159798146	+	0.185366	mod_ratio	205	A	GAACA	ok	True
chr6	159798202	159798203	+	0.359223	mod_ratio	207	A	GAACA	ok	True
chr6	165939493	165939494	-	0.605634	mod_ratio	74	T	TGTTT	ok	True
chr6	165939502	165939503	-	0.611111	mod_ratio	74	T	AGTTT	ok	True
chr6	165940428	165940429	-	0.541667	mod_ratio	49	T	TGTTT	ok	True
chr6	166320068	166320069	-	0.380952	mod_ratio	89	T	AGTTT	ok	True
chr6	166365125	166365126	-	0.4	mod_ratio	75	T	AGTTT	ok	True
chr6	166365273	166365274	-	0.315068	mod_ratio	73	T	GGTTT	ok	True
chr6	166366048	166366049	-	0.42029	mod_ratio	69	T	AGTTC	ok	True
chr6	166382904	166382905	-	0.421875	mod_ratio	64	T	GGTCC	ok	True
chr6	170535164	170535165	-	0.4176	mod_ratio	633	T	AGTTC	ok	True
chr6	170535223	170535224	-	0.462822	mod_ratio	662	T	AGTCC	ok	True
chr6	170535242	170535243	-	0.179758	mod_ratio	665	T	AGTTT	ok	True
chr6	170535391	170535392	-	0.104387	mod_ratio	667	T	TGTTC	ok	True
chr6	170543613	170543614	-	0.115445	mod_ratio	647	T	AGTCC	ok	True
chr6	170546142	170546143	-	0.210963	mod_ratio	606	T	AGTCT	ok	True
chr6	170553188	170553189	-	0.220114	mod_ratio	531	T	GGTTC	ok	True
chr6	170577697	170577698	-	0.857143	mod_ratio	29	T	AGTTT	ok	True
chr6	170583542	170583543	-	0.543478	mod_ratio	46	T	AGTCT	ok	True
chrx	1386276	1386277	-	0.373626	mod_ratio	283	T	TGTTT	ok	True
chrx	1386381	1386382	-	0.28481	mod_ratio	327	T	GGTTC	ok	True
chrx	1386525	1386526	-	0.227545	mod_ratio	343	T	GGTCC	ok	True
chrx	1386551	1386552	-	0.574074	mod_ratio	339	T	GGTTC	ok	True
chrx	1386560	1386561	-	0.15528	mod_ratio	334	T	GGTTC	ok	True
chrx	2720373	2720374	+	0.62963	mod_ratio	107	A	GAACC	ok	True
chrx	11117284	11117285	+	0.882353	mod_ratio	69	A	AAACA	ok	True
chrx	12975133	12975134	+	0.205725	mod_ratio	1698	A	AGACC	ok	True
chrx	12976311	12976312	+	0.443062	mod_ratio	2113	A	AAACT	ok	True
chrx	12976321	12976322	+	0.127852	mod_ratio	2120	A	AGACA	ok	True
chrx	12977093	12977094	+	0.129904	mod_ratio	2306	A	AAACC	ok	True
chrx	13703854	13703855	+	0.597015	mod_ratio	69	A	AAACA	ok	True
chrx	13708904	13708905	+	0.594595	mod_ratio	75	A	GGACA	ok	True
chrx	13708965	13708966	+	0.532468	mod_ratio	79	A	GGACA	ok	True
chrx	13709176	13709177	+	0.529412	mod_ratio	85	A	GGACA	ok	True
chrx	13709464	13709465	+	0.347368	mod_ratio	97	A	AAACT	ok	True
chrx	13709501	13709502	+	0.285714	mod_ratio	99	A	GGACA	ok	True
chrx	15384821	15384822	-	0.552239	mod_ratio	76	T	GGTTT	ok	True
chrx	15385007	15385008	-	0.629213	mod_ratio	90	T	AGTTC	ok	True
chrx	15397502	15397503	-	0.540984	mod_ratio	62	T	GGTTC	ok	True
chrx	15407544	15407545	-	0.545455	mod_ratio	59	T	TGTCC	ok	True
chrx	15425952	15425953	-	0.425926	mod_ratio	55	T	AGTCC	ok	True
chrx	15455928	15455929	-	0.545455	mod_ratio	57	T	AGTTC	ok	True
chrx	15479770	15479771	-	0.471698	mod_ratio	54	T	GGTCT	ok	True
chrx	16743837	16743838	+	0.307692	mod_ratio	78	A	AAACT	ok	True
chrx	16754970	16754971	+	0.666667	mod_ratio	79	A	GAACT	ok	True
chrx	16760268	16760269	+	0.313253	mod_ratio	84	A	GAACT	ok	True
chrx	16760399	16760400	+	0.864198	mod_ratio	83	A	AAACT	ok	True
chrx	16844749	16844750	-	0.290323	mod_ratio	316	T	AGTTT	ok	True
chrx	16845033	16845034	-	0.162162	mod_ratio	299	T	GGTTT	ok	True
chrx	16845046	16845047	-	0.338983	mod_ratio	304	T	TGTCC	ok	True
chrx	16845055	16845056	-	0.619529	mod_ratio	303	T	AGTTC	ok	True
chrx	16845891	16845892	-	0.233898	mod_ratio	297	T	GGTTC	ok	True
chrx	16845923	16845924	-	0.199313	mod_ratio	294	T	TGTCC	ok	True
chrx	16849249	16849250	-	0.104167	mod_ratio	290	T	AGTTC	ok	True
chrx	16852097	16852098	-	0.198529	mod_ratio	276	T	AGTTT	ok	True
chrx	16852627	16852628	-	0.290196	mod_ratio	260	T	GGTCT	ok	True
chrx	16852869	16852870	-	0.419913	mod_ratio	235	T	TGTCC	ok	True
chrx	16857620	16857621	-	0.274336	mod_ratio	231	T	TGTCC	ok	True
chrx	16858679	16858680	-	0.672897	mod_ratio	217	T	GGTTT	ok	True
chrx	16858691	16858692	-	0.509346	mod_ratio	217	T	TGTTT	ok	True
chrx	16858729	16858730	-	0.665049	mod_ratio	213	T	TGTTT	ok	True
chrx	16858776	16858777	-	0.324873	mod_ratio	205	T	GGTTT	ok	True
chrx	16863056	16863057	-	0.210526	mod_ratio	182	T	AGTCC	ok	True
chrx	19350067	19350068	+	0.336927	mod_ratio	375	A	AAACA	ok	True
chrx	19351323	19351324	+	0.122807	mod_ratio	401	A	AGACC	ok	True
chrx	19357675	19357676	+	0.114035	mod_ratio	801	A	AGACT	ok	True
chrx	19357692	19357693	+	0.13375	mod_ratio	806	A	GGACA	ok	True
chrx	19358992	19358993	+	0.537221	mod_ratio	812	A	GAACA	ok	True
chrx	19359694	19359695	+	0.102372	mod_ratio	819	A	AGACA	ok	True
chrx	19359727	19359728	+	0.231754	mod_ratio	798	A	AAACC	ok	True
chrx	19359761	19359762	+	0.334187	mod_ratio	784	A	AAACT	ok	True
chrx	20124562	20124563	-	0.666667	mod_ratio	72	T	AGTTT	ok	True
chrx	20127425	20127426	-	0.54902	mod_ratio	102	T	TGTTT	ok	True
chrx	20127742	20127743	-	0.730061	mod_ratio	186	T	TGTTT	ok	True
chrx	20128038	20128039	-	0.40625	mod_ratio	223	T	GGTTT	ok	True
chrx	20128070	20128071	-	0.300395	mod_ratio	255	T	GGTCT	ok	True
chrx	20128152	20128153	-	0.221344	mod_ratio	254	T	AGTTT	ok	True
chrx	20128189	20128190	-	0.587302	mod_ratio	254	T	AGTCT	ok	True
chrx	20128299	20128300	-	0.496063	mod_ratio	255	T	AGTTC	ok	True
chrx	20130592	20130593	-	0.244813	mod_ratio	242	T	AGTTT	ok	True
chrx	20133963	20133964	-	0.370044	mod_ratio	231	T	AGTCT	ok	True
chrx	20133987	20133988	-	0.248889	mod_ratio	226	T	TGTCC	ok	True
chrx	20138606	20138607	-	0.153465	mod_ratio	205	T	TGTTT	ok	True
chrx	21972549	21972550	+	0.4375	mod_ratio	64	A	GGACA	ok	True
chrx	21978083	21978084	+	0.296296	mod_ratio	83	A	AAACT	ok	True
chrx	21985165	21985166	+	0.864078	mod_ratio	103	A	AGACT	ok	True
chrx	21985198	21985199	+	0.294118	mod_ratio	103	A	AAACA	ok	True
chrx	21992600	21992601	+	0.372549	mod_ratio	102	A	GAACT	ok	True
chrx	21994565	21994566	+	0.2	mod_ratio	131	A	AGACA	ok	True
chrx	23667687	23667688	+	0.196816	mod_ratio	709	A	AGACA	ok	True
chrx	23667740	23667741	+	0.158333	mod_ratio	728	A	GGACA	ok	True
chrx	23671557	23671558	+	0.419267	mod_ratio	744	A	GAACA	ok	True
chrx	23679268	23679269	+	0.260024	mod_ratio	828	A	GGACT	ok	True
chrx	23682515	23682516	+	0.132785	mod_ratio	853	A	AAACA	ok	True
chrx	23683689	23683690	+	0.119668	mod_ratio	853	A	AAACC	ok	True
chrx	23686325	23686326	+	0.582108	mod_ratio	821	A	AAACT	ok	True
chrx	23703697	23703698	-	0.714286	mod_ratio	46	T	TGTTT	ok	True
chrx	23730824	23730825	-	0.630435	mod_ratio	47	T	TGTTT	ok	True
chrx	23833457	23833458	-	0.582353	mod_ratio	171	T	AGTTT	ok	True
chrx	23833494	23833495	-	0.14881	mod_ratio	172	T	GGTCT	ok	True
chrx	23833499	23833500	-	0.386905	mod_ratio	172	T	GGTCT	ok	True
chrx	23833504	23833505	-	0.14881	mod_ratio	170	T	AGTTT	ok	True
chrx	23833592	23833593	-	0.335938	mod_ratio	130	T	AGTTT	ok	True
chrx	23833601	23833602	-	0.710938	mod_ratio	130	T	TGTTT	ok	True
chrx	23840337	23840338	-	0.184524	mod_ratio	170	T	AGTTT	ok	True
chrx	23840349	23840350	-	0.678571	mod_ratio	169	T	AGTTC	ok	True
chrx	23868608	23868609	-	0.529412	mod_ratio	171	T	AGTCC	ok	True
chrx	23874441	23874442	-	0.164384	mod_ratio	149	T	AGTTT	ok	True
chrx	23880878	23880879	-	0.169014	mod_ratio	142	T	AGTCC	ok	True
chrx	23907864	23907865	-	0.465909	mod_ratio	91	T	AGTTC	ok	True
chrx	24057717	24057718	+	0.325581	mod_ratio	89	A	GGACA	ok	True
chrx	24062479	24062480	+	0.585366	mod_ratio	90	A	AAACT	ok	True
chrx	24077027	24077028	+	0.858696	mod_ratio	108	A	AAACA	ok	True
chrx	24077704	24077705	+	0.625	mod_ratio	97	A	AAACA	ok	True
chrx	24078518	24078519	+	0.108295	mod_ratio	439	A	AAACA	ok	True
chrx	24078580	24078581	+	0.246014	mod_ratio	445	A	AGACT	ok	True
chrx	24078741	24078742	+	0.344186	mod_ratio	435	A	AAACT	ok	True
chrx	24078779	24078780	+	0.115903	mod_ratio	412	A	GAACA	ok	True
chrx	24078790	24078791	+	0.278351	mod_ratio	379	A	AAACA	ok	True
chrx	40598703	40598704	+	0.361446	mod_ratio	85	A	GAACT	ok	True
chrx	40605732	40605733	+	0.471698	mod_ratio	109	A	AAACC	ok	True
chrx	40606051	40606052	+	0.27193	mod_ratio	114	A	AAACA	ok	True
chrx	40606104	40606105	+	0.275862	mod_ratio	116	A	AAACT	ok	True
chrx	40606285	40606286	+	0.401709	mod_ratio	120	A	GAACT	ok	True
chrx	40606451	40606452	+	0.264	mod_ratio	125	A	GGACA	ok	True
chrx	40606474	40606475	+	0.306452	mod_ratio	124	A	AAACA	ok	True
chrx	47144485	47144486	-	0.174627	mod_ratio	673	T	AGTTT	ok	True
chrx	47144529	47144530	-	0.101669	mod_ratio	661	T	GGTTC	ok	True
chrx	47211108	47211109	+	0.87931	mod_ratio	62	A	GGACC	ok	True
chrx	47212831	47212832	+	0.439024	mod_ratio	83	A	AAACT	ok	True
chrx	47214344	47214345	+	0.348214	mod_ratio	112	A	GGACA	ok	True
chrx	47214406	47214407	+	0.369748	mod_ratio	120	A	AAACA	ok	True
chrx	47228915	47228916	+	0.790698	mod_ratio	43	A	AAACA	ok	True
chrx	47584958	47584959	+	0.162921	mod_ratio	184	A	GGACA	ok	True
chrx	47584976	47584977	+	0.156757	mod_ratio	185	A	AGACC	ok	True
chrx	47585546	47585547	+	0.298077	mod_ratio	212	A	AAACT	ok	True
chrx	47585599	47585600	+	0.200935	mod_ratio	215	A	GAACA	ok	True
chrx	47586549	47586550	+	0.271028	mod_ratio	215	A	AAACT	ok	True
chrx	47652120	47652121	-	0.250646	mod_ratio	390	T	AGTCC	ok	True
chrx	47657851	47657852	-	0.212121	mod_ratio	366	T	GGTCC	ok	True
chrx	48523826	48523827	+	0.359223	mod_ratio	105	A	GGACA	ok	True
chrx	48527182	48527183	+	0.152318	mod_ratio	153	A	AAACC	ok	True
chrx	48527205	48527206	+	0.166667	mod_ratio	156	A	GGACC	ok	True
chrx	48575174	48575175	+	0.336957	mod_ratio	95	A	GAACT	ok	True
chrx	48576367	48576368	+	0.398496	mod_ratio	136	A	GAACC	ok	True
chrx	48577027	48577028	+	0.185897	mod_ratio	156	A	AAACC	ok	True
chrx	48577614	48577615	+	0.165714	mod_ratio	176	A	AGACA	ok	True
chrx	48577770	48577771	+	0.185185	mod_ratio	191	A	AGACT	ok	True
chrx	48577802	48577803	+	0.560209	mod_ratio	193	A	GGACA	ok	True
chrx	48577920	48577921	+	0.190955	mod_ratio	203	A	AAACA	ok	True
chrx	48578068	48578069	+	0.121827	mod_ratio	201	A	AGACT	ok	True
chrx	48578144	48578145	+	0.345178	mod_ratio	198	A	AAACT	ok	True
chrx	48708930	48708931	+	0.457627	mod_ratio	59	A	GGACT	ok	True
chrx	48894143	48894144	-	0.349593	mod_ratio	126	T	AGTTC	ok	True
chrx	48902945	48902946	+	0.483871	mod_ratio	94	A	GGACT	ok	True
chrx	48903066	48903067	+	0.291667	mod_ratio	97	A	GAACC	ok	True
chrx	49113457	49113458	-	0.892857	mod_ratio	30	T	TGTTT	ok	True
chrx	49113611	49113612	-	0.787879	mod_ratio	33	T	AGTCC	ok	True
chrx	49171947	49171948	+	0.206349	mod_ratio	130	A	AAACC	ok	True
chrx	49171985	49171986	+	0.466165	mod_ratio	135	A	GGACT	ok	True
chrx	49173399	49173400	+	0.33526	mod_ratio	173	A	GAACC	ok	True
chrx	49173460	49173461	+	0.166667	mod_ratio	177	A	AAACC	ok	True
chrx	49174698	49174699	+	0.340102	mod_ratio	197	A	GAACT	ok	True
chrx	49174937	49174938	+	0.140909	mod_ratio	223	A	GAACC	ok	True
chrx	49175073	49175074	+	0.51773	mod_ratio	186	A	AAACA	ok	True
chrx	49323231	49323232	+	0.413793	mod_ratio	87	A	AGACC	ok	True
chrx	49323237	49323238	+	0.885057	mod_ratio	87	A	AGACC	ok	True
chrx	49326717	49326718	+	0.222222	mod_ratio	108	A	GAACA	ok	True
chrx	49326733	49326734	+	0.268519	mod_ratio	109	A	AGACT	ok	True
chrx	49326776	49326777	+	0.234234	mod_ratio	112	A	GGACC	ok	True
chrx	49331660	49331661	+	0.140351	mod_ratio	171	A	GGACT	ok	True
chrx	49332775	49332776	+	0.294798	mod_ratio	173	A	AGACC	ok	True
chrx	49333312	49333313	+	0.154286	mod_ratio	175	A	GAACC	ok	True
chrx	49333336	49333337	+	0.130682	mod_ratio	178	A	GAACC	ok	True
chrx	49336274	49336275	+	0.268817	mod_ratio	187	A	GAACA	ok	True
chrx	49336290	49336291	+	0.283422	mod_ratio	187	A	AGACT	ok	True
chrx	49336333	49336334	+	0.213904	mod_ratio	187	A	GGACC	ok	True
chrx	49338864	49338865	+	0.135135	mod_ratio	185	A	AGACA	ok	True
chrx	49342341	49342342	+	0.278607	mod_ratio	203	A	AGACC	ok	True
chrx	49342878	49342879	+	0.143564	mod_ratio	203	A	GAACC	ok	True
chrx	49342902	49342903	+	0.138614	mod_ratio	203	A	GAACC	ok	True
chrx	49345824	49345825	+	0.169154	mod_ratio	201	A	GAACA	ok	True
chrx	49345840	49345841	+	0.248756	mod_ratio	201	A	AGACT	ok	True
chrx	49345883	49345884	+	0.21393	mod_ratio	201	A	GGACC	ok	True
chrx	49532255	49532256	+	0.102273	mod_ratio	355	A	GGACT	ok	True
chrx	49533369	49533370	+	0.255618	mod_ratio	362	A	AGACC	ok	True
chrx	49533906	49533907	+	0.155556	mod_ratio	366	A	GAACC	ok	True
chrx	49533930	49533931	+	0.126374	mod_ratio	368	A	GAACC	ok	True
chrx	49536851	49536852	+	0.21123	mod_ratio	377	A	GAACA	ok	True
chrx	49536867	49536868	+	0.257373	mod_ratio	378	A	AGACT	ok	True
chrx	49536910	49536911	+	0.209115	mod_ratio	378	A	GGACC	ok	True
chrx	49539453	49539454	+	0.108992	mod_ratio	370	A	AGACA	ok	True
chrx	49542925	49542926	+	0.258675	mod_ratio	317	A	AGACC	ok	True
chrx	49543462	49543463	+	0.114551	mod_ratio	326	A	GAACC	ok	True
chrx	49543486	49543487	+	0.171779	mod_ratio	331	A	GAACC	ok	True
chrx	49546407	49546408	+	0.219585	mod_ratio	341	A	GAACA	ok	True
chrx	49546423	49546424	+	0.274336	mod_ratio	342	A	AGACT	ok	True
chrx	49546466	49546467	+	0.238938	mod_ratio	341	A	GGACC	ok	True
chrx	49549009	49549010	+	0.102102	mod_ratio	336	A	AGACA	ok	True
chrx	49552481	49552482	+	0.231003	mod_ratio	329	A	AGACC	ok	True
chrx	49553018	49553019	+	0.110778	mod_ratio	336	A	GAACC	ok	True
chrx	49553042	49553043	+	0.107463	mod_ratio	339	A	GAACC	ok	True
chrx	49555963	49555964	+	0.17765	mod_ratio	349	A	GAACA	ok	True
chrx	49555979	49555980	+	0.260745	mod_ratio	349	A	AGACT	ok	True
chrx	49556022	49556023	+	0.190202	mod_ratio	348	A	GGACC	ok	True
chrx	49560920	49560921	+	0.109524	mod_ratio	212	A	GGACT	ok	True
chrx	49562034	49562035	+	0.269767	mod_ratio	215	A	AGACC	ok	True
chrx	49562571	49562572	+	0.186364	mod_ratio	226	A	GAACC	ok	True
chrx	49562595	49562596	+	0.140271	mod_ratio	224	A	GAACC	ok	True
chrx	49565522	49565523	+	0.230088	mod_ratio	228	A	GAACA	ok	True
chrx	49565538	49565539	+	0.285088	mod_ratio	231	A	AGACT	ok	True
chrx	49565581	49565582	+	0.241379	mod_ratio	233	A	GGACC	ok	True
chrx	49568120	49568121	+	0.128755	mod_ratio	234	A	AGACA	ok	True
chrx	49571592	49571593	+	0.278351	mod_ratio	194	A	AGACC	ok	True
chrx	49572129	49572130	+	0.14	mod_ratio	201	A	GAACC	ok	True
chrx	49572153	49572154	+	0.135678	mod_ratio	206	A	GAACC	ok	True
chrx	49575075	49575076	+	0.227907	mod_ratio	215	A	GAACA	ok	True
chrx	49575091	49575092	+	0.260465	mod_ratio	217	A	AGACT	ok	True
chrx	49575134	49575135	+	0.229358	mod_ratio	221	A	GGACC	ok	True
chrx	49589574	49589575	+	0.108067	mod_ratio	658	A	GGACT	ok	True
chrx	49590685	49590686	+	0.347181	mod_ratio	677	A	AGACC	ok	True
chrx	49591222	49591223	+	0.143704	mod_ratio	677	A	GAACC	ok	True
chrx	49591246	49591247	+	0.159527	mod_ratio	681	A	GAACC	ok	True
chrx	49591288	49591289	+	0.432551	mod_ratio	683	A	GGACA	ok	True
chrx	49594145	49594146	+	0.200873	mod_ratio	688	A	GAACA	ok	True
chrx	49594161	49594162	+	0.271802	mod_ratio	689	A	AGACT	ok	True
chrx	49594204	49594205	+	0.226277	mod_ratio	688	A	GGACC	ok	True
chrx	49596739	49596740	+	0.111441	mod_ratio	674	A	AGACA	ok	True
chrx	49600212	49600213	+	0.245033	mod_ratio	303	A	AGACC	ok	True
chrx	49600749	49600750	+	0.10356	mod_ratio	312	A	GAACC	ok	True
chrx	49600773	49600774	+	0.141026	mod_ratio	315	A	GAACC	ok	True
chrx	49603695	49603696	+	0.203647	mod_ratio	330	A	GAACA	ok	True
chrx	49603711	49603712	+	0.281818	mod_ratio	332	A	AGACT	ok	True
chrx	49603754	49603755	+	0.192771	mod_ratio	333	A	GGACC	ok	True
chrx	49606021	49606022	+	0.104615	mod_ratio	325	A	AGACA	ok	True
chrx	49687533	49687534	-	0.105263	mod_ratio	478	T	TGTCT	ok	True
chrx	49689429	49689430	-	0.67364	mod_ratio	478	T	TGTTT	ok	True
chrx	49689498	49689499	-	0.198312	mod_ratio	475	T	AGTCT	ok	True
chrx	49689514	49689515	-	0.184322	mod_ratio	475	T	TGTTC	ok	True
chrx	49691261	49691262	-	0.461538	mod_ratio	469	T	AGTTT	ok	True
chrx	49691329	49691330	-	0.193833	mod_ratio	461	T	AGTCT	ok	True
chrx	49691345	49691346	-	0.303965	mod_ratio	455	T	AGTTC	ok	True
chrx	49694734	49694735	-	0.447796	mod_ratio	434	T	GGTCT	ok	True
chrx	49695912	49695913	-	0.242054	mod_ratio	414	T	AGTCT	ok	True
chrx	49695933	49695934	-	0.168734	mod_ratio	409	T	TGTCC	ok	True
chrx	53431384	53431385	-	0.28	mod_ratio	326	T	TGTTT	ok	True
chrx	53432386	53432387	-	0.198444	mod_ratio	257	T	TGTTT	ok	True
chrx	53433746	53433747	-	0.261044	mod_ratio	249	T	TGTTT	ok	True
chrx	54815932	54815933	+	0.545455	mod_ratio	44	A	AAACC	ok	True
chrx	68522863	68522864	+	0.585366	mod_ratio	41	A	AAACT	ok	True
chrx	68532397	68532398	+	0.931034	mod_ratio	29	A	AAACA	ok	True
chrx	70134665	70134666	+	0.90625	mod_ratio	32	A	AAACT	ok	True
chrx	70165937	70165938	+	0.529412	mod_ratio	51	A	GGACA	ok	True
chrx	70286610	70286611	-	0.55814	mod_ratio	51	T	TGTTT	ok	True
chrx	71291828	71291829	+	0.282353	mod_ratio	86	A	AGACC	ok	True
chrx	71294235	71294236	+	0.552941	mod_ratio	87	A	GAACC	ok	True
chrx	71294338	71294339	+	0.418919	mod_ratio	75	A	AAACC	ok	True
chrx	71294363	71294364	+	0.631579	mod_ratio	77	A	GAACT	ok	True
chrx	71296618	71296619	+	0.394737	mod_ratio	76	A	GGACT	ok	True
chrx	71297923	71297924	+	0.388889	mod_ratio	109	A	GAACC	ok	True
chrx	71298721	71298722	+	0.451327	mod_ratio	113	A	AAACA	ok	True
chrx	71298804	71298805	+	0.394958	mod_ratio	119	A	GAACT	ok	True
chrx	71300007	71300008	+	0.242188	mod_ratio	129	A	GAACT	ok	True
chrx	71300056	71300057	+	0.416667	mod_ratio	133	A	AAACA	ok	True
chrx	71300128	71300129	+	0.248276	mod_ratio	148	A	GGACT	ok	True
chrx	71300248	71300249	+	0.496503	mod_ratio	155	A	AAACA	ok	True
chrx	71300538	71300539	+	0.139535	mod_ratio	182	A	GAACT	ok	True
chrx	71300655	71300656	+	0.693878	mod_ratio	200	A	AAACT	ok	True
chrx	71300676	71300677	+	0.116751	mod_ratio	201	A	AAACC	ok	True
chrx	71300681	71300682	+	0.446701	mod_ratio	202	A	AAACA	ok	True
chrx	71300818	71300819	+	0.128571	mod_ratio	211	A	AGACA	ok	True
chrx	71300904	71300905	+	0.386047	mod_ratio	215	A	GGACA	ok	True
chrx	71301023	71301024	+	0.202765	mod_ratio	218	A	AGACT	ok	True
chrx	72196807	72196808	+	0.459016	mod_ratio	63	A	AAACA	ok	True
chrx	72272685	72272686	-	0.456826	mod_ratio	2448	T	TGTTT	ok	True
chrx	72272763	72272764	-	0.195082	mod_ratio	2455	T	GGTTT	ok	True
chrx	72273836	72273837	-	0.146644	mod_ratio	2360	T	AGTCT	ok	True
chrx	72275573	72275574	-	0.28381	mod_ratio	2138	T	AGTTC	ok	True
chrx	72275656	72275657	-	0.216012	mod_ratio	2008	T	TGTTC	ok	True
chrx	77902659	77902660	+	0.152433	mod_ratio	1097	A	AAACA	ok	True
chrx	78104368	78104369	+	0.10387	mod_ratio	497	A	GGACA	ok	True
chrx	78109907	78109908	+	0.144231	mod_ratio	527	A	AAACA	ok	True
chrx	78113781	78113782	+	0.169675	mod_ratio	564	A	GGACA	ok	True
chrx	78113878	78113879	+	0.111304	mod_ratio	582	A	GAACT	ok	True
chrx	78114104	78114105	+	0.377451	mod_ratio	624	A	GAACC	ok	True
chrx	78118112	78118113	+	0.429812	mod_ratio	698	A	GAACT	ok	True
chrx	78122848	78122849	+	0.109551	mod_ratio	721	A	AGACA	ok	True
chrx	78122878	78122879	+	0.636856	mod_ratio	754	A	GGACA	ok	True
chrx	78123329	78123330	+	0.117225	mod_ratio	863	A	AGACT	ok	True
chrx	78124880	78124881	+	0.137233	mod_ratio	899	A	GGACT	ok	True
chrx	78124990	78124991	+	0.211087	mod_ratio	950	A	GAACC	ok	True
chrx	78125335	78125336	+	0.139511	mod_ratio	1011	A	AGACA	ok	True
chrx	78125911	78125912	+	0.142599	mod_ratio	1125	A	AAACC	ok	True
chrx	78125960	78125961	+	0.357522	mod_ratio	1146	A	GAACC	ok	True
chrx	78125968	78125969	+	0.359859	mod_ratio	1145	A	AAACA	ok	True
chrx	78126056	78126057	+	0.223003	mod_ratio	1151	A	AAACC	ok	True
chrx	78126189	78126190	+	0.176215	mod_ratio	1160	A	AAACA	ok	True
chrx	78126220	78126221	+	0.115083	mod_ratio	1158	A	AGACA	ok	True
chrx	78126245	78126246	+	0.704225	mod_ratio	1131	A	AAACA	ok	True
chrx	100629725	100629726	-	0.403509	mod_ratio	57	T	TGTTT	ok	True
chrx	100629861	100629862	-	0.518519	mod_ratio	54	T	AGTTT	ok	True
chrx	100633411	100633412	-	0.72549	mod_ratio	51	T	TGTTT	ok	True
chrx	100840827	100840828	+	0.777778	mod_ratio	46	A	GGACT	ok	True
chrx	101346546	101346547	-	0.5	mod_ratio	71	T	TGTTC	ok	True
chrx	101346598	101346599	-	0.455882	mod_ratio	68	T	AGTTC	ok	True
chrx	101391798	101391799	+	0.495387	mod_ratio	1096	A	AAACT	ok	True
chrx	101395340	101395341	+	0.273234	mod_ratio	1081	A	AAACT	ok	True
chrx	101395432	101395433	+	0.303536	mod_ratio	1031	A	GAACT	ok	True
chrx	101395769	101395770	+	0.154846	mod_ratio	928	A	AGACA	ok	True
chrx	101413627	101413628	+	0.533333	mod_ratio	47	A	AAACA	ok	True
chrx	101413822	101413823	+	0.54902	mod_ratio	54	A	AAACA	ok	True
chrx	101413878	101413879	+	0.490909	mod_ratio	55	A	AAACA	ok	True
chrx	103253086	103253087	-	0.569444	mod_ratio	73	T	AGTTT	ok	True
chrx	103253268	103253269	-	0.597222	mod_ratio	76	T	AGTTT	ok	True
chrx	103253321	103253322	-	0.534247	mod_ratio	74	T	AGTTT	ok	True
chrx	103253788	103253789	-	0.484848	mod_ratio	68	T	TGTCC	ok	True
chrx	103357141	103357142	+	0.483607	mod_ratio	124	A	AAACT	ok	True
chrx	103357713	103357714	+	0.309735	mod_ratio	113	A	AAACC	ok	True
chrx	103357813	103357814	+	0.361345	mod_ratio	119	A	GAACT	ok	True
chrx	103357973	103357974	+	0.244275	mod_ratio	131	A	AAACC	ok	True
chrx	103377087	103377088	+	0.136802	mod_ratio	523	A	AGACT	ok	True
chrx	103377466	103377467	+	0.213115	mod_ratio	186	A	AAACA	ok	True
chrx	103377604	103377605	+	0.148532	mod_ratio	586	A	GGACA	ok	True
chrx	103377923	103377924	+	0.213313	mod_ratio	662	A	GAACC	ok	True
chrx	103586820	103586821	+	0.772727	mod_ratio	45	A	AAACA	ok	True
chrx	103586831	103586832	+	0.560976	mod_ratio	44	A	AAACA	ok	True
chrx	103586953	103586954	+	0.644444	mod_ratio	46	A	AAACC	ok	True
chrx	103587002	103587003	+	0.625	mod_ratio	48	A	AAACA	ok	True
chrx	103675725	103675726	-	0.368201	mod_ratio	241	T	TGTTT	ok	True
chrx	103675935	103675936	-	0.355769	mod_ratio	213	T	TGTTT	ok	True
chrx	103676016	103676017	-	0.166667	mod_ratio	200	T	TGTTT	ok	True
chrx	103676118	103676119	-	0.762431	mod_ratio	214	T	TGTTT	ok	True
chrx	103676614	103676615	-	0.190476	mod_ratio	172	T	AGTCC	ok	True
chrx	103676871	103676872	-	0.167785	mod_ratio	153	T	GGTTC	ok	True
chrx	103676900	103676901	-	0.172414	mod_ratio	149	T	TGTCT	ok	True
chrx	103678572	103678573	-	0.613445	mod_ratio	121	T	GGTCT	ok	True
chrx	103685194	103685195	-	0.264463	mod_ratio	121	T	GGTTC	ok	True
chrx	107650177	107650178	+	0.577778	mod_ratio	48	A	GAACT	ok	True
chrx	107650771	107650772	+	0.274725	mod_ratio	93	A	AAACA	ok	True
chrx	108084230	108084231	-	0.33908	mod_ratio	189	T	AGTTT	ok	True
chrx	108084451	108084452	-	0.439394	mod_ratio	200	T	GGTCC	ok	True
chrx	108084566	108084567	-	0.267016	mod_ratio	191	T	TGTTT	ok	True
chrx	108084650	108084651	-	0.197802	mod_ratio	186	T	TGTTT	ok	True
chrx	108084847	108084848	-	0.158824	mod_ratio	170	T	TGTTT	ok	True
chrx	108084972	108084973	-	0.409938	mod_ratio	161	T	TGTTT	ok	True
chrx	108087706	108087707	-	0.25	mod_ratio	157	T	TGTCT	ok	True
chrx	108087715	108087716	-	0.193548	mod_ratio	157	T	TGTTT	ok	True
chrx	108088811	108088812	-	0.233577	mod_ratio	137	T	TGTCC	ok	True
chrx	108088840	108088841	-	0.19708	mod_ratio	137	T	AGTTC	ok	True
chrx	108091414	108091415	-	0.270073	mod_ratio	137	T	AGTTC	ok	True
chrx	115647959	115647960	+	0.677419	mod_ratio	63	A	AAACT	ok	True
chrx	115649801	115649802	+	0.538462	mod_ratio	65	A	AAACA	ok	True
chrx	115650233	115650234	+	0.361702	mod_ratio	98	A	AAACA	ok	True
chrx	115650301	115650302	+	0.350515	mod_ratio	100	A	AAACA	ok	True
chrx	115650373	115650374	+	0.230769	mod_ratio	106	A	AAACT	ok	True
chrx	115650503	115650504	+	0.428571	mod_ratio	113	A	AAACA	ok	True
chrx	117898951	117898952	-	0.565217	mod_ratio	47	T	GGTTT	ok	True
chrx	119243458	119243459	+	0.311111	mod_ratio	91	A	GAACT	ok	True
chrx	119243867	119243868	+	0.427184	mod_ratio	104	A	AAACA	ok	True
chrx	119244083	119244084	+	0.216981	mod_ratio	106	A	GAACA	ok	True
chrx	119244125	119244126	+	0.605769	mod_ratio	106	A	GAACC	ok	True
chrx	119244136	119244137	+	0.371429	mod_ratio	106	A	AAACA	ok	True
chrx	119244385	119244386	+	0.281818	mod_ratio	110	A	GAACT	ok	True
chrx	119468546	119468547	+	0.100775	mod_ratio	782	A	GGACT	ok	True
chrx	119470512	119470513	+	0.135154	mod_ratio	1437	A	GAAGT	ok	False
chrx	119471087	119471088	+	0.266438	mod_ratio	1479	A	GAACA	ok	True
chrx	119471245	119471246	+	0.180565	mod_ratio	1473	A	GGACT	ok	True
chrx	119581516	119581517	+	0.571429	mod_ratio	57	A	AAACT	ok	True
chrx	119581552	119581553	+	0.847458	mod_ratio	61	A	AAACC	ok	True
chrx	119583163	119583164	+	0.615385	mod_ratio	66	A	AAACA	ok	True
chrx	119786713	119786714	-	0.285201	mod_ratio	3649	T	TGTCT	ok	True
chrx	119789923	119789924	-	0.127884	mod_ratio	3617	T	AGTTT	ok	True
chrx	119789966	119789967	-	0.120192	mod_ratio	3560	T	TGTTT	ok	True
chrx	119871872	119871873	+	0.108197	mod_ratio	498	A	GGACC	ok	True
chrx	119871934	119871935	+	0.217848	mod_ratio	766	A	GGACT	ok	True
chrx	119871970	119871971	+	0.184655	mod_ratio	776	A	GGACT	ok	True
chrx	119876523	119876524	+	0.19085	mod_ratio	768	A	GAACA	ok	True
chrx	119936308	119936309	-	0.65	mod_ratio	40	T	TGTTT	ok	True
chrx	119938734	119938735	-	0.40678	mod_ratio	59	T	GGTTC	ok	True
chrx	120442651	120442652	-	0.714286	mod_ratio	43	T	GGTTT	ok	True
chrx	120605449	120605450	+	0.162791	mod_ratio	174	A	AAACT	ok	True
chrx	120605505	120605506	+	0.155556	mod_ratio	183	A	GAACC	ok	True
chrx	120611074	120611075	+	0.126263	mod_ratio	200	A	AGACA	ok	True
chrx	130129580	130129581	-	0.340659	mod_ratio	92	T	AGTTT	ok	True
chrx	130130139	130130140	-	0.291139	mod_ratio	79	T	TGTCT	ok	True
chrx	130136105	130136106	-	0.431034	mod_ratio	59	T	AGTCT	ok	True
chrx	130136178	130136179	-	0.571429	mod_ratio	56	T	AGTTT	ok	True
chrx	130402036	130402037	+	0.666667	mod_ratio	44	A	GAAGT	ok	False
chrx	132075684	132075685	+	0.658537	mod_ratio	86	A	AAACA	ok	True
chrx	134473450	134473451	+	0.203704	mod_ratio	164	A	GGACT	ok	True
chrx	134475181	134475182	+	0.237805	mod_ratio	165	A	GGACT	ok	True
chrx	134475348	134475349	+	0.220339	mod_ratio	179	A	AGACT	ok	True
chrx	134493528	134493529	+	0.178378	mod_ratio	187	A	AAACA	ok	True
chrx	134500050	134500051	+	0.214689	mod_ratio	179	A	AAACT	ok	True
chrx	134500103	134500104	+	0.294444	mod_ratio	182	A	AAACA	ok	True
chrx	134500333	134500334	+	0.571429	mod_ratio	77	A	AAACC	ok	True
chrx	134500354	134500355	+	0.38961	mod_ratio	77	A	AAACA	ok	True
chrx	135033049	135033050	+	0.325	mod_ratio	80	A	AGACC	ok	True
chrx	135051273	135051274	-	0.579365	mod_ratio	131	T	TGTCC	ok	True
chrx	135051399	135051400	-	0.52459	mod_ratio	62	T	AGTCT	ok	True
chrx	136873500	136873501	-	0.553571	mod_ratio	115	T	TGTTT	ok	True
chrx	136873547	136873548	-	0.350427	mod_ratio	117	T	GGTTC	ok	True
chrx	136873801	136873802	-	0.221154	mod_ratio	106	T	TGTTT	ok	True
chrx	136873971	136873972	-	0.285714	mod_ratio	145	T	TGTTT	ok	True
chrx	136874062	136874063	-	0.166667	mod_ratio	150	T	AGTCC	ok	True
chrx	136874087	136874088	-	0.382353	mod_ratio	148	T	AGTTT	ok	True
chrx	136874100	136874101	-	0.576642	mod_ratio	146	T	TGTTT	ok	True
chrx	136874122	136874123	-	0.352941	mod_ratio	144	T	GGTCC	ok	True
chrx	136874134	136874135	-	0.459259	mod_ratio	147	T	TGTTT	ok	True
chrx	136874138	136874139	-	0.485294	mod_ratio	147	T	TGTTT	ok	True
chrx	136876587	136876588	-	0.269231	mod_ratio	107	T	GGTCC	ok	True
chrx	136877947	136877948	-	0.242991	mod_ratio	109	T	GGTTC	ok	True
chrx	136878044	136878045	-	0.317308	mod_ratio	107	T	GGTTT	ok	True
chrx	136878056	136878057	-	0.216981	mod_ratio	106	T	TGTTC	ok	True
chrx	136879099	136879100	-	0.227723	mod_ratio	102	T	GGTTT	ok	True
chrx	136879428	136879429	-	0.846939	mod_ratio	108	T	TGTTT	ok	True
chrx	152700632	152700633	+	0.232323	mod_ratio	109	A	GGACA	ok	True
chrx	152701058	152701059	+	0.197368	mod_ratio	154	A	GAACT	ok	True
chrx	152701088	152701089	+	0.288462	mod_ratio	158	A	GGACT	ok	True
chrx	152701340	152701341	+	0.140845	mod_ratio	287	A	GGACC	ok	True
chrx	152701592	152701593	+	0.291022	mod_ratio	326	A	AAACT	ok	True
chrx	152701672	152701673	+	0.106825	mod_ratio	341	A	AAACC	ok	True
chrx	152702265	152702266	+	0.14951	mod_ratio	409	A	AAACA	ok	True
chrx	152702277	152702278	+	0.193717	mod_ratio	409	A	AAACC	ok	True
chrx	152727498	152727499	-	0.358025	mod_ratio	119	T	TGTTC	ok	True
chrx	152727614	152727615	-	0.304636	mod_ratio	151	T	AGTCT	ok	True
chrx	152727672	152727673	-	0.306667	mod_ratio	152	T	GGTCT	ok	True
chrx	152727689	152727690	-	0.261745	mod_ratio	150	T	GGTCC	ok	True
chrx	152727715	152727716	-	0.364865	mod_ratio	149	T	AGTTC	ok	True
chrx	152727772	152727773	-	0.328767	mod_ratio	148	T	GGTTT	ok	True
chrx	152727789	152727790	-	0.170068	mod_ratio	147	T	GGTCT	ok	True
chrx	152727810	152727811	-	0.260274	mod_ratio	146	T	TGTTC	ok	True
chrx	152727832	152727833	-	0.198582	mod_ratio	145	T	GGTCC	ok	True
chrx	152727853	152727854	-	0.328467	mod_ratio	140	T	TGTCT	ok	True
chrx	152728123	152728124	-	0.303704	mod_ratio	135	T	GGTTT	ok	True
chrx	152736594	152736595	+	0.295652	mod_ratio	117	A	GGACT	ok	True
chrx	152736755	152736756	+	0.227273	mod_ratio	135	A	AGACA	ok	True
chrx	152736921	152736922	+	0.303797	mod_ratio	163	A	AAACT	ok	True
chrx	152737001	152737002	+	0.166667	mod_ratio	170	A	AAACC	ok	True
chrx	152737048	152737049	+	0.931818	mod_ratio	180	A	GGACC	ok	True
chrx	152737342	152737343	+	0.12844	mod_ratio	220	A	GAACT	ok	True
chrx	152766204	152766205	-	0.162534	mod_ratio	401	T	GGTTT	ok	True
chrx	152766216	152766217	-	0.150754	mod_ratio	407	T	TGTTT	ok	True
chrx	152766809	152766810	-	0.192926	mod_ratio	317	T	GGTTT	ok	True
chrx	152766889	152766890	-	0.237931	mod_ratio	300	T	AGTTT	ok	True
chrx	152766943	152766944	-	0.190299	mod_ratio	281	T	TGTCT	ok	True
chrx	152767141	152767142	-	0.13617	mod_ratio	239	T	GGTCC	ok	True
chrx	152767393	152767394	-	0.345794	mod_ratio	110	T	AGTCC	ok	True
chrx	152767423	152767424	-	0.228571	mod_ratio	107	T	AGTTC	ok	True
chrx	152767831	152767832	-	0.959459	mod_ratio	76	T	TGTTC	ok	True
chrx	153447892	153447893	-	0.542857	mod_ratio	71	T	AGTTC	ok	True
chrx	153455707	153455708	-	0.553191	mod_ratio	47	T	GGTCT	ok	True
chrx	153700539	153700540	-	0.198052	mod_ratio	317	T	AGTCC	ok	True
chrx	153702088	153702089	-	0.147727	mod_ratio	269	T	GGTTT	ok	True
chrx	153702105	153702106	-	0.159091	mod_ratio	265	T	AGTTC	ok	True
chrx	153702993	153702994	-	0.112	mod_ratio	257	T	TGTTC	ok	True
chrx	153715640	153715641	-	0.32	mod_ratio	200	T	GGTTC	ok	True
chrx	153786363	153786364	-	0.382979	mod_ratio	94	T	GGTCC	ok	True
chrx	153797458	153797459	+	0.10962	mod_ratio	455	A	GAACA	ok	True
chrx	153798089	153798090	+	0.454936	mod_ratio	469	A	GGACA	ok	True
chrx	153798128	153798129	+	0.157667	mod_ratio	467	A	GGACC	ok	True
chrx	153798471	153798472	+	0.152809	mod_ratio	457	A	AAACA	ok	True
chrx	153930017	153930018	-	0.187793	mod_ratio	213	T	TGTCC	ok	True
chrx	153930042	153930043	-	0.333333	mod_ratio	213	T	GGTCT	ok	True
chrx	153930071	153930072	-	0.169811	mod_ratio	212	T	TGTCC	ok	True
chrx	153932389	153932390	-	0.321637	mod_ratio	174	T	AGTTT	ok	True
chrx	154010721	154010722	-	0.631579	mod_ratio	38	T	TGTTT	ok	True
chrx	154381060	154381061	+	0.291045	mod_ratio	137	A	AAACC	ok	True
chrx	154381493	154381494	+	0.348148	mod_ratio	145	A	GGACA	ok	True
chrx	154399436	154399437	+	0.71875	mod_ratio	32	A	GGACT	ok	True
chrx	154400470	154400471	+	0.157731	mod_ratio	6447	A	AAACA	ok	True
chrx	154400828	154400829	+	0.19517	mod_ratio	6587	A	GGACA	ok	True
chrx	154450497	154450498	+	0.459016	mod_ratio	61	A	GGACT	ok	True
chrx	154478832	154478833	-	0.233333	mod_ratio	158	T	TGTCC	ok	True
chrx	154483737	154483738	-	0.585366	mod_ratio	52	T	TGTTT	ok	True
chrx	154484495	154484496	-	0.227273	mod_ratio	111	T	TGTCC	ok	True
chrx	154484857	154484858	-	0.4875	mod_ratio	81	T	AGTTT	ok	True
chrx	154484861	154484862	-	0.5875	mod_ratio	80	T	TGTTT	ok	True
chrx	154531807	154531808	-	0.359375	mod_ratio	65	T	GGTCT	ok	True
chrx	154531928	154531929	-	0.559322	mod_ratio	59	T	AGTCC	ok	True
chrx	154586542	154586543	+	0.209302	mod_ratio	173	A	AGACC	ok	True
chrx	154617881	154617882	-	0.154696	mod_ratio	182	T	GGTCT	ok	True
chrx	154652384	154652385	-	0.378947	mod_ratio	97	T	TGTTT	ok	True
chrx	154652392	154652393	-	0.242105	mod_ratio	97	T	TGTTC	ok	True
chrx	154652526	154652527	-	0.14127	mod_ratio	633	T	AGTCC	ok	True
chrx	154653264	154653265	-	0.153716	mod_ratio	596	T	TGTCC	ok	True
chrx	154775264	154775265	+	0.407407	mod_ratio	83	A	AAACT	ok	True
chrx	154776894	154776895	+	0.567568	mod_ratio	78	A	AAACT	ok	True
chrx	154777231	154777232	+	0.270833	mod_ratio	100	A	AAACA	ok	True
chrx	154777244	154777245	+	0.447917	mod_ratio	100	A	AAACT	ok	True
chrx	154777273	154777274	+	0.263158	mod_ratio	99	A	GAACC	ok	True
chrx	155033405	155033406	+	0.22093	mod_ratio	174	A	AAACT	ok	True
chrx	155051676	155051677	+	0.238579	mod_ratio	198	A	AAACC	ok	True
chrx	155054863	155054864	+	0.168103	mod_ratio	233	A	AGACA	ok	True
chrx	155055018	155055019	+	0.233184	mod_ratio	226	A	AAACT	ok	True
chrx	155055080	155055081	+	0.138614	mod_ratio	214	A	GAACT	ok	True
chrx	155220205	155220206	+	0.454545	mod_ratio	79	A	AAACA	ok	True
chrx	155220280	155220281	+	0.468354	mod_ratio	80	A	GAACT	ok	True
chrx	155227261	155227262	+	0.7625	mod_ratio	81	A	AAACA	ok	True
chrx	155238960	155238961	+	0.947368	mod_ratio	118	A	AAACA	ok	True
chrx	155239228	155239229	+	0.211864	mod_ratio	122	A	AGACA	ok	True
chrx	155239251	155239252	+	0.316667	mod_ratio	123	A	AAACT	ok	True
chrx	155239366	155239367	+	0.291339	mod_ratio	131	A	GGACA	ok	True
chrx	155239565	155239566	+	0.230769	mod_ratio	117	A	GAACA	ok	True
chr10	120354674	120354675	-	0.142509	mod_ratio	1023	T	GGTCC	ok	True
chr10	120354756	120354757	-	0.160565	mod_ratio	1931	T	GGTTC	ok	True
chr10	120354949	120354950	-	0.118214	mod_ratio	1995	T	TGTTT	ok	True
chr10	120354953	120354954	-	0.200711	mod_ratio	1993	T	TGTTT	ok	True
chr10	120355175	120355176	-	0.235955	mod_ratio	1832	T	TGTTC	ok	True
chr20	397098	397099	+	0.548387	mod_ratio	64	A	AAACA	ok	True
chr20	397213	397214	+	0.549296	mod_ratio	72	A	GAACT	ok	True
chr20	397301	397302	+	0.408451	mod_ratio	71	A	AAACT	ok	True
chr20	397462	397463	+	0.361111	mod_ratio	72	A	GGACA	ok	True
chr20	1369258	1369259	-	0.248677	mod_ratio	196	T	AGTCT	ok	True
chr20	1369358	1369359	-	0.329545	mod_ratio	184	T	AGTCC	ok	True
chr20	1369449	1369450	-	0.239766	mod_ratio	179	T	TGTCC	ok	True
chr20	1369492	1369493	-	0.14881	mod_ratio	169	T	GGTTT	ok	True
chr20	1369551	1369552	-	0.38125	mod_ratio	164	T	AGTTT	ok	True
chr20	1369610	1369611	-	0.214286	mod_ratio	156	T	AGTCC	ok	True
chr20	1369663	1369664	-	0.352113	mod_ratio	143	T	TGTTT	ok	True
chr20	1369874	1369875	-	0.381818	mod_ratio	115	T	GGTTT	ok	True
chr20	1369888	1369889	-	0.541284	mod_ratio	115	T	AGTTT	ok	True
chr20	1372216	1372217	-	0.267442	mod_ratio	88	T	AGTTT	ok	True
chr20	1375557	1375558	-	0.534247	mod_ratio	73	T	TGTTT	ok	True
chr20	2461658	2461659	-	0.170507	mod_ratio	651	T	AGTTT	ok	True
chr20	2461673	2461674	-	0.113323	mod_ratio	701	T	AGTTT	ok	True
chr20	2461754	2461755	-	0.587385	mod_ratio	762	T	AGTCT	ok	True
chr20	2462689	2462690	-	0.281879	mod_ratio	750	T	AGTCC	ok	True
chr20	2465803	2465804	-	0.125	mod_ratio	401	T	TGTTT	ok	True
chr20	2470698	2470699	-	0.1125	mod_ratio	323	T	GGTTC	ok	True
chr20	2654824	2654825	+	0.629032	mod_ratio	71	A	GGACA	ok	True
chr20	2654904	2654905	+	0.32	mod_ratio	75	A	GGACC	ok	True
chr20	2655410	2655411	+	0.303797	mod_ratio	80	A	AAACC	ok	True
chr20	2655624	2655625	+	0.303797	mod_ratio	87	A	AAACA	ok	True
chr20	2656436	2656437	+	0.326733	mod_ratio	107	A	GGACT	ok	True
chr20	2656510	2656511	+	0.245283	mod_ratio	109	A	AAACA	ok	True
chr20	2656841	2656842	+	0.289474	mod_ratio	118	A	AGACT	ok	True
chr20	2657121	2657122	+	0.348485	mod_ratio	205	A	AAACA	ok	True
chr20	2658135	2658136	+	0.206349	mod_ratio	191	A	AAACA	ok	True
chr20	2658305	2658306	+	0.441341	mod_ratio	190	A	GGACA	ok	True
chr20	2658515	2658516	-	0.471698	mod_ratio	106	T	GGTTC	ok	True
chr20	2660316	2660317	-	0.376812	mod_ratio	70	T	AGTTC	ok	True
chr20	3047747	3047748	+	0.397727	mod_ratio	91	A	AAACT	ok	True
chr20	3047765	3047766	+	0.307692	mod_ratio	92	A	GAACC	ok	True
chr20	3047795	3047796	+	0.793478	mod_ratio	92	A	GGACT	ok	True
chr20	3047807	3047808	+	0.271739	mod_ratio	94	A	GAACT	ok	True
chr20	3047861	3047862	+	0.587629	mod_ratio	97	A	GGACT	ok	True
chr20	3047898	3047899	+	0.306122	mod_ratio	99	A	GGACC	ok	True
chr20	3048031	3048032	+	0.284314	mod_ratio	102	A	AAACT	ok	True
chr20	3048087	3048088	+	0.333333	mod_ratio	102	A	AGACC	ok	True
chr20	3214009	3214010	+	0.194444	mod_ratio	145	A	GGACA	ok	True
chr20	3221871	3221872	+	0.143678	mod_ratio	176	A	GGACT	ok	True
chr20	3223518	3223519	+	0.245989	mod_ratio	188	A	AAACC	ok	True
chr20	3223634	3223635	+	0.143617	mod_ratio	188	A	AAACT	ok	True
chr20	3223765	3223766	+	0.241935	mod_ratio	188	A	GAACC	ok	True
chr20	3223839	3223840	+	0.361111	mod_ratio	161	A	AAACC	ok	True
chr20	3753738	3753739	-	0.454545	mod_ratio	90	T	AGTCC	ok	True
chr20	5115255	5115256	-	0.216867	mod_ratio	168	T	AGTTT	ok	True
chr20	5115516	5115517	-	0.311258	mod_ratio	156	T	AGTTC	ok	True
chr20	5117515	5117516	-	0.521429	mod_ratio	142	T	TGTTT	ok	True
chr20	5119586	5119587	-	0.483607	mod_ratio	122	T	GGTTC	ok	True
chr20	10413755	10413756	-	0.443548	mod_ratio	125	T	TGTTT	ok	True
chr20	10420723	10420724	-	0.333333	mod_ratio	112	T	AGTTC	ok	True
chr20	11926166	11926167	+	0.769231	mod_ratio	40	A	AAACA	ok	True
chr20	16732214	16732215	+	0.359223	mod_ratio	103	A	GGACA	ok	True
chr20	16737311	16737312	+	0.259259	mod_ratio	111	A	GAACT	ok	True
chr20	16741162	16741163	+	0.491525	mod_ratio	61	A	GAACT	ok	True
chr20	17601004	17601005	+	0.412568	mod_ratio	385	A	AAACA	ok	True
chr20	17604563	17604564	+	0.153425	mod_ratio	369	A	GAACT	ok	True
chr20	17607043	17607044	+	0.132075	mod_ratio	375	A	AAACA	ok	True
chr20	17607064	17607065	+	0.299465	mod_ratio	377	A	GGACC	ok	True
chr20	17607271	17607272	+	0.226866	mod_ratio	339	A	AAACT	ok	True
chr20	17607283	17607284	+	0.51497	mod_ratio	339	A	AAACA	ok	True
chr20	17607293	17607294	+	0.879518	mod_ratio	337	A	AAACA	ok	True
chr20	17607428	17607429	+	0.348178	mod_ratio	250	A	AAACA	ok	True
chr20	17607906	17607907	+	0.206186	mod_ratio	295	A	AAACA	ok	True
chr20	17607927	17607928	+	0.374101	mod_ratio	285	A	GGACA	ok	True
chr20	17608189	17608190	+	0.320388	mod_ratio	103	A	GAACT	ok	True
chr20	18569238	18569239	+	0.176471	mod_ratio	137	A	AGACC	ok	True
chr20	18569309	18569310	+	0.308271	mod_ratio	136	A	AAACA	ok	True
chr20	18569398	18569399	+	0.328467	mod_ratio	137	A	GAACC	ok	True
chr20	18569425	18569426	+	0.272059	mod_ratio	136	A	AAACC	ok	True
chr20	18763495	18763496	+	0.666667	mod_ratio	39	A	AAACA	ok	True
chr20	18763663	18763664	+	0.577778	mod_ratio	45	A	GAACA	ok	True
chr20	20022477	20022478	+	0.313131	mod_ratio	99	A	AAACT	ok	True
chr20	20026886	20026887	+	0.504425	mod_ratio	113	A	AAACT	ok	True
chr20	20033425	20033426	+	0.19685	mod_ratio	127	A	AAACA	ok	True
chr20	20033514	20033515	+	0.464567	mod_ratio	128	A	GAACC	ok	True
chr20	21389558	21389559	+	0.454545	mod_ratio	55	A	AAACA	ok	True
chr20	21389609	21389610	+	0.592593	mod_ratio	54	A	AAACC	ok	True
chr20	21389628	21389629	+	0.518519	mod_ratio	54	A	AAACA	ok	True
chr20	21389704	21389705	+	0.444444	mod_ratio	54	A	GAACC	ok	True
chr20	21389748	21389749	+	0.518519	mod_ratio	54	A	AAACA	ok	True
chr20	23635321	23635322	-	0.520661	mod_ratio	121	T	GGTTC	ok	True
chr20	23635350	23635351	-	0.307018	mod_ratio	117	T	AGTTC	ok	True
chr20	24963060	24963061	-	0.358974	mod_ratio	79	T	TGTTC	ok	True
chr20	31569324	31569325	+	0.532258	mod_ratio	63	A	GGACA	ok	True
chr20	31569504	31569505	+	0.54386	mod_ratio	62	A	GGACT	ok	True
chr20	31605735	31605736	+	0.616667	mod_ratio	120	A	GAACC	ok	True
chr20	31606491	31606492	+	0.350515	mod_ratio	116	A	AAACA	ok	True
chr20	31783782	31783783	+	0.657143	mod_ratio	36	A	AAACC	ok	True
chr20	31794487	31794488	+	0.690476	mod_ratio	43	A	GAACC	ok	True
chr20	31797458	31797459	+	0.545455	mod_ratio	46	A	AAACA	ok	True
chr20	31798392	31798393	+	0.541667	mod_ratio	50	A	GAACC	ok	True
chr20	31801233	31801234	+	0.73913	mod_ratio	70	A	GGACT	ok	True
chr20	32849232	32849233	+	0.958333	mod_ratio	24	A	GAACC	ok	True
chr20	34089482	34089483	-	0.259016	mod_ratio	312	T	AGTCT	ok	True
chr20	34089681	34089682	-	0.349162	mod_ratio	361	T	TGTCC	ok	True
chr20	34089785	34089786	-	0.126761	mod_ratio	356	T	GGTTT	ok	True
chr20	34089821	34089822	-	0.140401	mod_ratio	352	T	AGTTT	ok	True
chr20	34089850	34089851	-	0.255072	mod_ratio	351	T	TGTCC	ok	True
chr20	34089868	34089869	-	0.237537	mod_ratio	348	T	TGTCC	ok	True
chr20	34090547	34090548	-	0.314985	mod_ratio	334	T	TGTTT	ok	True
chr20	34093712	34093713	-	0.273016	mod_ratio	323	T	TGTTT	ok	True
chr20	34096658	34096659	-	0.337621	mod_ratio	338	T	AGTTT	ok	True
chr20	34096690	34096691	-	0.178363	mod_ratio	344	T	AGTTT	ok	True
chr20	34096699	34096700	-	0.129794	mod_ratio	347	T	GGTTC	ok	True
chr20	34096724	34096725	-	0.158824	mod_ratio	342	T	GGTTT	ok	True
chr20	34097431	34097432	-	0.232432	mod_ratio	188	T	AGTCT	ok	True
chr20	34097500	34097501	-	0.161111	mod_ratio	184	T	TGTCT	ok	True
chr20	34098594	34098595	-	0.303191	mod_ratio	193	T	GGTTC	ok	True
chr20	34103505	34103506	-	0.144444	mod_ratio	189	T	AGTTT	ok	True
chr20	34103537	34103538	-	0.245283	mod_ratio	216	T	AGTTC	ok	True
chr20	34105381	34105382	-	0.224299	mod_ratio	219	T	TGTCC	ok	True
chr20	34105408	34105409	-	0.389671	mod_ratio	215	T	TGTCC	ok	True
chr20	34105439	34105440	-	0.433333	mod_ratio	213	T	TGTTT	ok	True
chr20	34105454	34105455	-	0.191388	mod_ratio	211	T	GGTTT	ok	True
chr20	34105463	34105464	-	0.148325	mod_ratio	210	T	TGTTT	ok	True
chr20	34280415	34280416	-	0.526882	mod_ratio	93	T	TGTTT	ok	True
chr20	34280480	34280481	-	0.276596	mod_ratio	94	T	AGTCT	ok	True
chr20	34280536	34280537	-	0.44086	mod_ratio	93	T	GGTTT	ok	True
chr20	34280676	34280677	-	0.311111	mod_ratio	91	T	AGTCC	ok	True
chr20	34280772	34280773	-	0.551724	mod_ratio	90	T	TGTTC	ok	True
chr20	34280795	34280796	-	0.267442	mod_ratio	90	T	GGTTC	ok	True
chr20	34280847	34280848	-	0.352941	mod_ratio	86	T	TGTTC	ok	True
chr20	34303258	34303259	-	0.634146	mod_ratio	42	T	AGTTT	ok	True
chr20	35176904	35176905	+	0.614286	mod_ratio	70	A	AAACA	ok	True
chr20	35177173	35177174	+	0.551724	mod_ratio	65	A	AAACA	ok	True
chr20	35279013	35279014	-	0.105263	mod_ratio	229	T	GGTTT	ok	True
chr20	35279667	35279668	-	0.128713	mod_ratio	204	T	TGTCC	ok	True
chr20	35279733	35279734	-	0.196891	mod_ratio	194	T	GGTTC	ok	True
chr20	35280114	35280115	-	0.127778	mod_ratio	182	T	TGTCT	ok	True
chr20	35280657	35280658	-	0.178808	mod_ratio	151	T	TGTCC	ok	True
chr20	35302809	35302810	-	0.657143	mod_ratio	36	T	TGTTT	ok	True
chr20	35542534	35542535	+	0.318182	mod_ratio	111	A	GGACA	ok	True
chr20	35542553	35542554	+	0.441441	mod_ratio	112	A	AAACT	ok	True
chr20	35548817	35548818	+	0.2	mod_ratio	141	A	AAACT	ok	True
chr20	35556075	35556076	+	0.176871	mod_ratio	152	A	GGACT	ok	True
chr20	35556102	35556103	+	0.311258	mod_ratio	152	A	GGACC	ok	True
chr20	35557431	35557432	+	0.337079	mod_ratio	180	A	GGACT	ok	True
chr20	35557495	35557496	+	0.146067	mod_ratio	179	A	AGACA	ok	True
chr20	35652346	35652347	-	0.885714	mod_ratio	35	T	TGTTT	ok	True
chr20	35652760	35652761	-	0.884615	mod_ratio	26	T	GGTCC	ok	True
chr20	35700840	35700841	+	0.129032	mod_ratio	341	A	AAACC	ok	True
chr20	36605820	36605821	+	0.255507	mod_ratio	241	A	GAACC	ok	True
chr20	36605838	36605839	+	0.137652	mod_ratio	252	A	GGACC	ok	True
chr20	36612114	36612115	+	0.326371	mod_ratio	387	A	GAACT	ok	True
chr20	36612130	36612131	+	0.132468	mod_ratio	395	A	GAACC	ok	True
chr20	36612146	36612147	+	0.370844	mod_ratio	398	A	GAACT	ok	True
chr20	36612224	36612225	+	0.141388	mod_ratio	396	A	AAACT	ok	True
chr20	36612235	36612236	+	0.233333	mod_ratio	394	A	AAACC	ok	True
chr20	36612369	36612370	+	0.373684	mod_ratio	396	A	AAACA	ok	True
chr20	36612416	36612417	+	0.541096	mod_ratio	295	A	AAACT	ok	True
chr20	36612445	36612446	+	0.178694	mod_ratio	292	A	AAACA	ok	True
chr20	36752674	36752675	-	0.675676	mod_ratio	37	T	AGTCC	ok	True
chr20	37199067	37199068	+	0.163043	mod_ratio	189	A	AGACC	ok	True
chr20	37199101	37199102	+	0.339394	mod_ratio	183	A	GGACT	ok	True
chr20	37204789	37204790	+	0.183099	mod_ratio	146	A	GAACT	ok	True
chr20	37204829	37204830	+	0.172414	mod_ratio	149	A	AAACA	ok	True
chr20	37204880	37204881	+	0.290541	mod_ratio	156	A	GGACT	ok	True
chr20	37213771	37213772	+	0.525547	mod_ratio	141	A	GAACT	ok	True
chr20	37223961	37223962	+	0.52349	mod_ratio	153	A	AAACT	ok	True
chr20	37225728	37225729	+	0.235294	mod_ratio	160	A	AGACA	ok	True
chr20	37225786	37225787	+	0.189024	mod_ratio	170	A	GAACT	ok	True
chr20	37228576	37228577	+	0.133721	mod_ratio	178	A	AGACT	ok	True
chr20	37228635	37228636	+	0.160221	mod_ratio	189	A	GAACT	ok	True
chr20	37230030	37230031	+	0.315068	mod_ratio	227	A	GAACC	ok	True
chr20	37234087	37234088	+	0.148438	mod_ratio	261	A	GGACA	ok	True
chr20	37236589	37236590	+	0.137761	mod_ratio	990	A	GGACT	ok	True
chr20	37236608	37236609	+	0.157547	mod_ratio	1119	A	GGACT	ok	True
chr20	37236629	37236630	+	0.204991	mod_ratio	1137	A	AGACC	ok	True
chr20	37238441	37238442	+	0.441176	mod_ratio	68	A	GGACA	ok	True
chr20	37241303	37241304	+	0.195632	mod_ratio	1103	A	GAACA	ok	True
chr20	37241343	37241344	+	0.565603	mod_ratio	1134	A	AAACT	ok	True
chr20	37241407	37241408	+	0.186143	mod_ratio	1040	A	AAACT	ok	True
chr20	37316643	37316644	+	0.756757	mod_ratio	38	A	AAACA	ok	True
chr20	37317239	37317240	+	0.71875	mod_ratio	47	A	AAACT	ok	True
chr20	37517835	37517836	-	0.685714	mod_ratio	35	T	AGTCC	ok	True
chr20	38421055	38421056	-	0.277108	mod_ratio	84	T	GGTCT	ok	True
chr20	38953034	38953035	+	0.833333	mod_ratio	48	A	AAACT	ok	True
chr20	44619707	44619708	-	0.674419	mod_ratio	43	T	GGTTC	ok	True
chr20	44901571	44901572	+	0.2075	mod_ratio	405	A	AAACT	ok	True
chr20	44901631	44901632	+	0.127764	mod_ratio	409	A	GAACA	ok	True
chr20	44901643	44901644	+	0.171569	mod_ratio	415	A	GAACT	ok	True
chr20	44901743	44901744	+	0.121951	mod_ratio	428	A	AAACA	ok	True
chr20	44901805	44901806	+	0.151442	mod_ratio	423	A	GAACT	ok	True
chr20	44901813	44901814	+	0.207637	mod_ratio	425	A	GGACA	ok	True
chr20	44904104	44904105	+	0.174419	mod_ratio	434	A	AGACA	ok	True
chr20	44904111	44904112	+	0.62093	mod_ratio	434	A	AAACA	ok	True
chr20	44904115	44904116	+	0.448837	mod_ratio	434	A	AAAGT	ok	False
chr20	44904979	44904980	+	0.305556	mod_ratio	441	A	GAACT	ok	True
chr20	44905096	44905097	+	0.322072	mod_ratio	448	A	AAACT	ok	True
chr20	44906055	44906056	+	0.115299	mod_ratio	455	A	AGACA	ok	True
chr20	44906085	44906086	+	0.122494	mod_ratio	455	A	GGACA	ok	True
chr20	44906387	44906388	+	0.161074	mod_ratio	451	A	GGACA	ok	True
chr20	44906397	44906398	+	0.127517	mod_ratio	452	A	AAACC	ok	True
chr20	44906704	44906705	+	0.419753	mod_ratio	84	A	AAACT	ok	True
chr20	44906766	44906767	+	0.361446	mod_ratio	84	A	AGACC	ok	True
chr20	44906882	44906883	+	0.544304	mod_ratio	84	A	GAACT	ok	True
chr20	44907569	44907570	+	0.607843	mod_ratio	51	A	AAACA	ok	True
chr20	44942261	44942262	-	0.289157	mod_ratio	86	T	AGTTC	ok	True
chr20	44942672	44942673	-	0.345238	mod_ratio	85	T	GGTTT	ok	True
chr20	44942921	44942922	-	0.608696	mod_ratio	49	T	TGTTT	ok	True
chr20	45254494	45254495	-	0.230088	mod_ratio	170	T	AGTTC	ok	True
chr20	45424340	45424341	+	0.533333	mod_ratio	46	A	GGACC	ok	True
chr20	45425736	45425737	+	0.581818	mod_ratio	59	A	GAACC	ok	True
chr20	45811399	45811400	+	0.589744	mod_ratio	42	A	AAACA	ok	True
chr20	45812708	45812709	+	0.345238	mod_ratio	172	A	AAACC	ok	True
chr20	45815646	45815647	+	0.205882	mod_ratio	207	A	GGACA	ok	True
chr20	45816731	45816732	+	0.217021	mod_ratio	236	A	AAACC	ok	True
chr20	45898745	45898746	+	0.53125	mod_ratio	65	A	GGACA	ok	True
chr20	49067223	49067224	+	0.45283	mod_ratio	66	A	GGACT	ok	True
chr20	49075459	49075460	+	0.855072	mod_ratio	71	A	AAACA	ok	True
chr20	49077010	49077011	+	0.414286	mod_ratio	71	A	AAACC	ok	True
chr20	49085329	49085330	+	0.376623	mod_ratio	77	A	AAACC	ok	True
chr20	49089257	49089258	+	0.37234	mod_ratio	98	A	AAACC	ok	True
chr20	49089581	49089582	+	0.618182	mod_ratio	115	A	AAACA	ok	True
chr20	49089714	49089715	+	0.351562	mod_ratio	131	A	AAACA	ok	True
chr20	49090814	49090815	+	0.221429	mod_ratio	143	A	AAACA	ok	True
chr20	49091003	49091004	+	0.209459	mod_ratio	149	A	AAACA	ok	True
chr20	49094280	49094281	+	0.15	mod_ratio	162	A	AAACT	ok	True
chr20	49094732	49094733	+	0.51875	mod_ratio	161	A	GGACT	ok	True
chr20	49094837	49094838	+	0.14881	mod_ratio	172	A	AGACT	ok	True
chr20	49096461	49096462	+	0.138739	mod_ratio	557	A	AAACC	ok	True
chr20	49096513	49096514	+	0.111317	mod_ratio	544	A	AAACA	ok	True
chr20	49096535	49096536	+	0.234962	mod_ratio	539	A	GAACT	ok	True
chr20	49114060	49114061	-	0.74359	mod_ratio	40	T	TGTTT	ok	True
chr20	49279157	49279158	+	0.133106	mod_ratio	296	A	GGACC	ok	True
chr20	49280501	49280502	+	0.219331	mod_ratio	272	A	AAACC	ok	True
chr20	49280517	49280518	+	0.103321	mod_ratio	274	A	GAACC	ok	True
chr20	49289046	49289047	+	0.199324	mod_ratio	299	A	AAACT	ok	True
chr20	49953092	49953093	+	0.657895	mod_ratio	38	A	AAACT	ok	True
chr20	49953547	49953548	+	0.56	mod_ratio	50	A	AAACA	ok	True
chr20	50934996	50934997	-	0.342282	mod_ratio	149	T	GGTCT	ok	True
chr20	50935089	50935090	-	0.22	mod_ratio	151	T	TGTTT	ok	True
chr20	50940896	50940897	-	0.234375	mod_ratio	131	T	GGTCT	ok	True
chr20	50942088	50942089	-	0.37931	mod_ratio	116	T	AGTTC	ok	True
chr20	50945883	50945884	-	0.455357	mod_ratio	113	T	AGTTT	ok	True
chr20	50945897	50945898	-	0.657658	mod_ratio	113	T	TGTTT	ok	True
chr20	50945920	50945921	-	0.763636	mod_ratio	112	T	AGTTC	ok	True
chr20	50948653	50948654	-	0.309091	mod_ratio	110	T	GGTCT	ok	True
chr20	54219150	54219151	+	0.693548	mod_ratio	63	A	AAACA	ok	True
chr20	56369422	56369423	-	0.35443	mod_ratio	84	T	AGTTT	ok	True
chr20	56369448	56369449	-	0.360465	mod_ratio	87	T	TGTTT	ok	True
chr20	56370518	56370519	-	0.788235	mod_ratio	86	T	TGTTT	ok	True
chr20	56388192	56388193	-	0.469388	mod_ratio	49	T	GGTCC	ok	True
chr20	56473334	56473335	+	0.607143	mod_ratio	56	A	GAACT	ok	True
chr20	56518447	56518448	+	0.239316	mod_ratio	117	A	GGACA	ok	True
chr20	57368805	57368806	+	0.510204	mod_ratio	51	A	AAACA	ok	True
chr20	58903562	58903563	+	0.252747	mod_ratio	95	A	AAACA	ok	True
chr20	58903744	58903745	+	0.267857	mod_ratio	113	A	GGACT	ok	True
chr20	58909407	58909408	+	0.314286	mod_ratio	146	A	GGACA	ok	True
chr20	58909743	58909744	+	0.432927	mod_ratio	170	A	GGACA	ok	True
chr20	58909751	58909752	+	0.136905	mod_ratio	170	A	AGACC	ok	True
chr20	58909776	58909777	+	0.568966	mod_ratio	176	A	GAACC	ok	True
chr20	58910039	58910040	+	0.351097	mod_ratio	325	A	GGACT	ok	True
chr20	58910746	58910747	+	0.109195	mod_ratio	353	A	GGACA	ok	True
chr20	58910836	58910837	+	0.291317	mod_ratio	363	A	GAACC	ok	True
chr20	58911085	58911086	+	0.386819	mod_ratio	356	A	AAACA	ok	True
chr20	58911098	58911099	+	0.272189	mod_ratio	350	A	AAACA	ok	True
chr20	58911121	58911122	+	0.101399	mod_ratio	320	A	AAACA	ok	True
chr20	58986806	58986807	+	0.674419	mod_ratio	44	A	AAACT	ok	True
chr20	58987768	58987769	+	0.673913	mod_ratio	48	A	AAACA	ok	True
chr20	58991981	58991982	+	0.666667	mod_ratio	94	A	GAACT	ok	True
chr20	58993511	58993512	+	0.196581	mod_ratio	120	A	AGACT	ok	True
chr20	58994671	58994672	+	0.460526	mod_ratio	152	A	GAACT	ok	True
chr20	58994843	58994844	+	0.521472	mod_ratio	163	A	AAACT	ok	True
chr20	58994856	58994857	+	0.601227	mod_ratio	163	A	AAACA	ok	True
chr20	58994988	58994989	+	0.350877	mod_ratio	172	A	GAACT	ok	True
chr20	58995002	58995003	+	0.147929	mod_ratio	172	A	GAACT	ok	True
chr20	59030376	59030377	-	0.131294	mod_ratio	2696	T	TGTCT	ok	True
chr20	59032224	59032225	-	0.165783	mod_ratio	2654	T	AGTCC	ok	True
chr20	59032320	59032321	-	0.170543	mod_ratio	1094	T	GGTTC	ok	True
chr20	59033175	59033176	-	0.15	mod_ratio	183	T	AGTTT	ok	True
chr20	59033210	59033211	-	0.219048	mod_ratio	210	T	AGTCC	ok	True
chr20	59033243	59033244	-	0.23445	mod_ratio	209	T	AGTTT	ok	True
chr20	59033283	59033284	-	0.54067	mod_ratio	209	T	TGTTT	ok	True
chr20	59033343	59033344	-	0.490291	mod_ratio	208	T	AGTTT	ok	True
chr20	59033466	59033467	-	0.216814	mod_ratio	228	T	TGTTT	ok	True
chr20	59033563	59033564	-	0.367442	mod_ratio	217	T	TGTCC	ok	True
chr20	59033642	59033643	-	0.787565	mod_ratio	197	T	GGTTT	ok	True
chr20	59033692	59033693	-	0.458564	mod_ratio	189	T	AGTTT	ok	True
chr20	59033850	59033851	-	0.339394	mod_ratio	172	T	AGTTT	ok	True
chr20	59033929	59033930	-	0.54	mod_ratio	157	T	AGTTT	ok	True
chr20	59034099	59034100	-	0.238462	mod_ratio	132	T	TGTTT	ok	True
chr20	59034250	59034251	-	0.452174	mod_ratio	117	T	TGTTT	ok	True
chr20	59034511	59034512	-	0.653631	mod_ratio	181	T	GGTTT	ok	True
chr20	59034663	59034664	-	0.257485	mod_ratio	170	T	GGTCC	ok	True
chr20	59034680	59034681	-	0.216867	mod_ratio	168	T	AGTTC	ok	True
chr20	59034738	59034739	-	0.142857	mod_ratio	166	T	AGTTT	ok	True
chr20	59034854	59034855	-	0.114155	mod_ratio	222	T	TGTTT	ok	True
chr20	59034960	59034961	-	0.509009	mod_ratio	226	T	AGTTT	ok	True
chr20	59034989	59034990	-	0.295154	mod_ratio	230	T	TGTCT	ok	True
chr20	59035041	59035042	-	0.248889	mod_ratio	226	T	AGTCC	ok	True
chr20	59035050	59035051	-	0.151786	mod_ratio	227	T	GGTTC	ok	True
chr20	59036506	59036507	-	0.283019	mod_ratio	218	T	AGTCC	ok	True
chr20	59036712	59036713	-	0.676617	mod_ratio	202	T	GGTTT	ok	True
chr20	59037205	59037206	-	0.365079	mod_ratio	190	T	AGTTC	ok	True
chr20	59037255	59037256	-	0.153846	mod_ratio	186	T	TGTTT	ok	True
chr20	59038486	59038487	-	0.184783	mod_ratio	189	T	AGTCC	ok	True
chr20	59038577	59038578	-	0.130682	mod_ratio	179	T	GGTTC	ok	True
chr20	59038620	59038621	-	0.149425	mod_ratio	178	T	AGTTT	ok	True
chr20	62136747	62136748	-	0.263158	mod_ratio	322	T	AGTTT	ok	True
chr20	62136874	62136875	-	0.280702	mod_ratio	413	T	TGTTT	ok	True
chr20	62137396	62137397	-	0.268008	mod_ratio	956	T	AGTTC	ok	True
chr20	62137403	62137404	-	0.535865	mod_ratio	957	T	TGTTT	ok	True
chr20	62138214	62138215	-	0.349894	mod_ratio	954	T	TGTTT	ok	True
chr20	62139106	62139107	-	0.101512	mod_ratio	931	T	AGTCT	ok	True
chr20	62140884	62140885	-	0.142857	mod_ratio	824	T	AGTTT	ok	True
chr20	62140924	62140925	-	0.187032	mod_ratio	809	T	TGTCT	ok	True
chr20	62306303	62306304	+	0.369369	mod_ratio	113	A	GAACT	ok	True
chr20	62306677	62306678	+	0.25	mod_ratio	115	A	AAACA	ok	True
chr20	62308130	62308131	+	0.150289	mod_ratio	179	A	AGACC	ok	True
chr20	62308684	62308685	+	0.172222	mod_ratio	180	A	GAACA	ok	True
chr20	62308744	62308745	+	0.173184	mod_ratio	180	A	GGACA	ok	True
chr20	62308756	62308757	+	0.353933	mod_ratio	179	A	GGACT	ok	True
chr20	62308783	62308784	+	0.2	mod_ratio	177	A	GAACT	ok	True
chr20	62387366	62387367	+	0.123535	mod_ratio	3015	A	GGACC	ok	True
chr20	63522053	63522054	+	0.477064	mod_ratio	109	A	AAACC	ok	True
chr20	64027072	64027073	+	0.794118	mod_ratio	34	A	GGACT	ok	True
chr18	211682	211683	+	0.754717	mod_ratio	54	A	AAACC	ok	True
chr18	662212	662213	+	0.207447	mod_ratio	190	A	AGACT	ok	True
chr18	662221	662222	+	0.242105	mod_ratio	190	A	GGACA	ok	True
chr18	669081	669082	+	0.293532	mod_ratio	202	A	GGACA	ok	True
chr18	669124	669125	+	0.300971	mod_ratio	207	A	AAACC	ok	True
chr18	670748	670749	+	0.159817	mod_ratio	220	A	GAACA	ok	True
chr18	673091	673092	+	0.225926	mod_ratio	272	A	GAACT	ok	True
chr18	673275	673276	+	0.164634	mod_ratio	330	A	AAACA	ok	True
chr18	673440	673441	+	0.261438	mod_ratio	316	A	GAACT	ok	True
chr18	674017	674018	-	0.586957	mod_ratio	56	T	AGTTT	ok	True
chr18	674361	674362	-	0.661017	mod_ratio	59	T	TGTTT	ok	True
chr18	677403	677404	-	0.482143	mod_ratio	56	T	AGTTC	ok	True
chr18	2610777	2610778	+	0.821429	mod_ratio	28	A	AAACC	ok	True
chr18	3253233	3253234	+	0.525806	mod_ratio	319	A	GGACT	ok	True
chr18	3253274	3253275	+	0.240122	mod_ratio	330	A	AGACC	ok	True
chr18	3256064	3256065	+	0.668407	mod_ratio	386	A	AGACT	ok	True
chr18	3256076	3256077	+	0.406824	mod_ratio	385	A	GGACT	ok	True
chr18	3256220	3256221	+	0.336788	mod_ratio	287	A	AAACT	ok	True
chr18	3272889	3272890	+	0.726708	mod_ratio	499	A	AAACA	ok	True
chr18	3272925	3272926	+	0.537549	mod_ratio	508	A	AGACC	ok	True
chr18	3278108	3278109	+	0.315372	mod_ratio	633	A	AGACT	ok	True
chr18	6462249	6462250	-	0.387097	mod_ratio	208	T	AGTCC	ok	True
chr18	6941930	6941931	-	0.51	mod_ratio	101	T	GGTTT	ok	True
chr18	6942089	6942090	-	0.427273	mod_ratio	110	T	GGTCC	ok	True
chr18	6942123	6942124	-	0.727273	mod_ratio	110	T	AGTTC	ok	True
chr18	6943214	6943215	-	0.333333	mod_ratio	106	T	TGTCC	ok	True
chr18	6943288	6943289	-	0.737374	mod_ratio	102	T	TGTTT	ok	True
chr18	6943344	6943345	-	0.361702	mod_ratio	96	T	GGTTT	ok	True
chr18	6947242	6947243	-	0.35	mod_ratio	82	T	GGTTC	ok	True
chr18	9102728	9102729	+	0.163121	mod_ratio	195	A	GAACA	ok	True
chr18	9119380	9119381	+	0.182796	mod_ratio	281	A	AAACT	ok	True
chr18	9119495	9119496	+	0.34629	mod_ratio	289	A	AAACT	ok	True
chr18	9124890	9124891	+	0.115942	mod_ratio	348	A	AGACT	ok	True
chr18	9124904	9124905	+	0.152738	mod_ratio	349	A	AAACT	ok	True
chr18	9126895	9126896	+	0.214286	mod_ratio	367	A	AAACC	ok	True
chr18	9134236	9134237	+	0.357143	mod_ratio	366	A	GAACC	ok	True
chr18	9134289	9134290	+	0.317308	mod_ratio	329	A	GAACT	ok	True
chr18	9134323	9134324	+	0.845238	mod_ratio	266	A	GGACT	ok	True
chr18	9936152	9936153	+	0.786325	mod_ratio	121	A	AAACA	ok	True
chr18	9936190	9936191	+	0.358333	mod_ratio	125	A	AAACA	ok	True
chr18	9950459	9950460	+	0.533835	mod_ratio	135	A	AAACC	ok	True
chr18	9950490	9950491	+	0.223881	mod_ratio	137	A	AAACA	ok	True
chr18	9950498	9950499	+	0.365672	mod_ratio	137	A	AAACT	ok	True
chr18	9954372	9954373	+	0.188679	mod_ratio	159	A	AAACA	ok	True
chr18	9954383	9954384	+	0.238994	mod_ratio	159	A	AAACA	ok	True
chr18	9954387	9954388	+	0.176101	mod_ratio	159	A	AAACT	ok	True
chr18	9954403	9954404	+	0.295597	mod_ratio	159	A	GGACA	ok	True
chr18	11852550	11852551	+	0.972222	mod_ratio	36	A	AAACA	ok	True
chr18	11999125	11999126	+	0.397849	mod_ratio	100	A	AAACA	ok	True
chr18	12014369	12014370	+	0.177778	mod_ratio	136	A	AGACA	ok	True
chr18	12028984	12028985	+	0.18107	mod_ratio	247	A	AGACA	ok	True
chr18	12030717	12030718	+	0.172297	mod_ratio	302	A	AAACT	ok	True
chr18	12030803	12030804	+	0.179661	mod_ratio	296	A	GAACT	ok	True
chr18	12326396	12326397	+	0.37234	mod_ratio	94	A	AAACT	ok	True
chr18	12706664	12706665	+	0.405063	mod_ratio	79	A	AAACA	ok	True
chr18	12724551	12724552	+	0.212389	mod_ratio	114	A	GGACA	ok	True
chr18	12724612	12724613	+	0.470588	mod_ratio	119	A	AAACC	ok	True
chr18	12725562	12725563	+	0.991379	mod_ratio	116	A	AAACA	ok	True
chr18	12725588	12725589	+	0.652174	mod_ratio	116	A	AAACA	ok	True
chr18	21622749	21622750	+	0.294258	mod_ratio	421	A	AAACT	ok	True
chr18	21623907	21623908	+	0.181604	mod_ratio	426	A	GAACC	ok	True
chr18	21629219	21629220	+	0.525097	mod_ratio	353	A	AAACA	ok	True
chr18	21629360	21629361	+	0.603774	mod_ratio	53	A	GAACT	ok	True
chr18	36109028	36109029	-	0.888889	mod_ratio	27	T	TGTTT	ok	True
chr18	36257066	36257067	+	0.923077	mod_ratio	27	A	AAACA	ok	True
chr18	36268663	36268664	+	0.958333	mod_ratio	26	A	AAACA	ok	True
chr18	46084280	46084281	-	0.270096	mod_ratio	625	T	AGTTT	ok	True
chr18	46084589	46084590	-	0.323171	mod_ratio	660	T	AGTTT	ok	True
chr18	46086119	46086120	-	0.142187	mod_ratio	643	T	TGTCC	ok	True
chr18	46086481	46086482	-	0.382609	mod_ratio	579	T	TGTTT	ok	True
chr18	46087069	46087070	-	0.749097	mod_ratio	557	T	TGTTT	ok	True
chr18	46087343	46087344	-	0.342912	mod_ratio	522	T	TGTTT	ok	True
chr18	46087376	46087377	-	0.246124	mod_ratio	517	T	TGTTT	ok	True
chr18	46087386	46087387	-	0.16047	mod_ratio	517	T	TGTCT	ok	True
chr18	46088121	46088122	-	0.117521	mod_ratio	473	T	AGTCT	ok	True
chr18	46089569	46089570	-	0.112195	mod_ratio	410	T	AGTCT	ok	True
chr18	46089591	46089592	-	0.172414	mod_ratio	408	T	AGTTC	ok	True
chr18	46089644	46089645	-	0.160714	mod_ratio	397	T	AGTCT	ok	True
chr18	46089654	46089655	-	0.201031	mod_ratio	393	T	GGTTC	ok	True
chr18	46089905	46089906	-	0.166213	mod_ratio	370	T	TGTCC	ok	True
chr18	46089936	46089937	-	0.190083	mod_ratio	366	T	AGTTT	ok	True
chr18	46089982	46089983	-	0.232493	mod_ratio	360	T	AGTTC	ok	True
chr18	46091848	46091849	-	0.327103	mod_ratio	328	T	AGTCC	ok	True
chr18	46095087	46095088	-	0.221498	mod_ratio	312	T	AGTTC	ok	True
chr18	46128118	46128119	+	0.428571	mod_ratio	64	A	GAACT	ok	True
chr18	46128139	46128140	+	0.421875	mod_ratio	64	A	AAACA	ok	True
chr18	47156045	47156046	-	0.388889	mod_ratio	103	T	GGTTT	ok	True
chr18	47156142	47156143	-	0.295238	mod_ratio	105	T	TGTCC	ok	True
chr18	47156213	47156214	-	0.485437	mod_ratio	103	T	AGTTT	ok	True
chr18	47157467	47157468	-	0.382353	mod_ratio	102	T	GGTTC	ok	True
chr18	49481931	49481932	-	0.396552	mod_ratio	58	T	AGTTT	ok	True
chr18	49481944	49481945	-	0.5	mod_ratio	58	T	TGTTT	ok	True
chr18	49483605	49483606	-	0.380952	mod_ratio	63	T	TGTTT	ok	True
chr18	49488536	49488537	-	0.156022	mod_ratio	2224	T	AGTTT	ok	True
chr18	49488542	49488543	-	0.249774	mod_ratio	2231	T	TGTTT	ok	True
chr18	49488551	49488552	-	0.403414	mod_ratio	2247	T	AGTTT	ok	True
chr18	49489388	49489389	-	0.614904	mod_ratio	2415	T	GGTTT	ok	True
chr18	49489403	49489404	-	0.311333	mod_ratio	2425	T	TGTTC	ok	True
chr18	49490459	49490460	-	0.252205	mod_ratio	2504	T	AGTTC	ok	True
chr18	49490533	49490534	-	0.36961	mod_ratio	2454	T	TGTCC	ok	True
chr18	49490843	49490844	-	0.288786	mod_ratio	2387	T	TGTTT	ok	True
chr18	49490914	49490915	-	0.300702	mod_ratio	2300	T	AGTTT	ok	True
chr18	49491705	49491706	-	0.258427	mod_ratio	89	T	TGTCC	ok	True
chr18	49783612	49783613	-	0.23741	mod_ratio	139	T	AGTTT	ok	True
chr18	49783736	49783737	-	0.192857	mod_ratio	141	T	TGTTT	ok	True
chr18	49787320	49787321	-	0.348485	mod_ratio	133	T	AGTCC	ok	True
chr18	49791542	49791543	-	0.1875	mod_ratio	129	T	TGTTT	ok	True
chr18	49792174	49792175	-	0.282609	mod_ratio	93	T	AGTTC	ok	True
chr18	49792225	49792226	-	0.911111	mod_ratio	90	T	GGTTT	ok	True
chr18	49794343	49794344	-	0.320988	mod_ratio	81	T	TGTTT	ok	True
chr18	49802721	49802722	-	0.362319	mod_ratio	69	T	TGTTT	ok	True
chr18	50947752	50947753	+	0.666667	mod_ratio	42	A	GAACT	ok	True
chr18	50947794	50947795	+	0.585366	mod_ratio	42	A	GAACT	ok	True
chr18	56603008	56603009	-	0.34375	mod_ratio	97	T	TGTCC	ok	True
chr18	56614501	56614502	-	0.408602	mod_ratio	93	T	AGTTC	ok	True
chr18	57601135	57601136	-	0.314607	mod_ratio	91	T	TGTTT	ok	True
chr18	57601401	57601402	-	0.298851	mod_ratio	87	T	AGTTT	ok	True
chr18	57601431	57601432	-	0.552941	mod_ratio	85	T	TGTTT	ok	True
chr18	57601496	57601497	-	0.3125	mod_ratio	83	T	TGTTC	ok	True
chr18	57601515	57601516	-	0.4625	mod_ratio	81	T	AGTTT	ok	True
chr18	57601610	57601611	-	0.357143	mod_ratio	84	T	TGTTC	ok	True
chr18	57602919	57602920	-	0.430769	mod_ratio	65	T	AGTCT	ok	True
chr18	57605876	57605877	-	0.403226	mod_ratio	65	T	AGTTC	ok	True
chr18	57605932	57605933	-	0.409836	mod_ratio	64	T	AGTTC	ok	True
chr18	57607626	57607627	-	0.607843	mod_ratio	53	T	AGTTC	ok	True
chr18	59149531	59149532	+	0.32	mod_ratio	101	A	AAACT	ok	True
chr18	59353262	59353263	-	0.585366	mod_ratio	41	T	AGTCC	ok	True
chr18	74158200	74158201	+	0.787879	mod_ratio	33	A	AAACA	ok	True
chr18	74158622	74158623	+	0.675	mod_ratio	40	A	AAACA	ok	True
chr18	79970671	79970672	+	0.406977	mod_ratio	87	A	GGACT	ok	True
chr18	79970717	79970718	+	0.729412	mod_ratio	86	A	AAACC	ok	True
chr18	79973531	79973532	-	0.606557	mod_ratio	209	T	TGTTT	ok	True
chr18	79973709	79973710	-	0.108	mod_ratio	250	T	AGTCC	ok	True
chr18	79973772	79973773	-	0.102041	mod_ratio	247	T	TGTCC	ok	True
chr18	79973790	79973791	-	0.141079	mod_ratio	244	T	TGTCC	ok	True
chr18	79973827	79973828	-	0.128755	mod_ratio	236	T	AGTCC	ok	True
chr18	79973853	79973854	-	0.139738	mod_ratio	233	T	TGTTC	ok	True
chr18	79988512	79988513	-	0.20915	mod_ratio	166	T	GGTCC	ok	True
chr7	137513936	137513937	+	0.154472	mod_ratio	252	A	AAACC	ok	True
chr4	113214019	113214020	-	0.140315	mod_ratio	2633	T	TGTCT	ok	True
chr4	113214026	113214027	-	0.101181	mod_ratio	2664	T	AGTCT	ok	True
chr4	113214112	113214113	-	0.328501	mod_ratio	2842	T	GGTCC	ok	True
chr4	113214238	113214239	-	0.384395	mod_ratio	2819	T	TGTCC	ok	True
chr4	113214265	113214266	-	0.156926	mod_ratio	2784	T	TGTTT	ok	True
chr4	113214295	113214296	-	0.655285	mod_ratio	2767	T	TGTCC	ok	True
chr1	96678830	96678831	-	0.721519	mod_ratio	100	T	TGTTT	ok	True
chr1	96678877	96678878	-	0.272727	mod_ratio	144	T	AGTTC	ok	True
chr1	96678950	96678951	-	0.3	mod_ratio	158	T	GGTCT	ok	True
chr10	96750823	96750824	+	0.394737	mod_ratio	139	A	AAACA	ok	True
chr10	96750886	96750887	+	0.53271	mod_ratio	127	A	GGACT	ok	True
chrx	1386276	1386277	-	0.341463	mod_ratio	283	T	TGTTT	ok	True
chrx	1386381	1386382	-	0.319277	mod_ratio	327	T	GGTTC	ok	True
chrx	1386525	1386526	-	0.216374	mod_ratio	343	T	GGTCC	ok	True
chrx	1386551	1386552	-	0.641176	mod_ratio	339	T	GGTTC	ok	True
chrx	2720373	2720374	+	0.603774	mod_ratio	107	A	GAACC	ok	True
chr6	73373137	73373138	-	0.266055	mod_ratio	549	T	TGTCT	ok	True
chr6	73373172	73373173	-	0.137546	mod_ratio	542	T	AGTTT	ok	True
chr6	73373215	73373216	-	0.131579	mod_ratio	538	T	TGTTT	ok	True
chr18	6462249	6462250	-	0.362205	mod_ratio	208	T	AGTCC	ok	True
chr2	174720086	174720087	+	0.261146	mod_ratio	160	A	GAACT	ok	True
chr2	174720147	174720148	+	0.229814	mod_ratio	169	A	AAACA	ok	True
chr2	174720226	174720227	+	0.14881	mod_ratio	172	A	AGACA	ok	True
chr2	174720337	174720338	+	0.425	mod_ratio	144	A	AAACA	ok	True
chr20	21755347	21755348	+	0.161111	mod_ratio	182	A	AAACC	ok	True
chr20	21755387	21755388	+	0.160221	mod_ratio	183	A	AAACA	ok	True
chr20	21755430	21755431	+	0.139665	mod_ratio	183	A	GGACT	ok	True
chr20	21755506	21755507	+	0.220859	mod_ratio	168	A	AGACC	ok	True
chr3	75214638	75214639	+	0.518519	mod_ratio	58	A	GAACC	ok	True
chr3	75214684	75214685	+	0.553846	mod_ratio	66	A	AAACT	ok	True
chr3	161429267	161429268	-	0.577778	mod_ratio	61	T	TGTTT	ok	True
chr22	35838578	35838579	-	0.217105	mod_ratio	153	T	GGTTT	ok	True
chr1	168055780	168055781	-	0.754386	mod_ratio	58	T	AGTTT	ok	True
chr12	104265873	104265874	+	0.321429	mod_ratio	156	A	AAACT	ok	True
chr11	16974670	16974671	-	0.136986	mod_ratio	642	T	TGTCT	ok	True
chr11	16974737	16974738	-	0.310067	mod_ratio	753	T	AGTTC	ok	True
chr11	16974829	16974830	-	0.261997	mod_ratio	775	T	AGTTT	ok	True
chr11	16974859	16974860	-	0.496757	mod_ratio	780	T	AGTTT	ok	True
chr14	98972869	98972870	-	0.503185	mod_ratio	161	T	TGTTC	ok	True
chr14	98972906	98972907	-	0.433121	mod_ratio	161	T	GGTCT	ok	True
chr14	98972920	98972921	-	0.318471	mod_ratio	159	T	GGTCC	ok	True
chr11	82689562	82689563	+	0.5625	mod_ratio	57	A	GGACA	ok	True
