chrom	start	end	strand	score	score_type	coverage	ref_base	five_mer_raw	center_status	drach
chr1	4846637	4846638	-	1.5e-40	FDR	777	T	AATCC	ok	False
chr1	4846643	4846644	-	2e-05	FDR	733	T	TGTGC	ok	False
chr1	4846665	4846666	-	3.7e-23	FDR	782	T	AGTCT	ok	True
chr1	4846670	4846671	-	0.0056	FDR	765	T	GATTT	ok	False
chr1	4846699	4846700	-	0.00061	FDR	797	T	AATAC	ok	False
chr1	4846717	4846718	-	2.7e-07	FDR	796	T	CATCT	ok	False
chr1	4846725	4846726	-	7.3e-16	FDR	739	T	GGTTT	ok	True
chr1	4846728	4846729	-	0.012	FDR	763	T	TTTAG	ok	False
chr1	4846734	4846735	-	0.00067	FDR	787	T	ATTTT	ok	False
chr1	4846735	4846736	-	0.0021	FDR	796	T	TTTTC	ok	False
chr1	4846741	4846742	-	2.5e-06	FDR	791	T	TATCT	ok	False
chr1	4846750	4846751	-	0.028	FDR	787	T	TATTC	ok	False
chr1	4846751	4846752	-	1.3e-37	FDR	797	T	ATTCA	ok	False
chr1	4846784	4846785	-	4.2e-37	FDR	796	T	AATCT	ok	False
chr1	4846795	4846796	-	2e-07	FDR	795	T	GATCC	ok	False
chr1	4846824	4846825	-	8.2e-20	FDR	626	T	AGTTC	ok	True
chr1	4846838	4846839	-	7.2e-10	FDR	701	T	AATAT	ok	False
chr1	4846852	4846853	-	4.5e-32	FDR	710	T	CGTAG	ok	False
chr1	4846872	4846873	-	2e-09	FDR	670	T	AGTTC	ok	True
chr1	4846885	4846886	-	0.038	FDR	700	T	CTTCA	ok	False
chr1	4846934	4846935	-	0.019	FDR	534	T	GGTGT	ok	False
chr1	4846936	4846937	-	6.8e-05	FDR	534	T	TGTAA	ok	False
chr1	4846984	4846985	-	6.8e-10	FDR	490	T	GTTGT	ok	False
chr1	4846986	4846987	-	0.0037	FDR	489	T	TGTCC	ok	True
chr1	4847012	4847013	-	0.016	FDR	465	T	CTTGC	ok	False
chr1	4852887	4852888	-	4e-05	FDR	192	T	GATCA	ok	False
chr1	4916846	4916847	+	0.00014	FDR	251	A	GTAAA	ok	False
chr1	4916918	4916919	+	9e-14	FDR	260	A	ACAGT	ok	False
chr1	4916936	4916937	+	1.2e-07	FDR	259	A	AAATA	ok	False
chr1	9617492	9617493	+	0.00012	FDR	174	A	TAATT	ok	False
chr1	9617562	9617563	+	0.011	FDR	167	A	TCAGG	ok	False
chr1	16171540	16171541	-	0.041	FDR	6176	T	ACTGT	ok	False
chr1	16171982	16171983	-	7.8e-88	FDR	7440	T	TCTGG	ok	False
chr1	16173455	16173456	-	5.1e-09	FDR	2825	T	CCTTG	ok	False
chr1	16173456	16173457	-	6.8e-26	FDR	2843	T	CTTGC	ok	False
chr1	16713510	16713511	-	6e-07	FDR	370	T	TATTT	ok	False
chr1	16715940	16715941	-	0.045	FDR	398	T	CCTGA	ok	False
chr1	16718227	16718228	-	0.00057	FDR	233	T	ATTTT	ok	False
chr1	16718228	16718229	-	4.6e-05	FDR	234	T	TTTTC	ok	False
chr1	20873252	20873253	-	7.3e-08	FDR	572	T	TATTT	ok	False
chr1	20873253	20873254	-	3.8e-10	FDR	778	T	ATTTA	ok	False
chr1	20873291	20873292	-	0.00023	FDR	783	T	AATAC	ok	False
chr1	20873295	20873296	-	1e-05	FDR	779	T	CATAC	ok	False
chr1	20873323	20873324	-	0.00037	FDR	790	T	TCTCC	ok	False
chr1	20873328	20873329	-	8.8e-05	FDR	782	T	AATCC	ok	False
chr1	20873338	20873339	-	1.7e-05	FDR	789	T	TGTCA	ok	True
chr1	20873393	20873394	-	7.1e-10	FDR	771	T	AGTGC	ok	False
chr1	20873421	20873422	-	8.1e-37	FDR	744	T	AGTAA	ok	False
chr1	20873559	20873560	-	3.5e-10	FDR	585	T	AGTCA	ok	True
chr1	20873582	20873583	-	6e-26	FDR	542	T	AGTCC	ok	True
chr1	20873622	20873623	-	0.0063	FDR	485	T	AGTTA	ok	True
chr1	20873696	20873697	-	0.0017	FDR	435	T	GATGC	ok	False
chr1	20873753	20873754	-	0.0003	FDR	333	T	GATTT	ok	False
chr1	20873806	20873807	-	0.013	FDR	326	T	GGTGG	ok	False
chr1	34483755	34483756	+	6.2e-12	FDR	157	A	GGACC	ok	True
chr1	34483763	34483764	+	1.4e-14	FDR	165	A	TGACA	ok	True
chr1	34483991	34483992	+	0.00075	FDR	172	A	AGATA	ok	False
chr1	36145467	36145468	+	0.00088	FDR	192	A	CTAAT	ok	False
chr1	36731349	36731350	+	4.8e-25	FDR	1155	A	GCAGC	ok	False
chr1	36731560	36731561	+	0.022	FDR	1394	A	GCAGC	ok	False
chr1	36732412	36732413	+	7.6e-26	FDR	1508	A	GAATG	ok	False
chr1	37456286	37456287	-	0.0046	FDR	88	T	ACTGG	ok	False
chr1	37456441	37456442	-	1.1e-06	FDR	79	T	ACTAA	ok	False
chr1	37456481	37456482	-	0.012	FDR	77	T	CTTGG	ok	False
chr1	37934476	37934477	+	0.0081	FDR	175	A	CAAGA	ok	False
chr1	37936849	37936850	+	1.1e-05	FDR	292	A	GAATA	ok	False
chr1	37936854	37936855	+	0.05	FDR	298	A	AGAAG	ok	False
chr1	37936874	37936875	+	1.3e-07	FDR	236	A	ATACT	ok	False
chr1	37937166	37937167	+	1.8e-06	FDR	457	A	GAACA	ok	True
chr1	37937168	37937169	+	6.4e-09	FDR	436	A	ACATC	ok	False
chr1	37937242	37937243	+	0.0001	FDR	456	A	GGACT	ok	True
chr1	37937310	37937311	+	9.1e-08	FDR	458	A	GCATC	ok	False
chr1	37937384	37937385	+	1.2e-10	FDR	478	A	GAAAC	ok	False
chr1	37937394	37937395	+	0.047	FDR	462	A	TCATT	ok	False
chr1	38090808	38090809	+	0.017	FDR	212	A	GGACA	ok	True
chr1	38090827	38090828	+	0.003	FDR	213	A	GTAAT	ok	False
chr1	38090867	38090868	+	0.0047	FDR	220	A	GGACG	ok	False
chr1	38090877	38090878	+	6.7e-08	FDR	199	A	GGACT	ok	True
chr1	38090889	38090890	+	0.00027	FDR	186	A	ATAAA	ok	False
chr1	38090891	38090892	+	0.003	FDR	222	A	AAAAT	ok	False
chr1	38090892	38090893	+	0.018	FDR	221	A	AAATG	ok	False
chr1	39410050	39410051	+	4.4e-94	FDR	808	A	GCATC	ok	False
chr1	39410450	39410451	+	2.2e-05	FDR	345	A	TCAGG	ok	False
chr1	39410491	39410492	+	0.04	FDR	146	A	GAATT	ok	False
chr1	42942504	42942505	+	1.9e-09	FDR	191	A	CGATG	ok	False
chr1	42944746	42944747	+	0.004	FDR	212	A	GTACA	ok	False
chr1	42944781	42944782	+	1.1e-05	FDR	229	A	TTATT	ok	False
chr1	46846876	46846877	-	0.002	FDR	118	T	TATCA	ok	False
chr1	53383827	53383828	-	4e-06	FDR	164	T	GGTAA	ok	False
chr1	53383884	53383885	-	2.1e-07	FDR	142	T	GGTTT	ok	True
chr1	53383886	53383887	-	0.04	FDR	176	T	TTTTC	ok	False
chr1	53383901	53383902	-	0.003	FDR	174	T	TTTGG	ok	False
chr1	53383924	53383925	-	1.6e-07	FDR	169	T	GATGC	ok	False
chr1	53383939	53383940	-	0.0023	FDR	67	T	GATTT	ok	False
chr1	53385799	53385800	-	0.0012	FDR	131	T	AATGC	ok	False
chr1	55026221	55026222	-	3.6e-07	FDR	565	T	CATTC	ok	False
chr1	55026289	55026290	-	4e-12	FDR	482	T	AGTAT	ok	False
chr1	55026320	55026321	-	2.5e-06	FDR	562	T	ACTAC	ok	False
chr1	55026337	55026338	-	7e-06	FDR	566	T	TTTAA	ok	False
chr1	55026342	55026343	-	2.2e-08	FDR	571	T	CATCA	ok	False
chr1	55026357	55026358	-	9.6e-07	FDR	557	T	AGTTA	ok	True
chr1	55026358	55026359	-	3.3e-07	FDR	570	T	GTTAT	ok	False
chr1	55026360	55026361	-	1e-10	FDR	496	T	TATTT	ok	False
chr1	55026361	55026362	-	6.3e-10	FDR	565	T	ATTTA	ok	False
chr1	55026362	55026363	-	1.6e-07	FDR	467	T	TTTAA	ok	False
chr1	55026368	55026369	-	1.1e-06	FDR	566	T	AATCA	ok	False
chr1	55026381	55026382	-	4e-14	FDR	498	T	GATTT	ok	False
chr1	55026382	55026383	-	1.9e-11	FDR	571	T	ATTTC	ok	False
chr1	55026383	55026384	-	8.2e-07	FDR	571	T	TTTCT	ok	False
chr1	55026387	55026388	-	1e-09	FDR	557	T	TATCC	ok	False
chr1	55026416	55026417	-	1.3e-05	FDR	550	T	GATCG	ok	False
chr1	55026425	55026426	-	0.0022	FDR	409	T	TGTTT	ok	True
chr1	55026459	55026460	-	0.0097	FDR	526	T	GTTTA	ok	False
chr1	55026481	55026482	-	1.9e-12	FDR	510	T	ATTAG	ok	False
chr1	55026510	55026511	-	4.9e-09	FDR	424	T	AGTTC	ok	True
chr1	55026511	55026512	-	5.2e-05	FDR	440	T	GTTCG	ok	False
chr1	55026527	55026528	-	5.6e-08	FDR	415	T	GGTGT	ok	False
chr1	55026529	55026530	-	1e-07	FDR	428	T	TGTTC	ok	True
chr1	55026538	55026539	-	0.0091	FDR	417	T	CGTCA	ok	False
chr1	55026542	55026543	-	7.2e-16	FDR	413	T	ATTGT	ok	False
chr1	55117413	55117414	-	6.2e-100	FDR	1962	T	AGTTC	ok	True
chr1	55117504	55117505	-	2.7e-69	FDR	2012	T	GGTCC	ok	True
chr1	55117828	55117829	-	1.5e-22	FDR	1293	T	ATTGC	ok	False
chr1	55118222	55118223	-	9.7e-11	FDR	969	T	TCTGG	ok	False
chr1	55118377	55118378	-	1.1e-06	FDR	707	T	CTTGT	ok	False
chr1	55119296	55119297	-	1.5e-17	FDR	618	T	AGTCG	ok	False
chr1	55119345	55119346	-	0.0092	FDR	546	T	GCTGC	ok	False
chr1	55128307	55128308	+	1.3e-71	FDR	4090	A	CCAGA	ok	False
chr1	55129924	55129925	+	5.8e-06	FDR	4461	A	CCAGA	ok	False
chr1	58445409	58445410	+	0.0035	FDR	321	A	AGAGA	ok	False
chr1	58445514	58445515	+	0.00023	FDR	337	A	ATAAA	ok	False
chr1	58445531	58445532	+	4.4e-09	FDR	341	A	TTAAG	ok	False
chr1	58630365	58630366	+	4.4e-07	FDR	248	A	GCAGA	ok	False
chr1	58634938	58634939	+	0.038	FDR	283	A	CCAGA	ok	False
chr1	58635017	58635018	+	1.8e-07	FDR	276	A	GCATT	ok	False
chr1	59678659	59678660	-	3.9e-06	FDR	513	T	TGTCC	ok	True
chr1	59678952	59678953	-	6.3e-07	FDR	544	T	AGTTC	ok	True
chr1	59678978	59678979	-	1.7e-05	FDR	592	T	ACTGA	ok	False
chr1	59678990	59678991	-	2e-10	FDR	396	T	AGTCC	ok	True
chr1	59679072	59679073	-	0.027	FDR	441	T	TATCA	ok	False
chr1	59679097	59679098	-	2.5e-06	FDR	364	T	AGTCC	ok	True
chr1	59748251	59748252	+	0.024	FDR	265	A	GAAAT	ok	False
chr1	59748288	59748289	+	0.046	FDR	290	A	AAATT	ok	False
chr1	59750616	59750617	+	7.1e-05	FDR	401	A	CAACT	ok	False
chr1	63182936	63182937	-	6.5e-09	FDR	220	T	GATTA	ok	False
chr1	63182947	63182948	-	0.0018	FDR	162	T	TGTCC	ok	True
chr1	63216434	63216435	+	0.0024	FDR	1811	A	CAAGA	ok	False
chr1	63218635	63218636	+	3.2e-196	FDR	5263	A	GGATA	ok	False
chr1	63218679	63218680	+	0	FDR	5613	A	TGATA	ok	False
chr1	63218694	63218695	+	9.7e-24	FDR	5206	A	GGATA	ok	False
chr1	63218765	63218766	+	8.9e-10	FDR	5603	A	AGATT	ok	False
chr1	72198724	72198725	-	7.8e-06	FDR	297	T	AATAA	ok	False
chr1	72433112	72433113	+	0.003	FDR	250	A	TGATG	ok	False
chr1	72434039	72434040	+	0.017	FDR	253	A	GGACA	ok	True
chr1	72434075	72434076	+	4.2e-06	FDR	261	A	AAATT	ok	False
chr1	72891416	72891417	+	2.8e-23	FDR	1046	A	ACACA	ok	False
chr1	72891428	72891429	+	1.8e-10	FDR	989	A	ATATT	ok	False
chr1	72891541	72891542	+	0.019	FDR	989	A	GCACT	ok	False
chr1	74303606	74303607	+	0.0027	FDR	281	A	ACAAT	ok	False
chr1	74307096	74307097	+	6.4e-07	FDR	448	A	ATAAC	ok	False
chr1	74307126	74307127	+	7.4e-33	FDR	440	A	GGACT	ok	True
chr1	74326386	74326387	+	4.6e-07	FDR	179	A	TCAGG	ok	False
chr1	74326435	74326436	+	8.4e-12	FDR	187	A	CCAGA	ok	False
chr1	85836321	85836322	+	0.016	FDR	134	A	GGAGC	ok	False
chr1	85836339	85836340	+	7.9e-08	FDR	120	A	GTATA	ok	False
chr1	85836341	85836342	+	0.014	FDR	88	A	ATATT	ok	False
chr1	85836380	85836381	+	0.00016	FDR	133	A	GAAAA	ok	False
chr1	86277461	86277462	-	0.045	FDR	202	T	TCTGT	ok	False
chr1	86278246	86278247	-	0.0012	FDR	3873	T	AATGT	ok	False
chr1	86278248	86278249	-	7.2e-147	FDR	2600	T	TGTCC	ok	True
chr1	86278298	86278299	-	5.9e-239	FDR	3737	T	AGTCC	ok	True
chr1	86278651	86278652	-	4.7e-70	FDR	4009	T	GGTTT	ok	True
chr1	86278661	86278662	-	6.1e-10	FDR	3691	T	AGTCC	ok	True
chr1	86456929	86456930	+	0.0049	FDR	654	A	GCAGA	ok	False
chr1	86457179	86457180	+	0.016	FDR	825	A	CAAAA	ok	False
chr1	86457736	86457737	+	1.1e-24	FDR	1489	A	ACAGC	ok	False
chr1	86457998	86457999	+	3.3e-41	FDR	3785	A	GTATT	ok	False
chr1	86458059	86458060	+	5.5e-15	FDR	5774	A	ATAAC	ok	False
chr1	86458075	86458076	+	4.1e-33	FDR	7092	A	CCAGC	ok	False
chr1	86458106	86458107	+	3.5e-277	FDR	7487	A	AGACT	ok	True
chr1	86458216	86458217	+	2.2e-28	FDR	9712	A	CCAGT	ok	False
chr1	88190965	88190966	-	0.0018	FDR	182	T	GATCG	ok	False
chr1	92564896	92564897	-	0.026	FDR	379	T	CTTTA	ok	False
chr1	92564990	92564991	-	8.3e-07	FDR	311	T	CATTT	ok	False
chr1	92565000	92565001	-	0.0051	FDR	374	T	GATAT	ok	False
chr1	92567445	92567446	-	6.8e-08	FDR	299	T	GCTGC	ok	False
chr1	92569602	92569603	-	0.0018	FDR	235	T	CCTCA	ok	False
chr1	92569605	92569606	-	0.00036	FDR	236	T	CATCC	ok	False
chr1	93292695	93292696	+	0.0034	FDR	127	A	GCAAC	ok	False
chr1	93292853	93292854	+	0.00072	FDR	143	A	CTACC	ok	False
chr1	93292878	93292879	+	0.0049	FDR	135	A	CTATA	ok	False
chr1	93292880	93292881	+	0.0056	FDR	124	A	ATACC	ok	False
chr1	93292935	93292936	+	8.7e-05	FDR	142	A	TGATG	ok	False
chr1	93333733	93333734	-	0.0089	FDR	162	T	GTTTG	ok	False
chr1	93720398	93720399	-	1.8e-14	FDR	320	T	GGTAA	ok	False
chr1	93720511	93720512	-	2.6e-18	FDR	216	T	AGTCT	ok	True
chr1	93720591	93720592	-	1.4e-06	FDR	304	T	CGTTT	ok	False
chr1	93720657	93720658	-	2.3e-05	FDR	290	T	CATCA	ok	False
chr1	93722529	93722530	-	0.01	FDR	244	T	GCTCA	ok	False
chr1	93728322	93728323	-	6.5e-09	FDR	315	T	AATAC	ok	False
chr1	93728467	93728468	-	5.8e-05	FDR	341	T	CTTGC	ok	False
chr1	93728516	93728517	-	4.4e-08	FDR	304	T	GGTCT	ok	True
chr1	93728519	93728520	-	9.5e-12	FDR	302	T	CTTTA	ok	False
chr1	93728528	93728529	-	0.0022	FDR	404	T	TGTTC	ok	True
chr1	93729484	93729485	-	0.00048	FDR	326	T	CCTGC	ok	False
chr1	93729494	93729495	-	0.019	FDR	340	T	CTTGC	ok	False
chr1	93729548	93729549	-	0.0046	FDR	324	T	CATCG	ok	False
chr1	118226340	118226341	-	0.00069	FDR	180	T	AATCA	ok	False
chr1	118226379	118226380	-	0.0017	FDR	150	T	AATTT	ok	False
chr1	118226384	118226385	-	0.043	FDR	179	T	GTTCA	ok	False
chr1	118226414	118226415	-	3.1e-10	FDR	158	T	GTTAT	ok	False
chr1	118228359	118228360	-	0.00098	FDR	192	T	TTTTT	ok	False
chr1	118228360	118228361	-	1.5e-07	FDR	208	T	TTTTT	ok	False
chr1	118228362	118228363	-	0.011	FDR	231	T	TTTTT	ok	False
chr1	118228366	118228367	-	0.00011	FDR	231	T	TTTTG	ok	False
chr1	118228369	118228370	-	4.6e-07	FDR	234	T	TGTTT	ok	True
chr1	118228371	118228372	-	0.0077	FDR	237	T	TTTAG	ok	False
chr1	118228384	118228385	-	1e-31	FDR	238	T	AGTAT	ok	False
chr1	118228386	118228387	-	0.0022	FDR	216	T	TATTT	ok	False
chr1	118228392	118228393	-	5.2e-08	FDR	239	T	AATTC	ok	False
chr1	118228393	118228394	-	7.1e-13	FDR	240	T	ATTCT	ok	False
chr1	118228418	118228419	-	0.014	FDR	226	T	GGTTA	ok	True
chr1	118228437	118228438	-	8.6e-22	FDR	223	T	AGTGT	ok	False
chr1	118228448	118228449	-	0.00048	FDR	232	T	ACTGG	ok	False
chr1	118228453	118228454	-	0.00012	FDR	223	T	TGTGC	ok	False
chr1	118260846	118260847	+	1.7e-08	FDR	170	A	GAATT	ok	False
chr1	118261019	118261020	+	4.7e-09	FDR	241	A	CCAGA	ok	False
chr1	118261103	118261104	+	7.2e-05	FDR	286	A	GCAGC	ok	False
chr1	118261155	118261156	+	0.039	FDR	295	A	AGATT	ok	False
chr1	118261166	118261167	+	9e-16	FDR	295	A	CCAGA	ok	False
chr1	118261207	118261208	+	4.6e-12	FDR	300	A	GAACT	ok	True
chr1	118261257	118261258	+	1.1e-15	FDR	301	A	GTACC	ok	False
chr1	119398079	119398080	-	1.9e-06	FDR	159	T	CTTTG	ok	False
chr1	119398096	119398097	-	0.036	FDR	160	T	GATCA	ok	False
chr1	119398215	119398216	-	4e-05	FDR	142	T	AATGT	ok	False
chr1	119398225	119398226	-	0.0019	FDR	159	T	TCTGG	ok	False
chr1	119398232	119398233	-	0.0034	FDR	156	T	AATAG	ok	False
chr1	120044124	120044125	-	0.00013	FDR	743	T	CTTGT	ok	False
chr1	121481615	121481616	-	0.031	FDR	329	T	TATCA	ok	False
chr1	121481655	121481656	-	1.4e-23	FDR	331	T	AGTTC	ok	True
chr1	121481698	121481699	-	0.00015	FDR	332	T	AGTCA	ok	True
chr1	121481702	121481703	-	5e-27	FDR	297	T	AGTCC	ok	True
chr1	121481751	121481752	-	1.2e-06	FDR	336	T	GCTGG	ok	False
chr1	121481806	121481807	-	1.1e-12	FDR	337	T	TCTGG	ok	False
chr1	121481817	121481818	-	0.024	FDR	337	T	AATCC	ok	False
chr1	121481846	121481847	-	0.0077	FDR	326	T	CTTGC	ok	False
chr1	121483024	121483025	-	5.7e-09	FDR	294	T	TCTGC	ok	False
chr1	121483066	121483067	-	9.1e-09	FDR	211	T	TGTAT	ok	False
chr1	121483068	121483069	-	1.1e-05	FDR	216	T	TATGC	ok	False
chr1	121483085	121483086	-	0.003	FDR	176	T	CTTGT	ok	False
chr1	128259388	128259389	-	3.6e-26	FDR	1163	T	AATTT	ok	False
chr1	128259516	128259517	-	0.016	FDR	1171	T	CCTGT	ok	False
chr1	128259615	128259616	-	1.5e-24	FDR	1107	T	GGTCC	ok	True
chr1	128259628	128259629	-	0.0072	FDR	1092	T	GGTAG	ok	False
chr1	128259646	128259647	-	0.0016	FDR	1080	T	CCTGG	ok	False
chr1	128263468	128263469	-	0.0062	FDR	280	T	CATTG	ok	False
chr1	128291583	128291584	-	0.028	FDR	491	T	TCTTG	ok	False
chr1	128291584	128291585	-	0.0016	FDR	494	T	CTTGG	ok	False
chr1	128291777	128291778	-	0.029	FDR	316	T	ATTAA	ok	False
chr1	131098809	131098810	+	7.1e-06	FDR	403	A	CCAGG	ok	False
chr1	131098818	131098819	+	0.0041	FDR	406	A	CCAGA	ok	False
chr1	131863719	131863720	+	0.00037	FDR	286	A	TGATG	ok	False
chr1	131863816	131863817	+	0.00016	FDR	336	A	CCAGG	ok	False
chr1	133534287	133534288	-	1.1e-14	FDR	1154	T	TCTAA	ok	False
chr1	134273961	134273962	-	0.04	FDR	126	T	TTTTC	ok	False
chr1	134273971	134273972	-	4.1e-06	FDR	127	T	CCTCT	ok	False
chr1	134274029	134274030	-	0.00073	FDR	129	T	TTTGC	ok	False
chr1	134274036	134274037	-	0.0085	FDR	128	T	TGTTA	ok	True
chr1	134559708	134559709	+	3.7e-07	FDR	132	A	GCATT	ok	False
chr1	134560405	134560406	+	0.023	FDR	105	A	AGAGA	ok	False
chr1	135229452	135229453	-	0.025	FDR	349	T	GATGC	ok	False
chr1	135229502	135229503	-	5.1e-35	FDR	308	T	AGTCT	ok	True
chr1	135229530	135229531	-	1.4e-13	FDR	282	T	AATGT	ok	False
chr1	135229532	135229533	-	1.1e-18	FDR	225	T	TGTCT	ok	True
chr1	135229621	135229622	-	2.6e-13	FDR	290	T	AGTCC	ok	True
chr1	135229691	135229692	-	0.0078	FDR	302	T	GATGG	ok	False
chr1	135310238	135310239	-	0.00088	FDR	115	T	GATCC	ok	False
chr1	135310312	135310313	-	0.011	FDR	104	T	TTTGG	ok	False
chr1	135696508	135696509	+	0.0044	FDR	150	A	AGACA	ok	True
chr1	135696563	135696564	+	0.00047	FDR	168	A	AGAAC	ok	False
chr1	135696564	135696565	+	2.5e-07	FDR	177	A	GAACT	ok	True
chr1	135696609	135696610	+	0.002	FDR	166	A	TTAGG	ok	False
chr1	135696623	135696624	+	2.2e-10	FDR	146	A	GGACT	ok	True
chr1	136770466	136770467	-	0.021	FDR	132	T	GATAC	ok	False
chr1	153785154	153785155	+	1.6e-14	FDR	152	A	CCAGC	ok	False
chr1	153785181	153785182	+	0.038	FDR	155	A	AAAGC	ok	False
chr1	153785219	153785220	+	1.9e-09	FDR	146	A	ACACC	ok	False
chr1	153785307	153785308	+	1.8e-06	FDR	161	A	TGATG	ok	False
chr1	153785332	153785333	+	9.4e-07	FDR	157	A	GTATG	ok	False
chr1	153785347	153785348	+	4.3e-06	FDR	140	A	TAACT	ok	True
chr1	153785389	153785390	+	1.6e-06	FDR	157	A	AAATC	ok	False
chr1	155434479	155434480	+	0.0091	FDR	124	A	AGACC	ok	True
chr1	155440414	155440415	+	0.0078	FDR	144	A	GAAAT	ok	False
chr1	155440423	155440424	+	0.0077	FDR	140	A	ATACT	ok	False
chr1	155440445	155440446	+	0.044	FDR	148	A	TGATT	ok	False
chr1	155440462	155440463	+	0.0012	FDR	147	A	AAAAA	ok	False
chr1	155443373	155443374	+	5.8e-07	FDR	153	A	CAATG	ok	False
chr1	155443385	155443386	+	0.00081	FDR	148	A	ATATC	ok	False
chr1	157247462	157247463	+	0.008	FDR	421	A	GGATC	ok	False
chr1	157247581	157247582	+	0.0015	FDR	506	A	AGATA	ok	False
chr1	157247583	157247584	+	3.3e-07	FDR	504	A	ATAAT	ok	False
chr1	157247594	157247595	+	6.1e-24	FDR	354	A	GGACA	ok	True
chr1	157247697	157247698	+	3.1e-25	FDR	462	A	AGACT	ok	True
chr1	160027051	160027052	+	0.022	FDR	305	A	GAATC	ok	False
chr1	160027226	160027227	+	1.9e-06	FDR	356	A	AGACT	ok	True
chr1	160027278	160027279	+	0.0012	FDR	370	A	TTAAC	ok	False
chr1	160027371	160027372	+	6.7e-13	FDR	392	A	ATAAA	ok	False
chr1	160027372	160027373	+	0.014	FDR	387	A	TAAAC	ok	False
chr1	160027373	160027374	+	1.3e-05	FDR	386	A	AAACA	ok	True
chr1	160031038	160031039	-	0.043	FDR	468	T	ACTAC	ok	False
chr1	160031100	160031101	-	3.3e-05	FDR	405	T	ATTCC	ok	False
chr1	160031106	160031107	-	0.042	FDR	403	T	CATCA	ok	False
chr1	160031112	160031113	-	2.6e-13	FDR	373	T	AGTTC	ok	True
chr1	160031149	160031150	-	0.00046	FDR	365	T	TGTCT	ok	True
chr1	161068621	161068622	-	3.9e-05	FDR	663	T	AATTC	ok	False
chr1	161068841	161068842	-	0.00011	FDR	569	T	TTTAT	ok	False
chr1	161068896	161068897	-	0.004	FDR	517	T	AATGG	ok	False
chr1	161068915	161068916	-	0.018	FDR	469	T	AGTTC	ok	True
chr1	161068975	161068976	-	9.2e-11	FDR	431	T	CTTGT	ok	False
chr1	161069266	161069267	-	0.023	FDR	297	T	GATGC	ok	False
chr1	161069315	161069316	-	0.0062	FDR	276	T	GGTAT	ok	False
chr1	161069369	161069370	-	0.03	FDR	273	T	GTTTG	ok	False
chr1	161069380	161069381	-	0.0015	FDR	265	T	TCTTC	ok	False
chr1	163781756	163781757	-	0.035	FDR	187	T	CTTGC	ok	False
chr1	164264759	164264760	-	1.4e-07	FDR	361	T	ATTAC	ok	False
chr1	164264781	164264782	-	5.6e-06	FDR	372	T	TTTGC	ok	False
chr1	164264825	164264826	-	1.4e-06	FDR	373	T	ATTGC	ok	False
chr1	164264950	164264951	-	5.9e-09	FDR	235	T	TCTTC	ok	False
chr1	164265067	164265068	-	0.045	FDR	165	T	ACTAG	ok	False
chr1	164265106	164265107	-	2.2e-08	FDR	171	T	GCTGC	ok	False
chr1	167050912	167050913	-	6.3e-07	FDR	167	T	GCTGA	ok	False
chr1	170956874	170956875	-	0.034	FDR	319	T	CATCA	ok	False
chr1	170957008	170957009	-	0.00068	FDR	309	T	CCTAA	ok	False
chr1	171062453	171062454	-	0.042	FDR	419	T	AATAT	ok	False
chr1	171062502	171062503	-	1e-08	FDR	421	T	AGTGC	ok	False
chr1	171062644	171062645	-	2.7e-06	FDR	360	T	AATAT	ok	False
chr1	171062646	171062647	-	3.8e-05	FDR	481	T	TATCC	ok	False
chr1	171116190	171116191	-	1.3e-09	FDR	322	T	TGTGC	ok	False
chr1	171116416	171116417	-	7.7e-13	FDR	301	T	AATGG	ok	False
chr1	171116423	171116424	-	0.0051	FDR	292	T	CCTAG	ok	False
chr1	171116475	171116476	-	0.013	FDR	166	T	CATTT	ok	False
chr1	171116526	171116527	-	0.0068	FDR	241	T	ACTGC	ok	False
chr1	171173306	171173307	+	0.00017	FDR	175	A	GCAAG	ok	False
chr1	171173307	171173308	+	0.031	FDR	178	A	CAAGA	ok	False
chr1	171184113	171184114	+	2.6e-09	FDR	227	A	TAATC	ok	False
chr1	171184128	171184129	+	0.023	FDR	253	A	GGAAC	ok	False
chr1	171185527	171185528	+	1e-14	FDR	400	A	CCAGC	ok	False
chr1	171185599	171185600	+	0.00013	FDR	376	A	CTAAG	ok	False
chr1	172023884	172023885	+	0.022	FDR	91	A	TGATG	ok	False
chr1	172023924	172023925	+	0.018	FDR	91	A	GTATT	ok	False
chr1	172334635	172334636	+	0.0083	FDR	322	A	AGATT	ok	False
chr1	172334678	172334679	+	5.7e-07	FDR	306	A	ACAAG	ok	False
chr1	172334679	172334680	+	1.2e-05	FDR	315	A	CAAGG	ok	False
chr1	172334707	172334708	+	0.0036	FDR	350	A	GCAGG	ok	False
chr1	172334895	172334896	+	1.2e-08	FDR	384	A	CGAAC	ok	False
chr1	172334896	172334897	+	6.5e-08	FDR	379	A	GAACA	ok	True
chr1	172334910	172334911	+	5.2e-05	FDR	381	A	TGATT	ok	False
chr1	175429006	175429007	-	3.1e-05	FDR	222	T	CATAT	ok	False
chr1	175429029	175429030	-	0.0006	FDR	250	T	CATCA	ok	False
chr1	175429063	175429064	-	0.0033	FDR	248	T	AATAG	ok	False
chr1	175431581	175431582	-	0.014	FDR	241	T	GATCC	ok	False
chr1	178156114	178156115	-	0.0029	FDR	161	T	GATCC	ok	False
chr1	178156794	178156795	-	0.003	FDR	678	T	TCTAA	ok	False
chr1	178157889	178157890	-	0.00043	FDR	491	T	TATAT	ok	False
chr1	178157901	178157902	-	0.0022	FDR	492	T	GATTC	ok	False
chr1	180428062	180428063	+	0.0058	FDR	233	A	AAACT	ok	True
chr1	180428164	180428165	+	0.0088	FDR	430	A	CCAGA	ok	False
chr1	180428453	180428454	+	6.4e-20	FDR	720	A	CCAGG	ok	False
chr1	180428724	180428725	+	1.3e-13	FDR	356	A	GCATT	ok	False
chr1	180630753	180630754	-	0.013	FDR	537	T	GATAG	ok	False
chr1	180637699	180637700	-	1.1e-09	FDR	482	T	GCTGC	ok	False
chr1	180637718	180637719	-	0.0035	FDR	462	T	GATCT	ok	False
chr1	180695416	180695417	+	0.0013	FDR	64	A	ACAGC	ok	False
chr1	180726467	180726468	+	0.00015	FDR	282	A	AAATA	ok	False
chr1	180726470	180726471	+	1.1e-09	FDR	283	A	TAATG	ok	False
chr1	180726641	180726642	+	3.7e-05	FDR	274	A	GTATC	ok	False
chr1	180765731	180765732	+	0.00065	FDR	159	A	TGACC	ok	True
chr1	180765754	180765755	+	4.1e-06	FDR	156	A	ATATT	ok	False
chr1	181730613	181730614	-	2.7e-09	FDR	286	T	ACTGA	ok	False
chr1	181730676	181730677	-	0.0051	FDR	280	T	CTTCA	ok	False
chr1	181730680	181730681	-	8.6e-12	FDR	268	T	AGTTC	ok	True
chr1	181730736	181730737	-	1.2e-05	FDR	241	T	GATTT	ok	False
chr1	181730763	181730764	-	2.3e-14	FDR	262	T	CATTC	ok	False
chr1	181730764	181730765	-	0.016	FDR	265	T	ATTCA	ok	False
chr1	181730859	181730860	-	2.8e-10	FDR	218	T	TGTCA	ok	True
chr1	181730862	181730863	-	0.0046	FDR	219	T	CATCA	ok	False
chr1	181730900	181730901	-	0.0019	FDR	178	T	AGTCA	ok	True
chr1	181731217	181731218	-	0.00014	FDR	142	T	CTTAG	ok	False
chr1	181956293	181956294	+	0.021	FDR	161	A	GTATC	ok	False
chr1	181958965	181958966	+	1.1e-05	FDR	223	A	TTAAT	ok	False
chr1	181958971	181958972	+	2.8e-09	FDR	237	A	CGACT	ok	False
chr1	181959002	181959003	+	0.0007	FDR	266	A	TCACT	ok	False
chr1	181959015	181959016	+	2.5e-18	FDR	287	A	AGAAT	ok	False
chr1	181959016	181959017	+	6.5e-31	FDR	292	A	GAATG	ok	False
chr1	181959020	181959021	+	0.023	FDR	302	A	GAATG	ok	False
chr1	181959028	181959029	+	3.1e-05	FDR	303	A	TGACA	ok	True
chr1	181959039	181959040	+	1.8e-08	FDR	309	A	CGACT	ok	False
chr1	181959050	181959051	+	0.0066	FDR	316	A	TTATT	ok	False
chr1	181959056	181959057	+	1.3e-08	FDR	321	A	GGAAG	ok	False
chr1	181959073	181959074	+	1.3e-35	FDR	321	A	GAAAC	ok	False
chr1	181959074	181959075	+	1.5e-30	FDR	317	A	AAACT	ok	True
chr1	181959093	181959094	+	1.5e-10	FDR	329	A	GGATA	ok	False
chr1	181959095	181959096	+	3e-11	FDR	332	A	ATATA	ok	False
chr1	181959187	181959188	+	0.018	FDR	338	A	GAAAA	ok	False
chr1	181959188	181959189	+	0.0001	FDR	339	A	AAAAC	ok	False
chr1	181959189	181959190	+	1.2e-13	FDR	339	A	AAACC	ok	True
chr1	181959204	181959205	+	1.1e-06	FDR	341	A	GAAAC	ok	False
chr1	181959216	181959217	+	0.0013	FDR	272	A	AAATC	ok	False
chr1	181959240	181959241	+	4.7e-06	FDR	320	A	TAATT	ok	False
chr1	181959255	181959256	+	4.1e-11	FDR	296	A	CAAAT	ok	False
chr1	181959262	181959263	+	1e-10	FDR	293	A	ATATA	ok	False
chr1	181959310	181959311	+	6.4e-11	FDR	292	A	TTAAC	ok	False
chr1	181959843	181959844	+	0.0028	FDR	115	A	GCATT	ok	False
chr1	181959880	181959881	+	0.0079	FDR	112	A	ATAAC	ok	False
chr1	182103642	182103643	-	0.029	FDR	255	T	TCTAA	ok	False
chr1	182103698	182103699	-	0.0024	FDR	256	T	CTTCA	ok	False
chr1	182103705	182103706	-	6.4e-12	FDR	260	T	TTTGG	ok	False
chr1	182103868	182103869	-	0.0051	FDR	145	T	TTTCT	ok	False
chr1	184546044	184546045	-	0.00056	FDR	101	T	CATGA	ok	False
chr1	184551481	184551482	-	0.0017	FDR	101	T	AATAC	ok	False
chr1	185148126	185148127	+	0.043	FDR	212	A	CCACC	ok	False
chr1	185150492	185150493	+	0.016	FDR	277	A	GAAGG	ok	False
chr1	185152363	185152364	+	0.002	FDR	394	A	GAAGA	ok	False
chr1	185156563	185156564	+	1e-06	FDR	572	A	CCAGA	ok	False
chr1	185160245	185160246	+	1.2e-18	FDR	671	A	GCATT	ok	False
chr1	185160347	185160348	+	1.2e-09	FDR	692	A	GGACA	ok	True
chr1	185160443	185160444	+	0.0089	FDR	693	A	AAACT	ok	True
chr1	186453472	186453473	-	0.042	FDR	182	T	AATAC	ok	False
chr1	186453583	186453584	-	0.0069	FDR	149	T	GATGC	ok	False
chr1	189374317	189374318	-	0.00018	FDR	122	T	AGTGC	ok	False
chr10	7554411	7554412	+	0.023	FDR	322	A	TCAGC	ok	False
chr10	7554531	7554532	+	0.00054	FDR	331	A	CCATT	ok	False
chr10	7554596	7554597	+	1.7e-18	FDR	326	A	CCAGA	ok	False
chr10	7781548	7781549	-	0.02	FDR	113	T	ATTTA	ok	False
chr10	12884409	12884410	+	3.6e-05	FDR	345	A	GCAGT	ok	False
chr10	12884420	12884421	+	4.2e-05	FDR	304	A	ACATC	ok	False
chr10	12884469	12884470	+	0.00068	FDR	469	A	CCAGC	ok	False
chr10	12884641	12884642	+	0.0031	FDR	708	A	CCAGT	ok	False
chr10	12884682	12884683	+	2.5e-34	FDR	662	A	GCATC	ok	False
chr10	12884756	12884757	+	1.4e-15	FDR	522	A	AGACT	ok	True
chr10	13054491	13054492	-	0.00047	FDR	183	T	AATAC	ok	False
chr10	13054570	13054571	-	0.0017	FDR	169	T	AATTA	ok	False
chr10	17887047	17887048	-	6.4e-05	FDR	167	T	ATTTT	ok	False
chr10	17887065	17887066	-	0.008	FDR	183	T	TCTGC	ok	False
chr10	17887075	17887076	-	0.00013	FDR	182	T	GCTTC	ok	False
chr10	17887076	17887077	-	2.6e-05	FDR	184	T	CTTCT	ok	False
chr10	17887099	17887100	-	1.1e-08	FDR	173	T	AGTGC	ok	False
chr10	17887162	17887163	-	0.0066	FDR	177	T	AATGT	ok	False
chr10	23662666	23662667	-	2.9e-17	FDR	1067	T	TCTAA	ok	False
chr10	30074504	30074505	-	0.04	FDR	209	T	ATTTA	ok	False
chr10	30074550	30074551	-	0.0056	FDR	206	T	AATAA	ok	False
chr10	31204152	31204153	+	0.013	FDR	263	A	GAATG	ok	False
chr10	31204173	31204174	+	0.00033	FDR	70	A	AAAAA	ok	False
chr10	33872718	33872719	-	5.1e-07	FDR	188	T	AGTCC	ok	True
chr10	33877707	33877708	-	0.0052	FDR	176	T	AATTT	ok	False
chr10	34027688	34027689	-	2.2e-06	FDR	107	T	AGTTC	ok	True
chr10	34027726	34027727	-	0.0042	FDR	111	T	ATTTC	ok	False
chr10	34106921	34106922	-	0.0011	FDR	365	T	CATTT	ok	False
chr10	34106946	34106947	-	0.0018	FDR	383	T	CTTGT	ok	False
chr10	34106985	34106986	-	7.8e-07	FDR	347	T	ACTGT	ok	False
chr10	34107019	34107020	-	0.00056	FDR	346	T	GATGA	ok	False
chr10	34107034	34107035	-	4e-10	FDR	328	T	ACTGC	ok	False
chr10	36876417	36876418	+	0.044	FDR	208	A	CCAAA	ok	False
chr10	36876418	36876419	+	2.5e-05	FDR	216	A	CAAAG	ok	False
chr10	36877660	36877661	+	1.9e-08	FDR	240	A	GGACT	ok	True
chr10	41406790	41406791	+	0.0023	FDR	211	A	GCAAG	ok	False
chr10	41406795	41406796	+	0.014	FDR	214	A	GTATT	ok	False
chr10	41406831	41406832	+	6.2e-11	FDR	233	A	CCAGA	ok	False
chr10	41406891	41406892	+	2.1e-05	FDR	235	A	CTATC	ok	False
chr10	41406898	41406899	+	7.1e-10	FDR	230	A	ATACC	ok	False
chr10	41406946	41406947	+	0.029	FDR	224	A	GGACT	ok	True
chr10	41406960	41406961	+	0.00043	FDR	232	A	CTATT	ok	False
chr10	42058056	42058057	-	0.00017	FDR	131	T	GGTCC	ok	True
chr10	42058082	42058083	-	0.0023	FDR	137	T	GATTG	ok	False
chr10	43401241	43401242	-	1.3e-07	FDR	123	T	CTTTT	ok	False
chr10	43401297	43401298	-	0.037	FDR	129	T	TCTCA	ok	False
chr10	43406601	43406602	-	0.00047	FDR	109	T	GCTTT	ok	False
chr10	43406654	43406655	-	0.0001	FDR	118	T	CATCT	ok	False
chr10	43408832	43408833	-	0.009	FDR	96	T	TCTTC	ok	False
chr10	43408833	43408834	-	0.00027	FDR	99	T	CTTCG	ok	False
chr10	45034806	45034807	+	0.016	FDR	137	A	CAAGC	ok	False
chr10	45034858	45034859	+	0.0032	FDR	135	A	ATATC	ok	False
chr10	45034891	45034892	+	0.00015	FDR	152	A	GTATA	ok	False
chr10	61155601	61155602	-	3.8e-16	FDR	202	T	GATCT	ok	False
chr10	61155679	61155680	-	1.1e-18	FDR	198	T	ACTGG	ok	False
chr10	61155734	61155735	-	0.0093	FDR	180	T	CCTGA	ok	False
chr10	61155780	61155781	-	0.028	FDR	139	T	GCTAA	ok	False
chr10	61155831	61155832	-	0.006	FDR	139	T	AATAG	ok	False
chr10	61260772	61260773	+	0.004	FDR	96	A	TCAAA	ok	False
chr10	61260817	61260818	+	1.6e-07	FDR	186	A	ATATT	ok	False
chr10	61260945	61260946	+	1.7e-10	FDR	296	A	TGACT	ok	True
chr10	61261000	61261001	+	8.9e-06	FDR	288	A	CCAGA	ok	False
chr10	61261054	61261055	+	0.0026	FDR	303	A	CCAGA	ok	False
chr10	61264616	61264617	-	0.0074	FDR	210	T	AGTCA	ok	True
chr10	61267696	61267697	-	0.0011	FDR	289	T	CCTGA	ok	False
chr10	61267776	61267777	-	5.5e-14	FDR	271	T	GATGT	ok	False
chr10	61267778	61267779	-	5.3e-17	FDR	216	T	TGTCC	ok	True
chr10	61267801	61267802	-	1.2e-05	FDR	296	T	AGTCT	ok	True
chr10	61267828	61267829	-	0.013	FDR	277	T	GGTTC	ok	True
chr10	61268008	61268009	-	0.0018	FDR	194	T	GATCT	ok	False
chr10	61503371	61503372	+	0.00018	FDR	397	A	GCAGT	ok	False
chr10	61503444	61503445	+	1.8e-28	FDR	652	A	TCAGT	ok	False
chr10	61506250	61506251	+	1e-07	FDR	840	A	AAAGC	ok	False
chr10	61509794	61509795	+	0.0097	FDR	1204	A	CTAGA	ok	False
chr10	61528764	61528765	+	0.02	FDR	201	A	CAACC	ok	False
chr10	61528778	61528779	+	6.7e-09	FDR	194	A	GGACT	ok	True
chr10	61528804	61528805	+	3.1e-08	FDR	213	A	GAAAG	ok	False
chr10	61528813	61528814	+	0.0014	FDR	211	A	TTATT	ok	False
chr10	61528843	61528844	+	0.00022	FDR	221	A	ACAGT	ok	False
chr10	61528874	61528875	+	9.1e-05	FDR	221	A	GAACA	ok	True
chr10	61528942	61528943	+	0.00024	FDR	224	A	CCAGG	ok	False
chr10	61528956	61528957	+	3.2e-16	FDR	222	A	GAACT	ok	True
chr10	61528978	61528979	+	1.9e-12	FDR	223	A	TTATC	ok	False
chr10	61538370	61538371	+	0.047	FDR	60	A	AGAAC	ok	False
chr10	61538371	61538372	+	0.0024	FDR	72	A	GAACT	ok	True
chr10	62416169	62416170	-	5.9e-16	FDR	334	T	AGTCC	ok	True
chr10	62416180	62416181	-	0.0001	FDR	348	T	ATTTG	ok	False
chr10	62416199	62416200	-	0.00021	FDR	345	T	ATTTT	ok	False
chr10	62416200	62416201	-	1.8e-05	FDR	345	T	TTTTC	ok	False
chr10	62416201	62416202	-	3.2e-05	FDR	328	T	TTTCT	ok	False
chr10	62416233	62416234	-	0.002	FDR	347	T	TTTCC	ok	False
chr10	62416333	62416334	-	6.6e-14	FDR	280	T	CATGT	ok	False
chr10	62416346	62416347	-	8.5e-06	FDR	275	T	AATTG	ok	False
chr10	62416372	62416373	-	0.0027	FDR	269	T	TCTTC	ok	False
chr10	62416410	62416411	-	2.1e-05	FDR	227	T	TCTAT	ok	False
chr10	62416437	62416438	-	0.039	FDR	188	T	TGTCT	ok	True
chr10	62416439	62416440	-	0.023	FDR	186	T	TCTTT	ok	False
chr10	62416448	62416449	-	0.025	FDR	203	T	CTTTC	ok	False
chr10	62416479	62416480	-	0.00039	FDR	189	T	TTTCA	ok	False
chr10	62416493	62416494	-	9.5e-12	FDR	187	T	ACTGG	ok	False
chr10	62418034	62418035	-	0.024	FDR	218	T	GCTGA	ok	False
chr10	69174216	69174217	-	2.2e-09	FDR	562	T	AGTCC	ok	True
chr10	69176393	69176394	-	2.7e-05	FDR	497	T	CTTGT	ok	False
chr10	71063849	71063850	-	0.0036	FDR	267	T	TGTAA	ok	False
chr10	71063899	71063900	-	0.0044	FDR	231	T	GCTTA	ok	False
chr10	71063915	71063916	-	5.1e-08	FDR	277	T	CATCA	ok	False
chr10	71063947	71063948	-	7.2e-05	FDR	255	T	CATTT	ok	False
chr10	71064114	71064115	-	2.2e-07	FDR	204	T	AGTCA	ok	True
chr10	71166711	71166712	-	8.4e-11	FDR	315	T	AGTAG	ok	False
chr10	71166831	71166832	-	8.1e-06	FDR	314	T	CATCA	ok	False
chr10	71166860	71166861	-	0.015	FDR	296	T	ACTGT	ok	False
chr10	72493194	72493195	+	0.036	FDR	124	A	TTACA	ok	False
chr10	72504710	72504711	+	5.9e-05	FDR	163	A	ATACT	ok	False
chr10	72504739	72504740	+	0.0055	FDR	196	A	TGATG	ok	False
chr10	72504742	72504743	+	3.8e-05	FDR	196	A	TGATG	ok	False
chr10	72504768	72504769	+	6.4e-16	FDR	154	A	GGACT	ok	True
chr10	72504829	72504830	+	4.7e-05	FDR	202	A	GGATG	ok	False
chr10	72504850	72504851	+	0.0013	FDR	201	A	GCAAA	ok	False
chr10	72504878	72504879	+	0.0075	FDR	196	A	GCAAC	ok	False
chr10	72504905	72504906	+	0.041	FDR	202	A	TGACC	ok	True
chr10	72504924	72504925	+	7.7e-09	FDR	163	A	GGACT	ok	True
chr10	72504971	72504972	+	0.028	FDR	202	A	GAATC	ok	False
chr10	72504978	72504979	+	4.2e-05	FDR	193	A	TCATT	ok	False
chr10	72504982	72504983	+	0.035	FDR	199	A	TAAAT	ok	False
chr10	75368022	75368023	+	0.045	FDR	290	A	TCACA	ok	False
chr10	75371196	75371197	+	0.0081	FDR	552	A	TGATT	ok	False
chr10	75371259	75371260	+	5.5e-08	FDR	585	A	TGATA	ok	False
chr10	75607069	75607070	-	0.0002	FDR	441	T	AATGA	ok	False
chr10	75607176	75607177	-	9.4e-08	FDR	492	T	CATCC	ok	False
chr10	75607196	75607197	-	2.7e-23	FDR	492	T	GATTC	ok	False
chr10	75607216	75607217	-	1.3e-12	FDR	492	T	TCTGG	ok	False
chr10	75607227	75607228	-	1.2e-08	FDR	493	T	TCTGG	ok	False
chr10	75607276	75607277	-	1.3e-12	FDR	451	T	AATGT	ok	False
chr10	75607332	75607333	-	2.3e-11	FDR	457	T	GATAA	ok	False
chr10	75771783	75771784	+	1.9e-11	FDR	919	A	TGATC	ok	False
chr10	76348336	76348337	+	5.3e-06	FDR	227	A	AGACG	ok	False
chr10	76348360	76348361	+	0.048	FDR	222	A	CTATC	ok	False
chr10	76348390	76348391	+	0.041	FDR	222	A	CTACA	ok	False
chr10	76351453	76351454	+	0.00091	FDR	283	A	GCATC	ok	False
chr10	76351473	76351474	+	0.011	FDR	265	A	GGAAA	ok	False
chr10	76351474	76351475	+	2.8e-05	FDR	279	A	GAAAA	ok	False
chr10	76351539	76351540	+	0.03	FDR	257	A	GCACC	ok	False
chr10	76351566	76351567	+	3.8e-10	FDR	267	A	GGACA	ok	True
chr10	76351568	76351569	+	1.1e-11	FDR	247	A	ACATG	ok	False
chr10	76351592	76351593	+	0.0033	FDR	289	A	GGATC	ok	False
chr10	76351605	76351606	+	0.019	FDR	278	A	ATAAT	ok	False
chr10	76888090	76888091	-	0.0085	FDR	140	T	ACTGG	ok	False
chr10	76888103	76888104	-	2.5e-06	FDR	137	T	AATCC	ok	False
chr10	76888145	76888146	-	0.0081	FDR	139	T	ATTGG	ok	False
chr10	76888161	76888162	-	0.014	FDR	134	T	CCTGG	ok	False
chr10	76888213	76888214	-	0.00069	FDR	124	T	GATTT	ok	False
chr10	76888223	76888224	-	4.6e-07	FDR	140	T	CTTCA	ok	False
chr10	76888240	76888241	-	0.011	FDR	129	T	GCTTG	ok	False
chr10	76888321	76888322	-	0.024	FDR	121	T	GATGG	ok	False
chr10	76888382	76888383	-	3.2e-05	FDR	107	T	ATTCC	ok	False
chr10	77322736	77322737	-	2.2e-06	FDR	105	T	ATTTT	ok	False
chr10	77823761	77823762	-	0.001	FDR	621	T	TCTAA	ok	False
chr10	77823838	77823839	-	0.018	FDR	642	T	ACTGG	ok	False
chr10	77824010	77824011	-	1.1e-24	FDR	543	T	AGTCC	ok	True
chr10	77824054	77824055	-	9.6e-27	FDR	538	T	CTTGT	ok	False
chr10	77824514	77824515	-	0.032	FDR	370	T	AATCA	ok	False
chr10	77824545	77824546	-	4.9e-06	FDR	355	T	ACTGA	ok	False
chr10	77824598	77824599	-	4.5e-12	FDR	312	T	CATTG	ok	False
chr10	77825403	77825404	-	0.0039	FDR	173	T	GCTGC	ok	False
chr10	78006842	78006843	-	0.00038	FDR	125	T	CCTGG	ok	False
chr10	79520708	79520709	+	0.0013	FDR	157	A	TCACC	ok	False
chr10	79520853	79520854	+	5.1e-15	FDR	301	A	GCATC	ok	False
chr10	79520859	79520860	+	0.00097	FDR	309	A	CCATT	ok	False
chr10	79520878	79520879	+	0.013	FDR	335	A	TGACG	ok	False
chr10	79520928	79520929	+	2.2e-11	FDR	378	A	AGAAT	ok	False
chr10	79521151	79521152	+	1.2e-06	FDR	546	A	GAAAA	ok	False
chr10	79521191	79521192	+	0.00024	FDR	601	A	GGACA	ok	True
chr10	79521196	79521197	+	0.00056	FDR	589	A	TCATC	ok	False
chr10	79523753	79523754	+	1.5e-10	FDR	766	A	GTACT	ok	False
chr10	79523816	79523817	+	0.00025	FDR	905	A	CTATG	ok	False
chr10	79523822	79523823	+	0.012	FDR	921	A	GGACG	ok	False
chr10	79523867	79523868	+	3.4e-05	FDR	1042	A	GGATG	ok	False
chr10	79523909	79523910	+	1e-41	FDR	1032	A	ATAAA	ok	False
chr10	79523911	79523912	+	7.1e-45	FDR	1005	A	AAACT	ok	True
chr10	79523935	79523936	+	2.4e-14	FDR	986	A	GGACC	ok	True
chr10	79523957	79523958	+	3.4e-06	FDR	1160	A	ACAGA	ok	False
chr10	79523959	79523960	+	1.3e-08	FDR	1067	A	AGACT	ok	True
chr10	79523962	79523963	+	6.5e-10	FDR	1086	A	CTACC	ok	False
chr10	79523998	79523999	+	4.3e-27	FDR	1246	A	TGATC	ok	False
chr10	79524072	79524073	+	0.0007	FDR	1218	A	AAACA	ok	True
chr10	79524074	79524075	+	6.7e-21	FDR	1242	A	ACACC	ok	False
chr10	79524118	79524119	+	4e-13	FDR	1118	A	GGACC	ok	True
chr10	79524122	79524123	+	0.00038	FDR	1205	A	CGACT	ok	False
chr10	79524144	79524145	+	0.026	FDR	969	A	AGACT	ok	True
chr10	79524206	79524207	+	0.02	FDR	1246	A	GAAAT	ok	False
chr10	79524207	79524208	+	7.3e-05	FDR	1246	A	AAATA	ok	False
chr10	79802215	79802216	+	0.0035	FDR	240	A	GCAGT	ok	False
chr10	79802289	79802290	+	0.011	FDR	284	A	ACAGT	ok	False
chr10	79803320	79803321	+	3.4e-15	FDR	549	A	CCAGA	ok	False
chr10	79803373	79803374	+	0.014	FDR	504	A	GCAAG	ok	False
chr10	79803395	79803396	+	1e-24	FDR	545	A	CGACT	ok	False
chr10	79803502	79803503	+	5.8e-23	FDR	482	A	GGACT	ok	True
chr10	79803514	79803515	+	8.9e-10	FDR	392	A	GGACA	ok	True
chr10	79871817	79871818	-	1.6e-44	FDR	1271	T	AGTCC	ok	True
chr10	79871856	79871857	-	9.8e-28	FDR	1382	T	CCTGG	ok	False
chr10	79871893	79871894	-	1.6e-47	FDR	1353	T	AGTCA	ok	True
chr10	79871933	79871934	-	2.2e-24	FDR	1161	T	AGTCA	ok	True
chr10	79872650	79872651	-	1.5e-13	FDR	843	T	TCTGG	ok	False
chr10	79873197	79873198	-	0.05	FDR	238	T	CTTGA	ok	False
chr10	79889539	79889540	+	0.012	FDR	207	A	GCAGG	ok	False
chr10	79889546	79889547	+	4.3e-05	FDR	196	A	CCATG	ok	False
chr10	79890844	79890845	+	2.7e-14	FDR	686	A	CTACA	ok	False
chr10	79890892	79890893	+	6.3e-25	FDR	917	A	CGATG	ok	False
chr10	79892044	79892045	+	3.4e-11	FDR	1138	A	CTATC	ok	False
chr10	79892143	79892144	+	0.00037	FDR	1118	A	GAAAA	ok	False
chr10	79892185	79892186	+	2e-23	FDR	1136	A	GCATC	ok	False
chr10	79892235	79892236	+	1.5e-09	FDR	1096	A	TCACC	ok	False
chr10	79892259	79892260	+	0.00062	FDR	1120	A	AAAAT	ok	False
chr10	79892260	79892261	+	0.0022	FDR	1108	A	AAATG	ok	False
chr10	80129507	80129508	+	5.1e-288	FDR	10750	A	CCAGA	ok	False
chr10	80129802	80129803	+	1.9e-72	FDR	12458	A	CCAGA	ok	False
chr10	80154574	80154575	-	0.046	FDR	131	T	ACTAA	ok	False
chr10	80154579	80154580	-	1.7e-10	FDR	111	T	AGTCC	ok	True
chr10	80154674	80154675	-	9.3e-06	FDR	127	T	CCTTT	ok	False
chr10	80228395	80228396	-	0.0016	FDR	580	T	TTTAT	ok	False
chr10	80228408	80228409	-	0.02	FDR	604	T	AGTGA	ok	False
chr10	80228473	80228474	-	7.5e-19	FDR	491	T	AGTCC	ok	True
chr10	80228527	80228528	-	1.7e-20	FDR	570	T	TGTGT	ok	False
chr10	80228593	80228594	-	0.0074	FDR	554	T	TGTCC	ok	True
chr10	80228625	80228626	-	0.00082	FDR	528	T	TGTCC	ok	True
chr10	80228647	80228648	-	0.0004	FDR	603	T	GGTCA	ok	True
chr10	80228713	80228714	-	5.9e-14	FDR	464	T	GGTCC	ok	True
chr10	80228767	80228768	-	5.2e-05	FDR	404	T	GGTGG	ok	False
chr10	80228825	80228826	-	1.5e-06	FDR	446	T	AGTCT	ok	True
chr10	80228839	80228840	-	0.026	FDR	428	T	ACTTG	ok	False
chr10	80228840	80228841	-	0.015	FDR	444	T	CTTGG	ok	False
chr10	80229095	80229096	-	0.011	FDR	293	T	TGTAC	ok	False
chr10	80419511	80419512	-	0.01	FDR	334	T	GTTTC	ok	False
chr10	80419526	80419527	-	0.036	FDR	335	T	TCTCT	ok	False
chr10	80419591	80419592	-	0.024	FDR	328	T	GGTGC	ok	False
chr10	80419627	80419628	-	2.3e-14	FDR	286	T	AGTCC	ok	True
chr10	80419693	80419694	-	0.0035	FDR	321	T	GCTCC	ok	False
chr10	80419713	80419714	-	0.0008	FDR	316	T	CGTAG	ok	False
chr10	80419747	80419748	-	1.4e-06	FDR	284	T	TGTCA	ok	True
chr10	80419753	80419754	-	0.044	FDR	286	T	TGTGC	ok	False
chr10	80419804	80419805	-	0.026	FDR	226	T	CATAC	ok	False
chr10	80476458	80476459	+	0.0023	FDR	372	A	GAACT	ok	True
chr10	80476493	80476494	+	5.6e-12	FDR	359	A	GAACT	ok	True
chr10	80542814	80542815	-	0.0046	FDR	191	T	CATTG	ok	False
chr10	80542973	80542974	-	0.0018	FDR	193	T	TGTCT	ok	True
chr10	80543032	80543033	-	0.028	FDR	187	T	GATGT	ok	False
chr10	80543170	80543171	-	0.00014	FDR	129	T	ATTGC	ok	False
chr10	80632021	80632022	-	0.02	FDR	258	T	GGTTC	ok	True
chr10	80632022	80632023	-	0.00081	FDR	260	T	GTTCA	ok	False
chr10	80632094	80632095	-	1.2e-15	FDR	232	T	GATGT	ok	False
chr10	80632096	80632097	-	7.2e-05	FDR	260	T	TGTGG	ok	False
chr10	80632161	80632162	-	0.046	FDR	213	T	CCTCC	ok	False
chr10	80640440	80640441	+	3.2e-09	FDR	349	A	CCAGC	ok	False
chr10	80664174	80664175	+	4.3e-14	FDR	479	A	ACAGT	ok	False
chr10	80664342	80664343	+	9.9e-06	FDR	552	A	CCAGG	ok	False
chr10	80664358	80664359	+	8.3e-08	FDR	583	A	CCAGT	ok	False
chr10	80665044	80665045	+	3.2e-05	FDR	820	A	CTATA	ok	False
chr10	80688771	80688772	-	0.0015	FDR	205	T	GCTGG	ok	False
chr10	80688826	80688827	-	8.2e-47	FDR	204	T	GATGG	ok	False
chr10	80690465	80690466	-	9.1e-05	FDR	154	T	CCTGG	ok	False
chr10	80690499	80690500	-	8.3e-07	FDR	123	T	CTTGG	ok	False
chr10	80691022	80691023	-	0.00094	FDR	63	T	CTTGT	ok	False
chr10	80735974	80735975	-	0.0023	FDR	1069	T	TGTCC	ok	True
chr10	80736513	80736514	-	6.9e-15	FDR	601	T	AATGG	ok	False
chr10	80917712	80917713	+	9.7e-09	FDR	247	A	ACAGG	ok	False
chr10	80918031	80918032	+	5.5e-29	FDR	193	A	GGACA	ok	True
chr10	80958411	80958412	+	2.9e-05	FDR	484	A	GAACC	ok	True
chr10	80959454	80959455	+	9e-15	FDR	543	A	GAACC	ok	True
chr10	80959626	80959627	+	4.6e-24	FDR	525	A	GGACA	ok	True
chr10	80959632	80959633	+	0.00015	FDR	615	A	TGATG	ok	False
chr10	80959654	80959655	+	1e-06	FDR	606	A	GGACC	ok	True
chr10	80959675	80959676	+	9.4e-07	FDR	618	A	AAAAC	ok	False
chr10	80959676	80959677	+	7.8e-06	FDR	618	A	AAACC	ok	True
chr10	80989145	80989146	-	0.0045	FDR	173	T	CATTT	ok	False
chr10	80989170	80989171	-	3.4e-07	FDR	190	T	AATAC	ok	False
chr10	80989176	80989177	-	3.3e-09	FDR	166	T	AATAT	ok	False
chr10	80989314	80989315	-	1.8e-20	FDR	192	T	GATGC	ok	False
chr10	80989527	80989528	-	0.0026	FDR	101	T	GGTCC	ok	True
chr10	80989539	80989540	-	0.00044	FDR	97	T	AGTCC	ok	True
chr10	81017187	81017188	+	0.0002	FDR	686	A	CCAGT	ok	False
chr10	81017242	81017243	+	8.4e-20	FDR	749	A	CCAGG	ok	False
chr10	81017909	81017910	+	1.4e-17	FDR	1992	A	AAACT	ok	True
chr10	81017972	81017973	+	3.6e-49	FDR	1975	A	AGACT	ok	True
chr10	81018093	81018094	+	2e-272	FDR	2919	A	GGACT	ok	True
chr10	81018099	81018100	+	0.00015	FDR	4860	A	GCAGG	ok	False
chr10	81100647	81100648	-	7.2e-05	FDR	219	T	GCTCT	ok	False
chr10	81100709	81100710	-	4.6e-05	FDR	220	T	CTTGT	ok	False
chr10	81100715	81100716	-	1.4e-10	FDR	220	T	CTTGC	ok	False
chr10	81100779	81100780	-	1.4e-09	FDR	218	T	TCTGG	ok	False
chr10	81101504	81101505	-	9.5e-06	FDR	192	T	TCTGC	ok	False
chr10	81101523	81101524	-	0.038	FDR	190	T	CCTGG	ok	False
chr10	81101529	81101530	-	0.0042	FDR	176	T	CTTCC	ok	False
chr10	81161858	81161859	+	1e-05	FDR	144	A	CCAGG	ok	False
chr10	81161922	81161923	+	0.0012	FDR	150	A	GCAGC	ok	False
chr10	81161957	81161958	+	1.9e-11	FDR	149	A	GGATT	ok	False
chr10	81161964	81161965	+	0.003	FDR	145	A	TAACT	ok	True
chr10	81161979	81161980	+	2.8e-10	FDR	117	A	AGACT	ok	True
chr10	81202737	81202738	-	0.0083	FDR	258	T	CGTGC	ok	False
chr10	81202947	81202948	-	0.00012	FDR	269	T	AGTCA	ok	True
chr10	81202986	81202987	-	1.1e-06	FDR	269	T	GGTCC	ok	True
chr10	84562857	84562858	+	0.0025	FDR	114	A	AAATG	ok	False
chr10	84562950	84562951	+	6e-11	FDR	115	A	AGATC	ok	False
chr10	85774538	85774539	-	0.037	FDR	402	T	GATAC	ok	False
chr10	85774545	85774546	-	7.5e-06	FDR	386	T	TCTGG	ok	False
chr10	85774568	85774569	-	2e-09	FDR	404	T	GATAA	ok	False
chr10	85774583	85774584	-	2.6e-12	FDR	405	T	TCTGG	ok	False
chr10	85774621	85774622	-	8.5e-18	FDR	405	T	TCTGG	ok	False
chr10	85774650	85774651	-	8e-40	FDR	387	T	AGTCA	ok	True
chr10	85774739	85774740	-	1.7e-34	FDR	346	T	CCTGT	ok	False
chr10	85774813	85774814	-	6.3e-15	FDR	401	T	CTTGA	ok	False
chr10	85774839	85774840	-	1.6e-08	FDR	320	T	AGTCC	ok	True
chr10	85774883	85774884	-	2.2e-05	FDR	294	T	TTTAA	ok	False
chr10	86526781	86526782	-	0.0044	FDR	1398	T	ATTCA	ok	False
chr10	86526840	86526841	-	2.3e-137	FDR	1361	T	AATCC	ok	False
chr10	86526896	86526897	-	1.1e-101	FDR	1179	T	AGTCT	ok	True
chr10	86526928	86526929	-	0.018	FDR	1387	T	CATTC	ok	False
chr10	86527597	86527598	-	6.8e-12	FDR	1181	T	TCTGG	ok	False
chr10	86528068	86528069	-	1.7e-46	FDR	868	T	CTTGG	ok	False
chr10	86528075	86528076	-	2.7e-14	FDR	858	T	TCTGG	ok	False
chr10	86529264	86529265	-	6.6e-05	FDR	443	T	TCTGG	ok	False
chr10	88579709	88579710	+	9e-06	FDR	161	A	TGAAT	ok	False
chr10	88579777	88579778	+	0.0036	FDR	101	A	TCAAA	ok	False
chr10	88579779	88579780	+	0.0067	FDR	158	A	AAAAA	ok	False
chr10	88579814	88579815	+	5.6e-05	FDR	165	A	GTAAT	ok	False
chr10	88579846	88579847	+	0.0057	FDR	166	A	AAATG	ok	False
chr10	88582522	88582523	-	1.1e-10	FDR	222	T	CATTA	ok	False
chr10	88582542	88582543	-	0.0033	FDR	227	T	GTTTT	ok	False
chr10	88582562	88582563	-	2.9e-07	FDR	227	T	GGTTG	ok	False
chr10	88582628	88582629	-	1.5e-09	FDR	203	T	AGTCC	ok	True
chr10	88582784	88582785	-	0.0038	FDR	176	T	AGTCT	ok	True
chr10	90952738	90952739	-	0.034	FDR	2114	T	CATTT	ok	False
chr10	90952739	90952740	-	1.2e-05	FDR	2211	T	ATTTC	ok	False
chr10	90952788	90952789	-	1.2e-07	FDR	2206	T	GATCA	ok	False
chr10	90952805	90952806	-	1.3e-07	FDR	2025	T	AGTCC	ok	True
chr10	90952812	90952813	-	5.3e-06	FDR	2197	T	GTTAC	ok	False
chr10	90952820	90952821	-	1.1e-15	FDR	2118	T	GATGT	ok	False
chr10	90952844	90952845	-	0.04	FDR	1951	T	GCTTC	ok	False
chr10	90952898	90952899	-	0.044	FDR	2025	T	AGTAG	ok	False
chr10	90952913	90952914	-	8.1e-06	FDR	1976	T	AGTCG	ok	False
chr10	90954040	90954041	-	0.0039	FDR	832	T	GATCT	ok	False
chr10	93318839	93318840	+	0.0003	FDR	172	A	GCATT	ok	False
chr10	93318895	93318896	+	0.01	FDR	202	A	CAAGG	ok	False
chr10	93318905	93318906	+	0.00012	FDR	199	A	TGAAA	ok	False
chr10	93320545	93320546	+	0.0045	FDR	206	A	AAATC	ok	False
chr10	93320669	93320670	+	0.00021	FDR	204	A	AAATT	ok	False
chr10	95316764	95316765	-	5.8e-06	FDR	681	T	AATTT	ok	False
chr10	95316786	95316787	-	0.014	FDR	613	T	CATGA	ok	False
chr10	95316790	95316791	-	0.00059	FDR	677	T	AGTCG	ok	False
chr10	95326138	95326139	-	0.00095	FDR	639	T	GGTGT	ok	False
chr10	95326214	95326215	-	0.00073	FDR	591	T	GCTTT	ok	False
chr10	105683029	105683030	+	0.015	FDR	99	A	GAAAA	ok	False
chr10	105683044	105683045	+	0.00026	FDR	71	A	GGACA	ok	True
chr10	110774551	110774552	+	0.004	FDR	234	A	CTACA	ok	False
chr10	110774578	110774579	+	0.00037	FDR	251	A	AAATC	ok	False
chr10	110775172	110775173	+	0.0025	FDR	281	A	ACAGA	ok	False
chr10	111329162	111329163	+	0.004	FDR	479	A	CCAGA	ok	False
chr10	111329164	111329165	+	2.3e-06	FDR	486	A	AGATA	ok	False
chr10	111330108	111330109	+	9.3e-55	FDR	872	A	TCAGT	ok	False
chr10	111330687	111330688	+	5.6e-08	FDR	61	A	GTAAT	ok	False
chr10	111330755	111330756	+	5.9e-07	FDR	62	A	GTATT	ok	False
chr10	111331216	111331217	+	2.3e-05	FDR	705	A	CGATC	ok	False
chr10	111332376	111332377	+	8.3e-16	FDR	486	A	TTAGA	ok	False
chr10	111332378	111332379	+	5.8e-05	FDR	536	A	AGAGG	ok	False
chr10	111332388	111332389	+	0.001	FDR	601	A	ACAGG	ok	False
chr10	111332447	111332448	+	1.6e-05	FDR	699	A	TCAAA	ok	False
chr10	111332448	111332449	+	4.3e-06	FDR	707	A	CAAAC	ok	False
chr10	111332559	111332560	+	5.1e-15	FDR	823	A	GTATT	ok	False
chr10	111332568	111332569	+	3.3e-24	FDR	826	A	GTATT	ok	False
chr10	111333659	111333660	+	1.4e-05	FDR	159	A	TTATT	ok	False
chr10	111333671	111333672	+	0.0011	FDR	200	A	TGATT	ok	False
chr10	111333713	111333714	+	1.5e-08	FDR	237	A	TAATC	ok	False
chr10	111333798	111333799	+	0.0004	FDR	273	A	CCAGA	ok	False
chr10	111333898	111333899	+	0.0085	FDR	273	A	TCAGG	ok	False
chr10	116889030	116889031	-	2.3e-19	FDR	1301	T	ACTGC	ok	False
chr10	116891986	116891987	-	8.6e-09	FDR	520	T	GATCA	ok	False
chr10	119038798	119038799	-	1.5e-10	FDR	507	T	TCTGG	ok	False
chr10	119038895	119038896	-	7e-22	FDR	307	T	TGTCC	ok	True
chr10	119039017	119039018	-	2.2e-16	FDR	336	T	TCTGG	ok	False
chr10	119039022	119039023	-	8.4e-05	FDR	329	T	AATGG	ok	False
chr10	119042677	119042678	-	1.4e-08	FDR	215	T	ACTGC	ok	False
chr10	119042683	119042684	-	0.011	FDR	212	T	CTTGG	ok	False
chr10	120063938	120063939	+	0.0019	FDR	258	A	AGAAA	ok	False
chr10	120063978	120063979	+	6.4e-08	FDR	273	A	GTATC	ok	False
chr10	120064008	120064009	+	0.0033	FDR	268	A	TGAAA	ok	False
chr10	120064009	120064010	+	1.3e-05	FDR	275	A	GAAAG	ok	False
chr10	120064025	120064026	+	0.032	FDR	289	A	ATAGC	ok	False
chr10	120064044	120064045	+	7.7e-13	FDR	317	A	CCAAA	ok	False
chr10	120064096	120064097	+	9.6e-08	FDR	329	A	AGATG	ok	False
chr10	120067230	120067231	+	2.4e-10	FDR	449	A	GAAAC	ok	False
chr10	120067286	120067287	+	3.3e-05	FDR	296	A	AGACT	ok	True
chr10	120067292	120067293	+	1.7e-06	FDR	473	A	GCAAG	ok	False
chr10	120067324	120067325	+	1.7e-09	FDR	500	A	TCATC	ok	False
chr10	120067355	120067356	+	8.7e-08	FDR	524	A	GGATC	ok	False
chr10	120067387	120067388	+	3.1e-05	FDR	530	A	ACAGA	ok	False
chr10	120067442	120067443	+	9.5e-21	FDR	535	A	AAATA	ok	False
chr10	120067444	120067445	+	1.8e-23	FDR	513	A	ATACA	ok	False
chr10	120067465	120067466	+	1.5e-07	FDR	534	A	AAAAA	ok	False
chr10	120067466	120067467	+	0.0021	FDR	533	A	AAAAC	ok	False
chr10	120067474	120067475	+	7.2e-07	FDR	534	A	GAAAC	ok	False
chr10	120067475	120067476	+	5.6e-16	FDR	530	A	AAACT	ok	True
chr10	120067506	120067507	+	2e-10	FDR	535	A	TAATT	ok	False
chr10	120067549	120067550	+	0.00068	FDR	505	A	AAATC	ok	False
chr10	126858440	126858441	-	1.9e-09	FDR	218	T	AGTCC	ok	True
chr10	126858551	126858552	-	5.8e-07	FDR	231	T	CGTCC	ok	False
chr10	126858686	126858687	-	9.2e-06	FDR	183	T	TCTGG	ok	False
chr10	126900844	126900845	+	0.0039	FDR	563	A	ACAGC	ok	False
chr10	126900851	126900852	+	0.0029	FDR	577	A	CCAGA	ok	False
chr10	126902071	126902072	+	0.00043	FDR	1184	A	CCAGA	ok	False
chr10	126902972	126902973	+	2.8e-31	FDR	1529	A	GAATC	ok	False
chr10	126903085	126903086	+	1.4e-45	FDR	1530	A	GTATC	ok	False
chr10	126903184	126903185	-	0.00048	FDR	216	T	TTTCC	ok	False
chr10	127114187	127114188	+	0.00044	FDR	179	A	CTATG	ok	False
chr10	127114235	127114236	+	4.1e-06	FDR	229	A	TGATG	ok	False
chr10	127117320	127117321	+	0.049	FDR	326	A	CCAGC	ok	False
chr10	127117704	127117705	+	0.04	FDR	159	A	AGAGG	ok	False
chr10	127117762	127117763	+	0.0031	FDR	157	A	CTATT	ok	False
chr10	127132232	127132233	-	3.7e-11	FDR	718	T	GATCC	ok	False
chr10	127132305	127132306	-	9.6e-21	FDR	709	T	GTTGC	ok	False
chr10	127862993	127862994	+	0.034	FDR	167	A	AAACA	ok	True
chr10	127865062	127865063	+	4.4e-06	FDR	182	A	AGAAG	ok	False
chr10	127865091	127865092	+	0.00069	FDR	199	A	GTATT	ok	False
chr10	127865108	127865109	+	0.0024	FDR	193	A	TGAAA	ok	False
chr10	127865135	127865136	+	0.00012	FDR	215	A	GGAAC	ok	False
chr10	127865136	127865137	+	5.4e-05	FDR	213	A	GAACT	ok	True
chr10	127865638	127865639	+	1.4e-17	FDR	220	A	TTACA	ok	False
chr10	127865640	127865641	+	1.2e-06	FDR	161	A	ACAAA	ok	False
chr10	127865646	127865647	+	2.7e-13	FDR	229	A	AGATT	ok	False
chr10	127865656	127865657	+	1.8e-09	FDR	193	A	AGAAA	ok	False
chr10	127865657	127865658	+	7.4e-07	FDR	230	A	GAAAA	ok	False
chr10	127865658	127865659	+	0.0001	FDR	229	A	AAAAC	ok	False
chr10	127865683	127865684	+	3.9e-25	FDR	230	A	GAATG	ok	False
chr10	127865717	127865718	+	0.018	FDR	232	A	TAAAT	ok	False
chr10	127865745	127865746	+	0.0013	FDR	191	A	CAATC	ok	False
chr10	127882073	127882074	+	1.3e-09	FDR	1036	A	CCAGA	ok	False
chr10	127883960	127883961	+	1.4e-13	FDR	2143	A	AGACT	ok	True
chr10	127883965	127883966	+	1.2e-12	FDR	1616	A	CCAAC	ok	False
chr10	127884117	127884118	+	0.0042	FDR	2164	A	TGATG	ok	False
chr10	127884141	127884142	+	7.3e-104	FDR	2161	A	GGACA	ok	True
chr10	127884143	127884144	+	8.5e-52	FDR	2151	A	ACATA	ok	False
chr10	127884168	127884169	+	1.1e-87	FDR	2192	A	AAACG	ok	False
chr10	127884200	127884201	+	0.044	FDR	1058	A	TGAAA	ok	False
chr10	127884201	127884202	+	2.1e-11	FDR	2093	A	GAAAA	ok	False
chr10	127884202	127884203	+	2.7e-07	FDR	2119	A	AAAAA	ok	False
chr10	127884206	127884207	+	8.7e-209	FDR	2100	A	ACAAC	ok	False
chr10	127884207	127884208	+	1.1e-216	FDR	2163	A	CAACA	ok	False
chr10	127884216	127884217	+	1.3e-40	FDR	1835	A	TGATA	ok	False
chr10	127884218	127884219	+	4.6e-63	FDR	2164	A	ATATT	ok	False
chr10	127884224	127884225	+	8.8e-256	FDR	2184	A	TAAAT	ok	False
chr10	127884225	127884226	+	3.8e-138	FDR	2182	A	AAATG	ok	False
chr10	127884230	127884231	+	6.3e-135	FDR	2076	A	CTATT	ok	False
chr10	127884233	127884234	+	1.2e-25	FDR	2162	A	TTATG	ok	False
chr10	127884369	127884370	+	3.2e-72	FDR	2146	A	ACAAT	ok	False
chr10	127884370	127884371	+	2.9e-51	FDR	2171	A	CAATG	ok	False
chr10	127884378	127884379	+	2.1e-28	FDR	2152	A	CTATT	ok	False
chr10	127884383	127884384	+	6e-08	FDR	2177	A	TGACA	ok	True
chr10	127884394	127884395	+	3.2e-93	FDR	2030	A	ACAAC	ok	False
chr10	127884395	127884396	+	2e-29	FDR	1924	A	CAACT	ok	False
chr10	127884458	127884459	+	0.025	FDR	1748	A	GTACT	ok	False
chr10	127912241	127912242	+	0.0043	FDR	320	A	CTAGG	ok	False
chr10	127924192	127924193	+	0.0001	FDR	910	A	CTATC	ok	False
chr10	127925920	127925921	+	6.7e-12	FDR	3420	A	CTACA	ok	False
chr10	127925959	127925960	+	4.4e-40	FDR	4433	A	TGATA	ok	False
chr10	127926019	127926020	+	9.1e-09	FDR	4376	A	TGATC	ok	False
chr10	128159514	128159515	+	2.3e-07	FDR	216	A	CCATT	ok	False
chr10	128161957	128161958	+	7e-06	FDR	239	A	CCACC	ok	False
chr10	128162017	128162018	+	0.0031	FDR	303	A	TGACC	ok	True
chr10	128162062	128162063	+	1.6e-06	FDR	355	A	GAATG	ok	False
chr10	128162069	128162070	+	7.9e-14	FDR	359	A	GAATC	ok	False
chr10	128162094	128162095	+	4.1e-14	FDR	361	A	GCATC	ok	False
chr10	128162100	128162101	+	0.00054	FDR	363	A	GAATT	ok	False
chr10	128162108	128162109	+	0.024	FDR	369	A	TCAGA	ok	False
chr10	128162476	128162477	+	0.0018	FDR	427	A	TGAGC	ok	False
chr10	128162486	128162487	+	6.1e-10	FDR	432	A	GAATT	ok	False
chr10	128162506	128162507	+	5.1e-09	FDR	433	A	TGACA	ok	True
chr10	128162508	128162509	+	6.3e-16	FDR	424	A	ACAAC	ok	False
chr10	128162509	128162510	+	1.1e-08	FDR	427	A	CAACG	ok	False
chr10	128162514	128162515	+	8e-13	FDR	419	A	TTAAA	ok	False
chr10	128162520	128162521	+	6e-09	FDR	435	A	ACAAA	ok	False
chr10	128162911	128162912	+	6e-08	FDR	437	A	AGATC	ok	False
chr10	128162916	128162917	+	0.0027	FDR	427	A	TCACG	ok	False
chr10	128162926	128162927	+	8.1e-15	FDR	414	A	CTATG	ok	False
chr10	128162930	128162931	+	7.7e-12	FDR	434	A	GAATC	ok	False
chr10	128162994	128162995	+	1.9e-19	FDR	428	A	GCATT	ok	False
chr10	128163004	128163005	+	0.0018	FDR	359	A	TTATA	ok	False
chr10	128163006	128163007	+	0.0024	FDR	411	A	ATATT	ok	False
chr10	128163023	128163024	+	6.9e-06	FDR	431	A	AAATG	ok	False
chr10	128163036	128163037	+	1.9e-08	FDR	373	A	AAAAC	ok	False
chr10	128163037	128163038	+	2.2e-08	FDR	361	A	AAACT	ok	True
chr10	128195861	128195862	+	0.0021	FDR	199	A	CTATT	ok	False
chr10	128196020	128196021	+	0.0014	FDR	254	A	CCAGG	ok	False
chr10	128196990	128196991	+	5.2e-23	FDR	223	A	GGACT	ok	True
chr10	128198005	128198006	+	2.1e-10	FDR	207	A	TCATC	ok	False
chr10	128198078	128198079	+	0.0033	FDR	297	A	ACAGC	ok	False
chr10	128198186	128198187	+	2.8e-05	FDR	383	A	TCATC	ok	False
chr10	128326747	128326748	-	7.2e-54	FDR	1089	T	AATTT	ok	False
chr10	128327932	128327933	-	1.3e-07	FDR	1275	T	CATAG	ok	False
chr10	128328198	128328199	-	1.4e-38	FDR	1225	T	CCTGG	ok	False
chr10	128328264	128328265	-	6.7e-18	FDR	1136	T	CATTC	ok	False
chr10	128328557	128328558	-	3.1e-13	FDR	951	T	GCTGT	ok	False
chr10	128329415	128329416	-	3.6e-07	FDR	645	T	TCTGG	ok	False
chr10	128329699	128329700	-	0.0013	FDR	481	T	GCTGG	ok	False
chr10	128330205	128330206	-	1.9e-05	FDR	86	T	CCTGG	ok	False
chr10	128330256	128330257	-	0.042	FDR	77	T	TCTGG	ok	False
chr10	128330280	128330281	-	0.049	FDR	80	T	TCTCA	ok	False
chr10	128379470	128379471	-	0.013	FDR	52	T	AGTAG	ok	False
chr10	128384915	128384916	-	0.019	FDR	570	T	GATTG	ok	False
chr10	128460496	128460497	-	2.4e-61	FDR	3999	T	GGTGC	ok	False
chr10	128462349	128462350	-	1.6e-14	FDR	195	T	CTTGG	ok	False
chr10	128513069	128513070	-	1.4e-06	FDR	104	T	ATTAA	ok	False
chr10	128513098	128513099	-	1.4e-07	FDR	107	T	ATTCT	ok	False
chr10	128513115	128513116	-	0.017	FDR	90	T	GTTAT	ok	False
chr10	128755871	128755872	-	1.8e-05	FDR	127	T	GATGG	ok	False
chr11	3200095	3200096	-	2.6e-11	FDR	580	T	AATAC	ok	False
chr11	3200150	3200151	-	1.8e-15	FDR	496	T	AGTCT	ok	True
chr11	3202180	3202181	-	0.00031	FDR	169	T	GATTT	ok	False
chr11	3202225	3202226	-	5.1e-05	FDR	241	T	AATAA	ok	False
chr11	3467089	3467090	+	0.029	FDR	103	A	TCAGG	ok	False
chr11	3467306	3467307	+	0.016	FDR	110	A	CAATC	ok	False
chr11	4130260	4130261	+	1.5e-06	FDR	286	A	ATATC	ok	False
chr11	4130320	4130321	+	2e-05	FDR	346	A	CCAGG	ok	False
chr11	4130336	4130337	+	7.1e-07	FDR	336	A	GGACA	ok	True
chr11	4130425	4130426	+	8.9e-06	FDR	394	A	CCAGG	ok	False
chr11	4130457	4130458	+	7e-15	FDR	326	A	GGACT	ok	True
chr11	4652031	4652032	-	2.6e-136	FDR	1969	T	AGTCT	ok	True
chr11	4652108	4652109	-	2.1e-12	FDR	2107	T	GCTGA	ok	False
chr11	4652183	4652184	-	1.7e-59	FDR	2096	T	CTTGT	ok	False
chr11	4653944	4653945	-	4.1e-05	FDR	172	T	GATGT	ok	False
chr11	4687337	4687338	+	1.6e-06	FDR	167	A	GAACC	ok	True
chr11	4687367	4687368	+	1.7e-12	FDR	190	A	CCAGT	ok	False
chr11	4687387	4687388	+	3e-08	FDR	198	A	GCAGG	ok	False
chr11	4687539	4687540	+	1.5e-06	FDR	167	A	GCAGA	ok	False
chr11	4687635	4687636	+	0.0021	FDR	160	A	AAACA	ok	True
chr11	4715892	4715893	-	9.1e-05	FDR	161	T	AATCA	ok	False
chr11	4716143	4716144	-	0.00012	FDR	95	T	AGTAT	ok	False
chr11	5475745	5475746	+	2.5e-07	FDR	98	A	GCATT	ok	False
chr11	5475796	5475797	+	0.017	FDR	76	A	GTAAA	ok	False
chr11	5654359	5654360	-	0.0067	FDR	465	T	CTTGG	ok	False
chr11	5654392	5654393	-	1.3e-23	FDR	422	T	CATTT	ok	False
chr11	5654430	5654431	-	1e-43	FDR	467	T	ACTGG	ok	False
chr11	5654455	5654456	-	1.4e-18	FDR	411	T	TGTAC	ok	False
chr11	5654461	5654462	-	1.5e-34	FDR	437	T	TGTAC	ok	False
chr11	5654531	5654532	-	7.3e-36	FDR	410	T	AGTCT	ok	True
chr11	5654554	5654555	-	0.0002	FDR	399	T	AGTAG	ok	False
chr11	5654565	5654566	-	7.2e-22	FDR	453	T	TGTGC	ok	False
chr11	5654575	5654576	-	2.9e-05	FDR	452	T	GCTGC	ok	False
chr11	5654630	5654631	-	6.9e-14	FDR	415	T	AATCT	ok	False
chr11	5654663	5654664	-	0.0082	FDR	340	T	CATCA	ok	False
chr11	5654722	5654723	-	4.7e-06	FDR	311	T	CATCC	ok	False
chr11	5657328	5657329	-	7.3e-23	FDR	219	T	TGTGC	ok	False
chr11	5657380	5657381	-	0.014	FDR	229	T	CCTTG	ok	False
chr11	5657508	5657509	-	1.5e-09	FDR	190	T	TGTGC	ok	False
chr11	5657542	5657543	-	1.6e-13	FDR	223	T	GCTGC	ok	False
chr11	5657627	5657628	-	4.2e-09	FDR	184	T	GCTGC	ok	False
chr11	5657632	5657633	-	7.9e-09	FDR	154	T	CCTAG	ok	False
chr11	5822207	5822208	-	6.9e-05	FDR	220	T	TATTT	ok	False
chr11	5822290	5822291	-	0.0044	FDR	328	T	TCTTG	ok	False
chr11	5822699	5822700	-	0.00026	FDR	258	T	GGTGT	ok	False
chr11	5823055	5823056	-	0.00038	FDR	168	T	TGTGA	ok	False
chr11	5917539	5917540	+	0.0077	FDR	118	A	GTACT	ok	False
chr11	5917565	5917566	+	0.00084	FDR	123	A	GCAGT	ok	False
chr11	5917602	5917603	+	0.0096	FDR	96	A	ACATA	ok	False
chr11	5917615	5917616	+	0.0015	FDR	122	A	CTACA	ok	False
chr11	5917651	5917652	+	3.6e-06	FDR	124	A	CCAGT	ok	False
chr11	5917690	5917691	+	0.045	FDR	101	A	TCACT	ok	False
chr11	5917705	5917706	+	5.3e-05	FDR	124	A	GTATT	ok	False
chr11	5917710	5917711	+	0.00035	FDR	123	A	TTAAT	ok	False
chr11	5917714	5917715	+	8e-09	FDR	124	A	TGATG	ok	False
chr11	6209051	6209052	-	2.1e-12	FDR	358	T	TGTCC	ok	True
chr11	6209081	6209082	-	2.3e-14	FDR	371	T	TGTCC	ok	True
chr11	6209161	6209162	-	1.3e-28	FDR	306	T	TGTCC	ok	True
chr11	6211647	6211648	-	8e-12	FDR	234	T	GCTTC	ok	False
chr11	6211648	6211649	-	5.2e-05	FDR	240	T	CTTCA	ok	False
chr11	6212481	6212482	-	0.0036	FDR	150	T	GCTCC	ok	False
chr11	6306161	6306162	+	0.00064	FDR	155	A	TGAAT	ok	False
chr11	6306190	6306191	+	2.4e-09	FDR	157	A	GGACT	ok	True
chr11	6306221	6306222	+	0.02	FDR	196	A	CTACC	ok	False
chr11	6369629	6369630	+	0.0009	FDR	1348	A	GCATT	ok	False
chr11	6369691	6369692	+	2.1e-28	FDR	1348	A	GCAAT	ok	False
chr11	6378153	6378154	-	3.9e-07	FDR	849	T	TTTTA	ok	False
chr11	6378426	6378427	-	2.2e-11	FDR	820	T	GATCA	ok	False
chr11	6379127	6379128	-	0.0063	FDR	749	T	AATCC	ok	False
chr11	6475641	6475642	-	0.00026	FDR	104	T	AGTAC	ok	False
chr11	9085252	9085253	+	0.049	FDR	1403	A	GAAAT	ok	False
chr11	9086011	9086012	+	0.00081	FDR	1465	A	CAACA	ok	False
chr11	17153215	17153216	-	0.00038	FDR	176	T	AATTT	ok	False
chr11	17153274	17153275	-	0.00013	FDR	172	T	TGTAG	ok	False
chr11	17153286	17153287	-	0.00034	FDR	214	T	GTTAC	ok	False
chr11	17153384	17153385	-	0.00018	FDR	234	T	CTTGG	ok	False
chr11	17153450	17153451	-	4.3e-08	FDR	269	T	TTTGA	ok	False
chr11	17153478	17153479	-	2.2e-11	FDR	279	T	GATGC	ok	False
chr11	17216974	17216975	+	4.8e-07	FDR	154	A	AAATG	ok	False
chr11	17216986	17216987	+	0.032	FDR	157	A	ATATT	ok	False
chr11	17217001	17217002	+	0.002	FDR	162	A	CTATC	ok	False
chr11	17217043	17217044	+	1.9e-05	FDR	170	A	TGATG	ok	False
chr11	17217109	17217110	+	0.0028	FDR	165	A	TGATT	ok	False
chr11	17217163	17217164	+	0.0076	FDR	165	A	AAACC	ok	True
chr11	20012617	20012618	-	0.049	FDR	366	T	CCTGG	ok	False
chr11	20012763	20012764	-	0.024	FDR	280	T	AATTA	ok	False
chr11	20012813	20012814	-	0.00057	FDR	270	T	CTTTC	ok	False
chr11	20012917	20012918	-	0.00063	FDR	212	T	AGTCC	ok	True
chr11	22849866	22849867	-	0.00011	FDR	246	T	AGTCT	ok	True
chr11	22849991	22849992	-	0.0029	FDR	243	T	TCTGA	ok	False
chr11	22906487	22906488	-	0.003	FDR	193	T	CTTGC	ok	False
chr11	22950916	22950917	+	0.00046	FDR	497	A	TAAGG	ok	False
chr11	22951588	22951589	+	8.9e-09	FDR	798	A	ACAGT	ok	False
chr11	23245985	23245986	+	0.00051	FDR	601	A	GGATC	ok	False
chr11	23246083	23246084	+	4.2e-05	FDR	634	A	AAATT	ok	False
chr11	23246113	23246114	+	2.3e-07	FDR	618	A	TGAAG	ok	False
chr11	23246114	23246115	+	6.7e-05	FDR	630	A	GAAGT	ok	False
chr11	23246187	23246188	+	0.0025	FDR	488	A	CCAAA	ok	False
chr11	23246198	23246199	+	0.0089	FDR	635	A	CCAAT	ok	False
chr11	23246218	23246219	+	4.9e-07	FDR	562	A	TCACC	ok	False
chr11	23246592	23246593	+	1.4e-05	FDR	225	A	GAATT	ok	False
chr11	29496010	29496011	-	3.7e-10	FDR	1363	T	AATTT	ok	False
chr11	30829965	30829966	+	0.00017	FDR	257	A	GAACG	ok	False
chr11	33102624	33102625	-	3.7e-233	FDR	8680	T	AGTAA	ok	False
chr11	33102662	33102663	-	0	FDR	8157	T	CATTT	ok	False
chr11	33102663	33102664	-	2.7e-72	FDR	9162	T	ATTTT	ok	False
chr11	33102676	33102677	-	1e-119	FDR	9176	T	CATTC	ok	False
chr11	33102687	33102688	-	5.7e-44	FDR	6759	T	AGTGA	ok	False
chr11	33102702	33102703	-	6.7e-62	FDR	6942	T	CATTT	ok	False
chr11	33102703	33102704	-	0	FDR	9159	T	ATTTA	ok	False
chr11	33102725	33102726	-	4e-101	FDR	8757	T	AGTTC	ok	True
chr11	33102787	33102788	-	0	FDR	7628	T	AATAT	ok	False
chr11	33104961	33104962	-	4.6e-05	FDR	1057	T	GATAC	ok	False
chr11	33105068	33105069	-	2.3e-19	FDR	1087	T	GATTG	ok	False
chr11	33105096	33105097	-	1e-27	FDR	1085	T	GATGG	ok	False
chr11	33105126	33105127	-	0.00017	FDR	1082	T	TCTGG	ok	False
chr11	35699238	35699239	-	0.016	FDR	395	T	TGTGC	ok	False
chr11	35699989	35699990	-	2.7e-05	FDR	386	T	CGTAA	ok	False
chr11	35700110	35700111	-	3.1e-05	FDR	357	T	GGTTT	ok	True
chr11	40592364	40592365	-	0.0022	FDR	164	T	AATTG	ok	False
chr11	40592386	40592387	-	1.6e-05	FDR	167	T	GATCT	ok	False
chr11	40592422	40592423	-	7.7e-05	FDR	151	T	AGTGT	ok	False
chr11	40592495	40592496	-	0.0043	FDR	136	T	GGTTA	ok	True
chr11	40630445	40630446	+	0.0044	FDR	316	A	GTAAG	ok	False
chr11	40630496	40630497	+	0.016	FDR	314	A	ACAGA	ok	False
chr11	40630557	40630558	+	0.00021	FDR	329	A	TTAAT	ok	False
chr11	40630618	40630619	+	2.8e-05	FDR	355	A	TGATA	ok	False
chr11	40630643	40630644	+	1.1e-09	FDR	344	A	TTAAT	ok	False
chr11	40630748	40630749	+	3.1e-07	FDR	355	A	GCATC	ok	False
chr11	40639515	40639516	-	0.00058	FDR	197	T	AGTGT	ok	False
chr11	40639590	40639591	-	2.7e-05	FDR	169	T	AATTT	ok	False
chr11	40639695	40639696	-	1.2e-08	FDR	187	T	CATTC	ok	False
chr11	48691366	48691367	+	0.022	FDR	1125	A	GCAGT	ok	False
chr11	48692491	48692492	+	2.4e-06	FDR	1198	A	ACAAG	ok	False
chr11	48693196	48693197	+	3.1e-27	FDR	3132	A	ACAAG	ok	False
chr11	48693197	48693198	+	2e-17	FDR	3198	A	CAAGA	ok	False
chr11	48695055	48695056	+	1.7e-207	FDR	8393	A	CAATG	ok	False
chr11	48695082	48695083	+	1.5e-179	FDR	7960	A	CTACT	ok	False
chr11	48696372	48696373	+	0	FDR	9413	A	GGACT	ok	True
chr11	48696399	48696400	+	1.7e-67	FDR	9959	A	TGAAT	ok	False
chr11	48696400	48696401	+	4.7e-88	FDR	10091	A	GAATT	ok	False
chr11	48696416	48696417	+	1.9e-86	FDR	10099	A	TTATC	ok	False
chr11	48696474	48696475	+	1.6e-169	FDR	10121	A	TGATG	ok	False
chr11	48696828	48696829	+	1.5e-08	FDR	10051	A	AGACA	ok	True
chr11	48696863	48696864	+	9.8e-172	FDR	9878	A	GTACC	ok	False
chr11	48696895	48696896	+	3e-17	FDR	9972	A	GAAAT	ok	False
chr11	48696896	48696897	+	4.1e-86	FDR	9873	A	AAATA	ok	False
chr11	51491089	51491090	-	0.0012	FDR	314	T	GATAC	ok	False
chr11	51491340	51491341	-	0.018	FDR	214	T	GCTAC	ok	False
chr11	51491735	51491736	-	9e-16	FDR	2931	T	GATAG	ok	False
chr11	51491746	51491747	-	1.8e-22	FDR	2832	T	TATCC	ok	False
chr11	51491773	51491774	-	0.037	FDR	2614	T	CGTGT	ok	False
chr11	51491775	51491776	-	1.9e-27	FDR	2618	T	TGTAA	ok	False
chr11	51491795	51491796	-	1.7e-145	FDR	2939	T	ATTAG	ok	False
chr11	51491799	51491800	-	2.6e-61	FDR	2940	T	GATTC	ok	False
chr11	51491800	51491801	-	6.3e-07	FDR	2944	T	ATTCC	ok	False
chr11	51491820	51491821	-	1.5e-30	FDR	2879	T	AGTAC	ok	False
chr11	51491842	51491843	-	1.3e-17	FDR	2870	T	CATTA	ok	False
chr11	51491843	51491844	-	1.5e-11	FDR	2930	T	ATTAC	ok	False
chr11	51491868	51491869	-	0.0035	FDR	2655	T	AATAT	ok	False
chr11	51491883	51491884	-	2.8e-17	FDR	2218	T	GGTGA	ok	False
chr11	51491892	51491893	-	3.2e-17	FDR	1886	T	GGTGA	ok	False
chr11	51491901	51491902	-	5.1e-22	FDR	3020	T	GGTTT	ok	True
chr11	51491902	51491903	-	6.2e-19	FDR	3041	T	GTTTC	ok	False
chr11	51491911	51491912	-	1e-17	FDR	3050	T	GATAC	ok	False
chr11	51491916	51491917	-	0.01	FDR	1855	T	AGTTT	ok	True
chr11	51492013	51492014	-	2e-30	FDR	2405	T	AATCA	ok	False
chr11	51492073	51492074	-	1.2e-64	FDR	2063	T	TCTGG	ok	False
chr11	51492078	51492079	-	4.6e-15	FDR	1876	T	AATAG	ok	False
chr11	51492109	51492110	-	0.043	FDR	1581	T	AATTT	ok	False
chr11	51493428	51493429	-	0.00061	FDR	707	T	ACTGC	ok	False
chr11	51493484	51493485	-	0.0074	FDR	625	T	GCTGA	ok	False
chr11	51493512	51493513	-	0.0016	FDR	602	T	CTTGA	ok	False
chr11	51495237	51495238	-	0.03	FDR	567	T	ACTGA	ok	False
chr11	51495286	51495287	-	0.0049	FDR	386	T	TCTTT	ok	False
chr11	51495287	51495288	-	0.00087	FDR	409	T	CTTTA	ok	False
chr11	51495292	51495293	-	0.013	FDR	298	T	AATGT	ok	False
chr11	51510641	51510642	+	0.022	FDR	491	A	CTAAG	ok	False
chr11	51510779	51510780	+	1.7e-08	FDR	909	A	GCAAG	ok	False
chr11	51513382	51513383	+	3.5e-69	FDR	1708	A	CCAGA	ok	False
chr11	51513985	51513986	+	8.3e-08	FDR	2021	A	ATATC	ok	False
chr11	51514021	51514022	+	1.1e-06	FDR	2240	A	GCAGG	ok	False
chr11	51514034	51514035	+	5.8e-232	FDR	2116	A	ACACC	ok	False
chr11	51514047	51514048	+	1.4e-268	FDR	1987	A	AGACT	ok	True
chr11	51514228	51514229	+	3.4e-70	FDR	2239	A	GAATG	ok	False
chr11	51534122	51534123	-	3.7e-09	FDR	89	T	GGTCA	ok	True
chr11	51534194	51534195	-	0.0088	FDR	83	T	TTTAC	ok	False
chr11	51867716	51867717	+	2.5e-07	FDR	160	A	GGACT	ok	True
chr11	51867748	51867749	+	1.5e-14	FDR	211	A	AAAGA	ok	False
chr11	51867750	51867751	+	2.5e-11	FDR	184	A	AGACA	ok	True
chr11	51867921	51867922	+	0.00023	FDR	267	A	GGACA	ok	True
chr11	51867968	51867969	+	6.1e-10	FDR	281	A	GCAAG	ok	False
chr11	51867977	51867978	+	6e-21	FDR	257	A	TGACT	ok	True
chr11	51868028	51868029	+	2e-06	FDR	292	A	TCAGA	ok	False
chr11	51868067	51868068	+	0.0079	FDR	286	A	AGACT	ok	True
chr11	52012990	52012991	+	0.011	FDR	280	A	TGAAC	ok	False
chr11	52013015	52013016	+	0.002	FDR	293	A	CGACA	ok	False
chr11	52013530	52013531	+	0.0092	FDR	315	A	CCAGG	ok	False
chr11	52014024	52014025	+	8.6e-06	FDR	149	A	CCAGG	ok	False
chr11	52014108	52014109	+	0.01	FDR	148	A	ACAGT	ok	False
chr11	52134560	52134561	+	0.022	FDR	318	A	CAAGG	ok	False
chr11	52135812	52135813	+	0.00022	FDR	290	A	GCAAA	ok	False
chr11	52135912	52135913	+	0.045	FDR	471	A	ATATC	ok	False
chr11	52135918	52135919	+	0.0044	FDR	498	A	AAAAT	ok	False
chr11	52136813	52136814	+	5.8e-06	FDR	546	A	GTACG	ok	False
chr11	52136841	52136842	+	2.2e-08	FDR	568	A	AGAAG	ok	False
chr11	52136842	52136843	+	2.5e-12	FDR	570	A	GAAGT	ok	False
chr11	52136846	52136847	+	2.8e-07	FDR	547	A	TGAAC	ok	False
chr11	52136847	52136848	+	6.1e-05	FDR	569	A	GAACT	ok	True
chr11	52136867	52136868	+	0.0068	FDR	520	A	GTAAC	ok	False
chr11	52136889	52136890	+	3.5e-15	FDR	584	A	AAATG	ok	False
chr11	52136943	52136944	+	3.6e-26	FDR	663	A	AAACA	ok	True
chr11	52136945	52136946	+	1.6e-11	FDR	659	A	ACATC	ok	False
chr11	52279684	52279685	+	9.8e-06	FDR	339	A	GAACC	ok	True
chr11	52279698	52279699	+	1.7e-06	FDR	346	A	AGATC	ok	False
chr11	52279721	52279722	+	0.00033	FDR	249	A	GTACA	ok	False
chr11	52279762	52279763	+	8.4e-07	FDR	411	A	ACACC	ok	False
chr11	52279897	52279898	+	0.00035	FDR	764	A	CCAGT	ok	False
chr11	52280170	52280171	+	1.4e-18	FDR	887	A	AAATG	ok	False
chr11	53150711	53150712	-	0.0026	FDR	259	T	TGTAA	ok	False
chr11	53150825	53150826	-	2e-12	FDR	275	T	AATCG	ok	False
chr11	53151016	53151017	-	0.0057	FDR	208	T	GCTCT	ok	False
chr11	53152448	53152449	-	1.3e-46	FDR	1120	T	TGTCC	ok	True
chr11	53152514	53152515	-	1.4e-10	FDR	1514	T	CCTGG	ok	False
chr11	53153794	53153795	-	1.9e-10	FDR	683	T	CCTGG	ok	False
chr11	53153815	53153816	-	2.5e-06	FDR	570	T	GTTGA	ok	False
chr11	53155876	53155877	-	2e-10	FDR	419	T	ATTTG	ok	False
chr11	53223721	53223722	+	6e-14	FDR	131	A	AGATC	ok	False
chr11	53223737	53223738	+	9.4e-11	FDR	125	A	GGACT	ok	True
chr11	53223789	53223790	+	0.0067	FDR	178	A	TAAAT	ok	False
chr11	53223955	53223956	+	4.2e-12	FDR	174	A	TCAAG	ok	False
chr11	53321530	53321531	-	9.8e-40	FDR	1246	T	CCTGG	ok	False
chr11	54608391	54608392	-	0.0083	FDR	144	T	TATGC	ok	False
chr11	54757333	54757334	+	0.031	FDR	568	A	CCAAG	ok	False
chr11	54757334	54757335	+	0.012	FDR	581	A	CAAGG	ok	False
chr11	54760748	54760749	+	0.00055	FDR	775	A	AGATT	ok	False
chr11	55337530	55337531	-	6.3e-05	FDR	654	T	TCTGG	ok	False
chr11	55345727	55345728	-	2.8e-34	FDR	476	T	TCTGG	ok	False
chr11	55390593	55390594	+	6.3e-08	FDR	198	A	TAAAC	ok	False
chr11	55390702	55390703	+	6.4e-10	FDR	466	A	TGATA	ok	False
chr11	55390740	55390741	+	0.039	FDR	538	A	TGACC	ok	True
chr11	55390761	55390762	+	7.1e-08	FDR	519	A	GTATA	ok	False
chr11	55390767	55390768	+	4.7e-20	FDR	530	A	AGACT	ok	True
chr11	55390772	55390773	+	4.7e-32	FDR	463	A	GGACT	ok	True
chr11	55390855	55390856	+	1.5e-09	FDR	531	A	ATAAA	ok	False
chr11	55390856	55390857	+	7.8e-28	FDR	622	A	TAAAC	ok	False
chr11	55390857	55390858	+	1.5e-07	FDR	643	A	AAACA	ok	True
chr11	55391082	55391083	+	7.4e-34	FDR	513	A	GGACT	ok	True
chr11	55391145	55391146	+	8e-22	FDR	687	A	GTATT	ok	False
chr11	55391191	55391192	+	1.1e-21	FDR	669	A	GGACA	ok	True
chr11	55391207	55391208	+	3.6e-08	FDR	747	A	CAAGA	ok	False
chr11	57698944	57698945	+	0.00042	FDR	103	A	GCAGA	ok	False
chr11	57700785	57700786	+	7.8e-05	FDR	112	A	TCAGG	ok	False
chr11	57700791	57700792	+	5.6e-07	FDR	105	A	ACATA	ok	False
chr11	57700793	57700794	+	5.2e-06	FDR	114	A	ATACC	ok	False
chr11	57700800	57700801	+	7.8e-05	FDR	117	A	TGAAT	ok	False
chr11	57700801	57700802	+	2.7e-06	FDR	121	A	GAATG	ok	False
chr11	57700854	57700855	+	5.5e-05	FDR	126	A	GCAGA	ok	False
chr11	57700899	57700900	+	0.02	FDR	98	A	CTACA	ok	False
chr11	57700905	57700906	+	0.0071	FDR	116	A	CCACC	ok	False
chr11	57700940	57700941	+	0.0022	FDR	107	A	GGACA	ok	True
chr11	57700995	57700996	+	5.9e-10	FDR	103	A	GGACT	ok	True
chr11	58012151	58012152	-	1.5e-05	FDR	191	T	GGTGG	ok	False
chr11	58068093	58068094	+	0.0041	FDR	139	A	TCAGA	ok	False
chr11	58070362	58070363	+	4.1e-06	FDR	186	A	TTATT	ok	False
chr11	59710867	59710868	-	2.2e-07	FDR	277	T	TATAC	ok	False
chr11	59710892	59710893	-	5.1e-10	FDR	259	T	ACTGA	ok	False
chr11	59710898	59710899	-	0.035	FDR	256	T	CATTC	ok	False
chr11	60359242	60359243	+	0.014	FDR	158	A	TTAGT	ok	False
chr11	60359390	60359391	+	0.014	FDR	198	A	CCAGG	ok	False
chr11	60359412	60359413	+	0.012	FDR	199	A	TAAAG	ok	False
chr11	60359413	60359414	+	0.021	FDR	199	A	AAAGT	ok	False
chr11	60359429	60359430	+	0.00016	FDR	199	A	GGAGC	ok	False
chr11	60359522	60359523	+	0.0084	FDR	193	A	GAAAT	ok	False
chr11	62158213	62158214	-	1.7e-07	FDR	100	T	AGTCA	ok	True
chr11	62415820	62415821	-	0.0085	FDR	113	T	GGTAG	ok	False
chr11	62415927	62415928	-	0.03	FDR	156	T	GGTAG	ok	False
chr11	62416011	62416012	-	0.0024	FDR	154	T	GATGG	ok	False
chr11	62443069	62443070	+	0.019	FDR	464	A	AAAGA	ok	False
chr11	62443116	62443117	+	0.00021	FDR	562	A	GCAGC	ok	False
chr11	62443151	62443152	+	2.8e-05	FDR	544	A	ACATC	ok	False
chr11	62443205	62443206	+	0.0028	FDR	805	A	AGATC	ok	False
chr11	62494073	62494074	+	0.00022	FDR	248	A	ACAAC	ok	False
chr11	62494453	62494454	+	0.00029	FDR	274	A	ACAGC	ok	False
chr11	62495241	62495242	+	0.0059	FDR	317	A	TCAAG	ok	False
chr11	62495491	62495492	+	8.2e-09	FDR	328	A	CCAGA	ok	False
chr11	62495518	62495519	+	0.015	FDR	277	A	GCAAA	ok	False
chr11	65579299	65579300	-	3.9e-07	FDR	80	T	AATAT	ok	False
chr11	68792445	68792446	+	0.00052	FDR	1208	A	GCAGC	ok	False
chr11	68793097	68793098	+	0.015	FDR	2176	A	CCAAA	ok	False
chr11	68794083	68794084	+	6.1e-07	FDR	6075	A	CGAAC	ok	False
chr11	68794084	68794085	+	3.5e-25	FDR	6198	A	GAACG	ok	False
chr11	68795196	68795197	+	1.6e-146	FDR	6223	A	TTATC	ok	False
chr11	68795284	68795285	+	0.00037	FDR	5948	A	ATACA	ok	False
chr11	68863334	68863335	-	6.8e-05	FDR	360	T	TATTT	ok	False
chr11	68863335	68863336	-	0.00016	FDR	427	T	ATTTC	ok	False
chr11	68863351	68863352	-	0.025	FDR	428	T	TGTCT	ok	True
chr11	68863364	68863365	-	3.6e-08	FDR	427	T	CATCC	ok	False
chr11	68863415	68863416	-	1.9e-19	FDR	390	T	AGTCC	ok	True
chr11	68863429	68863430	-	0.0016	FDR	415	T	CGTTG	ok	False
chr11	68863481	68863482	-	4.3e-12	FDR	427	T	AGTCA	ok	True
chr11	68863490	68863491	-	5.2e-05	FDR	414	T	AGTTA	ok	True
chr11	68863500	68863501	-	5.9e-07	FDR	420	T	TGTTC	ok	True
chr11	68863507	68863508	-	7.4e-14	FDR	425	T	AGTTA	ok	True
chr11	68863508	68863509	-	3.7e-06	FDR	428	T	GTTAC	ok	False
chr11	68863784	68863785	-	3.4e-05	FDR	344	T	GGTGA	ok	False
chr11	68863843	68863844	-	0.00015	FDR	382	T	CATCC	ok	False
chr11	68864284	68864285	-	9.3e-05	FDR	202	T	CCTGC	ok	False
chr11	69286691	69286692	+	0.0056	FDR	160	A	TTAAG	ok	False
chr11	69286749	69286750	+	6e-06	FDR	163	A	CGAGA	ok	False
chr11	69286783	69286784	+	1.1e-13	FDR	203	A	GCAGC	ok	False
chr11	69287055	69287056	+	5.6e-12	FDR	253	A	CTAGA	ok	False
chr11	69287450	69287451	+	0.02	FDR	305	A	GTATC	ok	False
chr11	69557790	69557791	-	2.6e-05	FDR	3069	T	AATTT	ok	False
chr11	69557833	69557834	-	8.6e-09	FDR	2025	T	AATGT	ok	False
chr11	69557852	69557853	-	6.2e-37	FDR	3306	T	TTTTC	ok	False
chr11	69557853	69557854	-	2.3e-17	FDR	3218	T	TTTCT	ok	False
chr11	69557885	69557886	-	2e-09	FDR	3183	T	ATTCC	ok	False
chr11	69557909	69557910	-	0.0031	FDR	3368	T	GGTTC	ok	True
chr11	69557952	69557953	-	7.8e-05	FDR	3363	T	TTTTT	ok	False
chr11	69558104	69558105	-	3.3e-07	FDR	2469	T	AATGT	ok	False
chr11	69558202	69558203	-	1.3e-18	FDR	3816	T	TGTCC	ok	True
chr11	69558596	69558597	-	0.004	FDR	2202	T	TCTGG	ok	False
chr11	69625008	69625009	-	0.0065	FDR	827	T	ACTGG	ok	False
chr11	69625045	69625046	-	0.0092	FDR	683	T	AGTCC	ok	True
chr11	69625252	69625253	-	6.4e-06	FDR	483	T	GCTGT	ok	False
chr11	69625259	69625260	-	0.0011	FDR	484	T	TCTGG	ok	False
chr11	69625342	69625343	-	2.7e-09	FDR	329	T	CTTGG	ok	False
chr11	69729422	69729423	+	0.023	FDR	181	A	CTAGG	ok	False
chr11	69730028	69730029	+	1.7e-13	FDR	343	A	CCAAC	ok	False
chr11	69730049	69730050	+	0.018	FDR	403	A	ACAGC	ok	False
chr11	69730254	69730255	+	8.6e-05	FDR	454	A	TGAGT	ok	False
chr11	69730275	69730276	+	5.9e-05	FDR	459	A	AGACT	ok	True
chr11	69730335	69730336	+	0.0016	FDR	463	A	GAAGT	ok	False
chr11	69804390	69804391	+	0.012	FDR	88	A	TCATG	ok	False
chr11	70126073	70126074	-	4.9e-09	FDR	217	T	TGTCC	ok	True
chr11	70126109	70126110	-	5.1e-15	FDR	280	T	GGTTA	ok	True
chr11	70126110	70126111	-	0.00051	FDR	282	T	GTTAT	ok	False
chr11	70126176	70126177	-	1.1e-06	FDR	246	T	AGTCC	ok	True
chr11	70126186	70126187	-	0.0012	FDR	285	T	GATCC	ok	False
chr11	70126917	70126918	-	0.035	FDR	230	T	CGTTT	ok	False
chr11	70284602	70284603	-	2.9e-05	FDR	620	T	GCTGG	ok	False
chr11	70284836	70284837	-	8.1e-32	FDR	536	T	TCTGG	ok	False
chr11	70284842	70284843	-	7.2e-14	FDR	518	T	CCTGG	ok	False
chr11	70284906	70284907	-	5.6e-25	FDR	398	T	AGTCT	ok	True
chr11	70331376	70331377	+	0.042	FDR	170	A	TCACA	ok	False
chr11	70417159	70417160	+	2.4e-05	FDR	677	A	CTATC	ok	False
chr11	70417409	70417410	+	2.2e-06	FDR	1195	A	CCAGT	ok	False
chr11	70418041	70418042	+	1e-87	FDR	1908	A	ACAGT	ok	False
chr11	70535174	70535175	-	6.1e-10	FDR	171	T	AGTCC	ok	True
chr11	70535285	70535286	-	2.2e-08	FDR	221	T	GATCT	ok	False
chr11	70535294	70535295	-	6.5e-22	FDR	218	T	TCTGG	ok	False
chr11	70535441	70535442	-	5.7e-05	FDR	176	T	AGTTC	ok	True
chr11	70535501	70535502	-	3.5e-05	FDR	138	T	GGTAG	ok	False
chr11	70543731	70543732	-	7.6e-12	FDR	1649	T	TCTGG	ok	False
chr11	70545226	70545227	-	2.6e-20	FDR	963	T	AGTCC	ok	True
chr11	70554639	70554640	-	0.038	FDR	222	T	TGTAA	ok	False
chr11	70554708	70554709	-	6.6e-07	FDR	304	T	CATTT	ok	False
chr11	70554883	70554884	-	3.2e-08	FDR	302	T	CTTGT	ok	False
chr11	70554904	70554905	-	0.012	FDR	302	T	CTTGC	ok	False
chr11	70554989	70554990	-	0.0016	FDR	283	T	TCTGA	ok	False
chr11	70555160	70555161	-	0.0065	FDR	233	T	CTTGT	ok	False
chr11	70833960	70833961	-	0.00016	FDR	363	T	AATAA	ok	False
chr11	70834018	70834019	-	0.037	FDR	381	T	CCTTT	ok	False
chr11	70834068	70834069	-	0.0035	FDR	411	T	TGTTC	ok	True
chr11	70834069	70834070	-	2.3e-06	FDR	422	T	GTTCA	ok	False
chr11	70834092	70834093	-	4.3e-11	FDR	316	T	GGTGA	ok	False
chr11	70834112	70834113	-	2.9e-06	FDR	421	T	CATTG	ok	False
chr11	70834113	70834114	-	0.0008	FDR	425	T	ATTGA	ok	False
chr11	70834121	70834122	-	0.0099	FDR	421	T	GCTTC	ok	False
chr11	70834139	70834140	-	1.6e-05	FDR	409	T	TGTGT	ok	False
chr11	70834141	70834142	-	0.0012	FDR	404	T	TGTTC	ok	True
chr11	70834706	70834707	-	0.02	FDR	386	T	TCTTC	ok	False
chr11	70834726	70834727	-	1.1e-11	FDR	373	T	AATGC	ok	False
chr11	70834733	70834734	-	0.006	FDR	384	T	TTTCG	ok	False
chr11	70834740	70834741	-	0.00081	FDR	377	T	GGTAG	ok	False
chr11	70834797	70834798	-	0.0019	FDR	342	T	GCTGT	ok	False
chr11	70834799	70834800	-	0.025	FDR	336	T	TGTTG	ok	False
chr11	70834803	70834804	-	1.5e-06	FDR	335	T	GATAA	ok	False
chr11	70834810	70834811	-	0.043	FDR	316	T	TTTTT	ok	False
chr11	70834811	70834812	-	0.031	FDR	332	T	TTTTT	ok	False
chr11	70834812	70834813	-	1.8e-06	FDR	332	T	TTTTC	ok	False
chr11	70834813	70834814	-	0.0073	FDR	329	T	TTTCA	ok	False
chr11	70834978	70834979	-	1.9e-06	FDR	310	T	TATCA	ok	False
chr11	70835058	70835059	-	0.0026	FDR	277	T	TTTTC	ok	False
chr11	70835534	70835535	-	0.0075	FDR	190	T	GTTTC	ok	False
chr11	70868805	70868806	-	0.00023	FDR	663	T	CTTCC	ok	False
chr11	70868910	70868911	-	5.7e-28	FDR	500	T	AGTCT	ok	True
chr11	70868918	70868919	-	3.6e-08	FDR	602	T	AGTTC	ok	True
chr11	70868964	70868965	-	5.6e-10	FDR	497	T	GATAT	ok	False
chr11	70869266	70869267	-	0.00057	FDR	410	T	AATCT	ok	False
chr11	70869345	70869346	-	0.003	FDR	233	T	AATAT	ok	False
chr11	72098521	72098522	+	5.2e-06	FDR	183	A	GCAAG	ok	False
chr11	72099089	72099090	+	0.007	FDR	211	A	TCATT	ok	False
chr11	72099108	72099109	+	0.0063	FDR	209	A	GCATG	ok	False
chr11	72099141	72099142	+	7.9e-09	FDR	242	A	CCAAG	ok	False
chr11	72099142	72099143	+	0.003	FDR	248	A	CAAGT	ok	False
chr11	72099152	72099153	+	0.00028	FDR	247	A	ACAAA	ok	False
chr11	72099597	72099598	+	0.0011	FDR	295	A	ATAAC	ok	False
chr11	72100328	72100329	+	1.8e-05	FDR	413	A	GGACT	ok	True
chr11	72100423	72100424	+	1.3e-45	FDR	557	A	TCAAG	ok	False
chr11	72100424	72100425	+	4.5e-07	FDR	566	A	CAAGG	ok	False
chr11	72100433	72100434	+	2.7e-09	FDR	568	A	CCAGA	ok	False
chr11	73067149	73067150	-	6.1e-06	FDR	194	T	TCTGG	ok	False
chr11	73067160	73067161	-	5.8e-06	FDR	190	T	CCTTG	ok	False
chr11	73067161	73067162	-	4.2e-06	FDR	192	T	CTTGC	ok	False
chr11	73067186	73067187	-	1.2e-11	FDR	159	T	CCTGC	ok	False
chr11	73067228	73067229	-	7.3e-18	FDR	155	T	GGTCC	ok	True
chr11	73067302	73067303	-	0.023	FDR	151	T	ATTTG	ok	False
chr11	74708794	74708795	+	1.1e-05	FDR	113	A	TGAGT	ok	False
chr11	74708798	74708799	+	0.00098	FDR	117	A	TGACA	ok	True
chr11	74708854	74708855	+	1.8e-10	FDR	120	A	GCACT	ok	False
chr11	74708861	74708862	+	0.00019	FDR	127	A	TAACC	ok	True
chr11	74708957	74708958	+	0.0014	FDR	145	A	AAAAA	ok	False
chr11	74708958	74708959	+	0.0075	FDR	145	A	AAAAG	ok	False
chr11	74709173	74709174	+	0.024	FDR	106	A	ATATC	ok	False
chr11	74709215	74709216	+	0.0066	FDR	132	A	CCAGA	ok	False
chr11	74709217	74709218	+	3e-10	FDR	126	A	AGAAA	ok	False
chr11	74709218	74709219	+	0.0042	FDR	132	A	GAAAG	ok	False
chr11	74709370	74709371	+	0.019	FDR	128	A	ATAAG	ok	False
chr11	74799842	74799843	+	5.6e-05	FDR	193	A	ACAGT	ok	False
chr11	74799860	74799861	+	0.0024	FDR	199	A	ACAAG	ok	False
chr11	74799906	74799907	+	0.00013	FDR	264	A	TGACA	ok	True
chr11	75517338	75517339	+	0.0044	FDR	139	A	GCAGA	ok	False
chr11	75655709	75655710	+	0.028	FDR	448	A	TCAGA	ok	False
chr11	75655720	75655721	+	0.0076	FDR	476	A	TAAGG	ok	False
chr11	75655837	75655838	+	0.00014	FDR	858	A	CAAGA	ok	False
chr11	75656454	75656455	+	4.1e-05	FDR	336	A	AGACA	ok	True
chr11	75656497	75656498	+	0.025	FDR	187	A	CCATT	ok	False
chr11	75656529	75656530	+	7.6e-11	FDR	191	A	TGATG	ok	False
chr11	76148864	76148865	-	1.4e-17	FDR	351	T	CCTGC	ok	False
chr11	76148917	76148918	-	4.4e-32	FDR	352	T	CGTCC	ok	False
chr11	76149022	76149023	-	0.021	FDR	343	T	TCTGG	ok	False
chr11	76149081	76149082	-	3e-15	FDR	288	T	CTTGC	ok	False
chr11	76305049	76305050	+	0.047	FDR	134	A	GCATC	ok	False
chr11	76305137	76305138	+	4.9e-05	FDR	153	A	GAATT	ok	False
chr11	76305172	76305173	+	0.0045	FDR	166	A	GCAGA	ok	False
chr11	76305187	76305188	+	0.046	FDR	165	A	GCAGT	ok	False
chr11	76305302	76305303	+	0.001	FDR	110	A	CCATA	ok	False
chr11	76877715	76877716	+	0.00022	FDR	139	A	GCATT	ok	False
chr11	76877921	76877922	+	9.1e-10	FDR	343	A	GAATT	ok	False
chr11	76878154	76878155	+	4.8e-06	FDR	378	A	TGATA	ok	False
chr11	78072373	78072374	-	0.0052	FDR	991	T	GCTGA	ok	False
chr11	78181137	78181138	+	0.00089	FDR	153	A	ATATA	ok	False
chr11	78181334	78181335	+	2.2e-06	FDR	270	A	TTACT	ok	False
chr11	78213104	78213105	+	0.017	FDR	123	A	AAATC	ok	False
chr11	78213125	78213126	+	0.019	FDR	119	A	CTAAC	ok	False
chr11	78233255	78233256	+	0.0053	FDR	131	A	ACAGC	ok	False
chr11	78233272	78233273	+	2.9e-08	FDR	134	A	GCAGT	ok	False
chr11	78233483	78233484	+	1.9e-05	FDR	153	A	TGATG	ok	False
chr11	78233494	78233495	+	0.0084	FDR	153	A	TCAGA	ok	False
chr11	78233569	78233570	+	0.044	FDR	129	A	AGACT	ok	True
chr11	78412927	78412928	+	0.029	FDR	147	A	TCAGG	ok	False
chr11	78412979	78412980	+	0.0064	FDR	156	A	TAAAC	ok	False
chr11	78432268	78432269	+	0.015	FDR	110	A	GAACT	ok	True
chr11	78432329	78432330	+	6.9e-07	FDR	117	A	GCACC	ok	False
chr11	78432348	78432349	+	3.3e-06	FDR	117	A	AAACC	ok	True
chr11	78432359	78432360	+	0.00086	FDR	118	A	CCATT	ok	False
chr11	78432364	78432365	+	0.014	FDR	118	A	CCAGT	ok	False
chr11	78432377	78432378	+	0.016	FDR	117	A	TGATG	ok	False
chr11	78432431	78432432	+	1.5e-12	FDR	114	A	CTAGT	ok	False
chr11	78432438	78432439	+	8.3e-11	FDR	118	A	CCAGG	ok	False
chr11	78432442	78432443	+	0.012	FDR	118	A	GCAGC	ok	False
chr11	78432461	78432462	+	1e-05	FDR	118	A	CGACT	ok	False
chr11	78432541	78432542	+	0.00058	FDR	80	A	GCAAG	ok	False
chr11	78432795	78432796	-	2e-26	FDR	294	T	AGTCC	ok	True
chr11	78432869	78432870	-	2.4e-10	FDR	375	T	CGTTC	ok	False
chr11	78432956	78432957	-	0.028	FDR	325	T	TCTGG	ok	False
chr11	79588512	79588513	+	0.00014	FDR	56	A	GGACT	ok	True
chr11	79588687	79588688	+	0.00051	FDR	66	A	CCACT	ok	False
chr11	79824917	79824918	-	0.0029	FDR	62	T	TCTGG	ok	False
chr11	79826807	79826808	-	0.0095	FDR	53	T	TGTTT	ok	True
chr11	80362309	80362310	+	0.00013	FDR	150	A	TCATT	ok	False
chr11	80362662	80362663	+	1.4e-10	FDR	197	A	GCATC	ok	False
chr11	80362719	80362720	+	3.7e-05	FDR	202	A	GGAAT	ok	False
chr11	80362727	80362728	+	1e-06	FDR	205	A	GAAAT	ok	False
chr11	80363682	80363683	+	0.012	FDR	133	A	CCACT	ok	False
chr11	80363995	80363996	+	0.0026	FDR	168	A	GTACA	ok	False
chr11	80364052	80364053	+	7.1e-07	FDR	152	A	ATAAA	ok	False
chr11	83295577	83295578	+	1.2e-06	FDR	105	A	GGACT	ok	True
chr11	83295587	83295588	+	0.0068	FDR	113	A	TAACC	ok	True
chr11	83295655	83295656	+	7.6e-08	FDR	115	A	GCAAA	ok	False
chr11	83295720	83295721	+	0.035	FDR	115	A	GTATT	ok	False
chr11	83969828	83969829	-	0.00012	FDR	176	T	ACTGC	ok	False
chr11	84802037	84802038	-	4.3e-05	FDR	140	T	ACTGT	ok	False
chr11	84802083	84802084	-	4.9e-07	FDR	134	T	GGTGC	ok	False
chr11	84802086	84802087	-	0.015	FDR	132	T	GCTGA	ok	False
chr11	84802103	84802104	-	0.0038	FDR	135	T	TCTGG	ok	False
chr11	84802128	84802129	-	6.1e-05	FDR	131	T	ACTGC	ok	False
chr11	84802131	84802132	-	0.00014	FDR	130	T	GCTGA	ok	False
chr11	84802138	84802139	-	0.0028	FDR	130	T	CATCA	ok	False
chr11	86580625	86580626	+	0.00079	FDR	135	A	GAAAG	ok	False
chr11	86580890	86580891	+	1.6e-05	FDR	193	A	GAACT	ok	True
chr11	86580913	86580914	+	0.00096	FDR	174	A	CCACC	ok	False
chr11	86585502	86585503	-	2.2e-10	FDR	740	T	TATTT	ok	False
chr11	86585553	86585554	-	1e-09	FDR	508	T	AATAT	ok	False
chr11	86585555	86585556	-	1.3e-18	FDR	884	T	TATCT	ok	False
chr11	86585566	86585567	-	3.9e-06	FDR	843	T	AATTC	ok	False
chr11	86585571	86585572	-	0.0059	FDR	860	T	TCTCT	ok	False
chr11	86585573	86585574	-	0.024	FDR	856	T	TCTTC	ok	False
chr11	86585578	86585579	-	5.3e-11	FDR	855	T	TGTAC	ok	False
chr11	86585583	86585584	-	2.2e-06	FDR	862	T	ACTCA	ok	False
chr11	86585587	86585588	-	4.2e-05	FDR	809	T	AGTGA	ok	False
chr11	86585605	86585606	-	0.018	FDR	794	T	AATAT	ok	False
chr11	86585643	86585644	-	5.6e-06	FDR	841	T	AGTAA	ok	False
chr11	86585647	86585648	-	0.00016	FDR	871	T	AATAC	ok	False
chr11	86585672	86585673	-	0.042	FDR	873	T	CTTCT	ok	False
chr11	86585685	86585686	-	3.1e-08	FDR	864	T	AATGG	ok	False
chr11	86585714	86585715	-	0.00028	FDR	863	T	GATAC	ok	False
chr11	86585745	86585746	-	0.00021	FDR	795	T	CATGA	ok	False
chr11	86585778	86585779	-	0.0023	FDR	708	T	TATGC	ok	False
chr11	87633896	87633897	+	0.042	FDR	209	A	CCAGG	ok	False
chr11	87634111	87634112	+	6.4e-07	FDR	244	A	AAATC	ok	False
chr11	87634121	87634122	+	0.0035	FDR	264	A	ACACA	ok	False
chr11	87634157	87634158	+	3.9e-22	FDR	302	A	GCATC	ok	False
chr11	87634177	87634178	+	2.8e-25	FDR	300	A	GTACT	ok	False
chr11	87634207	87634208	+	0.0012	FDR	328	A	GGACC	ok	True
chr11	87634216	87634217	+	0.035	FDR	334	A	AGACT	ok	True
chr11	87634238	87634239	+	8.7e-10	FDR	335	A	GAATC	ok	False
chr11	87634323	87634324	+	1e-23	FDR	337	A	GGATT	ok	False
chr11	87634346	87634347	+	0.016	FDR	322	A	AGAGG	ok	False
chr11	87634393	87634394	+	5.4e-09	FDR	330	A	CTATG	ok	False
chr11	87634399	87634400	+	0.00024	FDR	325	A	GCAGG	ok	False
chr11	87634402	87634403	+	5.2e-32	FDR	307	A	GGACT	ok	True
chr11	87872131	87872132	-	1.6e-11	FDR	266	T	AGTAC	ok	False
chr11	87872138	87872139	-	3.1e-13	FDR	230	T	AGTCC	ok	True
chr11	87872147	87872148	-	9.2e-28	FDR	259	T	AGTAG	ok	False
chr11	87872169	87872170	-	5.3e-07	FDR	267	T	ACTTC	ok	False
chr11	87872170	87872171	-	1.6e-05	FDR	279	T	CTTCC	ok	False
chr11	87872188	87872189	-	2.1e-16	FDR	266	T	AGTGC	ok	False
chr11	87872196	87872197	-	8.1e-16	FDR	228	T	AGTCC	ok	True
chr11	87872216	87872217	-	8.5e-12	FDR	280	T	CTTGC	ok	False
chr11	87872282	87872283	-	3.3e-12	FDR	275	T	ATTGC	ok	False
chr11	87872304	87872305	-	0.03	FDR	263	T	AATAG	ok	False
chr11	87872313	87872314	-	3.7e-12	FDR	266	T	AGTGC	ok	False
chr11	87872320	87872321	-	6.6e-14	FDR	269	T	TGTCT	ok	True
chr11	87872329	87872330	-	0.00011	FDR	237	T	TGTGA	ok	False
chr11	87872359	87872360	-	0.00015	FDR	227	T	GATAC	ok	False
chr11	87942075	87942076	+	0.0028	FDR	556	A	GCATT	ok	False
chr11	87942085	87942086	+	0.00082	FDR	475	A	GTAAA	ok	False
chr11	87942103	87942104	+	0.00028	FDR	576	A	GGACC	ok	True
chr11	87942113	87942114	+	4.1e-16	FDR	582	A	ATATA	ok	False
chr11	87942125	87942126	+	0.00055	FDR	586	A	GCAAT	ok	False
chr11	87942126	87942127	+	1.9e-06	FDR	588	A	CAATC	ok	False
chr11	87942209	87942210	+	0.015	FDR	579	A	GTAAG	ok	False
chr11	87942292	87942293	+	0.012	FDR	286	A	GAAAA	ok	False
chr11	87942297	87942298	+	0.043	FDR	597	A	AAATA	ok	False
chr11	87942300	87942301	+	0.012	FDR	592	A	TAAAC	ok	False
chr11	87942314	87942315	+	9.2e-05	FDR	511	A	AAAAC	ok	False
chr11	87942315	87942316	+	2.1e-13	FDR	474	A	AAACG	ok	False
chr11	88814942	88814943	-	0.001	FDR	270	T	TTTCA	ok	False
chr11	88814986	88814987	-	0.025	FDR	262	T	AGTCA	ok	True
chr11	88815035	88815036	-	0.024	FDR	254	T	TGTCT	ok	True
chr11	88815150	88815151	-	1.9e-06	FDR	174	T	GATGT	ok	False
chr11	88815162	88815163	-	2.4e-07	FDR	245	T	GATGC	ok	False
chr11	88863647	88863648	+	2.9e-79	FDR	982	A	GAAAA	ok	False
chr11	88863648	88863649	+	1.3e-27	FDR	1054	A	AAAAC	ok	False
chr11	93840662	93840663	-	0.0001	FDR	4085	T	GTTTT	ok	False
chr11	93840761	93840762	-	3.5e-08	FDR	4054	T	CGTAC	ok	False
chr11	93842738	93842739	-	8.6e-169	FDR	3793	T	AATGC	ok	False
chr11	93842746	93842747	-	4.1e-27	FDR	3775	T	AATCC	ok	False
chr11	93849988	93849989	-	2.6e-13	FDR	299	T	CATTC	ok	False
chr11	93849993	93849994	-	0.049	FDR	293	T	TGTCC	ok	True
chr11	93850166	93850167	-	2.3e-08	FDR	1809	T	GCTGG	ok	False
chr11	93850252	93850253	-	2.6e-13	FDR	1756	T	TCTTG	ok	False
chr11	94181990	94181991	-	0.00045	FDR	208	T	TATTT	ok	False
chr11	94181991	94181992	-	0.00055	FDR	223	T	ATTTT	ok	False
chr11	94181997	94181998	-	0.0046	FDR	221	T	ACTTC	ok	False
chr11	94182088	94182089	-	7.7e-25	FDR	206	T	AGTCC	ok	True
chr11	94182096	94182097	-	0.0036	FDR	226	T	ACTGA	ok	False
chr11	94182110	94182111	-	3.1e-09	FDR	222	T	AGTAA	ok	False
chr11	94182205	94182206	-	7.3e-06	FDR	211	T	TGTGC	ok	False
chr11	94534435	94534436	+	0.015	FDR	131	A	GGACA	ok	True
chr11	94534515	94534516	+	3.1e-12	FDR	150	A	GGACT	ok	True
chr11	94534548	94534549	+	5.8e-05	FDR	196	A	GAATG	ok	False
chr11	94534581	94534582	+	0.0037	FDR	191	A	TTACC	ok	False
chr11	94534607	94534608	+	0.0087	FDR	186	A	TTAGG	ok	False
chr11	94534623	94534624	+	1.4e-05	FDR	194	A	AGAAG	ok	False
chr11	94534646	94534647	+	8e-09	FDR	175	A	ATACA	ok	False
chr11	94535688	94535689	+	0.034	FDR	234	A	AAAAC	ok	False
chr11	94536016	94536017	+	3.8e-06	FDR	376	A	CAATT	ok	False
chr11	94550697	94550698	+	0.0089	FDR	125	A	TGATG	ok	False
chr11	94550870	94550871	+	0.0017	FDR	125	A	ACAAT	ok	False
chr11	95562354	95562355	+	0.00078	FDR	260	A	CCAGT	ok	False
chr11	95562367	95562368	+	2.6e-07	FDR	248	A	GTAGC	ok	False
chr11	95562371	95562372	+	0.0017	FDR	260	A	CAAAG	ok	False
chr11	95566017	95566018	+	2.9e-17	FDR	335	A	CCAGC	ok	False
chr11	95566032	95566033	+	0.014	FDR	328	A	GTATC	ok	False
chr11	95568954	95568955	+	1.1e-09	FDR	597	A	CCAGA	ok	False
chr11	95570703	95570704	+	2.3e-08	FDR	668	A	CCAGT	ok	False
chr11	95570790	95570791	+	2.8e-05	FDR	664	A	CCAGA	ok	False
chr11	95571172	95571173	+	0.037	FDR	252	A	GTAAG	ok	False
chr11	95571222	95571223	+	4.1e-15	FDR	382	A	CCAGG	ok	False
chr11	95571304	95571305	+	4.8e-12	FDR	426	A	GGACT	ok	True
chr11	95571328	95571329	+	1.7e-35	FDR	285	A	GGACT	ok	True
chr11	95571425	95571426	+	4e-24	FDR	485	A	GCAGG	ok	False
chr11	95571430	95571431	+	8.2e-21	FDR	507	A	GAATG	ok	False
chr11	95571449	95571450	+	6.2e-27	FDR	395	A	GGACA	ok	True
chr11	95848091	95848092	-	0.0001	FDR	496	T	CGTTC	ok	False
chr11	95854138	95854139	-	7.9e-05	FDR	188	T	GATCA	ok	False
chr11	95934279	95934280	+	3.8e-14	FDR	276	A	GCAAG	ok	False
chr11	95939385	95939386	-	0.00052	FDR	325	T	GATAT	ok	False
chr11	95939544	95939545	-	1.2e-27	FDR	366	T	ACTGG	ok	False
chr11	95939586	95939587	-	3.6e-18	FDR	363	T	TCTGG	ok	False
chr11	95939668	95939669	-	6.8e-13	FDR	330	T	ACTGC	ok	False
chr11	95963974	95963975	-	1.7e-51	FDR	1536	T	AGTCC	ok	True
chr11	95990392	95990393	-	8.7e-23	FDR	502	T	AATCA	ok	False
chr11	95990561	95990562	-	4.2e-28	FDR	333	T	AGTCC	ok	True
chr11	95990606	95990607	-	8.2e-13	FDR	328	T	CATCA	ok	False
chr11	95990640	95990641	-	1.7e-05	FDR	272	T	TGTAG	ok	False
chr11	95990650	95990651	-	6.9e-15	FDR	279	T	GATGG	ok	False
chr11	96698736	96698737	+	0.0036	FDR	292	A	TAACT	ok	True
chr11	96698906	96698907	+	5e-09	FDR	357	A	AAATT	ok	False
chr11	96939455	96939456	+	4.1e-09	FDR	86	A	AGACT	ok	True
chr11	96939531	96939532	+	0.0016	FDR	156	A	GGACC	ok	True
chr11	96939700	96939701	+	5e-12	FDR	196	A	GAACA	ok	True
chr11	96939989	96939990	+	0.0041	FDR	108	A	GAAGA	ok	False
chr11	97050712	97050713	-	1.1e-08	FDR	331	T	AATTT	ok	False
chr11	97050784	97050785	-	5.9e-09	FDR	351	T	CATTA	ok	False
chr11	97050955	97050956	-	0.0054	FDR	245	T	CTTGT	ok	False
chr11	97051003	97051004	-	0.0028	FDR	229	T	ACTGA	ok	False
chr11	97051036	97051037	-	0.046	FDR	215	T	TCTTG	ok	False
chr11	97053167	97053168	-	3e-07	FDR	330	T	AGTCA	ok	True
chr11	97053174	97053175	-	0.03	FDR	329	T	CATTC	ok	False
chr11	97053252	97053253	-	0.019	FDR	284	T	AGTAA	ok	False
chr11	97053340	97053341	-	5.2e-07	FDR	245	T	GCTGC	ok	False
chr11	97096778	97096779	-	3.3e-05	FDR	203	T	AATAC	ok	False
chr11	97096840	97096841	-	0.0021	FDR	196	T	AATAA	ok	False
chr11	97219488	97219489	+	0.0015	FDR	446	A	TCAAG	ok	False
chr11	97219494	97219495	+	0.045	FDR	463	A	CCAGT	ok	False
chr11	97219579	97219580	+	2.2e-05	FDR	413	A	AGACA	ok	True
chr11	97219753	97219754	+	7.1e-75	FDR	720	A	GCATC	ok	False
chr11	97513464	97513465	+	0.033	FDR	114	A	ACAGT	ok	False
chr11	97513538	97513539	+	0.0012	FDR	115	A	GAATA	ok	False
chr11	97518552	97518553	-	3.4e-107	FDR	2772	T	GATGC	ok	False
chr11	97518646	97518647	-	3.7e-84	FDR	1409	T	TGTCC	ok	True
chr11	97518659	97518660	-	1.2e-80	FDR	1800	T	GGTCC	ok	True
chr11	97518671	97518672	-	5.2e-76	FDR	1757	T	TGTCC	ok	True
chr11	97518790	97518791	-	5.8e-37	FDR	1205	T	AGTCC	ok	True
chr11	97518860	97518861	-	8.2e-40	FDR	992	T	TGTCA	ok	True
chr11	97518870	97518871	-	2.5e-30	FDR	809	T	GGTCC	ok	True
chr11	97518989	97518990	-	0.00031	FDR	465	T	GGTCC	ok	True
chr11	97577358	97577359	+	0.018	FDR	261	A	CCAGT	ok	False
chr11	97579279	97579280	+	6.4e-08	FDR	341	A	GTACT	ok	False
chr11	97594728	97594729	+	1.2e-05	FDR	595	A	CCAGA	ok	False
chr11	97668533	97668534	-	6e-09	FDR	234	T	GCTGT	ok	False
chr11	97669129	97669130	-	9.3e-306	FDR	3942	T	GTTAT	ok	False
chr11	97669181	97669182	-	1.9e-233	FDR	3896	T	TGTCG	ok	False
chr11	97920632	97920633	+	5.9e-116	FDR	3605	A	GAATG	ok	False
chr11	97920652	97920653	+	1.5e-157	FDR	3510	A	GCATC	ok	False
chr11	97921268	97921269	+	4.5e-27	FDR	3623	A	GGATC	ok	False
chr11	98328579	98328580	-	4.2e-07	FDR	186	T	ACTGC	ok	False
chr11	98328657	98328658	-	0.017	FDR	188	T	ACTGC	ok	False
chr11	98328713	98328714	-	6e-06	FDR	189	T	TTTTC	ok	False
chr11	98328716	98328717	-	0.0051	FDR	186	T	TCTGC	ok	False
chr11	98328847	98328848	-	0.0045	FDR	134	T	GGTTT	ok	True
chr11	98585019	98585020	+	3.6e-05	FDR	268	A	CAATC	ok	False
chr11	98585032	98585033	+	0.0004	FDR	260	A	TGATT	ok	False
chr11	98586387	98586388	+	0.046	FDR	546	A	CCAAG	ok	False
chr11	98586533	98586534	+	1.2e-20	FDR	672	A	AGACT	ok	True
chr11	98586723	98586724	+	0.00019	FDR	837	A	CTAGG	ok	False
chr11	98586776	98586777	+	4.9e-24	FDR	830	A	TGATT	ok	False
chr11	98883927	98883928	-	1.3e-49	FDR	739	T	GATCT	ok	False
chr11	98883929	98883930	-	9.6e-07	FDR	739	T	TCTGC	ok	False
chr11	98883979	98883980	-	7.2e-34	FDR	638	T	AGTCC	ok	True
chr11	98884045	98884046	-	1.6e-18	FDR	698	T	ACTGA	ok	False
chr11	98884669	98884670	-	3.5e-07	FDR	363	T	ACTTA	ok	False
chr11	98884717	98884718	-	0.029	FDR	330	T	TGTCT	ok	True
chr11	98884755	98884756	-	0.0003	FDR	315	T	TTTGC	ok	False
chr11	100212228	100212229	+	2.2e-111	FDR	2419	A	GCAAT	ok	False
chr11	100212442	100212443	+	0.014	FDR	613	A	ACAAG	ok	False
chr11	100212494	100212495	+	1.6e-19	FDR	732	A	CCAGA	ok	False
chr11	100212576	100212577	+	2.8e-13	FDR	823	A	CCAGC	ok	False
chr11	100212647	100212648	+	1.1e-98	FDR	958	A	CCAGA	ok	False
chr11	100212660	100212661	+	1.3e-21	FDR	764	A	GGACA	ok	True
chr11	100212740	100212741	+	4.3e-09	FDR	1123	A	CCAGC	ok	False
chr11	100238193	100238194	-	0.0048	FDR	137	T	CATCA	ok	False
chr11	101016926	101016927	+	9.8e-08	FDR	155	A	GCAAG	ok	False
chr11	101016945	101016946	+	0.00093	FDR	172	A	GGACA	ok	True
chr11	101017067	101017068	+	5.6e-05	FDR	203	A	ACAGG	ok	False
chr11	101017086	101017087	+	0.039	FDR	191	A	TTACC	ok	False
chr11	101017140	101017141	+	1.5e-06	FDR	191	A	GGACC	ok	True
chr11	101168984	101168985	-	1.9e-16	FDR	298	T	AGTAA	ok	False
chr11	101169074	101169075	-	0.032	FDR	144	T	AGTCC	ok	True
chr11	101169120	101169121	-	1.2e-06	FDR	164	T	ATTCA	ok	False
chr11	101169156	101169157	-	0.0048	FDR	126	T	GGTCC	ok	True
chr11	101213993	101213994	+	2.7e-06	FDR	177	A	CCAGT	ok	False
chr11	101214007	101214008	+	3.6e-05	FDR	184	A	TCAGT	ok	False
chr11	101214259	101214260	+	0.00012	FDR	274	A	TGATT	ok	False
chr11	101349871	101349872	-	7.3e-05	FDR	339	T	CCTAG	ok	False
chr11	101349922	101349923	-	8.5e-09	FDR	338	T	TCTGG	ok	False
chr11	101350037	101350038	-	0.0026	FDR	232	T	ACTGC	ok	False
chr11	101350042	101350043	-	3.1e-05	FDR	223	T	CTTTC	ok	False
chr11	101521771	101521772	+	3.5e-08	FDR	97	A	GCATC	ok	False
chr11	101524693	101524694	+	0.0036	FDR	129	A	AGATG	ok	False
chr11	101524710	101524711	+	0.013	FDR	133	A	TGACC	ok	True
chr11	101524713	101524714	+	0.00043	FDR	133	A	CCATC	ok	False
chr11	101525666	101525667	+	0.012	FDR	146	A	CCAGA	ok	False
chr11	101526628	101526629	+	3.6e-06	FDR	207	A	GGATT	ok	False
chr11	101526670	101526671	+	2.1e-08	FDR	208	A	GCACT	ok	False
chr11	101526713	101526714	+	1.4e-17	FDR	211	A	TGACT	ok	True
chr11	101526719	101526720	+	0.0096	FDR	220	A	TGACA	ok	True
chr11	101526771	101526772	+	1e-09	FDR	214	A	GCATC	ok	False
chr11	101657646	101657647	+	0.0004	FDR	133	A	CGAAC	ok	False
chr11	101657695	101657696	+	9.1e-05	FDR	127	A	TGACT	ok	True
chr11	101657729	101657730	+	1.2e-13	FDR	139	A	TGACT	ok	True
chr11	101657733	101657734	+	0.029	FDR	152	A	TGATG	ok	False
chr11	101657755	101657756	+	3.5e-06	FDR	147	A	TGACT	ok	True
chr11	101657804	101657805	+	0.027	FDR	161	A	TAAGA	ok	False
chr11	101657907	101657908	+	1.5e-11	FDR	223	A	AGAGC	ok	False
chr11	101657917	101657918	+	3.2e-05	FDR	222	A	CCAGG	ok	False
chr11	101657922	101657923	+	1e-09	FDR	226	A	ACAGC	ok	False
chr11	101657926	101657927	+	3.4e-24	FDR	227	A	CCAGG	ok	False
chr11	101658009	101658010	+	3.4e-09	FDR	221	A	GCAAG	ok	False
chr11	101658014	101658015	+	6.6e-10	FDR	144	A	GGACA	ok	True
chr11	101658023	101658024	+	5.9e-05	FDR	228	A	TAACT	ok	True
chr11	101658044	101658045	+	6.3e-06	FDR	229	A	ACAAG	ok	False
chr11	101658053	101658054	+	5.7e-05	FDR	227	A	TGATA	ok	False
chr11	101658060	101658061	+	0.0023	FDR	229	A	CCAGC	ok	False
chr11	101658082	101658083	+	5.3e-09	FDR	213	A	TGAAC	ok	False
chr11	101658161	101658162	+	0.026	FDR	206	A	GGAAA	ok	False
chr11	102575552	102575553	-	7.1e-08	FDR	130	T	GTTAT	ok	False
chr11	102956739	102956740	+	2.9e-06	FDR	224	A	GAACT	ok	True
chr11	102956758	102956759	+	0.0085	FDR	220	A	CGATG	ok	False
chr11	102956907	102956908	+	0.0026	FDR	222	A	TAATA	ok	False
chr11	103256053	103256054	-	0.026	FDR	90	T	GGTTC	ok	True
chr11	103256054	103256055	-	1.4e-08	FDR	89	T	GTTCA	ok	False
chr11	103712924	103712925	-	5.5e-08	FDR	280	T	ATTTG	ok	False
chr11	103712925	103712926	-	0.00024	FDR	278	T	TTTGC	ok	False
chr11	103713017	103713018	-	0.0023	FDR	215	T	GTTTG	ok	False
chr11	103713069	103713070	-	2.1e-07	FDR	173	T	AATGA	ok	False
chr11	106049102	106049103	-	0.026	FDR	159	T	TCTGT	ok	False
chr11	106049206	106049207	-	0.00012	FDR	130	T	GCTGA	ok	False
chr11	106139442	106139443	+	0.007	FDR	155	A	GAAGA	ok	False
chr11	106139502	106139503	+	6.2e-05	FDR	164	A	ACAGC	ok	False
chr11	106139542	106139543	+	1.3e-08	FDR	144	A	GGACT	ok	True
chr11	106139583	106139584	+	2.8e-05	FDR	180	A	CCAGG	ok	False
chr11	106139710	106139711	+	1.1e-07	FDR	210	A	TGATT	ok	False
chr11	106139799	106139800	+	8.9e-12	FDR	117	A	GCATT	ok	False
chr11	106139908	106139909	+	9.4e-05	FDR	112	A	GTACA	ok	False
chr11	106140056	106140057	-	1.4e-44	FDR	418	T	AGTCC	ok	True
chr11	106140222	106140223	-	5.8e-46	FDR	459	T	TGTCC	ok	True
chr11	106140230	106140231	-	0.04	FDR	397	T	AGTCT	ok	True
chr11	106140712	106140713	-	4.1e-06	FDR	284	T	TCTGG	ok	False
chr11	106152453	106152454	+	0.008	FDR	286	A	GCAGA	ok	False
chr11	106152510	106152511	+	5.6e-05	FDR	332	A	TGAAG	ok	False
chr11	106152526	106152527	+	0.0041	FDR	232	A	GCACA	ok	False
chr11	106152748	106152749	+	0.028	FDR	363	A	GGACC	ok	True
chr11	106152801	106152802	+	3.2e-07	FDR	449	A	AGACT	ok	True
chr11	106671364	106671365	-	1.3e-06	FDR	247	T	AATGC	ok	False
chr11	106671458	106671459	-	1.2e-07	FDR	207	T	TGTTA	ok	True
chr11	106672384	106672385	-	0.0062	FDR	771	T	AATAT	ok	False
chr11	106672433	106672434	-	5.3e-06	FDR	1063	T	AATCA	ok	False
chr11	106672509	106672510	-	6.3e-27	FDR	944	T	AATGT	ok	False
chr11	106672511	106672512	-	0.00013	FDR	1005	T	TGTAG	ok	False
chr11	106672519	106672520	-	0.00016	FDR	819	T	AATAT	ok	False
chr11	106672521	106672522	-	0.0014	FDR	1039	T	TATCC	ok	False
chr11	106672544	106672545	-	4e-05	FDR	1052	T	AGTGC	ok	False
chr11	106672571	106672572	-	3.4e-10	FDR	1053	T	AGTCA	ok	True
chr11	106672582	106672583	-	0.0087	FDR	946	T	CATTT	ok	False
chr11	106672583	106672584	-	0.029	FDR	1052	T	ATTTC	ok	False
chr11	106672592	106672593	-	0.023	FDR	1045	T	GTTTC	ok	False
chr11	106672600	106672601	-	0.00069	FDR	1038	T	AATAA	ok	False
chr11	106672626	106672627	-	0.00016	FDR	872	T	AATAT	ok	False
chr11	106672628	106672629	-	7.3e-14	FDR	860	T	TATAA	ok	False
chr11	106672638	106672639	-	2.2e-07	FDR	874	T	AATTA	ok	False
chr11	106672641	106672642	-	0.0012	FDR	848	T	TATGA	ok	False
chr11	106672656	106672657	-	3.1e-05	FDR	787	T	TTTAC	ok	False
chr11	106672690	106672691	-	0.0012	FDR	665	T	CCTGT	ok	False
chr11	106672703	106672704	-	0.039	FDR	668	T	GATAG	ok	False
chr11	107385590	107385591	+	0.00013	FDR	270	A	GAAAA	ok	False
chr11	107385617	107385618	+	0.0069	FDR	276	A	AGAGT	ok	False
chr11	107388611	107388612	+	0.045	FDR	399	A	AGACT	ok	True
chr11	107388832	107388833	+	0.037	FDR	159	A	ATAGT	ok	False
chr11	113553754	113553755	-	8.1e-06	FDR	112	T	AATTA	ok	False
chr11	113553941	113553942	-	0.0032	FDR	111	T	AATCG	ok	False
chr11	113553981	113553982	-	5.3e-06	FDR	111	T	GCTGA	ok	False
chr11	113554099	113554100	-	2.2e-12	FDR	141	T	TGTCC	ok	True
chr11	113554193	113554194	-	2e-06	FDR	147	T	TCTGG	ok	False
chr11	113554242	113554243	-	0.013	FDR	138	T	CATCG	ok	False
chr11	113554305	113554306	-	3.9e-05	FDR	125	T	ACTGG	ok	False
chr11	114559617	114559618	+	3.6e-33	FDR	1865	A	CCAGA	ok	False
chr11	115071769	115071770	+	0.0038	FDR	122	A	TGATT	ok	False
chr11	115071891	115071892	+	0.016	FDR	107	A	CTACT	ok	False
chr11	115301618	115301619	+	3.6e-10	FDR	284	A	AGACT	ok	True
chr11	115306695	115306696	-	5.9e-24	FDR	1045	T	CATTT	ok	False
chr11	115306696	115306697	-	6.6e-18	FDR	1152	T	ATTTT	ok	False
chr11	115308711	115308712	-	4.4e-11	FDR	813	T	CCTGT	ok	False
chr11	115381385	115381386	-	0.02	FDR	137	T	AGTCA	ok	True
chr11	115381408	115381409	-	6.5e-05	FDR	138	T	TGTCC	ok	True
chr11	115388213	115388214	-	4e-80	FDR	273	T	AGTCC	ok	True
chr11	115388236	115388237	-	0.0018	FDR	476	T	TGTCA	ok	True
chr11	115388305	115388306	-	1.6e-30	FDR	420	T	GGTCC	ok	True
chr11	115388329	115388330	-	1.5e-38	FDR	442	T	AGTCC	ok	True
chr11	115388648	115388649	-	1.1e-06	FDR	300	T	GCTGT	ok	False
chr11	115388694	115388695	-	0.00022	FDR	235	T	GGTAC	ok	False
chr11	115388704	115388705	-	0.025	FDR	184	T	AGTCT	ok	True
chr11	115388708	115388709	-	0.023	FDR	220	T	TCTAC	ok	False
chr11	115389109	115389110	-	7.2e-24	FDR	393	T	AGTCT	ok	True
chr11	115389115	115389116	-	0.00046	FDR	384	T	TGTCC	ok	True
chr11	115389121	115389122	-	3.9e-11	FDR	366	T	CATTT	ok	False
chr11	115393858	115393859	-	0.021	FDR	238	T	CCTGC	ok	False
chr11	115393945	115393946	-	0.04	FDR	195	T	GCTGG	ok	False
chr11	115472834	115472835	+	0.042	FDR	204	A	CCATG	ok	False
chr11	115472837	115472838	+	0.0046	FDR	207	A	TGATG	ok	False
chr11	115474165	115474166	+	0.00092	FDR	299	A	GCAGA	ok	False
chr11	115474184	115474185	+	9.1e-06	FDR	315	A	TGATG	ok	False
chr11	115474677	115474678	+	5.8e-09	FDR	310	A	TAACT	ok	True
chr11	115474689	115474690	+	2.7e-08	FDR	311	A	GCAAT	ok	False
chr11	115497888	115497889	+	8.7e-15	FDR	143	A	GGACA	ok	True
chr11	115497966	115497967	+	9.6e-22	FDR	247	A	GGACC	ok	True
chr11	115899393	115899394	-	0.016	FDR	388	T	GATGC	ok	False
chr11	115969545	115969546	-	0.00029	FDR	329	T	TCTGG	ok	False
chr11	116329179	116329180	+	0.0022	FDR	129	A	GGACA	ok	True
chr11	116329206	116329207	+	0.00091	FDR	166	A	GAACG	ok	False
chr11	116329210	116329211	+	0.017	FDR	161	A	GCAAG	ok	False
chr11	116329277	116329278	+	1.3e-08	FDR	192	A	ACAGT	ok	False
chr11	116329429	116329430	+	2.4e-09	FDR	377	A	GCAAG	ok	False
chr11	116329548	116329549	+	0.00036	FDR	560	A	CCAGC	ok	False
chr11	116329608	116329609	+	0.034	FDR	562	A	GGACT	ok	True
chr11	116329666	116329667	+	1.3e-32	FDR	707	A	TGACT	ok	True
chr11	116329799	116329800	+	1.3e-05	FDR	750	A	CCAGC	ok	False
chr11	116329824	116329825	+	0.015	FDR	741	A	GGATT	ok	False
chr11	116329854	116329855	+	4.7e-51	FDR	742	A	CCAGG	ok	False
chr11	116728383	116728384	-	2.1e-25	FDR	131	T	TGTCC	ok	True
chr11	116728387	116728388	-	0.00017	FDR	189	T	CTTGT	ok	False
chr11	116740794	116740795	-	0.0018	FDR	868	T	AATAT	ok	False
chr11	116740907	116740908	-	0.049	FDR	832	T	GATTT	ok	False
chr11	116741027	116741028	-	2.3e-10	FDR	547	T	CATTT	ok	False
chr11	116741163	116741164	-	3.3e-27	FDR	593	T	ACTGC	ok	False
chr11	116741257	116741258	-	1.3e-05	FDR	363	T	TTTTC	ok	False
chr11	116741258	116741259	-	6.3e-07	FDR	358	T	TTTCA	ok	False
chr11	116741273	116741274	-	0.0034	FDR	302	T	CTTTA	ok	False
chr11	116741289	116741290	-	3.8e-08	FDR	296	T	GTTCA	ok	False
chr11	116741759	116741760	-	0.00034	FDR	139	T	TGTCC	ok	True
chr11	117706489	117706490	-	0.0024	FDR	289	T	TCTGA	ok	False
chr11	117706538	117706539	-	3.6e-08	FDR	263	T	TGTCA	ok	True
chr11	117706557	117706558	-	9.7e-11	FDR	290	T	TCTGT	ok	False
chr11	117706622	117706623	-	5.4e-05	FDR	258	T	CATTG	ok	False
chr11	117706633	117706634	-	4.4e-08	FDR	272	T	CTTGG	ok	False
chr11	117706652	117706653	-	7.9e-08	FDR	261	T	ACTGA	ok	False
chr11	117706682	117706683	-	0.0003	FDR	235	T	GTTCA	ok	False
chr11	117706739	117706740	-	2.2e-14	FDR	175	T	AGTCC	ok	True
chr11	117706780	117706781	-	0.0037	FDR	159	T	AGTTG	ok	False
chr11	117743534	117743535	+	0.0059	FDR	224	A	TCAAG	ok	False
chr11	117743561	117743562	+	1.4e-05	FDR	250	A	TCAGT	ok	False
chr11	117746073	117746074	+	0.0048	FDR	285	A	CAAAA	ok	False
chr11	117746152	117746153	+	0.027	FDR	354	A	AGATA	ok	False
chr11	117746154	117746155	+	0.00083	FDR	349	A	ATAAC	ok	False
chr11	117746241	117746242	+	0.00064	FDR	439	A	AGACA	ok	True
chr11	117746297	117746298	+	0.0002	FDR	562	A	CTACC	ok	False
chr11	117746338	117746339	+	1.4e-29	FDR	574	A	GGACT	ok	True
chr11	117746358	117746359	+	0.0021	FDR	670	A	TGATG	ok	False
chr11	117746366	117746367	+	1.8e-30	FDR	630	A	GGACA	ok	True
chr11	117746384	117746385	+	2.7e-37	FDR	639	A	GGACC	ok	True
chr11	117746494	117746495	+	4.3e-07	FDR	665	A	TGATA	ok	False
chr11	119179201	119179202	-	0.013	FDR	520	T	TGTCC	ok	True
chr11	119179301	119179302	-	0.013	FDR	756	T	AGTCC	ok	True
chr11	119179487	119179488	-	1.2e-17	FDR	816	T	CATTC	ok	False
chr11	119179751	119179752	-	4.7e-05	FDR	566	T	CCTGA	ok	False
chr11	119183672	119183673	-	7.1e-08	FDR	475	T	GATAG	ok	False
chr11	119183726	119183727	-	0.013	FDR	422	T	ATTGG	ok	False
chr11	119184431	119184432	-	0.0003	FDR	280	T	CGTGT	ok	False
chr11	119184454	119184455	-	8.2e-05	FDR	296	T	TATCA	ok	False
chr11	119990030	119990031	+	0.03	FDR	160	A	GTAAG	ok	False
chr11	119991134	119991135	+	1.9e-12	FDR	167	A	GCAGG	ok	False
chr11	119991165	119991166	+	0.002	FDR	178	A	GGATC	ok	False
chr11	120376157	120376158	+	0.00016	FDR	209	A	TAATG	ok	False
chr11	120376172	120376173	+	0.0012	FDR	220	A	ATACC	ok	False
chr11	120376181	120376182	+	0.023	FDR	237	A	CAAGA	ok	False
chr11	120376210	120376211	+	0.013	FDR	266	A	CCAGC	ok	False
chr11	120379040	120379041	+	1.1e-28	FDR	675	A	CCAGG	ok	False
chr11	120379194	120379195	+	0.0051	FDR	636	A	CCAAA	ok	False
chr11	120379275	120379276	+	2.5e-75	FDR	708	A	GGACT	ok	True
chr11	120379283	120379284	+	1.9e-43	FDR	592	A	GGACT	ok	True
chr11	120379399	120379400	+	3.8e-76	FDR	911	A	GGACC	ok	True
chr11	120379439	120379440	+	1.9e-27	FDR	898	A	GAACT	ok	True
chr11	120451220	120451221	-	1.1e-05	FDR	747	T	TGTCC	ok	True
chr11	120451388	120451389	-	0.0013	FDR	1103	T	CCTGG	ok	False
chr11	120468940	120468941	-	0.011	FDR	1595	T	CCTTC	ok	False
chr11	120468941	120468942	-	6.8e-10	FDR	1687	T	CTTCA	ok	False
chr11	120468994	120468995	-	7.8e-05	FDR	1979	T	CCTGT	ok	False
chr11	120468997	120468998	-	2.5e-07	FDR	1897	T	GTTGA	ok	False
chr11	120469089	120469090	-	0.0006	FDR	1927	T	CATTT	ok	False
chr11	120485374	120485375	-	0.0011	FDR	337	T	AATGC	ok	False
chr11	120485384	120485385	-	2.2e-06	FDR	341	T	TCTCC	ok	False
chr11	120485406	120485407	-	0.00044	FDR	275	T	TATTT	ok	False
chr11	120485515	120485516	-	0.00014	FDR	335	T	GTTTT	ok	False
chr11	120485605	120485606	-	8.7e-06	FDR	311	T	AGTTG	ok	False
chr11	120485606	120485607	-	3.1e-08	FDR	326	T	GTTGC	ok	False
chr11	120485619	120485620	-	0.04	FDR	293	T	CCTCT	ok	False
chr11	120485665	120485666	-	0.0011	FDR	227	T	GATTT	ok	False
chr11	120485813	120485814	-	3.8e-22	FDR	266	T	ATTGT	ok	False
chr11	120485815	120485816	-	0.01	FDR	235	T	TGTAA	ok	False
chr11	120490189	120490190	+	0.004	FDR	402	A	CCAGA	ok	False
chr11	120496174	120496175	+	2.8e-11	FDR	569	A	GCATC	ok	False
chr11	120496391	120496392	+	5.5e-14	FDR	667	A	ACAAG	ok	False
chr11	120500969	120500970	-	6.9e-08	FDR	57	T	AGTCT	ok	True
chr11	120500991	120500992	-	0.0032	FDR	77	T	GCTGC	ok	False
chr11	120501065	120501066	-	0.00099	FDR	77	T	GGTGC	ok	False
chr11	120501110	120501111	-	2.6e-06	FDR	77	T	TCTGG	ok	False
chr11	120601841	120601842	-	1.8e-08	FDR	157	T	GGTGG	ok	False
chr11	120655066	120655067	+	0.0026	FDR	690	A	GGATG	ok	False
chr11	120655103	120655104	+	8e-05	FDR	690	A	CCACC	ok	False
chr11	120655184	120655185	+	3.6e-05	FDR	673	A	TTACT	ok	False
chr11	120697928	120697929	-	2.2e-30	FDR	905	T	GATCA	ok	False
chr11	120697982	120697983	-	7e-50	FDR	647	T	AGTCC	ok	True
chr11	120698018	120698019	-	1.4e-77	FDR	818	T	AGTCA	ok	True
chr11	120698043	120698044	-	0.00082	FDR	889	T	TCTTG	ok	False
chr11	120698044	120698045	-	4e-27	FDR	903	T	CTTGG	ok	False
chr11	120698162	120698163	-	0.002	FDR	871	T	CTTGT	ok	False
chr11	120698169	120698170	-	4.6e-99	FDR	864	T	CCTGG	ok	False
chr11	120698458	120698459	-	3.8e-24	FDR	464	T	GGTGT	ok	False
chr11	120698468	120698469	-	0.014	FDR	478	T	AGTCA	ok	True
chr11	120698519	120698520	-	4.8e-19	FDR	376	T	GGTCT	ok	True
chr11	120698670	120698671	-	0.003	FDR	309	T	GGTCG	ok	False
chr11	121038844	121038845	+	0.00093	FDR	85	A	GAACC	ok	True
chr11	121038980	121038981	+	0.0023	FDR	95	A	GGACT	ok	True
chr11	121218207	121218208	-	4.8e-16	FDR	206	T	ACTGG	ok	False
chr11	121218232	121218233	-	0.013	FDR	190	T	TGTGC	ok	False
chr12	4602626	4602627	-	1.4e-06	FDR	553	T	TCTGG	ok	False
chr12	4602642	4602643	-	2.6e-10	FDR	471	T	GGTGC	ok	False
chr12	4603015	4603016	-	0.00041	FDR	242	T	CCTGG	ok	False
chr12	4603035	4603036	-	0.0076	FDR	242	T	GATAC	ok	False
chr12	4870695	4870696	+	0.027	FDR	228	A	CTATT	ok	False
chr12	4876789	4876790	+	0.016	FDR	298	A	CTATG	ok	False
chr12	4876841	4876842	+	0.0066	FDR	341	A	TCAGG	ok	False
chr12	4876879	4876880	+	9.6e-08	FDR	371	A	GTATT	ok	False
chr12	4876884	4876885	+	1.7e-11	FDR	364	A	ACAAT	ok	False
chr12	4877015	4877016	+	0.0042	FDR	390	A	GCATT	ok	False
chr12	4877103	4877104	+	2.7e-06	FDR	408	A	GAATG	ok	False
chr12	4877172	4877173	+	0.0017	FDR	407	A	TGATT	ok	False
chr12	8393504	8393505	+	0.00092	FDR	81	A	CTACC	ok	False
chr12	8393589	8393590	+	0.019	FDR	85	A	GGACT	ok	True
chr12	8393787	8393788	+	0.0013	FDR	98	A	CCAGT	ok	False
chr12	8547952	8547953	-	2.5e-09	FDR	185	T	CTTTA	ok	False
chr12	8548007	8548008	-	0.0048	FDR	30	T	CATTT	ok	False
chr12	8548059	8548060	-	0.00013	FDR	133	T	AGTCA	ok	True
chr12	8988400	8988401	+	0.021	FDR	253	A	AGATT	ok	False
chr12	8988504	8988505	+	0.016	FDR	306	A	ATAGT	ok	False
chr12	8988656	8988657	+	0.0011	FDR	322	A	TGATG	ok	False
chr12	13270465	13270466	-	0.014	FDR	232	T	AGTAG	ok	False
chr12	13270748	13270749	-	5.9e-05	FDR	205	T	CATTG	ok	False
chr12	13270749	13270750	-	0.0034	FDR	214	T	ATTGT	ok	False
chr12	17479911	17479912	+	0.02	FDR	190	A	CCAGC	ok	False
chr12	17479950	17479951	+	9.7e-06	FDR	167	A	GGACT	ok	True
chr12	17479960	17479961	+	0.046	FDR	176	A	ACATG	ok	False
chr12	17480012	17480013	+	0.024	FDR	190	A	TGACT	ok	True
chr12	17480074	17480075	+	0.004	FDR	185	A	TTAAT	ok	False
chr12	17600004	17600005	+	0.0011	FDR	868	A	ACACT	ok	False
chr12	17600627	17600628	+	1.9e-18	FDR	1262	A	CCAGA	ok	False
chr12	17600953	17600954	+	0.0045	FDR	1473	A	TCACT	ok	False
chr12	17601059	17601060	+	0.00013	FDR	1682	A	GAAAA	ok	False
chr12	17601061	17601062	+	1.3e-08	FDR	1701	A	AAATA	ok	False
chr12	17601063	17601064	+	2.2e-10	FDR	1539	A	ATAAA	ok	False
chr12	17601064	17601065	+	2.2e-33	FDR	1692	A	TAAAG	ok	False
chr12	17601065	17601066	+	0.0065	FDR	1698	A	AAAGT	ok	False
chr12	17601068	17601069	+	3.8e-19	FDR	1689	A	GTATC	ok	False
chr12	17601075	17601076	+	0.0025	FDR	1541	A	GAAAT	ok	False
chr12	17601076	17601077	+	3.6e-19	FDR	1507	A	AAATA	ok	False
chr12	17601078	17601079	+	0.00025	FDR	1434	A	ATAAC	ok	False
chr12	17601215	17601216	+	0.0036	FDR	223	A	GGATG	ok	False
chr12	17601358	17601359	+	5.6e-05	FDR	222	A	CTAGG	ok	False
chr12	17601386	17601387	+	9.4e-11	FDR	239	A	GCAGA	ok	False
chr12	17601427	17601428	+	1.1e-06	FDR	231	A	GCATC	ok	False
chr12	17601440	17601441	+	0.016	FDR	225	A	GTAAC	ok	False
chr12	17601453	17601454	+	2.1e-06	FDR	237	A	GTATC	ok	False
chr12	21360242	21360243	+	0.00016	FDR	227	A	CCACC	ok	False
chr12	21360250	21360251	+	0.00093	FDR	245	A	ATATT	ok	False
chr12	21362305	21362306	+	0.031	FDR	265	A	GTACA	ok	False
chr12	21363769	21363770	+	0.00029	FDR	305	A	GGACA	ok	True
chr12	21363843	21363844	+	0.048	FDR	322	A	CAAAT	ok	False
chr12	21364656	21364657	+	1.7e-05	FDR	326	A	GAATG	ok	False
chr12	21364745	21364746	+	0.0074	FDR	317	A	GCACT	ok	False
chr12	21364772	21364773	+	0.035	FDR	328	A	CCAGA	ok	False
chr12	21364774	21364775	+	0.0031	FDR	328	A	AGACT	ok	True
chr12	21364782	21364783	+	0.0049	FDR	225	A	TTACA	ok	False
chr12	21364799	21364800	+	0.01	FDR	322	A	TTAAC	ok	False
chr12	24762664	24762665	+	2.8e-05	FDR	217	A	TTACA	ok	False
chr12	24763202	24763203	+	0.013	FDR	370	A	GAACT	ok	True
chr12	28681135	28681136	-	0.013	FDR	1206	T	AATTC	ok	False
chr12	28685416	28685417	-	0.00081	FDR	1114	T	CTTGG	ok	False
chr12	28685451	28685452	-	2e-10	FDR	1057	T	CCTTG	ok	False
chr12	28685452	28685453	-	0.0039	FDR	1064	T	CTTGA	ok	False
chr12	28685634	28685635	-	1.8e-05	FDR	1087	T	CTTGG	ok	False
chr12	28685871	28685872	-	0.00079	FDR	246	T	CTTAG	ok	False
chr12	31381816	31381817	-	8.3e-05	FDR	174	T	AGTCT	ok	True
chr12	31381934	31381935	-	9.2e-06	FDR	131	T	AGTAT	ok	False
chr12	33026881	33026882	+	0.0005	FDR	105	A	TAATA	ok	False
chr12	36142015	36142016	-	0.0086	FDR	388	T	CCTGA	ok	False
chr12	36142063	36142064	-	5.8e-08	FDR	345	T	AGTCC	ok	True
chr12	36142166	36142167	-	0.031	FDR	344	T	TTTCC	ok	False
chr12	36142170	36142171	-	0.0079	FDR	346	T	CTTGG	ok	False
chr12	52357494	52357495	+	0.01	FDR	119	A	TTACC	ok	False
chr12	52357500	52357501	+	6.5e-05	FDR	81	A	GCATA	ok	False
chr12	52357502	52357503	+	0.00075	FDR	119	A	ATATT	ok	False
chr12	52357525	52357526	+	0.036	FDR	126	A	AGATT	ok	False
chr12	52357540	52357541	+	4.9e-09	FDR	125	A	CCAGA	ok	False
chr12	52357565	52357566	+	0.00065	FDR	125	A	AAATT	ok	False
chr12	52357581	52357582	+	0.0088	FDR	123	A	TGACA	ok	True
chr12	52357642	52357643	+	0.025	FDR	126	A	CAATT	ok	False
chr12	52357651	52357652	+	0.001	FDR	125	A	TTATT	ok	False
chr12	52357673	52357674	+	0.044	FDR	123	A	AAATA	ok	False
chr12	52357675	52357676	+	5.5e-05	FDR	120	A	ATAAT	ok	False
chr12	55458976	55458977	+	2.9e-07	FDR	561	A	TGATT	ok	False
chr12	55459001	55459002	+	2.3e-09	FDR	707	A	GCAAG	ok	False
chr12	55459018	55459019	+	1.3e-08	FDR	732	A	ACAAG	ok	False
chr12	55459025	55459026	+	3.6e-07	FDR	758	A	TGATC	ok	False
chr12	65109251	65109252	-	5.7e-08	FDR	814	T	GGTAA	ok	False
chr12	65109353	65109354	-	0.017	FDR	1017	T	AGTAA	ok	False
chr12	65109457	65109458	-	0.00012	FDR	1000	T	GGTTT	ok	True
chr12	65109458	65109459	-	9e-05	FDR	1017	T	GTTTC	ok	False
chr12	65109500	65109501	-	0.0012	FDR	893	T	GGTGT	ok	False
chr12	65109502	65109503	-	2.8e-07	FDR	923	T	TGTTT	ok	True
chr12	65109507	65109508	-	0.022	FDR	902	T	GGTGG	ok	False
chr12	65109512	65109513	-	0.012	FDR	867	T	AATTC	ok	False
chr12	65112518	65112519	-	0.0007	FDR	747	T	GATAA	ok	False
chr12	66330405	66330406	-	3.1e-05	FDR	458	T	AGTAA	ok	False
chr12	66330413	66330414	-	0.004	FDR	427	T	TCTAA	ok	False
chr12	66330418	66330419	-	3e-08	FDR	385	T	AGTCA	ok	True
chr12	66330483	66330484	-	1.7e-14	FDR	291	T	AGTCC	ok	True
chr12	66330641	66330642	-	1e-05	FDR	292	T	CTTCT	ok	False
chr12	69205785	69205786	-	1.9e-281	FDR	1060	T	CCTGG	ok	False
chr12	69205821	69205822	-	1e-23	FDR	990	T	GCTGG	ok	False
chr12	69229536	69229537	-	0.00032	FDR	2924	T	TCTAG	ok	False
chr12	69229634	69229635	-	1.2e-29	FDR	2746	T	AGTTC	ok	True
chr12	69229780	69229781	-	4e-12	FDR	2697	T	CTTGC	ok	False
chr12	69229882	69229883	-	1.2e-190	FDR	1458	T	AGTCC	ok	True
chr12	69229895	69229896	-	6.2e-17	FDR	1726	T	TTTGG	ok	False
chr12	71006697	71006698	+	4.1e-07	FDR	144	A	AGATT	ok	False
chr12	71006781	71006782	+	0.02	FDR	146	A	CCACC	ok	False
chr12	71008781	71008782	+	0.028	FDR	173	A	GCAAC	ok	False
chr12	71039793	71039794	+	0.012	FDR	138	A	ACATA	ok	False
chr12	71041138	71041139	+	0.012	FDR	185	A	GAAGA	ok	False
chr12	71041146	71041147	+	0.0012	FDR	191	A	TGAAT	ok	False
chr12	71041194	71041195	+	0.00052	FDR	179	A	TTACA	ok	False
chr12	75677762	75677763	-	0.0016	FDR	5605	T	AATCC	ok	False
chr12	75677929	75677930	-	6.6e-08	FDR	4964	T	AATGA	ok	False
chr12	76967796	76967797	+	4e-05	FDR	232	A	ACAGT	ok	False
chr12	76967816	76967817	+	0.036	FDR	241	A	CCAGA	ok	False
chr12	78931792	78931793	+	1.1e-05	FDR	328	A	ATATT	ok	False
chr12	78931831	78931832	+	4.3e-06	FDR	394	A	GAATC	ok	False
chr12	78931896	78931897	+	0.0098	FDR	406	A	TCAAG	ok	False
chr12	78931918	78931919	+	0.0016	FDR	419	A	CCAGA	ok	False
chr12	78931938	78931939	+	1.5e-08	FDR	420	A	GCAGT	ok	False
chr12	78931945	78931946	+	0.007	FDR	391	A	TAATA	ok	False
chr12	78932025	78932026	+	0.011	FDR	434	A	ACACA	ok	False
chr12	80214714	80214715	-	6.9e-17	FDR	223	T	GTTAT	ok	False
chr12	80214742	80214743	-	0.045	FDR	201	T	TTTCG	ok	False
chr12	80214759	80214760	-	0.015	FDR	174	T	AATTT	ok	False
chr12	80680869	80680870	-	9.6e-08	FDR	640	T	CTTGT	ok	False
chr12	80681054	80681055	-	2.7e-06	FDR	717	T	GATCA	ok	False
chr12	80681085	80681086	-	0.0005	FDR	705	T	CTTGG	ok	False
chr12	80681158	80681159	-	0.0041	FDR	693	T	CCTGT	ok	False
chr12	80681167	80681168	-	8.7e-28	FDR	674	T	AGTCC	ok	True
chr12	80681262	80681263	-	2.4e-07	FDR	491	T	CTTTG	ok	False
chr12	80681279	80681280	-	0.00021	FDR	384	T	TATGT	ok	False
chr12	83729710	83729711	+	0.0023	FDR	99	A	TTACT	ok	False
chr12	84803372	84803373	-	6.6e-13	FDR	720	T	TCTGG	ok	False
chr12	84803519	84803520	-	1.2e-09	FDR	684	T	TCTGG	ok	False
chr12	84803543	84803544	-	0.0014	FDR	654	T	GATCC	ok	False
chr12	85026170	85026171	+	9.7e-08	FDR	355	A	GTATC	ok	False
chr12	85027337	85027338	+	4.2e-05	FDR	480	A	GAACC	ok	True
chr12	85027360	85027361	+	0.00075	FDR	474	A	GTACA	ok	False
chr12	85027369	85027370	+	0.0011	FDR	462	A	GTAAC	ok	False
chr12	85029050	85029051	+	1e-06	FDR	500	A	AAACG	ok	False
chr12	85029066	85029067	+	1.7e-17	FDR	503	A	AGATC	ok	False
chr12	85029088	85029089	+	4.8e-08	FDR	481	A	GTACT	ok	False
chr12	85029092	85029093	+	6.2e-05	FDR	496	A	TTATC	ok	False
chr12	85029949	85029950	+	2.1e-14	FDR	485	A	ACATC	ok	False
chr12	85029968	85029969	+	1.7e-07	FDR	498	A	TGATT	ok	False
chr12	85029990	85029991	+	0.0026	FDR	497	A	TAATT	ok	False
chr12	85273152	85273153	+	3.5e-08	FDR	318	A	GGAAC	ok	False
chr12	85273153	85273154	+	2.5e-06	FDR	277	A	GAACT	ok	True
chr12	85273159	85273160	+	0.012	FDR	290	A	CAACC	ok	False
chr12	85273236	85273237	+	1.7e-05	FDR	322	A	AGACC	ok	True
chr12	86927546	86927547	-	0.0026	FDR	200	T	AATGT	ok	False
chr12	87320507	87320508	+	0.00072	FDR	753	A	AGACC	ok	True
chr12	87320541	87320542	+	0.038	FDR	764	A	CCAGC	ok	False
chr12	87320589	87320590	+	1.5e-12	FDR	719	A	GCAAT	ok	False
chr12	87490768	87490769	+	7.6e-11	FDR	565	A	TCAGA	ok	False
chr12	87494336	87494337	+	2.4e-09	FDR	590	A	TGAGC	ok	False
chr12	87496114	87496115	+	0.015	FDR	631	A	TCAGG	ok	False
chr12	100087404	100087405	+	4.8e-37	FDR	648	A	CAAGG	ok	False
chr12	101935754	101935755	-	0.0066	FDR	291	T	TTTGA	ok	False
chr12	101941920	101941921	-	0.0013	FDR	227	T	CTTCA	ok	False
chr12	102535192	102535193	-	0.04	FDR	285	T	GCTGA	ok	False
chr12	105006607	105006608	+	0.023	FDR	141	A	ACATC	ok	False
chr12	105006629	105006630	+	0.00026	FDR	155	A	GAATG	ok	False
chr12	105804901	105804902	+	0.0061	FDR	266	A	AGATT	ok	False
chr12	105804969	105804970	+	1.4e-07	FDR	287	A	GCATC	ok	False
chr12	105805118	105805119	+	0.0002	FDR	302	A	GTACT	ok	False
chr12	108782391	108782392	+	4e-05	FDR	196	A	GTACA	ok	False
chr12	110535483	110535484	+	0.00086	FDR	268	A	AAACT	ok	True
chr12	110632733	110632734	+	0.011	FDR	223	A	GAAGC	ok	False
chr12	110633211	110633212	+	7.8e-09	FDR	360	A	TGATG	ok	False
chr12	110633318	110633319	+	7.7e-05	FDR	358	A	GAATG	ok	False
chr12	111635879	111635880	-	4.3e-143	FDR	1665	T	AGTCT	ok	True
chr12	111635929	111635930	-	4.1e-34	FDR	1954	T	GATGC	ok	False
chr12	111927950	111927951	-	1.5e-05	FDR	600	T	GATGG	ok	False
chr12	112613295	112613296	+	8.5e-07	FDR	322	A	CCAAG	ok	False
chr12	113117083	113117084	+	0.025	FDR	181	A	GCAAG	ok	False
chr13	9224025	9224026	+	9.2e-05	FDR	34	A	CAAAA	ok	False
chr13	9224075	9224076	+	0.0014	FDR	98	A	GCAGT	ok	False
chr13	9224238	9224239	+	0.027	FDR	131	A	ACAGC	ok	False
chr13	12453550	12453551	+	1.7e-08	FDR	215	A	CTACT	ok	False
chr13	12453669	12453670	+	3.1e-05	FDR	222	A	CGATA	ok	False
chr13	12453754	12453755	+	0.0073	FDR	223	A	TAAAC	ok	False
chr13	14790659	14790660	+	0.0007	FDR	284	A	TCAGT	ok	False
chr13	14791326	14791327	+	0.00013	FDR	306	A	CAAAT	ok	False
chr13	14791340	14791341	+	2.3e-06	FDR	326	A	TTAGC	ok	False
chr13	14791431	14791432	+	3.3e-22	FDR	404	A	ACAGT	ok	False
chr13	14795368	14795369	+	9.1e-08	FDR	723	A	ATATT	ok	False
chr13	19050639	19050640	+	8.8e-09	FDR	159	A	TGACT	ok	True
chr13	19050727	19050728	+	4.9e-06	FDR	161	A	GTAAC	ok	False
chr13	19050789	19050790	+	6.4e-15	FDR	186	A	GCATT	ok	False
chr13	19050806	19050807	+	0.0016	FDR	184	A	TTAAA	ok	False
chr13	19050807	19050808	+	1.7e-05	FDR	188	A	TAAAA	ok	False
chr13	19050808	19050809	+	0.0017	FDR	189	A	AAAAT	ok	False
chr13	19050830	19050831	+	1.5e-15	FDR	180	A	GAACT	ok	True
chr13	19050834	19050835	+	0.0028	FDR	171	A	TGACA	ok	True
chr13	19050848	19050849	+	1.1e-10	FDR	173	A	TGACA	ok	True
chr13	19050931	19050932	+	0.00034	FDR	178	A	TCAGG	ok	False
chr13	23605838	23605839	-	1.1e-12	FDR	139	T	AGTCC	ok	True
chr13	23605851	23605852	-	0.026	FDR	132	T	AGTCA	ok	True
chr13	23605868	23605869	-	2.7e-17	FDR	149	T	TGTCC	ok	True
chr13	23605956	23605957	-	3.8e-06	FDR	146	T	GGTTC	ok	True
chr13	23605983	23605984	-	0.00013	FDR	122	T	TGTTC	ok	True
chr13	24935924	24935925	-	3.4e-19	FDR	356	T	AATAC	ok	False
chr13	24935939	24935940	-	6.1e-08	FDR	307	T	TATTT	ok	False
chr13	24935940	24935941	-	5.6e-05	FDR	351	T	ATTTT	ok	False
chr13	24935941	24935942	-	0.018	FDR	357	T	TTTTA	ok	False
chr13	24935942	24935943	-	5.9e-05	FDR	355	T	TTTAA	ok	False
chr13	24935953	24935954	-	1.3e-10	FDR	358	T	GATAG	ok	False
chr13	24935964	24935965	-	3e-05	FDR	360	T	GATTC	ok	False
chr13	24936056	24936057	-	1.7e-08	FDR	276	T	TGTAC	ok	False
chr13	24936070	24936071	-	0.0011	FDR	355	T	CATCC	ok	False
chr13	24936089	24936090	-	2.7e-08	FDR	303	T	AGTCT	ok	True
chr13	24936111	24936112	-	0.0056	FDR	352	T	GCTCC	ok	False
chr13	24936148	24936149	-	0.006	FDR	342	T	CTTCT	ok	False
chr13	24936151	24936152	-	0.00069	FDR	336	T	CTTCA	ok	False
chr13	24936157	24936158	-	0.0039	FDR	336	T	AATCA	ok	False
chr13	24936187	24936188	-	0.0002	FDR	312	T	AGTTA	ok	True
chr13	24936199	24936200	-	0.0044	FDR	287	T	GTTCA	ok	False
chr13	24997500	24997501	+	0.028	FDR	56	A	GCAAA	ok	False
chr13	24997591	24997592	+	0.0021	FDR	175	A	GCAGA	ok	False
chr13	24997637	24997638	+	0.032	FDR	162	A	GGATA	ok	False
chr13	24997690	24997691	+	0.00015	FDR	173	A	AGAGT	ok	False
chr13	30724504	30724505	-	0.00042	FDR	379	T	AATCT	ok	False
chr13	30724704	30724705	-	3.3e-25	FDR	320	T	AGTCC	ok	True
chr13	30724739	30724740	-	7.2e-14	FDR	343	T	ACTGG	ok	False
chr13	34258447	34258448	-	0.00077	FDR	90	T	AGTTC	ok	True
chr13	34258581	34258582	-	0.00023	FDR	102	T	CATGC	ok	False
chr13	34311523	34311524	-	0.00097	FDR	649	T	GCTGG	ok	False
chr13	34311580	34311581	-	1e-14	FDR	578	T	CGTCC	ok	False
chr13	34311640	34311641	-	6.2e-10	FDR	482	T	ACTGC	ok	False
chr13	34311699	34311700	-	0.0031	FDR	353	T	GCTGA	ok	False
chr13	34311785	34311786	-	0.0024	FDR	248	T	CTTGT	ok	False
chr13	34347230	34347231	+	0.013	FDR	143	A	CTACG	ok	False
chr13	34361992	34361993	+	0.0077	FDR	157	A	TCAGC	ok	False
chr13	34362043	34362044	+	4e-06	FDR	146	A	ACAGG	ok	False
chr13	38163568	38163569	-	0.026	FDR	125	T	AATCG	ok	False
chr13	41166118	41166119	+	0.0009	FDR	279	A	TGATG	ok	False
chr13	41166182	41166183	+	0.00037	FDR	310	A	AAAAT	ok	False
chr13	41166183	41166184	+	0.0055	FDR	310	A	AAATG	ok	False
chr13	41166200	41166201	+	0.041	FDR	312	A	GAAAA	ok	False
chr13	41166217	41166218	+	0.00017	FDR	313	A	GAAAA	ok	False
chr13	41166219	41166220	+	6.5e-08	FDR	318	A	AAATG	ok	False
chr13	41166228	41166229	+	0.036	FDR	288	A	TCACG	ok	False
chr13	41166305	41166306	+	0.011	FDR	324	A	AAATA	ok	False
chr13	41166324	41166325	+	5e-10	FDR	330	A	AAATG	ok	False
chr13	41166340	41166341	+	0.0045	FDR	332	A	AAAAA	ok	False
chr13	41166341	41166342	+	0.00036	FDR	332	A	AAAAG	ok	False
chr13	41166389	41166390	+	1.2e-07	FDR	329	A	TTATT	ok	False
chr13	41175733	41175734	+	2.4e-11	FDR	204	A	GGACG	ok	False
chr13	41175975	41175976	+	4.7e-08	FDR	274	A	TGATG	ok	False
chr13	43554813	43554814	+	0.014	FDR	228	A	AGATC	ok	False
chr13	43554844	43554845	+	0.017	FDR	239	A	AAACA	ok	True
chr13	43555249	43555250	+	1.3e-06	FDR	279	A	ACAAC	ok	False
chr13	43555289	43555290	+	0.0018	FDR	302	A	AAAAA	ok	False
chr13	43555290	43555291	+	0.0015	FDR	302	A	AAAAG	ok	False
chr13	43555304	43555305	+	1.3e-06	FDR	301	A	AAAAC	ok	False
chr13	43555305	43555306	+	1.5e-07	FDR	301	A	AAACT	ok	True
chr13	43555333	43555334	+	0.032	FDR	301	A	AAATG	ok	False
chr13	43555338	43555339	+	0.0017	FDR	300	A	AAAAA	ok	False
chr13	43555339	43555340	+	0.00021	FDR	301	A	AAAAC	ok	False
chr13	43555346	43555347	+	7e-17	FDR	300	A	GCATT	ok	False
chr13	43555400	43555401	+	6.1e-06	FDR	306	A	AAATT	ok	False
chr13	43555416	43555417	+	0.0025	FDR	295	A	AAATC	ok	False
chr13	49032742	49032743	-	0.0043	FDR	205	T	AATAG	ok	False
chr13	49887537	49887538	+	0.006	FDR	303	A	CTATA	ok	False
chr13	49887597	49887598	+	0.00066	FDR	216	A	ATATA	ok	False
chr13	49887601	49887602	+	7.6e-07	FDR	280	A	ATATA	ok	False
chr13	49887603	49887604	+	0.001	FDR	282	A	ATATG	ok	False
chr13	51803732	51803733	+	0.025	FDR	360	A	ACATG	ok	False
chr13	51804430	51804431	+	0.024	FDR	451	A	GCAGC	ok	False
chr13	51804465	51804466	+	5.2e-07	FDR	459	A	GTATA	ok	False
chr13	51804478	51804479	+	1.9e-05	FDR	492	A	TAAGG	ok	False
chr13	51804489	51804490	+	2.7e-10	FDR	490	A	TCAGT	ok	False
chr13	51804581	51804582	+	1.2e-18	FDR	491	A	GCAAG	ok	False
chr13	51804582	51804583	+	0.00035	FDR	494	A	CAAGT	ok	False
chr13	51804597	51804598	+	0.0012	FDR	494	A	TAAGT	ok	False
chr13	54262112	54262113	+	0.028	FDR	186	A	TGAAC	ok	False
chr13	54262113	54262114	+	9e-07	FDR	188	A	GAACG	ok	False
chr13	54262193	54262194	+	0.00031	FDR	159	A	ATAGG	ok	False
chr13	54262266	54262267	+	0.0022	FDR	193	A	CTATC	ok	False
chr13	54606780	54606781	-	0.013	FDR	165	T	AATCC	ok	False
chr13	54606913	54606914	-	0.015	FDR	131	T	GATTT	ok	False
chr13	54733009	54733010	-	0.00087	FDR	239	T	CATCA	ok	False
chr13	54733030	54733031	-	1.9e-05	FDR	221	T	CTTGC	ok	False
chr13	54733097	54733098	-	0.0007	FDR	158	T	AGTCT	ok	True
chr13	54738608	54738609	+	0.012	FDR	139	A	CCAAC	ok	False
chr13	54738638	54738639	+	0.007	FDR	138	A	ACAGG	ok	False
chr13	54738769	54738770	+	0.043	FDR	189	A	TCAGA	ok	False
chr13	54738771	54738772	+	1.8e-07	FDR	188	A	AGACT	ok	True
chr13	54738789	54738790	+	0.0052	FDR	190	A	TCAGA	ok	False
chr13	54738796	54738797	+	3.4e-05	FDR	169	A	GGACC	ok	True
chr13	55472812	55472813	+	1.4e-11	FDR	1159	A	GTACG	ok	False
chr13	55472887	55472888	+	8.7e-05	FDR	1312	A	GCATC	ok	False
chr13	55472896	55472897	+	1.1e-14	FDR	1211	A	CCACA	ok	False
chr13	55472898	55472899	+	4.8e-16	FDR	1315	A	ACACC	ok	False
chr13	55473036	55473037	+	7.9e-19	FDR	1361	A	ATATT	ok	False
chr13	55473047	55473048	+	0.0056	FDR	1190	A	ATAAC	ok	False
chr13	55473048	55473049	+	0.002	FDR	1288	A	TAACA	ok	True
chr13	55494622	55494623	-	7.6e-17	FDR	349	T	AATCC	ok	False
chr13	55494638	55494639	-	7.1e-16	FDR	337	T	AGTTC	ok	True
chr13	55494639	55494640	-	1.2e-19	FDR	353	T	GTTCA	ok	False
chr13	55499061	55499062	-	3.5e-05	FDR	192	T	CTTGT	ok	False
chr13	55826894	55826895	+	2.5e-07	FDR	153	A	GTACT	ok	False
chr13	58273707	58273708	-	0.0041	FDR	417	T	CTTTA	ok	False
chr13	58274783	58274784	-	0.017	FDR	186	T	TATGC	ok	False
chr13	58274868	58274869	-	0.0076	FDR	175	T	ACTAC	ok	False
chr13	58529663	58529664	-	1.3e-13	FDR	80	T	AGTCC	ok	True
chr13	58529697	58529698	-	0.028	FDR	103	T	GATCT	ok	False
chr13	58539065	58539066	-	0.0012	FDR	413	T	AGTTT	ok	True
chr13	58539066	58539067	-	8.2e-08	FDR	539	T	GTTTT	ok	False
chr13	58539067	58539068	-	0.00046	FDR	561	T	TTTTA	ok	False
chr13	58539071	58539072	-	0.043	FDR	567	T	ATTTA	ok	False
chr13	58539078	58539079	-	0.00024	FDR	504	T	TGTGG	ok	False
chr13	58539082	58539083	-	0.024	FDR	437	T	GATTT	ok	False
chr13	58539083	58539084	-	5.4e-17	FDR	547	T	ATTTT	ok	False
chr13	58539084	58539085	-	1.7e-17	FDR	579	T	TTTTG	ok	False
chr13	58539110	58539111	-	6.6e-24	FDR	580	T	GTTAC	ok	False
chr13	58539113	58539114	-	2.2e-21	FDR	575	T	ACTAC	ok	False
chr13	58539143	58539144	-	0.0034	FDR	229	T	CATTT	ok	False
chr13	58539176	58539177	-	6.2e-05	FDR	584	T	CATAA	ok	False
chr13	58539221	58539222	-	0.024	FDR	576	T	ATTGT	ok	False
chr13	58539325	58539326	-	0.0015	FDR	527	T	TCTAA	ok	False
chr13	58539334	58539335	-	0.013	FDR	525	T	AATAA	ok	False
chr13	58539398	58539399	-	0.00036	FDR	439	T	CATTG	ok	False
chr13	66271837	66271838	+	0.0055	FDR	2	A	CCAGA	ok	False
chr13	67048701	67048702	-	0.00041	FDR	705	T	TATTT	ok	False
chr13	67048715	67048716	-	6.6e-09	FDR	731	T	CATAG	ok	False
chr13	67049548	67049549	-	0.032	FDR	624	T	CCTGT	ok	False
chr13	67050799	67050800	-	0.043	FDR	362	T	TTTAT	ok	False
chr13	69964195	69964196	+	0.028	FDR	155	A	ATAAT	ok	False
chr13	73479701	73479702	+	0.00013	FDR	166	A	TCATC	ok	False
chr13	73479720	73479721	+	0.0078	FDR	145	A	AGACT	ok	True
chr13	73479729	73479730	+	0.022	FDR	182	A	CAAGG	ok	False
chr13	73479737	73479738	+	0.00061	FDR	181	A	AGAGG	ok	False
chr13	73479829	73479830	+	2.7e-06	FDR	205	A	AAATT	ok	False
chr13	73479838	73479839	+	0.011	FDR	169	A	TCACC	ok	False
chr13	73479856	73479857	+	8.6e-21	FDR	185	A	ATAAA	ok	False
chr13	73479857	73479858	+	1.5e-17	FDR	212	A	TAAAC	ok	False
chr13	73479858	73479859	+	2.8e-13	FDR	216	A	AAACA	ok	True
chr13	73479903	73479904	+	0.019	FDR	203	A	GAACC	ok	True
chr13	73479953	73479954	+	1.4e-06	FDR	247	A	CCAGA	ok	False
chr13	73480202	73480203	+	1.1e-09	FDR	298	A	GTAGC	ok	False
chr13	73480209	73480210	+	0.014	FDR	292	A	CTATC	ok	False
chr13	73480260	73480261	+	3.5e-20	FDR	298	A	GGATA	ok	False
chr13	74470494	74470495	-	3.7e-07	FDR	233	T	ACTGC	ok	False
chr13	74470502	74470503	-	0.025	FDR	224	T	CATGG	ok	False
chr13	74470531	74470532	-	7.9e-12	FDR	163	T	AGTCC	ok	True
chr13	74470648	74470649	-	0.018	FDR	222	T	AATCC	ok	False
chr13	74470954	74470955	-	0.0049	FDR	261	T	ATTTG	ok	False
chr13	74470979	74470980	-	0.00042	FDR	253	T	TGTAC	ok	False
chr13	74470994	74470995	-	8.6e-05	FDR	258	T	AATTA	ok	False
chr13	74471064	74471065	-	0.034	FDR	249	T	AGTAC	ok	False
chr13	74471081	74471082	-	0.004	FDR	255	T	GATCA	ok	False
chr13	74471096	74471097	-	2.2e-05	FDR	233	T	AGTGA	ok	False
chr13	74554792	74554793	+	5.4e-09	FDR	1149	A	GCACC	ok	False
chr13	86193866	86193867	-	2e-08	FDR	772	T	AATAT	ok	False
chr13	86194783	86194784	-	0.0029	FDR	854	T	TCTGG	ok	False
chr13	90249057	90249058	+	0.017	FDR	130	A	GAATT	ok	False
chr13	90252712	90252713	+	5.3e-06	FDR	162	A	GGACC	ok	True
chr13	90252815	90252816	+	0.0014	FDR	176	A	AAATG	ok	False
chr13	90252836	90252837	+	0.00013	FDR	87	A	GGACT	ok	True
chr13	90252885	90252886	+	0.02	FDR	127	A	AAATT	ok	False
chr13	90252932	90252933	+	0.0099	FDR	128	A	GAATG	ok	False
chr13	92504772	92504773	+	0.034	FDR	146	A	CCAGA	ok	False
chr13	92504789	92504790	+	0.00028	FDR	145	A	GAAAT	ok	False
chr13	92521352	92521353	+	1.6e-08	FDR	175	A	CTATG	ok	False
chr13	92521356	92521357	+	0.00011	FDR	174	A	GCATT	ok	False
chr13	92521375	92521376	+	1.7e-07	FDR	151	A	GGACT	ok	True
chr13	95487328	95487329	-	1.1e-06	FDR	162	T	AGTCC	ok	True
chr13	95487348	95487349	-	0.016	FDR	129	T	TATTT	ok	False
chr13	95487365	95487366	-	2e-05	FDR	176	T	AATGC	ok	False
chr13	95487380	95487381	-	0.042	FDR	120	T	AATAT	ok	False
chr13	95487452	95487453	-	0.0028	FDR	168	T	ACTCT	ok	False
chr13	97268494	97268495	-	0.0038	FDR	421	T	GGTAG	ok	False
chr13	97270085	97270086	-	1.9e-06	FDR	325	T	CTTGT	ok	False
chr13	97270129	97270130	-	0.011	FDR	298	T	CTTCC	ok	False
chr13	97270133	97270134	-	9.8e-07	FDR	268	T	CATGC	ok	False
chr13	97270162	97270163	-	0.0033	FDR	255	T	AATAA	ok	False
chr13	97312971	97312972	-	0.00018	FDR	181	T	AATCT	ok	False
chr13	97312973	97312974	-	1.2e-05	FDR	175	T	TCTTA	ok	False
chr13	97312974	97312975	-	0.00015	FDR	181	T	CTTAA	ok	False
chr13	97313003	97313004	-	3.1e-08	FDR	182	T	GATCA	ok	False
chr13	97313015	97313016	-	4.4e-11	FDR	182	T	AATGC	ok	False
chr13	97313028	97313029	-	0.0012	FDR	183	T	TCTGT	ok	False
chr13	97313070	97313071	-	0.00033	FDR	179	T	TATAG	ok	False
chr13	97313314	97313315	-	0.017	FDR	187	T	TCTGC	ok	False
chr13	97313374	97313375	-	2.4e-05	FDR	184	T	GCTCC	ok	False
chr13	97313570	97313571	-	0.00039	FDR	165	T	TCTTG	ok	False
chr13	97313571	97313572	-	0.0072	FDR	168	T	CTTGG	ok	False
chr13	98446488	98446489	-	7e-13	FDR	2004	T	GGTAT	ok	False
chr13	98446539	98446540	-	6.6e-132	FDR	2010	T	AATAT	ok	False
chr13	98446554	98446555	-	0.00013	FDR	2008	T	GATTT	ok	False
chr13	98446624	98446625	-	8.5e-92	FDR	2040	T	AATTT	ok	False
chr13	98446634	98446635	-	1.5e-08	FDR	1906	T	AGTAT	ok	False
chr13	98446675	98446676	-	1.1e-24	FDR	2031	T	CATTC	ok	False
chr13	98447538	98447539	-	6.9e-06	FDR	1817	T	CATCC	ok	False
chr13	99456214	99456215	-	0.00036	FDR	235	T	AATGG	ok	False
chr13	99456351	99456352	-	1.2e-18	FDR	233	T	AGTCA	ok	True
chr13	99456501	99456502	-	7.7e-05	FDR	166	T	CTTGG	ok	False
chr13	99456529	99456530	-	0.0012	FDR	161	T	TCTGG	ok	False
chr13	99551826	99551827	+	0.014	FDR	104	A	AGACT	ok	True
chr13	99551938	99551939	+	0.016	FDR	93	A	TAACA	ok	True
chr13	100802584	100802585	+	0.0012	FDR	177	A	GCAGC	ok	False
chr13	100802619	100802620	+	1.8e-08	FDR	190	A	CCAGG	ok	False
chr13	100802645	100802646	+	0.0026	FDR	181	A	TCAAA	ok	False
chr13	100802654	100802655	+	0.014	FDR	198	A	AAAAA	ok	False
chr13	100802698	100802699	+	0.0066	FDR	198	A	ATAGT	ok	False
chr13	100802824	100802825	+	0.017	FDR	193	A	AAAAG	ok	False
chr13	100896234	100896235	-	0.0067	FDR	187	T	AGTTA	ok	True
chr13	100896370	100896371	-	0.012	FDR	209	T	GATGC	ok	False
chr13	100896439	100896440	-	7.9e-12	FDR	207	T	GATGC	ok	False
chr13	100896484	100896485	-	0.0014	FDR	205	T	CATCA	ok	False
chr13	108189400	108189401	-	1.9e-06	FDR	225	T	ACTGG	ok	False
chr13	108189461	108189462	-	4.9e-05	FDR	192	T	TCTCT	ok	False
chr13	108217894	108217895	-	0.0095	FDR	125	T	AGTGG	ok	False
chr13	111562316	111562317	-	4.2e-05	FDR	84	T	CTTGC	ok	False
chr13	111562428	111562429	-	0.036	FDR	77	T	GCTAC	ok	False
chr13	113004415	113004416	-	3.1e-06	FDR	243	T	ACTGA	ok	False
chr13	113004448	113004449	-	0.015	FDR	189	T	AATCA	ok	False
chr13	113004464	113004465	-	0.0032	FDR	189	T	GATAA	ok	False
chr13	113005556	113005557	-	0.00027	FDR	187	T	TTTGT	ok	False
chr13	113005614	113005615	-	0.0008	FDR	175	T	AGTTC	ok	True
chr13	113105821	113105822	+	0.00073	FDR	118	A	AAATG	ok	False
chr13	113105885	113105886	+	1.2e-05	FDR	112	A	GGACT	ok	True
chr13	114425282	114425283	-	3.4e-15	FDR	500	T	GATGT	ok	False
chr13	114425284	114425285	-	0.0065	FDR	506	T	TGTAG	ok	False
chr13	114425316	114425317	-	0.0055	FDR	547	T	CTTGT	ok	False
chr13	114425389	114425390	-	1.6e-14	FDR	548	T	CATCA	ok	False
chr13	114444356	114444357	-	5.9e-07	FDR	486	T	TTTTT	ok	False
chr13	114444357	114444358	-	0.0011	FDR	501	T	TTTTT	ok	False
chr13	114444358	114444359	-	4.3e-09	FDR	514	T	TTTTT	ok	False
chr13	114444359	114444360	-	0.0065	FDR	515	T	TTTTC	ok	False
chr13	114453432	114453433	-	4.8e-07	FDR	444	T	TCTGG	ok	False
chr13	114453486	114453487	-	0.0002	FDR	330	T	GTTAT	ok	False
chr13	114453536	114453537	-	0.0012	FDR	290	T	CTTCT	ok	False
chr13	114453538	114453539	-	0.027	FDR	290	T	TCTGG	ok	False
chr13	118516894	118516895	-	5.5e-07	FDR	228	T	GGTCC	ok	True
chr13	118516906	118516907	-	7.9e-16	FDR	265	T	AGTTC	ok	True
chr13	118516907	118516908	-	6.8e-09	FDR	278	T	GTTCC	ok	False
chr13	118516921	118516922	-	0.02	FDR	276	T	CTTGC	ok	False
chr13	118517009	118517010	-	1.3e-08	FDR	275	T	CATCA	ok	False
chr13	118517012	118517013	-	6.6e-23	FDR	266	T	CATTA	ok	False
chr13	118517013	118517014	-	0.004	FDR	270	T	ATTAT	ok	False
chr14	4199695	4199696	+	0.00021	FDR	386	A	AAACG	ok	False
chr14	4200419	4200420	+	3e-36	FDR	435	A	GAATT	ok	False
chr14	4200549	4200550	+	6.9e-17	FDR	468	A	GAAAT	ok	False
chr14	4200550	4200551	+	2.5e-16	FDR	466	A	AAATG	ok	False
chr14	4200564	4200565	+	1.2e-40	FDR	437	A	ACATC	ok	False
chr14	4200686	4200687	+	0.00011	FDR	415	A	ATACA	ok	False
chr14	4200695	4200696	+	2.2e-22	FDR	453	A	ATATT	ok	False
chr14	4200704	4200705	+	0.0029	FDR	467	A	AAATT	ok	False
chr14	8353542	8353543	+	3.1e-06	FDR	219	A	ACAGT	ok	False
chr14	8353561	8353562	+	2.4e-06	FDR	224	A	GCAGT	ok	False
chr14	8357451	8357452	+	0.0014	FDR	459	A	TTATC	ok	False
chr14	8357497	8357498	+	0.0087	FDR	392	A	TTACA	ok	False
chr14	14303412	14303413	+	5.1e-05	FDR	212	A	GCAGT	ok	False
chr14	14303442	14303443	+	6.1e-19	FDR	217	A	GGACT	ok	True
chr14	14303488	14303489	+	2.7e-13	FDR	234	A	GGACT	ok	True
chr14	14303699	14303700	+	0.0099	FDR	288	A	TAACT	ok	True
chr14	14303727	14303728	+	6.7e-07	FDR	244	A	CTACA	ok	False
chr14	14518302	14518303	-	0.0042	FDR	103	T	GGTCC	ok	True
chr14	19866298	19866299	-	8.1e-11	FDR	448	T	GGTTA	ok	True
chr14	19866328	19866329	-	0.035	FDR	372	T	AATCA	ok	False
chr14	19866334	19866335	-	0.0003	FDR	364	T	GATTA	ok	False
chr14	19866338	19866339	-	6.4e-07	FDR	368	T	ATTTA	ok	False
chr14	19866339	19866340	-	2.8e-06	FDR	364	T	TTTAC	ok	False
chr14	19867148	19867149	-	0.0013	FDR	333	T	GCTCT	ok	False
chr14	19867150	19867151	-	0.019	FDR	332	T	TCTGC	ok	False
chr14	19867178	19867179	-	0.0075	FDR	276	T	TTTTC	ok	False
chr14	19867185	19867186	-	0.00039	FDR	271	T	GTTAT	ok	False
chr14	20370520	20370521	-	0.0011	FDR	157	T	AATCG	ok	False
chr14	20370526	20370527	-	0.047	FDR	140	T	TGTCC	ok	True
chr14	20370644	20370645	-	8.4e-08	FDR	145	T	CCTGG	ok	False
chr14	20370659	20370660	-	0.033	FDR	143	T	ACTCA	ok	False
chr14	20441498	20441499	-	2.4e-05	FDR	595	T	CATTG	ok	False
chr14	20754251	20754252	+	0.02	FDR	350	A	ACAAG	ok	False
chr14	20754284	20754285	+	0.037	FDR	318	A	ACAAA	ok	False
chr14	20754302	20754303	+	1.5e-06	FDR	369	A	GAAAA	ok	False
chr14	20754321	20754322	+	0.02	FDR	367	A	CAATG	ok	False
chr14	20754325	20754326	+	0.00018	FDR	350	A	GAACT	ok	True
chr14	20754344	20754345	+	0.00057	FDR	371	A	CTATA	ok	False
chr14	20754350	20754351	+	0.00089	FDR	376	A	AGAGA	ok	False
chr14	20754444	20754445	+	2.7e-07	FDR	377	A	GAATG	ok	False
chr14	21895329	21895330	+	0.02	FDR	579	A	GAACG	ok	False
chr14	21895335	21895336	+	7e-18	FDR	576	A	ATATC	ok	False
chr14	21895358	21895359	+	1.1e-05	FDR	439	A	ATATT	ok	False
chr14	24545987	24545988	+	1.9e-06	FDR	131	A	GCAGT	ok	False
chr14	24546104	24546105	+	0.02	FDR	127	A	CAATT	ok	False
chr14	26377616	26377617	+	0.00031	FDR	244	A	CAAAA	ok	False
chr14	26377868	26377869	+	0.00048	FDR	309	A	CTACT	ok	False
chr14	26377985	26377986	+	1.3e-08	FDR	337	A	TGATT	ok	False
chr14	29715011	29715012	+	0.016	FDR	112	A	GCAAC	ok	False
chr14	29715028	29715029	+	0.0012	FDR	115	A	GAATG	ok	False
chr14	29715086	29715087	+	0.00016	FDR	97	A	ATAAA	ok	False
chr14	31201112	31201113	-	0.0015	FDR	72	T	TGTAC	ok	False
chr14	31804907	31804908	-	1.1e-12	FDR	121	T	AGTTT	ok	True
chr14	31804960	31804961	-	2.3e-11	FDR	114	T	AGTCC	ok	True
chr14	31805032	31805033	-	0.0071	FDR	179	T	GATCA	ok	False
chr14	31902227	31902228	-	2.1e-09	FDR	159	T	TATGG	ok	False
chr14	31902379	31902380	-	0.034	FDR	154	T	TTTGT	ok	False
chr14	31902381	31902382	-	0.019	FDR	153	T	TGTCA	ok	True
chr14	31902397	31902398	-	4.6e-07	FDR	115	T	AGTCT	ok	True
chr14	31902424	31902425	-	0.015	FDR	134	T	GGTAC	ok	False
chr14	31902464	31902465	-	0.00012	FDR	122	T	GATCT	ok	False
chr14	34065858	34065859	+	0.018	FDR	181	A	GTACA	ok	False
chr14	34065985	34065986	+	5.1e-09	FDR	227	A	CCAGG	ok	False
chr14	34065997	34065998	+	0.028	FDR	240	A	TCAGG	ok	False
chr14	34066124	34066125	+	1e-06	FDR	247	A	TAACT	ok	True
chr14	34066171	34066172	+	0.016	FDR	261	A	GTATT	ok	False
chr14	34066176	34066177	+	4.2e-08	FDR	217	A	TTATT	ok	False
chr14	34066396	34066397	+	0.0018	FDR	242	A	ACAAG	ok	False
chr14	34066397	34066398	+	0.0099	FDR	255	A	CAAGG	ok	False
chr14	34066401	34066402	+	3.3e-08	FDR	235	A	GGACT	ok	True
chr14	34066422	34066423	+	1.2e-06	FDR	262	A	GCAGT	ok	False
chr14	34066702	34066703	+	0.0038	FDR	440	A	CCAGG	ok	False
chr14	34066737	34066738	+	8e-06	FDR	437	A	CCAGA	ok	False
chr14	34077243	34077244	-	1.9e-09	FDR	186	T	CCTGC	ok	False
chr14	34469710	34469711	+	0.0017	FDR	120	A	GTAAC	ok	False
chr14	34469787	34469788	+	0.011	FDR	123	A	CCAAT	ok	False
chr14	34469825	34469826	+	2.3e-06	FDR	122	A	TGATC	ok	False
chr14	45581129	45581130	+	0.01	FDR	339	A	CAAGA	ok	False
chr14	45581138	45581139	+	0.0015	FDR	326	A	ATATA	ok	False
chr14	45586226	45586227	+	2.9e-11	FDR	565	A	ATAAT	ok	False
chr14	45696419	45696420	-	0.032	FDR	153	T	ACTAG	ok	False
chr14	47013131	47013132	-	0.0014	FDR	245	T	ATTTC	ok	False
chr14	47013232	47013233	-	0.036	FDR	269	T	CTTGG	ok	False
chr14	47013425	47013426	-	2.3e-05	FDR	186	T	AATAC	ok	False
chr14	47045854	47045855	-	2.3e-05	FDR	126	T	AATGA	ok	False
chr14	51164065	51164066	+	0.021	FDR	335	A	GGACT	ok	True
chr14	51164076	51164077	+	4.8e-12	FDR	439	A	CCAGA	ok	False
chr14	51164093	51164094	+	0.035	FDR	441	A	CTATG	ok	False
chr14	51164128	51164129	+	4.6e-05	FDR	502	A	TGACC	ok	True
chr14	51164136	51164137	+	0.02	FDR	512	A	GTAAC	ok	False
chr14	51164198	51164199	+	0.00013	FDR	607	A	GAACT	ok	True
chr14	51164236	51164237	+	0.037	FDR	679	A	GCATC	ok	False
chr14	51164257	51164258	+	0.019	FDR	670	A	TTACG	ok	False
chr14	51164283	51164284	+	3.1e-11	FDR	770	A	TGATG	ok	False
chr14	51164286	51164287	+	5.4e-05	FDR	745	A	TGAAT	ok	False
chr14	51164287	51164288	+	0.019	FDR	768	A	GAATG	ok	False
chr14	51164302	51164303	+	1.7e-10	FDR	801	A	GAATG	ok	False
chr14	51164348	51164349	+	9.5e-06	FDR	821	A	TTACC	ok	False
chr14	51164354	51164355	+	3.6e-23	FDR	755	A	GCATT	ok	False
chr14	51164395	51164396	+	5.4e-09	FDR	873	A	TGACC	ok	True
chr14	51164416	51164417	+	5.9e-23	FDR	820	A	TTACC	ok	False
chr14	51164429	51164430	+	1.1e-06	FDR	873	A	TGATA	ok	False
chr14	51164514	51164515	+	5e-53	FDR	876	A	GTATG	ok	False
chr14	51164535	51164536	+	0.00057	FDR	832	A	ACATT	ok	False
chr14	51188973	51188974	+	0.00062	FDR	297	A	CCAAT	ok	False
chr14	51188974	51188975	+	0.0016	FDR	299	A	CAATC	ok	False
chr14	51189005	51189006	+	3.1e-05	FDR	310	A	GCAGC	ok	False
chr14	51189118	51189119	+	0.0089	FDR	382	A	CAAGT	ok	False
chr14	51189210	51189211	+	0.0025	FDR	463	A	CCAGA	ok	False
chr14	51189212	51189213	+	1.3e-11	FDR	464	A	AGATG	ok	False
chr14	51189309	51189310	+	0.0011	FDR	472	A	ACACT	ok	False
chr14	51189360	51189361	+	0.027	FDR	459	A	AGACA	ok	True
chr14	51189392	51189393	+	2.7e-12	FDR	408	A	GGACC	ok	True
chr14	52531693	52531694	+	0.011	FDR	119	A	CAAGA	ok	False
chr14	52531832	52531833	+	0.026	FDR	124	A	AAACG	ok	False
chr14	52531835	52531836	+	0.00095	FDR	123	A	CGACA	ok	False
chr14	52531850	52531851	+	0.0058	FDR	121	A	CGATC	ok	False
chr14	54480274	54480275	-	1.5e-13	FDR	453	T	GATGC	ok	False
chr14	54605399	54605400	+	0.0021	FDR	196	A	AGAGC	ok	False
chr14	54605894	54605895	+	0.025	FDR	290	A	AGACA	ok	True
chr14	54605963	54605964	+	9.3e-14	FDR	320	A	AGACT	ok	True
chr14	54606029	54606030	+	6.5e-29	FDR	302	A	AGACT	ok	True
chr14	54664535	54664536	+	1.6e-24	FDR	665	A	CCAGT	ok	False
chr14	54667152	54667153	+	1.8e-19	FDR	697	A	GGACT	ok	True
chr14	54707516	54707517	+	0.017	FDR	107	A	ACACT	ok	False
chr14	54707661	54707662	+	0.00015	FDR	111	A	ACACA	ok	False
chr14	54744894	54744895	-	2.3e-16	FDR	476	T	TGTCC	ok	True
chr14	54744994	54744995	-	1e-05	FDR	349	T	CCTTG	ok	False
chr14	54744995	54744996	-	1.4e-05	FDR	358	T	CTTGA	ok	False
chr14	54745009	54745010	-	8.5e-05	FDR	354	T	GATCC	ok	False
chr14	54745031	54745032	-	5.5e-14	FDR	329	T	CCTCT	ok	False
chr14	54745033	54745034	-	9.2e-05	FDR	330	T	TCTGG	ok	False
chr14	54745041	54745042	-	0.016	FDR	301	T	GCTGG	ok	False
chr14	54745055	54745056	-	3.1e-10	FDR	293	T	TATGC	ok	False
chr14	54745069	54745070	-	0.015	FDR	293	T	CCTGG	ok	False
chr14	54745075	54745076	-	0.00016	FDR	231	T	AGTCC	ok	True
chr14	54779312	54779313	-	1.8e-05	FDR	236	T	AATTT	ok	False
chr14	54779433	54779434	-	2.7e-29	FDR	140	T	TGTCC	ok	True
chr14	54779587	54779588	-	2.4e-06	FDR	213	T	AGTCT	ok	True
chr14	54779648	54779649	-	0.013	FDR	168	T	TGTGC	ok	False
chr14	54851584	54851585	-	0.00064	FDR	618	T	GGTAC	ok	False
chr14	54851590	54851591	-	5.3e-41	FDR	631	T	ATTAT	ok	False
chr14	54851623	54851624	-	0.003	FDR	660	T	GATGC	ok	False
chr14	54851697	54851698	-	2.2e-48	FDR	670	T	TGTCA	ok	True
chr14	54851713	54851714	-	0.0043	FDR	676	T	GATCC	ok	False
chr14	54854033	54854034	-	0.00032	FDR	451	T	ACTGA	ok	False
chr14	54854114	54854115	-	3.4e-06	FDR	359	T	ACTGC	ok	False
chr14	54854142	54854143	-	1e-12	FDR	338	T	GCTGC	ok	False
chr14	54854254	54854255	-	0.015	FDR	233	T	GCTGC	ok	False
chr14	55259541	55259542	+	0.0056	FDR	204	A	AGAGG	ok	False
chr14	55260796	55260797	+	1e-06	FDR	300	A	CCAGA	ok	False
chr14	55260824	55260825	+	1.4e-07	FDR	280	A	CTACC	ok	False
chr14	55818770	55818771	+	0.00014	FDR	312	A	TGACA	ok	True
chr14	55818829	55818830	+	7.2e-07	FDR	318	A	TGATC	ok	False
chr14	55825000	55825001	-	2.9e-05	FDR	134	T	GCTGA	ok	False
chr14	55825506	55825507	-	1.3e-05	FDR	154	T	TGTCC	ok	True
chr14	55825538	55825539	-	0.018	FDR	149	T	CGTTC	ok	False
chr14	55825548	55825549	-	0.012	FDR	145	T	AGTAC	ok	False
chr14	55825922	55825923	-	0.0028	FDR	105	T	CATTT	ok	False
chr14	55826770	55826771	-	0.044	FDR	114	T	TCTCT	ok	False
chr14	55899906	55899907	-	1e-21	FDR	814	T	TCTGG	ok	False
chr14	55900066	55900067	-	3e-10	FDR	673	T	GCTGT	ok	False
chr14	55901269	55901270	-	0.017	FDR	509	T	CCTTG	ok	False
chr14	55901270	55901271	-	0.047	FDR	514	T	CTTGT	ok	False
chr14	55901303	55901304	-	6.7e-06	FDR	512	T	CTTCC	ok	False
chr14	55909342	55909343	-	1.9e-06	FDR	204	T	GCTTC	ok	False
chr14	55990806	55990807	+	0.00012	FDR	231	A	AAATT	ok	False
chr14	55991122	55991123	+	0.0082	FDR	245	A	CAAGA	ok	False
chr14	55991268	55991269	+	2.6e-19	FDR	259	A	GGACT	ok	True
chr14	55991323	55991324	+	0.042	FDR	268	A	CCAAA	ok	False
chr14	55991347	55991348	+	7.8e-08	FDR	336	A	GTAGT	ok	False
chr14	55991362	55991363	+	1.2e-08	FDR	331	A	AAACT	ok	True
chr14	55991381	55991382	+	2.5e-07	FDR	325	A	CCAGA	ok	False
chr14	55991482	55991483	+	0.00035	FDR	261	A	CCAAG	ok	False
chr14	58064207	58064208	+	1.8e-07	FDR	213	A	CCACT	ok	False
chr14	58064261	58064262	+	2e-05	FDR	209	A	ACATC	ok	False
chr14	58064298	58064299	+	3.8e-07	FDR	213	A	GGATA	ok	False
chr14	58064305	58064306	+	4.3e-05	FDR	189	A	GGACT	ok	True
chr14	58064340	58064341	+	1.5e-11	FDR	214	A	AAAAT	ok	False
chr14	58064341	58064342	+	3.5e-07	FDR	215	A	AAATG	ok	False
chr14	58064354	58064355	+	2.4e-07	FDR	209	A	GTACC	ok	False
chr14	58064378	58064379	+	2.8e-05	FDR	215	A	GTATC	ok	False
chr14	61578522	61578523	-	0.0029	FDR	141	T	CTTCA	ok	False
chr14	61578550	61578551	-	8.2e-11	FDR	144	T	GATCG	ok	False
chr14	61578586	61578587	-	6e-10	FDR	143	T	GATCG	ok	False
chr14	61602886	61602887	-	7.9e-07	FDR	213	T	GGTCA	ok	True
chr14	61602934	61602935	-	0.0038	FDR	208	T	CTTGA	ok	False
chr14	61602961	61602962	-	0.011	FDR	188	T	GTTTG	ok	False
chr14	62601507	62601508	+	2.4e-08	FDR	165	A	TGATC	ok	False
chr14	62607931	62607932	+	1.8e-05	FDR	191	A	TTATC	ok	False
chr14	62607963	62607964	+	0.002	FDR	181	A	TTACA	ok	False
chr14	62609905	62609906	+	0.0052	FDR	210	A	AAAAA	ok	False
chr14	63380013	63380014	+	0.031	FDR	190	A	GCATC	ok	False
chr14	63380046	63380047	+	6.7e-06	FDR	219	A	GTAGT	ok	False
chr14	63380095	63380096	+	0.025	FDR	250	A	CCATC	ok	False
chr14	63729881	63729882	-	6.7e-07	FDR	773	T	TCTGG	ok	False
chr14	63730062	63730063	-	2.7e-115	FDR	1531	T	TGTCC	ok	True
chr14	63730175	63730176	-	3.3e-40	FDR	1546	T	TCTGG	ok	False
chr14	63730218	63730219	-	3e-16	FDR	1416	T	TCTGG	ok	False
chr14	63731228	63731229	-	9.1e-05	FDR	974	T	TCTGG	ok	False
chr14	63731258	63731259	-	2.3e-05	FDR	911	T	CCTGG	ok	False
chr14	63731292	63731293	-	0.034	FDR	747	T	GCTGA	ok	False
chr14	63731367	63731368	-	9.5e-13	FDR	567	T	ACTGA	ok	False
chr14	63731427	63731428	-	0.0043	FDR	524	T	CTTTG	ok	False
chr14	63731852	63731853	-	0.016	FDR	401	T	GATAA	ok	False
chr14	66055130	66055131	+	0.00038	FDR	147	A	AGAGT	ok	False
chr14	66055135	66055136	+	0.0059	FDR	97	A	TCATA	ok	False
chr14	66548625	66548626	+	0.0055	FDR	150	A	GTAAC	ok	False
chr14	66548747	66548748	+	6.1e-05	FDR	143	A	AGACT	ok	True
chr14	67253196	67253197	-	0.0051	FDR	200	T	GATTA	ok	False
chr14	67253235	67253236	-	2.1e-11	FDR	201	T	TATTC	ok	False
chr14	67253250	67253251	-	2.1e-08	FDR	201	T	ACTGA	ok	False
chr14	67253283	67253284	-	4.8e-05	FDR	198	T	CGTTC	ok	False
chr14	73831154	73831155	+	0.00033	FDR	143	A	ACAGT	ok	False
chr14	73832846	73832847	+	0.00043	FDR	142	A	CCAAA	ok	False
chr14	73832847	73832848	+	2.7e-09	FDR	165	A	CAAAG	ok	False
chr14	73832856	73832857	+	0.043	FDR	149	A	CCATG	ok	False
chr14	76083651	76083652	+	0.0057	FDR	1976	A	GTAGA	ok	False
chr14	76084163	76084164	+	4.7e-12	FDR	2139	A	CCAGA	ok	False
chr14	76085544	76085545	+	0.012	FDR	2346	A	AAATT	ok	False
chr14	76085603	76085604	+	2.1e-26	FDR	2287	A	GGACT	ok	True
chr14	76085619	76085620	+	1.3e-158	FDR	2071	A	GGACT	ok	True
chr14	76134626	76134627	-	3.1e-05	FDR	119	T	AATTC	ok	False
chr14	76134884	76134885	-	1.1e-05	FDR	145	T	TGTCT	ok	True
chr14	76372256	76372257	+	0.00049	FDR	195	A	AAATG	ok	False
chr14	76372278	76372279	+	0.0015	FDR	179	A	CGATA	ok	False
chr14	78063768	78063769	-	0.0019	FDR	186	T	CATTC	ok	False
chr14	78063793	78063794	-	4e-08	FDR	192	T	TGTGC	ok	False
chr14	78063826	78063827	-	5.9e-09	FDR	157	T	AGTCC	ok	True
chr14	78063890	78063891	-	0.005	FDR	183	T	GATGC	ok	False
chr14	79846400	79846401	+	0.00038	FDR	267	A	TGACT	ok	True
chr14	79846426	79846427	+	0.049	FDR	329	A	TAATC	ok	False
chr14	79846429	79846430	+	0.00014	FDR	327	A	TCATC	ok	False
chr14	79846441	79846442	+	2.6e-08	FDR	343	A	TGATC	ok	False
chr14	79846444	79846445	+	0.00077	FDR	344	A	TCAAG	ok	False
chr14	79847753	79847754	+	3.3e-05	FDR	404	A	CCAGA	ok	False
chr14	79847774	79847775	+	1.4e-05	FDR	422	A	GTACT	ok	False
chr14	101905967	101905968	+	0.048	FDR	195	A	CTATT	ok	False
chr14	101905988	101905989	+	0.00045	FDR	206	A	CCAGT	ok	False
chr14	101933355	101933356	+	0.00018	FDR	337	A	GCAAG	ok	False
chr14	101933439	101933440	+	0.0021	FDR	266	A	CCAAA	ok	False
chr14	121184475	121184476	+	0.0014	FDR	691	A	GAAGG	ok	False
chr14	121184491	121184492	+	0.00048	FDR	715	A	CGATT	ok	False
chr14	121184519	121184520	+	0.05	FDR	763	A	AAACG	ok	False
chr14	121184527	121184528	+	8.3e-12	FDR	779	A	GGAAC	ok	False
chr14	121184574	121184575	+	4.4e-19	FDR	821	A	AGACT	ok	True
chr14	121184584	121184585	+	8.5e-05	FDR	881	A	ACAAC	ok	False
chr14	121184585	121184586	+	0.015	FDR	895	A	CAACC	ok	False
chr14	121184603	121184604	+	0.0088	FDR	785	A	GTAAA	ok	False
chr14	121184605	121184606	+	0.00056	FDR	904	A	AAATG	ok	False
chr14	121184615	121184616	+	0.0026	FDR	923	A	AGAGT	ok	False
chr14	121184626	121184627	+	5.1e-05	FDR	925	A	GGATG	ok	False
chr14	121184651	121184652	+	8.5e-06	FDR	916	A	TGACA	ok	True
chr14	121184815	121184816	+	1.1e-07	FDR	748	A	GCATT	ok	False
chr14	121184819	121184820	+	0.00011	FDR	751	A	TGAAA	ok	False
chr14	121184821	121184822	+	0.013	FDR	841	A	AAATA	ok	False
chr14	121184823	121184824	+	6.8e-31	FDR	803	A	ATACA	ok	False
chr14	121185147	121185148	+	4.2e-07	FDR	238	A	GAATT	ok	False
chr14	121185201	121185202	+	9.4e-10	FDR	240	A	GTAAA	ok	False
chr14	121185204	121185205	+	0.015	FDR	246	A	AAATG	ok	False
chr14	121185235	121185236	+	0.0036	FDR	250	A	TCAGA	ok	False
chr14	121185251	121185252	+	0.0014	FDR	257	A	TGAGC	ok	False
chr14	121185272	121185273	+	4.4e-07	FDR	255	A	TAATT	ok	False
chr15	4184684	4184685	+	0.0051	FDR	150	A	TCATT	ok	False
chr15	4184702	4184703	+	7.9e-06	FDR	140	A	TTAAC	ok	False
chr15	5146888	5146889	+	5.8e-08	FDR	3908	A	CCAAG	ok	False
chr15	5148106	5148107	+	0.0014	FDR	4195	A	CCAGT	ok	False
chr15	10476319	10476320	-	2.6e-05	FDR	404	T	GTTTT	ok	False
chr15	10476660	10476661	-	2.9e-14	FDR	328	T	GATGG	ok	False
chr15	10476919	10476920	-	0.024	FDR	253	T	TTTTC	ok	False
chr15	11986573	11986574	-	3.9e-05	FDR	1128	T	AATCC	ok	False
chr15	11986628	11986629	-	6e-30	FDR	1024	T	ACTGA	ok	False
chr15	11991089	11991090	-	1.8e-05	FDR	912	T	GATGC	ok	False
chr15	11991100	11991101	-	0.0021	FDR	932	T	TCTAG	ok	False
chr15	11991140	11991141	-	0.00089	FDR	907	T	TCTGG	ok	False
chr15	11993903	11993904	-	1.4e-13	FDR	765	T	ACTGC	ok	False
chr15	12185426	12185427	+	0.0022	FDR	155	A	GTAAT	ok	False
chr15	25363450	25363451	-	0.01	FDR	219	T	TTTTT	ok	False
chr15	25363580	25363581	-	0.042	FDR	252	T	CATTT	ok	False
chr15	25987306	25987307	+	0.00012	FDR	148	A	CTATT	ok	False
chr15	25987402	25987403	+	2e-06	FDR	202	A	TGATT	ok	False
chr15	25991546	25991547	+	2.5e-07	FDR	206	A	CTACC	ok	False
chr15	25996196	25996197	+	0.00012	FDR	301	A	CCAGA	ok	False
chr15	25996198	25996199	+	8.3e-06	FDR	302	A	AGAGT	ok	False
chr15	25997271	25997272	+	2e-06	FDR	407	A	GAACG	ok	False
chr15	25997326	25997327	+	3.2e-11	FDR	421	A	GAATG	ok	False
chr15	25997336	25997337	+	0.015	FDR	423	A	CAACG	ok	False
chr15	25997393	25997394	+	3.6e-13	FDR	424	A	AGATG	ok	False
chr15	25997440	25997441	+	0.026	FDR	425	A	CCAGA	ok	False
chr15	27606217	27606218	-	0.045	FDR	104	T	TCTTC	ok	False
chr15	27606232	27606233	-	0.00074	FDR	84	T	GGTCC	ok	True
chr15	31592490	31592491	-	4.3e-59	FDR	2292	T	TCTGG	ok	False
chr15	31593690	31593691	-	8.6e-22	FDR	859	T	ACTGC	ok	False
chr15	31594250	31594251	-	5.5e-09	FDR	575	T	AATCA	ok	False
chr15	31594338	31594339	-	0.0032	FDR	413	T	GGTTT	ok	True
chr15	34440721	34440722	-	5.9e-22	FDR	935	T	TCTGG	ok	False
chr15	35932157	35932158	-	3e-37	FDR	2081	T	ACTAT	ok	False
chr15	36175164	36175165	+	0.019	FDR	76	A	CAACC	ok	False
chr15	36175167	36175168	+	0.032	FDR	92	A	CCACC	ok	False
chr15	36175570	36175571	+	0.0012	FDR	101	A	TCAGA	ok	False
chr15	36175612	36175613	+	0.0071	FDR	99	A	GGACT	ok	True
chr15	36176921	36176922	+	1.1e-05	FDR	101	A	TGAAA	ok	False
chr15	36176938	36176939	+	1.3e-06	FDR	103	A	GAAGT	ok	False
chr15	36176947	36176948	+	0.0077	FDR	99	A	TCATT	ok	False
chr15	36596846	36596847	-	0.026	FDR	1306	T	TCTGG	ok	False
chr15	36597225	36597226	-	0.01	FDR	1074	T	TCTGG	ok	False
chr15	36597734	36597735	-	2.2e-05	FDR	752	T	GATGC	ok	False
chr15	36598250	36598251	-	0.0012	FDR	534	T	GATGT	ok	False
chr15	36999521	36999522	-	0.0005	FDR	205	T	ACTGC	ok	False
chr15	36999544	36999545	-	0.033	FDR	205	T	GCTGG	ok	False
chr15	37000902	37000903	-	4.6e-08	FDR	254	T	GTTAT	ok	False
chr15	37000904	37000905	-	0.00034	FDR	186	T	TATTT	ok	False
chr15	37000973	37000974	-	0.038	FDR	262	T	TTTCA	ok	False
chr15	37000978	37000979	-	0.00062	FDR	248	T	GATTT	ok	False
chr15	37001093	37001094	-	0.00013	FDR	247	T	AGTTT	ok	True
chr15	37001158	37001159	-	0.0037	FDR	247	T	CGTGA	ok	False
chr15	37002118	37002119	-	0.0061	FDR	243	T	TCTGG	ok	False
chr15	37002170	37002171	-	0.0045	FDR	199	T	TCTTG	ok	False
chr15	39008600	39008601	+	0.00047	FDR	165	A	CTACA	ok	False
chr15	39010110	39010111	+	6.8e-07	FDR	225	A	CGATT	ok	False
chr15	39010132	39010133	+	0.014	FDR	225	A	ACACG	ok	False
chr15	39010169	39010170	+	1.2e-12	FDR	215	A	CTACC	ok	False
chr15	43115616	43115617	-	0.01	FDR	841	T	TCTTG	ok	False
chr15	44297316	44297317	+	0.0065	FDR	251	A	CTAGA	ok	False
chr15	44299050	44299051	+	0.00014	FDR	264	A	ATAAG	ok	False
chr15	44299144	44299145	+	0.037	FDR	268	A	TTAGA	ok	False
chr15	51650086	51650087	-	0.0037	FDR	710	T	AGTCT	ok	True
chr15	51650217	51650218	-	0.0028	FDR	722	T	TCTGG	ok	False
chr15	51653503	51653504	-	0.016	FDR	329	T	GATGA	ok	False
chr15	51826218	51826219	-	5.8e-05	FDR	433	T	ACTGC	ok	False
chr15	51826231	51826232	-	0.0066	FDR	419	T	TTTTA	ok	False
chr15	51826307	51826308	-	8.2e-08	FDR	353	T	CATAA	ok	False
chr15	55397539	55397540	-	1.6e-11	FDR	572	T	GTTAC	ok	False
chr15	55397564	55397565	-	5e-18	FDR	540	T	AGTAT	ok	False
chr15	55397672	55397673	-	8.4e-08	FDR	572	T	CATTC	ok	False
chr15	55397682	55397683	-	0.00081	FDR	569	T	CTTGC	ok	False
chr15	55397692	55397693	-	4.8e-11	FDR	553	T	TGTTC	ok	True
chr15	55402429	55402430	-	0.033	FDR	539	T	AGTCC	ok	True
chr15	55402438	55402439	-	0.00017	FDR	544	T	TCTGG	ok	False
chr15	55403547	55403548	-	0.011	FDR	389	T	CATCA	ok	False
chr15	55403571	55403572	-	0.0081	FDR	353	T	TTTGG	ok	False
chr15	57885688	57885689	-	1.3e-10	FDR	296	T	AATCC	ok	False
chr15	57885697	57885698	-	6.7e-22	FDR	272	T	TATTT	ok	False
chr15	57885722	57885723	-	0.009	FDR	302	T	GATCT	ok	False
chr15	57885746	57885747	-	6.5e-12	FDR	301	T	GGTTC	ok	True
chr15	57885759	57885760	-	0.0036	FDR	303	T	TTTCC	ok	False
chr15	57885840	57885841	-	4.3e-19	FDR	301	T	TGTCT	ok	True
chr15	57885955	57885956	-	0.049	FDR	284	T	CATAG	ok	False
chr15	57888689	57888690	-	1.2e-06	FDR	235	T	AGTAT	ok	False
chr15	57888740	57888741	-	7.7e-18	FDR	230	T	AGTCC	ok	True
chr15	57888768	57888769	-	2.8e-09	FDR	211	T	GATGT	ok	False
chr15	58805783	58805784	+	0.0066	FDR	196	A	CCACA	ok	False
chr15	58808181	58808182	+	0.0091	FDR	278	A	GGATA	ok	False
chr15	58808186	58808187	+	3e-06	FDR	308	A	TGATG	ok	False
chr15	58808235	58808236	+	0.00089	FDR	335	A	GAATC	ok	False
chr15	59473224	59473225	+	0.0032	FDR	152	A	AGAAT	ok	False
chr15	72967830	72967831	-	0.0008	FDR	125	T	TGTGC	ok	False
chr15	72967845	72967846	-	0.012	FDR	127	T	GCTAC	ok	False
chr15	75626315	75626316	-	0.00011	FDR	122	T	AATAC	ok	False
chr15	75626339	75626340	-	0.0042	FDR	122	T	ATTAG	ok	False
chr15	75626347	75626348	-	0.042	FDR	115	T	CTTCC	ok	False
chr15	75626390	75626391	-	9.1e-09	FDR	104	T	AGTCC	ok	True
chr15	75626430	75626431	-	0.0014	FDR	122	T	GATGA	ok	False
chr15	75626474	75626475	-	4.4e-16	FDR	110	T	AGTCC	ok	True
chr15	75626492	75626493	-	4.9e-17	FDR	121	T	GGTGC	ok	False
chr15	75626497	75626498	-	5.8e-06	FDR	121	T	CTTGG	ok	False
chr15	75626625	75626626	-	0.033	FDR	96	T	AGTGG	ok	False
chr15	75767349	75767350	-	0.041	FDR	2771	T	AGTCT	ok	True
chr15	75767356	75767357	-	3.2e-05	FDR	2936	T	AATCT	ok	False
chr15	75767366	75767367	-	0.0018	FDR	2906	T	GGTCC	ok	True
chr15	75767412	75767413	-	0.0038	FDR	2920	T	GTTGA	ok	False
chr15	75767424	75767425	-	0.034	FDR	2837	T	GATGT	ok	False
chr15	75767426	75767427	-	2.8e-05	FDR	2853	T	TGTCG	ok	False
chr15	75767600	75767601	-	0.002	FDR	2848	T	GATCT	ok	False
chr15	75767605	75767606	-	0.00038	FDR	2924	T	CCTCC	ok	False
chr15	75767617	75767618	-	0.0039	FDR	2974	T	AGTCG	ok	False
chr15	75767621	75767622	-	0.00073	FDR	2867	T	GGTGC	ok	False
chr15	75767630	75767631	-	0.0011	FDR	2983	T	TTTGT	ok	False
chr15	75767632	75767633	-	1.9e-46	FDR	2975	T	TGTCA	ok	True
chr15	75767635	75767636	-	2.3e-16	FDR	2927	T	CATCC	ok	False
chr15	75767654	75767655	-	5.9e-26	FDR	2978	T	GATCT	ok	False
chr15	75767669	75767670	-	4.5e-69	FDR	2879	T	GATGC	ok	False
chr15	75767674	75767675	-	0.0014	FDR	2727	T	CATAG	ok	False
chr15	75767716	75767717	-	0.0026	FDR	2848	T	CGTCC	ok	False
chr15	75767741	75767742	-	2.7e-20	FDR	2464	T	AGTCT	ok	True
chr15	75767767	75767768	-	2.7e-08	FDR	2530	T	CATCA	ok	False
chr15	75768101	75768102	-	0.0054	FDR	2275	T	CATCC	ok	False
chr15	75768118	75768119	-	2e-36	FDR	1671	T	GATTT	ok	False
chr15	75772559	75772560	-	0.0018	FDR	692	T	GATGT	ok	False
chr15	75773054	75773055	-	4e-08	FDR	477	T	CTTGT	ok	False
chr15	75788348	75788349	-	0.00038	FDR	134	T	GCTTA	ok	False
chr15	75788436	75788437	-	0.034	FDR	143	T	GATGA	ok	False
chr15	75788564	75788565	-	0.013	FDR	134	T	CCTTG	ok	False
chr15	75788565	75788566	-	4.5e-14	FDR	139	T	CTTGA	ok	False
chr15	76213275	76213276	+	0.019	FDR	125	A	GAACT	ok	True
chr15	76213566	76213567	+	0.00092	FDR	205	A	GCAGA	ok	False
chr15	76213629	76213630	+	0.001	FDR	239	A	ATACC	ok	False
chr15	76213640	76213641	+	1.9e-18	FDR	176	A	GGACT	ok	True
chr15	76213767	76213768	+	9.4e-07	FDR	287	A	GCACT	ok	False
chr15	76213799	76213800	+	0.0098	FDR	312	A	AGACC	ok	True
chr15	76213832	76213833	+	0.048	FDR	332	A	CCAGG	ok	False
chr15	76213920	76213921	+	1e-06	FDR	182	A	GCAAC	ok	False
chr15	76213924	76213925	+	2.6e-08	FDR	322	A	CCACC	ok	False
chr15	76229318	76229319	+	0.00049	FDR	422	A	TCATT	ok	False
chr15	76229386	76229387	+	4.8e-11	FDR	554	A	CTACA	ok	False
chr15	76229404	76229405	+	0.021	FDR	563	A	GTATG	ok	False
chr15	76229410	76229411	+	0.0012	FDR	595	A	TGATG	ok	False
chr15	76229678	76229679	+	0.0002	FDR	727	A	GCACC	ok	False
chr15	76229717	76229718	+	0.0056	FDR	781	A	CCACC	ok	False
chr15	76229754	76229755	+	0.038	FDR	878	A	CCATC	ok	False
chr15	76229760	76229761	+	0.00015	FDR	890	A	AAAAC	ok	False
chr15	76229761	76229762	+	0.00022	FDR	891	A	AAACG	ok	False
chr15	76229906	76229907	+	4.3e-07	FDR	778	A	GCATA	ok	False
chr15	76229949	76229950	+	0.026	FDR	959	A	CCACC	ok	False
chr15	76230005	76230006	+	5.5e-11	FDR	1018	A	GCAGC	ok	False
chr15	76230074	76230075	+	8.4e-19	FDR	1022	A	AGACT	ok	True
chr15	76230104	76230105	+	0.0004	FDR	1006	A	TCAGT	ok	False
chr15	76337693	76337694	-	1.6e-07	FDR	328	T	ACTGC	ok	False
chr15	76790077	76790078	+	3.7e-24	FDR	10618	A	AGAAT	ok	False
chr15	76790082	76790083	+	1.3e-21	FDR	10594	A	TGACA	ok	True
chr15	76790112	76790113	+	5.4e-41	FDR	12142	A	CTACC	ok	False
chr15	76790121	76790122	+	9.3e-45	FDR	13310	A	GTACA	ok	False
chr15	76790330	76790331	+	1.7e-122	FDR	12859	A	GCATC	ok	False
chr15	76790340	76790341	+	0.0039	FDR	13754	A	GGAGG	ok	False
chr15	76790347	76790348	+	1.2e-37	FDR	12318	A	GTAAC	ok	False
chr15	76790348	76790349	+	1.3e-70	FDR	11945	A	TAACC	ok	True
chr15	76790365	76790366	+	7.9e-28	FDR	13922	A	GCAAA	ok	False
chr15	76790367	76790368	+	1.6e-71	FDR	13954	A	AAACC	ok	True
chr15	76790387	76790388	+	8.9e-37	FDR	14111	A	AGATG	ok	False
chr15	76790436	76790437	+	8.7e-14	FDR	14091	A	GGACG	ok	False
chr15	76790455	76790456	+	4.9e-18	FDR	14065	A	AAACT	ok	True
chr15	76790495	76790496	+	0.016	FDR	13947	A	TAAAG	ok	False
chr15	76790499	76790500	+	2.7e-08	FDR	13551	A	GTACG	ok	False
chr15	77799421	77799422	-	5.3e-17	FDR	522	T	AGTTC	ok	True
chr15	77799462	77799463	-	4e-17	FDR	518	T	CATTA	ok	False
chr15	77799732	77799733	-	0.035	FDR	287	T	ACTGG	ok	False
chr15	77845825	77845826	-	0.0051	FDR	501	T	CATTC	ok	False
chr15	77845916	77845917	-	7.8e-07	FDR	417	T	TGTCA	ok	True
chr15	78283905	78283906	-	5.9e-05	FDR	56	T	GGTGG	ok	False
chr15	78283981	78283982	-	4.5e-05	FDR	55	T	CCTGC	ok	False
chr15	78284007	78284008	-	8.7e-07	FDR	55	T	CATCG	ok	False
chr15	78814241	78814242	+	0.001	FDR	412	A	CCAGA	ok	False
chr15	78824660	78824661	+	1.4e-14	FDR	170	A	GCATC	ok	False
chr15	78824693	78824694	+	0.00043	FDR	205	A	ACAGT	ok	False
chr15	78824736	78824737	+	1.4e-05	FDR	230	A	GGACT	ok	True
chr15	78824798	78824799	+	4.8e-05	FDR	298	A	TGACT	ok	True
chr15	78824805	78824806	+	2.9e-05	FDR	306	A	AAAAG	ok	False
chr15	78824806	78824807	+	0.00038	FDR	309	A	AAAGC	ok	False
chr15	78824823	78824824	+	0.00062	FDR	313	A	GGAGT	ok	False
chr15	78824874	78824875	+	7.6e-06	FDR	294	A	GTAAC	ok	False
chr15	78824883	78824884	+	4.7e-20	FDR	258	A	CTACA	ok	False
chr15	78824914	78824915	+	1.2e-17	FDR	316	A	GAAAA	ok	False
chr15	78824922	78824923	+	8.5e-13	FDR	291	A	GGACT	ok	True
chr15	78824952	78824953	+	1.8e-06	FDR	311	A	TGAAC	ok	False
chr15	78824953	78824954	+	0.0036	FDR	326	A	GAACC	ok	True
chr15	78824964	78824965	+	4.4e-05	FDR	323	A	GAACG	ok	False
chr15	78824968	78824969	+	9.4e-14	FDR	223	A	GGACT	ok	True
chr15	78824975	78824976	+	6.4e-07	FDR	326	A	TGAGA	ok	False
chr15	78825042	78825043	+	2e-16	FDR	229	A	GGACT	ok	True
chr15	78825051	78825052	+	0.03	FDR	314	A	AGAAG	ok	False
chr15	78913508	78913509	+	0.0002	FDR	90	A	AGACT	ok	True
chr15	78913521	78913522	+	1.2e-13	FDR	72	A	GGACA	ok	True
chr15	78913551	78913552	+	0.0011	FDR	94	A	AAATA	ok	False
chr15	78913563	78913564	+	0.033	FDR	75	A	TCACT	ok	False
chr15	78920627	78920628	+	0.00023	FDR	178	A	CCAAG	ok	False
chr15	78920999	78921000	+	4.5e-09	FDR	244	A	CGATC	ok	False
chr15	78921579	78921580	+	1.1e-33	FDR	416	A	TGACT	ok	True
chr15	79025570	79025571	+	0.0002	FDR	420	A	CAAAG	ok	False
chr15	79030259	79030260	+	1.6e-21	FDR	645	A	CCAGG	ok	False
chr15	79030307	79030308	+	5.9e-34	FDR	761	A	CCAGA	ok	False
chr15	79035827	79035828	+	0.045	FDR	888	A	CCAGA	ok	False
chr15	79035945	79035946	+	0.006	FDR	833	A	AAATA	ok	False
chr15	79555438	79555439	+	0.0038	FDR	148	A	TCAGC	ok	False
chr15	79556140	79556141	+	9.7e-08	FDR	183	A	TGATC	ok	False
chr15	79556207	79556208	+	0.0032	FDR	197	A	GCAAC	ok	False
chr15	79556425	79556426	+	0.0032	FDR	217	A	TTAGG	ok	False
chr15	79556458	79556459	+	0.0067	FDR	248	A	CCAGG	ok	False
chr15	79556482	79556483	+	0.0049	FDR	248	A	GGAAA	ok	False
chr15	79556818	79556819	+	1.4e-20	FDR	498	A	GGACT	ok	True
chr15	79962073	79962074	-	2.4e-244	FDR	4257	T	AATGC	ok	False
chr15	79962092	79962093	-	3.5e-15	FDR	4475	T	GGTCC	ok	True
chr15	79962193	79962194	-	4.3e-290	FDR	4601	T	AATGC	ok	False
chr15	79962246	79962247	-	7.2e-36	FDR	4109	T	GGTGT	ok	False
chr15	79962248	79962249	-	1.1e-49	FDR	4643	T	TGTCA	ok	True
chr15	79962252	79962253	-	3.8e-38	FDR	4000	T	AATGA	ok	False
chr15	79962263	79962264	-	5.3e-33	FDR	4667	T	GGTCA	ok	True
chr15	79962267	79962268	-	9.8e-05	FDR	4651	T	AATCT	ok	False
chr15	79962286	79962287	-	2.2e-24	FDR	4214	T	CGTTT	ok	False
chr15	79962542	79962543	-	4.1e-07	FDR	4579	T	AGTAA	ok	False
chr15	79962546	79962547	-	4.8e-68	FDR	4533	T	AGTAC	ok	False
chr15	79962553	79962554	-	9.9e-13	FDR	4626	T	GCTTC	ok	False
chr15	79962554	79962555	-	0.0017	FDR	4637	T	CTTCT	ok	False
chr15	79962592	79962593	-	0.0072	FDR	4569	T	AGTCA	ok	True
chr15	79962926	79962927	-	1e-114	FDR	4292	T	TGTCA	ok	True
chr15	79962949	79962950	-	1.8e-51	FDR	4012	T	GATGC	ok	False
chr15	79962953	79962954	-	6.8e-139	FDR	4157	T	CATTG	ok	False
chr15	79962954	79962955	-	1.2e-213	FDR	4176	T	ATTGT	ok	False
chr15	79962956	79962957	-	7.3e-67	FDR	4206	T	TGTTC	ok	True
chr15	79962957	79962958	-	8.1e-05	FDR	4211	T	GTTCT	ok	False
chr15	79962963	79962964	-	1.5e-77	FDR	4189	T	GATCA	ok	False
chr15	79962986	79962987	-	1e-67	FDR	3688	T	GGTAG	ok	False
chr15	79964030	79964031	-	5.1e-60	FDR	2466	T	TGTAT	ok	False
chr15	79964032	79964033	-	0.015	FDR	2638	T	TATGC	ok	False
chr15	79964643	79964644	-	0.00032	FDR	2195	T	CCTGC	ok	False
chr15	79964730	79964731	-	0.00044	FDR	1981	T	TCTGG	ok	False
chr15	79966597	79966598	-	2.3e-05	FDR	722	T	CCTGG	ok	False
chr15	79966620	79966621	-	0.0058	FDR	527	T	GATGT	ok	False
chr15	79997523	79997524	+	0.00013	FDR	126	A	GGACA	ok	True
chr15	80141187	80141188	+	0.014	FDR	471	A	GGAAG	ok	False
chr15	80141319	80141320	+	7.5e-05	FDR	666	A	CCACC	ok	False
chr15	80141384	80141385	+	1.8e-12	FDR	916	A	AAACC	ok	True
chr15	80141427	80141428	+	1.6e-05	FDR	945	A	AGACT	ok	True
chr15	80141435	80141436	+	2.1e-33	FDR	1030	A	AAATT	ok	False
chr15	80141440	80141441	+	5.7e-05	FDR	1027	A	GGATA	ok	False
chr15	80141451	80141452	+	8.9e-23	FDR	728	A	TGAAA	ok	False
chr15	80141452	80141453	+	1e-05	FDR	991	A	GAAAA	ok	False
chr15	80141464	80141465	+	1.8e-14	FDR	797	A	GCAAA	ok	False
chr15	80141488	80141489	+	0.016	FDR	983	A	GTACC	ok	False
chr15	80141530	80141531	+	5.4e-09	FDR	1050	A	CGAGT	ok	False
chr15	80141535	80141536	+	6.9e-19	FDR	1031	A	GTAAG	ok	False
chr15	80141547	80141548	+	3.4e-14	FDR	1025	A	AAAAA	ok	False
chr15	80141549	80141550	+	6.5e-14	FDR	1088	A	AAAAA	ok	False
chr15	80141550	80141551	+	2.3e-07	FDR	1087	A	AAAAG	ok	False
chr15	80141554	80141555	+	4.8e-28	FDR	1090	A	GAATG	ok	False
chr15	80141578	80141579	+	3.8e-26	FDR	1090	A	AGATT	ok	False
chr15	80141644	80141645	+	2.6e-10	FDR	1018	A	GAAGA	ok	False
chr15	80144976	80144977	-	6.9e-13	FDR	208	T	AGTCC	ok	True
chr15	80145020	80145021	-	0.00026	FDR	279	T	TCTGT	ok	False
chr15	80145034	80145035	-	1.4e-13	FDR	270	T	CCTGG	ok	False
chr15	80145109	80145110	-	6.1e-09	FDR	235	T	ACTGC	ok	False
chr15	80145133	80145134	-	0.03	FDR	181	T	AGTCC	ok	True
chr15	80145154	80145155	-	2.6e-10	FDR	149	T	TGTCT	ok	True
chr15	80145156	80145157	-	2.6e-16	FDR	177	T	TCTTT	ok	False
chr15	80145215	80145216	-	1.7e-06	FDR	174	T	TCTGG	ok	False
chr15	80853144	80853145	+	0.007	FDR	208	A	CAACA	ok	False
chr15	81248113	81248114	-	0.0013	FDR	245	T	CCTAT	ok	False
chr15	81248254	81248255	-	1.7e-06	FDR	182	T	AGTTC	ok	True
chr15	81248255	81248256	-	0.0014	FDR	182	T	GTTCC	ok	False
chr15	81249504	81249505	-	1.8e-07	FDR	620	T	AATGC	ok	False
chr15	81249657	81249658	-	3.8e-09	FDR	413	T	ATTGG	ok	False
chr15	81249719	81249720	-	0.0039	FDR	265	T	TATTT	ok	False
chr15	81359321	81359322	+	3.3e-16	FDR	679	A	GTACC	ok	False
chr15	81535982	81535983	+	0.0005	FDR	113	A	TTATT	ok	False
chr15	81536032	81536033	+	1.2e-05	FDR	121	A	TGACT	ok	True
chr15	81536132	81536133	+	0.0059	FDR	127	A	AAAAT	ok	False
chr15	81536144	81536145	+	0.015	FDR	126	A	AAAAA	ok	False
chr15	81536215	81536216	+	0.0044	FDR	124	A	ATAGA	ok	False
chr15	81536217	81536218	+	0.008	FDR	123	A	AGACT	ok	True
chr15	81749636	81749637	-	0.00045	FDR	741	T	CCTGG	ok	False
chr15	81749839	81749840	-	1.6e-14	FDR	596	T	AGTCT	ok	True
chr15	81749862	81749863	-	1.1e-30	FDR	454	T	ACTTG	ok	False
chr15	81749957	81749958	-	1.8e-08	FDR	440	T	TCTGG	ok	False
chr15	81798995	81798996	+	0.042	FDR	364	A	GGACC	ok	True
chr15	81799090	81799091	+	4.2e-05	FDR	476	A	CCAGA	ok	False
chr15	81799155	81799156	+	0.027	FDR	477	A	CCAGC	ok	False
chr15	81799292	81799293	+	0.012	FDR	462	A	AAACT	ok	True
chr15	81835340	81835341	-	3.8e-16	FDR	684	T	AGTCC	ok	True
chr15	81835352	81835353	-	1.8e-20	FDR	788	T	AATGC	ok	False
chr15	81835363	81835364	-	0.037	FDR	814	T	TCTGC	ok	False
chr15	81835373	81835374	-	2.4e-17	FDR	758	T	TGTCC	ok	True
chr15	81835378	81835379	-	0.015	FDR	810	T	CTTGT	ok	False
chr15	81835384	81835385	-	0.017	FDR	715	T	AGTCT	ok	True
chr15	81835431	81835432	-	9.1e-07	FDR	526	T	GGTGA	ok	False
chr15	81835443	81835444	-	8.4e-08	FDR	812	T	TCTGT	ok	False
chr15	81835445	81835446	-	2.1e-08	FDR	782	T	TGTCC	ok	True
chr15	81835463	81835464	-	5e-06	FDR	812	T	CATCA	ok	False
chr15	81835496	81835497	-	3.6e-06	FDR	787	T	GGTAT	ok	False
chr15	81835498	81835499	-	6e-08	FDR	767	T	TATGC	ok	False
chr15	81835532	81835533	-	1e-09	FDR	773	T	AGTTC	ok	True
chr15	81835533	81835534	-	2.6e-05	FDR	790	T	GTTCC	ok	False
chr15	81835805	81835806	-	8.3e-10	FDR	463	T	CATTC	ok	False
chr15	81835806	81835807	-	0.0002	FDR	467	T	ATTCC	ok	False
chr15	81836137	81836138	-	1.3e-05	FDR	359	T	CATTT	ok	False
chr15	81839914	81839915	-	0.032	FDR	298	T	GTTCA	ok	False
chr15	81925795	81925796	-	3.7e-05	FDR	459	T	ACTGC	ok	False
chr15	81926238	81926239	-	0.00013	FDR	360	T	AGTAC	ok	False
chr15	81926338	81926339	-	8.6e-06	FDR	381	T	AATGG	ok	False
chr15	81926349	81926350	-	1.4e-05	FDR	376	T	TCTGC	ok	False
chr15	81926399	81926400	-	4.6e-22	FDR	382	T	ACTGG	ok	False
chr15	81926450	81926451	-	0.049	FDR	347	T	AATAC	ok	False
chr15	81926466	81926467	-	0.0015	FDR	362	T	TCTTG	ok	False
chr15	81926467	81926468	-	1.5e-11	FDR	365	T	CTTGT	ok	False
chr15	81926519	81926520	-	6.6e-05	FDR	346	T	TCTGC	ok	False
chr15	81926561	81926562	-	0.029	FDR	304	T	GTTTT	ok	False
chr15	81926562	81926563	-	0.018	FDR	301	T	TTTTG	ok	False
chr15	81926563	81926564	-	0.0097	FDR	282	T	TTTGG	ok	False
chr15	82118359	82118360	-	2.1e-22	FDR	442	T	GGTGC	ok	False
chr15	82118464	82118465	-	4e-33	FDR	367	T	AGTCC	ok	True
chr15	82123554	82123555	-	5.6e-07	FDR	189	T	TCTGG	ok	False
chr15	82123564	82123565	-	0.042	FDR	199	T	GCTGC	ok	False
chr15	82230378	82230379	+	1.2e-08	FDR	248	A	CTACA	ok	False
chr15	82230408	82230409	+	0.00042	FDR	289	A	CCAGG	ok	False
chr15	82230440	82230441	+	0.0058	FDR	272	A	GCAGC	ok	False
chr15	82232194	82232195	+	2.4e-11	FDR	399	A	GGAAC	ok	False
chr15	82232195	82232196	+	3.1e-11	FDR	402	A	GAACA	ok	True
chr15	82232202	82232203	+	5.6e-13	FDR	377	A	ACATT	ok	False
chr15	82232213	82232214	+	0.0004	FDR	401	A	CCAGA	ok	False
chr15	82232239	82232240	+	5.7e-09	FDR	369	A	ACAGG	ok	False
chr15	82233074	82233075	+	1.4e-10	FDR	416	A	TGATG	ok	False
chr15	82233084	82233085	+	2.2e-05	FDR	363	A	GCATG	ok	False
chr15	82233163	82233164	+	0.00041	FDR	412	A	CCAGA	ok	False
chr15	82233246	82233247	+	9e-05	FDR	352	A	ATAAA	ok	False
chr15	82235261	82235262	-	2.1e-08	FDR	286	T	CTTGT	ok	False
chr15	83000168	83000169	-	2.6e-06	FDR	129	T	TGTTA	ok	True
chr15	83000319	83000320	-	0.032	FDR	107	T	TGTAA	ok	False
chr15	83000326	83000327	-	0.025	FDR	120	T	TATAC	ok	False
chr15	83000367	83000368	-	2.5e-07	FDR	103	T	AGTCC	ok	True
chr15	83000385	83000386	-	0.011	FDR	122	T	AATAG	ok	False
chr15	83000394	83000395	-	0.00018	FDR	120	T	GGTTG	ok	False
chr15	83431110	83431111	-	0.00085	FDR	115	T	TGTCC	ok	True
chr15	83431150	83431151	-	0.0031	FDR	117	T	AATGA	ok	False
chr15	83431212	83431213	-	0.045	FDR	113	T	AGTTT	ok	True
chr15	83431235	83431236	-	2.1e-06	FDR	114	T	CATTC	ok	False
chr15	84091131	84091132	+	6.7e-05	FDR	270	A	GCATT	ok	False
chr15	84095350	84095351	+	1.7e-48	FDR	836	A	GCATT	ok	False
chr15	84826717	84826718	+	0.0094	FDR	119	A	GAACA	ok	True
chr15	84826808	84826809	+	0.0055	FDR	158	A	TTAGA	ok	False
chr15	84826877	84826878	+	0.00012	FDR	199	A	TCAGG	ok	False
chr15	84826949	84826950	+	1.1e-08	FDR	135	A	GGACT	ok	True
chr15	84827010	84827011	+	4.9e-13	FDR	227	A	TGATC	ok	False
chr15	84827144	84827145	+	0.00092	FDR	225	A	TAAAT	ok	False
chr15	85135901	85135902	+	1.3e-09	FDR	120	A	CCAGG	ok	False
chr15	85135952	85135953	+	2.8e-10	FDR	121	A	TCAGC	ok	False
chr15	85322329	85322330	+	0.006	FDR	285	A	TGATC	ok	False
chr15	85346583	85346584	+	0.0049	FDR	390	A	GCATC	ok	False
chr15	85346651	85346652	+	8e-06	FDR	406	A	TAATG	ok	False
chr15	85347129	85347130	+	2.4e-20	FDR	446	A	CCATC	ok	False
chr15	85347149	85347150	+	0.0015	FDR	454	A	TCAGA	ok	False
chr15	85347180	85347181	+	0.0052	FDR	455	A	GCAGT	ok	False
chr15	85347291	85347292	+	2.8e-07	FDR	332	A	GCAGT	ok	False
chr15	88709411	88709412	+	2.2e-18	FDR	164	A	ACAAT	ok	False
chr15	88709412	88709413	+	1.6e-06	FDR	169	A	CAATG	ok	False
chr15	88710690	88710691	+	9.8e-06	FDR	187	A	ATACC	ok	False
chr15	88710714	88710715	+	0.0002	FDR	185	A	GGACA	ok	True
chr15	94475983	94475984	-	6.1e-06	FDR	130	T	AATGC	ok	False
chr15	94476050	94476051	-	1.8e-05	FDR	134	T	TCTGG	ok	False
chr15	94476062	94476063	-	2.2e-10	FDR	132	T	ATTGA	ok	False
chr15	94476067	94476068	-	0.0076	FDR	126	T	CTTCG	ok	False
chr15	94476095	94476096	-	2.3e-09	FDR	131	T	CATCG	ok	False
chr15	94476180	94476181	-	0.0003	FDR	104	T	TGTGG	ok	False
chr15	96312573	96312574	-	0.00017	FDR	208	T	GATTT	ok	False
chr15	96312642	96312643	-	0.016	FDR	192	T	AGTGT	ok	False
chr15	96312644	96312645	-	5.9e-08	FDR	191	T	TGTCC	ok	True
chr15	96585561	96585562	-	6.5e-06	FDR	375	T	AATAC	ok	False
chr15	98622285	98622286	-	2.4e-07	FDR	164	T	GTTTC	ok	False
chr15	98622461	98622462	-	3e-07	FDR	161	T	CATCG	ok	False
chr15	98635553	98635554	-	8e-05	FDR	207	T	TATCC	ok	False
chr15	98635560	98635561	-	2.2e-09	FDR	157	T	CATTT	ok	False
chr15	98635649	98635650	-	0.028	FDR	210	T	ACTGC	ok	False
chr15	98829916	98829917	-	2.8e-70	FDR	3562	T	TCTGG	ok	False
chr15	98830120	98830121	-	2.8e-16	FDR	1725	T	TCTGG	ok	False
chr15	98830204	98830205	-	1.8e-05	FDR	1194	T	TGTCT	ok	True
chr15	98848216	98848217	-	0.029	FDR	740	T	CTTGA	ok	False
chr15	98848236	98848237	-	1.5e-21	FDR	452	T	AGTCC	ok	True
chr15	98935285	98935286	+	0.00053	FDR	396	A	GAATG	ok	False
chr15	98935400	98935401	+	0.001	FDR	575	A	ACAGT	ok	False
chr15	98935573	98935574	+	9.4e-33	FDR	448	A	GGACT	ok	True
chr15	98935810	98935811	+	6.7e-59	FDR	1230	A	GGACA	ok	True
chr15	99307460	99307461	+	6e-06	FDR	227	A	GCAGT	ok	False
chr15	99307515	99307516	+	0.0015	FDR	272	A	GCAGC	ok	False
chr15	99307667	99307668	+	5.3e-06	FDR	349	A	CCAGA	ok	False
chr15	99307735	99307736	+	1.9e-11	FDR	295	A	TGATA	ok	False
chr15	99611496	99611497	+	0.019	FDR	302	A	ACAGA	ok	False
chr15	99611749	99611750	+	5.1e-08	FDR	344	A	GTAAC	ok	False
chr15	99611750	99611751	+	7.2e-07	FDR	350	A	TAACT	ok	True
chr15	99625560	99625561	+	0.0068	FDR	141	A	ATATC	ok	False
chr15	99625623	99625624	+	0.0077	FDR	178	A	GCAGT	ok	False
chr15	99625796	99625797	+	5.6e-07	FDR	222	A	AAACC	ok	True
chr15	99625907	99625908	+	0.0013	FDR	220	A	AGAGA	ok	False
chr15	99625916	99625917	+	0.001	FDR	196	A	ATATT	ok	False
chr15	99914035	99914036	+	0.0032	FDR	184	A	AGAAC	ok	False
chr15	100518391	100518392	+	0.026	FDR	102	A	ATATT	ok	False
chr15	100518461	100518462	+	0.0015	FDR	115	A	TCATC	ok	False
chr15	100518500	100518501	+	2.2e-08	FDR	118	A	GTACC	ok	False
chr15	101188419	101188420	+	1.9e-08	FDR	145	A	GGACA	ok	True
chr15	101188452	101188453	+	5.7e-05	FDR	176	A	GCAGC	ok	False
chr15	101188467	101188468	+	0.0079	FDR	178	A	CAAGA	ok	False
chr15	101188481	101188482	+	6.8e-17	FDR	183	A	AGATC	ok	False
chr15	101188536	101188537	+	1e-19	FDR	197	A	AGACA	ok	True
chr15	101188648	101188649	+	3.4e-33	FDR	297	A	AGACT	ok	True
chr15	101188689	101188690	+	0.024	FDR	326	A	CCAGC	ok	False
chr15	101188716	101188717	+	3.5e-22	FDR	320	A	GCAGT	ok	False
chr15	101905248	101905249	-	3.1e-09	FDR	80	T	GGTTG	ok	False
chr15	101940336	101940337	+	0.017	FDR	69	A	GTAAG	ok	False
chr15	102003114	102003115	+	0.02	FDR	192	A	ATAAA	ok	False
chr15	102003139	102003140	+	9.7e-10	FDR	226	A	ACAAG	ok	False
chr15	102003422	102003423	+	2.1e-14	FDR	175	A	CAAAA	ok	False
chr15	102003432	102003433	+	0.00031	FDR	244	A	CAAGA	ok	False
chr15	102003845	102003846	+	0.04	FDR	242	A	AGACA	ok	True
chr15	102004834	102004835	+	0.031	FDR	255	A	GAATA	ok	False
chr15	102005136	102005137	+	5.3e-09	FDR	567	A	TCAGG	ok	False
chr15	102005361	102005362	+	1.6e-13	FDR	808	A	CCAGA	ok	False
chr15	102189844	102189845	+	0.0062	FDR	179	A	CCAGG	ok	False
chr15	102189991	102189992	+	2.8e-11	FDR	219	A	GGACA	ok	True
chr15	102190036	102190037	+	0.044	FDR	245	A	TGACT	ok	True
chr15	102190093	102190094	+	3.2e-16	FDR	166	A	GGACA	ok	True
chr15	102190095	102190096	+	0.011	FDR	185	A	ACATG	ok	False
chr15	102190108	102190109	+	2.3e-07	FDR	240	A	AGACT	ok	True
chr15	102232459	102232460	+	5.3e-05	FDR	168	A	TAATC	ok	False
chr15	102232495	102232496	+	3.5e-07	FDR	183	A	TTACA	ok	False
chr15	102232702	102232703	+	4.9e-10	FDR	209	A	TGATT	ok	False
chr15	102232705	102232706	+	6.8e-13	FDR	209	A	TTATT	ok	False
chr15	102232747	102232748	+	1.5e-06	FDR	207	A	GAAAT	ok	False
chr15	102234933	102234934	+	0.0013	FDR	327	A	CCAAG	ok	False
chr15	102236981	102236982	+	1.5e-09	FDR	452	A	CGATG	ok	False
chr15	102239838	102239839	+	1.8e-38	FDR	599	A	GGACT	ok	True
chr15	103100082	103100083	-	0.00075	FDR	175	T	AGTTG	ok	False
chr15	103100138	103100139	-	7.1e-10	FDR	214	T	AATGC	ok	False
chr15	103100270	103100271	-	0.0021	FDR	202	T	AATTC	ok	False
chr15	103152125	103152126	+	0.0083	FDR	378	A	CGATG	ok	False
chr15	103152180	103152181	+	0.043	FDR	410	A	CCAGT	ok	False
chr15	103152440	103152441	+	7.4e-11	FDR	448	A	TAATT	ok	False
chr15	103152687	103152688	+	6.8e-06	FDR	395	A	ACAAA	ok	False
chr15	103152745	103152746	+	7.5e-20	FDR	489	A	AGATT	ok	False
chr15	103152752	103152753	+	0.0042	FDR	491	A	TGAAC	ok	False
chr15	103152790	103152791	+	1.2e-06	FDR	513	A	CTACA	ok	False
chr15	103152801	103152802	+	4e-11	FDR	528	A	ACATG	ok	False
chr15	103152843	103152844	+	5.9e-26	FDR	516	A	GGACT	ok	True
chr15	103152962	103152963	+	0.01	FDR	858	A	AAATG	ok	False
chr15	103152975	103152976	+	0.0016	FDR	871	A	TGATC	ok	False
chr15	103152992	103152993	+	0.0052	FDR	853	A	AAATG	ok	False
chr15	103153118	103153119	+	0.0015	FDR	935	A	GGAAT	ok	False
chr15	103153229	103153230	+	0.0041	FDR	1049	A	TCATC	ok	False
chr15	103153254	103153255	+	0.0012	FDR	971	A	TTATA	ok	False
chr15	103153273	103153274	+	0.0026	FDR	1045	A	ACACC	ok	False
chr15	103153283	103153284	+	0.041	FDR	1015	A	CAATA	ok	False
chr15	103153313	103153314	+	0.0068	FDR	1050	A	AAAAT	ok	False
chr15	103153344	103153345	+	2.6e-05	FDR	1036	A	CCATT	ok	False
chr16	3857914	3857915	-	1.7e-14	FDR	232	T	AGTCC	ok	True
chr16	3857980	3857981	-	7.9e-06	FDR	253	T	CTTGG	ok	False
chr16	3858281	3858282	-	0.00024	FDR	227	T	CTTTA	ok	False
chr16	3861871	3861872	-	0.0001	FDR	204	T	CTTGG	ok	False
chr16	3862523	3862524	-	0.02	FDR	136	T	CATTA	ok	False
chr16	3862524	3862525	-	0.0016	FDR	139	T	ATTAG	ok	False
chr16	11011004	11011005	-	1.3e-37	FDR	680	T	AGTCC	ok	True
chr16	11011081	11011082	-	7.9e-44	FDR	599	T	AGTCC	ok	True
chr16	11011102	11011103	-	4.2e-10	FDR	715	T	GATAT	ok	False
chr16	11011318	11011319	-	0.021	FDR	355	T	GATGT	ok	False
chr16	11011320	11011321	-	5.4e-12	FDR	340	T	TGTCC	ok	True
chr16	11011363	11011364	-	0.0089	FDR	324	T	CTTGG	ok	False
chr16	11011374	11011375	-	1.9e-07	FDR	274	T	TGTCT	ok	True
chr16	13355854	13355855	-	0.0071	FDR	162	T	TTTGA	ok	False
chr16	13355879	13355880	-	0.00021	FDR	172	T	TTTCA	ok	False
chr16	13355885	13355886	-	2.1e-06	FDR	170	T	GATAC	ok	False
chr16	13355896	13355897	-	0.0017	FDR	171	T	ATTAC	ok	False
chr16	13632502	13632503	+	1.1e-16	FDR	309	A	GCATC	ok	False
chr16	13632621	13632622	+	0.00017	FDR	316	A	AAAAT	ok	False
chr16	15442183	15442184	-	0.048	FDR	263	T	GCTCC	ok	False
chr16	16862865	16862866	+	8.8e-06	FDR	206	A	AGAGA	ok	False
chr16	16862946	16862947	+	0.00011	FDR	198	A	CTACC	ok	False
chr16	16904588	16904589	-	3.1e-05	FDR	131	T	AGTTT	ok	True
chr16	16904589	16904590	-	0.014	FDR	171	T	GTTTT	ok	False
chr16	16904636	16904637	-	0.018	FDR	151	T	GCTAT	ok	False
chr16	16904638	16904639	-	0.0063	FDR	165	T	TATAG	ok	False
chr16	16904659	16904660	-	1.8e-10	FDR	166	T	AATGC	ok	False
chr16	16904678	16904679	-	0.029	FDR	170	T	TGTCC	ok	True
chr16	16904732	16904733	-	2.5e-08	FDR	171	T	TGTCG	ok	False
chr16	16904871	16904872	-	0.028	FDR	122	T	CGTGT	ok	False
chr16	16906617	16906618	-	0.014	FDR	113	T	CCTGA	ok	False
chr16	16906671	16906672	-	0.035	FDR	90	T	CCTTT	ok	False
chr16	16906708	16906709	-	0.018	FDR	101	T	GGTTC	ok	True
chr16	17081191	17081192	+	3.5e-05	FDR	111	A	TTATC	ok	False
chr16	17081241	17081242	+	0.02	FDR	110	A	TGATG	ok	False
chr16	17743284	17743285	-	0.00085	FDR	235	T	CTTGC	ok	False
chr16	17743324	17743325	-	0.014	FDR	217	T	CATGG	ok	False
chr16	18057655	18057656	-	0.0011	FDR	846	T	TTTTC	ok	False
chr16	18057723	18057724	-	5.7e-16	FDR	827	T	AGTTA	ok	True
chr16	18057724	18057725	-	2.2e-16	FDR	943	T	GTTAG	ok	False
chr16	18057863	18057864	-	3.1e-62	FDR	1708	T	AGTCC	ok	True
chr16	18057903	18057904	-	1.8e-23	FDR	1718	T	GGTAG	ok	False
chr16	18057953	18057954	-	2.9e-17	FDR	1679	T	CATTG	ok	False
chr16	18057954	18057955	-	5.9e-44	FDR	1696	T	ATTGT	ok	False
chr16	18059677	18059678	-	9e-29	FDR	1363	T	GGTAT	ok	False
chr16	18059734	18059735	-	1e-05	FDR	922	T	TGTAA	ok	False
chr16	18065233	18065234	-	0.034	FDR	494	T	GGTCG	ok	False
chr16	18690845	18690846	-	0.016	FDR	118	T	CTTGG	ok	False
chr16	18690866	18690867	-	2.4e-06	FDR	122	T	AATTT	ok	False
chr16	18690940	18690941	-	3e-06	FDR	122	T	ACTTG	ok	False
chr16	18690972	18690973	-	1.2e-13	FDR	362	T	CTTGA	ok	False
chr16	18691020	18691021	-	0.00065	FDR	342	T	AGTAG	ok	False
chr16	18691026	18691027	-	1e-10	FDR	344	T	CTTTA	ok	False
chr16	18691027	18691028	-	0.00018	FDR	346	T	TTTAG	ok	False
chr16	18691076	18691077	-	9.2e-13	FDR	220	T	AGTTT	ok	True
chr16	18691077	18691078	-	3.8e-05	FDR	328	T	GTTTT	ok	False
chr16	18691078	18691079	-	2e-11	FDR	333	T	TTTTC	ok	False
chr16	18691083	18691084	-	8.7e-05	FDR	278	T	AGTCT	ok	True
chr16	18691088	18691089	-	9.9e-08	FDR	329	T	CTTAT	ok	False
chr16	18691130	18691131	-	1.8e-20	FDR	306	T	CATTG	ok	False
chr16	18691131	18691132	-	1.7e-17	FDR	311	T	ATTGT	ok	False
chr16	18691133	18691134	-	2.6e-08	FDR	299	T	TGTAC	ok	False
chr16	20326888	20326889	+	0.013	FDR	364	A	TTACT	ok	False
chr16	20327775	20327776	+	6.9e-11	FDR	555	A	TGACT	ok	True
chr16	20327791	20327792	+	0.00012	FDR	537	A	GCATC	ok	False
chr16	20327861	20327862	+	0.0029	FDR	649	A	GCAGA	ok	False
chr16	20327890	20327891	+	3.7e-11	FDR	546	A	GCAAC	ok	False
chr16	20327891	20327892	+	2.2e-05	FDR	623	A	CAACT	ok	False
chr16	20327950	20327951	+	0.027	FDR	658	A	GGATG	ok	False
chr16	20537743	20537744	+	0.00015	FDR	206	A	TGACA	ok	True
chr16	20537745	20537746	+	0.0002	FDR	207	A	ACAAG	ok	False
chr16	20537832	20537833	+	0.0017	FDR	288	A	CCAGG	ok	False
chr16	20540706	20540707	+	3.4e-12	FDR	445	A	TGATG	ok	False
chr16	20540741	20540742	+	0.00018	FDR	463	A	CCAGA	ok	False
chr16	20540822	20540823	+	5.2e-44	FDR	409	A	GGACA	ok	True
chr16	20540824	20540825	+	5.4e-45	FDR	407	A	ACACT	ok	False
chr16	20540959	20540960	+	3e-09	FDR	511	A	GAACT	ok	True
chr16	20540996	20540997	+	0.00082	FDR	454	A	TTATT	ok	False
chr16	22064838	22064839	-	3.6e-11	FDR	560	T	AGTCC	ok	True
chr16	22064854	22064855	-	1.4e-06	FDR	418	T	AATGT	ok	False
chr16	22065238	22065239	-	2.6e-17	FDR	268	T	TTTTG	ok	False
chr16	22065239	22065240	-	0.00021	FDR	264	T	TTTGC	ok	False
chr16	22065296	22065297	-	6.8e-06	FDR	220	T	AGTAG	ok	False
chr16	22065321	22065322	-	0.0068	FDR	233	T	TTTTT	ok	False
chr16	22065345	22065346	-	0.0018	FDR	224	T	AGTCA	ok	True
chr16	22065430	22065431	-	1.8e-14	FDR	202	T	AATGC	ok	False
chr16	22065495	22065496	-	0.026	FDR	191	T	CCTAA	ok	False
chr16	22690501	22690502	+	1e-07	FDR	100	A	GGACT	ok	True
chr16	22690590	22690591	+	0.017	FDR	166	A	TTAGT	ok	False
chr16	22690647	22690648	+	5.3e-05	FDR	168	A	CTATT	ok	False
chr16	22690732	22690733	+	1e-06	FDR	180	A	TCAAG	ok	False
chr16	22690772	22690773	+	0.004	FDR	192	A	CCAGA	ok	False
chr16	22690783	22690784	+	6.8e-13	FDR	171	A	TTAGA	ok	False
chr16	22690787	22690788	+	0.0053	FDR	173	A	AGACA	ok	True
chr16	22690910	22690911	+	0.031	FDR	88	A	TCAGG	ok	False
chr16	22932375	22932376	+	0.00031	FDR	325	A	ATACT	ok	False
chr16	22932383	22932384	+	0.00036	FDR	289	A	GGACT	ok	True
chr16	22932487	22932488	+	1e-13	FDR	424	A	TGATT	ok	False
chr16	22932513	22932514	+	1.7e-06	FDR	425	A	GAATG	ok	False
chr16	22932528	22932529	+	6.9e-09	FDR	418	A	GTATT	ok	False
chr16	22932533	22932534	+	0.0028	FDR	423	A	GTATT	ok	False
chr16	22932537	22932538	+	8.1e-20	FDR	424	A	TTATT	ok	False
chr16	22932541	22932542	+	1.6e-06	FDR	421	A	TCAAT	ok	False
chr16	22932544	22932545	+	5e-11	FDR	380	A	ATAAA	ok	False
chr16	22932545	22932546	+	0.00012	FDR	422	A	TAAAG	ok	False
chr16	22932570	22932571	+	0.045	FDR	376	A	TGAAC	ok	False
chr16	22932605	22932606	+	0.00013	FDR	383	A	TCATC	ok	False
chr16	22932667	22932668	+	0.0013	FDR	391	A	TGAAT	ok	False
chr16	31073031	31073032	-	0.032	FDR	101	T	GGTAA	ok	False
chr16	31766780	31766781	-	0.0013	FDR	274	T	TATCA	ok	False
chr16	31766830	31766831	-	1.6e-11	FDR	213	T	TGTCC	ok	True
chr16	31766917	31766918	-	1.6e-06	FDR	191	T	GGTCG	ok	False
chr16	31766931	31766932	-	0.013	FDR	180	T	ACTGA	ok	False
chr16	31766971	31766972	-	5.1e-05	FDR	142	T	AGTCC	ok	True
chr16	32728015	32728016	+	0.037	FDR	136	A	TCATT	ok	False
chr16	32728167	32728168	+	0.001	FDR	201	A	TCAGT	ok	False
chr16	32877769	32877770	+	9.5e-40	FDR	310	A	GCAAG	ok	False
chr16	32877775	32877776	+	5.2e-44	FDR	311	A	CCATT	ok	False
chr16	32880474	32880475	+	1.4e-81	FDR	427	A	GTACC	ok	False
chr16	32880495	32880496	+	2.2e-06	FDR	434	A	TAATG	ok	False
chr16	34926699	34926700	+	0.018	FDR	117	A	GTACT	ok	False
chr16	34926752	34926753	+	0.0022	FDR	98	A	ATAAG	ok	False
chr16	34926797	34926798	+	3.1e-06	FDR	119	A	TCAAT	ok	False
chr16	34926798	34926799	+	0.0016	FDR	124	A	CAATG	ok	False
chr16	35857213	35857214	+	0.022	FDR	103	A	CCATC	ok	False
chr16	35857298	35857299	+	2.8e-05	FDR	106	A	GGACT	ok	True
chr16	35857344	35857345	+	0.00025	FDR	108	A	TTATT	ok	False
chr16	35864270	35864271	-	5.5e-14	FDR	419	T	CATCT	ok	False
chr16	35864281	35864282	-	8.1e-08	FDR	410	T	AATAC	ok	False
chr16	35864312	35864313	-	0.016	FDR	414	T	TATCC	ok	False
chr16	35864336	35864337	-	1.9e-24	FDR	420	T	GTTGC	ok	False
chr16	35864354	35864355	-	0.00043	FDR	382	T	GGTTT	ok	True
chr16	35864372	35864373	-	0.00065	FDR	418	T	AGTCT	ok	True
chr16	35864388	35864389	-	2.7e-07	FDR	416	T	CATAG	ok	False
chr16	35864413	35864414	-	0.035	FDR	390	T	GCTTT	ok	False
chr16	35864415	35864416	-	0.0052	FDR	419	T	TTTCC	ok	False
chr16	35866774	35866775	-	3.6e-05	FDR	360	T	GATGC	ok	False
chr16	35866842	35866843	-	9.9e-07	FDR	353	T	CATCA	ok	False
chr16	35870239	35870240	-	0.0051	FDR	343	T	CTTCT	ok	False
chr16	35870282	35870283	-	0.0024	FDR	315	T	TCTGT	ok	False
chr16	35870284	35870285	-	0.00055	FDR	321	T	TGTGG	ok	False
chr16	35912213	35912214	+	2.4e-06	FDR	294	A	TGAAC	ok	False
chr16	35912301	35912302	+	0.0013	FDR	310	A	ACAGA	ok	False
chr16	35912342	35912343	+	0.0065	FDR	310	A	CCAGC	ok	False
chr16	36585708	36585709	-	0.04	FDR	8	T	AGTGG	ok	False
chr16	36585724	36585725	-	4.3e-06	FDR	8	T	CTTGG	ok	False
chr16	37467989	37467990	-	0.023	FDR	239	T	ATTTA	ok	False
chr16	37474545	37474546	-	4.8e-06	FDR	218	T	TGTGC	ok	False
chr16	38265808	38265809	-	3.7e-05	FDR	228	T	GGTTA	ok	True
chr16	38265809	38265810	-	0.035	FDR	222	T	GTTAT	ok	False
chr16	38265820	38265821	-	0.0039	FDR	238	T	TCTGA	ok	False
chr16	38265847	38265848	-	6.5e-06	FDR	238	T	ACTGA	ok	False
chr16	45973439	45973440	-	0.0031	FDR	631	T	TCTGT	ok	False
chr16	45973619	45973620	-	8.9e-15	FDR	627	T	ACTGC	ok	False
chr16	45973708	45973709	-	5.1e-06	FDR	607	T	ACTGA	ok	False
chr16	45973842	45973843	-	1.5e-06	FDR	463	T	TGTCC	ok	True
chr16	45973978	45973979	-	4.8e-10	FDR	290	T	TGTCC	ok	True
chr16	45973988	45973989	-	6e-05	FDR	291	T	ACTGC	ok	False
chr16	48442960	48442961	+	0.0017	FDR	253	A	CTATC	ok	False
chr16	48444660	48444661	+	1.4e-17	FDR	354	A	CGATG	ok	False
chr16	48444666	48444667	+	0.00058	FDR	326	A	CCAGA	ok	False
chr16	48451202	48451203	+	0.018	FDR	646	A	GTATC	ok	False
chr16	55789934	55789935	+	3.7e-197	FDR	3879	A	GCATC	ok	False
chr16	55789947	55789948	+	7e-150	FDR	3744	A	ATATA	ok	False
chr16	55789949	55789950	+	1.6e-29	FDR	3668	A	ATAAT	ok	False
chr16	55790004	55790005	+	2.5e-12	FDR	4313	A	CTATC	ok	False
chr16	55790507	55790508	+	2.3e-10	FDR	4246	A	GCATC	ok	False
chr16	55791690	55791691	+	0	FDR	4089	A	GCACC	ok	False
chr16	56510711	56510712	-	0.0084	FDR	257	T	TTTAT	ok	False
chr16	56510828	56510829	-	0.014	FDR	261	T	CCTAG	ok	False
chr16	56973114	56973115	+	3.5e-09	FDR	326	A	AGACT	ok	True
chr16	56974757	56974758	+	0.045	FDR	203	A	TCAAT	ok	False
chr16	56974773	56974774	+	6.4e-15	FDR	205	A	AGATA	ok	False
chr16	56974880	56974881	+	0.013	FDR	164	A	ATAAA	ok	False
chr16	57122444	57122445	-	1.1e-11	FDR	114	T	AATCC	ok	False
chr16	57122493	57122494	-	0.0054	FDR	111	T	GATTA	ok	False
chr16	64679352	64679353	+	9.4e-05	FDR	152	A	AGATT	ok	False
chr16	64679433	64679434	+	4e-12	FDR	204	A	TGACC	ok	True
chr16	64679442	64679443	+	0.00059	FDR	205	A	ACAAA	ok	False
chr16	64679443	64679444	+	3.3e-06	FDR	207	A	CAAAG	ok	False
chr16	64679474	64679475	+	0.024	FDR	217	A	TTAGT	ok	False
chr16	64679645	64679646	+	0.00012	FDR	243	A	TGATC	ok	False
chr16	64679650	64679651	+	1.3e-07	FDR	243	A	TCAGC	ok	False
chr16	64679676	64679677	+	0.00041	FDR	236	A	GTAAC	ok	False
chr16	84515245	84515246	-	0.00015	FDR	208	T	TCTGT	ok	False
chr16	84520829	84520830	-	1.2e-07	FDR	199	T	ACTTG	ok	False
chr16	84520832	84520833	-	0.024	FDR	194	T	TGTTC	ok	True
chr16	84522022	84522023	-	0.017	FDR	153	T	CTTGA	ok	False
chr16	84619711	84619712	+	0.023	FDR	306	A	GAATT	ok	False
chr16	84622573	84622574	+	0.05	FDR	208	A	TGAAT	ok	False
chr16	84622603	84622604	+	0.00014	FDR	194	A	ATATT	ok	False
chr16	84622611	84622612	+	0.00055	FDR	186	A	TGACT	ok	True
chr16	84625327	84625328	-	5.6e-13	FDR	1201	T	GGTAG	ok	False
chr16	84625401	84625402	-	2e-21	FDR	1210	T	GATAC	ok	False
chr16	84628332	84628333	-	1.9e-05	FDR	907	T	ACTGC	ok	False
chr16	84631698	84631699	-	4.2e-07	FDR	571	T	CTTGC	ok	False
chr16	87280883	87280884	-	1.6e-10	FDR	2070	T	ATTCT	ok	False
chr16	87280885	87280886	-	4.1e-53	FDR	2065	T	TCTGG	ok	False
chr16	87281766	87281767	-	4.3e-05	FDR	1781	T	TCTAA	ok	False
chr16	87282535	87282536	-	7.4e-59	FDR	1398	T	ATTGG	ok	False
chr16	87283187	87283188	-	4.8e-05	FDR	596	T	GATTG	ok	False
chr16	87283511	87283512	-	0.0033	FDR	243	T	TGTTT	ok	True
chr16	90019681	90019682	+	1.7e-09	FDR	3133	A	CCAGT	ok	False
chr16	90019693	90019694	+	2.2e-05	FDR	3111	A	TCAGG	ok	False
chr16	90019722	90019723	+	0.00076	FDR	3631	A	CCAGC	ok	False
chr16	90022051	90022052	+	7.9e-233	FDR	5374	A	GCAAT	ok	False
chr16	90022052	90022053	+	5.1e-177	FDR	5401	A	CAATG	ok	False
chr16	90022105	90022106	+	5.8e-151	FDR	5550	A	TGATC	ok	False
chr16	91068603	91068604	+	0.0013	FDR	122	A	GGACG	ok	False
chr16	91068639	91068640	+	0.017	FDR	117	A	TGACT	ok	True
chr16	91723433	91723434	-	1.2e-28	FDR	1361	T	CCTAG	ok	False
chr16	91725886	91725887	-	0.039	FDR	599	T	CCTGA	ok	False
chr16	92107767	92107768	+	1.2e-11	FDR	129	A	GAAAA	ok	False
chr16	92109825	92109826	+	0.00048	FDR	117	A	GCACT	ok	False
chr16	92109835	92109836	+	0.013	FDR	134	A	CTAGA	ok	False
chr16	92109837	92109838	+	0.027	FDR	134	A	AGACC	ok	True
chr16	93672795	93672796	+	8e-07	FDR	82	A	CCAAA	ok	False
chr16	93672796	93672797	+	0.00032	FDR	99	A	CAAAG	ok	False
chr16	93672923	93672924	+	3.3e-09	FDR	97	A	GAATT	ok	False
chr16	93697930	93697931	+	0.00059	FDR	105	A	GGACT	ok	True
chr16	93698086	93698087	+	0.0083	FDR	204	A	CCATC	ok	False
chr16	93698093	93698094	+	1.1e-11	FDR	192	A	GGACA	ok	True
chr16	93698107	93698108	+	2e-05	FDR	222	A	CCATC	ok	False
chr16	93698235	93698236	+	2.7e-09	FDR	265	A	ACAGC	ok	False
chr16	95781183	95781184	-	0.014	FDR	318	T	AATAC	ok	False
chr16	95783375	95783376	-	4.2e-06	FDR	297	T	CATCA	ok	False
chr16	95785018	95785019	-	6.8e-06	FDR	240	T	TGTTC	ok	True
chr16	95923160	95923161	-	0.013	FDR	1623	T	ACTGG	ok	False
chr16	95923238	95923239	-	0.039	FDR	1006	T	ACTGA	ok	False
chr16	95923250	95923251	-	0.00013	FDR	979	T	AATTG	ok	False
chr16	95923305	95923306	-	0.0017	FDR	528	T	AATGT	ok	False
chr16	95923483	95923484	-	0.0021	FDR	364	T	ACTAA	ok	False
chr17	5461327	5461328	-	0.022	FDR	173	T	GATCT	ok	False
chr17	5461347	5461348	-	0.00077	FDR	165	T	TCTCC	ok	False
chr17	5461425	5461426	-	3.4e-10	FDR	169	T	GGTCC	ok	True
chr17	6134763	6134764	+	0.0018	FDR	274	A	GCAGT	ok	False
chr17	6134829	6134830	+	3.4e-16	FDR	320	A	TGACA	ok	True
chr17	6134861	6134862	+	1e-13	FDR	338	A	TCAAC	ok	False
chr17	6134895	6134896	+	8.5e-14	FDR	362	A	GGACC	ok	True
chr17	6135005	6135006	+	4.8e-09	FDR	371	A	ATACT	ok	False
chr17	6703376	6703377	+	0.034	FDR	360	A	CCAGC	ok	False
chr17	6703520	6703521	+	6.8e-07	FDR	368	A	AGATT	ok	False
chr17	6703618	6703619	+	0.031	FDR	362	A	CTACT	ok	False
chr17	6703631	6703632	+	4e-07	FDR	367	A	TGATT	ok	False
chr17	6703674	6703675	+	0.0041	FDR	365	A	ATAAT	ok	False
chr17	6703679	6703680	+	0.00035	FDR	363	A	AAATT	ok	False
chr17	7005968	7005969	-	1.4e-14	FDR	259	T	ACTGC	ok	False
chr17	7006046	7006047	-	0.04	FDR	216	T	AATAT	ok	False
chr17	13130270	13130271	-	1.4e-06	FDR	349	T	AATAG	ok	False
chr17	13130398	13130399	-	6.4e-20	FDR	364	T	AGTCA	ok	True
chr17	13130403	13130404	-	5.5e-11	FDR	354	T	CATTA	ok	False
chr17	13130436	13130437	-	1.2e-05	FDR	366	T	CTTCC	ok	False
chr17	13130442	13130443	-	7.9e-05	FDR	369	T	AATGC	ok	False
chr17	13130473	13130474	-	0.00064	FDR	365	T	CTTCC	ok	False
chr17	13130480	13130481	-	4.9e-05	FDR	360	T	TCTTC	ok	False
chr17	13130481	13130482	-	8.2e-06	FDR	359	T	CTTCC	ok	False
chr17	13130487	13130488	-	9.8e-05	FDR	333	T	TTTAA	ok	False
chr17	13130490	13130491	-	0.00019	FDR	326	T	AATGC	ok	False
chr17	13130496	13130497	-	0.00046	FDR	333	T	GATGC	ok	False
chr17	13142555	13142556	+	0.00019	FDR	1722	A	GAACC	ok	True
chr17	13142561	13142562	+	0.0018	FDR	1724	A	GGAAC	ok	False
chr17	13142562	13142563	+	0.0012	FDR	1727	A	GAACG	ok	False
chr17	13142570	13142571	+	0.0059	FDR	1711	A	AAATC	ok	False
chr17	13143172	13143173	+	4.3e-06	FDR	2025	A	GAAAC	ok	False
chr17	13143183	13143184	+	0.0015	FDR	1968	A	ACAAC	ok	False
chr17	13143206	13143207	+	2.2e-06	FDR	2052	A	GAACC	ok	True
chr17	13143210	13143211	+	0.0011	FDR	2060	A	CAACC	ok	False
chr17	13143258	13143259	+	9.4e-07	FDR	2137	A	TCACC	ok	False
chr17	13143261	13143262	+	0.0011	FDR	2196	A	CCATC	ok	False
chr17	13143277	13143278	+	0.00039	FDR	2239	A	TGATC	ok	False
chr17	13143282	13143283	+	0.011	FDR	2222	A	TGATA	ok	False
chr17	13143286	13143287	+	8.3e-06	FDR	2241	A	AAAAT	ok	False
chr17	13143287	13143288	+	5.5e-12	FDR	2214	A	AAATT	ok	False
chr17	13143310	13143311	+	6.1e-05	FDR	2235	A	CGATA	ok	False
chr17	13143312	13143313	+	0.0017	FDR	2002	A	ATAAA	ok	False
chr17	13143313	13143314	+	0.0099	FDR	2190	A	TAAAC	ok	False
chr17	13143314	13143315	+	3.8e-11	FDR	2168	A	AAACA	ok	True
chr17	13143316	13143317	+	2.5e-09	FDR	2221	A	ACACG	ok	False
chr17	13143358	13143359	+	2e-40	FDR	2170	A	TGACT	ok	True
chr17	13143422	13143423	+	3.2e-07	FDR	2102	A	TCACA	ok	False
chr17	13143432	13143433	+	0.00039	FDR	2214	A	GTACA	ok	False
chr17	13143723	13143724	+	0.039	FDR	175	A	AGAGA	ok	False
chr17	13143779	13143780	+	0.002	FDR	190	A	GCAGT	ok	False
chr17	13232472	13232473	+	2.8e-05	FDR	390	A	TAATC	ok	False
chr17	13232487	13232488	+	0.048	FDR	385	A	GCAAG	ok	False
chr17	13233987	13233988	+	0.007	FDR	473	A	CTATC	ok	False
chr17	13233998	13233999	+	9e-06	FDR	477	A	CTATT	ok	False
chr17	13234023	13234024	+	1.4e-06	FDR	481	A	GAATG	ok	False
chr17	13234038	13234039	+	0.028	FDR	403	A	ATACA	ok	False
chr17	13234059	13234060	+	0.011	FDR	489	A	AAACC	ok	True
chr17	13234118	13234119	+	0.036	FDR	468	A	GCATT	ok	False
chr17	13234123	13234124	+	1.3e-08	FDR	491	A	GCAGC	ok	False
chr17	13234168	13234169	+	1.6e-05	FDR	477	A	ACATA	ok	False
chr17	15165358	15165359	-	0.015	FDR	131	T	TATTT	ok	False
chr17	15165405	15165406	-	0.035	FDR	137	T	GGTGT	ok	False
chr17	15166516	15166517	-	0.0017	FDR	154	T	CATCA	ok	False
chr17	15696285	15696286	-	0.0011	FDR	1236	T	AGTCT	ok	True
chr17	15696304	15696305	-	1.4e-51	FDR	1350	T	AGTTT	ok	True
chr17	15696305	15696306	-	5.3e-24	FDR	1386	T	GTTTC	ok	False
chr17	15696328	15696329	-	1.2e-11	FDR	1367	T	GGTCA	ok	True
chr17	15696334	15696335	-	1.5e-30	FDR	1267	T	GATGC	ok	False
chr17	15696340	15696341	-	2.1e-11	FDR	1383	T	GATCC	ok	False
chr17	15696366	15696367	-	1.1e-16	FDR	1372	T	CATCC	ok	False
chr17	15696444	15696445	-	5.7e-05	FDR	1277	T	CATTC	ok	False
chr17	15696453	15696454	-	2.5e-07	FDR	1033	T	TATTT	ok	False
chr17	15696454	15696455	-	0.00015	FDR	1268	T	ATTTT	ok	False
chr17	15697583	15697584	-	1.9e-16	FDR	1184	T	TGTCG	ok	False
chr17	15697609	15697610	-	2.2e-57	FDR	1240	T	CTTGC	ok	False
chr17	15697658	15697659	-	2.7e-13	FDR	1146	T	GGTCA	ok	True
chr17	15697667	15697668	-	0.00042	FDR	1123	T	TGTAC	ok	False
chr17	15710425	15710426	-	1.2e-11	FDR	1009	T	CATCA	ok	False
chr17	15710504	15710505	-	3.1e-27	FDR	741	T	AATCG	ok	False
chr17	15713415	15713416	-	7e-10	FDR	450	T	ACTGC	ok	False
chr17	15713433	15713434	-	1e-06	FDR	394	T	CTTGT	ok	False
chr17	15741859	15741860	-	0.00028	FDR	129	T	AGTTT	ok	True
chr17	15742197	15742198	-	0.0049	FDR	173	T	CTTGG	ok	False
chr17	15742221	15742222	-	0.0078	FDR	154	T	AATAT	ok	False
chr17	21182950	21182951	+	5.6e-06	FDR	391	A	CCAGA	ok	False
chr17	21185525	21185526	+	3.4e-07	FDR	538	A	CCATC	ok	False
chr17	21185865	21185866	+	1.9e-05	FDR	868	A	CCAGC	ok	False
chr17	21185919	21185920	+	0.0002	FDR	783	A	CCAAG	ok	False
chr17	21186007	21186008	+	2e-44	FDR	933	A	GCATC	ok	False
chr17	24043897	24043898	-	2.9e-128	FDR	2934	T	TCTGG	ok	False
chr17	24047838	24047839	-	4.7e-16	FDR	2432	T	TCTGG	ok	False
chr17	24048074	24048075	-	2e-06	FDR	700	T	TCTGG	ok	False
chr17	24382995	24382996	-	1.1e-12	FDR	108	T	GATTA	ok	False
chr17	24383049	24383050	-	0.0045	FDR	119	T	AATCT	ok	False
chr17	24383056	24383057	-	0.009	FDR	116	T	TATAA	ok	False
chr17	24383095	24383096	-	6e-07	FDR	119	T	AGTTC	ok	True
chr17	24383096	24383097	-	1.2e-08	FDR	121	T	GTTCA	ok	False
chr17	24383137	24383138	-	0.011	FDR	117	T	GGTAA	ok	False
chr17	24442426	24442427	-	0.0039	FDR	418	T	AGTCA	ok	True
chr17	24442526	24442527	-	0.027	FDR	425	T	ACTTG	ok	False
chr17	24442585	24442586	-	7.5e-06	FDR	364	T	GCTGT	ok	False
chr17	24442748	24442749	-	2.1e-06	FDR	185	T	TGTCC	ok	True
chr17	24690084	24690085	+	1.4e-07	FDR	159	A	GGACA	ok	True
chr17	24690362	24690363	+	9.9e-06	FDR	295	A	GGACA	ok	True
chr17	24690403	24690404	+	1.9e-07	FDR	311	A	CTATC	ok	False
chr17	24690415	24690416	+	0.00067	FDR	259	A	TCACC	ok	False
chr17	24690461	24690462	+	2.5e-31	FDR	271	A	TGACT	ok	True
chr17	24690466	24690467	+	0.037	FDR	237	A	GCATG	ok	False
chr17	24690479	24690480	+	4.1e-29	FDR	262	A	GAAAA	ok	False
chr17	24690503	24690504	+	4.2e-15	FDR	312	A	TGACA	ok	True
chr17	24690515	24690516	+	6.8e-32	FDR	310	A	CGACC	ok	False
chr17	24690578	24690579	+	0.00068	FDR	291	A	GAAAA	ok	False
chr17	24690580	24690581	+	0.0091	FDR	282	A	AAAAG	ok	False
chr17	24940092	24940093	+	2.7e-19	FDR	3644	A	GCAAG	ok	False
chr17	24940884	24940885	+	3.8e-18	FDR	3922	A	GAATT	ok	False
chr17	24941058	24941059	-	1.2e-10	FDR	256	T	TATTT	ok	False
chr17	24941083	24941084	-	1.6e-09	FDR	469	T	TCTGG	ok	False
chr17	24941134	24941135	-	0.0096	FDR	470	T	CATCC	ok	False
chr17	24941164	24941165	-	0.022	FDR	473	T	TCTGG	ok	False
chr17	24941365	24941366	-	8.5e-13	FDR	456	T	GGTAG	ok	False
chr17	24941470	24941471	-	4.8e-19	FDR	452	T	TGTTC	ok	True
chr17	24941688	24941689	-	4.4e-08	FDR	407	T	ATTCT	ok	False
chr17	24941699	24941700	-	2.5e-05	FDR	399	T	TCTGG	ok	False
chr17	24943195	24943196	-	0.00071	FDR	263	T	GGTCG	ok	False
chr17	24961354	24961355	+	0.0045	FDR	101	A	TCACC	ok	False
chr17	24961437	24961438	+	0.00031	FDR	128	A	TGATA	ok	False
chr17	24961439	24961440	+	0.00074	FDR	124	A	ATACC	ok	False
chr17	24961454	24961455	+	0.0036	FDR	128	A	GGATC	ok	False
chr17	24961569	24961570	+	0.049	FDR	150	A	GCAGG	ok	False
chr17	24961665	24961666	+	0.028	FDR	168	A	AGAGT	ok	False
chr17	25161483	25161484	-	0.00089	FDR	247	T	AATTG	ok	False
chr17	25161486	25161487	-	1e-10	FDR	241	T	TGTAT	ok	False
chr17	25161522	25161523	-	0.00054	FDR	237	T	GATTC	ok	False
chr17	25161561	25161562	-	2.3e-06	FDR	221	T	GATGG	ok	False
chr17	26343586	26343587	+	2e-05	FDR	227	A	ACAGT	ok	False
chr17	26343628	26343629	+	0.025	FDR	241	A	TGAGG	ok	False
chr17	26344360	26344361	+	0.00016	FDR	381	A	GTACA	ok	False
chr17	26345382	26345383	+	6.5e-05	FDR	587	A	GCAGT	ok	False
chr17	26345391	26345392	+	1.1e-23	FDR	590	A	GAACC	ok	True
chr17	26345418	26345419	+	9.6e-05	FDR	589	A	ACAGT	ok	False
chr17	26345460	26345461	+	0.0011	FDR	577	A	GGACT	ok	True
chr17	26345468	26345469	+	0.0031	FDR	589	A	GGAAG	ok	False
chr17	27156981	27156982	-	0.00018	FDR	292	T	CATCA	ok	False
chr17	27157003	27157004	-	7.6e-19	FDR	286	T	ATTAA	ok	False
chr17	27157437	27157438	-	5.1e-11	FDR	270	T	AATCA	ok	False
chr17	27157547	27157548	-	4.2e-05	FDR	247	T	CATCA	ok	False
chr17	27157712	27157713	-	1.7e-09	FDR	169	T	TCTGC	ok	False
chr17	27344132	27344133	-	1.1e-40	FDR	690	T	GATCA	ok	False
chr17	27352800	27352801	-	9e-19	FDR	499	T	ACTGG	ok	False
chr17	27352850	27352851	-	1.9e-05	FDR	221	T	CATCT	ok	False
chr17	27853141	27853142	-	2.3e-117	FDR	6393	T	GATGC	ok	False
chr17	27853170	27853171	-	1.3e-54	FDR	5295	T	AATGT	ok	False
chr17	28549602	28549603	+	2.1e-08	FDR	701	A	TGACA	ok	True
chr17	28549861	28549862	+	9.1e-18	FDR	696	A	CTACA	ok	False
chr17	29257564	29257565	+	0.00091	FDR	360	A	TGATT	ok	False
chr17	29260194	29260195	+	3e-12	FDR	403	A	AGATA	ok	False
chr17	29260201	29260202	+	0.0023	FDR	399	A	AGAAG	ok	False
chr17	29260206	29260207	+	2.1e-11	FDR	404	A	AGAAA	ok	False
chr17	29260207	29260208	+	0.00014	FDR	411	A	GAAAG	ok	False
chr17	29260484	29260485	+	3.2e-07	FDR	381	A	GCATT	ok	False
chr17	29260574	29260575	+	0.006	FDR	533	A	GGATC	ok	False
chr17	29260591	29260592	+	0.019	FDR	551	A	TGATA	ok	False
chr17	29260606	29260607	+	4.7e-15	FDR	578	A	TTACT	ok	False
chr17	29260647	29260648	+	1.5e-12	FDR	750	A	GAATT	ok	False
chr17	29260707	29260708	+	0.00041	FDR	935	A	GTACT	ok	False
chr17	29260723	29260724	+	7.6e-24	FDR	1069	A	GCAAC	ok	False
chr17	29260767	29260768	+	0.0072	FDR	1232	A	AGACA	ok	True
chr17	29260788	29260789	+	2.1e-15	FDR	1316	A	GGAAT	ok	False
chr17	29260789	29260790	+	1e-17	FDR	1322	A	GAATG	ok	False
chr17	29260792	29260793	+	1.5e-06	FDR	1342	A	TGATA	ok	False
chr17	29260820	29260821	+	2.7e-17	FDR	1387	A	GAACA	ok	True
chr17	29260834	29260835	+	3.3e-06	FDR	1454	A	AGATA	ok	False
chr17	29260845	29260846	+	0.0039	FDR	1435	A	GGAAC	ok	False
chr17	29260864	29260865	+	2.3e-53	FDR	1460	A	GCAAA	ok	False
chr17	29260895	29260896	+	0.0011	FDR	1498	A	GGATG	ok	False
chr17	29260910	29260911	+	1.4e-26	FDR	1492	A	GTAAC	ok	False
chr17	29260926	29260927	+	1.6e-49	FDR	1529	A	GAAAT	ok	False
chr17	29260932	29260933	+	2.1e-05	FDR	1525	A	TAAAA	ok	False
chr17	29260934	29260935	+	0.0011	FDR	1460	A	AAACT	ok	True
chr17	29260967	29260968	+	6.3e-06	FDR	1407	A	GTACA	ok	False
chr17	29260993	29260994	+	2e-17	FDR	1444	A	TTACT	ok	False
chr17	29261003	29261004	+	3.4e-42	FDR	1574	A	AGATT	ok	False
chr17	31740559	31740560	+	7.9e-39	FDR	525	A	GCAAG	ok	False
chr17	31740622	31740623	+	1.2e-16	FDR	559	A	GCAAA	ok	False
chr17	31750113	31750114	+	8.3e-09	FDR	669	A	CAAGA	ok	False
chr17	31866100	31866101	-	8.7e-06	FDR	400	T	TTTTT	ok	False
chr17	31866101	31866102	-	0.0049	FDR	321	T	TTTTA	ok	False
chr17	31866190	31866191	-	0.0023	FDR	414	T	AATCG	ok	False
chr17	31866318	31866319	-	0.0069	FDR	375	T	CCTGG	ok	False
chr17	31867033	31867034	-	2.6e-05	FDR	330	T	AATGC	ok	False
chr17	31867165	31867166	-	4.6e-06	FDR	293	T	CATAC	ok	False
chr17	31867196	31867197	-	0.014	FDR	283	T	AGTTA	ok	True
chr17	34043603	34043604	+	0.0069	FDR	399	A	ATATG	ok	False
chr17	34048674	34048675	+	0.0048	FDR	657	A	CCAGT	ok	False
chr17	34057142	34057143	+	0.017	FDR	842	A	CCAAG	ok	False
chr17	34057153	34057154	+	8.3e-10	FDR	850	A	CCATA	ok	False
chr17	34057155	34057156	+	7e-16	FDR	815	A	ATACC	ok	False
chr17	34057247	34057248	+	1.4e-05	FDR	852	A	TGACC	ok	True
chr17	34157923	34157924	-	1.6e-13	FDR	539	T	GGTTA	ok	True
chr17	34157924	34157925	-	6.9e-17	FDR	539	T	GTTAG	ok	False
chr17	34158028	34158029	-	0.001	FDR	529	T	TTTCC	ok	False
chr17	34158514	34158515	-	0.047	FDR	546	T	ATTTC	ok	False
chr17	34158544	34158545	-	0.0014	FDR	525	T	CCTAC	ok	False
chr17	34158616	34158617	-	7.8e-11	FDR	496	T	GATCC	ok	False
chr17	34158745	34158746	-	0.0083	FDR	388	T	GTTAG	ok	False
chr17	34171031	34171032	-	7.1e-143	FDR	6578	T	GATAC	ok	False
chr17	34185341	34185342	+	0.041	FDR	107	A	TGACC	ok	True
chr17	34185359	34185360	+	1.9e-05	FDR	108	A	GCAGA	ok	False
chr17	35169244	35169245	-	0.00047	FDR	474	T	CGTTC	ok	False
chr17	35169428	35169429	-	0.0003	FDR	478	T	CTTGT	ok	False
chr17	35171352	35171353	-	0.04	FDR	260	T	CCTTG	ok	False
chr17	35204394	35204395	+	0.02	FDR	307	A	TTATC	ok	False
chr17	35204435	35204436	+	0.0023	FDR	381	A	CTATG	ok	False
chr17	35204487	35204488	+	0.00031	FDR	417	A	GCAAG	ok	False
chr17	35204589	35204590	+	8.2e-10	FDR	528	A	ACACC	ok	False
chr17	35204627	35204628	+	2.7e-06	FDR	586	A	TAATG	ok	False
chr17	35204705	35204706	+	6.6e-05	FDR	659	A	GGAAC	ok	False
chr17	35204706	35204707	+	5.1e-09	FDR	667	A	GAACT	ok	True
chr17	35204724	35204725	+	1.5e-10	FDR	634	A	GGACT	ok	True
chr17	35204741	35204742	+	5.8e-08	FDR	615	A	GTACC	ok	False
chr17	35204776	35204777	+	2.5e-26	FDR	647	A	GCATC	ok	False
chr17	35204799	35204800	+	3.1e-08	FDR	605	A	ACATG	ok	False
chr17	35204847	35204848	+	7.8e-05	FDR	646	A	AAAAC	ok	False
chr17	35204848	35204849	+	1e-10	FDR	642	A	AAACT	ok	True
chr17	35277412	35277413	+	0.0065	FDR	150	A	CCAGA	ok	False
chr17	35277541	35277542	+	0.018	FDR	177	A	TAATG	ok	False
chr17	35277545	35277546	+	5.9e-09	FDR	134	A	GGACA	ok	True
chr17	35277547	35277548	+	3e-06	FDR	158	A	ACACA	ok	False
chr17	35277666	35277667	+	4.8e-09	FDR	176	A	ACAAC	ok	False
chr17	35280550	35280551	+	0.0019	FDR	185	A	CCACA	ok	False
chr17	35280865	35280866	+	1.5e-05	FDR	202	A	GCACA	ok	False
chr17	35280899	35280900	+	0.034	FDR	229	A	GGATC	ok	False
chr17	35280977	35280978	+	0.04	FDR	228	A	CCAGG	ok	False
chr17	35281011	35281012	+	0.03	FDR	229	A	AGAAG	ok	False
chr17	35368365	35368366	-	2.2e-10	FDR	306	T	TCTGG	ok	False
chr17	35368526	35368527	-	0.024	FDR	275	T	ACTGT	ok	False
chr17	35471950	35471951	+	0.0032	FDR	826	A	GTATC	ok	False
chr17	35471953	35471954	+	0.0065	FDR	823	A	TCAGC	ok	False
chr17	35471994	35471995	+	1.1e-05	FDR	908	A	CCAAC	ok	False
chr17	35472018	35472019	+	0.00073	FDR	988	A	ATATT	ok	False
chr17	35472031	35472032	+	3.7e-06	FDR	1009	A	GAACA	ok	True
chr17	35472049	35472050	+	0.0026	FDR	1016	A	TGACA	ok	True
chr17	35472190	35472191	+	6.9e-05	FDR	1261	A	AGAGC	ok	False
chr17	35472209	35472210	+	5.5e-12	FDR	1246	A	CCAAG	ok	False
chr17	35472221	35472222	+	1.1e-05	FDR	1254	A	CCATC	ok	False
chr17	35472246	35472247	+	0.0051	FDR	1327	A	TGATG	ok	False
chr17	35472251	35472252	+	0.005	FDR	1301	A	CCAAG	ok	False
chr17	35472282	35472283	+	3.9e-07	FDR	1272	A	CGAGG	ok	False
chr17	35472317	35472318	+	0.019	FDR	1204	A	ACATT	ok	False
chr17	35472480	35472481	+	3.3e-11	FDR	1368	A	TCAGT	ok	False
chr17	35472507	35472508	+	0.0032	FDR	1216	A	TCAGG	ok	False
chr17	35472517	35472518	+	1.6e-06	FDR	1348	A	ACACT	ok	False
chr17	35820349	35820350	+	0.00017	FDR	524	A	GCAGC	ok	False
chr17	35820412	35820413	+	1.3e-06	FDR	667	A	CGACA	ok	False
chr17	35820883	35820884	+	6.5e-07	FDR	751	A	GCAAA	ok	False
chr17	35820884	35820885	+	1.6e-09	FDR	784	A	CAAAT	ok	False
chr17	35821215	35821216	+	4.3e-36	FDR	1328	A	CCAGA	ok	False
chr17	36145997	36145998	-	2.2e-139	FDR	4616	T	CGTCC	ok	False
chr17	36146369	36146370	-	4.3e-32	FDR	1793	T	ACTGC	ok	False
chr17	36203451	36203452	+	3.5e-11	FDR	925	A	GGACC	ok	True
chr17	36221556	36221557	-	0.013	FDR	116	T	AGTTC	ok	True
chr17	36267787	36267788	-	7.2e-49	FDR	837	T	AGTCC	ok	True
chr17	36267863	36267864	-	1.8e-11	FDR	901	T	CCTGA	ok	False
chr17	36268067	36268068	-	1.3e-61	FDR	554	T	AGTCC	ok	True
chr17	36268089	36268090	-	0.0042	FDR	616	T	AATCC	ok	False
chr17	36268103	36268104	-	1.7e-29	FDR	630	T	GATGC	ok	False
chr17	36299089	36299090	+	2.5e-06	FDR	161	A	GCAGT	ok	False
chr17	36299118	36299119	+	0.0067	FDR	170	A	CTACC	ok	False
chr17	36299457	36299458	+	6.9e-07	FDR	214	A	GCAGG	ok	False
chr17	36299476	36299477	+	0.013	FDR	217	A	GCAGG	ok	False
chr17	36299551	36299552	+	0.00022	FDR	235	A	GCAGA	ok	False
chr17	36299590	36299591	+	0.003	FDR	236	A	TCAGA	ok	False
chr17	36566599	36566600	-	0.012	FDR	218	T	AGTGA	ok	False
chr17	36566915	36566916	-	0.019	FDR	235	T	GCTGG	ok	False
chr17	36566931	36566932	-	2.4e-14	FDR	236	T	GGTCT	ok	True
chr17	36568354	36568355	-	0.0016	FDR	152	T	GGTGA	ok	False
chr17	37265329	37265330	-	4.3e-12	FDR	225	T	GGTAG	ok	False
chr17	37265419	37265420	-	0.00033	FDR	238	T	GGTCA	ok	True
chr17	37268473	37268474	-	0.00039	FDR	226	T	GGTAT	ok	False
chr17	37268475	37268476	-	0.04	FDR	230	T	TATAG	ok	False
chr17	37268765	37268766	-	0.026	FDR	176	T	GGTAT	ok	False
chr17	40157400	40157401	+	0.00074	FDR	135	A	GTAAT	ok	False
chr17	40157542	40157543	+	0.00047	FDR	233	A	TGACT	ok	True
chr17	40158058	40158059	+	0.00057	FDR	175	A	GAAAA	ok	False
chr17	40158062	40158063	+	0.00049	FDR	187	A	AAATT	ok	False
chr17	40158250	40158251	+	0.0024	FDR	149	A	GCATT	ok	False
chr17	40158472	40158473	+	0.025	FDR	259	A	GGAGT	ok	False
chr17	40158544	40158545	+	0.001	FDR	290	A	AGATT	ok	False
chr17	40158562	40158563	+	8.2e-08	FDR	301	A	CGATT	ok	False
chr17	40158581	40158582	+	0.0037	FDR	245	A	GCATG	ok	False
chr17	40158625	40158626	+	0.00018	FDR	329	A	CGATA	ok	False
chr17	40158627	40158628	+	4.2e-06	FDR	303	A	ATAAC	ok	False
chr17	45702916	45702917	-	3.4e-17	FDR	582	T	ACTGG	ok	False
chr17	45702934	45702935	-	7.1e-12	FDR	582	T	TCTGG	ok	False
chr17	45702964	45702965	-	1.4e-22	FDR	562	T	AGTCC	ok	True
chr17	45702970	45702971	-	4.8e-27	FDR	580	T	AGTCT	ok	True
chr17	45702992	45702993	-	0.00063	FDR	577	T	GATCA	ok	False
chr17	45703145	45703146	-	2e-25	FDR	436	T	AGTCT	ok	True
chr17	45703998	45703999	-	1.4e-10	FDR	397	T	AATCT	ok	False
chr17	45704021	45704022	-	0.012	FDR	371	T	ACTGC	ok	False
chr17	45715556	45715557	-	0.0038	FDR	273	T	TTTTG	ok	False
chr17	45715568	45715569	-	3.3e-06	FDR	263	T	GATTA	ok	False
chr17	45879882	45879883	-	3.5e-46	FDR	2979	T	TCTGG	ok	False
chr17	45880291	45880292	-	0.019	FDR	666	T	AGTGG	ok	False
chr17	46009073	46009074	+	9.9e-09	FDR	144	A	GCATC	ok	False
chr17	46009230	46009231	+	8.2e-13	FDR	191	A	GGACA	ok	True
chr17	46009232	46009233	+	2.8e-13	FDR	194	A	ACAAT	ok	False
chr17	46009250	46009251	+	8.6e-19	FDR	186	A	GGACT	ok	True
chr17	46009256	46009257	+	0.0098	FDR	218	A	GAATT	ok	False
chr17	46009328	46009329	+	0.0014	FDR	203	A	AGAAC	ok	False
chr17	46009329	46009330	+	1.9e-07	FDR	214	A	GAACT	ok	True
chr17	46439494	46439495	+	0.0024	FDR	201	A	ACAAG	ok	False
chr17	46439548	46439549	+	6.8e-06	FDR	213	A	CCAGA	ok	False
chr17	46554935	46554936	-	5.3e-07	FDR	384	T	ACTGG	ok	False
chr17	46554947	46554948	-	0.0017	FDR	382	T	ACTGG	ok	False
chr17	46554961	46554962	-	0.012	FDR	307	T	TCTAG	ok	False
chr17	46555031	46555032	-	1.6e-15	FDR	357	T	AGTCC	ok	True
chr17	46555052	46555053	-	0.0092	FDR	380	T	GTTCA	ok	False
chr17	46555541	46555542	-	6.7e-07	FDR	228	T	GATGG	ok	False
chr17	47086127	47086128	-	8.5e-08	FDR	378	T	AATGC	ok	False
chr17	47086165	47086166	-	0.00084	FDR	382	T	AATCC	ok	False
chr17	47086197	47086198	-	0.0038	FDR	347	T	GCTGT	ok	False
chr17	47086236	47086237	-	2.7e-06	FDR	367	T	CCTGC	ok	False
chr17	47086307	47086308	-	0.0014	FDR	315	T	GATCC	ok	False
chr17	47086311	47086312	-	0.014	FDR	285	T	CATGT	ok	False
chr17	47086333	47086334	-	1.5e-08	FDR	314	T	TCTGG	ok	False
chr17	47086412	47086413	-	1.6e-06	FDR	217	T	GATAG	ok	False
chr17	47086544	47086545	-	3.4e-06	FDR	252	T	TGTCG	ok	False
chr17	47086613	47086614	-	0.0073	FDR	185	T	GATAA	ok	False
chr17	47912286	47912287	-	0.0046	FDR	252	T	GTTAG	ok	False
chr17	47912343	47912344	-	0.048	FDR	232	T	GATGC	ok	False
chr17	47912397	47912398	-	4.4e-08	FDR	212	T	TGTCT	ok	True
chr17	47912400	47912401	-	0.00038	FDR	231	T	CTTGA	ok	False
chr17	47912409	47912410	-	2.1e-11	FDR	217	T	GGTCT	ok	True
chr17	47912413	47912414	-	8.7e-08	FDR	219	T	TTTAA	ok	False
chr17	47912431	47912432	-	2.5e-05	FDR	205	T	GGTCC	ok	True
chr17	47912472	47912473	-	7.7e-10	FDR	206	T	ACTGT	ok	False
chr17	47912524	47912525	-	1.6e-08	FDR	201	T	GCTCT	ok	False
chr17	47998113	47998114	-	7.4e-30	FDR	1454	T	CCTGG	ok	False
chr17	47998125	47998126	-	6.1e-35	FDR	1420	T	CCTGG	ok	False
chr17	47998150	47998151	-	0.00088	FDR	1432	T	TGTCA	ok	True
chr17	47998154	47998155	-	0.0073	FDR	1367	T	ACTCA	ok	False
chr17	47998841	47998842	-	0.00085	FDR	1209	T	GATCG	ok	False
chr17	47998888	47998889	-	0.00012	FDR	1089	T	TCTGG	ok	False
chr17	56322523	56322524	+	0.045	FDR	226	A	CAAGA	ok	False
chr17	56323551	56323552	+	0.0064	FDR	249	A	GCATG	ok	False
chr17	56483578	56483579	-	0.01	FDR	190	T	GCTAC	ok	False
chr17	56483660	56483661	-	0.0025	FDR	190	T	GATGG	ok	False
chr17	56483727	56483728	-	8.3e-05	FDR	190	T	AGTCC	ok	True
chr17	56483866	56483867	-	4e-05	FDR	91	T	AGTAG	ok	False
chr17	56586132	56586133	-	0.00099	FDR	205	T	CTTGC	ok	False
chr17	56914637	56914638	-	4.9e-06	FDR	348	T	CTTTA	ok	False
chr17	56914704	56914705	-	2.3e-05	FDR	356	T	CCTGG	ok	False
chr17	56914780	56914781	-	1.7e-05	FDR	315	T	CCTTG	ok	False
chr17	56914781	56914782	-	8.5e-11	FDR	321	T	CTTGG	ok	False
chr17	56914799	56914800	-	2.2e-09	FDR	352	T	CTTGG	ok	False
chr17	56914830	56914831	-	8.9e-11	FDR	346	T	ACTGA	ok	False
chr17	56915685	56915686	-	3.5e-08	FDR	304	T	GGTTG	ok	False
chr17	56915945	56915946	-	0.021	FDR	218	T	TCTTG	ok	False
chr17	56920624	56920625	+	3.3e-08	FDR	3755	A	CAAGG	ok	False
chr17	57024905	57024906	+	5e-07	FDR	532	A	GCAAG	ok	False
chr17	57028099	57028100	+	6.7e-23	FDR	817	A	CCAGA	ok	False
chr17	57028379	57028380	+	0.026	FDR	1071	A	CCAGA	ok	False
chr17	57299858	57299859	+	1.8e-11	FDR	279	A	CGACA	ok	False
chr17	57303148	57303149	+	0.0018	FDR	746	A	AGACA	ok	True
chr17	57305974	57305975	+	0.023	FDR	118	A	GAAGA	ok	False
chr17	57310992	57310993	-	0.016	FDR	323	T	ACTGG	ok	False
chr17	57311027	57311028	-	0.024	FDR	305	T	GCTCC	ok	False
chr17	57328105	57328106	-	0.006	FDR	345	T	ACTGC	ok	False
chr17	65887277	65887278	-	0.00018	FDR	302	T	AATCA	ok	False
chr17	65887323	65887324	-	0.0018	FDR	267	T	TATTA	ok	False
chr17	65887404	65887405	-	0.0019	FDR	269	T	ATTTC	ok	False
chr17	65887471	65887472	-	6.1e-06	FDR	213	T	AGTAG	ok	False
chr17	66155481	66155482	-	0.017	FDR	141	T	AGTTA	ok	True
chr17	66155593	66155594	-	0.0032	FDR	126	T	AATAT	ok	False
chr17	66155664	66155665	-	0.0041	FDR	141	T	CATAT	ok	False
chr17	66386457	66386458	-	0.034	FDR	792	T	TGTCC	ok	True
chr17	66386467	66386468	-	1.2e-08	FDR	290	T	CATTT	ok	False
chr17	66386488	66386489	-	0.00075	FDR	792	T	AGTTA	ok	True
chr17	66387840	66387841	-	3.5e-05	FDR	746	T	AGTTC	ok	True
chr17	66387841	66387842	-	7e-06	FDR	807	T	GTTCA	ok	False
chr17	66387860	66387861	-	9.6e-08	FDR	611	T	AATAT	ok	False
chr17	66387862	66387863	-	9e-08	FDR	783	T	TATCC	ok	False
chr17	66390400	66390401	-	0.003	FDR	750	T	GTTGT	ok	False
chr17	66390422	66390423	-	0.00038	FDR	691	T	GGTGC	ok	False
chr17	66390426	66390427	-	0.017	FDR	578	T	CATTT	ok	False
chr17	66394424	66394425	-	0.0051	FDR	438	T	TATGC	ok	False
chr17	66394429	66394430	-	1.4e-05	FDR	449	T	TGTCA	ok	True
chr17	71281061	71281062	-	6.6e-09	FDR	451	T	ATTTG	ok	False
chr17	71281218	71281219	-	1.1e-06	FDR	432	T	ACTGA	ok	False
chr17	71281353	71281354	-	0.00014	FDR	361	T	GATGC	ok	False
chr17	71281359	71281360	-	0.0046	FDR	322	T	TGTGA	ok	False
chr17	71301437	71301438	-	0.00034	FDR	418	T	GGTCC	ok	True
chr17	71301656	71301657	-	0.0012	FDR	237	T	AATGT	ok	False
chr17	71301658	71301659	-	0.00011	FDR	292	T	TGTAG	ok	False
chr17	71964715	71964716	+	0.022	FDR	110	A	CTATA	ok	False
chr17	71965708	71965709	+	0.00022	FDR	202	A	CAAAT	ok	False
chr17	71965805	71965806	+	5.5e-08	FDR	243	A	GGACT	ok	True
chr17	71965836	71965837	+	0.028	FDR	244	A	TGACT	ok	True
chr17	71965860	71965861	+	5.8e-14	FDR	209	A	GGACT	ok	True
chr17	74606533	74606534	-	5.3e-07	FDR	545	T	TCTGA	ok	False
chr17	74606563	74606564	-	4.1e-09	FDR	544	T	ATTAA	ok	False
chr17	74606772	74606773	-	0.00071	FDR	488	T	CTTGT	ok	False
chr17	74606810	74606811	-	4.7e-09	FDR	338	T	GATTT	ok	False
chr17	80508872	80508873	-	2.5e-06	FDR	580	T	ATTAG	ok	False
chr17	80508879	80508880	-	0.0013	FDR	559	T	GGTTG	ok	False
chr17	80508897	80508898	-	3.6e-06	FDR	571	T	GGTTA	ok	True
chr17	80508944	80508945	-	1.4e-07	FDR	571	T	AATAA	ok	False
chr17	80508984	80508985	-	2.7e-08	FDR	573	T	CATTC	ok	False
chr17	80511560	80511561	-	0.018	FDR	274	T	CCTCG	ok	False
chr17	80511603	80511604	-	0.018	FDR	313	T	GCTGA	ok	False
chr17	83809454	83809455	-	0.029	FDR	576	T	ACTGA	ok	False
chr17	83809496	83809497	-	6.6e-22	FDR	551	T	CCTAG	ok	False
chr17	83809503	83809504	-	6.2e-05	FDR	577	T	TCTGG	ok	False
chr17	83809522	83809523	-	0.029	FDR	541	T	CCTTT	ok	False
chr17	83809523	83809524	-	3.7e-13	FDR	567	T	CTTTG	ok	False
chr17	83809534	83809535	-	7.4e-32	FDR	575	T	ACTGC	ok	False
chr17	83809544	83809545	-	5.1e-10	FDR	571	T	AATAG	ok	False
chr17	83809558	83809559	-	4.7e-05	FDR	567	T	GCTAT	ok	False
chr17	83809632	83809633	-	1.2e-14	FDR	511	T	CCTGT	ok	False
chr17	83809634	83809635	-	2.6e-12	FDR	482	T	TGTCC	ok	True
chr17	83809704	83809705	-	0.00026	FDR	475	T	GCTCA	ok	False
chr17	83809720	83809721	-	2.2e-22	FDR	414	T	AGTCC	ok	True
chr17	83809834	83809835	-	0.0065	FDR	326	T	CCTTA	ok	False
chr17	83809846	83809847	-	0.0047	FDR	300	T	GTTTT	ok	False
chr17	83809873	83809874	-	1.1e-11	FDR	304	T	TCTGA	ok	False
chr17	83809926	83809927	-	0.0075	FDR	215	T	TTTCC	ok	False
chr17	83809942	83809943	-	5.3e-06	FDR	168	T	AATGT	ok	False
chr17	85012695	85012696	-	0.0029	FDR	198	T	TTTTC	ok	False
chr17	85012706	85012707	-	3.1e-07	FDR	183	T	AGTAC	ok	False
chr17	85012888	85012889	-	7.8e-05	FDR	196	T	AATGC	ok	False
chr17	87343098	87343099	+	2.3e-12	FDR	115	A	GCATT	ok	False
chr17	87741021	87741022	-	0.00013	FDR	976	T	CCTGG	ok	False
chr17	88028333	88028334	+	0.00045	FDR	233	A	GGATT	ok	False
chr17	88296886	88296887	+	0.0011	FDR	318	A	AAACT	ok	True
chr18	6201024	6201025	-	1.3e-06	FDR	280	T	CATTT	ok	False
chr18	6201025	6201026	-	9.4e-07	FDR	285	T	ATTTC	ok	False
chr18	6201076	6201077	-	1.6e-06	FDR	273	T	ACTTA	ok	False
chr18	6201382	6201383	-	6.1e-10	FDR	248	T	AATAT	ok	False
chr18	6201394	6201395	-	0.0064	FDR	244	T	ATTCT	ok	False
chr18	9995466	9995467	-	0.001	FDR	139	T	AATAT	ok	False
chr18	9995510	9995511	-	0.00035	FDR	158	T	GATTA	ok	False
chr18	9995744	9995745	-	0.017	FDR	395	T	GGTTA	ok	True
chr18	9995745	9995746	-	0.00058	FDR	396	T	GTTAG	ok	False
chr18	9995749	9995750	-	0.0067	FDR	394	T	GATAA	ok	False
chr18	9995784	9995785	-	1.2e-06	FDR	376	T	AGTAA	ok	False
chr18	9995811	9995812	-	2.4e-12	FDR	342	T	TGTGC	ok	False
chr18	9995856	9995857	-	0.0062	FDR	324	T	GATAA	ok	False
chr18	10627868	10627869	+	8.6e-15	FDR	1176	A	ATAAT	ok	False
chr18	24137606	24137607	+	0.018	FDR	81	A	GAATC	ok	False
chr18	24137617	24137618	+	3.8e-09	FDR	69	A	TGACC	ok	True
chr18	31929515	31929516	+	0.022	FDR	298	A	TCAGG	ok	False
chr18	32040130	32040131	+	1.4e-05	FDR	189	A	TTACC	ok	False
chr18	32040303	32040304	+	0.0032	FDR	239	A	GAATC	ok	False
chr18	33928918	33928919	+	4.6e-08	FDR	175	A	TGATT	ok	False
chr18	33928997	33928998	+	0.0034	FDR	171	A	TCATT	ok	False
chr18	34469183	34469184	+	0.0049	FDR	223	A	TGATA	ok	False
chr18	34469185	34469186	+	0.00012	FDR	212	A	ATACC	ok	False
chr18	34469242	34469243	+	0.018	FDR	256	A	CAAGG	ok	False
chr18	34469255	34469256	+	0.047	FDR	154	A	GTAAA	ok	False
chr18	34469284	34469285	+	0.004	FDR	285	A	TGACG	ok	False
chr18	34469306	34469307	+	6.6e-10	FDR	289	A	ACAGT	ok	False
chr18	34469369	34469370	+	0.014	FDR	278	A	TAACT	ok	True
chr18	34469400	34469401	+	2.3e-07	FDR	265	A	TCATC	ok	False
chr18	34469404	34469405	+	0.00039	FDR	294	A	CAACA	ok	False
chr18	34469413	34469414	+	1e-11	FDR	291	A	ACAAT	ok	False
chr18	34469473	34469474	+	6.3e-07	FDR	247	A	AAATG	ok	False
chr18	34469508	34469509	+	1.2e-05	FDR	300	A	AGATA	ok	False
chr18	34469514	34469515	+	1.6e-09	FDR	284	A	TGACT	ok	True
chr18	34469529	34469530	+	1.3e-32	FDR	292	A	TTACT	ok	False
chr18	34480114	34480115	-	0.026	FDR	118	T	TGTCC	ok	True
chr18	34480202	34480203	-	0.0088	FDR	129	T	AGTTC	ok	True
chr18	35036168	35036169	-	0.012	FDR	416	T	AATGT	ok	False
chr18	35036191	35036192	-	7.3e-06	FDR	454	T	TCTGG	ok	False
chr18	35036258	35036259	-	0.00018	FDR	399	T	TGTGT	ok	False
chr18	35036265	35036266	-	0.0035	FDR	381	T	GCTCG	ok	False
chr18	35037484	35037485	-	0.0018	FDR	448	T	CCTGT	ok	False
chr18	35037604	35037605	-	1.4e-09	FDR	444	T	AATGC	ok	False
chr18	35037697	35037698	-	0.038	FDR	285	T	TATTT	ok	False
chr18	35037712	35037713	-	0.0073	FDR	340	T	TATGA	ok	False
chr18	35071034	35071035	-	6.8e-31	FDR	1041	T	ACTGC	ok	False
chr18	35071185	35071186	-	0.0086	FDR	850	T	GCTGA	ok	False
chr18	35071231	35071232	-	0.00025	FDR	697	T	TATAT	ok	False
chr18	35071310	35071311	-	4.2e-05	FDR	640	T	AGTCC	ok	True
chr18	35071650	35071651	-	6.5e-10	FDR	497	T	CATTT	ok	False
chr18	35071651	35071652	-	0.0011	FDR	533	T	ATTTC	ok	False
chr18	35072004	35072005	-	0.0048	FDR	414	T	GGTCC	ok	True
chr18	35072041	35072042	-	0.0004	FDR	365	T	AATAA	ok	False
chr18	35387370	35387371	+	0.00074	FDR	324	A	GAAGG	ok	False
chr18	35387377	35387378	+	7.1e-14	FDR	348	A	CCAGA	ok	False
chr18	35387379	35387380	+	0.0059	FDR	342	A	AGAAA	ok	False
chr18	35387397	35387398	+	4.8e-05	FDR	330	A	ATAAA	ok	False
chr18	35387488	35387489	+	9.1e-10	FDR	532	A	ACAGT	ok	False
chr18	35387500	35387501	+	2.7e-18	FDR	492	A	GGACT	ok	True
chr18	35387586	35387587	+	0.0041	FDR	677	A	CCAGC	ok	False
chr18	35724285	35724286	+	3.4e-07	FDR	310	A	ACATT	ok	False
chr18	35724300	35724301	+	0.00072	FDR	392	A	AAAAC	ok	False
chr18	35724416	35724417	+	6.6e-06	FDR	392	A	ATATA	ok	False
chr18	35724418	35724419	+	0.00019	FDR	362	A	ATACT	ok	False
chr18	35724456	35724457	+	4.9e-10	FDR	382	A	ATACC	ok	False
chr18	35724459	35724460	+	0.00041	FDR	382	A	CCAAT	ok	False
chr18	35994447	35994448	+	0.0094	FDR	154	A	GGATT	ok	False
chr18	35994521	35994522	+	0.015	FDR	180	A	TGATC	ok	False
chr18	36798882	36798883	+	0.026	FDR	159	A	ATATT	ok	False
chr18	36798922	36798923	+	4.5e-05	FDR	162	A	GGAAC	ok	False
chr18	36875654	36875655	-	1.5e-28	FDR	1302	T	TCTGG	ok	False
chr18	36899609	36899610	-	0.001	FDR	217	T	TTTGG	ok	False
chr18	36899697	36899698	-	0.019	FDR	184	T	AGTCC	ok	True
chr18	36899727	36899728	-	1.1e-05	FDR	221	T	CCTGG	ok	False
chr18	36899833	36899834	-	0.013	FDR	190	T	AGTCT	ok	True
chr18	36899869	36899870	-	0.014	FDR	173	T	AGTAC	ok	False
chr18	36929650	36929651	+	0.00057	FDR	127	A	GCAGA	ok	False
chr18	36930995	36930996	+	2.7e-07	FDR	173	A	GGACT	ok	True
chr18	36931026	36931027	+	0.00042	FDR	182	A	GCAGC	ok	False
chr18	36931105	36931106	+	0.0056	FDR	178	A	ATACT	ok	False
chr18	36931110	36931111	+	1.3e-26	FDR	130	A	GGACC	ok	True
chr18	36931287	36931288	+	4.9e-13	FDR	349	A	AGAAC	ok	False
chr18	36931288	36931289	+	1e-11	FDR	346	A	GAACC	ok	True
chr18	37775177	37775178	-	0.042	FDR	210	T	TCTTT	ok	False
chr18	37775199	37775200	-	2.1e-05	FDR	224	T	ACTGC	ok	False
chr18	37775302	37775303	-	0.028	FDR	218	T	AGTTC	ok	True
chr18	42008777	42008778	-	8.4e-08	FDR	104	T	TGTCA	ok	True
chr18	42008782	42008783	-	0.0025	FDR	106	T	AGTCT	ok	True
chr18	42008827	42008828	-	0.044	FDR	103	T	ACTCT	ok	False
chr18	42008829	42008830	-	0.0043	FDR	106	T	TCTGT	ok	False
chr18	42008845	42008846	-	0.025	FDR	105	T	CATCC	ok	False
chr18	43454194	43454195	-	0.0026	FDR	76	T	CATAT	ok	False
chr18	43454287	43454288	-	0.023	FDR	80	T	TGTCT	ok	True
chr18	43609178	43609179	-	0.009	FDR	236	T	ACTGT	ok	False
chr18	43609257	43609258	-	1.9e-07	FDR	235	T	ACTGC	ok	False
chr18	44557648	44557649	+	0.031	FDR	152	A	TTATT	ok	False
chr18	44557780	44557781	+	0.00049	FDR	233	A	CCAGA	ok	False
chr18	46719220	46719221	-	0.0084	FDR	148	T	GATAG	ok	False
chr18	46742958	46742959	+	0.0046	FDR	189	A	GCAGC	ok	False
chr18	46742996	46742997	+	1.9e-08	FDR	191	A	CTAGT	ok	False
chr18	46743055	46743056	+	2.2e-05	FDR	178	A	GCACT	ok	False
chr18	46743190	46743191	+	4.1e-07	FDR	192	A	GGAAT	ok	False
chr18	46743202	46743203	+	4.6e-06	FDR	195	A	TTATA	ok	False
chr18	46743204	46743205	+	1.5e-06	FDR	190	A	ATAAC	ok	False
chr18	47220952	47220953	+	1.8e-05	FDR	115	A	TGACA	ok	True
chr18	53814886	53814887	-	0.0051	FDR	129	T	AGTCC	ok	True
chr18	53814891	53814892	-	0.031	FDR	131	T	TTTCC	ok	False
chr18	53815004	53815005	-	0.022	FDR	128	T	CATTC	ok	False
chr18	56713352	56713353	+	0.0068	FDR	136	A	AAATG	ok	False
chr18	56717402	56717403	+	0.011	FDR	186	A	GAATC	ok	False
chr18	56717425	56717426	+	0.00072	FDR	187	A	GCATC	ok	False
chr18	56717440	56717441	+	1.1e-10	FDR	194	A	AGATT	ok	False
chr18	56719951	56719952	+	0.012	FDR	183	A	ACATT	ok	False
chr18	56719965	56719966	+	0.034	FDR	207	A	GAAAA	ok	False
chr18	56719967	56719968	+	0.00092	FDR	209	A	AAATC	ok	False
chr18	56720031	56720032	+	1.2e-06	FDR	236	A	AAAAT	ok	False
chr18	56720032	56720033	+	2.8e-08	FDR	235	A	AAATG	ok	False
chr18	56720145	56720146	+	0.0022	FDR	279	A	GGACC	ok	True
chr18	56720201	56720202	+	1e-16	FDR	263	A	GGACT	ok	True
chr18	56720209	56720210	+	2e-11	FDR	276	A	ACATC	ok	False
chr18	56720229	56720230	+	6.6e-22	FDR	207	A	GGACA	ok	True
chr18	56720305	56720306	+	0.00013	FDR	118	A	CTAGA	ok	False
chr18	56720341	56720342	+	0.00089	FDR	138	A	TGATG	ok	False
chr18	56720371	56720372	+	0.0065	FDR	143	A	GCAGC	ok	False
chr18	56720473	56720474	+	0.0014	FDR	141	A	TCAGC	ok	False
chr18	56720513	56720514	+	0.00057	FDR	139	A	TGACT	ok	True
chr18	56886175	56886176	+	1e-05	FDR	283	A	ATATA	ok	False
chr18	56886216	56886217	+	0.00041	FDR	357	A	CAAGG	ok	False
chr18	56886274	56886275	+	0.018	FDR	389	A	ATATT	ok	False
chr18	56886435	56886436	+	0.0083	FDR	386	A	ATAGT	ok	False
chr18	56886478	56886479	+	0.02	FDR	371	A	AAACG	ok	False
chr18	57507737	57507738	+	0.0044	FDR	118	A	CCAGT	ok	False
chr18	57514710	57514711	+	0.0048	FDR	133	A	GAACG	ok	False
chr18	57514720	57514721	+	0.00058	FDR	133	A	ACAGC	ok	False
chr18	57514801	57514802	+	0.014	FDR	146	A	ACAAG	ok	False
chr18	57522390	57522391	+	1.4e-14	FDR	225	A	GGACT	ok	True
chr18	57522514	57522515	+	4e-08	FDR	271	A	GGACA	ok	True
chr18	57522535	57522536	+	0.00079	FDR	251	A	TCACC	ok	False
chr18	57522556	57522557	+	4.7e-13	FDR	288	A	GGAAC	ok	False
chr18	57522557	57522558	+	1.5e-54	FDR	289	A	GAACC	ok	True
chr18	57522654	57522655	+	1e-18	FDR	270	A	ACAAT	ok	False
chr18	58813233	58813234	+	0.028	FDR	120	A	GAATG	ok	False
chr18	58813237	58813238	+	2.8e-05	FDR	111	A	GTAAA	ok	False
chr18	58813322	58813323	+	0.00016	FDR	112	A	TTACT	ok	False
chr18	58813333	58813334	+	0.0031	FDR	119	A	TTATT	ok	False
chr18	60705544	60705545	+	0.00064	FDR	136	A	GAACT	ok	True
chr18	60909502	60909503	+	0.0017	FDR	4868	A	GAAGG	ok	False
chr18	60909589	60909590	+	0.021	FDR	5095	A	TGACA	ok	True
chr18	60910957	60910958	+	0.0087	FDR	8036	A	GGATT	ok	False
chr18	61152191	61152192	-	1.1e-30	FDR	293	T	GTTCT	ok	False
chr18	61152235	61152236	-	4.4e-10	FDR	194	T	TGTCC	ok	True
chr18	61152240	61152241	-	6.9e-16	FDR	234	T	AGTCC	ok	True
chr18	61152371	61152372	-	4.6e-06	FDR	209	T	TCTGG	ok	False
chr18	61152415	61152416	-	3.2e-09	FDR	189	T	AGTCT	ok	True
chr18	61152417	61152418	-	0.011	FDR	190	T	TCTGG	ok	False
chr18	61152420	61152421	-	0.0046	FDR	189	T	GGTCC	ok	True
chr18	61152486	61152487	-	0.027	FDR	162	T	TCTTG	ok	False
chr18	61152487	61152488	-	0.0025	FDR	162	T	CTTGA	ok	False
chr18	61392515	61392516	-	1.4e-14	FDR	2954	T	CTTGT	ok	False
chr18	61722725	61722726	+	0.003	FDR	121	A	AGAAA	ok	False
chr18	61722800	61722801	+	0.019	FDR	148	A	TCATT	ok	False
chr18	61722842	61722843	+	5.4e-09	FDR	174	A	GAATG	ok	False
chr18	61722850	61722851	+	1.7e-05	FDR	167	A	TTACT	ok	False
chr18	61722973	61722974	+	6.3e-06	FDR	177	A	CCACA	ok	False
chr18	62637329	62637330	-	0.0026	FDR	118	T	CATAA	ok	False
chr18	62637384	62637385	-	0.0037	FDR	122	T	GATAC	ok	False
chr18	67451654	67451655	+	0.033	FDR	256	A	GGACA	ok	True
chr18	67451812	67451813	+	3.3e-09	FDR	307	A	CCAGA	ok	False
chr18	67451831	67451832	+	5.1e-08	FDR	309	A	TGATA	ok	False
chr18	67451883	67451884	+	0.0011	FDR	310	A	GAATG	ok	False
chr18	67535765	67535766	+	4.2e-05	FDR	221	A	GAATG	ok	False
chr18	67538089	67538090	-	0.00011	FDR	146	T	AGTCT	ok	True
chr18	67798616	67798617	-	0.0081	FDR	134	T	AGTAT	ok	False
chr18	67798705	67798706	-	0.00024	FDR	133	T	GTTAA	ok	False
chr18	67798772	67798773	-	0.01	FDR	146	T	GATGG	ok	False
chr18	67928244	67928245	+	3.3e-10	FDR	150	A	TAAAT	ok	False
chr18	67928306	67928307	+	0.0056	FDR	157	A	GGAGA	ok	False
chr18	67928308	67928309	+	0.0014	FDR	157	A	AGAGC	ok	False
chr18	67928323	67928324	+	0.0015	FDR	143	A	GAACT	ok	True
chr18	74938946	74938947	+	0.0087	FDR	107	A	GCAGT	ok	False
chr18	74939249	74939250	+	9.6e-05	FDR	130	A	ATACA	ok	False
chr18	75376462	75376463	+	0.015	FDR	76	A	AGACT	ok	True
chr18	75419691	75419692	+	5.5e-05	FDR	96	A	GAAGT	ok	False
chr18	75419775	75419776	+	0.022	FDR	111	A	CAACT	ok	False
chr18	75419943	75419944	+	0.0048	FDR	115	A	TGACT	ok	True
chr18	75419981	75419982	+	0.0021	FDR	130	A	TCAGC	ok	False
chr18	75419988	75419989	+	0.016	FDR	129	A	TGATT	ok	False
chr18	80235645	80235646	-	0.0052	FDR	303	T	TGTCC	ok	True
chr18	80235648	80235649	-	0.013	FDR	303	T	CCTGC	ok	False
chr18	80235767	80235768	-	4.9e-13	FDR	285	T	GATCA	ok	False
chr18	80235855	80235856	-	0.0013	FDR	257	T	TCTGG	ok	False
chr18	80235875	80235876	-	1.5e-13	FDR	263	T	GCTGC	ok	False
chr18	80236006	80236007	-	0.042	FDR	165	T	ATTTG	ok	False
chr18	80236061	80236062	-	0.021	FDR	145	T	GTTCT	ok	False
chr18	80236073	80236074	-	0.027	FDR	125	T	CATGT	ok	False
chr18	80236082	80236083	-	5.4e-22	FDR	134	T	CCTGG	ok	False
chr18	80250456	80250457	+	0.031	FDR	245	A	CCATC	ok	False
chr18	80261994	80261995	+	1.1e-06	FDR	402	A	TGACC	ok	True
chr18	80265409	80265410	+	0.034	FDR	451	A	TGATT	ok	False
chr18	80265539	80265540	+	9.2e-44	FDR	522	A	GGACT	ok	True
chr18	80265590	80265591	+	2.2e-71	FDR	524	A	GGACA	ok	True
chr18	80265592	80265593	+	3.8e-08	FDR	500	A	ACACT	ok	False
chr18	84897655	84897656	+	0.0037	FDR	221	A	CCATC	ok	False
chr18	84897778	84897779	+	1.8e-08	FDR	198	A	TCACT	ok	False
chr18	84897823	84897824	+	3.6e-08	FDR	238	A	ATATC	ok	False
chr18	84897860	84897861	+	2.7e-11	FDR	243	A	ACAAG	ok	False
chr18	84897861	84897862	+	0.014	FDR	244	A	CAAGG	ok	False
chr18	84897954	84897955	+	1.2e-05	FDR	235	A	ACACG	ok	False
chr18	84897968	84897969	+	0.036	FDR	219	A	AAATA	ok	False
chr18	84995549	84995550	+	0.049	FDR	310	A	GAACA	ok	True
chr18	84995582	84995583	+	1.9e-16	FDR	364	A	GAATG	ok	False
chr18	84995588	84995589	+	0.018	FDR	362	A	AGAAC	ok	False
chr18	84999267	84999268	+	3.3e-07	FDR	464	A	TGACC	ok	True
chr18	84999288	84999289	+	1.5e-05	FDR	517	A	AGAAG	ok	False
chr18	84999289	84999290	+	3.1e-05	FDR	518	A	GAAGC	ok	False
chr18	84999301	84999302	+	0.0062	FDR	514	A	GTATG	ok	False
chr18	84999373	84999374	+	6.6e-05	FDR	482	A	GTACA	ok	False
chr18	84999418	84999419	+	1.7e-08	FDR	519	A	TGAAA	ok	False
chr18	84999420	84999421	+	0.012	FDR	548	A	AAAAT	ok	False
chr18	84999423	84999424	+	6.6e-17	FDR	544	A	ATACC	ok	False
chr18	84999430	84999431	+	0.032	FDR	532	A	TGAAT	ok	False
chr18	84999431	84999432	+	8.3e-06	FDR	549	A	GAATA	ok	False
chr18	84999433	84999434	+	2e-44	FDR	537	A	ATACT	ok	False
chr18	84999451	84999452	+	6.4e-24	FDR	364	A	GGACA	ok	True
chr18	84999453	84999454	+	5.7e-34	FDR	439	A	ACATT	ok	False
chr18	84999457	84999458	+	1.9e-16	FDR	482	A	TTACC	ok	False
chr18	84999472	84999473	+	0.00029	FDR	547	A	AAAAT	ok	False
chr18	84999473	84999474	+	1.6e-31	FDR	529	A	AAATT	ok	False
chr18	84999476	84999477	+	1.8e-05	FDR	446	A	TTACA	ok	False
chr18	84999481	84999482	+	0.00018	FDR	522	A	ACAAT	ok	False
chr18	84999530	84999531	+	0.013	FDR	526	A	TTATT	ok	False
chr18	84999578	84999579	+	0.043	FDR	543	A	AAAAT	ok	False
chr19	3335339	3335340	+	0.00033	FDR	157	A	CCACC	ok	False
chr19	3336900	3336901	+	5.9e-06	FDR	237	A	TGATC	ok	False
chr19	3341070	3341071	+	1.2e-18	FDR	368	A	GAAAT	ok	False
chr19	3341094	3341095	+	7.4e-08	FDR	347	A	GTACT	ok	False
chr19	3341151	3341152	+	2.1e-13	FDR	353	A	GCAAG	ok	False
chr19	4085473	4085474	-	0.035	FDR	493	T	ACTAC	ok	False
chr19	4085533	4085534	-	0.00052	FDR	490	T	CCTTG	ok	False
chr19	4085644	4085645	-	0.0074	FDR	348	T	TGTAA	ok	False
chr19	4085824	4085825	-	0.00043	FDR	494	T	CCTGG	ok	False
chr19	4086707	4086708	-	4.7e-09	FDR	447	T	GGTGA	ok	False
chr19	4086757	4086758	-	0.0096	FDR	460	T	TCTGG	ok	False
chr19	4087172	4087173	-	0.019	FDR	286	T	CTTGG	ok	False
chr19	4090335	4090336	-	0.00017	FDR	131	T	CTTGT	ok	False
chr19	4090346	4090347	-	3.1e-06	FDR	116	T	AGTCC	ok	True
chr19	4090738	4090739	-	0.00015	FDR	130	T	CCTGG	ok	False
chr19	5013445	5013446	+	2.4e-08	FDR	303	A	ACAGG	ok	False
chr19	5014882	5014883	+	1.2e-41	FDR	508	A	GGACT	ok	True
chr19	5014898	5014899	+	0.0087	FDR	597	A	CGATT	ok	False
chr19	5149249	5149250	-	0.00031	FDR	187	T	CTTGG	ok	False
chr19	5149319	5149320	-	6.4e-06	FDR	191	T	CTTGC	ok	False
chr19	5149340	5149341	-	0.045	FDR	194	T	CATCA	ok	False
chr19	5149472	5149473	-	3.1e-14	FDR	174	T	GGTAA	ok	False
chr19	5149590	5149591	-	0.0016	FDR	181	T	GGTCT	ok	True
chr19	5414680	5414681	-	0.016	FDR	577	T	GATTT	ok	False
chr19	5414689	5414690	-	4.1e-30	FDR	765	T	AATTT	ok	False
chr19	5414787	5414788	-	2.6e-05	FDR	840	T	AATCC	ok	False
chr19	5414791	5414792	-	0.00026	FDR	816	T	CATTC	ok	False
chr19	5414805	5414806	-	6.8e-26	FDR	801	T	GGTAA	ok	False
chr19	5414835	5414836	-	2.6e-09	FDR	649	T	GGTGG	ok	False
chr19	5414864	5414865	-	0.00016	FDR	838	T	GATCC	ok	False
chr19	5415052	5415053	-	9.5e-11	FDR	673	T	CATCA	ok	False
chr19	5415091	5415092	-	0.022	FDR	623	T	ACTGC	ok	False
chr19	5415166	5415167	-	1.4e-15	FDR	546	T	ACTGG	ok	False
chr19	5415954	5415955	-	3.3e-10	FDR	361	T	TTTGG	ok	False
chr19	5416610	5416611	-	0.00027	FDR	287	T	TCTGG	ok	False
chr19	5418470	5418471	+	0.00062	FDR	158	A	ACAAT	ok	False
chr19	5418539	5418540	+	0.00041	FDR	178	A	AGAAC	ok	False
chr19	5419965	5419966	+	3.2e-07	FDR	324	A	CCAGA	ok	False
chr19	5420118	5420119	+	1.2e-13	FDR	334	A	CCAGG	ok	False
chr19	5420145	5420146	+	4.8e-17	FDR	302	A	GGACT	ok	True
chr19	5430295	5430296	-	0.00047	FDR	311	T	TCTGG	ok	False
chr19	5431093	5431094	-	0.0014	FDR	277	T	CCTGG	ok	False
chr19	5431097	5431098	-	5e-06	FDR	240	T	GGTGA	ok	False
chr19	5431243	5431244	-	3.6e-05	FDR	202	T	TATCC	ok	False
chr19	5542677	5542678	+	0.00078	FDR	557	A	GCAAG	ok	False
chr19	5543996	5543997	+	9.9e-07	FDR	3964	A	CCAGT	ok	False
chr19	5652370	5652371	+	0.011	FDR	214	A	GGACG	ok	False
chr19	5652861	5652862	+	0.0058	FDR	223	A	CCAGG	ok	False
chr19	5652883	5652884	+	0.049	FDR	223	A	CCAGA	ok	False
chr19	5698001	5698002	+	0.00056	FDR	67	A	ACATC	ok	False
chr19	5990645	5990646	-	3.7e-07	FDR	151	T	CTTTG	ok	False
chr19	5990646	5990647	-	0.038	FDR	136	T	TTTGT	ok	False
chr19	5990762	5990763	-	0.0035	FDR	154	T	ACTGG	ok	False
chr19	5990782	5990783	-	0.0024	FDR	129	T	AGTCC	ok	True
chr19	6104789	6104790	-	1.8e-05	FDR	259	T	CATTC	ok	False
chr19	6104804	6104805	-	4.4e-10	FDR	257	T	AATCC	ok	False
chr19	6104858	6104859	-	2.1e-13	FDR	257	T	CATCA	ok	False
chr19	6104875	6104876	-	3.7e-17	FDR	258	T	CTTTC	ok	False
chr19	6104911	6104912	-	4.9e-07	FDR	249	T	AGTAG	ok	False
chr19	6104921	6104922	-	9.2e-09	FDR	250	T	GATTC	ok	False
chr19	6104930	6104931	-	8.1e-06	FDR	247	T	AGTAC	ok	False
chr19	6105006	6105007	-	6.8e-05	FDR	195	T	TGTAG	ok	False
chr19	6105110	6105111	-	2.6e-07	FDR	185	T	GATGT	ok	False
chr19	6105118	6105119	-	0.0083	FDR	200	T	CTTCC	ok	False
chr19	6105144	6105145	-	0.048	FDR	175	T	TGTCG	ok	False
chr19	6108029	6108030	+	2.5e-18	FDR	941	A	CTAGG	ok	False
chr19	6112178	6112179	+	0.045	FDR	91	A	GCACC	ok	False
chr19	6112200	6112201	+	3.5e-05	FDR	95	A	CGAGC	ok	False
chr19	6112207	6112208	+	0.044	FDR	98	A	GGAAG	ok	False
chr19	6112282	6112283	+	9.3e-06	FDR	85	A	GGACC	ok	True
chr19	6112308	6112309	+	3e-05	FDR	93	A	ACACC	ok	False
chr19	6112341	6112342	+	0.0027	FDR	101	A	CGAGC	ok	False
chr19	6112416	6112417	+	0.0027	FDR	90	A	CCACC	ok	False
chr19	6112420	6112421	+	5.8e-05	FDR	97	A	CCACT	ok	False
chr19	6112442	6112443	+	0.0069	FDR	100	A	GGAAC	ok	False
chr19	6112443	6112444	+	0.0081	FDR	101	A	GAACT	ok	True
chr19	6166255	6166256	-	0.0081	FDR	104	T	TATTG	ok	False
chr19	6348494	6348495	+	3.7e-05	FDR	129	A	GGACA	ok	True
chr19	6348627	6348628	+	6.6e-06	FDR	196	A	TGACT	ok	True
chr19	6348775	6348776	+	0.0079	FDR	239	A	TGAGC	ok	False
chr19	6348872	6348873	+	9e-08	FDR	217	A	GAACA	ok	True
chr19	6348894	6348895	+	0.011	FDR	209	A	GGAAC	ok	False
chr19	6349686	6349687	+	0.012	FDR	140	A	CCAGC	ok	False
chr19	6349740	6349741	+	0.049	FDR	150	A	GGAGG	ok	False
chr19	6349780	6349781	+	0.00085	FDR	168	A	GAAGC	ok	False
chr19	6884097	6884098	-	5.9e-15	FDR	238	T	TATTG	ok	False
chr19	6884138	6884139	-	0.012	FDR	184	T	AGTAA	ok	False
chr19	6884293	6884294	-	8.1e-05	FDR	236	T	TATGC	ok	False
chr19	6884305	6884306	-	1.4e-10	FDR	236	T	TATCA	ok	False
chr19	6952576	6952577	+	0.0067	FDR	280	A	GCAGG	ok	False
chr19	6952707	6952708	+	7.9e-06	FDR	385	A	CCAGA	ok	False
chr19	6954248	6954249	+	0.0049	FDR	610	A	AAACC	ok	True
chr19	6954414	6954415	+	9.2e-19	FDR	843	A	AAATG	ok	False
chr19	6954488	6954489	+	2.6e-15	FDR	760	A	ATACC	ok	False
chr19	6954525	6954526	+	0.049	FDR	799	A	GCAGG	ok	False
chr19	6954613	6954614	+	1.3e-06	FDR	785	A	GGACT	ok	True
chr19	6998090	6998091	-	8.1e-05	FDR	809	T	ACTGG	ok	False
chr19	6999082	6999083	-	3.8e-07	FDR	363	T	ATTAT	ok	False
chr19	7192709	7192710	-	3.7e-10	FDR	1928	T	GCTGG	ok	False
chr19	7192723	7192724	-	3.7e-24	FDR	1913	T	TCTAG	ok	False
chr19	8684995	8684996	-	7.6e-08	FDR	757	T	AATCT	ok	False
chr19	8684997	8684998	-	0.023	FDR	757	T	TCTGC	ok	False
chr19	8685259	8685260	-	0.0056	FDR	710	T	CCTGG	ok	False
chr19	8685310	8685311	-	0.0013	FDR	655	T	ATTCT	ok	False
chr19	8685451	8685452	-	6.4e-06	FDR	421	T	ATTCT	ok	False
chr19	8703608	8703609	+	3.6e-05	FDR	444	A	AGAAA	ok	False
chr19	8703655	8703656	+	0.0086	FDR	466	A	AGATC	ok	False
chr19	8703673	8703674	+	9e-09	FDR	468	A	TGATG	ok	False
chr19	8703690	8703691	+	0.00019	FDR	458	A	GCAAT	ok	False
chr19	8717289	8717290	+	3.6e-10	FDR	354	A	GGATA	ok	False
chr19	8717463	8717464	+	1.5e-21	FDR	401	A	TTATC	ok	False
chr19	8717481	8717482	+	1.6e-10	FDR	433	A	GAACT	ok	True
chr19	8717507	8717508	+	1.8e-06	FDR	431	A	ATAAC	ok	False
chr19	8717508	8717509	+	1.9e-13	FDR	433	A	TAACT	ok	True
chr19	8717779	8717780	+	1.3e-05	FDR	491	A	GAACC	ok	True
chr19	8717800	8717801	+	0.0012	FDR	490	A	GTACC	ok	False
chr19	8717826	8717827	+	1.1e-19	FDR	483	A	TGAAC	ok	False
chr19	8717827	8717828	+	1.8e-09	FDR	495	A	GAACT	ok	True
chr19	8717871	8717872	+	0.00018	FDR	495	A	AGATT	ok	False
chr19	8717882	8717883	+	5.7e-13	FDR	415	A	AGACA	ok	True
chr19	8717887	8717888	+	0.00019	FDR	488	A	CAAGG	ok	False
chr19	8717926	8717927	+	0.0043	FDR	490	A	GGATC	ok	False
chr19	8749503	8749504	+	0.013	FDR	117	A	CCACC	ok	False
chr19	8749538	8749539	+	0.013	FDR	133	A	ACAGT	ok	False
chr19	8749624	8749625	+	4.9e-06	FDR	129	A	CTACT	ok	False
chr19	8749646	8749647	+	2.8e-05	FDR	72	A	GGACA	ok	True
chr19	8749659	8749660	+	3.9e-08	FDR	134	A	ACACT	ok	False
chr19	8749762	8749763	+	3.4e-05	FDR	95	A	GGACA	ok	True
chr19	8770700	8770701	-	6.4e-14	FDR	404	T	AGTCG	ok	False
chr19	8771719	8771720	-	0.026	FDR	230	T	TCTGA	ok	False
chr19	8857747	8857748	-	1.2e-27	FDR	139	T	AGTCC	ok	True
chr19	8857846	8857847	-	0.019	FDR	145	T	CATCC	ok	False
chr19	8857859	8857860	-	3.6e-13	FDR	93	T	TGTCC	ok	True
chr19	8857941	8857942	-	1.2e-06	FDR	130	T	ACTGC	ok	False
chr19	8866529	8866530	+	0.0012	FDR	350	A	GCAGG	ok	False
chr19	8867422	8867423	+	3.2e-06	FDR	525	A	GCAGC	ok	False
chr19	8867440	8867441	+	0.0027	FDR	554	A	CCAGA	ok	False
chr19	8867800	8867801	+	0.00091	FDR	593	A	GGACT	ok	True
chr19	8867864	8867865	+	0.00076	FDR	670	A	GGATC	ok	False
chr19	8867903	8867904	+	4.5e-14	FDR	653	A	CCAGA	ok	False
chr19	8867962	8867963	+	0.00024	FDR	543	A	ATATT	ok	False
chr19	8867995	8867996	+	7.3e-07	FDR	662	A	GGACC	ok	True
chr19	8874953	8874954	+	2.7e-07	FDR	131	A	GGACT	ok	True
chr19	8875098	8875099	+	2.7e-10	FDR	152	A	TGACC	ok	True
chr19	8904388	8904389	+	0.0077	FDR	86	A	ACATG	ok	False
chr19	8904448	8904449	+	1.2e-07	FDR	96	A	GGACA	ok	True
chr19	8904522	8904523	+	0.0016	FDR	100	A	CTAGA	ok	False
chr19	8949892	8949893	+	0.00059	FDR	1025	A	CCAGG	ok	False
chr19	8949954	8949955	+	4.8e-18	FDR	1393	A	CTATC	ok	False
chr19	8955317	8955318	+	4.9e-130	FDR	4728	A	AGATT	ok	False
chr19	8955332	8955333	+	1.1e-19	FDR	4632	A	CTATG	ok	False
chr19	8955341	8955342	+	5.6e-39	FDR	4513	A	GTATA	ok	False
chr19	8955343	8955344	+	6.1e-68	FDR	4281	A	ATACA	ok	False
chr19	8955382	8955383	+	1.5e-06	FDR	4759	A	AGACC	ok	True
chr19	8955398	8955399	+	1.5e-115	FDR	4535	A	GTACT	ok	False
chr19	8955425	8955426	+	5.4e-18	FDR	4558	A	GCATG	ok	False
chr19	8955500	8955501	+	3.4e-110	FDR	4118	A	CTACC	ok	False
chr19	8955531	8955532	+	3.6e-23	FDR	4623	A	GAAAA	ok	False
chr19	10184561	10184562	+	1.6e-06	FDR	54	A	ATATT	ok	False
chr19	10606528	10606529	+	2.9e-07	FDR	418	A	CCAAG	ok	False
chr19	10607024	10607025	+	1.6e-16	FDR	1476	A	TCAGG	ok	False
chr19	10607153	10607154	+	8.6e-07	FDR	1469	A	GAATT	ok	False
chr19	11751960	11751961	+	0.00056	FDR	157	A	CGATA	ok	False
chr19	14425665	14425666	-	0.022	FDR	204	T	GTTAA	ok	False
chr19	14425735	14425736	-	0.024	FDR	190	T	AGTCC	ok	True
chr19	14425747	14425748	-	0.023	FDR	211	T	CTTGC	ok	False
chr19	23145357	23145358	+	2.8e-05	FDR	147	A	GTATT	ok	False
chr19	30075998	30075999	-	0.012	FDR	81	T	TTTCC	ok	False
chr19	31063707	31063708	+	4.6e-06	FDR	127	A	CTACT	ok	False
chr19	32443532	32443533	-	0.0073	FDR	3612	T	TCTGG	ok	False
chr19	32443707	32443708	-	4.7e-05	FDR	2365	T	CTTGA	ok	False
chr19	32443728	32443729	-	1.5e-07	FDR	2207	T	ACTGC	ok	False
chr19	32443763	32443764	-	0.019	FDR	2007	T	TGTTA	ok	True
chr19	32443799	32443800	-	0.002	FDR	1924	T	TCTTC	ok	False
chr19	32492586	32492587	+	0.046	FDR	104	A	GGATC	ok	False
chr19	32492639	32492640	+	0.012	FDR	102	A	TAAAG	ok	False
chr19	32492709	32492710	+	0.048	FDR	96	A	ATACC	ok	False
chr19	37199168	37199169	+	1.9e-05	FDR	272	A	CCAGA	ok	False
chr19	37199220	37199221	+	0.0084	FDR	228	A	TTATT	ok	False
chr19	37246174	37246175	-	0.00037	FDR	202	T	GATAA	ok	False
chr19	37246221	37246222	-	1e-09	FDR	160	T	AGTCT	ok	True
chr19	37246252	37246253	-	0.0031	FDR	202	T	TCTCA	ok	False
chr19	37246288	37246289	-	0.02	FDR	203	T	TCTGG	ok	False
chr19	37246303	37246304	-	0.0084	FDR	204	T	CTTGT	ok	False
chr19	37246309	37246310	-	0.029	FDR	201	T	CATGG	ok	False
chr19	37246370	37246371	-	0.0025	FDR	197	T	GCTTG	ok	False
chr19	37246382	37246383	-	0.0012	FDR	195	T	ACTGA	ok	False
chr19	37246421	37246422	-	0.002	FDR	182	T	ATTGT	ok	False
chr19	38956574	38956575	+	0.044	FDR	247	A	GTAAT	ok	False
chr19	38956589	38956590	+	0.027	FDR	243	A	GGATT	ok	False
chr19	41851308	41851309	-	0.049	FDR	186	T	CATTT	ok	False
chr19	41851485	41851486	-	0.00061	FDR	197	T	AATCC	ok	False
chr19	41851688	41851689	-	6e-06	FDR	141	T	CCTGG	ok	False
chr19	41906623	41906624	+	1.5e-08	FDR	348	A	GCAGT	ok	False
chr19	41906793	41906794	+	5.2e-05	FDR	297	A	ACATA	ok	False
chr19	41906795	41906796	+	0.00052	FDR	371	A	ATATT	ok	False
chr19	41906833	41906834	+	3.6e-27	FDR	415	A	TGACA	ok	True
chr19	41906861	41906862	+	6.6e-25	FDR	449	A	CCAGA	ok	False
chr19	41907067	41907068	+	2.5e-07	FDR	448	A	CCAGA	ok	False
chr19	42111889	42111890	-	7.4e-09	FDR	254	T	GTTAC	ok	False
chr19	42111968	42111969	-	4.9e-20	FDR	235	T	AGTCC	ok	True
chr19	42112049	42112050	-	4.4e-31	FDR	173	T	GATGT	ok	False
chr19	42112051	42112052	-	2.9e-33	FDR	157	T	TGTCC	ok	True
chr19	42112086	42112087	-	1.6e-35	FDR	205	T	AGTCC	ok	True
chr19	42112090	42112091	-	0.038	FDR	210	T	CCTGC	ok	False
chr19	42112138	42112139	-	4.1e-13	FDR	226	T	GATCT	ok	False
chr19	42112196	42112197	-	0.0022	FDR	204	T	CTTGT	ok	False
chr19	42112209	42112210	-	0.00013	FDR	199	T	AGTTC	ok	True
chr19	42112218	42112219	-	1.3e-06	FDR	197	T	ACTGC	ok	False
chr19	42113221	42113222	-	0.0031	FDR	132	T	CTTTT	ok	False
chr19	42113223	42113224	-	0.02	FDR	131	T	TTTCC	ok	False
chr19	43488302	43488303	-	2e-08	FDR	351	T	CATTT	ok	False
chr19	44127703	44127704	-	0.02	FDR	148	T	TTTAA	ok	False
chr19	44127857	44127858	-	0.023	FDR	133	T	CCTGA	ok	False
chr19	44127886	44127887	-	0.00047	FDR	138	T	GATGA	ok	False
chr19	44294831	44294832	+	6.1e-10	FDR	369	A	CCATG	ok	False
chr19	44294893	44294894	+	7.8e-06	FDR	469	A	TCAGT	ok	False
chr19	44295147	44295148	+	3.2e-23	FDR	742	A	GGACT	ok	True
chr19	44538819	44538820	-	1.3e-06	FDR	476	T	GGTAC	ok	False
chr19	44538837	44538838	-	1.5e-11	FDR	519	T	GGTAC	ok	False
chr19	44993619	44993620	-	6.4e-06	FDR	65	T	GTTTT	ok	False
chr19	44993902	44993903	-	6.5e-10	FDR	228	T	GGTCC	ok	True
chr19	44993939	44993940	-	2.7e-05	FDR	236	T	GCTTG	ok	False
chr19	44993940	44993941	-	1.3e-05	FDR	237	T	CTTGC	ok	False
chr19	44993982	44993983	-	3.1e-15	FDR	230	T	GGTCA	ok	True
chr19	44994119	44994120	-	1.4e-28	FDR	171	T	GGTCC	ok	True
chr19	44994181	44994182	-	0.00084	FDR	199	T	TCTGG	ok	False
chr19	44994205	44994206	-	3.6e-23	FDR	166	T	AGTCC	ok	True
chr19	45566056	45566057	+	0.019	FDR	153	A	AGACT	ok	True
chr19	45736200	45736201	-	0.0035	FDR	311	T	TTTAT	ok	False
chr19	45736258	45736259	-	6.2e-07	FDR	313	T	TGTTC	ok	True
chr19	45736386	45736387	-	2.1e-12	FDR	293	T	AGTCC	ok	True
chr19	45736631	45736632	-	0.011	FDR	244	T	TCTTG	ok	False
chr19	45736644	45736645	-	0.0046	FDR	236	T	GATGC	ok	False
chr19	45736693	45736694	-	0.00058	FDR	224	T	TCTTC	ok	False
chr19	46504685	46504686	+	0.00032	FDR	103	A	ACATC	ok	False
chr19	46504803	46504804	+	0.0065	FDR	109	A	GAACT	ok	True
chr19	46504837	46504838	+	0.0034	FDR	98	A	AAATA	ok	False
chr19	46504839	46504840	+	0.0011	FDR	111	A	ATAAT	ok	False
chr19	46519600	46519601	-	0.048	FDR	239	T	GATCA	ok	False
chr19	46519775	46519776	-	6.3e-05	FDR	145	T	CGTTT	ok	False
chr19	46519776	46519777	-	0.02	FDR	235	T	GTTTT	ok	False
chr19	46519814	46519815	-	6.7e-18	FDR	228	T	AGTTC	ok	True
chr19	47074627	47074628	-	0.0018	FDR	624	T	ACTGG	ok	False
chr19	47074632	47074633	-	5.3e-18	FDR	617	T	AATTG	ok	False
chr19	47074633	47074634	-	2.2e-40	FDR	621	T	ATTGG	ok	False
chr19	47723524	47723525	+	0.0061	FDR	279	A	ACATG	ok	False
chr19	47723849	47723850	+	1.9e-11	FDR	462	A	GAATG	ok	False
chr19	53633350	53633351	+	0.0016	FDR	261	A	GTATT	ok	False
chr19	60749907	60749908	-	1e-24	FDR	390	T	TCTGG	ok	False
chr19	60750028	60750029	-	0.015	FDR	253	T	GATCA	ok	False
chr2	3329670	3329671	+	0.0039	FDR	90	A	GAAGG	ok	False
chr2	3490033	3490034	-	0.0042	FDR	397	T	GATGC	ok	False
chr2	3490757	3490758	-	3.1e-10	FDR	303	T	AATAT	ok	False
chr2	3490794	3490795	-	0.0034	FDR	360	T	CCTGG	ok	False
chr2	4913155	4913156	+	0.0015	FDR	189	A	GAACT	ok	True
chr2	4913204	4913205	+	6.4e-10	FDR	162	A	GGACA	ok	True
chr2	10063825	10063826	-	0.026	FDR	1604	T	GATGA	ok	False
chr2	10063890	10063891	-	0.00044	FDR	1648	T	TGTCA	ok	True
chr2	10064316	10064317	-	7e-05	FDR	1593	T	CGTTC	ok	False
chr2	10064385	10064386	-	0.00079	FDR	1206	T	AGTAG	ok	False
chr2	10064421	10064422	-	3.1e-16	FDR	1266	T	AATTC	ok	False
chr2	10064433	10064434	-	0.00024	FDR	1262	T	CATCA	ok	False
chr2	11590262	11590263	-	0.05	FDR	212	T	GATTT	ok	False
chr2	11590303	11590304	-	8.1e-11	FDR	358	T	GATCC	ok	False
chr2	11590317	11590318	-	0.037	FDR	332	T	TATTT	ok	False
chr2	11590346	11590347	-	3.5e-05	FDR	354	T	TGTCC	ok	True
chr2	11590372	11590373	-	0.0055	FDR	315	T	CATGC	ok	False
chr2	11590386	11590387	-	2.7e-10	FDR	357	T	TGTTC	ok	True
chr2	11590391	11590392	-	6.6e-15	FDR	356	T	AGTCT	ok	True
chr2	11590404	11590405	-	9.8e-19	FDR	321	T	TGTAA	ok	False
chr2	11590410	11590411	-	0.0097	FDR	368	T	GATCA	ok	False
chr2	11590419	11590420	-	4.3e-09	FDR	278	T	GGTGA	ok	False
chr2	11590468	11590469	-	1.1e-15	FDR	334	T	AATTT	ok	False
chr2	11590469	11590470	-	0.00028	FDR	366	T	ATTTA	ok	False
chr2	11590472	11590473	-	0.00013	FDR	365	T	TATCC	ok	False
chr2	11590489	11590490	-	9.1e-06	FDR	357	T	CATGC	ok	False
chr2	11590651	11590652	-	5.1e-05	FDR	314	T	ATTGC	ok	False
chr2	11590681	11590682	-	3e-10	FDR	257	T	AATAT	ok	False
chr2	11590690	11590691	-	2.9e-06	FDR	279	T	ACTGC	ok	False
chr2	11591683	11591684	-	1.7e-07	FDR	239	T	AATAT	ok	False
chr2	11591710	11591711	-	0.0033	FDR	190	T	TATTT	ok	False
chr2	13587305	13587306	+	0.0037	FDR	204	A	GCATC	ok	False
chr2	13587332	13587333	+	0.00012	FDR	163	A	GCACA	ok	False
chr2	13587356	13587357	+	0.0022	FDR	243	A	GTACC	ok	False
chr2	13587371	13587372	+	0.03	FDR	150	A	AAAAA	ok	False
chr2	13587372	13587373	+	0.015	FDR	201	A	AAAAA	ok	False
chr2	13587412	13587413	+	3.6e-06	FDR	226	A	TTACT	ok	False
chr2	13587464	13587465	+	2.2e-09	FDR	247	A	GCACT	ok	False
chr2	13587508	13587509	+	3.1e-12	FDR	259	A	AAATA	ok	False
chr2	13587510	13587511	+	2.5e-08	FDR	257	A	ATAAT	ok	False
chr2	25112604	25112605	-	3.3e-13	FDR	1557	T	GCTGT	ok	False
chr2	25112615	25112616	-	4.9e-35	FDR	1510	T	ATTGT	ok	False
chr2	25112818	25112819	-	0.0053	FDR	915	T	ACTGC	ok	False
chr2	25175322	25175323	+	0.045	FDR	157	A	GTATC	ok	False
chr2	25175530	25175531	+	1.5e-11	FDR	198	A	GGACA	ok	True
chr2	25447930	25447931	+	0.00011	FDR	266	A	AGAGC	ok	False
chr2	25450563	25450564	+	1.1e-13	FDR	440	A	CCAGA	ok	False
chr2	25451038	25451039	+	1.5e-22	FDR	744	A	GAATA	ok	False
chr2	25463524	25463525	-	5.8e-07	FDR	123	T	GGTAC	ok	False
chr2	25464239	25464240	-	0.00051	FDR	103	T	TCTGA	ok	False
chr2	25464289	25464290	-	0.0053	FDR	97	T	CTTTG	ok	False
chr2	25464290	25464291	-	7.4e-05	FDR	97	T	TTTGC	ok	False
chr2	25473087	25473088	-	0.00052	FDR	156	T	GCTCA	ok	False
chr2	25473317	25473318	-	0.00012	FDR	114	T	GGTCC	ok	True
chr2	25888606	25888607	-	6.3e-06	FDR	205	T	GGTTA	ok	True
chr2	25888751	25888752	-	0.0073	FDR	212	T	CATTC	ok	False
chr2	25888764	25888765	-	1.5e-07	FDR	153	T	AATGC	ok	False
chr2	26240402	26240403	-	0.044	FDR	77	T	TGTAG	ok	False
chr2	26285105	26285106	+	1.2e-08	FDR	123	A	TGATT	ok	False
chr2	26285432	26285433	+	0.0004	FDR	148	A	GCAAC	ok	False
chr2	26285555	26285556	+	5.1e-09	FDR	180	A	CCAGC	ok	False
chr2	26285576	26285577	+	2.6e-11	FDR	183	A	CCAGA	ok	False
chr2	26285581	26285582	+	4.4e-06	FDR	177	A	TCATA	ok	False
chr2	26801086	26801087	+	0.00079	FDR	182	A	CCAAG	ok	False
chr2	26801532	26801533	+	0.0029	FDR	336	A	CAAAG	ok	False
chr2	26801533	26801534	+	0.00025	FDR	366	A	AAAGT	ok	False
chr2	26802067	26802068	+	0.00073	FDR	470	A	CCAGA	ok	False
chr2	26802069	26802070	+	3.2e-10	FDR	483	A	AGAGA	ok	False
chr2	26802387	26802388	+	9.8e-13	FDR	527	A	ACAGT	ok	False
chr2	26803036	26803037	+	5.9e-08	FDR	846	A	CTATT	ok	False
chr2	26803061	26803062	+	3.6e-07	FDR	813	A	ATATG	ok	False
chr2	26803197	26803198	+	5.2e-102	FDR	831	A	GCAAC	ok	False
chr2	26803271	26803272	+	0.00064	FDR	860	A	AAATT	ok	False
chr2	26810090	26810091	-	1.3e-08	FDR	299	T	GATCA	ok	False
chr2	26810117	26810118	-	2.3e-08	FDR	277	T	GATAT	ok	False
chr2	27426225	27426226	+	0.001	FDR	349	A	AAATG	ok	False
chr2	29072226	29072227	+	0.05	FDR	187	A	CCAGT	ok	False
chr2	29072334	29072335	+	0.046	FDR	180	A	TTACT	ok	False
chr2	29706214	29706215	+	0.041	FDR	89	A	GCACC	ok	False
chr2	29959536	29959537	+	0.017	FDR	267	A	TGATG	ok	False
chr2	29959586	29959587	+	3.2e-05	FDR	293	A	TGAAC	ok	False
chr2	29959599	29959600	+	0.00082	FDR	301	A	TGACC	ok	True
chr2	29959616	29959617	+	0.02	FDR	272	A	CCACC	ok	False
chr2	29960202	29960203	+	0.0083	FDR	316	A	TGACA	ok	True
chr2	29960207	29960208	+	0.00028	FDR	316	A	AAACG	ok	False
chr2	29960337	29960338	+	7.4e-12	FDR	310	A	ACATC	ok	False
chr2	29960362	29960363	+	6.3e-09	FDR	352	A	CTACC	ok	False
chr2	29960459	29960460	+	3.1e-09	FDR	408	A	CGACA	ok	False
chr2	29960472	29960473	+	6.5e-20	FDR	427	A	GAAGA	ok	False
chr2	29960474	29960475	+	3.8e-05	FDR	425	A	AGAAG	ok	False
chr2	29960492	29960493	+	1.3e-06	FDR	447	A	TGATG	ok	False
chr2	29960495	29960496	+	3.2e-05	FDR	446	A	TGATG	ok	False
chr2	29960501	29960502	+	3.6e-08	FDR	446	A	CGACG	ok	False
chr2	29960525	29960526	+	4.6e-06	FDR	463	A	GGAAG	ok	False
chr2	29960530	29960531	+	2.3e-08	FDR	464	A	ATATT	ok	False
chr2	29960537	29960538	+	0.036	FDR	468	A	TGAAG	ok	False
chr2	29960538	29960539	+	0.019	FDR	465	A	GAAGA	ok	False
chr2	29960570	29960571	+	0.00077	FDR	479	A	TGACG	ok	False
chr2	29960579	29960580	+	5.7e-20	FDR	494	A	GGATG	ok	False
chr2	29960934	29960935	+	5.2e-13	FDR	505	A	GGACG	ok	False
chr2	29960938	29960939	+	0.029	FDR	505	A	GAAGG	ok	False
chr2	29960949	29960950	+	1.4e-21	FDR	505	A	TGATT	ok	False
chr2	29960960	29960961	+	3.2e-17	FDR	500	A	GAAGA	ok	False
chr2	29960962	29960963	+	0.0044	FDR	472	A	AGACT	ok	True
chr2	29961121	29961122	+	9.5e-17	FDR	723	A	GTATC	ok	False
chr2	29961130	29961131	+	8.3e-26	FDR	384	A	GCAAA	ok	False
chr2	29961132	29961133	+	1.2e-32	FDR	747	A	AAAAT	ok	False
chr2	29961144	29961145	+	0.0018	FDR	750	A	GAAAA	ok	False
chr2	29961146	29961147	+	1.4e-14	FDR	746	A	AAAGA	ok	False
chr2	30041858	30041859	+	1.4e-24	FDR	260	A	AGACT	ok	True
chr2	30234064	30234065	+	8e-18	FDR	221	A	CCAAG	ok	False
chr2	30234065	30234066	+	1.2e-07	FDR	222	A	CAAGG	ok	False
chr2	30234232	30234233	+	0.0011	FDR	199	A	ATACC	ok	False
chr2	30850758	30850759	-	2.6e-09	FDR	113	T	AATCA	ok	False
chr2	30850816	30850817	-	1.9e-07	FDR	105	T	GGTCC	ok	True
chr2	31408738	31408739	+	0.0012	FDR	485	A	GCATG	ok	False
chr2	31410435	31410436	+	0.0021	FDR	757	A	TGACA	ok	True
chr2	31571179	31571180	+	0.0012	FDR	168	A	CGACT	ok	False
chr2	31571292	31571293	+	0.0047	FDR	151	A	GTACT	ok	False
chr2	32463297	32463298	+	0.021	FDR	143	A	TCAAA	ok	False
chr2	32463431	32463432	+	0.0047	FDR	180	A	TGACA	ok	True
chr2	32463453	32463454	+	1.4e-09	FDR	132	A	GGACT	ok	True
chr2	32463483	32463484	+	0.00021	FDR	160	A	AGACT	ok	True
chr2	32463498	32463499	+	0.03	FDR	171	A	AGAAC	ok	False
chr2	32463552	32463553	+	0.047	FDR	126	A	GGAAA	ok	False
chr2	32814953	32814954	+	0.0018	FDR	139	A	TGACT	ok	True
chr2	32814998	32814999	+	0.047	FDR	139	A	AGACT	ok	True
chr2	32815035	32815036	+	0.048	FDR	163	A	CCAGT	ok	False
chr2	32815070	32815071	+	0.026	FDR	163	A	CCAGA	ok	False
chr2	32815072	32815073	+	9.7e-05	FDR	163	A	AGACG	ok	False
chr2	32815214	32815215	+	3.9e-05	FDR	162	A	CTATG	ok	False
chr2	32815218	32815219	+	0.00011	FDR	156	A	GCAAA	ok	False
chr2	32815220	32815221	+	7.2e-06	FDR	157	A	AAACT	ok	True
chr2	32851781	32851782	+	7.8e-05	FDR	815	A	GAATC	ok	False
chr2	32852615	32852616	+	1.6e-05	FDR	1348	A	CCAAG	ok	False
chr2	32852648	32852649	+	0.00016	FDR	1406	A	TTACA	ok	False
chr2	32853075	32853076	+	0.0062	FDR	1662	A	GAACA	ok	True
chr2	32853510	32853511	+	1.2e-05	FDR	1636	A	TTAAA	ok	False
chr2	32853514	32853515	+	7.3e-11	FDR	1739	A	ACACA	ok	False
chr2	32853586	32853587	+	1.9e-08	FDR	2007	A	AGAAC	ok	False
chr2	32853757	32853758	+	1.3e-06	FDR	1991	A	CTATC	ok	False
chr2	32853812	32853813	+	8.5e-10	FDR	2019	A	CCACC	ok	False
chr2	35926590	35926591	-	1.7e-13	FDR	373	T	TCTGG	ok	False
chr2	35929733	35929734	-	2.3e-36	FDR	340	T	ACTGC	ok	False
chr2	38503450	38503451	-	5.6e-08	FDR	602	T	TATCT	ok	False
chr2	38503452	38503453	-	2.3e-09	FDR	603	T	TCTGG	ok	False
chr2	38503463	38503464	-	2.4e-11	FDR	595	T	CTTAT	ok	False
chr2	38503485	38503486	-	0.045	FDR	576	T	GCTGC	ok	False
chr2	38523903	38523904	-	0.043	FDR	459	T	GATAG	ok	False
chr2	61615839	61615840	+	7.1e-05	FDR	273	A	GAACA	ok	True
chr2	61615848	61615849	+	0.00063	FDR	270	A	AAACA	ok	True
chr2	61627762	61627763	+	1.5e-05	FDR	346	A	TGACA	ok	True
chr2	71271565	71271566	+	2.2e-05	FDR	847	A	TGACA	ok	True
chr2	71271577	71271578	+	3.4e-06	FDR	823	A	TGAAC	ok	False
chr2	71271663	71271664	+	1.4e-15	FDR	931	A	CGACT	ok	False
chr2	71271698	71271699	+	0.00019	FDR	922	A	ATACC	ok	False
chr2	71271716	71271717	+	1.8e-06	FDR	815	A	GCATC	ok	False
chr2	71271749	71271750	+	3.8e-05	FDR	932	A	TTATC	ok	False
chr2	71271787	71271788	+	3.5e-09	FDR	933	A	AGATT	ok	False
chr2	71271802	71271803	+	6.7e-08	FDR	929	A	AAATA	ok	False
chr2	71271804	71271805	+	1.6e-08	FDR	859	A	ATACT	ok	False
chr2	71271836	71271837	+	0.0017	FDR	905	A	TTAAT	ok	False
chr2	73738878	73738879	-	0.0059	FDR	2912	T	GATAC	ok	False
chr2	73738899	73738900	-	8.1e-05	FDR	2788	T	AATTA	ok	False
chr2	73738900	73738901	-	1.9e-15	FDR	2930	T	ATTAC	ok	False
chr2	73738927	73738928	-	8.6e-08	FDR	2405	T	AGTAA	ok	False
chr2	73738968	73738969	-	5e-14	FDR	2929	T	CATCA	ok	False
chr2	73739013	73739014	-	1.2e-33	FDR	2896	T	GATAG	ok	False
chr2	73739533	73739534	-	1.3e-10	FDR	2575	T	CATAA	ok	False
chr2	73740240	73740241	-	0.036	FDR	1135	T	ACTGA	ok	False
chr2	75495635	75495636	+	1.6e-08	FDR	34	A	AAAAC	ok	False
chr2	75495795	75495796	+	4.8e-09	FDR	45	A	TTACT	ok	False
chr2	75495828	75495829	+	0.048	FDR	43	A	GGAAC	ok	False
chr2	75495838	75495839	+	0.00017	FDR	51	A	AAATC	ok	False
chr2	75495853	75495854	+	3e-16	FDR	54	A	GGAAC	ok	False
chr2	75495854	75495855	+	5.9e-26	FDR	54	A	GAACG	ok	False
chr2	75495857	75495858	+	1.4e-10	FDR	54	A	CGATG	ok	False
chr2	75495860	75495861	+	2.1e-11	FDR	54	A	TGATC	ok	False
chr2	75495879	75495880	+	0.00092	FDR	44	A	TTACT	ok	False
chr2	75495890	75495891	+	0.028	FDR	58	A	TAAAC	ok	False
chr2	75495896	75495897	+	2.3e-09	FDR	57	A	GGAAA	ok	False
chr2	75495898	75495899	+	0.012	FDR	55	A	AAACC	ok	True
chr2	75495914	75495915	+	2.7e-23	FDR	52	A	GGACT	ok	True
chr2	75495920	75495921	+	0.00082	FDR	53	A	TCATA	ok	False
chr2	75495935	75495936	+	4.6e-07	FDR	29	A	GCAAA	ok	False
chr2	75495955	75495956	+	4.1e-09	FDR	56	A	TTAAT	ok	False
chr2	75495960	75495961	+	8.3e-15	FDR	58	A	GCAAT	ok	False
chr2	75495971	75495972	+	2.8e-06	FDR	60	A	TCAAT	ok	False
chr2	75495981	75495982	+	0.0044	FDR	58	A	GTACA	ok	False
chr2	75495983	75495984	+	2.8e-05	FDR	57	A	ACATT	ok	False
chr2	75496008	75496009	+	0.0036	FDR	62	A	GTAGC	ok	False
chr2	75496060	75496061	+	0.037	FDR	67	A	AAATT	ok	False
chr2	75496156	75496157	+	0.0083	FDR	63	A	TTAAC	ok	False
chr2	75496174	75496175	+	0.0057	FDR	67	A	GAAGG	ok	False
chr2	75496193	75496194	+	1.2e-05	FDR	67	A	TTAAC	ok	False
chr2	75496223	75496224	+	0.00017	FDR	71	A	CTATT	ok	False
chr2	75496287	75496288	+	6.6e-07	FDR	98	A	GGAAT	ok	False
chr2	75496288	75496289	+	2.2e-13	FDR	98	A	GAATC	ok	False
chr2	75496312	75496313	+	4.8e-08	FDR	107	A	ACAAT	ok	False
chr2	75496316	75496317	+	0.031	FDR	107	A	TGATG	ok	False
chr2	75496319	75496320	+	6.5e-12	FDR	109	A	TGAAT	ok	False
chr2	75496330	75496331	+	1e-06	FDR	112	A	TGACA	ok	True
chr2	75496342	75496343	+	0.0017	FDR	112	A	AGAAT	ok	False
chr2	75496349	75496350	+	0.0002	FDR	107	A	ATATT	ok	False
chr2	75496461	75496462	+	4.3e-09	FDR	135	A	AAAGT	ok	False
chr2	75496483	75496484	+	0.0034	FDR	121	A	GCATT	ok	False
chr2	75496517	75496518	+	0.024	FDR	124	A	GTATT	ok	False
chr2	75496551	75496552	+	1.9e-05	FDR	151	A	ACATC	ok	False
chr2	75496727	75496728	+	0.00012	FDR	175	A	GTACC	ok	False
chr2	84518280	84518281	+	0.019	FDR	103	A	TTACT	ok	False
chr2	84660299	84660300	+	1.1e-13	FDR	169	A	TGATG	ok	False
chr2	84660312	84660313	+	0.0071	FDR	164	A	ACAGC	ok	False
chr2	84660363	84660364	+	5.9e-07	FDR	160	A	GTACC	ok	False
chr2	90725075	90725076	-	0.0039	FDR	280	T	TGTCT	ok	True
chr2	90725179	90725180	-	0.034	FDR	286	T	ACTGG	ok	False
chr2	91760189	91760190	-	1.6e-15	FDR	974	T	TATTT	ok	False
chr2	91760190	91760191	-	9.5e-05	FDR	1232	T	ATTTT	ok	False
chr2	91760303	91760304	-	4.9e-10	FDR	1255	T	CGTGA	ok	False
chr2	91760392	91760393	-	3.1e-09	FDR	1272	T	CGTTC	ok	False
chr2	91761493	91761494	-	1.1e-05	FDR	733	T	TCTGG	ok	False
chr2	93525989	93525990	-	0.014	FDR	118	T	AATAA	ok	False
chr2	93526025	93526026	-	0.0026	FDR	119	T	GTTGA	ok	False
chr2	93526069	93526070	-	0.022	FDR	114	T	GCTGT	ok	False
chr2	93526075	93526076	-	0.0031	FDR	122	T	GATCT	ok	False
chr2	93526150	93526151	-	0.016	FDR	123	T	TTTGC	ok	False
chr2	94242089	94242090	-	0.027	FDR	214	T	AATTT	ok	False
chr2	94242193	94242194	-	0.0092	FDR	258	T	GATTT	ok	False
chr2	94242195	94242196	-	0.021	FDR	284	T	TTTCT	ok	False
chr2	94242379	94242380	-	4.5e-05	FDR	201	T	AGTCC	ok	True
chr2	94242397	94242398	-	0.004	FDR	212	T	ACTTG	ok	False
chr2	94242403	94242404	-	0.00026	FDR	216	T	AATGG	ok	False
chr2	94242487	94242488	-	3e-05	FDR	179	T	TCTGT	ok	False
chr2	94242489	94242490	-	2.1e-05	FDR	173	T	TGTTC	ok	True
chr2	94242490	94242491	-	0.02	FDR	179	T	GTTCA	ok	False
chr2	104830032	104830033	-	1.5e-12	FDR	1002	T	TTTTT	ok	False
chr2	104830052	104830053	-	0.023	FDR	792	T	CATTT	ok	False
chr2	104830053	104830054	-	8.5e-20	FDR	997	T	ATTTT	ok	False
chr2	104830054	104830055	-	1.3e-13	FDR	1013	T	TTTTC	ok	False
chr2	104830072	104830073	-	1e-75	FDR	1015	T	TATCT	ok	False
chr2	104830093	104830094	-	1e-10	FDR	648	T	TATTT	ok	False
chr2	104830095	104830096	-	1.4e-11	FDR	1008	T	TTTTT	ok	False
chr2	104830096	104830097	-	5e-20	FDR	1015	T	TTTTC	ok	False
chr2	104830097	104830098	-	1.7e-48	FDR	1015	T	TTTCA	ok	False
chr2	104830105	104830106	-	1.7e-19	FDR	997	T	TGTTC	ok	True
chr2	104830111	104830112	-	1.9e-15	FDR	1014	T	AGTTC	ok	True
chr2	104830112	104830113	-	1.2e-22	FDR	1018	T	GTTCT	ok	False
chr2	104830147	104830148	-	5.6e-43	FDR	1002	T	GTTGC	ok	False
chr2	104830167	104830168	-	1.4e-30	FDR	862	T	AATGT	ok	False
chr2	104830169	104830170	-	4.4e-06	FDR	1004	T	TGTCC	ok	True
chr2	104830176	104830177	-	1e-12	FDR	986	T	TGTGT	ok	False
chr2	104830178	104830179	-	1.1e-64	FDR	997	T	TGTGC	ok	False
chr2	104830599	104830600	-	1.1e-06	FDR	1018	T	TTTTC	ok	False
chr2	104830613	104830614	-	8.2e-32	FDR	1015	T	GATCA	ok	False
chr2	104830617	104830618	-	0.0043	FDR	959	T	AATTT	ok	False
chr2	104830625	104830626	-	1.7e-06	FDR	664	T	AGTAG	ok	False
chr2	104830632	104830633	-	5.2e-06	FDR	700	T	CATTT	ok	False
chr2	104830633	104830634	-	5e-07	FDR	988	T	ATTTT	ok	False
chr2	104830638	104830639	-	2.3e-41	FDR	920	T	AGTTC	ok	True
chr2	104830639	104830640	-	0.0019	FDR	981	T	GTTCT	ok	False
chr2	104831621	104831622	-	5.4e-14	FDR	938	T	AATAA	ok	False
chr2	104831632	104831633	-	5.1e-05	FDR	957	T	CTTCA	ok	False
chr2	104831638	104831639	-	1.3e-15	FDR	951	T	CATCA	ok	False
chr2	104831641	104831642	-	4.1e-17	FDR	949	T	CATCA	ok	False
chr2	104831651	104831652	-	1.2e-24	FDR	938	T	AATCT	ok	False
chr2	104831674	104831675	-	3.1e-17	FDR	910	T	TGTCA	ok	True
chr2	104831684	104831685	-	3.5e-26	FDR	878	T	AATCT	ok	False
chr2	104831693	104831694	-	2.9e-10	FDR	896	T	GTTTT	ok	False
chr2	104831694	104831695	-	2.8e-07	FDR	895	T	TTTTC	ok	False
chr2	104831695	104831696	-	0.028	FDR	887	T	TTTCC	ok	False
chr2	104831706	104831707	-	0.039	FDR	813	T	ATTCC	ok	False
chr2	104831730	104831731	-	2.5e-20	FDR	787	T	ATTTT	ok	False
chr2	104831740	104831741	-	2.4e-21	FDR	653	T	TATTT	ok	False
chr2	104831751	104831752	-	2.2e-40	FDR	616	T	TGTAA	ok	False
chr2	109731145	109731146	+	0.003	FDR	138	A	GTATT	ok	False
chr2	109731207	109731208	+	0.0064	FDR	129	A	GTATT	ok	False
chr2	112092338	112092339	+	0.025	FDR	388	A	GTAGT	ok	False
chr2	112092842	112092843	+	1.9e-48	FDR	915	A	TCAGC	ok	False
chr2	112461344	112461345	+	0.042	FDR	148	A	ACACG	ok	False
chr2	112461362	112461363	+	0.0054	FDR	127	A	ACAGC	ok	False
chr2	112461471	112461472	+	0.00069	FDR	111	A	TTAAG	ok	False
chr2	112461530	112461531	+	7.4e-06	FDR	108	A	ATAAC	ok	False
chr2	117101838	117101839	+	0.00016	FDR	119	A	TAACA	ok	True
chr2	118306335	118306336	-	0.0048	FDR	278	T	GATAA	ok	False
chr2	118306386	118306387	-	0.00072	FDR	289	T	AATCA	ok	False
chr2	118306408	118306409	-	0.024	FDR	275	T	TCTAG	ok	False
chr2	118306421	118306422	-	8.3e-05	FDR	291	T	GTTAC	ok	False
chr2	118306472	118306473	-	6.6e-05	FDR	283	T	GATGC	ok	False
chr2	118306587	118306588	-	3.4e-15	FDR	239	T	AGTCC	ok	True
chr2	118306622	118306623	-	0.00011	FDR	264	T	AGTTA	ok	True
chr2	118306662	118306663	-	1.1e-09	FDR	256	T	AATGC	ok	False
chr2	118306727	118306728	-	0.004	FDR	230	T	CTTGT	ok	False
chr2	118471788	118471789	+	0.0061	FDR	289	A	AGAGC	ok	False
chr2	118471870	118471871	+	6.9e-05	FDR	292	A	GCAGT	ok	False
chr2	118471878	118471879	+	0.0026	FDR	270	A	TCACT	ok	False
chr2	118471894	118471895	+	1.7e-16	FDR	290	A	TCAGT	ok	False
chr2	118472012	118472013	+	0.0052	FDR	288	A	TAATT	ok	False
chr2	118472026	118472027	+	2.8e-05	FDR	274	A	GTACT	ok	False
chr2	118472044	118472045	+	0.024	FDR	275	A	GTATT	ok	False
chr2	120337565	120337566	-	3e-06	FDR	486	T	TCTGG	ok	False
chr2	120337700	120337701	-	2.2e-06	FDR	324	T	TATCA	ok	False
chr2	121266407	121266408	+	1.4e-06	FDR	333	A	GCAAA	ok	False
chr2	121266431	121266432	+	0.0043	FDR	361	A	CCAAG	ok	False
chr2	121266432	121266433	+	0.037	FDR	372	A	CAAGA	ok	False
chr2	121266890	121266891	+	1.5e-07	FDR	455	A	GTATG	ok	False
chr2	121268212	121268213	+	4.8e-61	FDR	706	A	GGACT	ok	True
chr2	121268223	121268224	+	1e-61	FDR	815	A	CCAGA	ok	False
chr2	121268238	121268239	+	1.1e-16	FDR	832	A	CCAGA	ok	False
chr2	121280514	121280515	+	1.1e-07	FDR	494	A	TTAAG	ok	False
chr2	121280515	121280516	+	0.00014	FDR	503	A	TAAGG	ok	False
chr2	121281313	121281314	+	0.00031	FDR	561	A	GGAGC	ok	False
chr2	121281317	121281318	+	2.2e-05	FDR	564	A	CCAGT	ok	False
chr2	121281369	121281370	+	9.8e-05	FDR	559	A	CGATG	ok	False
chr2	121281471	121281472	+	5.6e-10	FDR	550	A	TTACC	ok	False
chr2	121281504	121281505	+	9.7e-12	FDR	460	A	GCACA	ok	False
chr2	125099449	125099450	+	5.4e-17	FDR	876	A	CGATT	ok	False
chr2	125099580	125099581	+	0.00067	FDR	843	A	AAAAA	ok	False
chr2	125099581	125099582	+	0.00088	FDR	850	A	AAAAC	ok	False
chr2	127082056	127082057	+	0.017	FDR	298	A	GCATA	ok	False
chr2	127082127	127082128	+	0.012	FDR	350	A	AGATT	ok	False
chr2	127082146	127082147	+	0.00012	FDR	353	A	GAACC	ok	True
chr2	127082166	127082167	+	0.0035	FDR	317	A	GGACT	ok	True
chr2	128968154	128968155	+	0.0036	FDR	120	A	AGACT	ok	True
chr2	128968387	128968388	+	0.0067	FDR	212	A	TAATT	ok	False
chr2	128968478	128968479	+	9.8e-06	FDR	211	A	CCAGA	ok	False
chr2	128968500	128968501	+	0.00015	FDR	202	A	ACAGA	ok	False
chr2	129110292	129110293	-	7.6e-08	FDR	121	T	GATCC	ok	False
chr2	129110305	129110306	-	3.6e-13	FDR	79	T	AGTCT	ok	True
chr2	130013798	130013799	-	2.1e-25	FDR	881	T	CCTGG	ok	False
chr2	130014956	130014957	-	0.023	FDR	447	T	CCTGG	ok	False
chr2	130119784	130119785	+	1.2e-07	FDR	543	A	GTATT	ok	False
chr2	130119858	130119859	+	5.3e-07	FDR	836	A	GAACC	ok	True
chr2	130120893	130120894	+	3e-17	FDR	1228	A	CTACC	ok	False
chr2	130120951	130120952	+	4.8e-30	FDR	1406	A	AGATG	ok	False
chr2	130120957	130120958	+	0.028	FDR	1203	A	CCACT	ok	False
chr2	130121009	130121010	+	9.1e-30	FDR	1397	A	TGAAC	ok	False
chr2	130121010	130121011	+	3e-20	FDR	1482	A	GAACC	ok	True
chr2	130121032	130121033	+	8.8e-39	FDR	956	A	CCACC	ok	False
chr2	130121035	130121036	+	0.0031	FDR	1139	A	CCACC	ok	False
chr2	130121047	130121048	+	2.9e-05	FDR	1318	A	AGAAA	ok	False
chr2	130121048	130121049	+	0.00048	FDR	1471	A	GAAAA	ok	False
chr2	130121054	130121055	+	8.1e-23	FDR	1491	A	GAAAT	ok	False
chr2	130121083	130121084	+	0.00062	FDR	1460	A	CTAAC	ok	False
chr2	130121084	130121085	+	0.00096	FDR	1163	A	TAACT	ok	True
chr2	130121089	130121090	+	9.3e-07	FDR	1092	A	TCACA	ok	False
chr2	130121109	130121110	+	5.9e-06	FDR	1483	A	AAAAA	ok	False
chr2	130121114	130121115	+	1e-05	FDR	1393	A	GAAAA	ok	False
chr2	130121138	130121139	+	8.4e-05	FDR	1456	A	GGATT	ok	False
chr2	130121144	130121145	+	0.004	FDR	1479	A	GAACG	ok	False
chr2	130121148	130121149	+	7.8e-63	FDR	1362	A	GGACC	ok	True
chr2	130121168	130121169	+	8.3e-05	FDR	1388	A	GCATA	ok	False
chr2	130121345	130121346	-	0.024	FDR	270	T	TCTGA	ok	False
chr2	130406972	130406973	+	0.0033	FDR	140	A	GAACT	ok	True
chr2	130407031	130407032	+	1.5e-07	FDR	134	A	GTACT	ok	False
chr2	130407069	130407070	+	0.026	FDR	165	A	TCAGC	ok	False
chr2	130407085	130407086	+	7.8e-08	FDR	162	A	CAACC	ok	False
chr2	130407108	130407109	+	3.9e-08	FDR	166	A	GCACT	ok	False
chr2	130407151	130407152	+	3e-05	FDR	155	A	GCACC	ok	False
chr2	130407161	130407162	+	0.00049	FDR	173	A	CAAAC	ok	False
chr2	130407162	130407163	+	1.4e-07	FDR	173	A	AAACT	ok	True
chr2	130407179	130407180	+	0.00017	FDR	170	A	AAACT	ok	True
chr2	130407217	130407218	+	8.3e-12	FDR	90	A	GGACT	ok	True
chr2	130523252	130523253	+	5.8e-07	FDR	244	A	AGATC	ok	False
chr2	130523284	130523285	+	1.3e-15	FDR	236	A	ACATA	ok	False
chr2	130523497	130523498	+	0.0071	FDR	287	A	CTAGA	ok	False
chr2	131019298	131019299	-	1.3e-19	FDR	199	T	TCTGG	ok	False
chr2	131019329	131019330	-	0.012	FDR	197	T	GATGG	ok	False
chr2	131019398	131019399	-	0.0064	FDR	201	T	CCTGG	ok	False
chr2	131019425	131019426	-	9.6e-09	FDR	199	T	TCTGG	ok	False
chr2	131019514	131019515	-	0.00039	FDR	157	T	CCTAA	ok	False
chr2	131019546	131019547	-	7.3e-05	FDR	155	T	GATGC	ok	False
chr2	132091212	132091213	-	7.1e-05	FDR	551	T	TTTCA	ok	False
chr2	132091229	132091230	-	2.8e-09	FDR	558	T	TATTT	ok	False
chr2	132091299	132091300	-	0.0097	FDR	594	T	TGTAA	ok	False
chr2	132091312	132091313	-	1.8e-08	FDR	604	T	CATTC	ok	False
chr2	132091393	132091394	-	5.1e-06	FDR	606	T	GTTAT	ok	False
chr2	132091445	132091446	-	1.9e-31	FDR	732	T	GGTAC	ok	False
chr2	132091541	132091542	-	4.3e-22	FDR	706	T	GATGC	ok	False
chr2	132091572	132091573	-	6.4e-05	FDR	627	T	AATAA	ok	False
chr2	132093232	132093233	-	0.0019	FDR	432	T	CTTGC	ok	False
chr2	132093256	132093257	-	0.0012	FDR	413	T	TTTGC	ok	False
chr2	142910269	142910270	+	2.9e-05	FDR	198	A	AAAGC	ok	False
chr2	142910302	142910303	+	0.017	FDR	193	A	GCAAA	ok	False
chr2	142911318	142911319	+	3.6e-05	FDR	245	A	CCAAG	ok	False
chr2	142912878	142912879	+	1.4e-11	FDR	412	A	TTATC	ok	False
chr2	142913366	142913367	+	4.2e-07	FDR	475	A	GCATT	ok	False
chr2	142913399	142913400	+	0.0023	FDR	527	A	GGAGC	ok	False
chr2	142913433	142913434	+	2.7e-10	FDR	514	A	TTACA	ok	False
chr2	142913473	142913474	+	4.1e-13	FDR	491	A	GTAAC	ok	False
chr2	142913474	142913475	+	2.1e-10	FDR	538	A	TAACA	ok	True
chr2	142913487	142913488	+	2.6e-12	FDR	547	A	CAATG	ok	False
chr2	142913497	142913498	+	3e-33	FDR	526	A	GGACT	ok	True
chr2	142913529	142913530	+	1.6e-06	FDR	540	A	ATATT	ok	False
chr2	142913643	142913644	+	8.8e-13	FDR	539	A	CAATA	ok	False
chr2	143784731	143784732	+	0.012	FDR	760	A	GCACC	ok	False
chr2	143784734	143784735	+	1.1e-08	FDR	778	A	CCAGA	ok	False
chr2	143784929	143784930	+	1.5e-07	FDR	690	A	ACAAA	ok	False
chr2	148713687	148713688	-	1.3e-10	FDR	441	T	ACTGC	ok	False
chr2	148713852	148713853	-	5.3e-22	FDR	428	T	AGTCT	ok	True
chr2	148713941	148713942	-	7.6e-12	FDR	400	T	GATCT	ok	False
chr2	150673497	150673498	+	7.2e-09	FDR	114	A	GGACT	ok	True
chr2	150673619	150673620	+	0.00016	FDR	115	A	CTACT	ok	False
chr2	150772937	150772938	+	0.0023	FDR	126	A	TTAAC	ok	False
chr2	150772963	150772964	+	0.0051	FDR	148	A	CCAGC	ok	False
chr2	150773003	150773004	+	1.9e-06	FDR	152	A	CCAGA	ok	False
chr2	150773011	150773012	+	0.014	FDR	152	A	TCATC	ok	False
chr2	150773017	150773018	+	0.0021	FDR	145	A	CTAGT	ok	False
chr2	150773032	150773033	+	1e-08	FDR	145	A	ACAAG	ok	False
chr2	150773044	150773045	+	0.01	FDR	152	A	AAATC	ok	False
chr2	150773063	150773064	+	0.0012	FDR	145	A	GAACT	ok	True
chr2	152123521	152123522	+	0.0044	FDR	218	A	GTATT	ok	False
chr2	152123665	152123666	+	1.3e-05	FDR	216	A	GTAAT	ok	False
chr2	152123748	152123749	+	0.00023	FDR	209	A	AAATA	ok	False
chr2	152236845	152236846	-	0.00028	FDR	119	T	AGTCC	ok	True
chr2	152236866	152236867	-	0.00025	FDR	121	T	AGTCC	ok	True
chr2	152236997	152236998	-	0.00056	FDR	111	T	TGTCT	ok	True
chr2	153609076	153609077	+	3.5e-05	FDR	183	A	CCAGG	ok	False
chr2	153609087	153609088	+	0.022	FDR	185	A	AGAGG	ok	False
chr2	153609166	153609167	+	0.00053	FDR	184	A	ACAAC	ok	False
chr2	153610300	153610301	+	0.0031	FDR	87	A	ACAAA	ok	False
chr2	153610301	153610302	+	0.00068	FDR	133	A	CAAAA	ok	False
chr2	153610328	153610329	+	0.0098	FDR	147	A	AAACG	ok	False
chr2	154535908	154535909	+	0.0013	FDR	242	A	GAACT	ok	True
chr2	154535974	154535975	+	0.028	FDR	245	A	GCATC	ok	False
chr2	154536043	154536044	+	0.028	FDR	220	A	TCACC	ok	False
chr2	154536071	154536072	+	0.026	FDR	235	A	TCACT	ok	False
chr2	154713723	154713724	-	0.0076	FDR	217	T	TATCC	ok	False
chr2	154714329	154714330	-	0.045	FDR	166	T	ACTGA	ok	False
chr2	154714594	154714595	-	1.4e-34	FDR	1816	T	TGTCC	ok	True
chr2	154719697	154719698	-	0.045	FDR	392	T	TCTGG	ok	False
chr2	154719720	154719721	-	0.012	FDR	366	T	GTTGA	ok	False
chr2	154901385	154901386	-	0.00017	FDR	150	T	GGTAA	ok	False
chr2	154901473	154901474	-	0.033	FDR	150	T	AATGG	ok	False
chr2	154901731	154901732	-	0.0099	FDR	688	T	TCTGT	ok	False
chr2	154902036	154902037	-	0.029	FDR	579	T	GATCT	ok	False
chr2	154902270	154902271	-	1.5e-11	FDR	267	T	TGTCC	ok	True
chr2	154902280	154902281	-	0.019	FDR	276	T	ACTGC	ok	False
chr2	155089704	155089705	+	0.03	FDR	187	A	AGAGC	ok	False
chr2	155089792	155089793	+	3.9e-06	FDR	275	A	TGACC	ok	True
chr2	155091857	155091858	+	0.044	FDR	317	A	TGATT	ok	False
chr2	155091867	155091868	+	0.028	FDR	322	A	CCAGA	ok	False
chr2	155091920	155091921	+	3.7e-06	FDR	335	A	TTAAT	ok	False
chr2	155091996	155091997	+	0.0014	FDR	369	A	CCATT	ok	False
chr2	155092086	155092087	+	6.6e-12	FDR	390	A	GAATG	ok	False
chr2	155092113	155092114	+	0.014	FDR	387	A	CCAGC	ok	False
chr2	155092181	155092182	+	2.2e-06	FDR	377	A	TTACT	ok	False
chr2	155476308	155476309	-	5e-07	FDR	137	T	TGTCT	ok	True
chr2	155859607	155859608	+	0.0032	FDR	217	A	CAATG	ok	False
chr2	155859723	155859724	+	0.00036	FDR	180	A	TCACC	ok	False
chr2	155860017	155860018	+	0.026	FDR	214	A	CTACC	ok	False
chr2	155860063	155860064	+	0.002	FDR	219	A	ACAAC	ok	False
chr2	155860120	155860121	+	0.00016	FDR	234	A	TTACC	ok	False
chr2	155860139	155860140	+	0.0033	FDR	229	A	CTACC	ok	False
chr2	156153814	156153815	-	7.2e-35	FDR	234	T	AGTCC	ok	True
chr2	156153850	156153851	-	1.5e-06	FDR	254	T	GATGC	ok	False
chr2	156715041	156715042	+	2.3e-06	FDR	302	A	GGACC	ok	True
chr2	156715104	156715105	+	0.0092	FDR	407	A	AGACC	ok	True
chr2	156715130	156715131	+	6.9e-11	FDR	410	A	CAACG	ok	False
chr2	156715166	156715167	+	2.2e-11	FDR	439	A	TGAAA	ok	False
chr2	156715167	156715168	+	0.0016	FDR	468	A	GAAAC	ok	False
chr2	156715168	156715169	+	1.4e-07	FDR	466	A	AAACT	ok	True
chr2	156715180	156715181	+	0.0082	FDR	463	A	GAACC	ok	True
chr2	156715201	156715202	+	0.0017	FDR	491	A	GCATT	ok	False
chr2	156715209	156715210	+	2.3e-08	FDR	510	A	GAATT	ok	False
chr2	156715239	156715240	+	0.0053	FDR	538	A	GGATA	ok	False
chr2	156715251	156715252	+	1.2e-08	FDR	516	A	GTAAC	ok	False
chr2	156715309	156715310	+	2.1e-26	FDR	521	A	TGAAA	ok	False
chr2	156715310	156715311	+	3.7e-06	FDR	554	A	GAAAC	ok	False
chr2	156715364	156715365	+	1.6e-18	FDR	525	A	GCATC	ok	False
chr2	156715380	156715381	+	1e-08	FDR	554	A	GAAAA	ok	False
chr2	156715425	156715426	+	0.023	FDR	553	A	TAATA	ok	False
chr2	156715454	156715455	+	8.4e-05	FDR	555	A	GAAAC	ok	False
chr2	156715464	156715465	+	7.4e-19	FDR	549	A	TAAAC	ok	False
chr2	157238455	157238456	+	0.0035	FDR	130	A	CCAGT	ok	False
chr2	157238467	157238468	+	0.0025	FDR	119	A	GCAGG	ok	False
chr2	157726178	157726179	+	0.00016	FDR	215	A	CCAAT	ok	False
chr2	157726366	157726367	+	2.9e-05	FDR	239	A	CCAGA	ok	False
chr2	157726368	157726369	+	1.4e-07	FDR	239	A	AGATC	ok	False
chr2	157732827	157732828	+	0.029	FDR	236	A	GTACG	ok	False
chr2	157732886	157732887	+	3.3e-07	FDR	240	A	GCATC	ok	False
chr2	157732991	157732992	+	0.014	FDR	243	A	CAAAT	ok	False
chr2	160564567	160564568	+	6e-05	FDR	180	A	TTAGT	ok	False
chr2	162776853	162776854	+	0.015	FDR	227	A	GTATG	ok	False
chr2	162776955	162776956	+	0.041	FDR	251	A	TTAAA	ok	False
chr2	162776960	162776961	+	1.5e-06	FDR	298	A	GTATT	ok	False
chr2	162776971	162776972	+	5.5e-08	FDR	310	A	GGATC	ok	False
chr2	162777147	162777148	+	0.00086	FDR	162	A	GAATA	ok	False
chr2	162778977	162778978	+	0.021	FDR	108	A	ATATT	ok	False
chr2	162888015	162888016	+	0.0035	FDR	90	A	TCATT	ok	False
chr2	162925176	162925177	+	1.5e-05	FDR	475	A	GAAGT	ok	False
chr2	162925403	162925404	+	4.5e-06	FDR	453	A	ACAAG	ok	False
chr2	162925404	162925405	+	3.5e-08	FDR	486	A	CAAGG	ok	False
chr2	162925481	162925482	+	0.047	FDR	489	A	CCAGT	ok	False
chr2	162925497	162925498	+	8.9e-05	FDR	486	A	TCAGA	ok	False
chr2	162926344	162926345	+	0.018	FDR	122	A	TCAGT	ok	False
chr2	162926530	162926531	+	0.028	FDR	137	A	TAAAC	ok	False
chr2	162926531	162926532	+	1.4e-05	FDR	137	A	AAACC	ok	True
chr2	162928991	162928992	-	2.2e-06	FDR	188	T	GATCC	ok	False
chr2	162929064	162929065	-	6.6e-05	FDR	188	T	TCTGG	ok	False
chr2	162929091	162929092	-	0.042	FDR	183	T	TCTTG	ok	False
chr2	162929092	162929093	-	5.4e-08	FDR	185	T	CTTGG	ok	False
chr2	162929182	162929183	-	0.0076	FDR	159	T	TGTCA	ok	True
chr2	162929206	162929207	-	0.0014	FDR	167	T	CCTGT	ok	False
chr2	162929213	162929214	-	5.5e-13	FDR	153	T	TGTGT	ok	False
chr2	162929215	162929216	-	3e-14	FDR	120	T	TGTCC	ok	True
chr2	162929218	162929219	-	3.1e-12	FDR	167	T	CCTGG	ok	False
chr2	162929263	162929264	-	9.2e-12	FDR	110	T	TGTCC	ok	True
chr2	162929324	162929325	-	0.035	FDR	124	T	GATGG	ok	False
chr2	162929378	162929379	-	0.039	FDR	100	T	CTTGG	ok	False
chr2	163466882	163466883	-	5.2e-05	FDR	146	T	CTTGC	ok	False
chr2	163857249	163857250	+	0.00024	FDR	155	A	GAATT	ok	False
chr2	163858037	163858038	+	5.7e-08	FDR	191	A	CGATT	ok	False
chr2	163858063	163858064	+	0.0031	FDR	189	A	GAAGA	ok	False
chr2	163860129	163860130	+	0.00041	FDR	166	A	AAAAA	ok	False
chr2	163860240	163860241	+	4.8e-06	FDR	360	A	ATATC	ok	False
chr2	164404720	164404721	+	0.00022	FDR	217	A	CCACA	ok	False
chr2	164405998	164405999	+	0.031	FDR	240	A	TCAGG	ok	False
chr2	164407768	164407769	+	2.6e-07	FDR	663	A	CCAGT	ok	False
chr2	164407786	164407787	+	6e-45	FDR	670	A	CCAGT	ok	False
chr2	164410376	164410377	+	3.9e-21	FDR	685	A	GCATC	ok	False
chr2	164613890	164613891	+	0.0084	FDR	291	A	GCAAC	ok	False
chr2	164613918	164613919	+	0.027	FDR	349	A	TAAGT	ok	False
chr2	164614550	164614551	+	2.7e-05	FDR	903	A	TGATT	ok	False
chr2	164614716	164614717	+	1.1e-11	FDR	960	A	CCAGG	ok	False
chr2	164668274	164668275	+	0.0004	FDR	96	A	GAACT	ok	True
chr2	164668312	164668313	+	0.00024	FDR	98	A	GGATT	ok	False
chr2	164668380	164668381	+	5.5e-06	FDR	119	A	GCATT	ok	False
chr2	164668581	164668582	+	9.3e-13	FDR	179	A	CCAGA	ok	False
chr2	164668602	164668603	+	0.0088	FDR	180	A	TGATT	ok	False
chr2	164668717	164668718	+	1.4e-14	FDR	137	A	AGACT	ok	True
chr2	165914833	165914834	+	0.00014	FDR	123	A	GCAAC	ok	False
chr2	165915000	165915001	+	0.0014	FDR	144	A	GAACA	ok	True
chr2	166787858	166787859	+	4.6e-05	FDR	309	A	TAAGC	ok	False
chr2	166788125	166788126	+	8.7e-39	FDR	498	A	GCAAT	ok	False
chr2	166788126	166788127	+	7.3e-33	FDR	500	A	CAATG	ok	False
chr2	166876612	166876613	+	0.0029	FDR	182	A	TTATA	ok	False
chr2	166876614	166876615	+	0.0081	FDR	194	A	ATATC	ok	False
chr2	166876713	166876714	+	8.7e-06	FDR	217	A	CCAGA	ok	False
chr2	166876789	166876790	+	0.036	FDR	209	A	CTAAT	ok	False
chr2	166876821	166876822	+	0.014	FDR	167	A	ACATA	ok	False
chr2	166876839	166876840	+	1.9e-09	FDR	193	A	AAATC	ok	False
chr2	166907656	166907657	+	0.0068	FDR	235	A	ACAAG	ok	False
chr2	166907674	166907675	+	0.0045	FDR	236	A	CAAAG	ok	False
chr2	167045290	167045291	-	8.9e-09	FDR	130	T	CATCA	ok	False
chr2	172222701	172222702	+	0.0064	FDR	140	A	AGACG	ok	False
chr2	172222768	172222769	+	1.5e-07	FDR	159	A	GGACT	ok	True
chr2	172222775	172222776	+	0.00015	FDR	170	A	GCACA	ok	False
chr2	172222880	172222881	+	0.00079	FDR	168	A	GCATT	ok	False
chr2	172308246	172308247	+	0.017	FDR	79	A	ACACA	ok	False
chr2	172854600	172854601	+	0.0042	FDR	175	A	CTACG	ok	False
chr2	172857091	172857092	+	3.4e-05	FDR	206	A	TAATC	ok	False
chr2	172857153	172857154	+	4e-11	FDR	294	A	ATAAG	ok	False
chr2	172857177	172857178	+	2e-17	FDR	198	A	GGACT	ok	True
chr2	172857268	172857269	+	9.3e-30	FDR	251	A	GGACT	ok	True
chr2	172857348	172857349	+	5.1e-06	FDR	386	A	AAACT	ok	True
chr2	172857372	172857373	+	0.00031	FDR	387	A	AGATC	ok	False
chr2	173068762	173068763	-	1.5e-07	FDR	117	T	ACTGT	ok	False
chr2	173068842	173068843	-	9.4e-05	FDR	111	T	CCTGC	ok	False
chr2	173068908	173068909	-	0.00056	FDR	103	T	CTTAA	ok	False
chr2	174269383	174269384	-	3.7e-11	FDR	298	T	TGTCC	ok	True
chr2	174269447	174269448	-	3.5e-11	FDR	301	T	CCTGG	ok	False
chr2	174269590	174269591	-	2.7e-07	FDR	226	T	TCTGG	ok	False
chr2	174269598	174269599	-	0.023	FDR	159	T	TGTCC	ok	True
chr2	174269627	174269628	-	0.014	FDR	170	T	CCTGT	ok	False
chr2	174269645	174269646	-	0.0002	FDR	178	T	GCTGC	ok	False
chr2	174304402	174304403	-	1.6e-138	FDR	1928	T	GATCT	ok	False
chr2	174304404	174304405	-	2.9e-126	FDR	1928	T	TCTGG	ok	False
chr2	174307027	174307028	-	2.8e-07	FDR	189	T	AATAC	ok	False
chr2	174307195	174307196	-	9.2e-08	FDR	157	T	AGTCC	ok	True
chr2	175163996	175163997	-	0.0011	FDR	1	T	AATGT	ok	False
chr2	175163998	175163999	-	1.4e-08	FDR	1	T	TGTCT	ok	True
chr2	175164007	175164008	-	0.0036	FDR	1	T	TCTGG	ok	False
chr2	175164026	175164027	-	0.0019	FDR	1	T	TTTCC	ok	False
chr2	175164106	175164107	-	0.021	FDR	0	T	CTTGT	ok	False
chr2	179678179	179678180	-	0.00035	FDR	918	T	AGTAG	ok	False
chr2	179678251	179678252	-	0.00043	FDR	1086	T	GCTGC	ok	False
chr2	179678256	179678257	-	0.018	FDR	1095	T	TCTGA	ok	False
chr2	179678263	179678264	-	2.5e-09	FDR	1068	T	AGTGC	ok	False
chr2	179678267	179678268	-	0.0033	FDR	1062	T	CCTCT	ok	False
chr2	179678273	179678274	-	0.00011	FDR	1091	T	CATCA	ok	False
chr2	179678289	179678290	-	0.0053	FDR	1097	T	TTTGC	ok	False
chr2	179678296	179678297	-	7e-16	FDR	1079	T	CTTCT	ok	False
chr2	179678298	179678299	-	0.005	FDR	913	T	TCTTT	ok	False
chr2	179678304	179678305	-	2.6e-32	FDR	990	T	CATTT	ok	False
chr2	179678305	179678306	-	6.1e-34	FDR	1082	T	ATTTT	ok	False
chr2	179678306	179678307	-	1.9e-23	FDR	1090	T	TTTTC	ok	False
chr2	179678307	179678308	-	4.9e-22	FDR	1087	T	TTTCT	ok	False
chr2	179678313	179678314	-	2.2e-13	FDR	1088	T	CTTTC	ok	False
chr2	179678314	179678315	-	1.4e-10	FDR	1045	T	TTTCT	ok	False
chr2	179678316	179678317	-	0.00031	FDR	1063	T	TCTCC	ok	False
chr2	179678326	179678327	-	3.1e-19	FDR	1039	T	AATTT	ok	False
chr2	179678337	179678338	-	8.1e-18	FDR	1079	T	CATAC	ok	False
chr2	179678341	179678342	-	2.6e-25	FDR	1073	T	CTTCT	ok	False
chr2	179678347	179678348	-	4.8e-06	FDR	1054	T	AATTT	ok	False
chr2	179678358	179678359	-	0.019	FDR	983	T	GATTT	ok	False
chr2	179678743	179678744	-	3.4e-05	FDR	1079	T	GATCC	ok	False
chr2	179678753	179678754	-	8.7e-06	FDR	947	T	CATGA	ok	False
chr2	179678763	179678764	-	4.6e-11	FDR	1038	T	AGTTC	ok	True
chr2	179678764	179678765	-	0.0048	FDR	1060	T	GTTCG	ok	False
chr2	179678772	179678773	-	1.1e-19	FDR	1073	T	TTTTT	ok	False
chr2	179678773	179678774	-	1.8e-27	FDR	1074	T	TTTTG	ok	False
chr2	179678774	179678775	-	1.1e-36	FDR	1071	T	TTTGC	ok	False
chr2	179679178	179679179	-	2.4e-24	FDR	1041	T	TCTAA	ok	False
chr2	179679184	179679185	-	0.024	FDR	1019	T	AGTGC	ok	False
chr2	179679192	179679193	-	2.1e-10	FDR	1032	T	GATCA	ok	False
chr2	179679204	179679205	-	8.1e-09	FDR	1034	T	GATGG	ok	False
chr2	179679212	179679213	-	1.4e-23	FDR	1016	T	GATCA	ok	False
chr2	179679215	179679216	-	0.0015	FDR	1020	T	CATCT	ok	False
chr2	179679220	179679221	-	0.00016	FDR	1011	T	GTTTC	ok	False
chr2	179679230	179679231	-	1.2e-10	FDR	972	T	CATCA	ok	False
chr2	179679248	179679249	-	0.0082	FDR	965	T	TCTCC	ok	False
chr2	179679256	179679257	-	0.035	FDR	950	T	AATTC	ok	False
chr2	179679290	179679291	-	0.0037	FDR	875	T	CATTG	ok	False
chr2	179679870	179679871	-	0.015	FDR	682	T	GGTAT	ok	False
chr2	179679872	179679873	-	4.6e-07	FDR	726	T	TATGT	ok	False
chr2	179679874	179679875	-	4.4e-27	FDR	734	T	TGTGC	ok	False
chr2	179679889	179679890	-	0.0013	FDR	716	T	AGTCT	ok	True
chr2	179679894	179679895	-	3.7e-07	FDR	715	T	GATAG	ok	False
chr2	179816977	179816978	+	0.0013	FDR	175	A	TCACC	ok	False
chr2	179817410	179817411	+	2.1e-07	FDR	393	A	TGACC	ok	True
chr2	179817526	179817527	+	0.011	FDR	491	A	TTAAC	ok	False
chr2	179817527	179817528	+	0.0012	FDR	489	A	TAACC	ok	True
chr2	179817872	179817873	+	0.00052	FDR	547	A	GGAAG	ok	False
chr2	179817873	179817874	+	2.8e-11	FDR	552	A	GAAGC	ok	False
chr2	179817876	179817877	+	0.021	FDR	542	A	GCATT	ok	False
chr2	179817885	179817886	+	6.2e-09	FDR	550	A	AAAGC	ok	False
chr2	179817896	179817897	+	0.0014	FDR	550	A	GAACA	ok	True
chr2	179817976	179817977	+	4.1e-11	FDR	548	A	TTATT	ok	False
chr2	179818000	179818001	+	4.4e-06	FDR	546	A	GGAAT	ok	False
chr2	179818001	179818002	+	0.00027	FDR	549	A	GAATT	ok	False
chr2	179818227	179818228	-	2.8e-08	FDR	191	T	AGTAT	ok	False
chr2	179818328	179818329	-	6.3e-10	FDR	197	T	GGTCT	ok	True
chr2	179818432	179818433	-	4.1e-06	FDR	184	T	CATCC	ok	False
chr2	179818497	179818498	-	0.019	FDR	158	T	GATCA	ok	False
chr2	179899609	179899610	+	4.1e-80	FDR	7009	A	CAAGG	ok	False
chr2	179899809	179899810	+	2.1e-11	FDR	7238	A	CCAGT	ok	False
chr2	180237302	180237303	+	0.0051	FDR	83	A	GAACC	ok	True
chr2	180237336	180237337	+	0.013	FDR	88	A	TAATT	ok	False
chr2	180237349	180237350	+	0.00029	FDR	88	A	GCAGG	ok	False
chr2	180237365	180237366	+	0.0045	FDR	97	A	CCAGA	ok	False
chr2	180237492	180237493	+	0.00019	FDR	89	A	TTACC	ok	False
chr2	180546279	180546280	-	0.0089	FDR	280	T	AATAC	ok	False
chr2	180546505	180546506	-	0.0038	FDR	220	T	AATTT	ok	False
chr2	180546506	180546507	-	8.3e-06	FDR	239	T	ATTTG	ok	False
chr2	180546507	180546508	-	3.4e-05	FDR	239	T	TTTGT	ok	False
chr2	180546526	180546527	-	0.00014	FDR	230	T	TTTGT	ok	False
chr2	180829492	180829493	+	8.3e-06	FDR	184	A	CCAGC	ok	False
chr2	180829523	180829524	+	0.00021	FDR	190	A	CTATC	ok	False
chr2	180829983	180829984	+	0.038	FDR	372	A	GAATC	ok	False
chr2	180830011	180830012	+	0.035	FDR	380	A	TGACC	ok	True
chr2	180830023	180830024	+	0.0036	FDR	387	A	TGACT	ok	True
chr2	180830091	180830092	+	0.049	FDR	427	A	TGACC	ok	True
chr2	180830101	180830102	+	3.6e-11	FDR	426	A	GAATC	ok	False
chr2	180830122	180830123	+	0.0056	FDR	419	A	TGAAG	ok	False
chr2	180830144	180830145	+	6.6e-17	FDR	422	A	CTACC	ok	False
chr2	180830229	180830230	+	4.4e-09	FDR	416	A	GCACT	ok	False
chr2	180830275	180830276	+	5.8e-05	FDR	424	A	AAAAT	ok	False
chr2	180830276	180830277	+	5.6e-06	FDR	424	A	AAATA	ok	False
chr2	181194478	181194479	+	0.0003	FDR	68	A	GAATT	ok	False
chr2	181194481	181194482	+	0.0044	FDR	65	A	TTATC	ok	False
chr2	181330314	181330315	-	0.0027	FDR	137	T	CTTGC	ok	False
chr2	181330336	181330337	-	2e-10	FDR	128	T	GATGC	ok	False
chr2	181330437	181330438	-	7e-05	FDR	127	T	AGTCT	ok	True
chr2	181330452	181330453	-	0.001	FDR	82	T	GGTGT	ok	False
chr2	181330464	181330465	-	2.8e-05	FDR	131	T	GATCC	ok	False
chr2	181330469	181330470	-	0.0037	FDR	131	T	TTTTC	ok	False
chr2	181330532	181330533	-	0.00037	FDR	109	T	AATAC	ok	False
chr3	8610649	8610650	+	0.00012	FDR	270	A	AGATC	ok	False
chr3	8610774	8610775	+	0.022	FDR	355	A	AAAAA	ok	False
chr3	8619856	8619857	+	1e-07	FDR	377	A	CAAGA	ok	False
chr3	8619948	8619949	+	0.02	FDR	471	A	CAAGA	ok	False
chr3	8625455	8625456	+	1.3e-55	FDR	520	A	ATATC	ok	False
chr3	8625472	8625473	+	9.6e-06	FDR	500	A	GTATG	ok	False
chr3	8626445	8626446	+	0.0076	FDR	145	A	TGATG	ok	False
chr3	8626467	8626468	+	0.00055	FDR	143	A	CCAGG	ok	False
chr3	8626597	8626598	+	3.6e-05	FDR	147	A	TCAGT	ok	False
chr3	8867234	8867235	-	1.2e-06	FDR	214	T	AATTT	ok	False
chr3	8867383	8867384	-	6.6e-12	FDR	229	T	AGTAT	ok	False
chr3	8867393	8867394	-	6.2e-12	FDR	246	T	TATCT	ok	False
chr3	8867395	8867396	-	4.6e-06	FDR	237	T	TCTGT	ok	False
chr3	8867465	8867466	-	2.6e-06	FDR	228	T	TCTGG	ok	False
chr3	8965059	8965060	-	6.6e-07	FDR	206	T	TCTGG	ok	False
chr3	8965085	8965086	-	7.4e-08	FDR	193	T	CTTGC	ok	False
chr3	8965154	8965155	-	1.8e-09	FDR	151	T	CTTGG	ok	False
chr3	8988686	8988687	-	0.03	FDR	131	T	GCTCC	ok	False
chr3	8988709	8988710	-	7.5e-08	FDR	121	T	CCTGA	ok	False
chr3	10080179	10080180	+	0.00078	FDR	116	A	CGACA	ok	False
chr3	10080550	10080551	+	0.037	FDR	128	A	AGACG	ok	False
chr3	10080597	10080598	+	0.008	FDR	130	A	CGATA	ok	False
chr3	10080603	10080604	+	0.0022	FDR	131	A	CAAGA	ok	False
chr3	10081169	10081170	+	0.022	FDR	134	A	GAAGG	ok	False
chr3	10081193	10081194	+	0.00036	FDR	135	A	TCATC	ok	False
chr3	10081209	10081210	+	0.011	FDR	132	A	TTAGC	ok	False
chr3	14671433	14671434	-	2.2e-08	FDR	496	T	CTTCA	ok	False
chr3	14671454	14671455	-	2.2e-12	FDR	434	T	CATTT	ok	False
chr3	14671455	14671456	-	1.1e-05	FDR	495	T	ATTTT	ok	False
chr3	14672298	14672299	-	6.6e-10	FDR	473	T	TATAT	ok	False
chr3	14672316	14672317	-	5.7e-05	FDR	477	T	GTTCA	ok	False
chr3	14672322	14672323	-	0.027	FDR	463	T	TCTGT	ok	False
chr3	19186387	19186388	-	2.4e-06	FDR	125	T	AGTCC	ok	True
chr3	28860657	28860658	+	3.1e-32	FDR	1003	A	ACAAG	ok	False
chr3	28860658	28860659	+	8.2e-07	FDR	1043	A	CAAGA	ok	False
chr3	28860889	28860890	+	3.4e-11	FDR	1201	A	ACAGT	ok	False
chr3	28861346	28861347	+	1.3e-25	FDR	1429	A	ATATC	ok	False
chr3	28861411	28861412	+	1.1e-46	FDR	1403	A	ACAAG	ok	False
chr3	28861439	28861440	+	4e-06	FDR	1467	A	CCAGA	ok	False
chr3	28861532	28861533	+	1.3e-37	FDR	1255	A	GGACT	ok	True
chr3	30678517	30678518	-	6.2e-06	FDR	116	T	CTTTG	ok	False
chr3	30678587	30678588	-	0.00049	FDR	117	T	GATAT	ok	False
chr3	30873978	30873979	+	0.0025	FDR	96	A	TAACC	ok	True
chr3	30874057	30874058	+	0.037	FDR	103	A	TTATC	ok	False
chr3	30874207	30874208	+	3e-05	FDR	102	A	ATACC	ok	False
chr3	32631475	32631476	+	0.00027	FDR	130	A	TAAAG	ok	False
chr3	32631504	32631505	+	0.00078	FDR	127	A	GAATT	ok	False
chr3	32631618	32631619	+	1.5e-11	FDR	154	A	TTAGA	ok	False
chr3	32631640	32631641	+	0.00013	FDR	176	A	TCAGT	ok	False
chr3	32631678	32631679	+	0.027	FDR	176	A	GAACT	ok	True
chr3	32631694	32631695	+	8.9e-07	FDR	175	A	CGATT	ok	False
chr3	32781038	32781039	+	0.026	FDR	331	A	TTACT	ok	False
chr3	32781685	32781686	-	0.01	FDR	258	T	GGTAT	ok	False
chr3	32781805	32781806	-	0.039	FDR	257	T	TCTTT	ok	False
chr3	32782592	32782593	-	0.011	FDR	247	T	GATCC	ok	False
chr3	32784248	32784249	-	0.00017	FDR	201	T	GATGT	ok	False
chr3	32800629	32800630	+	0.039	FDR	223	A	TTATA	ok	False
chr3	32801879	32801880	+	0.0035	FDR	342	A	TGAAG	ok	False
chr3	32801896	32801897	+	0.00044	FDR	449	A	AAATC	ok	False
chr3	32801909	32801910	+	3.1e-12	FDR	418	A	CTACA	ok	False
chr3	32801930	32801931	+	3.7e-15	FDR	463	A	GTATT	ok	False
chr3	32802610	32802611	+	0.002	FDR	505	A	GCATC	ok	False
chr3	32802627	32802628	+	3e-05	FDR	550	A	GGATC	ok	False
chr3	32802643	32802644	+	0.00057	FDR	562	A	CTATG	ok	False
chr3	32802669	32802670	+	0.04	FDR	543	A	AGAAA	ok	False
chr3	32802681	32802682	+	8e-19	FDR	575	A	CTATC	ok	False
chr3	32802688	32802689	+	4e-16	FDR	583	A	CCAGA	ok	False
chr3	32802690	32802691	+	7.4e-07	FDR	583	A	AGATT	ok	False
chr3	32802695	32802696	+	1.3e-07	FDR	580	A	GAATC	ok	False
chr3	32805205	32805206	+	1.6e-14	FDR	598	A	TGATG	ok	False
chr3	32805221	32805222	+	2.7e-08	FDR	597	A	TGATG	ok	False
chr3	32805262	32805263	+	1.9e-05	FDR	500	A	TCATT	ok	False
chr3	32805269	32805270	+	2.8e-41	FDR	588	A	TCATT	ok	False
chr3	32805282	32805283	+	9e-28	FDR	572	A	GCAAC	ok	False
chr3	32805283	32805284	+	0.0001	FDR	592	A	CAACT	ok	False
chr3	32805292	32805293	+	8.7e-25	FDR	480	A	ACAAC	ok	False
chr3	32805293	32805294	+	0.0021	FDR	551	A	CAACT	ok	False
chr3	32805304	32805305	+	1.9e-05	FDR	584	A	TCATT	ok	False
chr3	32805346	32805347	+	7.8e-07	FDR	600	A	AAATG	ok	False
chr3	34123804	34123805	+	0.014	FDR	186	A	GCAGT	ok	False
chr3	34123868	34123869	+	1.3e-12	FDR	208	A	TCAAA	ok	False
chr3	34123874	34123875	+	0.039	FDR	223	A	ATAGC	ok	False
chr3	34123950	34123951	+	2.3e-06	FDR	229	A	CCAGA	ok	False
chr3	34123966	34123967	+	0.042	FDR	193	A	GTATA	ok	False
chr3	34124076	34124077	+	3.8e-06	FDR	229	A	GCAAT	ok	False
chr3	34131621	34131622	-	0.008	FDR	246	T	CTTCT	ok	False
chr3	34131626	34131627	-	0.011	FDR	237	T	AGTAA	ok	False
chr3	34131658	34131659	-	0.0016	FDR	237	T	TATAT	ok	False
chr3	34131668	34131669	-	2.3e-05	FDR	231	T	GATCC	ok	False
chr3	34132939	34132940	-	0.025	FDR	243	T	TTTAA	ok	False
chr3	34132942	34132943	-	2e-11	FDR	246	T	AATAG	ok	False
chr3	34132947	34132948	-	0.00025	FDR	243	T	CATAA	ok	False
chr3	34133361	34133362	-	0.0025	FDR	184	T	CCTAA	ok	False
chr3	34133387	34133388	-	0.00084	FDR	188	T	TGTCA	ok	True
chr3	34133397	34133398	-	0.0016	FDR	188	T	GGTTC	ok	True
chr3	34134238	34134239	-	0.0093	FDR	163	T	TTTGG	ok	False
chr3	34706211	34706212	+	0.0029	FDR	384	A	TAAGG	ok	False
chr3	34706505	34706506	+	8.1e-08	FDR	634	A	ATATT	ok	False
chr3	36619035	36619036	-	3.8e-07	FDR	230	T	TTTAT	ok	False
chr3	36619039	36619040	-	0.017	FDR	230	T	TTTAC	ok	False
chr3	36619091	36619092	-	5.6e-05	FDR	236	T	TTTTC	ok	False
chr3	36619099	36619100	-	0.00048	FDR	225	T	ATTTT	ok	False
chr3	36619115	36619116	-	2.3e-06	FDR	229	T	CCTGG	ok	False
chr3	36619293	36619294	-	0.011	FDR	214	T	CTTAG	ok	False
chr3	36619322	36619323	-	0.035	FDR	200	T	TCTGA	ok	False
chr3	36619389	36619390	+	0.028	FDR	312	A	ATAGT	ok	False
chr3	36619407	36619408	+	5.5e-09	FDR	319	A	TGATT	ok	False
chr3	36619410	36619411	+	0.0036	FDR	314	A	TTATT	ok	False
chr3	36619607	36619608	+	6.2e-09	FDR	226	A	CCAAG	ok	False
chr3	36619618	36619619	+	1.4e-09	FDR	238	A	CCAAG	ok	False
chr3	36619774	36619775	+	0.0016	FDR	211	A	GAATA	ok	False
chr3	41021969	41021970	-	0.021	FDR	146	T	ATTTA	ok	False
chr3	41022050	41022051	-	0.00033	FDR	140	T	CCTGC	ok	False
chr3	41022130	41022131	-	0.028	FDR	139	T	ATTTT	ok	False
chr3	51315607	51315608	-	1.2e-37	FDR	884	T	ACTGC	ok	False
chr3	51315634	51315635	-	9.1e-55	FDR	841	T	ACTGG	ok	False
chr3	54636708	54636709	-	8.7e-05	FDR	288	T	ACTAT	ok	False
chr3	54637207	54637208	-	0.03	FDR	279	T	AGTAG	ok	False
chr3	58500076	58500077	+	3.5e-07	FDR	141	A	GTATA	ok	False
chr3	58500345	58500346	+	6.2e-05	FDR	337	A	TCATT	ok	False
chr3	63919064	63919065	+	5.2e-06	FDR	197	A	TTATA	ok	False
chr3	63919066	63919067	+	0.00016	FDR	183	A	ATACC	ok	False
chr3	63919073	63919074	+	2e-06	FDR	194	A	GAATG	ok	False
chr3	63921718	63921719	+	0.011	FDR	330	A	AGATG	ok	False
chr3	63921753	63921754	+	1.8e-19	FDR	363	A	TCAGT	ok	False
chr3	63924158	63924159	+	0.0032	FDR	490	A	AAATG	ok	False
chr3	65287156	65287157	-	4.9e-12	FDR	302	T	CATCA	ok	False
chr3	65287160	65287161	-	0.0046	FDR	305	T	ATTTC	ok	False
chr3	65287424	65287425	-	0.00014	FDR	220	T	CTTCG	ok	False
chr3	67382178	67382179	+	1.6e-07	FDR	115	A	GAACT	ok	True
chr3	67382222	67382223	+	0.0089	FDR	109	A	ACACT	ok	False
chr3	67382258	67382259	+	0.011	FDR	118	A	TGACG	ok	False
chr3	69655672	69655673	+	0.00091	FDR	199	A	GCAAT	ok	False
chr3	69655673	69655674	+	6e-09	FDR	201	A	CAATT	ok	False
chr3	69655678	69655679	+	0.01	FDR	176	A	AGAAA	ok	False
chr3	69656141	69656142	+	0.0018	FDR	203	A	GAAGG	ok	False
chr3	69656176	69656177	+	0.0009	FDR	214	A	TGAAG	ok	False
chr3	69656212	69656213	+	0.041	FDR	195	A	AGAAG	ok	False
chr3	69656325	69656326	+	0.00031	FDR	160	A	TTAAA	ok	False
chr3	79510339	79510340	+	0.00036	FDR	312	A	CTATC	ok	False
chr3	79510412	79510413	+	0.00024	FDR	333	A	AAAAA	ok	False
chr3	79510413	79510414	+	0.00018	FDR	332	A	AAAAT	ok	False
chr3	79510427	79510428	+	1.1e-06	FDR	329	A	ATAAT	ok	False
chr3	79510452	79510453	+	8.2e-05	FDR	354	A	TTATA	ok	False
chr3	79510454	79510455	+	0.0048	FDR	337	A	ATACA	ok	False
chr3	79510593	79510594	+	0.0023	FDR	171	A	TCATT	ok	False
chr3	82978599	82978600	+	5.3e-06	FDR	274	A	ATATT	ok	False
chr3	82979445	82979446	+	0.041	FDR	321	A	GAAAC	ok	False
chr3	86046419	86046420	-	2.7e-236	FDR	6170	T	GATCT	ok	False
chr3	86046421	86046422	-	5.9e-45	FDR	6161	T	TCTGG	ok	False
chr3	86046463	86046464	-	5.9e-167	FDR	5450	T	TCTGG	ok	False
chr3	87766241	87766242	-	0.0035	FDR	210	T	TTTCA	ok	False
chr3	87766315	87766316	-	0.00015	FDR	221	T	GCTGC	ok	False
chr3	87766422	87766423	-	0.023	FDR	228	T	AATCT	ok	False
chr3	87766461	87766462	-	4.9e-12	FDR	197	T	AGTCC	ok	True
chr3	87766479	87766480	-	0.00014	FDR	217	T	CCTGG	ok	False
chr3	87766502	87766503	-	0.0016	FDR	209	T	CCTGG	ok	False
chr3	87766552	87766553	-	1.8e-07	FDR	189	T	CATCA	ok	False
chr3	87766556	87766557	-	4e-07	FDR	168	T	AGTCC	ok	True
chr3	87766560	87766561	-	1.1e-05	FDR	169	T	CCTGG	ok	False
chr3	87766624	87766625	-	4.3e-07	FDR	155	T	TGTTC	ok	True
chr3	87829258	87829259	+	0.00078	FDR	159	A	ATAGC	ok	False
chr3	87829339	87829340	+	0.0028	FDR	208	A	CTATT	ok	False
chr3	87829476	87829477	+	0.00049	FDR	209	A	GCAAA	ok	False
chr3	87829702	87829703	+	3.5e-06	FDR	267	A	CGATA	ok	False
chr3	87829733	87829734	+	0.023	FDR	319	A	GGACC	ok	True
chr3	87829785	87829786	+	0.0008	FDR	363	A	GGATC	ok	False
chr3	87830243	87830244	+	2.2e-07	FDR	394	A	GAAAC	ok	False
chr3	87830282	87830283	+	0.05	FDR	410	A	AGAAC	ok	False
chr3	87830283	87830284	+	5.9e-10	FDR	418	A	GAACG	ok	False
chr3	87830314	87830315	+	1.1e-11	FDR	444	A	GAATT	ok	False
chr3	87830317	87830318	+	0.0014	FDR	439	A	TTATC	ok	False
chr3	87830331	87830332	+	0.034	FDR	462	A	GAATT	ok	False
chr3	87830350	87830351	+	5.3e-06	FDR	420	A	GCATT	ok	False
chr3	87830553	87830554	+	5e-10	FDR	508	A	GAAAG	ok	False
chr3	87830554	87830555	+	9e-11	FDR	509	A	AAAGA	ok	False
chr3	87830556	87830557	+	6.7e-35	FDR	508	A	AGAAC	ok	False
chr3	87830557	87830558	+	3e-23	FDR	487	A	GAACT	ok	True
chr3	87830571	87830572	+	9.9e-22	FDR	490	A	CGACT	ok	False
chr3	87830580	87830581	+	9.6e-22	FDR	498	A	ACATT	ok	False
chr3	87830596	87830597	+	7e-06	FDR	515	A	TGATG	ok	False
chr3	87830611	87830612	+	5.9e-08	FDR	513	A	GGATC	ok	False
chr3	87830628	87830629	+	0.02	FDR	518	A	AGATT	ok	False
chr3	87830632	87830633	+	0.0012	FDR	503	A	TCAAG	ok	False
chr3	87830716	87830717	+	5.6e-13	FDR	496	A	AAACA	ok	True
chr3	87830718	87830719	+	0.029	FDR	504	A	ACACC	ok	False
chr3	87830730	87830731	+	1.5e-09	FDR	449	A	AGACT	ok	True
chr3	87964050	87964051	-	0.0057	FDR	135	T	GATTC	ok	False
chr3	88235603	88235604	+	0.00084	FDR	182	A	TCATG	ok	False
chr3	88235670	88235671	+	0.04	FDR	228	A	AAACT	ok	True
chr3	88235674	88235675	+	0.0075	FDR	240	A	TGAAA	ok	False
chr3	88235675	88235676	+	0.013	FDR	247	A	GAAAC	ok	False
chr3	88235676	88235677	+	1.1e-07	FDR	251	A	AAACC	ok	True
chr3	88235699	88235700	+	2.1e-11	FDR	277	A	GCAGT	ok	False
chr3	88235709	88235710	+	3e-15	FDR	267	A	AGACT	ok	True
chr3	88235731	88235732	+	0.019	FDR	284	A	CCAGG	ok	False
chr3	88269178	88269179	+	0.041	FDR	162	A	GGAGA	ok	False
chr3	88269300	88269301	+	0.042	FDR	220	A	GCACA	ok	False
chr3	88269315	88269316	+	0.0028	FDR	222	A	GGAGT	ok	False
chr3	88269326	88269327	+	3.4e-13	FDR	222	A	TGACA	ok	True
chr3	88269581	88269582	+	2.5e-05	FDR	229	A	TTACC	ok	False
chr3	88269586	88269587	+	0.00016	FDR	222	A	ACATT	ok	False
chr3	88301500	88301501	-	0.022	FDR	402	T	CCTTG	ok	False
chr3	88301524	88301525	-	0.0033	FDR	444	T	AATCA	ok	False
chr3	88301683	88301684	-	3.8e-11	FDR	412	T	AGTCC	ok	True
chr3	88301689	88301690	-	4.5e-05	FDR	438	T	AATCC	ok	False
chr3	88301717	88301718	-	3.3e-10	FDR	432	T	AATCT	ok	False
chr3	88301730	88301731	-	0.00056	FDR	402	T	TGTGA	ok	False
chr3	88303239	88303240	-	0.0024	FDR	225	T	CCTGC	ok	False
chr3	88303242	88303243	-	0.02	FDR	242	T	GCTGC	ok	False
chr3	88457220	88457221	-	4.9e-09	FDR	251	T	CATCA	ok	False
chr3	88457266	88457267	-	0.00023	FDR	246	T	GCTAC	ok	False
chr3	88457274	88457275	-	5.3e-05	FDR	215	T	GGTGA	ok	False
chr3	88457281	88457282	-	0.01	FDR	250	T	GGTTC	ok	True
chr3	88458042	88458043	-	8.4e-07	FDR	236	T	CATAC	ok	False
chr3	88458050	88458051	-	0.021	FDR	246	T	CATAG	ok	False
chr3	88459668	88459669	-	0.0009	FDR	196	T	AGTCC	ok	True
chr3	88459699	88459700	-	2.7e-09	FDR	196	T	ATTAA	ok	False
chr3	88459738	88459739	-	0.00016	FDR	160	T	GATGT	ok	False
chr3	88476605	88476606	+	0.014	FDR	242	A	GTATT	ok	False
chr3	88476714	88476715	+	5e-14	FDR	359	A	CCAGA	ok	False
chr3	88476788	88476789	+	1.4e-16	FDR	433	A	GCAGA	ok	False
chr3	88476899	88476900	+	0.031	FDR	431	A	ACAGG	ok	False
chr3	88491182	88491183	+	0.00014	FDR	425	A	GGACC	ok	True
chr3	88495232	88495233	+	5e-07	FDR	619	A	GCATC	ok	False
chr3	88495259	88495260	+	0.00019	FDR	630	A	GCAAG	ok	False
chr3	88495393	88495394	+	0.011	FDR	921	A	CTATT	ok	False
chr3	88495514	88495515	+	0.02	FDR	1107	A	TCAGG	ok	False
chr3	88495549	88495550	+	4.4e-07	FDR	856	A	ATATT	ok	False
chr3	88495552	88495553	+	0.0014	FDR	1096	A	TTATT	ok	False
chr3	88495564	88495565	+	0.0018	FDR	954	A	TGAAC	ok	False
chr3	88495595	88495596	+	1.5e-05	FDR	1123	A	GGATA	ok	False
chr3	88495597	88495598	+	6.1e-07	FDR	1046	A	ATACT	ok	False
chr3	88495605	88495606	+	1.6e-09	FDR	1009	A	TGACA	ok	True
chr3	88495704	88495705	+	8.1e-09	FDR	1057	A	CTAAT	ok	False
chr3	88495705	88495706	+	4.6e-05	FDR	1064	A	TAATA	ok	False
chr3	88816975	88816976	-	0.0013	FDR	266	T	AATTC	ok	False
chr3	88817006	88817007	-	9e-09	FDR	298	T	AGTTC	ok	True
chr3	88817007	88817008	-	0.00038	FDR	316	T	GTTCG	ok	False
chr3	88817123	88817124	-	7.7e-06	FDR	360	T	GGTCA	ok	True
chr3	88817128	88817129	-	0.043	FDR	363	T	AGTCT	ok	True
chr3	88817130	88817131	-	0.00092	FDR	357	T	TCTGC	ok	False
chr3	88817485	88817486	-	0.049	FDR	135	T	CTTGA	ok	False
chr3	88817517	88817518	-	2.8e-05	FDR	128	T	TTTGC	ok	False
chr3	88831017	88831018	-	4e-11	FDR	454	T	CATTT	ok	False
chr3	88831018	88831019	-	2e-14	FDR	489	T	ATTTC	ok	False
chr3	88831046	88831047	-	1.1e-22	FDR	483	T	TGTTC	ok	True
chr3	88834324	88834325	-	2.6e-05	FDR	112	T	CATTT	ok	False
chr3	88834325	88834326	-	0.00056	FDR	187	T	ATTTT	ok	False
chr3	89153804	89153805	+	1.7e-05	FDR	236	A	CCACG	ok	False
chr3	89156919	89156920	+	7.4e-10	FDR	508	A	ATATC	ok	False
chr3	89907556	89907557	-	0.046	FDR	79	T	GATAT	ok	False
chr3	89909607	89909608	-	0.05	FDR	134	T	GATGG	ok	False
chr3	90120567	90120568	-	0.015	FDR	448	T	TCTTC	ok	False
chr3	90120588	90120589	-	0.004	FDR	412	T	GATGA	ok	False
chr3	90143054	90143055	+	0.023	FDR	113	A	GGATC	ok	False
chr3	90298757	90298758	-	8e-05	FDR	433	T	TTTGC	ok	False
chr3	90298810	90298811	-	1.9e-16	FDR	437	T	GTTCT	ok	False
chr3	90298825	90298826	-	2.6e-06	FDR	433	T	CCTCC	ok	False
chr3	90298866	90298867	-	2.5e-12	FDR	341	T	AATGC	ok	False
chr3	90298923	90298924	-	2e-09	FDR	427	T	GGTTC	ok	True
chr3	90299011	90299012	-	4.4e-10	FDR	353	T	CGTCC	ok	False
chr3	90299020	90299021	-	8.3e-05	FDR	355	T	ACTAC	ok	False
chr3	90299026	90299027	-	2.1e-09	FDR	352	T	AATGC	ok	False
chr3	90299125	90299126	-	3.9e-10	FDR	299	T	TGTCC	ok	True
chr3	90299131	90299132	-	0.00098	FDR	314	T	AATGG	ok	False
chr3	90299147	90299148	-	6.7e-12	FDR	299	T	CTTGG	ok	False
chr3	90299185	90299186	-	0.0077	FDR	244	T	TCTGC	ok	False
chr3	90299344	90299345	-	0.017	FDR	186	T	TGTCA	ok	True
chr3	90358028	90358029	-	0.0063	FDR	128	T	AGTAT	ok	False
chr3	90358173	90358174	-	0.032	FDR	114	T	AGTGG	ok	False
chr3	90394825	90394826	+	1.9e-07	FDR	363	A	TTATG	ok	False
chr3	90395032	90395033	+	6.9e-24	FDR	432	A	ACAAA	ok	False
chr3	90395033	90395034	+	2.2e-26	FDR	467	A	CAAAC	ok	False
chr3	90395034	90395035	+	3.3e-24	FDR	470	A	AAACT	ok	True
chr3	90395045	90395046	+	0.00011	FDR	451	A	AAAAA	ok	False
chr3	90395098	90395099	+	1.4e-19	FDR	434	A	TGACT	ok	True
chr3	90395144	90395145	+	2e-23	FDR	446	A	ACATT	ok	False
chr3	90431725	90431726	+	0.0033	FDR	52	A	TCAGT	ok	False
chr3	93427824	93427825	+	4.9e-05	FDR	216	A	TCAGC	ok	False
chr3	93433427	93433428	+	4.2e-07	FDR	430	A	TCATC	ok	False
chr3	93433440	93433441	+	5.3e-15	FDR	433	A	CCAGA	ok	False
chr3	93433479	93433480	+	1.4e-19	FDR	417	A	CCAAG	ok	False
chr3	93471625	93471626	+	7.9e-12	FDR	308	A	CCAGA	ok	False
chr3	93471647	93471648	+	7.4e-09	FDR	266	A	GCAGG	ok	False
chr3	93471805	93471806	+	9.8e-09	FDR	341	A	GGACC	ok	True
chr3	93471862	93471863	+	1.3e-08	FDR	357	A	AAACT	ok	True
chr3	94793781	94793782	-	0.0024	FDR	515	T	ACTGG	ok	False
chr3	94793839	94793840	-	6.8e-09	FDR	328	T	AATAC	ok	False
chr3	94940089	94940090	-	1.9e-37	FDR	740	T	AGTCC	ok	True
chr3	94940149	94940150	-	2.5e-23	FDR	1006	T	TGTCA	ok	True
chr3	94940152	94940153	-	7e-08	FDR	1006	T	CATTC	ok	False
chr3	94940168	94940169	-	7.2e-08	FDR	1006	T	GGTGG	ok	False
chr3	94940212	94940213	-	1.1e-07	FDR	951	T	CATTG	ok	False
chr3	94940213	94940214	-	1.5e-11	FDR	957	T	ATTGT	ok	False
chr3	94941010	94941011	-	0.01	FDR	706	T	TCTGG	ok	False
chr3	95037085	95037086	-	0.003	FDR	193	T	GGTTA	ok	True
chr3	95037484	95037485	-	0.00029	FDR	179	T	GGTAA	ok	False
chr3	95037566	95037567	-	0.025	FDR	177	T	GATCT	ok	False
chr3	95037589	95037590	-	0.00061	FDR	187	T	CTTAC	ok	False
chr3	95037663	95037664	-	0.045	FDR	173	T	CTTCT	ok	False
chr3	95568950	95568951	+	0.00017	FDR	445	A	AAATG	ok	False
chr3	95569077	95569078	+	2.1e-06	FDR	510	A	GTATT	ok	False
chr3	95770131	95770132	-	0.0013	FDR	393	T	CATGT	ok	False
chr3	95777855	95777856	-	2.6e-13	FDR	345	T	ACTGT	ok	False
chr3	95777887	95777888	-	0.0025	FDR	271	T	CATGG	ok	False
chr3	95777913	95777914	-	0.00017	FDR	253	T	CTTCC	ok	False
chr3	95854567	95854568	+	0.0025	FDR	135	A	CCATC	ok	False
chr3	95854618	95854619	+	0.012	FDR	132	A	CTATT	ok	False
chr3	96084301	96084302	+	1.7e-11	FDR	244	A	CCAGG	ok	False
chr3	96084508	96084509	+	0.00099	FDR	300	A	TTATC	ok	False
chr3	96084566	96084567	+	4.7e-19	FDR	290	A	CTAAT	ok	False
chr3	96084567	96084568	+	5.6e-11	FDR	306	A	TAATG	ok	False
chr3	96084649	96084650	+	0.00098	FDR	307	A	AAATG	ok	False
chr3	97081155	97081156	+	0.0011	FDR	212	A	ACATC	ok	False
chr3	97081212	97081213	+	0.0038	FDR	259	A	CCAGG	ok	False
chr3	97082951	97082952	+	4.3e-06	FDR	245	A	GTACC	ok	False
chr3	97082964	97082965	+	0.00015	FDR	273	A	ACACA	ok	False
chr3	97082974	97082975	+	0.0034	FDR	290	A	TAACC	ok	True
chr3	97083043	97083044	+	1.1e-05	FDR	334	A	TGACC	ok	True
chr3	97083089	97083090	+	2.7e-10	FDR	305	A	GCAAC	ok	False
chr3	97083701	97083702	+	0.00012	FDR	344	A	GAACA	ok	True
chr3	97083729	97083730	+	5.5e-08	FDR	345	A	CCAGA	ok	False
chr3	97083742	97083743	+	0.0015	FDR	337	A	GAACA	ok	True
chr3	97083791	97083792	+	0.0068	FDR	331	A	TTACA	ok	False
chr3	97468243	97468244	-	1.4e-06	FDR	102	T	GATAG	ok	False
chr3	98222414	98222415	-	0.00028	FDR	311	T	CGTTC	ok	False
chr3	98222415	98222416	-	0.012	FDR	310	T	GTTCA	ok	False
chr3	100045508	100045509	-	1.9e-08	FDR	158	T	GGTTT	ok	True
chr3	100045528	100045529	-	0.021	FDR	217	T	TGTAT	ok	False
chr3	100045554	100045555	-	2.3e-05	FDR	213	T	TATGA	ok	False
chr3	100045559	100045560	-	2e-05	FDR	212	T	CCTTA	ok	False
chr3	100045660	100045661	-	2e-15	FDR	204	T	AATGA	ok	False
chr3	100045687	100045688	-	0.03	FDR	222	T	TCTAA	ok	False
chr3	100045690	100045691	-	4.2e-05	FDR	224	T	AATAC	ok	False
chr3	100045701	100045702	-	4.6e-11	FDR	224	T	TCTGC	ok	False
chr3	100045762	100045763	-	4.8e-06	FDR	196	T	CTTGA	ok	False
chr3	100045778	100045779	-	0.003	FDR	182	T	GGTCC	ok	True
chr3	100045793	100045794	-	0.022	FDR	146	T	AATGC	ok	False
chr3	101486318	101486319	-	0.00096	FDR	375	T	GATAC	ok	False
chr3	101486325	101486326	-	0.00036	FDR	377	T	CCTAA	ok	False
chr3	101486374	101486375	-	9e-06	FDR	353	T	GCTGT	ok	False
chr3	101486848	101486849	-	1.5e-11	FDR	289	T	GCTGG	ok	False
chr3	101486873	101486874	-	6.8e-13	FDR	289	T	CTTGC	ok	False
chr3	101486896	101486897	-	2.4e-09	FDR	270	T	ACTGC	ok	False
chr3	103080657	103080658	+	0.026	FDR	224	A	GAAAC	ok	False
chr3	103081709	103081710	+	0.015	FDR	281	A	CAAGA	ok	False
chr3	103081712	103081713	+	0.034	FDR	281	A	GAATG	ok	False
chr3	103081718	103081719	+	0.015	FDR	262	A	GTAAA	ok	False
chr3	103081747	103081748	+	0.033	FDR	317	A	CCAGG	ok	False
chr3	103082936	103082937	+	0.042	FDR	340	A	AAATC	ok	False
chr3	103082950	103082951	+	0.0011	FDR	349	A	TGATT	ok	False
chr3	103084661	103084662	+	0.009	FDR	407	A	ATATT	ok	False
chr3	103085774	103085775	+	5.4e-10	FDR	511	A	GGAAA	ok	False
chr3	103085775	103085776	+	1e-10	FDR	675	A	GAAAA	ok	False
chr3	103085779	103085780	+	3.6e-14	FDR	674	A	ACATC	ok	False
chr3	103085795	103085796	+	5.8e-19	FDR	669	A	CTAAT	ok	False
chr3	103085796	103085797	+	0.0023	FDR	687	A	TAATG	ok	False
chr3	103085834	103085835	+	2.8e-22	FDR	652	A	GGACT	ok	True
chr3	103085879	103085880	+	0.00013	FDR	670	A	GGACT	ok	True
chr3	103085977	103085978	+	6.7e-05	FDR	736	A	GAATG	ok	False
chr3	103085997	103085998	+	8.4e-10	FDR	733	A	TAATT	ok	False
chr3	103086017	103086018	+	4.2e-10	FDR	732	A	GCAGA	ok	False
chr3	103086073	103086074	+	6.1e-09	FDR	710	A	GCATC	ok	False
chr3	103086105	103086106	+	1.5e-07	FDR	734	A	GAATT	ok	False
chr3	103086125	103086126	+	0.015	FDR	630	A	ATAAA	ok	False
chr3	104564322	104564323	+	4.8e-05	FDR	368	A	GAAAT	ok	False
chr3	104564371	104564372	+	0.00075	FDR	378	A	AGATT	ok	False
chr3	104730285	104730286	-	6.2e-07	FDR	147	T	CCTGG	ok	False
chr3	104730315	104730316	-	0.0028	FDR	152	T	GATAG	ok	False
chr3	104730340	104730341	-	0.00023	FDR	156	T	AATAT	ok	False
chr3	104730366	104730367	-	0.0059	FDR	208	T	AATGC	ok	False
chr3	104730510	104730511	-	3e-05	FDR	204	T	ACTGA	ok	False
chr3	105585725	105585726	-	0.029	FDR	148	T	TCTGA	ok	False
chr3	105585732	105585733	-	0.00045	FDR	144	T	AATAA	ok	False
chr3	105585740	105585741	-	1.1e-06	FDR	89	T	TGTCC	ok	True
chr3	105585828	105585829	-	0.00064	FDR	140	T	TATCC	ok	False
chr3	105850068	105850069	-	0.028	FDR	782	T	TATAA	ok	False
chr3	105850097	105850098	-	5.3e-10	FDR	780	T	AGTTG	ok	False
chr3	105850098	105850099	-	0.00024	FDR	780	T	GTTGC	ok	False
chr3	105850126	105850127	-	0.0012	FDR	785	T	GATCA	ok	False
chr3	105850131	105850132	-	7.5e-08	FDR	779	T	GATAA	ok	False
chr3	105850141	105850142	-	8.7e-07	FDR	774	T	CATAC	ok	False
chr3	105850154	105850155	-	1.7e-07	FDR	787	T	GATCA	ok	False
chr3	105850204	105850205	-	0.00025	FDR	935	T	GATCA	ok	False
chr3	105850218	105850219	-	0.0011	FDR	884	T	AATAG	ok	False
chr3	105850222	105850223	-	1.9e-09	FDR	933	T	GATAG	ok	False
chr3	105850228	105850229	-	1.1e-05	FDR	929	T	AATAC	ok	False
chr3	105850239	105850240	-	0.013	FDR	846	T	AGTTC	ok	True
chr3	105850256	105850257	-	8.8e-06	FDR	863	T	AGTTC	ok	True
chr3	105850257	105850258	-	0.022	FDR	864	T	GTTCC	ok	False
chr3	105850280	105850281	-	4.8e-09	FDR	837	T	TATCA	ok	False
chr3	105850331	105850332	-	4.1e-08	FDR	792	T	TTTGC	ok	False
chr3	105850347	105850348	-	1.5e-07	FDR	790	T	GATCT	ok	False
chr3	105850354	105850355	-	0.00053	FDR	657	T	AATGC	ok	False
chr3	105850360	105850361	-	8.4e-05	FDR	782	T	CTTGG	ok	False
chr3	105851016	105851017	-	1.7e-05	FDR	727	T	AATGC	ok	False
chr3	105851049	105851050	-	0.0074	FDR	746	T	TATCA	ok	False
chr3	105851056	105851057	-	6.7e-05	FDR	738	T	TGTTC	ok	True
chr3	105851057	105851058	-	0.029	FDR	743	T	GTTCT	ok	False
chr3	105851081	105851082	-	8e-05	FDR	698	T	TGTTC	ok	True
chr3	105851084	105851085	-	0.036	FDR	694	T	TCTGT	ok	False
chr3	105851154	105851155	-	6.4e-13	FDR	400	T	AGTGA	ok	False
chr3	105851177	105851178	-	0.018	FDR	372	T	TGTTA	ok	True
chr3	105851178	105851179	-	0.0029	FDR	435	T	GTTAT	ok	False
chr3	105858965	105858966	-	0.0017	FDR	382	T	CATGT	ok	False
chr3	107889167	107889168	-	2.4e-07	FDR	91	T	GATGC	ok	False
chr3	107919663	107919664	-	2.9e-06	FDR	160	T	GGTAA	ok	False
chr3	107919727	107919728	-	6.7e-06	FDR	155	T	AGTTC	ok	True
chr3	107919744	107919745	-	3e-07	FDR	150	T	AGTTC	ok	True
chr3	107919745	107919746	-	3.9e-06	FDR	155	T	GTTCG	ok	False
chr3	107919986	107919987	-	0.0023	FDR	108	T	AGTGC	ok	False
chr3	108175109	108175110	+	1e-06	FDR	236	A	GAACC	ok	True
chr3	108175140	108175141	+	4.8e-06	FDR	289	A	ACAGT	ok	False
chr3	108175168	108175169	+	0.0024	FDR	344	A	CCAAT	ok	False
chr3	108175169	108175170	+	0.0019	FDR	346	A	CAATC	ok	False
chr3	108175213	108175214	+	0.00062	FDR	358	A	CTATG	ok	False
chr3	108175388	108175389	+	0.00021	FDR	405	A	TGATG	ok	False
chr3	108187214	108187215	+	1.5e-26	FDR	632	A	ATATC	ok	False
chr3	108334018	108334019	-	1.2e-11	FDR	807	T	TGTCC	ok	True
chr3	108334134	108334135	-	2e-27	FDR	755	T	AGTCT	ok	True
chr3	108334603	108334604	-	0.00019	FDR	531	T	TCTGG	ok	False
chr3	108335594	108335595	-	0.0017	FDR	260	T	CCTGG	ok	False
chr3	116282706	116282707	-	0.034	FDR	219	T	ACTGT	ok	False
chr3	122078806	122078807	+	0.0039	FDR	277	A	ACAAG	ok	False
chr3	122078873	122078874	+	0.0047	FDR	259	A	GTATA	ok	False
chr3	122718187	122718188	+	0.0096	FDR	443	A	CCAAG	ok	False
chr3	122719308	122719309	+	1.1e-06	FDR	540	A	TGATT	ok	False
chr3	122719344	122719345	+	9.1e-17	FDR	539	A	ATAAT	ok	False
chr3	122719385	122719386	+	0.011	FDR	502	A	GTAAA	ok	False
chr3	123301933	123301934	-	3.8e-14	FDR	279	T	GATAT	ok	False
chr3	123301938	123301939	-	0.0094	FDR	282	T	CATCC	ok	False
chr3	123301953	123301954	-	0.0023	FDR	208	T	ACTAC	ok	False
chr3	127330473	127330474	-	6.1e-22	FDR	372	T	AGTCT	ok	True
chr3	127330634	127330635	-	0.00031	FDR	351	T	ACTGG	ok	False
chr3	127334281	127334282	-	0.00072	FDR	261	T	GATCC	ok	False
chr3	129431963	129431964	+	8.4e-12	FDR	134	A	TGACT	ok	True
chr3	129618606	129618607	-	0.015	FDR	217	T	CTTCA	ok	False
chr3	129618618	129618619	-	4.7e-08	FDR	196	T	AGTCC	ok	True
chr3	130489587	130489588	-	2.1e-12	FDR	435	T	TATTT	ok	False
chr3	130489615	130489616	-	0.011	FDR	528	T	GTTCA	ok	False
chr3	130489627	130489628	-	4.7e-08	FDR	510	T	AGTCT	ok	True
chr3	130489655	130489656	-	1.6e-05	FDR	517	T	AGTAG	ok	False
chr3	130489698	130489699	-	3.1e-26	FDR	519	T	AATCG	ok	False
chr3	130489701	130489702	-	3e-17	FDR	528	T	CGTCC	ok	False
chr3	130489707	130489708	-	2.8e-20	FDR	476	T	AATAT	ok	False
chr3	130489724	130489725	-	1.7e-14	FDR	432	T	AATAT	ok	False
chr3	130489726	130489727	-	1.9e-10	FDR	525	T	TATAC	ok	False
chr3	130489730	130489731	-	1.3e-07	FDR	512	T	CTTCT	ok	False
chr3	130489768	130489769	-	6.5e-29	FDR	497	T	CATGT	ok	False
chr3	130489770	130489771	-	9.7e-35	FDR	436	T	TGTCC	ok	True
chr3	130489782	130489783	-	0.00059	FDR	512	T	GATGA	ok	False
chr3	130489789	130489790	-	5.9e-05	FDR	579	T	GGTTT	ok	True
chr3	130489793	130489794	-	0.00014	FDR	562	T	TGTAA	ok	False
chr3	130489803	130489804	-	2e-21	FDR	566	T	AATCA	ok	False
chr3	130489811	130489812	-	0.013	FDR	550	T	TATTC	ok	False
chr3	130489824	130489825	-	0.029	FDR	392	T	AGTTT	ok	True
chr3	130489825	130489826	-	0.0017	FDR	533	T	GTTTT	ok	False
chr3	130489901	130489902	-	0.00079	FDR	402	T	GGTAG	ok	False
chr3	130523969	130523970	-	0.00024	FDR	686	T	TCTGA	ok	False
chr3	131027118	131027119	-	0.0088	FDR	147	T	ATTCC	ok	False
chr3	131027123	131027124	-	0.0001	FDR	148	T	GATTC	ok	False
chr3	131027140	131027141	-	8.9e-05	FDR	148	T	ATTAA	ok	False
chr3	131027153	131027154	-	5.1e-06	FDR	147	T	ATTTT	ok	False
chr3	131027388	131027389	-	1.1e-05	FDR	128	T	AATGT	ok	False
chr3	134978945	134978946	+	1.9e-05	FDR	149	A	ACAGA	ok	False
chr3	134978956	134978957	+	1.1e-06	FDR	149	A	CCAAG	ok	False
chr3	134978957	134978958	+	2.8e-10	FDR	151	A	CAAGC	ok	False
chr3	134979065	134979066	+	0.013	FDR	156	A	GGATG	ok	False
chr3	134979161	134979162	+	0.011	FDR	155	A	GGATT	ok	False
chr3	134979170	134979171	+	8.4e-10	FDR	155	A	GCAGT	ok	False
chr3	134979174	134979175	+	9.7e-09	FDR	148	A	TGACT	ok	True
chr3	134979192	134979193	+	1.3e-05	FDR	153	A	GCAGT	ok	False
chr3	134979262	134979263	+	0.022	FDR	141	A	GAAGA	ok	False
chr3	137572236	137572237	+	2.8e-48	FDR	1140	A	GGACT	ok	True
chr3	137572282	137572283	+	3.3e-69	FDR	1409	A	GGACT	ok	True
chr3	137572377	137572378	+	9.1e-23	FDR	2077	A	GCATT	ok	False
chr3	138157250	138157251	+	5.5e-05	FDR	350	A	GCAAC	ok	False
chr3	138159527	138159528	+	0.032	FDR	398	A	CAAAG	ok	False
chr3	138159576	138159577	+	0.0012	FDR	457	A	GAAAT	ok	False
chr3	138160565	138160566	+	8.4e-21	FDR	731	A	ACAGG	ok	False
chr3	138261608	138261609	+	1.4e-06	FDR	165	A	GCATT	ok	False
chr3	138261664	138261665	+	8.6e-09	FDR	188	A	GGACT	ok	True
chr3	138261798	138261799	+	2e-05	FDR	280	A	TGATT	ok	False
chr3	138261804	138261805	+	6.8e-08	FDR	284	A	TGATT	ok	False
chr3	138261866	138261867	+	0.014	FDR	317	A	CCAGG	ok	False
chr3	138261935	138261936	+	0.037	FDR	179	A	GTAAC	ok	False
chr3	138261978	138261979	+	1.8e-09	FDR	189	A	TCAGT	ok	False
chr3	138261982	138261983	+	3.7e-08	FDR	190	A	TGATC	ok	False
chr3	138261997	138261998	+	0.00021	FDR	192	A	TGATC	ok	False
chr3	138262026	138262027	+	0.0014	FDR	195	A	AAATG	ok	False
chr3	138262030	138262031	+	4.9e-08	FDR	182	A	GTAAC	ok	False
chr3	138262031	138262032	+	0.033	FDR	169	A	TAACA	ok	True
chr3	138262077	138262078	+	0.0015	FDR	193	A	GTATC	ok	False
chr3	138262090	138262091	+	1.8e-10	FDR	188	A	GTACT	ok	False
chr3	138262140	138262141	+	0.012	FDR	187	A	TCAAG	ok	False
chr3	138262179	138262180	+	1.1e-10	FDR	116	A	ACAAA	ok	False
chr3	138262180	138262181	+	1.5e-11	FDR	201	A	CAAAA	ok	False
chr3	138262202	138262203	+	0.00049	FDR	194	A	ACAGT	ok	False
chr3	144303342	144303343	+	0.019	FDR	391	A	TTATT	ok	False
chr3	146209042	146209043	+	1.1e-06	FDR	554	A	ACAGT	ok	False
chr3	146209054	146209055	+	2.3e-17	FDR	594	A	GCAGA	ok	False
chr3	146211121	146211122	+	1.1e-31	FDR	627	A	ATATT	ok	False
chr3	146211199	146211200	+	0.034	FDR	621	A	TCAGT	ok	False
chr3	146211245	146211246	+	0.015	FDR	624	A	ACAAG	ok	False
chr3	157600139	157600140	-	0.014	FDR	205	T	AATAT	ok	False
chr4	3834618	3834619	-	0.018	FDR	13988	T	TCTGG	ok	False
chr4	8607361	8607362	+	0.012	FDR	126	A	AGAAG	ok	False
chr4	10988673	10988674	-	0.00054	FDR	349	T	AATAT	ok	False
chr4	10988788	10988789	-	1.2e-08	FDR	376	T	GGTCC	ok	True
chr4	10988854	10988855	-	2.3e-06	FDR	394	T	TCTGA	ok	False
chr4	10989038	10989039	-	0.00035	FDR	249	T	ACTGA	ok	False
chr4	40259711	40259712	-	0.0021	FDR	177	T	TTTGG	ok	False
chr4	40259739	40259740	-	0.0027	FDR	178	T	GATTA	ok	False
chr4	40259777	40259778	-	1.6e-07	FDR	176	T	AATCA	ok	False
chr4	40259806	40259807	-	7.4e-05	FDR	164	T	TGTCC	ok	True
chr4	40270791	40270792	-	2.2e-10	FDR	497	T	GATCA	ok	False
chr4	40270800	40270801	-	1.6e-07	FDR	458	T	AATCT	ok	False
chr4	40737376	40737377	-	0.00074	FDR	472	T	AATCA	ok	False
chr4	40739582	40739583	-	9.6e-05	FDR	232	T	GGTTT	ok	True
chr4	40965038	40965039	+	0.0037	FDR	110	A	TGATA	ok	False
chr4	40965129	40965130	+	0.0023	FDR	122	A	GCAAG	ok	False
chr4	40965208	40965209	+	0.0028	FDR	122	A	TCAGT	ok	False
chr4	41012254	41012255	+	1.4e-05	FDR	191	A	GAATT	ok	False
chr4	41012327	41012328	+	4.4e-10	FDR	215	A	AGATT	ok	False
chr4	41012375	41012376	+	0.0009	FDR	225	A	TGATG	ok	False
chr4	41012382	41012383	+	0.046	FDR	186	A	GGAAA	ok	False
chr4	41012383	41012384	+	2.1e-06	FDR	226	A	GAAAA	ok	False
chr4	41012406	41012407	+	0.00032	FDR	203	A	GCACC	ok	False
chr4	41012423	41012424	+	0.0078	FDR	217	A	GAAAA	ok	False
chr4	41012445	41012446	+	0.047	FDR	161	A	GGAAA	ok	False
chr4	41012468	41012469	+	0.0024	FDR	229	A	GCAAA	ok	False
chr4	41012551	41012552	+	0.015	FDR	228	A	TAATG	ok	False
chr4	41012558	41012559	+	0.0014	FDR	225	A	ATAAT	ok	False
chr4	41114452	41114453	-	6.2e-05	FDR	256	T	AATTT	ok	False
chr4	41114567	41114568	-	0.00013	FDR	275	T	GGTGA	ok	False
chr4	41114724	41114725	-	0.0044	FDR	225	T	TATGG	ok	False
chr4	41114732	41114733	-	0.015	FDR	131	T	AGTAA	ok	False
chr4	41191488	41191489	+	5.2e-07	FDR	349	A	GAAAT	ok	False
chr4	41191489	41191490	+	1.1e-22	FDR	346	A	AAATG	ok	False
chr4	41712148	41712149	-	3.5e-16	FDR	169	T	AGTCT	ok	True
chr4	41712246	41712247	-	8.8e-15	FDR	265	T	TATTC	ok	False
chr4	41712316	41712317	-	4e-05	FDR	266	T	TCTGG	ok	False
chr4	41712393	41712394	-	1.5e-05	FDR	192	T	GGTCC	ok	True
chr4	41714974	41714975	-	5.2e-19	FDR	312	T	ACTGG	ok	False
chr4	41714983	41714984	-	0.00012	FDR	308	T	AATAC	ok	False
chr4	41714987	41714988	-	4e-12	FDR	306	T	CATTG	ok	False
chr4	41715030	41715031	-	5.5e-15	FDR	295	T	CCTGA	ok	False
chr4	41715145	41715146	-	0.036	FDR	297	T	CCTGG	ok	False
chr4	41715167	41715168	-	0.0027	FDR	308	T	GCTGT	ok	False
chr4	41715205	41715206	-	0.014	FDR	277	T	TCTAG	ok	False
chr4	41715217	41715218	-	1.5e-06	FDR	276	T	AGTAA	ok	False
chr4	41715403	41715404	-	8.4e-05	FDR	172	T	GTTAT	ok	False
chr4	41716412	41716413	-	1.8e-05	FDR	202	T	GATCT	ok	False
chr4	42980086	42980087	-	2.2e-20	FDR	404	T	AATCA	ok	False
chr4	42980491	42980492	-	4.9e-32	FDR	1185	T	GGTCC	ok	True
chr4	42980860	42980861	-	0.027	FDR	940	T	ATTAT	ok	False
chr4	43028111	43028112	-	1.5e-19	FDR	448	T	AATCT	ok	False
chr4	43028959	43028960	-	8.1e-08	FDR	378	T	CGTCG	ok	False
chr4	43028979	43028980	-	0.014	FDR	334	T	AGTAG	ok	False
chr4	44988948	44988949	+	0.022	FDR	168	A	GTACC	ok	False
chr4	44988955	44988956	+	0.03	FDR	158	A	GCACT	ok	False
chr4	44990378	44990379	+	3.7e-10	FDR	239	A	TGATC	ok	False
chr4	44990500	44990501	+	3.5e-05	FDR	306	A	CCAGA	ok	False
chr4	44990550	44990551	+	0.039	FDR	294	A	GGACT	ok	True
chr4	44990557	44990558	+	1.5e-16	FDR	253	A	GGACT	ok	True
chr4	44990594	44990595	+	1e-14	FDR	300	A	GCATT	ok	False
chr4	44990605	44990606	+	0.0011	FDR	274	A	GGACC	ok	True
chr4	45105384	45105385	-	0.0025	FDR	338	T	AGTTC	ok	True
chr4	45105466	45105467	-	3.1e-33	FDR	317	T	AGTTC	ok	True
chr4	45105467	45105468	-	0.0021	FDR	352	T	GTTCT	ok	False
chr4	45105475	45105476	-	1.1e-12	FDR	315	T	AGTCC	ok	True
chr4	45105506	45105507	-	0.023	FDR	262	T	TGTCC	ok	True
chr4	45105546	45105547	-	0.005	FDR	304	T	GCTGC	ok	False
chr4	46172219	46172220	+	0.014	FDR	296	A	ACAAC	ok	False
chr4	46172231	46172232	+	0.0054	FDR	306	A	TGATA	ok	False
chr4	46172240	46172241	+	0.0013	FDR	304	A	TGATA	ok	False
chr4	46172288	46172289	+	2.9e-10	FDR	305	A	AAATG	ok	False
chr4	46172292	46172293	+	0.00082	FDR	303	A	GCAAG	ok	False
chr4	46469998	46469999	+	0.002	FDR	345	A	TCAGC	ok	False
chr4	46472200	46472201	+	0.00043	FDR	728	A	GGACT	ok	True
chr4	46472276	46472277	+	0.0076	FDR	1167	A	CCAAA	ok	False
chr4	46472335	46472336	+	5.2e-10	FDR	1228	A	CCAAG	ok	False
chr4	46472444	46472445	+	3.3e-82	FDR	1289	A	CCAGT	ok	False
chr4	46472605	46472606	+	1.4e-06	FDR	181	A	CCAAA	ok	False
chr4	46500888	46500889	+	1.6e-05	FDR	194	A	GCAGA	ok	False
chr4	46502492	46502493	+	0.005	FDR	195	A	GGACA	ok	True
chr4	47480140	47480141	+	0.0054	FDR	712	A	CCAGC	ok	False
chr4	47483158	47483159	+	1.4e-12	FDR	788	A	GTATT	ok	False
chr4	55390617	55390618	+	0.042	FDR	368	A	TGAAT	ok	False
chr4	55391013	55391014	+	7.5e-06	FDR	299	A	ATAAG	ok	False
chr4	55391077	55391078	+	0.0049	FDR	321	A	CTATA	ok	False
chr4	55391324	55391325	+	0.043	FDR	118	A	TCAAA	ok	False
chr4	55391338	55391339	+	6.3e-07	FDR	113	A	GGACA	ok	True
chr4	57943833	57943834	-	0.00019	FDR	1522	T	CATAG	ok	False
chr4	57950839	57950840	-	0.048	FDR	1482	T	CCTGG	ok	False
chr4	57950885	57950886	-	0.00023	FDR	1412	T	CTTGT	ok	False
chr4	63466887	63466888	+	0.0028	FDR	183	A	GCAGA	ok	False
chr4	63468311	63468312	+	0.0017	FDR	206	A	TGACA	ok	True
chr4	75195826	75195827	-	0.0006	FDR	140	T	TGTCC	ok	True
chr4	86495373	86495374	+	2.5e-05	FDR	165	A	TTACC	ok	False
chr4	86575040	86575041	-	0.0013	FDR	151	T	GTTCC	ok	False
chr4	86575113	86575114	-	0.022	FDR	147	T	GCTGG	ok	False
chr4	86575158	86575159	-	0.022	FDR	141	T	CCTTG	ok	False
chr4	86575159	86575160	-	2.6e-05	FDR	147	T	CTTGG	ok	False
chr4	86575207	86575208	-	5.4e-07	FDR	127	T	AATTT	ok	False
chr4	86774448	86774449	-	0.044	FDR	716	T	CTTGC	ok	False
chr4	86774537	86774538	-	3.1e-08	FDR	633	T	CTTGC	ok	False
chr4	86850598	86850599	+	0.01	FDR	176	A	AAATC	ok	False
chr4	86850610	86850611	+	8.6e-05	FDR	182	A	GAATT	ok	False
chr4	86850834	86850835	+	0.026	FDR	175	A	CCAAT	ok	False
chr4	89099021	89099022	+	0.046	FDR	143	A	AGAAT	ok	False
chr4	89099126	89099127	+	0.027	FDR	164	A	TCAAC	ok	False
chr4	89099170	89099171	+	5.4e-08	FDR	170	A	TAATT	ok	False
chr4	89099209	89099210	+	0.035	FDR	168	A	GTATC	ok	False
chr4	89099270	89099271	+	0.047	FDR	170	A	GTACC	ok	False
chr4	98626270	98626271	+	0.024	FDR	330	A	CAAGA	ok	False
chr4	98626274	98626275	+	0.0019	FDR	291	A	ATATT	ok	False
chr4	98626616	98626617	+	1.4e-17	FDR	543	A	GGACA	ok	True
chr4	106445870	106445871	+	3.5e-09	FDR	233	A	AAAAG	ok	False
chr4	106446120	106446121	+	0.00083	FDR	352	A	GGATG	ok	False
chr4	106446247	106446248	+	0.019	FDR	354	A	CCAGG	ok	False
chr4	106446295	106446296	+	1.7e-05	FDR	342	A	GTACA	ok	False
chr4	106913215	106913216	-	1.2e-11	FDR	315	T	AGTTC	ok	True
chr4	106914592	106914593	-	4.8e-06	FDR	310	T	ACTGG	ok	False
chr4	106914674	106914675	-	6.7e-05	FDR	259	T	GATCT	ok	False
chr4	107744482	107744483	+	4.8e-07	FDR	541	A	ATATT	ok	False
chr4	107744489	107744490	+	1.7e-05	FDR	367	A	GGACA	ok	True
chr4	107744493	107744494	+	7.6e-06	FDR	536	A	ACAAG	ok	False
chr4	107744494	107744495	+	3.9e-11	FDR	545	A	CAAGG	ok	False
chr4	107744572	107744573	+	0.015	FDR	535	A	TGATG	ok	False
chr4	107901708	107901709	-	1.6e-11	FDR	173	T	CATCA	ok	False
chr4	107901724	107901725	-	0.00015	FDR	169	T	GCTTC	ok	False
chr4	107901743	107901744	-	1.1e-10	FDR	169	T	AATGC	ok	False
chr4	107901749	107901750	-	3.3e-09	FDR	160	T	AGTCC	ok	True
chr4	107901811	107901812	-	4.2e-06	FDR	169	T	AATTG	ok	False
chr4	107902000	107902001	-	0.027	FDR	135	T	AGTCC	ok	True
chr4	108195648	108195649	+	0.0045	FDR	118	A	GCATG	ok	False
chr4	108195679	108195680	+	1e-06	FDR	150	A	GGACG	ok	False
chr4	108195790	108195791	+	0.002	FDR	163	A	CCAGC	ok	False
chr4	108195798	108195799	+	0.00072	FDR	163	A	AGACG	ok	False
chr4	108195876	108195877	+	4e-07	FDR	137	A	TCACC	ok	False
chr4	108195895	108195896	+	0.0047	FDR	162	A	AGAGT	ok	False
chr4	108422195	108422196	-	0.0034	FDR	221	T	GATTT	ok	False
chr4	108719055	108719056	+	4.6e-13	FDR	144	A	GGACT	ok	True
chr4	108719114	108719115	+	0.011	FDR	171	A	GAATG	ok	False
chr4	108719145	108719146	+	0.0002	FDR	173	A	ACAGC	ok	False
chr4	108719201	108719202	+	2e-05	FDR	170	A	GCAAA	ok	False
chr4	108719218	108719219	+	0.0036	FDR	171	A	CCATT	ok	False
chr4	108719231	108719232	+	0.0009	FDR	157	A	TCACC	ok	False
chr4	109792714	109792715	+	0.00035	FDR	348	A	CCAGA	ok	False
chr4	109792731	109792732	+	8.5e-06	FDR	353	A	AAATG	ok	False
chr4	109792748	109792749	+	0.013	FDR	344	A	GCAAG	ok	False
chr4	109819084	109819085	+	0.00021	FDR	373	A	TGACT	ok	True
chr4	115927152	115927153	-	0.00098	FDR	1228	T	TCTAG	ok	False
chr4	116458861	116458862	-	3.6e-20	FDR	1357	T	AATAC	ok	False
chr4	116458870	116458871	-	0.0054	FDR	1303	T	TGTAC	ok	False
chr4	116458932	116458933	-	0.0016	FDR	1363	T	AATTG	ok	False
chr4	116458935	116458936	-	3.1e-06	FDR	1237	T	TGTAG	ok	False
chr4	116459302	116459303	-	0.00035	FDR	1368	T	GTTTT	ok	False
chr4	116459303	116459304	-	4.8e-22	FDR	1383	T	TTTTC	ok	False
chr4	116459334	116459335	-	2.3e-07	FDR	1380	T	CATCC	ok	False
chr4	116459382	116459383	-	1.6e-13	FDR	1348	T	CATCA	ok	False
chr4	116459408	116459409	-	6.3e-09	FDR	1346	T	TCTGG	ok	False
chr4	116459412	116459413	-	0.011	FDR	1346	T	GTTTC	ok	False
chr4	116460128	116460129	-	0.00013	FDR	1062	T	AGTAG	ok	False
chr4	116461139	116461140	-	3e-09	FDR	974	T	GATTC	ok	False
chr4	116461216	116461217	-	0.014	FDR	769	T	AGTAA	ok	False
chr4	116461412	116461413	-	2.6e-05	FDR	608	T	CATCA	ok	False
chr4	116495021	116495022	-	0.0095	FDR	648	T	TCTGG	ok	False
chr4	116495216	116495217	-	1.1e-11	FDR	596	T	GATGC	ok	False
chr4	116496238	116496239	-	0.011	FDR	491	T	CATCA	ok	False
chr4	116496244	116496245	-	2.8e-08	FDR	487	T	GATGG	ok	False
chr4	116544712	116544713	+	7.2e-09	FDR	656	A	GAATA	ok	False
chr4	116548975	116548976	+	0.0067	FDR	735	A	AAAAT	ok	False
chr4	116550099	116550100	+	2.2e-05	FDR	1272	A	ACAAG	ok	False
chr4	116556492	116556493	+	3.5e-56	FDR	4458	A	CCAGA	ok	False
chr4	116556546	116556547	+	2.8e-125	FDR	4515	A	CCAGA	ok	False
chr4	116556563	116556564	+	4.1e-97	FDR	4151	A	ACAGG	ok	False
chr4	116556687	116556688	+	2.8e-44	FDR	4166	A	GTATC	ok	False
chr4	116847451	116847452	-	0.00046	FDR	251	T	TCTGT	ok	False
chr4	116847463	116847464	-	0.05	FDR	256	T	ACTTG	ok	False
chr4	116847514	116847515	-	1.6e-10	FDR	251	T	TGTGT	ok	False
chr4	116847516	116847517	-	6.4e-24	FDR	233	T	TGTAC	ok	False
chr4	116847546	116847547	-	0.025	FDR	261	T	TCTGG	ok	False
chr4	116847562	116847563	-	0.00034	FDR	256	T	GGTAA	ok	False
chr4	116847580	116847581	-	0.00082	FDR	256	T	GGTTG	ok	False
chr4	116848480	116848481	-	0.00071	FDR	232	T	CCTTC	ok	False
chr4	116848609	116848610	-	1.8e-08	FDR	228	T	ACTGT	ok	False
chr4	116848643	116848644	-	0.01	FDR	224	T	CCTGG	ok	False
chr4	117011966	117011967	-	5e-94	FDR	3141	T	GATGC	ok	False
chr4	117011993	117011994	-	1.5e-05	FDR	2860	T	CTTGT	ok	False
chr4	117012871	117012872	-	3.3e-17	FDR	1136	T	GATGC	ok	False
chr4	117016876	117016877	-	3.3e-09	FDR	286	T	AATAC	ok	False
chr4	117016962	117016963	-	1.6e-09	FDR	283	T	AGTAT	ok	False
chr4	117017124	117017125	-	0.049	FDR	283	T	GATCC	ok	False
chr4	117017164	117017165	-	1.2e-09	FDR	244	T	AGTCA	ok	True
chr4	118290155	118290156	-	7.2e-22	FDR	670	T	GTTTG	ok	False
chr4	118290167	118290168	-	0.0021	FDR	664	T	GATGC	ok	False
chr4	118290308	118290309	-	0.045	FDR	667	T	CATTG	ok	False
chr4	118290750	118290751	-	0.013	FDR	540	T	CCTGA	ok	False
chr4	118290785	118290786	-	4e-10	FDR	417	T	GATGG	ok	False
chr4	118291954	118291955	-	2.9e-08	FDR	399	T	AATGC	ok	False
chr4	118480843	118480844	+	0.00065	FDR	253	A	AGAAA	ok	False
chr4	118482855	118482856	+	0.04	FDR	365	A	CCAGG	ok	False
chr4	118483146	118483147	+	3.5e-08	FDR	369	A	AAATT	ok	False
chr4	119135458	119135459	-	5.8e-29	FDR	1913	T	TATCT	ok	False
chr4	119135460	119135461	-	1.7e-08	FDR	1911	T	TCTGG	ok	False
chr4	119136160	119136161	-	2.9e-13	FDR	978	T	CATTT	ok	False
chr4	119136161	119136162	-	1.1e-10	FDR	1422	T	ATTTA	ok	False
chr4	119139358	119139359	-	0.042	FDR	682	T	CTTGC	ok	False
chr4	119139381	119139382	-	1.2e-05	FDR	633	T	TGTGG	ok	False
chr4	119157211	119157212	-	0.0053	FDR	105	T	ATTAA	ok	False
chr4	119157286	119157287	-	1.2e-06	FDR	233	T	CCTGG	ok	False
chr4	119167956	119167957	-	6.6e-13	FDR	239	T	CCTGG	ok	False
chr4	119167980	119167981	-	4.9e-07	FDR	238	T	CATTT	ok	False
chr4	120397181	120397182	-	6.5e-13	FDR	316	T	AATGC	ok	False
chr4	120397259	120397260	-	3.8e-05	FDR	332	T	GTTAC	ok	False
chr4	120397292	120397293	-	1.4e-21	FDR	315	T	GATGC	ok	False
chr4	120397356	120397357	-	4.6e-08	FDR	339	T	GATAC	ok	False
chr4	120397404	120397405	-	2.9e-16	FDR	320	T	TCTGG	ok	False
chr4	120397463	120397464	-	1.3e-15	FDR	285	T	GATGT	ok	False
chr4	123191678	123191679	+	7.5e-05	FDR	338	A	CAAAC	ok	False
chr4	123191679	123191680	+	0.0029	FDR	340	A	AAACA	ok	True
chr4	123191681	123191682	+	0.0012	FDR	340	A	ACAAT	ok	False
chr4	123191749	123191750	+	0.00092	FDR	400	A	GCACA	ok	False
chr4	123191850	123191851	+	0.0043	FDR	415	A	GCACT	ok	False
chr4	123191865	123191866	+	7.1e-15	FDR	416	A	CTACC	ok	False
chr4	123192318	123192319	+	2.3e-10	FDR	498	A	CAAAT	ok	False
chr4	123192322	123192323	+	4.3e-06	FDR	497	A	TAACC	ok	True
chr4	123192373	123192374	+	1.5e-14	FDR	508	A	GGACC	ok	True
chr4	123192388	123192389	+	3.2e-05	FDR	560	A	GAACC	ok	True
chr4	123192405	123192406	+	0.022	FDR	556	A	CAATA	ok	False
chr4	123192412	123192413	+	5e-05	FDR	550	A	TCATT	ok	False
chr4	123192419	123192420	+	3.2e-05	FDR	555	A	GTATC	ok	False
chr4	123192425	123192426	+	0.0024	FDR	544	A	GAAGG	ok	False
chr4	123192441	123192442	+	7e-22	FDR	564	A	GCACC	ok	False
chr4	123192499	123192500	+	5.5e-09	FDR	563	A	TGATA	ok	False
chr4	123192501	123192502	+	1.2e-08	FDR	557	A	ATAAC	ok	False
chr4	123192554	123192555	+	0.0019	FDR	565	A	AAATT	ok	False
chr4	123192564	123192565	+	0.026	FDR	564	A	TGATG	ok	False
chr4	123192589	123192590	+	0.0044	FDR	556	A	CAAAT	ok	False
chr4	123192590	123192591	+	2.6e-06	FDR	557	A	AAATA	ok	False
chr4	123606658	123606659	-	4.4e-60	FDR	274	T	GGTGT	ok	False
chr4	123606660	123606661	-	0.021	FDR	285	T	TGTAT	ok	False
chr4	123606700	123606701	-	1e-08	FDR	258	T	GATAT	ok	False
chr4	123609658	123609659	-	9.1e-09	FDR	188	T	CGTTT	ok	False
chr4	123609659	123609660	-	0.00012	FDR	302	T	GTTTT	ok	False
chr4	123609663	123609664	-	1e-05	FDR	299	T	TGTAC	ok	False
chr4	123609740	123609741	-	5.5e-13	FDR	265	T	TGTGC	ok	False
chr4	124623310	124623311	+	0.01	FDR	398	A	GCAAA	ok	False
chr4	124626016	124626017	+	0.0034	FDR	440	A	ACAAG	ok	False
chr4	124626199	124626200	+	0.049	FDR	451	A	AGATC	ok	False
chr4	124812341	124812342	-	0.00015	FDR	298	T	TATGA	ok	False
chr4	124812427	124812428	-	3.6e-07	FDR	329	T	CCTGG	ok	False
chr4	124812545	124812546	-	1.9e-06	FDR	302	T	CTTGA	ok	False
chr4	125944315	125944316	+	0.0082	FDR	243	A	CCAGC	ok	False
chr4	125945183	125945184	+	1.5e-05	FDR	302	A	CCAGA	ok	False
chr4	125948881	125948882	+	0.0066	FDR	411	A	TTACC	ok	False
chr4	126599954	126599955	+	1.1e-10	FDR	592	A	GCAGC	ok	False
chr4	126599988	126599989	+	1.2e-23	FDR	676	A	GCATC	ok	False
chr4	126603275	126603276	+	2e-05	FDR	788	A	CCAGA	ok	False
chr4	126603334	126603335	+	1.4e-14	FDR	745	A	GCATC	ok	False
chr4	126603405	126603406	+	4.8e-05	FDR	780	A	CCAGG	ok	False
chr4	126637687	126637688	-	0.0082	FDR	115	T	CCTGC	ok	False
chr4	126637702	126637703	-	0.0017	FDR	109	T	AGTCG	ok	False
chr4	126637737	126637738	-	1.1e-05	FDR	116	T	GATTG	ok	False
chr4	127141380	127141381	+	0.00012	FDR	117	A	GAATG	ok	False
chr4	127249155	127249156	-	0.016	FDR	162	T	ACTCA	ok	False
chr4	127249191	127249192	-	0.0014	FDR	164	T	GATCC	ok	False
chr4	127249202	127249203	-	1.6e-05	FDR	165	T	TCTGG	ok	False
chr4	128904842	128904843	+	0.0011	FDR	289	A	AAAGC	ok	False
chr4	128904986	128904987	+	2.6e-12	FDR	326	A	ACAAA	ok	False
chr4	128905066	128905067	+	1.7e-05	FDR	508	A	ACAAG	ok	False
chr4	129112389	129112390	+	0.011	FDR	181	A	TCACC	ok	False
chr4	129112429	129112430	+	9.1e-12	FDR	228	A	GGACT	ok	True
chr4	129112441	129112442	+	2.2e-05	FDR	234	A	GGACA	ok	True
chr4	129112521	129112522	+	0.00016	FDR	285	A	CCAGC	ok	False
chr4	129112559	129112560	+	1.5e-05	FDR	287	A	TGACT	ok	True
chr4	129112590	129112591	+	0.031	FDR	328	A	ACAGA	ok	False
chr4	129112879	129112880	+	6.8e-22	FDR	431	A	GGACA	ok	True
chr4	129112925	129112926	+	1.8e-18	FDR	473	A	GGACT	ok	True
chr4	129203322	129203323	-	0.049	FDR	906	T	AATTT	ok	False
chr4	129235599	129235600	+	0.019	FDR	137	A	TGAGT	ok	False
chr4	129236957	129236958	+	0.00065	FDR	146	A	CGATC	ok	False
chr4	129238010	129238011	+	0.00097	FDR	136	A	GGAGA	ok	False
chr4	129240599	129240600	+	0.018	FDR	165	A	GAACA	ok	True
chr4	129240616	129240617	+	7.8e-09	FDR	159	A	ATAAC	ok	False
chr4	129240617	129240618	+	6.9e-05	FDR	165	A	TAACG	ok	False
chr4	129240628	129240629	+	7.2e-07	FDR	170	A	GCAAT	ok	False
chr4	129240668	129240669	+	3e-07	FDR	174	A	TGATC	ok	False
chr4	129240683	129240684	+	6.4e-08	FDR	175	A	AAAAT	ok	False
chr4	129240684	129240685	+	0.0015	FDR	175	A	AAATA	ok	False
chr4	129240686	129240687	+	3.9e-08	FDR	173	A	ATACC	ok	False
chr4	129240717	129240718	+	0.037	FDR	174	A	TGATT	ok	False
chr4	129240796	129240797	+	0.032	FDR	158	A	ACATT	ok	False
chr4	129409044	129409045	+	1e-07	FDR	343	A	TGATC	ok	False
chr4	129409058	129409059	+	4.4e-16	FDR	90	A	CAAAA	ok	False
chr4	129409059	129409060	+	2.8e-06	FDR	343	A	AAAAA	ok	False
chr4	129409061	129409062	+	0.0042	FDR	347	A	AAACT	ok	True
chr4	129409092	129409093	+	1.1e-05	FDR	343	A	GGACC	ok	True
chr4	129409122	129409123	+	0.0032	FDR	390	A	CCAGA	ok	False
chr4	129409195	129409196	+	0.022	FDR	438	A	CCATT	ok	False
chr4	129409223	129409224	+	0.0075	FDR	495	A	GAAGA	ok	False
chr4	129409259	129409260	+	1.4e-07	FDR	544	A	TGATG	ok	False
chr4	129409297	129409298	+	0.002	FDR	627	A	CCATC	ok	False
chr4	129409600	129409601	+	0.035	FDR	1155	A	GTAAT	ok	False
chr4	129409601	129409602	+	1.2e-15	FDR	1156	A	TAATG	ok	False
chr4	129410101	129410102	-	0.033	FDR	328	T	CCTAG	ok	False
chr4	129410181	129410182	-	0.031	FDR	303	T	GATTT	ok	False
chr4	129410192	129410193	-	1.8e-15	FDR	405	T	TCTGG	ok	False
chr4	129410281	129410282	-	1.3e-09	FDR	342	T	CCTGT	ok	False
chr4	129488928	129488929	-	0.042	FDR	456	T	ACTGG	ok	False
chr4	129488937	129488938	-	0.013	FDR	437	T	CTTGG	ok	False
chr4	129489079	129489080	-	2.7e-09	FDR	325	T	GATCA	ok	False
chr4	129608821	129608822	-	7e-09	FDR	422	T	GATTC	ok	False
chr4	129608832	129608833	-	1.9e-08	FDR	402	T	CATTC	ok	False
chr4	129608845	129608846	-	3.8e-06	FDR	407	T	TGTCC	ok	True
chr4	129609017	129609018	-	0.0093	FDR	267	T	TTTTA	ok	False
chr4	129609025	129609026	-	0.00092	FDR	251	T	ACTGA	ok	False
chr4	130206121	130206122	+	0.043	FDR	104	A	CCAAG	ok	False
chr4	130206224	130206225	+	6.8e-08	FDR	203	A	CGACG	ok	False
chr4	130208979	130208980	+	0.00017	FDR	250	A	GCAGT	ok	False
chr4	130209239	130209240	+	9.2e-08	FDR	325	A	GCAGA	ok	False
chr4	130210014	130210015	-	0.0017	FDR	137	T	ACTGG	ok	False
chr4	130210028	130210029	-	0.00026	FDR	135	T	CCTGG	ok	False
chr4	130210054	130210055	-	7.3e-08	FDR	115	T	AGTCC	ok	True
chr4	130283453	130283454	+	0.0031	FDR	395	A	CGATG	ok	False
chr4	130283504	130283505	+	0.008	FDR	398	A	GGAGG	ok	False
chr4	130283547	130283548	+	2.5e-16	FDR	436	A	CCAGA	ok	False
chr4	130283589	130283590	+	2.9e-19	FDR	458	A	GGATT	ok	False
chr4	130663243	130663244	+	1.1e-05	FDR	157	A	AGAGT	ok	False
chr4	131913509	131913510	-	0.017	FDR	222	T	AATGC	ok	False
chr4	131913578	131913579	-	5.2e-11	FDR	205	T	AGTAT	ok	False
chr4	131913580	131913581	-	5.8e-07	FDR	217	T	TATAA	ok	False
chr4	131913600	131913601	-	2e-05	FDR	216	T	CATTT	ok	False
chr4	132219455	132219456	-	0.00067	FDR	210	T	CATCG	ok	False
chr4	132260905	132260906	-	2.3e-06	FDR	253	T	GTTGC	ok	False
chr4	132280650	132280651	+	0.002	FDR	440	A	CCAGG	ok	False
chr4	132280782	132280783	+	0.0022	FDR	642	A	ACAGT	ok	False
chr4	132280880	132280881	+	7.4e-10	FDR	628	A	GCAGT	ok	False
chr4	132280919	132280920	+	2.1e-13	FDR	627	A	CGAGG	ok	False
chr4	132280972	132280973	+	6.1e-21	FDR	631	A	CCAGT	ok	False
chr4	132280999	132281000	+	3e-11	FDR	611	A	GCATT	ok	False
chr4	132505282	132505283	+	0.0033	FDR	271	A	GAACT	ok	True
chr4	132505379	132505380	+	0.0053	FDR	393	A	ACAGT	ok	False
chr4	132505399	132505400	+	0.04	FDR	417	A	CCAGG	ok	False
chr4	132505446	132505447	+	5.9e-50	FDR	565	A	CCAGG	ok	False
chr4	132505482	132505483	+	0.0012	FDR	571	A	CCAAG	ok	False
chr4	132554353	132554354	-	0.02	FDR	274	T	AATGG	ok	False
chr4	132554390	132554391	-	6e-10	FDR	280	T	TCTGG	ok	False
chr4	133260075	133260076	-	2.6e-35	FDR	866	T	CTTGG	ok	False
chr4	133260098	133260099	-	7.9e-07	FDR	863	T	GCTGG	ok	False
chr4	133317198	133317199	+	0.035	FDR	108	A	TCACT	ok	False
chr4	133318811	133318812	+	4.5e-11	FDR	141	A	GGACT	ok	True
chr4	133318875	133318876	+	6.5e-17	FDR	132	A	GGACT	ok	True
chr4	133318969	133318970	+	0.047	FDR	164	A	GGACC	ok	True
chr4	133318977	133318978	+	5.2e-11	FDR	176	A	GGATT	ok	False
chr4	133328006	133328007	-	1.6e-23	FDR	254	T	AGTCC	ok	True
chr4	133328011	133328012	-	3.3e-16	FDR	443	T	AGTTC	ok	True
chr4	133328177	133328178	-	9.5e-09	FDR	446	T	CCTGG	ok	False
chr4	133328259	133328260	-	8.4e-15	FDR	353	T	AGTCC	ok	True
chr4	133328282	133328283	-	0.00054	FDR	390	T	TCTGC	ok	False
chr4	133328404	133328405	-	0.00013	FDR	308	T	GTTGT	ok	False
chr4	133328448	133328449	-	8.2e-07	FDR	232	T	AGTCC	ok	True
chr4	133328509	133328510	-	0.027	FDR	226	T	GATGG	ok	False
chr4	133328524	133328525	-	0.0032	FDR	192	T	GCTGT	ok	False
chr4	133692105	133692106	-	0.0062	FDR	233	T	GGTAT	ok	False
chr4	133692183	133692184	-	0.00018	FDR	241	T	AATCA	ok	False
chr4	133692774	133692775	-	0.0016	FDR	93	T	TATAA	ok	False
chr4	133692821	133692822	-	1.1e-06	FDR	84	T	AGTAC	ok	False
chr4	133692828	133692829	-	3.8e-05	FDR	87	T	AGTTA	ok	True
chr4	133693284	133693285	-	0.0023	FDR	80	T	ATTTT	ok	False
chr4	133693295	133693296	-	1.6e-14	FDR	79	T	GATTA	ok	False
chr4	133693331	133693332	-	0.00059	FDR	76	T	TCTTC	ok	False
chr4	133693347	133693348	-	0.017	FDR	69	T	CTTCT	ok	False
chr4	133693351	133693352	-	2.8e-05	FDR	71	T	TCTCC	ok	False
chr4	133730757	133730758	-	0.049	FDR	143	T	AGTAA	ok	False
chr4	133730801	133730802	-	0.0091	FDR	222	T	GGTCA	ok	True
chr4	133854745	133854746	-	2.2e-07	FDR	433	T	TGTCT	ok	True
chr4	133854815	133854816	-	1.2e-27	FDR	445	T	AATGC	ok	False
chr4	133854873	133854874	-	3.2e-11	FDR	417	T	CATCG	ok	False
chr4	133854930	133854931	-	3.6e-11	FDR	455	T	TCTGG	ok	False
chr4	133854968	133854969	-	4.1e-08	FDR	447	T	TCTGG	ok	False
chr4	133855073	133855074	-	1.2e-16	FDR	338	T	CCTGC	ok	False
chr4	133855266	133855267	-	2.7e-06	FDR	262	T	GGTAG	ok	False
chr4	133855392	133855393	-	0.00066	FDR	210	T	CTTGA	ok	False
chr4	133972127	133972128	-	0.0024	FDR	197	T	TATCA	ok	False
chr4	133972143	133972144	-	0.0012	FDR	193	T	TGTGG	ok	False
chr4	133972362	133972363	-	0.027	FDR	166	T	AATGG	ok	False
chr4	134200178	134200179	+	0.0041	FDR	285	A	CCAGA	ok	False
chr4	134200186	134200187	+	1.9e-09	FDR	282	A	CCATC	ok	False
chr4	134200259	134200260	+	0.0042	FDR	334	A	GAACC	ok	True
chr4	134200282	134200283	+	0.017	FDR	354	A	CCAAG	ok	False
chr4	134200649	134200650	+	0.00022	FDR	360	A	GCACG	ok	False
chr4	134200672	134200673	+	4.4e-18	FDR	352	A	ACAAA	ok	False
chr4	134200756	134200757	+	6.2e-07	FDR	412	A	ATATC	ok	False
chr4	134200764	134200765	+	7e-06	FDR	344	A	AGACT	ok	True
chr4	134200776	134200777	+	0.039	FDR	448	A	CCAGT	ok	False
chr4	134200842	134200843	+	2e-31	FDR	634	A	CCAGA	ok	False
chr4	134625247	134625248	-	0.00059	FDR	209	T	TTTGG	ok	False
chr4	134625361	134625362	-	3.6e-06	FDR	207	T	CCTGG	ok	False
chr4	135664286	135664287	+	0.012	FDR	120	A	AAATG	ok	False
chr4	135664318	135664319	+	0.0027	FDR	120	A	CGACC	ok	False
chr4	135666401	135666402	+	0.0017	FDR	107	A	CTAGA	ok	False
chr4	135666427	135666428	+	0.00047	FDR	122	A	GGATC	ok	False
chr4	135777278	135777279	-	9.5e-07	FDR	2095	T	TATTA	ok	False
chr4	135779016	135779017	-	1.4e-10	FDR	1892	T	CCTGA	ok	False
chr4	135779895	135779896	-	4.7e-69	FDR	1870	T	GGTCT	ok	True
chr4	135779897	135779898	-	4.6e-32	FDR	1870	T	TCTGG	ok	False
chr4	135998667	135998668	+	0.00038	FDR	177	A	GAAGA	ok	False
chr4	135998678	135998679	+	2.2e-06	FDR	176	A	GTACC	ok	False
chr4	136002134	136002135	+	0.0059	FDR	144	A	TGAAG	ok	False
chr4	137047040	137047041	-	0.0002	FDR	503	T	TCTGA	ok	False
chr4	137047110	137047111	-	0.012	FDR	502	T	GATCA	ok	False
chr4	137047289	137047290	-	1.4e-08	FDR	451	T	GATAG	ok	False
chr4	137047295	137047296	-	1.3e-11	FDR	448	T	CCTGA	ok	False
chr4	137047409	137047410	-	2e-06	FDR	284	T	GATGT	ok	False
chr4	137469205	137469206	-	2.3e-54	FDR	623	T	AGTCT	ok	True
chr4	137469277	137469278	-	2e-35	FDR	716	T	CCTGG	ok	False
chr4	137469478	137469479	-	5.6e-07	FDR	372	T	GGTAG	ok	False
chr4	137469502	137469503	-	3.5e-09	FDR	359	T	AATCT	ok	False
chr4	138039149	138039150	+	1.4e-05	FDR	304	A	TCAGT	ok	False
chr4	138039199	138039200	+	1.9e-09	FDR	337	A	CTATC	ok	False
chr4	138039297	138039298	+	0.001	FDR	465	A	CCAGA	ok	False
chr4	138039428	138039429	+	6.3e-11	FDR	466	A	GCAGG	ok	False
chr4	138039587	138039588	+	1.8e-06	FDR	67	A	GGACA	ok	True
chr4	138039717	138039718	+	6.3e-06	FDR	114	A	GGAAA	ok	False
chr4	138039718	138039719	+	0.00039	FDR	119	A	GAAAG	ok	False
chr4	138039850	138039851	+	0.00067	FDR	117	A	GTATT	ok	False
chr4	139045423	139045424	+	1.5e-06	FDR	118	A	TCATC	ok	False
chr4	139045558	139045559	+	0.0078	FDR	148	A	TCAGA	ok	False
chr4	139045609	139045610	+	0.0062	FDR	126	A	GGAGG	ok	False
chr4	139074813	139074814	-	5.4e-19	FDR	430	T	CATTC	ok	False
chr4	139074885	139074886	-	5.6e-09	FDR	373	T	AGTCC	ok	True
chr4	139074913	139074914	-	7.1e-07	FDR	365	T	GGTGT	ok	False
chr4	139074926	139074927	-	0.034	FDR	422	T	GATGA	ok	False
chr4	139074966	139074967	-	1.2e-05	FDR	427	T	AGTCA	ok	True
chr4	139074973	139074974	-	6.8e-06	FDR	425	T	TGTCA	ok	True
chr4	139075027	139075028	-	0.019	FDR	410	T	CATCG	ok	False
chr4	139075047	139075048	-	0.018	FDR	410	T	CGTCC	ok	False
chr4	139075079	139075080	-	3.2e-05	FDR	343	T	GATCA	ok	False
chr4	139075102	139075103	-	0.004	FDR	325	T	CATAC	ok	False
chr4	140703514	140703515	+	0.027	FDR	362	A	GCAGT	ok	False
chr4	140704712	140704713	+	0.02	FDR	432	A	CCAGA	ok	False
chr4	141056560	141056561	+	2.4e-08	FDR	197	A	TCAGT	ok	False
chr4	141056609	141056610	+	0.0016	FDR	189	A	GAACC	ok	True
chr4	141056622	141056623	+	0.00073	FDR	190	A	TTATT	ok	False
chr4	141056637	141056638	+	0.00011	FDR	186	A	TTATT	ok	False
chr4	145430774	145430775	+	0.0014	FDR	49	A	GTACT	ok	False
chr4	145430809	145430810	+	4.8e-06	FDR	52	A	AGACT	ok	True
chr4	146547973	146547974	+	0.038	FDR	232	A	AGAAG	ok	False
chr4	146548876	146548877	+	0.015	FDR	278	A	CAAGG	ok	False
chr4	146550448	146550449	+	0.033	FDR	292	A	GCATA	ok	False
chr4	146550476	146550477	+	0.0018	FDR	345	A	GGATC	ok	False
chr4	146550479	146550480	+	0.0013	FDR	341	A	TCAAG	ok	False
chr4	146550488	146550489	+	0.03	FDR	345	A	CCAGT	ok	False
chr4	146550504	146550505	+	5.9e-09	FDR	321	A	GAACA	ok	True
chr4	146550539	146550540	+	0.00062	FDR	334	A	GGACA	ok	True
chr4	146550556	146550557	+	6e-09	FDR	331	A	TGATA	ok	False
chr4	146550577	146550578	+	2.1e-12	FDR	325	A	GTACA	ok	False
chr4	147669351	147669352	+	0.00028	FDR	211	A	CAATC	ok	False
chr4	147669372	147669373	+	4.5e-08	FDR	209	A	AAACT	ok	True
chr4	147669540	147669541	+	0.00012	FDR	245	A	CAAAT	ok	False
chr4	148164432	148164433	-	0.03	FDR	172	T	TTTTT	ok	False
chr4	148164433	148164434	-	0.0087	FDR	172	T	TTTTA	ok	False
chr4	148164434	148164435	-	0.024	FDR	167	T	TTTAA	ok	False
chr4	148164446	148164447	-	4e-05	FDR	171	T	ACTCT	ok	False
chr4	148164448	148164449	-	0.0066	FDR	171	T	TCTGA	ok	False
chr4	148164472	148164473	-	0.046	FDR	172	T	ACTGC	ok	False
chr4	148164532	148164533	-	0.0012	FDR	173	T	CTTTG	ok	False
chr4	148164553	148164554	-	0.047	FDR	172	T	GCTGA	ok	False
chr4	148164795	148164796	-	0.015	FDR	167	T	ACTGA	ok	False
chr4	148678400	148678401	+	1.8e-05	FDR	348	A	GCATT	ok	False
chr4	148678410	148678411	+	0.0072	FDR	367	A	CTATC	ok	False
chr4	148678593	148678594	+	3e-09	FDR	566	A	AGATG	ok	False
chr4	148678750	148678751	+	0.014	FDR	899	A	CAATG	ok	False
chr4	148678853	148678854	+	7.7e-23	FDR	1087	A	CCAGA	ok	False
chr4	148678945	148678946	+	2.9e-34	FDR	974	A	GGACT	ok	True
chr4	148701335	148701336	-	4.9e-06	FDR	940	T	GTTTT	ok	False
chr4	148701369	148701370	-	0.0051	FDR	997	T	TATAA	ok	False
chr4	148701414	148701415	-	8.4e-11	FDR	995	T	CATTC	ok	False
chr4	148701424	148701425	-	2.7e-14	FDR	1006	T	AATAG	ok	False
chr4	148701444	148701445	-	0.0032	FDR	992	T	ACTTC	ok	False
chr4	148701452	148701453	-	1.1e-06	FDR	997	T	CCTTC	ok	False
chr4	148701453	148701454	-	8.5e-07	FDR	1007	T	CTTCT	ok	False
chr4	148701495	148701496	-	0.00014	FDR	929	T	AGTTC	ok	True
chr4	148701496	148701497	-	0.0048	FDR	977	T	GTTCT	ok	False
chr4	148701524	148701525	-	0.0051	FDR	859	T	AGTCC	ok	True
chr4	148701528	148701529	-	3.4e-13	FDR	915	T	CATGT	ok	False
chr4	148701531	148701532	-	6.6e-05	FDR	997	T	GTTCG	ok	False
chr4	148701551	148701552	-	0.0033	FDR	948	T	AGTTC	ok	True
chr4	148701599	148701600	-	4.1e-05	FDR	836	T	CATAC	ok	False
chr4	148701642	148701643	-	0.016	FDR	812	T	AGTAT	ok	False
chr4	148701651	148701652	-	7.2e-21	FDR	803	T	CTTAA	ok	False
chr4	148701658	148701659	-	9.9e-15	FDR	776	T	CATTC	ok	False
chr4	148701659	148701660	-	7.8e-29	FDR	784	T	ATTCA	ok	False
chr4	148701826	148701827	-	1.9e-07	FDR	381	T	CATTT	ok	False
chr4	148701904	148701905	-	0.011	FDR	348	T	AATCC	ok	False
chr4	148701926	148701927	-	1.3e-10	FDR	341	T	GTTCA	ok	False
chr4	148702024	148702025	-	1.8e-05	FDR	363	T	CGTCA	ok	False
chr4	148702103	148702104	-	0.021	FDR	271	T	AATAT	ok	False
chr4	149213111	149213112	-	0.03	FDR	118	T	AATGA	ok	False
chr4	149234773	149234774	-	2.7e-09	FDR	292	T	GGTCC	ok	True
chr4	149234779	149234780	-	1.2e-14	FDR	312	T	CGTCC	ok	False
chr4	149234827	149234828	-	7.9e-07	FDR	281	T	GCTGC	ok	False
chr4	149733132	149733133	+	5.1e-06	FDR	159	A	ACATC	ok	False
chr4	149733277	149733278	+	0.023	FDR	188	A	GCAGG	ok	False
chr4	150332994	150332995	+	6.3e-05	FDR	4483	A	GGAAC	ok	False
chr4	150333057	150333058	+	0.05	FDR	5685	A	CTATC	ok	False
chr4	150333149	150333150	+	0.031	FDR	5706	A	GAATC	ok	False
chr4	150333175	150333176	+	1e-06	FDR	5672	A	CAATC	ok	False
chr4	150333193	150333194	+	3.4e-07	FDR	5684	A	GAATC	ok	False
chr4	150333196	150333197	+	0.034	FDR	5553	A	TCATT	ok	False
chr4	150981619	150981620	-	0.028	FDR	1548	T	ATTCT	ok	False
chr4	150981642	150981643	-	3.7e-14	FDR	1522	T	CATAC	ok	False
chr4	150981698	150981699	-	2.2e-10	FDR	1563	T	GGTTC	ok	True
chr4	150981733	150981734	-	6.4e-24	FDR	1357	T	AATGC	ok	False
chr4	150981771	150981772	-	1.4e-08	FDR	1404	T	AGTCT	ok	True
chr4	152065567	152065568	+	2.6e-06	FDR	282	A	AGACG	ok	False
chr4	154242024	154242025	-	2e-11	FDR	227	T	CATGG	ok	False
chr4	154242185	154242186	-	0.0032	FDR	214	T	TCTGT	ok	False
chr4	155815821	155815822	+	0.043	FDR	281	A	ATAAA	ok	False
chr4	155818112	155818113	+	0.0014	FDR	515	A	ATATT	ok	False
chr4	155825115	155825116	-	0.00024	FDR	209	T	GTTTT	ok	False
chr4	155825277	155825278	-	6.7e-13	FDR	124	T	TGTCC	ok	True
chr4	155825314	155825315	-	6e-06	FDR	213	T	GGTCC	ok	True
chr4	155825330	155825331	-	6.6e-15	FDR	132	T	AGTCC	ok	True
chr4	155825397	155825398	-	0.0042	FDR	181	T	TGTAG	ok	False
chr4	155893039	155893040	+	0.0014	FDR	553	A	GGATT	ok	False
chr4	155893155	155893156	+	3e-15	FDR	472	A	GGACT	ok	True
chr4	155916870	155916871	+	0.024	FDR	276	A	ACAGT	ok	False
chr4	155916918	155916919	+	2.9e-05	FDR	326	A	AGAGG	ok	False
chr4	155917060	155917061	+	3e-06	FDR	487	A	CGAAT	ok	False
chr4	155917061	155917062	+	5.2e-06	FDR	502	A	GAATG	ok	False
chr4	155917152	155917153	+	3.2e-11	FDR	557	A	AGATC	ok	False
chr4	155917170	155917171	+	2e-27	FDR	465	A	TGAAC	ok	False
chr4	155917171	155917172	+	1.1e-17	FDR	399	A	GAACC	ok	True
chr4	155917203	155917204	+	4.7e-18	FDR	572	A	GGACC	ok	True
chr4	155917214	155917215	+	0.034	FDR	552	A	CTACG	ok	False
chr4	155917432	155917433	+	1.7e-09	FDR	570	A	CTACC	ok	False
chr4	155917444	155917445	+	0.047	FDR	563	A	CAAAT	ok	False
chr4	155917496	155917497	+	0.032	FDR	546	A	ATAAT	ok	False
chr4	155973100	155973101	+	0.014	FDR	146	A	TCACA	ok	False
chr4	155973147	155973148	+	0.0053	FDR	171	A	GTATC	ok	False
chr5	22007564	22007565	+	0.016	FDR	44	A	ACAAA	ok	False
chr5	22008129	22008130	+	0.00071	FDR	338	A	TCATC	ok	False
chr5	22008643	22008644	+	1.1e-05	FDR	666	A	TAAGG	ok	False
chr5	24044690	24044691	-	8.9e-06	FDR	967	T	AATCA	ok	False
chr5	24770506	24770507	-	2.5e-09	FDR	413	T	CATCA	ok	False
chr5	24770537	24770538	-	5.7e-10	FDR	409	T	AATCC	ok	False
chr5	24770583	24770584	-	0.00011	FDR	393	T	GGTAC	ok	False
chr5	24770612	24770613	-	1e-18	FDR	396	T	GGTAA	ok	False
chr5	24770648	24770649	-	4.7e-15	FDR	353	T	AGTCC	ok	True
chr5	24770766	24770767	-	0.0019	FDR	253	T	AGTGC	ok	False
chr5	24770774	24770775	-	3.6e-06	FDR	275	T	AGTGC	ok	False
chr5	28283354	28283355	+	0.039	FDR	116	A	AGAAA	ok	False
chr5	28283388	28283389	+	0.014	FDR	127	A	GTATA	ok	False
chr5	28283461	28283462	+	0.0013	FDR	139	A	GAATC	ok	False
chr5	28283493	28283494	+	2.4e-12	FDR	134	A	GCAGT	ok	False
chr5	28283568	28283569	+	0.0051	FDR	129	A	GAACA	ok	True
chr5	29971758	29971759	+	6e-08	FDR	261	A	GCATG	ok	False
chr5	29971827	29971828	+	7.2e-06	FDR	286	A	CCAGA	ok	False
chr5	29971851	29971852	+	7.9e-15	FDR	284	A	CAATT	ok	False
chr5	29971862	29971863	+	1.2e-07	FDR	284	A	TCAGT	ok	False
chr5	29991327	29991328	+	0.00089	FDR	165	A	GAATG	ok	False
chr5	30268324	30268325	-	0.00068	FDR	276	T	TCTGG	ok	False
chr5	30324464	30324465	-	0.039	FDR	266	T	TTTGG	ok	False
chr5	30324513	30324514	-	0.00046	FDR	264	T	TCTGG	ok	False
chr5	30324628	30324629	-	0.049	FDR	253	T	AGTTA	ok	True
chr5	30324629	30324630	-	0.013	FDR	262	T	GTTAA	ok	False
chr5	30324639	30324640	-	3.2e-05	FDR	215	T	AGTCA	ok	True
chr5	30324816	30324817	-	0.021	FDR	154	T	ACTGG	ok	False
chr5	30830761	30830762	+	3e-06	FDR	413	A	GGACT	ok	True
chr5	30831458	30831459	+	1.8e-11	FDR	348	A	ATACT	ok	False
chr5	30831465	30831466	+	0.00016	FDR	443	A	CTACA	ok	False
chr5	30831480	30831481	+	4.8e-09	FDR	515	A	AAAAC	ok	False
chr5	30831481	30831482	+	4e-07	FDR	529	A	AAACT	ok	True
chr5	30831495	30831496	+	0.00013	FDR	516	A	GGAGA	ok	False
chr5	30831500	30831501	+	7.5e-21	FDR	544	A	AGACT	ok	True
chr5	30831517	30831518	+	2.7e-16	FDR	543	A	CGACA	ok	False
chr5	30831519	30831520	+	0.0041	FDR	553	A	ACACA	ok	False
chr5	30831574	30831575	+	1.1e-17	FDR	567	A	CAATT	ok	False
chr5	30831619	30831620	+	3.8e-09	FDR	544	A	ACACC	ok	False
chr5	30831644	30831645	+	2.6e-05	FDR	565	A	TTATT	ok	False
chr5	30831649	30831650	+	4.4e-06	FDR	552	A	TCACT	ok	False
chr5	30831669	30831670	+	4.2e-08	FDR	558	A	GCATC	ok	False
chr5	30831691	30831692	+	4.5e-07	FDR	537	A	GTACT	ok	False
chr5	30831716	30831717	+	1.5e-05	FDR	463	A	GAAAA	ok	False
chr5	31063879	31063880	-	0.026	FDR	301	T	TATCT	ok	False
chr5	31064000	31064001	-	4.9e-13	FDR	321	T	TTTGG	ok	False
chr5	31064025	31064026	-	0.0077	FDR	270	T	TTTGT	ok	False
chr5	31064083	31064084	-	0.00069	FDR	305	T	CATCT	ok	False
chr5	31064768	31064769	-	2.1e-07	FDR	305	T	CATTC	ok	False
chr5	31064778	31064779	-	0.0091	FDR	278	T	TCTTG	ok	False
chr5	31064792	31064793	-	0.0018	FDR	287	T	ACTGC	ok	False
chr5	31064862	31064863	-	0.0047	FDR	249	T	GCTGC	ok	False
chr5	31064875	31064876	-	1e-06	FDR	247	T	GATCA	ok	False
chr5	31235284	31235285	+	0.023	FDR	260	A	GAAGA	ok	False
chr5	31235612	31235613	+	2.4e-06	FDR	358	A	GCAGC	ok	False
chr5	31235712	31235713	+	0.014	FDR	358	A	TAACT	ok	True
chr5	31235781	31235782	+	2.1e-12	FDR	357	A	GTACA	ok	False
chr5	31668530	31668531	+	7.4e-10	FDR	277	A	GAACT	ok	True
chr5	31668579	31668580	+	3.6e-12	FDR	301	A	AGACG	ok	False
chr5	31668588	31668589	+	4.3e-11	FDR	196	A	GGACC	ok	True
chr5	31668736	31668737	+	0.0001	FDR	310	A	TGACT	ok	True
chr5	31771341	31771342	+	1.1e-07	FDR	185	A	GGACC	ok	True
chr5	31773785	31773786	+	0.0077	FDR	297	A	GAAGC	ok	False
chr5	31773822	31773823	+	0.00011	FDR	308	A	TGATC	ok	False
chr5	31779848	31779849	+	0.00072	FDR	330	A	CAATG	ok	False
chr5	31779899	31779900	+	0.00013	FDR	334	A	ACAGA	ok	False
chr5	32214997	32214998	+	4.7e-12	FDR	111	A	CCAAG	ok	False
chr5	32242042	32242043	+	0.0028	FDR	188	A	TCAGC	ok	False
chr5	32242214	32242215	+	0.0013	FDR	191	A	TTAGA	ok	False
chr5	32649774	32649775	+	0.00022	FDR	210	A	ACACT	ok	False
chr5	32649807	32649808	+	0.023	FDR	201	A	TGAAC	ok	False
chr5	32649874	32649875	+	0.00017	FDR	257	A	TTACC	ok	False
chr5	32649879	32649880	+	0.037	FDR	270	A	ATAGA	ok	False
chr5	32649948	32649949	+	1.8e-07	FDR	262	A	TGACA	ok	True
chr5	32649957	32649958	+	0.0019	FDR	255	A	ATATT	ok	False
chr5	32649965	32649966	+	1.1e-07	FDR	246	A	GCAAG	ok	False
chr5	32649969	32649970	+	0.00072	FDR	229	A	GTAAC	ok	False
chr5	32650006	32650007	+	2.3e-05	FDR	268	A	AAAAT	ok	False
chr5	32650007	32650008	+	3.5e-09	FDR	266	A	AAATG	ok	False
chr5	32650078	32650079	+	0.00057	FDR	232	A	GTAAA	ok	False
chr5	32844197	32844198	+	1.4e-05	FDR	123	A	ACATT	ok	False
chr5	33185013	33185014	+	2.6e-16	FDR	382	A	TAAAC	ok	False
chr5	33185014	33185015	+	3.1e-15	FDR	390	A	AAACT	ok	True
chr5	33185248	33185249	+	1.1e-05	FDR	608	A	CCAGA	ok	False
chr5	33405428	33405429	-	2.2e-15	FDR	253	T	CCTGA	ok	False
chr5	33405496	33405497	-	3.4e-05	FDR	194	T	ACTGA	ok	False
chr5	33405504	33405505	-	5e-05	FDR	184	T	GCTGA	ok	False
chr5	33530340	33530341	+	0.047	FDR	156	A	CCAGC	ok	False
chr5	33530391	33530392	+	0.0035	FDR	113	A	GGACT	ok	True
chr5	33530428	33530429	+	0.0079	FDR	163	A	GTAGT	ok	False
chr5	33530500	33530501	+	0.00027	FDR	165	A	CAAAA	ok	False
chr5	33530604	33530605	+	0.043	FDR	156	A	GTAAA	ok	False
chr5	33899680	33899681	-	0.0055	FDR	99	T	GATTT	ok	False
chr5	33899742	33899743	-	0.042	FDR	106	T	TGTGT	ok	False
chr5	33899922	33899923	-	0.00019	FDR	109	T	GATCT	ok	False
chr5	34311322	34311323	-	0.0062	FDR	126	T	TTTCC	ok	False
chr5	34796255	34796256	-	0.00013	FDR	278	T	GCTGC	ok	False
chr5	34796368	34796369	-	0.031	FDR	268	T	CCTTG	ok	False
chr5	34796552	34796553	-	1.8e-06	FDR	257	T	ACTGC	ok	False
chr5	35248984	35248985	-	8.4e-05	FDR	62	T	ACTGT	ok	False
chr5	35250338	35250339	-	2e-12	FDR	322	T	TGTAT	ok	False
chr5	35250422	35250423	-	6.5e-29	FDR	333	T	AGTCC	ok	True
chr5	35250427	35250428	-	1.6e-40	FDR	381	T	AGTCC	ok	True
chr5	35250503	35250504	-	5.1e-21	FDR	382	T	AGTCC	ok	True
chr5	35250661	35250662	-	0.0012	FDR	340	T	TCTGG	ok	False
chr5	35252296	35252297	-	1.7e-11	FDR	205	T	TCTGG	ok	False
chr5	35252320	35252321	-	3.1e-05	FDR	195	T	TCTGG	ok	False
chr5	36628482	36628483	+	3.2e-05	FDR	162	A	TCAGC	ok	False
chr5	36628542	36628543	+	7.3e-05	FDR	205	A	AGATT	ok	False
chr5	36628613	36628614	+	6.3e-09	FDR	251	A	GAACA	ok	True
chr5	36628618	36628619	+	0.034	FDR	251	A	TGAGG	ok	False
chr5	36628766	36628767	+	1.2e-36	FDR	325	A	GGACT	ok	True
chr5	36628832	36628833	+	2.5e-14	FDR	400	A	TGACC	ok	True
chr5	36628902	36628903	+	1.4e-15	FDR	379	A	GGACT	ok	True
chr5	36628924	36628925	+	0.041	FDR	401	A	GAATT	ok	False
chr5	36952411	36952412	-	9.1e-46	FDR	975	T	GGTCC	ok	True
chr5	36952678	36952679	-	4.4e-17	FDR	540	T	AGTCC	ok	True
chr5	36952728	36952729	-	0.00011	FDR	376	T	AGTCC	ok	True
chr5	36952753	36952754	-	0.027	FDR	436	T	ACTGT	ok	False
chr5	36952769	36952770	-	8.3e-08	FDR	429	T	TCTGG	ok	False
chr5	36952851	36952852	-	0.019	FDR	358	T	ACTCT	ok	False
chr5	36952972	36952973	-	1.5e-08	FDR	249	T	ACTGC	ok	False
chr5	45666827	45666828	+	0.00018	FDR	373	A	CAATT	ok	False
chr5	45669465	45669466	+	5.3e-57	FDR	772	A	ATATT	ok	False
chr5	45669691	45669692	+	4.3e-06	FDR	233	A	ACAAA	ok	False
chr5	45669728	45669729	+	0.0025	FDR	272	A	GCATT	ok	False
chr5	45669818	45669819	+	0.0019	FDR	305	A	AAACC	ok	True
chr5	45669838	45669839	+	0.039	FDR	304	A	AAAAC	ok	False
chr5	45669986	45669987	+	1.3e-05	FDR	300	A	CAATG	ok	False
chr5	45682522	45682523	+	0.036	FDR	179	A	GCAGC	ok	False
chr5	45682594	45682595	+	3.6e-05	FDR	197	A	CAATG	ok	False
chr5	45682631	45682632	+	0.031	FDR	226	A	GGATC	ok	False
chr5	45682730	45682731	+	0.0069	FDR	244	A	AGACA	ok	True
chr5	45682746	45682747	+	3.6e-23	FDR	255	A	AGACC	ok	True
chr5	45682764	45682765	+	6.3e-34	FDR	223	A	GGACT	ok	True
chr5	45682787	45682788	+	9.6e-05	FDR	250	A	GTATC	ok	False
chr5	45682790	45682791	+	2.3e-07	FDR	255	A	TCAGT	ok	False
chr5	45682825	45682826	+	2.9e-05	FDR	255	A	TTATG	ok	False
chr5	45682884	45682885	+	0.033	FDR	252	A	TAAAC	ok	False
chr5	45682893	45682894	+	0.0064	FDR	254	A	GAATA	ok	False
chr5	45682907	45682908	+	0.0018	FDR	240	A	AAACC	ok	True
chr5	65545768	65545769	-	8.4e-23	FDR	2634	T	CGTTT	ok	False
chr5	65548171	65548172	-	0.00036	FDR	1492	T	ACTGT	ok	False
chr5	66841071	66841072	+	0.00043	FDR	246	A	CAACG	ok	False
chr5	66844285	66844286	+	0.0061	FDR	430	A	AGAAC	ok	False
chr5	66844286	66844287	+	8.4e-09	FDR	432	A	GAACC	ok	True
chr5	66844551	66844552	+	0.0097	FDR	445	A	GAATA	ok	False
chr5	66844556	66844557	+	1.8e-15	FDR	438	A	AAACT	ok	True
chr5	88703409	88703410	+	1.7e-09	FDR	158	A	GAAAC	ok	False
chr5	88703460	88703461	+	0.011	FDR	164	A	AAAGA	ok	False
chr5	88703601	88703602	+	0.019	FDR	227	A	AGAGT	ok	False
chr5	88703738	88703739	+	1.1e-06	FDR	266	A	CCAGA	ok	False
chr5	92563618	92563619	-	1.7e-05	FDR	117	T	GATTT	ok	False
chr5	92563619	92563620	-	3.7e-08	FDR	125	T	ATTTT	ok	False
chr5	92563620	92563621	-	0.024	FDR	143	T	TTTTC	ok	False
chr5	93329830	93329831	-	0.0067	FDR	193	T	TATCA	ok	False
chr5	93329962	93329963	-	0.01	FDR	182	T	GGTAA	ok	False
chr5	93330054	93330055	-	0.004	FDR	155	T	GATCA	ok	False
chr5	100182679	100182680	-	8.4e-10	FDR	449	T	GGTAG	ok	False
chr5	100182760	100182761	-	0.023	FDR	403	T	AGTCT	ok	True
chr5	100182765	100182766	-	1.7e-05	FDR	470	T	TTTAC	ok	False
chr5	100182775	100182776	-	6.2e-25	FDR	474	T	AATCA	ok	False
chr5	100182785	100182786	-	1.8e-14	FDR	468	T	GGTCA	ok	True
chr5	100184398	100184399	-	0.00015	FDR	253	T	AATCA	ok	False
chr5	100216386	100216387	+	0.032	FDR	136	A	TTATC	ok	False
chr5	100216466	100216467	+	0.026	FDR	134	A	CTATT	ok	False
chr5	100216486	100216487	+	0.00014	FDR	136	A	GCACA	ok	False
chr5	100695386	100695387	+	0.02	FDR	330	A	TTAGA	ok	False
chr5	100695492	100695493	+	5e-09	FDR	342	A	GAACT	ok	True
chr5	100695524	100695525	+	5e-10	FDR	345	A	TTAAG	ok	False
chr5	100695570	100695571	+	2.5e-06	FDR	351	A	GTAGT	ok	False
chr5	100695578	100695579	+	0.014	FDR	289	A	GTAAA	ok	False
chr5	100695624	100695625	+	0.0031	FDR	343	A	AAACG	ok	False
chr5	100947447	100947448	+	1.7e-07	FDR	179	A	ACAGT	ok	False
chr5	100949809	100949810	+	0.0024	FDR	204	A	TTAAG	ok	False
chr5	100952207	100952208	+	1.9e-10	FDR	231	A	CCAGT	ok	False
chr5	100952218	100952219	+	1e-07	FDR	235	A	CAAGG	ok	False
chr5	104137894	104137895	-	0.00012	FDR	95	T	AGTCC	ok	True
chr5	104213081	104213082	+	4.5e-06	FDR	72	A	TGAAA	ok	False
chr5	104213096	104213097	+	1.1e-07	FDR	126	A	CGATG	ok	False
chr5	104213141	104213142	+	0.028	FDR	91	A	AGACT	ok	True
chr5	108256754	108256755	+	4.2e-05	FDR	184	A	GAATG	ok	False
chr5	108256800	108256801	+	0.046	FDR	187	A	TCAGT	ok	False
chr5	108256807	108256808	+	0.015	FDR	187	A	GTATT	ok	False
chr5	108581924	108581925	-	8.1e-10	FDR	948	T	GATCA	ok	False
chr5	110577748	110577749	-	0.021	FDR	138	T	TATAA	ok	False
chr5	110577800	110577801	-	0.00041	FDR	194	T	AATTC	ok	False
chr5	110577861	110577862	-	0.0021	FDR	186	T	GGTAC	ok	False
chr5	110577941	110577942	-	1.6e-22	FDR	171	T	AGTGT	ok	False
chr5	110577943	110577944	-	2.3e-25	FDR	172	T	TGTCC	ok	True
chr5	110577951	110577952	-	1.4e-08	FDR	196	T	GCTCT	ok	False
chr5	110578090	110578091	-	1.2e-05	FDR	141	T	GATGT	ok	False
chr5	110578092	110578093	-	0.028	FDR	118	T	TGTCT	ok	True
chr5	110932680	110932681	-	0.00014	FDR	173	T	TGTAC	ok	False
chr5	113916091	113916092	+	0.014	FDR	118	A	TTACA	ok	False
chr5	113916168	113916169	+	4.2e-15	FDR	106	A	GGACT	ok	True
chr5	113916212	113916213	+	0.00011	FDR	124	A	GGACT	ok	True
chr5	113916218	113916219	+	5.7e-05	FDR	131	A	GTACC	ok	False
chr5	113916262	113916263	+	0.0036	FDR	126	A	CTATC	ok	False
chr5	114807482	114807483	-	0.0033	FDR	145	T	GATTT	ok	False
chr5	115236530	115236531	+	0.033	FDR	113	A	GCAGG	ok	False
chr5	115236791	115236792	+	1.6e-06	FDR	119	A	AGACT	ok	True
chr5	115260741	115260742	-	1.8e-05	FDR	117	T	AATAG	ok	False
chr5	115281148	115281149	-	0.0011	FDR	185	T	GATGG	ok	False
chr5	115285466	115285467	-	0.0014	FDR	145	T	CTTGG	ok	False
chr5	115285480	115285481	-	1.4e-05	FDR	141	T	ACTGC	ok	False
chr5	115376281	115376282	+	0.00011	FDR	176	A	CGATC	ok	False
chr5	115376334	115376335	+	0.015	FDR	184	A	GCAGG	ok	False
chr5	115378260	115378261	+	3.8e-05	FDR	214	A	CGATG	ok	False
chr5	115378541	115378542	+	7.6e-16	FDR	346	A	AGAAC	ok	False
chr5	115378560	115378561	+	0.04	FDR	361	A	TGATC	ok	False
chr5	115378564	115378565	+	0.0097	FDR	363	A	CCAGT	ok	False
chr5	115378605	115378606	+	0.013	FDR	354	A	GCACT	ok	False
chr5	115378797	115378798	+	0.00028	FDR	451	A	GAAGC	ok	False
chr5	115378839	115378840	+	0.00012	FDR	349	A	GGACA	ok	True
chr5	115378841	115378842	+	1.7e-08	FDR	421	A	ACATT	ok	False
chr5	115378862	115378863	+	3.4e-32	FDR	453	A	GCATC	ok	False
chr5	115378887	115378888	+	1e-35	FDR	418	A	TGACT	ok	True
chr5	115378891	115378892	+	0.0011	FDR	454	A	TGATA	ok	False
chr5	115378893	115378894	+	8.8e-05	FDR	400	A	ATAAC	ok	False
chr5	115378946	115378947	+	1.2e-50	FDR	448	A	GCATC	ok	False
chr5	115378986	115378987	+	0.00014	FDR	444	A	GTAAC	ok	False
chr5	115436484	115436485	-	0.0049	FDR	794	T	CATCT	ok	False
chr5	115436563	115436564	-	6.9e-06	FDR	975	T	AATAC	ok	False
chr5	115436680	115436681	-	8.3e-74	FDR	1004	T	AGTCT	ok	True
chr5	115436684	115436685	-	4.1e-05	FDR	1223	T	TCTGG	ok	False
chr5	115436702	115436703	-	4.2e-74	FDR	1141	T	GATGC	ok	False
chr5	115436707	115436708	-	1.1e-55	FDR	1067	T	AGTCC	ok	True
chr5	115436711	115436712	-	6.3e-41	FDR	1215	T	CTTGT	ok	False
chr5	115436725	115436726	-	1.4e-06	FDR	1214	T	GATCA	ok	False
chr5	115436745	115436746	-	6.3e-07	FDR	1042	T	AGTCC	ok	True
chr5	115612714	115612715	+	4.1e-06	FDR	161	A	CGACC	ok	False
chr5	115699018	115699019	+	6.4e-23	FDR	2891	A	CCAAG	ok	False
chr5	115699210	115699211	+	9.3e-09	FDR	4124	A	CCAGC	ok	False
chr5	117421205	117421206	-	8.4e-08	FDR	467	T	TCTAT	ok	False
chr5	117421240	117421241	-	0.029	FDR	423	T	GGTAG	ok	False
chr5	117517229	117517230	-	0.0036	FDR	592	T	CTTTA	ok	False
chr5	117517292	117517293	-	0.031	FDR	604	T	AGTGC	ok	False
chr5	117517299	117517300	-	1.3e-09	FDR	605	T	CATTC	ok	False
chr5	117517300	117517301	-	3.1e-13	FDR	590	T	ATTCC	ok	False
chr5	117517320	117517321	-	0.0088	FDR	562	T	TGTGC	ok	False
chr5	117517325	117517326	-	0.035	FDR	600	T	AGTCT	ok	True
chr5	117517340	117517341	-	0.01	FDR	507	T	TGTTG	ok	False
chr5	117517341	117517342	-	0.041	FDR	579	T	GTTGT	ok	False
chr5	117517346	117517347	-	2.2e-09	FDR	571	T	AGTTT	ok	True
chr5	117517347	117517348	-	1.7e-07	FDR	606	T	GTTTC	ok	False
chr5	117517351	117517352	-	3.1e-07	FDR	598	T	CTTTC	ok	False
chr5	117517352	117517353	-	9.7e-10	FDR	605	T	TTTCC	ok	False
chr5	117517357	117517358	-	8.9e-18	FDR	546	T	TATTT	ok	False
chr5	117517358	117517359	-	1.4e-21	FDR	602	T	ATTTT	ok	False
chr5	117517359	117517360	-	0.013	FDR	605	T	TTTTC	ok	False
chr5	117517360	117517361	-	0.00021	FDR	602	T	TTTCA	ok	False
chr5	117517393	117517394	-	0.00093	FDR	591	T	CTTCT	ok	False
chr5	117517419	117517420	-	7.8e-21	FDR	601	T	ATTGT	ok	False
chr5	117517421	117517422	-	1.6e-12	FDR	559	T	TGTTC	ok	True
chr5	117517422	117517423	-	4.1e-09	FDR	606	T	GTTCC	ok	False
chr5	117517435	117517436	-	4.9e-12	FDR	576	T	AGTCT	ok	True
chr5	117517450	117517451	-	0.00022	FDR	573	T	GCTGA	ok	False
chr5	117517471	117517472	-	7.3e-12	FDR	571	T	AATTC	ok	False
chr5	117517472	117517473	-	0.00037	FDR	573	T	ATTCT	ok	False
chr5	117517491	117517492	-	6.6e-06	FDR	515	T	GGTCC	ok	True
chr5	117517508	117517509	-	0.0099	FDR	488	T	CATGT	ok	False
chr5	117517542	117517543	-	0.00019	FDR	266	T	AATTT	ok	False
chr5	117517547	117517548	-	0.0011	FDR	298	T	TGTAA	ok	False
chr5	117517563	117517564	-	0.048	FDR	283	T	ATTAG	ok	False
chr5	120765402	120765403	+	2.3e-08	FDR	414	A	GGACG	ok	False
chr5	120765407	120765408	+	4e-10	FDR	397	A	TCAGG	ok	False
chr5	120765411	120765412	+	6.1e-10	FDR	314	A	GGACT	ok	True
chr5	120765501	120765502	+	9.9e-36	FDR	316	A	TGACT	ok	True
chr5	120765517	120765518	+	1.7e-08	FDR	458	A	TGACC	ok	True
chr5	120765547	120765548	+	2.2e-07	FDR	453	A	CTATG	ok	False
chr5	120765574	120765575	+	0.0021	FDR	463	A	TGACC	ok	True
chr5	120765606	120765607	+	2e-07	FDR	416	A	ACACC	ok	False
chr5	120765638	120765639	+	0.00019	FDR	464	A	GGATG	ok	False
chr5	120765673	120765674	+	2.5e-09	FDR	430	A	TAAAC	ok	False
chr5	121035065	121035066	-	0.00064	FDR	122	T	GATAC	ok	False
chr5	121035254	121035255	-	0.003	FDR	87	T	GGTAC	ok	False
chr5	121036422	121036423	-	0.018	FDR	82	T	AATAA	ok	False
chr5	121344796	121344797	+	7.7e-17	FDR	6734	A	CCAGC	ok	False
chr5	121346530	121346531	+	0	FDR	9044	A	ATATC	ok	False
chr5	121346938	121346939	+	0	FDR	9942	A	CTACC	ok	False
chr5	121346961	121346962	+	5.6e-20	FDR	9860	A	TGACA	ok	True
chr5	121346974	121346975	+	6.7e-146	FDR	9991	A	GTATC	ok	False
chr5	121582846	121582847	-	0.00059	FDR	345	T	AATTA	ok	False
chr5	121582964	121582965	-	8.6e-06	FDR	326	T	GGTGT	ok	False
chr5	121582966	121582967	-	2.2e-08	FDR	313	T	TGTCC	ok	True
chr5	121582973	121582974	-	3.3e-12	FDR	307	T	AGTAT	ok	False
chr5	121582975	121582976	-	0.042	FDR	343	T	TATGA	ok	False
chr5	121582989	121582990	-	5.8e-05	FDR	357	T	CATCA	ok	False
chr5	121582995	121582996	-	1.9e-08	FDR	142	T	TGTCC	ok	True
chr5	121583038	121583039	-	0.00079	FDR	349	T	ATTGC	ok	False
chr5	121583083	121583084	-	1.3e-05	FDR	342	T	GGTAG	ok	False
chr5	121583087	121583088	-	0.0002	FDR	305	T	GATCT	ok	False
chr5	121583089	121583090	-	0.0039	FDR	347	T	TCTCT	ok	False
chr5	121583135	121583136	-	0.012	FDR	322	T	GGTCA	ok	True
chr5	121583142	121583143	-	0.0066	FDR	321	T	GCTCC	ok	False
chr5	121583274	121583275	-	4.8e-08	FDR	182	T	AGTCC	ok	True
chr5	121705850	121705851	-	0.026	FDR	226	T	GATCG	ok	False
chr5	121705867	121705868	-	0.0018	FDR	226	T	CTTCA	ok	False
chr5	121705883	121705884	-	0.043	FDR	225	T	GTTTA	ok	False
chr5	122542227	122542228	+	0.013	FDR	198	A	CTAGG	ok	False
chr5	122542279	122542280	+	7.9e-05	FDR	231	A	CCATT	ok	False
chr5	122544031	122544032	+	0.048	FDR	303	A	TCATA	ok	False
chr5	122544048	122544049	+	4.6e-11	FDR	314	A	CGATG	ok	False
chr5	122544144	122544145	+	2.6e-18	FDR	322	A	TGATT	ok	False
chr5	122544159	122544160	+	1.4e-05	FDR	315	A	GCAGT	ok	False
chr5	122594454	122594455	-	0.023	FDR	734	T	AATAG	ok	False
chr5	122594477	122594478	-	4.8e-08	FDR	732	T	TGTCT	ok	True
chr5	122594519	122594520	-	6.1e-09	FDR	653	T	CTTAA	ok	False
chr5	122594655	122594656	-	1.2e-05	FDR	703	T	GCTGG	ok	False
chr5	122594779	122594780	-	0.023	FDR	465	T	GATAC	ok	False
chr5	122594800	122594801	-	2.6e-06	FDR	447	T	AATCA	ok	False
chr5	122594887	122594888	-	0.041	FDR	340	T	ATTTG	ok	False
chr5	124255130	124255131	+	0.035	FDR	115	A	GAAAC	ok	False
chr5	124255359	124255360	+	0.00087	FDR	147	A	GTATC	ok	False
chr5	124255373	124255374	+	3.1e-08	FDR	155	A	AAACC	ok	True
chr5	124255396	124255397	+	0.0078	FDR	168	A	GGATG	ok	False
chr5	124255413	124255414	+	0.00072	FDR	165	A	TTATT	ok	False
chr5	124255899	124255900	+	0.00014	FDR	184	A	TCAAG	ok	False
chr5	124256078	124256079	+	1.7e-22	FDR	212	A	CCAGA	ok	False
chr5	124256223	124256224	+	9.8e-15	FDR	198	A	ACAGC	ok	False
chr5	124256245	124256246	+	0.00097	FDR	208	A	TGATC	ok	False
chr5	124483545	124483546	-	0.0047	FDR	461	T	GATGC	ok	False
chr5	124483656	124483657	-	9e-08	FDR	438	T	GGTAG	ok	False
chr5	124483664	124483665	-	0.0061	FDR	460	T	GCTCT	ok	False
chr5	124599966	124599967	+	0.00079	FDR	173	A	CCAGG	ok	False
chr5	124599998	124599999	+	6.3e-06	FDR	178	A	GCAAG	ok	False
chr5	124600203	124600204	+	0.00021	FDR	218	A	CGACA	ok	False
chr5	124600222	124600223	+	0.049	FDR	224	A	TGAGA	ok	False
chr5	124708739	124708740	-	0.00033	FDR	209	T	GATTT	ok	False
chr5	124708820	124708821	-	7.8e-11	FDR	228	T	ATTCT	ok	False
chr5	124708955	124708956	-	0.043	FDR	219	T	TGTAC	ok	False
chr5	124709098	124709099	-	0.014	FDR	177	T	ACTGG	ok	False
chr5	124734750	124734751	+	2e-05	FDR	119	A	ACAGA	ok	False
chr5	124734767	124734768	+	0.047	FDR	118	A	CAACC	ok	False
chr5	125463236	125463237	-	3.5e-06	FDR	1277	T	GATGG	ok	False
chr5	125463268	125463269	-	4.8e-05	FDR	1250	T	TCTGC	ok	False
chr5	125463382	125463383	-	0.0013	FDR	952	T	GCTGG	ok	False
chr5	125463421	125463422	-	0.011	FDR	831	T	CCTTG	ok	False
chr5	125463422	125463423	-	3.2e-07	FDR	734	T	CTTGA	ok	False
chr5	125463544	125463545	-	0.016	FDR	415	T	TCTGG	ok	False
chr5	125531764	125531765	+	3.9e-07	FDR	141	A	TAACA	ok	True
chr5	125531791	125531792	+	0.0081	FDR	162	A	GAACC	ok	True
chr5	129099126	129099127	+	0.018	FDR	896	A	TAACT	ok	True
chr5	129099246	129099247	+	3e-08	FDR	1579	A	GAATC	ok	False
chr5	129099439	129099440	+	1.6e-05	FDR	1570	A	GTACT	ok	False
chr5	129099592	129099593	+	0.017	FDR	2734	A	GTACG	ok	False
chr5	129099868	129099869	+	1.4e-10	FDR	3057	A	GGATG	ok	False
chr5	129099871	129099872	+	1.8e-08	FDR	3101	A	TGATG	ok	False
chr5	129099939	129099940	+	0.034	FDR	3837	A	TGATG	ok	False
chr5	129099964	129099965	+	6.2e-05	FDR	3516	A	CCACC	ok	False
chr5	129099983	129099984	+	0.00023	FDR	4174	A	AGATC	ok	False
chr5	129100016	129100017	+	2.9e-35	FDR	4331	A	TGAAT	ok	False
chr5	129100017	129100018	+	9.3e-08	FDR	4477	A	GAATG	ok	False
chr5	129100031	129100032	+	1.3e-06	FDR	4460	A	TGAAT	ok	False
chr5	129100032	129100033	+	1.1e-09	FDR	4465	A	GAATG	ok	False
chr5	129100044	129100045	+	9.8e-13	FDR	4350	A	TAAAC	ok	False
chr5	129100047	129100048	+	5.4e-10	FDR	4331	A	ACATA	ok	False
chr5	129100049	129100050	+	3.4e-31	FDR	4164	A	ATACC	ok	False
chr5	129100055	129100056	+	3.8e-20	FDR	4462	A	TCATT	ok	False
chr5	129100064	129100065	+	7.1e-37	FDR	3997	A	GGACT	ok	True
chr5	129100070	129100071	+	3.3e-26	FDR	3577	A	GCATA	ok	False
chr5	129100072	129100073	+	5.3e-16	FDR	4387	A	ATATT	ok	False
chr5	129100108	129100109	+	0.0049	FDR	4445	A	GAATT	ok	False
chr5	129100156	129100157	+	0.00073	FDR	4473	A	GAAAT	ok	False
chr5	129100169	129100170	+	9.9e-18	FDR	4045	A	TTACT	ok	False
chr5	129100197	129100198	+	0.034	FDR	4469	A	GAATC	ok	False
chr5	129873871	129873872	+	0.0092	FDR	386	A	ACATT	ok	False
chr5	129874442	129874443	+	0.011	FDR	456	A	GCAGA	ok	False
chr5	129874459	129874460	+	0.025	FDR	464	A	GGATA	ok	False
chr5	129874768	129874769	+	1.2e-29	FDR	443	A	GGACA	ok	True
chr5	129874770	129874771	+	1.9e-11	FDR	680	A	ACATT	ok	False
chr5	129910034	129910035	-	2.2e-124	FDR	2637	T	AATCA	ok	False
chr5	129910045	129910046	-	0.0029	FDR	2511	T	AGTCC	ok	True
chr5	129910085	129910086	-	2.7e-29	FDR	2599	T	CATAC	ok	False
chr5	129910110	129910111	-	0.00038	FDR	2620	T	AGTTA	ok	True
chr5	129910155	129910156	-	9.1e-05	FDR	1946	T	AATAT	ok	False
chr5	129910199	129910200	-	2.3e-09	FDR	2532	T	GTTAC	ok	False
chr5	129912861	129912862	-	4.2e-23	FDR	1521	T	ACTGC	ok	False
chr5	129912915	129912916	-	1.1e-06	FDR	1395	T	CCTGG	ok	False
chr5	129912981	129912982	-	1.3e-49	FDR	1336	T	GCTGC	ok	False
chr5	129913012	129913013	-	6.5e-06	FDR	1276	T	TCTGA	ok	False
chr5	129916094	129916095	-	6.1e-42	FDR	1095	T	ACTGC	ok	False
chr5	134176983	134176984	-	0.001	FDR	117	T	GCTTC	ok	False
chr5	134177112	134177113	-	0.00039	FDR	119	T	GCTGT	ok	False
chr5	134177202	134177203	-	0.0019	FDR	83	T	AGTCT	ok	True
chr5	134177239	134177240	-	1.2e-05	FDR	104	T	CTTCT	ok	False
chr5	134625763	134625764	+	0.0034	FDR	311	A	CTACT	ok	False
chr5	134625770	134625771	+	1.7e-07	FDR	337	A	CCAGA	ok	False
chr5	134625846	134625847	+	4.1e-07	FDR	385	A	TCAAG	ok	False
chr5	134626710	134626711	+	0.014	FDR	423	A	GGATA	ok	False
chr5	134626878	134626879	+	4.5e-09	FDR	566	A	GAACA	ok	True
chr5	134626907	134626908	+	2.8e-09	FDR	619	A	AAAAT	ok	False
chr5	134626938	134626939	+	6.4e-11	FDR	656	A	GAACT	ok	True
chr5	134627009	134627010	+	0.045	FDR	673	A	GAACC	ok	True
chr5	134627016	134627017	+	2.7e-18	FDR	555	A	GGACT	ok	True
chr5	134627083	134627084	+	1.9e-15	FDR	650	A	ACACC	ok	False
chr5	134627116	134627117	+	4.9e-07	FDR	491	A	GGACA	ok	True
chr5	134627142	134627143	+	1.1e-05	FDR	661	A	TGACC	ok	True
chr5	134974043	134974044	-	0.0071	FDR	289	T	AATTA	ok	False
chr5	134974154	134974155	-	9.4e-12	FDR	225	T	TGTCC	ok	True
chr5	134974157	134974158	-	0.00026	FDR	278	T	CCTTG	ok	False
chr5	134974210	134974211	-	2.4e-05	FDR	277	T	GGTCC	ok	True
chr5	134974411	134974412	-	2.9e-06	FDR	202	T	AGTCA	ok	True
chr5	135274771	135274772	+	6.8e-07	FDR	256	A	TAACA	ok	True
chr5	135274815	135274816	+	0.0066	FDR	262	A	CTACC	ok	False
chr5	135764549	135764550	-	3.6e-15	FDR	118	T	AGTCC	ok	True
chr5	135764761	135764762	-	0.00014	FDR	117	T	CTTGC	ok	False
chr5	135813055	135813056	+	0.00026	FDR	310	A	GCAGT	ok	False
chr5	135814817	135814818	+	0.011	FDR	379	A	CTACC	ok	False
chr5	135814877	135814878	+	1.5e-19	FDR	376	A	GCATC	ok	False
chr5	135815189	135815190	+	4e-10	FDR	662	A	GAACA	ok	True
chr5	135816454	135816455	+	2.1e-08	FDR	818	A	TCATC	ok	False
chr5	135818070	135818071	+	1.1e-14	FDR	912	A	TGACT	ok	True
chr5	135818127	135818128	+	1.6e-06	FDR	1005	A	AGAAG	ok	False
chr5	135818536	135818537	+	2.6e-08	FDR	1234	A	GGACG	ok	False
chr5	135818601	135818602	+	8.5e-53	FDR	1133	A	GCACT	ok	False
chr5	135818949	135818950	+	1.1e-06	FDR	1392	A	GAACC	ok	True
chr5	135818957	135818958	+	1.2e-60	FDR	1280	A	GCATT	ok	False
chr5	135818990	135818991	+	2.5e-32	FDR	1437	A	TGATT	ok	False
chr5	135819015	135819016	+	3.9e-15	FDR	1420	A	GAAAG	ok	False
chr5	135819016	135819017	+	2.4e-05	FDR	1460	A	AAAGC	ok	False
chr5	135819039	135819040	+	7.2e-71	FDR	1313	A	GGACT	ok	True
chr5	135819095	135819096	+	4.8e-69	FDR	1417	A	GCATC	ok	False
chr5	135819112	135819113	+	5.4e-87	FDR	1389	A	GCATC	ok	False
chr5	135916886	135916887	+	0.021	FDR	433	A	AGATC	ok	False
chr5	135917045	135917046	+	2e-12	FDR	749	A	GCAGT	ok	False
chr5	135917162	135917163	+	2.1e-08	FDR	916	A	ACAGC	ok	False
chr5	135918247	135918248	+	2.8e-15	FDR	1683	A	CCAGA	ok	False
chr5	135918364	135918365	+	0.0007	FDR	1169	A	ATACA	ok	False
chr5	135937316	135937317	-	6.9e-09	FDR	796	T	CATTC	ok	False
chr5	135937331	135937332	-	0.01	FDR	820	T	CATCA	ok	False
chr5	135937362	135937363	-	5.1e-45	FDR	782	T	TGTGC	ok	False
chr5	135937407	135937408	-	4.2e-16	FDR	821	T	AATCA	ok	False
chr5	135937415	135937416	-	6.2e-07	FDR	800	T	GATTA	ok	False
chr5	135937429	135937430	-	1.1e-13	FDR	756	T	AATAT	ok	False
chr5	135937431	135937432	-	3.3e-13	FDR	783	T	TATTT	ok	False
chr5	135937432	135937433	-	3.5e-05	FDR	819	T	ATTTT	ok	False
chr5	135937433	135937434	-	0.0015	FDR	821	T	TTTTC	ok	False
chr5	135937470	135937471	-	0.039	FDR	819	T	CGTTC	ok	False
chr5	135937481	135937482	-	0.0012	FDR	816	T	CGTCC	ok	False
chr5	135937489	135937490	-	8.8e-07	FDR	804	T	CGTTC	ok	False
chr5	135937490	135937491	-	0.019	FDR	789	T	GTTCT	ok	False
chr5	135937625	135937626	-	0.00016	FDR	485	T	CATCC	ok	False
chr5	135937661	135937662	-	1.6e-05	FDR	410	T	GGTAA	ok	False
chr5	135937698	135937699	-	0.026	FDR	336	T	ATTAA	ok	False
chr5	136150982	136150983	+	0.0079	FDR	126	A	ACAAA	ok	False
chr5	136209967	136209968	-	0.0083	FDR	155	T	TATTC	ok	False
chr5	136210073	136210074	-	0.028	FDR	158	T	GATAC	ok	False
chr5	136210093	136210094	-	7e-05	FDR	131	T	AATGT	ok	False
chr5	136210095	136210096	-	0.0021	FDR	125	T	TGTCT	ok	True
chr5	136210107	136210108	-	0.022	FDR	156	T	GCTCC	ok	False
chr5	136210330	136210331	-	0.00024	FDR	109	T	TGTTC	ok	True
chr5	136994790	136994791	+	0.0016	FDR	375	A	CCATC	ok	False
chr5	136995023	136995024	+	1.2e-15	FDR	398	A	GCACC	ok	False
chr5	136995052	136995053	+	3.6e-14	FDR	408	A	GCAAT	ok	False
chr5	137011082	137011083	-	6e-05	FDR	267	T	TCTGT	ok	False
chr5	137011107	137011108	-	7.2e-11	FDR	232	T	AGTCC	ok	True
chr5	137011225	137011226	-	6.4e-16	FDR	293	T	GGTAC	ok	False
chr5	137011230	137011231	-	4.4e-06	FDR	288	T	TTTCT	ok	False
chr5	137011241	137011242	-	0.0039	FDR	288	T	GATGC	ok	False
chr5	137011529	137011530	-	4.2e-07	FDR	186	T	GATGC	ok	False
chr5	137011747	137011748	-	0.036	FDR	159	T	GTTTT	ok	False
chr5	137013768	137013769	-	4.7e-06	FDR	141	T	CTTGC	ok	False
chr5	137025309	137025310	+	0.023	FDR	79	A	TCAGG	ok	False
chr5	137025320	137025321	+	1e-12	FDR	65	A	GGACT	ok	True
chr5	137294088	137294089	-	1.2e-07	FDR	510	T	GATGG	ok	False
chr5	137294108	137294109	-	0.0035	FDR	513	T	CATCA	ok	False
chr5	137294293	137294294	-	2.1e-08	FDR	515	T	CATCA	ok	False
chr5	137294480	137294481	-	0.015	FDR	412	T	CCTCC	ok	False
chr5	137777893	137777894	+	6.5e-06	FDR	142	A	GAACG	ok	False
chr5	137778177	137778178	+	2.1e-07	FDR	157	A	GAATC	ok	False
chr5	137778342	137778343	+	0.016	FDR	120	A	TTATA	ok	False
chr5	137780310	137780311	-	1e-05	FDR	110	T	AGTCC	ok	True
chr5	137780321	137780322	-	0.014	FDR	133	T	GGTCC	ok	True
chr5	137780331	137780332	-	4e-09	FDR	127	T	AGTGC	ok	False
chr5	137780437	137780438	-	4.2e-06	FDR	135	T	AGTCA	ok	True
chr5	137780579	137780580	-	0.021	FDR	108	T	GATCC	ok	False
chr5	138162025	138162026	+	0.0011	FDR	784	A	CTACC	ok	False
chr5	138162054	138162055	+	0.0062	FDR	760	A	ACACA	ok	False
chr5	138162060	138162061	+	4.7e-06	FDR	780	A	TGAAC	ok	False
chr5	138162082	138162083	+	0.0026	FDR	796	A	CAACG	ok	False
chr5	138162101	138162102	+	0.05	FDR	803	A	CAAGG	ok	False
chr5	138162105	138162106	+	0.0013	FDR	711	A	GCATT	ok	False
chr5	138162117	138162118	+	2.6e-05	FDR	793	A	GAATG	ok	False
chr5	138162125	138162126	+	1.5e-11	FDR	612	A	GGACT	ok	True
chr5	138162137	138162138	+	1.2e-05	FDR	796	A	TGATG	ok	False
chr5	138162196	138162197	+	2.2e-11	FDR	778	A	GTACC	ok	False
chr5	138165019	138165020	-	0.0017	FDR	338	T	GCTGG	ok	False
chr5	140313551	140313552	-	0.024	FDR	104	T	AGTGG	ok	False
chr5	140313631	140313632	-	7.8e-05	FDR	86	T	AGTCC	ok	True
chr5	140428783	140428784	+	5.2e-22	FDR	955	A	GGACA	ok	True
chr5	140428906	140428907	+	8.6e-189	FDR	1591	A	CCAGA	ok	False
chr5	140428946	140428947	+	3.6e-05	FDR	1500	A	GGACT	ok	True
chr5	140510821	140510822	+	0.012	FDR	72	A	TCACT	ok	False
chr5	142652833	142652834	+	0.029	FDR	92	A	AGACT	ok	True
chr5	142889287	142889288	-	3.3e-104	FDR	2967	T	AGTCC	ok	True
chr5	142889541	142889542	-	0.0009	FDR	599	T	AGTAA	ok	False
chr5	142889547	142889548	-	2e-14	FDR	513	T	AGTCC	ok	True
chr5	142889692	142889693	-	0.025	FDR	340	T	AATGA	ok	False
chr5	142889835	142889836	-	2.2e-06	FDR	327	T	GGTGC	ok	False
chr5	142889853	142889854	-	0.011	FDR	236	T	AGTAA	ok	False
chr5	142889880	142889881	-	0.019	FDR	245	T	AATGC	ok	False
chr5	142889888	142889889	-	0.00047	FDR	280	T	GGTAC	ok	False
chr5	142889895	142889896	-	9.5e-06	FDR	273	T	GGTGG	ok	False
chr5	142889948	142889949	-	0.00045	FDR	212	T	CGTCA	ok	False
chr5	142976744	142976745	-	0.032	FDR	109	T	ACTAC	ok	False
chr5	142976798	142976799	-	0.00012	FDR	109	T	TTTTC	ok	False
chr5	142976845	142976846	-	2.9e-05	FDR	107	T	AATCT	ok	False
chr5	142976994	142976995	-	0.0072	FDR	93	T	GTTGG	ok	False
chr5	143406800	143406801	+	0.00039	FDR	122	A	GTACA	ok	False
chr5	143492613	143492614	-	0.0079	FDR	207	T	GGTTT	ok	True
chr5	143492630	143492631	-	0.00031	FDR	227	T	AATCT	ok	False
chr5	144192662	144192663	+	0.018	FDR	202	A	CGAAC	ok	False
chr5	144200920	144200921	+	1.9e-05	FDR	282	A	AGATG	ok	False
chr5	144200945	144200946	+	0.0022	FDR	267	A	TTACT	ok	False
chr5	144200961	144200962	+	6.2e-08	FDR	258	A	GCACA	ok	False
chr5	144200995	144200996	+	1e-06	FDR	281	A	CTAAT	ok	False
chr5	144200996	144200997	+	3.4e-10	FDR	286	A	TAATG	ok	False
chr5	144201011	144201012	+	0.00085	FDR	265	A	GTACA	ok	False
chr5	144201040	144201041	+	0.00048	FDR	236	A	GGACT	ok	True
chr5	144201164	144201165	+	1.5e-06	FDR	286	A	GAATG	ok	False
chr5	144201174	144201175	+	4.4e-07	FDR	287	A	AAATA	ok	False
chr5	145043912	145043913	+	0.024	FDR	238	A	GCATT	ok	False
chr5	145043937	145043938	+	0.03	FDR	265	A	GGATT	ok	False
chr5	145045297	145045298	+	0.034	FDR	345	A	GGATC	ok	False
chr5	145045374	145045375	+	1.7e-11	FDR	347	A	GCATT	ok	False
chr5	145045436	145045437	+	0.0052	FDR	349	A	CTATC	ok	False
chr5	145045504	145045505	+	0.00036	FDR	348	A	TTAAA	ok	False
chr5	145064695	145064696	+	0.0091	FDR	167	A	TCATC	ok	False
chr5	145064772	145064773	+	0.0054	FDR	176	A	GTACA	ok	False
chr5	145064977	145064978	+	0.0023	FDR	163	A	TAATA	ok	False
chr5	145066482	145066483	-	2.2e-13	FDR	610	T	AATCT	ok	False
chr5	145066517	145066518	-	0.046	FDR	616	T	TGTCT	ok	True
chr5	145066651	145066652	-	3.5e-18	FDR	622	T	ACTGG	ok	False
chr5	145066797	145066798	-	0.01	FDR	442	T	ACTGG	ok	False
chr5	145084650	145084651	+	9.4e-18	FDR	638	A	GCATC	ok	False
chr5	145084694	145084695	+	2.2e-07	FDR	565	A	TGACA	ok	True
chr5	145084796	145084797	+	0.014	FDR	629	A	AGACC	ok	True
chr5	145121436	145121437	-	0.0007	FDR	1860	T	ACTTG	ok	False
chr5	146770994	146770995	+	0.041	FDR	86	A	GTAAC	ok	False
chr5	146772407	146772408	+	0.0099	FDR	895	A	GGATT	ok	False
chr5	146772465	146772466	+	0.037	FDR	957	A	GAATG	ok	False
chr5	146772468	146772469	+	0.018	FDR	952	A	TGACC	ok	True
chr5	146890880	146890881	+	0.027	FDR	128	A	GCAAT	ok	False
chr5	146891964	146891965	+	0.00033	FDR	213	A	CGATC	ok	False
chr5	146892247	146892248	+	0.0054	FDR	213	A	ACAAG	ok	False
chr5	146892299	146892300	+	0.032	FDR	213	A	CCAGA	ok	False
chr5	146892396	146892397	+	0.038	FDR	190	A	CTATT	ok	False
chr5	147015810	147015811	+	6e-07	FDR	251	A	AAAAT	ok	False
chr5	147809420	147809421	+	0.022	FDR	443	A	ATATT	ok	False
chr6	11900502	11900503	-	3.5e-67	FDR	1614	T	CATTA	ok	False
chr6	11900503	11900504	-	1.9e-12	FDR	1627	T	ATTAT	ok	False
chr6	11900505	11900506	-	0.013	FDR	1636	T	TATCA	ok	False
chr6	11900576	11900577	-	9.7e-23	FDR	1601	T	CATTC	ok	False
chr6	11906026	11906027	-	1.7e-15	FDR	1276	T	TCTGG	ok	False
chr6	11907367	11907368	-	6.7e-11	FDR	701	T	TTTGC	ok	False
chr6	17666296	17666297	+	3e-08	FDR	258	A	ATATC	ok	False
chr6	17666344	17666345	+	0.00055	FDR	161	A	AAAAA	ok	False
chr6	17666454	17666455	+	0.024	FDR	180	A	GCATC	ok	False
chr6	17666627	17666628	+	0.0085	FDR	184	A	CCATT	ok	False
chr6	24518695	24518696	-	1.8e-09	FDR	567	T	AATTC	ok	False
chr6	24519191	24519192	-	0.035	FDR	579	T	CCTGA	ok	False
chr6	24519198	24519199	-	7.4e-09	FDR	577	T	AATCA	ok	False
chr6	25744132	25744133	-	0.013	FDR	148	T	CATCT	ok	False
chr6	28426214	28426215	+	3.8e-07	FDR	391	A	CCAGA	ok	False
chr6	28426370	28426371	+	7.2e-16	FDR	466	A	GGACC	ok	True
chr6	28426515	28426516	+	0.023	FDR	478	A	CCAGG	ok	False
chr6	28888501	28888502	+	0.011	FDR	283	A	TAATG	ok	False
chr6	28888538	28888539	+	4e-07	FDR	319	A	TTATT	ok	False
chr6	29125181	29125182	-	0.00066	FDR	237	T	AATTA	ok	False
chr6	29125276	29125277	-	9.7e-11	FDR	231	T	ACTGG	ok	False
chr6	29125310	29125311	-	2.6e-07	FDR	157	T	AGTCC	ok	True
chr6	29125375	29125376	-	0.004	FDR	197	T	AGTCT	ok	True
chr6	29470151	29470152	+	3.9e-25	FDR	638	A	CCAGA	ok	False
chr6	29470193	29470194	+	2.9e-30	FDR	696	A	GCATC	ok	False
chr6	29470487	29470488	+	0.011	FDR	700	A	ATATT	ok	False
chr6	33950715	33950716	+	0.012	FDR	151	A	CTACT	ok	False
chr6	34280906	34280907	-	2e-14	FDR	954	T	TCTGA	ok	False
chr6	34281012	34281013	-	8.1e-42	FDR	907	T	AGTCC	ok	True
chr6	34281025	34281026	-	0.0001	FDR	875	T	GGTAA	ok	False
chr6	34281115	34281116	-	4.4e-13	FDR	970	T	CATCT	ok	False
chr6	34281117	34281118	-	1.7e-22	FDR	969	T	TCTGG	ok	False
chr6	34285990	34285991	-	1.2e-13	FDR	577	T	GATCA	ok	False
chr6	34286930	34286931	-	0.00066	FDR	318	T	GCTGT	ok	False
chr6	35237374	35237375	+	0.0066	FDR	248	A	GAATG	ok	False
chr6	35238192	35238193	+	0.011	FDR	379	A	GGACC	ok	True
chr6	35238299	35238300	+	0.0057	FDR	488	A	CCAGA	ok	False
chr6	35238418	35238419	+	1.4e-29	FDR	448	A	GGACT	ok	True
chr6	35238440	35238441	+	0.0015	FDR	537	A	GGATT	ok	False
chr6	35238491	35238492	+	4e-23	FDR	396	A	GGACT	ok	True
chr6	35238514	35238515	+	5.1e-05	FDR	520	A	ACAGG	ok	False
chr6	39382714	39382715	-	4.3e-52	FDR	521	T	AGTCC	ok	True
chr6	39382846	39382847	-	0.0007	FDR	566	T	GATCA	ok	False
chr6	39387085	39387086	-	1.1e-05	FDR	369	T	ACTGT	ok	False
chr6	39573436	39573437	+	6.9e-05	FDR	326	A	TTACC	ok	False
chr6	39573455	39573456	+	0.02	FDR	345	A	CCAGG	ok	False
chr6	39575216	39575217	+	8.7e-09	FDR	372	A	CCAGA	ok	False
chr6	39575227	39575228	+	3.2e-11	FDR	374	A	ACAGT	ok	False
chr6	39575234	39575235	+	0.026	FDR	375	A	ACAGA	ok	False
chr6	39575239	39575240	+	0.00048	FDR	370	A	TGAAG	ok	False
chr6	39576329	39576330	+	0.0011	FDR	361	A	GCAAG	ok	False
chr6	39779140	39779141	-	0.0021	FDR	112	T	TATTC	ok	False
chr6	39779164	39779165	-	0.00014	FDR	111	T	TATGC	ok	False
chr6	39779232	39779233	-	9.9e-05	FDR	107	T	AGTCA	ok	True
chr6	39779321	39779322	-	0.035	FDR	106	T	GATGC	ok	False
chr6	39779362	39779363	-	0.0072	FDR	101	T	GATGA	ok	False
chr6	39779370	39779371	-	0.023	FDR	100	T	GATGC	ok	False
chr6	47502665	47502666	+	1.3e-05	FDR	159	A	GGACC	ok	True
chr6	47502793	47502794	+	0.011	FDR	257	A	AGACA	ok	True
chr6	47502889	47502890	+	6e-13	FDR	213	A	GCACA	ok	False
chr6	47502911	47502912	+	9.8e-09	FDR	230	A	GGACC	ok	True
chr6	49061477	49061478	+	1.5e-05	FDR	135	A	AAACC	ok	True
chr6	49061551	49061552	+	2.8e-11	FDR	133	A	TTACC	ok	False
chr6	49061577	49061578	+	0.017	FDR	130	A	GGAAG	ok	False
chr6	49061632	49061633	+	0.00024	FDR	134	A	TTAAT	ok	False
chr6	50542166	50542167	-	0.0041	FDR	259	T	TGTAC	ok	False
chr6	50542310	50542311	-	0.048	FDR	271	T	TGTAC	ok	False
chr6	50542522	50542523	-	1e-07	FDR	265	T	CTTCC	ok	False
chr6	50542557	50542558	-	0.021	FDR	257	T	TCTTA	ok	False
chr6	51438186	51438187	-	0.037	FDR	328	T	ATTAT	ok	False
chr6	51438204	51438205	-	0.022	FDR	312	T	GATGT	ok	False
chr6	51438207	51438208	-	0.0049	FDR	328	T	GTTAC	ok	False
chr6	51438225	51438226	-	0.005	FDR	151	T	CATTT	ok	False
chr6	51438226	51438227	-	0.00035	FDR	307	T	ATTTT	ok	False
chr6	51438227	51438228	-	0.0014	FDR	333	T	TTTTT	ok	False
chr6	51438296	51438297	-	2.5e-06	FDR	329	T	AGTGC	ok	False
chr6	51438372	51438373	-	0.00011	FDR	317	T	GGTTG	ok	False
chr6	51440393	51440394	-	0.00042	FDR	664	T	CATGG	ok	False
chr6	51440396	51440397	-	0.0019	FDR	656	T	GGTAA	ok	False
chr6	51440447	51440448	-	0.015	FDR	684	T	CCTCC	ok	False
chr6	51441081	51441082	-	0.0071	FDR	557	T	GGTCC	ok	True
chr6	52743291	52743292	+	0.0011	FDR	204	A	GCATC	ok	False
chr6	55052465	55052466	+	5.5e-05	FDR	440	A	TGAAC	ok	False
chr6	55056412	55056413	+	3.1e-18	FDR	1277	A	GGACG	ok	False
chr6	56678147	56678148	-	7.2e-05	FDR	206	T	AATGG	ok	False
chr6	56678151	56678152	-	2.3e-06	FDR	157	T	GATGT	ok	False
chr6	56678155	56678156	-	0.0034	FDR	204	T	TATAT	ok	False
chr6	56679101	56679102	-	0.012	FDR	199	T	TTTAG	ok	False
chr6	56679138	56679139	-	0.00032	FDR	191	T	CTTCT	ok	False
chr6	56679140	56679141	-	0.00013	FDR	190	T	TCTGG	ok	False
chr6	56680004	56680005	-	2.6e-06	FDR	176	T	TCTTC	ok	False
chr6	56680352	56680353	-	3.4e-05	FDR	171	T	CATCA	ok	False
chr6	56680367	56680368	-	0.04	FDR	158	T	TCTTG	ok	False
chr6	56680374	56680375	-	0.038	FDR	146	T	CCTAT	ok	False
chr6	56855952	56855953	+	0.00046	FDR	200	A	TGATG	ok	False
chr6	56855979	56855980	+	0.011	FDR	220	A	ACAGA	ok	False
chr6	56856055	56856056	+	0.0016	FDR	252	A	CCATT	ok	False
chr6	56856268	56856269	+	7.8e-08	FDR	277	A	AAATG	ok	False
chr6	56856308	56856309	+	0.0039	FDR	271	A	TGACT	ok	True
chr6	56856330	56856331	+	0.035	FDR	256	A	AAATG	ok	False
chr6	65020935	65020936	+	0.00063	FDR	155	A	GCACC	ok	False
chr6	65020984	65020985	+	0.025	FDR	147	A	TTACC	ok	False
chr6	65021032	65021033	+	0.0021	FDR	160	A	TGATC	ok	False
chr6	65021096	65021097	+	7e-05	FDR	157	A	TAAAG	ok	False
chr6	67249167	67249168	+	0.042	FDR	563	A	GGAGG	ok	False
chr6	67254766	67254767	+	1.6e-06	FDR	951	A	TTAAG	ok	False
chr6	67254902	67254903	+	5.9e-14	FDR	1240	A	GCATA	ok	False
chr6	67258685	67258686	+	4.8e-08	FDR	1479	A	ATATA	ok	False
chr6	67258732	67258733	+	6.5e-07	FDR	2031	A	GGACG	ok	False
chr6	67260918	67260919	+	6.7e-08	FDR	2158	A	CCAGA	ok	False
chr6	67260947	67260948	+	5.8e-07	FDR	2282	A	GGATG	ok	False
chr6	67261011	67261012	+	1.7e-13	FDR	2631	A	GGATC	ok	False
chr6	67261054	67261055	+	1.3e-14	FDR	1466	A	GGACT	ok	True
chr6	67261066	67261067	+	0.002	FDR	2293	A	ATACC	ok	False
chr6	67261073	67261074	+	0.0024	FDR	1792	A	TCACA	ok	False
chr6	67261075	67261076	+	0.00024	FDR	2380	A	ACACC	ok	False
chr6	67261083	67261084	+	0.03	FDR	2173	A	AGACT	ok	True
chr6	67261093	67261094	+	1.2e-41	FDR	2461	A	TTATC	ok	False
chr6	67261103	67261104	+	0.0023	FDR	2141	A	TGAAA	ok	False
chr6	67261104	67261105	+	4.3e-05	FDR	2433	A	GAAAA	ok	False
chr6	67261105	67261106	+	2.4e-10	FDR	2471	A	AAAAC	ok	False
chr6	67261106	67261107	+	1.5e-18	FDR	2470	A	AAACG	ok	False
chr6	67261157	67261158	+	5e-25	FDR	2467	A	GTATT	ok	False
chr6	67261193	67261194	+	3.6e-05	FDR	2491	A	TAATT	ok	False
chr6	67261210	67261211	+	0.038	FDR	2435	A	GCATT	ok	False
chr6	67261268	67261269	+	6.7e-10	FDR	2424	A	ATATA	ok	False
chr6	71793149	71793150	-	0.00041	FDR	295	T	TCTTC	ok	False
chr6	71793150	71793151	-	1.3e-05	FDR	359	T	CTTCC	ok	False
chr6	71793160	71793161	-	0.038	FDR	347	T	GATGT	ok	False
chr6	71794596	71794597	-	0.049	FDR	249	T	CCTTA	ok	False
chr6	72296090	72296091	-	0.0072	FDR	245	T	AGTCA	ok	True
chr6	72296094	72296095	-	3.6e-08	FDR	244	T	AGTCT	ok	True
chr6	72603372	72603373	-	0.0056	FDR	156	T	AATTT	ok	False
chr6	72603441	72603442	-	0.00065	FDR	175	T	AATAC	ok	False
chr6	72603493	72603494	-	0.00045	FDR	177	T	CTTGG	ok	False
chr6	72603545	72603546	-	0.0046	FDR	175	T	CATCG	ok	False
chr6	72603578	72603579	-	0.042	FDR	174	T	ACTGC	ok	False
chr6	72603654	72603655	-	4.4e-13	FDR	133	T	AGTCC	ok	True
chr6	72603664	72603665	-	0.023	FDR	126	T	AATGC	ok	False
chr6	72934415	72934416	-	1.2e-33	FDR	6822	T	AGTCC	ok	True
chr6	73252225	73252226	+	0.0012	FDR	221	A	TAACT	ok	True
chr6	73253673	73253674	+	0.00015	FDR	346	A	AAAAG	ok	False
chr6	73253694	73253695	+	1.8e-12	FDR	357	A	GGACA	ok	True
chr6	73253805	73253806	+	2.7e-05	FDR	363	A	CCAGG	ok	False
chr6	73253819	73253820	+	3e-15	FDR	363	A	GAATG	ok	False
chr6	73253875	73253876	+	0.00043	FDR	340	A	CTATC	ok	False
chr6	82624739	82624740	-	4.5e-05	FDR	286	T	AGTCT	ok	True
chr6	82624741	82624742	-	0.0094	FDR	286	T	TCTGT	ok	False
chr6	82624771	82624772	-	3e-19	FDR	238	T	AGTCC	ok	True
chr6	82624779	82624780	-	2.3e-05	FDR	260	T	CATCT	ok	False
chr6	82624797	82624798	-	0.012	FDR	282	T	CATCA	ok	False
chr6	82624836	82624837	-	3.5e-15	FDR	248	T	AGTAA	ok	False
chr6	82624861	82624862	-	3.7e-25	FDR	270	T	GTTAT	ok	False
chr6	82624863	82624864	-	2.2e-06	FDR	279	T	TATCC	ok	False
chr6	82624879	82624880	-	2e-06	FDR	265	T	GCTTC	ok	False
chr6	82624880	82624881	-	1.6e-05	FDR	268	T	CTTCT	ok	False
chr6	82624914	82624915	-	1.8e-22	FDR	266	T	TGTGT	ok	False
chr6	82624916	82624917	-	2.9e-15	FDR	259	T	TGTAC	ok	False
chr6	82624930	82624931	-	1.5e-05	FDR	268	T	CTTTC	ok	False
chr6	82624931	82624932	-	0.013	FDR	247	T	TTTCT	ok	False
chr6	82624963	82624964	-	5.7e-12	FDR	214	T	GGTGA	ok	False
chr6	82624982	82624983	-	0.0083	FDR	264	T	GCTCA	ok	False
chr6	82625003	82625004	-	7e-08	FDR	222	T	AATTA	ok	False
chr6	82628455	82628456	-	3e-07	FDR	232	T	CATTA	ok	False
chr6	83086695	83086696	+	0.018	FDR	143	A	CTAAA	ok	False
chr6	83086778	83086779	+	0.035	FDR	136	A	CTAAC	ok	False
chr6	83086803	83086804	+	0.042	FDR	145	A	ATAAG	ok	False
chr6	83282852	83282853	-	2.9e-11	FDR	291	T	AGTTC	ok	True
chr6	83283018	83283019	-	0.00021	FDR	327	T	AATAC	ok	False
chr6	85423015	85423016	+	0.0031	FDR	232	A	GCAGT	ok	False
chr6	85423086	85423087	+	6.2e-05	FDR	267	A	CCAGA	ok	False
chr6	85423107	85423108	+	3.6e-06	FDR	269	A	GCAGT	ok	False
chr6	85423127	85423128	+	0.00019	FDR	275	A	CCAGG	ok	False
chr6	85443649	85443650	+	2.8e-08	FDR	630	A	CCAGA	ok	False
chr6	85445108	85445109	+	0.0015	FDR	2909	A	CCAGC	ok	False
chr6	86346788	86346789	+	3.3e-09	FDR	171	A	GGACC	ok	True
chr6	86346796	86346797	+	0.014	FDR	187	A	GTAGA	ok	False
chr6	86346876	86346877	+	0.00027	FDR	192	A	GCAGT	ok	False
chr6	86346895	86346896	+	0.0039	FDR	189	A	ATAGC	ok	False
chr6	86352669	86352670	+	3.4e-08	FDR	636	A	CAAGA	ok	False
chr6	86501780	86501781	-	1.9e-20	FDR	1366	T	GATCA	ok	False
chr6	87002502	87002503	+	0.0028	FDR	310	A	CTACA	ok	False
chr6	87002613	87002614	+	0.043	FDR	304	A	TTATA	ok	False
chr6	87005313	87005314	+	0.014	FDR	322	A	AAATT	ok	False
chr6	87795465	87795466	-	3.7e-05	FDR	179	T	CTTTC	ok	False
chr6	87795466	87795467	-	5.5e-12	FDR	179	T	TTTCT	ok	False
chr6	87795479	87795480	-	4.9e-05	FDR	176	T	AGTTA	ok	True
chr6	87795783	87795784	-	0.029	FDR	189	T	TTTTA	ok	False
chr6	87889176	87889177	+	1.4e-12	FDR	286	A	ACATC	ok	False
chr6	87889218	87889219	+	8.3e-11	FDR	319	A	CGATG	ok	False
chr6	87889258	87889259	+	0.041	FDR	327	A	AGATA	ok	False
chr6	87889406	87889407	+	1.9e-08	FDR	373	A	AGATT	ok	False
chr6	87889452	87889453	+	0.038	FDR	364	A	AGATT	ok	False
chr6	87889487	87889488	+	0.017	FDR	358	A	GAATA	ok	False
chr6	87889492	87889493	+	0.008	FDR	352	A	AAATG	ok	False
chr6	87976381	87976382	-	2.5e-11	FDR	635	T	TCTGG	ok	False
chr6	87976521	87976522	-	0.011	FDR	345	T	ACTAC	ok	False
chr6	88080407	88080408	+	0.0035	FDR	359	A	AGAAG	ok	False
chr6	88080540	88080541	+	1.6e-10	FDR	497	A	CCAGA	ok	False
chr6	88234982	88234983	-	3.5e-05	FDR	155	T	GTTGC	ok	False
chr6	88235006	88235007	-	0.014	FDR	153	T	GATGG	ok	False
chr6	88235069	88235070	-	0.036	FDR	146	T	AATAA	ok	False
chr6	88235241	88235242	-	0.043	FDR	104	T	GTTGA	ok	False
chr6	88235300	88235301	-	5.7e-05	FDR	99	T	TCTCT	ok	False
chr6	88468510	88468511	+	0.037	FDR	383	A	ACATC	ok	False
chr6	88468528	88468529	+	0.00016	FDR	417	A	GCATC	ok	False
chr6	88468545	88468546	+	0.016	FDR	440	A	CTAGA	ok	False
chr6	88474261	88474262	+	7.4e-11	FDR	665	A	GCAAG	ok	False
chr6	88474262	88474263	+	0.043	FDR	671	A	CAAGG	ok	False
chr6	88474330	88474331	+	3.2e-10	FDR	668	A	CCAAG	ok	False
chr6	88480657	88480658	-	3.3e-46	FDR	592	T	AGTCC	ok	True
chr6	88860678	88860679	-	1.3e-50	FDR	1135	T	AGTCC	ok	True
chr6	88860723	88860724	-	1.3e-34	FDR	1460	T	AGTCT	ok	True
chr6	88860732	88860733	-	2.6e-08	FDR	1468	T	CCTGA	ok	False
chr6	88860775	88860776	-	1.3e-43	FDR	1359	T	TCTGG	ok	False
chr6	88860976	88860977	-	0.00024	FDR	858	T	GCTGG	ok	False
chr6	88861088	88861089	-	0.00013	FDR	457	T	CCTGG	ok	False
chr6	88861400	88861401	-	0.049	FDR	385	T	GCTGG	ok	False
chr6	89360315	89360316	-	0.0058	FDR	134	T	GATGC	ok	False
chr6	91441323	91441324	-	2.9e-24	FDR	492	T	TCTGG	ok	False
chr6	91441647	91441648	-	0.014	FDR	339	T	AATCT	ok	False
chr6	91735807	91735808	+	0.021	FDR	215	A	GAAGG	ok	False
chr6	91735815	91735816	+	0.0042	FDR	224	A	GGAGC	ok	False
chr6	91735858	91735859	+	9.5e-13	FDR	228	A	GCAGT	ok	False
chr6	91735940	91735941	+	0.026	FDR	226	A	TTAGA	ok	False
chr6	91735986	91735987	+	0.01	FDR	206	A	TTAGA	ok	False
chr6	92151879	92151880	-	5.3e-13	FDR	341	T	CATGT	ok	False
chr6	92151881	92151882	-	5.2e-15	FDR	289	T	TGTCC	ok	True
chr6	92151927	92151928	-	4.6e-08	FDR	394	T	CATCA	ok	False
chr6	92151962	92151963	-	1.8e-08	FDR	359	T	AGTCA	ok	True
chr6	92151976	92151977	-	1.8e-16	FDR	318	T	AGTCC	ok	True
chr6	92151980	92151981	-	2.5e-06	FDR	397	T	CATCC	ok	False
chr6	92152693	92152694	-	0.027	FDR	241	T	TTTCT	ok	False
chr6	92152740	92152741	-	7.6e-06	FDR	212	T	TCTTC	ok	False
chr6	92219161	92219162	-	1e-06	FDR	537	T	GATGC	ok	False
chr6	92219174	92219175	-	1.5e-07	FDR	559	T	TATAC	ok	False
chr6	92219218	92219219	-	1.2e-08	FDR	472	T	GATTT	ok	False
chr6	92219433	92219434	-	3.9e-06	FDR	331	T	GATGC	ok	False
chr6	106759178	106759179	+	0.029	FDR	160	A	GTAGC	ok	False
chr6	106759181	106759182	+	5.5e-05	FDR	164	A	GCAGA	ok	False
chr6	106759366	106759367	+	0.011	FDR	174	A	GAAAG	ok	False
chr6	108117180	108117181	-	0.012	FDR	3003	T	CCTCC	ok	False
chr6	108800277	108800278	+	0.013	FDR	129	A	TTAAT	ok	False
chr6	108800341	108800342	+	0.0015	FDR	128	A	ACATC	ok	False
chr6	108800417	108800418	+	0.0012	FDR	160	A	AAATA	ok	False
chr6	113044954	113044955	+	0.01	FDR	148	A	GTATT	ok	False
chr6	113045010	113045011	+	0.0047	FDR	156	A	ATATT	ok	False
chr6	113491931	113491932	-	0.009	FDR	120	T	GGTAC	ok	False
chr6	113491970	113491971	-	0.0048	FDR	128	T	ACTCC	ok	False
chr6	113492086	113492087	-	0.0086	FDR	118	T	ATTTA	ok	False
chr6	113492087	113492088	-	0.0017	FDR	118	T	TTTAC	ok	False
chr6	113593154	113593155	+	0.00089	FDR	198	A	ACAGG	ok	False
chr6	113593238	113593239	+	3.4e-19	FDR	268	A	GCAAG	ok	False
chr6	113593242	113593243	+	2.2e-10	FDR	287	A	GCAGT	ok	False
chr6	113593506	113593507	+	1.8e-10	FDR	562	A	CCAGA	ok	False
chr6	113593530	113593531	+	0.0039	FDR	567	A	CCAGT	ok	False
chr6	113593557	113593558	+	1.4e-26	FDR	576	A	CCAGG	ok	False
chr6	113593580	113593581	+	1.4e-42	FDR	459	A	GGACA	ok	True
chr6	113593582	113593583	+	2.8e-15	FDR	538	A	ACATT	ok	False
chr6	113593857	113593858	+	6.1e-08	FDR	128	A	GGACT	ok	True
chr6	113705049	113705050	-	1e-06	FDR	395	T	ATTAG	ok	False
chr6	113705308	113705309	-	0.0099	FDR	376	T	GCTGT	ok	False
chr6	113705392	113705393	-	0.0011	FDR	336	T	ACTGT	ok	False
chr6	113706671	113706672	-	6.1e-05	FDR	213	T	CATCG	ok	False
chr6	114981458	114981459	-	0.039	FDR	209	T	TATAA	ok	False
chr6	114989227	114989228	-	0.027	FDR	163	T	TGTAG	ok	False
chr6	115555158	115555159	+	0.023	FDR	101	A	TGAAA	ok	False
chr6	115555162	115555163	+	0.00087	FDR	104	A	ATACT	ok	False
chr6	115555178	115555179	+	3.3e-19	FDR	116	A	GCATT	ok	False
chr6	115555184	115555185	+	4.8e-05	FDR	113	A	TCAGT	ok	False
chr6	115782526	115782527	-	7.9e-105	FDR	10617	T	CATTT	ok	False
chr6	115782550	115782551	-	5.1e-11	FDR	13155	T	CGTTG	ok	False
chr6	115783956	115783957	-	0.014	FDR	13221	T	CATCA	ok	False
chr6	115784067	115784068	-	1.5e-240	FDR	11608	T	GATCT	ok	False
chr6	115784069	115784070	-	2.9e-224	FDR	11606	T	TCTGG	ok	False
chr6	115784109	115784110	-	1e-15	FDR	10773	T	TCTGG	ok	False
chr6	115784787	115784788	-	1e-39	FDR	9060	T	ACTGG	ok	False
chr6	118360475	118360476	-	3.3e-12	FDR	294	T	GATGC	ok	False
chr6	119330203	119330204	-	3.7e-08	FDR	250	T	TTTCT	ok	False
chr6	119330205	119330206	-	1.8e-12	FDR	250	T	TCTGG	ok	False
chr6	119330221	119330222	-	0.035	FDR	239	T	TCTAT	ok	False
chr6	119330393	119330394	-	1.5e-07	FDR	219	T	ACTGC	ok	False
chr6	119330396	119330397	-	0.00019	FDR	222	T	GCTGA	ok	False
chr6	119330482	119330483	-	1.5e-07	FDR	183	T	GCTGC	ok	False
chr6	119459446	119459447	+	0.029	FDR	152	A	TTATC	ok	False
chr6	120772492	120772493	-	0.0089	FDR	357	T	GCTGG	ok	False
chr6	120772528	120772529	-	0.0039	FDR	323	T	GCTGT	ok	False
chr6	120772566	120772567	-	0.0022	FDR	269	T	TGTCC	ok	True
chr6	120772581	120772582	-	0.048	FDR	223	T	AGTAT	ok	False
chr6	120772647	120772648	-	0.0009	FDR	234	T	ACTGC	ok	False
chr6	122583253	122583254	-	9.8e-12	FDR	406	T	CCTAG	ok	False
chr6	122583535	122583536	-	7.7e-12	FDR	265	T	GGTCC	ok	True
chr6	124681474	124681475	-	3e-70	FDR	928	T	AGTCC	ok	True
chr6	124682716	124682717	-	0.029	FDR	307	T	TGTCT	ok	True
chr6	124682718	124682719	-	0.0066	FDR	306	T	TCTGG	ok	False
chr6	124682742	124682743	-	0.031	FDR	293	T	CGTCC	ok	False
chr6	124691812	124691813	+	0.0016	FDR	316	A	AGAGA	ok	False
chr6	124692046	124692047	+	0.018	FDR	501	A	CCAGT	ok	False
chr6	124692605	124692606	+	0.00041	FDR	786	A	CCAGA	ok	False
chr6	124693707	124693708	+	5.3e-137	FDR	1939	A	GGACT	ok	True
chr6	124693810	124693811	+	6.6e-05	FDR	2222	A	TGATT	ok	False
chr6	124693859	124693860	+	2.4e-18	FDR	2213	A	AGATA	ok	False
chr6	124717514	124717515	-	0.017	FDR	345	T	AATAA	ok	False
chr6	124717597	124717598	-	0.024	FDR	321	T	CCTCG	ok	False
chr6	124717885	124717886	-	0.00046	FDR	263	T	CTTGG	ok	False
chr6	124717900	124717901	-	0.023	FDR	260	T	GCTCA	ok	False
chr6	124791997	124791998	-	0.00013	FDR	391	T	TTTAT	ok	False
chr6	124792301	124792302	-	0.037	FDR	339	T	ACTGT	ok	False
chr6	124792352	124792353	-	4.3e-11	FDR	232	T	AGTCT	ok	True
chr6	124809285	124809286	+	3e-05	FDR	243	A	TGAAC	ok	False
chr6	124809311	124809312	+	6.8e-15	FDR	255	A	CCAAG	ok	False
chr6	124809323	124809324	+	0.033	FDR	274	A	CCAAA	ok	False
chr6	124809324	124809325	+	0.0032	FDR	276	A	CAAAC	ok	False
chr6	124809533	124809534	+	3.9e-14	FDR	349	A	CTAAG	ok	False
chr6	124809620	124809621	+	2.9e-08	FDR	450	A	TGACA	ok	True
chr6	124809622	124809623	+	3.5e-06	FDR	446	A	ACACT	ok	False
chr6	124809984	124809985	+	9.6e-12	FDR	518	A	GGACC	ok	True
chr6	124810059	124810060	+	0.0089	FDR	505	A	GGACC	ok	True
chr6	124810073	124810074	+	0.014	FDR	537	A	AAAAT	ok	False
chr6	124810080	124810081	+	3.4e-12	FDR	531	A	GCATT	ok	False
chr6	124810124	124810125	+	0.047	FDR	531	A	CCAAG	ok	False
chr6	124810151	124810152	+	2.5e-06	FDR	545	A	TGATT	ok	False
chr6	124810176	124810177	+	0.028	FDR	518	A	GTACT	ok	False
chr6	124810195	124810196	+	8.2e-06	FDR	502	A	TTAAA	ok	False
chr6	124912764	124912765	+	9.8e-06	FDR	1085	A	CCATC	ok	False
chr6	124912911	124912912	+	0.026	FDR	1390	A	CCACC	ok	False
chr6	124913087	124913088	+	8e-06	FDR	1545	A	GAATA	ok	False
chr6	124935520	124935521	-	0.024	FDR	139	T	GGTCC	ok	True
chr6	124935601	124935602	-	0.0078	FDR	139	T	GCTGA	ok	False
chr6	124935649	124935650	-	9.6e-05	FDR	125	T	CCTAG	ok	False
chr6	124935694	124935695	-	2e-07	FDR	126	T	CTTGG	ok	False
chr6	125121050	125121051	+	1.1e-05	FDR	279	A	GAAAG	ok	False
chr6	125121051	125121052	+	0.013	FDR	305	A	AAAGC	ok	False
chr6	125121067	125121068	+	0.00073	FDR	317	A	TGAAG	ok	False
chr6	125121072	125121073	+	2.4e-12	FDR	278	A	GCAAA	ok	False
chr6	125121073	125121074	+	0.0005	FDR	324	A	CAAAG	ok	False
chr6	125121098	125121099	+	0.034	FDR	320	A	ACATT	ok	False
chr6	125121300	125121301	+	3.3e-05	FDR	402	A	CCAAA	ok	False
chr6	125121301	125121302	+	0.00012	FDR	501	A	CAAAG	ok	False
chr6	125121319	125121320	+	2.8e-26	FDR	577	A	CCAGG	ok	False
chr6	125121329	125121330	+	4.9e-30	FDR	510	A	GGACT	ok	True
chr6	125121385	125121386	+	0.0029	FDR	594	A	CTAAG	ok	False
chr6	125121389	125121390	+	5.6e-26	FDR	457	A	GGACT	ok	True
chr6	125121501	125121502	+	8.3e-32	FDR	613	A	GGACC	ok	True
chr6	125121507	125121508	+	0.043	FDR	736	A	TCAGC	ok	False
chr6	125121587	125121588	+	0.001	FDR	736	A	CCAGC	ok	False
chr6	125138842	125138843	-	0.041	FDR	133	T	TATTC	ok	False
chr6	125138937	125138938	-	0.0019	FDR	149	T	AGTTG	ok	False
chr6	125139013	125139014	-	0.0031	FDR	108	T	TGTAG	ok	False
chr6	125139038	125139039	-	0.013	FDR	130	T	GTTGC	ok	False
chr6	125139247	125139248	-	8e-05	FDR	75	T	GTTGC	ok	False
chr6	125139273	125139274	-	0.011	FDR	73	T	CCTGG	ok	False
chr6	125139523	125139524	-	0.0011	FDR	28	T	GTTCA	ok	False
chr6	125139530	125139531	-	0.0055	FDR	28	T	TCTGG	ok	False
chr6	125139541	125139542	-	1.1e-05	FDR	27	T	CTTGC	ok	False
chr6	125139569	125139570	-	0.00042	FDR	24	T	GATGC	ok	False
chr6	125139580	125139581	-	6.5e-06	FDR	23	T	GATGT	ok	False
chr6	125139642	125139643	-	1.6e-08	FDR	22	T	TCTGG	ok	False
chr6	125140115	125140116	-	0.049	FDR	8	T	CATGG	ok	False
chr6	125145068	125145069	-	1.3e-09	FDR	546	T	AATGC	ok	False
chr6	125145136	125145137	-	7.4e-14	FDR	649	T	AATCC	ok	False
chr6	125145156	125145157	-	2e-16	FDR	643	T	GATAC	ok	False
chr6	125145220	125145221	-	5.7e-23	FDR	622	T	GATGC	ok	False
chr6	125145250	125145251	-	2.6e-09	FDR	534	T	GGTGT	ok	False
chr6	125145259	125145260	-	0.048	FDR	613	T	TCTTC	ok	False
chr6	125145280	125145281	-	2.3e-19	FDR	574	T	AGTTC	ok	True
chr6	125145554	125145555	-	5.7e-17	FDR	581	T	CGTCC	ok	False
chr6	125145569	125145570	-	8.9e-10	FDR	588	T	CGTCA	ok	False
chr6	125145605	125145606	-	0.004	FDR	555	T	ACTTC	ok	False
chr6	125145606	125145607	-	0.0012	FDR	553	T	CTTCT	ok	False
chr6	125145625	125145626	-	1e-06	FDR	525	T	TGTGG	ok	False
chr6	125145637	125145638	-	1.2e-05	FDR	513	T	GGTTT	ok	True
chr6	125145672	125145673	-	2.9e-06	FDR	409	T	ATTGT	ok	False
chr6	125145857	125145858	-	5.5e-07	FDR	367	T	GCTGG	ok	False
chr6	125170341	125170342	+	5e-17	FDR	894	A	CTATC	ok	False
chr6	125170390	125170391	+	1.5e-06	FDR	892	A	AAATG	ok	False
chr6	125437363	125437364	-	0.0008	FDR	829	T	TCTGG	ok	False
chr6	125437518	125437519	-	0.011	FDR	648	T	ACTGT	ok	False
chr6	125437545	125437546	-	0.011	FDR	588	T	ACTAA	ok	False
chr6	126809466	126809467	-	1.7e-06	FDR	377	T	TCTGG	ok	False
chr6	126811404	126811405	-	6.7e-05	FDR	259	T	GCTTC	ok	False
chr6	127063070	127063071	-	0.0027	FDR	162	T	TGTTC	ok	True
chr6	127063106	127063107	-	1.7e-05	FDR	164	T	GATGG	ok	False
chr6	127064611	127064612	-	1.1e-06	FDR	82	T	TGTCC	ok	True
chr6	127064629	127064630	-	0.032	FDR	158	T	GATCA	ok	False
chr6	127064770	127064771	-	0.016	FDR	160	T	GCTTC	ok	False
chr6	127064853	127064854	-	8.1e-12	FDR	150	T	AGTCA	ok	True
chr6	128298141	128298142	-	0.046	FDR	182	T	CTTTA	ok	False
chr6	128298205	128298206	-	3.2e-09	FDR	159	T	AGTCC	ok	True
chr6	128298248	128298249	-	4.3e-17	FDR	185	T	AGTCA	ok	True
chr6	128298270	128298271	-	0.00078	FDR	161	T	AGTGG	ok	False
chr6	128298336	128298337	-	0.00064	FDR	188	T	GTTTC	ok	False
chr6	128407664	128407665	-	1.9e-37	FDR	1704	T	GTTTT	ok	False
chr6	128407665	128407666	-	1.3e-46	FDR	1799	T	TTTTT	ok	False
chr6	128407683	128407684	-	1.7e-14	FDR	1702	T	GGTGG	ok	False
chr6	128407744	128407745	-	1.2e-29	FDR	1781	T	GCTTC	ok	False
chr6	128407778	128407779	-	2.9e-56	FDR	1737	T	CATTG	ok	False
chr6	128407779	128407780	-	6.8e-39	FDR	1746	T	ATTGT	ok	False
chr6	128409424	128409425	-	0.041	FDR	1594	T	CATAG	ok	False
chr6	128409458	128409459	-	0.0019	FDR	1582	T	GGTCC	ok	True
chr6	128409508	128409509	-	8e-16	FDR	1412	T	GATAG	ok	False
chr6	128409547	128409548	-	6.7e-22	FDR	1341	T	GGTCA	ok	True
chr6	128409553	128409554	-	5.3e-19	FDR	1330	T	AGTCA	ok	True
chr6	128410200	128410201	-	0.047	FDR	672	T	TCTAG	ok	False
chr6	128410230	128410231	-	1e-05	FDR	494	T	AGTAA	ok	False
chr6	128410490	128410491	-	0.0021	FDR	417	T	CTTGA	ok	False
chr6	128913371	128913372	-	7.8e-13	FDR	2	T	GTTGC	ok	False
chr6	128913699	128913700	-	0.018	FDR	0	T	ACTGT	ok	False
chr6	128913745	128913746	-	0.0023	FDR	0	T	ACTGA	ok	False
chr6	131341841	131341842	-	0.00086	FDR	1188	T	TATTT	ok	False
chr6	131341842	131341843	-	6.1e-08	FDR	1681	T	ATTTT	ok	False
chr6	131341856	131341857	-	0.00013	FDR	1707	T	TGTTA	ok	True
chr6	131341857	131341858	-	5.2e-10	FDR	1707	T	GTTAC	ok	False
chr6	131341866	131341867	-	1.8e-29	FDR	1628	T	CATTT	ok	False
chr6	131341867	131341868	-	1.3e-16	FDR	1701	T	ATTTC	ok	False
chr6	131341910	131341911	-	0.0002	FDR	1706	T	CATCC	ok	False
chr6	131341948	131341949	-	2.6e-27	FDR	1708	T	AATCA	ok	False
chr6	131342007	131342008	-	3.1e-08	FDR	926	T	CATTT	ok	False
chr6	131342008	131342009	-	0.048	FDR	1759	T	ATTTA	ok	False
chr6	131342019	131342020	-	3.5e-14	FDR	1761	T	ATTTC	ok	False
chr6	131342025	131342026	-	2.7e-15	FDR	1533	T	GATTT	ok	False
chr6	131342026	131342027	-	1.8e-06	FDR	1771	T	ATTTC	ok	False
chr6	131342027	131342028	-	0.00029	FDR	1774	T	TTTCT	ok	False
chr6	131342034	131342035	-	0.0047	FDR	1765	T	GGTTG	ok	False
chr6	131342054	131342055	-	6.5e-13	FDR	1535	T	GGTAT	ok	False
chr6	131342072	131342073	-	0.0008	FDR	1653	T	TTTAA	ok	False
chr6	131342075	131342076	-	3.9e-54	FDR	1646	T	AATTC	ok	False
chr6	131342081	131342082	-	0.01	FDR	1610	T	TATTA	ok	False
chr6	131342082	131342083	-	0.0082	FDR	1625	T	ATTAC	ok	False
chr6	131342111	131342112	-	8.7e-31	FDR	1474	T	AATAG	ok	False
chr6	131342125	131342126	-	1.2e-36	FDR	1492	T	GGTTG	ok	False
chr6	131342126	131342127	-	8.9e-23	FDR	1502	T	GTTGC	ok	False
chr6	131342204	131342205	-	0.0013	FDR	1290	T	GTTCC	ok	False
chr6	131342227	131342228	-	9.8e-07	FDR	1157	T	CGTAG	ok	False
chr6	131342246	131342247	-	8e-08	FDR	1098	T	CATTC	ok	False
chr6	131342252	131342253	-	5.3e-09	FDR	883	T	AATGT	ok	False
chr6	131342254	131342255	-	4.4e-26	FDR	657	T	TGTCC	ok	True
chr6	131342322	131342323	-	6.4e-09	FDR	840	T	TGTGC	ok	False
chr6	131342355	131342356	-	2.8e-26	FDR	734	T	AATTC	ok	False
chr6	131345442	131345443	-	6.9e-06	FDR	401	T	GGTTT	ok	True
chr6	135000316	135000317	+	0.023	FDR	252	A	CCATT	ok	False
chr6	135000383	135000384	+	0.028	FDR	304	A	AAAGA	ok	False
chr6	135000483	135000484	+	1.6e-16	FDR	290	A	GGACA	ok	True
chr6	135000485	135000486	+	8.5e-30	FDR	335	A	ACAAC	ok	False
chr6	135000529	135000530	+	2e-07	FDR	368	A	GCATT	ok	False
chr6	135000622	135000623	+	4.7e-13	FDR	303	A	TGACT	ok	True
chr6	136785376	136785377	+	8.5e-12	FDR	391	A	CCAAG	ok	False
chr6	136785377	136785378	+	7.9e-07	FDR	396	A	CAAGG	ok	False
chr6	136785410	136785411	+	3.2e-19	FDR	418	A	GCAGT	ok	False
chr6	136785550	136785551	+	0.0022	FDR	507	A	CGAGG	ok	False
chr6	136785674	136785675	+	1.9e-10	FDR	557	A	CCAGG	ok	False
chr6	136791052	136791053	-	0.00054	FDR	313	T	CCTTG	ok	False
chr6	136791127	136791128	-	0.00096	FDR	262	T	ATTGC	ok	False
chr6	137725818	137725819	+	0.013	FDR	259	A	GGAAA	ok	False
chr6	137727647	137727648	+	2.2e-05	FDR	329	A	GGACT	ok	True
chr6	137727809	137727810	+	6.6e-31	FDR	554	A	GGATT	ok	False
chr6	137728051	137728052	+	8.9e-11	FDR	771	A	ACAGC	ok	False
chr6	137728643	137728644	+	1.1e-07	FDR	178	A	GAACA	ok	True
chr6	137728693	137728694	+	1.8e-08	FDR	185	A	TTAGT	ok	False
chr6	137728705	137728706	+	0.0008	FDR	190	A	TCAGA	ok	False
chr6	137728744	137728745	+	0.0027	FDR	155	A	GCACT	ok	False
chr6	137728805	137728806	+	1e-06	FDR	192	A	GCAGT	ok	False
chr6	142721366	142721367	+	0.00057	FDR	242	A	GGATT	ok	False
chr6	144945034	144945035	-	3.2e-12	FDR	796	T	TCTGG	ok	False
chr6	144945195	144945196	-	1.6e-05	FDR	577	T	GCTGG	ok	False
chr6	148257011	148257012	+	2.9e-159	FDR	2173	A	GGACA	ok	True
chr7	3708848	3708849	+	1.3e-16	FDR	6649	A	CCAGG	ok	False
chr7	4154457	4154458	-	2.2e-06	FDR	78	T	CGTCC	ok	False
chr7	4154499	4154500	-	0.00052	FDR	64	T	GGTCC	ok	True
chr7	4634554	4634555	-	0.00048	FDR	232	T	CTTGC	ok	False
chr7	4634659	4634660	-	0.04	FDR	237	T	TCTGG	ok	False
chr7	4663681	4663682	-	1.8e-07	FDR	219	T	CCTGG	ok	False
chr7	4792014	4792015	-	0.0058	FDR	80	T	ACTCG	ok	False
chr7	4792124	4792125	-	0.024	FDR	85	T	GCTGA	ok	False
chr7	4797434	4797435	+	7.8e-12	FDR	1661	A	CCAGT	ok	False
chr7	4811024	4811025	-	4.4e-05	FDR	541	T	ACTTT	ok	False
chr7	4811025	4811026	-	0.00036	FDR	1123	T	CTTTT	ok	False
chr7	4814467	4814468	-	1.5e-11	FDR	464	T	AATGC	ok	False
chr7	12656300	12656301	+	3.2e-08	FDR	2749	A	CCAGT	ok	False
chr7	12660558	12660559	+	6.7e-05	FDR	8515	A	CTAAC	ok	False
chr7	12739605	12739606	-	0.0065	FDR	76	T	TGTCC	ok	True
chr7	12763731	12763732	+	2.5e-10	FDR	710	A	GCAGT	ok	False
chr7	12764944	12764945	+	8.8e-102	FDR	4588	A	AAAAC	ok	False
chr7	15651172	15651173	-	1.1e-07	FDR	733	T	CCTGG	ok	False
chr7	15651184	15651185	-	0.0018	FDR	733	T	GCTGC	ok	False
chr7	15651320	15651321	-	1.4e-05	FDR	736	T	TCTGG	ok	False
chr7	15651351	15651352	-	1.8e-23	FDR	734	T	TCTGG	ok	False
chr7	15653775	15653776	-	1.7e-67	FDR	541	T	CCTGC	ok	False
chr7	15653781	15653782	-	0.042	FDR	569	T	TCTAG	ok	False
chr7	15653797	15653798	-	0.039	FDR	574	T	ACTGA	ok	False
chr7	15653840	15653841	-	5.3e-24	FDR	502	T	CTTGC	ok	False
chr7	15654022	15654023	-	4.2e-08	FDR	410	T	CCTGG	ok	False
chr7	15654270	15654271	-	1.8e-07	FDR	297	T	CTTGA	ok	False
chr7	15654375	15654376	-	0.0017	FDR	192	T	CTTGG	ok	False
chr7	15656179	15656180	-	3.8e-09	FDR	200	T	AATAC	ok	False
chr7	15656208	15656209	-	3.8e-07	FDR	198	T	GCTGC	ok	False
chr7	15672110	15672111	-	0.0001	FDR	712	T	GGTAG	ok	False
chr7	15672131	15672132	-	0.0003	FDR	683	T	GCTTC	ok	False
chr7	15672142	15672143	-	0.0037	FDR	642	T	TATTT	ok	False
chr7	15672294	15672295	-	0.04	FDR	734	T	GCTCA	ok	False
chr7	15672301	15672302	-	0.013	FDR	688	T	CATAT	ok	False
chr7	15672309	15672310	-	0.01	FDR	734	T	TCTTC	ok	False
chr7	15672312	15672313	-	0.00033	FDR	737	T	TCTGG	ok	False
chr7	15672347	15672348	-	0.017	FDR	704	T	CCTTC	ok	False
chr7	15672850	15672851	-	8.9e-06	FDR	670	T	AGTGA	ok	False
chr7	15672885	15672886	-	0.00079	FDR	654	T	AATGT	ok	False
chr7	15673030	15673031	-	0.034	FDR	645	T	CTTCG	ok	False
chr7	15673038	15673039	-	0.0055	FDR	663	T	CTTGT	ok	False
chr7	15673040	15673041	-	6.9e-11	FDR	663	T	TGTCA	ok	True
chr7	15673062	15673063	-	0.00021	FDR	617	T	TATGC	ok	False
chr7	15673091	15673092	-	3.1e-09	FDR	630	T	GTTCT	ok	False
chr7	15673093	15673094	-	7.8e-05	FDR	627	T	TCTGC	ok	False
chr7	15850699	15850700	+	5.9e-09	FDR	163	A	GGACA	ok	True
chr7	15850781	15850782	+	5.5e-06	FDR	174	A	CTAAG	ok	False
chr7	15850821	15850822	+	0.038	FDR	224	A	AGATA	ok	False
chr7	15850823	15850824	+	9e-07	FDR	218	A	ATAAG	ok	False
chr7	15850844	15850845	+	0.0073	FDR	215	A	AGACT	ok	True
chr7	15851026	15851027	+	1.2e-06	FDR	134	A	GGACA	ok	True
chr7	16061131	16061132	-	0.00018	FDR	492	T	GGTAA	ok	False
chr7	16189250	16189251	+	1.1e-10	FDR	300	A	CTACA	ok	False
chr7	16189271	16189272	+	5.4e-06	FDR	412	A	GGACG	ok	False
chr7	16189368	16189369	+	1.4e-06	FDR	392	A	GGACT	ok	True
chr7	16229040	16229041	-	0.0003	FDR	157	T	GATTC	ok	False
chr7	16229147	16229148	-	9e-06	FDR	155	T	GCTGC	ok	False
chr7	16477176	16477177	+	0.042	FDR	215	A	GCAAG	ok	False
chr7	16477219	16477220	+	0.033	FDR	237	A	CGAGA	ok	False
chr7	16482840	16482841	+	6.6e-15	FDR	621	A	TTACA	ok	False
chr7	16649392	16649393	-	0.019	FDR	370	T	TGTTT	ok	True
chr7	16649458	16649459	-	7.9e-05	FDR	366	T	AGTCC	ok	True
chr7	16650797	16650798	-	2.5e-09	FDR	271	T	GGTAC	ok	False
chr7	16650886	16650887	-	2.9e-08	FDR	273	T	CATCA	ok	False
chr7	16651044	16651045	-	8.5e-12	FDR	273	T	GATCA	ok	False
chr7	16651058	16651059	-	5.6e-05	FDR	249	T	CTTCC	ok	False
chr7	16651351	16651352	-	0.00036	FDR	219	T	GCTGT	ok	False
chr7	16651370	16651371	-	0.043	FDR	216	T	TTTCT	ok	False
chr7	16738693	16738694	-	0.00048	FDR	197	T	CCTGA	ok	False
chr7	16738846	16738847	-	0.00037	FDR	194	T	TCTCC	ok	False
chr7	16738872	16738873	-	0.00022	FDR	198	T	CGTCT	ok	False
chr7	18788125	18788126	+	2.9e-07	FDR	208	A	CGAAT	ok	False
chr7	18788362	18788363	+	1.6e-05	FDR	247	A	GAACC	ok	True
chr7	18883761	18883762	+	1.4e-07	FDR	312	A	CCAAA	ok	False
chr7	18885240	18885241	+	2.5e-10	FDR	1448	A	GCAGT	ok	False
chr7	18886491	18886492	+	4.6e-06	FDR	1738	A	ACAAG	ok	False
chr7	18990881	18990882	-	0.0087	FDR	245	T	ATTCA	ok	False
chr7	18990994	18990995	-	0.00038	FDR	248	T	AATCC	ok	False
chr7	18991006	18991007	-	0.0052	FDR	235	T	AATAA	ok	False
chr7	19089059	19089060	+	0.0099	FDR	91	A	GAACA	ok	True
chr7	19089068	19089069	+	3.9e-06	FDR	84	A	CGACA	ok	False
chr7	19314093	19314094	+	0.0049	FDR	137	A	GAACC	ok	True
chr7	19314385	19314386	+	4.2e-08	FDR	151	A	GGACT	ok	True
chr7	19314392	19314393	+	1.1e-07	FDR	196	A	TAAAA	ok	False
chr7	19314393	19314394	+	3.3e-08	FDR	208	A	AAAAC	ok	False
chr7	19314394	19314395	+	8.9e-08	FDR	209	A	AAACT	ok	True
chr7	19314410	19314411	+	2e-05	FDR	204	A	GCACT	ok	False
chr7	19314446	19314447	+	2.1e-13	FDR	176	A	GGACA	ok	True
chr7	19314448	19314449	+	7.9e-15	FDR	192	A	ACAAG	ok	False
chr7	19435249	19435250	-	0.0001	FDR	736	T	TTTTC	ok	False
chr7	19435256	19435257	-	5.8e-05	FDR	661	T	CGTAT	ok	False
chr7	19435297	19435298	-	7e-08	FDR	748	T	TGTCC	ok	True
chr7	19435430	19435431	-	4.2e-05	FDR	1026	T	CCTCT	ok	False
chr7	19450815	19450816	-	0.018	FDR	86	T	TCTAG	ok	False
chr7	19450841	19450842	-	0.0021	FDR	91	T	TCTGG	ok	False
chr7	19458164	19458165	-	3.4e-05	FDR	106	T	AGTCC	ok	True
chr7	19458220	19458221	-	1.9e-05	FDR	113	T	GATAG	ok	False
chr7	19458244	19458245	-	3e-05	FDR	114	T	TGTCC	ok	True
chr7	19458305	19458306	-	5.3e-06	FDR	81	T	AGTCC	ok	True
chr7	19458324	19458325	-	9.4e-06	FDR	115	T	CATCG	ok	False
chr7	19490080	19490081	-	9.5e-12	FDR	389	T	CATTT	ok	False
chr7	19490081	19490082	-	1.5e-07	FDR	468	T	ATTTA	ok	False
chr7	19490084	19490085	-	5.4e-09	FDR	378	T	TATTT	ok	False
chr7	19490085	19490086	-	0.014	FDR	467	T	ATTTC	ok	False
chr7	19490092	19490093	-	9.8e-06	FDR	465	T	AGTCC	ok	True
chr7	19490157	19490158	-	3.8e-06	FDR	477	T	TGTCA	ok	True
chr7	19490216	19490217	-	8.7e-24	FDR	443	T	GGTAA	ok	False
chr7	19490222	19490223	-	8.6e-12	FDR	482	T	AATAG	ok	False
chr7	19490289	19490290	-	4.4e-11	FDR	457	T	TATTC	ok	False
chr7	19490308	19490309	-	0.0092	FDR	433	T	GTTAC	ok	False
chr7	19542609	19542610	-	1.9e-05	FDR	123	T	AGTCC	ok	True
chr7	24214709	24214710	+	1.7e-05	FDR	235	A	GTACC	ok	False
chr7	24214797	24214798	+	0.00048	FDR	268	A	GGAAC	ok	False
chr7	24214815	24214816	+	0.028	FDR	252	A	GGAAA	ok	False
chr7	24214816	24214817	+	0.00029	FDR	273	A	GAAAC	ok	False
chr7	24214865	24214866	+	6.7e-05	FDR	260	A	GCACC	ok	False
chr7	24214869	24214870	+	0.0086	FDR	248	A	CTACC	ok	False
chr7	24214890	24214891	+	2.5e-13	FDR	217	A	GGACT	ok	True
chr7	24215059	24215060	+	8.3e-06	FDR	269	A	TAATG	ok	False
chr7	24584965	24584966	+	0.021	FDR	5854	A	CTACA	ok	False
chr7	24669277	24669278	-	0.003	FDR	333	T	GGTAG	ok	False
chr7	24669354	24669355	-	9.2e-06	FDR	348	T	GGTTC	ok	True
chr7	24669355	24669356	-	0.043	FDR	350	T	GTTCC	ok	False
chr7	24669359	24669360	-	4.9e-07	FDR	350	T	CATCT	ok	False
chr7	24669414	24669415	-	2.8e-07	FDR	324	T	CCTAT	ok	False
chr7	24669416	24669417	-	0.044	FDR	298	T	TATGA	ok	False
chr7	24669601	24669602	-	0.039	FDR	279	T	GCTCA	ok	False
chr7	24671192	24671193	-	7.3e-05	FDR	197	T	AGTAC	ok	False
chr7	24942821	24942822	-	2.1e-05	FDR	251	T	CATTC	ok	False
chr7	24942822	24942823	-	0.017	FDR	256	T	ATTCC	ok	False
chr7	24943074	24943075	-	0.0024	FDR	207	T	TCTGC	ok	False
chr7	25274051	25274052	+	9.9e-11	FDR	0	A	CCAAG	ok	False
chr7	25274140	25274141	+	0.00015	FDR	0	A	CCAGA	ok	False
chr7	25274146	25274147	+	1.6e-08	FDR	0	A	ACAGT	ok	False
chr7	25274210	25274211	+	1.8e-14	FDR	0	A	CCAGG	ok	False
chr7	25329390	25329391	-	0.012	FDR	198	T	TTTAC	ok	False
chr7	25329457	25329458	-	0.00031	FDR	199	T	CCTGG	ok	False
chr7	25362647	25362648	+	0.015	FDR	170	A	TGATC	ok	False
chr7	25364951	25364952	+	0.00021	FDR	303	A	AAATC	ok	False
chr7	25367225	25367226	+	0.00017	FDR	529	A	CCAGG	ok	False
chr7	25420984	25420985	-	0.005	FDR	197	T	TGTGC	ok	False
chr7	25420991	25420992	-	5.3e-07	FDR	203	T	AGTTA	ok	True
chr7	25421036	25421037	-	0.0034	FDR	119	T	GATTT	ok	False
chr7	26858178	26858179	-	0.0003	FDR	164	T	AGTCC	ok	True
chr7	26858367	26858368	-	0.00012	FDR	151	T	CATGA	ok	False
chr7	27741206	27741207	-	5.7e-17	FDR	909	T	GGTGC	ok	False
chr7	27874453	27874454	+	3e-06	FDR	245	A	GAATC	ok	False
chr7	27875342	27875343	+	1.1e-09	FDR	264	A	CTATC	ok	False
chr7	27875384	27875385	+	0.043	FDR	270	A	CCAAG	ok	False
chr7	27877666	27877667	+	3.6e-13	FDR	358	A	CCAGA	ok	False
chr7	28005009	28005010	-	9.9e-11	FDR	173	T	AGTCC	ok	True
chr7	28005120	28005121	-	0.0077	FDR	182	T	GCTGG	ok	False
chr7	28005200	28005201	-	3.1e-07	FDR	154	T	AGTCC	ok	True
chr7	28005333	28005334	-	2.7e-13	FDR	204	T	AGTCT	ok	True
chr7	28006351	28006352	-	0.0011	FDR	110	T	CTTGC	ok	False
chr7	28086182	28086183	-	8.9e-20	FDR	190	T	CATTC	ok	False
chr7	28086214	28086215	-	9.7e-08	FDR	192	T	GCTGC	ok	False
chr7	28086259	28086260	-	0.047	FDR	195	T	CTTGT	ok	False
chr7	28086270	28086271	-	2.3e-15	FDR	160	T	AGTCC	ok	True
chr7	28086289	28086290	-	6.2e-05	FDR	181	T	AATGT	ok	False
chr7	28086291	28086292	-	0.013	FDR	170	T	TGTCT	ok	True
chr7	28086309	28086310	-	0.00052	FDR	193	T	TCTGG	ok	False
chr7	28086333	28086334	-	0.035	FDR	176	T	ACTGT	ok	False
chr7	28086339	28086340	-	9.9e-07	FDR	186	T	GGTAG	ok	False
chr7	28090548	28090549	-	0.0027	FDR	126	T	ATTCT	ok	False
chr7	28091883	28091884	-	0.042	FDR	107	T	ACTCT	ok	False
chr7	28091901	28091902	-	0.0064	FDR	111	T	GATGA	ok	False
chr7	28091945	28091946	-	0.00025	FDR	101	T	GCTGC	ok	False
chr7	28099183	28099184	-	0.00053	FDR	209	T	GCTGT	ok	False
chr7	28144288	28144289	+	0.021	FDR	95	A	CTACA	ok	False
chr7	28144327	28144328	+	0.025	FDR	109	A	CTATC	ok	False
chr7	28145917	28145918	+	0.0032	FDR	100	A	ATAGG	ok	False
chr7	28453103	28453104	+	1.3e-06	FDR	139	A	GGACT	ok	True
chr7	28458624	28458625	-	4.2e-05	FDR	168	T	ATTCA	ok	False
chr7	28458627	28458628	-	5.8e-06	FDR	168	T	CATCC	ok	False
chr7	28459289	28459290	-	7.7e-17	FDR	154	T	GCTGC	ok	False
chr7	28459391	28459392	-	0.0095	FDR	157	T	ACTGC	ok	False
chr7	28531251	28531252	+	1.3e-05	FDR	217	A	CTACT	ok	False
chr7	28531467	28531468	+	0.016	FDR	266	A	TCATC	ok	False
chr7	28531472	28531473	+	0.016	FDR	272	A	AAATC	ok	False
chr7	28531492	28531493	+	0.0028	FDR	267	A	GGAGA	ok	False
chr7	28531503	28531504	+	1.3e-11	FDR	264	A	ACACA	ok	False
chr7	28531512	28531513	+	0.00036	FDR	265	A	GCATC	ok	False
chr7	28531605	28531606	+	7.8e-11	FDR	259	A	TAACT	ok	True
chr7	28592721	28592722	-	0.00039	FDR	411	T	GGTTT	ok	True
chr7	28592901	28592902	-	0.0029	FDR	425	T	AATCA	ok	False
chr7	28592916	28592917	-	0.019	FDR	383	T	CATTA	ok	False
chr7	28670851	28670852	-	9.1e-89	FDR	2307	T	GATGC	ok	False
chr7	28671964	28671965	-	1.1e-05	FDR	2402	T	AGTCA	ok	True
chr7	28671973	28671974	-	2e-08	FDR	2380	T	TCTCC	ok	False
chr7	28671982	28671983	-	7.3e-06	FDR	2381	T	TGTTC	ok	True
chr7	28671995	28671996	-	2.2e-133	FDR	2320	T	AATGC	ok	False
chr7	28672016	28672017	-	0.00047	FDR	2351	T	GATGA	ok	False
chr7	28672051	28672052	-	1.2e-43	FDR	2386	T	CGTAC	ok	False
chr7	28672061	28672062	-	2.3e-10	FDR	2410	T	CATCC	ok	False
chr7	28673581	28673582	-	1.2e-49	FDR	2349	T	GGTCT	ok	True
chr7	28673630	28673631	-	3.9e-93	FDR	2175	T	GATGC	ok	False
chr7	28955900	28955901	-	0.042	FDR	557	T	CCTTC	ok	False
chr7	28955977	28955978	-	0.012	FDR	594	T	CCTAA	ok	False
chr7	28956077	28956078	-	0.00089	FDR	578	T	GGTTC	ok	True
chr7	28956132	28956133	-	1.4e-16	FDR	550	T	TGTCA	ok	True
chr7	28956226	28956227	-	0.00011	FDR	445	T	GATCA	ok	False
chr7	29884727	29884728	+	0.0033	FDR	93	A	GAAAG	ok	False
chr7	29884754	29884755	+	0.0063	FDR	88	A	GTACA	ok	False
chr7	29923565	29923566	-	0.00027	FDR	355	T	AATTC	ok	False
chr7	29923575	29923576	-	0.0014	FDR	351	T	AATTT	ok	False
chr7	29923652	29923653	-	6.6e-14	FDR	373	T	GGTAC	ok	False
chr7	29923754	29923755	-	2e-11	FDR	371	T	AGTAG	ok	False
chr7	29923759	29923760	-	3.8e-06	FDR	357	T	CGTTT	ok	False
chr7	29923760	29923761	-	8.6e-06	FDR	374	T	GTTTC	ok	False
chr7	29923766	29923767	-	1.4e-08	FDR	370	T	CATTC	ok	False
chr7	29923767	29923768	-	5e-07	FDR	374	T	ATTCA	ok	False
chr7	29923903	29923904	-	3.2e-15	FDR	336	T	CATCG	ok	False
chr7	29923908	29923909	-	2e-07	FDR	343	T	TTTTT	ok	False
chr7	29923960	29923961	-	0.00033	FDR	305	T	AATCT	ok	False
chr7	29926273	29926274	-	1.5e-07	FDR	277	T	CATAC	ok	False
chr7	29926340	29926341	-	3.2e-07	FDR	256	T	GATGG	ok	False
chr7	29926455	29926456	-	9e-08	FDR	187	T	ACTGT	ok	False
chr7	30261417	30261418	-	0.0018	FDR	115	T	GTTGT	ok	False
chr7	30323959	30323960	-	1.6e-44	FDR	1238	T	TCTGG	ok	False
chr7	33840193	33840194	-	0.027	FDR	779	T	AATAT	ok	False
chr7	33840219	33840220	-	3.4e-05	FDR	879	T	AATAC	ok	False
chr7	33840301	33840302	-	1.1e-12	FDR	739	T	AATAT	ok	False
chr7	33840432	33840433	-	2.7e-06	FDR	640	T	AATAA	ok	False
chr7	33840489	33840490	-	0.0012	FDR	531	T	ACTAG	ok	False
chr7	33840565	33840566	-	0.00051	FDR	466	T	TTTGC	ok	False
chr7	33840611	33840612	-	4.3e-06	FDR	301	T	AGTCT	ok	True
chr7	33901588	33901589	-	3.2e-15	FDR	1643	T	CCTCT	ok	False
chr7	33901594	33901595	-	8.2e-45	FDR	1421	T	GGTGT	ok	False
chr7	33901726	33901727	-	4.2e-15	FDR	1703	T	CTTGT	ok	False
chr7	33901758	33901759	-	5.6e-05	FDR	1708	T	TCTGG	ok	False
chr7	33902095	33902096	-	5.8e-17	FDR	813	T	GATGC	ok	False
chr7	33903556	33903557	-	0.046	FDR	409	T	TCTGG	ok	False
chr7	33903568	33903569	-	7.3e-09	FDR	340	T	AGTTA	ok	True
chr7	35247249	35247250	-	0.028	FDR	107	T	TGTGA	ok	False
chr7	35247302	35247303	-	1e-07	FDR	98	T	CATTA	ok	False
chr7	35247324	35247325	-	2.4e-13	FDR	96	T	AGTAG	ok	False
chr7	35247347	35247348	-	3.5e-09	FDR	99	T	AGTAC	ok	False
chr7	35341592	35341593	-	3.3e-08	FDR	440	T	ATTAC	ok	False
chr7	35343134	35343135	-	0.011	FDR	377	T	GTTAC	ok	False
chr7	37797470	37797471	-	4.1e-28	FDR	507	T	AGTTC	ok	True
chr7	37797680	37797681	-	1.3e-12	FDR	546	T	AGTAG	ok	False
chr7	37797702	37797703	-	0.021	FDR	595	T	TCTGG	ok	False
chr7	37797825	37797826	-	0.0034	FDR	354	T	GATGC	ok	False
chr7	37797914	37797915	-	6e-05	FDR	324	T	TGTCT	ok	True
chr7	37797935	37797936	-	5.3e-08	FDR	319	T	GTTTG	ok	False
chr7	37797936	37797937	-	0.0033	FDR	319	T	TTTGG	ok	False
chr7	37797959	37797960	-	0.0047	FDR	306	T	GCTGC	ok	False
chr7	37797970	37797971	-	0.0001	FDR	255	T	TCTTA	ok	False
chr7	37797989	37797990	-	4.9e-11	FDR	271	T	TGTCA	ok	True
chr7	37962300	37962301	-	4e-05	FDR	204	T	GATAC	ok	False
chr7	37962434	37962435	-	1.6e-06	FDR	182	T	AATAT	ok	False
chr7	37962462	37962463	-	6.8e-06	FDR	196	T	TGTTC	ok	True
chr7	37962539	37962540	-	0.0059	FDR	190	T	AGTAT	ok	False
chr7	37962595	37962596	-	0.016	FDR	170	T	AGTTC	ok	True
chr7	37962631	37962632	-	0.00075	FDR	165	T	CTTGG	ok	False
chr7	43102254	43102255	+	0.029	FDR	356	A	GCAGA	ok	False
chr7	43102264	43102265	+	1.8e-07	FDR	365	A	GCATC	ok	False
chr7	43102278	43102279	+	7.6e-09	FDR	343	A	ATACC	ok	False
chr7	43107158	43107159	+	4.7e-13	FDR	659	A	GGATC	ok	False
chr7	43453152	43453153	+	0.00038	FDR	95	A	CTACA	ok	False
chr7	43453192	43453193	+	6.8e-07	FDR	97	A	TGATC	ok	False
chr7	44512581	44512582	-	3.3e-15	FDR	312	T	GGTAC	ok	False
chr7	44512586	44512587	-	5.5e-07	FDR	311	T	AGTCG	ok	False
chr7	44512822	44512823	-	0.017	FDR	297	T	CGTCT	ok	False
chr7	44529399	44529400	-	0.0036	FDR	185	T	GGTGG	ok	False
chr7	44529406	44529407	-	0.0086	FDR	251	T	GATGC	ok	False
chr7	44529685	44529686	-	0.016	FDR	174	T	GGTTA	ok	True
chr7	44775252	44775253	-	0.0015	FDR	1319	T	TCTAA	ok	False
chr7	44775386	44775387	-	2e-05	FDR	15890	T	GTTGG	ok	False
chr7	44775617	44775618	-	3.4e-110	FDR	16062	T	GGTAC	ok	False
chr7	44776152	44776153	-	2.6e-32	FDR	13458	T	GATCC	ok	False
chr7	45105778	45105779	+	0.0033	FDR	315	A	TCAGG	ok	False
chr7	45107459	45107460	-	2.7e-116	FDR	19265	T	CATTC	ok	False
chr7	45107460	45107461	-	8.4e-11	FDR	19608	T	ATTCA	ok	False
chr7	45107518	45107519	-	2.8e-123	FDR	19091	T	GGTAC	ok	False
chr7	45107534	45107535	-	0	FDR	18952	T	AGTCG	ok	False
chr7	45107564	45107565	-	1e-13	FDR	19543	T	GATAC	ok	False
chr7	45111223	45111224	-	2e-10	FDR	374	T	CATTC	ok	False
chr7	45111266	45111267	-	0.01	FDR	297	T	AGTCC	ok	True
chr7	45114693	45114694	-	2.2e-13	FDR	202	T	GCTGC	ok	False
chr7	45114743	45114744	-	0.023	FDR	195	T	AATCA	ok	False
chr7	45733440	45733441	+	7.3e-09	FDR	272	A	ATAAT	ok	False
chr7	45733510	45733511	+	7.5e-27	FDR	251	A	GGACT	ok	True
chr7	45733549	45733550	+	0.00048	FDR	281	A	CCAGA	ok	False
chr7	46361640	46361641	-	8.7e-05	FDR	113	T	AGTCC	ok	True
chr7	46472779	46472780	+	0.017	FDR	203	A	ACAGG	ok	False
chr7	46539323	46539324	-	0.0067	FDR	170	T	AATGC	ok	False
chr7	49507742	49507743	+	0.00075	FDR	163	A	CTACC	ok	False
chr7	49507995	49507996	+	0.034	FDR	179	A	CTATT	ok	False
chr7	64521517	64521518	-	0.0086	FDR	95	T	CCTGT	ok	False
chr7	64521548	64521549	-	0.0037	FDR	98	T	AATTT	ok	False
chr7	64521574	64521575	-	0.018	FDR	86	T	TATGT	ok	False
chr7	65719893	65719894	+	0.011	FDR	332	A	TCAAG	ok	False
chr7	65724161	65724162	+	1.9e-08	FDR	598	A	GGACA	ok	True
chr7	65724172	65724173	+	2.3e-13	FDR	589	A	GCATT	ok	False
chr7	65724203	65724204	+	6.7e-23	FDR	605	A	GTATC	ok	False
chr7	65724216	65724217	+	7.7e-17	FDR	577	A	GGACT	ok	True
chr7	65724233	65724234	+	2e-07	FDR	607	A	GAATG	ok	False
chr7	78425127	78425128	-	4.7e-05	FDR	303	T	AGTCT	ok	True
chr7	78425142	78425143	-	2.6e-11	FDR	265	T	AGTCC	ok	True
chr7	78425167	78425168	-	2.1e-07	FDR	296	T	TGTTC	ok	True
chr7	78425168	78425169	-	9.4e-22	FDR	307	T	GTTCC	ok	False
chr7	78425219	78425220	-	2.7e-34	FDR	231	T	AGTCC	ok	True
chr7	78425229	78425230	-	8.1e-57	FDR	250	T	AGTCC	ok	True
chr7	78425337	78425338	-	5.5e-32	FDR	199	T	AGTCT	ok	True
chr7	78430348	78430349	-	0.044	FDR	147	T	TTTTT	ok	False
chr7	79529727	79529728	-	0.0002	FDR	91	T	GGTAT	ok	False
chr7	79529729	79529730	-	0.031	FDR	100	T	TATAT	ok	False
chr7	79877099	79877100	-	2.7e-09	FDR	276	T	GGTAC	ok	False
chr7	79877112	79877113	-	1.4e-07	FDR	279	T	CATCA	ok	False
chr7	79877752	79877753	-	1.6e-06	FDR	266	T	TCTGG	ok	False
chr7	79877811	79877812	-	0.022	FDR	200	T	AATGT	ok	False
chr7	80361404	80361405	-	8e-06	FDR	182	T	AGTCC	ok	True
chr7	80361538	80361539	-	3.9e-07	FDR	188	T	TGTGC	ok	False
chr7	80361604	80361605	-	6.2e-05	FDR	184	T	GATCT	ok	False
chr7	80992571	80992572	-	9.2e-06	FDR	4746	T	CCTGA	ok	False
chr7	83548006	83548007	+	8.5e-07	FDR	227	A	GGACC	ok	True
chr7	83548032	83548033	+	6.5e-07	FDR	225	A	GGACC	ok	True
chr7	83548165	83548166	+	1.9e-10	FDR	329	A	GAACA	ok	True
chr7	83548248	83548249	+	1.2e-19	FDR	285	A	GTACA	ok	False
chr7	83758663	83758664	-	0.00022	FDR	176	T	TCTGA	ok	False
chr7	83758812	83758813	-	0.0011	FDR	162	T	TGTTC	ok	True
chr7	83758813	83758814	-	0.036	FDR	168	T	GTTCA	ok	False
chr7	89569283	89569284	-	0.0063	FDR	183	T	ATTTC	ok	False
chr7	97049370	97049371	+	0.0066	FDR	213	A	CAAAC	ok	False
chr7	97049392	97049393	+	0.0079	FDR	206	A	TCAAG	ok	False
chr7	97049562	97049563	+	0.0016	FDR	307	A	GCAGG	ok	False
chr7	97056084	97056085	+	0.015	FDR	320	A	CCAGC	ok	False
chr7	97056187	97056188	+	9.7e-08	FDR	385	A	AAATT	ok	False
chr7	97056190	97056191	+	0.037	FDR	329	A	TTACA	ok	False
chr7	97056192	97056193	+	7.7e-06	FDR	359	A	ACACC	ok	False
chr7	97190547	97190548	+	0.026	FDR	167	A	AAACC	ok	True
chr7	97367562	97367563	+	1.2e-06	FDR	194	A	AGACT	ok	True
chr7	97367607	97367608	+	7.9e-06	FDR	357	A	GTATT	ok	False
chr7	97367824	97367825	+	4e-06	FDR	463	A	GGAGC	ok	False
chr7	97367922	97367923	+	2.9e-08	FDR	433	A	GTACC	ok	False
chr7	97368002	97368003	+	0.04	FDR	461	A	AAATA	ok	False
chr7	97368011	97368012	+	0.0091	FDR	452	A	GAAAT	ok	False
chr7	99127247	99127248	-	1.7e-12	FDR	121	T	TGTGC	ok	False
chr7	99128132	99128133	-	7.2e-203	FDR	5526	T	AATGC	ok	False
chr7	99128522	99128523	-	9.6e-106	FDR	5955	T	TCTGG	ok	False
chr7	99129148	99129149	-	1.6e-43	FDR	4584	T	AATCA	ok	False
chr7	99129226	99129227	-	8e-125	FDR	4215	T	CTTGG	ok	False
chr7	99130951	99130952	-	0.014	FDR	3076	T	CCTGG	ok	False
chr7	99131884	99131885	-	0.0028	FDR	1176	T	CTTTG	ok	False
chr7	99131891	99131892	-	0.001	FDR	1138	T	GATGC	ok	False
chr7	99132815	99132816	-	1.9e-09	FDR	1057	T	AATCT	ok	False
chr7	99731406	99731407	-	0.043	FDR	172	T	TTTAC	ok	False
chr7	99731414	99731415	-	6.8e-11	FDR	172	T	AATCA	ok	False
chr7	99731484	99731485	-	0.0022	FDR	151	T	AGTCC	ok	True
chr7	99731655	99731656	-	0.0011	FDR	146	T	TGTAA	ok	False
chr7	100148511	100148512	+	0.0035	FDR	223	A	AAAAG	ok	False
chr7	100148623	100148624	+	4.4e-06	FDR	304	A	CCAGT	ok	False
chr7	100148721	100148722	+	3.7e-08	FDR	307	A	CCAGA	ok	False
chr7	101560978	101560979	+	1.3e-07	FDR	264	A	CCAGG	ok	False
chr7	102117779	102117780	+	0.018	FDR	263	A	TTATC	ok	False
chr7	102117875	102117876	+	2.4e-11	FDR	364	A	AAAAC	ok	False
chr7	102118032	102118033	+	0.0022	FDR	387	A	TGACT	ok	True
chr7	103884059	103884060	+	0.031	FDR	163	A	TTATC	ok	False
chr7	105290017	105290018	+	2.5e-09	FDR	160	A	CCAGC	ok	False
chr7	105290277	105290278	+	0.019	FDR	171	A	TAACC	ok	True
chr7	105290365	105290366	+	1.5e-08	FDR	244	A	CCAGG	ok	False
chr7	105290387	105290388	+	0.016	FDR	224	A	CCAGA	ok	False
chr7	105290443	105290444	+	0.046	FDR	149	A	GGATG	ok	False
chr7	105290459	105290460	+	6e-16	FDR	123	A	GGACC	ok	True
chr7	105392161	105392162	-	4.3e-09	FDR	582	T	AATAC	ok	False
chr7	105392209	105392210	-	6.6e-117	FDR	578	T	ATTGA	ok	False
chr7	105392241	105392242	-	9.4e-43	FDR	580	T	AGTCC	ok	True
chr7	105392251	105392252	-	8.4e-18	FDR	582	T	GGTTA	ok	True
chr7	105392268	105392269	-	5e-18	FDR	586	T	GATCC	ok	False
chr7	105392473	105392474	-	5.8e-11	FDR	521	T	CATTT	ok	False
chr7	105392496	105392497	-	2.4e-41	FDR	525	T	CATTG	ok	False
chr7	105392516	105392517	-	4.4e-22	FDR	532	T	AATTT	ok	False
chr7	105392520	105392521	-	0.0052	FDR	534	T	TCTGG	ok	False
chr7	105393049	105393050	-	4.7e-09	FDR	406	T	AATCC	ok	False
chr7	105393070	105393071	-	0.019	FDR	373	T	AGTCC	ok	True
chr7	105393309	105393310	-	0.00012	FDR	316	T	TCTGC	ok	False
chr7	105393321	105393322	-	0.011	FDR	308	T	CCTGC	ok	False
chr7	105393353	105393354	-	0.0016	FDR	283	T	AGTGG	ok	False
chr7	105458857	105458858	-	5.4e-07	FDR	133	T	AATCC	ok	False
chr7	105458927	105458928	-	7.6e-20	FDR	700	T	GATCG	ok	False
chr7	105459068	105459069	-	2.8e-72	FDR	657	T	AGTCT	ok	True
chr7	105459077	105459078	-	0.02	FDR	626	T	TGTTT	ok	True
chr7	105459086	105459087	-	6.5e-12	FDR	695	T	TGTAC	ok	False
chr7	105459138	105459139	-	5.9e-13	FDR	559	T	AGTCC	ok	True
chr7	105459300	105459301	-	8.9e-09	FDR	360	T	CCTTG	ok	False
chr7	105460068	105460069	-	0.00012	FDR	215	T	CGTTC	ok	False
chr7	105460112	105460113	-	3.3e-05	FDR	187	T	GATGC	ok	False
chr7	106809635	106809636	+	0.0019	FDR	221	A	TGACG	ok	False
chr7	106809946	106809947	+	0.0028	FDR	272	A	GGACT	ok	True
chr7	106810032	106810033	+	9.5e-24	FDR	340	A	GCATT	ok	False
chr7	108537641	108537642	+	2.6e-06	FDR	430	A	AGAAC	ok	False
chr7	108537655	108537656	+	0.0052	FDR	449	A	TGATC	ok	False
chr7	109118797	109118798	+	5.4e-102	FDR	592	A	CCAGA	ok	False
chr7	109119730	109119731	+	2.4e-57	FDR	1074	A	CCAGA	ok	False
chr7	109120828	109120829	+	0.00018	FDR	1203	A	GCAAG	ok	False
chr7	109120987	109120988	+	0.039	FDR	129	A	GCATC	ok	False
chr7	109121308	109121309	+	4.4e-12	FDR	228	A	ACAGG	ok	False
chr7	109121429	109121430	+	0.00037	FDR	287	A	CCAAG	ok	False
chr7	109655128	109655129	+	2.7e-08	FDR	249	A	GCAAC	ok	False
chr7	109655129	109655130	+	0.013	FDR	224	A	CAACT	ok	False
chr7	109655170	109655171	+	0.0011	FDR	302	A	GTACA	ok	False
chr7	109655190	109655191	+	0.048	FDR	317	A	ACAAG	ok	False
chr7	109655216	109655217	+	0.0014	FDR	318	A	TGATA	ok	False
chr7	109655238	109655239	+	0.036	FDR	301	A	GGATA	ok	False
chr7	109655304	109655305	+	1.3e-05	FDR	284	A	TTAAA	ok	False
chr7	109655309	109655310	+	0.0035	FDR	340	A	AGAAC	ok	False
chr7	110655225	110655226	+	0.031	FDR	142	A	GAAAA	ok	False
chr7	110655227	110655228	+	0.0053	FDR	139	A	AAACT	ok	True
chr7	110655236	110655237	+	4.6e-05	FDR	152	A	TGATA	ok	False
chr7	110655245	110655246	+	0.024	FDR	153	A	AGATG	ok	False
chr7	110655436	110655437	+	0.0071	FDR	177	A	GGAAG	ok	False
chr7	110655456	110655457	+	2e-08	FDR	178	A	GAACT	ok	True
chr7	110670052	110670053	-	3.3e-07	FDR	306	T	GATTC	ok	False
chr7	110670321	110670322	-	0.0048	FDR	213	T	CTTCT	ok	False
chr7	110670331	110670332	-	0.0066	FDR	213	T	ACTGC	ok	False
chr7	113863971	113863972	-	1.6e-06	FDR	537	T	AATGC	ok	False
chr7	113864146	113864147	-	0.00015	FDR	429	T	ATTGG	ok	False
chr7	117718184	117718185	-	2.8e-23	FDR	545	T	ACTGC	ok	False
chr7	117718455	117718456	-	6.5e-06	FDR	447	T	AATGT	ok	False
chr7	117718504	117718505	-	4e-05	FDR	460	T	TCTAA	ok	False
chr7	117718705	117718706	-	6.7e-05	FDR	241	T	ACTAC	ok	False
chr7	118125089	118125090	-	0.029	FDR	92	T	GCTCC	ok	False
chr7	118287794	118287795	-	0.044	FDR	85	T	ATTTT	ok	False
chr7	118287855	118287856	-	1.1e-09	FDR	85	T	AATAT	ok	False
chr7	118287900	118287901	-	0.0085	FDR	90	T	TGTCA	ok	True
chr7	119314407	119314408	-	3.4e-06	FDR	229	T	AATAT	ok	False
chr7	119314440	119314441	-	0.031	FDR	229	T	CGTGT	ok	False
chr7	119314652	119314653	-	0.0074	FDR	187	T	AATCT	ok	False
chr7	120258301	120258302	+	1.6e-10	FDR	330	A	ACATA	ok	False
chr7	120258303	120258304	+	9.3e-07	FDR	335	A	ATACG	ok	False
chr7	120258404	120258405	+	0.033	FDR	342	A	TAATT	ok	False
chr7	120258430	120258431	+	0.0055	FDR	114	A	AAAAA	ok	False
chr7	121690083	121690084	-	2.6e-20	FDR	381	T	GGTAA	ok	False
chr7	121690099	121690100	-	2.3e-05	FDR	404	T	AATTT	ok	False
chr7	121690151	121690152	-	9.6e-06	FDR	398	T	TGTGT	ok	False
chr7	121690153	121690154	-	1.2e-57	FDR	414	T	TGTCC	ok	True
chr7	121690838	121690839	-	8.6e-14	FDR	445	T	TATCT	ok	False
chr7	121690845	121690846	-	4e-09	FDR	333	T	AATGT	ok	False
chr7	121690873	121690874	-	4.7e-15	FDR	445	T	ATTAA	ok	False
chr7	121692863	121692864	-	3.9e-06	FDR	424	T	AATAA	ok	False
chr7	121692877	121692878	-	0.025	FDR	411	T	GGTCC	ok	True
chr7	121695850	121695851	-	0.00088	FDR	346	T	TATCA	ok	False
chr7	121768644	121768645	+	5.1e-06	FDR	200	A	GCAGC	ok	False
chr7	121768724	121768725	+	0.0034	FDR	245	A	GGAGC	ok	False
chr7	121768732	121768733	+	1.5e-05	FDR	253	A	CCAGC	ok	False
chr7	121768801	121768802	+	4.4e-09	FDR	199	A	TCAAG	ok	False
chr7	121768828	121768829	+	2e-20	FDR	126	A	GGACT	ok	True
chr7	123027375	123027376	+	6.7e-05	FDR	143	A	TTACT	ok	False
chr7	123029479	123029480	+	0.0073	FDR	237	A	GCACA	ok	False
chr7	126088845	126088846	+	0.00021	FDR	205	A	CCATC	ok	False
chr7	126088858	126088859	+	0.001	FDR	221	A	CCAGA	ok	False
chr7	126088969	126088970	+	0.0082	FDR	228	A	ATATC	ok	False
chr7	126089065	126089066	+	1.5e-10	FDR	409	A	TCATC	ok	False
chr7	126089531	126089532	+	1.3e-16	FDR	456	A	TAATC	ok	False
chr7	126089566	126089567	+	0.0024	FDR	483	A	CAACG	ok	False
chr7	126089588	126089589	+	4.6e-27	FDR	526	A	GCAAC	ok	False
chr7	126089615	126089616	+	0.00013	FDR	500	A	TTACT	ok	False
chr7	126089623	126089624	+	0.00019	FDR	520	A	GTACC	ok	False
chr7	126089672	126089673	+	1e-42	FDR	397	A	GGACT	ok	True
chr7	126089749	126089750	+	9e-21	FDR	606	A	GCATT	ok	False
chr7	126089808	126089809	+	5e-39	FDR	631	A	GTATC	ok	False
chr7	126089831	126089832	+	9.1e-45	FDR	449	A	GGACA	ok	True
chr7	126089833	126089834	+	5.3e-07	FDR	516	A	ACATT	ok	False
chr7	126089846	126089847	+	0.031	FDR	546	A	TCACA	ok	False
chr7	126146834	126146835	-	3.5e-06	FDR	557	T	CCTGG	ok	False
chr7	126146956	126146957	-	2.5e-08	FDR	504	T	TTTGT	ok	False
chr7	126147052	126147053	-	1.5e-12	FDR	390	T	CTTGG	ok	False
chr7	126222483	126222484	-	0.014	FDR	277	T	GTTCT	ok	False
chr7	126222550	126222551	-	1.1e-07	FDR	279	T	TTTGC	ok	False
chr7	126222557	126222558	-	0.0045	FDR	279	T	GGTCT	ok	True
chr7	126222655	126222656	-	4.2e-07	FDR	259	T	GGTCC	ok	True
chr7	126222658	126222659	-	0.00019	FDR	263	T	CCTGT	ok	False
chr7	126295442	126295443	+	8.1e-95	FDR	893	A	CCAGA	ok	False
chr7	126394600	126394601	-	0.038	FDR	3788	T	CATGG	ok	False
chr7	126394610	126394611	-	0.04	FDR	3831	T	GATGA	ok	False
chr7	126394620	126394621	-	0.00017	FDR	3854	T	GATTC	ok	False
chr7	126394798	126394799	-	0.046	FDR	3345	T	GATGT	ok	False
chr7	126394863	126394864	-	0.011	FDR	3240	T	CCTGC	ok	False
chr7	126394950	126394951	-	0.019	FDR	2535	T	CTTCC	ok	False
chr7	126395124	126395125	-	4.9e-10	FDR	1912	T	AGTGA	ok	False
chr7	126395163	126395164	-	1.3e-10	FDR	2173	T	CGTTG	ok	False
chr7	126395164	126395165	-	1e-05	FDR	2184	T	GTTGC	ok	False
chr7	126395252	126395253	-	3.9e-06	FDR	1671	T	GATAG	ok	False
chr7	126395413	126395414	-	0.0045	FDR	1273	T	GCTTC	ok	False
chr7	126463915	126463916	+	1.5e-13	FDR	191	A	CGAAG	ok	False
chr7	126464039	126464040	+	0.0033	FDR	211	A	ATATC	ok	False
chr7	126464141	126464142	+	7.3e-05	FDR	239	A	AGACT	ok	True
chr7	126464222	126464223	+	7e-20	FDR	256	A	GCATC	ok	False
chr7	126464235	126464236	+	5.5e-11	FDR	253	A	GCATT	ok	False
chr7	126464245	126464246	+	1.6e-16	FDR	182	A	GGACT	ok	True
chr7	126464276	126464277	+	0.0026	FDR	265	A	AAAAT	ok	False
chr7	126626931	126626932	-	4e-10	FDR	445	T	CGTCA	ok	False
chr7	126628118	126628119	-	3e-07	FDR	233	T	GATTT	ok	False
chr7	126812404	126812405	+	1.9e-06	FDR	597	A	GCAGC	ok	False
chr7	126812627	126812628	+	0.00012	FDR	780	A	TGATG	ok	False
chr7	126812801	126812802	+	0.00015	FDR	971	A	TGATC	ok	False
chr7	126813114	126813115	+	0.0045	FDR	912	A	GGAGC	ok	False
chr7	126813265	126813266	+	0.033	FDR	1038	A	TCAAG	ok	False
chr7	126813329	126813330	+	0.0091	FDR	1034	A	CTACG	ok	False
chr7	126813714	126813715	-	0.042	FDR	374	T	AGTGG	ok	False
chr7	126813805	126813806	-	0.0039	FDR	429	T	TCTGG	ok	False
chr7	126813835	126813836	-	4.1e-05	FDR	428	T	TCTGG	ok	False
chr7	126813839	126813840	-	1.6e-10	FDR	414	T	GATCC	ok	False
chr7	126813847	126813848	-	4.3e-05	FDR	412	T	GATTG	ok	False
chr7	126813941	126813942	-	0.035	FDR	352	T	TCTGA	ok	False
chr7	126813975	126813976	-	0.0035	FDR	347	T	TCTGG	ok	False
chr7	126856352	126856353	-	1.1e-08	FDR	874	T	TGTCC	ok	True
chr7	126858595	126858596	-	3.9e-34	FDR	599	T	ACTGC	ok	False
chr7	126858624	126858625	-	0.047	FDR	546	T	TCTGC	ok	False
chr7	126859719	126859720	-	5e-07	FDR	493	T	ACTGA	ok	False
chr7	126859751	126859752	-	5.1e-08	FDR	465	T	CTTCT	ok	False
chr7	126859804	126859805	-	7.7e-06	FDR	308	T	ACTAG	ok	False
chr7	126871063	126871064	-	1.4e-17	FDR	466	T	AGTCC	ok	True
chr7	126871150	126871151	-	0.0048	FDR	582	T	CCTGG	ok	False
chr7	126871156	126871157	-	1.2e-08	FDR	582	T	TCTGA	ok	False
chr7	126871212	126871213	-	5.3e-05	FDR	579	T	ATTAT	ok	False
chr7	126871344	126871345	-	1.4e-10	FDR	458	T	AGTTC	ok	True
chr7	126871378	126871379	-	3e-11	FDR	348	T	GGTCC	ok	True
chr7	126871505	126871506	-	9e-06	FDR	203	T	AATAG	ok	False
chr7	126871521	126871522	-	0.0012	FDR	199	T	TTTGG	ok	False
chr7	127304163	127304164	-	0.033	FDR	140	T	CTTTA	ok	False
chr7	127304164	127304165	-	0.018	FDR	140	T	TTTAT	ok	False
chr7	127304228	127304229	-	0.0031	FDR	151	T	GGTCA	ok	True
chr7	127304276	127304277	-	1.2e-07	FDR	155	T	AGTCC	ok	True
chr7	127304916	127304917	-	2.4e-06	FDR	154	T	TCTGG	ok	False
chr7	127306389	127306390	-	0.00022	FDR	155	T	AATCA	ok	False
chr7	127306463	127306464	-	0.00028	FDR	88	T	CCTTT	ok	False
chr7	127306464	127306465	-	0.032	FDR	133	T	CTTTT	ok	False
chr7	127306466	127306467	-	0.0035	FDR	130	T	TTTGC	ok	False
chr7	127447924	127447925	+	0.036	FDR	94	A	GCATT	ok	False
chr7	127448073	127448074	+	6.1e-15	FDR	111	A	CAATG	ok	False
chr7	127448138	127448139	+	0.00019	FDR	34	A	AAAAA	ok	False
chr7	127507417	127507418	+	0.0029	FDR	147	A	GCATT	ok	False
chr7	127507605	127507606	+	5.7e-07	FDR	183	A	GGACT	ok	True
chr7	127507656	127507657	+	0.0018	FDR	161	A	CTACC	ok	False
chr7	127591899	127591900	-	0.009	FDR	209	T	GGTCC	ok	True
chr7	127591947	127591948	-	8.5e-09	FDR	204	T	AGTCC	ok	True
chr7	127592090	127592091	-	0.0032	FDR	204	T	TCTGT	ok	False
chr7	128148416	128148417	+	0.00012	FDR	68	A	CTATC	ok	False
chr7	128148600	128148601	+	0.026	FDR	67	A	ATATG	ok	False
chr7	130134358	130134359	-	0.045	FDR	426	T	CATTT	ok	False
chr7	130137276	130137277	-	4.9e-05	FDR	256	T	GGTCA	ok	True
chr7	130986252	130986253	+	2.1e-06	FDR	150	A	CTACT	ok	False
chr7	130989349	130989350	+	4.6e-05	FDR	177	A	TGAAC	ok	False
chr7	130989480	130989481	+	3e-05	FDR	177	A	ATATT	ok	False
chr7	133322511	133322512	+	5.4e-07	FDR	296	A	TGATG	ok	False
chr7	133322551	133322552	+	0.0024	FDR	305	A	CCAGA	ok	False
chr7	133322679	133322680	+	7.3e-12	FDR	397	A	AAACT	ok	True
chr7	133322695	133322696	+	0.0011	FDR	446	A	TCAGA	ok	False
chr7	135291595	135291596	-	0.00072	FDR	318	T	GATCC	ok	False
chr7	135291774	135291775	-	7.1e-19	FDR	240	T	AATGT	ok	False
chr7	135291776	135291777	-	6.3e-18	FDR	190	T	TGTCT	ok	True
chr7	135291818	135291819	-	2.1e-09	FDR	266	T	CTTAA	ok	False
chr7	135291826	135291827	-	2.8e-05	FDR	262	T	CTTGT	ok	False
chr7	135291828	135291829	-	0.004	FDR	261	T	TGTTC	ok	True
chr7	135291852	135291853	-	5.3e-05	FDR	228	T	AATGT	ok	False
chr7	135294853	135294854	-	0.016	FDR	221	T	CTTGG	ok	False
chr7	135294867	135294868	-	2e-10	FDR	213	T	ACTGT	ok	False
chr7	135294869	135294870	-	1.5e-06	FDR	201	T	TGTCC	ok	True
chr7	135294911	135294912	-	4.8e-05	FDR	204	T	CATCA	ok	False
chr7	137061239	137061240	+	0.011	FDR	404	A	CGATC	ok	False
chr7	139524340	139524341	+	0.014	FDR	155	A	CAAGG	ok	False
chr7	139524518	139524519	+	0.0051	FDR	189	A	GCAGG	ok	False
chr7	139524889	139524890	+	4.3e-38	FDR	376	A	GGACT	ok	True
chr7	140477338	140477339	+	4.1e-08	FDR	190	A	TCACA	ok	False
chr7	140477365	140477366	+	0.021	FDR	234	A	TCACT	ok	False
chr7	140477383	140477384	+	0.002	FDR	205	A	CCAAA	ok	False
chr7	140478344	140478345	+	6e-15	FDR	504	A	GAACT	ok	True
chr7	140478487	140478488	+	1.9e-07	FDR	482	A	CCAGC	ok	False
chr7	140478503	140478504	+	0.018	FDR	487	A	GGACT	ok	True
chr7	140534784	140534785	-	0.001	FDR	877	T	ACTGT	ok	False
chr7	140534847	140534848	-	2.9e-14	FDR	903	T	CCTGG	ok	False
chr7	140534934	140534935	-	1.6e-08	FDR	918	T	ACTGA	ok	False
chr7	140534992	140534993	-	7.2e-25	FDR	826	T	GATGC	ok	False
chr7	140535013	140535014	-	0.0003	FDR	777	T	GATAT	ok	False
chr7	140535025	140535026	-	0.026	FDR	791	T	CTTGG	ok	False
chr7	140548184	140548185	+	0.0084	FDR	283	A	GCAAG	ok	False
chr7	140548230	140548231	+	0.0022	FDR	338	A	ACAGC	ok	False
chr7	140549441	140549442	+	6.1e-15	FDR	647	A	CCAGG	ok	False
chr7	140549576	140549577	+	4.4e-06	FDR	715	A	AGATT	ok	False
chr7	140590410	140590411	-	4.6e-07	FDR	424	T	TCTGG	ok	False
chr7	140590499	140590500	-	0.035	FDR	301	T	CGTAG	ok	False
chr7	140590503	140590504	-	0.036	FDR	316	T	GTTTG	ok	False
chr7	140735918	140735919	+	9.6e-13	FDR	112	A	GGACT	ok	True
chr7	140735924	140735925	+	3.7e-05	FDR	130	A	TAAAC	ok	False
chr7	140735925	140735926	+	0.0017	FDR	135	A	AAACT	ok	True
chr7	140736000	140736001	+	0.022	FDR	139	A	CCAGG	ok	False
chr7	140770947	140770948	-	1.9e-12	FDR	245	T	AGTTC	ok	True
chr7	140770957	140770958	-	1.7e-11	FDR	177	T	AGTCT	ok	True
chr7	140771065	140771066	-	8.7e-08	FDR	252	T	CGTCG	ok	False
chr7	140771099	140771100	-	0.0072	FDR	246	T	TGTCC	ok	True
chr7	140981608	140981609	+	1.3e-05	FDR	528	A	GCATC	ok	False
chr7	140981636	140981637	+	3.7e-05	FDR	556	A	AGACA	ok	True
chr7	140981808	140981809	+	0.00062	FDR	640	A	CTACA	ok	False
chr7	140981931	140981932	+	0.019	FDR	1289	A	GGAGC	ok	False
chr7	140982119	140982120	+	1.1e-09	FDR	1471	A	AGATA	ok	False
chr7	140982121	140982122	+	0.032	FDR	1418	A	ATACA	ok	False
chr7	140982155	140982156	+	0.00031	FDR	1590	A	ACAAC	ok	False
chr7	140982156	140982157	+	0.00066	FDR	1607	A	CAACG	ok	False
chr7	140982233	140982234	+	3.6e-09	FDR	1673	A	GGATG	ok	False
chr7	140982657	140982658	+	0.0081	FDR	1766	A	GGAAC	ok	False
chr7	140982658	140982659	+	5.8e-05	FDR	1775	A	GAACG	ok	False
chr7	140982662	140982663	+	3.7e-05	FDR	1758	A	GAATG	ok	False
chr7	140982677	140982678	+	1.2e-06	FDR	1784	A	AGAAC	ok	False
chr7	140982678	140982679	+	3.3e-06	FDR	1789	A	GAACG	ok	False
chr7	140982687	140982688	+	0.025	FDR	1778	A	GTAGT	ok	False
chr7	140982715	140982716	+	1.7e-05	FDR	1716	A	GCACC	ok	False
chr7	140982760	140982761	+	0.025	FDR	1792	A	TAATT	ok	False
chr7	140982784	140982785	+	0.0055	FDR	1781	A	TGAAT	ok	False
chr7	140982785	140982786	+	2.6e-25	FDR	1791	A	GAATC	ok	False
chr7	140982792	140982793	+	4.6e-08	FDR	1773	A	GCATT	ok	False
chr7	140982815	140982816	+	0.001	FDR	1766	A	GGATG	ok	False
chr7	140982819	140982820	+	0.00021	FDR	1780	A	GGATC	ok	False
chr7	141053073	141053074	-	0.0017	FDR	661	T	GTTCC	ok	False
chr7	141053094	141053095	-	0.0026	FDR	663	T	CTTAG	ok	False
chr7	141053165	141053166	-	3.6e-07	FDR	665	T	GCTGC	ok	False
chr7	141053262	141053263	-	5.7e-15	FDR	623	T	GCTAG	ok	False
chr7	141211208	141211209	+	4.1e-05	FDR	156	A	GTATA	ok	False
chr7	141211292	141211293	+	3.4e-11	FDR	210	A	CCAGA	ok	False
chr7	141212561	141212562	+	0.0013	FDR	148	A	TGATC	ok	False
chr7	142621447	142621448	+	0.00037	FDR	316	A	GTAGC	ok	False
chr7	142621464	142621465	+	2.7e-07	FDR	313	A	CCATG	ok	False
chr7	144418760	144418761	+	2e-14	FDR	947	A	GTATC	ok	False
chr7	144418780	144418781	+	3.8e-23	FDR	975	A	CCAGA	ok	False
chr8	4309902	4309903	-	0.00034	FDR	254	T	AGTCC	ok	True
chr8	4309917	4309918	-	0.00099	FDR	267	T	CCTTC	ok	False
chr8	4309918	4309919	-	1e-06	FDR	262	T	CTTCT	ok	False
chr8	4309996	4309997	-	0.0012	FDR	258	T	CCTTG	ok	False
chr8	4310075	4310076	-	7.2e-07	FDR	135	T	TGTCT	ok	True
chr8	4310113	4310114	-	0.045	FDR	226	T	GCTGC	ok	False
chr8	13225016	13225017	+	2.3e-37	FDR	718	A	GGACA	ok	True
chr8	13225289	13225290	+	4.1e-31	FDR	1011	A	TAATG	ok	False
chr8	13225306	13225307	+	0.0072	FDR	1010	A	CGATG	ok	False
chr8	13831467	13831468	+	0.019	FDR	211	A	GGACT	ok	True
chr8	13831520	13831521	+	0.00063	FDR	256	A	AAAAC	ok	False
chr8	13831562	13831563	+	0.011	FDR	243	A	AGACT	ok	True
chr8	13831595	13831596	+	0.034	FDR	293	A	TGATG	ok	False
chr8	13831710	13831711	+	0.035	FDR	317	A	CTACG	ok	False
chr8	13831748	13831749	+	0.028	FDR	313	A	AGACT	ok	True
chr8	13831761	13831762	+	5.2e-07	FDR	284	A	ACATT	ok	False
chr8	13831798	13831799	+	0.00048	FDR	326	A	GCAGG	ok	False
chr8	13831813	13831814	+	0.015	FDR	326	A	AGATG	ok	False
chr8	13934864	13934865	-	5e-12	FDR	302	T	AGTCC	ok	True
chr8	13934901	13934902	-	0.03	FDR	306	T	GTTAA	ok	False
chr8	13934910	13934911	-	0.004	FDR	317	T	TGTCT	ok	True
chr8	13934931	13934932	-	1.8e-07	FDR	314	T	AGTCG	ok	False
chr8	13934983	13934984	-	1.4e-08	FDR	316	T	GATCT	ok	False
chr8	13935055	13935056	-	1.1e-10	FDR	270	T	TGTCC	ok	True
chr8	13935142	13935143	-	0.0078	FDR	191	T	GGTGC	ok	False
chr8	13935165	13935166	-	0.017	FDR	189	T	GATCT	ok	False
chr8	14002224	14002225	-	0.015	FDR	132	T	TGTGT	ok	False
chr8	22707190	22707191	+	0.016	FDR	216	A	CAAGG	ok	False
chr8	22708426	22708427	+	0.029	FDR	225	A	GCAGA	ok	False
chr8	22708485	22708486	+	2.5e-07	FDR	239	A	AAATT	ok	False
chr8	22708502	22708503	+	0.0025	FDR	215	A	AGAAC	ok	False
chr8	22708503	22708504	+	0.001	FDR	240	A	GAACT	ok	True
chr8	22708517	22708518	+	1.3e-28	FDR	235	A	GTACC	ok	False
chr8	22708523	22708524	+	0.0019	FDR	241	A	GAAAT	ok	False
chr8	22708524	22708525	+	0.02	FDR	240	A	AAATG	ok	False
chr8	22708547	22708548	+	0.022	FDR	230	A	GCATT	ok	False
chr8	22708585	22708586	+	0.031	FDR	238	A	AAACC	ok	True
chr8	22865752	22865753	-	0.037	FDR	149	T	ATTCC	ok	False
chr8	22865775	22865776	-	0.00048	FDR	94	T	AATAT	ok	False
chr8	22865794	22865795	-	1.7e-05	FDR	143	T	ATTTT	ok	False
chr8	23059387	23059388	+	7.4e-08	FDR	137	A	GGACA	ok	True
chr8	23059389	23059390	+	2.3e-11	FDR	152	A	ACACT	ok	False
chr8	23067172	23067173	-	0.00014	FDR	537	T	GATAT	ok	False
chr8	23067221	23067222	-	0.0027	FDR	529	T	TGTAC	ok	False
chr8	23067428	23067429	-	1.5e-19	FDR	435	T	AGTTC	ok	True
chr8	23067443	23067444	-	4e-07	FDR	448	T	AATTT	ok	False
chr8	23067527	23067528	-	0.00025	FDR	356	T	ACTAA	ok	False
chr8	23067589	23067590	-	0.011	FDR	302	T	TCTAT	ok	False
chr8	23118174	23118175	-	0.00057	FDR	130	T	AGTAC	ok	False
chr8	23118201	23118202	-	0.022	FDR	133	T	AATCG	ok	False
chr8	23118268	23118269	-	0.018	FDR	136	T	GCTGT	ok	False
chr8	23118336	23118337	-	0.0019	FDR	136	T	AATCA	ok	False
chr8	23663908	23663909	-	0.00019	FDR	120	T	CCTGT	ok	False
chr8	23717046	23717047	-	0.0011	FDR	240	T	CGTTT	ok	False
chr8	23717047	23717048	-	2.9e-05	FDR	250	T	GTTTC	ok	False
chr8	23717058	23717059	-	2.4e-12	FDR	243	T	TGTCT	ok	True
chr8	23717073	23717074	-	3.1e-14	FDR	235	T	CATGT	ok	False
chr8	23717075	23717076	-	3.1e-13	FDR	217	T	TGTCC	ok	True
chr8	26489135	26489136	-	1.6e-26	FDR	575	T	ACTGC	ok	False
chr8	26489339	26489340	-	5.9e-07	FDR	414	T	AGTCA	ok	True
chr8	26489349	26489350	-	0.00018	FDR	343	T	AGTTC	ok	True
chr8	26489420	26489421	-	3.3e-10	FDR	324	T	GCTCC	ok	False
chr8	26489436	26489437	-	0.00016	FDR	320	T	CCTTA	ok	False
chr8	27613987	27613988	-	0.0019	FDR	96	T	ACTTC	ok	False
chr8	27613988	27613989	-	0.0027	FDR	103	T	CTTCC	ok	False
chr8	27614039	27614040	-	0.015	FDR	98	T	CATCG	ok	False
chr8	27614046	27614047	-	4.9e-07	FDR	97	T	AGTCA	ok	True
chr8	27750429	27750430	+	4e-05	FDR	459	A	GCAGG	ok	False
chr8	27750533	27750534	+	0.039	FDR	625	A	CTACA	ok	False
chr8	27763382	27763383	+	0.0072	FDR	1083	A	TGATG	ok	False
chr8	27763432	27763433	+	0.015	FDR	1173	A	CCAGC	ok	False
chr8	27763460	27763461	+	0.0098	FDR	1277	A	CCAGC	ok	False
chr8	27763484	27763485	+	0.023	FDR	1403	A	CCAGC	ok	False
chr8	27763488	27763489	+	2e-05	FDR	1413	A	CCAGA	ok	False
chr8	27763517	27763518	+	1.6e-23	FDR	1426	A	ATAAG	ok	False
chr8	27765131	27765132	+	6.1e-14	FDR	1445	A	GGACA	ok	True
chr8	27765300	27765301	+	1e-118	FDR	2122	A	GAACA	ok	True
chr8	27765359	27765360	+	1.6e-175	FDR	2132	A	TGACT	ok	True
chr8	27765401	27765402	+	3.9e-63	FDR	1993	A	GGACT	ok	True
chr8	31649758	31649759	-	0.00015	FDR	411	T	CATGG	ok	False
chr8	31649916	31649917	-	0.00027	FDR	370	T	TCTGG	ok	False
chr8	31649938	31649939	-	0.0047	FDR	333	T	TGTGA	ok	False
chr8	34187927	34187928	+	2.3e-06	FDR	331	A	TGATT	ok	False
chr8	34188063	34188064	+	0.00013	FDR	335	A	GTATT	ok	False
chr8	34188090	34188091	+	3.8e-05	FDR	330	A	GTATC	ok	False
chr8	34604723	34604724	-	7.8e-12	FDR	182	T	AGTCC	ok	True
chr8	34604847	34604848	-	3.9e-12	FDR	190	T	AGTCC	ok	True
chr8	34604863	34604864	-	1.7e-10	FDR	216	T	AGTTC	ok	True
chr8	46660497	46660498	-	1e-46	FDR	1176	T	GGTAT	ok	False
chr8	46660566	46660567	-	0.0023	FDR	1191	T	CATTG	ok	False
chr8	46660644	46660645	-	1.7e-29	FDR	954	T	TGTAC	ok	False
chr8	46661520	46661521	-	1.9e-16	FDR	854	T	TCTGG	ok	False
chr8	46662111	46662112	-	2.5e-25	FDR	593	T	CCTGG	ok	False
chr8	46662124	46662125	-	4.2e-09	FDR	580	T	ACTGA	ok	False
chr8	46662216	46662217	-	0.011	FDR	450	T	CCTTG	ok	False
chr8	46662217	46662218	-	3.4e-07	FDR	472	T	CTTGC	ok	False
chr8	46662252	46662253	-	0.0048	FDR	374	T	AGTCC	ok	True
chr8	54973668	54973669	-	0.0065	FDR	255	T	CATTG	ok	False
chr8	54973669	54973670	-	0.0072	FDR	253	T	ATTGG	ok	False
chr8	54973758	54973759	-	1.1e-05	FDR	245	T	GCTCC	ok	False
chr8	54973771	54973772	-	0.0047	FDR	231	T	AGTAT	ok	False
chr8	54973818	54973819	-	9.2e-05	FDR	226	T	CATTC	ok	False
chr8	54973841	54973842	-	8e-06	FDR	216	T	AGTCC	ok	True
chr8	57966189	57966190	+	0.0037	FDR	601	A	CAAAG	ok	False
chr8	61358727	61358728	+	0.00026	FDR	266	A	GAATG	ok	False
chr8	61358743	61358744	+	5.2e-06	FDR	253	A	CTATG	ok	False
chr8	61360377	61360378	+	9e-06	FDR	261	A	TCACA	ok	False
chr8	61360399	61360400	+	8e-06	FDR	304	A	TTACC	ok	False
chr8	61360478	61360479	+	6.6e-11	FDR	303	A	AGAAC	ok	False
chr8	61360479	61360480	+	0.037	FDR	307	A	GAACA	ok	True
chr8	61360501	61360502	+	0.00016	FDR	270	A	TGAAC	ok	False
chr8	61360502	61360503	+	0.0074	FDR	303	A	GAACA	ok	True
chr8	61360575	61360576	+	0.00045	FDR	304	A	AAATA	ok	False
chr8	65421392	65421393	+	0.0015	FDR	182	A	GAAAA	ok	False
chr8	65421480	65421481	+	3.4e-07	FDR	189	A	GGACT	ok	True
chr8	65421661	65421662	+	1.9e-09	FDR	221	A	GGATT	ok	False
chr8	69280084	69280085	+	0.0051	FDR	210	A	TGATA	ok	False
chr8	69280119	69280120	+	0.00013	FDR	205	A	ACAAG	ok	False
chr8	69280197	69280198	+	0.00092	FDR	181	A	GAAGA	ok	False
chr8	69280249	69280250	+	0.027	FDR	191	A	GTACA	ok	False
chr8	69565852	69565853	+	3.2e-05	FDR	317	A	GCAGT	ok	False
chr8	69565893	69565894	+	8.5e-05	FDR	334	A	ACAGT	ok	False
chr8	69565899	69565900	+	0.041	FDR	286	A	ACAGG	ok	False
chr8	69566091	69566092	+	6.6e-20	FDR	518	A	TGATC	ok	False
chr8	69566252	69566253	+	0.011	FDR	530	A	CCAGT	ok	False
chr8	70346917	70346918	-	1.9e-12	FDR	1148	T	CTTGG	ok	False
chr8	70524459	70524460	+	0.012	FDR	144	A	CAACC	ok	False
chr8	70524484	70524485	+	0.013	FDR	145	A	ATATT	ok	False
chr8	70524492	70524493	+	0.015	FDR	146	A	GAAAC	ok	False
chr8	70524527	70524528	+	0.0049	FDR	128	A	GGACT	ok	True
chr8	70586005	70586006	+	3.4e-06	FDR	211	A	TGACT	ok	True
chr8	70586140	70586141	+	0.044	FDR	227	A	TGAGC	ok	False
chr8	70586192	70586193	+	0.001	FDR	216	A	GTAAA	ok	False
chr8	70746120	70746121	-	0.0091	FDR	430	T	TTTAC	ok	False
chr8	70746250	70746251	-	2.8e-14	FDR	426	T	AGTGT	ok	False
chr8	70746331	70746332	-	1.2e-05	FDR	428	T	TCTGG	ok	False
chr8	70746491	70746492	-	5.6e-09	FDR	413	T	GATCA	ok	False
chr8	70746499	70746500	-	4.7e-05	FDR	411	T	GTTTC	ok	False
chr8	70746500	70746501	-	0.0021	FDR	408	T	TTTCC	ok	False
chr8	70746522	70746523	-	0.011	FDR	409	T	TTTTC	ok	False
chr8	70746526	70746527	-	0.0027	FDR	407	T	CATCA	ok	False
chr8	70746532	70746533	-	3.5e-23	FDR	394	T	AATGC	ok	False
chr8	70762995	70762996	+	0.047	FDR	264	A	GAAGC	ok	False
chr8	70763136	70763137	+	0.00018	FDR	419	A	GGACA	ok	True
chr8	70764278	70764279	+	1.4e-08	FDR	399	A	GGACA	ok	True
chr8	70764315	70764316	+	0.019	FDR	409	A	GTACT	ok	False
chr8	70765366	70765367	+	4.5e-05	FDR	468	A	CGATA	ok	False
chr8	70765368	70765369	+	5.1e-16	FDR	429	A	ATACT	ok	False
chr8	70765390	70765391	+	7.4e-35	FDR	348	A	GCACA	ok	False
chr8	70765521	70765522	+	5.9e-17	FDR	466	A	CGATC	ok	False
chr8	70765539	70765540	+	0.0075	FDR	462	A	GTATG	ok	False
chr8	70765630	70765631	+	6e-05	FDR	433	A	CTATC	ok	False
chr8	70956962	70956963	-	7.1e-08	FDR	406	T	TTTAT	ok	False
chr8	70957116	70957117	-	0.0006	FDR	424	T	AGTTC	ok	True
chr8	70958421	70958422	-	0.00042	FDR	376	T	TCTGT	ok	False
chr8	70958440	70958441	-	6.4e-07	FDR	373	T	GCTGC	ok	False
chr8	70960968	70960969	-	2.5e-161	FDR	5693	T	GGTAT	ok	False
chr8	70961108	70961109	-	1.5e-11	FDR	5959	T	TCTGG	ok	False
chr8	70966085	70966086	-	4e-11	FDR	281	T	CATCT	ok	False
chr8	70966133	70966134	-	9.4e-07	FDR	281	T	GATAA	ok	False
chr8	70966137	70966138	-	0.00081	FDR	280	T	ACTGG	ok	False
chr8	70966291	70966292	-	8.4e-08	FDR	255	T	GGTAG	ok	False
chr8	71050230	71050231	-	3.4e-11	FDR	214	T	GGTCC	ok	True
chr8	71050234	71050235	-	0.014	FDR	253	T	CTTTT	ok	False
chr8	71050235	71050236	-	0.0017	FDR	246	T	TTTTG	ok	False
chr8	71050261	71050262	-	0.0038	FDR	256	T	GTTTA	ok	False
chr8	71050262	71050263	-	0.00067	FDR	258	T	TTTAG	ok	False
chr8	71130464	71130465	+	0.026	FDR	450	A	GCATC	ok	False
chr8	71130669	71130670	+	3.7e-06	FDR	731	A	GCATC	ok	False
chr8	71131145	71131146	+	0.0026	FDR	1079	A	TCAGG	ok	False
chr8	71131376	71131377	+	0.017	FDR	1096	A	AAAAA	ok	False
chr8	71131377	71131378	+	0.013	FDR	1096	A	AAAAT	ok	False
chr8	71131378	71131379	+	3.4e-05	FDR	1085	A	AAATA	ok	False
chr8	71152643	71152644	+	0.0018	FDR	284	A	CGAGC	ok	False
chr8	71152757	71152758	+	7.2e-24	FDR	378	A	GGACT	ok	True
chr8	71152784	71152785	+	1.4e-08	FDR	477	A	GGACT	ok	True
chr8	71152810	71152811	+	3.1e-11	FDR	540	A	GGACT	ok	True
chr8	71211375	71211376	-	1.6e-06	FDR	104	T	ACTTC	ok	False
chr8	71215666	71215667	-	0.0025	FDR	189	T	GATGT	ok	False
chr8	71220960	71220961	-	1.2e-09	FDR	134	T	AGTCT	ok	True
chr8	71220997	71220998	-	0.011	FDR	133	T	AGTTT	ok	True
chr8	71220998	71220999	-	0.0035	FDR	141	T	GTTTG	ok	False
chr8	71320900	71320901	-	1.3e-07	FDR	742	T	GGTAC	ok	False
chr8	71321115	71321116	-	0.011	FDR	722	T	GCTGG	ok	False
chr8	71321172	71321173	-	3.7e-06	FDR	573	T	GTTGC	ok	False
chr8	71321472	71321473	-	0.0023	FDR	404	T	TCTAG	ok	False
chr8	71321725	71321726	-	0.0075	FDR	300	T	GCTCC	ok	False
chr8	71322550	71322551	-	0.00089	FDR	257	T	CTTGC	ok	False
chr8	71322555	71322556	-	0.0034	FDR	261	T	GTTGC	ok	False
chr8	71348040	71348041	-	4.9e-126	FDR	6831	T	TATTC	ok	False
chr8	71348069	71348070	-	7.6e-260	FDR	5638	T	GGTGT	ok	False
chr8	71348141	71348142	-	2.6e-08	FDR	6991	T	GATCT	ok	False
chr8	71348566	71348567	-	2.8e-11	FDR	6519	T	TGTGT	ok	False
chr8	71348568	71348569	-	2.2e-149	FDR	6390	T	TGTGA	ok	False
chr8	71856929	71856930	+	0.0028	FDR	185	A	CAATT	ok	False
chr8	71856962	71856963	+	2.4e-06	FDR	142	A	GCAAA	ok	False
chr8	71857042	71857043	+	3.2e-05	FDR	198	A	GAACT	ok	True
chr8	71857150	71857151	+	5.5e-08	FDR	134	A	GGACT	ok	True
chr8	71917687	71917688	+	0.016	FDR	248	A	AGATC	ok	False
chr8	71917901	71917902	+	1.2e-07	FDR	289	A	CCAGT	ok	False
chr8	71917906	71917907	+	2.3e-05	FDR	286	A	CCAGA	ok	False
chr8	71918114	71918115	+	2.9e-26	FDR	410	A	GCAAC	ok	False
chr8	71918131	71918132	+	3.5e-07	FDR	396	A	AGACT	ok	True
chr8	71918174	71918175	+	0.043	FDR	417	A	GCAAG	ok	False
chr8	71918175	71918176	+	0.011	FDR	422	A	CAAGC	ok	False
chr8	71918301	71918302	+	8.8e-07	FDR	428	A	GCAAG	ok	False
chr8	71999650	71999651	+	0.019	FDR	228	A	AGATT	ok	False
chr8	72000266	72000267	+	9.2e-05	FDR	241	A	ACATT	ok	False
chr8	72000432	72000433	+	5.2e-07	FDR	315	A	AGACT	ok	True
chr8	72000443	72000444	+	0.0047	FDR	303	A	GCACG	ok	False
chr8	72000484	72000485	+	0.049	FDR	300	A	CCACC	ok	False
chr8	72000508	72000509	+	0.0029	FDR	319	A	AGATA	ok	False
chr8	72000521	72000522	+	9.1e-05	FDR	231	A	TGACA	ok	True
chr8	72000550	72000551	+	5.1e-07	FDR	272	A	GCACA	ok	False
chr8	72000633	72000634	+	0.043	FDR	223	A	CCACA	ok	False
chr8	72047843	72047844	+	0.00036	FDR	371	A	GAAGG	ok	False
chr8	72048713	72048714	+	7.4e-05	FDR	371	A	GGACA	ok	True
chr8	72048860	72048861	+	2.4e-14	FDR	373	A	GCACT	ok	False
chr8	72048877	72048878	+	0.00043	FDR	369	A	GGAGC	ok	False
chr8	72048882	72048883	+	0.022	FDR	358	A	GGACT	ok	True
chr8	72048893	72048894	+	0.0076	FDR	371	A	GGATT	ok	False
chr8	72048896	72048897	+	1e-05	FDR	348	A	TTAAA	ok	False
chr8	72934523	72934524	+	0.03	FDR	178	A	CGATT	ok	False
chr8	72934549	72934550	+	0.01	FDR	172	A	CCATT	ok	False
chr8	72934746	72934747	+	0.037	FDR	184	A	GAATG	ok	False
chr8	72934876	72934877	+	0.017	FDR	216	A	GGACT	ok	True
chr8	72935058	72935059	+	0.013	FDR	271	A	TCAGT	ok	False
chr8	73073967	73073968	+	3.1e-08	FDR	286	A	AAACG	ok	False
chr8	73074852	73074853	+	1.4e-15	FDR	601	A	GGACC	ok	True
chr8	73074893	73074894	+	9.5e-37	FDR	957	A	TGACT	ok	True
chr8	73074923	73074924	+	1.5e-19	FDR	973	A	TGACT	ok	True
chr8	73075251	73075252	+	0.00012	FDR	119	A	TCAGT	ok	False
chr8	73075286	73075287	+	0.047	FDR	120	A	CCAGC	ok	False
chr8	73075323	73075324	+	0.0099	FDR	110	A	ACATG	ok	False
chr8	73075336	73075337	+	1.6e-05	FDR	122	A	GGATT	ok	False
chr8	73457751	73457752	+	0.0011	FDR	290	A	GCAGA	ok	False
chr8	73457904	73457905	+	6.6e-05	FDR	393	A	CCAGG	ok	False
chr8	73466109	73466110	+	0.00038	FDR	675	A	CCAGC	ok	False
chr8	73466470	73466471	+	0.015	FDR	676	A	CTAGA	ok	False
chr8	79232107	79232108	-	0.00052	FDR	807	T	GTTAT	ok	False
chr8	79232152	79232153	-	2.7e-05	FDR	943	T	CTTGA	ok	False
chr8	79232155	79232156	-	0.00023	FDR	908	T	GATCC	ok	False
chr8	79232168	79232169	-	4.9e-06	FDR	832	T	ATTTG	ok	False
chr8	79232178	79232179	-	2.1e-10	FDR	524	T	AATAT	ok	False
chr8	79232265	79232266	-	0.013	FDR	748	T	AATCA	ok	False
chr8	79232316	79232317	-	2.2e-06	FDR	619	T	CTTGT	ok	False
chr8	79232342	79232343	-	9.6e-08	FDR	591	T	CTTGA	ok	False
chr8	79232359	79232360	-	1e-07	FDR	554	T	TCTGC	ok	False
chr8	79232370	79232371	-	0.00011	FDR	523	T	AGTAA	ok	False
chr8	79232407	79232408	-	4e-06	FDR	456	T	GCTGC	ok	False
chr8	79232410	79232411	-	0.0037	FDR	446	T	GCTGT	ok	False
chr8	79534806	79534807	-	0.021	FDR	465	T	TATCC	ok	False
chr8	79534867	79534868	-	7.7e-12	FDR	387	T	TGTAC	ok	False
chr8	79536658	79536659	-	0.016	FDR	399	T	TATTC	ok	False
chr8	79536659	79536660	-	0.0006	FDR	410	T	ATTCA	ok	False
chr8	79539630	79539631	-	0.017	FDR	336	T	ATTTC	ok	False
chr8	79539657	79539658	-	0.00025	FDR	301	T	TCTGC	ok	False
chr8	79539669	79539670	-	0.00072	FDR	301	T	AGTCG	ok	False
chr8	80410543	80410544	-	3.4e-05	FDR	431	T	TGTCC	ok	True
chr8	80410593	80410594	-	0.033	FDR	409	T	TATTG	ok	False
chr8	81426613	81426614	-	0.021	FDR	210	T	TTTAT	ok	False
chr8	81426615	81426616	-	0.049	FDR	210	T	TATTG	ok	False
chr8	81431302	81431303	-	0.0079	FDR	428	T	AATTC	ok	False
chr8	81431303	81431304	-	0.0059	FDR	437	T	ATTCA	ok	False
chr8	84293549	84293550	+	1.7e-35	FDR	797	A	GCAAG	ok	False
chr8	84298151	84298152	+	6.7e-14	FDR	1118	A	CAAGG	ok	False
chr8	84722875	84722876	+	9.9e-05	FDR	211	A	TTACC	ok	False
chr8	84823788	84823789	-	2.9e-09	FDR	217	T	ACTGG	ok	False
chr8	84823951	84823952	-	5.9e-07	FDR	215	T	GCTGT	ok	False
chr8	84823959	84823960	-	1.1e-12	FDR	111	T	AGTCC	ok	True
chr8	84824048	84824049	-	3.7e-05	FDR	164	T	GGTAG	ok	False
chr8	84973140	84973141	-	7.6e-47	FDR	1014	T	AGTCC	ok	True
chr8	84973170	84973171	-	1.1e-64	FDR	826	T	AGTCC	ok	True
chr8	84978307	84978308	-	0.0087	FDR	231	T	GGTGA	ok	False
chr8	84980524	84980525	-	0.0024	FDR	227	T	AGTTA	ok	True
chr8	84980529	84980530	-	2.2e-05	FDR	235	T	GCTCC	ok	False
chr8	84980532	84980533	-	0.0072	FDR	232	T	CCTGG	ok	False
chr8	84980551	84980552	-	3.2e-07	FDR	228	T	TATGA	ok	False
chr8	84980583	84980584	-	0.0013	FDR	219	T	GGTCA	ok	True
chr8	85388155	85388156	-	1.4e-10	FDR	420	T	GGTCC	ok	True
chr8	85388186	85388187	-	1.4e-24	FDR	385	T	AGTCC	ok	True
chr8	85388223	85388224	-	7e-14	FDR	532	T	GATTT	ok	False
chr8	85388292	85388293	-	6.7e-10	FDR	315	T	AGTCC	ok	True
chr8	85388314	85388315	-	2.9e-05	FDR	500	T	CCTGG	ok	False
chr8	85397163	85397164	-	6.6e-09	FDR	901	T	CATTT	ok	False
chr8	85397531	85397532	-	3.7e-11	FDR	392	T	CCTGG	ok	False
chr8	85559040	85559041	+	3.7e-05	FDR	341	A	AGACC	ok	True
chr8	85559267	85559268	+	1.6e-10	FDR	597	A	CCAGG	ok	False
chr8	85561023	85561024	+	1.3e-72	FDR	672	A	GGACT	ok	True
chr8	85568913	85568914	-	9e-58	FDR	2373	T	GATGC	ok	False
chr8	85569181	85569182	-	3.8e-07	FDR	834	T	AGTTC	ok	True
chr8	85569246	85569247	-	2.3e-07	FDR	543	T	AGTCC	ok	True
chr8	85569416	85569417	-	0.047	FDR	435	T	TCTTC	ok	False
chr8	85613784	85613785	+	0.00024	FDR	385	A	AGAAT	ok	False
chr8	85613785	85613786	+	6.4e-12	FDR	388	A	GAATT	ok	False
chr8	85613801	85613802	+	0.01	FDR	389	A	GAATG	ok	False
chr8	85613807	85613808	+	2.2e-15	FDR	387	A	TGACT	ok	True
chr8	85613827	85613828	+	0.00021	FDR	387	A	CCATC	ok	False
chr8	85613845	85613846	+	0.00014	FDR	367	A	GCACA	ok	False
chr8	85613943	85613944	+	8.8e-09	FDR	385	A	TGACA	ok	True
chr8	85613980	85613981	+	5.8e-15	FDR	379	A	AAATT	ok	False
chr8	85697922	85697923	+	1.4e-06	FDR	692	A	ATACC	ok	False
chr8	85697998	85697999	+	1.5e-18	FDR	931	A	GAATT	ok	False
chr8	85698016	85698017	+	5.1e-11	FDR	980	A	AAATG	ok	False
chr8	85698027	85698028	+	6.4e-22	FDR	924	A	GCATT	ok	False
chr8	85698034	85698035	+	7.8e-38	FDR	973	A	TTACA	ok	False
chr8	85698230	85698231	+	1.4e-10	FDR	1261	A	AGATC	ok	False
chr8	85700660	85700661	+	5.2e-26	FDR	1699	A	ACACC	ok	False
chr8	85700691	85700692	+	0.036	FDR	1859	A	GGAAT	ok	False
chr8	85700692	85700693	+	2.3e-20	FDR	1870	A	GAATA	ok	False
chr8	85700694	85700695	+	1.3e-51	FDR	1766	A	ATACT	ok	False
chr8	85700738	85700739	+	5e-10	FDR	1921	A	TGAAG	ok	False
chr8	85700751	85700752	+	7.6e-11	FDR	1752	A	TCACC	ok	False
chr8	85700786	85700787	+	1.4e-06	FDR	1940	A	CCAGA	ok	False
chr8	85700789	85700790	+	2.4e-15	FDR	1753	A	GAAAA	ok	False
chr8	85700790	85700791	+	1.1e-09	FDR	1935	A	AAAAT	ok	False
chr8	85700791	85700792	+	1.3e-27	FDR	1933	A	AAATG	ok	False
chr8	85700847	85700848	+	9.5e-10	FDR	1821	A	TCATT	ok	False
chr8	85700850	85700851	+	3.8e-15	FDR	1773	A	TTACC	ok	False
chr8	85700870	85700871	+	1e-23	FDR	1942	A	GAATA	ok	False
chr8	85700890	85700891	+	1.6e-23	FDR	1447	A	GCACA	ok	False
chr8	85700892	85700893	+	2.8e-37	FDR	1897	A	ACACC	ok	False
chr8	85700930	85700931	+	0.001	FDR	1923	A	GTATT	ok	False
chr8	85756638	85756639	+	1.2e-16	FDR	392	A	GGACT	ok	True
chr8	85756695	85756696	+	1.9e-30	FDR	429	A	GGACT	ok	True
chr8	85756751	85756752	+	6.7e-27	FDR	520	A	GGACT	ok	True
chr8	85756804	85756805	+	3.2e-08	FDR	438	A	TTACT	ok	False
chr8	85808492	85808493	+	0.031	FDR	224	A	TGAGT	ok	False
chr8	85808768	85808769	+	5.5e-05	FDR	317	A	TGAAT	ok	False
chr8	85808845	85808846	+	4e-05	FDR	241	A	TTACC	ok	False
chr8	85808928	85808929	+	0.031	FDR	313	A	GAAAC	ok	False
chr8	85987039	85987040	-	4.2e-08	FDR	396	T	ATTAT	ok	False
chr8	85987047	85987048	-	4.4e-06	FDR	389	T	ACTGA	ok	False
chr8	85987070	85987071	-	0.00013	FDR	386	T	GATGC	ok	False
chr8	85987181	85987182	-	1.3e-06	FDR	383	T	AGTTC	ok	True
chr8	85987200	85987201	-	1.8e-11	FDR	361	T	AGTCC	ok	True
chr8	85987206	85987207	-	0.031	FDR	355	T	AATAT	ok	False
chr8	85987239	85987240	-	0.013	FDR	387	T	GGTGC	ok	False
chr8	85987269	85987270	-	0.00027	FDR	340	T	TATAT	ok	False
chr8	85987337	85987338	-	0.0073	FDR	321	T	ATTTC	ok	False
chr8	86034584	86034585	+	0.032	FDR	433	A	AGAAT	ok	False
chr8	86265630	86265631	-	0.0017	FDR	415	T	TTTCA	ok	False
chr8	86265670	86265671	-	0.00071	FDR	340	T	GATGT	ok	False
chr8	87567817	87567818	-	4.5e-08	FDR	142	T	GGTGC	ok	False
chr8	87568087	87568088	-	0.02	FDR	122	T	TATGG	ok	False
chr8	87774335	87774336	+	8e-25	FDR	2227	A	AGACC	ok	True
chr8	87774384	87774385	+	6.6e-27	FDR	3923	A	CCAGT	ok	False
chr8	87774492	87774493	+	4.6e-06	FDR	4936	A	CCAGA	ok	False
chr8	92394750	92394751	+	0.039	FDR	144	A	TAAAA	ok	False
chr8	92394887	92394888	+	0.009	FDR	196	A	AAACC	ok	True
chr8	92394947	92394948	+	0.00095	FDR	196	A	GCAGT	ok	False
chr8	92394964	92394965	+	3.2e-20	FDR	198	A	TCAGT	ok	False
chr8	94746118	94746119	-	1.2e-06	FDR	481	T	AGTAG	ok	False
chr8	94746246	94746247	-	1.4e-05	FDR	486	T	GTTAC	ok	False
chr8	94749454	94749455	-	0.028	FDR	349	T	ATTGT	ok	False
chr8	94900034	94900035	+	1.7e-17	FDR	2318	A	ACAAG	ok	False
chr8	94905840	94905841	+	1.4e-06	FDR	222	A	ATAAA	ok	False
chr8	94905928	94905929	+	7.3e-38	FDR	1668	A	CCAGA	ok	False
chr8	94905930	94905931	+	2.3e-100	FDR	1671	A	AGATC	ok	False
chr8	94906785	94906786	+	1.9e-08	FDR	2070	A	GCAAA	ok	False
chr8	94906800	94906801	+	1.3e-09	FDR	2031	A	ACAAG	ok	False
chr8	94906801	94906802	+	1.5e-06	FDR	2119	A	CAAGT	ok	False
chr8	95301615	95301616	-	0.013	FDR	94	T	CATTT	ok	False
chr8	95301717	95301718	-	0.0019	FDR	223	T	TCTCT	ok	False
chr8	95301779	95301780	-	6.4e-17	FDR	226	T	AGTCA	ok	True
chr8	95301800	95301801	-	0.0025	FDR	203	T	GGTTA	ok	True
chr8	95590176	95590177	+	0.0018	FDR	405	A	AGACT	ok	True
chr8	95590267	95590268	+	2e-17	FDR	501	A	GGACT	ok	True
chr8	95590519	95590520	+	0.011	FDR	471	A	ATAAA	ok	False
chr8	96445480	96445481	+	0.006	FDR	179	A	CTATT	ok	False
chr8	96445487	96445488	+	0.0043	FDR	175	A	GCAGT	ok	False
chr8	96590911	96590912	-	0.045	FDR	854	T	CCTGC	ok	False
chr8	96590966	96590967	-	3.1e-10	FDR	734	T	GGTCC	ok	True
chr8	96591231	96591232	-	0.0041	FDR	284	T	TGTCC	ok	True
chr8	106031616	106031617	+	0.00034	FDR	449	A	AGAGA	ok	False
chr8	106031790	106031791	+	1.3e-07	FDR	541	A	GTACC	ok	False
chr8	106031837	106031838	+	7.2e-17	FDR	370	A	TCACT	ok	False
chr8	106031880	106031881	+	1.4e-09	FDR	562	A	AGATT	ok	False
chr8	106031960	106031961	+	0.0022	FDR	557	A	ATATT	ok	False
chr8	106055542	106055543	+	0.00019	FDR	213	A	GCATC	ok	False
chr8	106251370	106251371	-	1.3e-08	FDR	318	T	CCTAA	ok	False
chr8	106251457	106251458	-	7.9e-06	FDR	248	T	GGTCA	ok	True
chr8	106409403	106409404	+	0.0015	FDR	230	A	TGATG	ok	False
chr8	106409415	106409416	+	5.2e-12	FDR	218	A	GTACT	ok	False
chr8	106409475	106409476	+	0.027	FDR	197	A	ATAAA	ok	False
chr8	106409476	106409477	+	0.021	FDR	226	A	TAAAA	ok	False
chr8	106409477	106409478	+	0.028	FDR	228	A	AAAAT	ok	False
chr8	106571536	106571537	-	0.044	FDR	249	T	AATGC	ok	False
chr8	106571547	106571548	-	9.8e-12	FDR	246	T	GATAA	ok	False
chr8	106571726	106571727	-	5.5e-07	FDR	193	T	AGTCC	ok	True
chr8	106583332	106583333	+	8e-09	FDR	167	A	CTACC	ok	False
chr8	106583347	106583348	+	0.00013	FDR	186	A	GCAGT	ok	False
chr8	106583367	106583368	+	4.9e-09	FDR	142	A	GGACT	ok	True
chr8	106583424	106583425	+	0.0025	FDR	169	A	TGAGA	ok	False
chr8	106583426	106583427	+	0.0018	FDR	177	A	AGAGG	ok	False
chr8	106583465	106583466	+	0.02	FDR	180	A	CCAGG	ok	False
chr8	106583469	106583470	+	2.5e-08	FDR	180	A	GGACT	ok	True
chr8	106583566	106583567	+	0.0088	FDR	145	A	CAAAA	ok	False
chr8	106662385	106662386	-	0.0001	FDR	429	T	GATTT	ok	False
chr8	106662429	106662430	-	0.0025	FDR	494	T	ATTCC	ok	False
chr8	106662439	106662440	-	1.9e-07	FDR	461	T	CATGG	ok	False
chr8	106662764	106662765	-	0.041	FDR	447	T	TCTTG	ok	False
chr8	106662765	106662766	-	0.023	FDR	440	T	CTTGC	ok	False
chr8	106736389	106736390	-	7.6e-08	FDR	163	T	AGTGT	ok	False
chr8	106736391	106736392	-	0.00024	FDR	121	T	TGTTC	ok	True
chr8	106736416	106736417	-	2.8e-11	FDR	182	T	GATTC	ok	False
chr8	106736475	106736476	-	8e-21	FDR	149	T	AGTCC	ok	True
chr8	106856892	106856893	+	0.00063	FDR	160	A	GTATC	ok	False
chr8	106976973	106976974	+	4.3e-06	FDR	335	A	AGAGC	ok	False
chr8	106977077	106977078	+	0.0042	FDR	376	A	CCAAG	ok	False
chr8	106977922	106977923	+	0.0017	FDR	462	A	ACAAG	ok	False
chr8	106978202	106978203	+	0.037	FDR	495	A	TCAGT	ok	False
chr8	106978306	106978307	+	1.9e-08	FDR	478	A	CCAGC	ok	False
chr8	107396364	107396365	+	0.0023	FDR	267	A	CCAGC	ok	False
chr8	107396448	107396449	+	3.4e-07	FDR	453	A	ACAGC	ok	False
chr8	107396840	107396841	+	0.013	FDR	706	A	GCATT	ok	False
chr8	107645282	107645283	+	0.0019	FDR	323	A	GTATA	ok	False
chr8	107645293	107645294	+	0.0042	FDR	332	A	GGAGC	ok	False
chr8	107645369	107645370	+	0.0048	FDR	441	A	TCATC	ok	False
chr8	107645374	107645375	+	0.024	FDR	447	A	CCAAG	ok	False
chr8	107645402	107645403	+	2.1e-10	FDR	479	A	TGATG	ok	False
chr8	107648896	107648897	+	0.005	FDR	645	A	AAATG	ok	False
chr8	107649549	107649550	+	3.5e-26	FDR	662	A	CGACC	ok	False
chr8	107649698	107649699	+	1.8e-07	FDR	651	A	ATAAT	ok	False
chr8	107775389	107775390	-	0.034	FDR	189	T	TATCC	ok	False
chr8	107785144	107785145	+	0.00011	FDR	376	A	GAACA	ok	True
chr8	107785207	107785208	+	0.00021	FDR	333	A	GGACA	ok	True
chr8	107785245	107785246	+	2.1e-11	FDR	436	A	AGAAA	ok	False
chr8	107785277	107785278	+	0.035	FDR	511	A	CTAGA	ok	False
chr8	107785312	107785313	+	0.00092	FDR	550	A	CCAGC	ok	False
chr8	107785392	107785393	+	1.5e-07	FDR	656	A	CCAGA	ok	False
chr8	107785572	107785573	+	1.6e-17	FDR	595	A	GGACT	ok	True
chr8	107913684	107913685	+	0.03	FDR	178	A	TGAGA	ok	False
chr8	107913747	107913748	+	2.5e-08	FDR	200	A	GGATT	ok	False
chr8	107913780	107913781	+	0.033	FDR	225	A	AGAAG	ok	False
chr8	107913784	107913785	+	1.1e-13	FDR	218	A	GCAGG	ok	False
chr8	107913795	107913796	+	3e-10	FDR	237	A	CCAGT	ok	False
chr8	107913826	107913827	+	0.046	FDR	234	A	TCATG	ok	False
chr8	107913961	107913962	+	2.1e-05	FDR	265	A	GAATT	ok	False
chr8	107913969	107913970	+	1.7e-08	FDR	268	A	CGATG	ok	False
chr8	107914046	107914047	+	1.7e-11	FDR	264	A	ACAGT	ok	False
chr8	108139200	108139201	-	1.8e-06	FDR	340	T	CGTGT	ok	False
chr8	108139249	108139250	-	0.00027	FDR	334	T	AGTTT	ok	True
chr8	108139264	108139265	-	0.023	FDR	311	T	GATTT	ok	False
chr8	108139389	108139390	-	5.2e-05	FDR	383	T	AGTCA	ok	True
chr8	108139477	108139478	-	0.02	FDR	333	T	GATAC	ok	False
chr8	108139486	108139487	-	7.8e-08	FDR	331	T	GATGA	ok	False
chr8	108307095	108307096	-	2.1e-26	FDR	804	T	GGTCC	ok	True
chr8	108307131	108307132	-	4.5e-13	FDR	837	T	GGTCC	ok	True
chr8	108307155	108307156	-	1.7e-05	FDR	892	T	CATTG	ok	False
chr8	108307195	108307196	-	1.2e-23	FDR	926	T	AATTA	ok	False
chr8	108307370	108307371	-	1.9e-13	FDR	405	T	TGTCC	ok	True
chr8	108307660	108307661	-	0.00016	FDR	341	T	GGTTA	ok	True
chr8	108307661	108307662	-	1e-06	FDR	321	T	GTTAT	ok	False
chr8	108307663	108307664	-	0.00077	FDR	345	T	TATGC	ok	False
chr8	108307720	108307721	-	7.4e-05	FDR	292	T	CATTG	ok	False
chr8	110274690	110274691	-	5.9e-06	FDR	220	T	AATTA	ok	False
chr8	110274739	110274740	-	1.2e-08	FDR	185	T	AGTCT	ok	True
chr8	110274761	110274762	-	1.2e-05	FDR	221	T	CGTCC	ok	False
chr8	110274764	110274765	-	0.0085	FDR	223	T	CCTGG	ok	False
chr8	110274817	110274818	-	0.028	FDR	218	T	GCTTC	ok	False
chr8	110274957	110274958	-	4.9e-06	FDR	166	T	AGTCC	ok	True
chr8	110275036	110275037	-	0.0032	FDR	116	T	AGTCC	ok	True
chr8	111537182	111537183	-	8.6e-05	FDR	535	T	ACTGC	ok	False
chr8	111537236	111537237	-	2.4e-32	FDR	557	T	CATTG	ok	False
chr8	111537237	111537238	-	5.2e-10	FDR	561	T	ATTGT	ok	False
chr8	111537283	111537284	-	8.5e-16	FDR	541	T	TGTAC	ok	False
chr8	111537421	111537422	-	1.5e-14	FDR	492	T	AGTCA	ok	True
chr8	111537684	111537685	-	0.032	FDR	256	T	ACTGC	ok	False
chr8	111608563	111608564	+	0.0086	FDR	210	A	AAAAC	ok	False
chr8	111608564	111608565	+	0.007	FDR	212	A	AAACT	ok	True
chr8	111608620	111608621	+	0.0038	FDR	237	A	GGAAG	ok	False
chr8	111608621	111608622	+	3.3e-05	FDR	239	A	GAAGC	ok	False
chr8	111608677	111608678	+	1.6e-09	FDR	112	A	CTAAA	ok	False
chr8	111608710	111608711	+	0.0021	FDR	166	A	GGACT	ok	True
chr8	111608767	111608768	+	8.7e-21	FDR	217	A	ACACA	ok	False
chr8	111608845	111608846	+	6.4e-05	FDR	227	A	ACACT	ok	False
chr8	111780619	111780620	+	6.4e-07	FDR	406	A	GCAAA	ok	False
chr8	111780620	111780621	+	0.017	FDR	451	A	CAAAG	ok	False
chr8	111780786	111780787	+	7.3e-08	FDR	578	A	ACAGC	ok	False
chr8	111780833	111780834	+	0.0015	FDR	628	A	GCATC	ok	False
chr8	111780840	111780841	+	4.9e-09	FDR	643	A	CCAAG	ok	False
chr8	111781786	111781787	+	0.025	FDR	1306	A	GCAGC	ok	False
chr8	111781831	111781832	+	1.3e-36	FDR	1421	A	GAACT	ok	True
chr8	111781877	111781878	+	1.6e-10	FDR	1515	A	CCAGA	ok	False
chr8	111782053	111782054	+	0.0019	FDR	1703	A	TCAGC	ok	False
chr8	111782188	111782189	+	1.1e-31	FDR	1235	A	GGACC	ok	True
chr8	111883559	111883560	-	0.00033	FDR	136	T	AGTCC	ok	True
chr8	111997761	111997762	-	2.3e-13	FDR	333	T	GGTCC	ok	True
chr8	111997850	111997851	-	0.021	FDR	318	T	CCTGG	ok	False
chr8	111997888	111997889	-	2.5e-06	FDR	272	T	AATGC	ok	False
chr8	111997934	111997935	-	0.033	FDR	212	T	GGTAG	ok	False
chr8	112495187	112495188	-	9.5e-05	FDR	896	T	AATTA	ok	False
chr8	112669229	112669230	+	0.0016	FDR	719	A	GGATC	ok	False
chr8	112679112	112679113	+	1.5e-15	FDR	897	A	CCAGA	ok	False
chr8	112679542	112679543	+	0.0067	FDR	425	A	AAAGG	ok	False
chr8	117616402	117616403	-	0.0007	FDR	310	T	GGTTC	ok	True
chr8	117616435	117616436	-	0.004	FDR	245	T	AGTCC	ok	True
chr8	117684877	117684878	+	1.9e-05	FDR	112	A	TCAGT	ok	False
chr8	117708992	117708993	-	6.3e-05	FDR	813	T	GCTGG	ok	False
chr8	117709146	117709147	-	0.00017	FDR	416	T	CCTAG	ok	False
chr8	120074876	120074877	+	2.9e-06	FDR	313	A	GCATT	ok	False
chr8	120536037	120536038	-	0.028	FDR	80	T	CCTTC	ok	False
chr8	120536047	120536048	-	0.0024	FDR	67	T	AGTAA	ok	False
chr8	120536086	120536087	-	0.037	FDR	81	T	AGTGC	ok	False
chr8	121308202	121308203	-	0.013	FDR	327	T	CTTGA	ok	False
chr8	121308286	121308287	-	0.019	FDR	330	T	TCTCT	ok	False
chr8	121308300	121308301	-	0.029	FDR	291	T	AGTTG	ok	False
chr8	121308312	121308313	-	2.6e-05	FDR	253	T	AGTAT	ok	False
chr8	121384600	121384601	-	0.0047	FDR	430	T	GTTTA	ok	False
chr8	121384691	121384692	-	1.2e-18	FDR	408	T	AGTTC	ok	True
chr8	121384785	121384786	-	1.7e-25	FDR	367	T	AATGT	ok	False
chr8	121384793	121384794	-	7.5e-05	FDR	343	T	AATAT	ok	False
chr8	121384812	121384813	-	0.016	FDR	300	T	TGTAG	ok	False
chr8	121384845	121384846	-	1.5e-09	FDR	405	T	ACTGC	ok	False
chr8	121384873	121384874	-	6.4e-10	FDR	375	T	AGTCG	ok	False
chr8	121395083	121395084	+	8.9e-40	FDR	1284	A	GCAGC	ok	False
chr8	121399967	121399968	+	2.2e-20	FDR	2330	A	GCATC	ok	False
chr8	121399997	121399998	+	0.0023	FDR	2736	A	TGAAC	ok	False
chr8	122278773	122278774	-	0.00011	FDR	186	T	ATTTT	ok	False
chr8	122278792	122278793	-	0.045	FDR	182	T	CGTTC	ok	False
chr8	122278845	122278846	-	2.4e-07	FDR	186	T	TATAC	ok	False
chr8	122278889	122278890	-	0.0082	FDR	172	T	TGTGC	ok	False
chr8	122278898	122278899	-	6e-07	FDR	189	T	ATTTC	ok	False
chr8	122278983	122278984	-	6.1e-07	FDR	184	T	TGTTC	ok	True
chr8	122278984	122278985	-	3.9e-06	FDR	186	T	GTTCC	ok	False
chr8	122322829	122322830	+	0.0015	FDR	305	A	TCAGG	ok	False
chr8	122323345	122323346	+	5.2e-05	FDR	346	A	GCAGC	ok	False
chr8	122323380	122323381	+	0.041	FDR	360	A	TGAAT	ok	False
chr8	122323491	122323492	+	1.9e-07	FDR	397	A	GGACA	ok	True
chr8	122323496	122323497	+	3.9e-16	FDR	426	A	GCAAT	ok	False
chr8	122323507	122323508	+	8.6e-09	FDR	360	A	GTAAG	ok	False
chr8	122323508	122323509	+	1.2e-24	FDR	430	A	TAAGA	ok	False
chr8	122323510	122323511	+	3.6e-22	FDR	407	A	AGACT	ok	True
chr8	122323545	122323546	+	0.049	FDR	433	A	CCAAG	ok	False
chr8	122323546	122323547	+	0.0016	FDR	441	A	CAAGG	ok	False
chr8	122323596	122323597	+	3.4e-09	FDR	440	A	AGATG	ok	False
chr8	122323668	122323669	+	2.5e-06	FDR	412	A	GCACT	ok	False
chr8	122323680	122323681	+	0.0025	FDR	443	A	GAAAC	ok	False
chr8	122523148	122523149	-	0.00016	FDR	523	T	CGTTC	ok	False
chr8	122523284	122523285	-	8.7e-10	FDR	487	T	AGTCT	ok	True
chr8	122523286	122523287	-	3.8e-09	FDR	513	T	TCTAG	ok	False
chr8	122523291	122523292	-	3.5e-17	FDR	502	T	TGTCT	ok	True
chr8	122523305	122523306	-	0.0046	FDR	440	T	AATGT	ok	False
chr8	122523307	122523308	-	2.7e-06	FDR	450	T	TGTCT	ok	True
chr8	122523468	122523469	-	9e-06	FDR	370	T	TCTGG	ok	False
chr8	122523712	122523713	-	3.4e-08	FDR	323	T	CTTCA	ok	False
chr8	122523717	122523718	-	0.039	FDR	321	T	TCTGA	ok	False
chr8	122524577	122524578	-	0.00037	FDR	262	T	GATCC	ok	False
chr8	122567766	122567767	+	0.0067	FDR	375	A	CAATC	ok	False
chr8	122608086	122608087	-	4.5e-10	FDR	607	T	ACTGA	ok	False
chr8	123301378	123301379	-	2.5e-08	FDR	974	T	CATAT	ok	False
chr8	123301443	123301444	-	5.1e-22	FDR	1092	T	TGTAC	ok	False
chr8	123301450	123301451	-	5.1e-71	FDR	1185	T	AGTAC	ok	False
chr8	123301483	123301484	-	8.1e-27	FDR	1218	T	GATCA	ok	False
chr8	123301544	123301545	-	1.3e-30	FDR	1219	T	GGTCA	ok	True
chr8	123301937	123301938	-	8.9e-11	FDR	717	T	TCTGG	ok	False
chr8	123303298	123303299	-	0.038	FDR	338	T	ACTGG	ok	False
chr8	123829421	123829422	+	2.6e-29	FDR	2596	A	TGATA	ok	False
chr8	123829479	123829480	+	1.1e-06	FDR	3377	A	CCAGC	ok	False
chr8	123830059	123830060	+	3e-05	FDR	9033	A	CCAGG	ok	False
chr8	123831803	123831804	+	2.1e-38	FDR	9764	A	CCAGA	ok	False
chr8	123931260	123931261	-	0.032	FDR	208	T	CCTAT	ok	False
chr8	123931262	123931263	-	0.039	FDR	211	T	TATAA	ok	False
chr8	124127372	124127373	+	2.5e-05	FDR	244	A	CCAGT	ok	False
chr8	124127384	124127385	+	4.2e-05	FDR	241	A	GGAAA	ok	False
chr8	124127850	124127851	+	5e-09	FDR	150	A	CGAAC	ok	False
chr8	124127962	124127963	+	0.0029	FDR	150	A	GGACT	ok	True
chr8	124127968	124127969	+	0.00046	FDR	143	A	GGACT	ok	True
chr8	124130300	124130301	+	0.019	FDR	559	A	GGATT	ok	False
chr8	124130304	124130305	+	0.0011	FDR	552	A	TAAAA	ok	False
chr8	124561882	124561883	+	0.0019	FDR	223	A	GGACT	ok	True
chr8	124561894	124561895	+	0.0022	FDR	238	A	GAACA	ok	True
chr8	125072420	125072421	+	4.9e-13	FDR	161	A	GAAAT	ok	False
chr8	125566241	125566242	-	3.9e-10	FDR	457	T	CATTC	ok	False
chr8	125566523	125566524	-	7.7e-11	FDR	258	T	TGTCC	ok	True
chr8	127661416	127661417	-	6.3e-13	FDR	353	T	ATTCA	ok	False
chr8	127661473	127661474	-	3e-12	FDR	330	T	AGTAA	ok	False
chr8	127663893	127663894	-	0.0077	FDR	480	T	AATGG	ok	False
chr8	127666686	127666687	-	0.048	FDR	403	T	CATCT	ok	False
chr9	7205299	7205300	+	5.7e-06	FDR	167	A	CAATC	ok	False
chr9	7205341	7205342	+	3.2e-26	FDR	198	A	GTATT	ok	False
chr9	7205375	7205376	+	0.00055	FDR	242	A	TTAGT	ok	False
chr9	7206794	7206795	+	5.4e-15	FDR	329	A	ACAAT	ok	False
chr9	7206848	7206849	+	4.5e-05	FDR	322	A	GCATT	ok	False
chr9	14416147	14416148	+	0.0006	FDR	265	A	TGAAG	ok	False
chr9	14416211	14416212	+	0.0081	FDR	290	A	GAAAG	ok	False
chr9	14419202	14419203	+	0.0035	FDR	341	A	GGAAA	ok	False
chr9	14419203	14419204	+	0.00019	FDR	343	A	GAAAC	ok	False
chr9	14419204	14419205	+	2.8e-05	FDR	344	A	AAACC	ok	True
chr9	14419216	14419217	+	0.0011	FDR	347	A	AAACC	ok	True
chr9	14419246	14419247	+	0.0016	FDR	332	A	CAACT	ok	False
chr9	14421521	14421522	+	1.6e-43	FDR	364	A	GAACT	ok	True
chr9	14421588	14421589	+	0.00057	FDR	379	A	GAATT	ok	False
chr9	14421614	14421615	+	3.8e-07	FDR	379	A	ATATA	ok	False
chr9	18225249	18225250	+	0.032	FDR	182	A	AGATT	ok	False
chr9	20558016	20558017	+	2.4e-14	FDR	679	A	TGACA	ok	True
chr9	20558018	20558019	+	6.7e-05	FDR	692	A	ACACT	ok	False
chr9	20558043	20558044	+	0.031	FDR	708	A	ACAGT	ok	False
chr9	20573656	20573657	+	0.0018	FDR	193	A	TGATT	ok	False
chr9	20574526	20574527	+	0.0012	FDR	278	A	TGAGT	ok	False
chr9	20574545	20574546	+	0.0054	FDR	286	A	GGACT	ok	True
chr9	20574596	20574597	+	0.013	FDR	317	A	CCAGC	ok	False
chr9	20574650	20574651	+	4.4e-05	FDR	324	A	ACAGT	ok	False
chr9	20574653	20574654	+	0.0005	FDR	327	A	GTATT	ok	False
chr9	20574672	20574673	+	6.1e-25	FDR	333	A	TGACT	ok	True
chr9	20574691	20574692	+	1e-28	FDR	402	A	GCATC	ok	False
chr9	20805691	20805692	-	2e-05	FDR	1028	T	GCTGG	ok	False
chr9	20806148	20806149	-	3.4e-27	FDR	1005	T	CTTGT	ok	False
chr9	20806420	20806421	-	3.1e-11	FDR	747	T	GCTGG	ok	False
chr9	20806467	20806468	-	0.022	FDR	606	T	TCTGG	ok	False
chr9	20807237	20807238	-	5.3e-05	FDR	402	T	CTTGC	ok	False
chr9	20807449	20807450	-	0.026	FDR	273	T	ACTGA	ok	False
chr9	20809010	20809011	-	6.4e-07	FDR	237	T	CCTTG	ok	False
chr9	20809023	20809024	-	5.3e-07	FDR	236	T	TTTGA	ok	False
chr9	20918969	20918970	+	0.00025	FDR	152	A	AGACC	ok	True
chr9	20919151	20919152	+	0.043	FDR	250	A	GCAGC	ok	False
chr9	20919160	20919161	+	2.8e-17	FDR	256	A	TCAGG	ok	False
chr9	20919918	20919919	+	1.4e-28	FDR	387	A	CTACA	ok	False
chr9	20919956	20919957	+	3.7e-24	FDR	402	A	GGACC	ok	True
chr9	20920029	20920030	+	4.5e-19	FDR	376	A	GGACC	ok	True
chr9	20920039	20920040	+	7.4e-12	FDR	409	A	GCAAG	ok	False
chr9	20920048	20920049	+	3.8e-10	FDR	403	A	GGACA	ok	True
chr9	21050969	21050970	-	0.032	FDR	831	T	AGTCT	ok	True
chr9	21331483	21331484	+	0.0021	FDR	101	A	TGACC	ok	True
chr9	21331498	21331499	+	1.2e-06	FDR	99	A	GAAGG	ok	False
chr9	21331501	21331502	+	6.6e-12	FDR	71	A	GGACA	ok	True
chr9	21331503	21331504	+	3.2e-08	FDR	86	A	ACACT	ok	False
chr9	21667411	21667412	-	0.039	FDR	233	T	ATTTA	ok	False
chr9	21667453	21667454	-	1.1e-16	FDR	216	T	AGTTC	ok	True
chr9	21667465	21667466	-	0.012	FDR	177	T	GGTAT	ok	False
chr9	21667472	21667473	-	7.3e-07	FDR	231	T	GGTCA	ok	True
chr9	21667518	21667519	-	3e-15	FDR	230	T	AGTCA	ok	True
chr9	21668421	21668422	-	4.4e-07	FDR	198	T	GATCA	ok	False
chr9	21668437	21668438	-	3.4e-10	FDR	189	T	CATTC	ok	False
chr9	21668612	21668613	-	4.1e-05	FDR	163	T	TGTCC	ok	True
chr9	22069199	22069200	+	0.0041	FDR	117	A	GGAAG	ok	False
chr9	22069204	22069205	+	0.017	FDR	114	A	ATAAG	ok	False
chr9	22069205	22069206	+	9e-05	FDR	119	A	TAAGA	ok	False
chr9	22069234	22069235	+	6.2e-09	FDR	124	A	GAACT	ok	True
chr9	22069323	22069324	+	0.004	FDR	176	A	TCATC	ok	False
chr9	22069395	22069396	+	0.0031	FDR	195	A	CCAGC	ok	False
chr9	22069470	22069471	+	5.2e-10	FDR	147	A	GGACA	ok	True
chr9	22069486	22069487	+	2.4e-05	FDR	197	A	GAAGC	ok	False
chr9	22359667	22359668	-	0.02	FDR	123	T	AGTTC	ok	True
chr9	22359683	22359684	-	0.0016	FDR	142	T	GTTAC	ok	False
chr9	22359821	22359822	-	3.1e-07	FDR	137	T	GGTGT	ok	False
chr9	22359949	22359950	-	0.00038	FDR	119	T	GCTGT	ok	False
chr9	26917740	26917741	+	3.8e-11	FDR	304	A	CGATG	ok	False
chr9	26918454	26918455	+	2.1e-08	FDR	346	A	GAAGA	ok	False
chr9	26918587	26918588	+	3.4e-07	FDR	360	A	GCACG	ok	False
chr9	31000975	31000976	-	0.016	FDR	97	T	TCTCT	ok	False
chr9	35035728	35035729	-	0.013	FDR	164	T	TATTC	ok	False
chr9	35035805	35035806	-	1.6e-13	FDR	167	T	AATGC	ok	False
chr9	35035970	35035971	-	0.025	FDR	145	T	ACTCC	ok	False
chr9	35036000	35036001	-	8.7e-13	FDR	105	T	GGTGT	ok	False
chr9	35128216	35128217	+	0.0018	FDR	193	A	GTATT	ok	False
chr9	35128267	35128268	+	0.0013	FDR	196	A	AAATA	ok	False
chr9	35128269	35128270	+	5.7e-15	FDR	180	A	ATACA	ok	False
chr9	36643839	36643840	-	6.2e-08	FDR	274	T	AGTCC	ok	True
chr9	36644087	36644088	-	3e-07	FDR	151	T	TGTCC	ok	True
chr9	37560508	37560509	-	1.8e-14	FDR	491	T	AGTAC	ok	False
chr9	37560566	37560567	-	0.0035	FDR	511	T	GTTTC	ok	False
chr9	37560598	37560599	-	0.037	FDR	424	T	AGTTT	ok	True
chr9	37560600	37560601	-	1.5e-11	FDR	510	T	TTTTC	ok	False
chr9	37560601	37560602	-	4.4e-08	FDR	511	T	TTTCG	ok	False
chr9	37560653	37560654	-	0.02	FDR	511	T	GTTCA	ok	False
chr9	37560657	37560658	-	1.4e-14	FDR	512	T	AATCT	ok	False
chr9	37560666	37560667	-	0.047	FDR	514	T	ACTGA	ok	False
chr9	37560725	37560726	-	0.0073	FDR	495	T	GGTTC	ok	True
chr9	37560726	37560727	-	6.4e-05	FDR	501	T	GTTCG	ok	False
chr9	37560731	37560732	-	0.0043	FDR	467	T	TGTGT	ok	False
chr9	40714585	40714586	+	0.00072	FDR	743	A	CTATA	ok	False
chr9	40714686	40714687	+	1.8e-10	FDR	1334	A	ACAAG	ok	False
chr9	40714728	40714729	+	1.3e-05	FDR	1635	A	CCAGA	ok	False
chr9	40714791	40714792	+	0.0092	FDR	1566	A	GCATT	ok	False
chr9	40714794	40714795	+	0.016	FDR	1851	A	TTAAC	ok	False
chr9	40715526	40715527	+	0.011	FDR	5066	A	GCATC	ok	False
chr9	40715537	40715538	+	0.0012	FDR	5209	A	GCACC	ok	False
chr9	40715556	40715557	+	7e-09	FDR	5465	A	AGATT	ok	False
chr9	40715565	40715566	+	0.0058	FDR	5426	A	TTACT	ok	False
chr9	40715589	40715590	+	0.00024	FDR	5659	A	GCATC	ok	False
chr9	40715787	40715788	+	1.6e-25	FDR	5491	A	GCATG	ok	False
chr9	40715821	40715822	+	0.0046	FDR	8156	A	GGATG	ok	False
chr9	40715826	40715827	+	0.003	FDR	8054	A	AGAAG	ok	False
chr9	40715854	40715855	+	0.0011	FDR	8282	A	GAACT	ok	True
chr9	40715906	40715907	+	1.6e-12	FDR	9565	A	AAACT	ok	True
chr9	40715932	40715933	+	1.6e-06	FDR	9359	A	GGACA	ok	True
chr9	40715934	40715935	+	6.9e-06	FDR	9189	A	ACAAA	ok	False
chr9	40715950	40715951	+	0.00054	FDR	10080	A	TGACA	ok	True
chr9	40715958	40715959	+	0.032	FDR	9884	A	GCAAT	ok	False
chr9	40715964	40715965	+	0.00016	FDR	9830	A	AAATC	ok	False
chr9	40715967	40715968	+	0.0027	FDR	10054	A	TCATC	ok	False
chr9	40715985	40715986	+	0.026	FDR	10125	A	AGAAC	ok	False
chr9	40715989	40715990	+	9.6e-05	FDR	10385	A	CCAGG	ok	False
chr9	40716252	40716253	+	1.2e-10	FDR	10765	A	GCATC	ok	False
chr9	40716261	40716262	+	0.0061	FDR	11045	A	GAAAG	ok	False
chr9	40716290	40716291	+	0.00074	FDR	10969	A	TCATT	ok	False
chr9	40716293	40716294	+	0.032	FDR	10528	A	TTACC	ok	False
chr9	40716320	40716321	+	0.0022	FDR	10345	A	GCATG	ok	False
chr9	44246698	44246699	+	7.6e-06	FDR	259	A	GGACG	ok	False
chr9	44246722	44246723	+	0.0072	FDR	274	A	CCATC	ok	False
chr9	44246739	44246740	+	0.022	FDR	262	A	ACATC	ok	False
chr9	44246913	44246914	+	1.5e-26	FDR	321	A	GGACC	ok	True
chr9	44246927	44246928	+	3.3e-13	FDR	404	A	TGACT	ok	True
chr9	44247030	44247031	+	0.0027	FDR	555	A	CCAGT	ok	False
chr9	44247128	44247129	+	1e-19	FDR	534	A	GGACA	ok	True
chr9	44247280	44247281	+	2.7e-29	FDR	711	A	GAACT	ok	True
chr9	44247288	44247289	+	1.6e-23	FDR	718	A	GCAGC	ok	False
chr9	44319365	44319366	+	1.1e-61	FDR	3939	A	GCAAG	ok	False
chr9	44653494	44653495	-	6.4e-06	FDR	283	T	AATGT	ok	False
chr9	44653751	44653752	-	0.0079	FDR	273	T	AGTTT	ok	True
chr9	44824693	44824694	-	2.1e-16	FDR	436	T	GTTTG	ok	False
chr9	44825954	44825955	-	0.0093	FDR	415	T	ACTGT	ok	False
chr9	44826058	44826059	-	0.00082	FDR	381	T	CTTGG	ok	False
chr9	46192471	46192472	+	1.1e-09	FDR	169	A	GCAGT	ok	False
chr9	46192506	46192507	+	0.0036	FDR	162	A	TCACA	ok	False
chr9	46192595	46192596	+	6.4e-07	FDR	243	A	AAATG	ok	False
chr9	46192657	46192658	+	1.8e-05	FDR	286	A	TGACC	ok	True
chr9	46192699	46192700	+	2.1e-20	FDR	299	A	CCAGA	ok	False
chr9	46192746	46192747	+	5.7e-16	FDR	277	A	TGACC	ok	True
chr9	46192760	46192761	+	1.1e-35	FDR	237	A	GGACC	ok	True
chr9	46192822	46192823	+	1.2e-17	FDR	267	A	TGACT	ok	True
chr9	50255736	50255737	-	3.7e-15	FDR	2930	T	CTTTG	ok	False
chr9	50255737	50255738	-	0.00056	FDR	2870	T	TTTGA	ok	False
chr9	50255808	50255809	-	7.8e-13	FDR	2911	T	CTTGT	ok	False
chr9	50255859	50255860	-	0.002	FDR	2684	T	CCTGG	ok	False
chr9	50255906	50255907	-	0.017	FDR	2668	T	TCTGG	ok	False
chr9	50255997	50255998	-	0.014	FDR	2253	T	CTTGC	ok	False
chr9	50507780	50507781	-	0.00037	FDR	297	T	GATAC	ok	False
chr9	50507785	50507786	-	0.011	FDR	299	T	ATTTG	ok	False
chr9	50507967	50507968	-	0.039	FDR	240	T	TGTCA	ok	True
chr9	50516291	50516292	+	2.3e-05	FDR	334	A	CTAGA	ok	False
chr9	50516374	50516375	+	3.3e-07	FDR	392	A	CCAGA	ok	False
chr9	50516431	50516432	+	3.3e-36	FDR	381	A	AGACT	ok	True
chr9	53010051	53010052	-	0.0038	FDR	187	T	TATAC	ok	False
chr9	53010054	53010055	-	2e-08	FDR	180	T	ACTTA	ok	False
chr9	53010055	53010056	-	4.1e-16	FDR	186	T	CTTAA	ok	False
chr9	54819471	54819472	+	6.9e-05	FDR	163	A	CTAAG	ok	False
chr9	54819547	54819548	+	0.0016	FDR	188	A	CCAGT	ok	False
chr9	54819567	54819568	+	0.0037	FDR	187	A	TCAAG	ok	False
chr9	54819646	54819647	+	0.019	FDR	194	A	GTAAC	ok	False
chr9	54819772	54819773	+	0.016	FDR	194	A	TGATG	ok	False
chr9	54819795	54819796	+	0.043	FDR	194	A	AAAGA	ok	False
chr9	54863543	54863544	+	0.0041	FDR	299	A	CAAAC	ok	False
chr9	54863584	54863585	+	1.4e-07	FDR	325	A	ATAAG	ok	False
chr9	54863585	54863586	+	6.4e-08	FDR	346	A	TAAGC	ok	False
chr9	54864106	54864107	+	4.2e-09	FDR	483	A	CAATG	ok	False
chr9	54865022	54865023	+	5.1e-14	FDR	720	A	CTAAG	ok	False
chr9	54865194	54865195	+	3.7e-45	FDR	613	A	GGACA	ok	True
chr9	54865196	54865197	+	0.029	FDR	690	A	ACATT	ok	False
chr9	54865246	54865247	+	0.016	FDR	747	A	TAATG	ok	False
chr9	54865253	54865254	+	2.3e-22	FDR	661	A	GGACA	ok	True
chr9	55361948	55361949	-	0.0038	FDR	172	T	TATGA	ok	False
chr9	55361952	55361953	-	0.043	FDR	192	T	AATTT	ok	False
chr9	55362011	55362012	-	0.022	FDR	155	T	ATTTT	ok	False
chr9	56043298	56043299	-	0.00015	FDR	155	T	AATCA	ok	False
chr9	56043368	56043369	-	0.0018	FDR	154	T	TATAA	ok	False
chr9	56345488	56345489	+	0.00039	FDR	599	A	CCAAG	ok	False
chr9	56345523	56345524	+	0.00014	FDR	593	A	GCAGC	ok	False
chr9	56345527	56345528	+	0.0086	FDR	590	A	CCAAG	ok	False
chr9	56345668	56345669	+	2.9e-05	FDR	597	A	CCAGA	ok	False
chr9	56345691	56345692	+	0.00055	FDR	597	A	AAATA	ok	False
chr9	56845256	56845257	+	1.1e-06	FDR	153	A	GGACT	ok	True
chr9	56845274	56845275	+	6.4e-06	FDR	193	A	GGACT	ok	True
chr9	56845310	56845311	+	8.5e-12	FDR	227	A	CAATG	ok	False
chr9	56845373	56845374	+	6.7e-06	FDR	238	A	CTACA	ok	False
chr9	56845385	56845386	+	7.5e-07	FDR	257	A	GAACC	ok	True
chr9	56845454	56845455	+	1e-23	FDR	230	A	TGACT	ok	True
chr9	56845469	56845470	+	2.3e-16	FDR	255	A	AGACA	ok	True
chr9	57160445	57160446	-	0.00071	FDR	89	T	AGTCT	ok	True
chr9	57160447	57160448	-	0.0093	FDR	89	T	TCTCA	ok	False
chr9	57160528	57160529	-	0.048	FDR	89	T	AGTCT	ok	True
chr9	57160592	57160593	-	0.00077	FDR	80	T	GGTCC	ok	True
chr9	57348759	57348760	-	8.1e-07	FDR	117	T	GCTGG	ok	False
chr9	57412332	57412333	+	1.5e-09	FDR	195	A	GGACA	ok	True
chr9	57412342	57412343	+	8.7e-10	FDR	263	A	CCAGA	ok	False
chr9	57412411	57412412	+	0.00046	FDR	336	A	GGACT	ok	True
chr9	57412431	57412432	+	4.5e-11	FDR	349	A	GGACC	ok	True
chr9	57412452	57412453	+	0.0041	FDR	391	A	CCAGT	ok	False
chr9	57412562	57412563	+	3.3e-21	FDR	469	A	GGACC	ok	True
chr9	57412653	57412654	+	1.2e-14	FDR	449	A	GGACT	ok	True
chr9	57412660	57412661	+	2.2e-12	FDR	453	A	GGACA	ok	True
chr9	57412719	57412720	+	6.3e-08	FDR	421	A	AAACG	ok	False
chr9	57436326	57436327	+	5.9e-05	FDR	1002	A	CCAGA	ok	False
chr9	57437547	57437548	+	2.5e-32	FDR	1202	A	TGATC	ok	False
chr9	57439037	57439038	+	0.0028	FDR	1618	A	CCAGA	ok	False
chr9	57439596	57439597	+	5.2e-30	FDR	1314	A	CTACT	ok	False
chr9	59472223	59472224	+	0.00011	FDR	82	A	GCACC	ok	False
chr9	59582974	59582975	+	0.037	FDR	608	A	CAAGT	ok	False
chr9	59586239	59586240	+	3e-25	FDR	3901	A	CCAGG	ok	False
chr9	59586470	59586471	+	1.7e-23	FDR	7385	A	CCAGT	ok	False
chr9	61821171	61821172	-	0	FDR	23055	T	CTTGG	ok	False
chr9	62699124	62699125	-	0.0022	FDR	253	T	ACTGA	ok	False
chr9	62699358	62699359	-	5.4e-05	FDR	234	T	ACTGG	ok	False
chr9	64082929	64082930	+	0.011	FDR	718	A	GAATA	ok	False
chr9	64085293	64085294	+	0.00075	FDR	7173	A	CCAGA	ok	False
chr9	64085673	64085674	+	1.8e-22	FDR	7907	A	CAAGA	ok	False
chr9	64085811	64085812	+	2.3e-14	FDR	251	A	TGACT	ok	True
chr9	64093112	64093113	-	1.6e-05	FDR	236	T	TTTGA	ok	False
chr9	64093191	64093192	-	0.0049	FDR	238	T	ATTGG	ok	False
chr9	64093223	64093224	-	1.1e-05	FDR	244	T	CTTGA	ok	False
chr9	64093388	64093389	-	0.043	FDR	213	T	ACTGA	ok	False
chr9	64624265	64624266	-	0.00035	FDR	154	T	TATAT	ok	False
chr9	64894364	64894365	-	2.5e-08	FDR	107	T	TTTGC	ok	False
chr9	64894502	64894503	-	0.029	FDR	79	T	GGTGT	ok	False
chr9	65597443	65597444	+	2.5e-05	FDR	195	A	GCAGA	ok	False
chr9	65597475	65597476	+	0.015	FDR	183	A	AAACA	ok	True
chr9	65973866	65973867	+	7.3e-05	FDR	1217	A	AAAAA	ok	False
chr9	66853456	66853457	+	0.024	FDR	1160	A	CCATG	ok	False
chr9	66854118	66854119	+	0.0031	FDR	1355	A	CTAGA	ok	False
chr9	66856790	66856791	+	1.2e-13	FDR	1230	A	TTATG	ok	False
chr9	70315068	70315069	-	0.0018	FDR	232	T	GATAG	ok	False
chr9	70315081	70315082	-	0.029	FDR	335	T	AATCA	ok	False
chr9	70315135	70315136	-	4.3e-07	FDR	340	T	GGTTT	ok	True
chr9	70315186	70315187	-	6.1e-09	FDR	338	T	GATGG	ok	False
chr9	70315192	70315193	-	2.8e-08	FDR	328	T	AGTCC	ok	True
chr9	70315262	70315263	-	1.6e-11	FDR	319	T	GATCG	ok	False
chr9	70316580	70316581	-	0.0096	FDR	289	T	TGTCA	ok	True
chr9	70316658	70316659	-	9.5e-06	FDR	224	T	ACTGC	ok	False
chr9	70317405	70317406	-	5.8e-08	FDR	148	T	CATTT	ok	False
chr9	71385823	71385824	-	0.035	FDR	812	T	GTTAT	ok	False
chr9	71385872	71385873	-	2.6e-07	FDR	786	T	TGTAC	ok	False
chr9	71385902	71385903	-	6.9e-07	FDR	814	T	TATAA	ok	False
chr9	71386035	71386036	-	2.5e-16	FDR	664	T	AGTTC	ok	True
chr9	73011454	73011455	+	0.045	FDR	52	A	GGAAT	ok	False
chr9	73011685	73011686	+	0.0017	FDR	81	A	ACACA	ok	False
chr9	74959531	74959532	+	4.1e-09	FDR	554	A	GTAAC	ok	False
chr9	74959532	74959533	+	1.5e-07	FDR	572	A	TAACT	ok	True
chr9	74959554	74959555	+	1.2e-08	FDR	649	A	AGAAG	ok	False
chr9	74959555	74959556	+	1e-08	FDR	661	A	GAAGC	ok	False
chr9	74959590	74959591	+	0.0043	FDR	562	A	ACAAA	ok	False
chr9	74963923	74963924	+	4.1e-13	FDR	726	A	GTATT	ok	False
chr9	74963951	74963952	+	6e-27	FDR	658	A	GCAAA	ok	False
chr9	74964009	74964010	+	0.0019	FDR	648	A	TCACT	ok	False
chr9	74964037	74964038	+	1.5e-11	FDR	718	A	GGACC	ok	True
chr9	78105620	78105621	+	0.024	FDR	318	A	GGAGT	ok	False
chr9	78105625	78105626	+	5.4e-07	FDR	317	A	CGATC	ok	False
chr9	78106794	78106795	+	0.0073	FDR	337	A	ACAAG	ok	False
chr9	78111555	78111556	+	0.024	FDR	445	A	CGATG	ok	False
chr9	78111563	78111564	+	9.7e-11	FDR	451	A	TGATG	ok	False
chr9	78111584	78111585	+	0.0029	FDR	463	A	CCATC	ok	False
chr9	78116443	78116444	+	8.7e-101	FDR	1457	A	GGACT	ok	True
chr9	78116540	78116541	+	8.9e-06	FDR	1596	A	GCAAG	ok	False
chr9	78274393	78274394	-	0	FDR	9679	T	AATGC	ok	False
chr9	78274505	78274506	-	0	FDR	9751	T	ACTGG	ok	False
chr9	78274530	78274531	-	0	FDR	9721	T	ACTGG	ok	False
chr9	78285343	78285344	-	0.024	FDR	360	T	GATGG	ok	False
chr9	78385827	78385828	-	0.01	FDR	26806	T	AATAA	ok	False
chr9	78385914	78385915	-	0	FDR	22318	T	AGTCT	ok	True
chr9	78385955	78385956	-	0	FDR	26634	T	AGTTC	ok	True
chr9	78386108	78386109	-	2.2e-23	FDR	20846	T	ACTGT	ok	False
chr9	78386742	78386743	-	1.3e-10	FDR	6479	T	ACTGG	ok	False
chr9	78387558	78387559	-	1.6e-06	FDR	844	T	TCTCT	ok	False
chr9	79662828	79662829	-	1.2e-06	FDR	1161	T	CATTA	ok	False
chr9	79663625	79663626	-	8.2e-46	FDR	1112	T	ACTGG	ok	False
chr9	79665792	79665793	-	3.9e-35	FDR	1054	T	TCTGG	ok	False
chr9	79665800	79665801	-	1.7e-20	FDR	1040	T	CTTGT	ok	False
chr9	79665841	79665842	-	3.2e-05	FDR	932	T	TCTGG	ok	False
chr9	88403330	88403331	-	0.018	FDR	329	T	AGTAC	ok	False
chr9	96214769	96214770	-	0.00029	FDR	275	T	ACTAA	ok	False
chr9	96215034	96215035	-	0.014	FDR	201	T	CCTTG	ok	False
chr9	96215047	96215048	-	0.00013	FDR	202	T	AGTCT	ok	True
chr9	96215232	96215233	-	4.5e-09	FDR	207	T	AGTTA	ok	True
chr9	96215255	96215256	-	0.01	FDR	204	T	AATAT	ok	False
chr9	96215290	96215291	-	6.7e-06	FDR	200	T	GTTTG	ok	False
chr9	96215380	96215381	-	1.1e-06	FDR	172	T	GGTTC	ok	True
chr9	96215407	96215408	-	2.8e-05	FDR	153	T	AGTTA	ok	True
chr9	96215408	96215409	-	0.003	FDR	162	T	GTTAC	ok	False
chr9	96353155	96353156	-	1e-05	FDR	336	T	AATAC	ok	False
chr9	96353219	96353220	-	1e-09	FDR	338	T	CCTGG	ok	False
chr9	96353242	96353243	-	0.00015	FDR	332	T	AGTCA	ok	True
chr9	96353307	96353308	-	9.3e-13	FDR	300	T	TCTTC	ok	False
chr9	96353539	96353540	-	0.0031	FDR	250	T	CATTT	ok	False
chr9	96353675	96353676	-	0.05	FDR	208	T	TTTGG	ok	False
chr9	98469637	98469638	+	4.3e-05	FDR	196	A	CAAAA	ok	False
chr9	98469842	98469843	+	0.013	FDR	230	A	CCAGT	ok	False
chr9	98469875	98469876	+	1.4e-06	FDR	240	A	GAAGA	ok	False
chr9	98470119	98470120	+	3.7e-09	FDR	285	A	TGATT	ok	False
chr9	98470247	98470248	+	3e-07	FDR	342	A	CCATC	ok	False
chr9	98470256	98470257	+	0.00043	FDR	345	A	CCAGA	ok	False
chr9	102506994	102506995	+	1.7e-05	FDR	202	A	ACAGT	ok	False
chr9	102507004	102507005	+	0.018	FDR	206	A	ACAGC	ok	False
chr9	102507030	102507031	+	0.00013	FDR	221	A	TGATT	ok	False
chr9	102511235	102511236	+	0.046	FDR	247	A	CAAGA	ok	False
chr9	102511410	102511411	+	3.2e-08	FDR	246	A	AGATC	ok	False
chr9	102511422	102511423	+	0.045	FDR	174	A	ATAAA	ok	False
chr9	104028836	104028837	-	0.027	FDR	151	T	TTTTA	ok	False
chr9	104028837	104028838	-	0.031	FDR	145	T	TTTAT	ok	False
chr9	104028856	104028857	-	1.5e-05	FDR	153	T	GATCT	ok	False
chr9	104028871	104028872	-	8e-15	FDR	148	T	CATTC	ok	False
chr9	104028921	104028922	-	0.0045	FDR	152	T	AATTA	ok	False
chr9	104028987	104028988	-	0.019	FDR	151	T	CCTTG	ok	False
chr9	106308679	106308680	+	8e-64	FDR	32	A	GGACT	ok	True
chr9	106340790	106340791	+	0.01	FDR	182	A	GGACA	ok	True
chr9	106340853	106340854	+	4.7e-08	FDR	235	A	AGACC	ok	True
chr9	106362496	106362497	+	0.007	FDR	327	A	GCATC	ok	False
chr9	106757967	106757968	+	0.033	FDR	128	A	TCAGT	ok	False
chr9	106766006	106766007	-	7.2e-05	FDR	359	T	AGTCC	ok	True
chr9	106766108	106766109	-	7.3e-05	FDR	370	T	CATCA	ok	False
chr9	106766133	106766134	-	0.0025	FDR	362	T	CATCT	ok	False
chr9	106766176	106766177	-	2.8e-09	FDR	364	T	GGTTA	ok	True
chr9	106766177	106766178	-	4.8e-09	FDR	363	T	GTTAT	ok	False
chr9	106766179	106766180	-	0.003	FDR	291	T	TATTT	ok	False
chr9	106766250	106766251	-	8.5e-10	FDR	306	T	AGTCC	ok	True
chr9	106766290	106766291	-	5.4e-16	FDR	274	T	AGTTC	ok	True
chr9	106766294	106766295	-	0.043	FDR	248	T	CATTT	ok	False
chr9	106767363	106767364	-	0.00076	FDR	171	T	TATTT	ok	False
chr9	106767383	106767384	-	0.002	FDR	206	T	GCTGT	ok	False
chr9	107491506	107491507	-	9.3e-05	FDR	1037	T	GGTTA	ok	True
chr9	107491561	107491562	-	4.8e-34	FDR	1009	T	GTTGT	ok	False
chr9	107491563	107491564	-	3.6e-25	FDR	1036	T	TGTCT	ok	True
chr9	107491765	107491766	-	0.00049	FDR	564	T	GTTTT	ok	False
chr9	107491931	107491932	-	9.8e-05	FDR	274	T	CTTGG	ok	False
chr9	107492008	107492009	-	0.0055	FDR	180	T	GATCT	ok	False
chr9	108179257	108179258	+	0.0074	FDR	158	A	GCATA	ok	False
chr9	108179353	108179354	+	0.0049	FDR	151	A	GGACT	ok	True
chr9	108179436	108179437	+	0.00028	FDR	167	A	TCAGT	ok	False
chr9	108179447	108179448	+	0.0035	FDR	164	A	GAATA	ok	False
chr9	108214457	108214458	+	0.00017	FDR	527	A	TCAGT	ok	False
chr9	108214537	108214538	+	4.9e-10	FDR	526	A	TTAGT	ok	False
chr9	108214653	108214654	+	0.00035	FDR	237	A	TGATA	ok	False
chr9	108214655	108214656	+	0.00042	FDR	248	A	ATATT	ok	False
chr9	108214866	108214867	+	1e-06	FDR	390	A	CCAGA	ok	False
chr9	108215006	108215007	+	0.023	FDR	435	A	CCAGA	ok	False
chr9	108216508	108216509	+	0.024	FDR	685	A	CCAGT	ok	False
chr9	108216616	108216617	+	0.045	FDR	1015	A	GCAAG	ok	False
chr9	108441871	108441872	+	0.0005	FDR	701	A	ACAAG	ok	False
chr9	108441949	108441950	+	0.0033	FDR	748	A	CCAAA	ok	False
chr9	108442193	108442194	+	2.5e-06	FDR	940	A	CCAGA	ok	False
chr9	108449523	108449524	-	1.2e-07	FDR	383	T	ATTAT	ok	False
chr9	108449588	108449589	-	0.023	FDR	380	T	TCTAG	ok	False
chr9	108449683	108449684	-	3.5e-20	FDR	394	T	TCTGC	ok	False
chr9	108561274	108561275	+	0.0047	FDR	106	A	TGAAA	ok	False
chr9	108561299	108561300	+	6e-07	FDR	114	A	AGAGA	ok	False
chr9	108561316	108561317	+	0.00019	FDR	78	A	ATAAA	ok	False
chr9	108561631	108561632	+	0.035	FDR	107	A	ATATT	ok	False
chr9	108561717	108561718	+	0.0093	FDR	117	A	GAAGA	ok	False
chr9	108776714	108776715	+	0.0028	FDR	603	A	CCAGA	ok	False
chr9	108907079	108907080	-	0.0037	FDR	335	T	ATTCA	ok	False
chr9	108907167	108907168	-	4.3e-06	FDR	337	T	GCTGA	ok	False
chr9	108907172	108907173	-	5.5e-07	FDR	325	T	GGTAG	ok	False
chr9	108907178	108907179	-	2.6e-10	FDR	340	T	AATTG	ok	False
chr9	108907189	108907190	-	2.2e-14	FDR	334	T	ACTAG	ok	False
chr9	108907206	108907207	-	0.00026	FDR	615	T	ATTGC	ok	False
chr9	108907466	108907467	-	0.013	FDR	483	T	TTTGC	ok	False
chr9	109722737	109722738	+	4.6e-05	FDR	277	A	GCATT	ok	False
chr9	109722917	109722918	+	4.7e-06	FDR	269	A	TTAAC	ok	False
chr9	110064146	110064147	+	0.03	FDR	134	A	TTACC	ok	False
chr9	110064153	110064154	+	1.4e-08	FDR	136	A	GCATC	ok	False
chr9	110064174	110064175	+	0.024	FDR	140	A	AGATA	ok	False
chr9	110064217	110064218	+	8.4e-05	FDR	138	A	AGACA	ok	True
chr9	110064251	110064252	+	0.00023	FDR	134	A	ATAAC	ok	False
chr9	110064266	110064267	+	1.4e-05	FDR	137	A	GAACA	ok	True
chr9	110213653	110213654	+	0.014	FDR	73	A	TCATC	ok	False
chr9	110213774	110213775	+	0.00078	FDR	103	A	GCAGA	ok	False
chr9	110213776	110213777	+	0.00034	FDR	103	A	AGATT	ok	False
chr9	110213789	110213790	+	0.0041	FDR	94	A	GGACA	ok	True
chr9	110214293	110214294	-	0.013	FDR	111	T	AGTGT	ok	False
chr9	110214337	110214338	-	1.2e-11	FDR	81	T	TGTCC	ok	True
chr9	110214420	110214421	-	0.027	FDR	103	T	AGTTC	ok	True
chr9	110768895	110768896	-	0.044	FDR	1160	T	AGTCT	ok	True
chr9	110769236	110769237	-	0.025	FDR	430	T	GCTGG	ok	False
chr9	114204239	114204240	-	0.046	FDR	244	T	TTTTT	ok	False
chr9	114204264	114204265	-	0.00085	FDR	171	T	GATTT	ok	False
chr9	114204333	114204334	-	3.6e-05	FDR	247	T	GATCA	ok	False
chr9	114204375	114204376	-	3.6e-08	FDR	245	T	GATGA	ok	False
chr9	114204390	114204391	-	1e-06	FDR	195	T	TGTGT	ok	False
chr9	114204392	114204393	-	6.4e-12	FDR	218	T	TGTGA	ok	False
chr9	114204420	114204421	-	3.8e-21	FDR	239	T	TGTAA	ok	False
chr9	114204636	114204637	-	0.0031	FDR	187	T	ACTCC	ok	False
chr9	114336272	114336273	-	3.6e-08	FDR	201	T	AGTCC	ok	True
chr9	114336289	114336290	-	0.00027	FDR	201	T	GCTTT	ok	False
chr9	114336290	114336291	-	0.0015	FDR	206	T	CTTTG	ok	False
chr9	114336482	114336483	-	0.029	FDR	145	T	GGTAA	ok	False
chr9	114336610	114336611	-	0.0019	FDR	153	T	AATGC	ok	False
chr9	114336654	114336655	-	0.031	FDR	141	T	GCTGC	ok	False
chr9	114415202	114415203	-	0.0039	FDR	272	T	AGTGC	ok	False
chr9	114415264	114415265	-	3.3e-05	FDR	272	T	ATTTG	ok	False
chr9	114415272	114415273	-	0.0041	FDR	261	T	GCTTC	ok	False
chr9	114415273	114415274	-	0.00019	FDR	271	T	CTTCA	ok	False
chr9	114415329	114415330	-	6.4e-05	FDR	267	T	AGTGC	ok	False
chr9	114415333	114415334	-	0.011	FDR	273	T	CATCA	ok	False
chr9	114585922	114585923	-	0.016	FDR	302	T	TATTA	ok	False
chr9	114586087	114586088	-	0.02	FDR	311	T	TGTGG	ok	False
chr9	114586096	114586097	-	0.00042	FDR	311	T	GGTCC	ok	True
chr9	114586105	114586106	-	2.4e-12	FDR	290	T	GGTAT	ok	False
chr9	114586143	114586144	-	8.5e-11	FDR	214	T	AGTCT	ok	True
chr9	114586166	114586167	-	4.4e-27	FDR	239	T	AGTCC	ok	True
chr9	114586290	114586291	-	2.2e-06	FDR	230	T	CTTGT	ok	False
chr9	115071665	115071666	-	0.016	FDR	150	T	TTTTT	ok	False
chr9	115071700	115071701	-	0.00047	FDR	162	T	GATCA	ok	False
chr9	115071798	115071799	-	3.1e-07	FDR	159	T	CATAA	ok	False
chr9	115071916	115071917	-	0.00048	FDR	128	T	AGTCT	ok	True
chr9	119067598	119067599	-	0.017	FDR	117	T	TATTT	ok	False
chr9	119067668	119067669	-	0.023	FDR	130	T	CCTTC	ok	False
chr9	119959262	119959263	+	4.4e-07	FDR	5463	A	CCAGA	ok	False
chr9	119960120	119960121	+	2.7e-14	FDR	16638	A	CCAGG	ok	False
chr9	119960582	119960583	+	0	FDR	16101	A	GCAAA	ok	False
chr9	119960583	119960584	+	0	FDR	16471	A	CAAAG	ok	False
chr9	119960588	119960589	+	2.2e-90	FDR	2085	A	GGAAA	ok	False
chr9	119960589	119960590	+	1.5e-205	FDR	11577	A	GAAAA	ok	False
chr9	119960590	119960591	+	2.5e-188	FDR	15047	A	AAAAA	ok	False
chr9	119960591	119960592	+	6.9e-155	FDR	16747	A	AAAAA	ok	False
chr9	120401885	120401886	+	3.5e-05	FDR	2285	A	CAAAT	ok	False
chr9	120402843	120402844	+	2.3e-05	FDR	4428	A	ACAGA	ok	False
chr9	120403192	120403193	+	6.8e-59	FDR	6200	A	AAACT	ok	True
chr9	120403208	120403209	+	3e-15	FDR	6976	A	CTATC	ok	False
chr9	120403378	120403379	+	5.1e-57	FDR	7439	A	GCACC	ok	False
chr9	120403448	120403449	+	7.3e-08	FDR	7805	A	GCAAG	ok	False
chr9	120403571	120403572	+	3.5e-06	FDR	106	A	CTACT	ok	False
chr9	121678745	121678746	-	1.7e-08	FDR	309	T	AGTAG	ok	False
chr9	121679325	121679326	-	5.9e-09	FDR	297	T	TGTAT	ok	False
chr9	121679327	121679328	-	9.6e-16	FDR	256	T	TATTT	ok	False
chr9	121679328	121679329	-	4.6e-05	FDR	313	T	ATTTC	ok	False
chr9	121681592	121681593	-	1.6e-08	FDR	291	T	AATAA	ok	False
chr9	122959920	122959921	+	0.019	FDR	142	A	TGAAG	ok	False
chr9	122959931	122959932	+	0.00017	FDR	145	A	CAAAG	ok	False
chr9	122959932	122959933	+	0.041	FDR	145	A	AAAGG	ok	False
chr9	122961076	122961077	+	0.016	FDR	155	A	GGATC	ok	False
chrx	7772727	7772728	+	9.5e-05	FDR	100	A	GCACC	ok	False
chrx	7772818	7772819	+	0.032	FDR	128	A	GAAGC	ok	False
chrx	7772892	7772893	+	2e-05	FDR	128	A	GGACT	ok	True
chrx	7772941	7772942	+	1.1e-06	FDR	134	A	CTACT	ok	False
chrx	7773079	7773080	+	7e-09	FDR	133	A	TGAAT	ok	False
chrx	7789352	7789353	+	2.7e-07	FDR	98	A	GCATC	ok	False
chrx	13159683	13159684	+	4.6e-05	FDR	169	A	ATATT	ok	False
chrx	13159753	13159754	+	3.2e-06	FDR	227	A	GCATT	ok	False
chrx	13159939	13159940	+	0.00014	FDR	625	A	TCAGT	ok	False
chrx	13160259	13160260	+	0.00023	FDR	230	A	TTAGA	ok	False
chrx	20481622	20481623	-	0.00057	FDR	398	T	GATGA	ok	False
chrx	20481643	20481644	-	3.4e-30	FDR	371	T	CCTGC	ok	False
chrx	20481669	20481670	-	2.2e-19	FDR	402	T	TCTGG	ok	False
chrx	20483299	20483300	-	5.4e-05	FDR	293	T	CCTTC	ok	False
chrx	36060928	36060929	+	0.0012	FDR	428	A	ACAGG	ok	False
chrx	36346293	36346294	-	1.6e-133	FDR	2142	T	TCTGG	ok	False
chrx	47370993	47370994	+	0.016	FDR	159	A	CCAGA	ok	False
chrx	47371191	47371192	+	0.029	FDR	206	A	GAAAA	ok	False
chrx	47371259	47371260	+	0.014	FDR	207	A	AAAAC	ok	False
chrx	52110226	52110227	+	0.0026	FDR	251	A	GAAAA	ok	False
chrx	52110231	52110232	+	6.2e-07	FDR	251	A	ACAAA	ok	False
chrx	52110233	52110234	+	0.00018	FDR	250	A	AAATC	ok	False
chrx	52110275	52110276	+	0.0053	FDR	300	A	GTATC	ok	False
chrx	52110305	52110306	+	0.0012	FDR	311	A	ATATT	ok	False
chrx	52110452	52110453	+	0.032	FDR	330	A	TCAGC	ok	False
chrx	52110498	52110499	+	0.0064	FDR	329	A	ACAGT	ok	False
chrx	52110516	52110517	+	0.00011	FDR	323	A	AAATA	ok	False
chrx	52110518	52110519	+	6.5e-06	FDR	229	A	ATAAA	ok	False
chrx	67805803	67805804	+	0.0033	FDR	113	A	GGACG	ok	False
chrx	67815708	67815709	+	0.00082	FDR	133	A	GGATT	ok	False
chrx	67847221	67847222	+	0.00098	FDR	137	A	GAACA	ok	True
chrx	67847232	67847233	+	0.0006	FDR	135	A	TGAAG	ok	False
chrx	67848049	67848050	+	2.3e-07	FDR	138	A	AAAAT	ok	False
chrx	67848088	67848089	+	5.3e-17	FDR	136	A	TCATC	ok	False
chrx	67848094	67848095	+	5e-09	FDR	138	A	AAATC	ok	False
chrx	72730122	72730123	-	0.0086	FDR	187	T	GGTCA	ok	True
chrx	72822672	72822673	-	0.0037	FDR	341	T	GATAG	ok	False
chrx	72822710	72822711	-	2.1e-05	FDR	309	T	GATAT	ok	False
chrx	72822746	72822747	-	0.0006	FDR	339	T	GGTGC	ok	False
chrx	72823075	72823076	-	0.039	FDR	332	T	TTTCA	ok	False
chrx	72823089	72823090	-	0.00019	FDR	325	T	GATGC	ok	False
chrx	72823115	72823116	-	9.9e-11	FDR	312	T	AGTGG	ok	False
chrx	72960802	72960803	-	4.9e-06	FDR	355	T	GCTGC	ok	False
chrx	73301052	73301053	+	0.0028	FDR	161	A	GCAAG	ok	False
chrx	73301215	73301216	+	0.022	FDR	199	A	TCACT	ok	False
chrx	73315499	73315500	+	4.3e-06	FDR	182	A	CAACT	ok	False
chrx	73316438	73316439	+	0.0049	FDR	367	A	GAAGG	ok	False
chrx	73316556	73316557	+	0.0027	FDR	401	A	TTAAT	ok	False
chrx	73362699	73362700	+	0.0024	FDR	158	A	AAAAG	ok	False
chrx	73363020	73363021	+	0.00021	FDR	204	A	CTAAG	ok	False
chrx	73363083	73363084	+	0.0055	FDR	232	A	CCAGA	ok	False
chrx	73363576	73363577	+	8.3e-09	FDR	231	A	GCATC	ok	False
chrx	73363593	73363594	+	1.1e-05	FDR	231	A	TGACC	ok	True
chrx	73363634	73363635	+	0.00018	FDR	232	A	TCAGG	ok	False
chrx	73363663	73363664	+	3.7e-06	FDR	220	A	GGATG	ok	False
chrx	73363675	73363676	+	0.015	FDR	232	A	CTATT	ok	False
chrx	73395836	73395837	-	0.023	FDR	199	T	AATGG	ok	False
chrx	73395847	73395848	-	0.00049	FDR	196	T	AGTGC	ok	False
chrx	73396044	73396045	-	0.042	FDR	191	T	GCTGG	ok	False
chrx	73411124	73411125	-	0.017	FDR	159	T	GGTGT	ok	False
chrx	73411190	73411191	-	0.026	FDR	167	T	AATCC	ok	False
chrx	73411352	73411353	-	0.0065	FDR	149	T	AGTGA	ok	False
chrx	73411403	73411404	-	0.0015	FDR	150	T	AGTCG	ok	False
chrx	73411435	73411436	-	9e-06	FDR	115	T	AGTAG	ok	False
chrx	74152949	74152950	+	3e-09	FDR	262	A	GCATT	ok	False
chrx	74153096	74153097	+	3.2e-07	FDR	350	A	ACAGT	ok	False
chrx	74153138	74153139	+	5.5e-09	FDR	355	A	AAACC	ok	True
chrx	74153238	74153239	+	0.0015	FDR	368	A	TCAGA	ok	False
chrx	76706382	76706383	+	7e-08	FDR	137	A	AGACA	ok	True
chrx	100491723	100491724	+	0.00095	FDR	333	A	CAAAC	ok	False
chrx	100491724	100491725	+	0.014	FDR	336	A	AAACC	ok	True
chrx	100491754	100491755	+	2.5e-05	FDR	393	A	CCATC	ok	False
chrx	100491856	100491857	+	0.046	FDR	518	A	CTAAG	ok	False
chrx	100727809	100727810	+	6.4e-05	FDR	102	A	AGAGT	ok	False
chrx	101170738	101170739	+	0.0089	FDR	70	A	CAAGG	ok	False
chrx	101171119	101171120	+	3.8e-06	FDR	76	A	CCAGA	ok	False
chrx	101228709	101228710	-	5.1e-32	FDR	9810	T	TCTGG	ok	False
chrx	104126695	104126696	+	4.6e-10	FDR	180	A	GTATT	ok	False
chrx	104126925	104126926	+	0.00012	FDR	163	A	GGACT	ok	True
chrx	104126935	104126936	+	4.2e-18	FDR	177	A	GGACA	ok	True
chrx	104126937	104126938	+	4e-20	FDR	183	A	ACATC	ok	False
chrx	104126962	104126963	+	0.0072	FDR	200	A	CTACT	ok	False
chrx	104127020	104127021	+	0.011	FDR	200	A	TGATA	ok	False
chrx	104127022	104127023	+	3.1e-05	FDR	194	A	ATACC	ok	False
chrx	105059368	105059369	+	0.022	FDR	422	A	CAAGG	ok	False
chrx	105059398	105059399	+	9.1e-05	FDR	496	A	GCAGC	ok	False
chrx	105059421	105059422	+	6.7e-07	FDR	589	A	CCATC	ok	False
chrx	105063210	105063211	+	0.0031	FDR	773	A	CAAGG	ok	False
chrx	105063223	105063224	+	1.5e-26	FDR	774	A	CCAGA	ok	False
chrx	105063266	105063267	+	0.00073	FDR	785	A	ATATT	ok	False
chrx	105065483	105065484	+	3e-07	FDR	949	A	GAATG	ok	False
chrx	105246993	105246994	+	9.1e-05	FDR	1209	A	CCAGG	ok	False
chrx	133486905	133486906	+	0.017	FDR	2130	A	GAAGG	ok	False
chrx	133487292	133487293	+	1.2e-06	FDR	2207	A	CTATG	ok	False
chrx	133488782	133488783	+	6.4e-05	FDR	1700	A	ATACA	ok	False
chrx	135040613	135040614	+	1.3e-06	FDR	226	A	GCATC	ok	False
chrx	135040945	135040946	+	1e-09	FDR	443	A	CGACT	ok	False
chrx	135114745	135114746	-	3e-15	FDR	1401	T	GGTTC	ok	True
chrx	135114756	135114757	-	6.3e-17	FDR	1366	T	GGTAA	ok	False
chrx	135114786	135114787	-	1.2e-05	FDR	1411	T	AATTC	ok	False
chrx	135114815	135114816	-	3.8e-06	FDR	1373	T	AGTAA	ok	False
chrx	135114858	135114859	-	0.011	FDR	1415	T	GATCT	ok	False
chrx	135114874	135114875	-	4.6e-05	FDR	1408	T	AGTAA	ok	False
chrx	135114889	135114890	-	1.3e-52	FDR	1402	T	TGTAC	ok	False
chrx	135114907	135114908	-	2.7e-06	FDR	1413	T	GGTCC	ok	True
chrx	135115316	135115317	-	5e-06	FDR	531	T	CTTTG	ok	False
chrx	135115687	135115688	-	1.4e-06	FDR	484	T	GATGC	ok	False
chrx	135172045	135172046	+	0.017	FDR	222	A	CCAAT	ok	False
chrx	135172061	135172062	+	7.2e-06	FDR	312	A	AAACG	ok	False
chrx	135172073	135172074	+	0.0086	FDR	318	A	GGAGC	ok	False
chrx	135172076	135172077	+	0.0046	FDR	320	A	GCAGC	ok	False
chrx	135172347	135172348	+	0.00077	FDR	526	A	CTACG	ok	False
chrx	135172351	135172352	+	1.3e-10	FDR	537	A	GCATC	ok	False
chrx	135172422	135172423	+	7e-14	FDR	668	A	TCATT	ok	False
chrx	135172447	135172448	+	0.0061	FDR	685	A	TGACT	ok	True
chrx	135172473	135172474	+	4.6e-11	FDR	674	A	GCATT	ok	False
chrx	135172496	135172497	+	7.2e-25	FDR	712	A	TGACC	ok	True
chrx	135172521	135172522	+	0.00017	FDR	714	A	TTATT	ok	False
chrx	135172573	135172574	+	0.019	FDR	719	A	AGATT	ok	False
chrx	135172594	135172595	+	3.4e-05	FDR	715	A	TGAGT	ok	False
chrx	135172637	135172638	+	4.2e-38	FDR	709	A	GCAAT	ok	False
chrx	135172638	135172639	+	1.1e-19	FDR	714	A	CAATG	ok	False
chrx	135172662	135172663	+	3e-10	FDR	692	A	GAATA	ok	False
chrx	138237617	138237618	+	0.00032	FDR	249	A	TGATT	ok	False
chrx	138237633	138237634	+	1.1e-05	FDR	265	A	CGACC	ok	False
chrx	138237653	138237654	+	0.0018	FDR	293	A	CTATA	ok	False
chrx	138238705	138238706	+	4.4e-10	FDR	347	A	CCAGA	ok	False
chrx	138238862	138238863	+	6.9e-18	FDR	363	A	TGATA	ok	False
chrx	150842732	150842733	+	0.0042	FDR	151	A	GGAGA	ok	False
chrx	150842745	150842746	+	0.016	FDR	152	A	GCAGC	ok	False
chrx	150844009	150844010	+	0.00017	FDR	180	A	TGACG	ok	False
chrx	150844722	150844723	+	0.00053	FDR	251	A	GCAAG	ok	False
chrx	150844798	150844799	+	1e-05	FDR	260	A	GAACA	ok	True
chrx	150844938	150844939	+	3.7e-05	FDR	222	A	GCAAA	ok	False
chrx	151692507	151692508	-	0.0012	FDR	3263	T	AATGA	ok	False
chrx	151692631	151692632	-	2e-15	FDR	3324	T	GCTGT	ok	False
chrx	151692691	151692692	-	2.7e-06	FDR	3224	T	TCTTA	ok	False
chrx	151692744	151692745	-	0.00014	FDR	3328	T	ACTGC	ok	False
chrx	151692782	151692783	-	1e-06	FDR	2956	T	ATTTT	ok	False
chrx	151692895	151692896	-	0.0016	FDR	2464	T	TTTTC	ok	False
chrx	151692896	151692897	-	3.1e-05	FDR	2458	T	TTTCT	ok	False
chrx	151692960	151692961	-	0.00072	FDR	1880	T	ACTTC	ok	False
chrx	151692970	151692971	-	0.038	FDR	1889	T	CCTTG	ok	False
chrx	151692980	151692981	-	5.3e-05	FDR	1599	T	GGTGA	ok	False
chrx	151693006	151693007	-	2.4e-07	FDR	1644	T	CCTTG	ok	False
chrx	152284474	152284475	+	5.4e-06	FDR	183	A	GTATC	ok	False
chrx	152284487	152284488	+	5.3e-06	FDR	182	A	CTATC	ok	False
chrx	152284514	152284515	+	0.00035	FDR	182	A	GAAAA	ok	False
chrx	152284515	152284516	+	0.0061	FDR	184	A	AAAAA	ok	False
chrx	152284516	152284517	+	1.6e-07	FDR	184	A	AAAAT	ok	False
chrx	152284527	152284528	+	2.5e-07	FDR	184	A	AAATG	ok	False
chrx	152524190	152524191	+	8.9e-05	FDR	73	A	GCAGA	ok	False
chrx	154113327	154113328	-	0.001	FDR	218	T	TATAC	ok	False
chrx	156228759	156228760	-	0.00074	FDR	151	T	ACTAT	ok	False
chrx	156228794	156228795	-	8.1e-06	FDR	148	T	TGTTC	ok	True
chrx	156228795	156228796	-	1.1e-09	FDR	149	T	GTTCA	ok	False
chrx	156228798	156228799	-	7.1e-05	FDR	149	T	CATTC	ok	False
chrx	156228895	156228896	-	0.0034	FDR	146	T	GGTCA	ok	True
chrx	158161555	158161556	+	0.022	FDR	396	A	ATATC	ok	False
chrx	158161583	158161584	+	2.1e-05	FDR	437	A	CCAGG	ok	False
chrx	158162799	158162800	+	2.2e-08	FDR	630	A	CCAGA	ok	False
chrx	158168433	158168434	+	0.00014	FDR	905	A	CCAGT	ok	False
chrx	158905322	158905323	-	1.4e-23	FDR	483	T	ATTAC	ok	False
chrx	158905351	158905352	-	9.8e-21	FDR	459	T	CATTA	ok	False
chrx	158905439	158905440	-	1.4e-15	FDR	463	T	GATGC	ok	False
chrx	158905558	158905559	-	1.6e-08	FDR	328	T	GATAT	ok	False
chrx	158905659	158905660	-	0.00044	FDR	244	T	AATGC	ok	False
chrx	158905669	158905670	-	0.015	FDR	245	T	GCTCT	ok	False
chrx	158906709	158906710	-	0.011	FDR	223	T	TGTCC	ok	True
chrx	158906743	158906744	-	0.00019	FDR	225	T	GATGG	ok	False
chrx	158906783	158906784	-	9.1e-05	FDR	226	T	ACTGA	ok	False
chrx	158906823	158906824	-	1.4e-06	FDR	219	T	ACTTC	ok	False
chrx	158906935	158906936	-	0.0036	FDR	195	T	CATCA	ok	False
chrx	161561352	161561353	+	0.0013	FDR	382	A	ATATT	ok	False
chrx	161561372	161561373	+	0.021	FDR	445	A	TCAGA	ok	False
chrx	161561401	161561402	+	6.3e-12	FDR	456	A	GCAAG	ok	False
chrx	161561469	161561470	+	3.7e-08	FDR	529	A	TCAAG	ok	False
chrx	161561537	161561538	+	2.7e-06	FDR	601	A	TGATT	ok	False
chrx	161561552	161561553	+	0.0014	FDR	607	A	CAAGT	ok	False
chrx	161561589	161561590	+	1.3e-10	FDR	590	A	TTAGG	ok	False
chrx	161561663	161561664	+	0.00059	FDR	617	A	TGATT	ok	False
chrx	161561723	161561724	+	3.1e-17	FDR	618	A	GGATA	ok	False
chrx	165990277	165990278	-	7.1e-37	FDR	1456	T	AGTTC	ok	True
chrx	165990381	165990382	-	0.028	FDR	1239	T	AGTCA	ok	True
