chrom	start	end	strand	score	score_type	mod_label	src_coverage	coverage	ref_base	five_mer_raw	center_status
Curlcake1	31	32	+	0.0833	percent_modified/100	Psi	24	24	T	GATCC	ok
Curlcake1	37	38	+	0.1272	percent_modified/100	Psi	5454	5454	T	GCTGT	ok
Curlcake1	39	40	+	0.0283	percent_modified/100	Psi	6990	6990	T	TGTGG	ok
Curlcake1	45	46	+	0.0009	percent_modified/100	Psi	7950	7950	T	AGTCG	ok
Curlcake1	49	50	+	0.0023	percent_modified/100	Psi	7875	7875	T	GATGA	ok
Curlcake1	53	54	+	0.0135	percent_modified/100	Psi	7324	7324	T	AATCA	ok
Curlcake1	62	63	+	0.0129	percent_modified/100	Psi	6127	6127	T	CCTTG	ok
Curlcake1	63	64	+	0.0009	percent_modified/100	Psi	7608	7608	T	CTTGG	ok
Curlcake1	70	71	+	0.0003	percent_modified/100	Psi	7651	7651	T	CCTAT	ok
Curlcake1	72	73	+	0.0009	percent_modified/100	Psi	7054	7054	T	TATCT	ok
Curlcake1	74	75	+	0.0001	percent_modified/100	Psi	7618	7618	T	TCTCA	ok
Curlcake1	88	89	+	0.0001	percent_modified/100	Psi	7826	7826	T	AGTAA	ok
Curlcake1	91	92	+	0.0111	percent_modified/100	Psi	7050	7050	T	AATCC	ok
Curlcake1	94	95	+	0.0082	percent_modified/100	Psi	7277	7277	T	CCTGC	ok
Curlcake1	98	99	+	0.0018	percent_modified/100	Psi	7614	7614	T	CGTGG	ok
Curlcake1	104	105	+	0.0044	percent_modified/100	Psi	7017	7017	T	ACTAC	ok
Curlcake1	111	112	+	0.0008	percent_modified/100	Psi	7907	7907	T	AGTCG	ok
Curlcake1	114	115	+	0.0017	percent_modified/100	Psi	5724	5724	T	CGTTT	ok
Curlcake1	115	116	+	0.004	percent_modified/100	Psi	5522	5522	T	GTTTT	ok
Curlcake1	116	117	+	0.0092	percent_modified/100	Psi	5237	5237	T	TTTTC	ok
Curlcake1	117	118	+	0.0014	percent_modified/100	Psi	7075	7075	T	TTTCG	ok
Curlcake1	120	121	+	0.0053	percent_modified/100	Psi	7236	7236	T	CGTGG	ok
Curlcake1	131	132	+	0.0028	percent_modified/100	Psi	5762	5762	T	CCTCG	ok
Curlcake1	137	138	+	0.0086	percent_modified/100	Psi	4062	4062	T	CCTCC	ok
Curlcake1	146	147	+	0.0089	percent_modified/100	Psi	6534	6534	T	CATAT	ok
Curlcake1	148	149	+	0.0071	percent_modified/100	Psi	7185	7185	T	TATGG	ok
Curlcake1	156	157	+	0.0006	percent_modified/100	Psi	7822	7822	T	CGTCG	ok
Curlcake1	160	161	+	0.0004	percent_modified/100	Psi	7771	7771	T	GCTCA	ok
Curlcake1	165	166	+	0.0037	percent_modified/100	Psi	7647	7647	T	AATCC	ok
Curlcake1	172	173	+	0.0001	percent_modified/100	Psi	7959	7959	T	AGTAG	ok
Curlcake1	177	178	+	0.0014	percent_modified/100	Psi	7679	7679	T	ACTAT	ok
Curlcake1	179	180	+	0.0028	percent_modified/100	Psi	7516	7516	T	TATCT	ok
Curlcake1	181	182	+	0.0009	percent_modified/100	Psi	7395	7395	T	TCTAT	ok
Curlcake1	183	184	+	0.0033	percent_modified/100	Psi	6149	6149	T	TATTA	ok
Curlcake1	184	185	+	0.0004	percent_modified/100	Psi	7295	7295	T	ATTAA	ok
Curlcake1	188	189	+	0.0001	percent_modified/100	Psi	7972	7972	T	ACTAA	ok
Curlcake1	191	192	+	0.0006	percent_modified/100	Psi	7834	7834	T	AATTG	ok
Curlcake1	192	193	+	0.0013	percent_modified/100	Psi	7722	7722	T	ATTGT	ok
Curlcake1	194	195	+	0.0003	percent_modified/100	Psi	7832	7832	T	TGTGG	ok
Curlcake1	198	199	+	0.0243	percent_modified/100	Psi	7113	7113	T	GATCG	ok
Curlcake1	202	203	+	0.0048	percent_modified/100	Psi	7563	7563	T	GATGC	ok
Curlcake1	205	206	+	0.0006	percent_modified/100	Psi	7891	7891	T	GCTGA	ok
Curlcake1	211	212	+	0.0018	percent_modified/100	Psi	7661	7661	T	GCTAC	ok
Curlcake1	219	220	+	0.0003	percent_modified/100	Psi	7914	7914	T	GGTCT	ok
Curlcake1	221	222	+	0.0003	percent_modified/100	Psi	7636	7636	T	TCTAG	ok
Curlcake1	224	225	+	0.0003	percent_modified/100	Psi	7800	7800	T	AGTTC	ok
Curlcake1	225	226	+	0.0006	percent_modified/100	Psi	7699	7699	T	GTTCG	ok
Curlcake1	234	235	+	0.0004	percent_modified/100	Psi	7800	7800	T	AATAA	ok
Curlcake1	237	238	+	0.0004	percent_modified/100	Psi	7814	7814	T	AATGT	ok
Curlcake1	239	240	+	0.0004	percent_modified/100	Psi	7707	7707	T	TGTGC	ok
Curlcake1	242	243	+	0.0116	percent_modified/100	Psi	7078	7078	T	GCTAC	ok
Curlcake1	246	247	+	0.0023	percent_modified/100	Psi	7477	7477	T	CGTCG	ok
Curlcake1	266	267	+	0.0023	percent_modified/100	Psi	7518	7518	T	GCTAA	ok
Curlcake1	274	275	+	0.0245	percent_modified/100	Psi	6133	6133	T	CCTAT	ok
Curlcake1	276	277	+	0.0031	percent_modified/100	Psi	7178	7178	T	TATCG	ok
Curlcake1	279	280	+	0.0629	percent_modified/100	Psi	4659	4659	T	CGTTC	ok
Curlcake1	280	281	+	0.0016	percent_modified/100	Psi	7399	7399	T	GTTCA	ok
Curlcake1	283	284	+	0.3629	percent_modified/100	Psi	2827	2827	T	CATTT	ok
Curlcake1	284	285	+	0.0017	percent_modified/100	Psi	7188	7188	T	ATTTG	ok
Curlcake1	285	286	+	0.0018	percent_modified/100	Psi	7713	7713	T	TTTGA	ok
Curlcake1	288	289	+	0.0012	percent_modified/100	Psi	7605	7605	T	GATAC	ok
Curlcake1	292	293	+	0.0059	percent_modified/100	Psi	7319	7319	T	CGTAA	ok
Curlcake1	297	298	+	0.0027	percent_modified/100	Psi	7149	7149	T	CATCA	ok
Curlcake1	301	302	+	0.0012	percent_modified/100	Psi	7466	7466	T	AATCA	ok
Curlcake1	306	307	+	0.0357	percent_modified/100	Psi	5299	5299	T	CCTTG	ok
Curlcake1	307	308	+	0.0579	percent_modified/100	Psi	5268	5268	T	CTTGC	ok
Curlcake1	313	314	+	0.0011	percent_modified/100	Psi	7521	7521	T	ACTAG	ok
Curlcake1	317	318	+	0.0026	percent_modified/100	Psi	7179	7179	T	GCTCG	ok
Curlcake1	325	326	+	0.003	percent_modified/100	Psi	7717	7717	T	GGTAT	ok
Curlcake1	327	328	+	0.0012	percent_modified/100	Psi	7459	7459	T	TATGG	ok
Curlcake1	330	331	+	0.0016	percent_modified/100	Psi	7336	7336	T	GGTTC	ok
Curlcake1	331	332	+	0.0007	percent_modified/100	Psi	7683	7683	T	GTTCA	ok
Curlcake1	341	342	+	0.0008	percent_modified/100	Psi	7700	7700	T	GGTGT	ok
Curlcake1	343	344	+	0.0045	percent_modified/100	Psi	7155	7155	T	TGTTA	ok
Curlcake1	344	345	+	0.0072	percent_modified/100	Psi	7387	7387	T	GTTAG	ok
Curlcake1	367	368	+	0.0077	percent_modified/100	Psi	7014	7014	T	CGTTT	ok
Curlcake1	368	369	+	0.0016	percent_modified/100	Psi	6895	6895	T	GTTTA	ok
Curlcake1	369	370	+	0.0101	percent_modified/100	Psi	6653	6653	T	TTTAT	ok
Curlcake1	371	372	+	0.0114	percent_modified/100	Psi	6729	6729	T	TATCA	ok
Curlcake1	374	375	+	0.0103	percent_modified/100	Psi	6509	6509	T	CATAC	ok
Curlcake1	379	380	+	0.0108	percent_modified/100	Psi	6041	6041	T	CATAT	ok
Curlcake1	381	382	+	0.0018	percent_modified/100	Psi	7320	7320	T	TATGC	ok
Curlcake1	384	385	+	0.0001	percent_modified/100	Psi	7592	7592	T	GCTCA	ok
Curlcake1	390	391	+	0.0049	percent_modified/100	Psi	6760	6760	T	CATAC	ok
Curlcake1	393	394	+	0.0112	percent_modified/100	Psi	6236	6236	T	ACTTC	ok
Curlcake1	394	395	+	0.0066	percent_modified/100	Psi	6026	6026	T	CTTCC	ok
Curlcake1	403	404	+	0.0004	percent_modified/100	Psi	7810	7810	T	AGTCT	ok
Curlcake1	405	406	+	0.0004	percent_modified/100	Psi	7648	7648	T	TCTGT	ok
Curlcake1	407	408	+	0.0567	percent_modified/100	Psi	5411	5411	T	TGTTG	ok
Curlcake1	408	409	+	0.0109	percent_modified/100	Psi	7309	7309	T	GTTGG	ok
Curlcake1	411	412	+	0.0005	percent_modified/100	Psi	7802	7802	T	GGTCT	ok
Curlcake1	413	414	+	0.0032	percent_modified/100	Psi	7526	7526	T	TCTAA	ok
Curlcake1	421	422	+	0.0016	percent_modified/100	Psi	7628	7628	T	GGTAT	ok
Curlcake1	423	424	+	0.0034	percent_modified/100	Psi	7086	7086	T	TATAG	ok
Curlcake1	445	446	+	0.0052	percent_modified/100	Psi	7294	7294	T	GATAG	ok
Curlcake1	448	449	+	0.0003	percent_modified/100	Psi	7741	7741	T	AGTGC	ok
Curlcake1	452	453	+	0.0007	percent_modified/100	Psi	7652	7652	T	CGTAA	ok
Curlcake1	455	456	+	0.0021	percent_modified/100	Psi	7486	7486	T	AATAG	ok
Curlcake1	458	459	+	0.0001	percent_modified/100	Psi	7780	7780	T	AGTTC	ok
Curlcake1	459	460	+	0.0012	percent_modified/100	Psi	7456	7456	T	GTTCG	ok
Curlcake1	474	475	+	0.0126	percent_modified/100	Psi	5409	5409	T	CATCC	ok
Curlcake1	480	481	+	0.0101	percent_modified/100	Psi	6216	6216	T	CCTCG	ok
Curlcake1	486	487	+	0.0096	percent_modified/100	Psi	4386	4386	T	CGTTT	ok
Curlcake1	487	488	+	0.0229	percent_modified/100	Psi	6035	6035	T	GTTTT	ok
Curlcake1	488	489	+	0.0266	percent_modified/100	Psi	5234	5234	T	TTTTC	ok
Curlcake1	489	490	+	0.0036	percent_modified/100	Psi	7216	7216	T	TTTCG	ok
Curlcake1	497	498	+	0.0026	percent_modified/100	Psi	7319	7319	T	CGTTA	ok
Curlcake1	498	499	+	0.0004	percent_modified/100	Psi	7764	7764	T	GTTAA	ok
Curlcake1	501	502	+	0.0005	percent_modified/100	Psi	7619	7619	T	AATAT	ok
Curlcake1	503	504	+	0.0047	percent_modified/100	Psi	7263	7263	T	TATGG	ok
Curlcake1	510	511	+	0.0207	percent_modified/100	Psi	6866	6866	T	CGTAA	ok
Curlcake1	523	524	+	0.0012	percent_modified/100	Psi	5681	5681	T	AGTTT	ok
Curlcake1	524	525	+	0.0033	percent_modified/100	Psi	7252	7252	T	GTTTC	ok
Curlcake1	525	526	+	0.003	percent_modified/100	Psi	7406	7406	T	TTTCA	ok
Curlcake1	528	529	+	0.0427	percent_modified/100	Psi	4733	4733	T	CATAA	ok
Curlcake1	538	539	+	0.0351	percent_modified/100	Psi	4564	4564	T	CCTTT	ok
Curlcake1	539	540	+	0.0291	percent_modified/100	Psi	4782	4782	T	CTTTC	ok
Curlcake1	540	541	+	0.0032	percent_modified/100	Psi	5657	5657	T	TTTCC	ok
Curlcake1	544	545	+	0.028	percent_modified/100	Psi	5288	5288	T	CGTTG	ok
Curlcake1	545	546	+	0.0032	percent_modified/100	Psi	7214	7214	T	GTTGC	ok
Curlcake1	548	549	+	0.0035	percent_modified/100	Psi	7146	7146	T	GCTCG	ok
Curlcake1	553	554	+	0.0012	percent_modified/100	Psi	7758	7758	T	GGTGA	ok
Curlcake1	561	562	+	0.0091	percent_modified/100	Psi	6723	6723	T	CATAC	ok
Curlcake1	565	566	+	0.0023	percent_modified/100	Psi	7423	7423	T	CGTGC	ok
Curlcake1	568	569	+	0.0043	percent_modified/100	Psi	7269	7269	T	GCTGC	ok
Curlcake1	572	573	+	0.0032	percent_modified/100	Psi	7526	7526	T	CCTGG	ok
Curlcake1	579	580	+	0.0001	percent_modified/100	Psi	7760	7760	T	GGTAT	ok
Curlcake1	581	582	+	0.0044	percent_modified/100	Psi	7225	7225	T	TATCC	ok
Curlcake1	584	585	+	0.0021	percent_modified/100	Psi	7103	7103	T	CCTAC	ok
Curlcake1	588	589	+	0.0029	percent_modified/100	Psi	5488	5488	T	CATGG	ok
Curlcake1	591	592	+	0.0011	percent_modified/100	Psi	7400	7400	T	GGTTA	ok
Curlcake1	592	593	+	0.0006	percent_modified/100	Psi	7742	7742	T	GTTAA	ok
Curlcake1	596	597	+	0.0072	percent_modified/100	Psi	7266	7266	T	AATGC	ok
Curlcake1	599	600	+	0.0018	percent_modified/100	Psi	7600	7600	T	GCTGC	ok
Curlcake1	608	609	+	0.1528	percent_modified/100	Psi	3751	3751	T	CGTTA	ok
Curlcake1	609	610	+	0.0054	percent_modified/100	Psi	7069	7069	T	GTTAG	ok
Curlcake1	623	624	+	0.0012	percent_modified/100	Psi	7441	7441	T	AATAA	ok
Curlcake1	629	630	+	0.0007	percent_modified/100	Psi	7660	7660	T	AGTCT	ok
Curlcake1	631	632	+	0.0051	percent_modified/100	Psi	7099	7099	T	TCTAC	ok
Curlcake1	638	639	+	0.0044	percent_modified/100	Psi	7506	7506	T	GGTCT	ok
Curlcake1	640	641	+	0.0121	percent_modified/100	Psi	6633	6633	T	TCTAC	ok
Curlcake1	646	647	+	0.0019	percent_modified/100	Psi	7700	7700	T	GGTAC	ok
Curlcake1	653	654	+	0.0012	percent_modified/100	Psi	7578	7578	T	AGTTC	ok
Curlcake1	654	655	+	0.0018	percent_modified/100	Psi	7335	7335	T	GTTCG	ok
Curlcake1	657	658	+	0.006	percent_modified/100	Psi	7159	7159	T	CGTGA	ok
Curlcake1	663	664	+	0.0003	percent_modified/100	Psi	7288	7288	T	AGTTC	ok
Curlcake1	664	665	+	0.0004	percent_modified/100	Psi	7005	7005	T	GTTCT	ok
Curlcake1	666	667	+	0.0105	percent_modified/100	Psi	5543	5543	T	TCTTC	ok
Curlcake1	667	668	+	0.0005	percent_modified/100	Psi	7438	7438	T	CTTCA	ok
Curlcake1	670	671	+	0.0026	percent_modified/100	Psi	7420	7420	T	CATGC	ok
Curlcake1	673	674	+	0.0008	percent_modified/100	Psi	7280	7280	T	GCTCG	ok
Curlcake1	676	677	+	0.0097	percent_modified/100	Psi	6310	6310	T	CGTCT	ok
Curlcake1	678	679	+	0.0031	percent_modified/100	Psi	7155	7155	T	TCTCA	ok
Curlcake1	681	682	+	0.0558	percent_modified/100	Psi	4351	4351	T	CATAA	ok
Curlcake1	689	690	+	0.0004	percent_modified/100	Psi	7588	7588	T	ACTGG	ok
Curlcake1	700	701	+	0.0094	percent_modified/100	Psi	6502	6502	T	CCTTT	ok
Curlcake1	701	702	+	0.2966	percent_modified/100	Psi	2313	2313	T	CTTTG	ok
Curlcake1	702	703	+	0.0131	percent_modified/100	Psi	6508	6508	T	TTTGT	ok
Curlcake1	704	705	+	0.006	percent_modified/100	Psi	6673	6673	T	TGTTG	ok
Curlcake1	705	706	+	0.0227	percent_modified/100	Psi	6432	6432	T	GTTGC	ok
Curlcake1	709	710	+	0.0019	percent_modified/100	Psi	7566	7566	T	CGTCA	ok
Curlcake1	713	714	+	0.0015	percent_modified/100	Psi	7460	7460	T	AATGA	ok
Curlcake1	734	735	+	0.0018	percent_modified/100	Psi	7690	7690	T	GGTCA	ok
Curlcake1	747	748	+	0.0037	percent_modified/100	Psi	7538	7538	T	AGTAC	ok
Curlcake1	751	752	+	0.0065	percent_modified/100	Psi	6573	6573	T	CATGG	ok
Curlcake1	758	759	+	0.0024	percent_modified/100	Psi	7178	7178	T	CATTC	ok
Curlcake1	759	760	+	0.0005	percent_modified/100	Psi	7421	7421	T	ATTCT	ok
Curlcake1	761	762	+	0.011	percent_modified/100	Psi	7106	7106	T	TCTCC	ok
Curlcake1	766	767	+	0.0013	percent_modified/100	Psi	6994	6994	T	AGTAT	ok
Curlcake1	768	769	+	0.0054	percent_modified/100	Psi	6676	6676	T	TATAG	ok
Curlcake1	771	772	+	0.0004	percent_modified/100	Psi	7828	7828	T	AGTGA	ok
Curlcake1	776	777	+	0.015	percent_modified/100	Psi	6920	6920	T	AATAA	ok
Curlcake1	789	790	+	0.0005	percent_modified/100	Psi	7731	7731	T	GGTAA	ok
Curlcake1	798	799	+	0.0172	percent_modified/100	Psi	6987	6987	T	AATGT	ok
Curlcake1	800	801	+	0.0008	percent_modified/100	Psi	7576	7576	T	TGTGG	ok
Curlcake1	810	811	+	0.003	percent_modified/100	Psi	7412	7412	T	ACTCC	ok
Curlcake1	816	817	+	0.0104	percent_modified/100	Psi	6062	6062	T	CGTTC	ok
Curlcake1	817	818	+	0.0061	percent_modified/100	Psi	6593	6593	T	GTTCC	ok
Curlcake1	820	821	+	0.0009	percent_modified/100	Psi	7418	7418	T	CCTGT	ok
Curlcake1	822	823	+	0.0458	percent_modified/100	Psi	5742	5742	T	TGTTC	ok
Curlcake1	823	824	+	0.0023	percent_modified/100	Psi	7424	7424	T	GTTCG	ok
Curlcake1	826	827	+	0.0012	percent_modified/100	Psi	7492	7492	T	CGTGG	ok
Curlcake1	832	833	+	0.0023	percent_modified/100	Psi	7429	7429	T	CCTAT	ok
Curlcake1	834	835	+	0.0037	percent_modified/100	Psi	6987	6987	T	TATTG	ok
Curlcake1	835	836	+	0.0008	percent_modified/100	Psi	7668	7668	T	ATTGG	ok
Curlcake1	840	841	+	0.001	percent_modified/100	Psi	7664	7664	T	GATAT	ok
Curlcake1	842	843	+	0.0007	percent_modified/100	Psi	7689	7689	T	TATGT	ok
Curlcake1	844	845	+	0.0005	percent_modified/100	Psi	7696	7696	T	TGTCT	ok
Curlcake1	846	847	+	0.0042	percent_modified/100	Psi	6701	6701	T	TCTTT	ok
Curlcake1	847	848	+	0.0008	percent_modified/100	Psi	3821	3821	T	CTTTA	ok
Curlcake1	848	849	+	0.0012	percent_modified/100	Psi	7471	7471	T	TTTAT	ok
Curlcake1	850	851	+	0.0043	percent_modified/100	Psi	7292	7292	T	TATCA	ok
Curlcake1	860	861	+	0.0011	percent_modified/100	Psi	6539	6539	T	CCTTA	ok
Curlcake1	861	862	+	0.0031	percent_modified/100	Psi	6750	6750	T	CTTAT	ok
Curlcake1	863	864	+	0.003	percent_modified/100	Psi	7031	7031	T	TATTT	ok
Curlcake1	864	865	+	0.0088	percent_modified/100	Psi	6499	6499	T	ATTTA	ok
Curlcake1	865	866	+	0.046	percent_modified/100	Psi	5222	5222	T	TTTAC	ok
Curlcake1	871	872	+	0.0003	percent_modified/100	Psi	7679	7679	T	CGTAT	ok
Curlcake1	873	874	+	0.0017	percent_modified/100	Psi	7519	7519	T	TATAC	ok
Curlcake1	877	878	+	0.012	percent_modified/100	Psi	6671	6671	T	CATGC	ok
Curlcake1	885	886	+	0.0008	percent_modified/100	Psi	7670	7670	T	AGTAG	ok
Curlcake1	891	892	+	0.0039	percent_modified/100	Psi	6922	6922	T	CCTCG	ok
Curlcake1	897	898	+	0.0013	percent_modified/100	Psi	7618	7618	T	GGTCC	ok
Curlcake1	900	901	+	0.6724	percent_modified/100	Psi	3950	3950	T	CCTAA	ok
Curlcake1	906	907	+	0.0003	percent_modified/100	Psi	7793	7793	T	GGTCA	ok
Curlcake1	911	912	+	0.006	percent_modified/100	Psi	7520	7520	T	GGTGT	ok
Curlcake1	913	914	+	0.0014	percent_modified/100	Psi	7203	7203	T	TGTTA	ok
Curlcake1	914	915	+	0.0016	percent_modified/100	Psi	7372	7372	T	GTTAC	ok
Curlcake1	920	921	+	0.0232	percent_modified/100	Psi	5647	5647	T	ACTTA	ok
Curlcake1	921	922	+	0.0067	percent_modified/100	Psi	6445	6445	T	CTTAC	ok
Curlcake1	925	926	+	0.001	percent_modified/100	Psi	6780	6780	T	CCTCA	ok
Curlcake1	929	930	+	0.0015	percent_modified/100	Psi	6069	6069	T	AATTT	ok
Curlcake1	930	931	+	0.0023	percent_modified/100	Psi	5205	5205	T	ATTTT	ok
Curlcake1	931	932	+	0.0061	percent_modified/100	Psi	4461	4461	T	TTTTC	ok
Curlcake1	932	933	+	0.0065	percent_modified/100	Psi	5509	5509	T	TTTCT	ok
Curlcake1	934	935	+	0.0344	percent_modified/100	Psi	5899	5899	T	TCTCT	ok
Curlcake1	936	937	+	0.0009	percent_modified/100	Psi	7444	7444	T	TCTGG	ok
Curlcake1	941	942	+	0.0005	percent_modified/100	Psi	7782	7782	T	AGTAG	ok
Curlcake1	944	945	+	0.0004	percent_modified/100	Psi	7797	7797	T	AGTAC	ok
Curlcake1	947	948	+	0.034	percent_modified/100	Psi	5437	5437	T	ACTTA	ok
Curlcake1	948	949	+	0.0011	percent_modified/100	Psi	7513	7513	T	CTTAG	ok
Curlcake1	953	954	+	0.0056	percent_modified/100	Psi	7123	7123	T	ACTAC	ok
Curlcake1	958	959	+	0.0294	percent_modified/100	Psi	6027	6027	T	CATCT	ok
Curlcake1	960	961	+	0.0315	percent_modified/100	Psi	5116	5116	T	TCTTT	ok
Curlcake1	961	962	+	0.042	percent_modified/100	Psi	2784	2784	T	CTTTG	ok
Curlcake1	962	963	+	0.0019	percent_modified/100	Psi	6964	6964	T	TTTGT	ok
Curlcake1	964	965	+	0.013	percent_modified/100	Psi	5771	5771	T	TGTTG	ok
Curlcake1	965	966	+	0.0023	percent_modified/100	Psi	7354	7354	T	GTTGA	ok
Curlcake1	972	973	+	0.0008	percent_modified/100	Psi	7389	7389	T	AATCA	ok
Curlcake1	975	976	+	0.0093	percent_modified/100	Psi	5604	5604	T	CATCT	ok
Curlcake1	977	978	+	0.002	percent_modified/100	Psi	6486	6486	T	TCTCA	ok
Curlcake1	982	983	+	0.004	percent_modified/100	Psi	5773	5773	T	CCTCT	ok
Curlcake1	984	985	+	0.0041	percent_modified/100	Psi	6533	6533	T	TCTCT	ok
Curlcake1	986	987	+	0.0014	percent_modified/100	Psi	6935	6935	T	TCTAG	ok
Curlcake1	989	990	+	0.0047	percent_modified/100	Psi	7515	7515	T	AGTCA	ok
Curlcake1	991	992	-	0.037	percent_modified/100	Psi	27	27	A	TCAGG	ok
Curlcake1	995	996	-	0.125	percent_modified/100	Psi	24	24	A	GGATA	ok
Curlcake1	996	997	+	0.0009	percent_modified/100	Psi	6727	6727	T	GATAG	ok
Curlcake1	1001	1002	+	0.0024	percent_modified/100	Psi	7492	7492	T	CGTCC	ok
Curlcake1	1006	1007	+	0.001	percent_modified/100	Psi	7684	7684	T	ACTGT	ok
Curlcake1	1008	1009	+	0.0013	percent_modified/100	Psi	7640	7640	T	TGTCT	ok
Curlcake1	1010	1011	+	0.0009	percent_modified/100	Psi	7620	7620	T	TCTAA	ok
Curlcake1	1013	1014	+	0.0012	percent_modified/100	Psi	7515	7515	T	AATTA	ok
Curlcake1	1014	1015	+	0.0001	percent_modified/100	Psi	7683	7683	T	ATTAT	ok
Curlcake1	1016	1017	+	0.0011	percent_modified/100	Psi	7592	7592	T	TATAC	ok
Curlcake1	1022	1023	+	0.0004	percent_modified/100	Psi	7498	7498	T	ACTAT	ok
Curlcake1	1024	1025	+	0.0034	percent_modified/100	Psi	6792	6792	T	TATTC	ok
Curlcake1	1025	1026	+	0.0005	percent_modified/100	Psi	7373	7373	T	ATTCG	ok
Curlcake1	1029	1030	+	0.0366	percent_modified/100	Psi	5056	5056	T	GATCA	ok
Curlcake1	1032	1033	-	0.0455	percent_modified/100	Psi	22	22	A	CAAGG	ok
Curlcake1	1035	1036	+	0.001	percent_modified/100	Psi	7767	7767	T	GGTCG	ok
Curlcake1	1039	1040	-	0.1304	percent_modified/100	Psi	23	23	A	GCAAG	ok
Curlcake1	1042	1043	+	0.0009	percent_modified/100	Psi	7750	7750	T	AGTGG	ok
Curlcake1	1046	1047	+	0.0042	percent_modified/100	Psi	7318	7318	T	GATAC	ok
Curlcake1	1049	1050	+	0.0013	percent_modified/100	Psi	7717	7717	T	ACTGA	ok
Curlcake1	1055	1056	+	0.0047	percent_modified/100	Psi	6842	6842	T	AATCA	ok
Curlcake1	1059	1060	+	0.0072	percent_modified/100	Psi	6493	6493	T	ACTAT	ok
Curlcake1	1061	1062	+	0.0076	percent_modified/100	Psi	7251	7251	T	TATGT	ok
Curlcake1	1063	1064	+	0.0022	percent_modified/100	Psi	6868	6868	T	TGTAG	ok
Curlcake1	1066	1067	-	0.04	percent_modified/100	Psi	25	25	A	AGAGC	ok
Curlcake1	1069	1070	+	0.0213	percent_modified/100	Psi	5765	5765	T	GCTTC	ok
Curlcake1	1070	1071	+	0.0432	percent_modified/100	Psi	4879	4879	T	CTTCG	ok
Curlcake1	1076	1077	-	0.0417	percent_modified/100	Psi	24	24	A	AAAGC	ok
Curlcake1	1080	1081	+	0.0023	percent_modified/100	Psi	7518	7518	T	CCTGA	ok
Curlcake1	1084	1085	+	0.0005	percent_modified/100	Psi	7612	7612	T	AATTT	ok
Curlcake1	1085	1086	+	0.0069	percent_modified/100	Psi	6547	6547	T	ATTTT	ok
Curlcake1	1086	1087	+	0.0031	percent_modified/100	Psi	4790	4790	T	TTTTA	ok
Curlcake1	1087	1088	+	0.0011	percent_modified/100	Psi	7422	7422	T	TTTAA	ok
Curlcake1	1091	1092	+	0.0012	percent_modified/100	Psi	7627	7627	T	AGTTA	ok
Curlcake1	1092	1093	+	0.0007	percent_modified/100	Psi	7662	7662	T	GTTAT	ok
Curlcake1	1094	1095	+	0.0015	percent_modified/100	Psi	7569	7569	T	TATAT	ok
Curlcake1	1096	1097	+	0.0035	percent_modified/100	Psi	7234	7234	T	TATCC	ok
Curlcake1	1099	1100	+	0.003	percent_modified/100	Psi	7347	7347	T	CCTAA	ok
Curlcake1	1108	1109	+	0.001	percent_modified/100	Psi	7800	7800	T	AGTGA	ok
Curlcake1	1114	1115	+	0.0103	percent_modified/100	Psi	5829	5829	T	CATTT	ok
Curlcake1	1115	1116	+	0.0091	percent_modified/100	Psi	6265	6265	T	ATTTC	ok
Curlcake1	1116	1117	+	0.0355	percent_modified/100	Psi	5266	5266	T	TTTCC	ok
Curlcake1	1124	1125	+	0.003	percent_modified/100	Psi	7249	7249	T	GATTT	ok
Curlcake1	1125	1126	+	0.0096	percent_modified/100	Psi	6580	6580	T	ATTTC	ok
Curlcake1	1126	1127	+	0.0019	percent_modified/100	Psi	6753	6753	T	TTTCC	ok
Curlcake1	1130	1131	+	0.004	percent_modified/100	Psi	7337	7337	T	CGTAG	ok
Curlcake1	1133	1134	+	0.0021	percent_modified/100	Psi	7647	7647	T	AGTTG	ok
Curlcake1	1134	1135	+	0.0075	percent_modified/100	Psi	7105	7105	T	GTTGC	ok
Curlcake1	1139	1140	+	0.0005	percent_modified/100	Psi	7698	7698	T	AATGT	ok
Curlcake1	1141	1142	+	0.0004	percent_modified/100	Psi	7730	7730	T	TGTCA	ok
Curlcake1	1152	1153	+	0.0047	percent_modified/100	Psi	7019	7019	T	GATCT	ok
Curlcake1	1154	1155	+	0.0007	percent_modified/100	Psi	7365	7365	T	TCTAG	ok
Curlcake1	1159	1160	+	0.0012	percent_modified/100	Psi	7596	7596	T	GGTTA	ok
Curlcake1	1160	1161	+	0.0012	percent_modified/100	Psi	7666	7666	T	GTTAG	ok
Curlcake1	1165	1166	+	0.0001	percent_modified/100	Psi	7814	7814	T	AGTGC	ok
Curlcake1	1169	1170	+	0.0011	percent_modified/100	Psi	7488	7488	T	CCTAG	ok
Curlcake1	1173	1174	+	0.0005	percent_modified/100	Psi	7802	7802	T	GGTGC	ok
Curlcake1	1176	1177	+	0.0011	percent_modified/100	Psi	7550	7550	T	GCTAT	ok
Curlcake1	1178	1179	+	0.0018	percent_modified/100	Psi	6675	6675	T	TATCC	ok
Curlcake1	1184	1185	+	0.0061	percent_modified/100	Psi	6851	6851	T	CGTGG	ok
Curlcake1	1187	1188	+	0.0014	percent_modified/100	Psi	7681	7681	T	GGTGT	ok
Curlcake1	1189	1190	+	0.0012	percent_modified/100	Psi	7655	7655	T	TGTCC	ok
Curlcake1	1193	1194	+	0.0039	percent_modified/100	Psi	7492	7492	T	CCTGG	ok
Curlcake1	1201	1202	+	0.0044	percent_modified/100	Psi	7476	7476	T	GCTAC	ok
Curlcake1	1206	1207	+	0.0036	percent_modified/100	Psi	6620	6620	T	CCTTC	ok
Curlcake1	1207	1208	+	0.0014	percent_modified/100	Psi	7216	7216	T	CTTCG	ok
Curlcake1	1210	1211	+	0.0156	percent_modified/100	Psi	6416	6416	T	CGTGG	ok
Curlcake1	1216	1217	+	0.0068	percent_modified/100	Psi	6138	6138	T	CATAA	ok
Curlcake1	1220	1221	+	0.0016	percent_modified/100	Psi	7382	7382	T	ACTCG	ok
Curlcake1	1231	1232	+	0.0028	percent_modified/100	Psi	7626	7626	T	ACTAG	ok
Curlcake1	1234	1235	+	0.0006	percent_modified/100	Psi	7706	7706	T	AGTCC	ok
Curlcake1	1239	1240	+	0.006	percent_modified/100	Psi	7134	7134	T	GATCG	ok
Curlcake1	1254	1255	+	0.0131	percent_modified/100	Psi	6647	6647	T	AATCA	ok
Curlcake1	1269	1270	+	0.0008	percent_modified/100	Psi	7706	7706	T	GGTCG	ok
Curlcake1	1274	1275	+	0.001	percent_modified/100	Psi	7677	7677	T	AATCT	ok
Curlcake1	1276	1277	+	0.0055	percent_modified/100	Psi	5999	5999	T	TCTTA	ok
Curlcake1	1277	1278	+	0.0047	percent_modified/100	Psi	7400	7400	T	CTTAA	ok
Curlcake1	1286	1287	+	0.0056	percent_modified/100	Psi	7176	7176	T	AATAG	ok
Curlcake1	1297	1298	+	0.0013	percent_modified/100	Psi	7580	7580	T	AGTTT	ok
Curlcake1	1298	1299	+	0.0098	percent_modified/100	Psi	7017	7017	T	GTTTA	ok
Curlcake1	1299	1300	+	0.0008	percent_modified/100	Psi	7606	7606	T	TTTAG	ok
Curlcake1	1305	1306	+	0.0016	percent_modified/100	Psi	7483	7483	T	CATGT	ok
Curlcake1	1307	1308	+	0.0026	percent_modified/100	Psi	7194	7194	T	TGTTA	ok
Curlcake1	1308	1309	+	0.0021	percent_modified/100	Psi	7590	7590	T	GTTAA	ok
Curlcake1	1317	1318	+	0.0006	percent_modified/100	Psi	7741	7741	T	GGTGC	ok
Curlcake1	1327	1328	+	0.0048	percent_modified/100	Psi	7066	7066	T	ACTGG	ok
Curlcake1	1336	1337	+	0.0025	percent_modified/100	Psi	7623	7623	T	AGTAA	ok
Curlcake1	1341	1342	+	0.0017	percent_modified/100	Psi	7022	7022	T	CGTTC	ok
Curlcake1	1342	1343	+	0.0017	percent_modified/100	Psi	7469	7469	T	GTTCC	ok
Curlcake1	1346	1347	+	0.0014	percent_modified/100	Psi	6936	6936	T	CCTCC	ok
Curlcake1	1349	1350	+	0.0021	percent_modified/100	Psi	6580	6580	T	CCTCC	ok
Curlcake1	1353	1354	+	0.0028	percent_modified/100	Psi	5721	5721	T	CATAT	ok
Curlcake1	1355	1356	+	0.0013	percent_modified/100	Psi	6722	6722	T	TATCT	ok
Curlcake1	1357	1358	+	0.0009	percent_modified/100	Psi	6971	6971	T	TCTAT	ok
Curlcake1	1359	1360	+	0.0029	percent_modified/100	Psi	6969	6969	T	TATAC	ok
Curlcake1	1382	1383	+	0.0024	percent_modified/100	Psi	7564	7564	T	AGTGG	ok
Curlcake1	1388	1389	+	0.0016	percent_modified/100	Psi	7539	7539	T	ACTGG	ok
Curlcake1	1396	1397	+	0.0016	percent_modified/100	Psi	7587	7587	T	GGTTT	ok
Curlcake1	1397	1398	+	0.0049	percent_modified/100	Psi	7208	7208	T	GTTTG	ok
Curlcake1	1398	1399	+	0.0025	percent_modified/100	Psi	7497	7497	T	TTTGG	ok
Curlcake1	1402	1403	+	0.001	percent_modified/100	Psi	7803	7803	T	GGTAT	ok
Curlcake1	1404	1405	+	0.0019	percent_modified/100	Psi	7562	7562	T	TATCT	ok
Curlcake1	1406	1407	+	0.0057	percent_modified/100	Psi	6514	6514	T	TCTTC	ok
Curlcake1	1407	1408	+	0.0001	percent_modified/100	Psi	7670	7670	T	CTTCA	ok
Curlcake1	1413	1414	+	0.0026	percent_modified/100	Psi	7421	7421	T	AATTG	ok
Curlcake1	1414	1415	+	0.0013	percent_modified/100	Psi	7649	7649	T	ATTGT	ok
Curlcake1	1416	1417	+	0.0008	percent_modified/100	Psi	7774	7774	T	TGTGC	ok
Curlcake1	1420	1421	+	0.0073	percent_modified/100	Psi	6809	6809	T	CATTA	ok
Curlcake1	1421	1422	+	0.0008	percent_modified/100	Psi	7174	7174	T	ATTAC	ok
Curlcake1	1424	1425	+	0.0004	percent_modified/100	Psi	7693	7693	T	ACTGT	ok
Curlcake1	1426	1427	+	0.0104	percent_modified/100	Psi	7306	7306	T	TGTTG	ok
Curlcake1	1427	1428	+	0.002	percent_modified/100	Psi	7638	7638	T	GTTGG	ok
Curlcake1	1435	1436	+	0.002	percent_modified/100	Psi	7571	7571	T	GGTTG	ok
Curlcake1	1436	1437	+	0.0008	percent_modified/100	Psi	7727	7727	T	GTTGG	ok
Curlcake1	1440	1441	+	0.001	percent_modified/100	Psi	7742	7742	T	GATGC	ok
Curlcake1	1443	1444	+	0.0062	percent_modified/100	Psi	6964	6964	T	GCTTC	ok
Curlcake1	1444	1445	+	0.0014	percent_modified/100	Psi	7597	7597	T	CTTCG	ok
Curlcake1	1452	1453	+	0.0005	percent_modified/100	Psi	7676	7676	T	AATAT	ok
Curlcake1	1454	1455	+	0.001	percent_modified/100	Psi	7644	7644	T	TATCG	ok
Curlcake1	1458	1459	+	0.0011	percent_modified/100	Psi	7483	7483	T	GATAC	ok
Curlcake1	1464	1465	+	0.0065	percent_modified/100	Psi	6813	6813	T	GATCT	ok
Curlcake1	1466	1467	+	0.0117	percent_modified/100	Psi	5536	5536	T	TCTAC	ok
Curlcake1	1469	1470	+	0.0126	percent_modified/100	Psi	5630	5630	T	ACTTG	ok
Curlcake1	1470	1471	+	0.0298	percent_modified/100	Psi	5302	5302	T	CTTGC	ok
Curlcake1	1475	1476	+	0.0014	percent_modified/100	Psi	7805	7805	T	GGTGA	ok
Curlcake1	1485	1486	+	0.0019	percent_modified/100	Psi	6956	6956	T	AATTC	ok
Curlcake1	1486	1487	+	0.0014	percent_modified/100	Psi	7652	7652	T	ATTCG	ok
Curlcake1	1491	1492	+	0.0016	percent_modified/100	Psi	7625	7625	T	CGTAG	ok
Curlcake1	1498	1499	+	0.0042	percent_modified/100	Psi	6958	6958	T	AATAG	ok
Curlcake1	1501	1502	+	0.0003	percent_modified/100	Psi	7793	7793	T	AGTGA	ok
Curlcake1	1508	1509	+	0.0059	percent_modified/100	Psi	6611	6611	T	CATCG	ok
Curlcake1	1517	1518	+	0.0112	percent_modified/100	Psi	6957	6957	T	CATCA	ok
Curlcake1	1521	1522	+	0.0022	percent_modified/100	Psi	7615	7615	T	AATGC	ok
Curlcake1	1524	1525	+	0.001	percent_modified/100	Psi	7726	7726	T	GCTGA	ok
Curlcake1	1544	1545	+	0.0158	percent_modified/100	Psi	6837	6837	T	GATCA	ok
Curlcake1	1550	1551	+	0.0009	percent_modified/100	Psi	7416	7416	T	GATAA	ok
Curlcake1	1554	1555	+	0.0053	percent_modified/100	Psi	6436	6436	T	ACTTG	ok
Curlcake1	1555	1556	+	0.0554	percent_modified/100	Psi	5810	5810	T	CTTGT	ok
Curlcake1	1557	1558	+	0.022	percent_modified/100	Psi	6651	6651	T	TGTAA	ok
Curlcake1	1566	1567	+	0.0012	percent_modified/100	Psi	7290	7290	T	GGTAT	ok
Curlcake1	1568	1569	+	0.0022	percent_modified/100	Psi	7272	7272	T	TATAG	ok
Curlcake1	1575	1576	+	0.0034	percent_modified/100	Psi	7453	7453	T	GCTCA	ok
Curlcake1	1589	1590	+	0.0023	percent_modified/100	Psi	7440	7440	T	AATAC	ok
Curlcake1	1592	1593	+	0.0012	percent_modified/100	Psi	7615	7615	T	ACTGC	ok
Curlcake1	1597	1598	+	0.0016	percent_modified/100	Psi	7711	7711	T	AATCA	ok
Curlcake1	1600	1601	+	0.0034	percent_modified/100	Psi	7261	7261	T	CATGG	ok
Curlcake1	1605	1606	+	0.0003	percent_modified/100	Psi	7798	7798	T	AGTCG	ok
Curlcake1	1608	1609	+	0.0461	percent_modified/100	Psi	6332	6332	T	CGTAA	ok
Curlcake1	1621	1622	+	0.0104	percent_modified/100	Psi	7196	7196	T	CATGT	ok
Curlcake1	1623	1624	+	0.0032	percent_modified/100	Psi	7607	7607	T	TGTCA	ok
Curlcake1	1629	1630	+	0.0138	percent_modified/100	Psi	6649	6649	T	CATCG	ok
Curlcake1	1632	1633	+	0.0081	percent_modified/100	Psi	6629	6629	T	CGTAC	ok
Curlcake1	1638	1639	+	0.0128	percent_modified/100	Psi	6227	6227	T	CGTTC	ok
Curlcake1	1639	1640	+	0.0015	percent_modified/100	Psi	7484	7484	T	GTTCG	ok
Curlcake1	1642	1643	+	0.0018	percent_modified/100	Psi	7172	7172	T	CGTCA	ok
Curlcake1	1645	1646	+	0.0465	percent_modified/100	Psi	4473	4473	T	CATTC	ok
Curlcake1	1646	1647	+	0.0019	percent_modified/100	Psi	6848	6848	T	ATTCT	ok
Curlcake1	1648	1649	+	0.0001	percent_modified/100	Psi	7670	7670	T	TCTAG	ok
Curlcake1	1652	1653	+	0.0009	percent_modified/100	Psi	7712	7712	T	GGTAT	ok
Curlcake1	1654	1655	+	0.0032	percent_modified/100	Psi	7413	7413	T	TATTT	ok
Curlcake1	1655	1656	+	0.0014	percent_modified/100	Psi	7278	7278	T	ATTTA	ok
Curlcake1	1656	1657	+	0.0013	percent_modified/100	Psi	7491	7491	T	TTTAT	ok
Curlcake1	1658	1659	+	0.0024	percent_modified/100	Psi	6725	6725	T	TATTC	ok
Curlcake1	1659	1660	+	0.0013	percent_modified/100	Psi	7514	7514	T	ATTCA	ok
Curlcake1	1668	1669	+	0.0154	percent_modified/100	Psi	6625	6625	T	GATAG	ok
Curlcake1	1676	1677	+	0.0026	percent_modified/100	Psi	7612	7612	T	CGTGG	ok
Curlcake1	1681	1682	+	0.0003	percent_modified/100	Psi	7658	7658	T	AGTTA	ok
Curlcake1	1682	1683	+	0.0009	percent_modified/100	Psi	7608	7608	T	GTTAT	ok
Curlcake1	1684	1685	+	0.0039	percent_modified/100	Psi	6917	6917	T	TATTG	ok
Curlcake1	1685	1686	+	0.0008	percent_modified/100	Psi	7737	7737	T	ATTGA	ok
Curlcake1	1689	1690	+	0.0005	percent_modified/100	Psi	7639	7639	T	AATCC	ok
Curlcake1	1705	1706	+	0.0034	percent_modified/100	Psi	6453	6453	T	GCTGC	ok
Curlcake1	1717	1718	+	0.0116	percent_modified/100	Psi	6972	6972	T	GCTAC	ok
Curlcake1	1731	1732	+	0.0034	percent_modified/100	Psi	7391	7391	T	GATCG	ok
Curlcake1	1736	1737	+	0.008	percent_modified/100	Psi	7146	7146	T	GATGG	ok
Curlcake1	1739	1740	+	0.0009	percent_modified/100	Psi	7718	7718	T	GGTAG	ok
Curlcake1	1752	1753	+	0.0135	percent_modified/100	Psi	6761	6761	T	CGTGG	ok
Curlcake1	1756	1757	+	0.015	percent_modified/100	Psi	7132	7132	T	GGTAG	ok
Curlcake1	1765	1766	+	0.002	percent_modified/100	Psi	7561	7561	T	CCTGG	ok
Curlcake1	1769	1770	+	0.0018	percent_modified/100	Psi	7676	7676	T	GGTTA	ok
Curlcake1	1770	1771	+	0.0024	percent_modified/100	Psi	7599	7599	T	GTTAT	ok
Curlcake1	1772	1773	+	0.0047	percent_modified/100	Psi	6971	6971	T	TATCA	ok
Curlcake1	1783	1784	+	0.0018	percent_modified/100	Psi	7368	7368	T	GATCG	ok
Curlcake1	1789	1790	+	0.005	percent_modified/100	Psi	6385	6385	T	ACTCT	ok
Curlcake1	1791	1792	+	0.013	percent_modified/100	Psi	5553	5553	T	TCTTC	ok
Curlcake1	1792	1793	+	0.0073	percent_modified/100	Psi	5472	5472	T	CTTCC	ok
Curlcake1	1795	1796	+	0.0033	percent_modified/100	Psi	7348	7348	T	CCTGG	ok
Curlcake1	1800	1801	+	0.0044	percent_modified/100	Psi	7312	7312	T	GCTTA	ok
Curlcake1	1801	1802	+	0.0017	percent_modified/100	Psi	7236	7236	T	CTTAT	ok
Curlcake1	1803	1804	+	0.0091	percent_modified/100	Psi	7247	7247	T	TATGC	ok
Curlcake1	1808	1809	+	0.0014	percent_modified/100	Psi	7607	7607	T	GATAC	ok
Curlcake1	1812	1813	+	0.0099	percent_modified/100	Psi	6388	6388	T	CATCA	ok
Curlcake1	1823	1824	+	0.0068	percent_modified/100	Psi	7317	7317	T	AATGA	ok
Curlcake1	1826	1827	+	0.0058	percent_modified/100	Psi	7539	7539	T	GATGC	ok
Curlcake1	1833	1834	+	0.0034	percent_modified/100	Psi	7270	7270	T	CGTAC	ok
Curlcake1	1841	1842	+	0.0012	percent_modified/100	Psi	7703	7703	T	GATCG	ok
Curlcake1	1844	1845	+	0.005	percent_modified/100	Psi	7155	7155	T	CGTTA	ok
Curlcake1	1845	1846	+	0.0015	percent_modified/100	Psi	7542	7542	T	GTTAC	ok
Curlcake1	1857	1858	+	0.0132	percent_modified/100	Psi	6208	6208	T	CGTCG	ok
Curlcake1	1877	1878	+	0.0008	percent_modified/100	Psi	7729	7729	T	AGTGT	ok
Curlcake1	1879	1880	+	0.0013	percent_modified/100	Psi	7755	7755	T	TGTGC	ok
Curlcake1	1882	1883	+	0.0012	percent_modified/100	Psi	7602	7602	T	GCTCT	ok
Curlcake1	1884	1885	+	0.0012	percent_modified/100	Psi	7381	7381	T	TCTAG	ok
Curlcake1	1887	1888	+	0.0005	percent_modified/100	Psi	7804	7804	T	AGTAT	ok
Curlcake1	1889	1890	+	0.001	percent_modified/100	Psi	7764	7764	T	TATGT	ok
Curlcake1	1891	1892	+	0.0009	percent_modified/100	Psi	7599	7599	T	TGTTT	ok
Curlcake1	1892	1893	+	0.0028	percent_modified/100	Psi	7145	7145	T	GTTTG	ok
Curlcake1	1893	1894	+	0.0047	percent_modified/100	Psi	7090	7090	T	TTTGT	ok
Curlcake1	1895	1896	+	0.0012	percent_modified/100	Psi	7724	7724	T	TGTGA	ok
Curlcake1	1899	1900	+	0.0003	percent_modified/100	Psi	7862	7862	T	AGTAG	ok
Curlcake1	1908	1909	+	0.0003	percent_modified/100	Psi	7843	7843	T	GGTCG	ok
Curlcake1	1914	1915	+	0.0358	percent_modified/100	Psi	6123	6123	T	CGTTT	ok
Curlcake1	1915	1916	+	0.0049	percent_modified/100	Psi	7086	7086	T	GTTTA	ok
Curlcake1	1916	1917	+	0.0207	percent_modified/100	Psi	6922	6922	T	TTTAT	ok
Curlcake1	1918	1919	+	0.0043	percent_modified/100	Psi	7632	7632	T	TATGC	ok
Curlcake1	1922	1923	+	0.0009	percent_modified/100	Psi	6724	6724	T	CGTTC	ok
Curlcake1	1923	1924	+	0.0011	percent_modified/100	Psi	5433	5433	T	GTTCT	ok
Curlcake1	1925	1926	+	0.0016	percent_modified/100	Psi	6377	6377	T	TCTCT	ok
Curlcake1	1927	1928	+	0.0114	percent_modified/100	Psi	4221	4221	T	TCTTT	ok
Curlcake1	1928	1929	+	0.0234	percent_modified/100	Psi	4445	4445	T	CTTTC	ok
Curlcake1	1929	1930	+	0.0093	percent_modified/100	Psi	4304	4304	T	TTTCC	ok
Curlcake1	1932	1933	+	0.0081	percent_modified/100	Psi	5778	5778	T	CCTCC	ok
Curlcake1	1935	1936	+	0.0016	percent_modified/100	Psi	4369	4369	T	CCTAG	ok
Curlcake1	1939	1940	+	0.0228	percent_modified/100	Psi	6150	6150	T	GATGG	ok
Curlcake1	1947	1948	+	0.0111	percent_modified/100	Psi	5115	5115	T	CCTCC	ok
Curlcake1	1954	1955	+	0.0044	percent_modified/100	Psi	7571	7571	T	AATGA	ok
Curlcake1	1957	1958	+	0.002	percent_modified/100	Psi	7569	7569	T	GATGG	ok
Curlcake1	1967	1968	+	0.0065	percent_modified/100	Psi	5541	5541	T	ACTTT	ok
Curlcake1	1968	1969	+	0.3329	percent_modified/100	Psi	1628	1628	T	CTTTT	ok
Curlcake1	1969	1970	+	0.2141	percent_modified/100	Psi	1177	1177	T	TTTTA	ok
Curlcake1	1970	1971	+	0.0193	percent_modified/100	Psi	5712	5712	T	TTTAT	ok
Curlcake1	1972	1973	+	0.0119	percent_modified/100	Psi	6130	6130	T	TATCG	ok
Curlcake1	1978	1979	+	0.0013	percent_modified/100	Psi	6952	6952	T	CATGT	ok
Curlcake1	1980	1981	+	0.0004	percent_modified/100	Psi	7589	7589	T	TGTGA	ok
Curlcake1	1991	1992	+	0.0001	percent_modified/100	Psi	7682	7682	T	CCTAA	ok
Curlcake1	2003	2004	+	0.0016	percent_modified/100	Psi	7493	7493	T	GGTCT	ok
Curlcake1	2005	2006	+	0.0092	percent_modified/100	Psi	6761	6761	T	TCTTG	ok
Curlcake1	2006	2007	+	0.0009	percent_modified/100	Psi	7736	7736	T	CTTGG	ok
Curlcake1	2009	2010	+	0.0018	percent_modified/100	Psi	7707	7707	T	GGTCT	ok
Curlcake1	2011	2012	+	0.0052	percent_modified/100	Psi	7146	7146	T	TCTTG	ok
Curlcake1	2012	2013	+	0.0012	percent_modified/100	Psi	7752	7752	T	CTTGG	ok
Curlcake1	2015	2016	+	0.0014	percent_modified/100	Psi	7799	7799	T	GGTAT	ok
Curlcake1	2017	2018	+	0.0004	percent_modified/100	Psi	7685	7685	T	TATCG	ok
Curlcake1	2026	2027	+	0.0005	percent_modified/100	Psi	7624	7624	T	AGTAT	ok
Curlcake1	2028	2029	+	0.0097	percent_modified/100	Psi	7028	7028	T	TATAA	ok
Curlcake1	2035	2036	+	0.0007	percent_modified/100	Psi	6870	6870	T	AATTT	ok
Curlcake1	2036	2037	+	0.0019	percent_modified/100	Psi	6357	6357	T	ATTTC	ok
Curlcake1	2037	2038	+	0.0059	percent_modified/100	Psi	6665	6665	T	TTTCT	ok
Curlcake1	2039	2040	+	0.1036	percent_modified/100	Psi	3698	3698	T	TCTTC	ok
Curlcake1	2040	2041	+	0.0101	percent_modified/100	Psi	6335	6335	T	CTTCA	ok
Curlcake1	2044	2045	+	0.0038	percent_modified/100	Psi	6911	6911	T	ACTCG	ok
Curlcake1	2055	2056	+	0.0068	percent_modified/100	Psi	7107	7107	T	AATGT	ok
Curlcake1	2057	2058	+	0.0072	percent_modified/100	Psi	6268	6268	T	TGTTG	ok
Curlcake1	2058	2059	+	0.0147	percent_modified/100	Psi	6792	6792	T	GTTGA	ok
Curlcake1	2071	2072	+	0.0016	percent_modified/100	Psi	7407	7407	T	AATTC	ok
Curlcake1	2072	2073	+	0.0008	percent_modified/100	Psi	7143	7143	T	ATTCT	ok
Curlcake1	2074	2075	+	0.001	percent_modified/100	Psi	7217	7217	T	TCTCT	ok
Curlcake1	2076	2077	+	0.0031	percent_modified/100	Psi	5564	5564	T	TCTAT	ok
Curlcake1	2078	2079	+	0.0038	percent_modified/100	Psi	4945	4945	T	TATTA	ok
Curlcake1	2079	2080	+	0.0017	percent_modified/100	Psi	7166	7166	T	ATTAA	ok
Curlcake1	2089	2090	+	0.0009	percent_modified/100	Psi	7768	7768	T	GGTCT	ok
Curlcake1	2091	2092	+	0.0017	percent_modified/100	Psi	7471	7471	T	TCTGC	ok
Curlcake1	2096	2097	+	0.0219	percent_modified/100	Psi	5924	5924	T	TATTT	ok
Curlcake1	2097	2098	+	0.0292	percent_modified/100	Psi	5557	5557	T	ATTTC	ok
Curlcake1	2098	2099	+	0.0237	percent_modified/100	Psi	6505	6505	T	TTTCG	ok
Curlcake1	2109	2110	+	0.0005	percent_modified/100	Psi	7799	7799	T	AGTCA	ok
Curlcake1	2116	2117	+	0.0041	percent_modified/100	Psi	7289	7289	T	GCTCG	ok
Curlcake1	2119	2120	+	0.0155	percent_modified/100	Psi	6755	6755	T	CGTAT	ok
Curlcake1	2121	2122	+	0.0006	percent_modified/100	Psi	7712	7712	T	TATAT	ok
Curlcake1	2123	2124	+	0.0003	percent_modified/100	Psi	7658	7658	T	TATCG	ok
Curlcake1	2126	2127	+	0.0007	percent_modified/100	Psi	7481	7481	T	CGTGA	ok
Curlcake1	2131	2132	+	0.0105	percent_modified/100	Psi	4552	4552	T	CCTCT	ok
Curlcake1	2133	2134	+	0.0309	percent_modified/100	Psi	4040	4040	T	TCTTG	ok
Curlcake1	2134	2135	+	0.0032	percent_modified/100	Psi	6213	6213	T	CTTGG	ok
Curlcake1	2140	2141	+	0.0108	percent_modified/100	Psi	6922	6922	T	GATCG	ok
Curlcake1	2143	2144	+	0.0028	percent_modified/100	Psi	7569	7569	T	CGTGT	ok
Curlcake1	2145	2146	+	0.0014	percent_modified/100	Psi	7668	7668	T	TGTCC	ok
Curlcake1	2152	2153	+	0.0026	percent_modified/100	Psi	6960	6960	T	GCTTG	ok
Curlcake1	2153	2154	+	0.0044	percent_modified/100	Psi	6975	6975	T	CTTGT	ok
Curlcake1	2155	2156	+	0.0029	percent_modified/100	Psi	7563	7563	T	TGTGA	ok
Curlcake1	2159	2160	+	0.0004	percent_modified/100	Psi	7669	7669	T	AATGT	ok
Curlcake1	2161	2162	+	0.0006	percent_modified/100	Psi	7705	7705	T	TGTAG	ok
Curlcake1	2166	2167	+	0.0033	percent_modified/100	Psi	7068	7068	T	GCTCG	ok
Curlcake1	2179	2180	+	0.0011	percent_modified/100	Psi	7314	7314	T	CCTCG	ok
Curlcake1	2182	2183	+	0.0128	percent_modified/100	Psi	5765	5765	T	CGTTA	ok
Curlcake1	2183	2184	+	0.004	percent_modified/100	Psi	6431	6431	T	GTTAC	ok
Curlcake1	2186	2187	+	0.0028	percent_modified/100	Psi	7374	7374	T	ACTAT	ok
Curlcake1	2188	2189	+	0.006	percent_modified/100	Psi	6869	6869	T	TATAC	ok
Curlcake1	2199	2200	+	0.0009	percent_modified/100	Psi	7746	7746	T	AGTGG	ok
Curlcake1	2206	2207	+	0.0005	percent_modified/100	Psi	7812	7812	T	AGTAC	ok
Curlcake1	2213	2214	+	0.0446	percent_modified/100	Psi	6271	6271	T	CATCA	ok
Curlcake1	2217	2218	+	0.0003	percent_modified/100	Psi	7684	7684	T	AATAA	ok
Curlcake1	2222	2223	+	0.0085	percent_modified/100	Psi	7180	7180	T	AATAA	ok
Curlcake1	2235	2236	+	0.0015	percent_modified/100	Psi	7513	7513	T	GCTCA	ok
Curlcake1	2241	2242	+	0.0074	percent_modified/100	Psi	7017	7017	T	GATGC	ok
Curlcake1	2248	2249	+	0.0017	percent_modified/100	Psi	7189	7189	T	CCTAG	ok
Curlcake1	2255	2256	+	0.0005	percent_modified/100	Psi	7429	7429	T	AATGA	ok
Curlcake1	2258	2259	+	0.004	percent_modified/100	Psi	6733	6733	T	GATTT	ok
Curlcake1	2259	2260	+	0.0134	percent_modified/100	Psi	4553	4553	T	ATTTT	ok
Curlcake1	2260	2261	+	0.5332	percent_modified/100	Psi	1356	1356	T	TTTTA	ok
Curlcake1	2261	2262	+	0.0095	percent_modified/100	Psi	6121	6121	T	TTTAG	ok
Curlcake1	2268	2269	+	0.0147	percent_modified/100	Psi	6452	6452	T	GATCA	ok
Curlcake1	2271	2272	+	0.5532	percent_modified/100	Psi	2310	2310	T	CATTG	ok
Curlcake1	2272	2273	+	0.0004	percent_modified/100	Psi	6871	6871	T	ATTGG	ok
Curlcake2	41	42	+	0.0256	percent_modified/100	Psi	5476	5476	T	GATTA	ok
Curlcake2	42	43	+	0.0382	percent_modified/100	Psi	5363	5363	T	ATTAT	ok
Curlcake2	44	45	+	0.025	percent_modified/100	Psi	5887	5887	T	TATGG	ok
Curlcake2	55	56	+	0.0077	percent_modified/100	Psi	5849	5849	T	CATTA	ok
Curlcake2	56	57	+	0.0011	percent_modified/100	Psi	7577	7577	T	ATTAT	ok
Curlcake2	58	59	+	0.0043	percent_modified/100	Psi	7043	7043	T	TATCG	ok
Curlcake2	67	68	+	0.0012	percent_modified/100	Psi	7600	7600	T	CGTGC	ok
Curlcake2	70	71	+	0.0007	percent_modified/100	Psi	7655	7655	T	GCTAC	ok
Curlcake2	75	76	+	0.0016	percent_modified/100	Psi	7661	7661	T	CCTGA	ok
Curlcake2	79	80	+	0.0026	percent_modified/100	Psi	7701	7701	T	AATGA	ok
Curlcake2	82	83	+	0.0021	percent_modified/100	Psi	7736	7736	T	GATAC	ok
Curlcake2	95	96	+	0.0006	percent_modified/100	Psi	7817	7817	T	TGTCC	ok
Curlcake2	101	102	+	0.0015	percent_modified/100	Psi	7243	7243	T	CGTCG	ok
Curlcake2	107	108	+	0.0003	percent_modified/100	Psi	7891	7891	T	GCTGT	ok
Curlcake2	109	110	+	0.0019	percent_modified/100	Psi	7713	7713	T	TGTTG	ok
Curlcake2	110	111	+	0.0025	percent_modified/100	Psi	7656	7656	T	GTTGC	ok
Curlcake2	114	115	+	0.0006	percent_modified/100	Psi	7818	7818	T	CGTAA	ok
Curlcake2	118	119	+	0.0005	percent_modified/100	Psi	7894	7894	T	AGTCG	ok
Curlcake2	121	122	+	0.002	percent_modified/100	Psi	7637	7637	T	CGTCA	ok
Curlcake2	127	128	+	0.0005	percent_modified/100	Psi	7509	7509	T	CATAC	ok
Curlcake2	131	132	+	0.0057	percent_modified/100	Psi	7235	7235	T	CGTCC	ok
Curlcake2	135	136	+	0.0851	percent_modified/100	Psi	4053	4053	T	CCTTG	ok
Curlcake2	136	137	+	0.0013	percent_modified/100	Psi	7497	7497	T	CTTGG	ok
Curlcake2	143	144	+	0.0021	percent_modified/100	Psi	7691	7691	T	CGTGC	ok
Curlcake2	147	148	+	0.0029	percent_modified/100	Psi	7180	7180	T	CATAT	ok
Curlcake2	149	150	+	0.001	percent_modified/100	Psi	7288	7288	T	TATTC	ok
Curlcake2	150	151	+	0.0017	percent_modified/100	Psi	7544	7544	T	ATTCC	ok
Curlcake2	153	154	+	0.0082	percent_modified/100	Psi	6668	6668	T	CCTCA	ok
Curlcake2	157	158	+	0.0001	percent_modified/100	Psi	7970	7970	T	AGTCA	ok
Curlcake2	161	162	+	0.0005	percent_modified/100	Psi	7389	7389	T	ACTAC	ok
Curlcake2	164	165	+	0.0078	percent_modified/100	Psi	6433	6433	T	ACTTT	ok
Curlcake2	165	166	+	0.0097	percent_modified/100	Psi	3705	3705	T	CTTTC	ok
Curlcake2	166	167	+	0.012	percent_modified/100	Psi	5939	5939	T	TTTCT	ok
Curlcake2	168	169	+	0.0006	percent_modified/100	Psi	7066	7066	T	TCTAG	ok
Curlcake2	173	174	+	0.0021	percent_modified/100	Psi	7605	7605	T	ACTCA	ok
Curlcake2	179	180	+	0.0004	percent_modified/100	Psi	7572	7572	T	TATCT	ok
Curlcake2	181	182	+	0.003	percent_modified/100	Psi	6240	6240	T	TCTTT	ok
Curlcake2	182	183	+	0.0088	percent_modified/100	Psi	5235	5235	T	CTTTC	ok
Curlcake2	183	184	+	0.0003	percent_modified/100	Psi	7655	7655	T	TTTCG	ok
Curlcake2	187	188	+	0.002	percent_modified/100	Psi	7654	7654	T	GATGC	ok
Curlcake2	190	191	+	0.0011	percent_modified/100	Psi	7583	7583	T	GCTCC	ok
Curlcake2	195	196	+	0.0004	percent_modified/100	Psi	7405	7405	T	CGTCG	ok
Curlcake2	199	200	+	0.0844	percent_modified/100	Psi	5321	5321	T	GATCA	ok
Curlcake2	204	205	+	0.0004	percent_modified/100	Psi	7859	7859	T	AGTAA	ok
Curlcake2	208	209	+	0.0021	percent_modified/100	Psi	7117	7117	T	ACTCG	ok
Curlcake2	212	213	+	0.0008	percent_modified/100	Psi	7632	7632	T	GCTGT	ok
Curlcake2	214	215	+	0.0005	percent_modified/100	Psi	7582	7582	T	TGTCT	ok
Curlcake2	216	217	+	0.0017	percent_modified/100	Psi	7237	7237	T	TCTCG	ok
Curlcake2	220	221	+	0.0025	percent_modified/100	Psi	7322	7322	T	GCTCT	ok
Curlcake2	222	223	+	0.0005	percent_modified/100	Psi	7524	7524	T	TCTGT	ok
Curlcake2	224	225	+	0.0017	percent_modified/100	Psi	7563	7563	T	TGTGA	ok
Curlcake2	233	234	+	0.0032	percent_modified/100	Psi	7297	7297	T	AATAG	ok
Curlcake2	240	241	+	0.105	percent_modified/100	Psi	2868	2868	T	CCTCG	ok
Curlcake2	246	247	+	0.0007	percent_modified/100	Psi	7267	7267	T	GCTAA	ok
Curlcake2	250	251	+	0.0015	percent_modified/100	Psi	7474	7474	T	AATGC	ok
Curlcake2	267	268	+	0.0015	percent_modified/100	Psi	7386	7386	T	AATCA	ok
Curlcake2	270	271	+	0.0121	percent_modified/100	Psi	6280	6280	T	CATAG	ok
Curlcake2	292	293	+	0.0008	percent_modified/100	Psi	7358	7358	T	CCTAA	ok
Curlcake2	306	307	+	0.0036	percent_modified/100	Psi	6924	6924	T	CATGG	ok
Curlcake2	310	311	+	0.001	percent_modified/100	Psi	7698	7698	T	GCTGT	ok
Curlcake2	312	313	+	0.0021	percent_modified/100	Psi	7553	7553	T	TGTCA	ok
Curlcake2	315	316	+	0.0057	percent_modified/100	Psi	7056	7056	T	CATCG	ok
Curlcake2	319	320	+	0.0062	percent_modified/100	Psi	7061	7061	T	GCTTG	ok
Curlcake2	320	321	+	0.0034	percent_modified/100	Psi	7121	7121	T	CTTGG	ok
Curlcake2	327	328	+	0.0015	percent_modified/100	Psi	7252	7252	T	GATTC	ok
Curlcake2	328	329	+	0.0019	percent_modified/100	Psi	7477	7477	T	ATTCG	ok
Curlcake2	335	336	+	0.0256	percent_modified/100	Psi	5269	5269	T	ACTTA	ok
Curlcake2	336	337	+	0.0074	percent_modified/100	Psi	6926	6926	T	CTTAA	ok
Curlcake2	344	345	+	0.0016	percent_modified/100	Psi	7581	7581	T	CGTCA	ok
Curlcake2	350	351	+	0.0121	percent_modified/100	Psi	7052	7052	T	GCTAA	ok
Curlcake2	356	357	+	0.0008	percent_modified/100	Psi	7607	7607	T	GGTAA	ok
Curlcake2	362	363	+	0.0044	percent_modified/100	Psi	7024	7024	T	GGTTG	ok
Curlcake2	363	364	+	0.0015	percent_modified/100	Psi	7779	7779	T	GTTGG	ok
Curlcake2	369	370	+	0.001	percent_modified/100	Psi	7809	7809	T	CGTGT	ok
Curlcake2	371	372	+	0.0012	percent_modified/100	Psi	7554	7554	T	TGTTA	ok
Curlcake2	372	373	+	0.0006	percent_modified/100	Psi	7837	7837	T	GTTAA	ok
Curlcake2	379	380	+	0.0026	percent_modified/100	Psi	7688	7688	T	AGTTG	ok
Curlcake2	380	381	+	0.0004	percent_modified/100	Psi	7763	7763	T	GTTGC	ok
Curlcake2	383	384	+	0.0008	percent_modified/100	Psi	7579	7579	T	GCTCG	ok
Curlcake2	387	388	+	0.0017	percent_modified/100	Psi	7739	7739	T	GGTCA	ok
Curlcake2	390	391	+	0.0017	percent_modified/100	Psi	7562	7562	T	CATGT	ok
Curlcake2	392	393	+	0.0007	percent_modified/100	Psi	7650	7650	T	TGTCT	ok
Curlcake2	394	395	+	0.0039	percent_modified/100	Psi	7380	7380	T	TCTCC	ok
Curlcake2	399	400	+	0.0213	percent_modified/100	Psi	7079	7079	T	GCTAC	ok
Curlcake2	403	404	+	0.0138	percent_modified/100	Psi	6881	6881	T	CCTGT	ok
Curlcake2	405	406	+	0.0015	percent_modified/100	Psi	7551	7551	T	TGTGA	ok
Curlcake2	408	409	+	0.0082	percent_modified/100	Psi	6913	6913	T	GATCA	ok
Curlcake2	411	412	+	0.0201	percent_modified/100	Psi	5478	5478	T	CATAT	ok
Curlcake2	413	414	+	0.0047	percent_modified/100	Psi	6747	6747	T	TATCG	ok
Curlcake2	422	423	+	0.0511	percent_modified/100	Psi	5300	5300	T	CATAA	ok
Curlcake2	425	426	+	0.0007	percent_modified/100	Psi	7420	7420	T	AATAG	ok
Curlcake2	429	430	+	0.0003	percent_modified/100	Psi	7446	7446	T	GCTAA	ok
Curlcake2	433	434	+	0.0193	percent_modified/100	Psi	5382	5382	T	ACTTG	ok
Curlcake2	434	435	+	0.1388	percent_modified/100	Psi	4200	4200	T	CTTGC	ok
Curlcake2	444	445	+	0.0017	percent_modified/100	Psi	7747	7747	T	GATGG	ok
Curlcake2	451	452	+	0.0026	percent_modified/100	Psi	7600	7600	T	CGTGT	ok
Curlcake2	453	454	+	0.0001	percent_modified/100	Psi	7719	7719	T	TGTGA	ok
Curlcake2	459	460	+	0.001	percent_modified/100	Psi	7631	7631	T	GCTGG	ok
Curlcake2	462	463	+	0.001	percent_modified/100	Psi	7746	7746	T	GGTAG	ok
Curlcake2	479	480	+	0.1665	percent_modified/100	Psi	2210	2210	T	CCTTA	ok
Curlcake2	480	481	+	0.2305	percent_modified/100	Psi	2473	2473	T	CTTAC	ok
Curlcake2	507	508	+	0.0023	percent_modified/100	Psi	7533	7533	T	ACTCG	ok
Curlcake2	510	511	+	0.0292	percent_modified/100	Psi	6504	6504	T	CGTAG	ok
Curlcake2	513	514	+	0.0003	percent_modified/100	Psi	7853	7853	T	AGTAA	ok
Curlcake2	518	519	+	0.0096	percent_modified/100	Psi	7092	7092	T	AATTG	ok
Curlcake2	519	520	+	0.0013	percent_modified/100	Psi	7782	7782	T	ATTGA	ok
Curlcake2	522	523	+	0.0005	percent_modified/100	Psi	7809	7809	T	GATAC	ok
Curlcake2	526	527	+	0.0029	percent_modified/100	Psi	7002	7002	T	CATCG	ok
Curlcake2	531	532	+	0.0049	percent_modified/100	Psi	6531	6531	T	CGTTA	ok
Curlcake2	532	533	+	0.0004	percent_modified/100	Psi	7493	7493	T	GTTAA	ok
Curlcake2	535	536	+	0.0011	percent_modified/100	Psi	7552	7552	T	AATCG	ok
Curlcake2	538	539	+	0.0077	percent_modified/100	Psi	7167	7167	T	CGTGG	ok
Curlcake2	544	545	+	0.0008	percent_modified/100	Psi	7706	7706	T	GCTGG	ok
Curlcake2	551	552	+	0.0189	percent_modified/100	Psi	6999	6999	T	CGTGC	ok
Curlcake2	559	560	+	0.0031	percent_modified/100	Psi	7448	7448	T	GGTTC	ok
Curlcake2	560	561	+	0.0108	percent_modified/100	Psi	6382	6382	T	GTTCT	ok
Curlcake2	562	563	+	0.0171	percent_modified/100	Psi	4674	4674	T	TCTTG	ok
Curlcake2	563	564	+	0.0042	percent_modified/100	Psi	7088	7088	T	CTTGA	ok
Curlcake2	568	569	+	0.002	percent_modified/100	Psi	7054	7054	T	CATGT	ok
Curlcake2	570	571	+	0.0045	percent_modified/100	Psi	7479	7479	T	TGTGT	ok
Curlcake2	572	573	+	0.0006	percent_modified/100	Psi	7752	7752	T	TGTGG	ok
Curlcake2	576	577	+	0.0004	percent_modified/100	Psi	7716	7716	T	GGTTA	ok
Curlcake2	577	578	+	0.0012	percent_modified/100	Psi	7764	7764	T	GTTAT	ok
Curlcake2	579	580	+	0.0031	percent_modified/100	Psi	7716	7716	T	TATGT	ok
Curlcake2	581	582	+	0.0039	percent_modified/100	Psi	7752	7752	T	TGTAA	ok
Curlcake2	585	586	+	0.0004	percent_modified/100	Psi	7655	7655	T	AGTAT	ok
Curlcake2	587	588	+	0.0004	percent_modified/100	Psi	7607	7607	T	TATAA	ok
Curlcake2	596	597	+	0.0278	percent_modified/100	Psi	5893	5893	T	CCTTG	ok
Curlcake2	597	598	+	0.0115	percent_modified/100	Psi	5814	5814	T	CTTGC	ok
Curlcake2	604	605	+	0.0026	percent_modified/100	Psi	7253	7253	T	CGTTG	ok
Curlcake2	605	606	+	0.0004	percent_modified/100	Psi	7775	7775	T	GTTGG	ok
Curlcake2	616	617	+	0.0012	percent_modified/100	Psi	7619	7619	T	CCTAA	ok
Curlcake2	621	622	+	0.0029	percent_modified/100	Psi	7351	7351	T	GCTGA	ok
Curlcake2	633	634	+	0.0004	percent_modified/100	Psi	7834	7834	T	GGTGC	ok
Curlcake2	639	640	+	0.0014	percent_modified/100	Psi	7002	7002	T	CATAA	ok
Curlcake2	643	644	+	0.001	percent_modified/100	Psi	7626	7626	T	ACTCA	ok
Curlcake2	649	650	+	0.0076	percent_modified/100	Psi	4896	4896	T	ACTTC	ok
Curlcake2	650	651	+	0.0005	percent_modified/100	Psi	7334	7334	T	CTTCG	ok
Curlcake2	656	657	+	0.0086	percent_modified/100	Psi	6178	6178	T	CGTTC	ok
Curlcake2	657	658	+	0.0013	percent_modified/100	Psi	7002	7002	T	GTTCC	ok
Curlcake2	663	664	+	0.003	percent_modified/100	Psi	7307	7307	T	CGTGG	ok
Curlcake2	667	668	+	0.001	percent_modified/100	Psi	7668	7668	T	GGTGG	ok
Curlcake2	673	674	+	0.0092	percent_modified/100	Psi	6944	6944	T	GATAG	ok
Curlcake2	679	680	+	0.0094	percent_modified/100	Psi	5774	5774	T	CATTG	ok
Curlcake2	680	681	+	0.0017	percent_modified/100	Psi	7698	7698	T	ATTGG	ok
Curlcake2	683	684	+	0.0004	percent_modified/100	Psi	7744	7744	T	GGTAT	ok
Curlcake2	685	686	+	0.0009	percent_modified/100	Psi	7686	7686	T	TATGG	ok
Curlcake2	688	689	+	0.0012	percent_modified/100	Psi	7691	7691	T	GGTTT	ok
Curlcake2	689	690	+	0.0045	percent_modified/100	Psi	6668	6668	T	GTTTG	ok
Curlcake2	690	691	+	0.0006	percent_modified/100	Psi	7768	7768	T	TTTGG	ok
Curlcake2	693	694	+	0.0003	percent_modified/100	Psi	7740	7740	T	GGTCT	ok
Curlcake2	695	696	+	0.0278	percent_modified/100	Psi	4788	4788	T	TCTTC	ok
Curlcake2	696	697	+	0.0006	percent_modified/100	Psi	7120	7120	T	CTTCT	ok
Curlcake2	698	699	+	0.0122	percent_modified/100	Psi	6907	6907	T	TCTGC	ok
Curlcake2	704	705	+	0.0008	percent_modified/100	Psi	7720	7720	T	AGTCG	ok
Curlcake2	714	715	+	0.0021	percent_modified/100	Psi	7618	7618	T	GATGT	ok
Curlcake2	716	717	+	0.0028	percent_modified/100	Psi	7573	7573	T	TGTGA	ok
Curlcake2	719	720	+	0.0047	percent_modified/100	Psi	7227	7227	T	GATCA	ok
Curlcake2	723	724	+	0.0018	percent_modified/100	Psi	7716	7716	T	AATGT	ok
Curlcake2	725	726	+	0.0056	percent_modified/100	Psi	7551	7551	T	TGTAA	ok
Curlcake2	738	739	+	0.0054	percent_modified/100	Psi	7565	7565	T	AATGA	ok
Curlcake2	741	742	+	0.0025	percent_modified/100	Psi	7477	7477	T	GATAG	ok
Curlcake2	744	745	+	0.0004	percent_modified/100	Psi	7828	7828	T	AGTAA	ok
Curlcake2	752	753	+	0.0133	percent_modified/100	Psi	6696	6696	T	GATCC	ok
Curlcake2	758	759	+	0.0026	percent_modified/100	Psi	7658	7658	T	GCTGT	ok
Curlcake2	760	761	+	0.0018	percent_modified/100	Psi	7678	7678	T	TGTGG	ok
Curlcake2	766	767	+	0.0003	percent_modified/100	Psi	7805	7805	T	AGTCG	ok
Curlcake2	770	771	+	0.0025	percent_modified/100	Psi	7719	7719	T	GATGA	ok
Curlcake2	774	775	+	0.0088	percent_modified/100	Psi	7469	7469	T	AATCA	ok
Curlcake2	781	782	+	0.0061	percent_modified/100	Psi	7077	7077	T	AATCT	ok
Curlcake2	783	784	+	0.0048	percent_modified/100	Psi	6624	6624	T	TCTTG	ok
Curlcake2	784	785	+	0.0012	percent_modified/100	Psi	7598	7598	T	CTTGG	ok
Curlcake2	791	792	+	0.0007	percent_modified/100	Psi	7650	7650	T	CCTAT	ok
Curlcake2	793	794	+	0.0018	percent_modified/100	Psi	6821	6821	T	TATCT	ok
Curlcake2	795	796	+	0.0007	percent_modified/100	Psi	7345	7345	T	TCTCA	ok
Curlcake2	809	810	+	0.0004	percent_modified/100	Psi	7687	7687	T	AGTAA	ok
Curlcake2	812	813	+	0.0096	percent_modified/100	Psi	6900	6900	T	AATCC	ok
Curlcake2	815	816	+	0.0087	percent_modified/100	Psi	7099	7099	T	CCTGC	ok
Curlcake2	819	820	+	0.0025	percent_modified/100	Psi	7522	7522	T	CGTGG	ok
Curlcake2	825	826	+	0.0019	percent_modified/100	Psi	7243	7243	T	ACTAC	ok
Curlcake2	835	836	+	0.0055	percent_modified/100	Psi	5776	5776	T	CATTT	ok
Curlcake2	836	837	+	0.0039	percent_modified/100	Psi	6629	6629	T	ATTTT	ok
Curlcake2	837	838	+	0.0086	percent_modified/100	Psi	6255	6255	T	TTTTC	ok
Curlcake2	838	839	+	0.0033	percent_modified/100	Psi	7210	7210	T	TTTCG	ok
Curlcake2	841	842	+	0.0113	percent_modified/100	Psi	6718	6718	T	CGTGG	ok
Curlcake2	852	853	+	0.0035	percent_modified/100	Psi	5128	5128	T	CCTCG	ok
Curlcake2	858	859	+	0.0065	percent_modified/100	Psi	4613	4613	T	CCTCC	ok
Curlcake2	867	868	+	0.0057	percent_modified/100	Psi	6886	6886	T	CATAT	ok
Curlcake2	869	870	+	0.0085	percent_modified/100	Psi	6863	6863	T	TATGG	ok
Curlcake2	877	878	+	0.0011	percent_modified/100	Psi	7563	7563	T	CGTCG	ok
Curlcake2	881	882	+	0.0012	percent_modified/100	Psi	7686	7686	T	GCTCA	ok
Curlcake2	893	894	+	0.0003	percent_modified/100	Psi	7776	7776	T	AGTAG	ok
Curlcake2	898	899	+	0.0004	percent_modified/100	Psi	7543	7543	T	ACTAT	ok
Curlcake2	900	901	+	0.0015	percent_modified/100	Psi	7432	7432	T	TATCA	ok
Curlcake2	905	906	+	0.0065	percent_modified/100	Psi	6482	6482	T	ACTAA	ok
Curlcake2	909	910	+	0.0007	percent_modified/100	Psi	7364	7364	T	ACTAT	ok
Curlcake2	911	912	+	0.003	percent_modified/100	Psi	6641	6641	T	TATTG	ok
Curlcake2	912	913	+	0.0027	percent_modified/100	Psi	7285	7285	T	ATTGT	ok
Curlcake2	914	915	+	0.001	percent_modified/100	Psi	7688	7688	T	TGTGG	ok
Curlcake2	918	919	+	0.0023	percent_modified/100	Psi	7394	7394	T	GCTCG	ok
Curlcake2	925	926	+	0.0004	percent_modified/100	Psi	7801	7801	T	GCTGA	ok
Curlcake2	931	932	+	0.0017	percent_modified/100	Psi	7652	7652	T	GCTAC	ok
Curlcake2	939	940	+	0.0153	percent_modified/100	Psi	6669	6669	T	AATCA	ok
Curlcake2	944	945	+	0.0007	percent_modified/100	Psi	7666	7666	T	GGTTC	ok
Curlcake2	945	946	+	0.0018	percent_modified/100	Psi	7263	7263	T	GTTCG	ok
Curlcake2	954	955	+	0.002	percent_modified/100	Psi	7606	7606	T	AATAA	ok
Curlcake2	957	958	+	0.0005	percent_modified/100	Psi	7757	7757	T	AATGT	ok
Curlcake2	959	960	+	0.0007	percent_modified/100	Psi	7581	7581	T	TGTGC	ok
Curlcake2	962	963	+	0.0094	percent_modified/100	Psi	6782	6782	T	GCTAC	ok
Curlcake2	966	967	+	0.0014	percent_modified/100	Psi	7193	7193	T	CGTCT	ok
Curlcake2	968	969	+	0.0004	percent_modified/100	Psi	7489	7489	T	TCTCG	ok
Curlcake2	990	991	+	0.0243	percent_modified/100	Psi	6664	6664	T	CCTGT	ok
Curlcake2	992	993	+	0.0015	percent_modified/100	Psi	7292	7292	T	TGTCG	ok
Curlcake2	995	996	+	0.1787	percent_modified/100	Psi	4198	4198	T	CGTTC	ok
Curlcake2	996	997	+	0.0025	percent_modified/100	Psi	7344	7344	T	GTTCA	ok
Curlcake2	999	1000	+	0.5612	percent_modified/100	Psi	2999	2999	T	CATTG	ok
Curlcake2	1000	1001	+	0.0004	percent_modified/100	Psi	7679	7679	T	ATTGG	ok
Curlcake2	1004	1005	+	0.0018	percent_modified/100	Psi	7633	7633	T	GATAC	ok
Curlcake2	1008	1009	+	0.0033	percent_modified/100	Psi	7194	7194	T	CGTAA	ok
Curlcake2	1013	1014	+	0.0023	percent_modified/100	Psi	7325	7325	T	CATCA	ok
Curlcake2	1017	1018	+	0.0009	percent_modified/100	Psi	7456	7456	T	AATCA	ok
Curlcake2	1022	1023	+	0.0257	percent_modified/100	Psi	5132	5132	T	CCTTG	ok
Curlcake2	1023	1024	+	0.0547	percent_modified/100	Psi	4738	4738	T	CTTGC	ok
Curlcake2	1029	1030	+	0.0001	percent_modified/100	Psi	7667	7667	T	ACTGC	ok
Curlcake2	1032	1033	+	0.0025	percent_modified/100	Psi	7573	7573	T	GCTCG	ok
Curlcake2	1038	1039	+	0.001	percent_modified/100	Psi	7673	7673	T	GGTAT	ok
Curlcake2	1040	1041	+	0.0023	percent_modified/100	Psi	7031	7031	T	TATGG	ok
Curlcake2	1043	1044	+	0.003	percent_modified/100	Psi	7357	7357	T	GGTTC	ok
Curlcake2	1044	1045	+	0.0008	percent_modified/100	Psi	7691	7691	T	GTTCA	ok
Curlcake2	1050	1051	+	0.0016	percent_modified/100	Psi	7691	7691	T	CGTGG	ok
Curlcake2	1053	1054	+	0.0026	percent_modified/100	Psi	7627	7627	T	GGTTG	ok
Curlcake2	1054	1055	+	0.0035	percent_modified/100	Psi	7525	7525	T	GTTGT	ok
Curlcake2	1056	1057	+	0.008	percent_modified/100	Psi	6977	6977	T	TGTTA	ok
Curlcake2	1057	1058	+	0.0038	percent_modified/100	Psi	7428	7428	T	GTTAG	ok
Curlcake2	1080	1081	+	0.0029	percent_modified/100	Psi	7352	7352	T	CGTTT	ok
Curlcake2	1081	1082	+	0.0017	percent_modified/100	Psi	7081	7081	T	GTTTA	ok
Curlcake2	1082	1083	+	0.0023	percent_modified/100	Psi	7384	7384	T	TTTAT	ok
Curlcake2	1084	1085	+	0.0035	percent_modified/100	Psi	7354	7354	T	TATCA	ok
Curlcake2	1092	1093	+	0.0007	percent_modified/100	Psi	6909	6909	T	CATAT	ok
Curlcake2	1094	1095	+	0.001	percent_modified/100	Psi	6956	6956	T	TATCC	ok
Curlcake2	1097	1098	+	0.0717	percent_modified/100	Psi	3265	3265	T	CCTTA	ok
Curlcake2	1098	1099	+	0.0274	percent_modified/100	Psi	4415	4415	T	CTTAA	ok
Curlcake2	1107	1108	+	0.0085	percent_modified/100	Psi	6228	6228	T	CCTCC	ok
Curlcake2	1116	1117	+	0.001	percent_modified/100	Psi	7800	7800	T	AGTCT	ok
Curlcake2	1118	1119	+	0.0004	percent_modified/100	Psi	7756	7756	T	TCTGT	ok
Curlcake2	1120	1121	+	0.0449	percent_modified/100	Psi	5707	5707	T	TGTTG	ok
Curlcake2	1121	1122	+	0.0101	percent_modified/100	Psi	7447	7447	T	GTTGG	ok
Curlcake2	1124	1125	+	0.0001	percent_modified/100	Psi	7818	7818	T	GGTCT	ok
Curlcake2	1126	1127	+	0.0029	percent_modified/100	Psi	7555	7555	T	TCTAA	ok
Curlcake2	1132	1133	+	0.0006	percent_modified/100	Psi	7705	7705	T	ACTGT	ok
Curlcake2	1134	1135	+	0.0056	percent_modified/100	Psi	6979	6979	T	TGTAT	ok
Curlcake2	1136	1137	+	0.0043	percent_modified/100	Psi	7198	7198	T	TATAG	ok
Curlcake2	1158	1159	+	0.0012	percent_modified/100	Psi	7700	7700	T	GGTAG	ok
Curlcake2	1161	1162	+	0.0004	percent_modified/100	Psi	7776	7776	T	AGTGC	ok
Curlcake2	1165	1166	+	0.0145	percent_modified/100	Psi	7239	7239	T	CGTAA	ok
Curlcake2	1171	1172	+	0.0004	percent_modified/100	Psi	7788	7788	T	AGTGG	ok
Curlcake2	1175	1176	+	0.0064	percent_modified/100	Psi	7050	7050	T	GATTA	ok
Curlcake2	1176	1177	+	0.0005	percent_modified/100	Psi	7639	7639	T	ATTAG	ok
Curlcake2	1186	1187	+	0.0092	percent_modified/100	Psi	6080	6080	T	CATCC	ok
Curlcake2	1192	1193	+	0.0099	percent_modified/100	Psi	5481	5481	T	CCTCT	ok
Curlcake2	1194	1195	+	0.0027	percent_modified/100	Psi	6745	6745	T	TCTCC	ok
Curlcake2	1198	1199	+	0.0063	percent_modified/100	Psi	4570	4570	T	CGTTT	ok
Curlcake2	1199	1200	+	0.0034	percent_modified/100	Psi	6473	6473	T	GTTTT	ok
Curlcake2	1200	1201	+	0.0153	percent_modified/100	Psi	5025	5025	T	TTTTC	ok
Curlcake2	1201	1202	+	0.0062	percent_modified/100	Psi	6729	6729	T	TTTCT	ok
Curlcake2	1203	1204	+	0.0009	percent_modified/100	Psi	7694	7694	T	TCTGG	ok
Curlcake2	1209	1210	+	0.0012	percent_modified/100	Psi	7494	7494	T	CGTTA	ok
Curlcake2	1210	1211	+	0.0003	percent_modified/100	Psi	7800	7800	T	GTTAA	ok
Curlcake2	1213	1214	+	0.0003	percent_modified/100	Psi	7714	7714	T	AATAT	ok
Curlcake2	1215	1216	+	0.0036	percent_modified/100	Psi	7192	7192	T	TATGT	ok
Curlcake2	1217	1218	+	0.0021	percent_modified/100	Psi	7596	7596	T	TGTGT	ok
Curlcake2	1219	1220	+	0.0005	percent_modified/100	Psi	7583	7583	T	TGTCG	ok
Curlcake2	1234	1235	+	0.0015	percent_modified/100	Psi	6869	6869	T	GATTT	ok
Curlcake2	1235	1236	+	0.004	percent_modified/100	Psi	7032	7032	T	ATTTC	ok
Curlcake2	1236	1237	+	0.0008	percent_modified/100	Psi	7627	7627	T	TTTCA	ok
Curlcake2	1239	1240	+	0.004	percent_modified/100	Psi	6996	6996	T	CATCA	ok
Curlcake2	1249	1250	+	0.0368	percent_modified/100	Psi	4732	4732	T	CCTTT	ok
Curlcake2	1250	1251	+	0.0247	percent_modified/100	Psi	4944	4944	T	CTTTC	ok
Curlcake2	1251	1252	+	0.0179	percent_modified/100	Psi	5314	5314	T	TTTCC	ok
Curlcake2	1255	1256	+	0.0022	percent_modified/100	Psi	7428	7428	T	CGTGC	ok
Curlcake2	1258	1259	+	0.0003	percent_modified/100	Psi	7684	7684	T	GCTGG	ok
Curlcake2	1263	1264	+	0.0003	percent_modified/100	Psi	7683	7683	T	GGTGA	ok
Curlcake2	1271	1272	+	0.0207	percent_modified/100	Psi	6221	6221	T	CATAC	ok
Curlcake2	1278	1279	+	0.003	percent_modified/100	Psi	7706	7706	T	GATGC	ok
Curlcake2	1282	1283	+	0.0033	percent_modified/100	Psi	7469	7469	T	CCTGG	ok
Curlcake2	1289	1290	+	0.0004	percent_modified/100	Psi	7756	7756	T	GGTAT	ok
Curlcake2	1291	1292	+	0.0004	percent_modified/100	Psi	7439	7439	T	TATAC	ok
Curlcake2	1294	1295	+	0.0021	percent_modified/100	Psi	7466	7466	T	ACTAC	ok
Curlcake2	1297	1298	+	0.0171	percent_modified/100	Psi	6503	6503	T	ACTTG	ok
Curlcake2	1298	1299	+	0.0039	percent_modified/100	Psi	7348	7348	T	CTTGG	ok
Curlcake2	1302	1303	+	0.0008	percent_modified/100	Psi	7781	7781	T	GGTAA	ok
Curlcake2	1306	1307	+	0.0019	percent_modified/100	Psi	7524	7524	T	AATGC	ok
Curlcake2	1309	1310	+	0.0031	percent_modified/100	Psi	7526	7526	T	GCTGC	ok
Curlcake2	1318	1319	+	0.088	percent_modified/100	Psi	5795	5795	T	CGTAG	ok
Curlcake2	1335	1336	+	0.0053	percent_modified/100	Psi	7572	7572	T	AATGT	ok
Curlcake2	1337	1338	+	0.0016	percent_modified/100	Psi	7718	7718	T	TGTCC	ok
Curlcake2	1344	1345	+	0.0007	percent_modified/100	Psi	7641	7641	T	GGTCT	ok
Curlcake2	1346	1347	+	0.0007	percent_modified/100	Psi	7603	7603	T	TCTCA	ok
Curlcake2	1349	1350	+	0.0017	percent_modified/100	Psi	7653	7653	T	CATGT	ok
Curlcake2	1351	1352	+	0.0029	percent_modified/100	Psi	7599	7599	T	TGTAC	ok
Curlcake2	1356	1357	+	0.0004	percent_modified/100	Psi	7779	7779	T	AATGT	ok
Curlcake2	1358	1359	+	0.0019	percent_modified/100	Psi	7324	7324	T	TGTTC	ok
Curlcake2	1359	1360	+	0.0011	percent_modified/100	Psi	7555	7555	T	GTTCG	ok
Curlcake2	1368	1369	+	0.0004	percent_modified/100	Psi	7806	7806	T	AGTGC	ok
Curlcake2	1371	1372	+	0.0017	percent_modified/100	Psi	7549	7549	T	GCTCT	ok
Curlcake2	1373	1374	+	0.004	percent_modified/100	Psi	6758	6758	T	TCTAT	ok
Curlcake2	1375	1376	+	0.0003	percent_modified/100	Psi	7780	7780	T	TATGC	ok
Curlcake2	1378	1379	+	0.0065	percent_modified/100	Psi	6972	6972	T	GCTCA	ok
Curlcake2	1383	1384	+	0.0001	percent_modified/100	Psi	7770	7770	T	GCTCA	ok
Curlcake2	1386	1387	+	0.0623	percent_modified/100	Psi	5248	5248	T	CATCC	ok
Curlcake2	1390	1391	+	0.0018	percent_modified/100	Psi	7390	7390	T	CGTCA	ok
Curlcake2	1394	1395	+	0.0003	percent_modified/100	Psi	7557	7557	T	ACTGA	ok
Curlcake2	1398	1399	+	0.0003	percent_modified/100	Psi	7744	7744	T	ACTAA	ok
Curlcake2	1406	1407	+	0.0123	percent_modified/100	Psi	5384	5384	T	CATTG	ok
Curlcake2	1407	1408	+	0.0005	percent_modified/100	Psi	7368	7368	T	ATTGC	ok
Curlcake2	1410	1411	+	0.0009	percent_modified/100	Psi	7746	7746	T	GCTGA	ok
Curlcake2	1414	1415	+	0.0008	percent_modified/100	Psi	7632	7632	T	AGTCC	ok
Curlcake2	1418	1419	+	0.0117	percent_modified/100	Psi	6897	6897	T	CATGA	ok
Curlcake2	1423	1424	+	0.0001	percent_modified/100	Psi	7764	7764	T	GGTAA	ok
Curlcake2	1426	1427	+	0.0004	percent_modified/100	Psi	7758	7758	T	AATAA	ok
Curlcake2	1435	1436	+	0.0014	percent_modified/100	Psi	7350	7350	T	GCTCC	ok
Curlcake2	1444	1445	+	0.0012	percent_modified/100	Psi	7670	7670	T	AGTCC	ok
Curlcake2	1448	1449	+	0.0015	percent_modified/100	Psi	7546	7546	T	CCTAA	ok
Curlcake2	1451	1452	+	0.0047	percent_modified/100	Psi	7404	7404	T	AATAG	ok
Curlcake2	1454	1455	+	0.0005	percent_modified/100	Psi	7702	7702	T	AGTGT	ok
Curlcake2	1456	1457	+	0.0005	percent_modified/100	Psi	7759	7759	T	TGTGC	ok
Curlcake2	1461	1462	+	0.0048	percent_modified/100	Psi	6736	6736	T	GCTTC	ok
Curlcake2	1462	1463	+	0.0043	percent_modified/100	Psi	7209	7209	T	CTTCT	ok
Curlcake2	1464	1465	+	0.0018	percent_modified/100	Psi	7038	7038	T	TCTCC	ok
Curlcake2	1467	1468	+	0.006	percent_modified/100	Psi	7193	7193	T	CCTGA	ok
Curlcake2	1471	1472	+	0.0039	percent_modified/100	Psi	7413	7413	T	AATTG	ok
Curlcake2	1472	1473	+	0.0009	percent_modified/100	Psi	7655	7655	T	ATTGT	ok
Curlcake2	1474	1475	+	0.0008	percent_modified/100	Psi	7674	7674	T	TGTCA	ok
Curlcake2	1479	1480	+	0.0009	percent_modified/100	Psi	7703	7703	T	AATGA	ok
Curlcake2	1490	1491	+	0.0005	percent_modified/100	Psi	7659	7659	T	GATGT	ok
Curlcake2	1492	1493	+	0.0003	percent_modified/100	Psi	7610	7610	T	TGTAT	ok
Curlcake2	1494	1495	+	0.0018	percent_modified/100	Psi	7343	7343	T	TATTC	ok
Curlcake2	1495	1496	+	0.0091	percent_modified/100	Psi	6238	6238	T	ATTCC	ok
Curlcake2	1513	1514	+	0.0026	percent_modified/100	Psi	7354	7354	T	ACTCC	ok
Curlcake2	1519	1520	+	0.0533	percent_modified/100	Psi	4317	4317	T	CGTTC	ok
Curlcake2	1520	1521	+	0.0234	percent_modified/100	Psi	4576	4576	T	GTTCC	ok
Curlcake2	1523	1524	+	0.0053	percent_modified/100	Psi	7047	7047	T	CCTGT	ok
Curlcake2	1525	1526	+	0.0101	percent_modified/100	Psi	6921	6921	T	TGTAC	ok
Curlcake2	1529	1530	+	0.0082	percent_modified/100	Psi	7060	7060	T	CGTTG	ok
Curlcake2	1530	1531	+	0.0015	percent_modified/100	Psi	7569	7569	T	GTTGG	ok
Curlcake2	1537	1538	+	0.0053	percent_modified/100	Psi	7511	7511	T	GATTG	ok
Curlcake2	1538	1539	+	0.0008	percent_modified/100	Psi	7702	7702	T	ATTGG	ok
Curlcake2	1543	1544	+	0.0013	percent_modified/100	Psi	7686	7686	T	GATAT	ok
Curlcake2	1545	1546	+	0.0064	percent_modified/100	Psi	7326	7326	T	TATGC	ok
Curlcake2	1549	1550	+	0.0007	percent_modified/100	Psi	7178	7178	T	CATTT	ok
Curlcake2	1550	1551	+	0.0006	percent_modified/100	Psi	6915	6915	T	ATTTC	ok
Curlcake2	1551	1552	+	0.0046	percent_modified/100	Psi	7023	7023	T	TTTCT	ok
Curlcake2	1553	1554	+	0.2866	percent_modified/100	Psi	3413	3413	T	TCTTA	ok
Curlcake2	1554	1555	+	0.0009	percent_modified/100	Psi	7660	7660	T	CTTAG	ok
Curlcake2	1560	1561	+	0.0053	percent_modified/100	Psi	7345	7345	T	CCTGC	ok
Curlcake2	1563	1564	+	0.0005	percent_modified/100	Psi	7545	7545	T	GCTAT	ok
Curlcake2	1565	1566	+	0.0012	percent_modified/100	Psi	7322	7322	T	TATTA	ok
Curlcake2	1566	1567	+	0.0003	percent_modified/100	Psi	7755	7755	T	ATTAT	ok
Curlcake2	1568	1569	+	0.0008	percent_modified/100	Psi	7608	7608	T	TATAC	ok
Curlcake2	1574	1575	+	0.0025	percent_modified/100	Psi	7224	7224	T	CGTAT	ok
Curlcake2	1576	1577	+	0.0009	percent_modified/100	Psi	7513	7513	T	TATAA	ok
Curlcake2	1586	1587	+	0.0014	percent_modified/100	Psi	7155	7155	T	CGTCG	ok
Curlcake2	1592	1593	+	0.0006	percent_modified/100	Psi	7761	7761	T	GGTCG	ok
Curlcake2	1597	1598	+	0.0016	percent_modified/100	Psi	7354	7354	T	CGTTA	ok
Curlcake2	1598	1599	+	0.0007	percent_modified/100	Psi	7586	7586	T	GTTAC	ok
Curlcake2	1601	1602	+	0.0005	percent_modified/100	Psi	7806	7806	T	ACTAA	ok
Curlcake2	1604	1605	+	0.0035	percent_modified/100	Psi	7515	7515	T	AATGG	ok
Curlcake2	1607	1608	+	0.0001	percent_modified/100	Psi	7694	7694	T	GGTGA	ok
Curlcake2	1612	1613	+	0.0013	percent_modified/100	Psi	7731	7731	T	AGTGA	ok
Curlcake2	1615	1616	+	0.0005	percent_modified/100	Psi	7701	7701	T	GATAC	ok
Curlcake2	1626	1627	+	0.0064	percent_modified/100	Psi	7022	7022	T	CCTAA	ok
Curlcake2	1631	1632	+	0.0099	percent_modified/100	Psi	6668	6668	T	CGTCC	ok
Curlcake2	1641	1642	+	0.0009	percent_modified/100	Psi	7697	7697	T	TATTT	ok
Curlcake2	1642	1643	+	0.0174	percent_modified/100	Psi	6428	6428	T	ATTTA	ok
Curlcake2	1643	1644	+	0.0022	percent_modified/100	Psi	7434	7434	T	TTTAG	ok
Curlcake2	1647	1648	+	0.0015	percent_modified/100	Psi	7574	7574	T	GATAC	ok
Curlcake2	1654	1655	+	0.0012	percent_modified/100	Psi	7708	7708	T	GATAT	ok
Curlcake2	1656	1657	+	0.0013	percent_modified/100	Psi	7516	7516	T	TATTT	ok
Curlcake2	1657	1658	+	0.001	percent_modified/100	Psi	7637	7637	T	ATTTG	ok
Curlcake2	1658	1659	+	0.0155	percent_modified/100	Psi	5541	5541	T	TTTGA	ok
Curlcake2	1665	1666	+	0.0004	percent_modified/100	Psi	7338	7338	T	ACTCA	ok
Curlcake2	1668	1669	+	0.0163	percent_modified/100	Psi	2391	2391	T	CATTA	ok
Curlcake2	1669	1670	+	0.0004	percent_modified/100	Psi	7530	7530	T	ATTAA	ok
Curlcake2	1673	1674	+	0.0057	percent_modified/100	Psi	6361	6361	T	ACTCC	ok
Curlcake2	1676	1677	+	0.0081	percent_modified/100	Psi	6142	6142	T	CCTCT	ok
Curlcake2	1678	1679	+	0.0015	percent_modified/100	Psi	7329	7329	T	TCTGG	ok
Curlcake2	1681	1682	+	0.0057	percent_modified/100	Psi	7310	7310	T	GGTCA	ok
Curlcake2	1688	1689	+	0.0009	percent_modified/100	Psi	7738	7738	T	GATGC	ok
Curlcake2	1691	1692	+	0.0019	percent_modified/100	Psi	7248	7248	T	GCTTC	ok
Curlcake2	1692	1693	+	0.0011	percent_modified/100	Psi	7250	7250	T	CTTCC	ok
Curlcake2	1697	1698	+	0.0009	percent_modified/100	Psi	7674	7674	T	ACTGG	ok
Curlcake2	1702	1703	+	0.0004	percent_modified/100	Psi	7586	7586	T	ACTCT	ok
Curlcake2	1704	1705	+	0.0014	percent_modified/100	Psi	7649	7649	T	TCTAA	ok
Curlcake2	1710	1711	+	0.0003	percent_modified/100	Psi	7816	7816	T	ACTGT	ok
Curlcake2	1712	1713	+	0.0012	percent_modified/100	Psi	7530	7530	T	TGTTT	ok
Curlcake2	1713	1714	+	0.0033	percent_modified/100	Psi	6913	6913	T	GTTTG	ok
Curlcake2	1714	1715	+	0.0026	percent_modified/100	Psi	7349	7349	T	TTTGA	ok
Curlcake2	1717	1718	+	0.004	percent_modified/100	Psi	7196	7196	T	GATCA	ok
Curlcake2	1723	1724	+	0.0004	percent_modified/100	Psi	7820	7820	T	GGTGG	ok
Curlcake2	1728	1729	+	0.0019	percent_modified/100	Psi	7291	7291	T	CCTAT	ok
Curlcake2	1730	1731	+	0.0036	percent_modified/100	Psi	7203	7203	T	TATAG	ok
Curlcake2	1733	1734	+	0.0014	percent_modified/100	Psi	6497	6497	T	AGTTA	ok
Curlcake2	1734	1735	+	0.025	percent_modified/100	Psi	5631	5631	T	GTTAC	ok
Curlcake2	1740	1741	+	0.0024	percent_modified/100	Psi	7508	7508	T	AATAG	ok
Curlcake2	1744	1745	+	0.0037	percent_modified/100	Psi	7376	7376	T	GCTCT	ok
Curlcake2	1746	1747	+	0.0035	percent_modified/100	Psi	7393	7393	T	TCTGT	ok
Curlcake2	1748	1749	+	0.0666	percent_modified/100	Psi	6095	6095	T	TGTAA	ok
Curlcake2	1756	1757	+	0.0123	percent_modified/100	Psi	6656	6656	T	GCTTC	ok
Curlcake2	1757	1758	+	0.0022	percent_modified/100	Psi	7324	7324	T	CTTCG	ok
Curlcake2	1762	1763	+	0.001	percent_modified/100	Psi	7768	7768	T	GATGG	ok
Curlcake2	1770	1771	+	0.0014	percent_modified/100	Psi	7719	7719	T	GATTT	ok
Curlcake2	1771	1772	+	0.0012	percent_modified/100	Psi	7330	7330	T	ATTTA	ok
Curlcake2	1772	1773	+	0.0007	percent_modified/100	Psi	7551	7551	T	TTTAT	ok
Curlcake2	1774	1775	+	0.0022	percent_modified/100	Psi	7166	7166	T	TATTA	ok
Curlcake2	1775	1776	+	0.0012	percent_modified/100	Psi	7616	7616	T	ATTAG	ok
Curlcake2	1779	1780	+	0.0005	percent_modified/100	Psi	7848	7848	T	GGTAC	ok
Curlcake2	1786	1787	+	0.0115	percent_modified/100	Psi	6523	6523	T	CATAG	ok
Curlcake2	1795	1796	+	0.0013	percent_modified/100	Psi	7838	7838	T	AGTGA	ok
Curlcake2	1801	1802	+	0.0049	percent_modified/100	Psi	6882	6882	T	CATAT	ok
Curlcake2	1803	1804	+	0.0191	percent_modified/100	Psi	5712	5712	T	TATAC	ok
Curlcake2	1813	1814	+	0.0112	percent_modified/100	Psi	6981	6981	T	CATCG	ok
Curlcake2	1817	1818	+	0.0025	percent_modified/100	Psi	7698	7698	T	GGTAA	ok
Curlcake2	1821	1822	+	0.0001	percent_modified/100	Psi	7839	7839	T	AGTGT	ok
Curlcake2	1823	1824	+	0.0004	percent_modified/100	Psi	7750	7750	T	TGTAA	ok
Curlcake2	1826	1827	+	0.0011	percent_modified/100	Psi	7497	7497	T	AATGC	ok
Curlcake2	1834	1835	+	0.0082	percent_modified/100	Psi	6697	6697	T	GATCT	ok
Curlcake2	1836	1837	+	0.0011	percent_modified/100	Psi	7250	7250	T	TCTAG	ok
Curlcake2	1843	1844	+	0.0027	percent_modified/100	Psi	7681	7681	T	TGTGA	ok
Curlcake2	1851	1852	+	0.0027	percent_modified/100	Psi	7490	7490	T	CCTAG	ok
Curlcake2	1855	1856	+	0.0003	percent_modified/100	Psi	7760	7760	T	GGTGC	ok
Curlcake2	1858	1859	+	0.0019	percent_modified/100	Psi	5134	5134	T	GCTTT	ok
Curlcake2	1859	1860	+	0.097	percent_modified/100	Psi	2896	2896	T	CTTTC	ok
Curlcake2	1860	1861	+	0.0031	percent_modified/100	Psi	5757	5757	T	TTTCA	ok
Curlcake2	1868	1869	+	0.0015	percent_modified/100	Psi	7753	7753	T	GGTCT	ok
Curlcake2	1870	1871	+	0.0009	percent_modified/100	Psi	7517	7517	T	TCTGG	ok
Curlcake2	1880	1881	+	0.0037	percent_modified/100	Psi	7596	7596	T	CCTGC	ok
Curlcake2	1885	1886	+	0.0074	percent_modified/100	Psi	5574	5574	T	CCTTC	ok
Curlcake2	1886	1887	+	0.0035	percent_modified/100	Psi	6936	6936	T	CTTCG	ok
Curlcake2	1889	1890	+	0.0059	percent_modified/100	Psi	6938	6938	T	CGTAG	ok
Curlcake2	1892	1893	+	0.0004	percent_modified/100	Psi	7775	7775	T	AGTCA	ok
Curlcake2	1901	1902	+	0.0039	percent_modified/100	Psi	6654	6654	T	CCTCA	ok
Curlcake2	1907	1908	+	0.0169	percent_modified/100	Psi	6147	6147	T	ACTTA	ok
Curlcake2	1908	1909	+	0.0028	percent_modified/100	Psi	7098	7098	T	CTTAG	ok
Curlcake2	1911	1912	+	0.0008	percent_modified/100	Psi	7670	7670	T	AGTCC	ok
Curlcake2	1916	1917	+	0.0049	percent_modified/100	Psi	7173	7173	T	GATCG	ok
Curlcake2	1924	1925	+	0.0014	percent_modified/100	Psi	7797	7797	T	AGTAA	ok
Curlcake2	1930	1931	+	0.0026	percent_modified/100	Psi	6823	6823	T	CATGA	ok
Curlcake2	1935	1936	+	0.0043	percent_modified/100	Psi	7237	7237	T	CGTAG	ok
Curlcake2	1951	1952	+	0.0065	percent_modified/100	Psi	6767	6767	T	CGTTA	ok
Curlcake2	1952	1953	+	0.0045	percent_modified/100	Psi	6871	6871	T	GTTAT	ok
Curlcake2	1954	1955	+	0.013	percent_modified/100	Psi	7280	7280	T	TATAT	ok
Curlcake2	1956	1957	+	0.0052	percent_modified/100	Psi	7327	7327	T	TATAG	ok
Curlcake2	1961	1962	+	0.001	percent_modified/100	Psi	7740	7740	T	GCTAG	ok
Curlcake2	1967	1968	+	0.0003	percent_modified/100	Psi	7819	7819	T	AGTAT	ok
Curlcake2	1969	1970	+	0.0013	percent_modified/100	Psi	7516	7516	T	TATAT	ok
Curlcake2	1971	1972	+	0.0067	percent_modified/100	Psi	7112	7112	T	TATGA	ok
Curlcake2	1977	1978	+	0.0003	percent_modified/100	Psi	7173	7173	T	GGTTA	ok
Curlcake2	1978	1979	+	0.0009	percent_modified/100	Psi	7426	7426	T	GTTAA	ok
Curlcake2	1985	1986	+	0.0004	percent_modified/100	Psi	7573	7573	T	GGTTC	ok
Curlcake2	1986	1987	+	0.0017	percent_modified/100	Psi	5378	5378	T	GTTCC	ok
Curlcake2	1995	1996	+	0.0028	percent_modified/100	Psi	7498	7498	T	ACTGC	ok
Curlcake2	2002	2003	+	0.0004	percent_modified/100	Psi	7800	7800	T	AGTCA	ok
Curlcake2	2006	2007	+	0.0014	percent_modified/100	Psi	7299	7299	T	AATTC	ok
Curlcake2	2007	2008	+	0.0007	percent_modified/100	Psi	6751	6751	T	ATTCC	ok
Curlcake2	2010	2011	+	0.0029	percent_modified/100	Psi	6978	6978	T	CCTCC	ok
Curlcake2	2013	2014	+	0.003	percent_modified/100	Psi	6899	6899	T	CCTAT	ok
Curlcake2	2015	2016	+	0.0007	percent_modified/100	Psi	5371	5371	T	TATTT	ok
Curlcake2	2016	2017	+	0.0011	percent_modified/100	Psi	6089	6089	T	ATTTT	ok
Curlcake2	2017	2018	+	0.0076	percent_modified/100	Psi	5524	5524	T	TTTTT	ok
Curlcake2	2018	2019	+	0.0035	percent_modified/100	Psi	6531	6531	T	TTTTC	ok
Curlcake2	2019	2020	+	0.0018	percent_modified/100	Psi	7407	7407	T	TTTCA	ok
Curlcake2	2028	2029	+	0.002	percent_modified/100	Psi	7409	7409	T	GCTGA	ok
Curlcake2	2042	2043	+	0.0124	percent_modified/100	Psi	7244	7244	T	CCTGG	ok
Curlcake2	2045	2046	+	0.0021	percent_modified/100	Psi	7530	7530	T	GGTTT	ok
Curlcake2	2046	2047	+	0.0599	percent_modified/100	Psi	5210	5210	T	GTTTG	ok
Curlcake2	2047	2048	+	0.0693	percent_modified/100	Psi	4977	4977	T	TTTGT	ok
Curlcake2	2049	2050	+	0.0186	percent_modified/100	Psi	6830	6830	T	TGTAG	ok
Curlcake2	2053	2054	+	0.0009	percent_modified/100	Psi	7796	7796	T	GATGG	ok
Curlcake2	2056	2057	+	0.0003	percent_modified/100	Psi	7907	7907	T	GGTCG	ok
Curlcake2	2061	2062	+	0.0009	percent_modified/100	Psi	7792	7792	T	ACTAG	ok
Curlcake2	2065	2066	+	0.002	percent_modified/100	Psi	6989	6989	T	GCTTT	ok
Curlcake2	2066	2067	+	0.0021	percent_modified/100	Psi	4318	4318	T	CTTTT	ok
Curlcake2	2067	2068	+	0.2878	percent_modified/100	Psi	1758	1758	T	TTTTA	ok
Curlcake2	2068	2069	+	0.01	percent_modified/100	Psi	5698	5698	T	TTTAA	ok
Curlcake2	2073	2074	+	0.0005	percent_modified/100	Psi	7832	7832	T	ACTGA	ok
Curlcake2	2078	2079	+	0.0326	percent_modified/100	Psi	5373	5373	T	ACTAC	ok
Curlcake2	2085	2086	+	0.0004	percent_modified/100	Psi	7660	7660	T	GCTAG	ok
Curlcake2	2092	2093	+	0.0044	percent_modified/100	Psi	7691	7691	T	GGTTT	ok
Curlcake2	2093	2094	+	0.0142	percent_modified/100	Psi	6609	6609	T	GTTTA	ok
Curlcake2	2094	2095	+	0.0029	percent_modified/100	Psi	7562	7562	T	TTTAG	ok
Curlcake2	2099	2100	+	0.0031	percent_modified/100	Psi	7638	7638	T	CGTAC	ok
Curlcake2	2104	2105	+	0.0097	percent_modified/100	Psi	7129	7129	T	GATAA	ok
Curlcake2	2108	2109	+	0.003	percent_modified/100	Psi	6916	6916	T	AATTT	ok
Curlcake2	2109	2110	+	0.0035	percent_modified/100	Psi	7220	7220	T	ATTTC	ok
Curlcake2	2110	2111	+	0.0017	percent_modified/100	Psi	7824	7824	T	TTTCG	ok
Curlcake2	2114	2115	+	0.0017	percent_modified/100	Psi	6987	6987	T	GATTC	ok
Curlcake2	2115	2116	+	0.0054	percent_modified/100	Psi	6722	6722	T	ATTCC	ok
Curlcake2	2120	2121	+	0.0015	percent_modified/100	Psi	6843	6843	T	GGTTT	ok
Curlcake2	2121	2122	+	0.0392	percent_modified/100	Psi	5359	5359	T	GTTTC	ok
Curlcake2	2122	2123	+	0.0143	percent_modified/100	Psi	5735	5735	T	TTTCT	ok
Curlcake2	2124	2125	+	0.0053	percent_modified/100	Psi	6833	6833	T	TCTCA	ok
Curlcake2	2129	2130	+	0.0163	percent_modified/100	Psi	6934	6934	T	AGTTG	ok
Curlcake2	2130	2131	+	0.0009	percent_modified/100	Psi	7718	7718	T	GTTGA	ok
Curlcake2	2135	2136	+	0.0073	percent_modified/100	Psi	6679	6679	T	GCTCC	ok
Curlcake2	2140	2141	+	0.0034	percent_modified/100	Psi	7106	7106	T	CCTGA	ok
Curlcake2	2146	2147	+	0.0003	percent_modified/100	Psi	7866	7866	T	AGTGG	ok
Curlcake2	2149	2150	+	0.0001	percent_modified/100	Psi	7902	7902	T	GGTGC	ok
Curlcake2	2153	2154	+	0.0119	percent_modified/100	Psi	6219	6219	T	CCTCG	ok
Curlcake2	2164	2165	+	0.0015	percent_modified/100	Psi	7756	7756	T	AATAC	ok
Curlcake2	2172	2173	+	0.0018	percent_modified/100	Psi	7585	7585	T	AATCT	ok
Curlcake2	2174	2175	+	0.0081	percent_modified/100	Psi	7017	7017	T	TCTGT	ok
Curlcake2	2176	2177	+	0.0011	percent_modified/100	Psi	7607	7607	T	TGTGA	ok
Curlcake2	2179	2180	+	0.0041	percent_modified/100	Psi	6558	6558	T	GATTA	ok
Curlcake2	2180	2181	+	0.0029	percent_modified/100	Psi	6651	6651	T	ATTAC	ok
Curlcake2	2187	2188	+	0.0004	percent_modified/100	Psi	7785	7785	T	GGTCC	ok
Curlcake2	2207	2208	+	0.0069	percent_modified/100	Psi	6982	6982	T	CATGC	ok
Curlcake2	2210	2211	+	0.0019	percent_modified/100	Psi	7508	7508	T	GCTAG	ok
Curlcake2	2213	2214	+	0.0027	percent_modified/100	Psi	7821	7821	T	AGTAA	ok
Curlcake2	2218	2219	+	0.0005	percent_modified/100	Psi	7784	7784	T	GATTA	ok
Curlcake2	2219	2220	+	0.0004	percent_modified/100	Psi	7799	7799	T	ATTAA	ok
Curlcake2	2223	2224	+	0.0005	percent_modified/100	Psi	6651	6651	T	AATAT	ok
Curlcake2	2225	2226	+	0.0011	percent_modified/100	Psi	7119	7119	T	TATAT	ok
Curlcake2	2227	2228	+	0.0109	percent_modified/100	Psi	5519	5519	T	TATCA	ok
Curlcake2	2253	2254	+	0.0099	percent_modified/100	Psi	5975	5975	T	CCTTC	ok
Curlcake2	2254	2255	+	0.0091	percent_modified/100	Psi	6042	6042	T	CTTCC	ok
Curlcake2	2261	2262	+	0.0004	percent_modified/100	Psi	7845	7845	T	AGTAA	ok
Curlcake2	2269	2270	+	0.0485	percent_modified/100	Psi	4349	4349	T	CGTTT	ok
Curlcake2	2270	2271	+	0.0388	percent_modified/100	Psi	5363	5363	T	GTTTC	ok
Curlcake2	2271	2272	+	0.2779	percent_modified/100	Psi	4574	4574	T	TTTCA	ok
Curlcake2	2281	2282	+	0.0009	percent_modified/100	Psi	6758	6758	T	ACTTC	ok
Curlcake2	2282	2283	+	0.0018	percent_modified/100	Psi	7160	7160	T	CTTCG	ok
Curlcake2	2286	2287	+	0.0024	percent_modified/100	Psi	5781	5781	T	GCTTT	ok
Curlcake2	2287	2288	+	0.077	percent_modified/100	Psi	1324	1324	T	CTTTA	ok
Curlcake2	2288	2289	+	0.0015	percent_modified/100	Psi	6712	6712	T	TTTAG	ok
Curlcake2	2291	2292	+	0.0003	percent_modified/100	Psi	7859	7859	T	AGTAC	ok
Curlcake2	2298	2299	+	0.0003	percent_modified/100	Psi	7754	7754	T	AGTCG	ok
Curlcake2	2301	2302	+	0.0015	percent_modified/100	Psi	7308	7308	T	CGTCG	ok
Curlcake2	2304	2305	+	0.0041	percent_modified/100	Psi	6797	6797	T	CGTAC	ok
Curlcake2	2307	2308	+	0.0885	percent_modified/100	Psi	4259	4259	T	ACTTC	ok
Curlcake2	2308	2309	+	0.0036	percent_modified/100	Psi	6889	6889	T	CTTCT	ok
Curlcake2	2310	2311	+	0.0012	percent_modified/100	Psi	7525	7525	T	TCTGA	ok
Curlcake2	2316	2317	+	0.0045	percent_modified/100	Psi	7498	7498	T	AATAG	ok
Curlcake2	2321	2322	+	0.0009	percent_modified/100	Psi	7808	7808	T	AGTAG	ok
Curlcake2	2329	2330	+	0.0013	percent_modified/100	Psi	7694	7694	T	AATCG	ok
Curlcake2	2335	2336	+	0.0042	percent_modified/100	Psi	5738	5738	T	AATCC	ok
Curlcake2	2348	2349	+	0.0065	percent_modified/100	Psi	6753	6753	T	CGTGC	ok
Curlcake2	2358	2359	+	0.024	percent_modified/100	Psi	5699	5699	T	GCTAC	ok
Curlcake2	2371	2372	+	0.0043	percent_modified/100	Psi	6725	6725	T	AATGG	ok
Curlcake2	2375	2376	+	0.0013	percent_modified/100	Psi	7486	7486	T	GGTGG	ok
Curlcake2	2389	2390	+	0.0553	percent_modified/100	Psi	5085	5085	T	ACTTG	ok
Curlcake2	2390	2391	+	0.0249	percent_modified/100	Psi	5467	5467	T	CTTGA	ok
Curlcake2	2399	2400	+	0.0011	percent_modified/100	Psi	7533	7533	T	CATGT	ok
Curlcake2	2401	2402	+	0.0038	percent_modified/100	Psi	6843	6843	T	TGTTA	ok
Curlcake2	2402	2403	+	0.0032	percent_modified/100	Psi	7616	7616	T	GTTAT	ok
Curlcake2	2404	2405	+	0.0028	percent_modified/100	Psi	7020	7020	T	TATCG	ok
Curlcake2	2408	2409	+	0.0036	percent_modified/100	Psi	6929	6929	T	GCTAT	ok
Curlcake2	2410	2411	+	0.0022	percent_modified/100	Psi	7374	7374	T	TATGA	ok
Curlcake2	2414	2415	+	0.0004	percent_modified/100	Psi	7731	7731	T	AGTAC	ok
Curlcake2	2423	2424	+	0.0004	percent_modified/100	Psi	7868	7868	T	GATGA	ok
Curlcake2	2436	2437	+	0.0035	percent_modified/100	Psi	7235	7235	T	CATAC	ok
Curlcake2	2439	2440	+	0.0118	percent_modified/100	Psi	7123	7123	T	ACTTA	ok
Curlcake2	2440	2441	+	0.0016	percent_modified/100	Psi	7629	7629	T	CTTAA	ok
Curlcake2	2443	2444	+	0.002	percent_modified/100	Psi	7520	7520	T	AATTG	ok
Curlcake2	2444	2445	+	0.0008	percent_modified/100	Psi	7751	7751	T	ATTGA	ok
Curlcake2	2448	2449	+	0.0003	percent_modified/100	Psi	7850	7850	T	AGTGG	ok
Curlcake2	2452	2453	+	0.0166	percent_modified/100	Psi	6429	6429	T	GGTTG	ok
Curlcake2	2453	2454	+	0.0602	percent_modified/100	Psi	5781	5781	T	GTTGA	ok
Curlcake2	2463	2464	+	0.0036	percent_modified/100	Psi	6712	6712	T	CATGG	ok
Curlcake2	2466	2467	+	0.0017	percent_modified/100	Psi	7493	7493	T	GGTAG	ok
Curlcake2	2470	2471	+	0.0028	percent_modified/100	Psi	7432	7432	T	GGTCA	ok
Curlcake2	2473	2474	+	0.0877	percent_modified/100	Psi	4186	4186	T	CATAG	ok
Curlcake2	2481	2482	+	0.0201	percent_modified/100	Psi	5580	5580	T	AATTC	ok
Curlcake2	2482	2483	+	0.002	percent_modified/100	Psi	7085	7085	T	ATTCT	ok
Curlcake2	2484	2485	+	0.0008	percent_modified/100	Psi	7377	7377	T	TCTAA	ok
Curlcake2	2487	2488	+	0.0065	percent_modified/100	Psi	6307	6307	T	AATTG	ok
Curlcake3	38	39	+	0.0003	percent_modified/100	Psi	7890	7890	T	AGTTA	ok
Curlcake3	39	40	+	0.0004	percent_modified/100	Psi	7786	7786	T	GTTAG	ok
Curlcake3	42	43	+	0.0001	percent_modified/100	Psi	7939	7939	T	AGTGG	ok
Curlcake3	48	49	+	0.0008	percent_modified/100	Psi	7774	7774	T	GCTGG	ok
Curlcake3	53	54	+	0.0021	percent_modified/100	Psi	7677	7677	T	CATGT	ok
Curlcake3	55	56	+	0.0006	percent_modified/100	Psi	7709	7709	T	TGTGG	ok
Curlcake3	70	71	+	0.0067	percent_modified/100	Psi	7611	7611	T	GGTCG	ok
Curlcake3	73	74	+	0.0052	percent_modified/100	Psi	7651	7651	T	CGTGA	ok
Curlcake3	76	77	+	0.0004	percent_modified/100	Psi	7928	7928	T	GATGA	ok
Curlcake3	79	80	+	0.0019	percent_modified/100	Psi	7762	7762	T	GATGC	ok
Curlcake3	83	84	+	0.0027	percent_modified/100	Psi	6954	6954	T	CGTTC	ok
Curlcake3	84	85	+	0.001	percent_modified/100	Psi	6696	6696	T	GTTCT	ok
Curlcake3	86	87	+	0.0012	percent_modified/100	Psi	6721	6721	T	TCTCT	ok
Curlcake3	88	89	+	0.0132	percent_modified/100	Psi	4397	4397	T	TCTTC	ok
Curlcake3	89	90	+	0.0025	percent_modified/100	Psi	6381	6381	T	CTTCC	ok
Curlcake3	95	96	+	0.0001	percent_modified/100	Psi	7415	7415	T	AATTT	ok
Curlcake3	96	97	+	0.0004	percent_modified/100	Psi	7454	7454	T	ATTTG	ok
Curlcake3	97	98	+	0.0035	percent_modified/100	Psi	6831	6831	T	TTTGT	ok
Curlcake3	99	100	+	0.0012	percent_modified/100	Psi	7402	7402	T	TGTCC	ok
Curlcake3	102	103	+	0.0006	percent_modified/100	Psi	7272	7272	T	CCTCA	ok
Curlcake3	105	106	+	0.0157	percent_modified/100	Psi	6447	6447	T	CATAC	ok
Curlcake3	117	118	+	0.0005	percent_modified/100	Psi	7861	7861	T	GCTAA	ok
Curlcake3	122	123	+	0.0004	percent_modified/100	Psi	7495	7495	T	CCTTA	ok
Curlcake3	125	126	+	0.0003	percent_modified/100	Psi	7269	7269	T	TATTT	ok
Curlcake3	126	127	+	0.0009	percent_modified/100	Psi	7434	7434	T	ATTTC	ok
Curlcake3	127	128	+	0.0094	percent_modified/100	Psi	6457	6457	T	TTTCC	ok
Curlcake3	132	133	+	0.0009	percent_modified/100	Psi	7846	7846	T	AGTCT	ok
Curlcake3	134	135	+	0.0355	percent_modified/100	Psi	5040	5040	T	TCTTA	ok
Curlcake3	135	136	+	0.0004	percent_modified/100	Psi	7600	7600	T	CTTAA	ok
Curlcake3	145	146	+	0.0009	percent_modified/100	Psi	7652	7652	T	ACTCG	ok
Curlcake3	158	159	+	0.0054	percent_modified/100	Psi	7417	7417	T	CATCG	ok
Curlcake3	161	162	+	0.0048	percent_modified/100	Psi	7336	7336	T	CGTTG	ok
Curlcake3	162	163	+	0.0039	percent_modified/100	Psi	7723	7723	T	GTTGC	ok
Curlcake3	169	170	+	0.0009	percent_modified/100	Psi	7678	7678	T	ACTAG	ok
Curlcake3	173	174	+	0.004	percent_modified/100	Psi	7691	7691	T	GATTG	ok
Curlcake3	177	178	+	0.0004	percent_modified/100	Psi	7566	7566	T	GATTC	ok
Curlcake3	178	179	+	0.0004	percent_modified/100	Psi	7851	7851	T	ATTCA	ok
Curlcake3	182	183	+	0.0005	percent_modified/100	Psi	7892	7892	T	AATGC	ok
Curlcake3	202	203	+	0.0117	percent_modified/100	Psi	7236	7236	T	GATAA	ok
Curlcake3	208	209	+	0.0003	percent_modified/100	Psi	7947	7947	T	AGTGT	ok
Curlcake3	210	211	+	0.0001	percent_modified/100	Psi	7720	7720	T	TGTCT	ok
Curlcake3	212	213	+	0.1095	percent_modified/100	Psi	4275	4275	T	TCTTT	ok
Curlcake3	213	214	+	0.0095	percent_modified/100	Psi	5183	5183	T	CTTTC	ok
Curlcake3	214	215	+	0.0006	percent_modified/100	Psi	7250	7250	T	TTTCT	ok
Curlcake3	216	217	+	0.0016	percent_modified/100	Psi	6795	6795	T	TCTAT	ok
Curlcake3	218	219	+	0.0027	percent_modified/100	Psi	7469	7469	T	TATAT	ok
Curlcake3	220	221	+	0.0014	percent_modified/100	Psi	7176	7176	T	TATTG	ok
Curlcake3	221	222	+	0.0008	percent_modified/100	Psi	7815	7815	T	ATTGC	ok
Curlcake3	225	226	+	0.0032	percent_modified/100	Psi	7400	7400	T	CATCA	ok
Curlcake3	228	229	+	0.0005	percent_modified/100	Psi	7633	7633	T	CATGC	ok
Curlcake3	233	234	+	0.0073	percent_modified/100	Psi	6673	6673	T	CGTCT	ok
Curlcake3	235	236	+	0.1521	percent_modified/100	Psi	3262	3262	T	TCTTC	ok
Curlcake3	236	237	+	0.0061	percent_modified/100	Psi	6024	6024	T	CTTCG	ok
Curlcake3	241	242	+	0.0004	percent_modified/100	Psi	7866	7866	T	AATGA	ok
Curlcake3	244	245	+	0.0043	percent_modified/100	Psi	7506	7506	T	GATCG	ok
Curlcake3	249	250	+	0.0003	percent_modified/100	Psi	7729	7729	T	GCTAA	ok
Curlcake3	252	253	+	0.0005	percent_modified/100	Psi	7534	7534	T	AATCT	ok
Curlcake3	254	255	+	0.0019	percent_modified/100	Psi	7276	7276	T	TCTAC	ok
Curlcake3	260	261	+	0.0114	percent_modified/100	Psi	4829	4829	T	CATAG	ok
Curlcake3	276	277	+	0.0077	percent_modified/100	Psi	6972	6972	T	AGTTG	ok
Curlcake3	277	278	+	0.0024	percent_modified/100	Psi	7440	7440	T	GTTGT	ok
Curlcake3	279	280	+	0.0032	percent_modified/100	Psi	6597	6597	T	TGTCT	ok
Curlcake3	281	282	+	0.0011	percent_modified/100	Psi	7470	7470	T	TCTCT	ok
Curlcake3	283	284	+	0.008	percent_modified/100	Psi	7232	7232	T	TCTCT	ok
Curlcake3	285	286	+	0.0012	percent_modified/100	Psi	7735	7735	T	TCTGC	ok
Curlcake3	295	296	+	0.0626	percent_modified/100	Psi	5269	5269	T	GATTA	ok
Curlcake3	296	297	+	0.001	percent_modified/100	Psi	7324	7324	T	ATTAT	ok
Curlcake3	298	299	+	0.005	percent_modified/100	Psi	7393	7393	T	TATGT	ok
Curlcake3	300	301	+	0.0024	percent_modified/100	Psi	7428	7428	T	TGTAG	ok
Curlcake3	306	307	+	0.0035	percent_modified/100	Psi	7468	7468	T	GCTCT	ok
Curlcake3	308	309	+	0.0035	percent_modified/100	Psi	7155	7155	T	TCTCG	ok
Curlcake3	317	318	+	0.0037	percent_modified/100	Psi	7483	7483	T	GATCA	ok
Curlcake3	321	322	+	0.0155	percent_modified/100	Psi	6406	6406	T	ACTTA	ok
Curlcake3	322	323	+	0.019	percent_modified/100	Psi	5991	5991	T	CTTAT	ok
Curlcake3	324	325	+	0.0384	percent_modified/100	Psi	5550	5550	T	TATCT	ok
Curlcake3	326	327	+	0.0027	percent_modified/100	Psi	7387	7387	T	TCTGA	ok
Curlcake3	338	339	+	0.0013	percent_modified/100	Psi	7787	7787	T	AGTTC	ok
Curlcake3	339	340	+	0.0055	percent_modified/100	Psi	7273	7273	T	GTTCC	ok
Curlcake3	343	344	+	0.0287	percent_modified/100	Psi	5640	5640	T	CATAA	ok
Curlcake3	346	347	+	0.0004	percent_modified/100	Psi	7652	7652	T	AATTT	ok
Curlcake3	347	348	+	0.003	percent_modified/100	Psi	7076	7076	T	ATTTT	ok
Curlcake3	348	349	+	0.0345	percent_modified/100	Psi	3971	3971	T	TTTTA	ok
Curlcake3	349	350	+	0.0008	percent_modified/100	Psi	7606	7606	T	TTTAG	ok
Curlcake3	354	355	+	0.0004	percent_modified/100	Psi	7657	7657	T	GATTC	ok
Curlcake3	355	356	+	0.0003	percent_modified/100	Psi	7780	7780	T	ATTCG	ok
Curlcake3	364	365	+	0.0016	percent_modified/100	Psi	7315	7315	T	AATTG	ok
Curlcake3	365	366	+	0.0006	percent_modified/100	Psi	7782	7782	T	ATTGG	ok
Curlcake3	368	369	+	0.0042	percent_modified/100	Psi	7661	7661	T	GGTAC	ok
Curlcake3	379	380	+	0.0012	percent_modified/100	Psi	7339	7339	T	GGTTT	ok
Curlcake3	380	381	+	0.0048	percent_modified/100	Psi	7052	7052	T	GTTTT	ok
Curlcake3	381	382	+	0.0412	percent_modified/100	Psi	3863	3863	T	TTTTG	ok
Curlcake3	382	383	+	0.0107	percent_modified/100	Psi	6911	6911	T	TTTGA	ok
Curlcake3	386	387	+	0.0005	percent_modified/100	Psi	7809	7809	T	AATGT	ok
Curlcake3	388	389	+	0.0031	percent_modified/100	Psi	7658	7658	T	TGTAA	ok
Curlcake3	392	393	+	0.0001	percent_modified/100	Psi	7832	7832	T	ACTGT	ok
Curlcake3	394	395	+	0.0013	percent_modified/100	Psi	7715	7715	T	TGTCC	ok
Curlcake3	401	402	+	0.0013	percent_modified/100	Psi	7748	7748	T	ACTGG	ok
Curlcake3	404	405	+	0.0009	percent_modified/100	Psi	7774	7774	T	GGTGG	ok
Curlcake3	409	410	+	0.0001	percent_modified/100	Psi	7861	7861	T	AGTGA	ok
Curlcake3	413	414	+	0.0029	percent_modified/100	Psi	7567	7567	T	AGTTG	ok
Curlcake3	414	415	+	0.0082	percent_modified/100	Psi	7048	7048	T	GTTGC	ok
Curlcake3	418	419	+	0.0005	percent_modified/100	Psi	7615	7615	T	CGTCA	ok
Curlcake3	422	423	+	0.0004	percent_modified/100	Psi	7764	7764	T	AGTCG	ok
Curlcake3	441	442	+	0.0044	percent_modified/100	Psi	4589	4589	T	CCTTT	ok
Curlcake3	442	443	+	0.0147	percent_modified/100	Psi	3598	3598	T	CTTTT	ok
Curlcake3	443	444	+	0.0653	percent_modified/100	Psi	934	934	T	TTTTT	ok
Curlcake3	444	445	+	0.0224	percent_modified/100	Psi	4340	4340	T	TTTTG	ok
Curlcake3	445	446	+	0.0027	percent_modified/100	Psi	7464	7464	T	TTTGT	ok
Curlcake3	447	448	+	0.0019	percent_modified/100	Psi	6380	6380	T	TGTTT	ok
Curlcake3	448	449	+	0.0057	percent_modified/100	Psi	6630	6630	T	GTTTC	ok
Curlcake3	449	450	+	0.0018	percent_modified/100	Psi	6089	6089	T	TTTCC	ok
Curlcake3	452	453	+	0.04	percent_modified/100	Psi	4201	4201	T	CCTTT	ok
Curlcake3	453	454	+	0.0567	percent_modified/100	Psi	1781	1781	T	CTTTA	ok
Curlcake3	454	455	+	0.0026	percent_modified/100	Psi	6217	6217	T	TTTAA	ok
Curlcake3	462	463	+	0.0008	percent_modified/100	Psi	7504	7504	T	CGTCT	ok
Curlcake3	464	465	+	0.0048	percent_modified/100	Psi	6813	6813	T	TCTAC	ok
Curlcake3	467	468	+	0.0021	percent_modified/100	Psi	7498	7498	T	ACTAT	ok
Curlcake3	469	470	+	0.0064	percent_modified/100	Psi	6871	6871	T	TATGG	ok
Curlcake3	474	475	+	0.0017	percent_modified/100	Psi	7585	7585	T	CGTGA	ok
Curlcake3	481	482	+	0.2657	percent_modified/100	Psi	2744	2744	T	CCTTA	ok
Curlcake3	482	483	+	0.0047	percent_modified/100	Psi	6367	6367	T	CTTAG	ok
Curlcake3	487	488	+	0.0019	percent_modified/100	Psi	7204	7204	T	CCTAA	ok
Curlcake3	494	495	+	0.0244	percent_modified/100	Psi	6506	6506	T	CATGC	ok
Curlcake3	502	503	+	0.0074	percent_modified/100	Psi	7206	7206	T	CATGT	ok
Curlcake3	504	505	+	0.0012	percent_modified/100	Psi	7620	7620	T	TGTCA	ok
Curlcake3	511	512	+	0.0065	percent_modified/100	Psi	6490	6490	T	GCTCT	ok
Curlcake3	513	514	+	0.0154	percent_modified/100	Psi	4356	4356	T	TCTTG	ok
Curlcake3	514	515	+	0.0043	percent_modified/100	Psi	6446	6446	T	CTTGT	ok
Curlcake3	516	517	+	0.0265	percent_modified/100	Psi	6452	6452	T	TGTGT	ok
Curlcake3	518	519	+	0.0129	percent_modified/100	Psi	7030	7030	T	TGTGG	ok
Curlcake3	536	537	+	0.0097	percent_modified/100	Psi	6277	6277	T	CCTCT	ok
Curlcake3	538	539	+	0.0108	percent_modified/100	Psi	6399	6399	T	TCTAC	ok
Curlcake3	544	545	+	0.1258	percent_modified/100	Psi	3243	3243	T	CCTTA	ok
Curlcake3	545	546	+	0.064	percent_modified/100	Psi	3078	3078	T	CTTAC	ok
Curlcake3	553	554	+	0.0014	percent_modified/100	Psi	7658	7658	T	AGTTC	ok
Curlcake3	554	555	+	0.0041	percent_modified/100	Psi	7510	7510	T	GTTCA	ok
Curlcake3	561	562	+	0.012	percent_modified/100	Psi	6603	6603	T	CGTAC	ok
Curlcake3	565	566	+	0.1316	percent_modified/100	Psi	3754	3754	T	CATAA	ok
Curlcake3	572	573	+	0.001	percent_modified/100	Psi	7829	7829	T	GCTGG	ok
Curlcake3	581	582	+	0.0006	percent_modified/100	Psi	7858	7858	T	GGTAC	ok
Curlcake3	585	586	+	0.0012	percent_modified/100	Psi	7438	7438	T	CCTAT	ok
Curlcake3	587	588	+	0.0013	percent_modified/100	Psi	7684	7684	T	TATGT	ok
Curlcake3	589	590	+	0.0046	percent_modified/100	Psi	7216	7216	T	TGTTT	ok
Curlcake3	590	591	+	0.0037	percent_modified/100	Psi	7253	7253	T	GTTTA	ok
Curlcake3	591	592	+	0.0026	percent_modified/100	Psi	7333	7333	T	TTTAA	ok
Curlcake3	595	596	+	0.0004	percent_modified/100	Psi	7814	7814	T	AGTAG	ok
Curlcake3	598	599	+	0.0003	percent_modified/100	Psi	7891	7891	T	AGTAG	ok
Curlcake3	602	603	+	0.0001	percent_modified/100	Psi	7851	7851	T	GCTAT	ok
Curlcake3	604	605	+	0.0025	percent_modified/100	Psi	7526	7526	T	TATCC	ok
Curlcake3	612	613	+	0.0026	percent_modified/100	Psi	6184	6184	T	ACTTT	ok
Curlcake3	613	614	+	0.0052	percent_modified/100	Psi	4963	4963	T	CTTTC	ok
Curlcake3	614	615	+	0.0003	percent_modified/100	Psi	7503	7503	T	TTTCG	ok
Curlcake3	619	620	+	0.0081	percent_modified/100	Psi	6785	6785	T	CCTGT	ok
Curlcake3	621	622	+	0.0029	percent_modified/100	Psi	7620	7620	T	TGTGC	ok
Curlcake3	631	632	+	0.0603	percent_modified/100	Psi	4925	4925	T	CATTG	ok
Curlcake3	632	633	+	0.0127	percent_modified/100	Psi	7337	7337	T	ATTGA	ok
Curlcake3	638	639	+	0.0077	percent_modified/100	Psi	6520	6520	T	ACTTG	ok
Curlcake3	639	640	+	0.0129	percent_modified/100	Psi	6574	6574	T	CTTGT	ok
Curlcake3	641	642	+	0.0014	percent_modified/100	Psi	7161	7161	T	TGTCG	ok
Curlcake3	647	648	+	0.0115	percent_modified/100	Psi	4618	4618	T	ACTTC	ok
Curlcake3	648	649	+	0.0015	percent_modified/100	Psi	6861	6861	T	CTTCA	ok
Curlcake3	653	654	+	0.0013	percent_modified/100	Psi	7468	7468	T	GATAA	ok
Curlcake3	661	662	+	0.0089	percent_modified/100	Psi	6733	6733	T	CGTGG	ok
Curlcake3	667	668	+	0.0009	percent_modified/100	Psi	7784	7784	T	AGTGC	ok
Curlcake3	677	678	+	0.0005	percent_modified/100	Psi	7463	7463	T	ACTGG	ok
Curlcake3	684	685	+	0.0028	percent_modified/100	Psi	7598	7598	T	ACTGC	ok
Curlcake3	693	694	+	0.0048	percent_modified/100	Psi	7067	7067	T	ACTCA	ok
Curlcake3	699	700	+	0.0131	percent_modified/100	Psi	6017	6017	T	CATTG	ok
Curlcake3	700	701	+	0.0018	percent_modified/100	Psi	7585	7585	T	ATTGT	ok
Curlcake3	702	703	+	0.0015	percent_modified/100	Psi	7277	7277	T	TGTTG	ok
Curlcake3	703	704	+	0.0036	percent_modified/100	Psi	7568	7568	T	GTTGT	ok
Curlcake3	705	706	+	0.0152	percent_modified/100	Psi	6857	6857	T	TGTAC	ok
Curlcake3	708	709	+	0.0004	percent_modified/100	Psi	7788	7788	T	ACTGC	ok
Curlcake3	714	715	+	0.0068	percent_modified/100	Psi	6892	6892	T	CGTAC	ok
Curlcake3	720	721	+	0.0014	percent_modified/100	Psi	7667	7667	T	AATGA	ok
Curlcake3	727	728	+	0.0043	percent_modified/100	Psi	7275	7275	T	CGTGA	ok
Curlcake3	733	734	+	0.0018	percent_modified/100	Psi	7735	7735	T	AGTAC	ok
Curlcake3	738	739	+	0.0005	percent_modified/100	Psi	7813	7813	T	AGTCC	ok
Curlcake3	741	742	+	0.0021	percent_modified/100	Psi	7578	7578	T	CCTGG	ok
Curlcake3	745	746	+	0.0008	percent_modified/100	Psi	7735	7735	T	GGTCA	ok
Curlcake3	757	758	+	0.0015	percent_modified/100	Psi	6641	6641	T	GCTTG	ok
Curlcake3	758	759	+	0.0535	percent_modified/100	Psi	5551	5551	T	CTTGT	ok
Curlcake3	760	761	+	0.0164	percent_modified/100	Psi	6752	6752	T	TGTAA	ok
Curlcake3	779	780	+	0.0033	percent_modified/100	Psi	7381	7381	T	GATCG	ok
Curlcake3	784	785	+	0.0025	percent_modified/100	Psi	7517	7517	T	AGTTC	ok
Curlcake3	785	786	+	0.0026	percent_modified/100	Psi	7318	7318	T	GTTCT	ok
Curlcake3	787	788	+	0.0052	percent_modified/100	Psi	6169	6169	T	TCTTG	ok
Curlcake3	788	789	+	0.0004	percent_modified/100	Psi	7713	7713	T	CTTGA	ok
Curlcake3	791	792	+	0.0008	percent_modified/100	Psi	7778	7778	T	GATAA	ok
Curlcake3	794	795	+	0.0003	percent_modified/100	Psi	7656	7656	T	AATAC	ok
Curlcake3	797	798	+	0.0009	percent_modified/100	Psi	7678	7678	T	ACTGT	ok
Curlcake3	799	800	+	0.0022	percent_modified/100	Psi	7720	7720	T	TGTGT	ok
Curlcake3	801	802	+	0.0018	percent_modified/100	Psi	7367	7367	T	TGTTC	ok
Curlcake3	802	803	+	0.002	percent_modified/100	Psi	7394	7394	T	GTTCT	ok
Curlcake3	804	805	+	0.001	percent_modified/100	Psi	7333	7333	T	TCTAG	ok
Curlcake3	810	811	+	0.0001	percent_modified/100	Psi	7856	7856	T	GGTGT	ok
Curlcake3	814	815	+	0.0007	percent_modified/100	Psi	7361	7361	T	TATCT	ok
Curlcake3	816	817	+	0.0035	percent_modified/100	Psi	5754	5754	T	TCTTC	ok
Curlcake3	817	818	+	0.0014	percent_modified/100	Psi	7159	7159	T	CTTCA	ok
Curlcake3	831	832	+	0.0395	percent_modified/100	Psi	5945	5945	T	CATCC	ok
Curlcake3	836	837	+	0.004	percent_modified/100	Psi	7218	7218	T	AATAG	ok
Curlcake3	846	847	+	0.0017	percent_modified/100	Psi	7588	7588	T	GCTTG	ok
Curlcake3	847	848	+	0.0036	percent_modified/100	Psi	7179	7179	T	CTTGC	ok
Curlcake3	850	851	+	0.0022	percent_modified/100	Psi	7221	7221	T	GCTTA	ok
Curlcake3	851	852	+	0.0153	percent_modified/100	Psi	6152	6152	T	CTTAT	ok
Curlcake3	853	854	+	0.0025	percent_modified/100	Psi	7532	7532	T	TATGA	ok
Curlcake3	857	858	+	0.0081	percent_modified/100	Psi	6633	6633	T	ACTCA	ok
Curlcake3	861	862	+	0.0005	percent_modified/100	Psi	7809	7809	T	AGTAC	ok
Curlcake3	864	865	+	0.0049	percent_modified/100	Psi	7488	7488	T	ACTCC	ok
Curlcake3	873	874	+	0.0055	percent_modified/100	Psi	7114	7114	T	GATCT	ok
Curlcake3	875	876	+	0.0009	percent_modified/100	Psi	7566	7566	T	TCTGG	ok
Curlcake3	882	883	+	0.0068	percent_modified/100	Psi	6955	6955	T	CCTAC	ok
Curlcake3	886	887	+	0.0009	percent_modified/100	Psi	7449	7449	T	CATGG	ok
Curlcake3	890	891	+	0.0033	percent_modified/100	Psi	7624	7624	T	GATGT	ok
Curlcake3	892	893	+	0.0008	percent_modified/100	Psi	7740	7740	T	TGTGA	ok
Curlcake3	896	897	+	0.0046	percent_modified/100	Psi	6546	6546	T	ACTTC	ok
Curlcake3	897	898	+	0.0007	percent_modified/100	Psi	7202	7202	T	CTTCC	ok
Curlcake3	900	901	+	0.0019	percent_modified/100	Psi	7351	7351	T	CCTAG	ok
Curlcake3	907	908	+	0.0012	percent_modified/100	Psi	7440	7440	T	CGTGT	ok
Curlcake3	909	910	+	0.0016	percent_modified/100	Psi	7369	7369	T	TGTCC	ok
Curlcake3	921	922	+	0.0031	percent_modified/100	Psi	7489	7489	T	GGTTA	ok
Curlcake3	922	923	+	0.0016	percent_modified/100	Psi	7501	7501	T	GTTAG	ok
Curlcake3	929	930	+	0.0032	percent_modified/100	Psi	6296	6296	T	CATTA	ok
Curlcake3	930	931	+	0.003	percent_modified/100	Psi	6574	6574	T	ATTAG	ok
Curlcake3	940	941	+	0.0028	percent_modified/100	Psi	7505	7505	T	ACTCG	ok
Curlcake3	943	944	+	0.0144	percent_modified/100	Psi	6744	6744	T	CGTGC	ok
Curlcake3	952	953	+	0.0033	percent_modified/100	Psi	7073	7073	T	GATTT	ok
Curlcake3	953	954	+	0.0129	percent_modified/100	Psi	4339	4339	T	ATTTG	ok
Curlcake3	954	955	+	0.2449	percent_modified/100	Psi	2797	2797	T	TTTGC	ok
Curlcake3	959	960	+	0.0009	percent_modified/100	Psi	7781	7781	T	AGTCA	ok
Curlcake3	964	965	+	0.0225	percent_modified/100	Psi	6575	6575	T	CATCT	ok
Curlcake3	966	967	+	0.0017	percent_modified/100	Psi	7523	7523	T	TCTGC	ok
Curlcake3	969	970	+	0.0019	percent_modified/100	Psi	7007	7007	T	GCTTG	ok
Curlcake3	970	971	+	0.0014	percent_modified/100	Psi	7650	7650	T	CTTGG	ok
Curlcake3	973	974	+	0.0009	percent_modified/100	Psi	7694	7694	T	GGTTA	ok
Curlcake3	974	975	+	0.0009	percent_modified/100	Psi	7805	7805	T	GTTAT	ok
Curlcake3	976	977	+	0.002	percent_modified/100	Psi	7426	7426	T	TATTC	ok
Curlcake3	977	978	+	0.0005	percent_modified/100	Psi	7813	7813	T	ATTCG	ok
Curlcake3	986	987	+	0.0009	percent_modified/100	Psi	7621	7621	T	AGTTT	ok
Curlcake3	987	988	+	0.0055	percent_modified/100	Psi	6406	6406	T	GTTTA	ok
Curlcake3	988	989	+	0.0135	percent_modified/100	Psi	5722	5722	T	TTTAC	ok
Curlcake3	991	992	+	0.0066	percent_modified/100	Psi	7106	7106	T	ACTCA	ok
Curlcake3	997	998	+	0.0009	percent_modified/100	Psi	7471	7471	T	GGTTC	ok
Curlcake3	998	999	+	0.0137	percent_modified/100	Psi	6789	6789	T	GTTCT	ok
Curlcake3	1000	1001	+	0.0073	percent_modified/100	Psi	6951	6951	T	TCTGC	ok
Curlcake3	1006	1007	+	0.0035	percent_modified/100	Psi	7510	7510	T	GATAG	ok
Curlcake3	1009	1010	+	0.0004	percent_modified/100	Psi	7825	7825	T	AGTCG	ok
Curlcake3	1013	1014	+	0.0036	percent_modified/100	Psi	7215	7215	T	GGTTG	ok
Curlcake3	1014	1015	+	0.0086	percent_modified/100	Psi	7224	7224	T	GTTGC	ok
Curlcake3	1019	1020	+	0.0031	percent_modified/100	Psi	7509	7509	T	CATCT	ok
Curlcake3	1021	1022	+	0.0005	percent_modified/100	Psi	7700	7700	T	TCTAT	ok
Curlcake3	1023	1024	+	0.0001	percent_modified/100	Psi	7493	7493	T	TATCG	ok
Curlcake3	1026	1027	+	0.0015	percent_modified/100	Psi	7169	7169	T	CGTCA	ok
Curlcake3	1029	1030	+	0.001	percent_modified/100	Psi	6768	6768	T	CATCT	ok
Curlcake3	1031	1032	+	0.0044	percent_modified/100	Psi	6990	6990	T	TCTCC	ok
Curlcake3	1042	1043	+	0.0014	percent_modified/100	Psi	7026	7026	T	GATTG	ok
Curlcake3	1043	1044	+	0.0017	percent_modified/100	Psi	7065	7065	T	ATTGC	ok
Curlcake3	1050	1051	+	0.0022	percent_modified/100	Psi	6688	6688	T	CATTC	ok
Curlcake3	1051	1052	+	0.0012	percent_modified/100	Psi	7412	7412	T	ATTCG	ok
Curlcake3	1054	1055	+	0.0052	percent_modified/100	Psi	6131	6131	T	CGTCC	ok
Curlcake3	1059	1060	+	0.0212	percent_modified/100	Psi	5106	5106	T	CATTT	ok
Curlcake3	1060	1061	+	0.0469	percent_modified/100	Psi	5032	5032	T	ATTTG	ok
Curlcake3	1061	1062	+	0.0028	percent_modified/100	Psi	7411	7411	T	TTTGG	ok
Curlcake3	1067	1068	+	0.0082	percent_modified/100	Psi	7101	7101	T	CGTTG	ok
Curlcake3	1068	1069	+	0.006	percent_modified/100	Psi	7345	7345	T	GTTGA	ok
Curlcake3	1071	1072	+	0.0028	percent_modified/100	Psi	7525	7525	T	GATGG	ok
Curlcake3	1081	1082	+	0.0041	percent_modified/100	Psi	6999	6999	T	CATCG	ok
Curlcake3	1086	1087	+	0.0011	percent_modified/100	Psi	7289	7289	T	CATGG	ok
Curlcake3	1090	1091	+	0.0009	percent_modified/100	Psi	7653	7653	T	GCTGC	ok
Curlcake3	1096	1097	+	0.0103	percent_modified/100	Psi	6587	6587	T	GCTTA	ok
Curlcake3	1097	1098	+	0.0063	percent_modified/100	Psi	6659	6659	T	CTTAA	ok
Curlcake3	1113	1114	+	0.0036	percent_modified/100	Psi	7553	7553	T	GATGA	ok
Curlcake3	1116	1117	+	0.0013	percent_modified/100	Psi	7733	7733	T	GATGC	ok
Curlcake3	1121	1122	+	0.008	percent_modified/100	Psi	7150	7150	T	CGTAG	ok
Curlcake3	1126	1127	+	0.0004	percent_modified/100	Psi	7815	7815	T	GCTGT	ok
Curlcake3	1128	1129	+	0.0006	percent_modified/100	Psi	7760	7760	T	TGTAG	ok
Curlcake3	1133	1134	+	0.0004	percent_modified/100	Psi	7831	7831	T	AATGC	ok
Curlcake3	1148	1149	+	0.0012	percent_modified/100	Psi	7699	7699	T	GATCG	ok
Curlcake3	1151	1152	+	0.0012	percent_modified/100	Psi	7672	7672	T	CGTGA	ok
Curlcake3	1154	1155	+	0.0001	percent_modified/100	Psi	7688	7688	T	GATCG	ok
Curlcake3	1158	1159	+	0.0035	percent_modified/100	Psi	7350	7350	T	GCTAC	ok
Curlcake3	1164	1165	+	0.0077	percent_modified/100	Psi	6797	6797	T	GATCC	ok
Curlcake3	1169	1170	+	0.0004	percent_modified/100	Psi	7607	7607	T	AGTCT	ok
Curlcake3	1171	1172	+	0.0155	percent_modified/100	Psi	6317	6317	T	TCTTC	ok
Curlcake3	1172	1173	+	0.0047	percent_modified/100	Psi	6591	6591	T	CTTCC	ok
Curlcake3	1176	1177	+	0.0396	percent_modified/100	Psi	5156	5156	T	CATAG	ok
Curlcake3	1179	1180	+	0.0008	percent_modified/100	Psi	7814	7814	T	AGTTG	ok
Curlcake3	1180	1181	+	0.0006	percent_modified/100	Psi	7760	7760	T	GTTGG	ok
Curlcake3	1184	1185	+	0.0013	percent_modified/100	Psi	7430	7430	T	GATTC	ok
Curlcake3	1185	1186	+	0.0008	percent_modified/100	Psi	7416	7416	T	ATTCT	ok
Curlcake3	1190	1191	+	0.0008	percent_modified/100	Psi	7777	7777	T	GCTAG	ok
Curlcake3	1193	1194	+	0.0006	percent_modified/100	Psi	7888	7888	T	AGTAG	ok
Curlcake3	1196	1197	+	0.0006	percent_modified/100	Psi	7853	7853	T	AGTAG	ok
Curlcake3	1201	1202	+	0.0006	percent_modified/100	Psi	7780	7780	T	CGTAG	ok
Curlcake3	1208	1209	+	0.0023	percent_modified/100	Psi	7519	7519	T	GATAA	ok
Curlcake3	1211	1212	+	0.0075	percent_modified/100	Psi	7455	7455	T	AATAT	ok
Curlcake3	1213	1214	+	0.009	percent_modified/100	Psi	7258	7258	T	TATGC	ok
Curlcake3	1222	1223	+	0.0032	percent_modified/100	Psi	7485	7485	T	CGTGC	ok
Curlcake3	1229	1230	+	0.001	percent_modified/100	Psi	7741	7741	T	CGTGG	ok
Curlcake3	1235	1236	+	0.002	percent_modified/100	Psi	7645	7645	T	CGTGA	ok
Curlcake3	1241	1242	+	0.0012	percent_modified/100	Psi	7532	7532	T	AATCA	ok
Curlcake3	1244	1245	+	0.1204	percent_modified/100	Psi	4992	4992	T	CATCG	ok
Curlcake3	1251	1252	+	0.0007	percent_modified/100	Psi	7686	7686	T	GATGT	ok
Curlcake3	1253	1254	+	0.0039	percent_modified/100	Psi	7643	7643	T	TGTGT	ok
Curlcake3	1255	1256	+	0.0013	percent_modified/100	Psi	7629	7629	T	TGTGG	ok
Curlcake3	1259	1260	+	0.0021	percent_modified/100	Psi	7680	7680	T	GATCT	ok
Curlcake3	1261	1262	+	0.0004	percent_modified/100	Psi	7751	7751	T	TCTAG	ok
Curlcake3	1264	1265	+	0.001	percent_modified/100	Psi	7769	7769	T	AGTTG	ok
Curlcake3	1265	1266	+	0.0017	percent_modified/100	Psi	7607	7607	T	GTTGG	ok
Curlcake3	1272	1273	+	0.0097	percent_modified/100	Psi	6287	6287	T	CGTTG	ok
Curlcake3	1273	1274	+	0.0003	percent_modified/100	Psi	7735	7735	T	GTTGA	ok
Curlcake3	1277	1278	+	0.0028	percent_modified/100	Psi	7502	7502	T	ACTCC	ok
Curlcake3	1283	1284	+	0.0088	percent_modified/100	Psi	6792	6792	T	GCTTA	ok
Curlcake3	1284	1285	+	0.0383	percent_modified/100	Psi	4411	4411	T	CTTAT	ok
Curlcake3	1286	1287	+	0.024	percent_modified/100	Psi	6800	6800	T	TATGA	ok
Curlcake3	1295	1296	+	0.0004	percent_modified/100	Psi	7787	7787	T	AATAT	ok
Curlcake3	1297	1298	+	0.0006	percent_modified/100	Psi	7722	7722	T	TATTA	ok
Curlcake3	1298	1299	+	0.0009	percent_modified/100	Psi	7776	7776	T	ATTAG	ok
Curlcake3	1301	1302	+	0.0003	percent_modified/100	Psi	7861	7861	T	AGTAG	ok
Curlcake3	1307	1308	+	0.0005	percent_modified/100	Psi	7742	7742	T	AATAA	ok
Curlcake3	1338	1339	+	0.0017	percent_modified/100	Psi	7667	7667	T	CCTGC	ok
Curlcake3	1343	1344	+	0.0015	percent_modified/100	Psi	7756	7756	T	CGTGG	ok
Curlcake3	1346	1347	+	0.0003	percent_modified/100	Psi	7777	7777	T	GGTCG	ok
Curlcake3	1349	1350	+	0.0007	percent_modified/100	Psi	7606	7606	T	CGTAT	ok
Curlcake3	1351	1352	+	0.0007	percent_modified/100	Psi	7335	7335	T	TATCG	ok
Curlcake3	1356	1357	+	0.0017	percent_modified/100	Psi	7766	7766	T	AGTCC	ok
Curlcake3	1365	1366	+	0.0003	percent_modified/100	Psi	7789	7789	T	GGTAC	ok
Curlcake3	1372	1373	+	0.0029	percent_modified/100	Psi	7693	7693	T	ACTGA	ok
Curlcake3	1376	1377	+	0.0003	percent_modified/100	Psi	7857	7857	T	AGTGC	ok
Curlcake3	1381	1382	+	0.0047	percent_modified/100	Psi	7523	7523	T	GGTTA	ok
Curlcake3	1382	1383	+	0.0044	percent_modified/100	Psi	7534	7534	T	GTTAA	ok
Curlcake3	1389	1390	+	0.0001	percent_modified/100	Psi	7825	7825	T	ACTGT	ok
Curlcake3	1391	1392	+	0.0007	percent_modified/100	Psi	7677	7677	T	TGTCG	ok
Curlcake3	1394	1395	+	0.0188	percent_modified/100	Psi	6008	6008	T	CGTCT	ok
Curlcake3	1396	1397	+	0.0085	percent_modified/100	Psi	6152	6152	T	TCTTA	ok
Curlcake3	1397	1398	+	0.0014	percent_modified/100	Psi	7391	7391	T	CTTAA	ok
Curlcake3	1405	1406	+	0.0214	percent_modified/100	Psi	6133	6133	T	CGTAT	ok
Curlcake3	1407	1408	+	0.0027	percent_modified/100	Psi	7088	7088	T	TATCT	ok
Curlcake3	1409	1410	+	0.0039	percent_modified/100	Psi	6460	6460	T	TCTCC	ok
Curlcake3	1412	1413	+	0.0138	percent_modified/100	Psi	6018	6018	T	CCTCC	ok
Curlcake3	1415	1416	+	0.0026	percent_modified/100	Psi	5476	5476	T	CCTAG	ok
Curlcake3	1419	1420	+	0.0044	percent_modified/100	Psi	7343	7343	T	GATCC	ok
Curlcake3	1422	1423	+	0.0004	percent_modified/100	Psi	7426	7426	T	CCTAT	ok
Curlcake3	1424	1425	+	0.001	percent_modified/100	Psi	6792	6792	T	TATTT	ok
Curlcake3	1425	1426	+	0.0035	percent_modified/100	Psi	6915	6915	T	ATTTT	ok
Curlcake3	1426	1427	+	0.0025	percent_modified/100	Psi	6388	6388	T	TTTTG	ok
Curlcake3	1427	1428	+	0.0121	percent_modified/100	Psi	6588	6588	T	TTTGT	ok
Curlcake3	1429	1430	+	0.0029	percent_modified/100	Psi	7479	7479	T	TGTAA	ok
Curlcake3	1433	1434	+	0.0007	percent_modified/100	Psi	7591	7591	T	AATTA	ok
Curlcake3	1434	1435	+	0.0003	percent_modified/100	Psi	7811	7811	T	ATTAG	ok
Curlcake3	1437	1438	+	0.0005	percent_modified/100	Psi	7863	7863	T	AGTGA	ok
Curlcake3	1440	1441	+	0.0059	percent_modified/100	Psi	7283	7283	T	GATTG	ok
Curlcake3	1441	1442	+	0.0008	percent_modified/100	Psi	7713	7713	T	ATTGC	ok
Curlcake3	1446	1447	+	0.0126	percent_modified/100	Psi	6768	6768	T	GCTAC	ok
Curlcake3	1455	1456	+	0.0226	percent_modified/100	Psi	5432	5432	T	CCTTA	ok
Curlcake3	1456	1457	+	0.024	percent_modified/100	Psi	5584	5584	T	CTTAC	ok
Curlcake3	1463	1464	+	0.0042	percent_modified/100	Psi	7182	7182	T	CCTGA	ok
Curlcake3	1472	1473	+	0.0005	percent_modified/100	Psi	7768	7768	T	GGTGT	ok
Curlcake3	1474	1475	+	0.0033	percent_modified/100	Psi	7478	7478	T	TGTTA	ok
Curlcake3	1475	1476	+	0.0025	percent_modified/100	Psi	7552	7552	T	GTTAG	ok
Curlcake3	1481	1482	+	0.0019	percent_modified/100	Psi	7771	7771	T	GATAT	ok
Curlcake3	1483	1484	+	0.0085	percent_modified/100	Psi	6696	6696	T	TATGA	ok
Curlcake3	1488	1489	+	0.0004	percent_modified/100	Psi	7716	7716	T	GATAA	ok
Curlcake3	1491	1492	+	0.0007	percent_modified/100	Psi	7686	7686	T	AATCG	ok
Curlcake3	1497	1498	+	0.0014	percent_modified/100	Psi	7668	7668	T	ACTGA	ok
Curlcake3	1500	1501	+	0.0036	percent_modified/100	Psi	7320	7320	T	GATCT	ok
Curlcake3	1502	1503	+	0.001	percent_modified/100	Psi	7243	7243	T	TCTCG	ok
Curlcake3	1509	1510	+	0.0159	percent_modified/100	Psi	6777	6777	T	CGTCC	ok
Curlcake3	1515	1516	+	0.0031	percent_modified/100	Psi	4818	4818	T	GCTAG	ok
Curlcake3	1523	1524	+	0.0074	percent_modified/100	Psi	6448	6448	T	GGTTT	ok
Curlcake3	1524	1525	+	0.0043	percent_modified/100	Psi	6739	6739	T	GTTTC	ok
Curlcake3	1525	1526	+	0.0015	percent_modified/100	Psi	7439	7439	T	TTTCG	ok
Curlcake3	1528	1529	+	0.0284	percent_modified/100	Psi	6276	6276	T	CGTAC	ok
Curlcake3	1535	1536	+	0.0003	percent_modified/100	Psi	7797	7797	T	GGTTT	ok
Curlcake3	1536	1537	+	0.0049	percent_modified/100	Psi	6972	6972	T	GTTTG	ok
Curlcake3	1537	1538	+	0.0038	percent_modified/100	Psi	7075	7075	T	TTTGT	ok
Curlcake3	1539	1540	+	0.0034	percent_modified/100	Psi	7018	7018	T	TGTTG	ok
Curlcake3	1540	1541	+	0.001	percent_modified/100	Psi	7662	7662	T	GTTGA	ok
Curlcake3	1544	1545	+	0.0018	percent_modified/100	Psi	7141	7141	T	ACTTA	ok
Curlcake3	1545	1546	+	0.039	percent_modified/100	Psi	5968	5968	T	CTTAT	ok
Curlcake3	1547	1548	+	0.001	percent_modified/100	Psi	7775	7775	T	TATGT	ok
Curlcake3	1549	1550	+	0.0004	percent_modified/100	Psi	7706	7706	T	TGTCC	ok
Curlcake3	1553	1554	+	0.0351	percent_modified/100	Psi	3955	3955	T	CATTG	ok
Curlcake3	1554	1555	+	0.0017	percent_modified/100	Psi	7439	7439	T	ATTGT	ok
Curlcake3	1556	1557	+	0.0005	percent_modified/100	Psi	7476	7476	T	TGTAC	ok
Curlcake3	1559	1560	+	0.0104	percent_modified/100	Psi	5497	5497	T	ACTTC	ok
Curlcake3	1560	1561	+	0.001	percent_modified/100	Psi	7342	7342	T	CTTCA	ok
Curlcake3	1567	1568	+	0.0004	percent_modified/100	Psi	7719	7719	T	GGTAT	ok
Curlcake3	1569	1570	+	0.003	percent_modified/100	Psi	6910	6910	T	TATCC	ok
Curlcake3	1575	1576	+	0.0056	percent_modified/100	Psi	6949	6949	T	ACTAC	ok
Curlcake3	1582	1583	+	0.0357	percent_modified/100	Psi	6294	6294	T	CGTAG	ok
Curlcake3	1590	1591	+	0.0266	percent_modified/100	Psi	6502	6502	T	CATCT	ok
Curlcake3	1592	1593	+	0.0018	percent_modified/100	Psi	7713	7713	T	TCTGT	ok
Curlcake3	1594	1595	+	0.058	percent_modified/100	Psi	4935	4935	T	TGTTT	ok
Curlcake3	1595	1596	+	0.0149	percent_modified/100	Psi	6729	6729	T	GTTTG	ok
Curlcake3	1596	1597	+	0.0017	percent_modified/100	Psi	7547	7547	T	TTTGG	ok
Curlcake3	1599	1600	+	0.0008	percent_modified/100	Psi	7647	7647	T	GGTAT	ok
Curlcake3	1601	1602	+	0.0021	percent_modified/100	Psi	7451	7451	T	TATGG	ok
Curlcake3	1606	1607	+	0.0035	percent_modified/100	Psi	6604	6604	T	CATCA	ok
Curlcake3	1610	1611	+	0.0074	percent_modified/100	Psi	6634	6634	T	ACTTG	ok
Curlcake3	1611	1612	+	0.0192	percent_modified/100	Psi	6576	6576	T	CTTGA	ok
Curlcake3	1614	1615	+	0.0032	percent_modified/100	Psi	7215	7215	T	GATCC	ok
Curlcake3	1620	1621	+	0.0004	percent_modified/100	Psi	7763	7763	T	GCTGG	ok
Curlcake3	1623	1624	+	0.0056	percent_modified/100	Psi	7276	7276	T	GGTTC	ok
Curlcake3	1624	1625	+	0.0048	percent_modified/100	Psi	7247	7247	T	GTTCT	ok
Curlcake3	1626	1627	+	0.0008	percent_modified/100	Psi	7650	7650	T	TCTGG	ok
Curlcake3	1630	1631	+	0.0016	percent_modified/100	Psi	7677	7677	T	GGTAT	ok
Curlcake3	1632	1633	+	0.0012	percent_modified/100	Psi	7715	7715	T	TATGC	ok
Curlcake3	1635	1636	+	0.0016	percent_modified/100	Psi	6990	6990	T	GCTCG	ok
Curlcake3	1640	1641	+	0.0119	percent_modified/100	Psi	6291	6291	T	ACTCC	ok
Curlcake3	1647	1648	+	0.0042	percent_modified/100	Psi	7447	7447	T	AATGT	ok
Curlcake3	1649	1650	+	0.0029	percent_modified/100	Psi	7124	7124	T	TGTTG	ok
Curlcake3	1650	1651	+	0.0055	percent_modified/100	Psi	7330	7330	T	GTTGA	ok
Curlcake3	1654	1655	+	0.0018	percent_modified/100	Psi	7664	7664	T	ACTGG	ok
Curlcake3	1660	1661	+	0.0039	percent_modified/100	Psi	7530	7530	T	AATGA	ok
Curlcake3	1664	1665	+	0.0014	percent_modified/100	Psi	7627	7627	T	AATGG	ok
Curlcake3	1667	1668	+	0.0012	percent_modified/100	Psi	7536	7536	T	GGTTT	ok
Curlcake3	1668	1669	+	0.0184	percent_modified/100	Psi	6289	6289	T	GTTTA	ok
Curlcake3	1669	1670	+	0.005	percent_modified/100	Psi	7252	7252	T	TTTAG	ok
Curlcake3	1672	1673	+	0.0008	percent_modified/100	Psi	7835	7835	T	AGTAG	ok
Curlcake3	1676	1677	+	0.0009	percent_modified/100	Psi	7789	7789	T	GGTTT	ok
Curlcake3	1677	1678	+	0.0017	percent_modified/100	Psi	7573	7573	T	GTTTG	ok
Curlcake3	1678	1679	+	0.0011	percent_modified/100	Psi	7491	7491	T	TTTGT	ok
Curlcake3	1680	1681	+	0.0014	percent_modified/100	Psi	7602	7602	T	TGTCT	ok
Curlcake3	1682	1683	+	0.0017	percent_modified/100	Psi	7537	7537	T	TCTGC	ok
Curlcake3	1694	1695	+	0.0036	percent_modified/100	Psi	7594	7594	T	GATGG	ok
Curlcake3	1698	1699	+	0.0085	percent_modified/100	Psi	6613	6613	T	GCTTG	ok
Curlcake3	1699	1700	+	0.2529	percent_modified/100	Psi	3733	3733	T	CTTGC	ok
Curlcake3	1708	1709	+	0.0022	percent_modified/100	Psi	7678	7678	T	ACTGC	ok
Curlcake3	1725	1726	+	0.0033	percent_modified/100	Psi	7646	7646	T	AATGT	ok
Curlcake3	1727	1728	+	0.003	percent_modified/100	Psi	7565	7565	T	TGTAC	ok
Curlcake3	1732	1733	+	0.0114	percent_modified/100	Psi	6816	6816	T	CGTAG	ok
Curlcake3	1741	1742	+	0.0001	percent_modified/100	Psi	7838	7838	T	ACTGA	ok
Curlcake3	1757	1758	+	0.0004	percent_modified/100	Psi	7477	7477	T	GATTT	ok
Curlcake3	1758	1759	+	0.0103	percent_modified/100	Psi	5899	5899	T	ATTTT	ok
Curlcake3	1759	1760	+	0.0067	percent_modified/100	Psi	4169	4169	T	TTTTG	ok
Curlcake3	1760	1761	+	0.0093	percent_modified/100	Psi	6252	6252	T	TTTGC	ok
Curlcake3	1763	1764	+	0.0023	percent_modified/100	Psi	7067	7067	T	GCTCA	ok
Curlcake3	1767	1768	+	0.0031	percent_modified/100	Psi	7449	7449	T	ACTCG	ok
Curlcake3	1770	1771	+	0.0017	percent_modified/100	Psi	7482	7482	T	CGTGG	ok
Curlcake3	1774	1775	+	0.0171	percent_modified/100	Psi	6210	6210	T	GCTTT	ok
Curlcake3	1775	1776	+	0.0639	percent_modified/100	Psi	2160	2160	T	CTTTG	ok
Curlcake3	1776	1777	+	0.0101	percent_modified/100	Psi	6924	6924	T	TTTGA	ok
Curlcake3	1780	1781	+	0.0016	percent_modified/100	Psi	6910	6910	T	AATTC	ok
Curlcake3	1781	1782	+	0.0003	percent_modified/100	Psi	7609	7609	T	ATTCG	ok
Curlcake3	1795	1796	+	0.0004	percent_modified/100	Psi	7792	7792	T	GGTAA	ok
Curlcake3	1822	1823	+	0.0033	percent_modified/100	Psi	7491	7491	T	CCTGT	ok
Curlcake3	1824	1825	+	0.0055	percent_modified/100	Psi	6893	6893	T	TGTCG	ok
Curlcake3	1836	1837	+	0.0075	percent_modified/100	Psi	6905	6905	T	GCTGC	ok
Curlcake3	1843	1844	+	0.0073	percent_modified/100	Psi	7226	7226	T	ACTAA	ok
Curlcake3	1850	1851	+	0.0026	percent_modified/100	Psi	6243	6243	T	GCTCA	ok
Curlcake3	1854	1855	+	0.0083	percent_modified/100	Psi	5209	5209	T	ACTTT	ok
Curlcake3	1855	1856	+	0.0108	percent_modified/100	Psi	2871	2871	T	CTTTA	ok
Curlcake3	1856	1857	+	0.0037	percent_modified/100	Psi	5415	5415	T	TTTAC	ok
Curlcake3	1859	1860	+	0.0073	percent_modified/100	Psi	5098	5098	T	ACTTT	ok
Curlcake3	1860	1861	+	0.0575	percent_modified/100	Psi	2920	2920	T	CTTTC	ok
Curlcake3	1861	1862	+	0.0285	percent_modified/100	Psi	5368	5368	T	TTTCA	ok
Curlcake3	1869	1870	+	0.0016	percent_modified/100	Psi	7422	7422	T	ACTCG	ok
Curlcake3	1873	1874	+	0.0088	percent_modified/100	Psi	6902	6902	T	GATAA	ok
Curlcake3	1876	1877	+	0.01	percent_modified/100	Psi	7127	7127	T	AATGG	ok
Curlcake3	1879	1880	+	0.0004	percent_modified/100	Psi	7738	7738	T	GGTTC	ok
Curlcake3	1880	1881	+	0.0012	percent_modified/100	Psi	7523	7523	T	GTTCC	ok
Curlcake3	1884	1885	+	0.0272	percent_modified/100	Psi	5507	5507	T	CCTTA	ok
Curlcake3	1885	1886	+	0.0033	percent_modified/100	Psi	7002	7002	T	CTTAA	ok
Curlcake3	1891	1892	+	0.0008	percent_modified/100	Psi	7465	7465	T	CGTCT	ok
Curlcake3	1893	1894	+	0.0011	percent_modified/100	Psi	7069	7069	T	TCTAA	ok
Curlcake3	1897	1898	+	0.0001	percent_modified/100	Psi	7838	7838	T	AGTAG	ok
Curlcake3	1904	1905	+	0.0105	percent_modified/100	Psi	5800	5800	T	CGTAC	ok
Curlcake3	1909	1910	+	0.0037	percent_modified/100	Psi	7666	7666	T	AGTCT	ok
Curlcake3	1911	1912	+	0.0066	percent_modified/100	Psi	7230	7230	T	TCTGC	ok
Curlcake3	1918	1919	+	0.0235	percent_modified/100	Psi	5267	5267	T	CCTTG	ok
Curlcake3	1919	1920	+	0.0869	percent_modified/100	Psi	4143	4143	T	CTTGC	ok
Curlcake3	1922	1923	+	0.002	percent_modified/100	Psi	7029	7029	T	GCTCC	ok
Curlcake3	1927	1928	+	0.0106	percent_modified/100	Psi	6230	6230	T	ACTTG	ok
Curlcake3	1928	1929	+	0.0008	percent_modified/100	Psi	7573	7573	T	CTTGG	ok
Curlcake3	1931	1932	+	0.0011	percent_modified/100	Psi	7295	7295	T	GGTTT	ok
Curlcake3	1932	1933	+	0.0059	percent_modified/100	Psi	6763	6763	T	GTTTC	ok
Curlcake3	1933	1934	+	0.0018	percent_modified/100	Psi	7249	7249	T	TTTCT	ok
Curlcake3	1935	1936	+	0.0001	percent_modified/100	Psi	7620	7620	T	TCTGG	ok
Curlcake3	1939	1940	+	0.003	percent_modified/100	Psi	7706	7706	T	GATGC	ok
Curlcake3	1944	1945	+	0.0754	percent_modified/100	Psi	4667	4667	T	CCTTT	ok
Curlcake3	1945	1946	+	0.0339	percent_modified/100	Psi	4271	4271	T	CTTTA	ok
Curlcake3	1946	1947	+	0.0199	percent_modified/100	Psi	5532	5532	T	TTTAC	ok
Curlcake3	1957	1958	+	0.005	percent_modified/100	Psi	6788	6788	T	CGTCC	ok
Curlcake3	1963	1964	+	0.0032	percent_modified/100	Psi	7770	7770	T	GATGC	ok
Curlcake3	1969	1970	+	0.0024	percent_modified/100	Psi	7518	7518	T	ACTCG	ok
Curlcake3	1973	1974	+	0.0018	percent_modified/100	Psi	7756	7756	T	GGTGA	ok
Curlcake3	1983	1984	+	0.002	percent_modified/100	Psi	7689	7689	T	AGTTT	ok
Curlcake3	1984	1985	+	0.0217	percent_modified/100	Psi	6304	6304	T	GTTTG	ok
Curlcake3	1985	1986	+	0.0106	percent_modified/100	Psi	7190	7190	T	TTTGG	ok
Curlcake3	1992	1993	+	0.0021	percent_modified/100	Psi	7680	7680	T	AATGA	ok
Curlcake3	1997	1998	+	0.0151	percent_modified/100	Psi	6272	6272	T	CATAC	ok
Curlcake3	2001	2002	+	0.0076	percent_modified/100	Psi	6538	6538	T	CGTTG	ok
Curlcake3	2002	2003	+	0.0131	percent_modified/100	Psi	6664	6664	T	GTTGC	ok
Curlcake3	2006	2007	+	0.0086	percent_modified/100	Psi	6891	6891	T	CGTTT	ok
Curlcake3	2007	2008	+	0.0017	percent_modified/100	Psi	7202	7202	T	GTTTG	ok
Curlcake3	2008	2009	+	0.0017	percent_modified/100	Psi	7482	7482	T	TTTGA	ok
Curlcake3	2011	2012	+	0.002	percent_modified/100	Psi	7449	7449	T	GATTA	ok
Curlcake3	2012	2013	+	0.0012	percent_modified/100	Psi	7615	7615	T	ATTAA	ok
Curlcake3	2019	2020	+	0.0055	percent_modified/100	Psi	7142	7142	T	CATCG	ok
Curlcake3	2023	2024	+	0.0011	percent_modified/100	Psi	7569	7569	T	GCTCG	ok
Curlcake3	2027	2028	+	0.002	percent_modified/100	Psi	7171	7171	T	GCTTG	ok
Curlcake3	2028	2029	+	0.013	percent_modified/100	Psi	6913	6913	T	CTTGT	ok
Curlcake3	2030	2031	+	0.0087	percent_modified/100	Psi	6916	6916	T	TGTCT	ok
Curlcake3	2032	2033	+	0.0691	percent_modified/100	Psi	5698	5698	T	TCTCA	ok
Curlcake3	2036	2037	+	0.0004	percent_modified/100	Psi	7786	7786	T	AGTGC	ok
Curlcake3	2039	2040	+	0.0022	percent_modified/100	Psi	7386	7386	T	GCTGA	ok
Curlcake3	2048	2049	+	0.0078	percent_modified/100	Psi	6909	6909	T	CCTAC	ok
Curlcake3	2056	2057	+	0.0054	percent_modified/100	Psi	6711	6711	T	CCTCA	ok
Curlcake3	2062	2063	+	0.002	percent_modified/100	Psi	7335	7335	T	GATCT	ok
Curlcake3	2064	2065	+	0.0036	percent_modified/100	Psi	7278	7278	T	TCTCC	ok
Curlcake3	2067	2068	+	0.001	percent_modified/100	Psi	7321	7321	T	CCTAA	ok
Curlcake3	2070	2071	+	0.0016	percent_modified/100	Psi	7588	7588	T	AATAC	ok
Curlcake3	2080	2081	+	0.0182	percent_modified/100	Psi	5887	5887	T	ACTCA	ok
Curlcake3	2092	2093	+	0.0014	percent_modified/100	Psi	7675	7675	T	GGTCC	ok
Curlcake3	2097	2098	+	0.0053	percent_modified/100	Psi	7233	7233	T	GGTTG	ok
Curlcake3	2098	2099	+	0.0042	percent_modified/100	Psi	7299	7299	T	GTTGC	ok
Curlcake3	2101	2102	+	0.002	percent_modified/100	Psi	7527	7527	T	GCTGC	ok
Curlcake3	2104	2105	+	0.0025	percent_modified/100	Psi	7216	7216	T	GCTCC	ok
Curlcake3	2109	2110	+	0.0915	percent_modified/100	Psi	1793	1793	T	CCTTT	ok
Curlcake3	2110	2111	+	0.0614	percent_modified/100	Psi	1498	1498	T	CTTTC	ok
Curlcake3	2111	2112	+	0.0035	percent_modified/100	Psi	5121	5121	T	TTTCA	ok
Curlcake3	2119	2120	+	0.0025	percent_modified/100	Psi	7341	7341	T	GGTCC	ok
Curlcake3	2124	2125	+	0.0033	percent_modified/100	Psi	6109	6109	T	CCTCG	ok
Curlcake3	2127	2128	+	0.0017	percent_modified/100	Psi	7438	7438	T	CGTGG	ok
Curlcake3	2132	2133	+	0.0022	percent_modified/100	Psi	6858	6858	T	CATAA	ok
Curlcake3	2137	2138	+	0.0005	percent_modified/100	Psi	7689	7689	T	GGTTG	ok
Curlcake3	2138	2139	+	0.0094	percent_modified/100	Psi	7219	7219	T	GTTGT	ok
Curlcake3	2140	2141	+	0.0018	percent_modified/100	Psi	7420	7420	T	TGTCG	ok
Curlcake3	2150	2151	+	0.0168	percent_modified/100	Psi	6297	6297	T	CCTTG	ok
Curlcake3	2151	2152	+	0.0026	percent_modified/100	Psi	7418	7418	T	CTTGG	ok
Curlcake3	2154	2155	+	0.0013	percent_modified/100	Psi	7455	7455	T	GGTTT	ok
Curlcake3	2155	2156	+	0.0064	percent_modified/100	Psi	6735	6735	T	GTTTA	ok
Curlcake3	2156	2157	+	0.0051	percent_modified/100	Psi	7237	7237	T	TTTAA	ok
Curlcake3	2159	2160	+	0.0019	percent_modified/100	Psi	7706	7706	T	AATAA	ok
Curlcake3	2162	2163	+	0.0001	percent_modified/100	Psi	7805	7805	T	AATGG	ok
Curlcake3	2165	2166	+	0.0003	percent_modified/100	Psi	7831	7831	T	GGTCG	ok
Curlcake3	2173	2174	+	0.0013	percent_modified/100	Psi	7445	7445	T	CGTGA	ok
Curlcake3	2178	2179	+	0.0033	percent_modified/100	Psi	6345	6345	T	GCTTC	ok
Curlcake3	2179	2180	+	0.0029	percent_modified/100	Psi	6890	6890	T	CTTCT	ok
Curlcake3	2181	2182	+	0.0006	percent_modified/100	Psi	7261	7261	T	TCTAC	ok
Curlcake3	2185	2186	+	0.0309	percent_modified/100	Psi	4341	4341	T	CCTTC	ok
Curlcake3	2186	2187	+	0.0109	percent_modified/100	Psi	5031	5031	T	CTTCC	ok
Curlcake3	2196	2197	+	0.0057	percent_modified/100	Psi	6889	6889	T	AATGG	ok
Curlcake3	2201	2202	+	0.0073	percent_modified/100	Psi	7099	7099	T	GCTAA	ok
Curlcake3	2207	2208	+	0.0001	percent_modified/100	Psi	7756	7756	T	CCTAG	ok
Curlcake3	2211	2212	+	0.0006	percent_modified/100	Psi	7768	7768	T	GCTGA	ok
Curlcake3	2214	2215	+	0.0009	percent_modified/100	Psi	7634	7634	T	GATAC	ok
Curlcake3	2218	2219	+	0.0086	percent_modified/100	Psi	6839	6839	T	CATCG	ok
Curlcake3	2222	2223	+	0.002	percent_modified/100	Psi	7569	7569	T	GCTGG	ok
Curlcake3	2233	2234	+	0.0025	percent_modified/100	Psi	7461	7461	T	GCTGC	ok
Curlcake3	2244	2245	+	0.0003	percent_modified/100	Psi	7627	7627	T	ACTAA	ok
Curlcake3	2248	2249	+	0.0683	percent_modified/100	Psi	5182	5182	T	AATCA	ok
Curlcake3	2254	2255	+	0.001	percent_modified/100	Psi	7685	7685	T	GGTTC	ok
Curlcake3	2255	2256	+	0.0012	percent_modified/100	Psi	7472	7472	T	GTTCA	ok
Curlcake3	2258	2259	+	0.0014	percent_modified/100	Psi	7259	7259	T	CATGG	ok
Curlcake3	2261	2262	+	0.0066	percent_modified/100	Psi	7549	7549	T	GGTGT	ok
Curlcake3	2263	2264	+	0.0004	percent_modified/100	Psi	7772	7772	T	TGTCC	ok
Curlcake3	2268	2269	+	0.0021	percent_modified/100	Psi	7226	7226	T	GATTT	ok
Curlcake3	2269	2270	+	0.2643	percent_modified/100	Psi	3590	3590	T	ATTTG	ok
Curlcake3	2270	2271	+	0.0561	percent_modified/100	Psi	6026	6026	T	TTTGA	ok
Curlcake3	2275	2276	+	0.0009	percent_modified/100	Psi	7419	7419	T	AATCC	ok
Curlcake3	2279	2280	+	0.0014	percent_modified/100	Psi	6971	6971	T	CGTGC	ok
Curlcake3	2282	2283	+	0.0036	percent_modified/100	Psi	6748	6748	T	GCTCC	ok
Curlcake3	2286	2287	+	0.0503	percent_modified/100	Psi	3520	3520	T	CCTTA	ok
Curlcake3	2287	2288	+	0.0119	percent_modified/100	Psi	6129	6129	T	CTTAG	ok
Curlcake3	2292	2293	+	0.0043	percent_modified/100	Psi	7436	7436	T	CCTGC	ok
Curlcake3	2307	2308	+	0.0048	percent_modified/100	Psi	7255	7255	T	CGTAA	ok
Curlcake3	2310	2311	+	0.0025	percent_modified/100	Psi	7487	7487	T	AATGG	ok
Curlcake3	2316	2317	+	0.0196	percent_modified/100	Psi	5825	5825	T	CGTTC	ok
Curlcake3	2317	2318	+	0.0832	percent_modified/100	Psi	5831	5831	T	GTTCT	ok
Curlcake3	2319	2320	+	0.0032	percent_modified/100	Psi	7590	7590	T	TCTGG	ok
Curlcake3	2324	2325	+	0.0009	percent_modified/100	Psi	7593	7593	T	AGTTA	ok
Curlcake3	2325	2326	+	0.0009	percent_modified/100	Psi	7746	7746	T	GTTAG	ok
Curlcake3	2328	2329	+	0.0016	percent_modified/100	Psi	7526	7526	T	AGTTA	ok
Curlcake3	2329	2330	+	0.0001	percent_modified/100	Psi	7805	7805	T	GTTAA	ok
Curlcake3	2344	2345	+	0.0037	percent_modified/100	Psi	6795	6795	T	CGTCG	ok
Curlcake3	2350	2351	+	0.0052	percent_modified/100	Psi	7286	7286	T	ACTAA	ok
Curlcake3	2353	2354	+	0.007	percent_modified/100	Psi	6832	6832	T	AATTT	ok
Curlcake3	2354	2355	+	0.0114	percent_modified/100	Psi	5713	5713	T	ATTTG	ok
Curlcake3	2355	2356	+	0.0888	percent_modified/100	Psi	4921	4921	T	TTTGC	ok
Curlcake3	2358	2359	+	0.0033	percent_modified/100	Psi	6882	6882	T	GCTCG	ok
Curlcake3	2364	2365	+	0.028	percent_modified/100	Psi	4813	4813	T	CGTTG	ok
Curlcake3	2365	2366	+	0.004	percent_modified/100	Psi	7493	7493	T	GTTGA	ok
Curlcake3	2370	2371	+	0.007	percent_modified/100	Psi	5870	5870	T	CATTA	ok
Curlcake3	2371	2372	+	0.0008	percent_modified/100	Psi	7689	7689	T	ATTAT	ok
Curlcake3	2373	2374	+	0.0034	percent_modified/100	Psi	7450	7450	T	TATGC	ok
Curlcake3	2392	2393	+	0.0009	percent_modified/100	Psi	7783	7783	T	AGTAC	ok
Curlcake3	2403	2404	+	0.027	percent_modified/100	Psi	6675	6675	T	AATTG	ok
Curlcake3	2404	2405	+	0.0089	percent_modified/100	Psi	7280	7280	T	ATTGC	ok
Curlcake3	2412	2413	+	0.0008	percent_modified/100	Psi	7697	7697	T	CGTCA	ok
Curlcake3	2417	2418	+	0.0311	percent_modified/100	Psi	5819	5819	T	ACTTT	ok
Curlcake3	2418	2419	+	0.8238	percent_modified/100	Psi	1158	1158	T	CTTTT	ok
Curlcake3	2419	2420	+	0.1895	percent_modified/100	Psi	1757	1757	T	TTTTG	ok
Curlcake3	2420	2421	+	0.0453	percent_modified/100	Psi	5205	5205	T	TTTGA	ok
Curlcake3	2427	2428	+	0.0005	percent_modified/100	Psi	7679	7679	T	AATAA	ok
Curlcake3	2430	2431	+	0.0014	percent_modified/100	Psi	7367	7367	T	AATAT	ok
Curlcake3	2432	2433	+	0.0154	percent_modified/100	Psi	6419	6419	T	TATGC	ok
Curlcake3	2436	2437	+	0.0271	percent_modified/100	Psi	6826	6826	T	CCTAC	ok
Curlcake3	2440	2441	+	0.0012	percent_modified/100	Psi	7317	7317	T	CCTTA	ok
Curlcake3	2441	2442	+	0.0005	percent_modified/100	Psi	7640	7640	T	CTTAT	ok
Curlcake3	2443	2444	+	0.0005	percent_modified/100	Psi	7558	7558	T	TATTA	ok
Curlcake3	2444	2445	+	0.0013	percent_modified/100	Psi	7778	7778	T	ATTAT	ok
Curlcake3	2446	2447	+	0.0005	percent_modified/100	Psi	7689	7689	T	TATAG	ok
Curlcake3	2449	2450	+	0.0003	percent_modified/100	Psi	7857	7857	T	AGTCT	ok
Curlcake3	2451	2452	+	0.0007	percent_modified/100	Psi	7585	7585	T	TCTAA	ok
Curlcake3	2460	2461	+	0.0005	percent_modified/100	Psi	7723	7723	T	AGTAC	ok
Curlcake3	2464	2465	+	0.0246	percent_modified/100	Psi	6415	6415	T	CCTAG	ok
Curlcake3	2469	2470	+	0.0009	percent_modified/100	Psi	7704	7704	T	CGTGG	ok
Curlcake3	2472	2473	+	0.0008	percent_modified/100	Psi	7774	7774	T	GGTGG	ok
Curlcake3	2486	2487	+	0.0172	percent_modified/100	Psi	6700	6700	T	GATAG	ok
Curlcake3	2492	2493	+	0.0041	percent_modified/100	Psi	7273	7273	T	CCTGT	ok
Curlcake3	2494	2495	+	0.0668	percent_modified/100	Psi	5557	5557	T	TGTAA	ok
Curlcake3	2503	2504	+	0.0106	percent_modified/100	Psi	7045	7045	T	CATGG	ok
Curlcake3	2513	2514	+	0.0008	percent_modified/100	Psi	7908	7908	T	GGTGT	ok
Curlcake3	2515	2516	+	0.0008	percent_modified/100	Psi	7851	7851	T	TGTAC	ok
Curlcake3	2520	2521	+	0.0043	percent_modified/100	Psi	7252	7252	T	CATCT	ok
Curlcake3	2522	2523	+	0.0049	percent_modified/100	Psi	7173	7173	T	TCTAC	ok
Curlcake3	2531	2532	+	0.001	percent_modified/100	Psi	7889	7889	T	AGTAT	ok
Curlcake3	2533	2534	+	0.0009	percent_modified/100	Psi	7703	7703	T	TATAC	ok
Curlcake3	2537	2538	+	0.0061	percent_modified/100	Psi	6677	6677	T	CGTTC	ok
Curlcake3	2538	2539	+	0.0017	percent_modified/100	Psi	7541	7541	T	GTTCG	ok
Curlcake3	2548	2549	+	0.001	percent_modified/100	Psi	7828	7828	T	AATAC	ok
Curlcake3	2553	2554	+	0.0015	percent_modified/100	Psi	7775	7775	T	AATCT	ok
Curlcake3	2555	2556	+	0.0011	percent_modified/100	Psi	6614	6614	T	TCTTA	ok
Curlcake3	2556	2557	+	0.0005	percent_modified/100	Psi	7707	7707	T	CTTAA	ok
Curlcake3	2560	2561	+	0.0006	percent_modified/100	Psi	5434	5434	T	AATTT	ok
Curlcake3	2561	2562	+	0.0024	percent_modified/100	Psi	7630	7630	T	ATTTT	ok
Curlcake3	2562	2563	+	0.0035	percent_modified/100	Psi	7092	7092	T	TTTTC	ok
Curlcake3	2563	2564	+	0.0011	percent_modified/100	Psi	7617	7617	T	TTTCG	ok
Curlcake3	2566	2567	+	0.0049	percent_modified/100	Psi	7337	7337	T	CGTGG	ok
Curlcake3	2573	2574	+	0.0008	percent_modified/100	Psi	7789	7789	T	AATAT	ok
Curlcake3	2575	2576	+	0.002	percent_modified/100	Psi	7669	7669	T	TATCA	ok
Curlcake3	2580	2581	+	0.0044	percent_modified/100	Psi	7326	7326	T	CATGG	ok
Curlcake3	2587	2588	+	0.0011	percent_modified/100	Psi	7478	7478	T	CGTGT	ok
Curlcake3	2589	2590	+	0.0025	percent_modified/100	Psi	7476	7476	T	TGTCA	ok
Curlcake3	2595	2596	+	0.0513	percent_modified/100	Psi	4364	4364	T	CATAA	ok
Curlcake3	2602	2603	+	0.0334	percent_modified/100	Psi	4874	4874	T	CATGG	ok
Curlcake3	2607	2608	+	0.0001	percent_modified/100	Psi	7661	7661	T	ACTGT	ok
Curlcake3	2609	2610	+	0.0015	percent_modified/100	Psi	7498	7498	T	TGTCC	ok
Curlcake3	2613	2614	+	0.0012	percent_modified/100	Psi	7304	7304	T	CATGT	ok
Curlcake3	2615	2616	+	0.0007	percent_modified/100	Psi	7459	7459	T	TGTCT	ok
Curlcake3	2617	2618	+	0.0001	percent_modified/100	Psi	7133	7133	T	TCTAT	ok
Curlcake3	2619	2620	+	0.0071	percent_modified/100	Psi	5482	5482	T	TATTA	ok
Curlcake3	2620	2621	+	0.0038	percent_modified/100	Psi	6806	6806	T	ATTAG	ok
Curlcake4	38	39	+	0.0033	percent_modified/100	Psi	6936	6936	T	ACTCT	ok
Curlcake4	40	41	+	0.0008	percent_modified/100	Psi	7209	7209	T	TCTCG	ok
Curlcake4	47	48	+	0.0413	percent_modified/100	Psi	3804	3804	T	CCTCG	ok
Curlcake4	56	57	+	0.0713	percent_modified/100	Psi	4305	4305	T	GATCC	ok
Curlcake4	67	68	+	0.186	percent_modified/100	Psi	3924	3924	T	CATCC	ok
Curlcake4	70	71	+	0.0011	percent_modified/100	Psi	7436	7436	T	CCTAA	ok
Curlcake4	79	80	+	0.0003	percent_modified/100	Psi	7870	7870	T	AGTCA	ok
Curlcake4	85	86	+	0.0622	percent_modified/100	Psi	4536	4536	T	ACTCC	ok
Curlcake4	88	89	+	0.0012	percent_modified/100	Psi	7665	7665	T	CCTGG	ok
Curlcake4	98	99	+	0.0029	percent_modified/100	Psi	7279	7279	T	GCTCC	ok
Curlcake4	102	103	+	0.0192	percent_modified/100	Psi	4321	4321	T	CCTTG	ok
Curlcake4	103	104	+	0.0675	percent_modified/100	Psi	3914	3914	T	CTTGA	ok
Curlcake4	109	110	+	0.0004	percent_modified/100	Psi	7841	7841	T	ACTAG	ok
Curlcake4	116	117	+	0.0003	percent_modified/100	Psi	7694	7694	T	GATGC	ok
Curlcake4	119	120	+	0.0012	percent_modified/100	Psi	7712	7712	T	GCTCC	ok
Curlcake4	123	124	+	0.0059	percent_modified/100	Psi	7231	7231	T	CCTCG	ok
Curlcake4	129	130	+	0.0007	percent_modified/100	Psi	7658	7658	T	CGTGG	ok
Curlcake4	132	133	+	0.0001	percent_modified/100	Psi	7878	7878	T	GGTGT	ok
Curlcake4	134	135	+	0.0003	percent_modified/100	Psi	6748	6748	T	TGTTT	ok
Curlcake4	135	136	+	0.0004	percent_modified/100	Psi	7181	7181	T	GTTTT	ok
Curlcake4	136	137	+	0.0046	percent_modified/100	Psi	6296	6296	T	TTTTC	ok
Curlcake4	137	138	+	0.0003	percent_modified/100	Psi	7376	7376	T	TTTCT	ok
Curlcake4	139	140	+	0.0029	percent_modified/100	Psi	7517	7517	T	TCTCT	ok
Curlcake4	141	142	+	0.0009	percent_modified/100	Psi	7711	7711	T	TCTAG	ok
Curlcake4	147	148	+	0.0005	percent_modified/100	Psi	7822	7822	T	GGTAT	ok
Curlcake4	149	150	+	0.0006	percent_modified/100	Psi	7707	7707	T	TATAG	ok
Curlcake4	155	156	+	0.0037	percent_modified/100	Psi	6465	6465	T	GCTTC	ok
Curlcake4	156	157	+	0.0033	percent_modified/100	Psi	6961	6961	T	CTTCT	ok
Curlcake4	158	159	+	0.0023	percent_modified/100	Psi	7540	7540	T	TCTGT	ok
Curlcake4	160	161	+	0.0076	percent_modified/100	Psi	6677	6677	T	TGTCT	ok
Curlcake4	162	163	+	0.0063	percent_modified/100	Psi	5709	5709	T	TCTTC	ok
Curlcake4	163	164	+	0.0015	percent_modified/100	Psi	6572	6572	T	CTTCC	ok
Curlcake4	166	167	+	0.0076	percent_modified/100	Psi	7018	7018	T	CCTAT	ok
Curlcake4	168	169	+	0.0029	percent_modified/100	Psi	7310	7310	T	TATGG	ok
Curlcake4	177	178	+	0.0017	percent_modified/100	Psi	7545	7545	T	ACTAG	ok
Curlcake4	182	183	+	0.0018	percent_modified/100	Psi	7697	7697	T	AATGA	ok
Curlcake4	186	187	+	0.0005	percent_modified/100	Psi	7854	7854	T	ACTGT	ok
Curlcake4	188	189	+	0.0012	percent_modified/100	Psi	7710	7710	T	TGTCA	ok
Curlcake4	191	192	+	0.0107	percent_modified/100	Psi	6888	6888	T	CATCA	ok
Curlcake4	195	196	+	0.0019	percent_modified/100	Psi	7285	7285	T	ACTGG	ok
Curlcake4	200	201	+	0.0012	percent_modified/100	Psi	6651	6651	T	CATGG	ok
Curlcake4	205	206	+	0.0034	percent_modified/100	Psi	6245	6245	T	CATCA	ok
Curlcake4	218	219	+	0.0212	percent_modified/100	Psi	7067	7067	T	CCTGC	ok
Curlcake4	222	223	+	0.0016	percent_modified/100	Psi	7690	7690	T	CGTGG	ok
Curlcake4	225	226	+	0.0022	percent_modified/100	Psi	7660	7660	T	GGTCT	ok
Curlcake4	227	228	+	0.0038	percent_modified/100	Psi	7617	7617	T	TCTGA	ok
Curlcake4	230	231	+	0.0055	percent_modified/100	Psi	7218	7218	T	GATTA	ok
Curlcake4	231	232	+	0.0005	percent_modified/100	Psi	7709	7709	T	ATTAG	ok
Curlcake4	235	236	+	0.0028	percent_modified/100	Psi	6475	6475	T	GCTTG	ok
Curlcake4	236	237	+	0.0048	percent_modified/100	Psi	7218	7218	T	CTTGG	ok
Curlcake4	239	240	+	0.0027	percent_modified/100	Psi	7344	7344	T	GGTTA	ok
Curlcake4	240	241	+	0.0033	percent_modified/100	Psi	7363	7363	T	GTTAG	ok
Curlcake4	247	248	+	0.0176	percent_modified/100	Psi	6602	6602	T	GCTTG	ok
Curlcake4	248	249	+	0.0297	percent_modified/100	Psi	6037	6037	T	CTTGC	ok
Curlcake4	254	255	+	0.001	percent_modified/100	Psi	7744	7744	T	GATGT	ok
Curlcake4	256	257	+	0.0047	percent_modified/100	Psi	7708	7708	T	TGTAT	ok
Curlcake4	258	259	+	0.0026	percent_modified/100	Psi	7567	7567	T	TATTT	ok
Curlcake4	259	260	+	0.0098	percent_modified/100	Psi	7070	7070	T	ATTTA	ok
Curlcake4	260	261	+	0.0016	percent_modified/100	Psi	7664	7664	T	TTTAG	ok
Curlcake4	269	270	+	0.0034	percent_modified/100	Psi	6458	6458	T	CGTTT	ok
Curlcake4	270	271	+	0.0178	percent_modified/100	Psi	6221	6221	T	GTTTC	ok
Curlcake4	271	272	+	0.0028	percent_modified/100	Psi	7077	7077	T	TTTCG	ok
Curlcake4	283	284	+	0.001	percent_modified/100	Psi	7282	7282	T	GGTTT	ok
Curlcake4	284	285	+	0.0064	percent_modified/100	Psi	6882	6882	T	GTTTC	ok
Curlcake4	285	286	+	0.0008	percent_modified/100	Psi	7522	7522	T	TTTCA	ok
Curlcake4	291	292	+	0.0125	percent_modified/100	Psi	4975	4975	T	CATTG	ok
Curlcake4	292	293	+	0.0009	percent_modified/100	Psi	7754	7754	T	ATTGG	ok
Curlcake4	298	299	+	0.0033	percent_modified/100	Psi	6306	6306	T	CATAG	ok
Curlcake4	302	303	+	0.0012	percent_modified/100	Psi	7631	7631	T	GCTAC	ok
Curlcake4	306	307	+	0.0017	percent_modified/100	Psi	7255	7255	T	CCTAC	ok
Curlcake4	312	313	+	0.0011	percent_modified/100	Psi	7417	7417	T	AATCC	ok
Curlcake4	316	317	+	0.0008	percent_modified/100	Psi	7061	7061	T	CCTAC	ok
Curlcake4	321	322	+	0.0223	percent_modified/100	Psi	5114	5114	T	GATTG	ok
Curlcake4	322	323	+	0.0007	percent_modified/100	Psi	7627	7627	T	ATTGA	ok
Curlcake4	325	326	+	0.0012	percent_modified/100	Psi	7599	7599	T	GATAC	ok
Curlcake4	332	333	+	0.0006	percent_modified/100	Psi	7841	7841	T	GGTCG	ok
Curlcake4	342	343	+	0.0017	percent_modified/100	Psi	7511	7511	T	AATGA	ok
Curlcake4	345	346	+	0.0223	percent_modified/100	Psi	6104	6104	T	GATCC	ok
Curlcake4	356	357	+	0.0016	percent_modified/100	Psi	7561	7561	T	GGTGC	ok
Curlcake4	360	361	+	0.0268	percent_modified/100	Psi	5638	5638	T	CCTCA	ok
Curlcake4	364	365	+	0.0008	percent_modified/100	Psi	7612	7612	T	ACTGG	ok
Curlcake4	367	368	+	0.0027	percent_modified/100	Psi	7676	7676	T	GGTGG	ok
Curlcake4	374	375	+	0.0005	percent_modified/100	Psi	7780	7780	T	AGTCT	ok
Curlcake4	380	381	+	0.0092	percent_modified/100	Psi	6323	6323	T	GATTC	ok
Curlcake4	381	382	+	0.0021	percent_modified/100	Psi	7528	7528	T	ATTCA	ok
Curlcake4	384	385	+	0.0056	percent_modified/100	Psi	5341	5341	T	CATCC	ok
Curlcake4	388	389	+	0.0027	percent_modified/100	Psi	7373	7373	T	CGTGG	ok
Curlcake4	395	396	+	0.0029	percent_modified/100	Psi	6139	6139	T	CATCG	ok
Curlcake4	403	404	+	0.0008	percent_modified/100	Psi	7770	7770	T	AGTCC	ok
Curlcake4	406	407	+	0.0003	percent_modified/100	Psi	7462	7462	T	CCTCC	ok
Curlcake4	410	411	+	0.0324	percent_modified/100	Psi	5653	5653	T	CGTTA	ok
Curlcake4	411	412	+	0.0055	percent_modified/100	Psi	7486	7486	T	GTTAT	ok
Curlcake4	413	414	+	0.0095	percent_modified/100	Psi	7297	7297	T	TATGC	ok
Curlcake4	421	422	+	0.0061	percent_modified/100	Psi	6034	6034	T	CCTAT	ok
Curlcake4	423	424	+	0.0013	percent_modified/100	Psi	6948	6948	T	TATGA	ok
Curlcake4	427	428	+	0.0086	percent_modified/100	Psi	5825	5825	T	ACTCC	ok
Curlcake4	443	444	+	0.0007	percent_modified/100	Psi	7275	7275	T	GCTAA	ok
Curlcake4	455	456	+	0.0232	percent_modified/100	Psi	5139	5139	T	CATTC	ok
Curlcake4	456	457	+	0.0028	percent_modified/100	Psi	6402	6402	T	ATTCC	ok
Curlcake4	461	462	+	0.0215	percent_modified/100	Psi	5956	5956	T	CGTAC	ok
Curlcake4	469	470	+	0.0008	percent_modified/100	Psi	7796	7796	T	AGTAG	ok
Curlcake4	480	481	+	0.1815	percent_modified/100	Psi	3973	3973	T	CCTTA	ok
Curlcake4	481	482	+	0.0056	percent_modified/100	Psi	6396	6396	T	CTTAA	ok
Curlcake4	490	491	+	0.0005	percent_modified/100	Psi	7820	7820	T	AGTGG	ok
Curlcake4	495	496	+	0.0032	percent_modified/100	Psi	7576	7576	T	GATGC	ok
Curlcake4	498	499	+	0.0045	percent_modified/100	Psi	7256	7256	T	GCTAG	ok
Curlcake4	503	504	+	0.0025	percent_modified/100	Psi	7629	7629	T	GATCG	ok
Curlcake4	508	509	+	0.0046	percent_modified/100	Psi	7452	7452	T	GCTAA	ok
Curlcake4	514	515	+	0.0008	percent_modified/100	Psi	7152	7152	T	GGTTT	ok
Curlcake4	515	516	+	0.0387	percent_modified/100	Psi	4520	4520	T	GTTTC	ok
Curlcake4	516	517	+	0.0086	percent_modified/100	Psi	6141	6141	T	TTTCT	ok
Curlcake4	518	519	+	0.005	percent_modified/100	Psi	6017	6017	T	TCTCC	ok
Curlcake4	521	522	+	0.0004	percent_modified/100	Psi	7596	7596	T	CCTAA	ok
Curlcake4	524	525	+	0.0025	percent_modified/100	Psi	7451	7451	T	AATAG	ok
Curlcake4	534	535	+	0.0003	percent_modified/100	Psi	6534	6534	T	AGTTT	ok
Curlcake4	535	536	+	0.0021	percent_modified/100	Psi	6523	6523	T	GTTTC	ok
Curlcake4	536	537	+	0.0016	percent_modified/100	Psi	6300	6300	T	TTTCT	ok
Curlcake4	538	539	+	0.0127	percent_modified/100	Psi	4740	4740	T	TCTTT	ok
Curlcake4	539	540	+	0.0391	percent_modified/100	Psi	3839	3839	T	CTTTC	ok
Curlcake4	540	541	+	0.0021	percent_modified/100	Psi	7278	7278	T	TTTCA	ok
Curlcake4	544	545	+	0.0006	percent_modified/100	Psi	7717	7717	T	AATGA	ok
Curlcake4	548	549	+	0.0001	percent_modified/100	Psi	7503	7503	T	AATAC	ok
Curlcake4	552	553	+	0.0106	percent_modified/100	Psi	5189	5189	T	CATTG	ok
Curlcake4	553	554	+	0.0012	percent_modified/100	Psi	7565	7565	T	ATTGA	ok
Curlcake4	557	558	+	0.0171	percent_modified/100	Psi	5546	5546	T	ACTCC	ok
Curlcake4	560	561	+	0.0116	percent_modified/100	Psi	5952	5952	T	CCTCA	ok
Curlcake4	565	566	+	0.0091	percent_modified/100	Psi	6716	6716	T	CCTGC	ok
Curlcake4	569	570	+	0.003	percent_modified/100	Psi	7358	7358	T	CGTAA	ok
Curlcake4	573	574	+	0.0006	percent_modified/100	Psi	7800	7800	T	AGTTG	ok
Curlcake4	574	575	+	0.0091	percent_modified/100	Psi	6783	6783	T	GTTGC	ok
Curlcake4	582	583	+	0.0032	percent_modified/100	Psi	7546	7546	T	CCTGA	ok
Curlcake4	588	589	+	0.0054	percent_modified/100	Psi	7059	7059	T	GCTTG	ok
Curlcake4	589	590	+	0.0329	percent_modified/100	Psi	6229	6229	T	CTTGC	ok
Curlcake4	593	594	+	0.0093	percent_modified/100	Psi	7386	7386	T	CGTGA	ok
Curlcake4	596	597	+	0.0032	percent_modified/100	Psi	7575	7575	T	GATAA	ok
Curlcake4	600	601	+	0.0031	percent_modified/100	Psi	7164	7164	T	AATCC	ok
Curlcake4	607	608	+	0.0012	percent_modified/100	Psi	7741	7741	T	GGTTC	ok
Curlcake4	608	609	+	0.0003	percent_modified/100	Psi	7637	7637	T	GTTCG	ok
Curlcake4	616	617	+	0.0006	percent_modified/100	Psi	7752	7752	T	GCTAG	ok
Curlcake4	629	630	+	0.0018	percent_modified/100	Psi	7342	7342	T	GCTGC	ok
Curlcake4	632	633	+	0.0251	percent_modified/100	Psi	6451	6451	T	GCTGC	ok
Curlcake4	642	643	+	0.0017	percent_modified/100	Psi	7679	7679	T	GCTGC	ok
Curlcake4	647	648	+	0.0057	percent_modified/100	Psi	7364	7364	T	AGTTG	ok
Curlcake4	648	649	+	0.0023	percent_modified/100	Psi	7718	7718	T	GTTGG	ok
Curlcake4	657	658	+	0.002	percent_modified/100	Psi	7475	7475	T	CATGG	ok
Curlcake4	661	662	+	0.0218	percent_modified/100	Psi	7078	7078	T	GATAA	ok
Curlcake4	665	666	+	0.0023	percent_modified/100	Psi	6413	6413	T	AATTG	ok
Curlcake4	666	667	+	0.0495	percent_modified/100	Psi	5799	5799	T	ATTGC	ok
Curlcake4	679	680	+	0.0007	percent_modified/100	Psi	7307	7307	T	GCTAC	ok
Curlcake4	682	683	+	0.0124	percent_modified/100	Psi	6149	6149	T	ACTTA	ok
Curlcake4	683	684	+	0.0058	percent_modified/100	Psi	6915	6915	T	CTTAA	ok
Curlcake4	686	687	+	0.0085	percent_modified/100	Psi	7310	7310	T	AATGC	ok
Curlcake4	690	691	+	0.004	percent_modified/100	Psi	7172	7172	T	CCTGC	ok
Curlcake4	695	696	+	0.0721	percent_modified/100	Psi	6063	6063	T	GCTCC	ok
Curlcake4	703	704	+	0.1434	percent_modified/100	Psi	2839	2839	T	CCTTT	ok
Curlcake4	704	705	+	0.0406	percent_modified/100	Psi	2170	2170	T	CTTTG	ok
Curlcake4	705	706	+	0.0306	percent_modified/100	Psi	5229	5229	T	TTTGA	ok
Curlcake4	709	710	+	0.0017	percent_modified/100	Psi	7121	7121	T	AGTTT	ok
Curlcake4	710	711	+	0.0009	percent_modified/100	Psi	7523	7523	T	GTTTT	ok
Curlcake4	711	712	+	0.0134	percent_modified/100	Psi	4868	4868	T	TTTTT	ok
Curlcake4	712	713	+	0.0049	percent_modified/100	Psi	6301	6301	T	TTTTG	ok
Curlcake4	713	714	+	0.0069	percent_modified/100	Psi	6695	6695	T	TTTGC	ok
Curlcake4	722	723	+	0.0165	percent_modified/100	Psi	6850	6850	T	GATCC	ok
Curlcake4	727	728	+	0.0004	percent_modified/100	Psi	7824	7824	T	AGTAG	ok
Curlcake4	732	733	+	0.0013	percent_modified/100	Psi	6894	6894	T	AATCC	ok
Curlcake4	735	736	+	0.0056	percent_modified/100	Psi	6958	6958	T	CCTCC	ok
Curlcake4	741	742	+	0.0015	percent_modified/100	Psi	7565	7565	T	CGTCG	ok
Curlcake4	747	748	+	0.0022	percent_modified/100	Psi	7252	7252	T	AATTA	ok
Curlcake4	748	749	+	0.0003	percent_modified/100	Psi	7452	7452	T	ATTAG	ok
Curlcake4	754	755	+	0.0138	percent_modified/100	Psi	7118	7118	T	CCTGT	ok
Curlcake4	756	757	+	0.0021	percent_modified/100	Psi	7680	7680	T	TGTGG	ok
Curlcake4	766	767	+	0.0003	percent_modified/100	Psi	7792	7792	T	GGTGC	ok
Curlcake4	778	779	+	0.0163	percent_modified/100	Psi	6629	6629	T	AATTA	ok
Curlcake4	779	780	+	0.0005	percent_modified/100	Psi	7734	7734	T	ATTAA	ok
Curlcake4	784	785	+	0.0001	percent_modified/100	Psi	7792	7792	T	ACTGT	ok
Curlcake4	786	787	+	0.0005	percent_modified/100	Psi	7846	7846	T	TGTGG	ok
Curlcake4	790	791	+	0.0069	percent_modified/100	Psi	7414	7414	T	GCTCA	ok
Curlcake4	800	801	+	0.0008	percent_modified/100	Psi	7718	7718	T	GCTAG	ok
Curlcake4	804	805	+	0.0025	percent_modified/100	Psi	6112	6112	T	GGTTT	ok
Curlcake4	805	806	+	0.0025	percent_modified/100	Psi	6693	6693	T	GTTTT	ok
Curlcake4	806	807	+	0.0592	percent_modified/100	Psi	3717	3717	T	TTTTT	ok
Curlcake4	807	808	+	0.2124	percent_modified/100	Psi	2867	2867	T	TTTTC	ok
Curlcake4	808	809	+	0.0116	percent_modified/100	Psi	5780	5780	T	TTTCT	ok
Curlcake4	810	811	+	0.0008	percent_modified/100	Psi	7597	7597	T	TCTGG	ok
Curlcake4	817	818	+	0.0078	percent_modified/100	Psi	6836	6836	T	CATAG	ok
Curlcake4	824	825	+	0.01	percent_modified/100	Psi	7208	7208	T	GATTG	ok
Curlcake4	825	826	+	0.0006	percent_modified/100	Psi	7738	7738	T	ATTGC	ok
Curlcake4	829	830	+	0.003	percent_modified/100	Psi	6665	6665	T	CCTCA	ok
Curlcake4	832	833	+	0.0008	percent_modified/100	Psi	7685	7685	T	CATGT	ok
Curlcake4	834	835	+	0.0004	percent_modified/100	Psi	7600	7600	T	TGTCC	ok
Curlcake4	838	839	+	0.0459	percent_modified/100	Psi	5452	5452	T	CATCG	ok
Curlcake4	845	846	+	0.0042	percent_modified/100	Psi	7306	7306	T	CATAC	ok
Curlcake4	848	849	+	0.0004	percent_modified/100	Psi	7673	7673	T	ACTGG	ok
Curlcake4	851	852	+	0.0014	percent_modified/100	Psi	7694	7694	T	GGTGA	ok
Curlcake4	854	855	+	0.0487	percent_modified/100	Psi	6263	6263	T	GATTG	ok
Curlcake4	855	856	+	0.0004	percent_modified/100	Psi	7817	7817	T	ATTGT	ok
Curlcake4	857	858	+	0.0008	percent_modified/100	Psi	7763	7763	T	TGTCC	ok
Curlcake4	865	866	+	0.0005	percent_modified/100	Psi	7753	7753	T	CGTCC	ok
Curlcake4	868	869	+	0.0025	percent_modified/100	Psi	7320	7320	T	CCTCA	ok
Curlcake4	872	873	+	0.0011	percent_modified/100	Psi	5623	5623	T	AATTT	ok
Curlcake4	873	874	+	0.0005	percent_modified/100	Psi	6233	6233	T	ATTTT	ok
Curlcake4	874	875	+	0.0062	percent_modified/100	Psi	5634	5634	T	TTTTT	ok
Curlcake4	875	876	+	0.0075	percent_modified/100	Psi	4529	4529	T	TTTTT	ok
Curlcake4	876	877	+	0.0582	percent_modified/100	Psi	3589	3589	T	TTTTT	ok
Curlcake4	877	878	+	0.0034	percent_modified/100	Psi	4944	4944	T	TTTTA	ok
Curlcake4	878	879	+	0.0028	percent_modified/100	Psi	7370	7370	T	TTTAA	ok
Curlcake4	884	885	+	0.0013	percent_modified/100	Psi	7735	7735	T	GCTAA	ok
Curlcake4	892	893	+	0.0004	percent_modified/100	Psi	7803	7803	T	AGTAA	ok
Curlcake4	895	896	+	0.007	percent_modified/100	Psi	7597	7597	T	AATGC	ok
Curlcake4	900	901	+	0.0035	percent_modified/100	Psi	7470	7470	T	CATCG	ok
Curlcake4	903	904	+	0.0003	percent_modified/100	Psi	7781	7781	T	CGTGG	ok
Curlcake4	910	911	+	0.0004	percent_modified/100	Psi	7858	7858	T	AGTGA	ok
Curlcake4	914	915	+	0.0023	percent_modified/100	Psi	7794	7794	T	AATGT	ok
Curlcake4	916	917	+	0.0008	percent_modified/100	Psi	7763	7763	T	TGTCG	ok
Curlcake4	923	924	+	0.0011	percent_modified/100	Psi	7827	7827	T	GGTGG	ok
Curlcake4	931	932	+	0.0012	percent_modified/100	Psi	7277	7277	T	ACTAA	ok
Curlcake4	935	936	+	0.0003	percent_modified/100	Psi	7361	7361	T	ACTAG	ok
Curlcake4	939	940	+	0.0003	percent_modified/100	Psi	5793	5793	T	GGTTA	ok
Curlcake4	940	941	+	0.0025	percent_modified/100	Psi	6324	6324	T	GTTAG	ok
Curlcake4	943	944	+	0.0003	percent_modified/100	Psi	7732	7732	T	AGTGG	ok
Curlcake4	951	952	+	0.0068	percent_modified/100	Psi	7383	7383	T	GCTCC	ok
Curlcake4	962	963	+	0.0014	percent_modified/100	Psi	7284	7284	T	AATTC	ok
Curlcake4	963	964	+	0.0045	percent_modified/100	Psi	7141	7141	T	ATTCG	ok
Curlcake4	970	971	+	0.0021	percent_modified/100	Psi	7486	7486	T	CATGC	ok
Curlcake4	973	974	+	0.0025	percent_modified/100	Psi	7678	7678	T	GCTGT	ok
Curlcake4	975	976	+	0.005	percent_modified/100	Psi	7655	7655	T	TGTAA	ok
Curlcake4	980	981	+	0.0017	percent_modified/100	Psi	7610	7610	T	CGTTA	ok
Curlcake4	981	982	+	0.0001	percent_modified/100	Psi	7832	7832	T	GTTAA	ok
Curlcake4	986	987	+	0.0018	percent_modified/100	Psi	7625	7625	T	GATTA	ok
Curlcake4	987	988	+	0.0009	percent_modified/100	Psi	7684	7684	T	ATTAG	ok
Curlcake4	990	991	+	0.0005	percent_modified/100	Psi	7854	7854	T	AGTAA	ok
Curlcake4	999	1000	+	0.0008	percent_modified/100	Psi	7826	7826	T	GCTGT	ok
Curlcake4	1001	1002	+	0.0012	percent_modified/100	Psi	7778	7778	T	TGTCG	ok
Curlcake4	1004	1005	+	0.1283	percent_modified/100	Psi	4075	4075	T	CGTTC	ok
Curlcake4	1005	1006	+	0.0028	percent_modified/100	Psi	7236	7236	T	GTTCT	ok
Curlcake4	1007	1008	+	0.0031	percent_modified/100	Psi	7516	7516	T	TCTAG	ok
Curlcake4	1014	1015	+	0.153	percent_modified/100	Psi	4588	4588	T	CATCG	ok
Curlcake4	1023	1024	+	0.0014	percent_modified/100	Psi	7734	7734	T	GGTTA	ok
Curlcake4	1024	1025	+	0.0054	percent_modified/100	Psi	7625	7625	T	GTTAT	ok
Curlcake4	1026	1027	+	0.0092	percent_modified/100	Psi	6829	6829	T	TATAG	ok
Curlcake4	1029	1030	+	0.0018	percent_modified/100	Psi	5622	5622	T	AGTTT	ok
Curlcake4	1030	1031	+	0.0021	percent_modified/100	Psi	6182	6182	T	GTTTT	ok
Curlcake4	1031	1032	+	0.0069	percent_modified/100	Psi	6981	6981	T	TTTTT	ok
Curlcake4	1032	1033	+	0.0066	percent_modified/100	Psi	5762	5762	T	TTTTC	ok
Curlcake4	1033	1034	+	0.0022	percent_modified/100	Psi	7422	7422	T	TTTCG	ok
Curlcake4	1037	1038	+	0.0005	percent_modified/100	Psi	7649	7649	T	GGTTG	ok
Curlcake4	1038	1039	+	0.0048	percent_modified/100	Psi	7108	7108	T	GTTGA	ok
Curlcake4	1042	1043	+	0.0012	percent_modified/100	Psi	7528	7528	T	AATGC	ok
Curlcake4	1045	1046	+	0.0025	percent_modified/100	Psi	7213	7213	T	GCTCA	ok
Curlcake4	1050	1051	+	0.0034	percent_modified/100	Psi	7030	7030	T	CGTCC	ok
Curlcake4	1054	1055	+	0.0015	percent_modified/100	Psi	7569	7569	T	CCTAA	ok
Curlcake4	1067	1068	+	0.0012	percent_modified/100	Psi	7730	7730	T	AATAG	ok
Curlcake4	1070	1071	+	0.0005	percent_modified/100	Psi	7696	7696	T	AGTAT	ok
Curlcake4	1072	1073	+	0.0092	percent_modified/100	Psi	7053	7053	T	TATAG	ok
Curlcake4	1076	1077	+	0.0036	percent_modified/100	Psi	7030	7030	T	GCTTT	ok
Curlcake4	1077	1078	+	0.0111	percent_modified/100	Psi	3615	3615	T	CTTTG	ok
Curlcake4	1078	1079	+	0.0005	percent_modified/100	Psi	7660	7660	T	TTTGG	ok
Curlcake4	1083	1084	+	0.0035	percent_modified/100	Psi	6894	6894	T	GCTCT	ok
Curlcake4	1085	1086	+	0.03	percent_modified/100	Psi	4759	4759	T	TCTTC	ok
Curlcake4	1086	1087	+	0.0022	percent_modified/100	Psi	7595	7595	T	CTTCA	ok
Curlcake4	1089	1090	+	0.0039	percent_modified/100	Psi	7356	7356	T	CATGC	ok
Curlcake4	1097	1098	+	0.0025	percent_modified/100	Psi	7473	7473	T	GATCA	ok
Curlcake4	1102	1103	+	0.0018	percent_modified/100	Psi	7087	7087	T	CCTCA	ok
Curlcake4	1105	1106	+	0.2261	percent_modified/100	Psi	2671	2671	T	CATTC	ok
Curlcake4	1106	1107	+	0.0029	percent_modified/100	Psi	6821	6821	T	ATTCT	ok
Curlcake4	1108	1109	+	0.0004	percent_modified/100	Psi	7664	7664	T	TCTGC	ok
Curlcake4	1111	1112	+	0.0068	percent_modified/100	Psi	5554	5554	T	GCTTC	ok
Curlcake4	1112	1113	+	0.0009	percent_modified/100	Psi	6991	6991	T	CTTCT	ok
Curlcake4	1114	1115	+	0.0008	percent_modified/100	Psi	7515	7515	T	TCTAA	ok
Curlcake4	1118	1119	+	0.0014	percent_modified/100	Psi	7383	7383	T	ACTCA	ok
Curlcake4	1127	1128	+	0.0032	percent_modified/100	Psi	7229	7229	T	CCTAC	ok
Curlcake4	1135	1136	+	0.0008	percent_modified/100	Psi	7807	7807	T	GGTAC	ok
Curlcake4	1147	1148	+	0.0032	percent_modified/100	Psi	7222	7222	T	CATGT	ok
Curlcake4	1149	1150	+	0.0012	percent_modified/100	Psi	7516	7516	T	TGTCG	ok
Curlcake4	1156	1157	+	0.014	percent_modified/100	Psi	6369	6369	T	ACTTA	ok
Curlcake4	1157	1158	+	0.0009	percent_modified/100	Psi	7653	7653	T	CTTAG	ok
Curlcake4	1160	1161	+	0.0004	percent_modified/100	Psi	7677	7677	T	AGTCT	ok
Curlcake4	1162	1163	+	0.0077	percent_modified/100	Psi	6124	6124	T	TCTTT	ok
Curlcake4	1163	1164	+	0.0186	percent_modified/100	Psi	3015	3015	T	CTTTT	ok
Curlcake4	1164	1165	+	0.0229	percent_modified/100	Psi	2841	2841	T	TTTTT	ok
Curlcake4	1165	1166	+	0.0737	percent_modified/100	Psi	2916	2916	T	TTTTG	ok
Curlcake4	1166	1167	+	0.0038	percent_modified/100	Psi	7039	7039	T	TTTGA	ok
Curlcake4	1179	1180	+	0.0091	percent_modified/100	Psi	6268	6268	T	CATCT	ok
Curlcake4	1181	1182	+	0.0049	percent_modified/100	Psi	7086	7086	T	TCTCT	ok
Curlcake4	1183	1184	+	0.0024	percent_modified/100	Psi	7515	7515	T	TCTCA	ok
Curlcake4	1190	1191	+	0.0016	percent_modified/100	Psi	7593	7593	T	CGTTC	ok
Curlcake4	1191	1192	+	0.0019	percent_modified/100	Psi	7505	7505	T	GTTCC	ok
Curlcake4	1196	1197	+	0.0051	percent_modified/100	Psi	7041	7041	T	AATCG	ok
Curlcake4	1204	1205	+	0.0041	percent_modified/100	Psi	7283	7283	T	GATTA	ok
Curlcake4	1205	1206	+	0.0013	percent_modified/100	Psi	7521	7521	T	ATTAG	ok
Curlcake4	1219	1220	+	0.0009	percent_modified/100	Psi	7563	7563	T	CGTTA	ok
Curlcake4	1220	1221	+	0.0009	percent_modified/100	Psi	7650	7650	T	GTTAC	ok
Curlcake4	1223	1224	+	0.0674	percent_modified/100	Psi	5359	5359	T	ACTTA	ok
Curlcake4	1224	1225	+	0.0007	percent_modified/100	Psi	7635	7635	T	CTTAG	ok
Curlcake4	1229	1230	+	0.0009	percent_modified/100	Psi	7605	7605	T	GATGG	ok
Curlcake4	1233	1234	+	0.0011	percent_modified/100	Psi	7828	7828	T	GGTAA	ok
Curlcake4	1238	1239	+	0.0039	percent_modified/100	Psi	6615	6615	T	CATTT	ok
Curlcake4	1239	1240	+	0.0009	percent_modified/100	Psi	7530	7530	T	ATTTG	ok
Curlcake4	1240	1241	+	0.015	percent_modified/100	Psi	6846	6846	T	TTTGT	ok
Curlcake4	1242	1243	+	0.0053	percent_modified/100	Psi	6826	6826	T	TGTAT	ok
Curlcake4	1244	1245	+	0.0014	percent_modified/100	Psi	7640	7640	T	TATGA	ok
Curlcake4	1248	1249	+	0.0017	percent_modified/100	Psi	7530	7530	T	ACTAA	ok
Curlcake4	1253	1254	+	0.0037	percent_modified/100	Psi	7613	7613	T	GATCA	ok
Curlcake4	1257	1258	+	0.0039	percent_modified/100	Psi	6651	6651	T	ACTTG	ok
Curlcake4	1258	1259	+	0.0103	percent_modified/100	Psi	6902	6902	T	CTTGA	ok
Curlcake4	1263	1264	+	0.0005	percent_modified/100	Psi	7471	7471	T	AATAA	ok
Curlcake4	1267	1268	+	0.0015	percent_modified/100	Psi	7545	7545	T	AATAC	ok
Curlcake4	1277	1278	+	0.0006	percent_modified/100	Psi	7710	7710	T	GGTAC	ok
Curlcake4	1281	1282	+	0.0143	percent_modified/100	Psi	5939	5939	T	CGTTC	ok
Curlcake4	1282	1283	+	0.0012	percent_modified/100	Psi	7499	7499	T	GTTCG	ok
Curlcake4	1295	1296	+	0.0008	percent_modified/100	Psi	7787	7787	T	CGTGT	ok
Curlcake4	1297	1298	+	0.0012	percent_modified/100	Psi	7728	7728	T	TGTAC	ok
Curlcake4	1301	1302	+	0.0095	percent_modified/100	Psi	6547	6547	T	CATCA	ok
Curlcake4	1306	1307	+	0.0006	percent_modified/100	Psi	7825	7825	T	GGTCA	ok
Curlcake4	1311	1312	+	0.0024	percent_modified/100	Psi	7490	7490	T	CGTCG	ok
Curlcake4	1314	1315	+	0.0013	percent_modified/100	Psi	7585	7585	T	CGTGC	ok
Curlcake4	1324	1325	+	0.0013	percent_modified/100	Psi	7662	7662	T	CGTAC	ok
Curlcake4	1329	1330	+	0.0157	percent_modified/100	Psi	5779	5779	T	CCTTC	ok
Curlcake4	1330	1331	+	0.0035	percent_modified/100	Psi	7354	7354	T	CTTCG	ok
Curlcake4	1333	1334	+	0.0226	percent_modified/100	Psi	5615	5615	T	CGTCC	ok
Curlcake4	1336	1337	+	0.0013	percent_modified/100	Psi	7610	7610	T	CCTGA	ok
Curlcake4	1339	1340	+	0.0013	percent_modified/100	Psi	7829	7829	T	GATGT	ok
Curlcake4	1341	1342	+	0.0009	percent_modified/100	Psi	7785	7785	T	TGTCG	ok
Curlcake4	1350	1351	+	0.0008	percent_modified/100	Psi	7559	7559	T	ACTAC	ok
Curlcake4	1357	1358	+	0.0018	percent_modified/100	Psi	7794	7794	T	GGTCT	ok
Curlcake4	1359	1360	+	0.0027	percent_modified/100	Psi	7541	7541	T	TCTGC	ok
Curlcake4	1369	1370	+	0.0006	percent_modified/100	Psi	7720	7720	T	CCTAA	ok
Curlcake4	1373	1374	+	0.0018	percent_modified/100	Psi	7685	7685	T	AGTTA	ok
Curlcake4	1374	1375	+	0.0009	percent_modified/100	Psi	7767	7767	T	GTTAG	ok
Curlcake4	1377	1378	+	0.0004	percent_modified/100	Psi	7861	7861	T	AGTGC	ok
Curlcake4	1380	1381	+	0.0013	percent_modified/100	Psi	7669	7669	T	GCTAG	ok
Curlcake4	1391	1392	+	0.0038	percent_modified/100	Psi	7458	7458	T	CATGC	ok
Curlcake4	1399	1400	+	0.0046	percent_modified/100	Psi	6938	6938	T	GATAA	ok
Curlcake4	1403	1404	+	0.0012	percent_modified/100	Psi	7659	7659	T	ACTAA	ok
Curlcake4	1414	1415	+	0.0005	percent_modified/100	Psi	7832	7832	T	GGTCG	ok
Curlcake4	1418	1419	+	0.0024	percent_modified/100	Psi	7057	7057	T	GGTTT	ok
Curlcake4	1419	1420	+	0.0047	percent_modified/100	Psi	6759	6759	T	GTTTC	ok
Curlcake4	1420	1421	+	0.0066	percent_modified/100	Psi	5435	5435	T	TTTCC	ok
Curlcake4	1423	1424	+	0.0299	percent_modified/100	Psi	6027	6027	T	CCTCC	ok
Curlcake4	1428	1429	+	0.0001	percent_modified/100	Psi	7725	7725	T	AGTCA	ok
Curlcake4	1433	1434	+	0.0815	percent_modified/100	Psi	4122	4122	T	CGTTC	ok
Curlcake4	1434	1435	+	0.0008	percent_modified/100	Psi	7128	7128	T	GTTCT	ok
Curlcake4	1436	1437	+	0.0058	percent_modified/100	Psi	6763	6763	T	TCTAC	ok
Curlcake4	1440	1441	+	0.0022	percent_modified/100	Psi	7199	7199	T	CGTTA	ok
Curlcake4	1441	1442	+	0.0016	percent_modified/100	Psi	7509	7509	T	GTTAC	ok
Curlcake4	1444	1445	+	0.0018	percent_modified/100	Psi	7707	7707	T	ACTCA	ok
Curlcake4	1450	1451	+	0.0041	percent_modified/100	Psi	7582	7582	T	GATTT	ok
Curlcake4	1451	1452	+	0.0014	percent_modified/100	Psi	7301	7301	T	ATTTA	ok
Curlcake4	1452	1453	+	0.0007	percent_modified/100	Psi	7496	7496	T	TTTAG	ok
Curlcake4	1457	1458	+	0.0063	percent_modified/100	Psi	6818	6818	T	CATAG	ok
Curlcake4	1462	1463	+	0.0026	percent_modified/100	Psi	6625	6625	T	CCTAG	ok
Curlcake4	1478	1479	+	0.0006	percent_modified/100	Psi	7710	7710	T	AGTAG	ok
Curlcake4	1481	1482	+	0.0007	percent_modified/100	Psi	7661	7661	T	AGTAT	ok
Curlcake4	1483	1484	+	0.0021	percent_modified/100	Psi	7315	7315	T	TATAA	ok
Curlcake4	1486	1487	+	0.0009	percent_modified/100	Psi	7777	7777	T	AATAC	ok
Curlcake4	1493	1494	+	0.0003	percent_modified/100	Psi	7697	7697	T	CGTCG	ok
Curlcake4	1508	1509	+	0.0082	percent_modified/100	Psi	6978	6978	T	GCTAA	ok
Curlcake4	1517	1518	+	0.0042	percent_modified/100	Psi	6655	6655	T	CGTCT	ok
Curlcake4	1519	1520	+	0.013	percent_modified/100	Psi	4084	4084	T	TCTTC	ok
Curlcake4	1520	1521	+	0.0065	percent_modified/100	Psi	5654	5654	T	CTTCT	ok
Curlcake4	1522	1523	+	0.1138	percent_modified/100	Psi	2839	2839	T	TCTTC	ok
Curlcake4	1523	1524	+	0.0024	percent_modified/100	Psi	6671	6671	T	CTTCG	ok
Curlcake4	1527	1528	+	0.0096	percent_modified/100	Psi	6553	6553	T	GATAT	ok
Curlcake4	1529	1530	+	0.0027	percent_modified/100	Psi	6710	6710	T	TATAT	ok
Curlcake4	1531	1532	+	0.0011	percent_modified/100	Psi	7093	7093	T	TATGG	ok
Curlcake4	1544	1545	+	0.0084	percent_modified/100	Psi	4621	4621	T	GCTTC	ok
Curlcake4	1545	1546	+	0.0478	percent_modified/100	Psi	3748	3748	T	CTTCT	ok
Curlcake4	1547	1548	+	0.0129	percent_modified/100	Psi	6351	6351	T	TCTGA	ok
Curlcake4	1560	1561	+	0.0012	percent_modified/100	Psi	7540	7540	T	GATCT	ok
Curlcake4	1562	1563	+	0.0019	percent_modified/100	Psi	7205	7205	T	TCTCG	ok
Curlcake4	1566	1567	+	0.0026	percent_modified/100	Psi	6874	6874	T	GCTCG	ok
Curlcake4	1573	1574	+	0.0051	percent_modified/100	Psi	6309	6309	T	CCTAT	ok
Curlcake4	1575	1576	+	0.0141	percent_modified/100	Psi	6251	6251	T	TATAT	ok
Curlcake4	1577	1578	+	0.0013	percent_modified/100	Psi	7543	7543	T	TATGT	ok
Curlcake4	1579	1580	+	0.0041	percent_modified/100	Psi	6788	6788	T	TGTTC	ok
Curlcake4	1580	1581	+	0.004	percent_modified/100	Psi	7267	7267	T	GTTCT	ok
Curlcake4	1582	1583	+	0.0001	percent_modified/100	Psi	7753	7753	T	TCTGG	ok
Curlcake4	1585	1586	+	0.0001	percent_modified/100	Psi	7734	7734	T	GGTAC	ok
Curlcake4	1588	1589	+	0.0066	percent_modified/100	Psi	6824	6824	T	ACTTA	ok
Curlcake4	1589	1590	+	0.0011	percent_modified/100	Psi	6487	6487	T	CTTAC	ok
Curlcake4	1592	1593	+	0.0007	percent_modified/100	Psi	7571	7571	T	ACTAA	ok
Curlcake4	1609	1610	+	0.0003	percent_modified/100	Psi	7223	7223	T	GGTTT	ok
Curlcake4	1610	1611	+	0.0008	percent_modified/100	Psi	7536	7536	T	GTTTT	ok
Curlcake4	1611	1612	+	0.0088	percent_modified/100	Psi	6032	6032	T	TTTTT	ok
Curlcake4	1612	1613	+	0.0188	percent_modified/100	Psi	4837	4837	T	TTTTG	ok
Curlcake4	1613	1614	+	0.0015	percent_modified/100	Psi	7573	7573	T	TTTGG	ok
Curlcake4	1618	1619	+	0.0001	percent_modified/100	Psi	7896	7896	T	AGTCA	ok
Curlcake4	1625	1626	+	0.0012	percent_modified/100	Psi	7746	7746	T	CCTAA	ok
Curlcake4	1630	1631	+	0.0003	percent_modified/100	Psi	7777	7777	T	ACTGG	ok
Curlcake4	1633	1634	+	0.0003	percent_modified/100	Psi	7832	7832	T	GGTGC	ok
Curlcake4	1638	1639	+	0.0012	percent_modified/100	Psi	7693	7693	T	AATGA	ok
Curlcake4	1645	1646	+	0.0032	percent_modified/100	Psi	7140	7140	T	CCTAG	ok
Curlcake4	1649	1650	+	0.0019	percent_modified/100	Psi	7207	7207	T	GCTAC	ok
Curlcake4	1652	1653	+	0.0005	percent_modified/100	Psi	7647	7647	T	ACTGA	ok
Curlcake4	1660	1661	+	0.003	percent_modified/100	Psi	7659	7659	T	CCTGA	ok
Curlcake4	1665	1666	+	0.0262	percent_modified/100	Psi	5720	5720	T	CATTG	ok
Curlcake4	1666	1667	+	0.0001	percent_modified/100	Psi	7791	7791	T	ATTGG	ok
Curlcake4	1669	1670	+	0.0007	percent_modified/100	Psi	7687	7687	T	GGTTT	ok
Curlcake4	1670	1671	+	0.011	percent_modified/100	Psi	6473	6473	T	GTTTG	ok
Curlcake4	1671	1672	+	0.0029	percent_modified/100	Psi	7261	7261	T	TTTGT	ok
Curlcake4	1673	1674	+	0.0013	percent_modified/100	Psi	7710	7710	T	TGTAG	ok
Curlcake4	1679	1680	+	0.0018	percent_modified/100	Psi	7169	7169	T	ACTGC	ok
Curlcake4	1682	1683	+	0.0137	percent_modified/100	Psi	4902	4902	T	GCTCG	ok
Curlcake4	1687	1688	+	0.0027	percent_modified/100	Psi	7700	7700	T	GGTGT	ok
Curlcake4	1689	1690	+	0.0005	percent_modified/100	Psi	7700	7700	T	TGTAC	ok
Curlcake4	1694	1695	+	0.002	percent_modified/100	Psi	7419	7419	T	CGTCC	ok
Curlcake4	1702	1703	+	0.0005	percent_modified/100	Psi	7839	7839	T	GGTAC	ok
Curlcake4	1711	1712	+	0.0053	percent_modified/100	Psi	7231	7231	T	AATCA	ok
Curlcake4	1716	1717	+	0.0078	percent_modified/100	Psi	6570	6570	T	CGTCA	ok
Curlcake4	1720	1721	+	0.0153	percent_modified/100	Psi	6214	6214	T	ACTTG	ok
Curlcake4	1721	1722	+	0.0036	percent_modified/100	Psi	6615	6615	T	CTTGA	ok
Curlcake4	1730	1731	+	0.0012	percent_modified/100	Psi	7809	7809	T	GGTCC	ok
Curlcake4	1735	1736	+	0.0014	percent_modified/100	Psi	7642	7642	T	CGTGC	ok
Curlcake4	1738	1739	+	0.0005	percent_modified/100	Psi	7801	7801	T	GCTGT	ok
Curlcake4	1740	1741	+	0.0005	percent_modified/100	Psi	7804	7804	T	TGTGT	ok
Curlcake4	1742	1743	+	0.0007	percent_modified/100	Psi	7626	7626	T	TGTTA	ok
Curlcake4	1743	1744	+	0.003	percent_modified/100	Psi	7668	7668	T	GTTAC	ok
Curlcake4	1753	1754	+	0.0009	percent_modified/100	Psi	7643	7643	T	AATAG	ok
Curlcake4	1761	1762	+	0.0179	percent_modified/100	Psi	5208	5208	T	CCTTT	ok
Curlcake4	1762	1763	+	0.0308	percent_modified/100	Psi	3512	3512	T	CTTTC	ok
Curlcake4	1763	1764	+	0.0044	percent_modified/100	Psi	7234	7234	T	TTTCG	ok
Curlcake4	1766	1767	+	0.1996	percent_modified/100	Psi	3411	3411	T	CGTTC	ok
Curlcake4	1767	1768	+	0.0035	percent_modified/100	Psi	7160	7160	T	GTTCA	ok
Curlcake4	1775	1776	+	0.0022	percent_modified/100	Psi	6830	6830	T	CATTG	ok
Curlcake4	1776	1777	+	0.0005	percent_modified/100	Psi	7653	7653	T	ATTGA	ok
Curlcake4	1785	1786	+	0.0051	percent_modified/100	Psi	5868	5868	T	CGTTC	ok
Curlcake4	1786	1787	+	0.0036	percent_modified/100	Psi	5890	5890	T	GTTCC	ok
Curlcake4	1803	1804	+	0.0003	percent_modified/100	Psi	7765	7765	T	GGTCA	ok
Curlcake4	1821	1822	+	0.0003	percent_modified/100	Psi	7872	7872	T	GGTAT	ok
Curlcake4	1823	1824	+	0.0003	percent_modified/100	Psi	7740	7740	T	TATTC	ok
Curlcake4	1824	1825	+	0.0005	percent_modified/100	Psi	7788	7788	T	ATTCG	ok
Curlcake4	1838	1839	+	0.0041	percent_modified/100	Psi	6640	6640	T	CATAA	ok
Curlcake4	1846	1847	+	0.0017	percent_modified/100	Psi	7271	7271	T	GGTCC	ok
Curlcake4	1849	1850	+	0.0026	percent_modified/100	Psi	7174	7174	T	CCTCC	ok
Curlcake4	1852	1853	+	0.0018	percent_modified/100	Psi	6487	6487	T	CCTCA	ok
Curlcake4	1867	1868	+	0.0055	percent_modified/100	Psi	7096	7096	T	ACTCA	ok
Curlcake4	1874	1875	+	0.0172	percent_modified/100	Psi	6409	6409	T	CATAG	ok
Curlcake4	1883	1884	+	0.0003	percent_modified/100	Psi	7877	7877	T	AGTGT	ok
Curlcake4	1885	1886	+	0.0014	percent_modified/100	Psi	7153	7153	T	TGTTA	ok
Curlcake4	1886	1887	+	0.0008	percent_modified/100	Psi	7671	7671	T	GTTAG	ok
Curlcake4	1912	1913	+	0.002	percent_modified/100	Psi	7356	7356	T	GATTG	ok
Curlcake4	1913	1914	+	0.0478	percent_modified/100	Psi	5836	5836	T	ATTGC	ok
Curlcake4	1922	1923	+	0.0831	percent_modified/100	Psi	3596	3596	T	CATCT	ok
Curlcake4	1924	1925	+	0.0021	percent_modified/100	Psi	6637	6637	T	TCTTC	ok
Curlcake4	1925	1926	+	0.0015	percent_modified/100	Psi	6876	6876	T	CTTCC	ok
Curlcake4	1929	1930	+	0.0029	percent_modified/100	Psi	7003	7003	T	CCTAT	ok
Curlcake4	1931	1932	+	0.1454	percent_modified/100	Psi	4882	4882	T	TATAA	ok
Curlcake4	1934	1935	+	0.0003	percent_modified/100	Psi	7779	7779	T	AATGA	ok
Curlcake4	1944	1945	+	0.0154	percent_modified/100	Psi	5581	5581	T	CCTTT	ok
Curlcake4	1945	1946	+	0.0264	percent_modified/100	Psi	2956	2956	T	CTTTC	ok
Curlcake4	1946	1947	+	0.0014	percent_modified/100	Psi	7086	7086	T	TTTCA	ok
Curlcake4	1958	1959	+	0.0014	percent_modified/100	Psi	7329	7329	T	CGTCT	ok
Curlcake4	1960	1961	+	0.0027	percent_modified/100	Psi	6669	6669	T	TCTAC	ok
Curlcake4	1963	1964	+	0.001	percent_modified/100	Psi	7716	7716	T	ACTAT	ok
Curlcake4	1965	1966	+	0.0005	percent_modified/100	Psi	7792	7792	T	TATGT	ok
Curlcake4	1967	1968	+	0.0001	percent_modified/100	Psi	7721	7721	T	TGTCT	ok
Curlcake4	1969	1970	+	0.0032	percent_modified/100	Psi	6622	6622	T	TCTTG	ok
Curlcake4	1970	1971	+	0.0009	percent_modified/100	Psi	7561	7561	T	CTTGG	ok
Curlcake4	1975	1976	+	0.0008	percent_modified/100	Psi	7861	7861	T	ACTGC	ok
Curlcake4	1983	1984	+	0.0001	percent_modified/100	Psi	7799	7799	T	GGTGT	ok
Curlcake4	1985	1986	+	0.0005	percent_modified/100	Psi	7716	7716	T	TGTCC	ok
Curlcake4	1988	1989	+	0.0023	percent_modified/100	Psi	7347	7347	T	CCTAC	ok
Curlcake4	1994	1995	+	0.009	percent_modified/100	Psi	6681	6681	T	CATCG	ok
Curlcake4	1999	2000	+	0.0004	percent_modified/100	Psi	7755	7755	T	CGTGG	ok
Curlcake4	2003	2004	+	0.0003	percent_modified/100	Psi	7775	7775	T	GGTCC	ok
Curlcake4	2009	2010	+	0.001	percent_modified/100	Psi	7836	7836	T	AGTCC	ok
Curlcake4	2014	2015	+	0.025	percent_modified/100	Psi	3675	3675	T	CATTA	ok
Curlcake4	2015	2016	+	0.0012	percent_modified/100	Psi	7432	7432	T	ATTAG	ok
Curlcake4	2022	2023	+	0.0017	percent_modified/100	Psi	5939	5939	T	ACTTC	ok
Curlcake4	2023	2024	+	0.0004	percent_modified/100	Psi	7091	7091	T	CTTCT	ok
Curlcake4	2025	2026	+	0.0007	percent_modified/100	Psi	7519	7519	T	TCTCT	ok
Curlcake4	2027	2028	+	0.0001	percent_modified/100	Psi	7591	7591	T	TCTCC	ok
Curlcake4	2032	2033	+	0.0007	percent_modified/100	Psi	7527	7527	T	CGTCG	ok
Curlcake4	2036	2037	+	0.0006	percent_modified/100	Psi	7789	7789	T	GGTAC	ok
Curlcake4	2041	2042	+	0.0008	percent_modified/100	Psi	7695	7695	T	AATGT	ok
Curlcake4	2043	2044	+	0.0005	percent_modified/100	Psi	7502	7502	T	TGTTA	ok
Curlcake4	2044	2045	+	0.0007	percent_modified/100	Psi	7535	7535	T	GTTAC	ok
Curlcake4	2049	2050	+	0.0011	percent_modified/100	Psi	7027	7027	T	AGTTA	ok
Curlcake4	2050	2051	+	0.006	percent_modified/100	Psi	6050	6050	T	GTTAA	ok
Curlcake4	2061	2062	+	0.003	percent_modified/100	Psi	7066	7066	T	CCTCT	ok
Curlcake4	2063	2064	+	0.0032	percent_modified/100	Psi	7297	7297	T	TCTCA	ok
Curlcake4	2067	2068	+	0.0016	percent_modified/100	Psi	7319	7319	T	AATCG	ok
Curlcake4	2076	2077	+	0.0054	percent_modified/100	Psi	7369	7369	T	GCTGC	ok
Curlcake4	2087	2088	+	0.0079	percent_modified/100	Psi	6932	6932	T	GCTCG	ok
Curlcake4	2098	2099	+	0.0004	percent_modified/100	Psi	7778	7778	T	GGTAT	ok
Curlcake4	2100	2101	+	0.0034	percent_modified/100	Psi	7456	7456	T	TATCG	ok
Curlcake4	2109	2110	+	0.001	percent_modified/100	Psi	7643	7643	T	GGTAG	ok
Curlcake4	2116	2117	+	0.0061	percent_modified/100	Psi	7525	7525	T	CGTAA	ok
Curlcake4	2121	2122	+	0.0014	percent_modified/100	Psi	7701	7701	T	AATCG	ok
Curlcake4	2125	2126	+	0.0017	percent_modified/100	Psi	7661	7661	T	GCTGA	ok
Curlcake4	2129	2130	+	0.0013	percent_modified/100	Psi	7780	7780	T	ACTCA	ok
Curlcake4	2138	2139	+	0.0085	percent_modified/100	Psi	5399	5399	T	ACTAT	ok
Curlcake4	2140	2141	+	0.1084	percent_modified/100	Psi	5186	5186	T	TATAG	ok
Curlcake4	2149	2150	+	0.004	percent_modified/100	Psi	7534	7534	T	CGTGT	ok
Curlcake4	2151	2152	+	0.0094	percent_modified/100	Psi	7019	7019	T	TGTTG	ok
Curlcake4	2152	2153	+	0.0034	percent_modified/100	Psi	7456	7456	T	GTTGC	ok
Curlcake4	2156	2157	+	0.0012	percent_modified/100	Psi	7680	7680	T	CATGT	ok
Curlcake4	2158	2159	+	0.0027	percent_modified/100	Psi	7348	7348	T	TGTTT	ok
Curlcake4	2159	2160	+	0.0017	percent_modified/100	Psi	6955	6955	T	GTTTA	ok
Curlcake4	2160	2161	+	0.0003	percent_modified/100	Psi	7558	7558	T	TTTAA	ok
Curlcake4	2163	2164	+	0.0004	percent_modified/100	Psi	7617	7617	T	AATTA	ok
Curlcake4	2164	2165	+	0.0006	percent_modified/100	Psi	7787	7787	T	ATTAA	ok
Curlcake4	2172	2173	+	0.0024	percent_modified/100	Psi	7015	7015	T	CATCG	ok
Curlcake4	2175	2176	+	0.0032	percent_modified/100	Psi	7168	7168	T	CGTCC	ok
Curlcake4	2180	2181	+	0.0011	percent_modified/100	Psi	6422	6422	T	AATTT	ok
Curlcake4	2181	2182	+	0.0043	percent_modified/100	Psi	6305	6305	T	ATTTT	ok
Curlcake4	2182	2183	+	0.0017	percent_modified/100	Psi	6013	6013	T	TTTTC	ok
Curlcake4	2183	2184	+	0.0015	percent_modified/100	Psi	7317	7317	T	TTTCA	ok
Curlcake4	2186	2187	+	0.0061	percent_modified/100	Psi	6401	6401	T	CATAG	ok
Curlcake4	2190	2191	+	0.002	percent_modified/100	Psi	6831	6831	T	GCTTA	ok
Curlcake4	2191	2192	+	0.0007	percent_modified/100	Psi	7346	7346	T	CTTAA	ok
Curlcake4	2196	2197	+	0.0014	percent_modified/100	Psi	7209	7209	T	GCTAA	ok
Curlcake4	2209	2210	+	0.013	percent_modified/100	Psi	4767	4767	T	CCTTG	ok
Curlcake4	2210	2211	+	0.1463	percent_modified/100	Psi	3493	3493	T	CTTGA	ok
Curlcake4	2223	2224	+	0.0005	percent_modified/100	Psi	7474	7474	T	AATTC	ok
Curlcake4	2224	2225	+	0.0003	percent_modified/100	Psi	7601	7601	T	ATTCC	ok
Curlcake4	2227	2228	+	0.0399	percent_modified/100	Psi	5043	5043	T	CCTTA	ok
Curlcake4	2228	2229	+	0.0017	percent_modified/100	Psi	6943	6943	T	CTTAC	ok
Curlcake4	2234	2235	+	0.0054	percent_modified/100	Psi	7447	7447	T	AATGT	ok
Curlcake4	2236	2237	+	0.0007	percent_modified/100	Psi	7684	7684	T	TGTGG	ok
Curlcake4	2244	2245	+	0.0001	percent_modified/100	Psi	7712	7712	T	ACTGT	ok
Curlcake4	2246	2247	+	0.0062	percent_modified/100	Psi	7056	7056	T	TGTTC	ok
Curlcake4	2247	2248	+	0.0016	percent_modified/100	Psi	6999	6999	T	GTTCC	ok
Curlcake4	2251	2252	+	0.0367	percent_modified/100	Psi	3569	3569	T	CATAG	ok
Curlcake4	2267	2268	+	0.0025	percent_modified/100	Psi	7566	7566	T	AGTTC	ok
Curlcake4	2268	2269	+	0.0045	percent_modified/100	Psi	7183	7183	T	GTTCC	ok
Curlcake4	2272	2273	+	0.0006	percent_modified/100	Psi	7106	7106	T	CCTCC	ok
Curlcake4	2276	2277	+	0.031	percent_modified/100	Psi	5654	5654	T	CATAA	ok
Curlcake4	2280	2281	+	0.0012	percent_modified/100	Psi	7641	7641	T	AATCA	ok
Curlcake4	2284	2285	+	0.0003	percent_modified/100	Psi	7567	7567	T	ACTGT	ok
Curlcake4	2286	2287	+	0.0095	percent_modified/100	Psi	6829	6829	T	TGTTC	ok
Curlcake4	2287	2288	+	0.002	percent_modified/100	Psi	7361	7361	T	GTTCG	ok
Curlcake4	2290	2291	+	0.0184	percent_modified/100	Psi	6306	6306	T	CGTAT	ok
Curlcake4	2292	2293	+	0.001	percent_modified/100	Psi	7065	7065	T	TATCC	ok
Curlcake4	2299	2300	+	0.0016	percent_modified/100	Psi	7670	7670	T	GGTCA	ok
Curlcake4	2303	2304	+	0.0179	percent_modified/100	Psi	6642	6642	T	ACTCG	ok
Curlcake4	2308	2309	+	0.0061	percent_modified/100	Psi	7385	7385	T	AATGG	ok
Curlcake4	2313	2314	+	0.0001	percent_modified/100	Psi	7918	7918	T	AGTGT	ok
Curlcake4	2315	2316	+	0.0005	percent_modified/100	Psi	7851	7851	T	TGTAC	ok
Curlcake4	2320	2321	+	0.0021	percent_modified/100	Psi	7278	7278	T	ACTAA	ok
Curlcake4	2325	2326	+	0.0036	percent_modified/100	Psi	6422	6422	T	GCTTA	ok
Curlcake4	2326	2327	+	0.0496	percent_modified/100	Psi	4660	4660	T	CTTAC	ok
Curlcake4	2334	2335	+	0.0004	percent_modified/100	Psi	7865	7865	T	GGTGT	ok
Curlcake4	2336	2337	+	0.0009	percent_modified/100	Psi	7730	7730	T	TGTAC	ok
Curlcake4	2339	2340	+	0.0006	percent_modified/100	Psi	7787	7787	T	ACTGC	ok
Curlcake4	2348	2349	+	0.0005	percent_modified/100	Psi	7737	7737	T	AATAA	ok
Curlcake4	2357	2358	+	0.005	percent_modified/100	Psi	6249	6249	T	CATAG	ok
Curlcake4	2362	2363	+	0.0008	percent_modified/100	Psi	7333	7333	T	CCTCC	ok
Curlcake4	2367	2368	+	0.0009	percent_modified/100	Psi	7820	7820	T	AATGT	ok
Curlcake4	2369	2370	+	0.0028	percent_modified/100	Psi	7539	7539	T	TGTTG	ok
Curlcake4	2370	2371	+	0.0005	percent_modified/100	Psi	7862	7862	T	GTTGG	ok
Curlcake4	2374	2375	+	0.0062	percent_modified/100	Psi	7429	7429	T	GATTG	ok
Curlcake4	2375	2376	+	0.0004	percent_modified/100	Psi	7855	7855	T	ATTGT	ok
Curlcake4	2377	2378	+	0.0001	percent_modified/100	Psi	7913	7913	T	TGTGT	ok
Curlcake4	2379	2380	+	0.0036	percent_modified/100	Psi	7315	7315	T	TGTTC	ok
Curlcake4	2380	2381	+	0.0044	percent_modified/100	Psi	7526	7526	T	GTTCT	ok
Curlcake4	2382	2383	+	0.0009	percent_modified/100	Psi	7665	7665	T	TCTAC	ok
Curlcake4	2387	2388	+	0.0039	percent_modified/100	Psi	7148	7148	T	CATGG	ok
Curlcake4	2390	2391	+	0.0001	percent_modified/100	Psi	7783	7783	T	GGTGT	ok
Curlcake4	2392	2393	+	0.0006	percent_modified/100	Psi	7779	7779	T	TGTGG	ok
Curlcake4	2395	2396	+	0.0012	percent_modified/100	Psi	7801	7801	T	GGTAT	ok
Curlcake4	2397	2398	+	0.0061	percent_modified/100	Psi	7337	7337	T	TATCA	ok
Curlcake4	2405	2406	+	0.031	percent_modified/100	Psi	6796	6796	T	GCTGC	ok
Curlcake4	2410	2411	+	0.0034	percent_modified/100	Psi	7649	7649	T	GCTGA	ok
Curlcake4	2414	2415	+	0.0003	percent_modified/100	Psi	7925	7925	T	AGTGA	ok
Curlcake4	2418	2419	+	0.0008	percent_modified/100	Psi	7799	7799	T	AGTCA	ok
Curlcake4	2426	2427	+	0.0018	percent_modified/100	Psi	7703	7703	T	AATCG	ok
Curlcake4	2434	2435	+	0.0005	percent_modified/100	Psi	7893	7893	T	GGTAA	ok
Curlcake4	2438	2439	+	0.0017	percent_modified/100	Psi	7793	7793	T	AGTTT	ok
Curlcake4	2439	2440	+	0.022	percent_modified/100	Psi	6771	6771	T	GTTTA	ok
Curlcake4	2440	2441	+	0.0024	percent_modified/100	Psi	7626	7626	T	TTTAG	ok
Curlcake4	2448	2449	+	0.0004	percent_modified/100	Psi	7874	7874	T	AGTAA	ok
Curlcake4	2452	2453	+	0.0006	percent_modified/100	Psi	7261	7261	T	AGTAT	ok
Curlcake4	2454	2455	+	0.0046	percent_modified/100	Psi	5660	5660	T	TATTG	ok
Curlcake4	2455	2456	+	0.0174	percent_modified/100	Psi	6441	6441	T	ATTGC	ok
Curlcake4	2461	2462	+	0.0007	percent_modified/100	Psi	7511	7511	T	CGTAG	ok
Curlcake4	2464	2465	+	0.0005	percent_modified/100	Psi	7700	7700	T	AGTCG	ok
Curlcake4	2474	2475	+	0.004	percent_modified/100	Psi	7525	7525	T	GATGC	ok
Curlcake4	2483	2484	+	0.0009	percent_modified/100	Psi	7534	7534	T	AATCA	ok
Curlcake4	2486	2487	+	0.0741	percent_modified/100	Psi	4425	4425	T	CATCC	ok
Curlcake4	2490	2491	+	0.2446	percent_modified/100	Psi	2551	2551	T	CATCG	ok
Curlcake4	2501	2502	+	0.0023	percent_modified/100	Psi	7081	7081	T	CCTCT	ok
Curlcake4	2503	2504	+	0.0542	percent_modified/100	Psi	3172	3172	T	TCTTT	ok
Curlcake4	2504	2505	+	0.0234	percent_modified/100	Psi	4620	4620	T	CTTTT	ok
Curlcake4	2505	2506	+	0.0054	percent_modified/100	Psi	5334	5334	T	TTTTA	ok
Curlcake4	2506	2507	+	0.0046	percent_modified/100	Psi	6060	6060	T	TTTAC	ok
Curlcake4	2509	2510	+	0.0058	percent_modified/100	Psi	6008	6008	T	ACTTT	ok
Curlcake4	2510	2511	+	0.0063	percent_modified/100	Psi	2523	2523	T	CTTTA	ok
Curlcake4	2511	2512	+	0.006	percent_modified/100	Psi	6805	6805	T	TTTAT	ok
Curlcake4	2513	2514	+	0.0003	percent_modified/100	Psi	7711	7711	T	TATAT	ok
Curlcake4	2515	2516	+	0.003	percent_modified/100	Psi	7396	7396	T	TATCC	ok
Curlcake4	2518	2519	+	0.3092	percent_modified/100	Psi	2597	2597	T	CCTTG	ok
Curlcake4	2519	2520	+	0.0088	percent_modified/100	Psi	5445	5445	T	CTTGC	ok
Curlcake4	2524	2525	+	0.0188	percent_modified/100	Psi	6769	6769	T	CGTAG	ok
Curlcake4	2530	2531	+	0.0026	percent_modified/100	Psi	7576	7576	T	CATGG	ok
Curlcake4	2533	2534	+	0.0003	percent_modified/100	Psi	7876	7876	T	GGTGA	ok
Curlcake4	2541	2542	+	0.182	percent_modified/100	Psi	4060	4060	T	CATTA	ok
Curlcake4	2542	2543	+	0.0018	percent_modified/100	Psi	7214	7214	T	ATTAG	ok
Curlcake4	2549	2550	+	0.0014	percent_modified/100	Psi	7743	7743	T	GGTAA	ok
Curlcake4	2552	2553	+	0.0076	percent_modified/100	Psi	6843	6843	T	AATCA	ok
Curlcake4	2558	2559	+	0.0039	percent_modified/100	Psi	6965	6965	T	CCTCT	ok
Curlcake4	2560	2561	+	0.1121	percent_modified/100	Psi	3881	3881	T	TCTTA	ok
Curlcake4	2561	2562	+	0.0018	percent_modified/100	Psi	7281	7281	T	CTTAG	ok
Curlcake4	2564	2565	+	0.0008	percent_modified/100	Psi	7649	7649	T	AGTCC	ok
Curlcake4	2568	2569	+	0.0099	percent_modified/100	Psi	6339	6339	T	CATCT	ok
Curlcake4	2570	2571	+	0.0004	percent_modified/100	Psi	7299	7299	T	TCTCG	ok
Curlcake4	2578	2579	+	0.0033	percent_modified/100	Psi	6870	6870	T	CATCG	ok
Curlcake4	2583	2584	+	0.0009	percent_modified/100	Psi	5834	5834	T	AATTT	ok
Curlcake4	2584	2585	+	0.0018	percent_modified/100	Psi	5640	5640	T	ATTTC	ok
Curlcake4	2585	2586	+	0.0027	percent_modified/100	Psi	6929	6929	T	TTTCA	ok
Curlcake4	2588	2589	+	0.0473	percent_modified/100	Psi	2261	2261	T	CATTA	ok
Curlcake4	2589	2590	+	0.0029	percent_modified/100	Psi	6894	6894	T	ATTAT	ok
Curlcake4	2591	2592	+	0.002	percent_modified/100	Psi	7462	7462	T	TATAC	ok
Curlcake4	2594	2595	+	0.0032	percent_modified/100	Psi	7266	7266	T	ACTCC	ok
Curlcake4	2600	2601	+	0.0777	percent_modified/100	Psi	5225	5225	T	CCTTG	ok
Curlcake4	2601	2602	+	0.005	percent_modified/100	Psi	7069	7069	T	CTTGG	ok
Curlcake4	2608	2609	+	0.013	percent_modified/100	Psi	5377	5377	T	ACTTA	ok
Curlcake4	2609	2610	+	0.0083	percent_modified/100	Psi	5525	5525	T	CTTAC	ok
Curlcake4	2613	2614	+	0.0502	percent_modified/100	Psi	3025	3025	T	CATTA	ok
Curlcake4	2614	2615	+	0.0014	percent_modified/100	Psi	7177	7177	T	ATTAG	ok
Curlcake4	2620	2621	+	0.0006	percent_modified/100	Psi	7752	7752	T	AGTCT	ok
Curlcake4	2622	2623	+	0.0096	percent_modified/100	Psi	6646	6646	T	TCTAC	ok
Curlcake4	2627	2628	+	0.0027	percent_modified/100	Psi	7140	7140	T	GCTCT	ok
Curlcake4	2629	2630	+	0.0048	percent_modified/100	Psi	6466	6466	T	TCTCG	ok
Curlcake4	2632	2633	+	0.0281	percent_modified/100	Psi	5702	5702	T	CGTTG	ok
Curlcake4	2633	2634	+	0.0061	percent_modified/100	Psi	7196	7196	T	GTTGC	ok
Curlcake4	2640	2641	+	0.0004	percent_modified/100	Psi	7799	7799	T	GGTCC	ok
Curlcake4	2645	2646	+	0.003	percent_modified/100	Psi	6316	6316	T	ACTCA	ok
Curlcake4	2649	2650	+	0.004	percent_modified/100	Psi	5534	5534	T	ACTAC	ok
Curlcake4	2652	2653	+	0.0179	percent_modified/100	Psi	5815	5815	T	ACTAT	ok
Curlcake4	2654	2655	+	0.1782	percent_modified/100	Psi	3249	3249	T	TATCT	ok
Curlcake4	2656	2657	+	0.0074	percent_modified/100	Psi	6790	6790	T	TCTGA	ok
Curlcake4	2663	2664	+	0.0033	percent_modified/100	Psi	6460	6460	T	ACTCG	ok
Curlcake4	2672	2673	+	0.0223	percent_modified/100	Psi	4893	4893	T	CATCG	ok
Curlcake4	2679	2680	+	0.0423	percent_modified/100	Psi	6214	6214	T	CCTGC	ok
Curlcake4	2685	2686	+	0.0009	percent_modified/100	Psi	7934	7934	T	GGTAC	ok
Curlcake4	2690	2691	+	0.0017	percent_modified/100	Psi	7800	7800	T	ACTGG	ok
Curlcake4	2693	2694	+	0.0017	percent_modified/100	Psi	7741	7741	T	GGTCA	ok
Curlcake4	2707	2708	+	0.002	percent_modified/100	Psi	7611	7611	T	GATGC	ok
Curlcake4	2734	2735	+	0.0172	percent_modified/100	Psi	5876	5876	T	CATGT	ok
Curlcake4	2736	2737	+	0.0218	percent_modified/100	Psi	5698	5698	T	TGTAG	ok
