chrom	start	end	strand	score	score_type	coverage	ref_base	five_mer_raw	center_status	drach
chr1	4968106	4968107	+	0.0321353	Pvalue	84	A	TCAAT	ok	False
chr1	4846699	4846700	-	0.0281541	Pvalue	700	T	AATAC	ok	False
chr1	10095217	10095218	-	0.0191875	Pvalue	167	T	AATCT	ok	False
chr1	72891407	72891408	+	0.0113603	Pvalue	453	A	CCAGT	ok	False
chr1	86278248	86278249	-	2.84565e-22	Pvalue	1757	T	TGTCC	ok	True
chr1	160030798	160030799	-	0.0280441	Pvalue	296	T	ACTTC	ok	False
chr1	180630492	180630493	-	0.0273168	Pvalue	155	T	GATTC	ok	False
chr1	161068982	161068983	-	0.0424271	Pvalue	120	T	GCTGA	ok	False
chr2	29961453	29961454	+	0.000570559	Pvalue	175	A	AGACG	ok	False
chr2	38478138	38478139	-	0.00317632	Pvalue	428	T	GGTGG	ok	False
chr2	104830016	104830017	-	0.000359304	Pvalue	440	T	GTTTT	ok	False
chr2	132091440	132091441	-	0.0117888	Pvalue	168	T	ACTCA	ok	False
chr2	154714637	154714638	-	0.000877959	Pvalue	489	T	ATTAG	ok	False
chr3	87823054	87823055	+	0.0440687	Pvalue	592	A	AAAAG	ok	False
chr3	86049075	86049076	-	0.017535	Pvalue	235	T	CATCG	ok	False
chr3	86045807	86045808	-	3.44583e-25	Pvalue	3055	T	CTTCA	ok	False
chr3	95568891	95568892	+	0.0480555	Pvalue	102	A	GAAGT	ok	False
chr3	105850161	105850162	-	0.000406282	Pvalue	236	T	AATAC	ok	False
chr3	94791653	94791654	-	0.0011917	Pvalue	898	T	ATTTA	ok	False
chr3	130522736	130522737	-	0.0402838	Pvalue	772	T	ATTTA	ok	False
chr3	131027167	131027168	-	0.00534465	Pvalue	77	T	AATTC	ok	False
chr3	130522758	130522759	-	0.0107695	Pvalue	665	T	CTTGG	ok	False
chr4	3834936	3834937	-	4.11761e-23	Pvalue	5366	T	CCTTG	ok	False
chr4	106913094	106913095	-	0.000227711	Pvalue	182	T	TTTAT	ok	False
chr4	86774162	86774163	-	3.38105e-06	Pvalue	200	T	GATTA	ok	False
chr4	86772904	86772905	-	2.59265e-05	Pvalue	242	T	ATTCA	ok	False
chr4	116495227	116495228	-	0.0487898	Pvalue	211	T	CTTTC	ok	False
chr4	55390715	55390716	+	2.01802e-05	Pvalue	104	A	TAATT	ok	False
chr4	132258129	132258130	-	0.021073	Pvalue	439	T	CTTCT	ok	False
chr4	134200844	134200845	+	0.00508248	Pvalue	164	A	AGACC	ok	True
chr4	117011606	117011607	-	2.75137e-07	Pvalue	2073	T	AATCT	ok	False
chr4	148701336	148701337	-	0.0410778	Pvalue	356	T	TTTTA	ok	False
chr4	137469486	137469487	-	0.0183094	Pvalue	99	T	AATAA	ok	False
chr5	31360397	31360398	-	3.50486e-07	Pvalue	130	T	AGTCC	ok	True
chr4	155973112	155973113	+	0.0389523	Pvalue	44	A	TCAAA	ok	False
chr5	104588850	104588851	+	3.79242e-05	Pvalue	344	A	ATAAT	ok	False
chr5	121583366	121583367	-	0.00133299	Pvalue	77	T	TGTCC	ok	True
chr5	125463634	125463635	-	0.049276	Pvalue	111	T	TGTCC	ok	True
chr5	129100055	129100056	+	6.22278e-10	Pvalue	1726	A	TCATT	ok	False
chr5	129874902	129874903	+	4.46319e-05	Pvalue	293	A	ATAAG	ok	False
chr5	135917964	135917965	+	0.0177586	Pvalue	292	A	ACACG	ok	False
chr5	115698940	115698941	+	0.00157585	Pvalue	335	A	TCAGG	ok	False
chr5	115701618	115701619	+	0.0224702	Pvalue	270	A	AAAAA	ok	False
chr5	145064753	145064754	+	0.000346803	Pvalue	102	A	TAAAT	ok	False
chr5	135818601	135818602	+	0.00667715	Pvalue	547	A	GCACT	ok	False
chr6	85114074	85114075	-	0.0293802	Pvalue	16	T	TTTGG	ok	False
chr6	87820206	87820207	-	3.41839e-07	Pvalue	759	T	TTTTC	ok	False
chr6	82624598	82624599	-	0.00965136	Pvalue	15	T	ATTTA	ok	False
chr6	115782569	115782570	-	7.50995e-05	Pvalue	4913	T	GATGG	ok	False
chr6	124912764	124912765	+	0.0392392	Pvalue	405	A	CCATC	ok	False
chr6	124693739	124693740	+	0.0125623	Pvalue	1086	A	GAAGA	ok	False
chr6	125139196	125139197	-	0.025279	Pvalue	35	T	GTTGT	ok	False
chr6	72819840	72819841	-	0.0420971	Pvalue	31	T	AGTGG	ok	False
chr6	117902313	117902314	+	0.00791255	Pvalue	526	A	CAAAG	ok	False
chr7	25365689	25365690	+	0.0169679	Pvalue	163	A	CCATC	ok	False
chr7	28051806	28051807	+	0.0378101	Pvalue	610	A	TCAAA	ok	False
chr7	12659749	12659750	+	1.11347e-10	Pvalue	4320	A	AGACG	ok	False
chr7	4797494	4797495	+	3.59612e-05	Pvalue	982	A	CCAAG	ok	False
chr7	37920181	37920182	-	0.0397474	Pvalue	17	T	GATTC	ok	False
chr7	45370219	45370220	+	0.00406191	Pvalue	2366	A	GGATC	ok	False
chr7	45370192	45370193	+	6.05561e-05	Pvalue	2362	A	CCAGC	ok	False
chr7	44775098	44775099	-	6.56784e-05	Pvalue	431	T	CATGT	ok	False
chr7	46504869	46504870	+	0.000312412	Pvalue	1207	A	GTATA	ok	False
chr7	46472917	46472918	+	0.0209017	Pvalue	117	A	GAAAC	ok	False
chr7	126871323	126871324	-	0.0262909	Pvalue	221	T	ATTTG	ok	False
chr7	110671383	110671384	-	0.00227423	Pvalue	535	T	ATTTT	ok	False
chr7	126394411	126394412	-	0.0124772	Pvalue	945	T	CCTTA	ok	False
chr7	126856402	126856403	-	0.00430793	Pvalue	378	T	GCTAA	ok	False
chr7	144418963	144418964	+	0.0124284	Pvalue	622	A	AAATG	ok	False
chr7	141031220	141031221	+	2.12388e-23	Pvalue	5592	A	TAAAT	ok	False
chr8	57967504	57967505	+	0.000791047	Pvalue	266	A	TAATA	ok	False
chr8	71152954	71152955	+	0.00780758	Pvalue	351	A	TCACG	ok	False
chr8	27765159	27765160	+	1.391e-05	Pvalue	450	A	CAATG	ok	False
chr8	46660334	46660335	-	0.00357757	Pvalue	184	T	AATAC	ok	False
chr8	73074847	73074848	+	2.15542e-05	Pvalue	292	A	TTATT	ok	False
chr8	72046829	72046830	+	0.0377803	Pvalue	38	A	TGAGA	ok	False
chr8	79231902	79231903	-	0.0295337	Pvalue	298	T	CCTTT	ok	False
chr8	84449364	84449365	+	0.0259087	Pvalue	188	A	CGAGT	ok	False
chr8	112679401	112679402	+	0.00227709	Pvalue	137	A	AAAAG	ok	False
chr8	125616099	125616100	+	0.0383723	Pvalue	31	A	TCACA	ok	False
chr9	40715556	40715557	+	1.46025e-06	Pvalue	1475	A	AGATT	ok	False
chr9	70315135	70315136	-	0.0364694	Pvalue	140	T	GGTTT	ok	True
chr9	59586637	59586638	+	2.13777e-09	Pvalue	3492	A	TAAAC	ok	False
chr9	89974452	89974453	-	0.0431418	Pvalue	11	T	GGTAC	ok	False
chr9	64085725	64085726	+	1.89655e-10	Pvalue	3290	A	TAAAC	ok	False
chr9	119960514	119960515	+	0.00658481	Pvalue	10765	A	ACAGC	ok	False
chr9	110769307	110769308	-	0.0114282	Pvalue	39	T	TCTCT	ok	False
chr10	29574737	29574738	-	0.0016648	Pvalue	1140	T	TTTTT	ok	False
chr9	119960583	119960584	+	2.02849e-89	Pvalue	10652	A	CAAAG	ok	False
chr10	75695359	75695360	-	3.84252e-14	Pvalue	1573	T	CGTAA	ok	False
chr10	77823915	77823916	-	9.90783e-06	Pvalue	435	T	AGTAG	ok	False
chr10	80240030	80240031	-	0.0401868	Pvalue	522	T	TGTAA	ok	False
chr10	79595024	79595025	-	0.0451776	Pvalue	58	T	TGTGT	ok	False
chr10	127884437	127884438	+	0.017498	Pvalue	716	A	CTACA	ok	False
chr10	116887094	116887095	-	0.0404861	Pvalue	564	T	TCTTC	ok	False
chr10	128384031	128384032	-	2.58822e-05	Pvalue	5893	T	ACTTG	ok	False
chr11	6369804	6369805	+	4.84745e-10	Pvalue	551	A	TAAAT	ok	False
chr11	33102664	33102665	-	0.0047822	Pvalue	3543	T	TTTTA	ok	False
chr11	53152580	53152581	-	0.02413	Pvalue	640	T	CCTTT	ok	False
chr11	62443751	62443752	+	0.00035309	Pvalue	927	A	ATAAA	ok	False
chr11	70543684	70543685	-	0.027952	Pvalue	399	T	TGTAA	ok	False
chr11	78433238	78433239	-	0.000452977	Pvalue	10	T	TGTCT	ok	True
chr11	86585607	86585608	-	0.0317002	Pvalue	509	T	TATCC	ok	False
chr12	69205812	69205813	-	9.70343e-14	Pvalue	413	T	AGTAG	ok	False
chr12	111636088	111636089	-	0.00171638	Pvalue	2021	T	CATCT	ok	False
chr12	110657702	110657703	-	4.20514e-11	Pvalue	4411	T	TCTTA	ok	False
chr14	4201854	4201855	+	2.47818e-05	Pvalue	244	A	TAAAT	ok	False
chr14	63730261	63730262	-	0.0467227	Pvalue	560	T	CATTG	ok	False
chr15	31592583	31592584	-	0.0147334	Pvalue	818	T	TCTCA	ok	False
chr15	36596100	36596101	-	3.52115e-11	Pvalue	903	T	CATTA	ok	False
chr15	75767628	75767629	-	0.0364184	Pvalue	1952	T	ACTTT	ok	False
chr16	34926721	34926722	+	0.0140564	Pvalue	52	A	AGAAG	ok	False
chr17	13130522	13130523	-	0.0484282	Pvalue	43	T	GGTAG	ok	False
chr17	13142467	13142468	+	0.00340168	Pvalue	436	A	TGATT	ok	False
chr17	28549550	28549551	+	0.0234975	Pvalue	161	A	CCACG	ok	False
chr17	37321408	37321409	+	1.80919e-05	Pvalue	184	A	GGACT	ok	True
chr17	66390409	66390410	-	0.0157796	Pvalue	277	T	TATTT	ok	False
chr18	36890367	36890368	+	0.0155605	Pvalue	113	A	AGATG	ok	False
chr18	77869503	77869504	+	0.0038888	Pvalue	478	A	CCATG	ok	False
chr19	32443430	32443431	-	3.62078e-05	Pvalue	1720	T	ACTTC	ok	False
chr19	41906994	41906995	+	1.02099e-14	Pvalue	93	A	GAATC	ok	False
chrx	13069948	13069949	+	0.0436809	Pvalue	1700	A	CCAGA	ok	False
chrx	36062243	36062244	+	0.0107399	Pvalue	570	A	ATACC	ok	False
chrx	105247154	105247155	+	0.00639299	Pvalue	301	A	TAAAG	ok	False
chr1	55130453	55130454	+	0.000140864	Pvalue	728	A	AAATG	ok	False
chr1	55117123	55117124	-	0.000311268	Pvalue	1225	T	AGTCC	ok	True
chr1	134559146	134559147	+	0.0111669	Pvalue	36	A	GGACT	ok	True
chr2	73738826	73738827	-	0.0433193	Pvalue	1172	T	AATAA	ok	False
chr2	121268126	121268127	+	0.000105765	Pvalue	262	A	CTATA	ok	False
chr2	154714550	154714551	-	1.78767e-05	Pvalue	766	T	TATCT	ok	False
chr3	88235737	88235738	+	0.000571014	Pvalue	270	A	TCATG	ok	False
chr3	94940293	94940294	-	0.027822	Pvalue	486	T	CCTCC	ok	False
chr3	121251289	121251290	+	0.0303763	Pvalue	261	A	GTAAC	ok	False
chr4	10988770	10988771	-	0.0030463	Pvalue	192	T	CATTT	ok	False
chr4	107744471	107744472	+	0.00532023	Pvalue	192	A	CTAGA	ok	False
chr4	116494975	116494976	-	0.0251774	Pvalue	188	T	AATAT	ok	False
chr4	129409683	129409684	+	1.689e-06	Pvalue	443	A	GTACT	ok	False
chr4	138831111	138831112	-	0.0380131	Pvalue	164	T	TTTTT	ok	False
chr4	152411995	152411996	+	0.0142928	Pvalue	1297	A	GGACT	ok	True
chr5	36952640	36952641	-	0.00280703	Pvalue	243	T	AATAC	ok	False
chr5	45669465	45669466	+	0.0017422	Pvalue	295	A	ATATT	ok	False
chr5	117517418	117517419	-	6.48579e-09	Pvalue	376	T	CATTG	ok	False
chr5	135937280	135937281	-	0.0224466	Pvalue	448	T	ATTTT	ok	False
chr6	34281025	34281026	-	0.0416729	Pvalue	255	T	GGTAA	ok	False
chr5	145066558	145066559	-	0.00245387	Pvalue	257	T	AATGA	ok	False
chr6	87957422	87957423	-	0.00082901	Pvalue	859	T	ATTGC	ok	False
chr6	122583535	122583536	-	0.0427635	Pvalue	70	T	GGTCC	ok	True
chr6	125138954	125138955	-	0.00256126	Pvalue	59	T	TCTTG	ok	False
chr7	12764722	12764723	+	7.86143e-12	Pvalue	1840	A	CCACC	ok	False
chr7	27878581	27878582	+	0.0320113	Pvalue	114	A	AAACT	ok	True
chr7	46504758	46504759	+	0.0124987	Pvalue	922	A	CCACT	ok	False
chr7	105459233	105459234	-	0.00178984	Pvalue	244	T	CATCT	ok	False
chr7	114304751	114304752	-	0.00268561	Pvalue	1165	T	CTTCA	ok	False
chr7	117708321	117708322	-	0.00865358	Pvalue	800	T	CGTTT	ok	False
chr7	105393093	105393094	-	0.00412999	Pvalue	144	T	ACTAC	ok	False
chr7	141027891	141027892	+	1.33528e-20	Pvalue	4859	A	CAAGA	ok	False
chr8	27765481	27765482	+	1.66653e-07	Pvalue	642	A	TTACC	ok	False
chr8	72046831	72046832	+	0.000831904	Pvalue	41	A	AGACA	ok	True
chr8	111784182	111784183	+	9.10821e-05	Pvalue	103	A	GGACT	ok	True
chr8	84726790	84726791	+	3.65606e-05	Pvalue	50	A	CCAAA	ok	False
chr8	123299529	123299530	+	0.0402337	Pvalue	167	A	GCATC	ok	False
chr9	40716408	40716409	+	4.02361e-07	Pvalue	5411	A	GGATT	ok	False
chr9	59586638	59586639	+	1.92572e-10	Pvalue	3481	A	AAACA	ok	True
chr9	71386004	71386005	-	0.0455712	Pvalue	241	T	TGTAC	ok	False
chr10	12884723	12884724	+	0.00976922	Pvalue	302	A	GTACC	ok	False
chr10	61267789	61267790	-	0.0394666	Pvalue	64	T	TGTTT	ok	True
chr10	23661801	23661802	-	9.37168e-05	Pvalue	562	T	CTTTA	ok	False
chr10	79890883	79890884	+	0.0332959	Pvalue	345	A	AAATG	ok	False
chr10	81018325	81018326	+	9.12878e-06	Pvalue	2062	A	TGATC	ok	False
chr10	90985038	90985039	-	0.0235831	Pvalue	103	T	TTTTT	ok	False
chr11	6368124	6368125	+	0.0415819	Pvalue	114	A	AGACA	ok	True
chr11	22952842	22952843	+	0.000280221	Pvalue	1104	A	GAAAT	ok	False
chr11	48696386	48696387	+	1.27695e-27	Pvalue	5265	A	AGATC	ok	False
chr11	69807551	69807552	-	0.0204285	Pvalue	1504	T	TATTA	ok	False
chr11	78073737	78073738	-	0.000116617	Pvalue	400	T	GCTGT	ok	False
chr11	97053248	97053249	-	0.0024687	Pvalue	75	T	AGTAA	ok	False
chr11	107388452	107388453	+	4.35541e-13	Pvalue	198	A	AAATA	ok	False
chr12	24764012	24764013	+	0.00556452	Pvalue	162	A	AGATG	ok	False
chr13	30724526	30724527	-	0.00902316	Pvalue	204	T	GTTTT	ok	False
chr12	110657977	110657978	-	2.84503e-05	Pvalue	752	T	AGTCT	ok	True
chr14	14518275	14518276	-	0.00482324	Pvalue	58	T	CTTTC	ok	False
chr15	76230116	76230117	+	4.77312e-05	Pvalue	382	A	TAAAT	ok	False
chr15	79963912	79963913	-	0.000156907	Pvalue	1017	T	GGTGA	ok	False
chr16	55791774	55791775	+	0.0027077	Pvalue	2049	A	GAAAT	ok	False
chr17	13143329	13143330	+	1.44894e-12	Pvalue	1114	A	GAAAA	ok	False
chr18	56717440	56717441	+	0.0175534	Pvalue	171	A	AGATT	ok	False
chr18	48181424	48181425	+	0.000320626	Pvalue	187	A	AAAAA	ok	False
chr19	7404711	7404712	-	0.0476471	Pvalue	46	T	TGTAA	ok	False
chr19	6998297	6998298	-	0.000414089	Pvalue	242	T	CATGC	ok	False
chrx	133438235	133438236	-	0.0208714	Pvalue	75	T	TATGA	ok	False
chrx	12482713	12482714	+	0.0136451	Pvalue	37	A	TAAAA	ok	False
chr1	55117581	55117582	-	1.12589e-05	Pvalue	505	T	AGTAA	ok	False
chr1	135181973	135181974	-	0.0393096	Pvalue	61	T	CCTGA	ok	False
chr1	135696381	135696382	+	4.65349e-05	Pvalue	23	A	AGACT	ok	True
chr1	180726529	180726530	+	0.00390982	Pvalue	174	A	GAAAC	ok	False
chr2	26801533	26801534	+	0.0491817	Pvalue	88	A	AAAGT	ok	False
chr2	74421734	74421735	-	0.0209084	Pvalue	204	T	ATTTG	ok	False
chr2	120337938	120337939	-	0.0333398	Pvalue	17	T	CTTTA	ok	False
chr3	82978502	82978503	+	4.83486e-05	Pvalue	68	A	CAATG	ok	False
chr3	121251694	121251695	+	0.00454038	Pvalue	235	A	ACATG	ok	False
chr4	41738510	41738511	-	0.048712	Pvalue	96	T	TTTAT	ok	False
chr4	41191594	41191595	+	0.000237259	Pvalue	158	A	TAAAT	ok	False
chr4	116551033	116551034	+	1.14479e-06	Pvalue	828	A	AAACA	ok	True
chr4	134201132	134201133	+	0.00437742	Pvalue	256	A	GCACA	ok	False
chr4	127219382	127219383	-	0.013006	Pvalue	158	T	TGTCT	ok	True
chr4	137469228	137469229	-	0.000233909	Pvalue	217	T	TGTGT	ok	False
chr5	65546865	65546866	-	3.62018e-15	Pvalue	971	T	ATTTC	ok	False
chr5	125463613	125463614	-	1.74988e-08	Pvalue	122	T	GGTCA	ok	True
chr5	122926054	122926055	-	0.00291618	Pvalue	586	T	ACTGA	ok	False
chr5	135818566	135818567	+	0.0219057	Pvalue	594	A	TGAGT	ok	False
chr6	87820186	87820187	-	9.2173e-05	Pvalue	755	T	GTTTA	ok	False
chr6	72336735	72336736	-	0.0397153	Pvalue	75	T	AATTT	ok	False
chr6	85444033	85444034	+	0.0287442	Pvalue	132	A	CTAAG	ok	False
chr7	28439396	28439397	-	0.00710061	Pvalue	264	T	CGTGA	ok	False
chr7	12660587	12660588	+	1.50608e-05	Pvalue	4684	A	ATAAA	ok	False
chr7	37797549	37797550	-	0.0460226	Pvalue	273	T	ACTTG	ok	False
chr7	46504797	46504798	+	0.000395101	Pvalue	1081	A	TTACC	ok	False
chr7	105459068	105459069	-	1.41282e-09	Pvalue	537	T	AGTCT	ok	True
chr7	45107391	45107392	-	2.24876e-35	Pvalue	7274	T	TTTAC	ok	False
chr7	110671384	110671385	-	0.00821061	Pvalue	542	T	TTTTA	ok	False
chr8	70347049	70347050	-	0.0151575	Pvalue	563	T	AATCT	ok	False
chr8	71320891	71320892	-	0.0050058	Pvalue	277	T	TATTG	ok	False
chr8	79231999	79232000	-	0.00812655	Pvalue	342	T	AATTA	ok	False
chr8	107785241	107785242	+	0.0153979	Pvalue	117	A	CAACA	ok	False
chr9	40715869	40715870	+	0.00206602	Pvalue	3268	A	CTATG	ok	False
chr9	70315123	70315124	-	0.000273532	Pvalue	140	T	AGTTT	ok	True
chr9	107491758	107491759	-	0.0436345	Pvalue	251	T	ATTTG	ok	False
chr9	114586121	114586122	-	0.0383942	Pvalue	209	T	TGTCT	ok	True
chr10	12884893	12884894	+	0.0362442	Pvalue	297	A	AAAAC	ok	False
chr10	29574763	29574764	-	0.0108162	Pvalue	2803	T	TTTAT	ok	False
chr9	108215109	108215110	+	0.0275851	Pvalue	223	A	TAATA	ok	False
chr9	119960620	119960621	+	4.83019e-10	Pvalue	9911	A	AAAGC	ok	False
chr10	80129923	80129924	+	1.9291e-17	Pvalue	8163	A	CAATA	ok	False
chr10	82485689	82485690	+	0.00118519	Pvalue	21	A	TGAAC	ok	False
chr10	128197054	128197055	+	0.0154003	Pvalue	108	A	TAAAA	ok	False
chr11	6369225	6369226	+	0.0142276	Pvalue	378	A	GCAAA	ok	False
chr11	40630530	40630531	+	0.000502342	Pvalue	80	A	ACACT	ok	False
chr11	33105158	33105159	-	0.0288193	Pvalue	320	T	CCTTT	ok	False
chr11	48696841	48696842	+	7.02519e-15	Pvalue	5244	A	CGAGT	ok	False
chr11	58823319	58823320	-	0.000103475	Pvalue	386	T	GATGC	ok	False
chr11	78073638	78073639	-	0.0183538	Pvalue	465	T	CCTGG	ok	False
chr11	97518578	97518579	-	0.000419272	Pvalue	1826	T	CTTCA	ok	False
chr11	101336336	101336337	+	0.0302176	Pvalue	149	A	TAAAA	ok	False
chr11	115913696	115913697	-	0.00547995	Pvalue	134	T	TTTAA	ok	False
chr11	115913788	115913789	-	0.00227049	Pvalue	117	T	TTTTA	ok	False
chr11	120236655	120236656	-	4.06662e-21	Pvalue	2323	T	AATAC	ok	False
chr12	55465171	55465172	+	0.0340478	Pvalue	474	A	GGAGA	ok	False
chr12	28681142	28681143	-	0.00704071	Pvalue	244	T	AATTA	ok	False
chr12	110658869	110658870	-	0.00264101	Pvalue	151	T	TTTGA	ok	False
chr14	14518287	14518288	-	0.00322901	Pvalue	57	T	GCTTC	ok	False
chr15	79556897	79556898	+	0.0123919	Pvalue	304	A	TCACC	ok	False
chr15	34284202	34284203	+	0.0177331	Pvalue	51	A	TCACA	ok	False
chr15	102005588	102005589	+	0.00266379	Pvalue	348	A	TAAAT	ok	False
chr16	87282758	87282759	-	0.0145336	Pvalue	243	T	TTTCG	ok	False
chr17	36146442	36146443	-	0.0119134	Pvalue	325	T	GTTGA	ok	False
chr17	88031080	88031081	+	0.00018151	Pvalue	303	A	AAATG	ok	False
chr19	5947708	5947709	-	0.00642372	Pvalue	60	T	ATTTA	ok	False
chr19	8950297	8950298	+	0.00045086	Pvalue	432	A	AAAAG	ok	False
chrx	36062338	36062339	+	0.00550258	Pvalue	566	A	TCATC	ok	False
chrx	99559566	99559567	+	0.0492715	Pvalue	58	A	TAAAA	ok	False
chrx	165240472	165240473	-	0.0345353	Pvalue	36	T	ATTTA	ok	False
chr1	86277423	86277424	-	0.0435811	Pvalue	83	T	CCTCT	ok	False
chr2	130120827	130120828	+	0.0173843	Pvalue	387	A	GAAAA	ok	False
chr2	172222725	172222726	+	0.0133921	Pvalue	60	A	TTACA	ok	False
chr3	86045871	86045872	-	3.41683e-18	Pvalue	2817	T	TCTAT	ok	False
chr3	121251680	121251681	+	0.00952847	Pvalue	232	A	AGAAA	ok	False
chr3	137572369	137572370	+	2.34507e-12	Pvalue	586	A	AAATT	ok	False
chr4	55527803	55527804	-	0.0367143	Pvalue	8	T	AGTCC	ok	True
chr4	137047548	137047549	-	0.00318207	Pvalue	48	T	ATTAG	ok	False
chr5	33184717	33184718	+	2.16233e-07	Pvalue	33	A	GGACT	ok	True
chr5	77114984	77114985	+	0.00095206	Pvalue	262	A	CTACT	ok	False
chr5	129099592	129099593	+	0.0027704	Pvalue	674	A	GTACG	ok	False
chr5	140428946	140428947	+	1.95858e-09	Pvalue	1081	A	GGACT	ok	True
chr7	97056962	97056963	+	0.0345675	Pvalue	174	A	TTAGG	ok	False
chr7	45107664	45107665	-	1.43775e-39	Pvalue	5353	T	TTTCA	ok	False
chr7	102117922	102117923	+	0.000713407	Pvalue	152	A	GAATA	ok	False
chr8	23067248	23067249	-	0.0287334	Pvalue	159	T	CTTTA	ok	False
chr8	84973307	84973308	-	0.000739301	Pvalue	246	T	ATTCC	ok	False
chr8	79232063	79232064	-	0.0313713	Pvalue	340	T	ATTTA	ok	False
chr8	112679335	112679336	+	0.00368998	Pvalue	129	A	AAAGG	ok	False
chr8	127661462	127661463	-	0.0333204	Pvalue	55	T	GTTTC	ok	False
chr9	56845439	56845440	+	6.05343e-15	Pvalue	124	A	GGACT	ok	True
chr9	44320135	44320136	+	7.54775e-27	Pvalue	2422	A	CCAGG	ok	False
chr9	44247280	44247281	+	0.0182932	Pvalue	382	A	GAACT	ok	True
chr9	79663630	79663631	-	0.0160613	Pvalue	326	T	CATCC	ok	False
chr9	96214817	96214818	-	0.0125893	Pvalue	131	T	TATCT	ok	False
chr9	114586105	114586106	-	0.0102296	Pvalue	194	T	GGTAT	ok	False
chr10	41064276	41064277	-	0.0264774	Pvalue	44	T	TTTTA	ok	False
chr10	86526718	86526719	-	0.0141543	Pvalue	655	T	TTTTT	ok	False
chr11	6369586	6369587	+	0.00830511	Pvalue	536	A	CCATT	ok	False
chr10	128461991	128461992	-	7.35463e-12	Pvalue	1689	T	AATGA	ok	False
chr11	22952386	22952387	+	1.42479e-08	Pvalue	770	A	GCATT	ok	False
chr11	51491825	51491826	-	0.000745732	Pvalue	1209	T	AGTAA	ok	False
chr11	69557768	69557769	-	4.19809e-05	Pvalue	1470	T	GTTTC	ok	False
chr11	75656096	75656097	+	2.53478e-10	Pvalue	915	A	GTAAC	ok	False
chr11	93840706	93840707	-	0.0096702	Pvalue	2232	T	TGTCC	ok	True
chr11	119179233	119179234	-	7.22227e-07	Pvalue	407	T	GATTA	ok	False
chr12	13269336	13269337	-	0.00582015	Pvalue	191	T	GCTGC	ok	False
chr14	8520507	8520508	+	0.0065027	Pvalue	64	A	GGACT	ok	True
chr14	34066836	34066837	+	0.00224704	Pvalue	197	A	GCAGT	ok	False
chr15	31592550	31592551	-	0.0288488	Pvalue	902	T	CATGG	ok	False
chr15	36595908	36595909	-	0.0378479	Pvalue	757	T	TGTTT	ok	True
chr15	79962227	79962228	-	0.00433281	Pvalue	1447	T	CATGG	ok	False
chr17	6703435	6703436	+	0.0338393	Pvalue	113	A	GCAAA	ok	False
chr16	87282756	87282757	-	0.0142942	Pvalue	232	T	AATTT	ok	False
chr17	35821643	35821644	+	0.00208377	Pvalue	526	A	TTAAA	ok	False
chr17	45878740	45878741	-	6.59419e-12	Pvalue	2592	T	TTTTA	ok	False
chr17	87741006	87741007	-	0.00478723	Pvalue	320	T	AATAG	ok	False
chr18	74939118	74939119	+	0.0456458	Pvalue	86	A	TGAGG	ok	False
chr18	75134284	75134285	+	0.008396	Pvalue	12	A	CTACT	ok	False
chr19	6998331	6998332	-	0.0144993	Pvalue	281	T	GATGA	ok	False
chrx	73316623	73316624	+	0.000674647	Pvalue	155	A	ATATA	ok	False
chrx	154111459	154111460	-	0.0159365	Pvalue	195	T	AGTGT	ok	False
chr1	59694685	59694686	-	0.0314706	Pvalue	13	T	TTTGC	ok	False
chr1	63218620	63218621	+	4.55057e-19	Pvalue	2258	A	AAATT	ok	False
chr1	84702297	84702298	-	0.0158327	Pvalue	295	T	TTTTC	ok	False
chr1	135181794	135181795	-	0.0201679	Pvalue	105	T	CCTGG	ok	False
chr1	152651072	152651073	+	0.00331186	Pvalue	150	A	AAATT	ok	False
chr1	180428171	180428172	+	0.0365184	Pvalue	139	A	CCACA	ok	False
chr2	30064028	30064029	+	0.0396772	Pvalue	78	A	TCACA	ok	False
chr2	31410457	31410458	+	0.00427758	Pvalue	184	A	CCACT	ok	False
chr2	104830007	104830008	-	0.00376777	Pvalue	329	T	GTTGA	ok	False
chr2	130013705	130013706	-	0.000810732	Pvalue	347	T	TTTCC	ok	False
chr2	132091514	132091515	-	0.0116111	Pvalue	150	T	GTTTT	ok	False
chr2	129110647	129110648	-	0.00478101	Pvalue	11	T	TGTCA	ok	True
chr2	154714703	154714704	-	0.0223743	Pvalue	366	T	TTTGA	ok	False
chr2	163466927	163466928	-	0.00336963	Pvalue	57	T	GATTA	ok	False
chr2	164668717	164668718	+	0.00330663	Pvalue	201	A	AGACT	ok	True
chr3	57553857	57553858	-	0.00755517	Pvalue	111	T	AGTCC	ok	True
chr3	87823000	87823001	+	0.00904825	Pvalue	272	A	ATAAA	ok	False
chr3	88495649	88495650	+	0.0131921	Pvalue	618	A	TTATG	ok	False
chr3	89322784	89322785	-	0.0111129	Pvalue	199	T	GATTA	ok	False
chr3	105850060	105850061	-	0.00720779	Pvalue	235	T	GTTTA	ok	False
chr3	130522450	130522451	-	0.0113098	Pvalue	806	T	GCTTC	ok	False
chr3	138161013	138161014	+	0.0255896	Pvalue	237	A	CAAAT	ok	False
chr4	42979968	42979969	-	0.000530977	Pvalue	147	T	TTTTG	ok	False
chr4	133575068	133575069	-	0.0023697	Pvalue	78	T	CGTCG	ok	False
chr5	36952466	36952467	-	1.41284e-08	Pvalue	634	T	TTTTA	ok	False
chr5	65547753	65547754	-	0.0454505	Pvalue	845	T	GTTCT	ok	False
chr5	108581921	108581922	-	0.0357035	Pvalue	615	T	GATGA	ok	False
chr5	135917263	135917264	+	0.0184506	Pvalue	245	A	CCAAG	ok	False
chr5	115701448	115701449	+	0.00470193	Pvalue	3578	A	GCAAA	ok	False
chr6	7675231	7675232	-	9.41887e-06	Pvalue	578	T	AGTCT	ok	True
chr6	87976112	87976113	-	4.42959e-05	Pvalue	467	T	TATTG	ok	False
chr6	122583452	122583453	-	0.00762012	Pvalue	110	T	CGTGG	ok	False
chr6	122691262	122691263	+	0.0150071	Pvalue	409	A	TAAAA	ok	False
chr6	122691571	122691572	+	0.000332704	Pvalue	443	A	ATAAA	ok	False
chr7	24942786	24942787	-	0.0333961	Pvalue	142	T	TCTCC	ok	False
chr7	12659741	12659742	+	1.76491e-15	Pvalue	4213	A	GTACA	ok	False
chr7	33901689	33901690	-	0.0381028	Pvalue	1184	T	GGTGG	ok	False
chr7	46501384	46501385	+	0.0427728	Pvalue	104	A	GCAGT	ok	False
chr7	97056989	97056990	+	0.00406454	Pvalue	171	A	AAAAT	ok	False
chr7	120258328	120258329	+	0.00314073	Pvalue	123	A	ACACA	ok	False
chr7	126394416	126394417	-	0.010231	Pvalue	1228	T	AATAG	ok	False
chr8	31649813	31649814	-	2.56156e-07	Pvalue	146	T	CATGC	ok	False
chr8	85397182	85397183	-	0.0294564	Pvalue	343	T	TCTCC	ok	False
chr9	7207004	7207005	+	0.0447926	Pvalue	167	A	CAATA	ok	False
chr9	40716395	40716396	+	1.24698e-19	Pvalue	4964	A	CCATT	ok	False
chr9	64085736	64085737	+	0.000228868	Pvalue	3313	A	AAATT	ok	False
chr9	78385759	78385760	-	6.34141e-06	Pvalue	12205	T	GGTCT	ok	True
chr10	90952916	90952917	-	0.000102554	Pvalue	1033	T	CGTAG	ok	False
chr10	128384015	128384016	-	0.0481855	Pvalue	6047	T	ATTGT	ok	False
chr10	93697067	93697068	-	4.59477e-08	Pvalue	208	T	CCTTT	ok	False
chr10	128384031	128384032	-	1.72273e-13	Pvalue	5893	T	ACTTG	ok	False
chr11	21270326	21270327	+	0.0288784	Pvalue	39	A	AGAAA	ok	False
chr11	55390877	55390878	+	0.0223633	Pvalue	319	A	AAATC	ok	False
chr11	76305174	76305175	+	4.01659e-08	Pvalue	88	A	AGAGT	ok	False
chr11	86585499	86585500	-	1.26629e-05	Pvalue	512	T	ATTTA	ok	False
chr11	102294682	102294683	-	0.0463051	Pvalue	216	T	GGTAA	ok	False
chr13	30724617	30724618	-	1.73336e-05	Pvalue	203	T	ATTTT	ok	False
chr12	112613312	112613313	+	0.0275615	Pvalue	72	A	ATAGA	ok	False
chr13	49887471	49887472	+	0.00727363	Pvalue	41	A	TTAAA	ok	False
chr15	43114925	43114926	-	0.0219853	Pvalue	376	T	CATTT	ok	False
chr15	81749690	81749691	-	0.0311569	Pvalue	342	T	ACTTC	ok	False
chr15	98847740	98847741	-	0.0195223	Pvalue	495	T	ATTTA	ok	False
chr15	98829643	98829644	-	6.6051e-18	Pvalue	2136	T	GATCT	ok	False
chr16	31775970	31775971	+	0.0252867	Pvalue	32	A	CCAAA	ok	False
chr16	55786790	55786791	+	0.00109884	Pvalue	332	A	CTATC	ok	False
chr16	38345659	38345660	-	0.0175599	Pvalue	101	T	TGTTG	ok	False
chr16	87280882	87280883	-	0.000509368	Pvalue	1007	T	CATTC	ok	False
chr17	45702970	45702971	-	6.04183e-06	Pvalue	234	T	AGTCT	ok	True
chr18	80265685	80265686	+	0.00144658	Pvalue	428	A	TGAGA	ok	False
chr19	9962156	9962157	+	1.06791e-05	Pvalue	445	A	TCATT	ok	False
chr19	6998303	6998304	-	7.40216e-05	Pvalue	292	T	TGTGC	ok	False
chrx	73315810	73315811	+	0.00726376	Pvalue	56	A	CCAAC	ok	False
chrx	139376441	139376442	+	0.0267228	Pvalue	30	A	TTAAA	ok	False
chr1	36145468	36145469	+	0.00685839	Pvalue	136	A	TAATT	ok	False
chr1	55129959	55129960	+	0.0202309	Pvalue	1606	A	CAAGG	ok	False
chr1	55117854	55117855	-	0.0012238	Pvalue	228	T	AATAA	ok	False
chr1	86458417	86458418	+	6.17832e-05	Pvalue	2606	A	CTAAC	ok	False
chr1	180630369	180630370	-	0.0150972	Pvalue	168	T	ATTGT	ok	False
chr1	171291464	171291465	+	0.00290089	Pvalue	41	A	AGAGT	ok	False
chr2	34666129	34666130	+	0.00128993	Pvalue	227	A	GCACT	ok	False
chr2	132091541	132091542	-	0.0262372	Pvalue	148	T	GATGC	ok	False
chr2	154714418	154714419	-	2.03768e-37	Pvalue	771	T	AGTAC	ok	False
chr3	88235709	88235710	+	1.83677e-06	Pvalue	256	A	AGACT	ok	True
chr3	68941433	68941434	+	0.0329105	Pvalue	65	A	CTATT	ok	False
chr4	40732814	40732815	+	0.00103657	Pvalue	184	A	AGACT	ok	True
chr4	133692761	133692762	-	0.0425984	Pvalue	16	T	AATTC	ok	False
chr4	155825414	155825415	-	0.0478668	Pvalue	50	T	AGTGT	ok	False
chr5	113880572	113880573	-	0.0298058	Pvalue	51	T	CATTT	ok	False
chr5	124483656	124483657	-	0.0260803	Pvalue	151	T	GGTAG	ok	False
chr5	144201125	144201126	+	0.00399115	Pvalue	136	A	GTAAC	ok	False
chr6	39382568	39382569	-	0.0465733	Pvalue	217	T	AGTAG	ok	False
chr6	56855267	56855268	+	0.000808097	Pvalue	13	A	CAAGG	ok	False
chr6	86501535	86501536	-	1.57053e-09	Pvalue	412	T	AATTT	ok	False
chr6	125121416	125121417	+	0.013444	Pvalue	284	A	CAAAA	ok	False
chr7	12764059	12764060	+	0.00193646	Pvalue	344	A	GGAAG	ok	False
chr7	45474909	45474910	-	0.0042954	Pvalue	199	T	GGTCC	ok	True
chr7	35246721	35246722	-	0.00613368	Pvalue	63	T	TATTT	ok	False
chr7	99128665	99128666	-	1.92251e-05	Pvalue	2073	T	GATGC	ok	False
chr7	137069706	137069707	+	0.0403478	Pvalue	540	A	AAAAT	ok	False
chr7	138484747	138484748	+	0.0051565	Pvalue	177	A	TTAAT	ok	False
chr8	73074837	73074838	+	1.24489e-67	Pvalue	227	A	AGACT	ok	True
chr8	70961090	70961091	-	0.00304377	Pvalue	1963	T	TCTTG	ok	False
chr8	112721515	112721516	-	0.000975277	Pvalue	392	T	GGTGA	ok	False
chr9	44247288	44247289	+	0.0274253	Pvalue	385	A	GCAGC	ok	False
chr9	78115171	78115172	+	0.0460652	Pvalue	487	A	GAAGA	ok	False
chr9	71385938	71385939	-	1.09352e-13	Pvalue	244	T	AATGT	ok	False
chr9	110768690	110768691	-	0.000179558	Pvalue	403	T	TTTTT	ok	False
chr9	119960065	119960066	+	0.0112008	Pvalue	9940	A	AGATT	ok	False
chr10	79892208	79892209	+	0.0005156	Pvalue	525	A	AGAGG	ok	False
chr10	81018162	81018163	+	1.80769e-10	Pvalue	2357	A	AAAAG	ok	False
chr10	111332744	111332745	+	0.0403927	Pvalue	141	A	TCATG	ok	False
chr11	23246189	23246190	+	0.0331238	Pvalue	236	A	AAAAT	ok	False
chr11	69558141	69558142	-	0.0226907	Pvalue	1155	T	CATTT	ok	False
chr11	93751651	93751652	-	0.0309221	Pvalue	53	T	AGTAA	ok	False
chr11	97216556	97216557	+	0.0240329	Pvalue	8	A	ATACC	ok	False
chr11	107384334	107384335	+	0.0473975	Pvalue	35	A	CAAAT	ok	False
chr11	120655000	120655001	+	4.08911e-10	Pvalue	205	A	AGACT	ok	True
chr12	24764008	24764009	+	9.92688e-10	Pvalue	153	A	GTATA	ok	False
chr12	111635879	111635880	-	0.00175727	Pvalue	2253	T	AGTCT	ok	True
chr12	110657567	110657568	-	1.60968e-09	Pvalue	5159	T	GTTGT	ok	False
chr14	4199258	4199259	+	0.028152	Pvalue	33	A	CAAGT	ok	False
chr14	34065886	34065887	+	0.0312835	Pvalue	60	A	TCACG	ok	False
chr14	76085732	76085733	+	0.000622908	Pvalue	454	A	TAAAT	ok	False
chr14	45586190	45586191	+	4.9801e-07	Pvalue	164	A	AGACA	ok	True
chr15	82233247	82233248	+	0.000666739	Pvalue	203	A	TAAAT	ok	False
chr15	98847885	98847886	-	0.0214202	Pvalue	464	T	CCTGT	ok	False
chr15	78825059	78825060	+	0.00100547	Pvalue	259	A	GAAAC	ok	False
chr15	98935656	98935657	+	0.00132971	Pvalue	481	A	AGAGA	ok	False
chr16	33777116	33777117	-	9.68394e-10	Pvalue	603	T	TTTTC	ok	False
chr16	20327883	20327884	+	0.0478302	Pvalue	432	A	GGAAG	ok	False
chr17	24940604	24940605	+	7.07836e-11	Pvalue	833	A	CCACC	ok	False
chr18	35939225	35939226	+	0.0188397	Pvalue	124	A	TCACA	ok	False
chr18	75135130	75135131	+	0.0234334	Pvalue	476	A	CAAAA	ok	False
chr19	4245366	4245367	+	3.78954e-06	Pvalue	369	A	AGATC	ok	False
chr19	11752151	11752152	+	0.00445659	Pvalue	139	A	GAATG	ok	False
chr19	43652618	43652619	-	0.0312167	Pvalue	19	T	AATTC	ok	False
chr19	8955532	8955533	+	4.50456e-34	Pvalue	2244	A	AAAAC	ok	False
chrx	150787259	150787260	+	0.0224466	Pvalue	235	A	TAATC	ok	False
chr1	34483619	34483620	+	0.0315037	Pvalue	16	A	TCACT	ok	False
chr1	72891560	72891561	+	5.71621e-09	Pvalue	448	A	GAATG	ok	False
chr1	120047645	120047646	-	3.12621e-14	Pvalue	228	T	AGTAG	ok	False
chr1	86278222	86278223	-	0.000525307	Pvalue	1810	T	AGTTT	ok	True
chr1	128259344	128259345	-	1.19193e-08	Pvalue	549	T	TTTAT	ok	False
chr1	161069129	161069130	-	0.0309389	Pvalue	122	T	ATTTC	ok	False
chr2	32851823	32851824	+	0.00503485	Pvalue	178	A	CCAAG	ok	False
chr2	30234082	30234083	+	0.0109189	Pvalue	87	A	AGACT	ok	True
chr2	154718579	154718580	-	0.0438841	Pvalue	96	T	GGTTG	ok	False
chr2	179818177	179818178	-	0.00116089	Pvalue	99	T	CATTT	ok	False
chr4	10989183	10989184	-	3.81151e-07	Pvalue	60	T	GTTTC	ok	False
chr4	86774181	86774182	-	4.21977e-06	Pvalue	203	T	TCTAC	ok	False
chr4	118480877	118480878	+	0.0383947	Pvalue	62	A	CCAGA	ok	False
chr4	129608653	129608654	-	0.0108601	Pvalue	133	T	GATTA	ok	False
chr4	133692394	133692395	-	0.000451971	Pvalue	30	T	AGTCA	ok	True
chr4	148678611	148678612	+	0.00301045	Pvalue	112	A	ATAAC	ok	False
chr4	150332096	150332097	+	5.758e-13	Pvalue	333	A	CGAAT	ok	False
chr4	155973158	155973159	+	0.00718752	Pvalue	70	A	GAATC	ok	False
chr5	112463114	112463115	+	0.0317559	Pvalue	105	A	TAAGA	ok	False
chr5	115436690	115436691	-	0.027067	Pvalue	467	T	ATTTG	ok	False
chr5	108055812	108055813	+	0.000139116	Pvalue	366	A	TCAAA	ok	False
chr5	115699560	115699561	+	5.82577e-18	Pvalue	2337	A	GCACT	ok	False
chr6	7675996	7675997	-	0.0115329	Pvalue	298	T	GATGT	ok	False
chr6	67261054	67261055	+	8.47824e-17	Pvalue	460	A	GGACT	ok	True
chr6	131342019	131342020	-	0.00853152	Pvalue	690	T	ATTTC	ok	False
chr6	122691411	122691412	+	0.040349	Pvalue	600	A	TAAAA	ok	False
chr6	148257033	148257034	+	1.1644e-10	Pvalue	1363	A	TTACG	ok	False
chr6	87820206	87820207	-	5.8407e-07	Pvalue	759	T	TTTTC	ok	False
chr7	19435418	19435419	-	0.0254191	Pvalue	583	T	TGTGT	ok	False
chr7	29886559	29886560	-	0.000110912	Pvalue	589	T	TGTAA	ok	False
chr7	45475175	45475176	-	0.0037774	Pvalue	84	T	AGTCT	ok	True
chr7	44772343	44772344	-	2.25112e-17	Pvalue	3681	T	GATGA	ok	False
chr7	99128142	99128143	-	1.04985e-13	Pvalue	2114	T	GATGC	ok	False
chr7	130135525	130135526	-	0.00322401	Pvalue	183	T	TATAA	ok	False
chr7	105392123	105392124	-	0.000100982	Pvalue	391	T	TATGA	ok	False
chr7	138484754	138484755	+	0.000588321	Pvalue	163	A	ACACA	ok	False
chr8	71153019	71153020	+	0.020553	Pvalue	373	A	CTATT	ok	False
chr8	86034472	86034473	+	0.000656465	Pvalue	72	A	GGACA	ok	True
chr8	121400935	121400936	+	0.00172576	Pvalue	1245	A	CCAGT	ok	False
chr9	40715640	40715641	+	7.85392e-06	Pvalue	1855	A	TCACC	ok	False
chr9	65970357	65970358	+	0.0239576	Pvalue	196	A	GCACA	ok	False
chr9	64093331	64093332	-	0.0348509	Pvalue	76	T	ATTTA	ok	False
chr9	108442718	108442719	+	0.00676705	Pvalue	272	A	GAAAA	ok	False
chr10	62105238	62105239	-	0.000136721	Pvalue	45	T	AGTCC	ok	True
chr10	79981608	79981609	+	0.033508	Pvalue	937	A	TCAAC	ok	False
chr10	116887087	116887088	-	0.0115505	Pvalue	563	T	GTTGA	ok	False
chr11	6369211	6369212	+	4.84173e-06	Pvalue	349	A	GCATC	ok	False
chr11	33102624	33102625	-	0.0216485	Pvalue	3346	T	AGTAA	ok	False
chr11	59075289	59075290	-	0.0496623	Pvalue	204	T	CATAG	ok	False
chr11	62415977	62415978	-	0.0169349	Pvalue	58	T	GCTAC	ok	False
chr11	69557767	69557768	-	6.09159e-07	Pvalue	1440	T	AGTTT	ok	True
chr11	106674958	106674959	-	0.0441221	Pvalue	6	T	TCTTG	ok	False
chr11	120237173	120237174	-	0.0258512	Pvalue	266	T	AATAT	ok	False
chr12	66330183	66330184	-	7.61996e-07	Pvalue	148	T	TATAA	ok	False
chr12	28681669	28681670	-	0.00555512	Pvalue	216	T	TATGA	ok	False
chr13	55472783	55472784	+	0.0178242	Pvalue	343	A	ATAAC	ok	False
chr13	58541052	58541053	-	0.0268	Pvalue	49	T	TGTTC	ok	True
chr14	21893973	21893974	+	0.0018598	Pvalue	66	A	TAATT	ok	False
chr15	36999336	36999337	-	0.00784391	Pvalue	108	T	GTTTA	ok	False
chr15	51650175	51650176	-	0.0153621	Pvalue	281	T	TTTGG	ok	False
chr15	80145133	80145134	-	0.000153086	Pvalue	86	T	AGTCC	ok	True
chr15	76790377	76790378	+	3.33132e-25	Pvalue	7550	A	CCATC	ok	False
chr15	103153119	103153120	+	0.0116103	Pvalue	171	A	GAATT	ok	False
chr16	22064654	22064655	-	0.00160515	Pvalue	305	T	ATTTA	ok	False
chr16	91722229	91722230	-	3.57228e-07	Pvalue	1007	T	CGTAC	ok	False
chr17	24940661	24940662	+	2.64187e-19	Pvalue	955	A	AGACT	ok	True
chr17	29260919	29260920	+	0.0250318	Pvalue	585	A	TTATT	ok	False
chr17	36145124	36145125	-	0.0232637	Pvalue	371	T	AATGG	ok	False
chr17	88297999	88298000	+	8.72425e-08	Pvalue	358	A	AGAAG	ok	False
chr18	56886277	56886278	+	0.0375278	Pvalue	119	A	TTAAT	ok	False
chr19	10606669	10606670	+	0.0288559	Pvalue	192	A	AAACA	ok	True
chrx	158906694	158906695	-	2.52167e-08	Pvalue	115	T	TGTCT	ok	True
chr1	16172120	16172121	-	2.48233e-06	Pvalue	2771	T	TCTCA	ok	False
chr1	135696438	135696439	+	6.32768e-08	Pvalue	44	A	TGACT	ok	True
chr2	73738797	73738798	-	0.00400857	Pvalue	1098	T	GTTTT	ok	False
chr2	104830112	104830113	-	0.00271396	Pvalue	461	T	GTTCT	ok	False
chr3	87823416	87823417	+	3.18554e-06	Pvalue	656	A	ATAAA	ok	False
chr3	95568322	95568323	+	0.000756531	Pvalue	32	A	AAAGT	ok	False
chr3	88227922	88227923	+	0.00555263	Pvalue	583	A	ATAGA	ok	False
chr5	35250422	35250423	-	9.72679e-08	Pvalue	345	T	AGTCC	ok	True
chr5	104213141	104213142	+	0.0203986	Pvalue	71	A	AGACT	ok	True
chr5	108049941	108049942	+	0.0399413	Pvalue	40	A	TAAGT	ok	False
chr5	121346495	121346496	+	1.75019e-14	Pvalue	3574	A	CCAGA	ok	False
chr5	115700517	115700518	+	1.42541e-53	Pvalue	2789	A	AGATC	ok	False
chr5	146772770	146772771	+	8.84164e-05	Pvalue	746	A	ACAAA	ok	False
chr6	6558477	6558478	-	0.00607813	Pvalue	620	T	CTTCT	ok	False
chr6	88860618	88860619	-	0.000102049	Pvalue	557	T	GTTCT	ok	False
chr7	46504872	46504873	+	0.000299653	Pvalue	1304	A	TAACC	ok	True
chr7	108539441	108539442	+	0.00914478	Pvalue	229	A	ACACC	ok	False
chr7	110671306	110671307	-	0.0479785	Pvalue	587	T	TCTCT	ok	False
chr8	118188218	118188219	+	0.0317967	Pvalue	28	A	CAAAA	ok	False
chr8	112723144	112723145	-	0.00447615	Pvalue	208	T	AGTAT	ok	False
chr9	40716293	40716294	+	8.60355e-06	Pvalue	5140	A	TTACC	ok	False
chr9	107491501	107491502	-	0.000988067	Pvalue	725	T	ATTTA	ok	False
chr9	106307537	106307538	+	0.0105339	Pvalue	3	A	AAACC	ok	True
chr9	114204356	114204357	-	0.00565769	Pvalue	173	T	CTTTG	ok	False
chr9	78385756	78385757	-	1.07328e-41	Pvalue	12161	T	AATGG	ok	False
chr10	79803516	79803517	+	0.0382247	Pvalue	374	A	ACAAT	ok	False
chr10	116888941	116888942	-	0.0197414	Pvalue	426	T	TGTTG	ok	False
chr11	6365916	6365917	+	0.000415383	Pvalue	80	A	TCAAC	ok	False
chr11	40630776	40630777	+	0.00554415	Pvalue	97	A	AAAAA	ok	False
chr11	33106713	33106714	-	1.23378e-06	Pvalue	715	T	TTTTT	ok	False
chr11	69564163	69564164	-	4.81507e-06	Pvalue	264	T	TATGT	ok	False
chr11	76877936	76877937	+	0.0475045	Pvalue	310	A	CGAGT	ok	False
chr11	97518360	97518361	-	0.00425772	Pvalue	3351	T	GCTGG	ok	False
chr11	115913687	115913688	-	0.0255415	Pvalue	91	T	TGTAA	ok	False
chr11	120237210	120237211	-	1.11626e-06	Pvalue	270	T	AGTCC	ok	True
chr12	17600817	17600818	+	0.000100848	Pvalue	312	A	TAACT	ok	True
chr13	3615815	3615816	+	0.0171536	Pvalue	926	A	GGAAA	ok	False
chr12	110657524	110657525	-	4.85693e-16	Pvalue	5064	T	CATTC	ok	False
chr14	24545924	24545925	+	3.60396e-08	Pvalue	3560	A	CTACA	ok	False
chr14	54779406	54779407	-	0.000745495	Pvalue	111	T	TGTGA	ok	False
chr15	31593714	31593715	-	0.000165443	Pvalue	165	T	AGTAA	ok	False
chr15	36596307	36596308	-	0.011913	Pvalue	210	T	GGTGA	ok	False
chr15	80141284	80141285	+	0.0280899	Pvalue	126	A	AGAGT	ok	False
chr15	102381747	102381748	+	0.00878653	Pvalue	29	A	CCAGC	ok	False
chr16	48114355	48114356	+	1.58077e-11	Pvalue	104	A	AAATA	ok	False
chr17	24690479	24690480	+	0.000124507	Pvalue	322	A	GAAAA	ok	False
chr16	87280952	87280953	-	2.40865e-14	Pvalue	1007	T	GATCT	ok	False
chr17	36146092	36146093	-	3.389e-10	Pvalue	1624	T	GCTGT	ok	False
chr17	88297997	88297998	+	0.00807342	Pvalue	363	A	TCAGA	ok	False
chr18	56885889	56885890	+	0.0111669	Pvalue	22	A	AGAAA	ok	False
chr19	9962452	9962453	+	4.28908e-06	Pvalue	684	A	GTACC	ok	False
chr19	41906942	41906943	+	0.0205417	Pvalue	93	A	GTAGA	ok	False
chrx	36062186	36062187	+	0.000111906	Pvalue	455	A	GAAAT	ok	False
chrx	135115183	135115184	-	0.0032512	Pvalue	166	T	GGTGC	ok	False
chrx	101231049	101231050	-	0.000874064	Pvalue	617	T	GCTGA	ok	False
chr1	55117454	55117455	-	0.0212779	Pvalue	812	T	CATGC	ok	False
chr1	87155770	87155771	+	4.54084e-05	Pvalue	344	A	TAAAT	ok	False
chr1	128259342	128259343	-	8.09852e-12	Pvalue	542	T	GTTTT	ok	False
chr2	30362747	30362748	-	7.52317e-05	Pvalue	30	T	AGTCT	ok	True
chr2	32853812	32853813	+	3.20826e-05	Pvalue	686	A	CCACC	ok	False
chr2	71271644	71271645	+	0.0319237	Pvalue	269	A	CTACC	ok	False
chr2	130013780	130013781	-	0.00389601	Pvalue	355	T	GGTCT	ok	True
chr2	151352959	151352960	+	0.000470951	Pvalue	175	A	TCAAC	ok	False
chr2	179678263	179678264	-	0.000103273	Pvalue	512	T	AGTGC	ok	False
chr3	87823227	87823228	+	0.0276874	Pvalue	640	A	TCACA	ok	False
chr3	90007947	90007948	+	0.0256155	Pvalue	723	A	TTAGC	ok	False
chr3	94792304	94792305	-	0.0321742	Pvalue	764	T	ACTCA	ok	False
chr4	43028289	43028290	-	0.0275811	Pvalue	95	T	CATGG	ok	False
chr4	116556512	116556513	+	7.91471e-07	Pvalue	1548	A	CTACT	ok	False
chr4	133692437	133692438	-	0.030875	Pvalue	28	T	TTTTG	ok	False
chr4	137469215	137469216	-	0.0483117	Pvalue	352	T	ATTGG	ok	False
chr5	65546939	65546940	-	0.00133952	Pvalue	909	T	TCTTG	ok	False
chr5	125463754	125463755	-	0.0457838	Pvalue	50	T	GGTGC	ok	False
chr5	121346490	121346491	+	3.1869e-05	Pvalue	3492	A	ACACA	ok	False
chr5	115701466	115701467	+	5.80504e-07	Pvalue	3700	A	GAATC	ok	False
chr5	147015741	147015742	+	1.26826e-33	Pvalue	234	A	GCAGG	ok	False
chr6	39382714	39382715	-	0.00860662	Pvalue	280	T	AGTCC	ok	True
chr6	6578540	6578541	-	0.0226141	Pvalue	538	T	GCTTC	ok	False
chr6	55056219	55056220	+	1.66626e-08	Pvalue	334	A	CCAAT	ok	False
chr6	128407074	128407075	-	1.83482e-10	Pvalue	1068	T	GTTTC	ok	False
chr7	19299035	19299036	-	0.0180669	Pvalue	163	T	TCTGC	ok	False
chr7	4815299	4815300	-	0.00932121	Pvalue	25	T	AATTC	ok	False
chr7	19430333	19430334	-	0.0112478	Pvalue	356	T	GATGA	ok	False
chr7	44882576	44882577	+	0.044567	Pvalue	24	A	AGAGA	ok	False
chr7	81441912	81441913	-	0.0161733	Pvalue	49	T	ATTCA	ok	False
chr7	99128486	99128487	-	6.31473e-16	Pvalue	2213	T	TATGC	ok	False
chr7	126394542	126394543	-	0.0323184	Pvalue	1299	T	GGTAG	ok	False
chr7	142621106	142621107	+	0.0298335	Pvalue	19	A	GTACT	ok	False
chr8	72077212	72077213	+	0.0214636	Pvalue	51	A	CTAGG	ok	False
chr8	84337487	84337488	+	2.59235e-05	Pvalue	44	A	AGAGC	ok	False
chr8	107785523	107785524	+	0.01688	Pvalue	165	A	TTACT	ok	False
chr9	51999639	51999640	+	0.0308599	Pvalue	36	A	GGAGT	ok	False
chr9	57412332	57412333	+	0.0245109	Pvalue	76	A	GGACA	ok	True
chr9	108481927	108481928	-	0.036799	Pvalue	24	T	CTTTG	ok	False
chr10	61509712	61509713	+	0.0209163	Pvalue	411	A	TAAAT	ok	False
chr10	90952805	90952806	-	1.31308e-09	Pvalue	1204	T	AGTCC	ok	True
chr10	128394545	128394546	-	0.0170197	Pvalue	602	T	ACTAA	ok	False
chr10	127926109	127926110	+	4.86368e-10	Pvalue	1608	A	GTATT	ok	False
chr11	23598987	23598988	-	0.000242393	Pvalue	57	T	TGTTC	ok	True
chr11	52013417	52013418	+	0.0460865	Pvalue	343	A	TCATA	ok	False
chr11	59708879	59708880	-	0.0172786	Pvalue	174	T	GTTTC	ok	False
chr11	69557775	69557776	-	0.0127519	Pvalue	1460	T	AGTAA	ok	False
chr11	78071767	78071768	-	0.0116638	Pvalue	252	T	GGTGA	ok	False
chr11	95570764	95570765	+	2.91617e-05	Pvalue	534	A	GAATG	ok	False
chr11	100367201	100367202	-	0.00173273	Pvalue	480	T	TTTAA	ok	False
chr12	28684290	28684291	-	8.98417e-05	Pvalue	227	T	TTTAA	ok	False
chr13	13686555	13686556	+	0.0384685	Pvalue	31	A	GAATT	ok	False
chr14	55991361	55991362	+	0.0028455	Pvalue	174	A	AAAAC	ok	False
chr14	79857207	79857208	+	0.0432005	Pvalue	173	A	GGAGA	ok	False
chr15	36597286	36597287	-	0.00277595	Pvalue	136	T	TTTTA	ok	False
chr15	34284236	34284237	+	0.0187636	Pvalue	57	A	GAATT	ok	False
chr15	79962269	79962270	-	1.09641e-07	Pvalue	1572	T	TCTTC	ok	False
chr17	15696340	15696341	-	3.18383e-06	Pvalue	843	T	GATCC	ok	False
chr16	87282742	87282743	-	0.0160382	Pvalue	240	T	TGTTT	ok	True
chr17	45879379	45879380	-	6.6417e-15	Pvalue	977	T	GTTGT	ok	False
chr18	75136264	75136265	+	0.00154508	Pvalue	728	A	AGATA	ok	False
chr18	77870406	77870407	+	0.00126434	Pvalue	772	A	CTAGC	ok	False
chr19	8955335	8955336	+	3.17393e-26	Pvalue	2274	A	TGAGT	ok	False
chrx	105247093	105247094	+	0.0396662	Pvalue	300	A	AAACC	ok	True
chr1	59746170	59746171	+	0.0299197	Pvalue	31	A	AAATA	ok	False
chr3	98220736	98220737	-	0.0299522	Pvalue	217	T	GGTAG	ok	False
chr4	108706400	108706401	+	0.00684412	Pvalue	21	A	GGATT	ok	False
chr4	120397078	120397079	-	0.034705	Pvalue	166	T	ATTTA	ok	False
chr5	115699045	115699046	+	0.00110843	Pvalue	521	A	ATATG	ok	False
chr5	147015847	147015848	+	0.022333	Pvalue	233	A	GAATC	ok	False
chr5	138161477	138161478	+	0.0175954	Pvalue	101	A	ACAGC	ok	False
chr6	124787855	124787856	-	0.0269481	Pvalue	649	T	GCTAG	ok	False
chr6	125437335	125437336	-	0.00399515	Pvalue	206	T	CTTTA	ok	False
chr7	3707350	3707351	+	1.07704e-08	Pvalue	627	A	ACATG	ok	False
chr6	137727758	137727759	+	3.02665e-09	Pvalue	167	A	TCAGT	ok	False
chr7	28670816	28670817	-	0.000113375	Pvalue	1264	T	TATTA	ok	False
chr7	45370202	45370203	+	1.45655e-05	Pvalue	2133	A	CTACA	ok	False
chr7	64521914	64521915	-	0.000437857	Pvalue	29	T	AGTCT	ok	True
chr7	45733591	45733592	+	8.6581e-06	Pvalue	142	A	CAACA	ok	False
chr9	107492822	107492823	-	0.0377241	Pvalue	29	T	GGTCC	ok	True
chr9	108217490	108217491	+	8.41993e-13	Pvalue	2034	A	CCACC	ok	False
chr9	110768856	110768857	-	1.25973e-14	Pvalue	428	T	ACTCG	ok	False
chr9	78385930	78385931	-	1.07417e-47	Pvalue	12995	T	ACTTA	ok	False
chr10	80664421	80664422	+	0.008334	Pvalue	122	A	CTACA	ok	False
chr10	81018169	81018170	+	1.09389e-18	Pvalue	2342	A	TAAAT	ok	False
chr10	111332656	111332657	+	0.0115618	Pvalue	469	A	ATATG	ok	False
chr11	22953316	22953317	+	0.000190794	Pvalue	1602	A	TAAAT	ok	False
chr11	48695082	48695083	+	1.65671e-44	Pvalue	3631	A	CTACT	ok	False
chr11	40641594	40641595	-	0.0279542	Pvalue	30	T	ATTCT	ok	False
chr11	88721977	88721978	-	8.68311e-08	Pvalue	136	T	TCTTT	ok	False
chr11	114562565	114562566	+	0.0492409	Pvalue	1359	A	CAAGA	ok	False
chr11	106153887	106153888	+	0.0144289	Pvalue	1128	A	TGAGG	ok	False
chr12	8547686	8547687	-	0.0311836	Pvalue	104	T	TCTTT	ok	False
chr12	24763730	24763731	+	0.0112743	Pvalue	88	A	TAATG	ok	False
chr13	3615490	3615491	+	1.00533e-05	Pvalue	457	A	TAAAT	ok	False
chr12	112613327	112613328	+	0.0358655	Pvalue	66	A	CGAGC	ok	False
chr14	14518233	14518234	-	0.00503564	Pvalue	57	T	AGTCG	ok	False
chr16	11011320	11011321	-	0.00465535	Pvalue	84	T	TGTCC	ok	True
chr17	13143438	13143439	+	0.0022476	Pvalue	1019	A	CAAGC	ok	False
chr17	34171216	34171217	-	0.0140161	Pvalue	2158	T	TCTAT	ok	False
chr17	71151494	71151495	-	0.00428322	Pvalue	155	T	CTTTG	ok	False
chr17	57018750	57018751	+	0.00244874	Pvalue	233	A	AAAAC	ok	False
chr18	84999420	84999421	+	0.00274598	Pvalue	224	A	AAAAT	ok	False
chr19	8955540	8955541	+	5.7259e-16	Pvalue	1762	A	ACATT	ok	False
chrx	73314607	73314608	+	0.0118306	Pvalue	11	A	TCATG	ok	False
chrx	161561348	161561349	+	0.000978394	Pvalue	109	A	GAAAA	ok	False
chr1	37937251	37937252	+	0.0373229	Pvalue	304	A	ACAGA	ok	False
chr1	55117287	55117288	-	2.05958e-09	Pvalue	1078	T	TATAT	ok	False
chr1	72891532	72891533	+	2.93735e-08	Pvalue	427	A	GTATG	ok	False
chr1	86458106	86458107	+	2.20261e-62	Pvalue	2465	A	AGACT	ok	True
chr1	171116440	171116441	-	5.65303e-06	Pvalue	93	T	AGTCC	ok	True
chr2	31410524	31410525	+	0.0392481	Pvalue	97	A	CCACC	ok	False
chr2	129053367	129053368	+	0.0345713	Pvalue	176	A	GCAGG	ok	False
chr2	154714286	154714287	-	0.0302926	Pvalue	65	T	GTTTT	ok	False
chr3	63924157	63924158	+	0.00224584	Pvalue	212	A	TAAAT	ok	False
chr3	121251471	121251472	+	0.0137288	Pvalue	308	A	CTAAA	ok	False
chr4	45316900	45316901	-	0.0222207	Pvalue	44	T	ATTTG	ok	False
chr4	86774466	86774467	-	0.000978491	Pvalue	140	T	AGTTC	ok	True
chr4	116548978	116548979	+	0.0266701	Pvalue	56	A	ATATG	ok	False
chr4	129203326	129203327	-	0.00337827	Pvalue	295	T	TATTC	ok	False
chr5	52307960	52307961	-	0.047278	Pvalue	52	T	TTTTA	ok	False
chr5	117421458	117421459	-	0.0397545	Pvalue	28	T	GTTGC	ok	False
chr5	129100013	129100014	+	0.0229848	Pvalue	1733	A	AGATG	ok	False
chr5	115698845	115698846	+	0.00364082	Pvalue	261	A	CAACG	ok	False
chr5	148985309	148985310	-	0.000772542	Pvalue	33	T	AATTT	ok	False
chr6	67261020	67261021	+	0.0118631	Pvalue	868	A	ACAAC	ok	False
chr6	51439896	51439897	-	0.00151237	Pvalue	905	T	GTTTC	ok	False
chr6	136790886	136790887	-	0.0345174	Pvalue	135	T	AATTC	ok	False
chr7	12764839	12764840	+	6.58693e-31	Pvalue	1456	A	TCACC	ok	False
chr7	33901794	33901795	-	1.68675e-18	Pvalue	959	T	GGTGA	ok	False
chr7	46504970	46504971	+	0.031552	Pvalue	1302	A	ATATT	ok	False
chr7	126146388	126146389	-	0.000136114	Pvalue	641	T	TATGG	ok	False
chr8	43748254	43748255	-	0.000227337	Pvalue	170	T	TTTGT	ok	False
chr9	21925501	21925502	+	0.000182663	Pvalue	407	A	TAAAT	ok	False
chr9	78116574	78116575	+	0.000517243	Pvalue	783	A	AAACA	ok	True
chr9	106766250	106766251	-	0.000140792	Pvalue	113	T	AGTCC	ok	True
chr9	108442755	108442756	+	0.00492395	Pvalue	275	A	AAAGT	ok	False
chr9	110768720	110768721	-	0.00324285	Pvalue	395	T	TATAA	ok	False
chr10	61261112	61261113	+	0.00107735	Pvalue	153	A	CAATT	ok	False
chr9	119960549	119960550	+	4.73557e-30	Pvalue	10586	A	TGAGT	ok	False
chr10	75773561	75773562	+	3.51121e-11	Pvalue	1118	A	AAAAA	ok	False
chr10	80228393	80228394	-	0.0349117	Pvalue	368	T	AGTTT	ok	True
chr10	82485689	82485690	+	0.00259631	Pvalue	21	A	TGAAC	ok	False
chr10	127912709	127912710	+	0.0327813	Pvalue	270	A	AAATG	ok	False
chr10	116886957	116886958	-	0.00475246	Pvalue	555	T	TGTAA	ok	False
chr10	127926000	127926001	+	5.19687e-07	Pvalue	1538	A	CCAAA	ok	False
chr10	94056787	94056788	+	4.17195e-10	Pvalue	370	A	GAACT	ok	True
chr11	29495896	29495897	-	0.00339262	Pvalue	511	T	TTTGT	ok	False
chr11	35699294	35699295	-	0.0177586	Pvalue	213	T	GTTCC	ok	False
chr11	51514034	51514035	+	6.9466e-06	Pvalue	2004	A	ACACC	ok	False
chr11	33102624	33102625	-	1.31032e-20	Pvalue	3346	T	AGTAA	ok	False
chr11	55390848	55390849	+	1.77801e-06	Pvalue	296	A	GGATT	ok	False
chr11	68794112	68794113	+	0.00876884	Pvalue	3669	A	GCACA	ok	False
chr11	69557923	69557924	-	0.0120363	Pvalue	1521	T	ATTTG	ok	False
chr11	70418036	70418037	+	0.000395046	Pvalue	1093	A	GTAAG	ok	False
chr11	97052361	97052362	-	0.0396892	Pvalue	302	T	GTTTC	ok	False
chr11	93840773	93840774	-	1.87511e-10	Pvalue	2165	T	CATGG	ok	False
chr11	117704603	117704604	+	0.00428801	Pvalue	39	A	CCAGC	ok	False
chr11	107386561	107386562	+	1.11181e-05	Pvalue	114	A	GGATG	ok	False
chr11	120236851	120236852	-	4.85431e-06	Pvalue	1913	T	GGTTA	ok	True
chr11	120379232	120379233	+	0.00453886	Pvalue	483	A	GCAGT	ok	False
chr12	17599879	17599880	+	0.0133527	Pvalue	57	A	CGAGA	ok	False
chr12	66330245	66330246	-	5.46612e-11	Pvalue	145	T	AGTAC	ok	False
chr12	78930035	78930036	+	0.0163925	Pvalue	10	A	TAATC	ok	False
chr12	111636074	111636075	-	0.010694	Pvalue	2052	T	ACTCC	ok	False
chr13	14795387	14795388	+	0.0149317	Pvalue	224	A	CCATC	ok	False
chr12	110657691	110657692	-	1.3543e-07	Pvalue	4441	T	AATTT	ok	False
chr13	49887695	49887696	+	0.0304325	Pvalue	57	A	ATATT	ok	False
chr14	55991312	55991313	+	0.00680826	Pvalue	164	A	TTACA	ok	False
chr14	76372501	76372502	+	0.00423102	Pvalue	121	A	CAAAT	ok	False
chr14	79868154	79868155	+	0.00551234	Pvalue	16	A	TAATT	ok	False
chr15	51826381	51826382	-	0.0330213	Pvalue	53	T	ACTTA	ok	False
chr15	36596806	36596807	-	0.000605392	Pvalue	216	T	ACTTA	ok	False
chr15	81249531	81249532	-	0.00334887	Pvalue	193	T	GGTAG	ok	False
chr15	34284407	34284408	+	0.00504007	Pvalue	52	A	ACACA	ok	False
chr15	81798847	81798848	+	0.0234217	Pvalue	54	A	CAAGC	ok	False
chr15	98935717	98935718	+	0.00458256	Pvalue	571	A	TCACA	ok	False
chr15	102190175	102190176	+	0.00706661	Pvalue	158	A	TAATG	ok	False
chr16	33777136	33777137	-	0.0151758	Pvalue	603	T	ACTGA	ok	False
chr16	95922884	95922885	-	0.00272581	Pvalue	1309	T	CGTAC	ok	False
chr17	25161553	25161554	-	0.012695	Pvalue	61	T	GATAG	ok	False
chr17	25114956	25114957	+	0.0300251	Pvalue	200	A	CCAGG	ok	False
chr17	29260919	29260920	+	0.0113011	Pvalue	585	A	TTATT	ok	False
chr17	34171066	34171067	-	0.00076737	Pvalue	2193	T	CTTGG	ok	False
chr17	35821228	35821229	+	0.00377127	Pvalue	343	A	AGATC	ok	False
chr17	65887251	65887252	-	0.0480897	Pvalue	117	T	AATGA	ok	False
chr17	88296885	88296886	+	0.0031942	Pvalue	55	A	GAAAC	ok	False
chr18	36929584	36929585	+	0.0128635	Pvalue	56	A	GGAAC	ok	False
chr18	48181428	48181429	+	0.00434302	Pvalue	162	A	ATAAA	ok	False
chr18	63804714	63804715	-	0.00613446	Pvalue	196	T	AATTC	ok	False
chr18	48181388	48181389	+	0.00308341	Pvalue	191	A	CCATC	ok	False
chr18	77870383	77870384	+	0.0408755	Pvalue	761	A	TTACT	ok	False
chr19	5477150	5477151	+	0.0219551	Pvalue	49	A	GGACT	ok	True
chr19	9962334	9962335	+	0.00257819	Pvalue	597	A	TTACT	ok	False
chr19	10606683	10606684	+	0.0217122	Pvalue	181	A	ATAAC	ok	False
chrx	13069237	13069238	+	0.0477062	Pvalue	19	A	CAAGA	ok	False
chrx	36062177	36062178	+	0.0130332	Pvalue	431	A	TGAGA	ok	False
chrx	101229152	101229153	-	5.1118e-14	Pvalue	4916	T	GTTGC	ok	False
chr1	36145261	36145262	+	0.0290215	Pvalue	131	A	AGACA	ok	True
chr1	58445450	58445451	+	0.0053456	Pvalue	86	A	TTAGA	ok	False
chr1	63216347	63216348	+	0.019419	Pvalue	310	A	ACAGC	ok	False
chr1	72891624	72891625	+	4.44287e-07	Pvalue	425	A	AAAAA	ok	False
chr1	164264688	164264689	-	0.00380366	Pvalue	184	T	CATTC	ok	False
chr2	4913279	4913280	+	0.0356176	Pvalue	92	A	AAAAC	ok	False
chr2	32463334	32463335	+	0.0327647	Pvalue	77	A	TCACC	ok	False
chr2	84876643	84876644	+	0.0476471	Pvalue	214	A	AAAGT	ok	False
chr2	154714375	154714376	-	0.00263702	Pvalue	707	T	AATTT	ok	False
chr3	87823294	87823295	+	0.0216865	Pvalue	671	A	TTACA	ok	False
chr3	90142719	90142720	+	0.0497037	Pvalue	24	A	TTATT	ok	False
chr3	121251721	121251722	+	0.0376541	Pvalue	248	A	AGACT	ok	True
chr4	42980827	42980828	-	0.000723361	Pvalue	415	T	TGTCT	ok	True
chr4	129486127	129486128	-	0.0415926	Pvalue	529	T	TCTTC	ok	False
chr4	127219043	127219044	-	0.0088181	Pvalue	213	T	ACTTT	ok	False
chr4	137469205	137469206	-	5.64991e-08	Pvalue	344	T	AGTCT	ok	True
chr5	77115313	77115314	+	0.00193646	Pvalue	348	A	TGAGT	ok	False
chr5	125464380	125464381	-	0.0379869	Pvalue	34	T	GTTTT	ok	False
chr5	129099964	129099965	+	0.000317313	Pvalue	1211	A	CCACC	ok	False
chr6	66517962	66517963	+	0.0280937	Pvalue	37	A	TTATT	ok	False
chr6	124787747	124787748	-	0.0188977	Pvalue	684	T	CGTGG	ok	False
chr6	125437312	125437313	-	7.15353e-05	Pvalue	171	T	TATTT	ok	False
chr6	137727949	137727950	+	0.0379634	Pvalue	211	A	TAAAG	ok	False
chr7	45369857	45369858	+	0.000293325	Pvalue	2347	A	CGAGA	ok	False
chr7	46504768	46504769	+	5.10189e-06	Pvalue	1011	A	TGAGA	ok	False
chr7	108539957	108539958	+	0.000188955	Pvalue	726	A	GCACT	ok	False
chr7	110671548	110671549	-	0.0308525	Pvalue	163	T	AGTAT	ok	False
chr8	71348633	71348634	-	0.0354559	Pvalue	1309	T	AGTCA	ok	True
chr8	84297473	84297474	+	0.000885397	Pvalue	362	A	ACAAC	ok	False
chr8	86253976	86253977	+	0.0126113	Pvalue	49	A	CGAGT	ok	False
chr8	112678999	112679000	+	0.00292846	Pvalue	334	A	GTATG	ok	False
chr9	50507679	50507680	-	0.00115672	Pvalue	106	T	TTTTC	ok	False
chr9	40716431	40716432	+	4.82011e-11	Pvalue	5253	A	GTAGC	ok	False
chr9	65567758	65567759	+	0.0118429	Pvalue	364	A	AGAAT	ok	False
chr9	108480184	108480185	-	0.0215667	Pvalue	317	T	CTTTT	ok	False
chr9	119960604	119960605	+	3.40343e-06	Pvalue	10839	A	GAAAA	ok	False
chr10	61538537	61538538	+	0.040938	Pvalue	52	A	GAATG	ok	False
chr10	127882602	127882603	+	0.00425314	Pvalue	164	A	GCAGC	ok	False
chr11	4651984	4651985	-	0.0342812	Pvalue	1145	T	ACTTT	ok	False
chr11	6306624	6306625	+	0.0033041	Pvalue	211	A	AAACT	ok	True
chr11	53153181	53153182	-	0.000346803	Pvalue	380	T	ACTCC	ok	False
chr11	62443629	62443630	+	0.00433427	Pvalue	741	A	GCACC	ok	False
chr11	75655991	75655992	+	0.00802228	Pvalue	513	A	AAATT	ok	False
chr11	97602066	97602067	+	0.00257908	Pvalue	1240	A	AAATG	ok	False
chr11	117706616	117706617	-	0.031365	Pvalue	132	T	AGTCT	ok	True
chr12	17600937	17600938	+	0.000745495	Pvalue	306	A	TTACA	ok	False
chr12	110657960	110657961	-	1.87617e-05	Pvalue	836	T	CATAG	ok	False
chr13	74555195	74555196	+	6.21804e-05	Pvalue	1590	A	CCACA	ok	False
chr14	19862109	19862110	-	0.0425147	Pvalue	727	T	GTTCC	ok	False
chr14	24543509	24543510	+	1.87443e-07	Pvalue	7075	A	AGAAT	ok	False
chr14	36842979	36842980	-	0.034628	Pvalue	118	T	CATTC	ok	False
chr14	76085641	76085642	+	1.57027e-09	Pvalue	489	A	TTATT	ok	False
chr15	43113572	43113573	-	1.13366e-10	Pvalue	399	T	TTTTC	ok	False
chr15	79556888	79556889	+	5.38501e-16	Pvalue	309	A	GTACA	ok	False
chr15	76789166	76789167	+	3.17528e-09	Pvalue	3496	A	CCAAG	ok	False
chr15	85760695	85760696	+	0.0193152	Pvalue	106	A	TAAAT	ok	False
chr15	98935852	98935853	+	0.000174279	Pvalue	694	A	AGATA	ok	False
chr16	32879144	32879145	+	0.0465451	Pvalue	229	A	AAATT	ok	False
chr16	93702969	93702970	+	0.00313197	Pvalue	381	A	CAAAT	ok	False
chr17	27853164	27853165	-	0.00122611	Pvalue	2445	T	AGTAG	ok	False
chr17	36221663	36221664	-	0.0417768	Pvalue	44	T	TTTCC	ok	False
chr17	45880171	45880172	-	0.0275753	Pvalue	106	T	GATAT	ok	False
chr18	9995919	9995920	-	0.0420952	Pvalue	65	T	TGTCT	ok	True
chr18	77870310	77870311	+	0.000835297	Pvalue	538	A	GAATT	ok	False
chr19	44994119	44994120	-	1.55868e-06	Pvalue	269	T	GGTCC	ok	True
chr19	41907069	41907070	+	1.41803e-28	Pvalue	93	A	AGATC	ok	False
chrx	8008603	8008604	-	0.00985776	Pvalue	131	T	TTTGT	ok	False
chrx	105247155	105247156	+	9.01559e-06	Pvalue	302	A	AAAGG	ok	False
chr1	152712769	152712770	-	0.0499486	Pvalue	88	T	ATTAA	ok	False
chr6	92219125	92219126	-	0.0463354	Pvalue	166	T	TATCC	ok	False
chr6	128407644	128407645	-	2.03848e-06	Pvalue	567	T	AATTC	ok	False
chr7	3709683	3709684	+	8.57223e-05	Pvalue	3874	A	TCATT	ok	False
chr6	122704993	122704994	-	0.000111664	Pvalue	1086	T	GTTGA	ok	False
chr7	33901596	33901597	-	0.0117192	Pvalue	1228	T	TGTCT	ok	True
chr7	78783553	78783554	-	0.0151651	Pvalue	1036	T	TGTTA	ok	True
chr7	137061015	137061016	+	0.0103123	Pvalue	58	A	ACATA	ok	False
chr8	23067282	23067283	-	0.00145539	Pvalue	157	T	TATTT	ok	False
chr8	23936241	23936242	+	0.027067	Pvalue	7	A	CAAGA	ok	False
chr8	73074860	73074861	+	7.40159e-05	Pvalue	350	A	GGACA	ok	True
chr8	71918182	71918183	+	0.0420574	Pvalue	179	A	AAAGT	ok	False
chr8	85756762	85756763	+	0.0186348	Pvalue	248	A	TTACC	ok	False
chr8	111783716	111783717	+	0.00703149	Pvalue	67	A	GGACC	ok	True
chr9	96214827	96214828	-	0.0241807	Pvalue	131	T	ATTTC	ok	False
chr9	96353088	96353089	-	0.036248	Pvalue	164	T	ATTGC	ok	False
chr9	106308414	106308415	+	0.00847435	Pvalue	5	A	CCAAG	ok	False
chr9	78386110	78386111	-	4.27925e-19	Pvalue	7220	T	TGTCT	ok	True
chr10	81018069	81018070	+	1.38667e-07	Pvalue	1609	A	ATAGC	ok	False
chr10	127924294	127924295	+	0.0157456	Pvalue	244	A	GCATC	ok	False
chr11	6378379	6378380	-	0.0343504	Pvalue	532	T	GTTTT	ok	False
chr11	53152595	53152596	-	0.0400826	Pvalue	667	T	CTTTG	ok	False
chr11	62443661	62443662	+	3.14719e-07	Pvalue	870	A	AGATC	ok	False
chr11	70833573	70833574	+	0.0240341	Pvalue	36	A	CAACT	ok	False
chr11	115388856	115388857	-	0.011524	Pvalue	193	T	CATAA	ok	False
chr11	119176260	119176261	+	0.0428903	Pvalue	96	A	AAAAA	ok	False
chr12	100087320	100087321	+	0.000329674	Pvalue	164	A	TCACA	ok	False
chr12	110660259	110660260	-	0.035842	Pvalue	13	T	CTTGG	ok	False
chr14	4186887	4186888	+	0.0150036	Pvalue	50	A	GTAAG	ok	False
chr14	47013507	47013508	-	0.0164534	Pvalue	46	T	GATAA	ok	False
chr14	34066830	34066831	+	0.000262453	Pvalue	173	A	ATAAA	ok	False
chr15	35932222	35932223	-	5.21034e-10	Pvalue	879	T	TTTGG	ok	False
chr15	82233246	82233247	+	0.0393509	Pvalue	183	A	ATAAA	ok	False
chr15	78977590	78977591	+	0.005637	Pvalue	709	A	TTATC	ok	False
chr15	79962008	79962009	-	0.000814483	Pvalue	1517	T	TTTTA	ok	False
chr17	15696456	15696457	-	0.0197888	Pvalue	760	T	TTTTG	ok	False
chr16	87283486	87283487	-	0.0269932	Pvalue	66	T	ATTTT	ok	False
chr17	35277683	35277684	+	0.00182856	Pvalue	103	A	TAAAA	ok	False
chr17	74806905	74806906	+	0.00226085	Pvalue	32	A	TGATC	ok	False
chr17	87741017	87741018	-	0.0407737	Pvalue	318	T	AGTAC	ok	False
chr18	80265406	80265407	+	0.0281125	Pvalue	208	A	TCATG	ok	False
chr19	6349662	6349663	+	0.0345881	Pvalue	62	A	CCATG	ok	False
chr19	10607152	10607153	+	0.00792603	Pvalue	736	A	TGAAT	ok	False
chr1	74307063	74307064	+	0.0109875	Pvalue	152	A	CCATT	ok	False
chr1	135236903	135236904	-	0.0013268	Pvalue	29	T	GCTGT	ok	False
chr1	160030625	160030626	-	0.000757047	Pvalue	207	T	TGTAT	ok	False
chr2	10063846	10063847	-	0.047677	Pvalue	883	T	TGTGA	ok	False
chr2	31570995	31570996	+	0.00122011	Pvalue	54	A	GAAAA	ok	False
chr2	104830018	104830019	-	0.0410153	Pvalue	447	T	TTTAC	ok	False
chr2	132091714	132091715	-	0.0411484	Pvalue	104	T	CATAC	ok	False
chr2	152622609	152622610	-	0.0404715	Pvalue	97	T	ATTTA	ok	False
chr2	154714376	154714377	-	0.000125265	Pvalue	781	T	ATTTA	ok	False
chr2	162777062	162777063	+	0.00118408	Pvalue	94	A	AAATT	ok	False
chr3	87823050	87823051	+	3.67171e-05	Pvalue	301	A	GAAAA	ok	False
chr3	86045791	86045792	-	1.57065e-58	Pvalue	3074	T	ATTCA	ok	False
chr3	122719333	122719334	+	0.00105017	Pvalue	254	A	ATATA	ok	False
chr3	132366294	132366295	-	0.034332	Pvalue	122	T	ATTGT	ok	False
chr4	46472536	46472537	+	0.00333812	Pvalue	75	A	TCATG	ok	False
chr4	86772920	86772921	-	1.62012e-12	Pvalue	227	T	TATTT	ok	False
chr4	98823737	98823738	+	0.0136101	Pvalue	33	A	TAAAA	ok	False
chr4	129410008	129410009	-	0.000749002	Pvalue	77	T	AATAT	ok	False
chr5	35250702	35250703	-	5.55202e-07	Pvalue	201	T	GCTAG	ok	False
chr5	65546844	65546845	-	9.84877e-12	Pvalue	912	T	GATGT	ok	False
chr5	125531856	125531857	+	0.0127276	Pvalue	126	A	CAAAA	ok	False
chr5	137064057	137064058	-	0.00677278	Pvalue	205	T	CTTCC	ok	False
chr5	142958916	142958917	+	0.0230622	Pvalue	1536	A	GAAAA	ok	False
chr5	135812291	135812292	+	0.0369784	Pvalue	41	A	AGATC	ok	False
chr6	87820205	87820206	-	0.00065222	Pvalue	750	T	ATTTT	ok	False
chr6	100844787	100844788	+	0.00324366	Pvalue	39	A	ATACC	ok	False
chr6	148256612	148256613	+	0.00294216	Pvalue	469	A	GCATC	ok	False
chr6	117901963	117901964	+	0.0213642	Pvalue	123	A	TTAGT	ok	False
chr7	27968477	27968478	+	0.0243099	Pvalue	32	A	TCACG	ok	False
chr7	27741178	27741179	-	0.000306752	Pvalue	519	T	GGTAA	ok	False
chr7	44139606	44139607	-	1.92942e-06	Pvalue	322	T	AATCC	ok	False
chr7	45071420	45071421	-	0.0150787	Pvalue	220	T	TGTTT	ok	True
chr7	110671473	110671474	-	0.0164329	Pvalue	302	T	ATTTT	ok	False
chr8	71152478	71152479	+	0.0370489	Pvalue	23	A	GGACA	ok	True
chr8	85700723	85700724	+	0.0377957	Pvalue	629	A	AAACA	ok	True
chr8	112679020	112679021	+	0.00623767	Pvalue	344	A	GAACA	ok	True
chr9	40715826	40715827	+	0.00650562	Pvalue	2885	A	AGAAG	ok	False
chr9	65973861	65973862	+	0.00107187	Pvalue	655	A	TTATA	ok	False
chr9	120402649	120402650	+	3.1886e-05	Pvalue	708	A	CCAGA	ok	False
chr9	110768688	110768689	-	0.0350366	Pvalue	268	T	CATTT	ok	False
chr9	78386914	78386915	-	0.000596445	Pvalue	540	T	TTTAT	ok	False
chr10	82733265	82733266	+	0.00107713	Pvalue	218	A	AAACC	ok	True
chr10	116886954	116886955	-	0.00874597	Pvalue	558	T	ACTTG	ok	False
chr11	6369187	6369188	+	0.000114292	Pvalue	336	A	TCATC	ok	False
chr11	52280124	52280125	+	0.0250337	Pvalue	299	A	ACATT	ok	False
chr11	55285719	55285720	-	0.0389239	Pvalue	401	T	AGTGA	ok	False
chr11	62443568	62443569	+	0.0040092	Pvalue	463	A	GCAAG	ok	False
chr11	70416292	70416293	+	0.00837277	Pvalue	87	A	AGACT	ok	True
chr11	97920644	97920645	+	0.00169609	Pvalue	1437	A	AAACA	ok	True
chr11	100212900	100212901	+	1.87683e-08	Pvalue	625	A	TAAAT	ok	False
chr11	115913951	115913952	-	0.014371	Pvalue	637	T	GCTAC	ok	False
chr11	120236989	120236990	-	0.0233358	Pvalue	718	T	GGTAT	ok	False
chr12	31381798	31381799	-	0.00574769	Pvalue	82	T	ATTTA	ok	False
chr12	110659830	110659831	-	0.0107239	Pvalue	17	T	TCTTG	ok	False
chr13	91072457	91072458	+	5.11322e-06	Pvalue	186	A	CCAAA	ok	False
chr14	34066796	34066797	+	0.00415851	Pvalue	152	A	CTAAC	ok	False
chr15	43115604	43115605	-	0.000333775	Pvalue	271	T	GTTTA	ok	False
chr15	79557042	79557043	+	0.0164902	Pvalue	305	A	TTAAA	ok	False
chr15	76790359	76790360	+	8.68946e-19	Pvalue	4752	A	ACATT	ok	False
chr16	16971861	16971862	-	0.0185132	Pvalue	181	T	AGTTA	ok	True
chr16	38267891	38267892	-	0.0131502	Pvalue	4	T	CCTCG	ok	False
chr17	13143378	13143379	+	3.69237e-08	Pvalue	1110	A	TTATT	ok	False
chr17	35336827	35336828	-	0.0190398	Pvalue	173	T	GTTTC	ok	False
chr17	45878846	45878847	-	0.0266186	Pvalue	2621	T	GATTC	ok	False
chr18	57522439	57522440	+	0.0279473	Pvalue	378	A	CTACA	ok	False
chr18	77870439	77870440	+	0.000548146	Pvalue	741	A	CCATA	ok	False
chr19	44993917	44993918	-	8.37561e-05	Pvalue	305	T	GTTGT	ok	False
chr19	41906961	41906962	+	0.010548	Pvalue	93	A	GGATC	ok	False
chrx	8008849	8008850	-	0.000102313	Pvalue	139	T	GTTTT	ok	False
chrx	158906691	158906692	-	0.0129446	Pvalue	110	T	TGTTG	ok	False
chr1	125320678	125320679	-	0.0117713	Pvalue	49	T	TTTTC	ok	False
chr6	67254886	67254887	+	0.000881057	Pvalue	322	A	AAAAG	ok	False
chr6	86501957	86501958	-	0.0172917	Pvalue	121	T	TTTGA	ok	False
chr6	124693707	124693708	+	1.62223e-06	Pvalue	1024	A	GGACT	ok	True
chr6	87820186	87820187	-	0.0216485	Pvalue	755	T	GTTTA	ok	False
chr7	12764403	12764404	+	7.483e-05	Pvalue	930	A	AGACC	ok	True
chr7	44775250	44775251	-	0.000250225	Pvalue	449	T	TCTCT	ok	False
chr7	35247461	35247462	-	0.00670496	Pvalue	55	T	TTTGC	ok	False
chr7	99129172	99129173	-	4.72686e-07	Pvalue	1324	T	CATGG	ok	False
chr7	126395808	126395809	-	0.0402918	Pvalue	128	T	TTTTC	ok	False
chr7	114304881	114304882	-	0.0399181	Pvalue	642	T	GATAG	ok	False
chr7	138484290	138484291	+	0.0106851	Pvalue	38	A	GCATT	ok	False
chr8	71153244	71153245	+	7.56619e-05	Pvalue	417	A	TCAGT	ok	False
chr8	46660516	46660517	-	0.000483108	Pvalue	549	T	GATCT	ok	False
chr8	72976806	72976807	+	3.72789e-06	Pvalue	96	A	AGATA	ok	False
chr9	20558034	20558035	+	0.0299911	Pvalue	351	A	TCATT	ok	False
chr9	44315129	44315130	-	0.0380467	Pvalue	62	T	ACTGT	ok	False
chr9	65567778	65567779	+	0.0150865	Pvalue	364	A	AAATG	ok	False
chr9	120789470	120789471	+	0.00949124	Pvalue	252	A	ATACC	ok	False
chr10	13054649	13054650	-	0.0327212	Pvalue	45	T	AATGT	ok	False
chr10	82733264	82733265	+	0.00451282	Pvalue	217	A	GAAAC	ok	False
chr10	111332388	111332389	+	0.0190398	Pvalue	198	A	ACAGG	ok	False
chr11	22951592	22951593	+	0.0152435	Pvalue	175	A	TTACA	ok	False
chr11	48696828	48696829	+	1.74587e-78	Pvalue	5252	A	AGACA	ok	True
chr11	97052669	97052670	-	0.0342928	Pvalue	271	T	TCTCC	ok	False
chr12	69420372	69420373	+	0.000461235	Pvalue	19	A	CAACT	ok	False
chr13	69782121	69782122	+	0.00583142	Pvalue	172	A	ACAGC	ok	False
chr14	24541818	24541819	+	0.0190398	Pvalue	2787	A	GAATG	ok	False
chr14	63729809	63729810	-	0.0124647	Pvalue	231	T	GTTTT	ok	False
chr15	31592536	31592537	-	5.30571e-05	Pvalue	940	T	TTTTC	ok	False
chr15	36596228	36596229	-	8.2228e-06	Pvalue	327	T	CTTTT	ok	False
chr15	98830033	98830034	-	9.25008e-05	Pvalue	379	T	GGTAG	ok	False
chr16	32877818	32877819	+	0.00312081	Pvalue	124	A	GCACA	ok	False
chr16	95922967	95922968	-	2.09778e-05	Pvalue	1350	T	ACTCG	ok	False
chr17	24442573	24442574	-	0.000948861	Pvalue	126	T	TATTC	ok	False
chr17	45878724	45878725	-	2.18642e-35	Pvalue	2564	T	TTTTG	ok	False
chr18	75134311	75134312	+	0.0304666	Pvalue	11	A	AAAAT	ok	False
chr18	35070964	35070965	-	5.51847e-05	Pvalue	306	T	TATAG	ok	False
chr19	6998099	6998100	-	7.41032e-08	Pvalue	274	T	TTTAT	ok	False
chrx	105246993	105246994	+	0.000190085	Pvalue	299	A	CCAGG	ok	False
chr1	36732434	36732435	+	9.51059e-05	Pvalue	777	A	CTAAT	ok	False
chr1	131056424	131056425	-	0.0150397	Pvalue	38	T	CTTTG	ok	False
chr1	160030584	160030585	-	0.0489254	Pvalue	192	T	GATAG	ok	False
chr2	179817973	179817974	+	0.0108487	Pvalue	241	A	AAATT	ok	False
chr4	40732878	40732879	+	0.0462198	Pvalue	185	A	TTATA	ok	False
chr4	135778602	135778603	-	4.11654e-05	Pvalue	451	T	CATAC	ok	False
chr4	155825330	155825331	-	0.000925637	Pvalue	87	T	AGTCC	ok	True
chr6	128409568	128409569	-	0.0327287	Pvalue	382	T	GGTGG	ok	False
chr7	12764073	12764074	+	0.0329324	Pvalue	398	A	TCAGC	ok	False
chr7	33905027	33905028	-	0.0119516	Pvalue	62	T	GGTCT	ok	True
chr7	105459164	105459165	-	0.0350261	Pvalue	396	T	AGTAA	ok	False
chr7	137065832	137065833	+	0.000357979	Pvalue	203	A	GAATA	ok	False
chr7	141929713	141929714	-	0.00992869	Pvalue	480	T	GATGA	ok	False
chr8	71153060	71153061	+	0.0108769	Pvalue	416	A	TGAGT	ok	False
chr8	79232095	79232096	-	3.21514e-05	Pvalue	284	T	AGTCC	ok	True
chr8	96590779	96590780	-	0.0115618	Pvalue	320	T	TTTAT	ok	False
chr8	123831929	123831930	+	5.36899e-26	Pvalue	3738	A	AAAAG	ok	False
chr9	56043245	56043246	-	0.0235202	Pvalue	89	T	TCTCC	ok	False
chr9	65973724	65973725	+	0.000567322	Pvalue	618	A	CTAAG	ok	False
chr9	106308759	106308760	+	0.00132592	Pvalue	9	A	AGATC	ok	False
chr9	114578227	114578228	+	0.0208611	Pvalue	29	A	TTATT	ok	False
chr9	78386946	78386947	-	5.88887e-06	Pvalue	496	T	GCTTG	ok	False
chr10	79523959	79523960	+	5.40109e-05	Pvalue	719	A	AGACT	ok	True
chr10	85774617	85774618	-	0.00584731	Pvalue	144	T	CATTT	ok	False
chr10	127884474	127884475	+	0.000759327	Pvalue	717	A	TAATA	ok	False
chr10	126835805	126835806	+	0.0407934	Pvalue	130	A	TTACA	ok	False
chr10	94056655	94056656	+	6.98919e-38	Pvalue	370	A	ATACG	ok	False
chr11	29496706	29496707	-	0.018602	Pvalue	425	T	TTTGA	ok	False
chr11	54761299	54761300	+	0.0116537	Pvalue	370	A	CTAAT	ok	False
chr11	33109984	33109985	-	0.00125256	Pvalue	453	T	GTTTT	ok	False
chr11	48696914	48696915	+	4.3974e-05	Pvalue	2528	A	AAACT	ok	True
chr11	70543681	70543682	-	0.0179617	Pvalue	409	T	CATTG	ok	False
chr11	78071776	78071777	-	4.46145e-05	Pvalue	244	T	AGTAT	ok	False
chr11	97518718	97518719	-	1.98909e-12	Pvalue	761	T	GGTGA	ok	False
chr11	97668910	97668911	-	0.000918902	Pvalue	1813	T	CATGC	ok	False
chr11	115914146	115914147	-	0.00437742	Pvalue	440	T	TATAA	ok	False
chr11	115913891	115913892	-	0.0424194	Pvalue	592	T	CATAA	ok	False
chr11	120237119	120237120	-	0.0127519	Pvalue	446	T	GTTTC	ok	False
chr12	24764010	24764011	+	3.36543e-08	Pvalue	162	A	ATAGA	ok	False
chr13	3615606	3615607	+	0.0462434	Pvalue	899	A	AAACT	ok	True
chr12	110657482	110657483	-	4.23998e-20	Pvalue	5164	T	ATTTA	ok	False
chr14	4201557	4201558	+	0.00129931	Pvalue	164	A	GGATG	ok	False
chr14	54744826	54744827	-	0.0414278	Pvalue	393	T	GTTGC	ok	False
chr14	45586224	45586225	+	0.000847779	Pvalue	166	A	AAATA	ok	False
chr15	81925735	81925736	-	0.000466211	Pvalue	284	T	TGTCT	ok	True
chr15	80140478	80140479	+	0.0107077	Pvalue	7	A	CGAAT	ok	False
chr15	98829701	98829702	-	2.84225e-20	Pvalue	1826	T	TCTCT	ok	False
chr15	102190160	102190161	+	0.00494779	Pvalue	184	A	AAAAA	ok	False
chr16	55790523	55790524	+	0.000288232	Pvalue	2063	A	CAATG	ok	False
chr16	95922942	95922943	-	1.37824e-08	Pvalue	1316	T	GTTTT	ok	False
chr16	87283524	87283525	-	0.00384469	Pvalue	64	T	CGTCT	ok	False
chr17	35821026	35821027	+	0.00913649	Pvalue	231	A	CTAGA	ok	False
chr17	88031047	88031048	+	1.90625e-08	Pvalue	300	A	GAAAA	ok	False
chr18	77870546	77870547	+	0.0303566	Pvalue	735	A	TAAAA	ok	False
chr19	9962211	9962212	+	0.00191771	Pvalue	573	A	CCACG	ok	False
chr19	32443605	32443606	-	1.3925e-07	Pvalue	1207	T	ATTTC	ok	False
chr19	42113280	42113281	-	6.14772e-05	Pvalue	46	T	GATTA	ok	False
chrx	13069621	13069622	+	0.00775241	Pvalue	249	A	GCAGA	ok	False
chr19	60749606	60749607	-	2.46757e-05	Pvalue	142	T	AATTC	ok	False
chr1	86458244	86458245	+	1.30278e-08	Pvalue	3731	A	GTACT	ok	False
chr1	180427774	180427775	+	0.0390746	Pvalue	29	A	TGAGT	ok	False
chr2	121268354	121268355	+	0.0014983	Pvalue	422	A	TTATT	ok	False
chr2	179818179	179818180	-	0.0374057	Pvalue	110	T	TTTTA	ok	False
chr5	93329935	93329936	-	0.0404749	Pvalue	94	T	AATCC	ok	False
chr5	135918116	135918117	+	0.014089	Pvalue	366	A	CCACC	ok	False
chr5	143491273	143491274	-	0.0304805	Pvalue	212	T	CATAC	ok	False
chr5	121706020	121706021	-	6.35963e-13	Pvalue	99	T	TTTCG	ok	False
chr6	87957422	87957423	-	0.00249856	Pvalue	859	T	ATTGC	ok	False
chr6	86501536	86501537	-	0.000163253	Pvalue	446	T	ATTTA	ok	False
chr6	85444135	85444136	+	0.0224958	Pvalue	208	A	CCATC	ok	False
chr7	18886624	18886625	+	0.000789912	Pvalue	901	A	CGAGA	ok	False
chr6	117902422	117902423	+	0.00499473	Pvalue	546	A	TGAGA	ok	False
chr7	28439181	28439182	-	2.11501e-07	Pvalue	391	T	ACTCT	ok	False
chr7	28051951	28051952	+	6.95916e-08	Pvalue	653	A	AGATA	ok	False
chr7	24587763	24587764	+	4.30797e-20	Pvalue	4563	A	CAAGA	ok	False
chr7	46504680	46504681	+	0.0065219	Pvalue	821	A	GAAAC	ok	False
chr7	46504627	46504628	+	0.0205389	Pvalue	451	A	ACACC	ok	False
chr7	102117858	102117859	+	0.00470104	Pvalue	76	A	TCATT	ok	False
chr7	140549634	140549635	+	0.00501536	Pvalue	456	A	CTAGA	ok	False
chr8	69566289	69566290	+	0.000294757	Pvalue	178	A	GCATG	ok	False
chr9	40716287	40716288	+	0.0214042	Pvalue	5346	A	CTATC	ok	False
chr9	65970291	65970292	+	0.0236786	Pvalue	145	A	ACAGC	ok	False
chr9	64085780	64085781	+	3.66933e-94	Pvalue	3263	A	TAAAT	ok	False
chr9	119958297	119958298	+	0.0497281	Pvalue	764	A	AGAAT	ok	False
chr10	75695664	75695665	-	0.0201165	Pvalue	991	T	GCTGG	ok	False
chr10	79524079	79524080	+	0.00039926	Pvalue	782	A	CCACT	ok	False
chr10	90952678	90952679	-	0.0417543	Pvalue	1223	T	CATTA	ok	False
chr10	116887041	116887042	-	0.00207739	Pvalue	569	T	CTTAA	ok	False
chr10	94056786	94056787	+	2.2407e-06	Pvalue	371	A	TGAAC	ok	False
chr11	22953176	22953177	+	0.00883222	Pvalue	1614	A	GCATC	ok	False
chr11	48696400	48696401	+	2.79571e-11	Pvalue	5267	A	GAATT	ok	False
chr11	60755729	60755730	-	3.36463e-07	Pvalue	33	T	AGTCT	ok	True
chr11	78071798	78071799	-	0.0277261	Pvalue	464	T	TCTGG	ok	False
chr11	97920614	97920615	+	0.00494092	Pvalue	1293	A	GTACC	ok	False
chr11	100212351	100212352	+	0.000395357	Pvalue	812	A	GAAAA	ok	False
chr11	106672591	106672592	-	0.0288531	Pvalue	322	T	TGTTT	ok	True
chr11	117706792	117706793	-	0.0117192	Pvalue	53	T	TGTAT	ok	False
chr12	17600750	17600751	+	0.0148378	Pvalue	274	A	GTAGA	ok	False
chr12	28681086	28681087	-	0.0195816	Pvalue	193	T	TATGA	ok	False
chr12	110537208	110537209	+	0.0449447	Pvalue	98	A	TAAAA	ok	False
chr14	20744906	20744907	+	0.0199234	Pvalue	140	A	TAAGA	ok	False
chr14	121184820	121184821	+	0.000124545	Pvalue	560	A	GAAAT	ok	False
chr15	76790454	76790455	+	3.94685e-13	Pvalue	8054	A	AAAAC	ok	False
chr16	22064895	22064896	-	0.00169045	Pvalue	180	T	TCTCC	ok	False
chr16	20327894	20327895	+	0.000396046	Pvalue	464	A	CTACA	ok	False
chr16	87281750	87281751	-	9.41563e-12	Pvalue	835	T	TTTTC	ok	False
chr17	35204847	35204848	+	0.0463566	Pvalue	339	A	AAAAC	ok	False
chr17	47202578	47202579	+	0.00173277	Pvalue	53	A	GAAAC	ok	False
chr17	88298185	88298186	+	0.0211819	Pvalue	376	A	TAAAC	ok	False
chr18	35994716	35994717	+	0.0145658	Pvalue	115	A	AAAAC	ok	False
chr18	48181294	48181295	+	9.53045e-06	Pvalue	187	A	TCATG	ok	False
chr18	77867612	77867613	+	0.0468006	Pvalue	24	A	CCATG	ok	False
chr18	84999500	84999501	+	0.00635881	Pvalue	225	A	TAAAT	ok	False
chr19	8955317	8955318	+	1.95875e-06	Pvalue	2265	A	AGATT	ok	False
chr1	79758873	79758874	+	0.00240256	Pvalue	45	A	TCATC	ok	False
chr1	128259406	128259407	-	5.81774e-06	Pvalue	547	T	TATGA	ok	False
chr2	11590441	11590442	-	0.0326904	Pvalue	147	T	ACTTG	ok	False
chr2	121268256	121268257	+	0.0313471	Pvalue	438	A	ATATA	ok	False
chr2	156410058	156410059	+	0.00263508	Pvalue	162	A	AAAGT	ok	False
chr3	65287254	65287255	-	0.00872028	Pvalue	116	T	AATGA	ok	False
chr3	157611829	157611830	-	0.0217708	Pvalue	6	T	TTTTG	ok	False
chr4	40732101	40732102	+	0.0299933	Pvalue	140	A	TAAAA	ok	False
chr4	133972362	133972363	-	0.00390925	Pvalue	79	T	AATGG	ok	False
chr4	135777275	135777276	-	6.79322e-06	Pvalue	541	T	TTTTA	ok	False
chr4	152414553	152414554	+	0.00144324	Pvalue	1414	A	TCACT	ok	False
chr4	155973239	155973240	+	0.00355281	Pvalue	72	A	AGACC	ok	True
chr5	122926054	122926055	-	0.000267186	Pvalue	586	T	ACTGA	ok	False
chr5	115700604	115700605	+	2.24477e-32	Pvalue	3374	A	ACACC	ok	False
chr5	129910155	129910156	-	3.08439e-05	Pvalue	983	T	AATAT	ok	False
chr6	87820327	87820328	-	0.00037539	Pvalue	671	T	TTTCT	ok	False
chr6	115782564	115782565	-	0.00289029	Pvalue	4904	T	ACTCT	ok	False
chr6	124693578	124693579	+	0.0221353	Pvalue	529	A	TCATT	ok	False
chr6	148256681	148256682	+	0.00658736	Pvalue	688	A	ACACC	ok	False
chr6	137727996	137727997	+	3.8541e-05	Pvalue	220	A	ATACA	ok	False
chr7	4797478	4797479	+	5.94867e-14	Pvalue	1010	A	AAACG	ok	False
chr7	45370202	45370203	+	1.27097e-05	Pvalue	2133	A	CTACA	ok	False
chr7	46504836	46504837	+	0.000663064	Pvalue	1161	A	ACATG	ok	False
chr7	105459714	105459715	-	0.0248754	Pvalue	80	T	CATAA	ok	False
chr7	113864069	113864070	-	0.00323437	Pvalue	182	T	TTTAA	ok	False
chr7	126394939	126394940	-	0.0022992	Pvalue	627	T	GATGG	ok	False
chr7	138484748	138484749	+	7.641e-06	Pvalue	176	A	TAATA	ok	False
chr8	80410342	80410343	-	0.0153437	Pvalue	140	T	TATAT	ok	False
chr8	123831893	123831894	+	2.3058e-26	Pvalue	3287	A	CAAAA	ok	False
chr9	40715193	40715194	+	0.0323535	Pvalue	746	A	AGACT	ok	True
chr9	59586615	59586616	+	2.3583e-13	Pvalue	3558	A	ATAGT	ok	False
chr9	108776970	108776971	+	0.022964	Pvalue	321	A	CAAAA	ok	False
chr9	78385781	78385782	-	5.27656e-115	Pvalue	12314	T	TTTTT	ok	False
chr10	79891760	79891761	+	7.38628e-05	Pvalue	389	A	CCATC	ok	False
chr10	90952717	90952718	-	4.00978e-09	Pvalue	881	T	AGTAA	ok	False
chr10	127884167	127884168	+	0.013415	Pvalue	733	A	CAAAC	ok	False
chr10	111332594	111332595	+	0.00324285	Pvalue	330	A	TTAAA	ok	False
chr11	29495895	29495896	-	0.0238217	Pvalue	516	T	GTTTG	ok	False
chr11	22952831	22952832	+	4.3759e-16	Pvalue	1000	A	ACATT	ok	False
chr11	55285378	55285379	-	8.14374e-06	Pvalue	730	T	CATTG	ok	False
chr11	62444011	62444012	+	0.0405891	Pvalue	1024	A	TAATA	ok	False
chr11	93850157	93850158	-	0.0072353	Pvalue	1050	T	TCTAG	ok	False
chr11	97518423	97518424	-	2.88747e-14	Pvalue	3031	T	GGTAA	ok	False
chr11	86475549	86475550	-	0.0447746	Pvalue	41	T	AGTTT	ok	True
chr11	107386513	107386514	+	0.00907454	Pvalue	74	A	AGAAC	ok	False
chr12	17600002	17600003	+	0.0023888	Pvalue	125	A	ATACA	ok	False
chr12	110659456	110659457	-	0.00884398	Pvalue	44	T	TGTGA	ok	False
chr13	100274180	100274181	+	0.0217684	Pvalue	253	A	TAAAT	ok	False
chr14	24542172	24542173	+	2.91145e-15	Pvalue	7118	A	ACAGA	ok	False
chr14	21895353	21895354	+	0.0291213	Pvalue	164	A	TTAAT	ok	False
chr14	76085716	76085717	+	0.0107115	Pvalue	488	A	AAAAA	ok	False
chr15	43113569	43113570	-	0.0320584	Pvalue	369	T	CCTTT	ok	False
chr15	81249405	81249406	-	0.00851143	Pvalue	289	T	TTTTA	ok	False
chr15	78824805	78824806	+	0.0199198	Pvalue	239	A	AAAAG	ok	False
chr16	22064802	22064803	-	0.000347595	Pvalue	286	T	AGTAT	ok	False
chr16	78157041	78157042	-	0.0236508	Pvalue	13	T	CTTTA	ok	False
chr16	87281734	87281735	-	3.34784e-06	Pvalue	915	T	GTTTA	ok	False
chr17	36145968	36145969	-	7.87142e-12	Pvalue	2537	T	GTTGC	ok	False
chr18	12289381	12289382	+	0.0452983	Pvalue	25	A	TTACA	ok	False
chr18	60910921	60910922	+	0.0409816	Pvalue	3757	A	TCAGA	ok	False
chr19	8851182	8851183	+	0.0407089	Pvalue	113	A	GAAAG	ok	False
chrx	20548887	20548888	+	0.000657414	Pvalue	461	A	TCACC	ok	False
chr1	20873582	20873583	-	1.24769e-06	Pvalue	181	T	AGTCC	ok	True
chr1	86457859	86457860	+	0.000956244	Pvalue	248	A	CCACC	ok	False
chr1	135696482	135696483	+	8.5377e-07	Pvalue	73	A	AGACT	ok	True
chr2	29962435	29962436	+	0.0412397	Pvalue	683	A	TTATA	ok	False
chr2	90695578	90695579	+	0.0263557	Pvalue	228	A	GGAAG	ok	False
chr2	156715428	156715429	+	0.0105107	Pvalue	394	A	TAAGT	ok	False
chr2	157167708	157167709	+	0.00189772	Pvalue	368	A	TCATG	ok	False
chr3	144303406	144303407	+	0.0340988	Pvalue	132	A	TAAAT	ok	False
chr4	42980353	42980354	-	0.0239197	Pvalue	525	T	TGTAA	ok	False
chr4	129608825	129608826	-	0.00917021	Pvalue	154	T	CTTTT	ok	False
chr4	154046194	154046195	+	0.0180018	Pvalue	228	A	AAACA	ok	True
chr5	33185250	33185251	+	4.27005e-05	Pvalue	252	A	AGACT	ok	True
chr5	115483865	115483866	-	3.57394e-09	Pvalue	1042	T	TGTGG	ok	False
chr5	134648829	134648830	-	0.00205934	Pvalue	571	T	AATTC	ok	False
chr5	146772380	146772381	+	2.80183e-06	Pvalue	614	A	AAATT	ok	False
chr6	67258781	67258782	+	0.0045617	Pvalue	641	A	CAAAC	ok	False
chr6	124912862	124912863	+	0.00072752	Pvalue	683	A	AAAGC	ok	False
chr6	122691261	122691262	+	9.01769e-06	Pvalue	376	A	TTAAA	ok	False
chr7	13044946	13044947	+	0.0248896	Pvalue	384	A	AAAAG	ok	False
chr7	45370236	45370237	+	7.97517e-05	Pvalue	1307	A	AAAAA	ok	False
chr7	84264620	84264621	-	0.0328597	Pvalue	33	T	AGTTG	ok	False
chr7	45109051	45109052	-	3.86058e-13	Pvalue	877	T	GGTCA	ok	True
chr7	126395163	126395164	-	0.0077694	Pvalue	486	T	CGTTG	ok	False
chr7	114304835	114304836	-	0.0165518	Pvalue	750	T	CCTTG	ok	False
chr8	71348138	71348139	-	0.00693509	Pvalue	2331	T	TTTGA	ok	False
chr8	95590303	95590304	+	0.0445527	Pvalue	175	A	CTATG	ok	False
chr8	118188219	118188220	+	0.0252239	Pvalue	32	A	AAAAA	ok	False
chr9	4296734	4296735	-	0.021509	Pvalue	59	T	AATGA	ok	False
chr9	26917692	26917693	+	2.08616e-10	Pvalue	110	A	GTAAT	ok	False
chr9	40715640	40715641	+	3.35254e-11	Pvalue	1855	A	TCACC	ok	False
chr9	50256106	50256107	-	0.0491712	Pvalue	376	T	AATTC	ok	False
chr9	57412574	57412575	+	0.0202533	Pvalue	277	A	GCACC	ok	False
chr9	89976518	89976519	-	0.0366336	Pvalue	8	T	AGTGC	ok	False
chr9	103230327	103230328	-	0.0406998	Pvalue	326	T	GTTAA	ok	False
chr10	33872626	33872627	-	0.0153113	Pvalue	11	T	TGTTT	ok	True
chr9	78385827	78385828	-	5.49911e-33	Pvalue	12359	T	AATAA	ok	False
chr10	13054699	13054700	-	0.0321955	Pvalue	45	T	GTTTA	ok	False
chr10	95382984	95382985	-	0.0201747	Pvalue	547	T	TGTAC	ok	False
chr10	126727586	126727587	-	0.0174379	Pvalue	12	T	GCTCG	ok	False
chr10	128326749	128326750	-	0.0149126	Pvalue	427	T	TTTTA	ok	False
chr10	127926006	127926007	+	0.0449818	Pvalue	1599	A	GCAGC	ok	False
chr11	22952373	22952374	+	4.71108e-10	Pvalue	706	A	GAAAA	ok	False
chr11	55391214	55391215	+	0.0394848	Pvalue	290	A	ACAAA	ok	False
chr11	70543706	70543707	-	0.00780734	Pvalue	269	T	AGTGA	ok	False
chr11	95568921	95568922	+	0.00670599	Pvalue	336	A	CCAAA	ok	False
chr11	100211620	100211621	+	9.86894e-07	Pvalue	573	A	TTACG	ok	False
chr11	97921178	97921179	+	0.000179112	Pvalue	1466	A	AGATC	ok	False
chr11	116741482	116741483	-	0.0188485	Pvalue	76	T	ATTTC	ok	False
chr11	117705090	117705091	+	0.0203113	Pvalue	244	A	GGAAT	ok	False
chr11	120379297	120379298	+	0.027758	Pvalue	610	A	GGATC	ok	False
chr12	13269321	13269322	-	0.0269905	Pvalue	187	T	GTTTA	ok	False
chr13	67048751	67048752	-	9.13532e-10	Pvalue	219	T	GGTTG	ok	False
chr13	99456524	99456525	-	5.34493e-06	Pvalue	64	T	ATTTC	ok	False
chr14	54854058	54854059	-	2.91044e-23	Pvalue	124	T	TTTGG	ok	False
chr14	36843084	36843085	-	0.017878	Pvalue	89	T	AATCC	ok	False
chr14	76085715	76085716	+	5.29933e-09	Pvalue	481	A	TAAAA	ok	False
chr16	22064806	22064807	-	0.000622908	Pvalue	294	T	TTTTC	ok	False
chr16	95923129	95923130	-	0.00131336	Pvalue	605	T	CATCA	ok	False
chr16	87281723	87281724	-	0.0269693	Pvalue	953	T	ATTAG	ok	False
chr17	53983281	53983282	-	0.0195628	Pvalue	47	T	AATTC	ok	False
chr18	77870020	77870021	+	0.0121803	Pvalue	795	A	AGAAC	ok	False
chr19	8955375	8955376	+	0.0419261	Pvalue	2292	A	GAAAC	ok	False
chr19	8954800	8954801	+	5.26536e-06	Pvalue	1305	A	GTACC	ok	False
chrx	36062257	36062258	+	2.06484e-09	Pvalue	600	A	ACATT	ok	False
chrx	154111558	154111559	-	0.048373	Pvalue	129	T	GATAA	ok	False
chr1	72891619	72891620	+	0.00864785	Pvalue	423	A	GAAGG	ok	False
chr1	86458293	86458294	+	1.58315e-32	Pvalue	4129	A	AAAAG	ok	False
chr1	172334430	172334431	+	0.0228419	Pvalue	23	A	TAATT	ok	False
chr2	32852616	32852617	+	0.00323511	Pvalue	317	A	CAAGG	ok	False
chr2	34666325	34666326	+	2.58078e-07	Pvalue	402	A	GAATT	ok	False
chr2	132091704	132091705	-	0.000409572	Pvalue	104	T	CATCT	ok	False
chr2	170360843	170360844	+	0.0499617	Pvalue	69	A	TTAAT	ok	False
chr3	87823022	87823023	+	0.00300296	Pvalue	159	A	GAAAA	ok	False
chr3	95230826	95230827	+	0.0165169	Pvalue	50	A	AGACC	ok	True
chr3	89690007	89690008	+	0.0157377	Pvalue	54	A	GAAAA	ok	False
chr4	108036223	108036224	+	0.000120473	Pvalue	119	A	CCAGA	ok	False
chr4	129743243	129743244	+	0.013246	Pvalue	26	A	TGATG	ok	False
chr4	135777646	135777647	-	1.08394e-09	Pvalue	541	T	AATGC	ok	False
chr5	5831785	5831786	-	0.0256091	Pvalue	2952	T	TCTTC	ok	False
chr5	35250719	35250720	-	0.012489	Pvalue	179	T	GATGC	ok	False
chr5	108581198	108581199	-	0.00516102	Pvalue	635	T	TCTTG	ok	False
chr5	129099605	129099606	+	0.0123249	Pvalue	653	A	TTAGA	ok	False
chr5	135918399	135918400	+	0.00216424	Pvalue	474	A	GCAAG	ok	False
chr5	115701533	115701534	+	1.83371e-56	Pvalue	3659	A	TTAAT	ok	False
chr6	28426378	28426379	+	0.00953419	Pvalue	288	A	GGATG	ok	False
chr6	86343597	86343598	+	0.00689828	Pvalue	12	A	TCATG	ok	False
chr6	100209305	100209306	-	0.0471051	Pvalue	7	T	AGTCT	ok	True
chr6	124913013	124913014	+	0.000267855	Pvalue	717	A	GAAAC	ok	False
chr6	137814718	137814719	+	0.00409642	Pvalue	49	A	GGATA	ok	False
chr6	137727844	137727845	+	0.0188787	Pvalue	207	A	GGAAT	ok	False
chr7	33901849	33901850	-	0.000788841	Pvalue	789	T	TTTGG	ok	False
chr7	78783809	78783810	-	0.0048971	Pvalue	847	T	AGTCC	ok	True
chr7	109121231	109121232	+	0.0165474	Pvalue	155	A	GAAAA	ok	False
chr7	126394827	126394828	-	0.0412051	Pvalue	974	T	TCTCC	ok	False
chr7	126856138	126856139	-	0.0261576	Pvalue	436	T	CCTTA	ok	False
chr8	26489017	26489018	-	0.00175101	Pvalue	234	T	TATTA	ok	False
chr8	46660535	46660536	-	7.98069e-05	Pvalue	534	T	AATAC	ok	False
chr8	85388216	85388217	-	0.000733682	Pvalue	151	T	GATCG	ok	False
chr8	85700914	85700915	+	0.00139732	Pvalue	603	A	ATAGG	ok	False
chr8	111608679	111608680	+	0.00326816	Pvalue	94	A	AAAAG	ok	False
chr9	44247205	44247206	+	0.000141971	Pvalue	345	A	CTACA	ok	False
chr9	78116340	78116341	+	9.07975e-10	Pvalue	571	A	GCATT	ok	False
chr9	65567438	65567439	+	0.0198294	Pvalue	121	A	GTACC	ok	False
chr9	108217410	108217411	+	2.79085e-11	Pvalue	2461	A	TAAAT	ok	False
chr9	110769015	110769016	-	0.000221079	Pvalue	229	T	CTTAG	ok	False
chr9	78387594	78387595	-	0.0417367	Pvalue	41	T	TATTT	ok	False
chr10	75773556	75773557	+	0.00126957	Pvalue	1111	A	CAATT	ok	False
chr10	79803403	79803404	+	0.0124053	Pvalue	363	A	CCACG	ok	False
chr10	111330116	111330117	+	0.000352179	Pvalue	223	A	GTACT	ok	False
chr11	52013257	52013258	+	0.0117425	Pvalue	341	A	TTAAT	ok	False
chr11	55391027	55391028	+	0.00744257	Pvalue	163	A	TTACC	ok	False
chr11	58823760	58823761	-	0.00961321	Pvalue	38	T	GATGT	ok	False
chr11	78412800	78412801	+	0.036115	Pvalue	80	A	TAAAC	ok	False
chr11	97518522	97518523	-	0.00261175	Pvalue	2197	T	GGTTA	ok	True
chr11	106672606	106672607	-	0.0127084	Pvalue	315	T	TATCT	ok	False
chr11	120236661	120236662	-	9.9254e-16	Pvalue	2325	T	TTTAC	ok	False
chr11	117746431	117746432	+	0.0244428	Pvalue	370	A	TGATA	ok	False
chr12	84803276	84803277	-	4.32841e-06	Pvalue	319	T	TATTG	ok	False
chr13	3615806	3615807	+	0.0239576	Pvalue	940	A	CCAAA	ok	False
chr12	110658811	110658812	-	0.00230027	Pvalue	212	T	GTTTG	ok	False
chr13	91071815	91071816	+	0.0229348	Pvalue	164	A	CCAAT	ok	False
chr14	30892906	30892907	-	0.000286784	Pvalue	198	T	TATTA	ok	False
chr14	76084222	76084223	+	0.00160355	Pvalue	389	A	TAATT	ok	False
chr15	81839887	81839888	-	0.0106989	Pvalue	120	T	GGTGC	ok	False
chr16	22065147	22065148	-	0.0247335	Pvalue	46	T	TTTTA	ok	False
chr16	32727911	32727912	+	0.0416448	Pvalue	33	A	AGAGG	ok	False
chr17	24690317	24690318	+	0.032768	Pvalue	302	A	GTATG	ok	False
chr16	93407158	93407159	+	0.0237303	Pvalue	79	A	TTATG	ok	False
chr17	24940176	24940177	+	7.31391e-17	Pvalue	801	A	GCATT	ok	False
chr17	35472042	35472043	+	0.00954362	Pvalue	326	A	TCAAC	ok	False
chr18	9996089	9996090	-	0.000555843	Pvalue	20	T	AATTG	ok	False
chr18	77870134	77870135	+	0.0119889	Pvalue	822	A	TAAAA	ok	False
chr19	44994205	44994206	-	0.000409715	Pvalue	217	T	AGTCC	ok	True
chr19	47074606	47074607	-	0.0327054	Pvalue	195	T	AATAT	ok	False
chrx	36062329	36062330	+	1.2698e-05	Pvalue	584	A	CAATA	ok	False
chrx	105065493	105065494	+	0.0155569	Pvalue	285	A	TCAAA	ok	False
chrx	158910348	158910349	-	0.00468005	Pvalue	31	T	CATTC	ok	False
chr1	55128307	55128308	+	0.0152128	Pvalue	1308	A	CCAGA	ok	False
chr1	55117221	55117222	-	0.000452322	Pvalue	1476	T	AATGT	ok	False
chr1	72891536	72891537	+	0.000491919	Pvalue	418	A	GGAGG	ok	False
chr1	86279156	86279157	-	0.00480741	Pvalue	973	T	TTTAA	ok	False
chr1	170956882	170956883	-	2.39608e-10	Pvalue	108	T	GCTGT	ok	False
chr2	25888863	25888864	-	0.0288531	Pvalue	60	T	AGTCC	ok	True
chr2	75022009	75022010	-	0.0255241	Pvalue	158	T	GCTGA	ok	False
chr2	34666348	34666349	+	0.00402947	Pvalue	292	A	GAAAA	ok	False
chr2	132091513	132091514	-	0.00532785	Pvalue	96	T	AGTTT	ok	True
chr2	174307044	174307045	-	0.00603251	Pvalue	86	T	TTTTT	ok	False
chr3	93433564	93433565	+	0.00144488	Pvalue	209	A	AAAAT	ok	False
chr3	105850298	105850299	-	0.00644963	Pvalue	212	T	CATAT	ok	False
chr3	127330509	127330510	-	0.0167985	Pvalue	210	T	CTTTT	ok	False
chr4	41715082	41715083	-	2.10273e-06	Pvalue	151	T	GATGA	ok	False
chr4	133692770	133692771	-	0.0417205	Pvalue	21	T	TTTTT	ok	False
chr4	137047622	137047623	-	9.26242e-06	Pvalue	29	T	TATTC	ok	False
chr4	150332096	150332097	+	1.05934e-05	Pvalue	333	A	CGAAT	ok	False
chr5	108582192	108582193	-	0.0129326	Pvalue	418	T	CCTTG	ok	False
chr5	129099927	129099928	+	1.46455e-05	Pvalue	810	A	GCAAC	ok	False
chr5	143492746	143492747	-	0.0310538	Pvalue	78	T	TTTTC	ok	False
chr6	39382788	39382789	-	0.0104254	Pvalue	227	T	AGTGA	ok	False
chr6	73253870	73253871	+	0.0189056	Pvalue	105	A	TAAAT	ok	False
chr6	146551957	146551958	+	0.00316697	Pvalue	130	A	AAACT	ok	True
chr6	87820327	87820328	-	1.13385e-06	Pvalue	671	T	TTTCT	ok	False
chr7	12764111	12764112	+	0.00034057	Pvalue	389	A	AAACT	ok	True
chr7	33901594	33901595	-	1.23463e-05	Pvalue	1091	T	GGTGT	ok	False
chr7	44771827	44771828	-	3.04808e-12	Pvalue	4852	T	TTTAT	ok	False
chr7	106809641	106809642	+	0.0186422	Pvalue	63	A	GTACC	ok	False
chr7	114304805	114304806	-	0.0338805	Pvalue	838	T	TGTGC	ok	False
chr7	126853957	126853958	+	0.00964912	Pvalue	88	A	ATAAA	ok	False
chr7	110671234	110671235	-	0.0235893	Pvalue	583	T	AATAA	ok	False
chr8	43748124	43748125	-	0.0108986	Pvalue	168	T	ATTTT	ok	False
chr8	46660618	46660619	-	0.00192982	Pvalue	484	T	CTTCC	ok	False
chr8	79232015	79232016	-	0.0169347	Pvalue	334	T	CTTTT	ok	False
chr8	96590768	96590769	-	0.00271246	Pvalue	303	T	TCTAT	ok	False
chr8	123831812	123831813	+	0.000239169	Pvalue	3580	A	TCACA	ok	False
chr9	40714699	40714700	+	1.91301e-06	Pvalue	187	A	CCATG	ok	False
chr9	59586437	59586438	+	6.03474e-08	Pvalue	3548	A	AGAGT	ok	False
chr9	64085545	64085546	+	1.10161e-27	Pvalue	2933	A	GCACT	ok	False
chr9	110768691	110768692	-	0.00132461	Pvalue	407	T	TTTTA	ok	False
chr9	78385868	78385869	-	1.67503e-17	Pvalue	12367	T	CATTC	ok	False
chr10	79524072	79524073	+	0.0199733	Pvalue	828	A	AAACA	ok	True
chr10	85774839	85774840	-	0.000318146	Pvalue	159	T	AGTCC	ok	True
chr10	127884450	127884451	+	2.5947e-10	Pvalue	724	A	TAAAA	ok	False
chr10	127925961	127925962	+	0.00840489	Pvalue	1516	A	ATAAG	ok	False
chr11	29496007	29496008	-	3.29733e-07	Pvalue	512	T	GCTAA	ok	False
chr11	53153109	53153110	-	0.0057757	Pvalue	487	T	TCTCC	ok	False
chr11	69557835	69557836	-	6.9325e-08	Pvalue	1118	T	TGTAA	ok	False
chr11	70542239	70542240	+	0.0346342	Pvalue	82	A	GAAAA	ok	False
chr11	93840773	93840774	-	0.0243091	Pvalue	2165	T	CATGG	ok	False
chr11	115913904	115913905	-	0.00177209	Pvalue	646	T	ATTGC	ok	False
chr11	115913981	115913982	-	0.00285356	Pvalue	459	T	CATGC	ok	False
chr11	120236541	120236542	-	0.000435166	Pvalue	2292	T	CTTTA	ok	False
chr12	59090143	59090144	-	0.0315024	Pvalue	20	T	TTTTA	ok	False
chr13	23606131	23606132	-	1.21201e-07	Pvalue	37	T	AGTCC	ok	True
chr13	34258577	34258578	-	0.00542025	Pvalue	64	T	CGTCC	ok	False
chr12	110657616	110657617	-	1.318e-11	Pvalue	5004	T	GTTGT	ok	False
chr14	4200536	4200537	+	0.0477573	Pvalue	94	A	CCACA	ok	False
chr14	51164416	51164417	+	0.0194142	Pvalue	383	A	TTACC	ok	False
chr14	51188454	51188455	+	8.57957e-05	Pvalue	38	A	TAAAG	ok	False
chr14	73831144	73831145	+	0.0109887	Pvalue	52	A	CTAAT	ok	False
chr15	43113563	43113564	-	0.0354043	Pvalue	437	T	CTTAT	ok	False
chr15	79962941	79962942	-	0.0253271	Pvalue	1239	T	AGTCA	ok	True
chr15	98847822	98847823	-	0.00699223	Pvalue	488	T	CATTG	ok	False
chr15	79962012	79962013	-	2.9199e-05	Pvalue	1514	T	ATTGG	ok	False
chr16	55791791	55791792	+	2.56293e-06	Pvalue	1038	A	TTAAC	ok	False
chr16	95923533	95923534	-	0.0436779	Pvalue	40	T	TGTAC	ok	False
chr16	48444666	48444667	+	0.0208118	Pvalue	106	A	CCAGA	ok	False
chr17	74606706	74606707	-	0.0173079	Pvalue	164	T	AATCT	ok	False
chr18	75136312	75136313	+	0.0285121	Pvalue	725	A	AAATT	ok	False
chr19	43488450	43488451	-	0.0118646	Pvalue	128	T	TTTTA	ok	False
chrx	73315297	73315298	+	0.0339961	Pvalue	22	A	AAAGT	ok	False
chrx	105246925	105246926	+	0.0444688	Pvalue	293	A	CAACC	ok	False
chr1	160030696	160030697	-	0.0141435	Pvalue	208	T	AATGG	ok	False
chr2	32597716	32597717	-	0.000987791	Pvalue	242	T	GGTGA	ok	False
chr2	71271743	71271744	+	0.00408599	Pvalue	225	A	CTAAA	ok	False
chr2	132091445	132091446	-	6.83324e-05	Pvalue	166	T	GGTAC	ok	False
chr2	163859054	163859055	+	0.0436541	Pvalue	23	A	CTAGA	ok	False
chr3	36620262	36620263	-	0.0352488	Pvalue	76	T	AATTT	ok	False
chr3	90007575	90007576	+	0.00855811	Pvalue	95	A	GCATG	ok	False
chr3	121251322	121251323	+	0.0163675	Pvalue	335	A	CGATT	ok	False
chr4	40270764	40270765	-	0.00822304	Pvalue	103	T	AGTTT	ok	True
chr4	86772995	86772996	-	7.78185e-28	Pvalue	300	T	CGTCT	ok	False
chr4	55391159	55391160	+	0.0131781	Pvalue	89	A	GAAAA	ok	False
chr4	154046365	154046366	+	0.00315492	Pvalue	211	A	GAAAA	ok	False
chr5	30831517	30831518	+	6.82638e-10	Pvalue	255	A	CGACA	ok	False
chr5	93329809	93329810	-	0.0203887	Pvalue	88	T	TTTTA	ok	False
chr5	110578151	110578152	-	0.000198806	Pvalue	28	T	AGTCC	ok	True
chr5	129099587	129099588	+	6.1814e-06	Pvalue	675	A	GCACA	ok	False
chr5	146772492	146772493	+	0.000233687	Pvalue	806	A	AGAGA	ok	False
chr6	67244350	67244351	+	0.0484019	Pvalue	23	A	ACAAA	ok	False
chr6	124692946	124692947	+	0.0305363	Pvalue	308	A	TCACA	ok	False
chr6	122704997	122704998	-	0.000836493	Pvalue	1088	T	AATAC	ok	False
chr7	37797655	37797656	-	0.0403166	Pvalue	252	T	TCTGT	ok	False
chr7	33840445	33840446	-	0.000772791	Pvalue	127	T	TATTT	ok	False
chr7	119314334	119314335	-	0.0361271	Pvalue	110	T	TTTTT	ok	False
chr7	137055142	137055143	+	0.0244804	Pvalue	8	A	GAATT	ok	False
chr7	140589693	140589694	-	0.0348912	Pvalue	166	T	GATAA	ok	False
chr7	144418912	144418913	+	0.0489138	Pvalue	608	A	TCATG	ok	False
chr8	13224878	13224879	+	0.0266735	Pvalue	127	A	AGATT	ok	False
chr8	71152810	71152811	+	6.42331e-14	Pvalue	162	A	GGACT	ok	True
chr8	84973170	84973171	-	0.023931	Pvalue	455	T	AGTCC	ok	True
chr8	85700926	85700927	+	0.00488336	Pvalue	631	A	TAAAG	ok	False
chr8	106251548	106251549	-	0.0296961	Pvalue	35	T	GATGT	ok	False
chr8	112678984	112678985	+	0.000804928	Pvalue	334	A	TGAAG	ok	False
chr8	121400010	121400011	+	0.00857297	Pvalue	814	A	CAATG	ok	False
chr9	54865081	54865082	+	0.0292887	Pvalue	274	A	TCACG	ok	False
chr9	44655040	44655041	-	0.0352522	Pvalue	8	T	TGTCT	ok	True
chr9	96353504	96353505	-	0.022101	Pvalue	124	T	TGTTC	ok	True
chr10	29574919	29574920	-	6.08822e-08	Pvalue	2844	T	TCTAG	ok	False
chr10	60137561	60137562	+	0.0470412	Pvalue	19	A	AGATC	ok	False
chr10	81017863	81017864	+	0.0383865	Pvalue	439	A	CAAGG	ok	False
chr10	127925003	127925004	+	0.00103262	Pvalue	1204	A	TAAAG	ok	False
chr11	23246042	23246043	+	0.0002322	Pvalue	233	A	TAAAC	ok	False
chr11	55391247	55391248	+	0.0219057	Pvalue	296	A	AAAAC	ok	False
chr11	86580925	86580926	+	0.0408982	Pvalue	126	A	TTACT	ok	False
chr11	97518790	97518791	-	1.03751e-23	Pvalue	648	T	AGTCC	ok	True
chr11	98883979	98883980	-	1.0708e-07	Pvalue	285	T	AGTCC	ok	True
chr12	66330533	66330534	-	0.0253694	Pvalue	72	T	GATGT	ok	False
chr12	85030047	85030048	+	0.0145658	Pvalue	220	A	TAATT	ok	False
chr13	30724618	30724619	-	0.0108241	Pvalue	204	T	TTTTA	ok	False
chr13	54809343	54809344	+	0.0216778	Pvalue	40	A	AGACT	ok	True
chr14	19862171	19862172	-	1.46983e-07	Pvalue	728	T	AGTCT	ok	True
chr14	51164283	51164284	+	0.0326911	Pvalue	299	A	TGATG	ok	False
chr14	67253557	67253558	-	3.6915e-06	Pvalue	37	T	AGTCC	ok	True
chr15	43115646	43115647	-	0.00095925	Pvalue	247	T	AATTC	ok	False
chr15	81926356	81926357	-	0.0281052	Pvalue	102	T	CTTTA	ok	False
chr15	84823948	84823949	+	0.0287814	Pvalue	150	A	TGAGA	ok	False
chr15	79963966	79963967	-	1.34253e-07	Pvalue	906	T	GGTGC	ok	False
chr16	32879075	32879076	+	0.00696774	Pvalue	226	A	CCAAA	ok	False
chr16	38346117	38346118	-	2.75065e-05	Pvalue	28	T	AGTCT	ok	True
chr17	28548400	28548401	+	0.0247335	Pvalue	122	A	GCAGC	ok	False
chr17	35821323	35821324	+	0.00163831	Pvalue	648	A	CCACT	ok	False
chr18	36899819	36899820	-	5.18039e-06	Pvalue	78	T	TCTGA	ok	False
chr19	6954400	6954401	+	0.00190815	Pvalue	311	A	GCACA	ok	False
chr19	15882593	15882594	-	0.0409252	Pvalue	96	T	TATAT	ok	False
chrx	36062195	36062196	+	0.00846291	Pvalue	457	A	ATAAT	ok	False
chr19	60749911	60749912	-	0.000442939	Pvalue	125	T	GATCT	ok	False
chr1	58444439	58444440	+	0.00239497	Pvalue	52	A	AGAAT	ok	False
chr1	72891416	72891417	+	2.09993e-07	Pvalue	447	A	ACACA	ok	False
chr1	86278211	86278212	-	0.0233998	Pvalue	525	T	TCTGG	ok	False
chr1	180630349	180630350	-	0.00699789	Pvalue	178	T	TTTTA	ok	False
chr2	11590524	11590525	-	0.0254795	Pvalue	138	T	ATTCA	ok	False
chr2	121268311	121268312	+	2.07966e-06	Pvalue	434	A	GAAAA	ok	False
chr3	32802637	32802638	+	3.96857e-06	Pvalue	291	A	GAATT	ok	False
chr3	86045806	86045807	-	1.05261e-43	Pvalue	2994	T	TCTTC	ok	False
chr3	105875420	105875421	+	0.0116582	Pvalue	251	A	GTATT	ok	False
chr4	44032567	44032568	+	0.0155936	Pvalue	498	A	GCACT	ok	False
chr4	116497190	116497191	-	0.0234152	Pvalue	22	T	GATTG	ok	False
chr4	119135410	119135411	-	6.35719e-09	Pvalue	407	T	AATAA	ok	False
chr4	137469254	137469255	-	0.00370712	Pvalue	348	T	AGTGT	ok	False
chr5	117420964	117420965	-	0.0146574	Pvalue	318	T	GTTCT	ok	False
chr5	129100223	129100224	+	0.00174419	Pvalue	1562	A	TAATC	ok	False
chr5	116546588	116546589	-	7.98447e-05	Pvalue	149	T	ATTCA	ok	False
chr6	67261083	67261084	+	6.67398e-06	Pvalue	669	A	AGACT	ok	True
chr6	125170418	125170419	+	1.87237e-08	Pvalue	477	A	GGACT	ok	True
chr6	128407262	128407263	-	0.00346563	Pvalue	1062	T	ACTCA	ok	False
chr7	3708799	3708800	+	0.000705281	Pvalue	1823	A	ACATC	ok	False
chr6	122704849	122704850	-	0.000666196	Pvalue	1080	T	TATTC	ok	False
chr7	24589214	24589215	+	1.26718e-22	Pvalue	4961	A	TAAAT	ok	False
chr7	33840886	33840887	-	0.0213112	Pvalue	13	T	TCTTG	ok	False
chr7	89568046	89568047	-	0.0229208	Pvalue	43	T	TTTTA	ok	False
chr7	137069856	137069857	+	0.000174279	Pvalue	541	A	GAAAC	ok	False
chr8	43748120	43748121	-	0.00017112	Pvalue	169	T	TTTTA	ok	False
chr8	70960924	70960925	-	5.37024e-08	Pvalue	1846	T	AGTGG	ok	False
chr8	106978164	106978165	+	0.0024859	Pvalue	144	A	CCACG	ok	False
chr9	40715481	40715482	+	0.000454714	Pvalue	1179	A	CCATG	ok	False
chr9	64085687	64085688	+	1.93765e-24	Pvalue	3225	A	AGAAG	ok	False
chr10	41406833	41406834	+	0.0033949	Pvalue	99	A	AGAAG	ok	False
chr10	120067286	120067287	+	0.00676534	Pvalue	201	A	AGACT	ok	True
chr10	116889027	116889028	-	0.000142648	Pvalue	362	T	AGTAC	ok	False
chr11	6368121	6368122	+	1.95389e-06	Pvalue	114	A	CAAAG	ok	False
chr11	6546350	6546351	+	0.0414096	Pvalue	32	A	GGACT	ok	True
chr11	33110347	33110348	-	0.0124462	Pvalue	422	T	GTTAC	ok	False
chr11	48716338	48716339	-	0.0124545	Pvalue	76	T	GGTAG	ok	False
chr11	69558231	69558232	-	1.74591e-06	Pvalue	1566	T	CCTCC	ok	False
chr11	95570833	95570834	+	0.00869912	Pvalue	534	A	GAAAT	ok	False
chr11	97669140	97669141	-	8.19835e-61	Pvalue	1752	T	AGTAA	ok	False
chr11	100367200	100367201	-	1.82408e-06	Pvalue	492	T	ATTTA	ok	False
chr13	30724606	30724607	-	0.0229212	Pvalue	202	T	AATTC	ok	False
chr12	110657822	110657823	-	0.040767	Pvalue	2220	T	CCTAT	ok	False
chr13	118517186	118517187	-	0.0370385	Pvalue	49	T	CATCT	ok	False
chr14	34066097	34066098	+	0.00326657	Pvalue	91	A	TTATT	ok	False
chr15	34441415	34441416	-	0.000459766	Pvalue	271	T	ATTTT	ok	False
chr15	34530784	34530785	+	0.0481562	Pvalue	75	A	TAATC	ok	False
chr15	79962235	79962236	-	0.00138221	Pvalue	1305	T	AATTT	ok	False
chr17	13143181	13143182	+	5.74131e-17	Pvalue	886	A	AGACA	ok	True
chr17	29260647	29260648	+	0.0428659	Pvalue	163	A	GAATT	ok	False
chr17	45878718	45878719	-	4.89368e-14	Pvalue	2087	T	TCTTT	ok	False
chr18	48181291	48181292	+	3.89159e-08	Pvalue	189	A	CAATC	ok	False
chr18	80265657	80265658	+	3.50755e-10	Pvalue	400	A	CGACA	ok	False
chr18	77870519	77870520	+	0.030192	Pvalue	789	A	GAAAT	ok	False
chrx	20548935	20548936	+	0.000234971	Pvalue	542	A	TAATT	ok	False
chr1	55117031	55117032	-	2.05474e-05	Pvalue	1218	T	CATAA	ok	False
chr1	160030547	160030548	-	0.00808198	Pvalue	197	T	TTTCG	ok	False
chr1	185160443	185160444	+	0.000145433	Pvalue	320	A	AAACT	ok	True
chr2	112092846	112092847	+	0.00663512	Pvalue	406	A	CAACC	ok	False
chr2	121268081	121268082	+	2.21136e-05	Pvalue	197	A	TAAAT	ok	False
chr2	132093884	132093885	-	0.0472283	Pvalue	17	T	TGTCT	ok	True
chr2	129110200	129110201	-	0.0081639	Pvalue	54	T	GTTTA	ok	False
chr2	154714425	154714426	-	0.000101849	Pvalue	750	T	CCTTA	ok	False
chr2	172711531	172711532	-	0.0261334	Pvalue	19	T	GTTTC	ok	False
chr3	41571114	41571115	+	0.0171184	Pvalue	98	A	AAAGT	ok	False
chr3	86045304	86045305	-	0.000228068	Pvalue	3060	T	GATTC	ok	False
chr3	90007971	90007972	+	0.00319816	Pvalue	767	A	TGAGA	ok	False
chr3	88229068	88229069	+	0.000511736	Pvalue	1415	A	TCATT	ok	False
chr3	127330625	127330626	-	2.64696e-09	Pvalue	178	T	GATGT	ok	False
chr4	10990222	10990223	-	0.0390497	Pvalue	29	T	CATCG	ok	False
chr4	98626616	98626617	+	0.00405073	Pvalue	255	A	GGACA	ok	True
chr4	118994342	118994343	+	0.0490335	Pvalue	161	A	TTAAC	ok	False
chr4	129486840	129486841	-	9.63702e-06	Pvalue	465	T	CTTCC	ok	False
chr4	119135281	119135282	-	1.79925e-07	Pvalue	440	T	AATCT	ok	False
chr4	133260745	133260746	-	0.0323535	Pvalue	183	T	GGTAT	ok	False
chr4	150333272	150333273	+	2.00872e-07	Pvalue	1657	A	CCATC	ok	False
chr4	155916148	155916149	+	0.00419223	Pvalue	24	A	TCAGA	ok	False
chr5	36952469	36952470	-	0.00582092	Pvalue	631	T	TATGG	ok	False
chr5	36952358	36952359	-	4.35386e-05	Pvalue	626	T	TTTAT	ok	False
chr5	45669364	45669365	+	0.00791497	Pvalue	301	A	CGAGG	ok	False
chr5	108581623	108581624	-	0.0143146	Pvalue	645	T	TTTCA	ok	False
chr5	117420877	117420878	-	9.10691e-08	Pvalue	345	T	GATCT	ok	False
chr5	125463409	125463410	-	0.0430039	Pvalue	477	T	CCTGG	ok	False
chr5	129874461	129874462	+	0.014925	Pvalue	75	A	ATAAC	ok	False
chr5	115699514	115699515	+	3.04002e-58	Pvalue	2111	A	GCAGC	ok	False
chr5	145120535	145120536	-	0.00362376	Pvalue	1067	T	TATTG	ok	False
chr6	51439847	51439848	-	0.0103915	Pvalue	902	T	GATCC	ok	False
chr6	124912778	124912779	+	0.0130399	Pvalue	385	A	CTAAC	ok	False
chr6	122294382	122294383	+	0.0214318	Pvalue	106	A	TAACA	ok	True
chr7	4811371	4811372	-	1.17339e-11	Pvalue	217	T	TGTGA	ok	False
chr7	27877679	27877680	+	0.0011772	Pvalue	96	A	GAATT	ok	False
chr7	65699680	65699681	+	0.0245847	Pvalue	12	A	GGACT	ok	True
chr7	102117909	102117910	+	0.0272873	Pvalue	143	A	GTAGA	ok	False
chr8	43748313	43748314	-	0.0319435	Pvalue	148	T	TATTT	ok	False
chr8	27765401	27765402	+	0.00173048	Pvalue	635	A	GGACT	ok	True
chr8	71822235	71822236	+	0.00551269	Pvalue	212	A	AGATT	ok	False
chr8	84337485	84337486	+	0.000107228	Pvalue	44	A	TCAGA	ok	False
chr8	112679502	112679503	+	0.000646478	Pvalue	135	A	AGACT	ok	True
chr8	112721574	112721575	-	0.0325815	Pvalue	381	T	CGTAT	ok	False
chr9	55131458	55131459	+	0.013349	Pvalue	79	A	ACACA	ok	False
chr9	78116443	78116444	+	8.009e-06	Pvalue	807	A	GGACT	ok	True
chr9	64084330	64084331	+	0.00512066	Pvalue	465	A	TCAAG	ok	False
chr10	5749384	5749385	-	6.58662e-05	Pvalue	43	T	AGTCC	ok	True
chr9	78385748	78385749	-	1.90675e-20	Pvalue	12225	T	CTTGT	ok	False
chr10	79892143	79892144	+	0.000373276	Pvalue	512	A	GAAAA	ok	False
chr10	81018132	81018133	+	2.61164e-15	Pvalue	2160	A	ACATT	ok	False
chr10	127925934	127925935	+	2.2711e-07	Pvalue	1338	A	CCATT	ok	False
chr10	128462348	128462349	-	5.1191e-08	Pvalue	59	T	TCTTG	ok	False
chr11	40630468	40630469	+	0.0353004	Pvalue	69	A	TAAAT	ok	False
chr11	51514000	51514001	+	0.0240837	Pvalue	1850	A	CGACA	ok	False
chr11	33102533	33102534	-	0.0156154	Pvalue	2813	T	TATTT	ok	False
chr11	75400052	75400053	+	0.00249915	Pvalue	312	A	TCAAC	ok	False
chr12	24763804	24763805	+	2.73332e-06	Pvalue	126	A	TCACT	ok	False
chr12	110657769	110657770	-	2.97411e-12	Pvalue	3256	T	AGTAG	ok	False
chr13	86194883	86194884	-	0.000525966	Pvalue	179	T	GCTCG	ok	False
chr14	19864663	19864664	-	2.37538e-05	Pvalue	145	T	AATTC	ok	False
chr14	54851760	54851761	-	0.0179507	Pvalue	295	T	AGTAG	ok	False
chr14	31902197	31902198	-	0.000351577	Pvalue	81	T	TTTTA	ok	False
chr14	76084786	76084787	+	2.97257e-11	Pvalue	480	A	AGAGA	ok	False
chr15	31591047	31591048	-	0.00804503	Pvalue	1114	T	ATTTA	ok	False
chr15	36595918	36595919	-	2.082e-20	Pvalue	893	T	ATTTT	ok	False
chr15	81835321	81835322	-	0.00953964	Pvalue	531	T	ACTTT	ok	False
chr16	16971995	16971996	-	0.0165143	Pvalue	201	T	AGTCC	ok	True
chr16	32877775	32877776	+	4.05275e-05	Pvalue	127	A	CCATT	ok	False
chr16	55854112	55854113	-	0.00695896	Pvalue	29	T	GTTCA	ok	False
chr17	15696285	15696286	-	9.92519e-05	Pvalue	820	T	AGTCT	ok	True
chr17	13143247	13143248	+	3.05295e-10	Pvalue	1120	A	AGAGG	ok	False
chr17	28549907	28549908	+	0.0285358	Pvalue	195	A	AAAAA	ok	False
chr17	35821589	35821590	+	0.0036983	Pvalue	667	A	TCAGT	ok	False
chr18	35939129	35939130	+	0.0261135	Pvalue	62	A	ACATG	ok	False
chr18	63797246	63797247	-	0.0060429	Pvalue	219	T	CATCT	ok	False
chr18	35070695	35070696	-	0.00817823	Pvalue	429	T	CTTTC	ok	False
chr19	42112055	42112056	-	0.0454586	Pvalue	209	T	CTTTT	ok	False
chrx	73316631	73316632	+	0.0114773	Pvalue	155	A	CCAAT	ok	False
chrx	158906655	158906656	-	0.0260803	Pvalue	113	T	TTTAC	ok	False
chr1	20873591	20873592	-	1.04578e-10	Pvalue	174	T	CGTCT	ok	False
chr1	60117305	60117306	-	0.025249	Pvalue	223	T	TCTTC	ok	False
chr1	128291645	128291646	-	0.00216067	Pvalue	158	T	AATTT	ok	False
chr1	180428462	180428463	+	0.0418168	Pvalue	277	A	GAAAA	ok	False
chr2	121268414	121268415	+	0.00668068	Pvalue	423	A	TAATT	ok	False
chr2	167450340	167450341	-	0.0271777	Pvalue	37	T	TCTGG	ok	False
chr3	87823260	87823261	+	0.0010408	Pvalue	659	A	GGAAA	ok	False
chr3	95230471	95230472	+	0.0362996	Pvalue	9	A	TTACT	ok	False
chr3	130490014	130490015	-	9.18772e-07	Pvalue	115	T	TCTTT	ok	False
chr3	153628459	153628460	-	3.66611e-08	Pvalue	27	T	CTTTG	ok	False
chr4	132257887	132257888	-	0.00795844	Pvalue	489	T	TATTA	ok	False
chr4	155816481	155816482	+	0.0016216	Pvalue	184	A	TTATC	ok	False
chr5	36952623	36952624	-	9.76971e-05	Pvalue	267	T	ATTTA	ok	False
chr5	45669641	45669642	+	0.0392665	Pvalue	44	A	ATATT	ok	False
chr5	129873877	129873878	+	0.0228059	Pvalue	66	A	GGAAT	ok	False
chr5	147015787	147015788	+	0.000133582	Pvalue	232	A	GCATG	ok	False
chr6	35238491	35238492	+	0.00812655	Pvalue	239	A	GGACT	ok	True
chr6	6560416	6560417	-	7.69586e-05	Pvalue	601	T	GGTTA	ok	True
chr6	87820337	87820338	-	0.0281767	Pvalue	711	T	ATTCC	ok	False
chr6	125121608	125121609	+	6.93471e-20	Pvalue	303	A	GGACT	ok	True
chr7	19423435	19423436	-	1.50008e-06	Pvalue	95	T	TGTGA	ok	False
chr7	19299114	19299115	-	2.47807e-05	Pvalue	123	T	AGTCC	ok	True
chr7	28005333	28005334	-	0.0440981	Pvalue	209	T	AGTCT	ok	True
chr7	43105945	43105946	+	7.33985e-05	Pvalue	389	A	AAAAG	ok	False
chr7	44776215	44776216	-	1.69871e-12	Pvalue	5525	T	CATGC	ok	False
chr7	45369750	45369751	+	0.00027961	Pvalue	2142	A	GGAGT	ok	False
chr7	109119743	109119744	+	0.00725432	Pvalue	436	A	CCAAC	ok	False
chr7	130134271	130134272	-	0.00604837	Pvalue	183	T	GATTT	ok	False
chr7	117708304	117708305	-	6.39536e-07	Pvalue	777	T	TTTTT	ok	False
chr8	13225231	13225232	+	0.00478182	Pvalue	275	A	TCACA	ok	False
chr8	27765455	27765456	+	0.000324453	Pvalue	573	A	GCACA	ok	False
chr8	73074745	73074746	+	0.00633183	Pvalue	188	A	ACATG	ok	False
chr8	108307438	108307439	-	0.00247076	Pvalue	172	T	TGTGA	ok	False
chr9	44247819	44247820	-	0.0137709	Pvalue	61	T	GGTGA	ok	False
chr9	59586398	59586399	+	6.30356e-07	Pvalue	3334	A	AGAAT	ok	False
chr9	96353316	96353317	-	0.000854033	Pvalue	113	T	AGTGC	ok	False
chr9	119959896	119959897	+	2.61064e-05	Pvalue	6310	A	GTACT	ok	False
chr10	69174293	69174294	-	0.00816713	Pvalue	172	T	CCTAC	ok	False
chr10	90952757	90952758	-	1.01484e-09	Pvalue	1207	T	TATAT	ok	False
chr10	128394508	128394509	-	0.00568826	Pvalue	529	T	ATTTT	ok	False
chr10	128384055	128384056	-	2.84401e-12	Pvalue	5957	T	AGTCC	ok	True
chr11	22951603	22951604	+	0.0168417	Pvalue	178	A	GTACG	ok	False
chr11	55390767	55390768	+	0.00104114	Pvalue	238	A	AGACT	ok	True
chr11	78181360	78181361	+	0.0217725	Pvalue	118	A	GGAGA	ok	False
chr11	120451451	120451452	-	0.0252427	Pvalue	355	T	GATGC	ok	False
chr13	21376777	21376778	+	0.00447081	Pvalue	294	A	CCATG	ok	False
chr12	110659300	110659301	-	0.0165786	Pvalue	47	T	GGTCT	ok	True
chr13	94702470	94702471	+	0.012858	Pvalue	28	A	ATATA	ok	False
chr15	34440696	34440697	-	0.0396617	Pvalue	272	T	TCTTG	ok	False
chr15	25364492	25364493	-	0.0238408	Pvalue	8	T	AGTCT	ok	True
chr15	75942283	75942284	-	0.00437742	Pvalue	189	T	AGTCT	ok	True
chr15	81249367	81249368	-	0.000152182	Pvalue	257	T	GTTAG	ok	False
chr15	79962066	79962067	-	7.86107e-06	Pvalue	1528	T	CCTTG	ok	False
chr16	55791777	55791778	+	0.00100405	Pvalue	1842	A	ATAAA	ok	False
chr17	13142570	13142571	+	0.000238819	Pvalue	672	A	AAATC	ok	False
chr17	29260933	29260934	+	0.00874349	Pvalue	590	A	AAAAC	ok	False
chr17	47997899	47997900	-	0.0122965	Pvalue	1080	T	TCTTT	ok	False
chr17	47202513	47202514	+	2.66515e-07	Pvalue	37	A	GGACT	ok	True
chr17	88298184	88298185	+	0.0119404	Pvalue	359	A	ATAAA	ok	False
chr18	60911599	60911600	+	3.45702e-22	Pvalue	3656	A	TAAAT	ok	False
chrx	36062394	36062395	+	0.00816492	Pvalue	580	A	CAATT	ok	False
chr19	47722138	47722139	+	0.0214544	Pvalue	19	A	AGACA	ok	True
chrx	101229254	101229255	-	2.51608e-12	Pvalue	2114	T	CATAC	ok	False
chr1	58445242	58445243	+	0.032873	Pvalue	24	A	TAATC	ok	False
chr1	72891568	72891569	+	6.02684e-05	Pvalue	448	A	AAAGA	ok	False
chr1	128291646	128291647	-	0.0318914	Pvalue	164	T	ATTTA	ok	False
chr1	171062883	171062884	-	0.039743	Pvalue	161	T	CATCT	ok	False
chr2	84877430	84877431	+	4.01959e-05	Pvalue	728	A	TAATA	ok	False
chr2	156715382	156715383	+	0.0201208	Pvalue	392	A	AAACA	ok	True
chr3	28860922	28860923	+	0.0210606	Pvalue	483	A	AAAAA	ok	False
chr3	87823395	87823396	+	0.00394784	Pvalue	737	A	AAAAT	ok	False
chr3	103085936	103085937	+	6.084e-05	Pvalue	388	A	CAACA	ok	False
chr3	130520564	130520565	-	9.50528e-61	Pvalue	839	T	TTTCA	ok	False
chr4	57945185	57945186	-	0.0129596	Pvalue	332	T	CATTT	ok	False
chr4	86772944	86772945	-	2.90245e-17	Pvalue	306	T	TTTTG	ok	False
chr4	55390553	55390554	+	6.92737e-11	Pvalue	95	A	GGATG	ok	False
chr4	135777591	135777592	-	3.52412e-70	Pvalue	558	T	CCTTC	ok	False
chr5	5832126	5832127	-	0.0219429	Pvalue	166	T	AGTAA	ok	False
chr4	155893068	155893069	+	8.18952e-07	Pvalue	217	A	GGAGC	ok	False
chr5	36952457	36952458	-	0.00125724	Pvalue	644	T	GATCT	ok	False
chr5	77114825	77114826	+	0.0494706	Pvalue	92	A	ATATT	ok	False
chr5	125531975	125531976	+	0.047825	Pvalue	103	A	GGAGG	ok	False
chr5	129100064	129100065	+	3.34274e-27	Pvalue	1611	A	GGACT	ok	True
chr5	138162879	138162880	-	0.0164719	Pvalue	462	T	TATTG	ok	False
chr6	87820225	87820226	-	0.00433809	Pvalue	707	T	CTTTT	ok	False
chr6	115782491	115782492	-	0.000117593	Pvalue	4899	T	ATTTA	ok	False
chr6	128407779	128407780	-	0.00013954	Pvalue	588	T	ATTGT	ok	False
chr6	137728170	137728171	+	0.000596848	Pvalue	30	A	ACACA	ok	False
chr7	33902095	33902096	-	0.000166187	Pvalue	323	T	GATGC	ok	False
chr7	84264621	84264622	-	0.0240925	Pvalue	33	T	GTTGT	ok	False
chr7	45109044	45109045	-	9.33313e-11	Pvalue	926	T	TCTGA	ok	False
chr7	114304697	114304698	-	0.00136445	Pvalue	1840	T	TGTCT	ok	True
chr7	110671476	110671477	-	7.38444e-05	Pvalue	296	T	TTTCT	ok	False
chr8	70961959	70961960	-	0.01528	Pvalue	1215	T	TGTAG	ok	False
chr8	86265311	86265312	-	1.79362e-08	Pvalue	182	T	TTTTA	ok	False
chr8	87774771	87774772	+	2.40709e-12	Pvalue	3592	A	TGAGT	ok	False
chr9	40716461	40716462	+	1.36965e-05	Pvalue	4902	A	GTAAC	ok	False
chr9	44247216	44247217	+	0.0379609	Pvalue	377	A	ACACC	ok	False
chr9	59582962	59582963	+	0.0116479	Pvalue	76	A	GGAGG	ok	False
chr9	64085764	64085765	+	2.10917e-07	Pvalue	3204	A	AGACC	ok	True
chr10	36877555	36877556	+	0.0269068	Pvalue	75	A	GAATT	ok	False
chr10	79524092	79524093	+	7.63408e-10	Pvalue	839	A	AGATG	ok	False
chr10	95382955	95382956	-	0.0490165	Pvalue	564	T	TCTCA	ok	False
chr10	128162930	128162931	+	6.01981e-05	Pvalue	194	A	GAATC	ok	False
chr10	128196925	128196926	+	0.0177182	Pvalue	113	A	AGAGC	ok	False
chr10	128384017	128384018	-	6.99776e-12	Pvalue	5941	T	TGTAC	ok	False
chr11	5654342	5654343	-	0.0102191	Pvalue	426	T	GTTTT	ok	False
chr11	33102550	33102551	-	0.0229346	Pvalue	3485	T	TGTCT	ok	True
chr11	53152589	53152590	-	0.00951565	Pvalue	680	T	GTTCC	ok	False
chr11	69558123	69558124	-	0.0425307	Pvalue	1697	T	TTTTG	ok	False
chr11	70868996	70868997	-	0.0101776	Pvalue	151	T	GCTCC	ok	False
chr11	101334341	101334342	+	0.00387643	Pvalue	128	A	GCACC	ok	False
chr11	106153023	106153024	+	0.0481593	Pvalue	337	A	CTATT	ok	False
chr11	120236519	120236520	-	7.38361e-12	Pvalue	2010	T	AGTTA	ok	True
chr12	31381882	31381883	-	0.0128955	Pvalue	73	T	ATTAG	ok	False
chr12	110657482	110657483	-	8.10454e-16	Pvalue	5164	T	ATTTA	ok	False
chr13	98446420	98446421	-	0.00351694	Pvalue	708	T	TTTTA	ok	False
chr14	30294281	30294282	+	3.65349e-09	Pvalue	563	A	CTACG	ok	False
chr14	31902149	31902150	-	1.98545e-05	Pvalue	81	T	GTTTT	ok	False
chr15	36175537	36175538	+	2.54283e-07	Pvalue	35	A	ACACC	ok	False
chr15	43124456	43124457	-	5.97345e-05	Pvalue	139	T	CTTAA	ok	False
chr15	77844294	77844295	-	0.0286306	Pvalue	169	T	AATGC	ok	False
chr15	79962286	79962287	-	5.33834e-17	Pvalue	1465	T	CGTTT	ok	False
chr17	13143191	13143192	+	0.000323028	Pvalue	912	A	CAAGC	ok	False
chr17	34171027	34171028	-	0.00239213	Pvalue	2273	T	CTTGG	ok	False
chr17	88298283	88298284	+	0.0230577	Pvalue	367	A	CAACA	ok	False
chr18	75135915	75135916	+	0.0259071	Pvalue	733	A	GAAGA	ok	False
chr18	77870491	77870492	+	5.84243e-07	Pvalue	790	A	GGATA	ok	False
chrx	7534203	7534204	-	0.0244009	Pvalue	84	T	TATTG	ok	False
chrx	161560794	161560795	+	0.0443131	Pvalue	87	A	AGATT	ok	False
chr1	16173443	16173444	-	2.49375e-06	Pvalue	510	T	GTTGC	ok	False
chr1	72891418	72891419	+	1.60869e-05	Pvalue	368	A	ACATG	ok	False
chr1	86458296	86458297	+	1.04507e-64	Pvalue	4119	A	AGATT	ok	False
chr2	4913277	4913278	+	0.0356176	Pvalue	50	A	ATAAA	ok	False
chr2	32852097	32852098	+	0.00226614	Pvalue	258	A	ACATC	ok	False
chr2	32854048	32854049	+	0.0458922	Pvalue	627	A	TAACC	ok	True
chr2	34666373	34666374	+	1.92255e-05	Pvalue	337	A	TCACC	ok	False
chr2	127082115	127082116	+	0.0329873	Pvalue	85	A	AGACA	ok	True
chr3	90007961	90007962	+	0.0167192	Pvalue	737	A	CCATT	ok	False
chr3	122719377	122719378	+	1.64354e-05	Pvalue	257	A	AAATG	ok	False
chr3	138160884	138160885	+	0.00331801	Pvalue	218	A	ACACT	ok	False
chr4	10988781	10988782	-	0.0111564	Pvalue	245	T	TTTTT	ok	False
chr4	86773083	86773084	-	3.04497e-08	Pvalue	298	T	TGTTC	ok	True
chr4	123609767	123609768	-	1.49056e-08	Pvalue	127	T	AATGC	ok	False
chr4	129112441	129112442	+	0.00860901	Pvalue	65	A	GGACA	ok	True
chr5	35250341	35250342	-	1.79925e-07	Pvalue	338	T	ATTTA	ok	False
chr5	110932367	110932368	-	0.0360574	Pvalue	147	T	TTTTT	ok	False
chr5	146771841	146771842	+	0.028444	Pvalue	177	A	CTACC	ok	False
chr6	67260942	67260943	+	0.0360461	Pvalue	710	A	TAACT	ok	True
chr6	115782491	115782492	-	2.86261e-21	Pvalue	4899	T	ATTTA	ok	False
chr6	85445061	85445062	+	0.000258807	Pvalue	968	A	TCAAC	ok	False
chr6	117902548	117902549	+	0.00415027	Pvalue	527	A	AAATT	ok	False
chr7	28051808	28051809	+	1.27761e-10	Pvalue	642	A	AAAGG	ok	False
chr7	19435486	19435487	-	0.0437838	Pvalue	593	T	CCTCC	ok	False
chr7	45370241	45370242	+	0.0348535	Pvalue	2077	A	AAACA	ok	True
chr7	83547616	83547617	+	0.00484422	Pvalue	23	A	GTATT	ok	False
chr7	109121549	109121550	+	0.00147915	Pvalue	236	A	TAAAT	ok	False
chr7	110671253	110671254	-	0.00171239	Pvalue	590	T	AATTC	ok	False
chr8	43748125	43748126	-	0.0196554	Pvalue	168	T	TTTTG	ok	False
chr8	46660271	46660272	-	0.00264948	Pvalue	174	T	GTTAA	ok	False
chr9	56845469	56845470	+	5.68715e-05	Pvalue	194	A	AGACA	ok	True
chr9	44831916	44831917	-	0.0196888	Pvalue	127	T	CATCG	ok	False
chr9	40716425	40716426	+	5.1695e-253	Pvalue	5283	A	GAAGG	ok	False
chr9	78385856	78385857	-	3.33155e-37	Pvalue	12182	T	AATGG	ok	False
chr10	81401992	81401993	+	0.00316001	Pvalue	317	A	TAAAA	ok	False
chr10	86530277	86530278	-	0.0301749	Pvalue	20	T	CATAC	ok	False
chr11	3200152	3200153	-	0.00546124	Pvalue	352	T	TCTCC	ok	False
chr11	52280170	52280171	+	0.0417919	Pvalue	332	A	AAATG	ok	False
chr11	51491708	51491709	-	0.0229881	Pvalue	1324	T	GTTTT	ok	False
chr11	69561793	69561794	-	0.0178702	Pvalue	5	T	TGTCT	ok	True
chr11	93856752	93856753	-	0.0186152	Pvalue	183	T	GTTGG	ok	False
chr11	101349585	101349586	-	0.0115007	Pvalue	232	T	TTTTA	ok	False
chr11	115913225	115913226	-	0.0230037	Pvalue	317	T	TTTTG	ok	False
chr11	115913134	115913135	-	0.0372253	Pvalue	314	T	ATTTG	ok	False
chr11	120236659	120236660	-	1.9177e-20	Pvalue	2140	T	CATTT	ok	False
chr12	66330725	66330726	-	0.00227348	Pvalue	33	T	CATGA	ok	False
chr12	69229536	69229537	-	0.0188621	Pvalue	2021	T	TCTAG	ok	False
chr13	24935964	24935965	-	0.031545	Pvalue	143	T	GATTC	ok	False
chr12	110659238	110659239	-	0.0249812	Pvalue	66	T	ATTAC	ok	False
chr13	99456170	99456171	-	0.00153227	Pvalue	131	T	TTTTA	ok	False
chr14	34065730	34065731	+	0.0299524	Pvalue	21	A	AGACC	ok	True
chr15	31591114	31591115	-	0.00161233	Pvalue	1199	T	CTTCA	ok	False
chr15	36596055	36596056	-	2.10612e-14	Pvalue	698	T	AATTT	ok	False
chr15	102247687	102247688	-	0.0498824	Pvalue	28	T	AGTCT	ok	True
chr17	15696454	15696455	-	0.00496911	Pvalue	736	T	ATTTT	ok	False
chr17	24690455	24690456	+	0.04793	Pvalue	332	A	GGAAA	ok	False
chr16	87282504	87282505	-	0.0133818	Pvalue	518	T	GGTGT	ok	False
chr17	36203498	36203499	+	0.00119269	Pvalue	436	A	TAAAT	ok	False
chr18	48181312	48181313	+	5.80083e-07	Pvalue	187	A	TCATT	ok	False
chr18	80265590	80265591	+	7.81582e-07	Pvalue	403	A	GGACA	ok	True
chr18	35071721	35071722	-	5.12877e-18	Pvalue	137	T	TGTCC	ok	True
chr19	18655245	18655246	+	0.0034625	Pvalue	7	A	AGATG	ok	False
chrx	52110046	52110047	+	0.013042	Pvalue	31	A	AAAAT	ok	False
chr19	47723595	47723596	+	0.0174903	Pvalue	113	A	GAAAT	ok	False
chrx	135633868	135633869	-	0.0128172	Pvalue	492	T	AATTT	ok	False
chr1	53385910	53385911	-	0.017475	Pvalue	34	T	AGTAA	ok	False
chr4	41712743	41712744	-	0.00979079	Pvalue	17	T	TCTAC	ok	False
chr4	45105228	45105229	-	0.0152289	Pvalue	73	T	TATTA	ok	False
chr4	40737348	40737349	-	0.00857007	Pvalue	161	T	AATTC	ok	False
chr5	134974829	134974830	-	0.0393552	Pvalue	8	T	AGTCC	ok	True
chr6	83086835	83086836	+	0.0249898	Pvalue	66	A	AAATT	ok	False
chr6	124912942	124912943	+	0.0497345	Pvalue	691	A	CCATG	ok	False
chr6	122691363	122691364	+	0.000289137	Pvalue	571	A	CCAAC	ok	False
chr7	15651239	15651240	-	0.048972	Pvalue	616	T	GGTGG	ok	False
chr7	15851033	15851034	+	0.0130275	Pvalue	130	A	AAAAC	ok	False
chr7	44139606	44139607	-	7.43413e-05	Pvalue	322	T	AATCC	ok	False
chr7	45474719	45474720	-	0.00376777	Pvalue	202	T	AGTAG	ok	False
chr7	83548289	83548290	+	0.0379003	Pvalue	189	A	ACAGT	ok	False
chr7	99975966	99975967	-	0.0370449	Pvalue	52	T	TTTCT	ok	False
chr7	137066183	137066184	+	0.00738937	Pvalue	326	A	CTACC	ok	False
chr7	141929687	141929688	-	0.00254786	Pvalue	483	T	CTTTG	ok	False
chr8	57967352	57967353	+	0.000692724	Pvalue	284	A	TTAGA	ok	False
chr8	27765420	27765421	+	0.000633643	Pvalue	654	A	AGAAT	ok	False
chr8	71321457	71321458	-	1.01206e-06	Pvalue	101	T	TCTTC	ok	False
chr9	44320084	44320085	+	3.34541e-13	Pvalue	2300	A	TTATT	ok	False
chr9	78116356	78116357	+	0.0318598	Pvalue	620	A	TCAGC	ok	False
chr9	108217090	108217091	+	0.000222555	Pvalue	828	A	TCACC	ok	False
chr10	29574775	29574776	-	0.0378433	Pvalue	2876	T	TTTTC	ok	False
chr9	78386371	78386372	-	3.05877e-22	Pvalue	4576	T	CTTTT	ok	False
chr10	77824029	77824030	-	0.00571967	Pvalue	185	T	AGTAG	ok	False
chr10	127926123	127926124	+	5.17404e-10	Pvalue	1563	A	CAATA	ok	False
chr11	29495883	29495884	-	8.23714e-11	Pvalue	522	T	ACTTG	ok	False
chr11	33106691	33106692	-	2.73793e-07	Pvalue	790	T	AGTCT	ok	True
chr11	69558402	69558403	-	0.00543319	Pvalue	1057	T	AATAG	ok	False
chr11	70418365	70418366	+	0.000769086	Pvalue	1787	A	CAAAT	ok	False
chr11	97920619	97920620	+	2.45285e-07	Pvalue	1182	A	TGAAG	ok	False
chr11	101526894	101526895	+	0.0459446	Pvalue	176	A	TAATA	ok	False
chr11	106153843	106153844	+	0.0240094	Pvalue	1218	A	AAAAG	ok	False
chr11	120451228	120451229	-	0.0034544	Pvalue	527	T	GCTGA	ok	False
chr12	110657680	110657681	-	1.77375e-44	Pvalue	4857	T	TTTTA	ok	False
chr14	14303428	14303429	+	1.12455e-16	Pvalue	91	A	TGAAC	ok	False
chr14	4200549	4200550	+	0.0207238	Pvalue	98	A	GAAAT	ok	False
chr14	34066145	34066146	+	0.025283	Pvalue	92	A	AAACA	ok	True
chr15	36175541	36175542	+	0.0010926	Pvalue	31	A	CGAAA	ok	False
chr15	43114998	43114999	-	0.001587	Pvalue	300	T	ATTAC	ok	False
chr15	76230104	76230105	+	0.000476871	Pvalue	382	A	TCAGT	ok	False
chr15	76213366	76213367	+	0.00120703	Pvalue	110	A	CTACG	ok	False
chr16	15442050	15442051	-	0.038929	Pvalue	60	T	CATAT	ok	False
chr17	15696424	15696425	-	0.00717309	Pvalue	825	T	CGTCA	ok	False
chr16	87281751	87281752	-	0.000701856	Pvalue	803	T	TTTCC	ok	False
chr17	34042027	34042028	-	0.000149605	Pvalue	584	T	AATAT	ok	False
chr17	46994174	46994175	-	0.00609739	Pvalue	72	T	CTTGG	ok	False
chr18	35070847	35070848	-	0.0130293	Pvalue	445	T	GCTAT	ok	False
chr19	41906793	41906794	+	0.00303768	Pvalue	47	A	ACATA	ok	False
chrx	13069872	13069873	+	0.00408693	Pvalue	1701	A	AGACC	ok	True
chrx	36062220	36062221	+	0.000834916	Pvalue	574	A	CGAGA	ok	False
chr19	47723546	47723547	+	0.00720279	Pvalue	69	A	ATACA	ok	False
chrx	101228570	101228571	-	2.36986e-16	Pvalue	4821	T	TCTAG	ok	False
chr1	4847791	4847792	-	0.0278398	Pvalue	59	T	CATTT	ok	False
chr1	59750578	59750579	+	0.0033038	Pvalue	161	A	GAATA	ok	False
chr1	160030997	160030998	-	0.00324279	Pvalue	141	T	TATCT	ok	False
chr1	135696623	135696624	+	5.60535e-06	Pvalue	96	A	GGACT	ok	True
chr2	31408789	31408790	+	0.00230622	Pvalue	127	A	ATATC	ok	False
chr2	121268349	121268350	+	3.10181e-16	Pvalue	428	A	GAAAA	ok	False
chr2	163466819	163466820	-	9.69436e-11	Pvalue	81	T	AATAG	ok	False
chr3	95569232	95569233	+	0.000804928	Pvalue	210	A	ATATG	ok	False
chr3	130490016	130490017	-	1.87991e-08	Pvalue	117	T	TTTCT	ok	False
chr3	137572610	137572611	+	0.00218541	Pvalue	257	A	GGACT	ok	True
chr4	3834673	3834674	-	7.57176e-07	Pvalue	5538	T	GATTC	ok	False
chr4	86772925	86772926	-	0.0147054	Pvalue	306	T	GTTGC	ok	False
chr4	129486821	129486822	-	8.35842e-05	Pvalue	431	T	GTTGT	ok	False
chr4	137048279	137048280	-	0.0223839	Pvalue	34	T	AGTGC	ok	False
chr4	155893257	155893258	+	0.0163821	Pvalue	216	A	AGATT	ok	False
chr5	36952373	36952374	-	0.0336247	Pvalue	594	T	CATAT	ok	False
chr5	77115049	77115050	+	0.0200469	Pvalue	383	A	ACAAT	ok	False
chr5	115483716	115483717	-	0.00129521	Pvalue	927	T	AGTTT	ok	True
chr5	129099927	129099928	+	0.00388727	Pvalue	810	A	GCAAC	ok	False
chr5	135937291	135937292	-	0.00013418	Pvalue	414	T	TGTAC	ok	False
chr5	129795082	129795083	+	5.61252e-05	Pvalue	102	A	GCATG	ok	False
chr6	7675393	7675394	-	0.000104737	Pvalue	569	T	AATAA	ok	False
chr6	91441277	91441278	-	0.0101266	Pvalue	380	T	TTTTT	ok	False
chr6	124787849	124787850	-	0.0051609	Pvalue	645	T	AGTGA	ok	False
chr6	142438258	142438259	-	0.0371211	Pvalue	325	T	TTTTC	ok	False
chr7	16649344	16649345	-	0.0216861	Pvalue	130	T	TTTTC	ok	False
chr7	28439181	28439182	-	0.0119142	Pvalue	391	T	ACTCT	ok	False
chr7	29886440	29886441	-	0.000129658	Pvalue	645	T	TTTTC	ok	False
chr7	45475133	45475134	-	0.0161811	Pvalue	97	T	GATCC	ok	False
chr7	44771926	44771927	-	3.55084e-21	Pvalue	4941	T	AGTCT	ok	True
chr7	113863990	113863991	-	0.0365553	Pvalue	196	T	TTTCT	ok	False
chr7	126394800	126394801	-	0.000359462	Pvalue	994	T	TGTAC	ok	False
chr8	43748170	43748171	-	0.0235468	Pvalue	170	T	TATTC	ok	False
chr8	71153249	71153250	+	1.35168e-10	Pvalue	410	A	AAAGT	ok	False
chr8	46661439	46661440	-	0.00483468	Pvalue	364	T	CTTTC	ok	False
chr8	85700923	85700924	+	0.00652026	Pvalue	631	A	CAATA	ok	False
chr8	79232000	79232001	-	8.82778e-05	Pvalue	343	T	ATTAA	ok	False
chr8	87774669	87774670	+	1.77723e-05	Pvalue	3580	A	GGATA	ok	False
chr8	112721527	112721528	-	0.0121836	Pvalue	355	T	GGTGA	ok	False
chr9	57436311	57436312	+	0.0170114	Pvalue	224	A	ACATA	ok	False
chr9	64093089	64093090	-	0.00987712	Pvalue	78	T	TTTTA	ok	False
chr9	108217101	108217102	+	3.06964e-06	Pvalue	808	A	TTACC	ok	False
chr10	61509711	61509712	+	0.0185728	Pvalue	387	A	CTAAA	ok	False
chr10	90952672	90952673	-	7.26442e-08	Pvalue	1244	T	ATTTA	ok	False
chr10	116887095	116887096	-	2.60893e-09	Pvalue	567	T	CTTCC	ok	False
chr11	6369571	6369572	+	0.00835855	Pvalue	540	A	CCAGC	ok	False
chr11	35699956	35699957	-	0.0457838	Pvalue	197	T	TATCG	ok	False
chr11	55390594	55390595	+	0.0415562	Pvalue	78	A	AAACT	ok	True
chr11	76101958	76101959	-	0.030691	Pvalue	25	T	CGTCC	ok	False
chr11	93850003	93850004	-	0.00338541	Pvalue	158	T	GATTA	ok	False
chr11	100211810	100211811	+	0.0163052	Pvalue	659	A	AGAAT	ok	False
chr11	115388352	115388353	-	0.030706	Pvalue	316	T	CTTCC	ok	False
chr11	116741249	116741250	-	0.00937762	Pvalue	90	T	ATTAA	ok	False
chr11	120237463	120237464	-	0.0228024	Pvalue	153	T	CCTTA	ok	False
chr12	84803857	84803858	-	4.83514e-06	Pvalue	43	T	CGTCC	ok	False
chr12	111636621	111636622	-	0.00302754	Pvalue	398	T	GGTGA	ok	False
chr13	19050958	19050959	+	0.0459585	Pvalue	84	A	TAAAT	ok	False
chr14	58064305	58064306	+	2.55664e-08	Pvalue	94	A	GGACT	ok	True
chr14	76083820	76083821	+	0.00494092	Pvalue	344	A	AGACT	ok	True
chr15	74830932	74830933	+	0.0324163	Pvalue	133	A	GGATT	ok	False
chr15	79962246	79962247	-	0.0164749	Pvalue	1433	T	GGTGT	ok	False
chr15	98847844	98847845	-	0.0256203	Pvalue	501	T	GATCA	ok	False
chr15	79962549	79962550	-	3.8296e-08	Pvalue	1535	T	ACTCG	ok	False
chr17	15696305	15696306	-	1.52544e-06	Pvalue	844	T	GTTTC	ok	False
chr16	87281733	87281734	-	0.000101404	Pvalue	914	T	AGTTT	ok	True
chr17	47086523	47086524	-	0.0038855	Pvalue	100	T	TCTCC	ok	False
chr17	47912409	47912410	-	0.00153407	Pvalue	121	T	GGTCT	ok	True
chr18	57522627	57522628	+	0.00908257	Pvalue	401	A	AAAAG	ok	False
chr19	9962374	9962375	+	0.00239733	Pvalue	719	A	TCATC	ok	False
chr19	8954747	8954748	+	5.99555e-05	Pvalue	738	A	CCATA	ok	False
chrx	73316657	73316658	+	0.0397108	Pvalue	156	A	AGAGC	ok	False
chr1	59678906	59678907	-	0.0285412	Pvalue	207	T	TTTTA	ok	False
chr1	128291538	128291539	-	0.000183324	Pvalue	167	T	TTTTG	ok	False
chr1	171064252	171064253	-	5.77353e-05	Pvalue	64	T	ATTAG	ok	False
chr2	75497143	75497144	+	0.0226015	Pvalue	10	A	TAAAA	ok	False
chr2	143784797	143784798	+	4.43471e-05	Pvalue	173	A	ACATG	ok	False
chr2	156715310	156715311	+	1.26118e-11	Pvalue	396	A	GAAAC	ok	False
chr2	163860368	163860369	+	0.0484636	Pvalue	210	A	AAAAT	ok	False
chr3	51312914	51312915	-	0.0128755	Pvalue	403	T	ATTTT	ok	False
chr3	86048624	86048625	-	0.000701998	Pvalue	775	T	CCTGA	ok	False
chr3	95568446	95568447	+	0.0455446	Pvalue	6	A	CTATC	ok	False
chr3	88229026	88229027	+	0.00650059	Pvalue	1490	A	GTAAG	ok	False
chr4	41191593	41191594	+	0.00409642	Pvalue	153	A	ATAAA	ok	False
chr4	116550088	116550089	+	0.0224384	Pvalue	137	A	ACACC	ok	False
chr4	101324174	101324175	+	0.0231462	Pvalue	240	A	TAAAT	ok	False
chr4	135777265	135777266	-	6.84284e-06	Pvalue	505	T	TCTGA	ok	False
chr4	137469281	137469282	-	0.00358366	Pvalue	356	T	GGTAG	ok	False
chr5	77114819	77114820	+	0.0091934	Pvalue	89	A	TTACT	ok	False
chr5	129100181	129100182	+	1.54224e-05	Pvalue	1734	A	CCATT	ok	False
chr6	8255982	8255983	-	0.015836	Pvalue	41	T	TTTTA	ok	False
chr6	67260959	67260960	+	3.03719e-07	Pvalue	663	A	ACAAC	ok	False
chr6	100844781	100844782	+	0.00526361	Pvalue	39	A	AAATT	ok	False
chr6	85445176	85445177	+	4.70699e-06	Pvalue	1340	A	TGAGA	ok	False
chr6	135000448	135000449	+	0.000529573	Pvalue	145	A	AGAAC	ok	False
chr7	12660585	12660586	+	0.00039031	Pvalue	4742	A	TAATA	ok	False
chr7	45107389	45107390	-	0.0130237	Pvalue	7256	T	TTTTT	ok	False
chr7	44775042	44775043	-	0.000315119	Pvalue	444	T	GGTCT	ok	True
chr7	78783539	78783540	-	0.00668192	Pvalue	1064	T	TTTTG	ok	False
chr7	126146200	126146201	-	0.0250858	Pvalue	628	T	GGTAG	ok	False
chr8	26489274	26489275	-	0.0465313	Pvalue	192	T	CCTCC	ok	False
chr8	94905928	94905929	+	2.06318e-05	Pvalue	719	A	CCAGA	ok	False
chr8	87774766	87774767	+	2.1266e-08	Pvalue	3513	A	AAATA	ok	False
chr8	124130546	124130547	+	0.00642602	Pvalue	251	A	GAAAC	ok	False
chr9	79666952	79666953	-	0.0431212	Pvalue	196	T	TGTTA	ok	True
chr9	64085050	64085051	+	2.77697e-13	Pvalue	1837	A	AAAAG	ok	False
chr10	5749579	5749580	-	0.0494187	Pvalue	21	T	CTTTG	ok	False
chr10	61267673	61267674	-	0.0279078	Pvalue	122	T	CATTG	ok	False
chr10	71166706	71166707	-	0.0364612	Pvalue	159	T	GTTTC	ok	False
chr10	80735954	80735955	-	0.0201578	Pvalue	671	T	AGTTC	ok	True
chr10	116887112	116887113	-	0.000458518	Pvalue	502	T	GCTAT	ok	False
chr11	6369238	6369239	+	0.000390623	Pvalue	414	A	CAAAC	ok	False
chr11	22951559	22951560	+	0.0413346	Pvalue	134	A	AGATT	ok	False
chr11	33102578	33102579	-	1.41656e-20	Pvalue	3489	T	ACTAT	ok	False
chr11	69558413	69558414	-	0.0184062	Pvalue	961	T	CCTTA	ok	False
chr11	70418458	70418459	+	0.0395499	Pvalue	1761	A	TAATA	ok	False
chr11	97053240	97053241	-	0.0361464	Pvalue	77	T	TTTTA	ok	False
chr11	107388454	107388455	+	6.59594e-06	Pvalue	199	A	ATAAT	ok	False
chr12	17600851	17600852	+	0.0465943	Pvalue	319	A	GTAGG	ok	False
chr13	3615605	3615606	+	0.0265476	Pvalue	926	A	CAAAC	ok	False
chr12	110657688	110657689	-	9.44457e-14	Pvalue	4008	T	TGTAA	ok	False
chr14	4201784	4201785	+	5.08393e-10	Pvalue	243	A	ATAGC	ok	False
chr14	34066451	34066452	+	0.0298192	Pvalue	84	A	CCATG	ok	False
chr15	31592605	31592606	-	0.000813153	Pvalue	760	T	GTTGG	ok	False
chr15	36596254	36596255	-	5.36824e-06	Pvalue	264	T	AATGT	ok	False
chr15	81572490	81572491	+	0.020282	Pvalue	116	A	ATAAA	ok	False
chr16	32879121	32879122	+	0.00104726	Pvalue	229	A	GAAAC	ok	False
chr16	95922835	95922836	-	0.000410685	Pvalue	1352	T	ATTCC	ok	False
chr16	87280809	87280810	-	0.0039135	Pvalue	984	T	AATAA	ok	False
chr18	36931242	36931243	+	0.0429855	Pvalue	187	A	GTACT	ok	False
chr18	84685614	84685615	-	0.0283733	Pvalue	286	T	ATTTA	ok	False
chr19	10606727	10606728	+	0.0112389	Pvalue	347	A	GAAAG	ok	False
chrx	133488274	133488275	+	2.18131e-07	Pvalue	924	A	CTATT	ok	False
chr1	72891428	72891429	+	7.55709e-07	Pvalue	423	A	ATATT	ok	False
chr1	128291544	128291545	-	5.23222e-07	Pvalue	166	T	AATAA	ok	False
chr2	10061586	10061587	-	0.0103396	Pvalue	758	T	TGTCT	ok	True
chr2	32854033	32854034	+	0.021665	Pvalue	693	A	TAAAA	ok	False
chr2	90695545	90695546	+	0.0477232	Pvalue	229	A	GAAAC	ok	False
chr2	162929180	162929181	-	0.0121629	Pvalue	198	T	AATGT	ok	False
chr2	154714371	154714372	-	1.32552e-07	Pvalue	773	T	CTTTA	ok	False
chr3	87823062	87823063	+	0.00606487	Pvalue	630	A	AAAAG	ok	False
chr3	86045280	86045281	-	1.95375e-07	Pvalue	2974	T	TATTA	ok	False
chr3	108187117	108187118	+	0.0499193	Pvalue	230	A	CAAGG	ok	False
chr3	137572351	137572352	+	0.000103734	Pvalue	493	A	TTAGC	ok	False
chr4	86775040	86775041	-	0.0293491	Pvalue	85	T	GCTCG	ok	False
chr4	133574918	133574919	-	0.0305962	Pvalue	137	T	GATGG	ok	False
chr5	36952349	36952350	-	0.0195194	Pvalue	627	T	ACTCA	ok	False
chr5	66844511	66844512	+	0.00440486	Pvalue	160	A	TTACG	ok	False
chr5	129099439	129099440	+	1.88684e-06	Pvalue	295	A	GTACT	ok	False
chr6	39382700	39382701	-	0.00724923	Pvalue	295	T	AATGG	ok	False
chr6	72409813	72409814	-	0.0422595	Pvalue	255	T	CATTA	ok	False
chr6	124693582	124693583	+	0.032147	Pvalue	598	A	TAAGG	ok	False
chr6	87820283	87820284	-	0.0471114	Pvalue	674	T	GATAT	ok	False
chr7	12764443	12764444	+	0.000713407	Pvalue	804	A	TCACC	ok	False
chr7	27877722	27877723	+	0.0194345	Pvalue	103	A	ACACT	ok	False
chr7	33840457	33840458	-	0.0390889	Pvalue	129	T	GGTTG	ok	False
chr7	137069857	137069858	+	0.00623552	Pvalue	534	A	AAACA	ok	True
chr8	23067370	23067371	-	0.00566392	Pvalue	133	T	GATCT	ok	False
chr8	46660508	46660509	-	0.00524952	Pvalue	255	T	TATTT	ok	False
chr8	86265958	86265959	-	0.045289	Pvalue	17	T	AATTC	ok	False
chr8	87774735	87774736	+	3.85514e-29	Pvalue	3580	A	TAAGA	ok	False
chr9	35128291	35128292	+	0.0332126	Pvalue	78	A	TAAAT	ok	False
chr9	78116417	78116418	+	0.00125719	Pvalue	827	A	AGATG	ok	False
chr9	106766154	106766155	-	0.0161163	Pvalue	133	T	CTTAA	ok	False
chr9	108778677	108778678	+	3.80867e-06	Pvalue	851	A	AAAGC	ok	False
chr9	119960495	119960496	+	5.71057e-09	Pvalue	10891	A	GGATT	ok	False
chr10	95326161	95326162	-	0.00205373	Pvalue	241	T	GTTCT	ok	False
chr10	126902960	126902961	+	0.00499812	Pvalue	475	A	CAAGG	ok	False
chr10	128197734	128197735	+	0.010858	Pvalue	8	A	TCAGC	ok	False
chr11	6369560	6369561	+	2.21882e-05	Pvalue	531	A	GAATG	ok	False
chr11	22951586	22951587	+	0.000202801	Pvalue	176	A	AAACA	ok	True
chr11	55390558	55390559	+	1.35262e-05	Pvalue	67	A	TTAAC	ok	False
chr11	60755349	60755350	-	0.030279	Pvalue	84	T	CTTAA	ok	False
chr11	55285379	55285380	-	2.29198e-09	Pvalue	735	T	ATTGC	ok	False
chr11	70868819	70868820	-	0.000747365	Pvalue	196	T	ATTAG	ok	False
chr11	97219764	97219765	+	0.0293556	Pvalue	381	A	TTACA	ok	False
chr11	106153692	106153693	+	0.00110429	Pvalue	1216	A	TGAGA	ok	False
chr12	8547812	8547813	-	0.00101839	Pvalue	184	T	ATTTA	ok	False
chr12	66330440	66330441	-	8.05982e-05	Pvalue	99	T	TTTTC	ok	False
chr12	69229836	69229837	-	0.0108769	Pvalue	1208	T	ACTGG	ok	False
chr13	38684447	38684448	-	0.0101135	Pvalue	47	T	TGTTT	ok	True
chr14	14300367	14300368	+	0.0201253	Pvalue	25	A	AGACC	ok	True
chr14	66055135	66055136	+	0.0416797	Pvalue	47	A	TCATA	ok	False
chr15	34440676	34440677	-	0.0448436	Pvalue	260	T	GTTTT	ok	False
chr15	51826151	51826152	-	0.00519628	Pvalue	104	T	AATTA	ok	False
chr15	81249486	81249487	-	1.6572e-05	Pvalue	272	T	AATGG	ok	False
chr15	81799307	81799308	+	0.0193575	Pvalue	80	A	AGAAA	ok	False
chr16	20327878	20327879	+	0.0156855	Pvalue	471	A	GGAAC	ok	False
chr17	24939305	24939306	+	0.00534579	Pvalue	308	A	TTAGG	ok	False
chr17	45879389	45879390	-	0.000186654	Pvalue	966	T	AGTGC	ok	False
chr18	48181309	48181310	+	2.81361e-11	Pvalue	191	A	GAATC	ok	False
chr19	4245325	4245326	+	1.74598e-06	Pvalue	365	A	AGACC	ok	True
chr19	8954847	8954848	+	0.0434897	Pvalue	1323	A	TCATC	ok	False
chr19	41907078	41907079	+	3.61539e-08	Pvalue	91	A	TAATA	ok	False
chrx	36062268	36062269	+	2.96471e-15	Pvalue	594	A	AGATT	ok	False
chrx	105247096	105247097	+	0.0164719	Pvalue	295	A	CCATT	ok	False
chr1	4846665	4846666	-	3.50052e-07	Pvalue	700	T	AGTCT	ok	True
chr1	16172063	16172064	-	7.77744e-16	Pvalue	2754	T	ACTTG	ok	False
chr1	135229502	135229503	-	1.59122e-10	Pvalue	202	T	AGTCT	ok	True
chr1	178156531	178156532	-	0.0440784	Pvalue	83	T	TGTGA	ok	False
chr2	38480787	38480788	-	0.00568123	Pvalue	378	T	GTTGC	ok	False
chr2	121268446	121268447	+	2.13449e-08	Pvalue	419	A	TAAAT	ok	False
chr2	162925268	162925269	+	0.0305039	Pvalue	79	A	GTAAG	ok	False
chr3	86045251	86045252	-	1.33149e-13	Pvalue	2349	T	GATCA	ok	False
chr3	108179642	108179643	+	0.000357546	Pvalue	177	A	TCATC	ok	False
chr4	40270760	40270761	-	0.00410609	Pvalue	148	T	GTTAA	ok	False
chr4	125992103	125992104	+	0.0244208	Pvalue	59	A	AGACA	ok	True
chr4	129608799	129608800	-	0.045817	Pvalue	135	T	ACTTA	ok	False
chr4	137048153	137048154	-	0.0218123	Pvalue	15	T	TTTTT	ok	False
chr5	35256585	35256586	-	0.035552	Pvalue	7	T	CGTCC	ok	False
chr5	65545959	65545960	-	0.00553811	Pvalue	1040	T	GATGC	ok	False
chr5	110577933	110577934	-	0.0275054	Pvalue	110	T	AGTCT	ok	True
chr5	129097950	129097951	+	0.0296679	Pvalue	45	A	GCACC	ok	False
chr5	129099969	129099970	+	1.33528e-20	Pvalue	1394	A	TTATT	ok	False
chr5	147812557	147812558	+	0.00829321	Pvalue	432	A	AAAAA	ok	False
chr6	51440061	51440062	-	0.0398878	Pvalue	546	T	AATAA	ok	False
chr6	86501737	86501738	-	0.00688918	Pvalue	350	T	ATTAT	ok	False
chr6	131341923	131341924	-	0.0342927	Pvalue	675	T	AATAA	ok	False
chr7	16532071	16532072	+	0.0386271	Pvalue	80	A	CCATG	ok	False
chr7	27741861	27741862	-	0.0257112	Pvalue	358	T	TTTTT	ok	False
chr7	45107436	45107437	-	0.013261	Pvalue	7284	T	GCTGC	ok	False
chr7	45532491	45532492	+	0.000335465	Pvalue	55	A	GGAGC	ok	False
chr7	83547878	83547879	+	0.000901101	Pvalue	45	A	GAATC	ok	False
chr7	46504715	46504716	+	0.000952653	Pvalue	916	A	CAAGT	ok	False
chr7	126853370	126853371	+	0.0242544	Pvalue	20	A	GGACT	ok	True
chr7	126394878	126394879	-	6.19922e-07	Pvalue	838	T	CATAG	ok	False
chr7	141929828	141929829	-	0.000318195	Pvalue	475	T	GTTTT	ok	False
chr8	71152757	71152758	+	4.25445e-08	Pvalue	121	A	GGACT	ok	True
chr8	46660651	46660652	-	0.0127317	Pvalue	357	T	AATAT	ok	False
chr8	72976563	72976564	+	0.031595	Pvalue	69	A	GCAGA	ok	False
chr8	79232087	79232088	-	0.00648134	Pvalue	335	T	CTTTT	ok	False
chr8	85569189	85569190	-	0.000890849	Pvalue	133	T	AGTCT	ok	True
chr8	121384793	121384794	-	0.0202136	Pvalue	91	T	AATAT	ok	False
chr9	54865201	54865202	+	0.00115117	Pvalue	268	A	ACATA	ok	False
chr9	78116576	78116577	+	0.0227856	Pvalue	795	A	ACAAC	ok	False
chr9	96353547	96353548	-	0.0191715	Pvalue	119	T	GGTGT	ok	False
chr9	106308757	106308758	+	0.000222647	Pvalue	9	A	CAAGA	ok	False
chr10	29574991	29574992	-	0.0049808	Pvalue	1795	T	TTTAA	ok	False
chr10	42411272	42411273	+	0.00161161	Pvalue	152	A	GAAAT	ok	False
chr10	75773532	75773533	+	0.00232079	Pvalue	1101	A	AGACT	ok	True
chr10	127133387	127133388	-	0.0198341	Pvalue	188	T	GATGC	ok	False
chr11	4715863	4715864	-	0.01328	Pvalue	93	T	GTTTT	ok	False
chr11	33102789	33102790	-	8.76002e-09	Pvalue	2420	T	TATTT	ok	False
chr11	69558104	69558105	-	0.00135759	Pvalue	888	T	AATGT	ok	False
chr11	78071776	78071777	-	0.000219111	Pvalue	244	T	AGTAT	ok	False
chr11	87942195	87942196	+	0.0357965	Pvalue	214	A	AAAAT	ok	False
chr11	102729415	102729416	-	3.6358e-05	Pvalue	364	T	TCTCA	ok	False
chr12	84803437	84803438	-	0.00187876	Pvalue	314	T	CATCT	ok	False
chr12	110657632	110657633	-	3.56033e-12	Pvalue	5216	T	TTTAC	ok	False
chr12	110657466	110657467	-	1.43721e-17	Pvalue	4740	T	TTTTT	ok	False
chr14	4201788	4201789	+	0.00438662	Pvalue	231	A	CTAAA	ok	False
chr14	54851733	54851734	-	0.00650155	Pvalue	281	T	CGTGG	ok	False
chr14	51189146	51189147	+	0.000260298	Pvalue	127	A	TGAAG	ok	False
chr14	73831118	73831119	+	0.00608443	Pvalue	48	A	GTACA	ok	False
chr15	51650086	51650087	-	0.000151016	Pvalue	283	T	AGTCT	ok	True
chr15	81588477	81588478	-	6.00062e-05	Pvalue	440	T	ATTTG	ok	False
chr16	18057788	18057789	-	0.025418	Pvalue	304	T	ACTTG	ok	False
chr17	13143242	13143243	+	0.000436415	Pvalue	1040	A	GCAAC	ok	False
chr16	90019681	90019682	+	0.00138487	Pvalue	1171	A	CCAGT	ok	False
chr17	28549903	28549904	+	0.0353402	Pvalue	197	A	TAAGA	ok	False
chr17	27782438	27782439	+	0.0141384	Pvalue	283	A	CTACC	ok	False
chr17	34170991	34170992	-	1.61393e-12	Pvalue	2172	T	ATTTA	ok	False
chr17	35821249	35821250	+	0.000251738	Pvalue	475	A	CAACG	ok	False
chr17	34043317	34043318	-	0.000590604	Pvalue	942	T	GTTAC	ok	False
chr17	56921230	56921231	+	0.000706514	Pvalue	2836	A	TAAAA	ok	False
chr17	88298029	88298030	+	0.0225985	Pvalue	371	A	AGAGG	ok	False
chr18	36537298	36537299	-	0.0043274	Pvalue	528	T	ATTCA	ok	False
chr18	36929606	36929607	+	0.0411727	Pvalue	56	A	GTAAA	ok	False
chr18	48181157	48181158	+	0.0442678	Pvalue	162	A	CCAGC	ok	False
chr18	48181394	48181395	+	2.04849e-08	Pvalue	191	A	AGATC	ok	False
chr19	4245406	4245407	+	5.09795e-08	Pvalue	338	A	AAAGC	ok	False
chr19	8749646	8749647	+	0.0335316	Pvalue	57	A	GGACA	ok	True
chr19	9962424	9962425	+	0.0170014	Pvalue	660	A	GTACC	ok	False
chr19	10606948	10606949	+	0.000889317	Pvalue	696	A	CGAGA	ok	False
chr19	47071919	47071920	-	0.0328004	Pvalue	236	T	ATTTA	ok	False
chrx	13069749	13069750	+	0.0258083	Pvalue	1013	A	GCATC	ok	False
chrx	13160092	13160093	+	0.000867292	Pvalue	326	A	AAACT	ok	True
chrx	161561777	161561778	+	0.00550131	Pvalue	257	A	AAAGT	ok	False
chrx	154106971	154106972	-	0.0103093	Pvalue	203	T	CTTTT	ok	False
chr1	57452508	57452509	+	0.0337552	Pvalue	41	A	AGAGT	ok	False
chr1	74307126	74307127	+	1.13879e-06	Pvalue	202	A	GGACT	ok	True
chr1	135181613	135181614	-	0.0135239	Pvalue	200	T	AGTCC	ok	True
chr2	25112392	25112393	-	0.000336185	Pvalue	1301	T	GGTAC	ok	False
chr2	32853511	32853512	+	0.0132665	Pvalue	493	A	TAAAC	ok	False
chr2	34666189	34666190	+	0.00414197	Pvalue	325	A	AAAAT	ok	False
chr2	143784709	143784710	+	8.29016e-09	Pvalue	137	A	AAATT	ok	False
chr2	156715139	156715140	+	0.00821384	Pvalue	215	A	GGACA	ok	True
chr2	162925401	162925402	+	2.76106e-10	Pvalue	82	A	GAACA	ok	True
chr3	88495502	88495503	+	0.00810738	Pvalue	561	A	TTAGC	ok	False
chr3	89689855	89689856	+	0.0400438	Pvalue	76	A	TTATA	ok	False
chr4	86772961	86772962	-	1.52185e-05	Pvalue	267	T	CTTAG	ok	False
chr4	123609822	123609823	-	0.0198426	Pvalue	86	T	AGTGC	ok	False
chr4	119135260	119135261	-	0.0315461	Pvalue	436	T	ATTAA	ok	False
chr4	137469511	137469512	-	2.99667e-08	Pvalue	88	T	AGTCT	ok	True
chr5	30831517	30831518	+	0.000649912	Pvalue	255	A	CGACA	ok	False
chr5	115286049	115286050	-	0.0248357	Pvalue	25	T	TGTTG	ok	False
chr5	108055767	108055768	+	3.12293e-34	Pvalue	622	A	GAATC	ok	False
chr5	135918317	135918318	+	6.65589e-05	Pvalue	524	A	CCATT	ok	False
chr5	115701738	115701739	+	0.00438775	Pvalue	64	A	CTAGT	ok	False
chr6	122691519	122691520	+	0.00962308	Pvalue	560	A	ATATT	ok	False
chr6	117902425	117902426	+	3.34161e-06	Pvalue	548	A	GAATT	ok	False
chr7	4811367	4811368	-	0.0100507	Pvalue	237	T	TTTCT	ok	False
chr7	37797421	37797422	-	3.80061e-05	Pvalue	265	T	TATTA	ok	False
chr7	46498469	46498470	+	0.0428522	Pvalue	11	A	GCATG	ok	False
chr7	35250908	35250909	-	0.0204261	Pvalue	14	T	AGTTA	ok	True
chr7	113863906	113863907	-	0.0129416	Pvalue	189	T	TATAA	ok	False
chr7	133322715	133322716	+	0.0394386	Pvalue	188	A	AAAAG	ok	False
chr7	141053094	141053095	-	0.000348285	Pvalue	476	T	CTTAG	ok	False
chr8	43748159	43748160	-	0.00184142	Pvalue	153	T	TTTTT	ok	False
chr8	27765457	27765458	+	0.00258415	Pvalue	604	A	ACACC	ok	False
chr8	123831884	123831885	+	1.11815e-08	Pvalue	3659	A	GCATC	ok	False
chr9	44825950	44825951	-	0.00504171	Pvalue	186	T	CTTAA	ok	False
chr9	44246913	44246914	+	9.43909e-09	Pvalue	133	A	GGACC	ok	True
chr9	65967667	65967668	+	0.00563645	Pvalue	28	A	CTAAA	ok	False
chr9	106308679	106308680	+	0.00251418	Pvalue	9	A	GGACT	ok	True
chr9	114303176	114303177	+	0.000333397	Pvalue	145	A	AGACT	ok	True
chr10	75695205	75695206	-	6.06887e-26	Pvalue	1598	T	TTTAT	ok	False
chr10	79511878	79511879	+	0.00104051	Pvalue	71	A	GGACT	ok	True
chr10	90952944	90952945	-	0.000618389	Pvalue	821	T	AGTGC	ok	False
chr10	127884120	127884121	+	1.72639e-07	Pvalue	693	A	TGAGA	ok	False
chr10	127924934	127924935	+	9.43229e-06	Pvalue	1010	A	TCAGC	ok	False
chr11	40630735	40630736	+	2.5739e-06	Pvalue	88	A	GAAAA	ok	False
chr11	33106006	33106007	-	0.016299	Pvalue	1162	T	TTTCT	ok	False
chr11	76877926	76877927	+	1.11685e-05	Pvalue	226	A	CAACT	ok	False
chr11	100212651	100212652	+	0.0230529	Pvalue	505	A	AGAAG	ok	False
chr11	117706373	117706374	-	0.0152387	Pvalue	155	T	TATTG	ok	False
chr12	24763291	24763292	+	0.000121252	Pvalue	104	A	AAAAA	ok	False
chr12	110660290	110660291	-	0.0074534	Pvalue	13	T	ATTGT	ok	False
chr13	86193007	86193008	-	4.68085e-43	Pvalue	311	T	CATCT	ok	False
chr14	19862213	19862214	-	0.0414796	Pvalue	644	T	GCTAC	ok	False
chr14	4200549	4200550	+	4.41007e-06	Pvalue	98	A	GAAAT	ok	False
chr14	34065827	34065828	+	0.0458111	Pvalue	44	A	TTAAG	ok	False
chr14	76084757	76084758	+	8.21609e-07	Pvalue	471	A	CCATT	ok	False
chr15	43114895	43114896	-	1.08588e-07	Pvalue	442	T	ATTAA	ok	False
chr15	58811253	58811254	+	0.01528	Pvalue	301	A	ATAGA	ok	False
chr15	76790495	76790496	+	0.00107421	Pvalue	7959	A	TAAAG	ok	False
chr15	81799092	81799093	+	2.60273e-09	Pvalue	212	A	AGACC	ok	True
chr17	13143183	13143184	+	0.00613049	Pvalue	873	A	ACAAC	ok	False
chr17	29261567	29261568	+	0.0193823	Pvalue	61	A	AAATT	ok	False
chr17	66386489	66386490	-	0.000574223	Pvalue	411	T	GTTAA	ok	False
chr17	56915945	56915946	-	0.000139029	Pvalue	125	T	TCTTG	ok	False
chr18	67535784	67535785	+	0.0404371	Pvalue	155	A	TTATG	ok	False
chr18	48181370	48181371	+	0.000989659	Pvalue	189	A	TAATC	ok	False
chr18	80235503	80235504	-	0.00110548	Pvalue	279	T	ATTTA	ok	False
chr19	5542572	5542573	+	0.0195324	Pvalue	29	A	ACATG	ok	False
chr19	8954800	8954801	+	0.0428897	Pvalue	1305	A	GTACC	ok	False
chr19	41906971	41906972	+	2.7591e-12	Pvalue	94	A	CGAGT	ok	False
chrx	36062246	36062247	+	2.37736e-05	Pvalue	522	A	CCATA	ok	False
chrx	133486462	133486463	+	0.000837468	Pvalue	440	A	CGAAC	ok	False
chr1	4846726	4846727	-	0.00680209	Pvalue	689	T	GTTTT	ok	False
chr1	39409185	39409186	+	4.98571e-05	Pvalue	412	A	CCAGG	ok	False
chr1	72752694	72752695	+	1.48347e-16	Pvalue	2039	A	TCAGA	ok	False
chr1	75192346	75192347	-	0.0353146	Pvalue	510	T	TCTCG	ok	False
chr1	135229605	135229606	-	0.000233219	Pvalue	194	T	AATCC	ok	False
chr1	171065927	171065928	-	0.00675944	Pvalue	11	T	TATTG	ok	False
chr5	36952404	36952405	-	0.018066	Pvalue	332	T	AGTTT	ok	True
chr5	65545765	65545766	-	8.67323e-05	Pvalue	1056	T	TCTCG	ok	False
chr5	125531680	125531681	+	0.0403981	Pvalue	81	A	CTACT	ok	False
chr5	135918236	135918237	+	1.37012e-06	Pvalue	542	A	AAATT	ok	False
chr5	138164303	138164304	-	0.00531651	Pvalue	130	T	ACTGT	ok	False
chr6	125139247	125139248	-	0.0142903	Pvalue	29	T	GTTGC	ok	False
chr6	122704903	122704904	-	8.68132e-08	Pvalue	907	T	GGTGA	ok	False
chr7	45071547	45071548	-	0.0392056	Pvalue	210	T	ACTCC	ok	False
chr7	144483674	144483675	-	0.0465462	Pvalue	157	T	TTTTA	ok	False
chr8	57967299	57967300	+	0.0115527	Pvalue	229	A	AGAAA	ok	False
chr8	46662100	46662101	-	0.00109559	Pvalue	143	T	GATGA	ok	False
chr8	85560855	85560856	+	0.0177031	Pvalue	449	A	ACAGG	ok	False
chr8	112721598	112721599	-	0.0150588	Pvalue	327	T	TCTCG	ok	False
chr9	44247116	44247117	+	1.46678e-07	Pvalue	323	A	TTACC	ok	False
chr9	73030592	73030593	+	0.00105269	Pvalue	324	A	TAAAT	ok	False
chr9	57412719	57412720	+	0.0205956	Pvalue	259	A	AAACG	ok	False
chr9	96215435	96215436	-	0.0438223	Pvalue	51	T	GATCT	ok	False
chr9	64085776	64085777	+	1.99327e-27	Pvalue	3073	A	TCAAT	ok	False
chr10	42411293	42411294	+	0.0282764	Pvalue	149	A	AAAAC	ok	False
chr10	61509897	61509898	+	0.0139222	Pvalue	400	A	CTATT	ok	False
chr10	85778379	85778380	-	0.0411808	Pvalue	26	T	TCTCA	ok	False
chr10	127883986	127883987	+	2.79589e-06	Pvalue	675	A	GAAGA	ok	False
chr10	127924960	127924961	+	4.06073e-15	Pvalue	1018	A	TCACG	ok	False
chr11	48696898	48696899	+	0.0446181	Pvalue	4998	A	ATAAA	ok	False
chr11	51491854	51491855	-	1.01336e-05	Pvalue	1164	T	TGTAT	ok	False
chr11	69563956	69563957	-	0.0388257	Pvalue	250	T	CCTTT	ok	False
chr11	76878186	76878187	+	0.00987275	Pvalue	354	A	AAAAC	ok	False
chr11	97219587	97219588	+	1.86869e-18	Pvalue	340	A	AGACT	ok	True
chr11	107385617	107385618	+	0.0373619	Pvalue	75	A	AGAGT	ok	False
chr11	120654966	120654967	+	0.0294582	Pvalue	179	A	ATACA	ok	False
chr12	24763174	24763175	+	0.0167535	Pvalue	106	A	GGATG	ok	False
chr12	110657619	110657620	-	2.48167e-08	Pvalue	5213	T	GTTTT	ok	False
chr14	14303698	14303699	+	4.24185e-22	Pvalue	116	A	GTAAC	ok	False
chr14	63730101	63730102	-	0.0051523	Pvalue	886	T	ACTTA	ok	False
chr15	43129628	43129629	-	0.00618661	Pvalue	5	T	CTTAA	ok	False
chr15	79556686	79556687	+	0.0415292	Pvalue	143	A	TTACT	ok	False
chr15	76789154	76789155	+	9.56673e-12	Pvalue	3185	A	ACAAC	ok	False
chr15	81835496	81835497	-	0.00541105	Pvalue	606	T	GGTAT	ok	False
chr15	98830038	98830039	-	0.0478105	Pvalue	381	T	GGTAC	ok	False
chr16	31073012	31073013	-	8.73649e-05	Pvalue	45	T	TTTCA	ok	False
chr16	91418289	91418290	-	0.00469098	Pvalue	409	T	TTTTC	ok	False
chr17	35277574	35277575	+	0.00677059	Pvalue	106	A	GAAAT	ok	False
chr17	56920633	56920634	+	5.33623e-06	Pvalue	2019	A	CAAGG	ok	False
chr18	10627966	10627967	+	0.00160355	Pvalue	391	A	GTAGG	ok	False
chr18	36930950	36930951	+	0.0241705	Pvalue	83	A	ATACA	ok	False
chr18	35071190	35071191	-	0.000509936	Pvalue	252	T	CTTTA	ok	False
chr19	8955422	8955423	+	0.00231961	Pvalue	2293	A	CCAGC	ok	False
chr19	23142339	23142340	+	0.011954	Pvalue	10	A	AGACT	ok	True
chrx	133438171	133438172	-	0.00427758	Pvalue	89	T	AGTAA	ok	False
chrx	105247299	105247300	+	0.00246413	Pvalue	212	A	AAATG	ok	False
chr1	143674180	143674181	+	0.0438389	Pvalue	37	A	GAAAA	ok	False
chr2	10060862	10060863	-	0.0451419	Pvalue	885	T	TATTG	ok	False
chr2	71271826	71271827	+	0.00349626	Pvalue	234	A	ATATA	ok	False
chr2	132091419	132091420	-	0.0438722	Pvalue	171	T	TTTAT	ok	False
chr3	32802610	32802611	+	0.00328189	Pvalue	242	A	GCATC	ok	False
chr3	86045802	86045803	-	5.22327e-205	Pvalue	3031	T	GGTTT	ok	True
chr3	94792323	94792324	-	0.0117193	Pvalue	682	T	TCTAG	ok	False
chr3	105585662	105585663	-	0.0141069	Pvalue	88	T	TTTTG	ok	False
chr4	86772917	86772918	-	2.33808e-07	Pvalue	288	T	ATTTA	ok	False
chr4	107901785	107901786	-	0.00764653	Pvalue	73	T	TGTAC	ok	False
chr5	35250390	35250391	-	0.0212589	Pvalue	379	T	ATTTC	ok	False
chr5	65545714	65545715	-	1.50917e-06	Pvalue	953	T	TATAA	ok	False
chr5	108055873	108055874	+	7.17445e-06	Pvalue	608	A	CTATG	ok	False
chr5	129099909	129099910	+	1.33243e-07	Pvalue	896	A	AGAAG	ok	False
chr5	142958499	142958500	+	2.12074e-06	Pvalue	687	A	AAAAA	ok	False
chr5	138162196	138162197	+	0.0470867	Pvalue	504	A	GTACC	ok	False
chr6	125437470	125437471	-	0.0450787	Pvalue	186	T	ACTAC	ok	False
chr7	12660573	12660574	+	0.0342731	Pvalue	4786	A	CCAGC	ok	False
chr6	117902531	117902532	+	0.00470313	Pvalue	540	A	TAAAT	ok	False
chr7	4813518	4813519	-	0.000380472	Pvalue	136	T	TTTAG	ok	False
chr7	16061137	16061138	-	0.0170771	Pvalue	131	T	AGTGC	ok	False
chr7	45071326	45071327	-	9.32673e-05	Pvalue	221	T	TTTTC	ok	False
chr7	106810044	106810045	+	1.36738e-06	Pvalue	120	A	CAAAA	ok	False
chr7	117708304	117708305	-	0.0285622	Pvalue	777	T	TTTTT	ok	False
chr7	126394542	126394543	-	0.000831676	Pvalue	1299	T	GGTAG	ok	False
chr8	43748111	43748112	-	0.0205233	Pvalue	164	T	TTTAT	ok	False
chr8	71153113	71153114	+	0.000137658	Pvalue	297	A	AAAAC	ok	False
chr8	46660608	46660609	-	0.000467392	Pvalue	522	T	CTTTT	ok	False
chr8	84297474	84297475	+	0.00168484	Pvalue	363	A	CAACA	ok	False
chr9	50508169	50508170	-	5.91465e-07	Pvalue	30	T	AGTGC	ok	False
chr9	40715154	40715155	+	0.00122011	Pvalue	579	A	TCATC	ok	False
chr9	65567741	65567742	+	0.0238017	Pvalue	365	A	TAATT	ok	False
chr9	108217371	108217372	+	5.59301e-05	Pvalue	2140	A	GCACT	ok	False
chr10	62416293	62416294	-	0.0499596	Pvalue	104	T	GTTTC	ok	False
chr10	90952769	90952770	-	0.0467376	Pvalue	1152	T	CCTTT	ok	False
chr10	127883960	127883961	+	7.06971e-11	Pvalue	674	A	AGACT	ok	True
chr11	4651991	4651992	-	0.00384832	Pvalue	1711	T	ATTTA	ok	False
chr11	6306466	6306467	+	0.0200546	Pvalue	224	A	AGATC	ok	False
chr11	51513980	51513981	+	0.000545999	Pvalue	1764	A	GAAGA	ok	False
chr11	51491715	51491716	-	2.43755e-06	Pvalue	1429	T	ATTTT	ok	False
chr11	69547934	69547935	-	0.0111681	Pvalue	89	T	AATGG	ok	False
chr11	75655457	75655458	+	0.0153131	Pvalue	31	A	GAATA	ok	False
chr11	97518235	97518236	-	3.31632e-05	Pvalue	3328	T	ATTTA	ok	False
chr11	101168811	101168812	-	0.00543967	Pvalue	158	T	CATTT	ok	False
chr11	101334449	101334450	+	0.00902824	Pvalue	135	A	TCAAG	ok	False
chr11	106140222	106140223	-	0.000408659	Pvalue	263	T	TGTCC	ok	True
chr12	66330166	66330167	-	0.00156678	Pvalue	145	T	TTTCA	ok	False
chr12	28681655	28681656	-	0.0144217	Pvalue	245	T	TCTAA	ok	False
chr13	33006576	33006577	+	0.0488283	Pvalue	45	A	TAAAA	ok	False
chr13	59782520	59782521	+	0.0240554	Pvalue	40	A	AGACT	ok	True
chr14	51153298	51153299	-	0.00103146	Pvalue	145	T	TCTCT	ok	False
chr15	36771289	36771290	-	0.0203027	Pvalue	196	T	CATTT	ok	False
chr15	72965617	72965618	+	0.0121378	Pvalue	41	A	GGACT	ok	True
chr15	81925719	81925720	-	0.0140221	Pvalue	285	T	TGTTT	ok	True
chr15	78978557	78978558	+	0.0454039	Pvalue	696	A	GGACT	ok	True
chr15	98830709	98830710	-	7.97602e-10	Pvalue	17	T	GGTGC	ok	False
chr15	102190083	102190084	+	0.0422343	Pvalue	181	A	GTATT	ok	False
chr16	95922941	95922942	-	1.40998e-09	Pvalue	1092	T	TGTTT	ok	True
chr16	87280862	87280863	-	0.000459917	Pvalue	983	T	CCTAT	ok	False
chr17	47998841	47998842	-	0.0258681	Pvalue	612	T	GATCG	ok	False
chr17	88297918	88297919	+	0.000408687	Pvalue	204	A	ATAAA	ok	False
chr18	35387730	35387731	+	0.00100876	Pvalue	282	A	TCACC	ok	False
chr19	9962035	9962036	+	0.0418437	Pvalue	444	A	CAAGA	ok	False
chr19	41906811	41906812	+	0.000279032	Pvalue	75	A	AAAGC	ok	False
chr19	41932841	41932842	-	0.0267064	Pvalue	91	T	GCTCT	ok	False
chr1	4846748	4846749	-	5.36615e-05	Pvalue	614	T	CATAT	ok	False
chr1	59678990	59678991	-	1.46672e-09	Pvalue	156	T	AGTCC	ok	True
chr1	135190653	135190654	-	6.62334e-05	Pvalue	135	T	AGTTC	ok	True
chr3	138160935	138160936	+	0.0197906	Pvalue	230	A	TTACA	ok	False
chr4	10988743	10988744	-	2.21543e-19	Pvalue	251	T	GTTTC	ok	False
chr4	86774109	86774110	-	0.00208919	Pvalue	251	T	TTTGT	ok	False
chr4	107921130	107921131	-	0.0239208	Pvalue	19	T	AATCC	ok	False
chr5	34510027	34510028	+	0.032405	Pvalue	20	A	CCAGC	ok	False
chr5	121344792	121344793	+	3.55504e-13	Pvalue	2181	A	TCAGC	ok	False
chr5	115699297	115699298	+	5.06203e-08	Pvalue	1183	A	GAAAT	ok	False
chr5	142889278	142889279	-	0.0220224	Pvalue	786	T	AATGT	ok	False
chr6	6578546	6578547	-	6.30552e-31	Pvalue	527	T	TTTCG	ok	False
chr6	55054581	55054582	+	0.0101007	Pvalue	127	A	CCAGG	ok	False
chr7	24587797	24587798	+	0.0265358	Pvalue	5065	A	AGACC	ok	True
chr7	4811017	4811018	-	0.00378612	Pvalue	226	T	TTTTC	ok	False
chr7	45370238	45370239	+	0.00513927	Pvalue	2279	A	AAAAA	ok	False
chr7	97056999	97057000	+	0.0214316	Pvalue	149	A	TTACA	ok	False
chr7	110671503	110671504	-	0.0211129	Pvalue	246	T	AATAT	ok	False
chr8	120684285	120684286	+	0.0222614	Pvalue	197	A	ACAAA	ok	False
chr9	44321303	44321304	+	0.0178933	Pvalue	2334	A	ACACA	ok	False
chr9	65970359	65970360	+	0.00643804	Pvalue	187	A	ACAGG	ok	False
chr9	57412484	57412485	+	0.00261376	Pvalue	221	A	TAAAA	ok	False
chr9	66856617	66856618	+	0.0191568	Pvalue	447	A	TCATT	ok	False
chr9	65567682	65567683	+	0.0421846	Pvalue	362	A	TTAAA	ok	False
chr9	108778687	108778688	+	0.00547105	Pvalue	551	A	TGAGA	ok	False
chr9	78386730	78386731	-	1.02261e-07	Pvalue	1135	T	GTTGT	ok	False
chr9	120403466	120403467	+	2.30207e-09	Pvalue	4360	A	ACACA	ok	False
chr10	80665070	80665071	+	0.000122333	Pvalue	340	A	AAAAA	ok	False
chr10	81017122	81017123	+	0.0360709	Pvalue	58	A	GCATG	ok	False
chr10	128748347	128748348	+	0.00647805	Pvalue	393	A	ATACT	ok	False
chr11	6369237	6369238	+	0.00107878	Pvalue	411	A	CCAAA	ok	False
chr11	22952922	22952923	+	0.000150875	Pvalue	1608	A	CGATG	ok	False
chr11	48696438	48696439	+	2.14733e-18	Pvalue	5295	A	AGAGC	ok	False
chr11	55341320	55341321	-	0.0113686	Pvalue	493	T	GGTCC	ok	True
chr11	88882260	88882261	+	0.000285701	Pvalue	86	A	CAAGG	ok	False
chr11	97921238	97921239	+	0.00250916	Pvalue	1151	A	GTACA	ok	False
chr11	115914835	115914836	-	0.0438278	Pvalue	77	T	ATTTT	ok	False
chr11	120236659	120236660	-	0.00181839	Pvalue	2140	T	CATTT	ok	False
chr13	14785042	14785043	-	0.0120381	Pvalue	98	T	TATGA	ok	False
chr13	14795368	14795369	+	0.000657894	Pvalue	221	A	ATATT	ok	False
chr13	86192988	86192989	-	0.0108741	Pvalue	331	T	TTTAA	ok	False
chr14	19862227	19862228	-	0.000538739	Pvalue	550	T	ATTAA	ok	False
chr14	4200564	4200565	+	0.0429277	Pvalue	97	A	ACATC	ok	False
chr14	54851931	54851932	-	4.93833e-09	Pvalue	216	T	AGTAG	ok	False
chr14	67253354	67253355	-	1.89487e-05	Pvalue	116	T	AGTCC	ok	True
chr15	31591074	31591075	-	0.0105114	Pvalue	1185	T	TTTAT	ok	False
chr15	36596010	36596011	-	0.000896666	Pvalue	917	T	TATTC	ok	False
chr15	103153257	103153258	+	0.0026367	Pvalue	219	A	TAAAA	ok	False
chr16	22064640	22064641	-	0.00278934	Pvalue	305	T	TTTTT	ok	False
chr17	13142569	13142570	+	0.0157134	Pvalue	678	A	AAAAT	ok	False
chr17	24940831	24940832	+	1.06628e-07	Pvalue	954	A	CCAGG	ok	False
chr17	36144907	36144908	-	0.000653971	Pvalue	516	T	GGTAG	ok	False
chr17	88030965	88030966	+	0.000231837	Pvalue	226	A	TCACC	ok	False
chr18	75136326	75136327	+	0.0130498	Pvalue	687	A	ATAAA	ok	False
chr19	8954769	8954770	+	0.0182562	Pvalue	1038	A	ATAAA	ok	False
chr1	24654885	24654886	-	0.0064005	Pvalue	88	T	ATTAC	ok	False
chr1	16172040	16172041	-	1.11488e-19	Pvalue	2895	T	CATCC	ok	False
chr1	72750920	72750921	+	0.00469141	Pvalue	1891	A	TCAGC	ok	False
chr1	128259402	128259403	-	0.000480868	Pvalue	452	T	CATGT	ok	False
chr2	26811925	26811926	-	0.0365266	Pvalue	20	T	TCTTT	ok	False
chr2	104830091	104830092	-	0.008254	Pvalue	459	T	GCTAT	ok	False
chr2	156715283	156715284	+	1.89599e-06	Pvalue	399	A	GAATT	ok	False
chr2	179678768	179678769	-	0.0251897	Pvalue	458	T	GATGT	ok	False
chr3	86046349	86046350	-	3.25186e-11	Pvalue	1930	T	GTTTA	ok	False
chr3	105850033	105850034	-	0.0401477	Pvalue	230	T	ATTGC	ok	False
chr3	138160955	138160956	+	0.0294016	Pvalue	233	A	AGACT	ok	True
chr4	86575033	86575034	-	0.00559923	Pvalue	88	T	CTTTT	ok	False
chr4	107901675	107901676	-	0.0313673	Pvalue	75	T	AATTT	ok	False
chr5	31211890	31211891	+	0.034849	Pvalue	22	A	GGACA	ok	True
chr5	93330067	93330068	-	0.00156297	Pvalue	49	T	AATCT	ok	False
chr5	134649213	134649214	-	0.00736708	Pvalue	220	T	TTTTC	ok	False
chr5	115699509	115699510	+	2.07114e-17	Pvalue	2058	A	CAACG	ok	False
chr6	34281253	34281254	-	0.017333	Pvalue	241	T	GGTAA	ok	False
chr6	87957518	87957519	-	0.0232995	Pvalue	850	T	ATTGG	ok	False
chr6	87976103	87976104	-	0.0292693	Pvalue	467	T	GTTAA	ok	False
chr6	85445219	85445220	+	0.0188981	Pvalue	1312	A	CCATC	ok	False
chr6	125138904	125138905	-	0.0373585	Pvalue	58	T	AATTG	ok	False
chr7	19298915	19298916	-	0.000322185	Pvalue	147	T	TGTGA	ok	False
chr7	29886555	29886556	-	0.0411566	Pvalue	603	T	AGTGT	ok	False
chr7	78425127	78425128	-	0.00306181	Pvalue	330	T	AGTCT	ok	True
chr7	45107389	45107390	-	2.62573e-77	Pvalue	7256	T	TTTTT	ok	False
chr7	137063126	137063127	+	0.00230291	Pvalue	125	A	ACAAA	ok	False
chr7	142624742	142624743	+	0.00538463	Pvalue	69	A	AGACT	ok	True
chr8	69280252	69280253	+	0.00053301	Pvalue	73	A	CAAAA	ok	False
chr8	73075115	73075116	+	0.0141502	Pvalue	417	A	TAAGG	ok	False
chr8	85568737	85568738	-	1.40109e-07	Pvalue	728	T	ATTTA	ok	False
chr9	20574957	20574958	+	0.0203151	Pvalue	206	A	CTACG	ok	False
chr9	40715818	40715819	+	1.84674e-05	Pvalue	2790	A	TGAGG	ok	False
chr9	64084757	64084758	+	7.36372e-15	Pvalue	1095	A	ATAAG	ok	False
chr10	29574774	29574775	-	0.000131927	Pvalue	2796	T	ATTTT	ok	False
chr9	78385917	78385918	-	5.23241e-56	Pvalue	12966	T	CTTTT	ok	False
chr9	120403315	120403316	+	0.0154381	Pvalue	4571	A	GGACC	ok	True
chr10	80664979	80664980	+	0.0277993	Pvalue	360	A	TAATT	ok	False
chr10	117650539	117650540	-	0.0323035	Pvalue	47	T	GTTTA	ok	False
chr10	128394521	128394522	-	0.00432339	Pvalue	602	T	ATTTT	ok	False
chr10	127925007	127925008	+	0.000153709	Pvalue	1217	A	GGATT	ok	False
chr11	6566661	6566662	-	0.0196454	Pvalue	202	T	GGTAG	ok	False
chr11	29496020	29496021	-	0.0371012	Pvalue	532	T	TTTTC	ok	False
chr11	22953161	22953162	+	8.47715e-08	Pvalue	1626	A	AAAGG	ok	False
chr11	55391215	55391216	+	0.000151472	Pvalue	293	A	CAAAC	ok	False
chr11	72342330	72342331	+	0.00035208	Pvalue	676	A	AGACT	ok	True
chr11	109560456	109560457	+	0.0146589	Pvalue	113	A	TAAAA	ok	False
chr12	17600621	17600622	+	8.66667e-13	Pvalue	229	A	GCAGA	ok	False
chr13	14800008	14800009	+	0.0253848	Pvalue	455	A	TCACT	ok	False
chr13	100915550	100915551	-	0.0217499	Pvalue	40	T	AATAT	ok	False
chr14	4199410	4199411	+	1.02817e-06	Pvalue	46	A	CTAAG	ok	False
chr14	54927959	54927960	+	0.000151044	Pvalue	19	A	GGACT	ok	True
chr14	76082892	76082893	+	0.0202854	Pvalue	290	A	TCAGC	ok	False
chr15	51650128	51650129	-	0.00283962	Pvalue	281	T	ATTAT	ok	False
chr15	79962060	79962061	-	0.0489455	Pvalue	1423	T	CTTCC	ok	False
chr15	98829526	98829527	-	1.89284e-16	Pvalue	2417	T	AATCC	ok	False
chr16	4831795	4831796	-	0.0365179	Pvalue	81	T	TTTTC	ok	False
chr17	24690391	24690392	+	0.000570391	Pvalue	354	A	GTAGC	ok	False
chr17	28548412	28548413	+	0.0274016	Pvalue	116	A	TGAAG	ok	False
chr17	35820961	35820962	+	0.00529688	Pvalue	176	A	CCATG	ok	False
chr17	66387827	66387828	-	0.00270215	Pvalue	412	T	TTTTC	ok	False
chr18	31929729	31929730	+	0.0232926	Pvalue	143	A	GAAAT	ok	False
chr18	35387739	35387740	+	0.0417874	Pvalue	296	A	CTACG	ok	False
chr19	9960293	9960294	+	0.015774	Pvalue	86	A	CCATC	ok	False
chr19	8955398	8955399	+	1.21377e-21	Pvalue	2199	A	GTACT	ok	False
chrx	100491336	100491337	+	0.021061	Pvalue	15	A	ATAAA	ok	False
chrx	133487271	133487272	+	0.00227476	Pvalue	910	A	TTACG	ok	False
chr1	59746214	59746215	+	0.00581793	Pvalue	41	A	GAACA	ok	True
chr1	75192339	75192340	-	0.0085339	Pvalue	489	T	CATAT	ok	False
chr1	86278401	86278402	-	0.00145545	Pvalue	2029	T	CCTCG	ok	False
chr1	86457794	86457795	+	0.00533952	Pvalue	191	A	TCAGA	ok	False
chr1	160030680	160030681	-	0.00492914	Pvalue	217	T	GGTAA	ok	False
chr1	181959888	181959889	+	0.0430424	Pvalue	65	A	AAATT	ok	False
chr1	180630446	180630447	-	0.00290122	Pvalue	159	T	TATTA	ok	False
chr2	25451977	25451978	+	0.0206621	Pvalue	549	A	CCAGG	ok	False
chr2	27425318	27425319	+	0.00116504	Pvalue	48	A	TAAGT	ok	False
chr2	73739018	73739019	-	0.0418165	Pvalue	1135	T	CATAT	ok	False
chr2	103595493	103595494	-	0.0380113	Pvalue	215	T	ACTCC	ok	False
chr2	130014612	130014613	-	0.0461484	Pvalue	152	T	CATGG	ok	False
chr2	132091362	132091363	-	0.0016564	Pvalue	142	T	AATTA	ok	False
chr2	154714557	154714558	-	8.76284e-06	Pvalue	766	T	TTTTT	ok	False
chr2	174302924	174302925	-	3.74306e-05	Pvalue	1113	T	CCTGT	ok	False
chr3	41022124	41022125	-	0.026709	Pvalue	118	T	TTTTC	ok	False
chr3	87823348	87823349	+	0.0370511	Pvalue	741	A	AAAAA	ok	False
chr3	95569147	95569148	+	0.0493485	Pvalue	212	A	TAAAG	ok	False
chr3	122719359	122719360	+	2.96418e-14	Pvalue	258	A	TAAGT	ok	False
chr3	130522745	130522746	-	1.93594e-15	Pvalue	729	T	CTTTC	ok	False
chr3	146211168	146211169	+	0.0327799	Pvalue	202	A	ACACG	ok	False
chr4	116458263	116458264	-	0.0477048	Pvalue	28	T	TATTT	ok	False
chr4	117012268	117012269	-	2.10154e-07	Pvalue	629	T	CCTCG	ok	False
chr5	33530391	33530392	+	0.00172363	Pvalue	54	A	GGACT	ok	True
chr5	92201646	92201647	-	0.00119916	Pvalue	93	T	GTTTT	ok	False
chr5	125463877	125463878	-	0.0177877	Pvalue	33	T	CCTTG	ok	False
chr5	129875188	129875189	+	2.17228e-29	Pvalue	672	A	TTAAA	ok	False
chr5	146771035	146771036	+	0.0373064	Pvalue	20	A	GCACC	ok	False
chr5	124709028	124709029	-	0.0294187	Pvalue	73	T	TGTAA	ok	False
chr6	91441721	91441722	-	0.00204512	Pvalue	133	T	TTTTG	ok	False
chr6	125437395	125437396	-	2.97443e-07	Pvalue	209	T	TTTTG	ok	False
chr7	18886536	18886537	+	3.151e-06	Pvalue	911	A	TCATC	ok	False
chr7	12764725	12764726	+	9.89071e-06	Pvalue	1701	A	CCATT	ok	False
chr7	33901839	33901840	-	7.07208e-05	Pvalue	801	T	GTTAT	ok	False
chr7	46504916	46504917	+	0.0270186	Pvalue	1312	A	TAAAT	ok	False
chr7	120258356	120258357	+	0.00130319	Pvalue	132	A	AGACC	ok	True
chr7	105392167	105392168	-	0.00197335	Pvalue	355	T	TCTGG	ok	False
chr8	13831467	13831468	+	0.0325932	Pvalue	55	A	GGACT	ok	True
chr9	22359712	22359713	-	0.0020671	Pvalue	79	T	CGTGG	ok	False
chr9	40716485	40716486	+	2.72306e-13	Pvalue	5183	A	TAAAT	ok	False
chr9	57412490	57412491	+	0.000857657	Pvalue	227	A	TCATC	ok	False
chr9	65567494	65567495	+	0.00821426	Pvalue	164	A	TTAAT	ok	False
chr9	96353116	96353117	-	1.77179e-06	Pvalue	160	T	AGTAA	ok	False
chr9	110769305	110769306	-	9.0997e-06	Pvalue	39	T	TCTCT	ok	False
chr9	78387602	78387603	-	0.00375275	Pvalue	55	T	GGTCT	ok	True
chr9	120403474	120403475	+	0.00554048	Pvalue	4561	A	TAATA	ok	False
chr10	81401953	81401954	+	0.0372676	Pvalue	325	A	CAAAC	ok	False
chr10	86527505	86527506	-	0.041628	Pvalue	479	T	CCTCC	ok	False
chr11	33104023	33104024	-	0.000475885	Pvalue	1098	T	ATTAA	ok	False
chr11	33102562	33102563	-	0.00255102	Pvalue	3546	T	ATTTC	ok	False
chr11	69559281	69559282	-	0.0107728	Pvalue	150	T	TCTTC	ok	False
chr11	70418306	70418307	+	0.0011815	Pvalue	1785	A	TGATC	ok	False
chr11	97052813	97052814	-	0.021339	Pvalue	92	T	CCTAA	ok	False
chr11	120236848	120236849	-	0.0116536	Pvalue	1898	T	GTTGG	ok	False
chr12	66330328	66330329	-	0.0121698	Pvalue	154	T	AATTC	ok	False
chr12	84803277	84803278	-	0.0010069	Pvalue	324	T	ATTGG	ok	False
chr12	111636677	111636678	-	0.037445	Pvalue	337	T	CCTCC	ok	False
chr13	34311580	34311581	-	0.00922679	Pvalue	217	T	CGTCC	ok	False
chr13	91072793	91072794	+	0.0270318	Pvalue	255	A	CAAGA	ok	False
chr14	14302925	14302926	+	0.0378673	Pvalue	32	A	AAATC	ok	False
chr14	34066212	34066213	+	0.0304129	Pvalue	57	A	ATAAA	ok	False
chr15	31592871	31592872	-	0.0018875	Pvalue	551	T	GATGA	ok	False
chr15	36596217	36596218	-	6.90408e-05	Pvalue	583	T	AGTTT	ok	True
chr15	102001494	102001495	+	0.00232941	Pvalue	34	A	CAACC	ok	False
chr17	24043606	24043607	+	0.0241321	Pvalue	286	A	CAAGG	ok	False
chr17	36201974	36201975	+	0.0224466	Pvalue	360	A	TGAGA	ok	False
chr18	48181276	48181277	+	0.00116102	Pvalue	190	A	GGAGA	ok	False
chr18	35071666	35071667	-	0.000255756	Pvalue	157	T	AATGA	ok	False
chr19	8954773	8954774	+	0.0364724	Pvalue	1068	A	AGATG	ok	False
chr19	44538763	44538764	-	0.000318233	Pvalue	200	T	GATAT	ok	False
chrx	156228718	156228719	-	0.0167239	Pvalue	56	T	TTTTA	ok	False
chr1	4846884	4846885	-	0.00140696	Pvalue	521	T	GCTTC	ok	False
chr1	63218618	63218619	+	3.06056e-07	Pvalue	2191	A	CTAAA	ok	False
chr1	131056729	131056730	-	0.00020483	Pvalue	9	T	AGTCT	ok	True
chr1	160030629	160030630	-	0.0316436	Pvalue	217	T	TTTTG	ok	False
chr1	180765814	180765815	+	0.0240076	Pvalue	55	A	AGAAT	ok	False
chr2	29961547	29961548	+	0.00472168	Pvalue	254	A	AGACA	ok	True
chr2	103284598	103284599	-	0.0299202	Pvalue	38	T	AATTC	ok	False
chr2	132093243	132093244	-	0.0303967	Pvalue	62	T	CTTCA	ok	False
chr2	154714455	154714456	-	2.65744e-06	Pvalue	749	T	GTTAA	ok	False
chr3	86046374	86046375	-	1.78145e-09	Pvalue	1976	T	ATTAG	ok	False
chr3	105850018	105850019	-	0.0219123	Pvalue	216	T	TGTTT	ok	True
chr3	137572487	137572488	+	0.00130728	Pvalue	644	A	TTAAT	ok	False
chr4	57945149	57945150	-	0.0474462	Pvalue	347	T	TTTTG	ok	False
chr4	55390463	55390464	+	0.00905925	Pvalue	50	A	AAATG	ok	False
chr4	148678648	148678649	+	0.000118708	Pvalue	188	A	CGAGT	ok	False
chr5	24770648	24770649	-	0.0037856	Pvalue	151	T	AGTCC	ok	True
chr5	45682764	45682765	+	0.00469767	Pvalue	112	A	GGACT	ok	True
chr5	125463403	125463404	-	0.030641	Pvalue	483	T	CCTTG	ok	False
chr5	121343706	121343707	+	0.000379466	Pvalue	869	A	ATACT	ok	False
chr5	115700559	115700560	+	5.20803e-43	Pvalue	2928	A	TCAAT	ok	False
chr5	129913012	129913013	-	0.000211462	Pvalue	377	T	TCTGA	ok	False
chr6	87820206	87820207	-	0.0481283	Pvalue	759	T	TTTTC	ok	False
chr6	131341856	131341857	-	0.012452	Pvalue	670	T	TGTTA	ok	True
chr7	16482970	16482971	+	0.0492917	Pvalue	738	A	CCAAC	ok	False
chr7	19299033	19299034	-	0.00278361	Pvalue	162	T	TATCT	ok	False
chr7	27741155	27741156	-	0.00183447	Pvalue	529	T	ATTTA	ok	False
chr7	44775369	44775370	-	1.21656e-05	Pvalue	9419	T	GTTCA	ok	False
chr7	80362602	80362603	-	0.0292988	Pvalue	25	T	GTTAG	ok	False
chr8	43748160	43748161	-	0.0103486	Pvalue	167	T	TTTTT	ok	False
chr8	73466454	73466455	+	0.0128044	Pvalue	347	A	CCATG	ok	False
chr8	71348837	71348838	-	1.54315e-11	Pvalue	1126	T	AGTAC	ok	False
chr9	20809023	20809024	-	3.22775e-11	Pvalue	48	T	TTTGA	ok	False
chr9	50255553	50255554	-	0.0143017	Pvalue	1003	T	TATTA	ok	False
chr9	107491507	107491508	-	0.00923171	Pvalue	668	T	GTTAA	ok	False
chr9	108217409	108217410	+	0.002645	Pvalue	2324	A	CTAAA	ok	False
chr10	53484009	53484010	+	0.0255535	Pvalue	38	A	TAAAA	ok	False
chr9	120403448	120403449	+	0.0492908	Pvalue	4412	A	GCAAG	ok	False
chr10	80989539	80989540	-	0.00113757	Pvalue	63	T	AGTCC	ok	True
chr10	127884168	127884169	+	6.95837e-09	Pvalue	731	A	AAACG	ok	False
chr10	111333716	111333717	+	0.00864785	Pvalue	97	A	TCATA	ok	False
chr11	52280072	52280073	+	0.010379	Pvalue	233	A	TCAAC	ok	False
chr11	55285379	55285380	-	0.000251291	Pvalue	735	T	ATTGC	ok	False
chr11	68794077	68794078	+	1.4165e-21	Pvalue	3017	A	CTACA	ok	False
chr11	72342363	72342364	+	0.00695697	Pvalue	708	A	CAATC	ok	False
chr11	115389109	115389110	-	0.00105086	Pvalue	268	T	AGTCT	ok	True
chr11	115913285	115913286	-	0.0254066	Pvalue	317	T	GTTGA	ok	False
chr11	120236537	120236538	-	0.0355277	Pvalue	2303	T	ATTTC	ok	False
chr12	59119705	59119706	+	0.0481735	Pvalue	21	A	TAAAA	ok	False
chr12	110659293	110659294	-	0.0335493	Pvalue	60	T	GGTCC	ok	True
chr13	98446624	98446625	-	0.00597738	Pvalue	694	T	AATTT	ok	False
chr13	91072798	91072799	+	1.13423e-24	Pvalue	164	A	TCATA	ok	False
chr14	34066090	34066091	+	0.0185507	Pvalue	93	A	AAATG	ok	False
chr14	45584262	45584263	+	1.25308e-05	Pvalue	115	A	GTACT	ok	False
chr15	83431573	83431574	-	0.0132039	Pvalue	9	T	TGTCC	ok	True
chr15	98847918	98847919	-	0.0026087	Pvalue	483	T	AGTAT	ok	False
chr15	79962206	79962207	-	4.21715e-10	Pvalue	1561	T	CCTCC	ok	False
chr17	13143258	13143259	+	0.00495187	Pvalue	1078	A	TCACC	ok	False
chr17	29260466	29260467	+	0.000297196	Pvalue	99	A	AGACT	ok	True
chr18	36889951	36889952	+	0.0094189	Pvalue	87	A	AGAGC	ok	False
chr19	5324160	5324161	-	0.0168904	Pvalue	317	T	GGTAC	ok	False
chr19	41907081	41907082	+	0.00221051	Pvalue	90	A	TAAAG	ok	False
chrx	36062343	36062344	+	0.00136187	Pvalue	589	A	TGACC	ok	True
chrx	135040802	135040803	+	1.9517e-13	Pvalue	108	A	CCAAA	ok	False
chrx	158905308	158905309	-	0.0224206	Pvalue	273	T	TTTTA	ok	False
chr1	86458384	86458385	+	2.80205e-16	Pvalue	4075	A	CAATA	ok	False
chr3	87823348	87823349	+	5.77872e-05	Pvalue	741	A	AAAAA	ok	False
chr3	86045354	86045355	-	8.64793e-06	Pvalue	3073	T	CGTCT	ok	False
chr3	130522736	130522737	-	9.87519e-06	Pvalue	772	T	ATTTA	ok	False
chr4	40270713	40270714	-	0.00133302	Pvalue	138	T	AGTAA	ok	False
chr4	116496192	116496193	-	0.0038379	Pvalue	164	T	TTTTC	ok	False
chr5	36952622	36952623	-	0.0342578	Pvalue	258	T	AATTT	ok	False
chr5	92200331	92200332	-	0.0120046	Pvalue	213	T	AGTCC	ok	True
chr6	87820402	87820403	-	0.028622	Pvalue	576	T	AGTCT	ok	True
chr6	131345361	131345362	-	0.0309779	Pvalue	92	T	CATCT	ok	False
chr7	15851026	15851027	+	0.000711816	Pvalue	105	A	GGACA	ok	True
chr7	33901785	33901786	-	1.18349e-09	Pvalue	1097	T	AGTGC	ok	False
chr8	94899800	94899801	+	0.00860074	Pvalue	1326	A	AAATG	ok	False
chr8	108307362	108307363	-	0.000708414	Pvalue	249	T	CGTCC	ok	False
chr8	127661415	127661416	-	0.000217814	Pvalue	56	T	TATTC	ok	False
chr9	40715941	40715942	+	0.0264504	Pvalue	4122	A	GAAGA	ok	False
chr9	40716461	40716462	+	2.98056e-21	Pvalue	4902	A	GTAAC	ok	False
chr9	96214886	96214887	-	4.42575e-05	Pvalue	120	T	AATTT	ok	False
chr9	96360528	96360529	-	0.0487725	Pvalue	20	T	CGTTC	ok	False
chr10	7554543	7554544	+	0.0134768	Pvalue	214	A	CCAGA	ok	False
chr10	61261098	61261099	+	0.0132262	Pvalue	133	A	TTAAA	ok	False
chr9	119960589	119960590	+	1.23618e-43	Pvalue	7482	A	GAAAA	ok	False
chr10	79803376	79803377	+	0.0398495	Pvalue	394	A	AGATC	ok	False
chr10	81018009	81018010	+	0.0030371	Pvalue	711	A	CCACC	ok	False
chr10	127924391	127924392	+	0.00459719	Pvalue	504	A	GAAAA	ok	False
chr11	48696900	48696901	+	0.00039349	Pvalue	5003	A	AAACT	ok	True
chr11	51514075	51514076	+	0.00966787	Pvalue	1930	A	CAAGA	ok	False
chr11	55391224	55391225	+	0.0058785	Pvalue	297	A	AAATC	ok	False
chr11	78432992	78432993	-	0.0271234	Pvalue	80	T	TCTCC	ok	False
chr11	97518671	97518672	-	7.6153e-16	Pvalue	1190	T	TGTCC	ok	True
chr11	100212750	100212751	+	0.0347246	Pvalue	469	A	ACAAA	ok	False
chr11	93840802	93840803	-	1.25856e-06	Pvalue	2235	T	TCTTC	ok	False
chr11	106153418	106153419	+	0.00706881	Pvalue	1059	A	ACATT	ok	False
chr12	24763289	24763290	+	3.19535e-05	Pvalue	92	A	GCAAA	ok	False
chr12	111635894	111635895	-	7.28126e-06	Pvalue	2403	T	GCTAA	ok	False
chr12	110657596	110657597	-	1.14734e-05	Pvalue	5074	T	ACTTG	ok	False
chr14	4200549	4200550	+	0.00564151	Pvalue	98	A	GAAAT	ok	False
chr14	34066115	34066116	+	0.0156255	Pvalue	37	A	AAAAA	ok	False
chr15	31592597	31592598	-	9.21764e-05	Pvalue	782	T	GTTCC	ok	False
chr15	36595910	36595911	-	9.27222e-05	Pvalue	831	T	TTTAA	ok	False
chr15	79962999	79963000	-	0.00480828	Pvalue	1112	T	AATCT	ok	False
chr17	13130526	13130527	-	0.0114474	Pvalue	45	T	GTTTT	ok	False
chr17	13143321	13143322	+	0.000795006	Pvalue	1118	A	GAAGT	ok	False
chr17	26345439	26345440	+	0.0291721	Pvalue	453	A	TCAGA	ok	False
chr17	88297872	88297873	+	0.00189537	Pvalue	188	A	GAAAA	ok	False
chr18	80265618	80265619	+	3.99993e-17	Pvalue	344	A	ATACT	ok	False
chr19	5506590	5506591	-	0.00945159	Pvalue	63	T	GTTTA	ok	False
chr18	77870441	77870442	+	3.61204e-08	Pvalue	769	A	ATAGC	ok	False
chrx	13069518	13069519	+	0.0461069	Pvalue	72	A	ATACA	ok	False
chrx	36062318	36062319	+	0.000340587	Pvalue	589	A	AAAGT	ok	False
chrx	105247003	105247004	+	8.59435e-08	Pvalue	273	A	TTAAA	ok	False
chr1	160030873	160030874	-	0.000496125	Pvalue	235	T	CATTT	ok	False
chr2	25451926	25451927	+	0.0401067	Pvalue	537	A	ACACA	ok	False
chr2	27426522	27426523	+	0.00731355	Pvalue	215	A	AAAAA	ok	False
chr2	90889629	90889630	+	0.0141069	Pvalue	419	A	GGAAC	ok	False
chr2	148714758	148714759	-	0.025607	Pvalue	289	T	CATGG	ok	False
chr3	32780899	32780900	+	0.00141391	Pvalue	88	A	TTAAA	ok	False
chr3	122719354	122719355	+	0.0111586	Pvalue	235	A	TAACT	ok	True
chr3	137572529	137572530	+	5.64615e-10	Pvalue	642	A	GTACA	ok	False
chr4	55390581	55390582	+	0.00212093	Pvalue	95	A	AAAAT	ok	False
chr4	135778575	135778576	-	0.000525738	Pvalue	474	T	TATCC	ok	False
chr4	152412024	152412025	+	0.0120988	Pvalue	1316	A	TCATG	ok	False
chr5	52307766	52307767	-	0.0463237	Pvalue	99	T	CTTTC	ok	False
chr5	117420898	117420899	-	0.001139	Pvalue	315	T	GCTAA	ok	False
chr5	125463044	125463045	-	0.0117226	Pvalue	674	T	AATGC	ok	False
chr5	129205314	129205315	-	0.00628764	Pvalue	1518	T	TTTGA	ok	False
chr5	129099885	129099886	+	0.00182184	Pvalue	867	A	AAAGT	ok	False
chr5	140428738	140428739	+	2.64806e-09	Pvalue	462	A	CTATC	ok	False
chr6	88474523	88474524	+	2.13491e-05	Pvalue	225	A	AAAAC	ok	False
chr6	85445258	85445259	+	0.00497298	Pvalue	1205	A	TGAGA	ok	False
chr6	137727665	137727666	+	0.0065273	Pvalue	110	A	CAAGC	ok	False
chr7	16061131	16061132	-	0.000417995	Pvalue	134	T	GGTAA	ok	False
chr7	45370179	45370180	+	0.00278745	Pvalue	2368	A	AGAGG	ok	False
chr7	46505036	46505037	+	3.5316e-17	Pvalue	1292	A	AAAAC	ok	False
chr7	80541058	80541059	-	0.0250192	Pvalue	75	T	TGTGA	ok	False
chr7	137069893	137069894	+	0.0318966	Pvalue	534	A	TAAAC	ok	False
chr8	13225138	13225139	+	0.0463598	Pvalue	315	A	GCATT	ok	False
chr8	73074852	73074853	+	4.05878e-09	Pvalue	258	A	GGACC	ok	True
chr8	70960991	70960992	-	0.000426	Pvalue	1909	T	CCTTC	ok	False
chr8	108307579	108307580	-	0.00521172	Pvalue	100	T	CTTTT	ok	False
chr8	111782183	111782184	+	0.0184841	Pvalue	505	A	AAAAA	ok	False
chr9	50255645	50255646	-	0.000178897	Pvalue	985	T	TATAT	ok	False
chr9	64085260	64085261	+	2.33014e-18	Pvalue	2626	A	AGACT	ok	True
chr9	119958256	119958257	+	0.0303011	Pvalue	683	A	GGAGA	ok	False
chr10	71064257	71064258	-	4.38123e-07	Pvalue	20	T	AGTCC	ok	True
chr10	90952709	90952710	-	4.0113e-08	Pvalue	1222	T	GGTAC	ok	False
chr11	29497220	29497221	-	1.20514e-05	Pvalue	415	T	GATCT	ok	False
chr11	52013452	52013453	+	0.000190335	Pvalue	219	A	GAATT	ok	False
chr11	51491876	51491877	-	0.000281615	Pvalue	1515	T	ATTAA	ok	False
chr11	69558364	69558365	-	1.22546e-05	Pvalue	1361	T	TCTCG	ok	False
chr11	70868968	70868969	-	0.00919559	Pvalue	152	T	TATTC	ok	False
chr11	115071878	115071879	+	0.00917021	Pvalue	104	A	TAAAA	ok	False
chr11	106153857	106153858	+	0.0125555	Pvalue	1220	A	AAAAA	ok	False
chr11	120379500	120379501	+	0.0192897	Pvalue	619	A	GAAAA	ok	False
chr12	31381922	31381923	-	0.00240484	Pvalue	64	T	AATCT	ok	False
chr12	110657918	110657919	-	0.0284579	Pvalue	1015	T	CATGG	ok	False
chr13	74471037	74471038	-	0.049059	Pvalue	103	T	TCTGG	ok	False
chr14	73830159	73830160	+	7.09893e-07	Pvalue	38	A	AGAAA	ok	False
chr15	43113478	43113479	-	0.00021617	Pvalue	439	T	AATTC	ok	False
chr15	79961998	79961999	-	7.40158e-10	Pvalue	1140	T	AGTAG	ok	False
chr15	101188646	101188647	+	0.0153781	Pvalue	388	A	TGAGA	ok	False
chr15	98829311	98829312	-	5.22843e-94	Pvalue	2123	T	TTTTC	ok	False
chr16	3861828	3861829	-	0.00599601	Pvalue	111	T	TCTCC	ok	False
chr17	13143705	13143706	+	0.0011725	Pvalue	68	A	CCATT	ok	False
chr17	28061351	28061352	+	0.00410378	Pvalue	92	A	CAAGT	ok	False
chr17	47086492	47086493	-	0.00465783	Pvalue	102	T	CGTCC	ok	False
chr17	57303166	57303167	+	0.0209544	Pvalue	607	A	TAAAT	ok	False
chr18	48181324	48181325	+	0.000106289	Pvalue	179	A	TCACC	ok	False
chr18	75135808	75135809	+	0.000134546	Pvalue	723	A	AGAGC	ok	False
chr19	5418655	5418656	+	0.0350774	Pvalue	89	A	TCATT	ok	False
chr19	6038621	6038622	-	0.0413392	Pvalue	49	T	CCTAC	ok	False
chr19	60749575	60749576	-	0.000890382	Pvalue	136	T	ATTTA	ok	False
chr1	43228398	43228399	+	0.0279858	Pvalue	127	A	AGATA	ok	False
chr1	16171524	16171525	-	7.21971e-05	Pvalue	2298	T	AATTT	ok	False
chr1	131056395	131056396	-	4.39871e-10	Pvalue	34	T	AGTCT	ok	True
chr1	160030799	160030800	-	1.08896e-06	Pvalue	302	T	CTTCT	ok	False
chr1	178156134	178156135	-	0.000701389	Pvalue	212	T	TTTAC	ok	False
chr1	171291454	171291455	+	0.000675745	Pvalue	36	A	AGAGA	ok	False
chr2	32852068	32852069	+	0.0147987	Pvalue	244	A	TGAGG	ok	False
chr2	73739615	73739616	-	0.00685171	Pvalue	634	T	AATGA	ok	False
chr2	34666117	34666118	+	0.0168337	Pvalue	226	A	TGAGT	ok	False
chr2	121268250	121268251	+	3.29885e-08	Pvalue	441	A	GAATG	ok	False
chr2	125673767	125673768	-	2.95732e-05	Pvalue	101	T	CATGT	ok	False
chr2	154536180	154536181	+	0.00205921	Pvalue	138	A	CAAAT	ok	False
chr2	154714579	154714580	-	1.74797e-08	Pvalue	739	T	ACTCT	ok	False
chr2	166787994	166787995	+	0.0299068	Pvalue	139	A	AAATT	ok	False
chr3	86046377	86046378	-	0.000682101	Pvalue	1965	T	AGTCT	ok	True
chr3	86045271	86045272	-	8.68507e-06	Pvalue	3031	T	ATTTG	ok	False
chr3	95569107	95569108	+	0.00486999	Pvalue	211	A	AGACA	ok	True
chr3	105850019	105850020	-	0.000756642	Pvalue	224	T	GTTTC	ok	False
chr3	94791727	94791728	-	0.0274619	Pvalue	917	T	ATTCA	ok	False
chr3	144303190	144303191	+	0.00636317	Pvalue	121	A	GAATG	ok	False
chr3	132366314	132366315	-	0.0468696	Pvalue	119	T	AATGT	ok	False
chr4	41712461	41712462	-	0.00448143	Pvalue	64	T	AGTCC	ok	True
chr4	42980356	42980357	-	9.11124e-05	Pvalue	21	T	AATTT	ok	False
chr4	47483119	47483120	+	0.0337798	Pvalue	318	A	ATATC	ok	False
chr4	86774172	86774173	-	0.00348763	Pvalue	202	T	CTTGC	ok	False
chr4	86773064	86773065	-	9.34779e-24	Pvalue	303	T	TATTC	ok	False
chr4	40732164	40732165	+	0.00145545	Pvalue	164	A	TCATT	ok	False
chr4	116458985	116458986	-	0.000121411	Pvalue	289	T	TCTCA	ok	False
chr4	129112874	129112875	+	0.000960797	Pvalue	235	A	AGATT	ok	False
chr4	149234585	149234586	-	0.000535536	Pvalue	243	T	ATTTA	ok	False
chr5	30266972	30266973	-	0.000671742	Pvalue	150	T	TTTTC	ok	False
chr5	36952628	36952629	-	2.23344e-05	Pvalue	228	T	AATTT	ok	False
chr5	36952400	36952401	-	0.0322219	Pvalue	642	T	TTTAA	ok	False
chr5	45668461	45668462	+	0.00636406	Pvalue	123	A	AAACT	ok	True
chr5	115286047	115286048	-	0.0293167	Pvalue	27	T	GCTGT	ok	False
chr5	121583186	121583187	-	2.50327e-05	Pvalue	138	T	TTTAA	ok	False
chr5	115436576	115436577	-	0.0207356	Pvalue	438	T	GCTGT	ok	False
chr5	108052755	108052756	+	1.03885e-45	Pvalue	566	A	AGACA	ok	True
chr5	129100142	129100143	+	2.81391e-15	Pvalue	1725	A	CAATA	ok	False
chr5	115699508	115699509	+	1.09011e-16	Pvalue	2055	A	ACAAC	ok	False
chr5	134648752	134648753	-	0.00012729	Pvalue	567	T	ATTTA	ok	False
chr5	116546565	116546566	-	0.0232112	Pvalue	146	T	GCTCC	ok	False
chr6	7675396	7675397	-	1.12137e-08	Pvalue	479	T	AATGA	ok	False
chr5	138161784	138161785	+	0.000255538	Pvalue	230	A	TCAAC	ok	False
chr6	6558301	6558302	-	0.00625187	Pvalue	600	T	ATTTA	ok	False
chr6	86501477	86501478	-	0.000951389	Pvalue	372	T	TTTTT	ok	False
chr6	115784777	115784778	-	4.66127e-17	Pvalue	2569	T	TATCG	ok	False
chr6	85445160	85445161	+	2.40554e-12	Pvalue	1335	A	TTATT	ok	False
chr6	125437523	125437524	-	0.00042833	Pvalue	138	T	TATTT	ok	False
chr6	122691572	122691573	+	0.00902538	Pvalue	584	A	TAAAA	ok	False
chr7	3707411	3707412	+	0.0398314	Pvalue	901	A	CGAGA	ok	False
chr7	3707701	3707702	+	9.79927e-05	Pvalue	1402	A	CAAGA	ok	False
chr6	117902436	117902437	+	0.0205596	Pvalue	548	A	CAATA	ok	False
chr6	127064611	127064612	-	0.0283126	Pvalue	50	T	TGTCC	ok	True
chr7	4813529	4813530	-	0.0217017	Pvalue	124	T	AGTAG	ok	False
chr7	29886581	29886582	-	0.000808097	Pvalue	550	T	GGTGT	ok	False
chr7	27877736	27877737	+	0.0281831	Pvalue	101	A	CCATT	ok	False
chr7	45370232	45370233	+	7.91302e-11	Pvalue	2275	A	TAATA	ok	False
chr7	45369750	45369751	+	1.13433e-09	Pvalue	2142	A	GGAGT	ok	False
chr7	44775133	44775134	-	0.0160959	Pvalue	442	T	GGTAC	ok	False
chr7	46504978	46504979	+	2.52839e-05	Pvalue	1316	A	TGAGA	ok	False
chr7	80361476	80361477	-	0.000775297	Pvalue	96	T	AGTGA	ok	False
chr7	121690075	121690076	-	0.00758106	Pvalue	125	T	TTTTA	ok	False
chr7	110671247	110671248	-	3.73387e-07	Pvalue	586	T	AATTC	ok	False
chr7	126394426	126394427	-	6.88226e-05	Pvalue	1287	T	TATTG	ok	False
chr7	140534965	140534966	-	0.0139623	Pvalue	346	T	AATAA	ok	False
chr7	114304590	114304591	-	0.0243692	Pvalue	1985	T	TTTGG	ok	False
chr7	144418860	144418861	+	0.0125541	Pvalue	625	A	AGATA	ok	False
chr8	23067455	23067456	-	0.0120216	Pvalue	93	T	TTTTA	ok	False
chr8	13935713	13935714	-	0.0283857	Pvalue	44	T	ATTAA	ok	False
chr8	71348138	71348139	-	0.0419233	Pvalue	2331	T	TTTGA	ok	False
chr8	75854042	75854043	+	0.047778	Pvalue	251	A	CCACC	ok	False
chr8	71348049	71348050	-	0.0251823	Pvalue	2124	T	GGTCT	ok	True
chr8	85756822	85756823	+	0.00155727	Pvalue	261	A	CCATC	ok	False
chr8	112679282	112679283	+	0.0147275	Pvalue	116	A	GAATC	ok	False
chr8	107396840	107396841	+	0.013791	Pvalue	242	A	GCATT	ok	False
chr9	54864200	54864201	+	0.0223988	Pvalue	197	A	TAAAC	ok	False
chr9	40715565	40715566	+	2.35978e-28	Pvalue	1466	A	TTACT	ok	False
chr9	78116549	78116550	+	0.00748411	Pvalue	747	A	ATAGA	ok	False
chr9	96215136	96215137	-	0.000822339	Pvalue	128	T	CATAC	ok	False
chr9	64085680	64085681	+	3.03775e-05	Pvalue	3303	A	CCAGC	ok	False
chr9	114811712	114811713	-	0.000648389	Pvalue	982	T	TTTTT	ok	False
chr9	114586143	114586144	-	0.000527205	Pvalue	161	T	AGTCT	ok	True
chr9	106308505	106308506	+	0.000730831	Pvalue	6	A	TCAGA	ok	False
chr9	120789253	120789254	+	0.0157916	Pvalue	126	A	TAATT	ok	False
chr9	108213904	108213905	+	0.0398421	Pvalue	12	A	GTACA	ok	False
chr9	78385956	78385957	-	3.44139e-50	Pvalue	13059	T	GTTCT	ok	False
chr9	119959896	119959897	+	1.36071e-22	Pvalue	6310	A	GTACT	ok	False
chr9	120402845	120402846	+	0.00580416	Pvalue	1452	A	AGACT	ok	True
chr9	120402723	120402724	+	0.0451049	Pvalue	1306	A	AAATT	ok	False
chr10	79523804	79523805	+	0.000142648	Pvalue	560	A	CTACG	ok	False
chr10	79511562	79511563	+	0.027824	Pvalue	28	A	GGACA	ok	True
chr10	79892255	79892256	+	0.00414648	Pvalue	519	A	GAATA	ok	False
chr10	85774729	85774730	-	0.0441735	Pvalue	180	T	ATTTT	ok	False
chr10	111330051	111330052	+	0.0441582	Pvalue	186	A	ATACT	ok	False
chr10	128195888	128195889	+	0.000271282	Pvalue	68	A	GAAAC	ok	False
chr10	127924846	127924847	+	3.33273e-05	Pvalue	631	A	ACATC	ok	False
chr11	6306571	6306572	+	0.0289699	Pvalue	218	A	AAAAG	ok	False
chr11	23599017	23599018	-	0.0031299	Pvalue	57	T	AATAA	ok	False
chr11	22952255	22952256	+	0.0138056	Pvalue	372	A	CTACT	ok	False
chr11	69558918	69558919	-	0.00981023	Pvalue	392	T	CTTTT	ok	False
chr11	40641785	40641786	-	0.0059118	Pvalue	42	T	ATTTC	ok	False
chr11	93850006	93850007	-	0.0310117	Pvalue	163	T	TATCC	ok	False
chr11	97920234	97920235	+	0.0147633	Pvalue	1262	A	GTACT	ok	False
chr11	100211625	100211626	+	0.00107187	Pvalue	320	A	ATAAA	ok	False
chr11	93840825	93840826	-	6.46289e-06	Pvalue	2047	T	GATCT	ok	False
chr11	97601955	97601956	+	0.00192005	Pvalue	668	A	TCATT	ok	False
chr11	106153095	106153096	+	0.0218556	Pvalue	441	A	TCAAT	ok	False
chr11	115914144	115914145	-	0.00888318	Pvalue	428	T	ATTAT	ok	False
chr11	120469561	120469562	-	0.003623	Pvalue	166	T	GTTAA	ok	False
chr11	120237790	120237791	-	0.0105039	Pvalue	57	T	AATGG	ok	False
chr11	120379399	120379400	+	2.06804e-05	Pvalue	641	A	GGACC	ok	True
chr12	24761469	24761470	+	0.00169194	Pvalue	14	A	GAAAC	ok	False
chr12	66330272	66330273	-	0.00102437	Pvalue	144	T	CATTT	ok	False
chr12	66330165	66330166	-	0.000394271	Pvalue	146	T	TTTTC	ok	False
chr12	80681259	80681260	-	0.00392437	Pvalue	95	T	AGTCT	ok	True
chr12	70514162	70514163	+	0.0460652	Pvalue	41	A	AGACT	ok	True
chr13	30724739	30724740	-	0.00860149	Pvalue	145	T	ACTGG	ok	False
chr13	14795321	14795322	+	0.00662896	Pvalue	183	A	CCATT	ok	False
chr12	110657850	110657851	-	9.14235e-09	Pvalue	1850	T	AATTT	ok	False
chr13	86194799	86194800	-	0.0207127	Pvalue	265	T	GCTGC	ok	False
chr14	14303712	14303713	+	4.87471e-21	Pvalue	123	A	TAAGA	ok	False
chr13	97313055	97313056	-	0.00468494	Pvalue	86	T	AGTTA	ok	True
chr14	4201818	4201819	+	0.00496355	Pvalue	125	A	TCACT	ok	False
chr14	54851597	54851598	-	0.0136933	Pvalue	276	T	ATTAT	ok	False
chr14	54805065	54805066	-	0.0002335	Pvalue	73	T	TGTAG	ok	False
chr14	78063897	78063898	-	0.0469616	Pvalue	109	T	AGTAA	ok	False
chr14	73830161	73830162	+	0.00454256	Pvalue	41	A	AAATC	ok	False
chr14	121181748	121181749	+	0.0215242	Pvalue	19	A	GCACT	ok	False
chr15	51651355	51651356	-	0.0154132	Pvalue	194	T	TTTAG	ok	False
chr15	35935438	35935439	-	4.14395e-06	Pvalue	924	T	ATTCT	ok	False
chr15	76785374	76785375	+	0.00709858	Pvalue	55	A	GGACT	ok	True
chr15	36596271	36596272	-	0.000193212	Pvalue	286	T	TATTT	ok	False
chr15	79556433	79556434	+	0.0393412	Pvalue	61	A	TAACA	ok	True
chr15	75767406	75767407	-	0.0261135	Pvalue	2146	T	GATCT	ok	False
chr15	76788646	76788647	+	0.0310608	Pvalue	323	A	GTAAA	ok	False
chr15	78978403	78978404	+	0.0383453	Pvalue	692	A	TTAAT	ok	False
chr15	81835736	81835737	-	0.0340659	Pvalue	306	T	GCTGT	ok	False
chr15	102399143	102399144	+	0.0217139	Pvalue	87	A	AAATT	ok	False
chr15	98830056	98830057	-	0.0199624	Pvalue	341	T	AATTC	ok	False
chr15	98935560	98935561	+	0.0399705	Pvalue	261	A	CCATC	ok	False
chr16	22064785	22064786	-	0.0083471	Pvalue	288	T	CATAC	ok	False
chr16	29886302	29886303	+	0.000262856	Pvalue	22	A	GGACA	ok	True
chr16	87282553	87282554	-	0.000421302	Pvalue	471	T	ATTTT	ok	False
chr17	35821644	35821645	+	0.00355591	Pvalue	659	A	TAAAT	ok	False
chr17	45880186	45880187	-	0.0330149	Pvalue	121	T	CTTCT	ok	False
chr18	36927422	36927423	+	0.0396101	Pvalue	13	A	AGAGG	ok	False
chr18	35071419	35071420	-	0.000294316	Pvalue	194	T	CTTCC	ok	False
chr19	40538719	40538720	-	0.0443607	Pvalue	34	T	TTTAT	ok	False
chrx	105247153	105247154	+	1.03428e-05	Pvalue	290	A	GTAAA	ok	False
chr1	4916826	4916827	+	0.0233998	Pvalue	124	A	TTACT	ok	False
chr1	55130372	55130373	+	0.0157472	Pvalue	1738	A	TAATA	ok	False
chr1	90540527	90540528	+	0.00781456	Pvalue	45	A	AGACA	ok	True
chr1	160030734	160030735	-	0.0233107	Pvalue	321	T	TTTTA	ok	False
chr1	191645210	191645211	+	0.00351333	Pvalue	32	A	TTATG	ok	False
chr1	171291460	171291461	+	7.48811e-06	Pvalue	42	A	AGAGA	ok	False
chr2	71271706	71271707	+	0.0459073	Pvalue	286	A	AGATT	ok	False
chr2	132091423	132091424	-	6.6486e-05	Pvalue	169	T	TTTTA	ok	False
chr2	154714397	154714398	-	2.71261e-08	Pvalue	775	T	AGTCT	ok	True
chr3	36620728	36620729	-	0.0475116	Pvalue	40	T	CATGT	ok	False
chr3	90007736	90007737	+	0.030105	Pvalue	199	A	GAAAA	ok	False
chr3	121251184	121251185	+	0.00219381	Pvalue	115	A	GTACC	ok	False
chr4	42980365	42980366	-	0.0053588	Pvalue	618	T	TTTTT	ok	False
chr4	127219286	127219287	-	0.0479947	Pvalue	176	T	CATGG	ok	False
chr4	129409505	129409506	+	0.0010311	Pvalue	388	A	AAATG	ok	False
chr4	135778513	135778514	-	0.0157403	Pvalue	503	T	GCTTG	ok	False
chr4	137469234	137469235	-	0.000830506	Pvalue	306	T	TGTGT	ok	False
chr5	77063042	77063043	-	0.0416993	Pvalue	55	T	CATCT	ok	False
chr5	125532023	125532024	+	0.0218123	Pvalue	111	A	ACAAC	ok	False
chr5	129099846	129099847	+	0.00345688	Pvalue	812	A	AGACG	ok	False
chr5	140429099	140429100	+	0.00140309	Pvalue	1102	A	AAAAG	ok	False
chr6	11905202	11905203	-	0.00768142	Pvalue	344	T	CTTAT	ok	False
chr6	86501565	86501566	-	3.04762e-05	Pvalue	431	T	TATCG	ok	False
chr6	145165381	145165382	-	0.00657671	Pvalue	94	T	CGTAA	ok	False
chr6	113593372	113593373	+	0.0130399	Pvalue	289	A	TCAAA	ok	False
chr7	15651152	15651153	-	0.0170008	Pvalue	617	T	ACTTT	ok	False
chr7	12763818	12763819	+	0.000122311	Pvalue	208	A	CTATC	ok	False
chr7	27968343	27968344	+	0.0010495	Pvalue	26	A	GGACG	ok	False
chr7	12656300	12656301	+	0.00825033	Pvalue	570	A	CCAGT	ok	False
chr7	4797138	4797139	+	0.00328444	Pvalue	973	A	AGACA	ok	True
chr7	45111186	45111187	-	0.0419958	Pvalue	152	T	AATTA	ok	False
chr7	44775635	44775636	-	4.23523e-11	Pvalue	8215	T	CATGC	ok	False
chr7	46504993	46504994	+	5.17399e-05	Pvalue	1157	A	GCATA	ok	False
chr7	78425229	78425230	-	0.019167	Pvalue	317	T	AGTCC	ok	True
chr7	108539448	108539449	+	0.0303916	Pvalue	222	A	TCACA	ok	False
chr7	106809890	106809891	+	0.000419706	Pvalue	119	A	GGACT	ok	True
chr7	120258408	120258409	+	0.0246209	Pvalue	108	A	TCAAC	ok	False
chr7	130134276	130134277	-	0.0287185	Pvalue	198	T	CCTTT	ok	False
chr7	137069890	137069891	+	3.61921e-08	Pvalue	513	A	CAATA	ok	False
chr7	132159443	132159444	-	0.0263828	Pvalue	53	T	ATTCT	ok	False
chr8	43748234	43748235	-	7.63422e-07	Pvalue	168	T	AATTT	ok	False
chr8	70346970	70346971	-	7.13705e-31	Pvalue	556	T	TATGG	ok	False
chr8	27765369	27765370	+	0.000195528	Pvalue	559	A	TCACA	ok	False
chr8	46660509	46660510	-	7.78533e-05	Pvalue	487	T	ATTTT	ok	False
chr8	80410499	80410500	-	0.0167284	Pvalue	128	T	CTTCC	ok	False
chr8	112679317	112679318	+	0.0200618	Pvalue	114	A	GGAGG	ok	False
chr9	26917692	26917693	+	0.00938308	Pvalue	110	A	GTAAT	ok	False
chr9	54862021	54862022	+	0.000798694	Pvalue	15	A	CAACG	ok	False
chr9	40715821	40715822	+	0.00456608	Pvalue	2847	A	GGATG	ok	False
chr9	78115170	78115171	+	0.000742301	Pvalue	478	A	GGAAG	ok	False
chr9	98470236	98470237	+	0.0027314	Pvalue	204	A	CAAAT	ok	False
chr9	108778673	108778674	+	4.03999e-05	Pvalue	866	A	CAATA	ok	False
chr9	120789428	120789429	+	0.0220708	Pvalue	264	A	TAAAT	ok	False
chr10	61508174	61508175	+	0.0135869	Pvalue	113	A	CCACC	ok	False
chr10	79892268	79892269	+	0.00389602	Pvalue	474	A	AAATG	ok	False
chr10	81018296	81018297	+	2.48652e-07	Pvalue	2239	A	GAATC	ok	False
chr10	116887028	116887029	-	0.0177344	Pvalue	475	T	GCTAA	ok	False
chr10	127924917	127924918	+	1.49522e-05	Pvalue	882	A	ATACA	ok	False
chr11	4843634	4843635	+	0.00339863	Pvalue	84	A	AAAAT	ok	False
chr11	6369790	6369791	+	7.25317e-08	Pvalue	557	A	TTATG	ok	False
chr11	33106099	33106100	-	4.32749e-05	Pvalue	898	T	CTTGA	ok	False
chr11	53157942	53157943	-	0.0118213	Pvalue	16	T	GATGT	ok	False
chr11	55390778	55390779	+	0.00380835	Pvalue	249	A	TCACG	ok	False
chr11	68795218	68795219	+	0.0364982	Pvalue	3907	A	CAAGG	ok	False
chr11	62443579	62443580	+	0.000347218	Pvalue	513	A	GAAGA	ok	False
chr11	59102320	59102321	-	0.0144333	Pvalue	359	T	GTTGA	ok	False
chr11	73067299	73067300	-	0.0255256	Pvalue	99	T	AATAT	ok	False
chr11	98328689	98328690	-	0.00700853	Pvalue	126	T	GGTGA	ok	False
chr11	97518954	97518955	-	0.0122992	Pvalue	181	T	TGTCC	ok	True
chr11	97518531	97518532	-	0.000545429	Pvalue	2207	T	TCTGG	ok	False
chr11	97518236	97518237	-	2.97042e-07	Pvalue	3326	T	TTTAT	ok	False
chr11	98883972	98883973	-	0.0362234	Pvalue	257	T	CGTGA	ok	False
chr11	116741515	116741516	-	0.015135	Pvalue	68	T	AATGA	ok	False
chr11	116362029	116362030	-	0.0239832	Pvalue	233	T	TCTTA	ok	False
chr12	8547971	8547972	-	0.0330238	Pvalue	107	T	GCTAC	ok	False
chr11	120655103	120655104	+	0.0422223	Pvalue	193	A	CCACC	ok	False
chr12	17600884	17600885	+	0.0112966	Pvalue	334	A	GGAGA	ok	False
chr12	75678091	75678092	-	0.030691	Pvalue	1410	T	CATGT	ok	False
chr12	84803943	84803944	-	0.00971418	Pvalue	32	T	ATTCT	ok	False
chr12	71040334	71040335	+	0.000783104	Pvalue	34	A	AAATA	ok	False
chr13	33006464	33006465	+	0.0285474	Pvalue	44	A	TAAAA	ok	False
chr12	110657884	110657885	-	1.43987e-07	Pvalue	1364	T	GATGT	ok	False
chr14	14303699	14303700	+	0.0211201	Pvalue	123	A	TAACT	ok	True
chr14	4201696	4201697	+	0.0109825	Pvalue	244	A	CTAAT	ok	False
chr14	30735163	30735164	-	0.0197359	Pvalue	181	T	CCTGT	ok	False
chr14	76155148	76155149	-	0.00509392	Pvalue	14	T	GGTTT	ok	True
chr14	76084784	76084785	+	1.62294e-05	Pvalue	476	A	TTAGA	ok	False
chr15	34442830	34442831	-	0.0303987	Pvalue	274	T	TGTCT	ok	True
chr15	31592488	31592489	-	4.71422e-05	Pvalue	1097	T	TGTCT	ok	True
chr15	75942283	75942284	-	0.00620277	Pvalue	189	T	AGTCT	ok	True
chr15	36595936	36595937	-	4.67998e-08	Pvalue	923	T	ATTTT	ok	False
chr15	81925619	81925620	-	0.0224082	Pvalue	289	T	AATAC	ok	False
chr15	84098490	84098491	+	5.6453e-06	Pvalue	440	A	TAAAT	ok	False
chr15	81799236	81799237	+	2.09139e-06	Pvalue	182	A	CTACA	ok	False
chr16	31072933	31072934	-	0.0438644	Pvalue	44	T	ATTTT	ok	False
chr16	45973874	45973875	-	0.000723301	Pvalue	121	T	CATTC	ok	False
chr16	95923280	95923281	-	0.0275473	Pvalue	163	T	GATAT	ok	False
chr16	87282531	87282532	-	0.0309287	Pvalue	493	T	CTTCA	ok	False
chr17	28549881	28549882	+	0.0389501	Pvalue	192	A	TCAAT	ok	False
chr17	37321249	37321250	+	8.0723e-07	Pvalue	183	A	GGACT	ok	True
chr17	88298238	88298239	+	3.06003e-08	Pvalue	203	A	ACATT	ok	False
chr17	87741055	87741056	-	0.0104046	Pvalue	318	T	TTTTA	ok	False
chr18	35387820	35387821	+	0.00912032	Pvalue	302	A	TAAGA	ok	False
chr18	35071007	35071008	-	9.62097e-09	Pvalue	359	T	ACTCA	ok	False
chr19	8857747	8857748	-	0.0225127	Pvalue	124	T	AGTCC	ok	True
chr19	8955335	8955336	+	0.00957884	Pvalue	2274	A	TGAGT	ok	False
chr19	15882598	15882599	-	0.0172089	Pvalue	95	T	AGTGT	ok	False
chr19	45738709	45738710	-	0.010222	Pvalue	37	T	GTTTT	ok	False
chrx	72729866	72729867	-	0.0017199	Pvalue	124	T	AATAA	ok	False
chrx	105247297	105247298	+	0.00169083	Pvalue	264	A	TAAAA	ok	False
chrx	101230021	101230022	-	9.23218e-14	Pvalue	1920	T	AGTCA	ok	True
chr1	4846734	4846735	-	5.43046e-08	Pvalue	694	T	ATTTT	ok	False
chr1	87155763	87155764	+	0.0400195	Pvalue	330	A	TCACA	ok	False
chr1	72891608	72891609	+	0.0186459	Pvalue	435	A	TAAGA	ok	False
chr1	86281455	86281456	-	0.031154	Pvalue	65	T	CCTTT	ok	False
chr1	128259338	128259339	-	0.0211182	Pvalue	530	T	AGTTG	ok	False
chr2	10063828	10063829	-	0.00688283	Pvalue	791	T	GATTT	ok	False
chr1	180725723	180725724	+	0.0158861	Pvalue	19	A	ACATC	ok	False
chr2	38905298	38905299	+	0.0353146	Pvalue	57	A	TAAAT	ok	False
chr2	32854020	32854021	+	0.000263112	Pvalue	677	A	GAAAA	ok	False
chr2	84499688	84499689	-	0.00350252	Pvalue	478	T	CTTAA	ok	False
chr2	121268296	121268297	+	0.0241149	Pvalue	423	A	TTAGC	ok	False
chr2	132091418	132091419	-	0.00136399	Pvalue	170	T	TTTTA	ok	False
chr2	156715266	156715267	+	4.20357e-06	Pvalue	384	A	CGAGT	ok	False
chr2	154714558	154714559	-	1.52261e-19	Pvalue	766	T	TTTTA	ok	False
chr2	163466748	163466749	-	6.18286e-06	Pvalue	88	T	TATCT	ok	False
chr3	51314796	51314797	-	0.00493659	Pvalue	409	T	TTTAT	ok	False
chr3	63922903	63922904	+	0.00610416	Pvalue	195	A	AGAGA	ok	False
chr3	95569140	95569141	+	0.0150365	Pvalue	209	A	TAAAT	ok	False
chr3	88229058	88229059	+	2.60611e-27	Pvalue	1598	A	TAAAT	ok	False
chr3	130489785	130489786	-	8.03628e-15	Pvalue	361	T	GATGG	ok	False
chr3	137572364	137572365	+	0.0362442	Pvalue	580	A	CAACC	ok	False
chr4	40270828	40270829	-	0.0128187	Pvalue	147	T	AGTCT	ok	True
chr4	86773057	86773058	-	2.65895e-06	Pvalue	305	T	TTTAG	ok	False
chr4	116549064	116549065	+	0.00728388	Pvalue	96	A	TTAAG	ok	False
chr4	55390654	55390655	+	0.00802019	Pvalue	93	A	ACACA	ok	False
chr4	119135307	119135308	-	0.00259636	Pvalue	440	T	AATTT	ok	False
chr4	133260098	133260099	-	0.0363058	Pvalue	318	T	GCTGG	ok	False
chr4	150333308	150333309	+	3.10382e-07	Pvalue	1639	A	AAAAA	ok	False
chr4	155888375	155888376	+	1.42927e-05	Pvalue	32	A	AGACT	ok	True
chr5	52307682	52307683	-	0.0135478	Pvalue	99	T	CATAC	ok	False
chr5	77115328	77115329	+	0.0387696	Pvalue	353	A	AAAAT	ok	False
chr5	115483877	115483878	-	0.0113196	Pvalue	1112	T	GTTGC	ok	False
chr5	117420785	117420786	-	0.000203721	Pvalue	337	T	TTTGC	ok	False
chr5	115436589	115436590	-	0.000589709	Pvalue	468	T	TTTTA	ok	False
chr5	129874798	129874799	+	0.0078961	Pvalue	206	A	TAAAA	ok	False
chr5	115699228	115699229	+	0.000239165	Pvalue	1015	A	CTAGG	ok	False
chr5	145120592	145120593	-	2.2813e-21	Pvalue	1134	T	GGTCG	ok	False
chr5	116546777	116546778	-	0.0218554	Pvalue	137	T	AATAA	ok	False
chr6	39382846	39382847	-	0.0499617	Pvalue	214	T	GATCA	ok	False
chr6	51440016	51440017	-	0.000394271	Pvalue	80	T	CATTT	ok	False
chr6	82624836	82624837	-	0.0391889	Pvalue	108	T	AGTAA	ok	False
chr6	124787786	124787787	-	0.0103639	Pvalue	593	T	TGTAT	ok	False
chr6	122691571	122691572	+	0.00319083	Pvalue	443	A	ATAAA	ok	False
chr6	148256606	148256607	+	0.00513494	Pvalue	451	A	CCAAG	ok	False
chr6	87820398	87820399	-	0.0403201	Pvalue	595	T	ATTTA	ok	False
chr7	12764094	12764095	+	5.96458e-05	Pvalue	403	A	GCACT	ok	False
chr7	33884136	33884137	-	0.0270809	Pvalue	47	T	CTTGT	ok	False
chr7	44626198	44626199	-	5.97038e-05	Pvalue	393	T	ATTTA	ok	False
chr7	45733580	45733581	+	0.036676	Pvalue	161	A	GAAGG	ok	False
chr8	13225141	13225142	+	0.000509502	Pvalue	317	A	TTATT	ok	False
chr8	83490505	83490506	-	0.0437649	Pvalue	49	T	TATGG	ok	False
chr8	86265446	86265447	-	0.0240192	Pvalue	191	T	CTTTA	ok	False
chr8	112679125	112679126	+	0.00487376	Pvalue	358	A	ACAGA	ok	False
chr9	40715646	40715647	+	1.17013e-05	Pvalue	1871	A	TCACC	ok	False
chr9	61824623	61824624	-	0.0212844	Pvalue	50	T	TATAT	ok	False
chr9	114811749	114811750	-	0.00144837	Pvalue	897	T	GATGA	ok	False
chr10	41406160	41406161	+	0.0497506	Pvalue	5	A	CTAGA	ok	False
chr9	119959325	119959326	+	3.20174e-05	Pvalue	1899	A	TCAGC	ok	False
chr10	23661093	23661094	-	7.17902e-14	Pvalue	536	T	AATCA	ok	False
chr10	116886942	116886943	-	0.00273774	Pvalue	555	T	TATGA	ok	False
chr11	53153097	53153098	-	0.0226131	Pvalue	508	T	TTTTA	ok	False
chr11	55285893	55285894	-	0.00668822	Pvalue	102	T	CATGT	ok	False
chr11	55391545	55391546	+	0.00252922	Pvalue	424	A	TGAGT	ok	False
chr11	62443545	62443546	+	0.00429787	Pvalue	475	A	CCAGC	ok	False
chr11	88815296	88815297	-	0.0305076	Pvalue	32	T	TTTTA	ok	False
chr11	93840758	93840759	-	3.74831e-05	Pvalue	2233	T	ACTCG	ok	False
chr11	106153858	106153859	+	0.0004141	Pvalue	1221	A	AAAAC	ok	False
chr12	8547942	8547943	-	0.0107208	Pvalue	104	T	TGTTG	ok	False
chr12	24762734	24762735	+	0.0331989	Pvalue	73	A	AGATA	ok	False
chr12	28684208	28684209	-	0.0121667	Pvalue	239	T	CCTGA	ok	False
chr12	110657858	110657859	-	8.75259e-10	Pvalue	1835	T	CTTCC	ok	False
chr13	74471035	74471036	-	0.0382535	Pvalue	102	T	AGTCT	ok	True
chr14	73828490	73828491	+	0.0187088	Pvalue	15	A	TAAAA	ok	False
chr15	43113468	43113469	-	1.25362e-06	Pvalue	440	T	ATTTT	ok	False
chr15	76790078	76790079	+	3.84981e-12	Pvalue	4587	A	GAATT	ok	False
chr15	78978585	78978586	+	0.000201784	Pvalue	643	A	AAAGG	ok	False
chr15	98829457	98829458	-	1.43195e-19	Pvalue	2519	T	AATGG	ok	False
chr16	55787512	55787513	+	0.0299716	Pvalue	1143	A	GGAAA	ok	False
chr17	13142537	13142538	+	1.20201e-08	Pvalue	584	A	TCACA	ok	False
chr17	24939636	24939637	+	0.0146313	Pvalue	557	A	TAAAG	ok	False
chr17	66386544	66386545	-	0.0032512	Pvalue	405	T	AGTAA	ok	False
chr18	35939194	35939195	+	0.0378457	Pvalue	99	A	ATAAA	ok	False
chr18	75135881	75135882	+	4.47192e-05	Pvalue	735	A	AGATC	ok	False
chr19	32443584	32443585	-	0.00636215	Pvalue	1167	T	GATGT	ok	False
chr19	41906810	41906811	+	0.039838	Pvalue	73	A	AAAAG	ok	False
chrx	52110519	52110520	+	0.0223411	Pvalue	107	A	TAAAT	ok	False
chrx	105247202	105247203	+	0.0105482	Pvalue	267	A	TCACT	ok	False
chr1	4846750	4846751	-	2.70434e-07	Pvalue	695	T	TATTC	ok	False
chr1	84702129	84702130	-	0.00762839	Pvalue	363	T	ATTTA	ok	False
chr2	94242786	94242787	-	0.0210492	Pvalue	15	T	CTTGA	ok	False
chr2	157167708	157167709	+	0.0376795	Pvalue	368	A	TCATG	ok	False
chr3	86045879	86045880	-	3.53898e-13	Pvalue	2751	T	TTTCC	ok	False
chr3	122719353	122719354	+	1.37028e-12	Pvalue	228	A	GTAAC	ok	False
chr3	127330379	127330380	-	0.00275018	Pvalue	218	T	ATTTA	ok	False
chr4	89098161	89098162	+	0.00569121	Pvalue	21	A	AAAAT	ok	False
chr4	129609018	129609019	-	0.0394604	Pvalue	67	T	TTTAA	ok	False
chr4	148031486	148031487	+	0.0326525	Pvalue	66	A	GGACT	ok	True
chr4	137469226	137469227	-	0.0234781	Pvalue	165	T	AGTGT	ok	False
chr5	65547774	65547775	-	0.0349742	Pvalue	799	T	GGTCC	ok	True
chr5	122313203	122313204	+	0.0166684	Pvalue	75	A	TTATA	ok	False
chr5	121346856	121346857	+	2.81331e-22	Pvalue	4807	A	TTACA	ok	False
chr5	115700553	115700554	+	1.45808e-17	Pvalue	2544	A	CCATC	ok	False
chr6	7675285	7675286	-	0.000138034	Pvalue	596	T	ATTTA	ok	False
chr6	88860723	88860724	-	0.0459446	Pvalue	551	T	AGTCT	ok	True
chr6	146504037	146504038	-	0.00211781	Pvalue	15	T	TGTGA	ok	False
chr7	24584927	24584928	+	0.00406288	Pvalue	2130	A	AAACA	ok	True
chr7	28439222	28439223	-	0.000581397	Pvalue	399	T	ATTTG	ok	False
chr7	28051806	28051807	+	2.03801e-21	Pvalue	610	A	TCAAA	ok	False
chr7	37962293	37962294	-	0.0269572	Pvalue	112	T	TGTTC	ok	True
chr7	44775084	44775085	-	7.49419e-10	Pvalue	411	T	TGTGA	ok	False
chr7	45733590	45733591	+	0.0328426	Pvalue	120	A	TCAAC	ok	False
chr7	126856152	126856153	-	0.04254	Pvalue	539	T	ATTGA	ok	False
chr8	43748123	43748124	-	2.35604e-05	Pvalue	144	T	TATTT	ok	False
chr8	75854106	75854107	+	0.0463173	Pvalue	374	A	TCATA	ok	False
chr9	14421535	14421536	+	0.000978259	Pvalue	138	A	GTATA	ok	False
chr9	55131619	55131620	+	0.0178379	Pvalue	82	A	TCATA	ok	False
chr9	78274355	78274356	-	4.85354e-08	Pvalue	3366	T	TTTTT	ok	False
chr9	108442112	108442113	+	0.0445005	Pvalue	229	A	GTACT	ok	False
chr9	78386012	78386013	-	1.05069e-30	Pvalue	8861	T	AATAT	ok	False
chr10	69174424	69174425	-	0.000297992	Pvalue	184	T	TTTTC	ok	False
chr10	80228394	80228395	-	0.00613041	Pvalue	388	T	GTTTA	ok	False
chr10	128162127	128162128	+	0.00385306	Pvalue	133	A	TCAAG	ok	False
chr10	128195357	128195358	+	0.0389239	Pvalue	44	A	AGATG	ok	False
chr11	6369187	6369188	+	0.00596386	Pvalue	336	A	TCATC	ok	False
chr11	23243841	23243842	+	0.0368662	Pvalue	14	A	CAAAC	ok	False
chr11	55391246	55391247	+	0.0107563	Pvalue	286	A	CAAAA	ok	False
chr11	76877794	76877795	+	0.00892515	Pvalue	127	A	GTACG	ok	False
chr11	106672478	106672479	-	0.0387708	Pvalue	299	T	AGTAC	ok	False
chr11	120236623	120236624	-	2.05142e-07	Pvalue	2223	T	AGTAC	ok	False
chr12	24761473	24761474	+	0.00113988	Pvalue	14	A	CAATG	ok	False
chr12	28681752	28681753	-	0.020014	Pvalue	242	T	CGTGC	ok	False
chr13	30724710	30724711	-	0.0481737	Pvalue	161	T	CGTGT	ok	False
chr13	14800153	14800154	+	0.0314835	Pvalue	472	A	TCATA	ok	False
chr13	74555172	74555173	+	0.000386682	Pvalue	1556	A	CCAAC	ok	False
chr14	19862232	19862233	-	0.0177586	Pvalue	543	T	TTTTT	ok	False
chr14	26377802	26377803	+	0.0244208	Pvalue	108	A	TTATC	ok	False
chr14	65767919	65767920	-	0.0445527	Pvalue	155	T	TTTTC	ok	False
chr15	35937385	35937386	-	5.82951e-08	Pvalue	558	T	TCTGT	ok	False
chr15	36595937	36595938	-	8.14559e-05	Pvalue	919	T	TTTTA	ok	False
chr15	102231342	102231343	+	0.0300617	Pvalue	8	A	CCAAG	ok	False
chr17	24442221	24442222	-	0.0157725	Pvalue	125	T	TTTTT	ok	False
chr17	46554508	46554509	+	0.0437989	Pvalue	46	A	AAAAA	ok	False
chr19	8685390	8685391	-	0.0363846	Pvalue	106	T	GCTCC	ok	False
chrx	20481672	20481673	-	0.009899	Pvalue	155	T	GGTAA	ok	False
chrx	156229049	156229050	-	0.034318	Pvalue	18	T	CATGA	ok	False
chr1	63218795	63218796	+	0.00184799	Pvalue	2218	A	TAAAT	ok	False
chr1	120041049	120041050	-	0.0270649	Pvalue	328	T	TGTAG	ok	False
chr1	135679868	135679869	+	0.00353319	Pvalue	154	A	GGAAC	ok	False
chr1	133547900	133547901	-	0.0201976	Pvalue	17	T	GGTAC	ok	False
chr2	32853538	32853539	+	0.0108429	Pvalue	633	A	TGAGA	ok	False
chr2	104831692	104831693	-	6.14161e-07	Pvalue	335	T	TGTTT	ok	True
chr2	155989547	155989548	-	0.0271396	Pvalue	90	T	AATAA	ok	False
chr3	86046350	86046351	-	2.33605e-18	Pvalue	1939	T	TTTAT	ok	False
chr3	94792311	94792312	-	0.0486817	Pvalue	788	T	ACTGG	ok	False
chr3	122074415	122074416	+	0.0277184	Pvalue	43	A	AAAAG	ok	False
chr4	86774387	86774388	-	6.18775e-05	Pvalue	147	T	TCTTT	ok	False
chr4	126043497	126043498	+	0.0432267	Pvalue	39	A	GGACT	ok	True
chr4	129485864	129485865	-	0.00625522	Pvalue	539	T	ACTCA	ok	False
chr4	150981835	150981836	-	0.0148937	Pvalue	689	T	AATGG	ok	False
chr5	52307705	52307706	-	0.00240483	Pvalue	96	T	TTTAG	ok	False
chr5	117420842	117420843	-	0.0232926	Pvalue	344	T	TGTTC	ok	True
chr5	124688256	124688257	+	0.0190199	Pvalue	66	A	TTACC	ok	False
chr5	129101140	129101141	+	0.0313028	Pvalue	99	A	CAAAT	ok	False
chr5	142958465	142958466	+	0.00410609	Pvalue	574	A	TCATT	ok	False
chr5	149541172	149541173	-	0.0168868	Pvalue	20	T	AATTC	ok	False
chr6	122691576	122691577	+	0.0240969	Pvalue	564	A	ACACT	ok	False
chr6	117902442	117902443	+	0.00191398	Pvalue	541	A	TAATA	ok	False
chr7	4811056	4811057	-	0.00103268	Pvalue	236	T	GGTGC	ok	False
chr7	16061005	16061006	-	0.0274953	Pvalue	140	T	TTTAT	ok	False
chr7	44626932	44626933	-	0.00158493	Pvalue	317	T	GTTTT	ok	False
chr7	108533969	108533970	+	0.029482	Pvalue	36	A	CGAAC	ok	False
chr7	127592556	127592557	-	0.0299689	Pvalue	63	T	CTTCT	ok	False
chr7	137069671	137069672	+	2.75687e-07	Pvalue	494	A	AGACA	ok	True
chr7	143111459	143111460	-	0.005903	Pvalue	210	T	TTTAT	ok	False
chr8	79232293	79232294	-	0.0184482	Pvalue	129	T	CATAG	ok	False
chr8	96591343	96591344	-	0.0152599	Pvalue	24	T	GTTAA	ok	False
chr8	123831965	123831966	+	7.94156e-36	Pvalue	3583	A	AAATT	ok	False
chr9	57438990	57438991	+	0.00101356	Pvalue	613	A	TCATC	ok	False
chr9	57412724	57412725	+	0.043905	Pvalue	247	A	TGAAA	ok	False
chr9	65567765	65567766	+	0.0039444	Pvalue	366	A	GAAAC	ok	False
chr9	96353076	96353077	-	0.0153113	Pvalue	165	T	TTTTA	ok	False
chr9	78386753	78386754	-	1.10603e-11	Pvalue	1075	T	GGTAA	ok	False
chr10	69174341	69174342	-	0.00923071	Pvalue	214	T	AATCT	ok	False
chr10	88579770	88579771	+	0.0206153	Pvalue	64	A	CAACC	ok	False
chr10	116894090	116894091	-	0.0449152	Pvalue	8	T	TATCC	ok	False
chr11	6369187	6369188	+	8.53579e-05	Pvalue	336	A	TCATC	ok	False
chr11	54761194	54761195	+	0.048973	Pvalue	397	A	TAAAG	ok	False
chr11	33111602	33111603	-	0.0182139	Pvalue	80	T	AGTCT	ok	True
chr11	48696913	48696914	+	1.94178e-09	Pvalue	2596	A	GAAAC	ok	False
chr11	70834812	70834813	-	0.0445178	Pvalue	164	T	TTTTC	ok	False
chr11	101334390	101334391	+	0.0499312	Pvalue	136	A	CTATC	ok	False
chr11	115913944	115913945	-	0.00884657	Pvalue	640	T	CTTAA	ok	False
chr11	115913888	115913889	-	6.76765e-08	Pvalue	616	T	AGTCA	ok	True
chr11	120237479	120237480	-	0.00166434	Pvalue	146	T	GCTAG	ok	False
chr12	75677744	75677745	-	7.67407e-06	Pvalue	3346	T	ATTTA	ok	False
chr13	19050603	19050604	+	0.0435321	Pvalue	41	A	TTATT	ok	False
chr14	31902397	31902398	-	1.90016e-07	Pvalue	63	T	AGTCT	ok	True
chr15	34443201	34443202	-	1.65798e-06	Pvalue	165	T	CTTAG	ok	False
chr15	36771226	36771227	-	0.00117137	Pvalue	192	T	TGTGA	ok	False
chr15	76228855	76228856	+	0.0164329	Pvalue	19	A	CCACC	ok	False
chr15	78283771	78283772	-	0.0415488	Pvalue	52	T	ACTTT	ok	False
chr15	103207978	103207979	+	0.0028361	Pvalue	339	A	TCACA	ok	False
chr16	22065209	22065210	-	0.0466045	Pvalue	42	T	AGTAA	ok	False
chr17	13143226	13143227	+	0.0366422	Pvalue	1015	A	GAAGA	ok	False
chr17	37321359	37321360	+	0.0112313	Pvalue	214	A	AAATG	ok	False
chr17	65899334	65899335	-	0.0384938	Pvalue	8	T	AATCC	ok	False
chr17	88298153	88298154	+	0.00176708	Pvalue	335	A	GGAAG	ok	False
chr18	48181439	48181440	+	0.0104281	Pvalue	172	A	AGAAG	ok	False
chr18	80265442	80265443	+	0.0493435	Pvalue	237	A	TCAAC	ok	False
chr18	35072442	35072443	-	0.00180127	Pvalue	47	T	CATAT	ok	False
chrx	7534251	7534252	-	0.0471571	Pvalue	71	T	TATTT	ok	False
chrx	73315273	73315274	+	0.0350373	Pvalue	18	A	GTATT	ok	False
chrx	74153246	74153247	+	0.000512892	Pvalue	113	A	GAATT	ok	False
chr1	4846921	4846922	-	0.0166812	Pvalue	255	T	GGTTT	ok	True
chr1	4846671	4846672	-	2.01442e-05	Pvalue	692	T	ATTTA	ok	False
chr1	55129876	55129877	+	0.000111153	Pvalue	1381	A	GGAGA	ok	False
chr1	72891623	72891624	+	4.35373e-19	Pvalue	413	A	GAAAA	ok	False
chr1	134559413	134559414	+	0.0166145	Pvalue	83	A	GTACA	ok	False
chr2	32853828	32853829	+	0.0367682	Pvalue	696	A	ATAGA	ok	False
chr2	129053511	129053512	+	0.0181815	Pvalue	186	A	TAAAA	ok	False
chr2	153609194	153609195	+	0.0207017	Pvalue	57	A	GAATT	ok	False
chr3	86045878	86045879	-	5.91961e-25	Pvalue	2719	T	CTTTC	ok	False
chr3	121251382	121251383	+	0.0388393	Pvalue	333	A	ACACA	ok	False
chr3	137572535	137572536	+	0.00739978	Pvalue	596	A	ACATT	ok	False
chr4	46472335	46472336	+	0.0231972	Pvalue	580	A	CCAAG	ok	False
chr4	116556386	116556387	+	0.000315197	Pvalue	1014	A	AAACC	ok	True
chr4	129409608	129409609	+	0.00105027	Pvalue	456	A	AAACA	ok	True
chr4	135778589	135778590	-	2.53313e-06	Pvalue	470	T	TTTTT	ok	False
chr4	137469146	137469147	-	0.00997933	Pvalue	356	T	TCTCC	ok	False
chr5	31668555	31668556	+	0.0012688	Pvalue	212	A	GGACA	ok	True
chr5	134648926	134648927	-	0.0166457	Pvalue	569	T	CTTTG	ok	False
chr5	115699521	115699522	+	2.9671e-38	Pvalue	2089	A	TTATA	ok	False
chr5	134626703	134626704	+	0.00239145	Pvalue	154	A	GGAGA	ok	False
chr6	87976309	87976310	-	0.0162947	Pvalue	448	T	TCTGC	ok	False
chr6	131341923	131341924	-	0.0421181	Pvalue	675	T	AATAA	ok	False
chr6	72819561	72819562	-	0.00576724	Pvalue	38	T	ATTTC	ok	False
chr6	122705566	122705567	-	0.00122839	Pvalue	33	T	CATGC	ok	False
chr7	45370239	45370240	+	0.0255537	Pvalue	2163	A	AAAAA	ok	False
chr7	45108072	45108073	-	1.58433e-15	Pvalue	3198	T	TCTTG	ok	False
chr7	137069681	137069682	+	0.0049973	Pvalue	526	A	GAATT	ok	False
chr8	70960984	70960985	-	0.0354943	Pvalue	1414	T	TATTT	ok	False
chr8	46660607	46660608	-	0.0171116	Pvalue	473	T	TCTTT	ok	False
chr8	72048860	72048861	+	0.0208723	Pvalue	160	A	GCACT	ok	False
chr8	121400912	121400913	+	0.0291521	Pvalue	1236	A	CAATG	ok	False
chr9	40715877	40715878	+	0.00503082	Pvalue	3091	A	TCAAC	ok	False
chr9	44247193	44247194	+	0.0460575	Pvalue	385	A	CCAGC	ok	False
chr9	66854904	66854905	+	0.0176203	Pvalue	434	A	ACAGA	ok	False
chr9	64085579	64085580	+	7.25327e-129	Pvalue	3265	A	AGAAG	ok	False
chr9	108214277	108214278	+	0.00283562	Pvalue	89	A	TTAAC	ok	False
chr10	75772122	75772123	+	0.00358273	Pvalue	300	A	GCACC	ok	False
chr10	79892144	79892145	+	0.0224408	Pvalue	530	A	AAAAC	ok	False
chr10	81018170	81018171	+	9.20216e-07	Pvalue	2349	A	AAATA	ok	False
chr10	127922229	127922230	+	0.0129659	Pvalue	74	A	ACATG	ok	False
chr11	29495859	29495860	-	0.0106546	Pvalue	466	T	CTTTT	ok	False
chr11	53153772	53153773	-	0.0309918	Pvalue	176	T	AATTT	ok	False
chr11	69557936	69557937	-	3.86951e-06	Pvalue	1522	T	AATGA	ok	False
chr11	86580543	86580544	+	0.020495	Pvalue	35	A	AGACT	ok	True
chr11	97518865	97518866	-	0.0440021	Pvalue	370	T	TTTGA	ok	False
chr11	97518217	97518218	-	0.00663283	Pvalue	3153	T	TTTGG	ok	False
chr11	101169156	101169157	-	0.00140608	Pvalue	69	T	GGTCC	ok	True
chr11	102729328	102729329	-	0.0134683	Pvalue	348	T	ACTGT	ok	False
chr12	66330457	66330458	-	0.0455936	Pvalue	97	T	CATCT	ok	False
chr12	100086287	100086288	+	0.0356202	Pvalue	65	A	ACAAT	ok	False
chr13	14799956	14799957	+	0.0387412	Pvalue	532	A	ACAGA	ok	False
chr13	97267518	97267519	-	0.00831981	Pvalue	251	T	GTTTT	ok	False
chr14	4199758	4199759	+	0.00662729	Pvalue	79	A	AAATT	ok	False
chr14	63730291	63730292	-	0.0234334	Pvalue	485	T	TCTCC	ok	False
chr15	31592836	31592837	-	0.00754761	Pvalue	605	T	GCTGC	ok	False
chr15	36596239	36596240	-	0.0258252	Pvalue	331	T	TATTT	ok	False
chr15	85760694	85760695	+	0.0279542	Pvalue	106	A	TTAAA	ok	False
chr16	31073179	31073180	-	0.0240787	Pvalue	24	T	AATAA	ok	False
chr16	20482148	20482149	+	0.000627354	Pvalue	507	A	AAAGA	ok	False
chr17	29470458	29470459	-	0.00740118	Pvalue	48	T	AGTGC	ok	False
chr17	34067558	34067559	+	0.0416532	Pvalue	122	A	AGACT	ok	True
chr17	36144828	36144829	-	0.00065505	Pvalue	530	T	ATTTA	ok	False
chr17	47202351	47202352	+	0.0125719	Pvalue	24	A	AGATT	ok	False
chr18	6201024	6201025	-	0.0150921	Pvalue	101	T	CATTT	ok	False
chr18	77870515	77870516	+	0.0130597	Pvalue	758	A	CTATG	ok	False
chr19	41906761	41906762	+	0.0101007	Pvalue	43	A	TTACA	ok	False
chrx	36346335	36346336	-	0.0109236	Pvalue	889	T	TCTTG	ok	False
chrx	36062428	36062429	+	1.46579e-14	Pvalue	574	A	TAAAA	ok	False
chrx	105247123	105247124	+	1.41431e-06	Pvalue	288	A	TTATA	ok	False
chr1	4916907	4916908	+	0.0177922	Pvalue	130	A	TCATG	ok	False
chr1	37936817	37936818	+	0.0432005	Pvalue	106	A	CCAGA	ok	False
chr1	39410043	39410044	+	6.9879e-29	Pvalue	344	A	CCATA	ok	False
chr1	85836234	85836235	+	0.0100141	Pvalue	86	A	TTACT	ok	False
chr1	72891613	72891614	+	0.0210954	Pvalue	366	A	TTAAA	ok	False
chr1	86278673	86278674	-	0.0440295	Pvalue	1737	T	CTTTG	ok	False
chr1	133536639	133536640	-	0.000144311	Pvalue	372	T	AATAC	ok	False
chr2	31410425	31410426	+	0.000136288	Pvalue	182	A	AAATA	ok	False
chr2	121268406	121268407	+	1.05604e-09	Pvalue	426	A	TTATT	ok	False
chr2	163466596	163466597	-	0.0364982	Pvalue	67	T	TTTTA	ok	False
chr3	86045381	86045382	-	5.84807e-13	Pvalue	3076	T	GCTGC	ok	False
chr3	105875304	105875305	+	0.0180032	Pvalue	239	A	TTAAA	ok	False
chr4	40732881	40732882	+	0.00129157	Pvalue	191	A	TAATG	ok	False
chr4	86772943	86772944	-	1.48937e-20	Pvalue	306	T	TTTTT	ok	False
chr4	129410199	129410200	-	3.76463e-08	Pvalue	100	T	GTTTT	ok	False
chr5	29971841	29971842	+	0.0469712	Pvalue	92	A	AGAAA	ok	False
chr5	88807616	88807617	-	0.012302	Pvalue	113	T	TGTCC	ok	True
chr5	108052583	108052584	+	0.0316331	Pvalue	334	A	GTACC	ok	False
chr5	129875115	129875116	+	1.18862e-07	Pvalue	716	A	TAAAC	ok	False
chr5	142958697	142958698	+	0.00414708	Pvalue	1499	A	CCACG	ok	False
chr5	135815098	135815099	+	0.0492895	Pvalue	132	A	CCATC	ok	False
chr6	86501539	86501540	-	4.92616e-07	Pvalue	439	T	TATTA	ok	False
chr6	125121389	125121390	+	0.0305037	Pvalue	206	A	GGACT	ok	True
chr7	13045331	13045332	+	0.0242349	Pvalue	548	A	TAAAT	ok	False
chr7	45369887	45369888	+	0.00157665	Pvalue	2348	A	CCAGG	ok	False
chr7	83547474	83547475	+	0.000271379	Pvalue	11	A	TTATT	ok	False
chr7	97056988	97056989	+	0.00428757	Pvalue	165	A	TAAAA	ok	False
chr7	106809946	106809947	+	1.75515e-11	Pvalue	114	A	GGACT	ok	True
chr7	109655121	109655122	+	0.0168556	Pvalue	122	A	AAAAA	ok	False
chr8	43748428	43748429	-	0.0213073	Pvalue	23	T	TTTTG	ok	False
chr8	27765266	27765267	+	0.00687679	Pvalue	583	A	TCACT	ok	False
chr8	85698256	85698257	+	0.000692832	Pvalue	335	A	GGACG	ok	False
chr8	94905948	94905949	+	0.00647788	Pvalue	741	A	CAACT	ok	False
chr8	112679196	112679197	+	0.00758737	Pvalue	327	A	GTAAA	ok	False
chr8	117684445	117684446	+	0.00256055	Pvalue	13	A	AGACT	ok	True
chr9	44321341	44321342	+	0.00301868	Pvalue	2277	A	GCATG	ok	False
chr9	54865194	54865195	+	3.61233e-07	Pvalue	294	A	GGACA	ok	True
chr9	50255619	50255620	-	0.00246848	Pvalue	1013	T	CTTGT	ok	False
chr9	78274444	78274445	-	2.33335e-17	Pvalue	3487	T	AATCC	ok	False
chr9	64084676	64084677	+	1.23674e-10	Pvalue	903	A	GCATC	ok	False
chr10	29575042	29575043	-	0.000887455	Pvalue	1250	T	GATGA	ok	False
chr9	78386302	78386303	-	2.35705e-18	Pvalue	5161	T	AATGG	ok	False
chr10	75695691	75695692	-	1.90431e-09	Pvalue	749	T	TGTAC	ok	False
chr10	79524049	79524050	+	0.000278326	Pvalue	808	A	GGAGA	ok	False
chr10	81401992	81401993	+	0.0269821	Pvalue	317	A	TAAAA	ok	False
chr10	126903112	126903113	+	0.00324325	Pvalue	427	A	ATACT	ok	False
chr10	128198015	128198016	+	0.0347238	Pvalue	52	A	TCAAG	ok	False
chr11	31615202	31615203	-	0.0264411	Pvalue	130	T	ATTTA	ok	False
chr11	52013423	52013424	+	0.000735175	Pvalue	425	A	TAAAC	ok	False
chr11	51491883	51491884	-	2.43629e-07	Pvalue	1154	T	GGTGA	ok	False
chr11	69565107	69565108	-	0.0414349	Pvalue	29	T	AATAT	ok	False
chr11	74709173	74709174	+	0.0399327	Pvalue	55	A	ATATC	ok	False
chr11	97518277	97518278	-	0.0119516	Pvalue	3079	T	CCTTC	ok	False
chr11	115309319	115309320	-	0.0205257	Pvalue	174	T	GTTTA	ok	False
chr11	115914069	115914070	-	0.0212692	Pvalue	622	T	GGTCT	ok	True
chr11	120236575	120236576	-	5.77326e-05	Pvalue	2304	T	TCTCA	ok	False
chr12	55459077	55459078	+	0.0365897	Pvalue	324	A	CAAAC	ok	False
chr12	28681084	28681085	-	7.61746e-05	Pvalue	196	T	ACTAT	ok	False
chr13	19050866	19050867	+	0.0227274	Pvalue	85	A	TTAGC	ok	False
chr14	54605798	54605799	+	0.0409453	Pvalue	113	A	GCACA	ok	False
chr15	25363649	25363650	-	0.0490916	Pvalue	55	T	AATCT	ok	False
chr15	36596262	36596263	-	0.00156952	Pvalue	303	T	TTTTC	ok	False
chr15	85347193	85347194	+	0.0115252	Pvalue	133	A	TCACA	ok	False
chr16	4584093	4584094	+	0.0183786	Pvalue	186	A	CCAAT	ok	False
chr17	15696358	15696359	-	0.0245534	Pvalue	750	T	AGTAT	ok	False
chr16	87282530	87282531	-	0.0205848	Pvalue	478	T	ACTTC	ok	False
chr17	45879261	45879262	-	0.0198057	Pvalue	2038	T	GGTCC	ok	True
chr18	60907745	60907746	+	4.06653e-07	Pvalue	1000	A	GGAGA	ok	False
chr19	5543913	5543914	+	3.5566e-09	Pvalue	1877	A	AAATG	ok	False
chr19	10607041	10607042	+	2.0873e-06	Pvalue	722	A	TGAGT	ok	False
chrx	158165703	158165704	+	0.0167427	Pvalue	174	A	ATACA	ok	False
chr1	84702297	84702298	-	0.00359537	Pvalue	295	T	TTTTC	ok	False
chr10	29574963	29574964	-	0.00342672	Pvalue	2623	T	TCTCA	ok	False
chr9	78385741	78385742	-	1.32938e-80	Pvalue	11442	T	CATTA	ok	False
chr10	79523998	79523999	+	0.0175684	Pvalue	817	A	TGATC	ok	False
chr10	81017850	81017851	+	3.90857e-05	Pvalue	422	A	AGACG	ok	False
chr10	111332568	111332569	+	0.00386666	Pvalue	344	A	GTATT	ok	False
chr11	22953257	22953258	+	3.25411e-09	Pvalue	1591	A	ACATT	ok	False
chr11	65579354	65579355	-	0.000429366	Pvalue	59	T	AATAA	ok	False
chr11	70542971	70542972	-	0.00274993	Pvalue	695	T	GGTGA	ok	False
chr11	94547389	94547390	+	0.0205073	Pvalue	7	A	CTAAG	ok	False
chr11	97052567	97052568	-	0.00990867	Pvalue	337	T	CATTT	ok	False
chr11	107388611	107388612	+	0.0165074	Pvalue	207	A	AGACT	ok	True
chr12	66330431	66330432	-	0.000232582	Pvalue	103	T	AATTA	ok	False
chr12	85390002	85390003	-	0.00127906	Pvalue	23	T	AGTCC	ok	True
chr12	110657681	110657682	-	1.02701e-21	Pvalue	4773	T	TTTAA	ok	False
chr13	98447518	98447519	-	0.0201587	Pvalue	527	T	AGTAG	ok	False
chr14	30295457	30295458	+	0.000805106	Pvalue	546	A	TCACC	ok	False
chr14	31902407	31902408	-	0.0183434	Pvalue	68	T	TGTTC	ok	True
chr14	76085556	76085557	+	0.0157968	Pvalue	483	A	TCACC	ok	False
chr15	43113594	43113595	-	0.00578593	Pvalue	433	T	CTTTA	ok	False
chr15	81749617	81749618	-	0.000430184	Pvalue	339	T	CATTA	ok	False
chr15	85347124	85347125	+	0.0367699	Pvalue	127	A	GAATG	ok	False
chr15	98829324	98829325	-	0.00170064	Pvalue	2493	T	TTTAC	ok	False
chr16	56973006	56973007	+	0.0040298	Pvalue	72	A	AAATG	ok	False
chr17	24690566	24690567	+	0.0122847	Pvalue	348	A	GAATA	ok	False
chr16	90724365	90724366	-	0.0321321	Pvalue	18	T	CATGG	ok	False
chr17	36200488	36200489	+	7.45913e-05	Pvalue	145	A	AGAAA	ok	False
chr18	48181309	48181310	+	1.5552e-08	Pvalue	191	A	GAATC	ok	False
chr18	84999521	84999522	+	0.00105153	Pvalue	222	A	GGAGT	ok	False
chrx	36347700	36347701	-	0.0124593	Pvalue	733	T	TCTTG	ok	False
chrx	73315850	73315851	+	0.0463085	Pvalue	57	A	TCATA	ok	False
chrx	154109590	154109591	-	0.0125492	Pvalue	203	T	ACTGT	ok	False
chr1	55026566	55026567	-	0.0037971	Pvalue	88	T	TATGA	ok	False
chr1	133534287	133534288	-	0.0279741	Pvalue	424	T	TCTAA	ok	False
chr2	32597505	32597506	-	0.0375355	Pvalue	321	T	AATGT	ok	False
chr2	73740240	73740241	-	0.045337	Pvalue	221	T	ACTGA	ok	False
chr2	121268394	121268395	+	9.90693e-06	Pvalue	425	A	TGAGT	ok	False
chr2	156715070	156715071	+	2.20849e-07	Pvalue	177	A	CCAAT	ok	False
chr2	155405381	155405382	-	0.0236522	Pvalue	102	T	TTTTC	ok	False
chr3	95570376	95570377	+	0.00147054	Pvalue	212	A	ACACT	ok	False
chr3	131027625	131027626	-	0.00282229	Pvalue	13	T	AGTCA	ok	True
chr4	86773131	86773132	-	0.000222247	Pvalue	301	T	GTTGC	ok	False
chr4	55390600	55390601	+	0.0258719	Pvalue	94	A	TAAAA	ok	False
chr4	135778605	135778606	-	4.79098e-05	Pvalue	454	T	ACTCC	ok	False
chr4	137469390	137469391	-	0.0415596	Pvalue	251	T	AGTGT	ok	False
chr5	77114969	77114970	+	0.0120506	Pvalue	259	A	AAAAT	ok	False
chr5	115483738	115483739	-	0.00291621	Pvalue	1062	T	CATCT	ok	False
chr5	34510504	34510505	+	0.0318235	Pvalue	95	A	GTAAC	ok	False
chr5	129099923	129099924	+	9.56908e-05	Pvalue	894	A	ATAGG	ok	False
chr5	138176952	138176953	-	0.00714113	Pvalue	82	T	CTTTC	ok	False
chr6	115784024	115784025	-	1.55542e-06	Pvalue	4050	T	GCTTG	ok	False
chr6	85444674	85444675	+	0.0243306	Pvalue	352	A	CCAAG	ok	False
chr7	15851041	15851042	+	0.00589863	Pvalue	129	A	CCACT	ok	False
chr7	33901789	33901790	-	0.000988463	Pvalue	917	T	CATAT	ok	False
chr7	45733599	45733600	+	0.0003957	Pvalue	161	A	GGATG	ok	False
chr7	105392120	105392121	-	0.00422733	Pvalue	389	T	TATTA	ok	False
chr7	138484218	138484219	+	0.0454497	Pvalue	18	A	AGAAA	ok	False
chr8	46660518	46660519	-	0.000903752	Pvalue	552	T	TCTCA	ok	False
chr8	85561663	85561664	-	0.0309987	Pvalue	95	T	TTTCC	ok	False
chr8	117709305	117709306	-	0.015183	Pvalue	37	T	TTTAA	ok	False
chr9	40716486	40716487	+	0.000938906	Pvalue	5163	A	AAATT	ok	False
chr9	40716486	40716487	+	1.12807e-15	Pvalue	5163	A	AAATT	ok	False
chr9	107491346	107491347	-	0.0469358	Pvalue	690	T	ATTTT	ok	False
chr9	121678740	121678741	-	0.0488483	Pvalue	103	T	CATGG	ok	False
chr9	114204315	114204316	-	0.017295	Pvalue	171	T	CATGG	ok	False
chr9	119958291	119958292	+	0.00327047	Pvalue	720	A	CCATC	ok	False
chr10	23662931	23662932	-	1.28871e-19	Pvalue	348	T	AATCT	ok	False
chr10	82733264	82733265	+	0.00330128	Pvalue	217	A	GAAAC	ok	False
chr10	128393648	128393649	-	0.00864412	Pvalue	292	T	ATTTA	ok	False
chr11	6368293	6368294	+	0.0249415	Pvalue	160	A	TTATT	ok	False
chr11	22952916	22952917	+	1.39158e-27	Pvalue	1604	A	GAAAA	ok	False
chr11	55391013	55391014	+	0.0142651	Pvalue	153	A	CTAAG	ok	False
chr11	75656046	75656047	+	0.000269615	Pvalue	851	A	TAAAC	ok	False
chr11	97518226	97518227	-	1.0589e-05	Pvalue	3084	T	ATTTT	ok	False
chr11	102729415	102729416	-	0.000567973	Pvalue	364	T	TCTCA	ok	False
chr12	69229644	69229645	-	0.000860376	Pvalue	1932	T	GCTTG	ok	False
chr12	111636306	111636307	-	7.09437e-08	Pvalue	1454	T	CTTCT	ok	False
chr13	69782312	69782313	+	0.00747735	Pvalue	318	A	TAAAG	ok	False
chr14	47013353	47013354	-	0.000618389	Pvalue	123	T	TTTGT	ok	False
chr14	73600031	73600032	-	0.00213062	Pvalue	27	T	TTTTA	ok	False
chr14	76085544	76085545	+	3.06957e-05	Pvalue	491	A	AAATT	ok	False
chr15	25363419	25363420	-	0.0422325	Pvalue	67	T	ATTTC	ok	False
chr15	36596287	36596288	-	0.00135123	Pvalue	252	T	TGTTT	ok	True
chr15	76213380	76213381	+	0.0351648	Pvalue	120	A	CGAGG	ok	False
chr15	98935831	98935832	+	0.000318274	Pvalue	688	A	GGATT	ok	False
chr16	32877516	32877517	+	0.000135195	Pvalue	101	A	GAACA	ok	True
chr16	95922805	95922806	-	7.01652e-05	Pvalue	1321	T	ATTTT	ok	False
chr17	24047838	24047839	-	0.0154357	Pvalue	1152	T	TCTGG	ok	False
chr17	29260837	29260838	+	0.023743	Pvalue	544	A	TAAGG	ok	False
chr17	36146313	36146314	-	0.03049	Pvalue	640	T	CATGT	ok	False
chr17	53983494	53983495	-	0.0493979	Pvalue	6	T	AGTCC	ok	True
chr18	48181388	48181389	+	1.06041e-08	Pvalue	191	A	CCATC	ok	False
chr18	75136326	75136327	+	0.0022897	Pvalue	687	A	ATAAA	ok	False
chr19	5420246	5420247	+	0.019711	Pvalue	263	A	AAAGA	ok	False
chr19	8893993	8893994	+	0.0235805	Pvalue	204	A	TAAAA	ok	False
chrx	36062239	36062240	+	6.17282e-13	Pvalue	585	A	TAATA	ok	False
chrx	135147607	135147608	+	0.0218741	Pvalue	104	A	TAAGT	ok	False
chrx	101228651	101228652	-	9.73197e-09	Pvalue	4999	T	GTTTG	ok	False
chr1	72891357	72891358	+	1.19115e-06	Pvalue	415	A	GAACA	ok	True
chr1	160030917	160030918	-	0.0104854	Pvalue	227	T	TCTGG	ok	False
chr2	10060863	10060864	-	0.00608595	Pvalue	885	T	ATTGT	ok	False
chr2	38894746	38894747	-	1.06666e-08	Pvalue	1110	T	TCTTG	ok	False
chr2	104830072	104830073	-	0.021815	Pvalue	462	T	TATCT	ok	False
chr2	156715071	156715072	+	7.96387e-10	Pvalue	183	A	CAATT	ok	False
chr3	28861337	28861338	+	0.0410677	Pvalue	584	A	GTATT	ok	False
chr3	86046467	86046468	-	0.00046728	Pvalue	1404	T	GTTGT	ok	False
chr3	105875373	105875374	+	0.000143157	Pvalue	176	A	CTAAA	ok	False
chr3	137572398	137572399	+	2.5263e-07	Pvalue	557	A	TTAAG	ok	False
chr4	89098169	89098170	+	0.0207629	Pvalue	22	A	CAAAA	ok	False
chr4	128904922	128904923	+	0.02515	Pvalue	99	A	GAATT	ok	False
chr4	138039153	138039154	+	0.0429516	Pvalue	86	A	TGAGG	ok	False
chr5	33184935	33184936	+	4.00406e-05	Pvalue	105	A	GAATT	ok	False
chr5	45668498	45668499	+	0.00472639	Pvalue	138	A	GCATT	ok	False
chr5	34510495	34510496	+	0.0190046	Pvalue	97	A	GTAAA	ok	False
chr5	137757986	137757987	+	0.00338638	Pvalue	21	A	TAAAA	ok	False
chr5	146772428	146772429	+	0.0291767	Pvalue	782	A	CAAAG	ok	False
chr6	33950885	33950886	+	0.0232043	Pvalue	52	A	AAAAA	ok	False
chr6	122691267	122691268	+	0.00244874	Pvalue	367	A	GTATA	ok	False
chr7	18886474	18886475	+	0.000883274	Pvalue	916	A	GAAAT	ok	False
chr6	122705018	122705019	-	0.000587376	Pvalue	908	T	GATAT	ok	False
chr7	33901616	33901617	-	5.30641e-19	Pvalue	1147	T	TGTGA	ok	False
chr7	46473127	46473128	+	0.0181473	Pvalue	147	A	AAAAA	ok	False
chr7	126394798	126394799	-	0.0128329	Pvalue	983	T	GATGT	ok	False
chr7	126856146	126856147	-	2.2032e-08	Pvalue	456	T	CATTT	ok	False
chr8	26307400	26307401	-	0.0410399	Pvalue	193	T	TTTTA	ok	False
chr8	84972979	84972980	-	3.38374e-08	Pvalue	504	T	GATTA	ok	False
chr8	85700722	85700723	+	9.17968e-05	Pvalue	622	A	TAAAC	ok	False
chr8	112679123	112679124	+	0.0211019	Pvalue	318	A	ACACA	ok	False
chr8	127661489	127661490	-	0.00189349	Pvalue	54	T	ATTTA	ok	False
chr9	40716270	40716271	+	2.47736e-07	Pvalue	5287	A	GGAGA	ok	False
chr9	62699397	62699398	-	0.013592	Pvalue	72	T	ACTAT	ok	False
chr9	78113264	78113265	+	0.0132942	Pvalue	178	A	CAAGG	ok	False
chr9	89973814	89973815	-	0.0396892	Pvalue	22	T	CGTCT	ok	False
chr9	110769303	110769304	-	9.25912e-05	Pvalue	38	T	TCTCT	ok	False
chr9	78385767	78385768	-	1.31922e-17	Pvalue	12290	T	AATTC	ok	False
chr10	79892266	79892267	+	0.0299197	Pvalue	472	A	AGAAA	ok	False
chr10	86528045	86528046	-	0.00974898	Pvalue	290	T	CTTTC	ok	False
chr10	128384183	128384184	-	0.00112527	Pvalue	6003	T	AGTCC	ok	True
chr11	29496772	29496773	-	0.0403982	Pvalue	471	T	GCTGA	ok	False
chr11	52013135	52013136	+	0.0124166	Pvalue	189	A	TTAGC	ok	False
chr11	59708911	59708912	-	0.00330969	Pvalue	162	T	AGTCA	ok	True
chr11	69557791	69557792	-	0.00951565	Pvalue	1484	T	ATTTT	ok	False
chr11	75655917	75655918	+	0.0266515	Pvalue	220	A	CAATA	ok	False
chr11	97919282	97919283	+	0.00283562	Pvalue	1118	A	GCATA	ok	False
chr11	100212751	100212752	+	3.96608e-06	Pvalue	635	A	CAAAT	ok	False
chr11	97921285	97921286	+	1.18068e-12	Pvalue	1468	A	AAAAC	ok	False
chr11	116136021	116136022	-	0.0142188	Pvalue	178	T	TTTGG	ok	False
chr12	80684368	80684369	-	0.0289662	Pvalue	22	T	CATAC	ok	False
chr12	110657688	110657689	-	2.43887e-08	Pvalue	4008	T	TGTAA	ok	False
chr13	99551811	99551812	+	0.00198743	Pvalue	53	A	TGACC	ok	True
chr14	36842934	36842935	-	9.25892e-05	Pvalue	118	T	GATCT	ok	False
chr15	34443196	34443197	-	3.03963e-11	Pvalue	163	T	CCTGC	ok	False
chr15	51826291	51826292	-	0.0127317	Pvalue	80	T	AATTT	ok	False
chr15	81249268	81249269	-	0.025249	Pvalue	267	T	GTTTT	ok	False
chr15	102005260	102005261	+	0.000587376	Pvalue	235	A	GGAAG	ok	False
chr17	15696455	15696456	-	6.07706e-06	Pvalue	759	T	TTTTT	ok	False
chr17	27849401	27849402	-	0.0085564	Pvalue	3683	T	TTTCT	ok	False
chr18	9995698	9995699	-	0.0206507	Pvalue	183	T	GTTAC	ok	False
chr18	75135736	75135737	+	0.034978	Pvalue	666	A	TTAGA	ok	False
chrx	7534423	7534424	-	0.0363401	Pvalue	81	T	TTTTA	ok	False
chrx	36062444	36062445	+	8.56098e-21	Pvalue	532	A	TAAAA	ok	False
chrx	105247284	105247285	+	0.0186889	Pvalue	295	A	TAAAG	ok	False
chr1	36145413	36145414	+	0.0452503	Pvalue	134	A	GAATC	ok	False
chr1	72433125	72433126	+	0.0298432	Pvalue	72	A	TTAGT	ok	False
chr1	86458285	86458286	+	6.49958e-16	Pvalue	4098	A	CAAAG	ok	False
chr1	181730779	181730780	-	0.0207713	Pvalue	91	T	TATGG	ok	False
chr2	73738927	73738928	-	0.00108803	Pvalue	989	T	AGTAA	ok	False
chr2	104830096	104830097	-	8.10077e-06	Pvalue	462	T	TTTTC	ok	False
chr2	156714328	156714329	+	0.0406705	Pvalue	50	A	ATATG	ok	False
chr2	164410278	164410279	+	1.87641e-16	Pvalue	455	A	GAATG	ok	False
chr3	51316336	51316337	-	0.0197414	Pvalue	226	T	ACTAC	ok	False
chr3	86048681	86048682	-	1.52168e-10	Pvalue	590	T	GATCA	ok	False
chr3	90008182	90008183	+	0.0252457	Pvalue	815	A	GAAAT	ok	False
chr3	122719391	122719392	+	0.0124755	Pvalue	86	A	AAAAA	ok	False
chr3	89689908	89689909	+	1.47315e-05	Pvalue	79	A	AGACT	ok	True
chr4	99546774	99546775	+	0.00763325	Pvalue	11	A	CCAAA	ok	False
chr4	108195741	108195742	+	0.0035383	Pvalue	162	A	AAAAC	ok	False
chr4	129608721	129608722	-	0.00353227	Pvalue	153	T	TTTAG	ok	False
chr4	133019864	133019865	-	0.00264948	Pvalue	228	T	AGTAA	ok	False
chr5	77115327	77115328	+	0.000447551	Pvalue	347	A	GAAAA	ok	False
chr5	129874946	129874947	+	0.0218928	Pvalue	593	A	GAAAG	ok	False
chr6	7675439	7675440	-	0.0470118	Pvalue	491	T	GATCT	ok	False
chr6	117902453	117902454	+	0.00812899	Pvalue	547	A	GAATT	ok	False
chr6	131345377	131345378	-	0.00162946	Pvalue	91	T	GTTGA	ok	False
chr6	72819702	72819703	-	0.00584312	Pvalue	27	T	CATAT	ok	False
chr7	28439399	28439400	-	2.85812e-08	Pvalue	267	T	GATGC	ok	False
chr7	12656987	12656988	+	0.0208083	Pvalue	715	A	AGATC	ok	False
chr7	24589197	24589198	+	0.0182937	Pvalue	5036	A	AAAGG	ok	False
chr7	83547877	83547878	+	9.22747e-07	Pvalue	45	A	GGAAT	ok	False
chr7	126295434	126295435	+	0.0342187	Pvalue	656	A	CCACT	ok	False
chr7	137064695	137064696	+	0.0060596	Pvalue	167	A	CAAAA	ok	False
chr7	143111458	143111459	-	0.00510044	Pvalue	210	T	ATTTA	ok	False
chr8	79232162	79232163	-	7.60072e-17	Pvalue	279	T	AGTCT	ok	True
chr8	96590890	96590891	-	0.0122451	Pvalue	312	T	AGTAT	ok	False
chr8	127663850	127663851	-	0.0428646	Pvalue	72	T	GCTGT	ok	False
chr9	40716355	40716356	+	0.000353749	Pvalue	5305	A	GGAGG	ok	False
chr9	59586649	59586650	+	2.1536e-08	Pvalue	3221	A	GAAGC	ok	False
chr9	108776791	108776792	+	0.000599138	Pvalue	257	A	GTATC	ok	False
chr10	45751971	45751972	+	0.0170002	Pvalue	1109	A	CGAGC	ok	False
chr9	78385919	78385920	-	7.52792e-50	Pvalue	13152	T	TTTAC	ok	False
chr9	120403470	120403471	+	6.39408e-09	Pvalue	4313	A	AGAAT	ok	False
chr10	93425477	93425478	-	0.0321317	Pvalue	277	T	GCTGC	ok	False
chr10	81018308	81018309	+	6.37939e-10	Pvalue	2205	A	TAATA	ok	False
chr11	4651999	4652000	-	0.00081621	Pvalue	1715	T	GCTGA	ok	False
chr10	127926114	127926115	+	2.27396e-14	Pvalue	1605	A	TAAAG	ok	False
chr10	119038847	119038848	-	0.0406461	Pvalue	211	T	TGTGC	ok	False
chr11	51514025	51514026	+	0.019993	Pvalue	2072	A	GCACT	ok	False
chr11	55390952	55390953	+	0.0498318	Pvalue	240	A	CTAAC	ok	False
chr11	97052573	97052574	-	0.000414183	Pvalue	341	T	AATTT	ok	False
chr11	115913738	115913739	-	0.0258681	Pvalue	134	T	ATTAT	ok	False
chr12	8548048	8548049	-	0.0067551	Pvalue	74	T	TGTAA	ok	False
chr11	120451156	120451157	-	0.0257691	Pvalue	351	T	AATGT	ok	False
chr13	30724614	30724615	-	0.0117306	Pvalue	186	T	AATAT	ok	False
chr12	110660159	110660160	-	0.0409069	Pvalue	14	T	GATTA	ok	False
chr14	19862142	19862143	-	1.29312e-05	Pvalue	726	T	CCTCA	ok	False
chr14	30893360	30893361	-	0.0195333	Pvalue	50	T	AGTCT	ok	True
chr15	31592513	31592514	-	0.00553149	Pvalue	1029	T	TCTGA	ok	False
chr15	77844220	77844221	-	0.0406163	Pvalue	241	T	GTTGT	ok	False
chr15	81799266	81799267	+	0.0397795	Pvalue	149	A	TCACT	ok	False
chr16	95923086	95923087	-	2.39585e-15	Pvalue	698	T	CATTA	ok	False
chr17	24442249	24442250	-	0.0318323	Pvalue	123	T	GCTTC	ok	False
chr17	83809780	83809781	-	0.000568628	Pvalue	150	T	ACTCC	ok	False
chr18	35724316	35724317	+	0.00324421	Pvalue	171	A	TAATT	ok	False
chr18	77869053	77869054	+	0.00213234	Pvalue	394	A	GTACT	ok	False
chr19	9961996	9961997	+	0.0396407	Pvalue	398	A	GAATC	ok	False
chr19	6998211	6998212	-	3.84565e-05	Pvalue	288	T	ACTAT	ok	False
chrx	36062446	36062447	+	3.12894e-16	Pvalue	562	A	AAAAT	ok	False
chrx	158906851	158906852	-	0.0116098	Pvalue	95	T	TGTGA	ok	False
chr1	55117162	55117163	-	0.0370596	Pvalue	1208	T	TTTAA	ok	False
chr1	135237546	135237547	-	3.40327e-08	Pvalue	19	T	GATGC	ok	False
chr1	181959210	181959211	+	0.0485332	Pvalue	194	A	GAATA	ok	False
chr2	32852674	32852675	+	0.0479683	Pvalue	423	A	AGACA	ok	True
chr2	34666165	34666166	+	4.43296e-12	Pvalue	227	A	GGACT	ok	True
chr2	130121262	130121263	-	0.00886949	Pvalue	152	T	TTTTC	ok	False
chr2	164668777	164668778	+	0.04225	Pvalue	212	A	GAATG	ok	False
chr3	86048675	86048676	-	5.01074e-05	Pvalue	593	T	TCTGT	ok	False
chr3	95569230	95569231	+	1.62033e-06	Pvalue	210	A	AAATA	ok	False
chr3	94791985	94791986	-	0.0187699	Pvalue	913	T	GATCA	ok	False
chr4	45316810	45316811	-	0.0402692	Pvalue	48	T	ATTAA	ok	False
chr4	86774230	86774231	-	2.82455e-07	Pvalue	163	T	AGTCC	ok	True
chr4	116550923	116550924	+	0.0138618	Pvalue	298	A	TTATT	ok	False
chr4	149234606	149234607	-	0.000741951	Pvalue	245	T	TTTTA	ok	False
chr5	36952369	36952370	-	0.000241424	Pvalue	645	T	ACTAC	ok	False
chr5	92201591	92201592	-	0.0485794	Pvalue	84	T	ATTTT	ok	False
chr5	129874840	129874841	+	9.18772e-07	Pvalue	305	A	CAAAG	ok	False
chr5	146772780	146772781	+	0.0118229	Pvalue	771	A	AAAAT	ok	False
chr6	87820794	87820795	-	0.0181672	Pvalue	39	T	CTTTA	ok	False
chr6	85445181	85445182	+	1.84777e-10	Pvalue	1353	A	CTATC	ok	False
chr6	125139196	125139197	-	0.00278351	Pvalue	35	T	GTTGT	ok	False
chr6	127064981	127064982	-	0.0441367	Pvalue	32	T	TGTCT	ok	True
chr7	33901947	33901948	-	0.00839994	Pvalue	434	T	TCTTG	ok	False
chr7	46504967	46504968	+	0.000111266	Pvalue	1286	A	GCAAT	ok	False
chr7	99128614	99128615	-	8.18963e-10	Pvalue	2216	T	CTTGG	ok	False
chr7	114304735	114304736	-	0.0300492	Pvalue	1142	T	TGTTT	ok	True
chr7	120675832	120675833	+	0.0431914	Pvalue	28	A	ATACT	ok	False
chr7	137066154	137066155	+	0.000495072	Pvalue	285	A	GGATT	ok	False
chr8	3729533	3729534	+	0.00038955	Pvalue	85	A	TCATG	ok	False
chr7	138493405	138493406	-	0.014924	Pvalue	7	T	ATTTA	ok	False
chr8	71348595	71348596	-	0.011524	Pvalue	1584	T	CCTGT	ok	False
chr8	87774729	87774730	+	9.59505e-13	Pvalue	3392	A	ATACT	ok	False
chr8	125566114	125566115	-	0.0451912	Pvalue	217	T	TTTTT	ok	False
chr9	44315131	44315132	-	0.00036679	Pvalue	60	T	TGTAA	ok	False
chr9	44247214	44247215	+	0.0403642	Pvalue	377	A	AAACA	ok	True
chr9	59586284	59586285	+	1.16982e-07	Pvalue	1685	A	TTATT	ok	False
chr9	108778672	108778673	+	0.0115501	Pvalue	855	A	CCAAT	ok	False
chr9	119959337	119959338	+	0.00593628	Pvalue	2033	A	AGAGG	ok	False
chr10	80664886	80664887	+	0.00189874	Pvalue	346	A	ACATG	ok	False
chr10	81018206	81018207	+	9.32081e-15	Pvalue	2239	A	CAAGT	ok	False
chr10	111333509	111333510	+	0.0275054	Pvalue	36	A	AAATT	ok	False
chr11	23244668	23244669	+	0.0356533	Pvalue	155	A	TAAGG	ok	False
chr11	48695117	48695118	+	7.44304e-16	Pvalue	4239	A	AGATC	ok	False
chr11	58823389	58823390	-	0.0151351	Pvalue	212	T	GGTGA	ok	False
chr11	93850129	93850130	-	0.0153666	Pvalue	1067	T	CTTCC	ok	False
chr11	97518342	97518343	-	0.0003419	Pvalue	3047	T	TGTGA	ok	False
chr11	98586790	98586791	+	0.00897899	Pvalue	421	A	TAAAA	ok	False
chr11	115381354	115381355	-	0.0320127	Pvalue	101	T	AGTCT	ok	True
chr11	102294483	102294484	-	0.00248082	Pvalue	303	T	GATTC	ok	False
chr12	69229882	69229883	-	2.78207e-09	Pvalue	873	T	AGTCC	ok	True
chr13	3615489	3615490	+	0.00410042	Pvalue	426	A	CTAAA	ok	False
chr12	110659282	110659283	-	0.0447549	Pvalue	58	T	GTTAG	ok	False
chr13	91071842	91071843	+	0.0125893	Pvalue	184	A	CAAAG	ok	False
chr14	30893360	30893361	-	0.0147528	Pvalue	50	T	AGTCT	ok	True
chr14	76084206	76084207	+	0.00283588	Pvalue	371	A	TTAAG	ok	False
chr15	43114912	43114913	-	0.00139884	Pvalue	409	T	TATTC	ok	False
chr15	79961998	79961999	-	1.40167e-05	Pvalue	1140	T	AGTAG	ok	False
chr15	77799455	77799456	-	0.00702407	Pvalue	181	T	AATTA	ok	False
chr15	81799063	81799064	+	0.0094425	Pvalue	172	A	GCATG	ok	False
chr16	38345655	38345656	-	0.0201026	Pvalue	103	T	CTTTT	ok	False
chr17	29260851	29260852	+	0.0432963	Pvalue	510	A	ACACT	ok	False
chr17	47997691	47997692	-	0.0160613	Pvalue	1127	T	TCTTT	ok	False
chr17	48726347	48726348	-	0.00670635	Pvalue	21	T	GGTCT	ok	True
chr18	46742085	46742086	+	0.00862205	Pvalue	224	A	TTACT	ok	False
chr18	60910119	60910120	+	0.00366174	Pvalue	3670	A	GCATC	ok	False
chr19	5420253	5420254	+	0.0461375	Pvalue	248	A	TAAAC	ok	False
chr19	9962003	9962004	+	0.0499444	Pvalue	308	A	TCACT	ok	False
chr19	6112429	6112430	+	0.0494482	Pvalue	83	A	GGACT	ok	True
chr19	41906335	41906336	+	0.00186889	Pvalue	15	A	AGATG	ok	False
chrx	36062189	36062190	+	6.9343e-05	Pvalue	445	A	ATACA	ok	False
chrx	72729979	72729980	-	0.0253694	Pvalue	127	T	AATCA	ok	False
chrx	133487285	133487286	+	0.0113972	Pvalue	934	A	AGAGT	ok	False
chrx	154106938	154106939	-	0.0232175	Pvalue	194	T	TATTG	ok	False
chr1	59748287	59748288	+	0.0040177	Pvalue	77	A	AAAAT	ok	False
chr1	72891443	72891444	+	2.76428e-05	Pvalue	430	A	CCAAC	ok	False
chr1	86280282	86280283	-	0.0407361	Pvalue	248	T	TCTCA	ok	False
chr1	133536636	133536637	-	0.00608567	Pvalue	368	T	AATAA	ok	False
chr2	25452034	25452035	+	0.0472168	Pvalue	541	A	TTAGG	ok	False
chr1	182103645	182103646	-	1.76984e-06	Pvalue	233	T	AATCT	ok	False
chr2	75021748	75021749	-	0.0479987	Pvalue	531	T	TCTAC	ok	False
chr2	32170738	32170739	-	0.0234089	Pvalue	90	T	CATCT	ok	False
chr2	34666338	34666339	+	1.40989e-07	Pvalue	395	A	TAAAA	ok	False
chr2	83494781	83494782	+	0.00253247	Pvalue	134	A	GTACT	ok	False
chr2	130121202	130121203	+	0.00111752	Pvalue	620	A	AAAAC	ok	False
chr2	179678186	179678187	-	0.0176152	Pvalue	499	T	TATTG	ok	False
chr3	95230622	95230623	+	0.035884	Pvalue	30	A	ACATG	ok	False
chr3	130490018	130490019	-	5.8925e-07	Pvalue	98	T	TCTTT	ok	False
chr3	122078815	122078816	+	0.00272334	Pvalue	136	A	CTATA	ok	False
chr4	3834487	3834488	-	1.09866e-36	Pvalue	5465	T	ATTTA	ok	False
chr4	40732150	40732151	+	0.0359052	Pvalue	170	A	AAAGG	ok	False
chr4	129112925	129112926	+	0.00427882	Pvalue	220	A	GGACT	ok	True
chr4	149828946	149828947	-	0.0295612	Pvalue	11	T	GATTT	ok	False
chr5	21962079	21962080	+	0.00287429	Pvalue	137	A	TAAAA	ok	False
chr5	117420909	117420910	-	0.00262141	Pvalue	343	T	AGTCT	ok	True
chr5	121346555	121346556	+	8.85327e-11	Pvalue	4629	A	ACACC	ok	False
chr5	115701438	115701439	+	1.22673e-36	Pvalue	3654	A	CAAAG	ok	False
chr6	8256110	8256111	-	0.0204729	Pvalue	42	T	TCTTC	ok	False
chr6	34281006	34281007	-	0.0291213	Pvalue	270	T	TGTTA	ok	True
chr6	91441362	91441363	-	0.043919	Pvalue	375	T	AGTGA	ok	False
chr6	131342093	131342094	-	0.000222116	Pvalue	460	T	AGTAA	ok	False
chr7	3709878	3709879	+	0.0325932	Pvalue	3616	A	AAAAA	ok	False
chr7	12764292	12764293	+	0.00030575	Pvalue	516	A	ACATT	ok	False
chr7	33901557	33901558	-	0.00497616	Pvalue	323	T	AGTAA	ok	False
chr7	97056987	97056988	+	0.00239733	Pvalue	150	A	TTAAA	ok	False
chr7	45107374	45107375	-	1.09941e-28	Pvalue	6732	T	TCTCA	ok	False
chr7	110671341	110671342	-	0.000115767	Pvalue	575	T	TGTTT	ok	True
chr8	71152760	71152761	+	0.00282057	Pvalue	120	A	CTAGC	ok	False
chr8	83490800	83490801	-	0.00847333	Pvalue	26	T	CATCT	ok	False
chr8	96590781	96590782	-	2.34406e-06	Pvalue	322	T	TATTG	ok	False
chr8	107396860	107396861	+	0.00302384	Pvalue	233	A	AAAGA	ok	False
chr9	50255678	50255679	-	0.000796176	Pvalue	1005	T	GCTTC	ok	False
chr9	64085230	64085231	+	3.99611e-08	Pvalue	2516	A	GAATC	ok	False
chr10	4405062	4405063	+	0.00401703	Pvalue	44	A	GTACT	ok	False
chr9	119960591	119960592	+	2.14878e-32	Pvalue	10970	A	AAAAA	ok	False
chr10	79892259	79892260	+	4.05165e-05	Pvalue	514	A	AAAAT	ok	False
chr10	81018076	81018077	+	0.00466664	Pvalue	1753	A	GAATC	ok	False
chr10	111332559	111332560	+	0.00110598	Pvalue	342	A	GTATT	ok	False
chr11	21270327	21270328	+	0.00981939	Pvalue	44	A	GAAAT	ok	False
chr11	55391359	55391360	+	0.00236067	Pvalue	215	A	AGAAT	ok	False
chr11	78432377	78432378	+	0.0401158	Pvalue	87	A	TGATG	ok	False
chr11	101169074	101169075	-	1.66486e-09	Pvalue	141	T	AGTCC	ok	True
chr11	106672544	106672545	-	0.00183888	Pvalue	339	T	AGTGC	ok	False
chr11	120237310	120237311	-	0.0390542	Pvalue	258	T	AATGG	ok	False
chr12	86567676	86567677	+	0.0483426	Pvalue	15	A	AGACA	ok	True
chr12	110657519	110657520	-	0.00053838	Pvalue	5184	T	ATTTC	ok	False
chr13	86193009	86193010	-	1.91891e-08	Pvalue	327	T	TCTCT	ok	False
chr14	19862155	19862156	-	2.35015e-05	Pvalue	728	T	TCTCC	ok	False
chr14	24543535	24543536	+	0.00898489	Pvalue	7149	A	GAAGG	ok	False
chr14	34066224	34066225	+	0.00568268	Pvalue	46	A	CAACC	ok	False
chr15	38692150	38692151	+	0.0432005	Pvalue	6	A	TGAAA	ok	False
chr15	36596143	36596144	-	0.000421871	Pvalue	757	T	GTTGT	ok	False
chr15	103153258	103153259	+	0.0439842	Pvalue	221	A	AAAAT	ok	False
chr16	18691009	18691010	-	0.0165642	Pvalue	191	T	TGTCT	ok	True
chr16	55791792	55791793	+	0.00340118	Pvalue	962	A	TAACT	ok	True
chr17	15697612	15697613	-	0.0459898	Pvalue	690	T	GCTGA	ok	False
chr17	13143298	13143299	+	0.000669367	Pvalue	1039	A	AGAAA	ok	False
chr17	27849399	27849400	-	2.06118e-06	Pvalue	3298	T	TTTTT	ok	False
chr17	35472644	35472645	+	0.0499373	Pvalue	541	A	CAAAA	ok	False
chr18	6789552	6789553	+	0.0244482	Pvalue	40	A	CAAAA	ok	False
chr18	60705717	60705718	+	0.0491518	Pvalue	133	A	TTAAC	ok	False
chr18	75136337	75136338	+	0.00490931	Pvalue	735	A	TAAAG	ok	False
chr19	8954719	8954720	+	1.19992e-10	Pvalue	782	A	CAATG	ok	False
chrx	36062332	36062333	+	0.0247446	Pvalue	578	A	TAATA	ok	False
chrx	135172625	135172626	+	0.026507	Pvalue	378	A	TTAGC	ok	False
chrx	158905327	158905328	-	0.00192237	Pvalue	273	T	TATAC	ok	False
chr1	4846727	4846728	-	0.0170428	Pvalue	698	T	TTTTA	ok	False
chr1	72891319	72891320	+	9.89751e-06	Pvalue	381	A	GTAAA	ok	False
chr1	86279978	86279979	-	0.0403835	Pvalue	517	T	TTTTA	ok	False
chr1	128259424	128259425	-	0.0329276	Pvalue	552	T	CTTTT	ok	False
chr2	25597473	25597474	+	0.000346205	Pvalue	17	A	GGACT	ok	True
chr2	31410486	31410487	+	0.0320569	Pvalue	187	A	TTAAT	ok	False
chr2	121264521	121264522	+	0.0364274	Pvalue	18	A	GAAGA	ok	False
chr2	154714617	154714618	-	0.00517645	Pvalue	638	T	TTTTG	ok	False
chr2	157167792	157167793	+	0.00440316	Pvalue	331	A	ACATG	ok	False
chr3	105875300	105875301	+	0.0114597	Pvalue	248	A	CCACT	ok	False
chr3	122070017	122070018	+	0.0319077	Pvalue	7	A	TGACA	ok	True
chr4	42980550	42980551	-	0.00100807	Pvalue	528	T	CATTG	ok	False
chr4	86772938	86772939	-	7.08107e-16	Pvalue	306	T	ACTCA	ok	False
chr4	55390952	55390953	+	0.0442966	Pvalue	69	A	AAATT	ok	False
chr5	33184851	33184852	+	0.01701	Pvalue	69	A	GAATT	ok	False
chr5	65548324	65548325	-	9.4125e-12	Pvalue	278	T	AATGG	ok	False
chr5	108051184	108051185	+	0.0238923	Pvalue	136	A	GCACA	ok	False
chr5	129100136	129100137	+	0.000454374	Pvalue	1686	A	CCATC	ok	False
chr5	115698919	115698920	+	0.000166141	Pvalue	353	A	ACACC	ok	False
chr6	85445306	85445307	+	1.12089e-14	Pvalue	1342	A	AGAAG	ok	False
chr6	122704872	122704873	-	2.40489e-06	Pvalue	880	T	AATGT	ok	False
chr7	44775369	44775370	-	0.0480564	Pvalue	9419	T	GTTCA	ok	False
chr7	45475060	45475061	-	0.000389983	Pvalue	107	T	AGTCC	ok	True
chr7	83548194	83548195	+	0.000364465	Pvalue	179	A	GAACT	ok	True
chr7	108540892	108540893	+	4.35147e-11	Pvalue	1389	A	TAAAT	ok	False
chr7	130135329	130135330	-	0.0082167	Pvalue	219	T	ACTGA	ok	False
chr7	140982221	140982222	+	0.0458145	Pvalue	1089	A	TAAAG	ok	False
chr8	43748235	43748236	-	8.64422e-05	Pvalue	171	T	ATTTA	ok	False
chr8	71152784	71152785	+	1.54286e-21	Pvalue	142	A	GGACT	ok	True
chr8	46660621	46660622	-	0.0254021	Pvalue	515	T	CCTCC	ok	False
chr8	79232233	79232234	-	0.00278099	Pvalue	212	T	TCTTG	ok	False
chr8	112679483	112679484	+	0.00378692	Pvalue	137	A	TAATC	ok	False
chr9	20805650	20805651	-	0.0461067	Pvalue	543	T	TTTGG	ok	False
chr9	79663585	79663586	-	4.3241e-33	Pvalue	352	T	TCTGT	ok	False
chr9	57411939	57411940	+	0.0400961	Pvalue	7	A	CAAAG	ok	False
chr9	108442202	108442203	+	0.00526038	Pvalue	234	A	ATACT	ok	False
chr9	78386742	78386743	-	9.89751e-05	Pvalue	1113	T	ACTGG	ok	False
chr10	75695204	75695205	-	7.36023e-20	Pvalue	1601	T	ATTTA	ok	False
chr10	79871817	79871818	-	0.000730398	Pvalue	862	T	AGTCC	ok	True
chr10	90952671	90952672	-	0.000748119	Pvalue	776	T	TATTT	ok	False
chr10	116889003	116889004	-	0.00230684	Pvalue	396	T	ACTTG	ok	False
chr11	6369646	6369647	+	0.0277297	Pvalue	563	A	CCATT	ok	False
chr11	22953139	22953140	+	1.94901e-09	Pvalue	1623	A	TAAAT	ok	False
chr11	55391007	55391008	+	0.00044105	Pvalue	153	A	ACAAC	ok	False
chr11	94535689	94535690	+	0.0136302	Pvalue	70	A	AAACT	ok	True
chr11	100367200	100367201	-	0.00222729	Pvalue	492	T	ATTTA	ok	False
chr12	66330418	66330419	-	0.000651817	Pvalue	107	T	AGTCA	ok	True
chr12	4876882	4876883	+	0.0415723	Pvalue	128	A	TTACA	ok	False
chr13	14799826	14799827	+	0.0354442	Pvalue	491	A	ACAGC	ok	False
chr13	97267639	97267640	-	0.0227374	Pvalue	249	T	AGTGG	ok	False
chr14	4201769	4201770	+	1.06898e-06	Pvalue	246	A	AGACT	ok	True
chr14	34066121	34066122	+	0.0373746	Pvalue	94	A	AAATA	ok	False
chr15	34443190	34443191	-	0.00134253	Pvalue	171	T	CATCT	ok	False
chr15	36771130	36771131	-	0.0113479	Pvalue	246	T	CTTGT	ok	False
chr15	77843804	77843805	-	0.0026038	Pvalue	679	T	CTTGT	ok	False
chr15	81799281	81799282	+	1.43372e-05	Pvalue	206	A	GGATT	ok	False
chr17	24690543	24690544	+	0.00912358	Pvalue	357	A	AGATC	ok	False
chr17	24046469	24046470	-	0.0338646	Pvalue	1443	T	GCTGG	ok	False
chr17	87342725	87342726	+	0.00811559	Pvalue	63	A	TAATG	ok	False
chr18	48181111	48181112	+	0.0316189	Pvalue	125	A	GAACC	ok	True
chr18	60910149	60910150	+	3.52948e-06	Pvalue	3553	A	CCACA	ok	False
chr19	5543830	5543831	+	1.77965e-06	Pvalue	1778	A	CTACT	ok	False
chr19	10607166	10607167	+	0.0113196	Pvalue	721	A	TAAAG	ok	False
chr1	4846733	4846734	-	4.44174e-06	Pvalue	665	T	AATTT	ok	False
chr1	59748286	59748287	+	0.0007242	Pvalue	74	A	TAAAA	ok	False
chr1	92392083	92392084	-	0.034398	Pvalue	12	T	CATCT	ok	False
chr1	86458338	86458339	+	3.353e-18	Pvalue	3748	A	TTATT	ok	False
chr1	160030537	160030538	-	0.0380044	Pvalue	216	T	GTTTT	ok	False
chr1	182103827	182103828	-	0.00416879	Pvalue	119	T	AATAC	ok	False
chr2	104830635	104830636	-	0.0228369	Pvalue	438	T	TTTAG	ok	False
chr2	143784981	143784982	+	0.0289108	Pvalue	172	A	TAAAA	ok	False
chr2	155092169	155092170	+	0.0130935	Pvalue	180	A	TTAAA	ok	False
chr2	166788086	166788087	+	0.0098763	Pvalue	151	A	TAAAC	ok	False
chr3	88227988	88227989	+	0.00722161	Pvalue	781	A	CCATT	ok	False
chr3	137572399	137572400	+	1.87475e-07	Pvalue	600	A	TAAGT	ok	False
chr4	118994508	118994509	+	0.000125529	Pvalue	161	A	TAAAT	ok	False
chr4	129409504	129409505	+	4.59382e-09	Pvalue	388	A	TAAAT	ok	False
chr4	149234545	149234546	-	0.0225797	Pvalue	241	T	CCTCT	ok	False
chr5	33405086	33405087	-	0.00651562	Pvalue	213	T	TTTTT	ok	False
chr5	65547743	65547744	-	1.27005e-08	Pvalue	824	T	CCTTG	ok	False
chr5	108051723	108051724	+	9.97835e-05	Pvalue	322	A	CTATC	ok	False
chr5	129099983	129099984	+	9.18772e-07	Pvalue	1491	A	AGATC	ok	False
chr5	146772789	146772790	+	0.000410624	Pvalue	719	A	GCACC	ok	False
chr5	129911366	129911367	-	0.0130905	Pvalue	856	T	TCTAG	ok	False
chr5	150566722	150566723	-	0.0432229	Pvalue	55	T	AATTC	ok	False
chr6	88860620	88860621	-	4.41739e-16	Pvalue	563	T	TCTGG	ok	False
chr6	148082897	148082898	-	0.0355172	Pvalue	72	T	TGTCT	ok	True
chr7	3709735	3709736	+	4.65057e-37	Pvalue	3770	A	TTATG	ok	False
chr7	19299031	19299032	-	0.0143359	Pvalue	165	T	GTTAT	ok	False
chr7	28670817	28670818	-	0.00781671	Pvalue	1277	T	ATTAA	ok	False
chr7	45369906	45369907	+	0.00443193	Pvalue	2307	A	ATACC	ok	False
chr7	33840248	33840249	-	0.0265338	Pvalue	288	T	CATAC	ok	False
chr7	109119680	109119681	+	1.92676e-14	Pvalue	338	A	CCAGG	ok	False
chr7	110671459	110671460	-	0.00432405	Pvalue	333	T	AATTA	ok	False
chr8	71348261	71348262	-	0.00565044	Pvalue	2341	T	GCTGG	ok	False
chr8	73075038	73075039	+	0.00342864	Pvalue	455	A	TGAGA	ok	False
chr8	71348034	71348035	-	4.67287e-13	Pvalue	1728	T	AGTTT	ok	True
chr8	111997669	111997670	-	0.0371559	Pvalue	131	T	GATTT	ok	False
chr9	50508085	50508086	-	0.000112211	Pvalue	49	T	AATCA	ok	False
chr9	40716287	40716288	+	8.04298e-05	Pvalue	5346	A	CTATC	ok	False
chr9	108480161	108480162	-	0.00707964	Pvalue	312	T	TTTAT	ok	False
chr10	61527087	61527088	+	0.0376785	Pvalue	89	A	TGAAC	ok	False
chr10	90952868	90952869	-	0.0305811	Pvalue	1225	T	TCTCA	ok	False
chr10	128396049	128396050	-	0.01535	Pvalue	61	T	GCTTG	ok	False
chr10	127926015	127926016	+	1.94755e-05	Pvalue	1532	A	CAACT	ok	False
chr11	22953194	22953195	+	0.0498968	Pvalue	1613	A	GTACT	ok	False
chr11	48694766	48694767	+	0.00141876	Pvalue	2131	A	AGATG	ok	False
chr11	69808053	69808054	-	0.0083994	Pvalue	272	T	AATAA	ok	False
chr11	95568969	95568970	+	4.60343e-05	Pvalue	413	A	AAAAG	ok	False
chr11	100211811	100211812	+	0.00218586	Pvalue	645	A	GAATA	ok	False
chr11	115388193	115388194	-	0.00841992	Pvalue	330	T	TATTG	ok	False
chr11	119179236	119179237	-	0.027232	Pvalue	393	T	TATGT	ok	False
chr12	55465220	55465221	+	3.6103e-06	Pvalue	264	A	ATAAA	ok	False
chr13	3615634	3615635	+	4.93652e-06	Pvalue	943	A	AAAAG	ok	False
chr12	110657835	110657836	-	0.000139611	Pvalue	1923	T	AGTAT	ok	False
chr14	51163143	51163144	+	0.0160179	Pvalue	13	A	TTAAA	ok	False
chr14	55259497	55259498	+	0.00632353	Pvalue	46	A	TGAGA	ok	False
chr15	31591161	31591162	-	0.00743507	Pvalue	1185	T	TTTTG	ok	False
chr15	36596057	36596058	-	9.32576e-14	Pvalue	927	T	TTTTT	ok	False
chr15	101188803	101188804	+	0.00219308	Pvalue	393	A	AAAGT	ok	False
chr15	79962293	79962294	-	0.000326294	Pvalue	1579	T	TCTGA	ok	False
chr16	55791779	55791780	+	0.00845332	Pvalue	1957	A	AAAGC	ok	False
chr17	24043696	24043697	+	0.0125084	Pvalue	268	A	TAAAA	ok	False
chr17	24442804	24442805	-	0.0003053	Pvalue	33	T	TGTCC	ok	True
chr17	83810015	83810016	-	0.001045	Pvalue	37	T	AGTCC	ok	True
chr18	35724416	35724417	+	0.0314693	Pvalue	173	A	ATATA	ok	False
chr19	11751880	11751881	+	0.0136592	Pvalue	93	A	GGACC	ok	True
chr19	44993902	44993903	-	1.27955e-07	Pvalue	302	T	GGTCC	ok	True
chr19	41906833	41906834	+	0.00186014	Pvalue	86	A	TGACA	ok	True
chrx	52110317	52110318	+	0.0139509	Pvalue	102	A	TAATT	ok	False
chr19	47723544	47723545	+	4.63412e-09	Pvalue	82	A	CTATA	ok	False
chrx	101228564	101228565	-	1.77945e-17	Pvalue	4794	T	GTTTA	ok	False
chr1	55117188	55117189	-	0.0156188	Pvalue	1283	T	TATGG	ok	False
chr4	42980052	42980053	-	0.000539488	Pvalue	154	T	CTTCC	ok	False
chr5	117420975	117420976	-	0.00062924	Pvalue	306	T	TTTCC	ok	False
chr5	125463078	125463079	-	0.0104526	Pvalue	734	T	TGTTA	ok	True
chr5	115701449	115701450	+	8.35388e-59	Pvalue	3675	A	CAAAG	ok	False
chr6	7675477	7675478	-	0.00470967	Pvalue	374	T	TATTG	ok	False
chr6	87957421	87957422	-	0.00840886	Pvalue	858	T	TATTG	ok	False
chr6	87976099	87976100	-	0.0110582	Pvalue	427	T	TCTTG	ok	False
chr6	128351753	128351754	+	0.0125479	Pvalue	20	A	AGAAC	ok	False
chr7	12764619	12764620	+	0.020686	Pvalue	1516	A	CAAGG	ok	False
chr7	33840394	33840395	-	0.00645272	Pvalue	227	T	GTTAG	ok	False
chr7	126089630	126089631	+	0.0226366	Pvalue	335	A	CCATG	ok	False
chr7	137069901	137069902	+	0.000656562	Pvalue	530	A	TCAGA	ok	False
chr8	19543321	19543322	+	0.0173677	Pvalue	1269	A	GTACC	ok	False
chr8	43748279	43748280	-	0.0013309	Pvalue	166	T	CATTC	ok	False
chr8	72077444	72077445	+	0.0450597	Pvalue	77	A	AAATT	ok	False
chr8	86265722	86265723	-	0.0395389	Pvalue	40	T	AATTT	ok	False
chr8	121400828	121400829	+	0.0317385	Pvalue	1277	A	AGAAT	ok	False
chr9	21667584	21667585	-	0.0148974	Pvalue	77	T	CGTGG	ok	False
chr9	50507818	50507819	-	0.0431788	Pvalue	107	T	TTTTA	ok	False
chr9	44247339	44247340	+	2.12701e-06	Pvalue	379	A	TTATT	ok	False
chr9	50255937	50255938	-	0.0183034	Pvalue	699	T	CATCT	ok	False
chr9	65809242	65809243	+	0.0149763	Pvalue	37	A	TAAAA	ok	False
chr9	64085613	64085614	+	2.58808e-11	Pvalue	3333	A	CAAGA	ok	False
chr9	120789490	120789491	+	0.0017482	Pvalue	262	A	CAAAG	ok	False
chr10	23661157	23661158	-	1.46843e-08	Pvalue	574	T	ATTCT	ok	False
chr10	80959457	80959458	+	0.00888977	Pvalue	474	A	CCACG	ok	False
chr10	116888939	116888940	-	0.000556156	Pvalue	437	T	AATGT	ok	False
chr11	6369734	6369735	+	2.49839e-08	Pvalue	461	A	CCATA	ok	False
chr11	22951667	22951668	+	0.0477408	Pvalue	247	A	TCATC	ok	False
chr11	51491875	51491876	-	0.0115613	Pvalue	1503	T	AATTA	ok	False
chr11	52137327	52137328	+	0.000473007	Pvalue	363	A	TTAAT	ok	False
chr11	72341832	72341833	+	0.0409196	Pvalue	278	A	GCACC	ok	False
chr11	120469188	120469189	-	7.11865e-06	Pvalue	1005	T	AATAC	ok	False
chr12	13270465	13270466	-	0.0148287	Pvalue	75	T	AGTAG	ok	False
chr13	98446556	98446557	-	2.06088e-06	Pvalue	742	T	TTTTA	ok	False
chr14	4201774	4201775	+	0.0362183	Pvalue	241	A	CAAAA	ok	False
chr14	51164582	51164583	+	0.00017523	Pvalue	398	A	AAAGG	ok	False
chr14	52312155	52312156	-	0.0137585	Pvalue	122	T	AGTAA	ok	False
chr14	76085600	76085601	+	0.00152395	Pvalue	491	A	CCAGG	ok	False
chr15	51826203	51826204	-	0.0197906	Pvalue	101	T	CGTAT	ok	False
chr15	81926208	81926209	-	0.000120658	Pvalue	97	T	AGTAC	ok	False
chr15	77799264	77799265	-	0.029793	Pvalue	160	T	GTTTT	ok	False
chr15	81799143	81799144	+	0.00107679	Pvalue	212	A	TAAGA	ok	False
chr17	15696309	15696310	-	0.0235045	Pvalue	834	T	CCTCC	ok	False
chr16	87282488	87282489	-	7.05175e-17	Pvalue	589	T	TTTTT	ok	False
chr17	46009250	46009251	+	2.5263e-07	Pvalue	168	A	GGACT	ok	True
chr17	46993806	46993807	+	0.0349244	Pvalue	151	A	CGAGC	ok	False
chr18	47067276	47067277	+	0.00263062	Pvalue	157	A	TAAAT	ok	False
chr18	77870046	77870047	+	7.28577e-05	Pvalue	867	A	AGATT	ok	False
chr19	8955434	8955435	+	0.0099824	Pvalue	2209	A	CAAAG	ok	False
chr19	41906791	41906792	+	0.0270802	Pvalue	47	A	ATACA	ok	False
chrx	36062042	36062043	+	0.003037	Pvalue	264	A	TGATA	ok	False
chrx	154107001	154107002	-	0.00190109	Pvalue	206	T	GTTTT	ok	False
chr1	63216921	63216922	+	9.01559e-06	Pvalue	424	A	CCATC	ok	False
chr1	86278298	86278299	-	3.06617e-08	Pvalue	1896	T	AGTCC	ok	True
chr1	133537921	133537922	-	0.0117967	Pvalue	277	T	CTTCT	ok	False
chr1	161068593	161068594	-	0.000239877	Pvalue	260	T	ATTTT	ok	False
chr2	32597606	32597607	-	0.000369997	Pvalue	323	T	TTTTG	ok	False
chr2	71271696	71271697	+	0.0155689	Pvalue	283	A	GAATA	ok	False
chr2	130013741	130013742	-	0.000135181	Pvalue	353	T	AATCC	ok	False
chr2	132091316	132091317	-	0.00467279	Pvalue	142	T	CATGT	ok	False
chr2	154714409	154714410	-	0.00395644	Pvalue	773	T	ATTTT	ok	False
chr2	180546401	180546402	-	0.0152643	Pvalue	168	T	AGTAT	ok	False
chr3	88459684	88459685	-	0.0456527	Pvalue	92	T	TTTGA	ok	False
chr3	86045267	86045268	-	3.71961e-14	Pvalue	2971	T	TTTTA	ok	False
chr3	88228925	88228926	+	4.27872e-10	Pvalue	1556	A	ACACT	ok	False
chr3	122070387	122070388	+	0.00127039	Pvalue	12	A	TCATC	ok	False
chr4	48663058	48663059	+	0.00071642	Pvalue	34	A	CTATG	ok	False
chr4	120397276	120397277	-	0.00205831	Pvalue	162	T	TGTTT	ok	True
chr4	139019033	139019034	+	0.00115024	Pvalue	145	A	AAAAA	ok	False
chr4	140445676	140445677	+	0.00347969	Pvalue	128	A	GGACG	ok	False
chr5	115285506	115285507	-	0.0147323	Pvalue	100	T	ACTCA	ok	False
chr5	113916172	113916173	+	0.0212794	Pvalue	39	A	TGAAA	ok	False
chr5	129875081	129875082	+	3.78612e-05	Pvalue	719	A	GGATG	ok	False
chr6	51440082	51440083	-	0.0010784	Pvalue	502	T	AATGG	ok	False
chr6	124913090	124913091	+	0.00681731	Pvalue	722	A	TAAAG	ok	False
chr6	122691429	122691430	+	0.00657915	Pvalue	603	A	AAAAT	ok	False
chr6	125138955	125138956	-	0.00104932	Pvalue	59	T	CTTGC	ok	False
chr7	27741156	27741157	-	0.00830087	Pvalue	530	T	TTTAT	ok	False
chr7	45370241	45370242	+	0.00538432	Pvalue	2077	A	AAACA	ok	True
chr7	46504620	46504621	+	0.00131881	Pvalue	485	A	GCAGA	ok	False
chr7	78425292	78425293	-	0.0385339	Pvalue	311	T	CCTTA	ok	False
chr7	99128104	99128105	-	1.42397e-10	Pvalue	2084	T	GATTT	ok	False
chr7	102118114	102118115	+	0.0081699	Pvalue	152	A	GAAAT	ok	False
chr8	13225316	13225317	+	0.00566149	Pvalue	313	A	AAAAA	ok	False
chr8	84973306	84973307	-	4.99159e-14	Pvalue	246	T	GATTC	ok	False
chr8	71348053	71348054	-	8.27908e-18	Pvalue	2287	T	TCTGT	ok	False
chr8	121308202	121308203	-	0.0496149	Pvalue	69	T	CTTGA	ok	False
chr9	36643998	36643999	-	0.00160515	Pvalue	79	T	CCTTT	ok	False
chr9	57412639	57412640	+	3.49999e-07	Pvalue	272	A	TGATG	ok	False
chr9	64083435	64083436	+	0.0450749	Pvalue	172	A	ACAAG	ok	False
chr9	110769301	110769302	-	2.59064e-05	Pvalue	37	T	CTTCT	ok	False
chr9	78385887	78385888	-	3.25274e-41	Pvalue	12919	T	TTTTA	ok	False
chr10	79892171	79892172	+	9.62138e-06	Pvalue	516	A	TGAGG	ok	False
chr10	81017972	81017973	+	9.77753e-15	Pvalue	556	A	AGACT	ok	True
chr10	127925017	127925018	+	2.4606e-16	Pvalue	1297	A	AGATT	ok	False
chr11	35700112	35700113	-	0.0441221	Pvalue	119	T	TTTCC	ok	False
chr11	55390856	55390857	+	2.8012e-05	Pvalue	291	A	TAAAC	ok	False
chr11	95570582	95570583	+	8.01464e-05	Pvalue	498	A	TGATC	ok	False
chr11	97668964	97668965	-	0.0397103	Pvalue	1848	T	TTTGC	ok	False
chr11	115914192	115914193	-	0.0443131	Pvalue	526	T	TTTAC	ok	False
chr11	115914128	115914129	-	0.00134809	Pvalue	510	T	AGTAC	ok	False
chr11	120238077	120238078	-	0.000295606	Pvalue	15	T	AGTCC	ok	True
chr12	24763293	24763294	+	0.0217573	Pvalue	57	A	AAACA	ok	True
chr13	3615663	3615664	+	0.01875	Pvalue	854	A	GTAAA	ok	False
chr12	110657948	110657949	-	0.00166197	Pvalue	868	T	GGTAA	ok	False
chr14	14518200	14518201	-	0.0285874	Pvalue	55	T	ATTTT	ok	False
chr15	81248093	81248094	-	0.00959009	Pvalue	158	T	TTTTC	ok	False
chr15	98829581	98829582	-	3.24997e-24	Pvalue	2143	T	CATGC	ok	False
chr16	33779468	33779469	-	0.0230332	Pvalue	256	T	GGTTT	ok	True
chr16	20327957	20327958	+	0.0396577	Pvalue	443	A	GGAAG	ok	False
chr16	87280900	87280901	-	3.22106e-09	Pvalue	999	T	AGTCC	ok	True
chr17	36146015	36146016	-	1.19104e-18	Pvalue	2315	T	TATAC	ok	False
chr17	83809685	83809686	-	4.62776e-07	Pvalue	197	T	CTTCC	ok	False
chr17	88298299	88298300	+	0.00156249	Pvalue	397	A	TAAAC	ok	False
chr18	84897683	84897684	+	0.0228922	Pvalue	57	A	GTATC	ok	False
chr18	77870487	77870488	+	4.20835e-05	Pvalue	731	A	GCATG	ok	False
chr19	44993966	44993967	-	2.58848e-05	Pvalue	306	T	ATTAG	ok	False
chr19	41906864	41906865	+	2.12323e-10	Pvalue	87	A	GAAAA	ok	False
chrx	36347670	36347671	-	1.55839e-06	Pvalue	809	T	ACTGA	ok	False
chrx	36062334	36062335	+	5.02834e-05	Pvalue	573	A	ATATT	ok	False
chrx	135040803	135040804	+	2.80656e-12	Pvalue	113	A	CAAAT	ok	False
chrx	158905228	158905229	-	0.0301178	Pvalue	276	T	GTTTA	ok	False
chr1	4846714	4846715	-	0.00244771	Pvalue	705	T	TCTCA	ok	False
chr1	72891541	72891542	+	3.37097e-21	Pvalue	420	A	GCACT	ok	False
chr1	128291801	128291802	-	0.0215912	Pvalue	53	T	TTTTA	ok	False
chr2	10068272	10068273	-	0.037583	Pvalue	237	T	GATAG	ok	False
chr2	73739645	73739646	-	0.0267648	Pvalue	558	T	GCTGA	ok	False
chr2	34666396	34666397	+	5.63731e-05	Pvalue	399	A	ACAAT	ok	False
chr2	132095006	132095007	-	0.0159768	Pvalue	7	T	GGTCT	ok	True
chr2	154714649	154714650	-	1.13613e-06	Pvalue	476	T	GTTAG	ok	False
chr3	57553866	57553867	-	0.00305563	Pvalue	104	T	AGTCC	ok	True
chr3	86045813	86045814	-	6.1646e-16	Pvalue	1848	T	CATTT	ok	False
chr3	121251404	121251405	+	0.000570734	Pvalue	391	A	ACAAT	ok	False
chr3	137572563	137572564	+	6.31934e-08	Pvalue	646	A	CAATA	ok	False
chr4	86772916	86772917	-	1.91649e-14	Pvalue	202	T	TATTT	ok	False
chr4	129488890	129488891	-	0.00582073	Pvalue	117	T	CCTGC	ok	False
chr4	149234729	149234730	-	0.0325963	Pvalue	144	T	CATAT	ok	False
chr5	36952259	36952260	-	0.0413136	Pvalue	480	T	TTTTC	ok	False
chr5	93329969	93329970	-	0.00296229	Pvalue	94	T	AATTA	ok	False
chr5	108052728	108052729	+	0.0311881	Pvalue	537	A	TCAGT	ok	False
chr5	135918364	135918365	+	0.00648332	Pvalue	378	A	ATACA	ok	False
chr5	138163072	138163073	-	1.65628e-09	Pvalue	437	T	TGTGA	ok	False
chr6	56856337	56856338	+	0.00303519	Pvalue	141	A	GAATC	ok	False
chr6	146503921	146503922	-	0.0364549	Pvalue	15	T	TATTT	ok	False
chr7	12764944	12764945	+	3.5392e-20	Pvalue	1776	A	AAAAC	ok	False
chr7	79529988	79529989	-	0.0064119	Pvalue	16	T	AGTCC	ok	True
chr7	78425110	78425111	-	0.00437691	Pvalue	325	T	ATTTA	ok	False
chr7	99128132	99128133	-	4.00127e-19	Pvalue	2170	T	AATGC	ok	False
chr7	126394420	126394421	-	0.0199198	Pvalue	1252	T	GTTGT	ok	False
chr7	144418962	144418963	+	0.00269495	Pvalue	624	A	AAAAT	ok	False
chr8	43748187	43748188	-	0.00631055	Pvalue	163	T	GATTA	ok	False
chr8	23939581	23939582	+	0.000440096	Pvalue	40	A	CCAGG	ok	False
chr8	108307265	108307266	-	0.0155526	Pvalue	333	T	AGTGC	ok	False
chr9	20919993	20919994	+	0.0443194	Pvalue	266	A	CCATC	ok	False
chr9	40716408	40716409	+	1.02602e-09	Pvalue	5411	A	GGATT	ok	False
chr9	98883728	98883729	+	0.0278957	Pvalue	16	A	TAACA	ok	True
chr9	64085602	64085603	+	1.16198e-07	Pvalue	3317	A	CCAGC	ok	False
chr9	120789552	120789553	+	7.14344e-06	Pvalue	265	A	GAATT	ok	False
chr9	120403474	120403475	+	5.40413e-18	Pvalue	4561	A	TAATA	ok	False
chr10	81401945	81401946	+	0.00413968	Pvalue	322	A	GCACC	ok	False
chr10	81018093	81018094	+	3.36653e-19	Pvalue	1829	A	GGACT	ok	True
chr10	111333800	111333801	+	0.000717832	Pvalue	125	A	AGACT	ok	True
chr11	29497244	29497245	-	0.0154719	Pvalue	314	T	AGTGT	ok	False
chr11	22953331	22953332	+	5.40746e-19	Pvalue	1496	A	AAACT	ok	True
chr11	55390793	55390794	+	0.0373149	Pvalue	259	A	AGAGG	ok	False
chr11	76149440	76149441	-	0.0238151	Pvalue	19	T	AGTCT	ok	True
chr11	87942048	87942049	+	0.0296953	Pvalue	193	A	TTAAG	ok	False
chr11	97921208	97921209	+	0.00252339	Pvalue	1496	A	AGACC	ok	True
chr11	119179222	119179223	-	0.0013922	Pvalue	409	T	GTTAA	ok	False
chr12	80680832	80680833	-	0.0349516	Pvalue	153	T	TTTTC	ok	False
chr13	30724939	30724940	-	0.0440697	Pvalue	39	T	CATGC	ok	False
chr13	19050807	19050808	+	0.00283909	Pvalue	89	A	TAAAA	ok	False
chr14	67253122	67253123	-	0.010514	Pvalue	118	T	CATTC	ok	False
chr15	51650209	51650210	-	0.0337398	Pvalue	221	T	AGTGT	ok	False
chr15	76790455	76790456	+	3.21366e-18	Pvalue	8049	A	AAACT	ok	True
chr15	98847915	98847916	-	0.00354286	Pvalue	501	T	TTTAG	ok	False
chr16	11010925	11010926	-	4.54573e-05	Pvalue	312	T	TATTG	ok	False
chr16	18691175	18691176	-	0.0206323	Pvalue	128	T	TGTAA	ok	False
chr16	55791703	55791704	+	2.29691e-11	Pvalue	2073	A	AGATT	ok	False
chr17	13142473	13142474	+	0.00684326	Pvalue	390	A	CTAAT	ok	False
chr17	28548486	28548487	+	0.0171188	Pvalue	142	A	TCAAG	ok	False
chr17	35821242	35821243	+	0.0195845	Pvalue	351	A	GTATT	ok	False
chr17	80508987	80508988	-	0.0202613	Pvalue	162	T	TCTTT	ok	False
chr18	48181392	48181393	+	0.000124849	Pvalue	192	A	CAAGA	ok	False
chr18	48181376	48181377	+	0.016633	Pvalue	184	A	CTAGG	ok	False
chr19	8893868	8893869	+	0.0353138	Pvalue	211	A	TCATG	ok	False
chrx	36062437	36062438	+	0.00511908	Pvalue	587	A	GAAGA	ok	False
chr19	47723737	47723738	+	0.029887	Pvalue	189	A	AAAAA	ok	False
chrx	101230004	101230005	-	1.2597e-07	Pvalue	1857	T	AGTGT	ok	False
chr1	20873335	20873336	-	0.00030007	Pvalue	304	T	CCTTG	ok	False
chr1	152650809	152650810	+	0.0169845	Pvalue	32	A	CCAAG	ok	False
chr1	180428413	180428414	+	0.000105086	Pvalue	265	A	ACACC	ok	False
chr2	29961581	29961582	+	0.00494634	Pvalue	267	A	AAAAT	ok	False
chr2	32853582	32853583	+	0.000286878	Pvalue	632	A	CTAGA	ok	False
chr2	73738836	73738837	-	3.36128e-07	Pvalue	1184	T	ATTTC	ok	False
chr2	94242688	94242689	-	0.0339204	Pvalue	26	T	GATGA	ok	False
chr2	104830064	104830065	-	0.0238923	Pvalue	455	T	AATTC	ok	False
chr2	130014971	130014972	-	0.0396134	Pvalue	95	T	CCTCG	ok	False
chr2	132091508	132091509	-	0.0135559	Pvalue	147	T	GGTTT	ok	True
chr2	148517861	148517862	+	3.78101e-06	Pvalue	137	A	TAAAA	ok	False
chr2	155989346	155989347	-	1.36349e-05	Pvalue	180	T	CTTTT	ok	False
chr2	164614589	164614590	+	0.0110449	Pvalue	295	A	TAAAT	ok	False
chr3	87766235	87766236	-	0.00649756	Pvalue	183	T	GTTTT	ok	False
chr3	69656241	69656242	+	0.0191105	Pvalue	53	A	TCATA	ok	False
chr3	122719373	122719374	+	0.0474148	Pvalue	256	A	AAATA	ok	False
chr3	130520563	130520564	-	0.0170363	Pvalue	830	T	CTTTC	ok	False
chr4	10848846	10848847	+	0.0175555	Pvalue	1403	A	AGAAC	ok	False
chr4	86774132	86774133	-	1.52012e-08	Pvalue	224	T	CATAC	ok	False
chr4	123609661	123609662	-	0.0365052	Pvalue	131	T	TTTGT	ok	False
chr4	129409581	129409582	+	0.0295934	Pvalue	429	A	TCAGG	ok	False
chr4	135778969	135778970	-	0.0282186	Pvalue	440	T	ACTGT	ok	False
chr4	150333315	150333316	+	0.00646727	Pvalue	1560	A	AAAGC	ok	False
chr5	77115258	77115259	+	0.0131417	Pvalue	270	A	TTAAA	ok	False
chr5	129874758	129874759	+	0.00128443	Pvalue	195	A	AAAAG	ok	False
chr5	146772489	146772490	+	8.04422e-05	Pvalue	804	A	CAAAG	ok	False
chr6	72934934	72934935	-	2.53699e-06	Pvalue	1470	T	GGTTT	ok	True
chr6	87976312	87976313	-	0.0243501	Pvalue	426	T	GCTAA	ok	False
chr6	115782569	115782570	-	8.23877e-20	Pvalue	4913	T	GATGG	ok	False
chr6	85445064	85445065	+	3.85749e-07	Pvalue	988	A	ACAAT	ok	False
chr7	3709879	3709880	+	2.17516e-16	Pvalue	3912	A	AAAAA	ok	False
chr7	27968098	27968099	+	0.000697236	Pvalue	12	A	GGACT	ok	True
chr7	4811025	4811026	-	0.00215035	Pvalue	219	T	CTTTT	ok	False
chr7	16061151	16061152	-	4.0524e-07	Pvalue	134	T	ACTCT	ok	False
chr7	45071840	45071841	-	0.0255755	Pvalue	193	T	TGTGA	ok	False
chr7	126395780	126395781	-	0.00937448	Pvalue	137	T	GCTGG	ok	False
chr8	31649849	31649850	-	0.00714659	Pvalue	153	T	AATAA	ok	False
chr8	65171365	65171366	-	0.0394125	Pvalue	25	T	GGTGG	ok	False
chr8	120684100	120684101	+	0.0380943	Pvalue	269	A	TTACC	ok	False
chr9	50507737	50507738	-	0.00647732	Pvalue	102	T	ACTTA	ok	False
chr9	40716471	40716472	+	3.00309e-30	Pvalue	5193	A	ATAAT	ok	False
chr9	57412552	57412553	+	1.97892e-05	Pvalue	279	A	GAAAA	ok	False
chr9	108776734	108776735	+	0.0417881	Pvalue	175	A	ACATC	ok	False
chr9	78386018	78386019	-	2.00098e-39	Pvalue	8447	T	CATTT	ok	False
chr9	120403355	120403356	+	0.00632857	Pvalue	4337	A	AGAAG	ok	False
chr10	80664793	80664794	+	0.00101654	Pvalue	275	A	TCATG	ok	False
chr10	90952805	90952806	-	0.00749388	Pvalue	1204	T	AGTCC	ok	True
chr10	128395361	128395362	-	0.0237825	Pvalue	118	T	TCTAC	ok	False
chr10	127926065	127926066	+	3.21725e-07	Pvalue	874	A	CCACA	ok	False
chr11	23599040	23599041	-	0.0280753	Pvalue	57	T	GATGG	ok	False
chr11	22953159	22953160	+	2.46172e-05	Pvalue	1632	A	TAAAA	ok	False
chr11	55285337	55285338	-	0.0393448	Pvalue	646	T	AGTTG	ok	False
chr11	62443523	62443524	+	0.000874727	Pvalue	387	A	ATAAA	ok	False
chr11	58823722	58823723	-	8.83886e-07	Pvalue	44	T	GCTGA	ok	False
chr11	80286515	80286516	+	0.0405351	Pvalue	17	A	GGACA	ok	True
chr11	98586753	98586754	+	0.0419362	Pvalue	437	A	CTATG	ok	False
chr11	106153469	106153470	+	0.0159745	Pvalue	1158	A	TGAGG	ok	False
chr11	120849258	120849259	+	0.0305437	Pvalue	62	A	CCACT	ok	False
chr12	66330287	66330288	-	0.0268412	Pvalue	137	T	AGTAT	ok	False
chr12	69229894	69229895	-	1.19839e-07	Pvalue	861	T	TTTTG	ok	False
chr12	110657702	110657703	-	2.93509e-07	Pvalue	4411	T	TCTTA	ok	False
chr13	98446661	98446662	-	7.99261e-05	Pvalue	695	T	AATTC	ok	False
chr14	4200550	4200551	+	7.17577e-06	Pvalue	98	A	AAATG	ok	False
chr14	63730009	63730010	-	0.00248836	Pvalue	995	T	ATTTA	ok	False
chr15	31592803	31592804	-	0.00506868	Pvalue	661	T	TCTTG	ok	False
chr15	36596075	36596076	-	5.45317e-17	Pvalue	928	T	AATTC	ok	False
chr15	98830072	98830073	-	0.00166892	Pvalue	332	T	CATTC	ok	False
chr16	55791779	55791780	+	1.00842e-05	Pvalue	1957	A	AAAGC	ok	False
chr17	13139747	13139748	+	0.00950101	Pvalue	23	A	AGACA	ok	True
chr17	28618464	28618465	-	0.0451825	Pvalue	42	T	TGTTA	ok	True
chr17	56374858	56374859	+	0.0244499	Pvalue	134	A	AGACT	ok	True
chr18	36899747	36899748	-	0.000718332	Pvalue	77	T	TTTTT	ok	False
chr18	77869530	77869531	+	0.00626517	Pvalue	562	A	TTATC	ok	False
chr19	41906953	41906954	+	0.0335702	Pvalue	94	A	GTACC	ok	False
chrx	36062331	36062332	+	8.20034e-06	Pvalue	584	A	ATAAT	ok	False
chr19	60750700	60750701	-	0.0434515	Pvalue	10	T	AGTCC	ok	True
chr1	4846936	4846937	-	0.000187528	Pvalue	322	T	TGTAA	ok	False
chr1	86278344	86278345	-	0.000128074	Pvalue	2031	T	TATTC	ok	False
chr3	157600358	157600359	-	0.0492917	Pvalue	20	T	CGTAT	ok	False
chr4	116496167	116496168	-	0.000974127	Pvalue	172	T	GATCT	ok	False
chr4	134201123	134201124	+	0.012875	Pvalue	271	A	TAATA	ok	False
chr4	148679031	148679032	+	0.0468592	Pvalue	361	A	CAACA	ok	False
chr4	155893161	155893162	+	1.95644e-07	Pvalue	199	A	TCACC	ok	False
chr5	77114987	77114988	+	7.18785e-06	Pvalue	262	A	CTAAA	ok	False
chr5	129099923	129099924	+	0.00748042	Pvalue	894	A	ATAGG	ok	False
chr5	145064980	145064981	+	0.0437723	Pvalue	92	A	TAAAC	ok	False
chr6	56855989	56855990	+	0.00546713	Pvalue	93	A	CTACT	ok	False
chr6	124810068	124810069	+	0.0476183	Pvalue	250	A	CAAGG	ok	False
chr6	122691567	122691568	+	0.009989	Pvalue	567	A	CAAAA	ok	False
chr7	28014339	28014340	-	0.00517473	Pvalue	412	T	TATTG	ok	False
chr10	17601071	17601072	+	0.0474221	Pvalue	25	A	GAAGA	ok	False
chr9	78385750	78385751	-	1.97841e-13	Pvalue	9653	T	TGTTT	ok	True
chr10	79890942	79890943	+	0.00286073	Pvalue	354	A	GCATG	ok	False
chr10	81018129	81018130	+	2.96077e-10	Pvalue	1971	A	TTAAC	ok	False
chr10	127925922	127925923	+	1.10938e-13	Pvalue	1431	A	ACATG	ok	False
chr11	23246106	23246107	+	0.00047452	Pvalue	234	A	TAAAA	ok	False
chr11	48696900	48696901	+	2.24025e-44	Pvalue	5003	A	AAACT	ok	True
chr11	98586791	98586792	+	4.23527e-05	Pvalue	424	A	AAAAA	ok	False
chr11	106153867	106153868	+	0.00650445	Pvalue	1160	A	CCATC	ok	False
chr11	113585457	113585458	+	0.0181701	Pvalue	111	A	AAAAC	ok	False
chr12	54793318	54793319	-	0.0153549	Pvalue	41	T	AGTCT	ok	True
chr12	110657466	110657467	-	2.48139e-14	Pvalue	4740	T	TTTTT	ok	False
chr13	98446488	98446489	-	2.8879e-05	Pvalue	709	T	GGTAT	ok	False
chr14	30295539	30295540	+	0.0219838	Pvalue	626	A	GTACT	ok	False
chr14	31902151	31902152	-	6.5068e-07	Pvalue	81	T	TTTCA	ok	False
chr15	43113590	43113591	-	0.0283126	Pvalue	440	T	AATCC	ok	False
chr15	76788741	76788742	+	0.00727665	Pvalue	544	A	ACATC	ok	False
chr15	98935437	98935438	+	0.00620128	Pvalue	159	A	CCAAC	ok	False
chr16	33777041	33777042	-	6.38321e-06	Pvalue	459	T	AGTCT	ok	True
chr17	6703652	6703653	+	0.0397238	Pvalue	114	A	CCATA	ok	False
chr17	13139749	13139750	+	0.044259	Pvalue	23	A	ACAGA	ok	False
chr17	27853048	27853049	-	2.92778e-13	Pvalue	3837	T	TTTGG	ok	False
chr17	35472560	35472561	+	0.000538607	Pvalue	582	A	CTATG	ok	False
chr17	88298167	88298168	+	3.52454e-05	Pvalue	334	A	CTACT	ok	False
chr18	48181291	48181292	+	0.00094316	Pvalue	189	A	CAATC	ok	False
chr19	4245235	4245236	+	0.0321546	Pvalue	333	A	GCATC	ok	False
chr18	84999386	84999387	+	0.0305726	Pvalue	176	A	GTAGG	ok	False
chr19	8955486	8955487	+	3.61985e-05	Pvalue	2209	A	CTAGC	ok	False
chrx	100487081	100487082	+	0.0428565	Pvalue	9	A	TTATG	ok	False
chrx	101228558	101228559	-	1.77332e-17	Pvalue	4386	T	CATGC	ok	False
chr1	92379748	92379749	-	0.020678	Pvalue	123	T	TGTAG	ok	False
chr1	128261288	128261289	-	5.46263e-06	Pvalue	166	T	GATCG	ok	False
chr2	32851761	32851762	+	0.0454729	Pvalue	114	A	CAACT	ok	False
chr2	121268285	121268286	+	3.91286e-07	Pvalue	433	A	TAAAC	ok	False
chr2	154714388	154714389	-	0.00101356	Pvalue	781	T	TTTTA	ok	False
chr3	87823062	87823063	+	0.00110215	Pvalue	630	A	AAAAG	ok	False
chr3	122719257	122719258	+	0.00068932	Pvalue	195	A	TCACT	ok	False
chr3	130490015	130490016	-	0.000121909	Pvalue	117	T	CTTTC	ok	False
chr3	130522746	130522747	-	3.50274e-09	Pvalue	745	T	TTTCC	ok	False
chr4	40270816	40270817	-	0.00535949	Pvalue	147	T	AATTA	ok	False
chr4	86775064	86775065	-	0.0141541	Pvalue	84	T	TCTGA	ok	False
chr4	116556481	116556482	+	2.23042e-08	Pvalue	1328	A	GCATT	ok	False
chr4	132281033	132281034	+	0.0261497	Pvalue	212	A	TAAAT	ok	False
chr4	152414553	152414554	+	0.00511205	Pvalue	1414	A	TCACT	ok	False
chr4	155973113	155973114	+	0.0158771	Pvalue	64	A	CAAAA	ok	False
chr5	115436707	115436708	-	1.47843e-12	Pvalue	449	T	AGTCC	ok	True
chr5	129874898	129874899	+	0.0111266	Pvalue	272	A	TTACA	ok	False
chr5	142958711	142958712	+	0.000716478	Pvalue	1453	A	ACACC	ok	False
chr6	83086734	83086735	+	0.0477029	Pvalue	63	A	TCACT	ok	False
chr6	91441967	91441968	-	0.0023624	Pvalue	33	T	AGTCC	ok	True
chr6	100844953	100844954	+	0.0168382	Pvalue	40	A	TAAAT	ok	False
chr6	85445112	85445113	+	9.10022e-10	Pvalue	1209	A	CCATG	ok	False
chr7	3703994	3703995	+	0.0179991	Pvalue	168	A	TAAAT	ok	False
chr7	19435505	19435506	-	0.0340235	Pvalue	496	T	CCTGG	ok	False
chr7	4811209	4811210	-	2.14233e-06	Pvalue	242	T	CTTAT	ok	False
chr7	33902100	33902101	-	0.0402526	Pvalue	308	T	CCTGA	ok	False
chr7	46504582	46504583	+	3.7473e-29	Pvalue	417	A	CTAGC	ok	False
chr7	99128124	99128125	-	8.95953e-14	Pvalue	2195	T	TTTTA	ok	False
chr7	110671157	110671158	-	1.77935e-05	Pvalue	572	T	TATTG	ok	False
chr8	39618062	39618063	+	0.0415682	Pvalue	13	A	GTAAC	ok	False
chr8	86265772	86265773	-	0.00674071	Pvalue	32	T	CTTAT	ok	False
chr8	112679396	112679397	+	0.0371697	Pvalue	135	A	GTATT	ok	False
chr9	20918122	20918123	+	0.0400746	Pvalue	6	A	AGAGC	ok	False
chr9	44247131	44247132	+	0.000325043	Pvalue	357	A	CAAGA	ok	False
chr9	70315199	70315200	-	0.0115031	Pvalue	141	T	TGTCT	ok	True
chr9	106308289	106308290	+	0.0376353	Pvalue	4	A	GAACA	ok	True
chr9	120789551	120789552	+	0.000320748	Pvalue	264	A	AGAAT	ok	False
chr10	126903042	126903043	+	0.0158137	Pvalue	388	A	TCACC	ok	False
chr10	111332537	111332538	+	0.0115257	Pvalue	344	A	CTAGG	ok	False
chr11	6546372	6546373	+	0.026277	Pvalue	42	A	ACAGC	ok	False
chr11	33102665	33102666	-	3.19308e-05	Pvalue	3540	T	TTTAG	ok	False
chr11	52134465	52134466	+	0.0440537	Pvalue	57	A	ACAAA	ok	False
chr11	75656031	75656032	+	2.63354e-11	Pvalue	773	A	GTAAT	ok	False
chr11	97518513	97518514	-	2.27073e-10	Pvalue	1967	T	GGTGT	ok	False
chr11	115388704	115388705	-	1.52071e-07	Pvalue	56	T	AGTCT	ok	True
chr11	107388436	107388437	+	0.0369573	Pvalue	198	A	AGAGA	ok	False
chr11	120655138	120655139	+	2.33259e-05	Pvalue	202	A	GTATT	ok	False
chr12	55459141	55459142	+	0.023253	Pvalue	382	A	AGACA	ok	True
chr13	3615816	3615817	+	2.76743e-11	Pvalue	901	A	GAAAC	ok	False
chr13	47238583	47238584	-	0.0170706	Pvalue	89	T	TTTTG	ok	False
chr14	4201713	4201714	+	1.13759e-07	Pvalue	249	A	TAAAT	ok	False
chr14	54744669	54744670	-	0.0241807	Pvalue	382	T	TTTAT	ok	False
chr15	31591064	31591065	-	0.0200229	Pvalue	1076	T	AATGG	ok	False
chr14	66548219	66548220	+	0.0481855	Pvalue	6	A	TAAAT	ok	False
chr15	84098477	84098478	+	0.0236388	Pvalue	447	A	GAAAT	ok	False
chr16	31073044	31073045	-	0.000544581	Pvalue	45	T	GTTAA	ok	False
chr17	13143307	13143308	+	0.00459515	Pvalue	1128	A	AGACG	ok	False
chr17	34170988	34170989	-	0.000351623	Pvalue	2177	T	ACTAT	ok	False
chr18	35036794	35036795	-	0.0490116	Pvalue	11	T	AATCC	ok	False
chr19	4244837	4244838	+	0.0116017	Pvalue	112	A	CTACT	ok	False
chr19	8955531	8955532	+	0.000466226	Pvalue	2252	A	GAAAA	ok	False
chrx	73316718	73316719	+	0.001045	Pvalue	156	A	TAAAA	ok	False
chrx	101228582	101228583	-	7.80973e-14	Pvalue	4838	T	GTTGC	ok	False
chr1	128261254	128261255	-	0.00192517	Pvalue	191	T	CGTAG	ok	False
chr2	25112443	25112444	-	0.0174132	Pvalue	1281	T	TCTCA	ok	False
chr2	32852095	32852096	+	7.38073e-05	Pvalue	254	A	CCACA	ok	False
chr2	71269129	71269130	+	0.00591284	Pvalue	97	A	TTAAA	ok	False
chr2	130121612	130121613	-	0.0307614	Pvalue	49	T	TGTGG	ok	False
chr2	162925451	162925452	+	2.24389e-24	Pvalue	82	A	GAACC	ok	True
chr3	86045821	86045822	-	3.31032e-17	Pvalue	3055	T	CTTTT	ok	False
chr3	105875215	105875216	+	4.03709e-07	Pvalue	157	A	TCACC	ok	False
chr4	10848947	10848948	+	0.0186956	Pvalue	1407	A	TTAAG	ok	False
chr3	108334689	108334690	-	0.0135732	Pvalue	115	T	CATAT	ok	False
chr4	44987280	44987281	+	0.0164776	Pvalue	22	A	ATACC	ok	False
chr4	119136357	119136358	-	0.00185218	Pvalue	120	T	CATTG	ok	False
chr5	35250351	35250352	-	0.000203631	Pvalue	342	T	TCTGT	ok	False
chr5	112462870	112462871	+	0.00575063	Pvalue	47	A	TCATA	ok	False
chr5	135937316	135937317	-	0.0040161	Pvalue	467	T	CATTC	ok	False
chr5	145120577	145120578	-	0.047404	Pvalue	1120	T	GTTGA	ok	False
chr5	147015676	147015677	+	4.44575e-20	Pvalue	195	A	GGACT	ok	True
chr5	135816454	135816455	+	0.0117822	Pvalue	301	A	TCATC	ok	False
chr6	67258732	67258733	+	0.0163553	Pvalue	637	A	GGACG	ok	False
chr6	87976109	87976110	-	0.0163727	Pvalue	461	T	TTTTA	ok	False
chr6	125437291	125437292	-	9.97306e-07	Pvalue	207	T	TATCT	ok	False
chr7	19314195	19314196	+	3.0157e-05	Pvalue	87	A	ACAGC	ok	False
chr6	137728124	137728125	+	0.0190891	Pvalue	31	A	ATACA	ok	False
chr7	4813517	4813518	-	0.020257	Pvalue	138	T	TTTTA	ok	False
chr7	33901888	33901889	-	3.65521e-08	Pvalue	479	T	GTTAG	ok	False
chr7	46505037	46505038	+	0.000934177	Pvalue	1277	A	AAACC	ok	True
chr7	99128106	99128107	-	2.16992e-10	Pvalue	2166	T	TTTTA	ok	False
chr7	137061018	137061019	+	0.0402099	Pvalue	59	A	TAATT	ok	False
chr7	126856246	126856247	-	0.0313491	Pvalue	577	T	TCTCC	ok	False
chr8	70962011	70962012	-	0.0082169	Pvalue	1219	T	CCTCT	ok	False
chr8	84972980	84972981	-	4.89525e-20	Pvalue	532	T	ATTAT	ok	False
chr8	85756771	85756772	+	0.0229028	Pvalue	254	A	GCACT	ok	False
chr8	112679359	112679360	+	0.0185359	Pvalue	135	A	ATAGT	ok	False
chr8	121400925	121400926	+	0.00715569	Pvalue	1263	A	TAATA	ok	False
chr9	40716431	40716432	+	7.45024e-10	Pvalue	5253	A	GTAGC	ok	False
chr9	40716252	40716253	+	0.000141796	Pvalue	5069	A	GCATC	ok	False
chr9	64085722	64085723	+	5.24677e-33	Pvalue	2025	A	GCATA	ok	False
chr9	119959844	119959845	+	4.81384e-08	Pvalue	5835	A	TCAGT	ok	False
chr9	120401884	120401885	+	0.0334031	Pvalue	423	A	TCAAA	ok	False
chr10	80664550	80664551	+	0.0178557	Pvalue	185	A	GCAGC	ok	False
chr10	95378619	95378620	+	0.0146572	Pvalue	64	A	GAATA	ok	False
chr10	111330795	111330796	+	0.0148293	Pvalue	23	A	GAAAC	ok	False
chr10	127924357	127924358	+	0.00413968	Pvalue	375	A	GCAAT	ok	False
chr11	22953298	22953299	+	0.0485178	Pvalue	1630	A	ACAAT	ok	False
chr11	59851596	59851597	+	0.0140513	Pvalue	31	A	GGACT	ok	True
chr11	52137105	52137106	+	0.0126107	Pvalue	201	A	AAAGT	ok	False
chr11	60755612	60755613	-	7.98345e-06	Pvalue	65	T	AGTCC	ok	True
chr11	76877925	76877926	+	3.48541e-19	Pvalue	295	A	TCAAC	ok	False
chr11	97518231	97518232	-	0.00846981	Pvalue	3321	T	ATTGA	ok	False
chr11	100211554	100211555	+	0.000906107	Pvalue	236	A	CCATA	ok	False
chr11	106672378	106672379	-	0.012302	Pvalue	315	T	TCTTC	ok	False
chr11	120236800	120236801	-	0.0198933	Pvalue	2167	T	ACTGG	ok	False
chr12	17600939	17600940	+	0.0170351	Pvalue	318	A	ACATG	ok	False
chr13	6631373	6631374	-	0.0169946	Pvalue	77	T	TATTA	ok	False
chr13	91072502	91072503	+	1.7196e-09	Pvalue	192	A	TCATT	ok	False
chr14	63731295	63731296	-	0.0466313	Pvalue	180	T	GATGT	ok	False
chr15	51659840	51659841	-	0.025743	Pvalue	38	T	GTTCC	ok	False
chr15	76229924	76229925	+	0.041096	Pvalue	380	A	GAAGA	ok	False
chr15	82118304	82118305	-	0.0316189	Pvalue	216	T	TTTTA	ok	False
chr15	81798910	81798911	+	0.00160458	Pvalue	101	A	CGAGT	ok	False
chr16	55790511	55790512	+	5.03619e-06	Pvalue	2039	A	CAAAG	ok	False
chr17	24690420	24690421	+	0.00973964	Pvalue	355	A	GGAGT	ok	False
chr16	87280894	87280895	-	3.36951e-06	Pvalue	1010	T	CATCC	ok	False
chr17	46985895	46985896	-	0.00292274	Pvalue	79	T	AGTCC	ok	True
chr18	53351374	53351375	+	0.0331036	Pvalue	27	A	AAAGA	ok	False
chr18	75135129	75135130	+	5.52174e-07	Pvalue	266	A	CCAAA	ok	False
chr19	15882837	15882838	-	0.0203732	Pvalue	57	T	AGTCA	ok	True
chrx	36061523	36061524	+	0.00627286	Pvalue	227	A	CAAAG	ok	False
chrx	100491951	100491952	+	0.0292107	Pvalue	338	A	ACACT	ok	False
chr1	72891572	72891573	+	0.000559526	Pvalue	443	A	AAATT	ok	False
chr1	128291566	128291567	-	0.0399126	Pvalue	164	T	TTTTA	ok	False
chr2	29961343	29961344	+	0.0109092	Pvalue	162	A	TTACA	ok	False
chr2	103595610	103595611	-	0.00889748	Pvalue	224	T	AATAA	ok	False
chr3	87822764	87822765	+	0.0203961	Pvalue	36	A	TTAAC	ok	False
chr3	95569228	95569229	+	0.0178383	Pvalue	190	A	ACAAA	ok	False
chr3	90120551	90120552	-	0.0180927	Pvalue	173	T	TTTTT	ok	False
chr3	137572151	137572152	+	0.0202815	Pvalue	143	A	TCATC	ok	False
chr4	45105506	45105507	-	0.0183654	Pvalue	41	T	TGTCC	ok	True
chr4	86774994	86774995	-	0.000107269	Pvalue	96	T	GCTAC	ok	False
chr4	116556524	116556525	+	0.0024577	Pvalue	1546	A	AAACA	ok	True
chr4	132258092	132258093	-	0.0327618	Pvalue	453	T	CATGG	ok	False
chr4	119135347	119135348	-	0.0469757	Pvalue	46	T	CTTTT	ok	False
chr4	150333160	150333161	+	0.00405838	Pvalue	1695	A	GGAGA	ok	False
chr5	45666847	45666848	+	0.000556031	Pvalue	91	A	ACAAA	ok	False
chr5	129875091	129875092	+	1.09732e-14	Pvalue	717	A	GAAAT	ok	False
chr6	7675513	7675514	-	0.000180793	Pvalue	362	T	TCTCA	ok	False
chr6	87976265	87976266	-	0.00784013	Pvalue	470	T	GGTTA	ok	True
chr6	124693887	124693888	+	0.019573	Pvalue	1078	A	TAAAA	ok	False
chr6	122691568	122691569	+	0.000380119	Pvalue	593	A	AAAAT	ok	False
chr7	18885161	18885162	+	0.00697199	Pvalue	372	A	CCAAG	ok	False
chr7	12764625	12764626	+	0.000355345	Pvalue	1549	A	AGATG	ok	False
chr7	33901883	33901884	-	0.00533653	Pvalue	502	T	AGTCC	ok	True
chr7	78783729	78783730	-	0.0010176	Pvalue	1078	T	CGTGG	ok	False
chr7	110671247	110671248	-	0.0286602	Pvalue	586	T	AATTC	ok	False
chr8	57967387	57967388	+	4.14875e-06	Pvalue	279	A	ATATT	ok	False
chr8	71320892	71320893	-	4.06826e-08	Pvalue	282	T	ATTGG	ok	False
chr8	72047378	72047379	+	0.0288368	Pvalue	50	A	ATACC	ok	False
chr8	94746315	94746316	-	0.000673852	Pvalue	77	T	GTTGT	ok	False
chr8	112720098	112720099	-	0.00739941	Pvalue	512	T	GGTAA	ok	False
chr9	44247303	44247304	+	0.0351224	Pvalue	388	A	TTAGA	ok	False
chr9	59585334	59585335	+	0.0345493	Pvalue	94	A	TCACC	ok	False
chr9	64084264	64084265	+	0.00839144	Pvalue	285	A	TGAGA	ok	False
chr9	119960524	119960525	+	6.50382e-10	Pvalue	9866	A	CCACT	ok	False
chr10	75773560	75773561	+	0.0161735	Pvalue	1103	A	TAAAA	ok	False
chr10	79892123	79892124	+	0.000694113	Pvalue	510	A	GCACT	ok	False
chr10	95378572	95378573	+	0.000169541	Pvalue	58	A	TAAAG	ok	False
chr10	86528020	86528021	-	0.0139633	Pvalue	325	T	AATGT	ok	False
chr11	6306552	6306553	+	0.00993178	Pvalue	225	A	TTATT	ok	False
chr11	51510780	51510781	+	0.00378479	Pvalue	472	A	CAAGC	ok	False
chr11	53321582	53321583	-	0.00283522	Pvalue	567	T	CCTAA	ok	False
chr11	48696830	48696831	+	2.43579e-08	Pvalue	5046	A	ACAAC	ok	False
chr11	59102876	59102877	-	0.000208889	Pvalue	40	T	TCTAG	ok	False
chr11	83970374	83970375	-	0.0245541	Pvalue	20	T	ACTGT	ok	False
chr11	106672519	106672520	-	0.0403114	Pvalue	268	T	AATAT	ok	False
chr11	120849417	120849418	+	0.00722282	Pvalue	116	A	CCATT	ok	False
chr12	66330302	66330303	-	3.12477e-07	Pvalue	154	T	TTTTA	ok	False
chr12	78932023	78932024	+	0.027999	Pvalue	93	A	AAACA	ok	True
chr12	110658036	110658037	-	0.000736202	Pvalue	657	T	GTTAC	ok	False
chr12	110657516	110657517	-	0.00153908	Pvalue	5113	T	GTTAT	ok	False
chr14	4201853	4201854	+	0.000127112	Pvalue	200	A	ATAAA	ok	False
chr14	34065834	34065835	+	0.0374109	Pvalue	46	A	AAAGA	ok	False
chr14	76085619	76085620	+	1.72483e-08	Pvalue	476	A	GGACT	ok	True
chr15	51650133	51650134	-	0.0026061	Pvalue	280	T	TGTAT	ok	False
chr15	76790468	76790469	+	0.00126338	Pvalue	7535	A	GAAGG	ok	False
chr15	98935658	98935659	+	0.00517489	Pvalue	484	A	AGAGC	ok	False
chr16	33776994	33776995	-	0.000288874	Pvalue	540	T	AGTAC	ok	False
chr16	64676130	64676131	+	4.81531e-06	Pvalue	35	A	AGACT	ok	True
chr17	25114956	25114957	+	0.0213173	Pvalue	200	A	CCAGG	ok	False
chr17	24939654	24939655	+	1.11168e-07	Pvalue	572	A	AAATC	ok	False
chr17	26345441	26345442	+	0.0491983	Pvalue	477	A	AGAGA	ok	False
chr17	35472641	35472642	+	0.000343235	Pvalue	541	A	TAACA	ok	True
chr17	88298236	88298237	+	0.000364329	Pvalue	233	A	CTACA	ok	False
chr18	60911598	60911599	+	1.87293e-05	Pvalue	2849	A	ATAAA	ok	False
chr18	35071434	35071435	-	0.0291073	Pvalue	192	T	CGTTC	ok	False
chr19	41907051	41907052	+	5.94444e-13	Pvalue	87	A	ACAAC	ok	False
chrx	36062191	36062192	+	1.09594e-05	Pvalue	452	A	ACACA	ok	False
chrx	135633746	135633747	-	0.041525	Pvalue	501	T	AATTC	ok	False
chr1	134559557	134559558	+	0.00500838	Pvalue	116	A	TAAGT	ok	False
chr2	84877392	84877393	+	0.000373009	Pvalue	711	A	CTACT	ok	False
chr2	156715380	156715381	+	0.0406365	Pvalue	396	A	GAAAA	ok	False
chr2	163466877	163466878	-	0.00194557	Pvalue	69	T	AATTC	ok	False
chr3	86048574	86048575	-	0.00856385	Pvalue	900	T	TTTGT	ok	False
chr3	95569062	95569063	+	0.0108181	Pvalue	209	A	CAATC	ok	False
chr3	94792232	94792233	-	0.00152358	Pvalue	802	T	GTTAT	ok	False
chr4	8582444	8582445	+	0.0289142	Pvalue	18	A	GGACT	ok	True
chr4	57951797	57951798	-	0.000452865	Pvalue	282	T	CATGG	ok	False
chr4	86773006	86773007	-	2.3492e-10	Pvalue	305	T	AATCT	ok	False
chr4	128905160	128905161	+	0.00136187	Pvalue	232	A	TAAAA	ok	False
chr4	117012238	117012239	-	0.000462761	Pvalue	757	T	AATCT	ok	False
chr4	156093709	156093710	+	0.00141098	Pvalue	51	A	AGAAA	ok	False
chr5	36952299	36952300	-	0.00167074	Pvalue	560	T	TGTTT	ok	True
chr5	77115026	77115027	+	0.0023797	Pvalue	355	A	AAATA	ok	False
chr5	108052662	108052663	+	0.00256595	Pvalue	428	A	GAATG	ok	False
chr5	129100117	129100118	+	0.0352652	Pvalue	1739	A	AGATA	ok	False
chr5	135819100	135819101	+	0.00329544	Pvalue	785	A	CTAAC	ok	False
chr6	91441698	91441699	-	0.0213002	Pvalue	137	T	GATAA	ok	False
chr6	122691411	122691412	+	0.028064	Pvalue	600	A	TAAAA	ok	False
chr6	148257011	148257012	+	4.21188e-109	Pvalue	996	A	GGACA	ok	True
chr7	15851021	15851022	+	0.0141161	Pvalue	129	A	AAAAA	ok	False
chr7	4797107	4797108	+	2.39667e-08	Pvalue	963	A	CAAGA	ok	False
chr7	43107189	43107190	+	0.0334742	Pvalue	467	A	AAAAC	ok	False
chr7	46504744	46504745	+	3.97972e-06	Pvalue	956	A	TTAGT	ok	False
chr7	80994132	80994133	-	1.64608e-11	Pvalue	2226	T	TCTCT	ok	False
chr7	120258325	120258326	+	0.000917325	Pvalue	121	A	ATAAC	ok	False
chr7	126394620	126394621	-	1.30368e-05	Pvalue	1281	T	GATTC	ok	False
chr8	13225126	13225127	+	0.0361612	Pvalue	323	A	AAATA	ok	False
chr8	27763358	27763359	+	0.0332709	Pvalue	142	A	GGATT	ok	False
chr8	85561935	85561936	-	0.0195306	Pvalue	42	T	AGTAG	ok	False
chr8	121400930	121400931	+	0.0171999	Pvalue	1262	A	AAAGA	ok	False
chr9	35127976	35127977	+	0.0344078	Pvalue	51	A	ACACG	ok	False
chr9	57412483	57412484	+	0.0195741	Pvalue	132	A	TTAAA	ok	False
chr9	108777653	108777654	+	0.0438146	Pvalue	619	A	TGACT	ok	True
chr10	61261035	61261036	+	0.0366173	Pvalue	153	A	CCATG	ok	False
chr9	119959880	119959881	+	1.50923e-21	Pvalue	6508	A	GTACT	ok	False
chr10	80631273	80631274	+	0.0186964	Pvalue	38	A	ATAAA	ok	False
chr11	4843532	4843533	+	0.00247672	Pvalue	83	A	GGAGG	ok	False
chr11	22952304	22952305	+	0.0243267	Pvalue	469	A	CTAGC	ok	False
chr11	55390549	55390550	+	1.06337e-17	Pvalue	65	A	TGAAT	ok	False
chr11	95571573	95571574	+	0.00126884	Pvalue	271	A	TAAAT	ok	False
chr11	97668981	97668982	-	4.13069e-19	Pvalue	1838	T	GATAG	ok	False
chr11	97921286	97921287	+	0.0478238	Pvalue	1458	A	AAACA	ok	True
chr11	107388505	107388506	+	0.000308266	Pvalue	211	A	TTAAC	ok	False
chr11	120451196	120451197	-	0.0405142	Pvalue	529	T	AATGG	ok	False
chr13	30724585	30724586	-	0.00669881	Pvalue	206	T	GTTTG	ok	False
chr12	110658749	110658750	-	0.000862922	Pvalue	255	T	GCTGC	ok	False
chr14	19862003	19862004	-	0.000222694	Pvalue	708	T	TATTA	ok	False
chr14	30293199	30293200	+	0.0476471	Pvalue	372	A	GAAAG	ok	False
chr14	76084203	76084204	+	0.00442394	Pvalue	397	A	AGATT	ok	False
chr15	43115691	43115692	-	4.59648e-38	Pvalue	196	T	TGTCT	ok	True
chr15	79556893	79556894	+	3.35807e-05	Pvalue	320	A	GAAGT	ok	False
chr15	78978479	78978480	+	0.00331091	Pvalue	737	A	ATAGA	ok	False
chr15	98830147	98830148	-	0.00096926	Pvalue	185	T	TGTAG	ok	False
chr16	31775966	31775967	+	0.0236753	Pvalue	33	A	GAATC	ok	False
chr16	64587016	64587017	-	0.0181998	Pvalue	13	T	AGTCC	ok	True
chr16	91722278	91722279	-	0.0314653	Pvalue	1019	T	AGTCT	ok	True
chr17	13143314	13143315	+	0.00537745	Pvalue	1088	A	AAACA	ok	True
chr17	29260932	29260933	+	0.0131916	Pvalue	591	A	TAAAA	ok	False
chr17	83811529	83811530	-	0.00197113	Pvalue	27	T	CCTGG	ok	False
chr17	80535724	80535725	+	0.0262372	Pvalue	39	A	GAATT	ok	False
chr18	46742052	46742053	+	0.0353466	Pvalue	235	A	AAAAG	ok	False
chr18	75135781	75135782	+	4.1846e-08	Pvalue	709	A	GCACC	ok	False
chr19	8955345	8955346	+	1.09607e-14	Pvalue	2172	A	ACATG	ok	False
chr19	60749823	60749824	-	0.00782182	Pvalue	144	T	ATTAG	ok	False
chr1	36732294	36732295	+	0.00175356	Pvalue	717	A	GTACT	ok	False
chr1	58634859	58634860	+	0.0269268	Pvalue	124	A	CGAGT	ok	False
chr1	75192325	75192326	-	0.0151515	Pvalue	530	T	TTTTC	ok	False
chr1	128291537	128291538	-	5.69286e-09	Pvalue	167	T	TTTTT	ok	False
chr1	160030513	160030514	-	0.0159257	Pvalue	208	T	TATTG	ok	False
chr1	180630489	180630490	-	0.0415805	Pvalue	157	T	CCTGA	ok	False
chr2	10060862	10060863	-	4.6616e-05	Pvalue	885	T	TATTG	ok	False
chr1	171291456	171291457	+	0.000121049	Pvalue	39	A	AGAGA	ok	False
chr2	27426454	27426455	+	0.024156	Pvalue	216	A	CGAGT	ok	False
chr2	32853000	32853001	+	0.0174675	Pvalue	412	A	CGAGG	ok	False
chr2	34666229	34666230	+	0.0203151	Pvalue	197	A	TCACC	ok	False
chr2	121268275	121268276	+	0.000140202	Pvalue	428	A	AAATT	ok	False
chr2	143784656	143784657	+	0.000191927	Pvalue	86	A	TAAAA	ok	False
chr2	132091393	132091394	-	0.0349053	Pvalue	140	T	GTTAT	ok	False
chr2	130121148	130121149	+	0.00019575	Pvalue	604	A	GGACC	ok	True
chr2	148713957	148713958	-	0.0473042	Pvalue	331	T	AGTGC	ok	False
chr2	157167963	157167964	+	3.10261e-07	Pvalue	409	A	GAATG	ok	False
chr3	87823262	87823263	+	6.52123e-09	Pvalue	747	A	AAAAG	ok	False
chr3	86045873	86045874	-	0.00645586	Pvalue	2734	T	TATGT	ok	False
chr3	93433562	93433563	+	1.06797e-09	Pvalue	208	A	CAAAA	ok	False
chr3	95569156	95569157	+	0.0403128	Pvalue	211	A	CTAGA	ok	False
chr3	88228816	88228817	+	5.63524e-05	Pvalue	1563	A	AGAAC	ok	False
chr3	130490121	130490122	-	0.00666406	Pvalue	88	T	GGTAG	ok	False
chr3	98221492	98221493	-	0.0233835	Pvalue	169	T	AGTGG	ok	False
chr4	41712154	41712155	-	0.0148492	Pvalue	159	T	TTTAA	ok	False
chr4	89098303	89098304	+	0.00799837	Pvalue	31	A	AAATA	ok	False
chr4	123024245	123024246	-	0.0216951	Pvalue	20	T	TGTGA	ok	False
chr4	148679034	148679035	+	0.000677938	Pvalue	372	A	CAAAA	ok	False
chr5	33185248	33185249	+	0.0384839	Pvalue	253	A	CCAGA	ok	False
chr5	45669323	45669324	+	0.0119292	Pvalue	296	A	TGAGA	ok	False
chr5	115436680	115436681	-	3.07063e-25	Pvalue	427	T	AGTCT	ok	True
chr5	129099466	129099467	+	0.00285784	Pvalue	366	A	CTACA	ok	False
chr5	124483862	124483863	-	0.0355619	Pvalue	116	T	GGTGA	ok	False
chr5	145064754	145064755	+	4.48032e-08	Pvalue	103	A	AAATG	ok	False
chr5	129912841	129912842	-	0.000147495	Pvalue	483	T	CGTGA	ok	False
chr6	88080920	88080921	+	0.00698272	Pvalue	313	A	GAAAA	ok	False
chr6	125437288	125437289	-	0.00315803	Pvalue	206	T	TTTTA	ok	False
chr7	3709708	3709709	+	0.0179795	Pvalue	3717	A	GCACA	ok	False
chr6	137728073	137728074	+	0.00168484	Pvalue	224	A	TAAAT	ok	False
chr7	28051947	28051948	+	0.00677417	Pvalue	626	A	TCAAA	ok	False
chr7	37962459	37962460	-	0.00737101	Pvalue	109	T	AGTTG	ok	False
chr7	45474661	45474662	-	0.0368161	Pvalue	198	T	TCTGG	ok	False
chr7	83548230	83548231	+	0.00208153	Pvalue	188	A	AAATT	ok	False
chr7	45475060	45475061	-	0.000156186	Pvalue	107	T	AGTCC	ok	True
chr7	126394562	126394563	-	0.0284979	Pvalue	1189	T	GTTGA	ok	False
chr7	126396845	126396846	-	0.00416535	Pvalue	13	T	CTTGC	ok	False
chr7	138493220	138493221	-	0.0191814	Pvalue	13	T	CTTTG	ok	False
chr8	46661476	46661477	-	0.0108214	Pvalue	299	T	AGTGT	ok	False
chr8	75854178	75854179	+	6.35309e-05	Pvalue	403	A	TGAGT	ok	False
chr8	112679448	112679449	+	8.23356e-07	Pvalue	137	A	AGATT	ok	False
chr8	111781734	111781735	+	0.00226614	Pvalue	265	A	ACATG	ok	False
chr9	57412290	57412291	+	0.0033353	Pvalue	88	A	GAATG	ok	False
chr9	65567630	65567631	+	0.0180898	Pvalue	366	A	GGATA	ok	False
chr9	96353124	96353125	-	0.00304465	Pvalue	165	T	TTTTC	ok	False
chr9	106308507	106308508	+	8.46911e-06	Pvalue	8	A	AGAGG	ok	False
chr10	71166862	71166863	-	4.32593e-05	Pvalue	98	T	TGTCC	ok	True
chr10	79890865	79890866	+	0.0135014	Pvalue	313	A	GTACA	ok	False
chr10	80957795	80957796	+	0.0113701	Pvalue	305	A	AAATG	ok	False
chr10	128326802	128326803	-	0.0316751	Pvalue	441	T	TGTGA	ok	False
chr10	127926070	127926071	+	0.00325152	Pvalue	1615	A	CAAGA	ok	False
chr11	33109990	33109991	-	0.00432842	Pvalue	415	T	CTTTT	ok	False
chr11	68794077	68794078	+	0.00327433	Pvalue	3017	A	CTACA	ok	False
chr11	40639737	40639738	-	0.0212826	Pvalue	49	T	AATTA	ok	False
chr11	69558122	69558123	-	0.00952509	Pvalue	1737	T	TTTTT	ok	False
chr11	101168885	101168886	-	0.00147825	Pvalue	135	T	CCTTA	ok	False
chr11	102729412	102729413	-	0.0127564	Pvalue	358	T	TGTTC	ok	True
chr12	110633215	110633216	+	1.73435e-09	Pvalue	120	A	GGACT	ok	True
chr15	76789134	76789135	+	2.57826e-06	Pvalue	2917	A	CTACG	ok	False
chr15	98829668	98829669	-	7.13119e-20	Pvalue	1941	T	AATGG	ok	False
chr15	102190108	102190109	+	5.52174e-07	Pvalue	179	A	AGACT	ok	True
chr16	55791679	55791680	+	1.77179e-06	Pvalue	1796	A	CCACA	ok	False
chr16	87282757	87282758	-	0.000138942	Pvalue	243	T	ATTTC	ok	False
chr17	35821363	35821364	+	0.00239733	Pvalue	585	A	ACACT	ok	False
chr17	47202474	47202475	+	0.0450156	Pvalue	37	A	TTACA	ok	False
chr17	88298022	88298023	+	0.00128663	Pvalue	377	A	GAATT	ok	False
chr18	48180483	48180484	+	0.0397419	Pvalue	21	A	ACAAA	ok	False
chr18	60910090	60910091	+	0.00138063	Pvalue	3562	A	GGATG	ok	False
chr18	77870332	77870333	+	7.13744e-08	Pvalue	582	A	TAAAG	ok	False
chr19	44994360	44994361	-	0.0423086	Pvalue	132	T	CCTCG	ok	False
chr19	42112051	42112052	-	0.00017736	Pvalue	219	T	TGTCC	ok	True
chrx	36346391	36346392	-	0.00060909	Pvalue	878	T	CTTAG	ok	False
chrx	36062236	36062237	+	4.17855e-07	Pvalue	541	A	GTATA	ok	False
chrx	105247281	105247282	+	5.15621e-06	Pvalue	297	A	CAATA	ok	False
chr1	4846643	4846644	-	0.0269996	Pvalue	652	T	TGTGC	ok	False
chr1	180630557	180630558	-	0.00186855	Pvalue	142	T	TATCT	ok	False
chr1	157247654	157247655	+	0.00394376	Pvalue	254	A	TTACA	ok	False
chr1	182103997	182103998	-	0.0407845	Pvalue	35	T	AGTAA	ok	False
chr2	75496380	75496381	+	0.00920574	Pvalue	50	A	TAATT	ok	False
chr2	130121243	130121244	-	0.0277599	Pvalue	141	T	TTTTG	ok	False
chr2	144092616	144092617	-	0.00928053	Pvalue	49	T	GATCT	ok	False
chr3	95569033	95569034	+	3.02731e-08	Pvalue	212	A	AGATT	ok	False
chr3	121251465	121251466	+	0.0359052	Pvalue	444	A	GGAAG	ok	False
chr3	137572363	137572364	+	0.00446965	Pvalue	558	A	CCAAC	ok	False
chr4	107744394	107744395	+	0.0390497	Pvalue	191	A	GTATT	ok	False
chr4	55390580	55390581	+	0.0218628	Pvalue	94	A	GAAAA	ok	False
chr4	135777285	135777286	-	2.50061e-10	Pvalue	542	T	TTTTT	ok	False
chr4	140447913	140447914	+	0.0128982	Pvalue	337	A	GGATG	ok	False
chr5	115379849	115379850	-	0.0405436	Pvalue	287	T	TTTAT	ok	False
chr5	129100055	129100056	+	1.70491e-14	Pvalue	1726	A	TCATT	ok	False
chr5	146772489	146772490	+	0.018615	Pvalue	804	A	CAAAG	ok	False
chr6	67261083	67261084	+	0.000179689	Pvalue	669	A	AGACT	ok	True
chr6	122691571	122691572	+	0.00142599	Pvalue	443	A	ATAAA	ok	False
chr6	137814720	137814721	+	0.014183	Pvalue	46	A	ATACT	ok	False
chr7	12764290	12764291	+	4.81567e-05	Pvalue	527	A	CTACA	ok	False
chr7	37962373	37962374	-	1.21742e-07	Pvalue	116	T	GTTTC	ok	False
chr7	44775357	44775358	-	9.36188e-06	Pvalue	9308	T	AGTCT	ok	True
chr7	44771966	44771967	-	5.4577e-21	Pvalue	4942	T	TCTCC	ok	False
chr7	126395239	126395240	-	0.0472552	Pvalue	342	T	AATGT	ok	False
chr7	126394502	126394503	-	4.85404e-07	Pvalue	1247	T	GATGG	ok	False
chr8	43748170	43748171	-	1.40442e-05	Pvalue	170	T	TATTC	ok	False
chr8	46660375	46660376	-	0.00904037	Pvalue	82	T	CATTT	ok	False
chr8	85756894	85756895	+	0.00476369	Pvalue	266	A	AAAGA	ok	False
chr9	44247884	44247885	-	5.95058e-05	Pvalue	48	T	CATCC	ok	False
chr9	108082201	108082202	-	0.000357552	Pvalue	70	T	TGTCT	ok	True
chr9	114811547	114811548	-	0.0160634	Pvalue	1042	T	CATCC	ok	False
chr9	121679309	121679310	-	0.0479704	Pvalue	88	T	AGTGA	ok	False
chr9	78385982	78385983	-	5.22794e-26	Pvalue	11637	T	ATTAA	ok	False
chr10	79981641	79981642	+	0.0243685	Pvalue	945	A	GGAAC	ok	False
chr10	93419302	93419303	-	0.0249108	Pvalue	241	T	TATAT	ok	False
chr10	80735762	80735763	-	0.00256799	Pvalue	697	T	ATTTA	ok	False
chr10	116887031	116887032	-	4.42081e-07	Pvalue	473	T	AATGT	ok	False
chr11	6369755	6369756	+	0.0290317	Pvalue	528	A	TCAAG	ok	False
chr11	22953142	22953143	+	6.20086e-13	Pvalue	1601	A	ATACT	ok	False
chr11	55391223	55391224	+	0.0172313	Pvalue	296	A	CAAAT	ok	False
chr11	78071784	78071785	-	0.0183908	Pvalue	433	T	TTTAG	ok	False
chr11	114559619	114559620	+	0.00309522	Pvalue	1251	A	AGAGC	ok	False
chr11	106153474	106153475	+	1.66819e-05	Pvalue	1201	A	AAAAT	ok	False
chr11	120379350	120379351	+	0.016204	Pvalue	622	A	GCAAC	ok	False
chr12	21440743	21440744	-	0.00348697	Pvalue	119	T	CATAA	ok	False
chr15	25363510	25363511	-	0.00457649	Pvalue	66	T	GATGG	ok	False
chr15	36596241	36596242	-	1.25308e-05	Pvalue	360	T	TTTTA	ok	False
chr15	98847920	98847921	-	0.0354376	Pvalue	499	T	TATTC	ok	False
chr15	79964030	79964031	-	0.000501277	Pvalue	527	T	TGTAT	ok	False
chr16	32877770	32877771	+	0.0112264	Pvalue	127	A	CAAGG	ok	False
chr17	13143179	13143180	+	7.88123e-07	Pvalue	904	A	CGAGA	ok	False
chr17	24940848	24940849	+	2.17414e-07	Pvalue	823	A	CTACC	ok	False
chr17	34042279	34042280	-	0.00251981	Pvalue	918	T	GGTGT	ok	False
chr17	71303711	71303712	-	0.0124576	Pvalue	24	T	CGTGC	ok	False
chr17	88298036	88298037	+	0.0118678	Pvalue	377	A	GAATC	ok	False
chr18	75136286	75136287	+	1.00871e-09	Pvalue	738	A	GAAAC	ok	False
chr19	32443329	32443330	-	3.1377e-06	Pvalue	1291	T	CATGT	ok	False
chrx	13035954	13035955	+	0.0199196	Pvalue	10	A	GCAAA	ok	False
chr1	4916773	4916774	+	0.0321767	Pvalue	129	A	AAACA	ok	True
chr1	53384037	53384038	-	0.0274959	Pvalue	114	T	AATAA	ok	False
chr1	134559129	134559130	+	0.010479	Pvalue	27	A	TCACT	ok	False
chr2	10060946	10060947	-	0.0135829	Pvalue	898	T	AATCA	ok	False
chr1	182104091	182104092	-	0.0135522	Pvalue	29	T	TCTCG	ok	False
chr2	73738836	73738837	-	0.00110142	Pvalue	1184	T	ATTTC	ok	False
chr2	112092724	112092725	+	0.0165181	Pvalue	278	A	ATATT	ok	False
chr2	103595379	103595380	-	0.000500259	Pvalue	214	T	ATTTA	ok	False
chr2	130013583	130013584	-	0.00054506	Pvalue	342	T	TTTAT	ok	False
chr2	148517643	148517644	+	0.0184312	Pvalue	117	A	ATAGC	ok	False
chr2	130121225	130121226	+	0.0258132	Pvalue	532	A	CCAGA	ok	False
chr2	162925403	162925404	+	3.5272e-16	Pvalue	75	A	ACAAG	ok	False
chr3	88476274	88476275	+	0.0020508	Pvalue	11	A	GGACT	ok	True
chr3	86045266	86045267	-	4.53498e-14	Pvalue	2918	T	TTTTT	ok	False
chr3	95569004	95569005	+	2.10687e-06	Pvalue	188	A	AGAGC	ok	False
chr3	105875327	105875328	+	2.80722e-05	Pvalue	253	A	GAAAA	ok	False
chr3	122719366	122719367	+	0.00243611	Pvalue	253	A	TTATG	ok	False
chr3	121251507	121251508	+	0.0312746	Pvalue	450	A	CTAAA	ok	False
chr3	108334123	108334124	-	0.0198443	Pvalue	389	T	CTTAG	ok	False
chr4	116495007	116495008	-	0.00448103	Pvalue	261	T	ATTGT	ok	False
chr4	129486104	129486105	-	0.00782174	Pvalue	538	T	AGTGG	ok	False
chr4	135778575	135778576	-	7.70543e-26	Pvalue	474	T	TATCC	ok	False
chr4	150981774	150981775	-	0.0317419	Pvalue	805	T	CTTTG	ok	False
chr4	152414485	152414486	+	0.00181219	Pvalue	1649	A	CAAGG	ok	False
chr5	29972046	29972047	+	0.00834541	Pvalue	21	A	TAAAA	ok	False
chr4	155973115	155973116	+	0.0134238	Pvalue	69	A	AAAAT	ok	False
chr5	65545772	65545773	-	1.14775e-10	Pvalue	1054	T	TCTGG	ok	False
chr5	117420827	117420828	-	0.000182736	Pvalue	325	T	TCTCC	ok	False
chr5	108055896	108055897	+	7.03329e-05	Pvalue	602	A	CAATA	ok	False
chr5	129099466	129099467	+	0.000440266	Pvalue	366	A	CTACA	ok	False
chr5	146772380	146772381	+	1.19562e-11	Pvalue	614	A	AAATT	ok	False
chr5	121705928	121705929	-	0.000235799	Pvalue	114	T	AATTC	ok	False
chr6	67261190	67261191	+	1.54092e-10	Pvalue	675	A	TCATA	ok	False
chr6	55056220	55056221	+	2.05072e-21	Pvalue	335	A	CAATG	ok	False
chr7	12764750	12764751	+	0.00658006	Pvalue	1945	A	TAAGT	ok	False
chr7	12659426	12659427	+	1.03572e-08	Pvalue	1634	A	TTACT	ok	False
chr7	4797525	4797526	+	1.16121e-19	Pvalue	1001	A	CAATA	ok	False
chr7	37797666	37797667	-	2.79613e-16	Pvalue	223	T	AGTCC	ok	True
chr7	30323959	30323960	-	0.000156748	Pvalue	576	T	TCTGG	ok	False
chr7	33840301	33840302	-	0.00520999	Pvalue	261	T	AATAT	ok	False
chr7	80993536	80993537	-	4.96798e-42	Pvalue	2241	T	TCTAG	ok	False
chr7	109119172	109119173	+	4.43047e-08	Pvalue	217	A	GCACC	ok	False
chr7	102118128	102118129	+	0.0141281	Pvalue	116	A	TAAGT	ok	False
chr7	126394427	126394428	-	1.22408e-05	Pvalue	1288	T	ATTGG	ok	False
chr7	140534784	140534785	-	0.00903691	Pvalue	388	T	ACTGT	ok	False
chr7	144418969	144418970	+	0.0133074	Pvalue	616	A	CAAAC	ok	False
chr8	43748109	43748110	-	0.00317258	Pvalue	155	T	GTTTT	ok	False
chr8	22919337	22919338	+	0.0244468	Pvalue	32	A	TAAAC	ok	False
chr8	46662252	46662253	-	0.0258128	Pvalue	88	T	AGTCC	ok	True
chr8	73466058	73466059	+	0.0109299	Pvalue	333	A	GAACA	ok	True
chr8	86265406	86265407	-	0.00571933	Pvalue	180	T	TTTTT	ok	False
chr8	94746151	94746152	-	0.0138155	Pvalue	120	T	GTTTC	ok	False
chr9	64085673	64085674	+	1.14153e-06	Pvalue	3342	A	CAAGA	ok	False
chr10	29574990	29574991	-	0.0491198	Pvalue	1823	T	GTTTA	ok	False
chr10	71166743	71166744	-	0.0322896	Pvalue	149	T	TGTGA	ok	False
chr10	80665003	80665004	+	0.0130971	Pvalue	346	A	TTACT	ok	False
chr10	81018154	81018155	+	6.80934e-70	Pvalue	2356	A	AGATG	ok	False
chr10	127925920	127925921	+	1.47716e-16	Pvalue	1252	A	CTACA	ok	False
chr11	22952225	22952226	+	6.59637e-06	Pvalue	397	A	GTACT	ok	False
chr11	55391042	55391043	+	9.22575e-05	Pvalue	196	A	AAATT	ok	False
chr11	58823306	58823307	-	0.035523	Pvalue	401	T	TATCT	ok	False
chr11	78071994	78071995	-	4.66726e-17	Pvalue	474	T	TCTAG	ok	False
chr11	70868910	70868911	-	1.23042e-14	Pvalue	175	T	AGTCT	ok	True
chr11	115913628	115913629	-	0.0425984	Pvalue	30	T	AATAC	ok	False
chr11	115913758	115913759	-	0.00372464	Pvalue	140	T	ATTCT	ok	False
chr11	120236848	120236849	-	1.51162e-15	Pvalue	1898	T	GTTGG	ok	False
chr12	110657692	110657693	-	3.22679e-24	Pvalue	4535	T	ATTTA	ok	False
chr13	67048860	67048861	-	0.00765427	Pvalue	166	T	TCTTT	ok	False
chr14	14303525	14303526	+	1.1839e-05	Pvalue	129	A	TAAAG	ok	False
chr14	4201764	4201765	+	1.99127e-09	Pvalue	235	A	ATACT	ok	False
chr14	47013331	47013332	-	4.6933e-06	Pvalue	135	T	TCTTT	ok	False
chr14	63383928	63383929	-	0.0183721	Pvalue	277	T	GGTTC	ok	True
chr14	121184825	121184826	+	1.97835e-05	Pvalue	520	A	ACAAA	ok	False
chr14	76085628	76085629	+	0.0262435	Pvalue	490	A	TCATC	ok	False
chr15	34284103	34284104	+	0.0159934	Pvalue	39	A	GAAAG	ok	False
chr15	96585588	96585589	-	0.0183546	Pvalue	75	T	TTTTA	ok	False
chr16	37474543	37474544	-	0.0235502	Pvalue	49	T	GATGT	ok	False
chr16	55790523	55790524	+	0.0162699	Pvalue	2063	A	CAATG	ok	False
chr17	13139690	13139691	+	0.0205507	Pvalue	15	A	AAAAT	ok	False
chr17	24940884	24940885	+	0.000245465	Pvalue	952	A	GAATT	ok	False
chr17	13229474	13229475	+	0.0199187	Pvalue	19	A	ACACC	ok	False
chr17	35277636	35277637	+	0.0240293	Pvalue	106	A	AGATT	ok	False
chr17	45703921	45703922	-	0.00796624	Pvalue	141	T	TCTAG	ok	False
chr18	56720165	56720166	+	0.0116171	Pvalue	290	A	GGATG	ok	False
chr18	75136338	75136339	+	2.39124e-05	Pvalue	731	A	AAAGT	ok	False
chr19	18680793	18680794	+	0.0239576	Pvalue	3	A	TAAAA	ok	False
chr19	41906863	41906864	+	0.000153954	Pvalue	67	A	AGAAA	ok	False
chrx	36347730	36347731	-	5.54302e-08	Pvalue	601	T	TCTTG	ok	False
chrx	36062183	36062184	+	0.0217681	Pvalue	448	A	CAAGA	ok	False
chrx	101231532	101231533	-	0.00269143	Pvalue	294	T	CTTAA	ok	False
chr1	16173511	16173512	-	3.49319e-05	Pvalue	353	T	GATAG	ok	False
chr1	86458267	86458268	+	1.95464e-23	Pvalue	4122	A	TGAGA	ok	False
chr1	170956982	170956983	-	0.000105178	Pvalue	107	T	AGTCA	ok	True
chr1	171065514	171065515	-	0.0009736	Pvalue	34	T	CCTAT	ok	False
chr2	31410500	31410501	+	0.00408076	Pvalue	191	A	AAATT	ok	False
chr2	121266419	121266420	+	0.000142792	Pvalue	82	A	ATATT	ok	False
chr2	156715410	156715411	+	0.0260748	Pvalue	369	A	ATACA	ok	False
chr2	163248138	163248139	-	0.00811354	Pvalue	20	T	CTTTG	ok	False
chr2	174269357	174269358	-	0.029814	Pvalue	190	T	GCTCC	ok	False
chr3	87823227	87823228	+	1.76433e-05	Pvalue	640	A	TCACA	ok	False
chr3	86045344	86045345	-	1.06359e-09	Pvalue	2954	T	CCTTA	ok	False
chr3	90142881	90142882	+	0.0342525	Pvalue	50	A	GGACT	ok	True
chr3	122719342	122719343	+	7.88229e-05	Pvalue	255	A	TAATA	ok	False
chr3	108333948	108333949	-	0.00462236	Pvalue	504	T	TATTG	ok	False
chr4	86774113	86774114	-	6.22843e-15	Pvalue	248	T	TTTAA	ok	False
chr4	116493725	116493726	-	0.019115	Pvalue	259	T	ATTGA	ok	False
chr4	126599911	126599912	+	0.000283793	Pvalue	108	A	TTACT	ok	False
chr4	140448423	140448424	+	0.0331639	Pvalue	363	A	CTATT	ok	False
chr5	36952364	36952365	-	0.0120295	Pvalue	645	T	GTTCG	ok	False
chr5	104588525	104588526	+	0.000411343	Pvalue	147	A	AAAAA	ok	False
chr5	108055834	108055835	+	3.92492e-08	Pvalue	622	A	AGAGC	ok	False
chr5	129100032	129100033	+	5.16106e-07	Pvalue	1737	A	GAATG	ok	False
chr5	135082023	135082024	-	0.00461971	Pvalue	171	T	TTTTG	ok	False
chr6	87820298	87820299	-	0.000314334	Pvalue	727	T	AATAA	ok	False
chr6	124681474	124681475	-	0.000692919	Pvalue	507	T	AGTCC	ok	True
chr6	125437246	125437247	-	0.0358669	Pvalue	203	T	TATTA	ok	False
chr7	16649916	16649917	-	0.0371111	Pvalue	21	T	GTTTT	ok	False
chr7	24215072	24215073	+	0.0472226	Pvalue	136	A	TGAAT	ok	False
chr7	12660573	12660574	+	2.79553e-25	Pvalue	4786	A	CCAGC	ok	False
chr7	24584929	24584930	+	1.50249e-11	Pvalue	1831	A	ACATA	ok	False
chr7	46504518	46504519	+	0.00279498	Pvalue	398	A	GAAGA	ok	False
chr7	105459175	105459176	-	0.0401011	Pvalue	414	T	TGTCT	ok	True
chr7	126146230	126146231	-	0.000222016	Pvalue	653	T	TTTTT	ok	False
chr8	31649766	31649767	-	6.81294e-09	Pvalue	186	T	AGTTC	ok	True
chr8	94749459	94749460	-	0.0108627	Pvalue	72	T	CATAC	ok	False
chr8	86034392	86034393	+	0.0124123	Pvalue	109	A	GAAGT	ok	False
chr9	37560693	37560694	-	0.0120752	Pvalue	193	T	ATTTC	ok	False
chr9	40716476	40716477	+	1.86969e-06	Pvalue	5332	A	AAAAC	ok	False
chr9	96215189	96215190	-	0.0217376	Pvalue	116	T	GGTAC	ok	False
chr9	96353150	96353151	-	0.0104507	Pvalue	162	T	CATAC	ok	False
chr9	106307554	106307555	+	0.0121837	Pvalue	3	A	ATACG	ok	False
chr9	109912101	109912102	+	0.044221	Pvalue	136	A	CCATC	ok	False
chr10	80228393	80228394	-	1.03348e-05	Pvalue	368	T	AGTTT	ok	True
chr10	128384017	128384018	-	6.07691e-06	Pvalue	5941	T	TGTAC	ok	False
chr10	93697069	93697070	-	1.73053e-10	Pvalue	213	T	TTTGA	ok	False
chr11	17153688	17153689	-	0.00168682	Pvalue	27	T	GTTAC	ok	False
chr11	29497235	29497236	-	0.00116653	Pvalue	335	T	ATTTT	ok	False
chr11	54761259	54761260	+	0.000895252	Pvalue	347	A	GTATA	ok	False
chr11	33102601	33102602	-	2.12247e-08	Pvalue	3543	T	CATTC	ok	False
chr11	69547677	69547678	-	0.0102516	Pvalue	252	T	TCTCC	ok	False
chr11	70418418	70418419	+	0.024292	Pvalue	1722	A	CTAGG	ok	False
chr11	97518870	97518871	-	7.64213e-08	Pvalue	319	T	GGTCC	ok	True
chr11	101334419	101334420	+	0.0216453	Pvalue	123	A	GCAAG	ok	False
chr11	115913888	115913889	-	0.000939811	Pvalue	616	T	AGTCA	ok	True
chr11	115899511	115899512	-	0.0108769	Pvalue	247	T	GGTAG	ok	False
chr12	55465133	55465134	+	0.00170132	Pvalue	466	A	ACAAC	ok	False
chr12	28684303	28684304	-	0.0305588	Pvalue	223	T	ACTGG	ok	False
chr13	30725063	30725064	-	0.00307773	Pvalue	19	T	GATAT	ok	False
chr13	14799966	14799967	+	0.00195886	Pvalue	519	A	ACATA	ok	False
chr13	98446634	98446635	-	0.0197527	Pvalue	641	T	AGTAT	ok	False
chr14	24544132	24544133	+	0.0319237	Pvalue	50	A	CTAGC	ok	False
chr14	34065838	34065839	+	0.0216149	Pvalue	47	A	AGATT	ok	False
chr14	45586192	45586193	+	0.033195	Pvalue	156	A	ACATT	ok	False
chr15	76790492	76790493	+	5.50689e-28	Pvalue	8002	A	TAATA	ok	False
chr15	102003801	102003802	+	0.01812	Pvalue	122	A	CCACC	ok	False
chr17	15710421	15710422	-	0.00519305	Pvalue	455	T	TCTTC	ok	False
chr17	24690283	24690284	+	0.0496782	Pvalue	258	A	CTAGC	ok	False
chr16	90023051	90023052	+	0.00153908	Pvalue	3206	A	CAAGA	ok	False
chr17	24939421	24939422	+	0.0222134	Pvalue	366	A	CAAGG	ok	False
chr17	36146094	36146095	-	1.85998e-48	Pvalue	1561	T	TGTGC	ok	False
chr18	46742138	46742139	+	0.0101539	Pvalue	244	A	TAAAC	ok	False
chr18	35071217	35071218	-	0.02724	Pvalue	239	T	ATTGT	ok	False
chr19	8955531	8955532	+	7.5216e-23	Pvalue	2252	A	GAAAA	ok	False
chr1	86066802	86066803	+	0.0428085	Pvalue	183	A	GGATC	ok	False
chr7	46504714	46504715	+	0.0168538	Pvalue	891	A	CCAAG	ok	False
chr7	108540783	108540784	+	3.10322e-09	Pvalue	891	A	TCACC	ok	False
chr7	109655186	109655187	+	0.0409252	Pvalue	129	A	GGATA	ok	False
chr8	57967274	57967275	+	0.000966895	Pvalue	227	A	GTATA	ok	False
chr8	79232072	79232073	-	0.0219867	Pvalue	319	T	GGTAA	ok	False
chr8	108307661	108307662	-	0.0412855	Pvalue	74	T	GTTAT	ok	False
chr8	111782155	111782156	+	0.0174214	Pvalue	484	A	GGAAG	ok	False
chr9	78116610	78116611	+	0.0017112	Pvalue	808	A	CAATT	ok	False
chr9	64084752	64084753	+	5.05768e-05	Pvalue	1097	A	TAACT	ok	True
chr9	106308679	106308680	+	2.20157e-17	Pvalue	9	A	GGACT	ok	True
chr10	29574876	29574877	-	0.000360476	Pvalue	2871	T	ACTGT	ok	False
chr9	120403378	120403379	+	0.0410471	Pvalue	4329	A	GCACC	ok	False
chr10	80664990	80664991	+	0.0331639	Pvalue	362	A	AAAGG	ok	False
chr10	81018174	81018175	+	1.98112e-07	Pvalue	2354	A	AAATG	ok	False
chr10	111329419	111329420	+	0.0342085	Pvalue	76	A	GAATG	ok	False
chr11	22952873	22952874	+	0.0439741	Pvalue	1484	A	TCAGT	ok	False
chr11	55391237	55391238	+	1.32788e-06	Pvalue	296	A	AAAAC	ok	False
chr11	75655984	75655985	+	0.000230749	Pvalue	445	A	TAAAC	ok	False
chr11	97518269	97518270	-	0.0186275	Pvalue	3342	T	TTTTG	ok	False
chr11	97669111	97669112	-	8.38045e-09	Pvalue	1843	T	GTTTA	ok	False
chr11	106153299	106153300	+	1.72462e-09	Pvalue	928	A	AAAAA	ok	False
chr11	120236572	120236573	-	5.49208e-07	Pvalue	2288	T	TGTTC	ok	True
chr11	117746384	117746385	+	8.78986e-06	Pvalue	371	A	GGACC	ok	True
chr12	28683794	28683795	-	1.2053e-05	Pvalue	237	T	CGTAC	ok	False
chr12	86568165	86568166	+	0.01462	Pvalue	161	A	CCATG	ok	False
chr13	86193849	86193850	-	8.37863e-05	Pvalue	320	T	GTTAA	ok	False
chr14	19862260	19862261	-	0.00297439	Pvalue	440	T	TATGT	ok	False
chr14	34066147	34066148	+	0.0103717	Pvalue	76	A	ACAAA	ok	False
chr15	31593109	31593110	-	0.0206413	Pvalue	268	T	TCTCC	ok	False
chr15	76785274	76785275	+	1.06369e-06	Pvalue	55	A	GGACT	ok	True
chr15	36596033	36596034	-	2.14249e-09	Pvalue	918	T	AATTA	ok	False
chr15	83000381	83000382	-	0.00476478	Pvalue	45	T	TGTGA	ok	False
chr15	98829689	98829690	-	3.20654e-24	Pvalue	1730	T	CATGC	ok	False
chr16	18691133	18691134	-	0.0165064	Pvalue	153	T	TGTAC	ok	False
chr16	38411534	38411535	+	0.0310631	Pvalue	72	A	TCAGA	ok	False
chr17	27849399	27849400	-	0.00454691	Pvalue	3298	T	TTTTT	ok	False
chr17	35277462	35277463	+	0.0462701	Pvalue	91	A	CAAAT	ok	False
chr17	45879808	45879809	-	0.000130093	Pvalue	523	T	TCTCC	ok	False
chr18	37976659	37976660	-	0.0170771	Pvalue	146	T	GTTTC	ok	False
chrx	20548935	20548936	+	6.177e-05	Pvalue	542	A	TAATT	ok	False
chr1	16173401	16173402	-	1.8468e-07	Pvalue	688	T	TCTGA	ok	False
chr1	72891320	72891321	+	3.568e-06	Pvalue	390	A	TAAAC	ok	False
chr1	135229484	135229485	-	1.00686e-09	Pvalue	219	T	TATAT	ok	False
chr1	160030687	160030688	-	0.0136002	Pvalue	208	T	CATGG	ok	False
chr1	180630222	180630223	-	0.000941467	Pvalue	96	T	GTTAG	ok	False
chr2	29961087	29961088	+	0.0431228	Pvalue	91	A	TCAAC	ok	False
chr2	34666338	34666339	+	0.0171483	Pvalue	395	A	TAAAA	ok	False
chr2	121268254	121268255	+	0.000867292	Pvalue	442	A	GGATA	ok	False
chr2	130120881	130120882	+	0.0326482	Pvalue	377	A	CCACC	ok	False
chr2	163466787	163466788	-	0.0310605	Pvalue	67	T	TGTAG	ok	False
chr3	89001046	89001047	-	0.00743162	Pvalue	177	T	TGTAA	ok	False
chr3	87963998	87963999	-	0.00562199	Pvalue	117	T	AGTGA	ok	False
chr3	94792248	94792249	-	3.76239e-07	Pvalue	846	T	TCTCT	ok	False
chr3	137572394	137572395	+	4.26011e-21	Pvalue	588	A	ATATT	ok	False
chr4	40732881	40732882	+	0.0178964	Pvalue	191	A	TAATG	ok	False
chr4	129409610	129409611	+	3.91074e-05	Pvalue	441	A	ACAAC	ok	False
chr4	135778485	135778486	-	1.09936e-08	Pvalue	554	T	CATAG	ok	False
chr4	132505635	132505636	+	0.0316853	Pvalue	251	A	GGAAT	ok	False
chr5	77114988	77114989	+	0.00126333	Pvalue	273	A	TAAAT	ok	False
chr5	115436592	115436593	-	0.00629253	Pvalue	467	T	TATAA	ok	False
chr5	117517343	117517344	-	0.00249273	Pvalue	315	T	TGTAG	ok	False
chr5	135937275	135937276	-	0.000877773	Pvalue	409	T	AGTTT	ok	True
chr5	145064989	145064990	+	0.00639219	Pvalue	83	A	CAAAT	ok	False
chr6	47502724	47502725	+	3.63478e-06	Pvalue	58	A	GGACT	ok	True
chr6	85444081	85444082	+	0.042361	Pvalue	184	A	TTATG	ok	False
chr7	12763611	12763612	+	0.0186059	Pvalue	73	A	AGACA	ok	True
chr7	37962561	37962562	-	0.0122828	Pvalue	94	T	CTTCA	ok	False
chr7	44775000	44775001	-	3.67594e-06	Pvalue	434	T	ATTTA	ok	False
chr7	46504929	46504930	+	0.0043797	Pvalue	1252	A	GGATA	ok	False
chr7	137069796	137069797	+	0.0116105	Pvalue	510	A	CTAAC	ok	False
chr7	138493404	138493405	-	0.0186916	Pvalue	7	T	AATTT	ok	False
chr8	84972911	84972912	-	1.13658e-10	Pvalue	544	T	GCTCT	ok	False
chr8	108307558	108307559	-	0.0101269	Pvalue	102	T	TCTTC	ok	False
chr9	40715896	40715897	+	0.000894843	Pvalue	3579	A	GGAAG	ok	False
chr9	59586470	59586471	+	9.2881e-05	Pvalue	3582	A	CCAGT	ok	False
chr9	71385807	71385808	-	0.0276909	Pvalue	278	T	CTTTT	ok	False
chr9	108480159	108480160	-	0.000400619	Pvalue	287	T	AGTTT	ok	True
chr10	75773562	75773563	+	0.00633095	Pvalue	1121	A	AAAAG	ok	False
chr10	79547566	79547567	+	0.00341171	Pvalue	440	A	CCACT	ok	False
chr10	95378693	95378694	+	0.00712697	Pvalue	70	A	ACATT	ok	False
chr10	127924999	127925000	+	2.71804e-22	Pvalue	1208	A	CCATT	ok	False
chr11	6368120	6368121	+	0.0299327	Pvalue	103	A	CCAAA	ok	False
chr11	21270326	21270327	+	0.0344867	Pvalue	39	A	AGAAA	ok	False
chr11	22953255	22953256	+	0.0281151	Pvalue	1602	A	GGACA	ok	True
chr11	51514047	51514048	+	1.62437e-15	Pvalue	1968	A	AGACT	ok	True
chr11	33102841	33102842	-	2.19925e-06	Pvalue	1656	T	GATCT	ok	False
chr11	55285403	55285404	-	2.52808e-05	Pvalue	618	T	AATGA	ok	False
chr11	55391360	55391361	+	0.0240207	Pvalue	215	A	GAATT	ok	False
chr11	68795302	68795303	+	0.0332119	Pvalue	3699	A	CGAGA	ok	False
chr11	62443572	62443573	+	0.00208973	Pvalue	514	A	GCAGC	ok	False
chr11	62443943	62443944	+	1.07514e-07	Pvalue	905	A	CCACT	ok	False
chr11	40640057	40640058	-	0.0229617	Pvalue	8	T	ATTAA	ok	False
chr11	72342247	72342248	+	0.0454505	Pvalue	725	A	ACAGA	ok	False
chr11	94535539	94535540	+	0.0481151	Pvalue	13	A	TCACA	ok	False
chr11	97518811	97518812	-	0.0269315	Pvalue	497	T	GATGA	ok	False
chr11	97518475	97518476	-	0.0117192	Pvalue	2980	T	ACTTG	ok	False
chr11	98884023	98884024	-	0.00459167	Pvalue	264	T	AGTAG	ok	False
chr11	115913285	115913286	-	0.0306823	Pvalue	317	T	GTTGA	ok	False
chr11	107388538	107388539	+	0.00516336	Pvalue	211	A	AGATG	ok	False
chr11	117706739	117706740	-	0.015321	Pvalue	78	T	AGTCC	ok	True
chr11	120237310	120237311	-	0.0401477	Pvalue	258	T	AATGG	ok	False
chr11	120654492	120654493	+	0.0200554	Pvalue	28	A	CCACC	ok	False
chr11	117746161	117746162	+	0.0143507	Pvalue	136	A	GGACC	ok	True
chr12	80687736	80687737	-	0.0156154	Pvalue	18	T	CATGC	ok	False
chr12	28684317	28684318	-	0.00103657	Pvalue	204	T	TATGA	ok	False
chr12	110657567	110657568	-	1.23945e-10	Pvalue	5159	T	GTTGT	ok	False
chr12	110657827	110657828	-	4.71383e-13	Pvalue	2074	T	AGTAT	ok	False
chr13	86192996	86192997	-	0.0291139	Pvalue	303	T	AATTT	ok	False
chr13	74555002	74555003	+	0.004857	Pvalue	793	A	CCAGG	ok	False
chr14	14303302	14303303	+	0.00411813	Pvalue	58	A	TCAAC	ok	False
chr13	99456168	99456169	-	0.000141668	Pvalue	113	T	CCTTT	ok	False
chr14	4201739	4201740	+	1.86839e-06	Pvalue	245	A	AAAAG	ok	False
chr14	4200550	4200551	+	0.0280937	Pvalue	98	A	AAATG	ok	False
chr14	47013967	47013968	-	0.049228	Pvalue	7	T	CTTCT	ok	False
chr14	36844020	36844021	-	0.0404473	Pvalue	23	T	GCTGA	ok	False
chr14	34066223	34066224	+	0.00709672	Pvalue	47	A	TCAAC	ok	False
chr14	67253412	67253413	-	0.0128587	Pvalue	110	T	AATTT	ok	False
chr14	73830164	73830165	+	0.0243014	Pvalue	41	A	TCAGA	ok	False
chr14	121184487	121184488	+	0.0189524	Pvalue	359	A	GAAAC	ok	False
chr15	43113469	43113470	-	0.00355591	Pvalue	441	T	TTTTA	ok	False
chr15	34530729	34530730	+	0.0253102	Pvalue	72	A	CCATC	ok	False
chr15	76789134	76789135	+	0.0021268	Pvalue	2917	A	CTACG	ok	False
chr15	81925688	81925689	-	0.000679343	Pvalue	287	T	AATAA	ok	False
chr15	76790330	76790331	+	0.000557762	Pvalue	7121	A	GCATC	ok	False
chr15	34284315	34284316	+	0.000693279	Pvalue	53	A	ATACT	ok	False
chr15	81799129	81799130	+	3.96856e-05	Pvalue	204	A	CCATT	ok	False
chr15	98935985	98935986	+	0.000251512	Pvalue	649	A	TAAGT	ok	False
chr16	31073142	31073143	-	0.0426779	Pvalue	21	T	CATTT	ok	False
chr16	18058778	18058779	-	0.0114673	Pvalue	539	T	AATTT	ok	False
chr16	38266155	38266156	-	0.0476983	Pvalue	52	T	ATTTA	ok	False
chr16	93701906	93701907	+	0.0278311	Pvalue	235	A	TAACA	ok	True
chr17	13143166	13143167	+	0.000718456	Pvalue	841	A	CCATG	ok	False
chr16	87283190	87283191	-	2.99819e-06	Pvalue	125	T	TGTCT	ok	True
chr17	24442746	24442747	-	1.46281e-05	Pvalue	62	T	AGTGT	ok	False
chr17	29260934	29260935	+	0.001308	Pvalue	576	A	AAACT	ok	True
chr17	35277692	35277693	+	0.0058867	Pvalue	106	A	GAATG	ok	False
chr17	30816820	30816821	-	0.0222277	Pvalue	38	T	AGTCT	ok	True
chr17	45879785	45879786	-	0.000147392	Pvalue	582	T	CTTTT	ok	False
chr17	87342724	87342725	+	0.0460227	Pvalue	63	A	TTAAT	ok	False
chr17	47912397	47912398	-	0.0155819	Pvalue	130	T	TGTCT	ok	True
chr18	37775331	37775332	-	0.0312772	Pvalue	54	T	TCTTA	ok	False
chr18	36931699	36931700	+	0.0304142	Pvalue	248	A	TAAAT	ok	False
chr18	48181264	48181265	+	1.26903e-09	Pvalue	191	A	AGAAT	ok	False
chr18	48181416	48181417	+	0.0167515	Pvalue	165	A	TTACA	ok	False
chr18	67535610	67535611	+	0.00245824	Pvalue	155	A	ATAGG	ok	False
chr18	75136322	75136323	+	0.000962969	Pvalue	733	A	TAAAA	ok	False
chr19	5099713	5099714	+	0.0280917	Pvalue	147	A	ACAGA	ok	False
chr19	4245376	4245377	+	0.0240084	Pvalue	353	A	GCAAC	ok	False
chr18	77870411	77870412	+	0.0281537	Pvalue	794	A	CTAGG	ok	False
chr18	84999577	84999578	+	0.0231703	Pvalue	219	A	TAAAA	ok	False
chr19	10607003	10607004	+	0.00460574	Pvalue	730	A	GAACA	ok	True
chr19	6184578	6184579	-	0.0355384	Pvalue	233	T	AATGG	ok	False
chrx	13069752	13069753	+	0.0255436	Pvalue	1116	A	TCAAC	ok	False
chrx	52110529	52110530	+	0.0467049	Pvalue	101	A	CTAAA	ok	False
chrx	36062445	36062446	+	4.59902e-05	Pvalue	566	A	AAAAA	ok	False
chrx	12482753	12482754	+	0.00421417	Pvalue	46	A	GAATA	ok	False
chrx	101228697	101228698	-	0.00114596	Pvalue	4990	T	GATTC	ok	False
chr1	16173424	16173425	-	0.000199778	Pvalue	571	T	GTTCT	ok	False
chr5	115483788	115483789	-	8.00826e-08	Pvalue	1106	T	TCTGA	ok	False
chr5	108051228	108051229	+	0.00769752	Pvalue	168	A	TTATG	ok	False
chr5	124484000	124484001	-	0.000354746	Pvalue	60	T	AATGC	ok	False
chr5	145121401	145121402	-	0.045457	Pvalue	1075	T	AATCC	ok	False
chr6	39382888	39382889	-	0.000630803	Pvalue	181	T	GTTCG	ok	False
chr6	56856103	56856104	+	2.89171e-06	Pvalue	138	A	CTAGC	ok	False
chr6	122691442	122691443	+	0.0107843	Pvalue	469	A	TCACC	ok	False
chr6	125139317	125139318	-	0.00709843	Pvalue	16	T	GATGC	ok	False
chr7	4811394	4811395	-	0.00576799	Pvalue	200	T	CATAC	ok	False
chr7	33901821	33901822	-	2.81123e-05	Pvalue	955	T	AGTAG	ok	False
chr9	35047680	35047681	-	0.0422223	Pvalue	9	T	GATGG	ok	False
chr9	78116559	78116560	+	1.99177e-06	Pvalue	808	A	GGAGT	ok	False
chr9	64085779	64085780	+	1.8972e-32	Pvalue	2241	A	ATAAA	ok	False
chr9	119957625	119957626	+	0.036249	Pvalue	276	A	CCACT	ok	False
chr10	75773523	75773524	+	3.12651e-05	Pvalue	1045	A	TCACC	ok	False
chr10	80124221	80124222	+	0.0286019	Pvalue	234	A	AAAAC	ok	False
chr10	128394612	128394613	-	0.00156079	Pvalue	608	T	TTTGT	ok	False
chr11	4843848	4843849	+	0.0113196	Pvalue	20	A	GGACA	ok	True
chr11	57952673	57952674	+	0.0177698	Pvalue	196	A	AAAAA	ok	False
chr11	60755294	60755295	-	0.0107563	Pvalue	84	T	TTTTA	ok	False
chr11	70417402	70417403	+	0.000643666	Pvalue	530	A	ACAGC	ok	False
chr11	97921285	97921286	+	2.66964e-07	Pvalue	1468	A	AAAAC	ok	False
chr11	97672175	97672176	-	1.32688e-06	Pvalue	1789	T	TCTGG	ok	False
chr11	115388318	115388319	-	0.00351961	Pvalue	332	T	GCTGC	ok	False
chr12	66330371	66330372	-	0.0446328	Pvalue	140	T	GGTAC	ok	False
chr13	30724599	30724600	-	5.23395e-07	Pvalue	207	T	TATTA	ok	False
chr12	110657566	110657567	-	6.10511e-06	Pvalue	5101	T	GGTTG	ok	False
chr14	4201565	4201566	+	0.0240502	Pvalue	164	A	ACATT	ok	False
chr14	34066149	34066150	+	0.0023958	Pvalue	96	A	AAAAA	ok	False
chr14	45586223	45586224	+	0.0483751	Pvalue	170	A	AAAAT	ok	False
chr15	83431130	83431131	-	0.0480433	Pvalue	55	T	GTTGG	ok	False
chr15	98847910	98847911	-	0.0225391	Pvalue	500	T	TTTAA	ok	False
chr15	78824968	78824969	+	0.00206532	Pvalue	228	A	GGACT	ok	True
chr15	98935883	98935884	+	9.09197e-07	Pvalue	688	A	GAATA	ok	False
chr16	55790507	55790508	+	1.17051e-14	Pvalue	2013	A	GCATC	ok	False
chr16	95923029	95923030	-	0.00249626	Pvalue	1173	T	AATTC	ok	False
chr17	24690578	24690579	+	1.75196e-08	Pvalue	339	A	GAAAA	ok	False
chr16	87280920	87280921	-	1.94071e-05	Pvalue	994	T	GGTTT	ok	True
chr17	36145997	36145998	-	2.10573e-54	Pvalue	2478	T	CGTCC	ok	False
chr17	71281177	71281178	-	0.0259015	Pvalue	152	T	ACTAA	ok	False
chr17	74606533	74606534	-	0.0177419	Pvalue	178	T	TCTGA	ok	False
chr18	75134271	75134272	+	0.0010004	Pvalue	12	A	CCAAG	ok	False
chr18	77870449	77870450	+	0.0435379	Pvalue	791	A	CAAAT	ok	False
chr19	8955393	8955394	+	2.45194e-11	Pvalue	2071	A	CGAGA	ok	False
chr1	36732319	36732320	+	0.0206089	Pvalue	847	A	CAAAG	ok	False
chr1	74301705	74301706	+	0.0308525	Pvalue	14	A	AGATG	ok	False
chr4	44032747	44032748	+	0.0168458	Pvalue	600	A	AGACG	ok	False
chr4	86773044	86773045	-	7.83714e-09	Pvalue	302	T	TCTTG	ok	False
chr4	119135283	119135284	-	0.0308411	Pvalue	441	T	TCTCA	ok	False
chr5	22008762	22008763	+	0.0109692	Pvalue	404	A	AAAAA	ok	False
chr6	11900499	11900500	-	0.00242326	Pvalue	531	T	CTTCA	ok	False
chr6	115782611	115782612	-	0.00153651	Pvalue	4823	T	CTTAG	ok	False
chr6	131341883	131341884	-	0.00393012	Pvalue	490	T	TGTGA	ok	False
chr6	148256964	148256965	+	0.0158539	Pvalue	1382	A	AGACA	ok	True
chr6	137727711	137727712	+	0.047231	Pvalue	112	A	AGAAA	ok	False
chr7	29886501	29886502	-	0.019999	Pvalue	635	T	TGTGG	ok	False
chr7	45370236	45370237	+	1.22964e-06	Pvalue	1307	A	AAAAA	ok	False
chr7	46504938	46504939	+	0.0487624	Pvalue	1275	A	ATATA	ok	False
chr7	126146688	126146689	-	0.0202729	Pvalue	198	T	TCTCC	ok	False
chr8	123831933	123831934	+	3.80098e-07	Pvalue	2875	A	GAAAA	ok	False
chr9	44321482	44321483	+	9.6199e-05	Pvalue	2405	A	TGAAT	ok	False
chr9	65972918	65972919	+	0.0398149	Pvalue	497	A	CAAGC	ok	False
chr9	78274336	78274337	-	0.00233472	Pvalue	2115	T	TTTAA	ok	False
chr9	108442365	108442366	+	0.000771075	Pvalue	274	A	CCACA	ok	False
chr9	78385831	78385832	-	2.65115e-16	Pvalue	11989	T	ACTTA	ok	False
chr10	79803517	79803518	+	0.0122718	Pvalue	372	A	CAATT	ok	False
chr10	81018329	81018330	+	1.21481e-13	Pvalue	1590	A	CCACA	ok	False
chr10	127924888	127924889	+	0.027505	Pvalue	765	A	ATAAA	ok	False
chr10	119038895	119038896	-	0.0297344	Pvalue	159	T	TGTCC	ok	True
chr11	33102542	33102543	-	0.0115517	Pvalue	3281	T	TGTAT	ok	False
chr11	69558143	69558144	-	0.0127885	Pvalue	1608	T	TTTAT	ok	False
chr11	78432918	78432919	-	0.000965228	Pvalue	227	T	GATAG	ok	False
chr11	78071994	78071995	-	0.00547995	Pvalue	474	T	TCTAG	ok	False
chr11	97519003	97519004	-	0.00175421	Pvalue	139	T	AGTTC	ok	True
chr11	95990369	95990370	-	0.0194513	Pvalue	294	T	AGTAC	ok	False
chr11	93840702	93840703	-	7.80865e-05	Pvalue	2233	T	GCTCT	ok	False
chr11	107388388	107388389	+	4.63895e-06	Pvalue	170	A	AGACC	ok	True
chr12	55465040	55465041	+	2.08674e-06	Pvalue	482	A	AGATT	ok	False
chr12	111636447	111636448	-	0.000653262	Pvalue	505	T	GATCT	ok	False
chr12	110657774	110657775	-	1.45671e-21	Pvalue	3299	T	GTTAC	ok	False
chr13	91072520	91072521	+	0.00102563	Pvalue	233	A	AGATC	ok	False
chr14	47013343	47013344	-	6.13412e-08	Pvalue	132	T	ATTCG	ok	False
chr14	63380111	63380112	+	0.0134614	Pvalue	129	A	GGACC	ok	True
chr15	31591113	31591114	-	0.001184	Pvalue	1200	T	TCTTC	ok	False
chr15	36596050	36596051	-	7.29833e-14	Pvalue	918	T	CTTTA	ok	False
chr15	39010110	39010111	+	3.16435e-08	Pvalue	87	A	CGATT	ok	False
chr15	103153178	103153179	+	0.0134113	Pvalue	218	A	TAAAC	ok	False
chr16	95923135	95923136	-	0.00470887	Pvalue	601	T	AGTTC	ok	True
chr17	24939635	24939636	+	0.000345241	Pvalue	549	A	CTAAA	ok	False
chr17	36267834	36267835	-	9.18179e-05	Pvalue	441	T	AGTCC	ok	True
chr18	35072446	35072447	-	0.00304039	Pvalue	48	T	TTTTC	ok	False
chr19	46365615	46365616	-	0.000437741	Pvalue	107	T	TCTCT	ok	False
chrx	156228817	156228818	-	0.0221711	Pvalue	55	T	ATTAA	ok	False
chr1	59678617	59678618	-	0.0321934	Pvalue	212	T	ATTTT	ok	False
chr1	134359687	134359688	+	0.0115094	Pvalue	25	A	AAATT	ok	False
chr1	133537469	133537470	-	0.000535024	Pvalue	232	T	TCTGA	ok	False
chr2	31410649	31410650	+	0.000983671	Pvalue	189	A	TAAAA	ok	False
chr2	103597768	103597769	-	0.0207186	Pvalue	13	T	ATTTA	ok	False
chr2	129110305	129110306	-	0.000316498	Pvalue	43	T	AGTCT	ok	True
chr2	179679225	179679226	-	0.000455013	Pvalue	382	T	AATGG	ok	False
chr3	86045877	86045878	-	6.61049e-08	Pvalue	2688	T	TCTTT	ok	False
chr3	97083812	97083813	+	0.0473936	Pvalue	123	A	TAAAT	ok	False
chr3	137572494	137572495	+	0.000308132	Pvalue	648	A	TGATG	ok	False
chr4	101323864	101323865	+	0.0425897	Pvalue	198	A	CTACT	ok	False
chr4	126043497	126043498	+	2.15897e-05	Pvalue	39	A	GGACT	ok	True
chr4	135998604	135998605	+	0.0261908	Pvalue	64	A	TGAGC	ok	False
chr4	156093709	156093710	+	0.000692407	Pvalue	51	A	AGAAA	ok	False
chr5	77114684	77114685	+	0.0428565	Pvalue	25	A	AGAAA	ok	False
chr5	125463658	125463659	-	0.00218866	Pvalue	86	T	TCTCT	ok	False
chr5	121347009	121347010	+	9.0017e-13	Pvalue	4749	A	TAATT	ok	False
chr5	140429098	140429099	+	0.00211106	Pvalue	1096	A	TAAAA	ok	False
chr6	87820122	87820123	-	0.00907716	Pvalue	227	T	ATTTA	ok	False
chr6	124692025	124692026	+	0.00342048	Pvalue	101	A	CCAGC	ok	False
chr6	144944955	144944956	-	0.0285912	Pvalue	405	T	ATTTC	ok	False
chr6	122704795	122704796	-	0.000424584	Pvalue	1019	T	GTTTT	ok	False
chr7	46504582	46504583	+	6.09404e-05	Pvalue	417	A	CTAGC	ok	False
chr7	46505037	46505038	+	0.000322849	Pvalue	1277	A	AAACC	ok	True
chr7	46504582	46504583	+	9.91181e-06	Pvalue	417	A	CTAGC	ok	False
chr7	117708321	117708322	-	0.00544522	Pvalue	800	T	CGTTT	ok	False
chr7	137066217	137066218	+	0.00293605	Pvalue	455	A	GGAGG	ok	False
chr8	57967425	57967426	+	0.0262228	Pvalue	270	A	AAAAA	ok	False
chr8	71348136	71348137	-	0.0317608	Pvalue	2146	T	AATTT	ok	False
chr8	79231960	79231961	-	0.0466967	Pvalue	336	T	ATTTA	ok	False
chr8	108307165	108307166	-	0.0342446	Pvalue	369	T	GATCC	ok	False
chr8	127661343	127661344	-	0.0337145	Pvalue	61	T	GTTTT	ok	False
chr9	54865114	54865115	+	5.90182e-05	Pvalue	296	A	TCACT	ok	False
chr9	78115135	78115136	+	0.00743162	Pvalue	395	A	GCAGA	ok	False
chr9	96215297	96215298	-	0.0390819	Pvalue	89	T	AATTA	ok	False
chr9	64085733	64085734	+	4.55385e-43	Pvalue	3315	A	TAAAA	ok	False
chr10	79523861	79523862	+	0.040469	Pvalue	623	A	TGAAG	ok	False
chr10	95336275	95336276	-	0.0317848	Pvalue	37	T	GTTCT	ok	False
chr10	80478564	80478565	-	0.0405249	Pvalue	46	T	GGTAC	ok	False
chr10	128196837	128196838	+	0.000315197	Pvalue	102	A	GTACT	ok	False
chr11	6369634	6369635	+	0.0320599	Pvalue	527	A	TTACC	ok	False
chr11	52280217	52280218	+	1.07273e-06	Pvalue	279	A	GAAAC	ok	False
chr11	51491799	51491800	-	0.000702758	Pvalue	1549	T	GATTC	ok	False
chr11	68794122	68794123	+	0.0367047	Pvalue	3756	A	CCATG	ok	False
chr11	62443891	62443892	+	2.11496e-09	Pvalue	1033	A	TTATT	ok	False
chr11	72341968	72341969	+	0.0458922	Pvalue	510	A	CCAGG	ok	False
chr11	101349584	101349585	-	0.000668442	Pvalue	229	T	TTTTT	ok	False
chr11	107386525	107386526	+	0.0042876	Pvalue	82	A	TTATG	ok	False
chr11	115414460	115414461	-	0.042475	Pvalue	32	T	AATTG	ok	False
chr12	66330254	66330255	-	0.0294521	Pvalue	154	T	TATAC	ok	False
chr12	71041147	71041148	+	0.0297706	Pvalue	34	A	GAATC	ok	False
chr12	110657829	110657830	-	1.43402e-13	Pvalue	2187	T	TATCA	ok	False
chr13	91072731	91072732	+	7.98267e-13	Pvalue	242	A	TAAGG	ok	False
chr14	30892907	30892908	-	0.0036689	Pvalue	200	T	ATTAG	ok	False
chr14	76083666	76083667	+	1.41653e-06	Pvalue	320	A	CCATC	ok	False
chr15	43114910	43114911	-	2.67072e-05	Pvalue	400	T	GATAT	ok	False
chr15	76790374	76790375	+	1.04353e-11	Pvalue	6292	A	CCACC	ok	False
chr15	85347143	85347144	+	0.0388937	Pvalue	127	A	ACACA	ok	False
chr15	98829680	98829681	-	2.65819e-06	Pvalue	1900	T	GTTGC	ok	False
chr16	20540794	20540795	+	0.0101007	Pvalue	355	A	AGACT	ok	True
chr16	38265852	38265853	-	0.00205081	Pvalue	117	T	AATAA	ok	False
chr17	13143285	13143286	+	2.34909e-11	Pvalue	1123	A	TAAAA	ok	False
chr17	35821297	35821298	+	1.09671e-09	Pvalue	637	A	GTATC	ok	False
chr17	45879383	45879384	-	0.0164261	Pvalue	981	T	TCTCG	ok	False
chr18	56719958	56719959	+	0.0103037	Pvalue	162	A	CTACG	ok	False
chr18	48181290	48181291	+	0.00932373	Pvalue	186	A	GCAAT	ok	False
chr18	35071092	35071093	-	0.038454	Pvalue	261	T	TCTAC	ok	False
chr19	41907018	41907019	+	0.0315924	Pvalue	90	A	CTACC	ok	False
chrx	36062399	36062400	+	1.0165e-16	Pvalue	517	A	ATATT	ok	False
chrx	135114726	135114727	-	0.0394544	Pvalue	508	T	TTTTA	ok	False
chr1	161068621	161068622	-	8.17493e-06	Pvalue	278	T	AATTC	ok	False
chr2	32854013	32854014	+	0.00468517	Pvalue	689	A	GCAAC	ok	False
chr2	121288523	121288524	+	0.0389239	Pvalue	432	A	ATAGT	ok	False
chr2	130013678	130013679	-	0.00969266	Pvalue	347	T	GATGA	ok	False
chr2	154714808	154714809	-	0.000162398	Pvalue	165	T	AGTGA	ok	False
chr3	8867383	8867384	-	0.000182206	Pvalue	141	T	AGTAT	ok	False
chr3	86046551	86046552	-	2.69972e-06	Pvalue	979	T	CATGG	ok	False
chr3	105875352	105875353	+	0.0170174	Pvalue	253	A	GAAAT	ok	False
chr3	137572500	137572501	+	0.0174168	Pvalue	579	A	AGAAG	ok	False
chr4	86774112	86774113	-	4.39035e-13	Pvalue	251	T	GTTTA	ok	False
chr4	55390575	55390576	+	2.56752e-07	Pvalue	96	A	AAAAC	ok	False
chr4	148679038	148679039	+	0.0238834	Pvalue	361	A	ATACA	ok	False
chr5	30831523	30831524	+	0.0234399	Pvalue	266	A	AGAGG	ok	False
chr5	45669249	45669250	+	0.00213237	Pvalue	242	A	GCATT	ok	False
chr5	129205313	129205314	-	0.047758	Pvalue	1567	T	CTTTG	ok	False
chr5	129100122	129100123	+	5.67515e-09	Pvalue	1682	A	AGACT	ok	True
chr5	146771880	146771881	+	0.00523948	Pvalue	317	A	GCATG	ok	False
chr6	67261192	67261193	+	0.00186795	Pvalue	722	A	ATAAT	ok	False
chr6	115784824	115784825	-	0.0292691	Pvalue	2259	T	GATCT	ok	False
chr6	126804513	126804514	-	0.000371451	Pvalue	145	T	AATAG	ok	False
chr7	18885229	18885230	+	0.0408513	Pvalue	667	A	TCAGT	ok	False
chr6	137727880	137727881	+	0.0194114	Pvalue	191	A	CTAAA	ok	False
chr7	18788010	18788011	+	0.0482576	Pvalue	76	A	CCACA	ok	False
chr7	99128481	99128482	-	3.53757e-13	Pvalue	2137	T	CCTGT	ok	False
chr7	137069693	137069694	+	7.71009e-07	Pvalue	488	A	ATACT	ok	False
chr8	57967236	57967237	+	0.0319062	Pvalue	211	A	TCAAC	ok	False
chr8	85560765	85560766	+	0.0220354	Pvalue	348	A	CAAGA	ok	False
chr8	112679208	112679209	+	1.71518e-11	Pvalue	317	A	ACAGA	ok	False
chr8	117684543	117684544	+	0.0366907	Pvalue	34	A	AGACC	ok	True
chr9	35128074	35128075	+	0.000351159	Pvalue	80	A	GGATT	ok	False
chr9	66854879	66854880	+	0.011793	Pvalue	365	A	AGATT	ok	False
chr9	108777000	108777001	+	0.0436345	Pvalue	394	A	TCATT	ok	False
chr9	119960629	119960630	+	0.0437655	Pvalue	2676	A	TTATG	ok	False
chr10	126902864	126902865	+	0.00277692	Pvalue	413	A	GCACA	ok	False
chr10	128197013	128197014	+	0.00939786	Pvalue	112	A	GGAGA	ok	False
chr11	6369646	6369647	+	0.00630727	Pvalue	563	A	CCATT	ok	False
chr11	22953156	22953157	+	4.11247e-06	Pvalue	1613	A	GGATA	ok	False
chr11	48693217	48693218	+	5.96253e-05	Pvalue	698	A	ATACT	ok	False
chr11	94534697	94534698	+	0.0378036	Pvalue	76	A	CTACA	ok	False
chr11	100212748	100212749	+	0.0277015	Pvalue	642	A	GAACA	ok	True
chr11	106672592	106672593	-	0.014065	Pvalue	325	T	GTTTC	ok	False
chr11	120236872	120236873	-	0.0365252	Pvalue	1855	T	ACTCA	ok	False
chr12	17600623	17600624	+	0.0316604	Pvalue	229	A	AGATC	ok	False
chr12	110657852	110657853	-	0.0160127	Pvalue	1929	T	TTTTA	ok	False
chr13	74555139	74555140	+	0.000369008	Pvalue	1389	A	TGAAA	ok	False
chr14	19862102	19862103	-	1.41186e-09	Pvalue	676	T	TGTAA	ok	False
chr14	54605801	54605802	+	0.0357562	Pvalue	123	A	CAACC	ok	False
chr15	43113522	43113523	-	1.41205e-05	Pvalue	431	T	TGTAT	ok	False
chr15	81926321	81926322	-	0.0429583	Pvalue	106	T	CTTTC	ok	False
chr15	84824032	84824033	+	0.0240114	Pvalue	165	A	GGAGA	ok	False
chr15	79962291	79962292	-	2.62328e-10	Pvalue	1584	T	GGTCT	ok	True
chr16	56973114	56973115	+	0.000117586	Pvalue	102	A	AGACT	ok	True
chr17	13142575	13142576	+	0.0147461	Pvalue	660	A	TAAAG	ok	False
chr17	28549666	28549667	+	0.0347163	Pvalue	188	A	GAAGA	ok	False
chr17	35821331	35821332	+	0.000481116	Pvalue	635	A	GCACC	ok	False
chr17	83809741	83809742	-	0.00111515	Pvalue	168	T	GCTGG	ok	False
chr18	36537464	36537465	-	0.00193068	Pvalue	282	T	GATGT	ok	False
chr18	48181424	48181425	+	1.46534e-06	Pvalue	187	A	AAAAA	ok	False
chr18	77870371	77870372	+	1.43068e-05	Pvalue	780	A	GTAAG	ok	False
chr19	8955016	8955017	+	6.48959e-10	Pvalue	1875	A	ACAAC	ok	False
chrx	73315474	73315475	+	0.00551851	Pvalue	24	A	CCATA	ok	False
chrx	133487292	133487293	+	0.00318909	Pvalue	897	A	CTATG	ok	False
chr1	55117814	55117815	-	0.0124658	Pvalue	325	T	TCTTA	ok	False
chr1	135229556	135229557	-	3.77551e-10	Pvalue	202	T	GCTGA	ok	False
chr1	152650265	152650266	+	0.0413153	Pvalue	12	A	GAAAA	ok	False
chr1	172334676	172334677	+	0.00489156	Pvalue	95	A	CTACA	ok	False
chr1	171185540	171185541	+	0.0233713	Pvalue	160	A	AAAAC	ok	False
chr2	61630715	61630716	+	0.0222135	Pvalue	123	A	CAATC	ok	False
chr2	121268351	121268352	+	0.047924	Pvalue	431	A	AAATT	ok	False
chr2	163567907	163567908	+	0.0299881	Pvalue	229	A	TTAAA	ok	False
chr2	172222768	172222769	+	1.75859e-09	Pvalue	94	A	GGACT	ok	True
chr3	94355820	94355821	+	0.0241358	Pvalue	32	A	TTAAA	ok	False
chr3	121251140	121251141	+	0.0025117	Pvalue	81	A	GAATA	ok	False
chr3	137572488	137572489	+	0.000262198	Pvalue	651	A	TAATT	ok	False
chr4	3835280	3835281	-	0.0232087	Pvalue	3458	T	TATCT	ok	False
chr4	127219533	127219534	-	0.034409	Pvalue	31	T	TGTCT	ok	True
chr4	129409654	129409655	+	0.00117116	Pvalue	450	A	ATAAC	ok	False
chr4	135777302	135777303	-	1.27605e-08	Pvalue	553	T	TTTTC	ok	False
chr4	152416917	152416918	+	0.0368746	Pvalue	1669	A	TAAAT	ok	False
chr4	155972550	155972551	+	0.017822	Pvalue	7	A	CTAAT	ok	False
chr5	115436571	115436572	-	0.00538336	Pvalue	358	T	TGTAA	ok	False
chr5	129875181	129875182	+	9.00161e-12	Pvalue	705	A	TAAAT	ok	False
chr6	56856108	56856109	+	1.53871e-06	Pvalue	145	A	CCATT	ok	False
chr6	122691232	122691233	+	0.00385043	Pvalue	306	A	ATACA	ok	False
chr6	125437394	125437395	-	0.00851408	Pvalue	207	T	TTTTT	ok	False
chr7	3707348	3707349	+	0.0377774	Pvalue	624	A	CAACA	ok	False
chr6	122704824	122704825	-	0.00202496	Pvalue	1081	T	CATTA	ok	False
chr7	45370237	45370238	+	0.00156603	Pvalue	2169	A	AAAAA	ok	False
chr7	46504541	46504542	+	0.00304725	Pvalue	408	A	GAATC	ok	False
chr7	78425219	78425220	-	1.41469e-10	Pvalue	285	T	AGTCC	ok	True
chr7	126146403	126146404	-	3.02166e-05	Pvalue	641	T	GTTCA	ok	False
chr7	141929897	141929898	-	0.0145339	Pvalue	381	T	AGTAG	ok	False
chr8	46660487	46660488	-	0.00194914	Pvalue	541	T	TGTGA	ok	False
chr8	85987200	85987201	-	0.0224838	Pvalue	89	T	AGTCC	ok	True
chr9	20805648	20805649	-	0.000649078	Pvalue	436	T	CATTT	ok	False
chr9	59586578	59586579	+	5.38511e-11	Pvalue	2872	A	CCACC	ok	False
chr9	64085784	64085785	+	3.15011e-24	Pvalue	3223	A	TCAAA	ok	False
chr9	120789311	120789312	+	0.00174474	Pvalue	163	A	ATAAA	ok	False
chr10	75773538	75773539	+	0.000133582	Pvalue	1097	A	ACAGG	ok	False
chr10	85774531	85774532	-	0.0263183	Pvalue	184	T	TCTCC	ok	False
chr10	116887075	116887076	-	0.0102999	Pvalue	558	T	TCTTC	ok	False
chr10	94056767	94056768	+	0.000267138	Pvalue	368	A	CCATC	ok	False
chr11	33102610	33102611	-	0.0038089	Pvalue	3508	T	CATAC	ok	False
chr11	59074766	59074767	-	0.0159301	Pvalue	288	T	AATAG	ok	False
chr11	68794100	68794101	+	0.000272872	Pvalue	3795	A	AGAAG	ok	False
chr11	59102378	59102379	-	0.0363906	Pvalue	382	T	GTTCT	ok	False
chr11	78181370	78181371	+	0.00411648	Pvalue	103	A	GAAAA	ok	False
chr11	120236763	120236764	-	0.00131999	Pvalue	2292	T	CTTTC	ok	False
chr12	65109423	65109424	-	0.0270235	Pvalue	308	T	TTTTT	ok	False
chr12	110658073	110658074	-	6.96756e-05	Pvalue	557	T	CCTCA	ok	False
chr13	47238300	47238301	-	0.0151285	Pvalue	190	T	AATTG	ok	False
chr14	34065964	34065965	+	3.49741e-17	Pvalue	86	A	CCAGC	ok	False
chr15	31593752	31593753	-	0.0495974	Pvalue	138	T	AATAG	ok	False
chr15	36596256	36596257	-	0.0027299	Pvalue	62	T	TGTTT	ok	True
chr15	98848029	98848030	-	0.0206203	Pvalue	407	T	CCTCC	ok	False
chr15	79962007	79962008	-	0.00190512	Pvalue	1522	T	ATTTT	ok	False
chr16	35645291	35645292	+	0.00278099	Pvalue	29	A	TGAAC	ok	False
chr16	87282506	87282507	-	0.00155327	Pvalue	516	T	TGTAC	ok	False
chr17	66386454	66386455	-	5.94535e-05	Pvalue	418	T	ATTTG	ok	False
chr18	48181098	48181099	+	0.0152306	Pvalue	117	A	GCAGG	ok	False
chr18	34469427	34469428	+	0.0202815	Pvalue	145	A	TTACA	ok	False
chr18	75136343	75136344	+	0.0358658	Pvalue	640	A	TAAAG	ok	False
chr19	41906865	41906866	+	1.1644e-10	Pvalue	93	A	AAAAT	ok	False
chr19	47723589	47723590	+	0.00209935	Pvalue	113	A	CAAAG	ok	False
chrx	101231039	101231040	-	0.0163741	Pvalue	659	T	TCTTG	ok	False
chr1	59679260	59679261	-	0.0455687	Pvalue	37	T	AGTAT	ok	False
chr1	72891262	72891263	+	0.000181217	Pvalue	315	A	CCATC	ok	False
chr1	86458132	86458133	+	1.95944e-24	Pvalue	2478	A	TCATT	ok	False
chr1	178156464	178156465	-	0.0287666	Pvalue	118	T	TCTTA	ok	False
chr2	32853782	32853783	+	0.000648179	Pvalue	702	A	ACAGT	ok	False
chr2	104830632	104830633	-	0.00126773	Pvalue	303	T	CATTT	ok	False
chr2	148517725	148517726	+	0.0412043	Pvalue	130	A	AGAGA	ok	False
chr2	162929208	162929209	-	4.19274e-06	Pvalue	171	T	TGTAG	ok	False
chr2	154714555	154714556	-	1.91175e-08	Pvalue	629	T	TGTTT	ok	True
chr3	87823416	87823417	+	9.5795e-05	Pvalue	656	A	ATAAA	ok	False
chr3	86045803	86045804	-	1.83475e-64	Pvalue	3070	T	GTTTC	ok	False
chr3	108179645	108179646	+	0.0312855	Pvalue	183	A	TCATC	ok	False
chr3	137572282	137572283	+	1.06979e-06	Pvalue	346	A	GGACT	ok	True
chr4	94457458	94457459	-	0.0044672	Pvalue	160	T	GATCT	ok	False
chr4	135780019	135780020	-	0.00977334	Pvalue	220	T	CCTTG	ok	False
chr4	137469066	137469067	-	0.000505342	Pvalue	349	T	GTTTT	ok	False
chr5	115483814	115483815	-	0.000393821	Pvalue	1109	T	CATCC	ok	False
chr5	108052636	108052637	+	0.0012963	Pvalue	383	A	GTACA	ok	False
chr5	129875085	129875086	+	5.7064e-08	Pvalue	712	A	GTATT	ok	False
chr6	67261104	67261105	+	0.00674706	Pvalue	708	A	GAAAA	ok	False
chr6	86501507	86501508	-	0.00170217	Pvalue	435	T	AATTC	ok	False
chr6	122691261	122691262	+	0.00190806	Pvalue	376	A	TTAAA	ok	False
chr6	135000446	135000447	+	0.0142924	Pvalue	142	A	GGAGA	ok	False
chr6	148256714	148256715	+	2.65821e-07	Pvalue	827	A	TCACC	ok	False
chr7	16483090	16483091	+	0.0128789	Pvalue	792	A	GAACC	ok	True
chr6	117902473	117902474	+	0.000285653	Pvalue	528	A	TAAAG	ok	False
chr7	12660589	12660590	+	3.33305e-12	Pvalue	4746	A	AAACT	ok	True
chr7	37962497	37962498	-	0.000256182	Pvalue	109	T	ACTAC	ok	False
chr7	44775019	44775020	-	0.00749075	Pvalue	431	T	CCTCC	ok	False
chr7	45733510	45733511	+	0.020083	Pvalue	155	A	GGACT	ok	True
chr7	143111711	143111712	-	0.0114099	Pvalue	201	T	GCTCT	ok	False
chr8	70961989	70961990	-	5.0542e-05	Pvalue	1258	T	GCTGT	ok	False
chr8	123299784	123299785	+	0.00302754	Pvalue	250	A	CAAAC	ok	False
chr9	44319371	44319372	+	4.30926e-06	Pvalue	1579	A	CCAAG	ok	False
chr9	44247254	44247255	+	1.19551e-32	Pvalue	300	A	GGACT	ok	True
chr9	57412663	57412664	+	0.000535859	Pvalue	268	A	CAAAA	ok	False
chr9	65567304	65567305	+	0.00651617	Pvalue	79	A	GCATC	ok	False
chr9	119067766	119067767	-	0.0400497	Pvalue	47	T	CATTT	ok	False
chr10	71063905	71063906	-	0.0285357	Pvalue	100	T	TATAT	ok	False
chr10	117651401	117651402	-	0.0188802	Pvalue	10	T	AGTAT	ok	False
chr10	116886998	116886999	-	0.00287429	Pvalue	564	T	AATTA	ok	False
chr11	21270327	21270328	+	0.0262451	Pvalue	44	A	GAAAT	ok	False
chr11	53321478	53321479	-	0.0208331	Pvalue	1003	T	CGTGC	ok	False
chr11	59102876	59102877	-	4.49697e-05	Pvalue	40	T	TCTAG	ok	False
chr11	62443857	62443858	+	0.00109853	Pvalue	979	A	GCACC	ok	False
chr11	72341524	72341525	+	0.0168252	Pvalue	127	A	GCAGC	ok	False
chr11	115914073	115914074	-	0.0161453	Pvalue	537	T	TGTGA	ok	False
chr11	117704733	117704734	+	0.0439023	Pvalue	134	A	GGAGC	ok	False
chr11	120379448	120379449	+	0.00695923	Pvalue	653	A	AGAGA	ok	False
chr12	55465074	55465075	+	6.02233e-05	Pvalue	465	A	AGACT	ok	True
chr13	14800168	14800169	+	0.0195467	Pvalue	504	A	AAAAC	ok	False
chr14	14302933	14302934	+	5.28685e-06	Pvalue	30	A	GCACC	ok	False
chr14	4200548	4200549	+	0.0111669	Pvalue	81	A	AGAAA	ok	False
chr14	21895565	21895566	+	0.00287339	Pvalue	275	A	AAATA	ok	False
chr14	76085628	76085629	+	1.23835e-07	Pvalue	490	A	TCATC	ok	False
chr15	43113501	43113502	-	6.91852e-05	Pvalue	375	T	CATGT	ok	False
chr15	81589027	81589028	-	0.0183442	Pvalue	29	T	AATTC	ok	False
chr16	18691083	18691084	-	3.95239e-13	Pvalue	155	T	AGTCT	ok	True
chr16	55791690	55791691	+	2.38846e-07	Pvalue	1929	A	GCACC	ok	False
chr16	95923179	95923180	-	0.0423492	Pvalue	454	T	GGTTC	ok	True
chr16	87281735	87281736	-	1.87584e-05	Pvalue	877	T	TTTAA	ok	False
chr17	80508984	80508985	-	0.00983394	Pvalue	162	T	CATTC	ok	False
chr18	75135920	75135921	+	1.83722e-07	Pvalue	736	A	AAAAG	ok	False
chr19	4245229	4245230	+	0.0116174	Pvalue	362	A	ATAGC	ok	False
chr19	6954674	6954675	+	0.0104274	Pvalue	218	A	ACAGC	ok	False
chr19	10607158	10607159	+	0.00668832	Pvalue	677	A	TTACC	ok	False
chrx	161561713	161561714	+	0.00207413	Pvalue	256	A	AAATA	ok	False
chr1	86458126	86458127	+	1.47477e-29	Pvalue	2792	A	CCATG	ok	False
chr2	151403595	151403596	+	0.00185249	Pvalue	358	A	TTATG	ok	False
chr3	87823054	87823055	+	0.0349979	Pvalue	592	A	AAAAG	ok	False
chr3	95569085	95569086	+	0.0122816	Pvalue	212	A	AGATC	ok	False
chr3	94792009	94792010	-	4.84652e-12	Pvalue	917	T	GGTCT	ok	True
chr5	35252273	35252274	-	0.0442972	Pvalue	125	T	GATGC	ok	False
chr5	117423860	117423861	-	0.00916711	Pvalue	9	T	GTTGA	ok	False
chr5	115698937	115698938	+	0.000123902	Pvalue	384	A	CTATC	ok	False
chr5	146772492	146772493	+	0.00759552	Pvalue	806	A	AGAGA	ok	False
chr6	72934347	72934348	-	0.00652582	Pvalue	2260	T	GTTTT	ok	False
chr6	85445348	85445349	+	2.63492e-15	Pvalue	1299	A	TAAAT	ok	False
chr7	126295797	126295798	+	0.0376541	Pvalue	713	A	AGAGC	ok	False
chr7	110671390	110671391	-	0.00631251	Pvalue	518	T	AATCT	ok	False
chr9	64084283	64084284	+	0.030163	Pvalue	286	A	CCAGC	ok	False
chr9	78385897	78385898	-	3.5986e-24	Pvalue	12576	T	CATTG	ok	False
chr10	79524217	79524218	+	0.0102425	Pvalue	816	A	AAATA	ok	False
chr10	79892024	79892025	+	0.00822198	Pvalue	495	A	ATAGA	ok	False
chr10	127353740	127353741	-	0.0304626	Pvalue	77	T	TGTCT	ok	True
chr10	127925891	127925892	+	0.00135459	Pvalue	1359	A	GAATA	ok	False
chr11	22953285	22953286	+	0.00430033	Pvalue	1620	A	AAATT	ok	False
chr11	69557955	69557956	-	0.0170024	Pvalue	1486	T	TTTAG	ok	False
chr11	88096127	88096128	+	0.00149335	Pvalue	23	A	ATACG	ok	False
chr11	98586789	98586790	+	0.0351668	Pvalue	279	A	ATAAA	ok	False
chr11	117704733	117704734	+	0.0147837	Pvalue	134	A	GGAGC	ok	False
chr11	115913731	115913732	-	0.0335703	Pvalue	134	T	AATAG	ok	False
chr11	120237210	120237211	-	7.94813e-33	Pvalue	270	T	AGTCC	ok	True
chr12	24763702	24763703	+	1.59391e-09	Pvalue	52	A	GTACC	ok	False
chr13	3615796	3615797	+	0.0301221	Pvalue	880	A	CAAAA	ok	False
chr13	47238375	47238376	-	0.000791737	Pvalue	177	T	TGTGA	ok	False
chr14	4201760	4201761	+	2.99976e-12	Pvalue	241	A	GAAAA	ok	False
chr14	54744672	54744673	-	0.00119564	Pvalue	391	T	ATTTG	ok	False
chr15	35935437	35935438	-	1.22808e-27	Pvalue	902	T	CATTC	ok	False
chr15	77844230	77844231	-	0.0224702	Pvalue	228	T	AATTC	ok	False
chr16	11010964	11010965	-	1.72034e-06	Pvalue	312	T	AATTC	ok	False
chr16	18690975	18690976	-	0.0306021	Pvalue	189	T	GATTA	ok	False
chr16	91722242	91722243	-	0.00885046	Pvalue	1020	T	AATTC	ok	False
chr16	48447414	48447415	+	0.00455935	Pvalue	265	A	GGAGA	ok	False
chr18	36537472	36537473	-	0.038315	Pvalue	317	T	CCTCA	ok	False
chr18	35070944	35070945	-	0.00191883	Pvalue	340	T	AATAT	ok	False
chr19	8955375	8955376	+	5.86525e-13	Pvalue	2292	A	GAAAC	ok	False
chr19	44538819	44538820	-	0.0238068	Pvalue	197	T	GGTAC	ok	False
chrx	154111487	154111488	-	0.00986831	Pvalue	203	T	AGTGT	ok	False
chr1	59678824	59678825	-	0.00647279	Pvalue	259	T	CTTTG	ok	False
chr1	72891625	72891626	+	0.000577021	Pvalue	405	A	AAAAT	ok	False
chr1	128261285	128261286	-	0.00337048	Pvalue	161	T	AATGA	ok	False
chr2	32853057	32853058	+	0.000247958	Pvalue	473	A	AGACA	ok	True
chr2	104831724	104831725	-	0.0357048	Pvalue	297	T	AGTCT	ok	True
chr2	148517860	148517861	+	0.00474153	Pvalue	123	A	TTAAA	ok	False
chr2	154714700	154714701	-	2.79589e-06	Pvalue	255	T	AGTTT	ok	True
chr3	51313030	51313031	-	0.00498783	Pvalue	452	T	CATGA	ok	False
chr3	86046352	86046353	-	1.51953e-36	Pvalue	1948	T	TATTA	ok	False
chr3	95569224	95569225	+	0.00204558	Pvalue	213	A	TAAAA	ok	False
chr3	122719376	122719377	+	0.000327835	Pvalue	257	A	TAAAT	ok	False
chr3	102070625	102070626	-	0.0221082	Pvalue	18	T	CATGC	ok	False
chr4	41194510	41194511	-	0.0072138	Pvalue	140	T	TGTTT	ok	True
chr4	119135491	119135492	-	0.00558353	Pvalue	284	T	GGTCT	ok	True
chr4	132505787	132505788	+	0.0343001	Pvalue	226	A	CGATT	ok	False
chr5	73470935	73470936	+	0.0427358	Pvalue	69	A	TAAAA	ok	False
chr5	121583364	121583365	-	0.000357025	Pvalue	77	T	CCTGT	ok	False
chr5	125463754	125463755	-	0.0381998	Pvalue	50	T	GGTGC	ok	False
chr5	129099439	129099440	+	0.00517723	Pvalue	295	A	GTACT	ok	False
chr5	124483593	124483594	-	0.000381365	Pvalue	152	T	AGTAA	ok	False
chr5	145120536	145120537	-	0.00770938	Pvalue	1100	T	ATTGG	ok	False
chr6	7676045	7676046	-	0.0414007	Pvalue	231	T	GGTGA	ok	False
chr6	87820186	87820187	-	0.000312482	Pvalue	755	T	GTTTA	ok	False
chr6	131341843	131341844	-	0.00187446	Pvalue	671	T	TTTTT	ok	False
chr6	122704960	122704961	-	1.93372e-25	Pvalue	1094	T	TTTTA	ok	False
chr7	27878580	27878581	+	0.00620333	Pvalue	114	A	GAAAC	ok	False
chr7	44774991	44774992	-	0.00132592	Pvalue	416	T	AGTCA	ok	True
chr7	108540795	108540796	+	5.55325e-05	Pvalue	1556	A	TGAGA	ok	False
chr7	110671304	110671305	-	1.72026e-05	Pvalue	548	T	GATCT	ok	False
chr8	71822233	71822234	+	0.0350366	Pvalue	211	A	AGAGA	ok	False
chr8	121384604	121384605	-	0.0182808	Pvalue	114	T	AATGG	ok	False
chr9	40715232	40715233	+	0.00338405	Pvalue	803	A	TCATT	ok	False
chr9	59586543	59586544	+	7.88481e-12	Pvalue	3436	A	GCACT	ok	False
chr9	108442557	108442558	+	0.000324375	Pvalue	269	A	TGAGA	ok	False
chr9	108449592	108449593	-	0.0105881	Pvalue	206	T	GGTAT	ok	False
chr10	62105238	62105239	-	0.0478131	Pvalue	45	T	AGTCC	ok	True
chr10	127969516	127969517	-	0.0258092	Pvalue	125	T	TATTT	ok	False
chr11	5479102	5479103	-	0.0106012	Pvalue	24	T	AGTTT	ok	True
chr11	6369608	6369609	+	8.9778e-06	Pvalue	566	A	CTAAT	ok	False
chr11	54761309	54761310	+	0.00349996	Pvalue	349	A	ACATT	ok	False
chr11	33102664	33102665	-	3.19483e-12	Pvalue	3543	T	TTTTA	ok	False
chr11	69558362	69558363	-	4.52825e-06	Pvalue	1365	T	TGTCT	ok	True
chr11	88814901	88814902	-	0.0444525	Pvalue	77	T	CATGG	ok	False
chr11	102729320	102729321	-	0.0128719	Pvalue	350	T	ATTTA	ok	False
chr12	66330350	66330351	-	4.29958e-05	Pvalue	153	T	GTTTT	ok	False
chr12	102534846	102534847	-	0.00613368	Pvalue	138	T	GTTTG	ok	False
chr13	111562233	111562234	-	0.0370716	Pvalue	59	T	TTTTC	ok	False
chr14	21895541	21895542	+	0.0201526	Pvalue	268	A	TAAAT	ok	False
chr15	34442847	34442848	-	4.34289e-22	Pvalue	271	T	AGTCT	ok	True
chr15	35932218	35932219	-	2.89465e-07	Pvalue	910	T	CTTCT	ok	False
chr15	36595975	36595976	-	0.000288632	Pvalue	933	T	GTTCT	ok	False
chr15	81835349	81835350	-	0.000104365	Pvalue	532	T	AGTAA	ok	False
chr15	98935714	98935715	+	1.41552e-06	Pvalue	603	A	AGATC	ok	False
chr16	45973388	45973389	-	0.0193279	Pvalue	192	T	CTTCC	ok	False
chr17	15697667	15697668	-	0.0336911	Pvalue	567	T	TGTAC	ok	False
chr16	87281781	87281782	-	0.00281543	Pvalue	703	T	TCTAA	ok	False
chr17	66387855	66387856	-	0.0458768	Pvalue	408	T	TCTTC	ok	False
chr18	36890471	36890472	+	0.00533493	Pvalue	118	A	AAAAG	ok	False
chr18	77867953	77867954	+	0.0112974	Pvalue	102	A	TGATG	ok	False
chr19	8950408	8950409	+	0.000127786	Pvalue	555	A	TGAGT	ok	False
chr19	44538771	44538772	-	0.0353496	Pvalue	181	T	AGTGA	ok	False
chrx	153996331	153996332	-	0.0243979	Pvalue	50	T	CTTTA	ok	False
chr1	72891286	72891287	+	0.0140207	Pvalue	346	A	GGAGA	ok	False
chr1	86278306	86278307	-	1.12942e-14	Pvalue	2048	T	CTTTA	ok	False
chr1	180726401	180726402	+	0.000104525	Pvalue	151	A	GAAAA	ok	False
chr2	32854051	32854052	+	0.00208982	Pvalue	517	A	CCAGT	ok	False
chr2	84499586	84499587	-	0.0410794	Pvalue	475	T	TATTA	ok	False
chr2	104830144	104830145	-	0.00288946	Pvalue	449	T	GTTGT	ok	False
chr2	142906540	142906541	+	0.0192882	Pvalue	7	A	TTAAA	ok	False
chr2	154715533	154715534	-	0.00238438	Pvalue	145	T	GGTTA	ok	True
chr2	155405295	155405296	-	0.0254213	Pvalue	113	T	GATCT	ok	False
chr3	86045885	86045886	-	1.0924e-05	Pvalue	2629	T	AATGC	ok	False
chr3	97079014	97079015	+	0.000513496	Pvalue	35	A	AGAGG	ok	False
chr3	137571822	137571823	+	0.0217943	Pvalue	96	A	TCACC	ok	False
chr4	116496190	116496191	-	0.000324883	Pvalue	153	T	GTTTT	ok	False
chr4	132280493	132280494	+	0.00795952	Pvalue	32	A	GGACT	ok	True
chr4	150331107	150331108	+	0.00467623	Pvalue	37	A	CGAGT	ok	False
chr5	45669423	45669424	+	3.53626e-13	Pvalue	304	A	AGATT	ok	False
chr5	129097630	129097631	+	0.0182719	Pvalue	25	A	CCAGT	ok	False
chr5	115701370	115701371	+	1.8291e-58	Pvalue	3533	A	GCATT	ok	False
chr5	147015791	147015792	+	1.01099e-25	Pvalue	200	A	GTACT	ok	False
chr6	39382640	39382641	-	0.000979782	Pvalue	304	T	GTTTA	ok	False
chr6	71793243	71793244	-	0.0319902	Pvalue	93	T	CTTTT	ok	False
chr6	86501805	86501806	-	9.88385e-05	Pvalue	258	T	GTTAC	ok	False
chr6	122691424	122691425	+	0.0276195	Pvalue	507	A	TCAAC	ok	False
chr6	85443002	85443003	+	0.0419925	Pvalue	79	A	GTACT	ok	False
chr7	3703995	3703996	+	0.0463899	Pvalue	168	A	AAATT	ok	False
chr6	117902295	117902296	+	0.00173338	Pvalue	450	A	GTACT	ok	False
chr7	29886727	29886728	-	0.007883	Pvalue	396	T	CTTGT	ok	False
chr7	33901863	33901864	-	0.00551017	Pvalue	652	T	GTTGC	ok	False
chr7	46504412	46504413	+	0.0357998	Pvalue	220	A	GAATC	ok	False
chr7	45239116	45239117	+	0.00396044	Pvalue	402	A	TAAAA	ok	False
chr7	126146407	126146408	-	6.49406e-06	Pvalue	621	T	ATTAT	ok	False
chr7	140978441	140978442	+	0.0120978	Pvalue	23	A	ACAAA	ok	False
chr8	69566347	69566348	+	0.0449713	Pvalue	184	A	TAAAT	ok	False
chr8	120684287	120684288	+	0.0284423	Pvalue	261	A	AAAGT	ok	False
chr9	50507796	50507797	-	0.000393266	Pvalue	107	T	AGTCT	ok	True
chr9	78115082	78115083	+	0.000447097	Pvalue	284	A	AGATT	ok	False
chr9	107491372	107491373	-	0.00083414	Pvalue	723	T	AATTC	ok	False
chr9	110069221	110069222	+	0.0344553	Pvalue	111	A	TAAAT	ok	False
chr10	95378725	95378726	+	0.0157613	Pvalue	59	A	ACATT	ok	False
chr10	128394723	128394724	-	0.0088613	Pvalue	607	T	GGTGC	ok	False
chr10	127926014	127926015	+	6.66498e-09	Pvalue	1481	A	GCAAC	ok	False
chr10	128461083	128461084	-	4.76037e-24	Pvalue	2575	T	TCTGA	ok	False
chr11	22952299	22952300	+	3.44808e-05	Pvalue	459	A	CTACA	ok	False
chr11	58008478	58008479	+	0.00218421	Pvalue	46	A	AGACT	ok	True
chr11	69564038	69564039	-	0.026858	Pvalue	281	T	AATCC	ok	False
chr11	68942433	68942434	+	0.011162	Pvalue	54	A	AGAAA	ok	False
chr11	100315488	100315489	+	0.0297774	Pvalue	16	A	CTAAA	ok	False
chr11	102729410	102729411	-	0.000844571	Pvalue	363	T	CTTGT	ok	False
chr12	83999589	83999590	+	0.00222194	Pvalue	29	A	AGACA	ok	True
chr13	3615668	3615669	+	0.0242874	Pvalue	797	A	ATACA	ok	False
chr12	110657785	110657786	-	0.00012467	Pvalue	2503	T	TCTTA	ok	False
chr14	4201690	4201691	+	0.00083473	Pvalue	245	A	CAAAA	ok	False
chr14	8357499	8357500	+	0.0125764	Pvalue	207	A	ACAGA	ok	False
chr14	73830153	73830154	+	3.84668e-10	Pvalue	41	A	GGATT	ok	False
chr15	43114889	43114890	-	0.00185845	Pvalue	444	T	GTTCT	ok	False
chr15	76790377	76790378	+	8.28444e-10	Pvalue	7550	A	CCATC	ok	False
chr15	77799473	77799474	-	0.0223267	Pvalue	190	T	CTTGT	ok	False
chr15	81799240	81799241	+	0.00129599	Pvalue	199	A	AGAAG	ok	False
chr16	95923215	95923216	-	0.041302	Pvalue	261	T	AATAT	ok	False
chr16	90023170	90023171	+	5.57906e-21	Pvalue	3180	A	TCAGA	ok	False
chr17	24940625	24940626	+	0.0048989	Pvalue	951	A	AGACT	ok	True
chr17	34042222	34042223	-	0.001438	Pvalue	880	T	GGTGA	ok	False
chr17	45879333	45879334	-	0.000302918	Pvalue	1473	T	GGTTG	ok	False
chr18	36899817	36899818	-	0.0249898	Pvalue	78	T	GTTCT	ok	False
chr18	35070865	35070866	-	0.021427	Pvalue	457	T	GCTAT	ok	False
chr19	41906795	41906796	+	1.26966e-06	Pvalue	54	A	ATATT	ok	False
chrx	100491754	100491755	+	0.00638531	Pvalue	101	A	CCATC	ok	False
chr1	55117778	55117779	-	0.00116504	Pvalue	388	T	TTTTC	ok	False
chr1	86278696	86278697	-	3.71407e-06	Pvalue	1680	T	TCTTC	ok	False
chr2	10063849	10063850	-	0.00225105	Pvalue	884	T	GATGA	ok	False
chr2	38478062	38478063	-	0.000383254	Pvalue	483	T	TTTTT	ok	False
chr2	101731948	101731949	+	0.0212863	Pvalue	55	A	GTAGA	ok	False
chr2	155078508	155078509	+	0.0134912	Pvalue	18	A	CGATT	ok	False
chr2	163248069	163248070	-	0.0108802	Pvalue	15	T	AGTCT	ok	True
chr2	172857268	172857269	+	0.0439259	Pvalue	189	A	GGACT	ok	True
chr3	95568974	95568975	+	0.00194169	Pvalue	159	A	AGACT	ok	True
chr3	116282873	116282874	-	0.020514	Pvalue	88	T	CGTAC	ok	False
chr3	137570929	137570930	+	0.000831908	Pvalue	61	A	CCAAG	ok	False
chr4	3834550	3834551	-	7.87656e-23	Pvalue	5423	T	GATGG	ok	False
chr4	86773093	86773094	-	1.91855e-10	Pvalue	261	T	AGTGC	ok	False
chr4	116556548	116556549	+	1.34871e-09	Pvalue	1611	A	AGATA	ok	False
chr4	135777669	135777670	-	4.28007e-12	Pvalue	565	T	TGTCT	ok	True
chr4	152411963	152411964	+	0.0418179	Pvalue	1186	A	AAAAA	ok	False
chr5	36952728	36952729	-	6.06466e-05	Pvalue	130	T	AGTCC	ok	True
chr5	77114987	77114988	+	0.00392462	Pvalue	262	A	CTAAA	ok	False
chr5	121583020	121583021	-	0.00235981	Pvalue	211	T	CTTCT	ok	False
chr5	129100223	129100224	+	0.0118691	Pvalue	1562	A	TAATC	ok	False
chr5	138162991	138162992	-	0.0123109	Pvalue	415	T	GGTGA	ok	False
chr6	83095703	83095704	+	0.00727113	Pvalue	35	A	AAAGC	ok	False
chr6	55056466	55056467	+	0.00329659	Pvalue	335	A	GAATT	ok	False
chr6	125437270	125437271	-	0.00163288	Pvalue	202	T	TATAA	ok	False
chr7	12660398	12660399	+	0.0419362	Pvalue	4823	A	AGATG	ok	False
chr7	28439399	28439400	-	1.23687e-05	Pvalue	267	T	GATGC	ok	False
chr7	28051935	28051936	+	3.79207e-08	Pvalue	632	A	CCAAG	ok	False
chr7	27878340	27878341	+	0.00953964	Pvalue	90	A	CCACT	ok	False
chr7	44775359	44775360	-	0.036614	Pvalue	8966	T	TCTTT	ok	False
chr7	44771895	44771896	-	5.31612e-06	Pvalue	4875	T	CCTTG	ok	False
chr7	45108052	45108053	-	7.0445e-31	Pvalue	3571	T	CCTGG	ok	False
chr7	110671332	110671333	-	0.0355971	Pvalue	556	T	AGTAA	ok	False
chr8	71348038	71348039	-	9.8937e-07	Pvalue	2308	T	TTTAT	ok	False
chr8	71918181	71918182	+	0.00012569	Pvalue	179	A	GAAAG	ok	False
chr8	85756659	85756660	+	0.0237992	Pvalue	144	A	ATATT	ok	False
chr8	112678978	112678979	+	0.00848134	Pvalue	340	A	AAAAG	ok	False
chr9	36643839	36643840	-	0.0386513	Pvalue	143	T	AGTCC	ok	True
chr9	57412411	57412412	+	3.51723e-08	Pvalue	142	A	GGACT	ok	True
chr9	64085552	64085553	+	4.86492e-10	Pvalue	3247	A	CAACC	ok	False
chr9	120789528	120789529	+	2.39889e-05	Pvalue	266	A	AGATG	ok	False
chr10	80124221	80124222	+	0.0197504	Pvalue	234	A	AAAAC	ok	False
chr10	116887065	116887066	-	2.60862e-05	Pvalue	569	T	ATTCC	ok	False
chr11	6369158	6369159	+	9.81814e-10	Pvalue	294	A	CTACG	ok	False
chr11	22952890	22952891	+	0.000278139	Pvalue	1391	A	GCAAC	ok	False
chr11	55285415	55285416	-	0.000103335	Pvalue	706	T	CTTTT	ok	False
chr11	62443817	62443818	+	0.033496	Pvalue	1016	A	GCACT	ok	False
chr11	69890439	69890440	+	0.0148201	Pvalue	94	A	GGACT	ok	True
chr11	95570798	95570799	+	0.010977	Pvalue	468	A	TCACT	ok	False
chr11	101168892	101168893	-	8.24738e-06	Pvalue	242	T	AGTCG	ok	False
chr11	102327390	102327391	+	0.0419914	Pvalue	258	A	TAACG	ok	False
chr11	115914134	115914135	-	0.0417736	Pvalue	422	T	AATGC	ok	False
chr11	120237082	120237083	-	0.0167547	Pvalue	453	T	GCTTC	ok	False
chr12	66330538	66330539	-	0.0306142	Pvalue	76	T	ATTTG	ok	False
chr12	84803565	84803566	-	0.00345007	Pvalue	218	T	TATCT	ok	False
chr12	110657616	110657617	-	0.0012058	Pvalue	5004	T	GTTGT	ok	False
chr14	14302985	14302986	+	9.81299e-09	Pvalue	46	A	AAATC	ok	False
chr14	34066011	34066012	+	0.0345881	Pvalue	77	A	TCACT	ok	False
chr15	35932232	35932233	-	0.00176829	Pvalue	915	T	AATCC	ok	False
chr15	58809258	58809259	+	0.000197062	Pvalue	256	A	TTACT	ok	False
chr15	84098370	84098371	+	0.014774	Pvalue	407	A	GTAAC	ok	False
chr15	98935827	98935828	+	0.000110838	Pvalue	673	A	AGAAG	ok	False
chr16	22933197	22933198	-	0.0265815	Pvalue	56	T	TTTAC	ok	False
chr16	95922936	95922937	-	0.000681344	Pvalue	1331	T	CGTAT	ok	False
chr16	87282520	87282521	-	9.87065e-06	Pvalue	501	T	TTTAG	ok	False
chr17	36147073	36147074	-	0.010306	Pvalue	11	T	GGTCT	ok	True
chr17	88030960	88030961	+	0.021191	Pvalue	300	A	GGAGC	ok	False
chr19	9962324	9962325	+	0.000153403	Pvalue	648	A	CCACG	ok	False
chrx	13069681	13069682	+	0.000271491	Pvalue	449	A	CTACC	ok	False
chrx	135115209	135115210	-	4.46883e-06	Pvalue	179	T	GGTCA	ok	True
chr1	72891307	72891308	+	0.0119333	Pvalue	360	A	CCAAA	ok	False
chr1	86280002	86280003	-	0.0207231	Pvalue	460	T	CTTTA	ok	False
chr1	177591203	177591204	-	0.0393124	Pvalue	32	T	AATAA	ok	False
chr2	73738850	73738851	-	0.0397024	Pvalue	1158	T	AGTAC	ok	False
chr2	121266844	121266845	+	0.0477655	Pvalue	116	A	CTACC	ok	False
chr2	154715522	154715523	-	0.0331489	Pvalue	153	T	GATTA	ok	False
chr3	83995473	83995474	-	0.0413533	Pvalue	20	T	AATAT	ok	False
chr3	87964032	87964033	-	0.0311569	Pvalue	111	T	GATGA	ok	False
chr3	116282745	116282746	-	0.038627	Pvalue	102	T	GATGG	ok	False
chr4	41712120	41712121	-	3.17751e-13	Pvalue	146	T	AGTCT	ok	True
chr4	86774478	86774479	-	0.0284096	Pvalue	139	T	CCTGT	ok	False
chr4	126924572	126924573	+	0.0412877	Pvalue	184	A	AAAGA	ok	False
chr4	145430678	145430679	+	0.0371076	Pvalue	8	A	GAAAC	ok	False
chr5	8447382	8447383	-	0.000450409	Pvalue	27	T	GGTCC	ok	True
chr5	65547735	65547736	-	3.49497e-10	Pvalue	841	T	CGTGA	ok	False
chr5	122594615	122594616	-	0.0239474	Pvalue	250	T	TGTAA	ok	False
chr5	115701545	115701546	+	3.82025e-11	Pvalue	3707	A	AGATG	ok	False
chr5	147015666	147015667	+	0.0285604	Pvalue	227	A	CCAGC	ok	False
chr5	147047609	147047610	+	0.00693294	Pvalue	70	A	GAAGT	ok	False
chr6	67254891	67254892	+	0.0150346	Pvalue	340	A	GGATT	ok	False
chr6	124693691	124693692	+	0.019297	Pvalue	1092	A	CCAGG	ok	False
chr7	12764396	12764397	+	0.00252177	Pvalue	917	A	GTACC	ok	False
chr7	27878679	27878680	+	0.0165052	Pvalue	101	A	TAAAA	ok	False
chr7	44775418	44775419	-	6.75029e-16	Pvalue	9336	T	TTTTC	ok	False
chr7	44771830	44771831	-	9.15925e-76	Pvalue	4918	T	ATTTG	ok	False
chr7	99128580	99128581	-	1.75429e-12	Pvalue	2287	T	GTTCC	ok	False
chr7	114304598	114304599	-	2.59351e-05	Pvalue	2129	T	GATTC	ok	False
chr7	130135537	130135538	-	0.00213005	Pvalue	158	T	ACTCC	ok	False
chr7	140981909	140981910	+	0.0367143	Pvalue	653	A	CCATC	ok	False
chr8	57967300	57967301	+	4.48169e-07	Pvalue	267	A	GAAAA	ok	False
chr8	46660406	46660407	-	0.0390889	Pvalue	411	T	GTTTT	ok	False
chr8	86265350	86265351	-	0.000480646	Pvalue	159	T	TGTAA	ok	False
chr8	112679514	112679515	+	3.76399e-06	Pvalue	138	A	TAAAT	ok	False
chr8	125071060	125071061	+	0.00896261	Pvalue	26	A	AAATA	ok	False
chr9	31060874	31060875	-	0.00491503	Pvalue	358	T	TATTG	ok	False
chr9	64085703	64085704	+	1.85093e-28	Pvalue	3240	A	AGAAG	ok	False
chr9	120789541	120789542	+	0.00339384	Pvalue	266	A	GAAAT	ok	False
chr10	69176441	69176442	-	0.0129452	Pvalue	133	T	AGTGC	ok	False
chr10	95378707	95378708	+	0.0120923	Pvalue	67	A	TCACA	ok	False
chr10	127912557	127912558	+	0.0205729	Pvalue	210	A	TAACT	ok	True
chr10	128197066	128197067	+	0.000160597	Pvalue	104	A	GTAAT	ok	False
chr10	127117607	127117608	+	0.00771635	Pvalue	224	A	TAACG	ok	False
chr11	54761126	54761127	+	0.00877278	Pvalue	350	A	TCACA	ok	False
chr11	33102787	33102788	-	2.65101e-10	Pvalue	2504	T	AATAT	ok	False
chr11	69547675	69547676	-	0.0121495	Pvalue	272	T	ACTCT	ok	False
chr11	70542999	70543000	-	0.0418099	Pvalue	754	T	GTTGA	ok	False
chr11	83970052	83970053	-	0.000581441	Pvalue	53	T	CTTTA	ok	False
chr11	93840747	93840748	-	0.000379572	Pvalue	2185	T	TCTTC	ok	False
chr11	115914025	115914026	-	0.0161426	Pvalue	633	T	ATTAG	ok	False
chr11	115913635	115913636	-	0.00516087	Pvalue	28	T	ACTGG	ok	False
chr11	120236601	120236602	-	0.00153755	Pvalue	2321	T	TTTGT	ok	False
chr12	66330250	66330251	-	0.00275615	Pvalue	142	T	CATTT	ok	False
chr12	100089413	100089414	+	0.030398	Pvalue	303	A	TAAAA	ok	False
chr12	110534183	110534184	+	0.0484199	Pvalue	47	A	TTACT	ok	False
chr14	19867211	19867212	-	0.046276	Pvalue	47	T	TTTCA	ok	False
chr14	24545890	24545891	+	0.000839981	Pvalue	7172	A	AGATT	ok	False
chr14	31902355	31902356	-	3.45754e-07	Pvalue	73	T	AGTCC	ok	True
chr14	121184378	121184379	+	0.0364879	Pvalue	189	A	GGACT	ok	True
chr15	76789163	76789164	+	6.53873e-05	Pvalue	3460	A	AGACC	ok	True
chr15	81799212	81799213	+	3.78259e-05	Pvalue	211	A	TTATT	ok	False
chr17	6360970	6360971	-	0.00962971	Pvalue	11	T	GCTCA	ok	False
chr17	13142501	13142502	+	1.23463e-05	Pvalue	586	A	GGACT	ok	True
chr17	24046530	24046531	-	3.79064e-07	Pvalue	1315	T	CATCA	ok	False
chr17	28066988	28066989	+	0.02864	Pvalue	202	A	CAATG	ok	False
chr17	36144821	36144822	-	0.031001	Pvalue	528	T	AATTC	ok	False
chr17	57303066	57303067	+	0.0415974	Pvalue	620	A	GAAAC	ok	False
chr18	48181369	48181370	+	0.00466472	Pvalue	191	A	GTAAT	ok	False
chr18	75134869	75134870	+	0.00773214	Pvalue	567	A	CCAGG	ok	False
chr19	32443281	32443282	-	0.000395655	Pvalue	1115	T	TTTTT	ok	False
chr19	41906894	41906895	+	6.85268e-10	Pvalue	95	A	TAAAC	ok	False
chrx	13160206	13160207	+	0.0124593	Pvalue	203	A	ATAAA	ok	False
chrx	101228669	101228670	-	4.23573e-05	Pvalue	3077	T	TGTCT	ok	True
chr1	20873668	20873669	-	0.0499178	Pvalue	129	T	GGTAG	ok	False
chr1	131056527	131056528	-	0.000497642	Pvalue	18	T	AGTCC	ok	True
chr1	170956990	170956991	-	6.49325e-09	Pvalue	101	T	GGTGT	ok	False
chr1	180428463	180428464	+	0.0326455	Pvalue	283	A	AAAAA	ok	False
chr2	29072450	29072451	+	0.0461026	Pvalue	73	A	GAAAA	ok	False
chr2	71271744	71271745	+	0.00378185	Pvalue	283	A	TAAAG	ok	False
chr2	121268206	121268207	+	1.26928e-05	Pvalue	290	A	ATAAA	ok	False
chr2	103596108	103596109	-	0.0318152	Pvalue	61	T	TCTAA	ok	False
chr2	162928970	162928971	-	0.0137349	Pvalue	214	T	TTTTA	ok	False
chr2	154714523	154714524	-	2.40293e-05	Pvalue	755	T	ACTTG	ok	False
chr2	179679950	179679951	-	0.000134686	Pvalue	150	T	AATGG	ok	False
chr3	87822950	87822951	+	0.000781037	Pvalue	147	A	TCACC	ok	False
chr3	87823018	87823019	+	0.00115221	Pvalue	419	A	AAAAG	ok	False
chr3	86045836	86045837	-	2.83463e-70	Pvalue	3063	T	CGTCA	ok	False
chr3	100045509	100045510	-	0.0418463	Pvalue	113	T	GTTTT	ok	False
chr3	122719388	122719389	+	0.0385065	Pvalue	191	A	AAAAA	ok	False
chr3	130522746	130522747	-	9.27347e-07	Pvalue	745	T	TTTCC	ok	False
chr4	40732896	40732897	+	0.0172375	Pvalue	191	A	TGAGG	ok	False
chr4	98626584	98626585	+	0.00184149	Pvalue	261	A	AAAAA	ok	False
chr4	44988998	44988999	+	0.0318284	Pvalue	76	A	CCACC	ok	False
chr4	119136294	119136295	-	0.0295923	Pvalue	143	T	GATAC	ok	False
chr4	137469320	137469321	-	1.0086e-05	Pvalue	346	T	CATCC	ok	False
chr5	77114819	77114820	+	0.0334889	Pvalue	89	A	TTACT	ok	False
chr5	120765664	120765665	+	0.0143154	Pvalue	328	A	TTAAT	ok	False
chr5	145064752	145064753	+	7.83542e-14	Pvalue	98	A	CTAAA	ok	False
chr6	67254904	67254905	+	0.0432113	Pvalue	295	A	ATAAA	ok	False
chr6	124693676	124693677	+	0.0261807	Pvalue	1069	A	ACAGC	ok	False
chr7	12764942	12764943	+	0.000567322	Pvalue	1831	A	TAAAA	ok	False
chr7	43107143	43107144	+	0.0302595	Pvalue	389	A	TGAAG	ok	False
chr7	44775100	44775101	-	1.08159e-05	Pvalue	404	T	TGTGC	ok	False
chr7	45733480	45733481	+	0.00256472	Pvalue	161	A	GAAAC	ok	False
chr7	141929912	141929913	-	0.0120206	Pvalue	429	T	CATCC	ok	False
chr8	85698256	85698257	+	2.55056e-14	Pvalue	335	A	GGACG	ok	False
chr8	85698256	85698257	+	0.00661853	Pvalue	335	A	GGACG	ok	False
chr9	40714585	40714586	+	0.0210752	Pvalue	82	A	CTATA	ok	False
chr9	40716412	40716413	+	5.33659e-92	Pvalue	5409	A	TAAGT	ok	False
chr9	65567507	65567508	+	0.00157706	Pvalue	184	A	AGACC	ok	True
chr10	17601042	17601043	+	0.0466532	Pvalue	20	A	AGACT	ok	True
chr9	78385751	78385752	-	1.75597e-81	Pvalue	12254	T	GTTTT	ok	False
chr10	79524144	79524145	+	3.33893e-09	Pvalue	809	A	AGACT	ok	True
chr10	95351097	95351098	+	0.0281787	Pvalue	4	A	CAAGG	ok	False
chr10	126903009	126903010	+	0.000171271	Pvalue	473	A	TAAAT	ok	False
chr10	128196999	128197000	+	0.00285198	Pvalue	109	A	GTAAG	ok	False
chr11	6369641	6369642	+	0.0394848	Pvalue	555	A	TCAAA	ok	False
chr10	128461130	128461131	-	7.8794e-23	Pvalue	2555	T	GATTC	ok	False
chr11	22953246	22953247	+	1.89507e-07	Pvalue	1636	A	AGAGT	ok	False
chr11	51491790	51491791	-	0.000272237	Pvalue	1547	T	AATAC	ok	False
chr11	68795284	68795285	+	0.00371385	Pvalue	3669	A	ATACA	ok	False
chr11	62444005	62444006	+	1.08759e-06	Pvalue	1024	A	AAATG	ok	False
chr11	78073689	78073690	-	0.00399671	Pvalue	477	T	CTTGG	ok	False
chr11	97518646	97518647	-	2.62182e-14	Pvalue	1062	T	TGTCC	ok	True
chr11	88863546	88863547	+	1.2407e-11	Pvalue	335	A	TCAAG	ok	False
chr11	115388213	115388214	-	0.00173101	Pvalue	282	T	AGTCC	ok	True
chr11	107388478	107388479	+	0.00110205	Pvalue	204	A	AGAAA	ok	False
chr11	120451467	120451468	-	0.00337189	Pvalue	299	T	GGTTA	ok	True
chr12	87496642	87496643	+	0.0100904	Pvalue	187	A	TGAGA	ok	False
chr12	110657490	110657491	-	3.46954e-06	Pvalue	5051	T	TTTAA	ok	False
chr14	14303691	14303692	+	0.0134113	Pvalue	120	A	ACAGA	ok	False
chr14	47013772	47013773	-	0.00444971	Pvalue	9	T	CATTT	ok	False
chr14	63731243	63731244	-	0.00214949	Pvalue	314	T	CGTGC	ok	False
chr15	43113565	43113566	-	1.21054e-10	Pvalue	441	T	TATTC	ok	False
chr15	81249432	81249433	-	0.0231281	Pvalue	252	T	AATGT	ok	False
chr16	16977854	16977855	-	0.0451943	Pvalue	138	T	CCTTG	ok	False
chr15	98935964	98935965	+	2.22127e-05	Pvalue	679	A	TCAAT	ok	False
chr16	95923010	95923011	-	1.51232e-09	Pvalue	1253	T	TGTAA	ok	False
chr17	24940622	24940623	+	0.000357499	Pvalue	948	A	CCAAG	ok	False
chr17	34171024	34171025	-	0.00110869	Pvalue	2283	T	CTTCT	ok	False
chr17	45703145	45703146	-	1.25704e-06	Pvalue	172	T	AGTCT	ok	True
chr18	56886189	56886190	+	0.0155335	Pvalue	88	A	GTATG	ok	False
chr19	10607134	10607135	+	0.000110815	Pvalue	737	A	GAATT	ok	False
chrx	158905490	158905491	-	0.0210898	Pvalue	175	T	TATTG	ok	False
chr1	4846784	4846785	-	2.935e-14	Pvalue	705	T	AATCT	ok	False
chr1	38090877	38090878	+	0.0072909	Pvalue	73	A	GGACT	ok	True
chr1	84702043	84702044	-	0.025466	Pvalue	358	T	ATTTA	ok	False
chr2	3489899	3489900	-	0.000817503	Pvalue	139	T	AATTG	ok	False
chr2	84499683	84499684	-	4.71503e-06	Pvalue	484	T	CATAG	ok	False
chr2	90695730	90695731	+	9.57912e-05	Pvalue	211	A	AAAAT	ok	False
chr2	143784884	143784885	+	0.00547835	Pvalue	172	A	AAATT	ok	False
chr2	130120990	130120991	+	0.0420544	Pvalue	496	A	CTAAG	ok	False
chr2	174188196	174188197	+	0.0307374	Pvalue	66	A	AAATT	ok	False
chr3	86045804	86045805	-	1.08669e-302	Pvalue	3069	T	TTTCT	ok	False
chr3	97081151	97081152	+	0.0134081	Pvalue	49	A	CTACA	ok	False
chr3	138160962	138160963	+	0.0363402	Pvalue	215	A	AGAAA	ok	False
chr4	3834490	3834491	-	4.65174e-08	Pvalue	5391	T	TATTC	ok	False
chr4	86773065	86773066	-	1.81594e-08	Pvalue	306	T	ATTCT	ok	False
chr4	108195571	108195572	+	1.41812e-06	Pvalue	48	A	GGACA	ok	True
chr4	55390825	55390826	+	2.21436e-05	Pvalue	42	A	GAAAC	ok	False
chr4	119135458	119135459	-	0.0245228	Pvalue	302	T	TATCT	ok	False
chr4	155818026	155818027	+	0.000631152	Pvalue	180	A	CTACT	ok	False
chr5	52307938	52307939	-	0.046127	Pvalue	55	T	CTTGA	ok	False
chr5	65548084	65548085	-	5.6967e-09	Pvalue	691	T	CTTTT	ok	False
chr5	122925822	122925823	-	0.048003	Pvalue	701	T	CATGT	ok	False
chr6	6041496	6041497	-	0.0368424	Pvalue	80	T	AATTG	ok	False
chr6	87976113	87976114	-	0.027204	Pvalue	467	T	ATTGG	ok	False
chr6	125437239	125437240	-	0.00486658	Pvalue	203	T	AATCT	ok	False
chr6	117902282	117902283	+	0.0497619	Pvalue	406	A	ACACT	ok	False
chr7	29886440	29886441	-	2.13643e-05	Pvalue	645	T	TTTTC	ok	False
chr7	44626295	44626296	-	0.000609872	Pvalue	438	T	CTTCT	ok	False
chr7	64521520	64521521	-	0.0412793	Pvalue	78	T	GTTTC	ok	False
chr7	44771971	44771972	-	2.7688e-10	Pvalue	4960	T	GATCT	ok	False
chr7	99128587	99128588	-	3.10431e-12	Pvalue	2241	T	GATGC	ok	False
chr7	126146227	126146228	-	2.15254e-05	Pvalue	374	T	CATTT	ok	False
chr7	105392507	105392508	-	0.00486816	Pvalue	285	T	TCTGA	ok	False
chr8	57967315	57967316	+	2.87955e-10	Pvalue	274	A	GAAGA	ok	False
chr8	73074973	73074974	+	5.21893e-05	Pvalue	454	A	AAATG	ok	False
chr8	79232155	79232156	-	0.0394918	Pvalue	293	T	GATCC	ok	False
chr8	111784195	111784196	+	0.0152115	Pvalue	92	A	TCACT	ok	False
chr8	112679422	112679423	+	0.0197077	Pvalue	135	A	TTAGC	ok	False
chr9	21925501	21925502	+	6.95323e-05	Pvalue	407	A	TAAAT	ok	False
chr9	65567469	65567470	+	0.0105195	Pvalue	134	A	TAAAG	ok	False
chr10	7554624	7554625	+	0.0401924	Pvalue	210	A	TAAAC	ok	False
chr9	78386651	78386652	-	0.00227423	Pvalue	1637	T	CTTTA	ok	False
chr10	75695371	75695372	-	8.86149e-08	Pvalue	1451	T	TGTAG	ok	False
chr10	90952953	90952954	-	0.0352497	Pvalue	762	T	CATGA	ok	False
chr10	128384031	128384032	-	0.0153965	Pvalue	5893	T	ACTTG	ok	False
chr10	93697360	93697361	-	0.0122967	Pvalue	60	T	CATCA	ok	False
chr11	4843651	4843652	+	0.0442028	Pvalue	34	A	ATAAA	ok	False
chr11	52013103	52013104	+	0.00351186	Pvalue	106	A	ACATT	ok	False
chr11	51492200	51492201	-	0.0343397	Pvalue	244	T	CGTGT	ok	False
chr11	69564160	69564161	-	0.000626343	Pvalue	274	T	TTTTA	ok	False
chr11	76877956	76877957	+	0.0315932	Pvalue	321	A	GAAAG	ok	False
chr11	106672498	106672499	-	0.0044706	Pvalue	344	T	ATTGT	ok	False
chr11	120379283	120379284	+	1.02389e-15	Pvalue	453	A	GGACT	ok	True
chr12	28683770	28683771	-	0.000269604	Pvalue	243	T	TCTGG	ok	False
chr12	86568125	86568126	+	0.0297183	Pvalue	160	A	AGACG	ok	False
chr13	67048835	67048836	-	0.00986335	Pvalue	214	T	TCTCT	ok	False
chr14	19864664	19864665	-	7.18837e-09	Pvalue	146	T	ATTCG	ok	False
chr14	24543555	24543556	+	0.00669466	Pvalue	5033	A	GCAAA	ok	False
chr14	34065876	34065877	+	0.0113627	Pvalue	59	A	AAAGT	ok	False
chr15	34442849	34442850	-	6.17707e-91	Pvalue	271	T	TCTGC	ok	False
chr15	25363886	25363887	-	0.0220332	Pvalue	12	T	GGTCC	ok	True
chr15	36596878	36596879	-	0.000107512	Pvalue	175	T	AGTAC	ok	False
chr15	85347137	85347138	+	0.00331241	Pvalue	123	A	ATATG	ok	False
chr15	98935756	98935757	+	0.00277166	Pvalue	628	A	GCACT	ok	False
chr17	13142567	13142568	+	1.8144e-05	Pvalue	667	A	TAAAA	ok	False
chr17	24940170	24940171	+	1.87715e-10	Pvalue	897	A	GCACT	ok	False
chr17	36146142	36146143	-	0.000859546	Pvalue	1245	T	GATGT	ok	False
chr18	35939271	35939272	+	0.037755	Pvalue	151	A	ATAAT	ok	False
chr19	4245406	4245407	+	0.0377416	Pvalue	338	A	AAAGC	ok	False
chr18	75136283	75136284	+	2.10819e-05	Pvalue	739	A	GAAGA	ok	False
chr19	6998095	6998096	-	0.0161788	Pvalue	286	T	CTTCT	ok	False
chrx	36062378	36062379	+	2.16065e-06	Pvalue	573	A	CAATA	ok	False
chrx	161561599	161561600	+	0.00342564	Pvalue	259	A	AAAAG	ok	False
chr1	72891301	72891302	+	0.00212016	Pvalue	358	A	CCATG	ok	False
chr1	128259524	128259525	-	0.0253848	Pvalue	503	T	AGTAT	ok	False
chr2	73738797	73738798	-	0.00166688	Pvalue	1098	T	GTTTT	ok	False
chr2	104837136	104837137	-	0.027811	Pvalue	38	T	CCTCT	ok	False
chr2	132091334	132091335	-	0.00593094	Pvalue	144	T	TTTTA	ok	False
chr2	164668558	164668559	+	0.00305155	Pvalue	209	A	AAAAG	ok	False
chr3	86049863	86049864	-	0.000250019	Pvalue	178	T	CTTGC	ok	False
chr3	95230875	95230876	+	0.0282347	Pvalue	81	A	AAATA	ok	False
chr3	127330508	127330509	-	0.0247428	Pvalue	203	T	CCTTT	ok	False
chr4	86775002	86775003	-	0.016062	Pvalue	97	T	CGTGG	ok	False
chr4	116550191	116550192	+	0.0216966	Pvalue	248	A	GTATC	ok	False
chr4	129609017	129609018	-	0.00390943	Pvalue	67	T	TTTTA	ok	False
chr4	137048145	137048146	-	0.000583662	Pvalue	16	T	ATTTT	ok	False
chr5	33185243	33185244	+	1.64411e-08	Pvalue	251	A	AAATG	ok	False
chr5	104588851	104588852	+	4.69723e-05	Pvalue	345	A	TAATT	ok	False
chr5	108055876	108055877	+	3.11656e-12	Pvalue	614	A	TGAAG	ok	False
chr5	129875171	129875172	+	1.39333e-20	Pvalue	711	A	TAATG	ok	False
chr5	142958735	142958736	+	0.0322868	Pvalue	1565	A	GAAAG	ok	False
chr6	35238418	35238419	+	5.87325e-09	Pvalue	238	A	GGACT	ok	True
chr6	87820554	87820555	-	0.0212135	Pvalue	268	T	ACTGT	ok	False
chr6	100844766	100844767	+	0.0413496	Pvalue	39	A	GAATT	ok	False
chr6	148256879	148256880	+	1.76524e-07	Pvalue	1362	A	ACATC	ok	False
chr6	144944909	144944910	-	0.0189319	Pvalue	314	T	CATTT	ok	False
chr7	27968365	27968366	+	0.0207636	Pvalue	29	A	AGACT	ok	True
chr7	12660606	12660607	+	1.50143e-22	Pvalue	4555	A	ACAAC	ok	False
chr7	46338791	46338792	-	0.0138659	Pvalue	159	T	AGTCT	ok	True
chr7	97056978	97056979	+	0.00457438	Pvalue	167	A	ACACT	ok	False
chr7	110671630	110671631	-	0.0447103	Pvalue	121	T	CCTCT	ok	False
chr8	71050190	71050191	-	0.00942563	Pvalue	59	T	CCTTG	ok	False
chr8	71348287	71348288	-	2.55812e-06	Pvalue	2193	T	AATCT	ok	False
chr8	120684163	120684164	+	4.25399e-05	Pvalue	253	A	GGACT	ok	True
chr9	40715923	40715924	+	6.53595e-05	Pvalue	3910	A	CAATG	ok	False
chr9	44247171	44247172	+	0.0237314	Pvalue	358	A	CTAGC	ok	False
chr9	78111618	78111619	+	0.0276216	Pvalue	108	A	GTATG	ok	False
chr9	96215255	96215256	-	0.00531425	Pvalue	93	T	AATAT	ok	False
chr9	108439457	108439458	+	0.00464167	Pvalue	3	A	GCATG	ok	False
chr9	78385914	78385915	-	1.10812e-42	Pvalue	12129	T	AGTCT	ok	True
chr10	79699808	79699809	+	0.00484362	Pvalue	127	A	GAAAA	ok	False
chr10	81018310	81018311	+	1.03034e-23	Pvalue	2145	A	ATAAA	ok	False
chr10	127924298	127924299	+	0.00259634	Pvalue	264	A	CTATC	ok	False
chr11	29497235	29497236	-	0.00837018	Pvalue	335	T	ATTTT	ok	False
chr11	22953237	22953238	+	0.000354904	Pvalue	1524	A	GGAAG	ok	False
chr11	55391216	55391217	+	0.0157996	Pvalue	293	A	AAACC	ok	True
chr11	75656122	75656123	+	0.000205831	Pvalue	1077	A	TCATT	ok	False
chr11	98586769	98586770	+	0.00475319	Pvalue	447	A	TCAAT	ok	False
chr11	117704850	117704851	+	0.000428403	Pvalue	206	A	CAATT	ok	False
chr11	102293988	102293989	-	1.65489e-05	Pvalue	763	T	TCTTT	ok	False
chr12	66330251	66330252	-	0.00356332	Pvalue	152	T	ATTTA	ok	False
chr12	8988625	8988626	+	0.015803	Pvalue	129	A	AGAAA	ok	False
chr13	30724551	30724552	-	0.000435001	Pvalue	202	T	TATTT	ok	False
chr12	110657692	110657693	-	2.9538e-35	Pvalue	4535	T	ATTTA	ok	False
chr14	4201573	4201574	+	0.0326455	Pvalue	172	A	CAAAG	ok	False
chr14	54744676	54744677	-	0.0135981	Pvalue	396	T	GTTTC	ok	False
chr15	31592432	31592433	-	0.000673199	Pvalue	1130	T	CGTTA	ok	False
chr15	79556870	79556871	+	6.06047e-05	Pvalue	314	A	AAAAT	ok	False
chr15	76790455	76790456	+	1.48122e-30	Pvalue	8049	A	AAACT	ok	True
chr15	103152449	103152450	+	0.00727281	Pvalue	82	A	ACAGC	ok	False
chr15	98935924	98935925	+	0.00840241	Pvalue	686	A	TCATC	ok	False
chr16	32879181	32879182	+	5.55325e-05	Pvalue	231	A	ACAGA	ok	False
chr16	55854504	55854505	-	0.0243947	Pvalue	7	T	AGTAT	ok	False
chr17	15696385	15696386	-	0.0094211	Pvalue	808	T	AATGA	ok	False
chr17	13143213	13143214	+	0.00196508	Pvalue	879	A	CCATA	ok	False
chr17	27853164	27853165	-	2.04056e-26	Pvalue	2445	T	AGTAG	ok	False
chr17	35472645	35472646	+	8.11671e-05	Pvalue	564	A	AAAAC	ok	False
chr18	52623595	52623596	+	0.0370684	Pvalue	38	A	CGATG	ok	False
chr19	5506743	5506744	-	0.00205774	Pvalue	64	T	GGTCT	ok	True
chr18	75135164	75135165	+	5.20889e-05	Pvalue	647	A	TAAAA	ok	False
chr19	6998094	6998095	-	0.0012744	Pvalue	280	T	GCTTC	ok	False
chrx	135172336	135172337	+	0.0186995	Pvalue	227	A	TGAGA	ok	False
chrx	101231579	101231580	-	0.00622588	Pvalue	233	T	GCTTG	ok	False
chr1	16715999	16716000	-	0.036436	Pvalue	110	T	TTTCA	ok	False
chr1	59678953	59678954	-	0.0297712	Pvalue	182	T	GTTCT	ok	False
chr1	135181727	135181728	-	6.99211e-09	Pvalue	126	T	AGTCC	ok	True
chr1	180637804	180637805	-	0.00854327	Pvalue	44	T	CGTCT	ok	False
chr2	25112178	25112179	-	0.00313706	Pvalue	1153	T	ACTAT	ok	False
chr2	11590404	11590405	-	0.00899916	Pvalue	132	T	TGTAA	ok	False
chr2	121268114	121268115	+	0.00224185	Pvalue	259	A	CTACA	ok	False
chr2	132091229	132091230	-	0.00499297	Pvalue	127	T	TATTT	ok	False
chr2	154714410	154714411	-	1.75649e-21	Pvalue	775	T	TTTTA	ok	False
chr2	157167790	157167791	+	0.00339344	Pvalue	319	A	TTACA	ok	False
chr3	105850248	105850249	-	0.0160915	Pvalue	245	T	CATAT	ok	False
chr3	98220491	98220492	-	0.00588114	Pvalue	234	T	GTTAA	ok	False
chr4	86773128	86773129	-	6.02661e-13	Pvalue	301	T	TGTGT	ok	False
chr4	124626166	124626167	+	0.0373992	Pvalue	149	A	TGAGA	ok	False
chr4	150333323	150333324	+	0.00922554	Pvalue	1484	A	AGAAG	ok	False
chr5	36952560	36952561	-	0.00619299	Pvalue	422	T	AATGA	ok	False
chr5	108256590	108256591	+	0.0193359	Pvalue	55	A	GAAAA	ok	False
chr5	124483520	124483521	-	0.0300343	Pvalue	142	T	TATTA	ok	False
chr5	146772695	146772696	+	1.79962e-06	Pvalue	802	A	ACACT	ok	False
chr6	87820327	87820328	-	0.000153266	Pvalue	671	T	TTTCT	ok	False
chr6	86501545	86501546	-	0.0453156	Pvalue	445	T	CATTC	ok	False
chr6	122691429	122691430	+	0.000813702	Pvalue	603	A	AAAAT	ok	False
chr6	122691491	122691492	+	1.25045e-05	Pvalue	592	A	CTATG	ok	False
chr6	117902508	117902509	+	0.0106012	Pvalue	539	A	GTATT	ok	False
chr7	4811247	4811248	-	0.00607661	Pvalue	234	T	CCTCA	ok	False
chr7	24587822	24587823	+	1.45837e-09	Pvalue	4854	A	CTAAG	ok	False
chr7	44775001	44775002	-	1.80405e-12	Pvalue	436	T	TTTAT	ok	False
chr7	46472591	46472592	+	0.041662	Pvalue	18	A	ACATG	ok	False
chr7	126394657	126394658	-	0.00141073	Pvalue	1184	T	TATAC	ok	False
chr7	144418955	144418956	+	0.0291721	Pvalue	578	A	AGATA	ok	False
chr8	13225311	13225312	+	0.0208024	Pvalue	319	A	CTAAT	ok	False
chr8	57967455	57967456	+	0.0161474	Pvalue	284	A	TAAAA	ok	False
chr8	72976660	72976661	+	1.20306e-08	Pvalue	79	A	CCAAA	ok	False
chr8	121400786	121400787	+	0.036991	Pvalue	1159	A	CCAAC	ok	False
chr9	20806135	20806136	-	0.0423982	Pvalue	569	T	ACTGC	ok	False
chr9	44247213	44247214	+	0.000168812	Pvalue	370	A	CAAAC	ok	False
chr9	78285267	78285268	-	0.047356	Pvalue	120	T	GTTCG	ok	False
chr9	50255774	50255775	-	0.0137436	Pvalue	973	T	ACTTG	ok	False
chr9	108441941	108441942	+	0.000147783	Pvalue	188	A	TCATA	ok	False
chr9	78387028	78387029	-	0.0402819	Pvalue	356	T	GGTGA	ok	False
chr9	120403448	120403449	+	1.69659e-08	Pvalue	4412	A	GCAAG	ok	False
chr10	80665101	80665102	+	0.0166684	Pvalue	334	A	CAATA	ok	False
chr10	82485973	82485974	+	0.00481196	Pvalue	32	A	TAAAT	ok	False
chr10	116886923	116886924	-	0.00282056	Pvalue	559	T	TTTTT	ok	False
chr11	6369282	6369283	+	0.000915228	Pvalue	458	A	GAATG	ok	False
chr11	40630739	40630740	+	0.0132606	Pvalue	106	A	AAAAG	ok	False
chr11	33106708	33106709	-	0.0154773	Pvalue	732	T	TTTGA	ok	False
chr11	69564081	69564082	-	0.0477889	Pvalue	280	T	TCTGA	ok	False
chr11	88100973	88100974	+	1.58822e-05	Pvalue	53	A	AGATG	ok	False
chr11	98586786	98586787	+	0.00144217	Pvalue	445	A	ACAAT	ok	False
chr11	115913232	115913233	-	0.0130047	Pvalue	275	T	AGTAT	ok	False
chr11	120237333	120237334	-	0.023242	Pvalue	218	T	AGTAC	ok	False
chr12	24763909	24763910	+	0.0143336	Pvalue	161	A	ACAAA	ok	False
chr12	28684226	28684227	-	0.000305378	Pvalue	236	T	CGTGC	ok	False
chr13	55472743	55472744	+	9.73922e-06	Pvalue	326	A	CCAAC	ok	False
chr13	86193004	86193005	-	0.00235275	Pvalue	331	T	GATCA	ok	False
chr14	19867208	19867209	-	0.0263244	Pvalue	43	T	ACTTT	ok	False
chr14	54854057	54854058	-	1.4364e-07	Pvalue	125	T	GTTTG	ok	False
chr14	54473055	54473056	-	2.52774e-11	Pvalue	289	T	TCTGG	ok	False
chr15	5146853	5146854	+	8.03392e-15	Pvalue	1954	A	TCAGA	ok	False
chr15	37002094	37002095	-	0.0419972	Pvalue	78	T	CTTTA	ok	False
chr15	51661031	51661032	-	0.0215961	Pvalue	23	T	TCTTT	ok	False
chr15	77844210	77844211	-	0.00690643	Pvalue	246	T	ACTTG	ok	False
chr15	81798942	81798943	+	0.00137353	Pvalue	115	A	GGATG	ok	False
chr16	22690686	22690687	+	0.0395633	Pvalue	120	A	TAATA	ok	False
chr17	24940831	24940832	+	7.90336e-06	Pvalue	954	A	CCAGG	ok	False
chr17	29260441	29260442	+	0.0012103	Pvalue	95	A	GTACA	ok	False
chr17	47086287	47086288	-	5.77723e-06	Pvalue	97	T	AGTAA	ok	False
chr18	35035869	35035870	-	0.0401171	Pvalue	292	T	CATTT	ok	False
chr18	48181276	48181277	+	0.0216951	Pvalue	190	A	GGAGA	ok	False
chr18	61721201	61721202	+	0.0155143	Pvalue	86	A	AAAAA	ok	False
chr19	9962436	9962437	+	1.31434e-09	Pvalue	712	A	CAAAT	ok	False
chr19	43488375	43488376	-	0.0429134	Pvalue	144	T	AATGT	ok	False
chrx	73316359	73316360	+	0.014425	Pvalue	132	A	CCATC	ok	False
chrx	135633809	135633810	-	0.000589586	Pvalue	487	T	GTTAG	ok	False
chrx	161560813	161560814	+	0.018985	Pvalue	92	A	GAATC	ok	False
chr1	55129951	55129952	+	3.54597e-08	Pvalue	1605	A	CTAGA	ok	False
chr1	86458216	86458217	+	6.53731e-06	Pvalue	4130	A	CCAGT	ok	False
chr1	181959733	181959734	+	0.00827554	Pvalue	64	A	TAAAC	ok	False
chr1	171291458	171291459	+	0.00253298	Pvalue	41	A	AGAGA	ok	False
chr2	71271602	71271603	+	0.0269394	Pvalue	260	A	GCATG	ok	False
chr2	132091430	132091431	-	0.000116434	Pvalue	170	T	ATTTA	ok	False
chr2	179900206	179900207	+	7.89795e-05	Pvalue	3513	A	CAAAT	ok	False
chr3	86045356	86045357	-	1.61553e-15	Pvalue	3063	T	TCTCG	ok	False
chr3	94791990	94791991	-	0.010919	Pvalue	856	T	TGTGA	ok	False
chr3	153628294	153628295	-	1.11598e-05	Pvalue	37	T	AGTCC	ok	True
chr4	125992015	125992016	+	1.71784e-05	Pvalue	41	A	AGACT	ok	True
chr4	134200882	134200883	+	0.0433285	Pvalue	217	A	GAAAG	ok	False
chr4	148679040	148679041	+	0.0129993	Pvalue	340	A	ACATG	ok	False
chr5	24770787	24770788	-	0.0272435	Pvalue	78	T	GGTCC	ok	True
chr5	104588799	104588800	+	5.05156e-05	Pvalue	349	A	GAATT	ok	False
chr5	108055915	108055916	+	0.000980776	Pvalue	496	A	GCAGC	ok	False
chr5	135918358	135918359	+	0.022547	Pvalue	507	A	TGATA	ok	False
chr5	138163410	138163411	-	0.047825	Pvalue	255	T	CATCC	ok	False
chr6	87820225	87820226	-	0.0419149	Pvalue	707	T	CTTTT	ok	False
chr6	87957421	87957422	-	0.00416736	Pvalue	858	T	TATTG	ok	False
chr6	125437361	125437362	-	0.00812655	Pvalue	209	T	AGTCT	ok	True
chr6	137727818	137727819	+	0.034885	Pvalue	161	A	TCACA	ok	False
chr7	44480035	44480036	+	8.01143e-05	Pvalue	145	A	GGACT	ok	True
chr7	46504833	46504834	+	0.00192237	Pvalue	1251	A	CAAAC	ok	False
chr7	80994632	80994633	-	2.73072e-08	Pvalue	2127	T	GCTGG	ok	False
chr7	126146143	126146144	-	0.0267292	Pvalue	586	T	TGTTC	ok	True
chr8	26491027	26491028	-	0.0142578	Pvalue	6	T	TATGC	ok	False
chr8	46660562	46660563	-	2.66106e-07	Pvalue	493	T	AGTAC	ok	False
chr8	73075173	73075174	+	0.00457685	Pvalue	479	A	TAAAG	ok	False
chr8	70960944	70960945	-	1.46967e-10	Pvalue	1977	T	ATTTG	ok	False
chr8	108307497	108307498	-	0.0313019	Pvalue	107	T	AATTA	ok	False
chr8	127661535	127661536	-	0.0204745	Pvalue	69	T	TATTT	ok	False
chr9	48380021	48380022	-	0.0296984	Pvalue	46	T	TTTTT	ok	False
chr9	109913836	109913837	-	0.0447806	Pvalue	89	T	GCTAG	ok	False
chr10	75695574	75695575	-	3.88293e-10	Pvalue	1241	T	TGTAG	ok	False
chr10	79891879	79891880	+	0.00847325	Pvalue	384	A	TCATT	ok	False
chr10	81018304	81018305	+	3.67897e-12	Pvalue	2233	A	GGAGT	ok	False
chr10	105678438	105678439	+	0.0187016	Pvalue	17	A	CCAGC	ok	False
chr10	128384014	128384015	-	0.0101347	Pvalue	6045	T	TATTG	ok	False
chr11	6368270	6368271	+	0.000275446	Pvalue	148	A	TAAGG	ok	False
chr11	29496363	29496364	-	0.0422002	Pvalue	492	T	ACTTC	ok	False
chr11	52013420	52013421	+	0.000278168	Pvalue	424	A	TAATA	ok	False
chr11	51491979	51491980	-	0.0461654	Pvalue	957	T	CCTCC	ok	False
chr11	69557767	69557768	-	0.00366605	Pvalue	1440	T	AGTTT	ok	True
chr11	78073628	78073629	-	0.0109001	Pvalue	467	T	ACTTG	ok	False
chr11	97518246	97518247	-	2.45149e-12	Pvalue	3335	T	CTTCC	ok	False
chr11	100212342	100212343	+	0.0130217	Pvalue	830	A	CAATA	ok	False
chr11	97603355	97603356	+	9.54626e-05	Pvalue	1069	A	TCATG	ok	False
chr11	114562565	114562566	+	5.61868e-06	Pvalue	1359	A	CAAGA	ok	False
chr11	120697920	120697921	-	0.013224	Pvalue	736	T	AATTG	ok	False
chr14	54854010	54854011	-	0.000324547	Pvalue	162	T	CATAG	ok	False
chr15	5147114	5147115	+	0.0497458	Pvalue	2160	A	CCAAG	ok	False
chr15	34443205	34443206	-	3.36474e-70	Pvalue	139	T	GGTGC	ok	False
chr15	43113579	43113580	-	2.07483e-07	Pvalue	442	T	CTTTT	ok	False
chr15	83038112	83038113	-	0.00203057	Pvalue	103	T	TATGG	ok	False
chr15	102005420	102005421	+	0.000256504	Pvalue	347	A	TAAAA	ok	False
chr17	15696451	15696452	-	0.000922499	Pvalue	740	T	CATAT	ok	False
chr16	87282519	87282520	-	3.21462e-05	Pvalue	501	T	GTTTA	ok	False
chr17	65887097	65887098	-	0.0204486	Pvalue	110	T	CATGG	ok	False
chr18	36537324	36537325	-	0.0316806	Pvalue	502	T	GGTGA	ok	False
chr18	48181370	48181371	+	2.26388e-11	Pvalue	189	A	TAATC	ok	False
chr18	48181241	48181242	+	0.0414962	Pvalue	187	A	TTAGG	ok	False
chr18	35071119	35071120	-	0.0421121	Pvalue	227	T	CATCC	ok	False
chr19	44994325	44994326	-	0.00361526	Pvalue	147	T	CTTGA	ok	False
chr19	41906895	41906896	+	0.0360588	Pvalue	95	A	AAACT	ok	True
chrx	72960517	72960518	-	0.0192334	Pvalue	306	T	TTTAT	ok	False
chrx	105246981	105246982	+	1.92619e-09	Pvalue	295	A	TGAGA	ok	False
chr1	72891514	72891515	+	0.00356979	Pvalue	432	A	TTAGA	ok	False
chr1	71624695	71624696	-	0.00273164	Pvalue	503	T	TTTTT	ok	False
chr1	160030915	160030916	-	0.0181117	Pvalue	227	T	TGTCT	ok	True
chr1	180428441	180428442	+	8.6952e-07	Pvalue	254	A	TTACT	ok	False
chr2	29961340	29961341	+	0.00433091	Pvalue	175	A	AGATT	ok	False
chr2	32853564	32853565	+	3.12895e-08	Pvalue	648	A	TGAGA	ok	False
chr2	34666321	34666322	+	0.000599067	Pvalue	399	A	GGAGG	ok	False
chr2	104831694	104831695	-	0.0375146	Pvalue	365	T	TTTTC	ok	False
chr2	90889754	90889755	+	0.0214092	Pvalue	430	A	TAATA	ok	False
chr2	132091365	132091366	-	1.81715e-05	Pvalue	136	T	TATGG	ok	False
chr2	155965846	155965847	-	0.0207973	Pvalue	12	T	AGTCT	ok	True
chr2	163466799	163466800	-	0.0434114	Pvalue	79	T	AGTAA	ok	False
chr3	68942978	68942979	-	0.0447077	Pvalue	24	T	AATTT	ok	False
chr3	51159001	51159002	+	0.0176541	Pvalue	64	A	TGAGT	ok	False
chr3	86049052	86049053	-	0.0418896	Pvalue	254	T	ATTGA	ok	False
chr3	95569203	95569204	+	0.030354	Pvalue	212	A	CAAGT	ok	False
chr3	88228374	88228375	+	0.00997982	Pvalue	990	A	GTACC	ok	False
chr3	154328684	154328685	+	0.030455	Pvalue	52	A	TTATA	ok	False
chr4	44032721	44032722	+	0.00608933	Pvalue	575	A	TCAAC	ok	False
chr4	106913092	106913093	-	9.5574e-06	Pvalue	133	T	ACTTT	ok	False
chr4	86772980	86772981	-	6.88178e-08	Pvalue	286	T	AGTGA	ok	False
chr4	116550186	116550187	+	0.013246	Pvalue	241	A	TGAAG	ok	False
chr4	123609792	123609793	-	1.38425e-13	Pvalue	106	T	TATAG	ok	False
chr4	123629230	123629231	-	0.0015787	Pvalue	17	T	GTTGC	ok	False
chr4	133854738	133854739	-	0.00362819	Pvalue	224	T	ATTTA	ok	False
chr4	133261643	133261644	-	0.0127633	Pvalue	90	T	CCTTT	ok	False
chr4	155893122	155893123	+	0.0381791	Pvalue	213	A	CTATA	ok	False
chr5	45668552	45668553	+	0.00188343	Pvalue	193	A	AAAAT	ok	False
chr5	115436584	115436585	-	0.00217705	Pvalue	462	T	ACTAA	ok	False
chr5	125531857	125531858	+	0.025313	Pvalue	127	A	AAAAG	ok	False
chr5	134648783	134648784	-	0.0199268	Pvalue	566	T	CATAG	ok	False
chr5	147015631	147015632	+	0.0455827	Pvalue	218	A	GAATG	ok	False
chr5	138161841	138161842	+	0.000275831	Pvalue	303	A	GCACT	ok	False
chr6	115782596	115782597	-	0.00275615	Pvalue	4703	T	AATGG	ok	False
chr6	85442971	85442972	+	0.0143861	Pvalue	64	A	CTAAA	ok	False
chr7	19314507	19314508	+	0.0346181	Pvalue	102	A	TCACT	ok	False
chr7	19298999	19299000	-	0.0132078	Pvalue	167	T	GTTTA	ok	False
chr7	12656952	12656953	+	9.79126e-07	Pvalue	673	A	CAAGC	ok	False
chr7	33901590	33901591	-	1.13433e-09	Pvalue	1193	T	TCTAG	ok	False
chr7	49507984	49507985	+	0.0213023	Pvalue	98	A	TAAAT	ok	False
chr7	137069698	137069699	+	0.00164418	Pvalue	520	A	GAAAG	ok	False
chr8	31649569	31649570	-	0.0273736	Pvalue	101	T	TTTAA	ok	False
chr8	73075314	73075315	+	0.0392665	Pvalue	89	A	TAAAT	ok	False
chr8	85756546	85756547	+	0.00856765	Pvalue	104	A	AGAAG	ok	False
chr8	107785572	107785573	+	0.0164254	Pvalue	217	A	GGACT	ok	True
chr9	50508166	50508167	-	0.0237287	Pvalue	34	T	GCTAG	ok	False
chr9	40715877	40715878	+	1.97378e-14	Pvalue	3091	A	TCAAC	ok	False
chr9	66856710	66856711	+	0.0123896	Pvalue	445	A	CAATG	ok	False
chr9	108442584	108442585	+	0.0162987	Pvalue	259	A	GGAAG	ok	False
chr9	78385918	78385919	-	3.14296e-66	Pvalue	13107	T	TTTTA	ok	False
chr10	79524214	79524215	+	0.000630319	Pvalue	710	A	ATAAA	ok	False
chr10	81017895	81017896	+	0.00235663	Pvalue	442	A	ACAAC	ok	False
chr10	128384286	128384287	-	0.0412101	Pvalue	4019	T	TCTTG	ok	False
chr11	6369586	6369587	+	6.3985e-05	Pvalue	536	A	CCATT	ok	False
chr11	33102738	33102739	-	0.0455043	Pvalue	3217	T	CATTA	ok	False
chr11	51513315	51513316	+	0.00406381	Pvalue	663	A	TCATG	ok	False
chr11	51497234	51497235	-	0.0461868	Pvalue	9	T	GGTGC	ok	False
chr11	69564309	69564310	-	0.00348499	Pvalue	145	T	CTTTC	ok	False
chr11	76148892	76148893	-	0.00426103	Pvalue	290	T	TTTTC	ok	False
chr11	98884123	98884124	-	0.0240017	Pvalue	207	T	TGTTC	ok	True
chr12	31381622	31381623	-	0.0204745	Pvalue	49	T	ATTTA	ok	False
chr13	43555332	43555333	+	0.0345934	Pvalue	102	A	GAAAT	ok	False
chr13	74554976	74554977	+	0.00397291	Pvalue	686	A	CCATC	ok	False
chr13	115225338	115225339	-	0.000947568	Pvalue	38	T	AGTCC	ok	True
chr14	4199245	4199246	+	0.00315952	Pvalue	33	A	AGATG	ok	False
chr14	47045839	47045840	-	0.000958367	Pvalue	92	T	TTTTC	ok	False
chr14	67253291	67253292	-	0.0229557	Pvalue	117	T	CTTTT	ok	False
chr15	31592829	31592830	-	2.29432e-14	Pvalue	512	T	TATTT	ok	False
chr15	36596091	36596092	-	0.0225951	Pvalue	902	T	TCTAT	ok	False
chr15	98830264	98830265	-	0.0306895	Pvalue	93	T	TGTAG	ok	False
chr16	3858036	3858037	-	0.0191835	Pvalue	152	T	CATGG	ok	False
chr17	28547965	28547966	+	0.0159844	Pvalue	74	A	AGATC	ok	False
chr17	35821441	35821442	+	2.39261e-05	Pvalue	633	A	TCAAA	ok	False
chr17	88297906	88297907	+	4.0308e-05	Pvalue	202	A	TTACT	ok	False
chr18	75134869	75134870	+	0.0178933	Pvalue	567	A	CCAGG	ok	False
chr18	77870020	77870021	+	0.00128454	Pvalue	795	A	AGAAC	ok	False
chr19	6998341	6998342	-	0.0126113	Pvalue	276	T	TCTTC	ok	False
chr19	47723815	47723816	+	0.0469008	Pvalue	218	A	AAAGT	ok	False
chr1	60744254	60744255	+	0.0378711	Pvalue	425	A	AGACT	ok	True
chr1	74307277	74307278	+	5.56118e-05	Pvalue	195	A	TTAAC	ok	False
chr1	128259783	128259784	-	0.0014673	Pvalue	251	T	CGTGA	ok	False
chr1	182103701	182103702	-	0.00588598	Pvalue	223	T	CATGT	ok	False
chr2	104830618	104830619	-	0.000559971	Pvalue	453	T	ATTTT	ok	False
chr2	155989347	155989348	-	0.026079	Pvalue	181	T	TTTTT	ok	False
chr3	88229050	88229051	+	1.46818e-11	Pvalue	1615	A	CCAAT	ok	False
chr4	42979966	42979967	-	0.0325618	Pvalue	105	T	CATTT	ok	False
chr4	130207771	130207772	+	0.0477654	Pvalue	147	A	CAAAC	ok	False
chr4	119135184	119135185	-	0.0237757	Pvalue	417	T	ATTTA	ok	False
chr4	137469190	137469191	-	0.0322965	Pvalue	290	T	AGTGA	ok	False
chr5	31668579	31668580	+	0.000627232	Pvalue	221	A	AGACG	ok	False
chr5	129100064	129100065	+	9.34163e-07	Pvalue	1611	A	GGACT	ok	True
chr5	129101358	129101359	+	0.00631923	Pvalue	99	A	TTAAA	ok	False
chr5	134648974	134648975	-	0.0415974	Pvalue	486	T	TGTTA	ok	True
chr6	87820315	87820316	-	0.0359125	Pvalue	669	T	TGTGA	ok	False
chr6	115784763	115784764	-	0.00301697	Pvalue	2367	T	CCTTA	ok	False
chr6	131342016	131342017	-	3.08216e-06	Pvalue	669	T	TATAT	ok	False
chr6	148256642	148256643	+	0.037911	Pvalue	540	A	GTACC	ok	False
chr6	137727668	137727669	+	6.04648e-05	Pvalue	106	A	GCATC	ok	False
chr7	4796591	4796592	+	1.49022e-06	Pvalue	512	A	GCAAA	ok	False
chr7	45369900	45369901	+	0.00095031	Pvalue	2376	A	ACAGC	ok	False
chr7	45532497	45532498	+	0.00225262	Pvalue	55	A	CGAGA	ok	False
chr7	44771831	44771832	-	4.58611e-61	Pvalue	4914	T	TTTGT	ok	False
chr7	106810045	106810046	+	0.000315119	Pvalue	137	A	AAAAA	ok	False
chr7	114304715	114304716	-	0.00812399	Pvalue	1531	T	TCTTG	ok	False
chr7	126394610	126394611	-	0.0378788	Pvalue	1252	T	GATGA	ok	False
chr7	126856149	126856150	-	0.0395389	Pvalue	530	T	TTTAT	ok	False
chr8	26489469	26489470	-	0.0436	Pvalue	65	T	CCTCG	ok	False
chr8	75850511	75850512	+	0.0496738	Pvalue	6	A	TGAAA	ok	False
chr8	127661423	127661424	-	0.0454509	Pvalue	56	T	TCTTC	ok	False
chr9	54865199	54865200	+	5.17806e-08	Pvalue	249	A	TTACA	ok	False
chr9	59586258	59586259	+	0.00289189	Pvalue	611	A	CTAAA	ok	False
chr9	108776673	108776674	+	0.000264423	Pvalue	126	A	TCAAG	ok	False
chr9	78387216	78387217	-	0.0119333	Pvalue	140	T	TTTCT	ok	False
chr10	69182015	69182016	-	0.0151216	Pvalue	8	T	TCTGG	ok	False
chr10	93419328	93419329	-	0.00763171	Pvalue	422	T	TATTC	ok	False
chr10	126902852	126902853	+	0.000265128	Pvalue	432	A	GCACT	ok	False
chr10	128197025	128197026	+	0.000141785	Pvalue	114	A	GAAAC	ok	False
chr11	6369634	6369635	+	0.00610964	Pvalue	527	A	TTACC	ok	False
chr11	22953179	22953180	+	2.21059e-05	Pvalue	1592	A	TCATT	ok	False
chr11	55391204	55391205	+	0.0139152	Pvalue	281	A	CCACA	ok	False
chr11	88721977	88721978	-	2.47917e-07	Pvalue	136	T	TCTTT	ok	False
chr11	102729412	102729413	-	0.00187997	Pvalue	358	T	TGTTC	ok	True
chr12	69229649	69229650	-	0.00113788	Pvalue	1984	T	CATCT	ok	False
chr12	86568247	86568248	+	0.0021054	Pvalue	172	A	AGATG	ok	False
chr13	86193011	86193012	-	1.49056e-11	Pvalue	325	T	TCTTA	ok	False
chr14	19866253	19866254	-	0.00853488	Pvalue	119	T	CCTTA	ok	False
chr14	4199411	4199412	+	0.00907398	Pvalue	47	A	TAAGC	ok	False
chr14	56934880	56934881	+	0.0341962	Pvalue	87	A	GAATT	ok	False
chr15	25363497	25363498	-	0.0180162	Pvalue	70	T	TGTCT	ok	True
chr15	36596232	36596233	-	2.7557e-05	Pvalue	381	T	TTTTA	ok	False
chr15	98847908	98847909	-	1.62408e-05	Pvalue	460	T	CATTT	ok	False
chr15	79962914	79962915	-	0.000131006	Pvalue	1327	T	GGTTG	ok	False
chr17	83809501	83809502	-	0.00865716	Pvalue	267	T	GTTCT	ok	False
chr18	37775279	37775280	-	0.0322811	Pvalue	67	T	TGTAA	ok	False
chr18	52623592	52623593	+	0.0120724	Pvalue	35	A	AGACG	ok	False
chr18	35071176	35071177	-	0.000237631	Pvalue	282	T	CCTGC	ok	False
chrx	8008747	8008748	-	0.0455767	Pvalue	150	T	TCTTT	ok	False
chrx	161561451	161561452	+	0.0100514	Pvalue	165	A	ACATG	ok	False
chr1	55127511	55127512	+	0.0331458	Pvalue	582	A	GCAGC	ok	False
chr1	55117355	55117356	-	9.79032e-11	Pvalue	1158	T	TCTCC	ok	False
chr1	86278661	86278662	-	0.0171922	Pvalue	1790	T	AGTCC	ok	True
chr1	160030958	160030959	-	0.00401631	Pvalue	197	T	ATTTA	ok	False
chr1	180630606	180630607	-	0.0238559	Pvalue	129	T	TTTTT	ok	False
chr2	10060889	10060890	-	0.0289207	Pvalue	885	T	GCTGT	ok	False
chr2	27426345	27426346	+	0.00721533	Pvalue	191	A	GCATG	ok	False
chr2	34666339	34666340	+	0.00707603	Pvalue	402	A	AAAAA	ok	False
chr2	130013846	130013847	-	1.7679e-06	Pvalue	247	T	TGTGA	ok	False
chr2	148517647	148517648	+	0.0106618	Pvalue	116	A	CAAGT	ok	False
chr2	156715311	156715312	+	0.00191159	Pvalue	396	A	AAACA	ok	True
chr2	162777106	162777107	+	0.0169462	Pvalue	97	A	AGATT	ok	False
chr3	87822906	87822907	+	0.0316162	Pvalue	132	A	TCATC	ok	False
chr3	89322958	89322959	-	0.0164185	Pvalue	238	T	ATTTC	ok	False
chr3	98220511	98220512	-	0.0331008	Pvalue	248	T	TATTA	ok	False
chr4	106446092	106446093	+	0.0281526	Pvalue	166	A	GAATT	ok	False
chr4	55390574	55390575	+	0.00556994	Pvalue	96	A	TAAAA	ok	False
chr4	133019819	133019820	-	0.00917598	Pvalue	247	T	CCTGG	ok	False
chr5	77114999	77115000	+	0.0248791	Pvalue	277	A	TCACG	ok	False
chr5	113916279	113916280	+	0.012159	Pvalue	48	A	TTACT	ok	False
chr5	129100202	129100203	+	0.00105881	Pvalue	1717	A	AGAAT	ok	False
chr6	72362233	72362234	-	0.0282657	Pvalue	166	T	TATTG	ok	False
chr6	124788017	124788018	-	0.0393052	Pvalue	310	T	GGTGA	ok	False
chr6	124787888	124787889	-	0.0151656	Pvalue	664	T	AGTGA	ok	False
chr6	148256945	148256946	+	8.68368e-11	Pvalue	1138	A	TCACC	ok	False
chr6	125139321	125139322	-	0.0026868	Pvalue	18	T	CCTGC	ok	False
chr7	28007041	28007042	-	0.0378527	Pvalue	26	T	CGTGA	ok	False
chr7	44479883	44479884	+	2.39081e-09	Pvalue	74	A	AGACT	ok	True
chr7	45370232	45370233	+	6.95665e-15	Pvalue	2275	A	TAATA	ok	False
chr7	46505036	46505037	+	1.33252e-32	Pvalue	1292	A	AAAAC	ok	False
chr7	46504938	46504939	+	0.0326356	Pvalue	1275	A	ATATA	ok	False
chr7	137069707	137069708	+	0.00209477	Pvalue	539	A	AAATT	ok	False
chr8	69280256	69280257	+	0.0145658	Pvalue	72	A	ATAAG	ok	False
chr8	85756751	85756752	+	0.00240953	Pvalue	256	A	GGACT	ok	True
chr9	40715508	40715509	+	1.21379e-06	Pvalue	1296	A	GAAAG	ok	False
chr9	57412726	57412727	+	1.53165e-09	Pvalue	246	A	AAAAT	ok	False
chr9	106766153	106766154	-	0.0163167	Pvalue	137	T	GCTTA	ok	False
chr9	120403474	120403475	+	0.0079943	Pvalue	4561	A	TAATA	ok	False
chr9	119960115	119960116	+	0.00122	Pvalue	10655	A	GAATT	ok	False
chr10	79871952	79871953	-	0.0146207	Pvalue	868	T	TATGA	ok	False
chr10	90952679	90952680	-	0.0035034	Pvalue	1241	T	ATTAA	ok	False
chr10	127884449	127884450	+	0.0361235	Pvalue	661	A	TTAAA	ok	False
chr10	111332590	111332591	+	0.0445007	Pvalue	337	A	TTAAT	ok	False
chr11	40630772	40630773	+	0.0114282	Pvalue	24	A	TAAAA	ok	False
chr11	33102641	33102642	-	5.06479e-06	Pvalue	3548	T	CATCC	ok	False
chr11	68793238	68793239	+	4.46787e-05	Pvalue	2097	A	CTATG	ok	False
chr11	62443970	62443971	+	1.13363e-07	Pvalue	1004	A	TTACA	ok	False
chr11	74709090	74709091	+	0.027644	Pvalue	43	A	GAAAG	ok	False
chr11	97518863	97518864	-	3.13859e-10	Pvalue	352	T	CATTT	ok	False
chr11	98586701	98586702	+	0.0209572	Pvalue	451	A	GAACC	ok	True
chr11	115914189	115914190	-	0.00449665	Pvalue	411	T	TATTT	ok	False
chr11	120237252	120237253	-	0.00531645	Pvalue	285	T	ACTCA	ok	False
chr12	17600680	17600681	+	0.0272739	Pvalue	241	A	CCATG	ok	False
chr12	110657827	110657828	-	4.18384e-05	Pvalue	2074	T	AGTAT	ok	False
chr13	97271846	97271847	-	0.0137175	Pvalue	26	T	TTTGC	ok	False
chr14	4199664	4199665	+	0.000901618	Pvalue	50	A	TTACA	ok	False
chr14	63384017	63384018	-	0.00805344	Pvalue	277	T	AGTCC	ok	True
chr15	37001158	37001159	-	0.0121081	Pvalue	80	T	CGTGA	ok	False
chr15	43113557	43113558	-	0.0460367	Pvalue	433	T	CTTTC	ok	False
chr15	79556909	79556910	+	1.03699e-18	Pvalue	255	A	CCAGA	ok	False
chr15	76790090	76790091	+	2.46517e-12	Pvalue	4443	A	CTATC	ok	False
chr15	103208280	103208281	+	1.29847e-05	Pvalue	609	A	GAATC	ok	False
chr15	98935867	98935868	+	0.00409473	Pvalue	681	A	AGACG	ok	False
chr16	32879177	32879178	+	0.0366667	Pvalue	226	A	GGACA	ok	True
chr16	38345767	38345768	-	0.026567	Pvalue	79	T	GTTTA	ok	False
chr17	29469920	29469921	-	0.0329694	Pvalue	189	T	CATGC	ok	False
chr17	35821532	35821533	+	2.97487e-05	Pvalue	531	A	TTACT	ok	False
chr17	45702964	45702965	-	0.0224032	Pvalue	229	T	AGTCC	ok	True
chr18	36877293	36877294	-	0.00372584	Pvalue	1028	T	GTTGG	ok	False
chr19	7252259	7252260	+	0.0468672	Pvalue	122	A	GGAAT	ok	False
chr19	60852696	60852697	-	0.0147633	Pvalue	52	T	TTTTA	ok	False
chrx	99559552	99559553	+	0.0336928	Pvalue	65	A	TGAGT	ok	False
chr1	16173864	16173865	-	0.0484684	Pvalue	222	T	TTTCT	ok	False
chr1	72891308	72891309	+	9.987e-05	Pvalue	375	A	CAAAG	ok	False
chr1	86458250	86458251	+	1.03426e-08	Pvalue	4083	A	TAAGT	ok	False
chr1	172334877	172334878	+	0.00479518	Pvalue	142	A	CCATG	ok	False
chr2	25175597	25175598	+	0.00675877	Pvalue	121	A	AAATT	ok	False
chr2	121268286	121268287	+	0.00646981	Pvalue	433	A	AAACT	ok	True
chr2	162925450	162925451	+	0.00161005	Pvalue	80	A	GGAAC	ok	False
chr3	95230852	95230853	+	0.00642547	Pvalue	81	A	TTAAT	ok	False
chr3	89689946	89689947	+	0.00688283	Pvalue	79	A	TTATT	ok	False
chr4	109819228	109819229	+	0.0380465	Pvalue	127	A	AAACA	ok	True
chr4	137048150	137048151	-	0.00917694	Pvalue	6	T	TGTTT	ok	True
chr5	45591501	45591502	-	0.0451786	Pvalue	147	T	ATTGG	ok	False
chr5	66844544	66844545	+	0.0146856	Pvalue	185	A	AGAGG	ok	False
chr5	108051583	108051584	+	0.0176908	Pvalue	249	A	GAATG	ok	False
chr5	121346898	121346899	+	5.44472e-38	Pvalue	4937	A	AGATT	ok	False
chr5	142958916	142958917	+	0.0247174	Pvalue	1536	A	GAAAA	ok	False
chr5	145045526	145045527	+	0.00810831	Pvalue	126	A	ACATT	ok	False
chr6	87820829	87820830	-	0.00674105	Pvalue	31	T	ACTAA	ok	False
chr6	86501631	86501632	-	0.000228766	Pvalue	438	T	GCTTA	ok	False
chr6	120774887	120774888	-	0.0199547	Pvalue	28	T	TATCT	ok	False
chr6	136587573	136587574	+	0.0294132	Pvalue	37	A	TGAAA	ok	False
chr6	137728176	137728177	+	0.00242496	Pvalue	31	A	CCAGC	ok	False
chr7	29886863	29886864	-	0.0173536	Pvalue	166	T	GCTGC	ok	False
chr7	45370225	45370226	+	0.000409016	Pvalue	2318	A	TAACT	ok	True
chr7	44549908	44549909	-	0.0352428	Pvalue	122	T	ACTTC	ok	False
chr7	117709196	117709197	-	0.0347377	Pvalue	799	T	TCTAG	ok	False
chr7	117708321	117708322	-	4.90602e-23	Pvalue	800	T	CGTTT	ok	False
chr8	31649767	31649768	-	4.42222e-11	Pvalue	189	T	GTTCT	ok	False
chr8	73460044	73460045	+	0.0223425	Pvalue	254	A	CCAAT	ok	False
chr8	71918131	71918132	+	0.0153016	Pvalue	170	A	AGACT	ok	True
chr8	79231966	79231967	-	0.00623417	Pvalue	279	T	CATTT	ok	False
chr8	75854106	75854107	+	0.0224116	Pvalue	374	A	TCATA	ok	False
chr9	20805649	20805650	-	0.0207073	Pvalue	509	T	ATTTG	ok	False
chr9	72656951	72656952	+	0.0134341	Pvalue	166	A	TTATA	ok	False
chr9	114204451	114204452	-	0.010231	Pvalue	151	T	TGTGA	ok	False
chr10	61264289	61264290	-	0.00192914	Pvalue	179	T	ATTTA	ok	False
chr10	77823974	77823975	-	0.00154408	Pvalue	406	T	GGTGC	ok	False
chr10	126730111	126730112	-	0.0448436	Pvalue	7	T	TGTCT	ok	True
chr10	128198329	128198330	+	0.00322852	Pvalue	161	A	TAAAT	ok	False
chr10	94056727	94056728	+	5.07602e-11	Pvalue	365	A	GCAGT	ok	False
chr11	23598878	23598879	-	0.00145983	Pvalue	56	T	CTTTT	ok	False
chr11	40630613	40630614	+	0.00134245	Pvalue	98	A	AAAAA	ok	False
chr11	33106671	33106672	-	0.0377058	Pvalue	781	T	TCTCG	ok	False
chr11	48696896	48696897	+	4.64592e-09	Pvalue	5186	A	AAATA	ok	False
chr11	68942435	68942436	+	0.0280937	Pvalue	60	A	AAAAA	ok	False
chr11	97518950	97518951	-	1.42094e-30	Pvalue	149	T	AGTCT	ok	True
chr11	98586770	98586771	+	0.000226009	Pvalue	448	A	CAATT	ok	False
chr11	117704849	117704850	+	0.00357957	Pvalue	185	A	CCAAT	ok	False
chr11	120236923	120236924	-	0.000623264	Pvalue	1319	T	CGTGC	ok	False
chr11	117746231	117746232	+	0.0334076	Pvalue	156	A	TTAGA	ok	False
chr12	111635814	111635815	-	1.97355e-10	Pvalue	1453	T	AGTTT	ok	True
chr12	110657681	110657682	-	5.0104e-34	Pvalue	4773	T	TTTAA	ok	False
chr14	4200548	4200549	+	1.97274e-17	Pvalue	81	A	AGAAA	ok	False
chr14	31804908	31804909	-	0.0470941	Pvalue	75	T	GTTTA	ok	False
chr14	54606029	54606030	+	0.000248903	Pvalue	166	A	AGACT	ok	True
chr15	43114906	43114907	-	1.3891e-14	Pvalue	421	T	TTTCG	ok	False
chr15	76788865	76788866	+	0.00808528	Pvalue	1086	A	GTACT	ok	False
chr15	99140718	99140719	-	0.014774	Pvalue	176	T	TTTTA	ok	False
chr16	55789963	55789964	+	0.0326991	Pvalue	1967	A	GAATC	ok	False
chr16	95922843	95922844	-	2.17964e-05	Pvalue	1348	T	TTTTA	ok	False
chr16	87282631	87282632	-	0.000279531	Pvalue	315	T	CGTCT	ok	False
chr17	34043313	34043314	-	0.00356717	Pvalue	958	T	TTTGG	ok	False
chr17	45878715	45878716	-	2.53435e-07	Pvalue	1760	T	TCTTC	ok	False
chr18	9995643	9995644	-	3.60122e-05	Pvalue	192	T	AGTCT	ok	True
chr18	77869609	77869610	+	0.00974431	Pvalue	705	A	TCACG	ok	False
chrx	20548235	20548236	+	0.0409736	Pvalue	274	A	TTACT	ok	False
chr1	72891578	72891579	+	1.7196e-09	Pvalue	447	A	TTATT	ok	False
chr1	128291483	128291484	-	0.0112951	Pvalue	142	T	GGTAA	ok	False
chr1	171291450	171291451	+	0.016647	Pvalue	15	A	TGAGA	ok	False
chr2	34666434	34666435	+	0.0206089	Pvalue	361	A	CTACC	ok	False
chr2	132091414	132091415	-	0.0163072	Pvalue	158	T	CATAT	ok	False
chr2	154714386	154714387	-	1.27335e-09	Pvalue	634	T	CATTT	ok	False
chr3	89002236	89002237	-	0.0487939	Pvalue	72	T	TGTAC	ok	False
chr3	89323588	89323589	-	0.00387374	Pvalue	52	T	CATGG	ok	False
chr3	94791674	94791675	-	0.000637684	Pvalue	903	T	CTTTG	ok	False
chr4	10848923	10848924	+	0.000210436	Pvalue	1557	A	TTATC	ok	False
chr4	41712402	41712403	-	0.0256186	Pvalue	95	T	GGTCC	ok	True
chr4	86575381	86575382	-	0.0199658	Pvalue	30	T	AGTAA	ok	False
chr4	44990557	44990558	+	0.0166222	Pvalue	147	A	GGACT	ok	True
chr4	134201004	134201005	+	0.0178933	Pvalue	270	A	GAAGA	ok	False
chr4	150332943	150332944	+	0.00883427	Pvalue	910	A	GAATT	ok	False
chr5	36628902	36628903	+	0.0306289	Pvalue	255	A	GGACT	ok	True
chr5	108255986	108255987	+	0.0092762	Pvalue	45	A	AGATT	ok	False
chr5	129874735	129874736	+	0.0120808	Pvalue	121	A	AAATT	ok	False
chr5	145120581	145120582	-	0.000657639	Pvalue	1137	T	AATTC	ok	False
chr6	7675302	7675303	-	2.18007e-07	Pvalue	575	T	AGTGT	ok	False
chr6	87820241	87820242	-	0.0260313	Pvalue	709	T	TTTAA	ok	False
chr6	86501492	86501493	-	0.0377669	Pvalue	434	T	TTTGT	ok	False
chr6	85445353	85445354	+	0.000870286	Pvalue	1209	A	AAAGC	ok	False
chr7	19367362	19367363	-	0.00683718	Pvalue	112	T	TGTTG	ok	False
chr7	44139564	44139565	-	0.000958516	Pvalue	318	T	AGTTT	ok	True
chr7	45370237	45370238	+	0.027683	Pvalue	2169	A	AAAAA	ok	False
chr7	64522010	64522011	-	0.00278902	Pvalue	6	T	AGTCC	ok	True
chr7	99128484	99128485	-	2.98186e-16	Pvalue	1996	T	GTTAT	ok	False
chr7	126395239	126395240	-	0.00445986	Pvalue	342	T	AATGT	ok	False
chr7	114304565	114304566	-	0.0463317	Pvalue	2109	T	GATCT	ok	False
chr7	138484759	138484760	+	0.000128343	Pvalue	160	A	ACACA	ok	False
chr8	46664007	46664008	-	0.0187728	Pvalue	13	T	CTTGC	ok	False
chr8	84391126	84391127	+	0.04725	Pvalue	29	A	CTACC	ok	False
chr8	85397312	85397313	-	6.92802e-09	Pvalue	319	T	GATGG	ok	False
chr8	123299681	123299682	+	0.0256122	Pvalue	245	A	AGACT	ok	True
chr9	54865203	54865204	+	0.0153157	Pvalue	284	A	ATACT	ok	False
chr9	50255705	50255706	-	1.4379e-06	Pvalue	1011	T	CATCT	ok	False
chr9	78275062	78275063	-	5.62499e-05	Pvalue	3236	T	AATCT	ok	False
chr9	64084659	64084660	+	9.80085e-05	Pvalue	844	A	GCATG	ok	False
chr9	121678719	121678720	-	0.0388672	Pvalue	104	T	GTTGG	ok	False
chr10	29575150	29575151	-	0.00329383	Pvalue	496	T	AATGT	ok	False
chr10	42378471	42378472	+	0.022518	Pvalue	11	A	CTACG	ok	False
chr10	75773266	75773267	+	0.0182431	Pvalue	1114	A	TCAAA	ok	False
chr10	79890882	79890883	+	0.0201745	Pvalue	344	A	TAAAT	ok	False
chr10	81017943	81017944	+	0.0298099	Pvalue	531	A	ACAGT	ok	False
chr10	127865646	127865647	+	0.0100613	Pvalue	110	A	AGATT	ok	False
chr11	40630807	40630808	+	0.0223659	Pvalue	106	A	TGAGT	ok	False
chr11	33104023	33104024	-	2.96414e-09	Pvalue	1098	T	ATTAA	ok	False
chr11	69564043	69564044	-	0.0107099	Pvalue	280	T	CTTTG	ok	False
chr11	75517378	75517379	+	0.0454477	Pvalue	72	A	GGAGG	ok	False
chr11	115071877	115071878	+	0.00417747	Pvalue	95	A	TTAAA	ok	False
chr11	107386521	107386522	+	0.0219097	Pvalue	82	A	AGAAT	ok	False
chr12	66330383	66330384	-	0.00150742	Pvalue	120	T	TGTAA	ok	False
chr13	23606206	23606207	-	0.0167329	Pvalue	33	T	TGTTG	ok	False
chr13	55472399	55472400	+	0.0155465	Pvalue	159	A	ACATC	ok	False
chr12	110657680	110657681	-	8.46305e-79	Pvalue	4857	T	TTTTA	ok	False
chr13	91072844	91072845	+	0.000921423	Pvalue	183	A	GAAAA	ok	False
chr14	34066454	34066455	+	8.18278e-06	Pvalue	66	A	TGAAA	ok	False
chr15	31591174	31591175	-	7.31201e-06	Pvalue	1164	T	GGTTT	ok	True
chr15	36595909	36595910	-	6.14875e-06	Pvalue	800	T	GTTTA	ok	False
chr16	11011081	11011082	-	0.00013978	Pvalue	287	T	AGTCC	ok	True
chr16	20482146	20482147	+	0.000484594	Pvalue	476	A	ATAAA	ok	False
chr17	34171268	34171269	-	1.0974e-05	Pvalue	2228	T	TCTAG	ok	False
chr17	45704110	45704111	-	0.0248361	Pvalue	69	T	GTTGT	ok	False
chr18	77870204	77870205	+	0.011252	Pvalue	891	A	CCATA	ok	False
chr19	41906806	41906807	+	0.00315952	Pvalue	61	A	ACACA	ok	False
chrx	36346293	36346294	-	4.29553e-08	Pvalue	901	T	TCTGG	ok	False
chrx	36062358	36062359	+	1.47486e-06	Pvalue	572	A	TAAAG	ok	False
chrx	135172372	135172373	+	0.0358015	Pvalue	157	A	CTAAC	ok	False
chrx	135147590	135147591	+	0.00549455	Pvalue	86	A	ATATT	ok	False
chrx	101231506	101231507	-	3.96219e-05	Pvalue	408	T	TTTAC	ok	False
chr1	36730681	36730682	+	0.0076742	Pvalue	283	A	TTACT	ok	False
chr1	55129940	55129941	+	0.00636646	Pvalue	1318	A	CCAAA	ok	False
chr1	16172814	16172815	-	7.66803e-05	Pvalue	1646	T	GGTTG	ok	False
chr1	135229478	135229479	-	0.0147995	Pvalue	221	T	ACTCA	ok	False
chr1	160030630	160030631	-	0.016007	Pvalue	215	T	TTTGT	ok	False
chr1	177590855	177590856	-	0.0349648	Pvalue	67	T	TGTAA	ok	False
chr2	26843588	26843589	-	0.00755942	Pvalue	66	T	ATTTA	ok	False
chr2	32853049	32853050	+	0.0406769	Pvalue	434	A	CCACC	ok	False
chr2	121281481	121281482	+	0.0300678	Pvalue	206	A	CCAGT	ok	False
chr2	121268284	121268285	+	0.000733464	Pvalue	428	A	CTAAA	ok	False
chr2	143784657	143784658	+	0.000617393	Pvalue	98	A	AAAAA	ok	False
chr2	151353182	151353183	+	0.0287334	Pvalue	260	A	GGACT	ok	True
chr2	154714452	154714453	-	7.39632e-09	Pvalue	763	T	GTTGT	ok	False
chr2	160564379	160564380	+	0.0328693	Pvalue	59	A	AAATG	ok	False
chr3	87964036	87964037	-	0.00325826	Pvalue	115	T	AGTAA	ok	False
chr3	95570467	95570468	+	0.00982238	Pvalue	214	A	GAAAA	ok	False
chr3	105850059	105850060	-	0.0132665	Pvalue	232	T	AGTTT	ok	True
chr3	138160931	138160932	+	0.00108741	Pvalue	234	A	GGATT	ok	False
chr4	42980437	42980438	-	0.000756035	Pvalue	583	T	CATGG	ok	False
chr4	55390697	55390698	+	0.00212296	Pvalue	96	A	GGAAG	ok	False
chr4	119135537	119135538	-	0.0376554	Pvalue	233	T	TATTC	ok	False
chr4	149234773	149234774	-	0.0120506	Pvalue	158	T	GGTCC	ok	True
chr5	52307749	52307750	-	0.0280227	Pvalue	99	T	TGTTA	ok	True
chr5	77063167	77063168	-	0.0103573	Pvalue	47	T	TTTTC	ok	False
chr5	117420858	117420859	-	8.99863e-08	Pvalue	345	T	GATAC	ok	False
chr5	108052731	108052732	+	1.75056e-27	Pvalue	519	A	GTACA	ok	False
chr5	124600038	124600039	+	0.018307	Pvalue	70	A	TCACC	ok	False
chr5	129099973	129099974	+	0.00165279	Pvalue	1337	A	TTAGC	ok	False
chr5	115701477	115701478	+	5.94613e-06	Pvalue	3064	A	GGATA	ok	False
chr6	7676094	7676095	-	0.0135972	Pvalue	229	T	GGTAG	ok	False
chr6	56856097	56856098	+	0.000541943	Pvalue	138	A	AAAAG	ok	False
chr6	88860470	88860471	-	0.000124854	Pvalue	557	T	GTTTT	ok	False
chr6	125139038	125139039	-	0.00227989	Pvalue	54	T	GTTGC	ok	False
chr7	12764719	12764720	+	9.70542e-08	Pvalue	1782	A	CCACC	ok	False
chr7	4796614	4796615	+	0.0356663	Pvalue	682	A	AAACG	ok	False
chr7	45370192	45370193	+	0.0107871	Pvalue	2362	A	CCAGC	ok	False
chr7	44775252	44775253	-	0.00010794	Pvalue	446	T	TCTAA	ok	False
chr7	78558123	78558124	+	0.00707079	Pvalue	11	A	GAAAA	ok	False
chr7	97056211	97056212	+	0.0392805	Pvalue	164	A	GAAAA	ok	False
chr7	99128109	99128110	-	8.12661e-32	Pvalue	2140	T	TATTA	ok	False
chr7	126146229	126146230	-	0.00575348	Pvalue	649	T	TTTTT	ok	False
chr7	137069802	137069803	+	0.00665475	Pvalue	504	A	GTAGA	ok	False
chr7	140982738	140982739	+	0.0119236	Pvalue	1248	A	GCACT	ok	False
chr8	31649818	31649819	-	7.72202e-18	Pvalue	123	T	AGTCT	ok	True
chr8	71153031	71153032	+	0.000634702	Pvalue	378	A	CTACT	ok	False
chr8	46660475	46660476	-	0.000336278	Pvalue	563	T	GATCT	ok	False
chr8	73075076	73075077	+	3.5176e-06	Pvalue	457	A	ATAAT	ok	False
chr8	111537473	111537474	-	0.000506983	Pvalue	128	T	AGTCT	ok	True
chr9	54864976	54864977	+	0.0228885	Pvalue	233	A	CAAAA	ok	False
chr9	44247274	44247275	+	0.00526598	Pvalue	386	A	GAACT	ok	True
chr9	78274525	78274526	-	1.0884e-26	Pvalue	3422	T	GATAC	ok	False
chr9	64085505	64085506	+	4.12754e-25	Pvalue	2935	A	GCACA	ok	False
chr10	17601347	17601348	+	0.00633013	Pvalue	34	A	ATACT	ok	False
chr9	120789292	120789293	+	0.0232873	Pvalue	156	A	ACATT	ok	False
chr10	61509602	61509603	+	0.0346974	Pvalue	252	A	ATAAA	ok	False
chr10	90952698	90952699	-	0.0013855	Pvalue	1238	T	CTTTA	ok	False
chr10	126903136	126903137	+	0.00173449	Pvalue	457	A	AAAAC	ok	False
chr10	128394521	128394522	-	0.0160079	Pvalue	602	T	ATTTT	ok	False
chr10	127925962	127925963	+	0.000865529	Pvalue	1537	A	TAAGC	ok	False
chr11	6369634	6369635	+	1.25419e-09	Pvalue	527	A	TTACC	ok	False
chr11	22951683	22951684	+	0.0332356	Pvalue	255	A	AAAGA	ok	False
chr11	33102552	33102553	-	7.11118e-11	Pvalue	3505	T	TCTCC	ok	False
chr11	48696898	48696899	+	3.46951e-21	Pvalue	4998	A	ATAAA	ok	False
chr11	62443621	62443622	+	4.90944e-05	Pvalue	731	A	TCAAC	ok	False
chr11	69807664	69807665	-	0.000113543	Pvalue	1539	T	GATCG	ok	False
chr11	55285403	55285404	-	0.0127647	Pvalue	618	T	AATGA	ok	False
chr11	95963862	95963863	-	0.037185	Pvalue	793	T	AGTAG	ok	False
chr11	70868835	70868836	-	0.000216903	Pvalue	197	T	TTTTT	ok	False
chr11	88863699	88863700	+	0.00767141	Pvalue	534	A	CCAGC	ok	False
chr11	106672578	106672579	-	0.0481062	Pvalue	344	T	TCTGC	ok	False
chr11	115913508	115913509	-	0.0437948	Pvalue	71	T	TGTTG	ok	False
chr11	120236643	120236644	-	0.000857095	Pvalue	2292	T	AATTA	ok	False
chr12	17600926	17600927	+	0.0403517	Pvalue	315	A	GAATA	ok	False
chr13	23606017	23606018	-	0.00608779	Pvalue	105	T	CTTTA	ok	False
chr12	110658654	110658655	-	0.0334017	Pvalue	370	T	GATCC	ok	False
chr14	4201709	4201710	+	1.08355e-07	Pvalue	245	A	TTATT	ok	False
chr14	34066167	34066168	+	0.0168382	Pvalue	86	A	TCATG	ok	False
chr14	79866340	79866341	+	0.0177802	Pvalue	266	A	TAAAA	ok	False
chr15	79557061	79557062	+	0.0246679	Pvalue	294	A	GAACT	ok	True
chr15	78973993	78973994	+	0.00118375	Pvalue	232	A	CCATG	ok	False
chr15	98935605	98935606	+	0.0186995	Pvalue	308	A	TTAAC	ok	False
chr17	13142570	13142571	+	0.0386222	Pvalue	672	A	AAATC	ok	False
chr17	24940874	24940875	+	2.51117e-07	Pvalue	947	A	AAAAA	ok	False
chr17	34170992	34170993	-	5.97384e-06	Pvalue	2207	T	TTTAT	ok	False
chr17	88296939	88296940	+	0.0051467	Pvalue	57	A	GAATT	ok	False
chr18	48181385	48181386	+	0.0365671	Pvalue	170	A	CCACC	ok	False
chr19	4245412	4245413	+	0.00899804	Pvalue	331	A	GGATT	ok	False
chr18	84999419	84999420	+	0.04928	Pvalue	222	A	GAAAA	ok	False
chr19	8954850	8954851	+	0.000129658	Pvalue	1205	A	TCACT	ok	False
chr19	38956449	38956450	+	0.00493838	Pvalue	44	A	AAATT	ok	False
chr1	59678798	59678799	-	0.0454242	Pvalue	281	T	ACTTT	ok	False
chr1	153785441	153785442	+	0.0259678	Pvalue	25	A	CAAAA	ok	False
chr2	26802808	26802809	+	0.0263373	Pvalue	295	A	TTAAC	ok	False
chr2	34666165	34666166	+	3.23949e-15	Pvalue	227	A	GGACT	ok	True
chr2	129053512	129053513	+	6.03411e-05	Pvalue	189	A	AAAAA	ok	False
chr2	163859198	163859199	+	0.0436541	Pvalue	28	A	CCACA	ok	False
chr3	8994704	8994705	-	0.0128028	Pvalue	132	T	AGTTT	ok	True
chr3	103085936	103085937	+	2.5036e-06	Pvalue	388	A	CAACA	ok	False
chr3	116701297	116701298	+	0.0376252	Pvalue	36	A	CAACG	ok	False
chr4	116493716	116493717	-	0.034273	Pvalue	241	T	AATGG	ok	False
chr4	133328006	133328007	-	0.0299068	Pvalue	202	T	AGTCC	ok	True
chr4	117011144	117011145	-	1.37663e-07	Pvalue	2328	T	CGTCT	ok	False
chr4	155892951	155892952	+	0.00272826	Pvalue	99	A	CAACA	ok	False
chr5	45668542	45668543	+	0.000421756	Pvalue	193	A	ACAAT	ok	False
chr5	115436745	115436746	-	1.84581e-25	Pvalue	422	T	AGTCC	ok	True
chr5	129099964	129099965	+	0.003933	Pvalue	1211	A	CCACC	ok	False
chr5	143493871	143493872	-	0.00224181	Pvalue	31	T	AATGA	ok	False
chr6	7675475	7675476	-	0.0471668	Pvalue	355	T	AGTAT	ok	False
chr6	88234990	88234991	-	0.0296961	Pvalue	122	T	CCTGA	ok	False
chr6	87957684	87957685	-	0.0470008	Pvalue	610	T	CCTAC	ok	False
chr6	125138852	125138853	-	0.0405246	Pvalue	55	T	AGTAG	ok	False
chr6	128407799	128407800	-	0.0358657	Pvalue	585	T	TCTCA	ok	False
chr7	16483196	16483197	+	4.29948e-05	Pvalue	769	A	CAATA	ok	False
chr7	24584629	24584630	+	0.032228	Pvalue	1690	A	AAAAG	ok	False
chr7	28439222	28439223	-	6.0208e-06	Pvalue	399	T	ATTTG	ok	False
chr7	28051936	28051937	+	0.000617882	Pvalue	648	A	CAAGA	ok	False
chr7	24587756	24587757	+	1.27374e-24	Pvalue	4487	A	CCATG	ok	False
chr7	46501342	46501343	+	0.00406139	Pvalue	98	A	GAAGT	ok	False
chr7	97056968	97056969	+	0.00127523	Pvalue	175	A	TAAGA	ok	False
chr7	99128127	99128128	-	3.37915e-34	Pvalue	2199	T	TATTA	ok	False
chr7	102118088	102118089	+	0.0161255	Pvalue	154	A	CTAGA	ok	False
chr8	57967451	57967452	+	0.0185624	Pvalue	285	A	CCAGT	ok	False
chr8	71321679	71321680	-	3.48511e-06	Pvalue	68	T	TCTTC	ok	False
chr8	86265520	86265521	-	0.00919559	Pvalue	149	T	AATGC	ok	False
chr8	96590766	96590767	-	0.00053208	Pvalue	312	T	GGTCT	ok	True
chr9	56845551	56845552	+	0.021916	Pvalue	184	A	TTACC	ok	False
chr9	40714768	40714769	+	0.00127039	Pvalue	273	A	CAATG	ok	False
chr9	57412444	57412445	+	0.0169228	Pvalue	167	A	AAAAG	ok	False
chr9	107491626	107491627	-	0.00768982	Pvalue	507	T	GATGG	ok	False
chr9	114585917	114585918	-	0.00952875	Pvalue	166	T	CATTT	ok	False
chr9	114204351	114204352	-	0.00710462	Pvalue	161	T	CGTGA	ok	False
chr9	78385808	78385809	-	1.23391e-33	Pvalue	11861	T	AGTAC	ok	False
chr10	23661531	23661532	-	2.99629e-10	Pvalue	587	T	TTTTA	ok	False
chr10	95378640	95378641	+	0.0270648	Pvalue	69	A	CTAAC	ok	False
chr10	127883911	127883912	+	0.0493397	Pvalue	596	A	AAATT	ok	False
chr10	128675713	128675714	+	0.0305559	Pvalue	4	A	AGAAC	ok	False
chr11	52280198	52280199	+	0.00257655	Pvalue	328	A	AAAAC	ok	False
chr11	55285346	55285347	-	0.00359613	Pvalue	704	T	TTTTT	ok	False
chr11	69557768	69557769	-	5.74563e-13	Pvalue	1470	T	GTTTC	ok	False
chr11	75655502	75655503	+	0.0105141	Pvalue	30	A	CGAAA	ok	False
chr11	97052476	97052477	-	0.000275914	Pvalue	377	T	TTTTC	ok	False
chr11	116743119	116743120	-	0.00733615	Pvalue	30	T	ACTCC	ok	False
chr11	120237094	120237095	-	0.00357558	Pvalue	475	T	AATTT	ok	False
chr12	100089387	100089388	+	0.00502136	Pvalue	324	A	AAAAA	ok	False
chr13	14800052	14800053	+	0.00224132	Pvalue	511	A	TGAAG	ok	False
chr13	74555263	74555264	+	0.000111075	Pvalue	1730	A	CAAGC	ok	False
chr14	19862231	19862232	-	0.00033054	Pvalue	537	T	ATTTT	ok	False
chr14	4201823	4201824	+	0.00906138	Pvalue	213	A	GTATA	ok	False
chr14	47560203	47560204	+	0.00426414	Pvalue	36	A	ACACT	ok	False
chr14	21895609	21895610	+	0.0410508	Pvalue	111	A	TTATG	ok	False
chr14	76085553	76085554	+	2.04722e-05	Pvalue	491	A	CTATC	ok	False
chr15	43113610	43113611	-	3.08686e-13	Pvalue	444	T	AGTCT	ok	True
chr15	76230115	76230116	+	0.000144381	Pvalue	345	A	ATAAA	ok	False
chr15	85346501	85346502	+	0.00594552	Pvalue	72	A	GTATG	ok	False
chr15	98829505	98829506	-	2.18546e-05	Pvalue	2525	T	AATCC	ok	False
chr16	33777256	33777257	-	0.00144611	Pvalue	490	T	GTTTC	ok	False
chr17	15697634	15697635	-	0.000590176	Pvalue	484	T	AGTCT	ok	True
chr16	87283143	87283144	-	0.000536182	Pvalue	153	T	AGTAT	ok	False
chr17	47998211	47998212	-	0.00844826	Pvalue	668	T	GTTCC	ok	False
chr18	35939195	35939196	+	0.00292629	Pvalue	114	A	TAAAG	ok	False
chr18	35070967	35070968	-	0.000141482	Pvalue	382	T	AGTAG	ok	False
chr19	42112086	42112087	-	0.0194114	Pvalue	207	T	AGTCC	ok	True
chr19	44538843	44538844	-	0.0161717	Pvalue	183	T	GCTTC	ok	False
chr19	47723619	47723620	+	0.00090773	Pvalue	121	A	AGATC	ok	False
chrx	101229198	101229199	-	9.87647e-10	Pvalue	3233	T	TGTCT	ok	True
chr1	4846672	4846673	-	0.000224918	Pvalue	681	T	TTTAG	ok	False
chr1	58445339	58445340	+	0.0259506	Pvalue	53	A	TAAAA	ok	False
chr1	128259339	128259340	-	4.08426e-05	Pvalue	533	T	GTTGT	ok	False
chr2	32852650	32852651	+	0.00337741	Pvalue	344	A	ACAGT	ok	False
chr2	93863289	93863290	-	0.0379426	Pvalue	66	T	TCTAC	ok	False
chr2	148517582	148517583	+	0.0363493	Pvalue	82	A	GGACT	ok	True
chr2	162929042	162929043	-	0.03813	Pvalue	212	T	CCTGG	ok	False
chr2	154714471	154714472	-	9.98234e-12	Pvalue	726	T	AGTAT	ok	False
chr3	10379251	10379252	-	0.0443235	Pvalue	85	T	CATCT	ok	False
chr3	90008122	90008123	+	0.0123953	Pvalue	817	A	GGAGA	ok	False
chr3	122078083	122078084	+	4.72365e-05	Pvalue	127	A	TCACG	ok	False
chr4	86774574	86774575	-	0.0022326	Pvalue	113	T	GCTGA	ok	False
chr4	129409725	129409726	+	0.0219749	Pvalue	447	A	GGATT	ok	False
chr4	135777298	135777299	-	2.18017e-06	Pvalue	554	T	TTTAT	ok	False
chr4	152416818	152416819	+	0.0257246	Pvalue	1727	A	AGAGT	ok	False
chr5	29971332	29971333	+	0.0412373	Pvalue	7	A	AGAAC	ok	False
chr5	104588809	104588810	+	0.000858082	Pvalue	345	A	AGAAA	ok	False
chr5	125464240	125464241	-	0.032576	Pvalue	36	T	AGTCT	ok	True
chr5	129874908	129874909	+	0.00278709	Pvalue	409	A	TAAGC	ok	False
chr5	146772744	146772745	+	0.0353255	Pvalue	797	A	CCATA	ok	False
chr6	56678114	56678115	-	0.022687	Pvalue	66	T	CTTTT	ok	False
chr6	115784033	115784034	-	4.2513e-05	Pvalue	3632	T	TCTTG	ok	False
chr6	125437375	125437376	-	0.0216675	Pvalue	200	T	AGTAC	ok	False
chr7	15671777	15671778	-	0.0026141	Pvalue	332	T	TATTG	ok	False
chr7	46339315	46339316	-	0.0339997	Pvalue	141	T	CTTTT	ok	False
chr7	113864081	113864082	-	0.034409	Pvalue	181	T	ATTAT	ok	False
chr7	126394438	126394439	-	0.0407916	Pvalue	1294	T	GCTGG	ok	False
chr8	13225269	13225270	+	0.000179733	Pvalue	277	A	ACACT	ok	False
chr8	27765229	27765230	+	0.031303	Pvalue	486	A	AGACA	ok	True
chr8	79232095	79232096	-	0.00142975	Pvalue	284	T	AGTCC	ok	True
chr8	86265449	86265450	-	0.00480837	Pvalue	191	T	TATTC	ok	False
chr8	111782080	111782081	+	0.0158549	Pvalue	519	A	CCAGG	ok	False
chr9	44653541	44653542	-	0.0275239	Pvalue	114	T	TTTTA	ok	False
chr9	108560315	108560316	+	0.0179602	Pvalue	33	A	TCACC	ok	False
chr9	119958318	119958319	+	0.00838248	Pvalue	865	A	TCATC	ok	False
chr9	119960582	119960583	+	3.20996e-56	Pvalue	10310	A	GCAAA	ok	False
chr10	79803452	79803453	+	0.0350371	Pvalue	359	A	CCACA	ok	False
chr10	81018271	81018272	+	3.31709e-86	Pvalue	2241	A	AGACT	ok	True
chr10	127924393	127924394	+	8.66663e-06	Pvalue	518	A	AAATC	ok	False
chr11	29496352	29496353	-	7.49261e-14	Pvalue	506	T	AGTGG	ok	False
chr11	51510738	51510739	+	0.00253736	Pvalue	416	A	GAACC	ok	True
chr11	58008871	58008872	+	0.0163438	Pvalue	36	A	CCAGT	ok	False
chr11	59102307	59102308	-	0.0306289	Pvalue	257	T	AGTAT	ok	False
chr11	62443760	62443761	+	1.24762e-05	Pvalue	967	A	GCATC	ok	False
chr11	58823359	58823360	-	0.00146895	Pvalue	332	T	TGTGA	ok	False
chr11	55285719	55285720	-	0.0130022	Pvalue	401	T	AGTGA	ok	False
chr11	70869566	70869567	-	2.1256e-17	Pvalue	50	T	TCTTG	ok	False
chr11	97669140	97669141	-	0.00170946	Pvalue	1752	T	AGTAA	ok	False
chr11	115497888	115497889	+	0.000143324	Pvalue	161	A	GGACA	ok	True
chr11	107388567	107388568	+	0.00816057	Pvalue	218	A	GGATG	ok	False
chr12	66330301	66330302	-	0.017827	Pvalue	154	T	ATTTT	ok	False
chr12	100173065	100173066	+	0.0350644	Pvalue	37	A	AAAAA	ok	False
chr13	30724704	30724705	-	9.79678e-13	Pvalue	176	T	AGTCC	ok	True
chr13	69782280	69782281	+	0.0488325	Pvalue	323	A	TGAGG	ok	False
chr14	4201761	4201762	+	0.000108847	Pvalue	244	A	AAAAT	ok	False
chr14	54851681	54851682	-	0.00197667	Pvalue	286	T	TGTAA	ok	False
chr14	63729938	63729939	-	0.000961158	Pvalue	946	T	AATGC	ok	False
chr15	43113625	43113626	-	0.00123526	Pvalue	424	T	AGTTG	ok	False
chr15	81925717	81925718	-	0.0394259	Pvalue	284	T	GATGT	ok	False
chr15	34284133	34284134	+	0.00106954	Pvalue	43	A	AGACT	ok	True
chr15	79962246	79962247	-	1.20429e-16	Pvalue	1433	T	GGTGT	ok	False
chr16	55787454	55787455	+	0.000113672	Pvalue	920	A	TCAGC	ok	False
chr17	13143172	13143173	+	3.3919e-12	Pvalue	898	A	GAAAC	ok	False
chr17	29260415	29260416	+	0.0097164	Pvalue	104	A	GAAAT	ok	False
chr17	88297771	88297772	+	0.0166611	Pvalue	112	A	ACATA	ok	False
chr18	75136312	75136313	+	0.0466939	Pvalue	725	A	AAATT	ok	False
chr18	35070872	35070873	-	0.0174128	Pvalue	457	T	ACTGA	ok	False
chr19	41906835	41906836	+	2.16642e-05	Pvalue	73	A	ACATT	ok	False
chrx	36062369	36062370	+	4.18876e-13	Pvalue	435	A	CCATA	ok	False
chrx	101231556	101231557	-	0.00383607	Pvalue	258	T	GATGA	ok	False
chr1	59679137	59679138	-	0.0139799	Pvalue	73	T	TCTTA	ok	False
chr1	74319065	74319066	-	0.0451698	Pvalue	440	T	CTTTC	ok	False
chr1	128259628	128259629	-	0.0281075	Pvalue	499	T	GGTAG	ok	False
chr2	29960955	29960956	+	0.0363699	Pvalue	87	A	GCACA	ok	False
chr2	71271804	71271805	+	0.0221539	Pvalue	264	A	ATACT	ok	False
chr2	130013582	130013583	-	0.0193575	Pvalue	345	T	GTTTA	ok	False
chr2	156715300	156715301	+	0.0240114	Pvalue	400	A	GGATC	ok	False
chr2	164614801	164614802	+	0.00135959	Pvalue	163	A	TAAAT	ok	False
chr3	87823182	87823183	+	0.0137019	Pvalue	694	A	ACATG	ok	False
chr3	86045888	86045889	-	6.70322e-12	Pvalue	2685	T	GCTGT	ok	False
chr3	95568954	95568955	+	0.000345609	Pvalue	136	A	GTATT	ok	False
chr3	105850020	105850021	-	0.000255793	Pvalue	224	T	TTTCA	ok	False
chr3	130490012	130490013	-	1.06688e-15	Pvalue	118	T	CTTCT	ok	False
chr3	137572156	137572157	+	0.0315431	Pvalue	92	A	CCACA	ok	False
chr4	86774178	86774179	-	0.000271923	Pvalue	206	T	GATTC	ok	False
chr4	55390441	55390442	+	0.0475964	Pvalue	49	A	AAATT	ok	False
chr4	148678996	148678997	+	0.0360049	Pvalue	384	A	CCAGC	ok	False
chr4	150333308	150333309	+	5.41274e-05	Pvalue	1639	A	AAAAA	ok	False
chr5	93329994	93329995	-	0.00930217	Pvalue	93	T	AATCA	ok	False
chr5	121583157	121583158	-	0.00224153	Pvalue	151	T	CCTCC	ok	False
chr5	121346996	121346997	+	1.89079e-13	Pvalue	4873	A	TAAAT	ok	False
chr5	140429103	140429104	+	5.25542e-05	Pvalue	1088	A	GCAAC	ok	False
chr6	87820329	87820330	-	0.00603887	Pvalue	720	T	TCTCT	ok	False
chr6	145165289	145165290	-	7.90157e-07	Pvalue	106	T	AGTCT	ok	True
chr6	144944925	144944926	-	0.0398976	Pvalue	392	T	TATAG	ok	False
chr6	127064924	127064925	-	4.55846e-06	Pvalue	37	T	AGTCT	ok	True
chr7	4797524	4797525	+	4.17622e-16	Pvalue	1000	A	GCAAT	ok	False
chr7	44775368	44775369	-	0.0105989	Pvalue	9372	T	GGTTC	ok	True
chr7	46505025	46505026	+	3.50712e-05	Pvalue	1285	A	TCATG	ok	False
chr7	46504889	46504890	+	0.00517645	Pvalue	1184	A	GTACG	ok	False
chr7	110671194	110671195	-	0.00267249	Pvalue	536	T	CATGA	ok	False
chr8	71822235	71822236	+	0.00781184	Pvalue	212	A	AGATT	ok	False
chr8	86265807	86265808	-	0.00474715	Pvalue	12	T	AATGT	ok	False
chr8	121399546	121399547	+	0.0135977	Pvalue	499	A	TCACG	ok	False
chr9	40716476	40716477	+	6.76383e-05	Pvalue	5332	A	AAAAC	ok	False
chr9	65970283	65970284	+	0.0265011	Pvalue	141	A	CTACA	ok	False
chr9	57412528	57412529	+	2.22801e-06	Pvalue	277	A	TGATT	ok	False
chr9	64085660	64085661	+	2.71306e-29	Pvalue	3334	A	AAAAG	ok	False
chr9	110769022	110769023	-	0.000115933	Pvalue	229	T	TTTAA	ok	False
chr9	120403406	120403407	+	0.0351784	Pvalue	4576	A	AGAAG	ok	False
chr10	85774715	85774716	-	0.0230747	Pvalue	182	T	TCTCC	ok	False
chr10	116889957	116889958	-	0.0363738	Pvalue	177	T	GTTAT	ok	False
chr11	6369794	6369795	+	0.0186889	Pvalue	561	A	GAATA	ok	False
chr11	22952214	22952215	+	0.000663097	Pvalue	395	A	AGACT	ok	True
chr11	53321431	53321432	-	0.00376354	Pvalue	1235	T	GCTTG	ok	False
chr11	48696806	48696807	+	6.63585e-133	Pvalue	5268	A	AGACT	ok	True
chr11	62443927	62443928	+	5.32494e-10	Pvalue	918	A	TTACT	ok	False
chr11	70864648	70864649	+	0.00405846	Pvalue	30	A	GTATG	ok	False
chr11	88815053	88815054	-	8.44938e-07	Pvalue	79	T	TGTCT	ok	True
chr11	101336335	101336336	+	0.00167415	Pvalue	120	A	TTAAA	ok	False
chr11	116022665	116022666	-	0.0344548	Pvalue	221	T	TATTC	ok	False
chr11	102293990	102293991	-	0.00981947	Pvalue	848	T	TTTAG	ok	False
chr12	84803191	84803192	-	0.0492892	Pvalue	71	T	ATTTA	ok	False
chr12	111636069	111636070	-	0.00080666	Pvalue	2056	T	GTTTC	ok	False
chr12	110657711	110657712	-	0.00142843	Pvalue	4350	T	GGTCT	ok	True
chr14	30295399	30295400	+	0.000492648	Pvalue	586	A	CTACT	ok	False
chr14	55899737	55899738	-	0.0253122	Pvalue	357	T	TATTG	ok	False
chr14	79866335	79866336	+	0.02367	Pvalue	261	A	GTAGG	ok	False
chr15	75942283	75942284	-	0.000402171	Pvalue	189	T	AGTCT	ok	True
chr15	76790146	76790147	+	2.51135e-20	Pvalue	7354	A	CCACG	ok	False
chr15	79962213	79962214	-	9.4085e-92	Pvalue	1582	T	GGTCT	ok	True
chr16	38266048	38266049	-	0.0373065	Pvalue	100	T	TCTCC	ok	False
chr17	24690574	24690575	+	0.000613643	Pvalue	349	A	AAAAG	ok	False
chr17	24442959	24442960	-	0.0104271	Pvalue	13	T	AGTTT	ok	True
chr17	45879345	45879346	-	9.23396e-06	Pvalue	1340	T	GGTGT	ok	False
chr18	48181294	48181295	+	7.60428e-10	Pvalue	187	A	TCATG	ok	False
chr18	80265539	80265540	+	2.23344e-05	Pvalue	394	A	GGACT	ok	True
chr19	7192653	7192654	-	9.20705e-08	Pvalue	994	T	AATAA	ok	False
chr19	8955028	8955029	+	0.0327095	Pvalue	2072	A	CCATT	ok	False
chrx	20481626	20481627	-	0.0312391	Pvalue	125	T	AGTAA	ok	False
chrx	36062432	36062433	+	0.000214885	Pvalue	581	A	AAATT	ok	False
chrx	105247139	105247140	+	0.00986831	Pvalue	294	A	AAAGG	ok	False
chr1	72891615	72891616	+	1.54756e-05	Pvalue	425	A	AAAGG	ok	False
chr1	86279092	86279093	-	0.0313019	Pvalue	1104	T	TTTGG	ok	False
chr1	86458234	86458235	+	0.00610871	Pvalue	4041	A	GTACC	ok	False
chr1	160031000	160031001	-	0.0482948	Pvalue	140	T	CTTTA	ok	False
chr1	133531726	133531727	-	6.33142e-05	Pvalue	430	T	CTTCT	ok	False
chr1	180630266	180630267	-	0.0361748	Pvalue	98	T	AATGC	ok	False
chr2	32597859	32597860	-	0.00609679	Pvalue	41	T	TGTCC	ok	True
chr2	121268225	121268226	+	0.036625	Pvalue	427	A	AGAGA	ok	False
chr2	150776583	150776584	-	0.0191432	Pvalue	18	T	AATTT	ok	False
chr3	86045359	86045360	-	3.10181e-16	Pvalue	3028	T	CGTCT	ok	False
chr3	121251472	121251473	+	0.00100181	Pvalue	433	A	TAAAA	ok	False
chr3	116701311	116701312	+	0.0216728	Pvalue	37	A	GCACG	ok	False
chr4	86774412	86774413	-	0.000957605	Pvalue	152	T	ACTGA	ok	False
chr4	116556626	116556627	+	1.81705e-06	Pvalue	1597	A	AGACC	ok	True
chr4	129486090	129486091	-	0.0113815	Pvalue	506	T	GTTGA	ok	False
chr4	127219533	127219534	-	0.0258529	Pvalue	31	T	TGTCT	ok	True
chr5	5832021	5832022	-	0.019527	Pvalue	521	T	CTTAC	ok	False
chr4	150333312	150333313	+	0.00140693	Pvalue	1404	A	ATAAA	ok	False
chr5	31360397	31360398	-	0.00159703	Pvalue	130	T	AGTCC	ok	True
chr5	129099973	129099974	+	0.0101135	Pvalue	1337	A	TTAGC	ok	False
chr5	115699217	115699218	+	0.00174913	Pvalue	944	A	AGAAC	ok	False
chr6	6041510	6041511	-	0.00135123	Pvalue	62	T	TGTCT	ok	True
chr6	87976350	87976351	-	0.0321521	Pvalue	399	T	TCTAG	ok	False
chr6	125121695	125121696	+	0.00261923	Pvalue	300	A	TAATA	ok	False
chr7	15651154	15651155	-	0.011232	Pvalue	661	T	TTTAT	ok	False
chr6	117902336	117902337	+	0.0247708	Pvalue	538	A	AAAAG	ok	False
chr7	28439223	28439224	-	2.18269e-07	Pvalue	399	T	TTTGA	ok	False
chr7	28670851	28670852	-	0.00188833	Pvalue	1268	T	GATGC	ok	False
chr7	44480229	44480230	+	0.0167908	Pvalue	133	A	GAAAC	ok	False
chr7	45071912	45071913	-	0.0192775	Pvalue	151	T	ACTCA	ok	False
chr7	108539858	108539859	+	0.0177419	Pvalue	395	A	TCATC	ok	False
chr7	130137289	130137290	-	0.0260251	Pvalue	83	T	TCTTG	ok	False
chr7	140478498	140478499	+	0.0199751	Pvalue	200	A	TGAGT	ok	False
chr8	111784212	111784213	+	0.00209111	Pvalue	98	A	ACATA	ok	False
chr8	121400911	121400912	+	0.0131893	Pvalue	1218	A	CCAAT	ok	False
chr9	20806145	20806146	-	0.0112498	Pvalue	566	T	AGTCT	ok	True
chr9	78274356	78274357	-	3.31884e-20	Pvalue	3438	T	TTTTT	ok	False
chr9	108442750	108442751	+	0.015154	Pvalue	271	A	CAATA	ok	False
chr9	78386669	78386670	-	0.00298574	Pvalue	1556	T	ATTGT	ok	False
chr10	79523962	79523963	+	0.00158643	Pvalue	681	A	CTACC	ok	False
chr10	85774819	85774820	-	0.0340682	Pvalue	174	T	TCTCA	ok	False
chr10	116887114	116887115	-	0.00229609	Pvalue	522	T	TATGA	ok	False
chr10	94039179	94039180	+	0.033179	Pvalue	263	A	CGAGA	ok	False
chr11	33111111	33111112	-	0.0492043	Pvalue	143	T	GGTTG	ok	False
chr11	55390772	55390773	+	0.00197175	Pvalue	223	A	GGACT	ok	True
chr11	76141373	76141374	+	0.0438115	Pvalue	25	A	TAAAA	ok	False
chr11	97053293	97053294	-	0.0177378	Pvalue	60	T	TGTTT	ok	True
chr11	107388427	107388428	+	0.0118598	Pvalue	172	A	TCAAC	ok	False
chr12	17600928	17600929	+	9.50813e-05	Pvalue	335	A	ATATT	ok	False
chr13	9224417	9224418	+	0.0330028	Pvalue	98	A	AAAAA	ok	False
chr14	14303646	14303647	+	8.69752e-06	Pvalue	125	A	AAATT	ok	False
chr14	36843090	36843091	-	0.024698	Pvalue	86	T	AATCT	ok	False
chr15	31592472	31592473	-	0.00253683	Pvalue	1127	T	GTTAG	ok	False
chr15	36596011	36596012	-	0.000814846	Pvalue	923	T	ATTCC	ok	False
chr15	99140717	99140718	-	0.0280441	Pvalue	175	T	TTTTT	ok	False
chr16	45973525	45973526	-	0.00187371	Pvalue	195	T	AGTCT	ok	True
chr16	29886333	29886334	+	3.09646e-06	Pvalue	25	A	AGACT	ok	True
chr17	13142527	13142528	+	0.0323035	Pvalue	607	A	TAAGA	ok	False
chr17	34157907	34157908	-	0.0255911	Pvalue	200	T	CATTT	ok	False
chr18	35939433	35939434	+	0.010206	Pvalue	159	A	GTACG	ok	False
chr18	75134790	75134791	+	0.000467953	Pvalue	453	A	CCAAG	ok	False
chr18	77870356	77870357	+	1.77674e-05	Pvalue	625	A	CCATA	ok	False
chr19	8955028	8955029	+	2.88097e-11	Pvalue	2072	A	CCATT	ok	False
chrx	100492149	100492150	+	0.0098628	Pvalue	341	A	GGAGA	ok	False
chr1	72888429	72888430	+	0.00548447	Pvalue	82	A	TCAGT	ok	False
chr1	86278312	86278313	-	4.84745e-10	Pvalue	2002	T	AATGA	ok	False
chr1	170956884	170956885	-	9.10367e-10	Pvalue	105	T	TGTAT	ok	False
chr1	172334715	172334716	+	0.0328308	Pvalue	124	A	TTAAT	ok	False
chr2	29072438	29072439	+	0.00213005	Pvalue	76	A	TAAAA	ok	False
chr2	121268129	121268130	+	0.00821528	Pvalue	293	A	TAATT	ok	False
chr2	148517796	148517797	+	0.0346837	Pvalue	132	A	AGACT	ok	True
chr2	162929039	162929040	-	0.000857925	Pvalue	213	T	CTTCC	ok	False
chr2	154714559	154714560	-	0.000740238	Pvalue	761	T	TTTAA	ok	False
chr3	34706585	34706586	+	0.0393264	Pvalue	228	A	TAAAT	ok	False
chr3	87823395	87823396	+	0.0137089	Pvalue	737	A	AAAAT	ok	False
chr3	86046373	86046374	-	7.69651e-42	Pvalue	1948	T	CATTA	ok	False
chr3	94793452	94793453	-	0.039223	Pvalue	269	T	GCTGT	ok	False
chr3	98220565	98220566	-	0.0259511	Pvalue	257	T	GTTGA	ok	False
chr4	86774121	86774122	-	7.78087e-10	Pvalue	236	T	CTTCC	ok	False
chr4	55391151	55391152	+	0.0154023	Pvalue	89	A	GTACT	ok	False
chr4	133263154	133263155	-	0.0453557	Pvalue	13	T	GTTGT	ok	False
chr5	35250353	35250354	-	0.0385677	Pvalue	327	T	TGTAC	ok	False
chr5	93329808	93329809	-	0.0156136	Pvalue	87	T	ATTTT	ok	False
chr5	121582831	121582832	-	0.0448279	Pvalue	204	T	TTTTT	ok	False
chr5	129100206	129100207	+	0.030321	Pvalue	1727	A	TAAAG	ok	False
chr5	115701572	115701573	+	0.0239069	Pvalue	1953	A	AAAAC	ok	False
chr5	148987420	148987421	-	0.0370027	Pvalue	10	T	CTTGG	ok	False
chr6	56855206	56855207	+	4.2082e-05	Pvalue	11	A	AGATC	ok	False
chr6	86501682	86501683	-	0.00482682	Pvalue	381	T	GATTT	ok	False
chr6	125170453	125170454	+	0.0256787	Pvalue	510	A	CGATG	ok	False
chr6	122691302	122691303	+	0.000170378	Pvalue	538	A	CGAGG	ok	False
chr6	148257001	148257002	+	9.62943e-152	Pvalue	1168	A	GGACT	ok	True
chr6	117902453	117902454	+	0.000478414	Pvalue	547	A	GAATT	ok	False
chr7	28676650	28676651	-	0.000659843	Pvalue	586	T	TCTCC	ok	False
chr7	44139606	44139607	-	0.00127189	Pvalue	322	T	AATCC	ok	False
chr7	46503422	46503423	+	0.01251	Pvalue	122	A	TCAAG	ok	False
chr7	97057003	97057004	+	1.74982e-05	Pvalue	120	A	AAATC	ok	False
chr7	45109102	45109103	-	0.000909377	Pvalue	737	T	GGTCC	ok	True
chr7	130134370	130134371	-	0.000221306	Pvalue	154	T	CATAT	ok	False
chr7	140982808	140982809	+	0.018929	Pvalue	1289	A	GGAGA	ok	False
chr8	57967385	57967386	+	0.00922316	Pvalue	276	A	AAATA	ok	False
chr8	46660454	46660455	-	2.17314e-10	Pvalue	558	T	AGTCT	ok	True
chr8	73075129	73075130	+	1.62043e-05	Pvalue	482	A	GCATC	ok	False
chr8	86264937	86264938	-	0.0256893	Pvalue	12	T	TGTAA	ok	False
chr8	108307366	108307367	-	2.65743e-05	Pvalue	250	T	CTTTT	ok	False
chr8	87774824	87774825	+	1.95902e-14	Pvalue	3469	A	CAATA	ok	False
chr9	44824707	44824708	-	0.036249	Pvalue	208	T	TCTCC	ok	False
chr9	44247061	44247062	+	0.0074086	Pvalue	301	A	GTAAT	ok	False
chr9	59586181	59586182	+	0.000864752	Pvalue	636	A	CCAGC	ok	False
chr9	108778526	108778527	+	6.15574e-05	Pvalue	754	A	CTACA	ok	False
chr9	78386088	78386089	-	5.84561e-24	Pvalue	7718	T	CTTTG	ok	False
chr10	77824120	77824121	-	0.0226665	Pvalue	197	T	GATGC	ok	False
chr10	127132787	127132788	-	0.0327951	Pvalue	277	T	TTTCC	ok	False
chr10	119038775	119038776	-	0.000629397	Pvalue	240	T	AGTAA	ok	False
chr11	51492155	51492156	-	0.0319286	Pvalue	353	T	GTTAA	ok	False
chr11	69547889	69547890	-	0.0340066	Pvalue	138	T	CTTTA	ok	False
chr11	78180863	78180864	+	0.00135337	Pvalue	19	A	GGACT	ok	True
chr12	8548239	8548240	-	4.59699e-06	Pvalue	18	T	AGTCT	ok	True
chr12	55465222	55465223	+	7.23228e-09	Pvalue	473	A	AAAAC	ok	False
chr13	41166161	41166162	+	0.0351947	Pvalue	69	A	CCAGT	ok	False
chr14	14303645	14303646	+	0.0361952	Pvalue	125	A	TAAAT	ok	False
chr14	30294281	30294282	+	0.00369121	Pvalue	563	A	CTACG	ok	False
chr14	54605837	54605838	+	0.0327206	Pvalue	134	A	GAAAG	ok	False
chr15	43113571	43113572	-	0.00216327	Pvalue	435	T	TTTTT	ok	False
chr15	83038112	83038113	-	5.4729e-05	Pvalue	103	T	TATGG	ok	False
chr15	102239905	102239906	+	0.0343396	Pvalue	407	A	ATAAA	ok	False
chr15	79961998	79961999	-	8.7473e-58	Pvalue	1140	T	AGTAG	ok	False
chr16	55791679	55791680	+	1.18508e-06	Pvalue	1796	A	CCACA	ok	False
chr17	13143290	13143291	+	5.20391e-06	Pvalue	1008	A	TTACA	ok	False
chr17	35821524	35821525	+	0.000596556	Pvalue	661	A	AAATT	ok	False
chr17	57303054	57303055	+	0.0365999	Pvalue	609	A	GGAGA	ok	False
chr18	75136286	75136287	+	1.37618e-11	Pvalue	738	A	GAAAC	ok	False
chr18	77870383	77870384	+	0.00443078	Pvalue	761	A	TTACT	ok	False
chr19	41906291	41906292	+	0.0150318	Pvalue	9	A	ACACT	ok	False
chrx	133488797	133488798	+	0.0470412	Pvalue	747	A	TCAGA	ok	False
chr1	55117034	55117035	-	0.0161359	Pvalue	1228	T	AATTG	ok	False
chr1	93288526	93288527	+	0.0451356	Pvalue	48	A	AGAAT	ok	False
chr2	10064335	10064336	-	0.000322463	Pvalue	774	T	CATGG	ok	False
chr2	38891635	38891636	-	0.0110704	Pvalue	1152	T	CTTGA	ok	False
chr2	90889753	90889754	+	0.0248073	Pvalue	412	A	ATAAT	ok	False
chr2	154713668	154713669	-	0.000423213	Pvalue	113	T	CATTT	ok	False
chr3	89156956	89156957	+	0.0281352	Pvalue	325	A	TCACA	ok	False
chr3	105875156	105875157	+	2.78604e-06	Pvalue	144	A	ATACT	ok	False
chr4	8607562	8607563	+	0.0403517	Pvalue	81	A	GAAAA	ok	False
chr4	46472517	46472518	+	8.04865e-06	Pvalue	507	A	ACATT	ok	False
chr4	132257957	132257958	-	0.0139758	Pvalue	484	T	GATAC	ok	False
chr4	135779897	135779898	-	0.0203647	Pvalue	409	T	TCTGG	ok	False
chr4	137048136	137048137	-	4.72767e-05	Pvalue	18	T	TTTGT	ok	False
chr4	155893164	155893165	+	0.000690279	Pvalue	217	A	CCAGT	ok	False
chr5	77115259	77115260	+	5.00335e-05	Pvalue	338	A	TAAAA	ok	False
chr5	129875170	129875171	+	1.15944e-33	Pvalue	706	A	ATAAT	ok	False
chr5	146772792	146772793	+	0.0179744	Pvalue	691	A	CCAGG	ok	False
chr6	71795699	71795700	-	0.0368968	Pvalue	24	T	GATGT	ok	False
chr6	55054710	55054711	+	0.0391117	Pvalue	248	A	ACACT	ok	False
chr6	136791251	136791252	-	0.00132569	Pvalue	32	T	CGTCC	ok	False
chr7	15851031	15851032	+	0.0419523	Pvalue	111	A	ATAAA	ok	False
chr7	28051807	28051808	+	4.13263e-14	Pvalue	639	A	CAAAG	ok	False
chr7	24669331	24669332	-	0.0212062	Pvalue	270	T	GGTCC	ok	True
chr7	44776435	44776436	-	1.15378e-22	Pvalue	5465	T	AATGC	ok	False
chr7	83548159	83548160	+	0.00293597	Pvalue	114	A	CTAAA	ok	False
chr7	45238911	45238912	+	0.0277759	Pvalue	395	A	TTACA	ok	False
chr7	118125077	118125078	-	0.0365384	Pvalue	49	T	CGTGG	ok	False
chr7	137069748	137069749	+	1.37683e-07	Pvalue	512	A	GTAAC	ok	False
chr7	141929674	141929675	-	0.0471989	Pvalue	480	T	ATTTG	ok	False
chr8	71153088	71153089	+	0.0139827	Pvalue	399	A	TTAAA	ok	False
chr8	79231915	79231916	-	0.0494164	Pvalue	326	T	TTTTA	ok	False
chr8	85684344	85684345	-	0.00528611	Pvalue	271	T	CGTGG	ok	False
chr9	56043489	56043490	-	0.040867	Pvalue	37	T	TATTA	ok	False
chr9	65809384	65809385	+	0.00416157	Pvalue	35	A	TAAAA	ok	False
chr9	64085708	64085709	+	1.8936e-21	Pvalue	3321	A	AAAAG	ok	False
chr9	120789556	120789557	+	0.000267266	Pvalue	262	A	TAAAC	ok	False
chr10	80989842	80989843	-	0.0321924	Pvalue	26	T	AGTCC	ok	True
chr10	116887107	116887108	-	5.25761e-07	Pvalue	478	T	ACTTT	ok	False
chr10	94056715	94056716	+	2.6755e-07	Pvalue	275	A	TTACA	ok	False
chr11	22953160	22953161	+	7.1983e-09	Pvalue	1633	A	AAAAG	ok	False
chr11	55391082	55391083	+	1.03948e-05	Pvalue	221	A	GGACT	ok	True
chr11	78073638	78073639	-	1.34771e-05	Pvalue	465	T	CCTGG	ok	False
chr11	70868790	70868791	-	0.0388257	Pvalue	175	T	AGTAA	ok	False
chr11	97668915	97668916	-	0.00984327	Pvalue	1776	T	AATGC	ok	False
chr11	116022662	116022663	-	0.00332792	Pvalue	219	T	TTTTA	ok	False
chr11	117706695	117706696	-	6.74577e-08	Pvalue	83	T	TGTCC	ok	True
chr12	17600053	17600054	+	0.00638515	Pvalue	153	A	CTACT	ok	False
chr13	38163628	38163629	-	0.0398086	Pvalue	59	T	GGTGG	ok	False
chr12	110657502	110657503	-	1.27278e-06	Pvalue	4942	T	TGTGA	ok	False
chr14	4199411	4199412	+	0.0151981	Pvalue	47	A	TAAGC	ok	False
chr14	47013342	47013343	-	3.01934e-10	Pvalue	128	T	AATTC	ok	False
chr14	31902418	31902419	-	0.0194202	Pvalue	64	T	ACTGT	ok	False
chr14	76085732	76085733	+	2.0473e-07	Pvalue	454	A	TAAAT	ok	False
chr15	43114904	43114905	-	0.0278209	Pvalue	423	T	CTTTT	ok	False
chr15	52584506	52584507	+	0.0326112	Pvalue	11	A	AAATT	ok	False
chr15	83431318	83431319	-	0.0163584	Pvalue	19	T	AGTGA	ok	False
chr15	80141016	80141017	+	0.0468324	Pvalue	47	A	AGACA	ok	True
chr15	79962252	79962253	-	3.37344e-05	Pvalue	1334	T	AATGA	ok	False
chr16	95923036	95923037	-	3.04017e-06	Pvalue	891	T	AATGT	ok	False
chr17	24939675	24939676	+	0.00863449	Pvalue	578	A	AGACT	ok	True
chr17	23893937	23893938	+	0.0163768	Pvalue	177	A	GGATA	ok	False
chr17	47202504	47202505	+	1.11008e-05	Pvalue	34	A	GGACT	ok	True
chr17	88298046	88298047	+	2.73562e-15	Pvalue	365	A	TTACA	ok	False
chr18	48181336	48181337	+	0.0191775	Pvalue	192	A	CCAGC	ok	False
chr18	75136266	75136267	+	0.00171482	Pvalue	732	A	ATATC	ok	False
chr19	5324118	5324119	-	0.024963	Pvalue	320	T	TATTC	ok	False
chrx	13069668	13069669	+	0.000507111	Pvalue	433	A	AGATT	ok	False
chrx	36062441	36062442	+	0.00851611	Pvalue	581	A	AAATA	ok	False
chrx	158905505	158905506	-	0.000473091	Pvalue	154	T	GCTTA	ok	False
chr1	86281566	86281567	-	0.00437182	Pvalue	43	T	CTTGC	ok	False
chr1	180428237	180428238	+	0.020978	Pvalue	177	A	TTATA	ok	False
chr2	121266890	121266891	+	0.038371	Pvalue	141	A	GTATG	ok	False
chr2	154714287	154714288	-	0.0225645	Pvalue	68	T	TTTTT	ok	False
chr3	88835791	88835792	-	0.0479063	Pvalue	17	T	AGTGC	ok	False
chr3	88229057	88229058	+	6.34411e-13	Pvalue	1394	A	TTAAA	ok	False
chr3	153628460	153628461	-	0.0316533	Pvalue	26	T	TTTGA	ok	False
chr4	132257874	132257875	-	0.028082	Pvalue	436	T	CCTGG	ok	False
chr4	148678353	148678354	+	0.0431885	Pvalue	52	A	GCACT	ok	False
chr5	24770366	24770367	-	0.0152711	Pvalue	162	T	TATTG	ok	False
chr5	65545769	65545770	-	0.0211873	Pvalue	1057	T	GTTTC	ok	False
chr5	124256241	124256242	+	0.00340193	Pvalue	147	A	TAAAT	ok	False
chr5	129099921	129099922	+	3.32733e-09	Pvalue	898	A	TTATA	ok	False
chr5	138163140	138163141	-	0.0266608	Pvalue	428	T	ATTCA	ok	False
chr6	67254902	67254903	+	0.0170846	Pvalue	305	A	GCATA	ok	False
chr6	86501831	86501832	-	0.0346345	Pvalue	236	T	GCTGC	ok	False
chr6	115782478	115782479	-	0.0201832	Pvalue	4654	T	GTTTT	ok	False
chr6	124787986	124787987	-	0.0276935	Pvalue	480	T	TCTAC	ok	False
chr6	148257089	148257090	+	0.0360871	Pvalue	973	A	GCAAG	ok	False
chr7	13045331	13045332	+	0.00332213	Pvalue	548	A	TAAAT	ok	False
chr7	24584591	24584592	+	0.000227506	Pvalue	1539	A	CCAGC	ok	False
chr7	44775081	44775082	-	0.00399868	Pvalue	394	T	ACTTG	ok	False
chr7	44771853	44771854	-	0.0248748	Pvalue	4908	T	AGTCC	ok	True
chr7	126871682	126871683	-	4.56706e-05	Pvalue	14	T	AGTCC	ok	True
chr7	110671180	110671181	-	0.0295557	Pvalue	585	T	AATCA	ok	False
chr8	43748114	43748115	-	3.74306e-05	Pvalue	168	T	ATTTC	ok	False
chr8	86265358	86265359	-	6.84418e-10	Pvalue	179	T	TTTTC	ok	False
chr8	87774732	87774733	+	3.47572e-22	Pvalue	3486	A	CTATA	ok	False
chr8	112720300	112720301	-	0.0196462	Pvalue	621	T	TCTTG	ok	False
chr9	55131699	55131700	+	0.000122311	Pvalue	92	A	AAAAC	ok	False
chr9	78116486	78116487	+	0.0010778	Pvalue	776	A	CCACA	ok	False
chr9	108082271	108082272	-	0.0223633	Pvalue	71	T	ATTCT	ok	False
chr9	108907126	108907127	-	0.0402107	Pvalue	166	T	GCTCT	ok	False
chr9	121681592	121681593	-	0.0432715	Pvalue	99	T	AATAA	ok	False
chr10	12884756	12884757	+	1.43071e-06	Pvalue	277	A	AGACT	ok	True
chr10	29574782	29574783	-	0.0253283	Pvalue	2879	T	GTTGC	ok	False
chr9	78386396	78386397	-	2.40929e-13	Pvalue	3620	T	CATGC	ok	False
chr10	69176410	69176411	-	0.0324901	Pvalue	150	T	ACTCG	ok	False
chr10	81018161	81018162	+	4.39022e-09	Pvalue	2293	A	CAAAA	ok	False
chr11	3202167	3202168	-	0.0418959	Pvalue	77	T	AATTC	ok	False
chr11	29496772	29496773	-	0.0170167	Pvalue	471	T	GCTGA	ok	False
chr11	52280209	52280210	+	0.0101266	Pvalue	323	A	AAAAT	ok	False
chr11	59709318	59709319	-	0.0295116	Pvalue	132	T	TTTTA	ok	False
chr11	69557851	69557852	-	0.00628485	Pvalue	1514	T	ATTTT	ok	False
chr11	75656176	75656177	+	6.61629e-05	Pvalue	1218	A	GAAGC	ok	False
chr11	70869567	70869568	-	4.62367e-13	Pvalue	53	T	CTTGG	ok	False
chr11	115913245	115913246	-	0.0280719	Pvalue	305	T	GGTGT	ok	False
chr11	102297034	102297035	-	0.046001	Pvalue	8	T	TTTGG	ok	False
chr12	28681115	28681116	-	5.57158e-06	Pvalue	247	T	TTTAC	ok	False
chr12	110658727	110658728	-	0.0101191	Pvalue	280	T	ATTTA	ok	False
chr14	4199410	4199411	+	8.64064e-08	Pvalue	46	A	CTAAG	ok	False
chr14	51164579	51164580	+	8.76386e-05	Pvalue	350	A	ATAAA	ok	False
chr14	36843117	36843118	-	0.0121928	Pvalue	78	T	TTTCT	ok	False
chr14	76084701	76084702	+	0.016498	Pvalue	418	A	ACATG	ok	False
chr15	43113532	43113533	-	0.00236548	Pvalue	425	T	CCTTT	ok	False
chr15	81249448	81249449	-	0.000375208	Pvalue	288	T	AATTC	ok	False
chr15	102407289	102407290	+	0.0157805	Pvalue	353	A	GAATT	ok	False
chr17	13143310	13143311	+	1.83257e-05	Pvalue	1121	A	CGATA	ok	False
chr17	34170991	34170992	-	4.78449e-05	Pvalue	2172	T	ATTTA	ok	False
chr17	36146568	36146569	-	0.000519878	Pvalue	125	T	GGTAC	ok	False
chr18	35037719	35037720	-	0.00269223	Pvalue	70	T	GTTAA	ok	False
chr18	77870546	77870547	+	0.0468271	Pvalue	735	A	TAAAA	ok	False
chr19	44295136	44295137	+	0.0010623	Pvalue	345	A	GAAAA	ok	False
chr19	44538713	44538714	-	0.0162231	Pvalue	206	T	TATGG	ok	False
chrx	139376665	139376666	+	0.011442	Pvalue	102	A	AGACT	ok	True
chr1	55117161	55117162	-	3.29518e-09	Pvalue	1220	T	ATTTA	ok	False
chr5	38391594	38391595	+	0.0495312	Pvalue	157	A	GTATA	ok	False
chr5	88807357	88807358	-	0.00383286	Pvalue	145	T	TTTTT	ok	False
chr5	117421207	117421208	-	0.00192937	Pvalue	112	T	TATCC	ok	False
chr5	115436875	115436876	-	0.0213805	Pvalue	307	T	TGTAC	ok	False
chr5	129874933	129874934	+	1.56648e-60	Pvalue	507	A	GTAAG	ok	False
chr6	67261083	67261084	+	0.000729356	Pvalue	669	A	AGACT	ok	True
chr6	118360533	118360534	-	0.0489668	Pvalue	93	T	AGTCT	ok	True
chr7	64521801	64521802	-	5.64726e-06	Pvalue	42	T	AGTCC	ok	True
chr7	78783539	78783540	-	5.16895e-07	Pvalue	1064	T	TTTTG	ok	False
chr7	100147992	100147993	+	0.049809	Pvalue	38	A	CCACC	ok	False
chr7	118288323	118288324	-	0.0334748	Pvalue	19	T	AGTCC	ok	True
chr7	114304552	114304553	-	0.0490549	Pvalue	2074	T	TTTTG	ok	False
chr7	130134358	130134359	-	0.000145667	Pvalue	209	T	CATTT	ok	False
chr7	137066158	137066159	+	0.0225872	Pvalue	266	A	TAAAA	ok	False
chr7	126394433	126394434	-	0.0181894	Pvalue	1178	T	AGTGG	ok	False
chr7	128148649	128148650	+	0.029274	Pvalue	80	A	TTAAT	ok	False
chr7	140534847	140534848	-	1.27005e-08	Pvalue	408	T	CCTGG	ok	False
chr7	139524849	139524850	+	0.0459866	Pvalue	216	A	TCATT	ok	False
chr7	141929871	141929872	-	0.0017477	Pvalue	483	T	CTTTG	ok	False
chr8	57967314	57967315	+	4.19883e-07	Pvalue	270	A	AGAAG	ok	False
chr8	27765291	27765292	+	0.00231201	Pvalue	612	A	GAATT	ok	False
chr8	84972974	84972975	-	2.27959e-23	Pvalue	458	T	GGTGA	ok	False
chr8	112679515	112679516	+	0.00252386	Pvalue	139	A	AAATA	ok	False
chr8	123831809	123831810	+	1.66618e-21	Pvalue	3714	A	TTATC	ok	False
chr9	54864977	54864978	+	0.000809177	Pvalue	231	A	AAAAG	ok	False
chr9	40715199	40715200	+	0.000139704	Pvalue	308	A	TCACC	ok	False
chr9	44247292	44247293	+	9.36181e-05	Pvalue	385	A	CTATT	ok	False
chr9	65973763	65973764	+	0.000827168	Pvalue	739	A	AGACG	ok	False
chr9	57412697	57412698	+	0.0114435	Pvalue	280	A	GGAGT	ok	False
chr9	78274335	78274336	-	8.83874e-08	Pvalue	2008	T	TTTTA	ok	False
chr9	109722940	109722941	+	0.0038498	Pvalue	159	A	CAAAT	ok	False
chr9	78386050	78386051	-	1.50801e-06	Pvalue	8076	T	GGTGA	ok	False
chr10	61527107	61527108	+	0.000598991	Pvalue	90	A	GTATT	ok	False
chr10	79524118	79524119	+	0.0459038	Pvalue	795	A	GGACC	ok	True
chr10	80918038	80918039	+	0.00448128	Pvalue	203	A	AAACT	ok	True
chr10	81016450	81016451	+	0.00771635	Pvalue	11	A	GCACC	ok	False
chr10	94056764	94056765	+	0.0272628	Pvalue	370	A	GGACC	ok	True
chr10	128394791	128394792	-	0.0450147	Pvalue	500	T	ATTCT	ok	False
chr10	128196845	128196846	+	0.0447716	Pvalue	99	A	GCATG	ok	False
chr10	127924348	127924349	+	4.08264e-05	Pvalue	304	A	ACATT	ok	False
chr11	11750560	11750561	-	0.00779692	Pvalue	84	T	GTTTT	ok	False
chr11	4843649	4843650	+	0.00436748	Pvalue	59	A	CCATA	ok	False
chr11	6368293	6368294	+	0.000510807	Pvalue	160	A	TTATT	ok	False
chr11	5657333	5657334	-	0.0196741	Pvalue	137	T	GATGT	ok	False
chr11	33102827	33102828	-	0.0246999	Pvalue	2225	T	CCTCC	ok	False
chr11	52013131	52013132	+	0.0467022	Pvalue	174	A	TCACT	ok	False
chr11	51510669	51510670	+	0.0490659	Pvalue	255	A	CGAAG	ok	False
chr11	51514244	51514245	+	0.00257067	Pvalue	2090	A	TAAAT	ok	False
chr11	33102610	33102611	-	3.63918e-15	Pvalue	3508	T	CATAC	ok	False
chr11	53319918	53319919	-	0.00416591	Pvalue	1316	T	CTTTT	ok	False
chr11	55390875	55390876	+	0.0144639	Pvalue	319	A	AAAAA	ok	False
chr11	29692818	29692819	+	0.0274507	Pvalue	600	A	TAAAA	ok	False
chr11	69558022	69558023	-	0.00226688	Pvalue	1315	T	GGTTA	ok	True
chr11	72342133	72342134	+	0.00165944	Pvalue	682	A	TCATC	ok	False
chr11	97518663	97518664	-	0.00298552	Pvalue	1325	T	CGTCC	ok	False
chr11	100367201	100367202	-	0.012416	Pvalue	480	T	TTTAA	ok	False
chr11	102294515	102294516	-	0.000751896	Pvalue	262	T	GGTGG	ok	False
chr11	121507974	121507975	+	0.0365184	Pvalue	116	A	TAAAT	ok	False
chr12	110657774	110657775	-	2.1538e-15	Pvalue	3299	T	GTTAC	ok	False
chr12	110658774	110658775	-	0.00511233	Pvalue	229	T	TGTCT	ok	True
chr13	73475549	73475550	-	0.000484121	Pvalue	589	T	TCTAC	ok	False
chr13	98446407	98446408	-	0.0257149	Pvalue	630	T	ACTAG	ok	False
chr14	19862077	19862078	-	0.0347117	Pvalue	730	T	CATCT	ok	False
chr14	30295415	30295416	+	0.015009	Pvalue	695	A	GTATT	ok	False
chr14	56934738	56934739	+	0.019475	Pvalue	93	A	TAAAA	ok	False
chr14	62609810	62609811	+	0.0285622	Pvalue	111	A	AAAAA	ok	False
chr15	25363582	25363583	-	0.0241835	Pvalue	76	T	TTTCC	ok	False
chr15	35932221	35932222	-	2.43819e-18	Pvalue	908	T	CTTTG	ok	False
chr15	36596294	36596295	-	0.0023852	Pvalue	244	T	GATAT	ok	False
chr15	79556900	79556901	+	1.12619e-09	Pvalue	319	A	CCAGG	ok	False
chr15	81249445	81249446	-	2.48916e-06	Pvalue	282	T	TGTAA	ok	False
chr15	82118302	82118303	-	0.00153771	Pvalue	223	T	TTTTT	ok	False
chr15	81572492	81572493	+	0.0141182	Pvalue	157	A	AAAAA	ok	False
chr15	79962193	79962194	-	1.31738e-08	Pvalue	1566	T	AATGC	ok	False
chr16	22064723	22064724	-	0.00102531	Pvalue	300	T	ATTTA	ok	False
chr16	55787485	55787486	+	0.0309219	Pvalue	1161	A	AGATA	ok	False
chr16	91722120	91722121	-	0.0154605	Pvalue	967	T	ATTTT	ok	False
chr17	13143176	13143177	+	0.00855324	Pvalue	847	A	CCACG	ok	False
chr16	87282555	87282556	-	0.00381175	Pvalue	480	T	TTTCT	ok	False
chr17	28547848	28547849	+	0.0330938	Pvalue	58	A	GCAAG	ok	False
chr17	24940223	24940224	+	1.89144e-08	Pvalue	925	A	ATAGA	ok	False
chr17	34171043	34171044	-	0.0374655	Pvalue	2273	T	GTTCG	ok	False
chr17	35821000	35821001	+	0.0200195	Pvalue	199	A	TCACT	ok	False
chr17	45879285	45879286	-	1.71168e-07	Pvalue	1777	T	TGTCT	ok	True
chr18	10627866	10627867	+	0.0479704	Pvalue	490	A	CGATA	ok	False
chr18	35036504	35036505	-	0.0303648	Pvalue	44	T	GGTCT	ok	True
chr18	56720557	56720558	+	0.0214527	Pvalue	102	A	TAAAA	ok	False
chr18	35387500	35387501	+	6.14029e-05	Pvalue	188	A	GGACT	ok	True
chr18	56885890	56885891	+	0.0410544	Pvalue	28	A	GAAAT	ok	False
chr19	6109515	6109516	+	0.000777915	Pvalue	516	A	CCACC	ok	False
chr19	9962028	9962029	+	0.00220944	Pvalue	393	A	CTACT	ok	False
chr19	8955341	8955342	+	0.00908561	Pvalue	2175	A	GTATA	ok	False
chr19	10607178	10607179	+	0.0125479	Pvalue	701	A	TAAGA	ok	False
chrx	20483299	20483300	-	0.0303763	Pvalue	85	T	CCTTC	ok	False
chrx	13160027	13160028	+	0.0182468	Pvalue	284	A	GCATT	ok	False
chrx	105247125	105247126	+	0.00448088	Pvalue	297	A	ATATT	ok	False
chrx	101230087	101230088	-	1.75039e-07	Pvalue	1500	T	GGTAC	ok	False
chr1	58503403	58503404	-	0.0312068	Pvalue	21	T	TATTC	ok	False
chr1	72891446	72891447	+	5.65947e-06	Pvalue	429	A	ACACT	ok	False
chr1	80244823	80244824	-	0.00221982	Pvalue	43	T	AGTCC	ok	True
chr1	93728601	93728602	-	0.0476471	Pvalue	108	T	AATTC	ok	False
chr2	24864354	24864355	-	1.06867e-05	Pvalue	47	T	TGTCC	ok	True
chr2	25112470	25112471	-	0.00238694	Pvalue	1109	T	AGTGT	ok	False
chr1	182104188	182104189	-	0.0383693	Pvalue	29	T	GATCT	ok	False
chr2	38478256	38478257	-	0.000187379	Pvalue	447	T	GGTGA	ok	False
chr2	121268118	121268119	+	0.00458882	Pvalue	268	A	AAACC	ok	True
chr2	154714570	154714571	-	0.000567973	Pvalue	734	T	GGTAC	ok	False
chr3	87823006	87823007	+	0.000861157	Pvalue	282	A	GAAAA	ok	False
chr3	95569031	95569032	+	0.0014811	Pvalue	213	A	ATAGA	ok	False
chr3	94792045	94792046	-	8.9945e-14	Pvalue	858	T	CTTTT	ok	False
chr3	137572245	137572246	+	8.84826e-05	Pvalue	290	A	ATATT	ok	False
chr4	46472200	46472201	+	0.00160321	Pvalue	358	A	GGACT	ok	True
chr4	129411288	129411289	-	0.0482703	Pvalue	9	T	TGTCA	ok	True
chr4	139076327	139076328	-	0.0139459	Pvalue	21	T	GTTGT	ok	False
chr5	45669685	45669686	+	0.00642664	Pvalue	78	A	AAATG	ok	False
chr5	108051597	108051598	+	0.0021441	Pvalue	241	A	ACAAT	ok	False
chr5	129100047	129100048	+	0.000162502	Pvalue	1703	A	ACATA	ok	False
chr5	146772423	146772424	+	0.0108942	Pvalue	748	A	GCACT	ok	False
chr6	67261073	67261074	+	0.0343217	Pvalue	556	A	TCACA	ok	False
chr6	100844829	100844830	+	0.00535949	Pvalue	40	A	TAAAT	ok	False
chr6	85445178	85445179	+	2.79013e-05	Pvalue	1320	A	AGACT	ok	True
chr7	16483074	16483075	+	0.0495597	Pvalue	743	A	ACAGG	ok	False
chr6	137727662	137727663	+	0.00081115	Pvalue	105	A	AGACA	ok	True
chr7	12660607	12660608	+	1.61589e-06	Pvalue	4315	A	CAACT	ok	False
chr7	45111204	45111205	-	0.020185	Pvalue	156	T	AATGC	ok	False
chr7	46504871	46504872	+	0.00935637	Pvalue	1284	A	ATAAC	ok	False
chr7	120250504	120250505	+	0.0315859	Pvalue	15	A	GTACT	ok	False
chr7	125969243	125969244	-	0.000859587	Pvalue	126	T	GATTA	ok	False
chr8	71822235	71822236	+	0.00929659	Pvalue	212	A	AGATT	ok	False
chr8	85698267	85698268	+	0.0499143	Pvalue	364	A	AGACG	ok	False
chr8	112721539	112721540	-	0.000275275	Pvalue	438	T	AATGC	ok	False
chr9	66854154	66854155	+	0.0475019	Pvalue	76	A	AGAAA	ok	False
chr9	64085676	64085677	+	5.18092e-26	Pvalue	3317	A	GAAAC	ok	False
chr9	110769041	110769042	-	1.91239e-19	Pvalue	192	T	CGTAA	ok	False
chr9	78385816	78385817	-	1.68998e-63	Pvalue	12352	T	TTTTG	ok	False
chr10	80476041	80476042	+	0.00258166	Pvalue	26	A	GGACT	ok	True
chr10	126902094	126902095	+	0.0108903	Pvalue	330	A	GCAGC	ok	False
chr10	128198272	128198273	+	0.00685793	Pvalue	164	A	GTAAC	ok	False
chr11	31615308	31615309	-	0.0189281	Pvalue	135	T	GCTTT	ok	False
chr11	29497223	29497224	-	6.52972e-05	Pvalue	415	T	CTTGG	ok	False
chr11	22953296	22953297	+	0.000117216	Pvalue	1633	A	AAACA	ok	True
chr11	55390543	55390544	+	0.000869318	Pvalue	67	A	GAATG	ok	False
chr11	69807667	69807668	-	0.0134525	Pvalue	1562	T	CGTGT	ok	False
chr11	101169045	101169046	-	1.21113e-11	Pvalue	151	T	AGTCT	ok	True
chr11	115306686	115306687	-	0.024522	Pvalue	575	T	TATGT	ok	False
chr11	107388601	107388602	+	4.23665e-05	Pvalue	206	A	TAAAA	ok	False
chr12	13269465	13269466	-	0.0253833	Pvalue	189	T	CTTTA	ok	False
chr13	47238399	47238400	-	4.86055e-05	Pvalue	192	T	AATCT	ok	False
chr14	4201862	4201863	+	0.00106759	Pvalue	236	A	TTAAA	ok	False
chr14	36843608	36843609	-	0.0317659	Pvalue	9	T	TTTGG	ok	False
chr14	74987094	74987095	+	0.0246665	Pvalue	114	A	TCATA	ok	False
chr15	35937392	35937393	-	0.00907716	Pvalue	614	T	TTTGG	ok	False
chr15	36596056	36596057	-	2.07767e-05	Pvalue	918	T	ATTTT	ok	False
chr15	98847735	98847736	-	0.0398399	Pvalue	486	T	ATTTT	ok	False
chr15	98829883	98829884	-	0.00128035	Pvalue	655	T	TGTAT	ok	False
chr15	102189910	102189911	+	0.0226262	Pvalue	111	A	TCACC	ok	False
chr17	15742189	15742190	-	0.0468006	Pvalue	62	T	AATAT	ok	False
chr16	87282534	87282535	-	3.46347e-13	Pvalue	486	T	CATTG	ok	False
chr17	36146052	36146053	-	1.35609e-23	Pvalue	1944	T	CGTAA	ok	False
chr17	88298280	88298281	+	7.61233e-08	Pvalue	361	A	AGACA	ok	True
chr18	75135762	75135763	+	0.000889619	Pvalue	700	A	ACACA	ok	False
chr19	32443523	32443524	-	0.0122749	Pvalue	1537	T	ACTCA	ok	False
chr19	42112010	42112011	-	0.0343363	Pvalue	235	T	AATTA	ok	False
chrx	13069950	13069951	+	3.02798e-13	Pvalue	1677	A	AGACC	ok	True
chrx	135040804	135040805	+	8.44488e-15	Pvalue	113	A	AAATA	ok	False
chrx	154080432	154080433	+	0.0253863	Pvalue	70	A	GAAAA	ok	False
chr1	135229532	135229533	-	0.000180595	Pvalue	194	T	TGTCT	ok	True
chr4	129409737	129409738	+	0.00517797	Pvalue	377	A	ACATT	ok	False
chr4	135777591	135777592	-	0.00206524	Pvalue	558	T	CCTTC	ok	False
chr5	35250503	35250504	-	1.74167e-10	Pvalue	363	T	AGTCC	ok	True
chr5	145118509	145118510	+	0.0213408	Pvalue	54	A	GGAGC	ok	False
chr5	129910023	129910024	-	0.0121536	Pvalue	1290	T	TTTTA	ok	False
chr6	87820121	87820122	-	0.0362452	Pvalue	224	T	AATTT	ok	False
chr6	131341843	131341844	-	0.000629935	Pvalue	671	T	TTTTT	ok	False
chr7	45370234	45370235	+	0.00748712	Pvalue	483	A	ATAAA	ok	False
chr7	59632893	59632894	-	0.0122042	Pvalue	174	T	GTTAA	ok	False
chr7	103883876	103883877	+	0.00860581	Pvalue	64	A	GCAAC	ok	False
chr7	102118017	102118018	+	0.00543151	Pvalue	154	A	AGATT	ok	False
chr9	64085013	64085014	+	3.21319e-05	Pvalue	1482	A	GCACA	ok	False
chr9	120789556	120789557	+	0.0278441	Pvalue	262	A	TAAAC	ok	False
chr10	75695191	75695192	-	1.48593e-06	Pvalue	1550	T	TCTCT	ok	False
chr10	79547597	79547598	+	0.0134053	Pvalue	488	A	AAATG	ok	False
chr10	86527537	86527538	-	0.0487824	Pvalue	470	T	TCTTC	ok	False
chr10	128384017	128384018	-	0.00115625	Pvalue	5941	T	TGTAC	ok	False
chr11	6369568	6369569	+	0.00907837	Pvalue	539	A	AGACC	ok	True
chr11	29495886	29495887	-	0.0202943	Pvalue	523	T	TGTCT	ok	True
chr11	54760741	54760742	+	0.0405947	Pvalue	199	A	ATATC	ok	False
chr11	33102580	33102581	-	2.95827e-11	Pvalue	3394	T	TATTA	ok	False
chr11	69558122	69558123	-	2.28055e-09	Pvalue	1737	T	TTTTT	ok	False
chr11	78073628	78073629	-	8.70899e-12	Pvalue	467	T	ACTTG	ok	False
chr11	97052643	97052644	-	0.0012798	Pvalue	275	T	TTTTC	ok	False
chr11	120236847	120236848	-	9.27701e-06	Pvalue	1846	T	TGTTG	ok	False
chr12	75678025	75678026	-	0.0269693	Pvalue	1886	T	GATGT	ok	False
chr12	110657569	110657570	-	2.18559e-13	Pvalue	5181	T	TGTTC	ok	True
chr13	98446708	98446709	-	0.00298574	Pvalue	626	T	GATCT	ok	False
chr13	91072803	91072804	+	0.000394336	Pvalue	255	A	AAATT	ok	False
chr14	4199410	4199411	+	0.0167753	Pvalue	46	A	CTAAG	ok	False
chr14	21895516	21895517	+	0.000896288	Pvalue	216	A	ACATT	ok	False
chr15	36176981	36176982	+	1.3918e-07	Pvalue	40	A	TAATG	ok	False
chr15	75942120	75942121	-	0.00962151	Pvalue	254	T	CTTTA	ok	False
chr15	76790492	76790493	+	1.28604e-27	Pvalue	8002	A	TAATA	ok	False
chr15	98848419	98848420	-	0.000312389	Pvalue	65	T	GCTCG	ok	False
chr15	98829640	98829641	-	1.08748e-17	Pvalue	2089	T	TGTGA	ok	False
chr16	33777283	33777284	-	0.00576684	Pvalue	391	T	TGTAC	ok	False
chr17	7005932	7005933	-	0.00707057	Pvalue	110	T	TGTAC	ok	False
chr17	24940176	24940177	+	1.51986e-11	Pvalue	801	A	GCATT	ok	False
chr17	35335192	35335193	-	0.0484944	Pvalue	352	T	ATTTC	ok	False
chr17	45703121	45703122	-	0.010997	Pvalue	192	T	TGTGC	ok	False
chr18	67535613	67535614	+	0.0235399	Pvalue	152	A	GGAAC	ok	False
chr18	73903255	73903256	-	0.00821939	Pvalue	27	T	TTTTT	ok	False
chr19	37246271	37246272	-	0.00140696	Pvalue	76	T	AGTAC	ok	False
chrx	101228577	101228578	-	1.34494e-15	Pvalue	3170	T	TGTAT	ok	False
chr1	58503431	58503432	-	0.0458731	Pvalue	19	T	TATTC	ok	False
chr1	86280030	86280031	-	0.0174279	Pvalue	367	T	TATAA	ok	False
chr1	133531723	133531724	-	6.18489e-06	Pvalue	498	T	GGTCT	ok	True
chr2	25112645	25112646	-	0.000364152	Pvalue	570	T	GCTGT	ok	False
chr2	32597479	32597480	-	0.000142103	Pvalue	325	T	ATTTA	ok	False
chr2	34666449	34666450	+	0.0155496	Pvalue	392	A	CCAAT	ok	False
chr2	121268425	121268426	+	8.14808e-07	Pvalue	384	A	GTACA	ok	False
chr2	173068633	173068634	-	0.0061599	Pvalue	82	T	TTTTC	ok	False
chr3	87822973	87822974	+	0.0161131	Pvalue	231	A	CCATT	ok	False
chr3	95568154	95568155	+	8.83886e-07	Pvalue	42	A	GGACT	ok	True
chr3	130520550	130520551	-	0.0475107	Pvalue	833	T	TGTGC	ok	False
chr4	42980155	42980156	-	3.70279e-16	Pvalue	149	T	GGTAA	ok	False
chr4	128905056	128905057	+	0.000684713	Pvalue	183	A	AGATA	ok	False
chr4	117011537	117011538	-	1.93788e-08	Pvalue	2272	T	GCTGA	ok	False
chr5	28283390	28283391	+	0.0386843	Pvalue	55	A	ATACA	ok	False
chr5	36952446	36952447	-	0.000338295	Pvalue	638	T	GGTAT	ok	False
chr5	65547794	65547795	-	4.34089e-06	Pvalue	751	T	CCTTT	ok	False
chr5	129874805	129874806	+	1.71506e-07	Pvalue	220	A	TTATT	ok	False
chr6	67249862	67249863	+	0.0138352	Pvalue	144	A	TCAAA	ok	False
chr6	82624894	82624895	-	0.0247101	Pvalue	104	T	GGTAA	ok	False
chr6	85445222	85445223	+	0.00637357	Pvalue	1352	A	TCAGC	ok	False
chr6	117902380	117902381	+	5.41493e-06	Pvalue	545	A	TAAAA	ok	False
chr7	12659471	12659472	+	6.76994e-08	Pvalue	2653	A	TCATG	ok	False
chr7	27876645	27876646	+	0.0239062	Pvalue	62	A	ACATT	ok	False
chr7	44775233	44775234	-	0.00146584	Pvalue	299	T	GGTGG	ok	False
chr7	46472583	46472584	+	0.0303235	Pvalue	18	A	GTATG	ok	False
chr7	130134326	130134327	-	0.000636756	Pvalue	222	T	TTTTA	ok	False
chr7	140982202	140982203	+	7.61454e-05	Pvalue	1084	A	AAATT	ok	False
chr8	43748435	43748436	-	6.17837e-05	Pvalue	75	T	ACTGC	ok	False
chr8	46660605	46660606	-	1.94178e-09	Pvalue	523	T	CATCT	ok	False
chr8	85987597	85987598	-	0.0155326	Pvalue	8	T	AGTGA	ok	False
chr9	44824685	44824686	-	0.0185361	Pvalue	186	T	AATGC	ok	False
chr9	64083457	64083458	+	0.0186009	Pvalue	222	A	TCAGC	ok	False
chr10	41406946	41406947	+	0.00261253	Pvalue	103	A	GGACT	ok	True
chr9	78385772	78385773	-	6.53352e-14	Pvalue	12232	T	TGTGA	ok	False
chr10	69174154	69174155	-	0.00158879	Pvalue	207	T	ATTTA	ok	False
chr10	80129675	80129676	+	1.93951e-06	Pvalue	7614	A	GTACA	ok	False
chr10	81018067	81018068	+	3.21654e-05	Pvalue	1576	A	AGATA	ok	False
chr10	128748375	128748376	+	0.0148348	Pvalue	411	A	GCATT	ok	False
chr11	6368270	6368271	+	0.000815149	Pvalue	148	A	TAAGG	ok	False
chr11	29495872	29495873	-	0.000337807	Pvalue	515	T	CATAC	ok	False
chr11	53152415	53152416	-	1.0815e-05	Pvalue	641	T	GTTTT	ok	False
chr11	68795323	68795324	+	1.31508e-06	Pvalue	3729	A	ACATC	ok	False
chr11	73067503	73067504	-	0.0378466	Pvalue	44	T	CTTCC	ok	False
chr11	70417443	70417444	+	0.00239953	Pvalue	809	A	AGAAG	ok	False
chr11	97053051	97053052	-	0.0489146	Pvalue	108	T	GGTAC	ok	False
chr11	107382750	107382751	+	0.0328639	Pvalue	5	A	ACACA	ok	False
chr12	17601040	17601041	+	4.62998e-06	Pvalue	352	A	TTATG	ok	False
chr13	3615755	3615756	+	0.0366102	Pvalue	943	A	CGATG	ok	False
chr12	110657481	110657482	-	3.92421e-05	Pvalue	3954	T	TATTT	ok	False
chr15	35932220	35932221	-	7.66482e-29	Pvalue	748	T	TCTTT	ok	False
chr15	77847388	77847389	-	0.0332651	Pvalue	14	T	AGTTG	ok	False
chr15	103153298	103153299	+	0.0396294	Pvalue	217	A	ATAAC	ok	False
chr16	31766830	31766831	-	1.41334e-07	Pvalue	140	T	TGTCC	ok	True
chr16	56973005	56973006	+	0.00414759	Pvalue	72	A	GAAAT	ok	False
chr17	13143184	13143185	+	0.00133353	Pvalue	901	A	CAACA	ok	False
chr17	27853448	27853449	-	8.91463e-06	Pvalue	782	T	CATCT	ok	False
chr17	45879885	45879886	-	0.00201606	Pvalue	478	T	GGTAG	ok	False
chr18	60910921	60910922	+	0.00144695	Pvalue	3757	A	TCAGA	ok	False
chr18	35070932	35070933	-	3.80867e-06	Pvalue	395	T	GTTGT	ok	False
chr19	8955454	8955455	+	3.24427e-09	Pvalue	2298	A	AGATC	ok	False
chrx	100492132	100492133	+	0.00268198	Pvalue	352	A	AAAGT	ok	False
chr1	4846741	4846742	-	8.85921e-05	Pvalue	701	T	TATCT	ok	False
chr1	59678618	59678619	-	0.00141999	Pvalue	212	T	TTTTA	ok	False
chr1	72891440	72891441	+	4.70407e-05	Pvalue	452	A	AGACC	ok	True
chr1	86279956	86279957	-	0.00256653	Pvalue	686	T	ATTGT	ok	False
chr1	177591767	177591768	-	0.0444066	Pvalue	32	T	TTTTC	ok	False
chr2	91760269	91760270	-	0.0109225	Pvalue	395	T	CTTGT	ok	False
chr2	121268274	121268275	+	1.68934e-07	Pvalue	437	A	TAAAT	ok	False
chr2	163466836	163466837	-	0.0178894	Pvalue	76	T	TGTAT	ok	False
chr3	65287122	65287123	-	0.0173677	Pvalue	104	T	CTTTT	ok	False
chr3	122719372	122719373	+	0.0171752	Pvalue	256	A	GAAAT	ok	False
chr3	137572469	137572470	+	1.96363e-07	Pvalue	534	A	TAAAA	ok	False
chr4	40936471	40936472	-	0.00460938	Pvalue	304	T	AATTG	ok	False
chr4	117016841	117016842	-	0.0339068	Pvalue	103	T	TTTTC	ok	False
chr5	33184929	33184930	+	0.00113154	Pvalue	102	A	AAAAA	ok	False
chr5	45669895	45669896	+	0.0201987	Pvalue	122	A	GAAAA	ok	False
chr5	129099969	129099970	+	5.63384e-17	Pvalue	1394	A	TTATT	ok	False
chr5	139345730	139345731	-	0.0429471	Pvalue	46	T	GTTTC	ok	False
chr5	146772739	146772740	+	0.0174396	Pvalue	795	A	CCATT	ok	False
chr5	135812205	135812206	+	0.0393124	Pvalue	19	A	CAACC	ok	False
chr6	88474394	88474395	+	0.0347178	Pvalue	236	A	AGACG	ok	False
chr6	124693865	124693866	+	0.00054514	Pvalue	1069	A	CCACC	ok	False
chr6	122691434	122691435	+	0.00024462	Pvalue	588	A	AAAAG	ok	False
chr7	18990880	18990881	-	0.0188983	Pvalue	75	T	TATTC	ok	False
chr7	30325476	30325477	-	0.0206727	Pvalue	188	T	CCTAA	ok	False
chr7	46504938	46504939	+	6.05949e-10	Pvalue	1275	A	ATATA	ok	False
chr7	45107390	45107391	-	1.19912e-20	Pvalue	7273	T	TTTTA	ok	False
chr7	130134343	130134344	-	0.00368275	Pvalue	223	T	CTTCA	ok	False
chr7	117708377	117708378	-	3.49859e-06	Pvalue	785	T	CATGG	ok	False
chr8	31649800	31649801	-	0.00623891	Pvalue	167	T	CCTCC	ok	False
chr8	73466062	73466063	+	0.00620333	Pvalue	327	A	ACAAC	ok	False
chr8	94900054	94900055	+	3.8607e-05	Pvalue	1159	A	TGAAG	ok	False
chr8	85561087	85561088	+	0.0160536	Pvalue	467	A	ACAAC	ok	False
chr8	112679206	112679207	+	0.0105846	Pvalue	302	A	ATACA	ok	False
chr9	26917688	26917689	+	0.000191908	Pvalue	112	A	AAAAG	ok	False
chr9	40716270	40716271	+	1.22512e-12	Pvalue	5287	A	GGAGA	ok	False
chr9	106361689	106361690	+	0.00624981	Pvalue	103	A	GCAGC	ok	False
chr9	120789536	120789537	+	0.0112995	Pvalue	254	A	TTATA	ok	False
chr10	80543028	80543029	-	0.00886965	Pvalue	124	T	GTTAG	ok	False
chr10	94056710	94056711	+	0.000357938	Pvalue	360	A	ACACC	ok	False
chr11	33111203	33111204	-	0.0475982	Pvalue	111	T	TTTTG	ok	False
chr11	53152581	53152582	-	0.00373256	Pvalue	656	T	CTTTG	ok	False
chr11	78181387	78181388	+	0.0222145	Pvalue	112	A	GAAAA	ok	False
chr11	120849552	120849553	+	0.0106103	Pvalue	107	A	TCACC	ok	False
chr12	105007100	105007101	+	0.00988513	Pvalue	139	A	TAAAT	ok	False
chr12	111635854	111635855	-	1.97671e-06	Pvalue	2340	T	AATAA	ok	False
chr13	25026061	25026062	+	0.0129292	Pvalue	84	A	AAAGA	ok	False
chr14	19862126	19862127	-	0.0150959	Pvalue	608	T	GGTGA	ok	False
chr14	47045859	47045860	-	0.00136123	Pvalue	85	T	TCTCA	ok	False
chr14	20441341	20441342	-	0.0414474	Pvalue	247	T	TATGC	ok	False
chr14	76084732	76084733	+	0.0021248	Pvalue	465	A	GGACT	ok	True
chr15	43115688	43115689	-	5.53762e-06	Pvalue	208	T	GTTTG	ok	False
chr15	77843308	77843309	-	3.22017e-06	Pvalue	697	T	ATTTA	ok	False
chr15	102005478	102005479	+	0.028532	Pvalue	362	A	AAAAA	ok	False
chr16	91722161	91722162	-	0.00300598	Pvalue	972	T	AGTCT	ok	True
chr16	48447391	48447392	+	0.00312619	Pvalue	269	A	GAACT	ok	True
chr18	56886135	56886136	+	0.013415	Pvalue	53	A	TAAAA	ok	False
chr19	8893810	8893811	+	0.0296447	Pvalue	205	A	TGAAT	ok	False
chrx	101229196	101229197	-	9.1906e-08	Pvalue	4318	T	GATGT	ok	False
chr1	55118222	55118223	-	0.00313004	Pvalue	210	T	TCTGG	ok	False
chr1	71624687	71624688	-	0.0224926	Pvalue	448	T	TGTAA	ok	False
chr2	90691785	90691786	+	0.000917687	Pvalue	127	A	ACAAC	ok	False
chr2	154714441	154714442	-	0.00974212	Pvalue	706	T	TTTCT	ok	False
chr3	87823412	87823413	+	0.00591151	Pvalue	735	A	GAAAA	ok	False
chr3	103085938	103085939	+	0.000376739	Pvalue	296	A	ACATG	ok	False
chr3	121251768	121251769	+	0.000505184	Pvalue	221	A	TCAAC	ok	False
chr3	137572533	137572534	+	8.91241e-10	Pvalue	644	A	AGACA	ok	True
chr4	46472253	46472254	+	0.00817628	Pvalue	512	A	CCAGG	ok	False
chr4	129485791	129485792	-	0.00635761	Pvalue	539	T	TCTCA	ok	False
chr4	137048146	137048147	-	0.0101012	Pvalue	21	T	TTTTT	ok	False
chr5	33530236	33530237	+	0.03769	Pvalue	43	A	CCAAA	ok	False
chr5	93330033	93330034	-	0.0257297	Pvalue	71	T	GATTA	ok	False
chr5	115436817	115436818	-	0.0377463	Pvalue	388	T	GTTTC	ok	False
chr5	125463325	125463326	-	0.0335973	Pvalue	471	T	TGTAG	ok	False
chr5	129100181	129100182	+	0.0140809	Pvalue	1734	A	CCATT	ok	False
chr5	129100011	129100012	+	1.87534e-18	Pvalue	1705	A	GGAGA	ok	False
chr5	134649036	134649037	-	0.0493155	Pvalue	373	T	GTTCT	ok	False
chr6	34280882	34280883	-	0.0159362	Pvalue	246	T	GTTTT	ok	False
chr6	145165210	145165211	-	0.0209523	Pvalue	102	T	TTTTT	ok	False
chr7	13045318	13045319	+	0.0307015	Pvalue	513	A	TTATT	ok	False
chr7	45370225	45370226	+	0.00673242	Pvalue	2318	A	TAACT	ok	True
chr7	46504985	46504986	+	0.0444386	Pvalue	1299	A	TAAGA	ok	False
chr7	108540893	108540894	+	0.0142879	Pvalue	1351	A	AAATG	ok	False
chr7	130134359	130134360	-	6.53469e-05	Pvalue	223	T	ATTTA	ok	False
chr7	140535598	140535599	-	0.0232521	Pvalue	232	T	CATAG	ok	False
chr7	139685836	139685837	-	0.031117	Pvalue	45	T	TGTGA	ok	False
chr8	120684121	120684122	+	0.0148263	Pvalue	267	A	TCACA	ok	False
chr9	50507920	50507921	-	0.0147334	Pvalue	95	T	TCTCC	ok	False
chr9	40715923	40715924	+	1.2518e-17	Pvalue	3910	A	CAATG	ok	False
chr9	57412105	57412106	+	0.0254676	Pvalue	16	A	GGACA	ok	True
chr9	66854159	66854160	+	0.00120497	Pvalue	292	A	AAACA	ok	True
chr9	64085042	64085043	+	1.78071e-09	Pvalue	1821	A	GAATC	ok	False
chr10	29574835	29574836	-	0.00336878	Pvalue	2773	T	GATGT	ok	False
chr10	88582541	88582542	-	0.0138493	Pvalue	63	T	AGTTT	ok	True
chr11	55391553	55391554	+	1.83249e-05	Pvalue	418	A	GGACT	ok	True
chr11	75656401	75656402	+	0.000432261	Pvalue	722	A	CCAAA	ok	False
chr11	97519664	97519665	-	0.0478678	Pvalue	8	T	AGTCC	ok	True
chr11	97518225	97518226	-	0.00611068	Pvalue	2154	T	GATTT	ok	False
chr11	100212268	100212269	+	0.00260429	Pvalue	783	A	TAAAA	ok	False
chr11	106672453	106672454	-	0.000667132	Pvalue	329	T	TGTGA	ok	False
chr11	120236644	120236645	-	0.00126175	Pvalue	2308	T	ATTAA	ok	False
chr11	116329840	116329841	+	0.0376317	Pvalue	382	A	TTAGA	ok	False
chr12	66330339	66330340	-	0.000549441	Pvalue	151	T	TATAA	ok	False
chr12	75678021	75678022	-	0.0182814	Pvalue	2103	T	TCTTG	ok	False
chr12	28681665	28681666	-	3.20217e-05	Pvalue	244	T	CTTTT	ok	False
chr13	14799818	14799819	+	0.000179421	Pvalue	495	A	CCATT	ok	False
chr14	19867209	19867210	-	0.0233721	Pvalue	47	T	CTTTT	ok	False
chr14	24542124	24542125	+	2.73735e-05	Pvalue	6681	A	GCATG	ok	False
chr14	21895714	21895715	+	0.0198761	Pvalue	115	A	TTACT	ok	False
chr14	121184574	121184575	+	0.00172245	Pvalue	528	A	AGACT	ok	True
chr15	76790078	76790079	+	3.99029e-19	Pvalue	4587	A	GAATT	ok	False
chr15	79962584	79962585	-	2.59533e-06	Pvalue	1400	T	CATGA	ok	False
chr16	45973960	45973961	-	0.0289929	Pvalue	65	T	GCTGT	ok	False
chr17	24690569	24690570	+	0.0244377	Pvalue	249	A	TAAAA	ok	False
chr17	25403971	25403972	+	0.00191788	Pvalue	24	A	GGACC	ok	True
chr17	28549571	28549572	+	0.00051784	Pvalue	168	A	CTAAA	ok	False
chr17	45703189	45703190	-	0.00212011	Pvalue	176	T	CTTTC	ok	False
chr18	84895954	84895955	+	0.0189174	Pvalue	19	A	ATACT	ok	False
chr19	5543641	5543642	+	0.00131061	Pvalue	909	A	CTATC	ok	False
chr19	9962192	9962193	+	0.00748717	Pvalue	649	A	CCATT	ok	False
chr19	8955538	8955539	+	0.0203608	Pvalue	2095	A	GAACA	ok	True
chrx	100492045	100492046	+	0.037914	Pvalue	351	A	GTAGC	ok	False
chrx	154109606	154109607	-	0.0135532	Pvalue	203	T	GTTTC	ok	False
chr1	63218694	63218695	+	0.00511006	Pvalue	2067	A	GGATA	ok	False
chr1	118612879	118612880	+	0.0304332	Pvalue	234	A	AAACC	ok	True
chr1	157247785	157247786	+	0.021753	Pvalue	275	A	TAATA	ok	False
chr2	27426179	27426180	+	0.000654129	Pvalue	92	A	AAAAG	ok	False
chr2	71271535	71271536	+	0.010465	Pvalue	231	A	AGATG	ok	False
chr2	130013844	130013845	-	0.0240481	Pvalue	245	T	TGTGT	ok	False
chr2	155662026	155662027	-	0.0037679	Pvalue	272	T	TGTGA	ok	False
chr2	166788143	166788144	+	0.0136432	Pvalue	127	A	TTAAA	ok	False
chr3	121251537	121251538	+	0.00986376	Pvalue	499	A	ACACG	ok	False
chr4	42980334	42980335	-	3.27361e-05	Pvalue	458	T	ACTTT	ok	False
chr4	118290311	118290312	-	0.0449157	Pvalue	211	T	TGTAA	ok	False
chr4	148679006	148679007	+	5.61136e-08	Pvalue	383	A	ACAGC	ok	False
chr4	140448423	140448424	+	0.00575792	Pvalue	363	A	CTATT	ok	False
chr5	65546924	65546925	-	1.39814e-08	Pvalue	912	T	CGTAC	ok	False
chr5	129100011	129100012	+	1.09441e-07	Pvalue	1705	A	GGAGA	ok	False
chr5	115699231	115699232	+	5.93045e-81	Pvalue	1022	A	GGACC	ok	True
chr5	116546575	116546576	-	0.0310805	Pvalue	148	T	TATCA	ok	False
chr6	51439896	51439897	-	0.0112922	Pvalue	905	T	GTTTC	ok	False
chr6	86501713	86501714	-	1.82434e-13	Pvalue	381	T	AGTGT	ok	False
chr6	85445304	85445305	+	0.0314652	Pvalue	1342	A	TGAGA	ok	False
chr6	122704957	122704958	-	4.00299e-15	Pvalue	668	T	AGTTT	ok	True
chr7	45368719	45368720	+	0.00517797	Pvalue	494	A	CAAGG	ok	False
chr7	46504582	46504583	+	5.2333e-35	Pvalue	417	A	CTAGC	ok	False
chr7	110671475	110671476	-	1.2163e-07	Pvalue	301	T	TTTTC	ok	False
chr8	70346852	70346853	-	0.0242472	Pvalue	502	T	TATGT	ok	False
chr8	86265355	86265356	-	0.0404819	Pvalue	165	T	TTTTT	ok	False
chr8	87774781	87774782	+	8.01654e-24	Pvalue	3585	A	ACAGC	ok	False
chr9	40715565	40715566	+	4.30723e-05	Pvalue	1466	A	TTACT	ok	False
chr9	44247051	44247052	+	3.03474e-05	Pvalue	297	A	AAAAA	ok	False
chr9	79663587	79663588	-	4.53867e-25	Pvalue	296	T	TGTAG	ok	False
chr9	57412110	57412111	+	0.0192194	Pvalue	17	A	GGACC	ok	True
chr9	78274349	78274350	-	3.53719e-15	Pvalue	3377	T	ATTTT	ok	False
chr9	64084686	64084687	+	1.15229e-08	Pvalue	918	A	GGAGA	ok	False
chr9	110769309	110769310	-	8.14719e-05	Pvalue	29	T	TCTCT	ok	False
chr9	78386603	78386604	-	1.12657e-11	Pvalue	2215	T	GCTGT	ok	False
chr10	79803458	79803459	+	0.00268744	Pvalue	363	A	AAACA	ok	True
chr10	81018315	81018316	+	0.00246176	Pvalue	2109	A	CTACA	ok	False
chr11	4651996	4651997	-	0.00196317	Pvalue	1716	T	TTTGC	ok	False
chr11	11750502	11750503	-	0.0219783	Pvalue	88	T	TATCT	ok	False
chr10	94056649	94056650	+	0.0349083	Pvalue	376	A	AGAGC	ok	False
chr11	29496316	29496317	-	2.34567e-11	Pvalue	524	T	CTTAA	ok	False
chr11	54761210	54761211	+	0.0355376	Pvalue	398	A	AGATA	ok	False
chr11	33110831	33110832	-	0.025289	Pvalue	237	T	ACTAG	ok	False
chr11	69564137	69564138	-	0.0137599	Pvalue	273	T	TATAG	ok	False
chr11	69558318	69558319	-	0.017905	Pvalue	1452	T	GTTGA	ok	False
chr11	98883790	98883791	-	0.000124926	Pvalue	281	T	ATTTA	ok	False
chr12	69205821	69205822	-	3.72525e-07	Pvalue	449	T	GCTGG	ok	False
chr13	24941635	24941636	-	0.0279204	Pvalue	25	T	GTTCT	ok	False
chr13	59782872	59782873	-	0.0189884	Pvalue	87	T	TTTTG	ok	False
chr14	19862150	19862151	-	0.0179741	Pvalue	725	T	GCTCA	ok	False
chr14	51164580	51164581	+	6.3005e-05	Pvalue	392	A	TAAAA	ok	False
chr14	76134984	76134985	-	0.0456649	Pvalue	66	T	CTTCT	ok	False
chr15	25363642	25363643	-	0.00388727	Pvalue	56	T	CGTGA	ok	False
chr15	36596277	36596278	-	0.0341492	Pvalue	225	T	AATTT	ok	False
chr15	85347222	85347223	+	0.044076	Pvalue	139	A	TGAGG	ok	False
chr15	98935153	98935154	+	0.00278361	Pvalue	26	A	AGACA	ok	True
chr16	32877810	32877811	+	0.0139127	Pvalue	140	A	CAAAG	ok	False
chr17	13143220	13143221	+	0.0283189	Pvalue	954	A	TAAAG	ok	False
chr17	31750113	31750114	+	0.0124324	Pvalue	492	A	CAAGA	ok	False
chr17	35821442	35821443	+	0.00772952	Pvalue	658	A	CAAAC	ok	False
chr17	57028066	57028067	+	0.00165621	Pvalue	284	A	TCAAC	ok	False
chr18	12289492	12289493	+	0.000320488	Pvalue	40	A	CGACT	ok	False
chr18	48181259	48181260	+	0.0488042	Pvalue	191	A	CCACC	ok	False
chr18	35070829	35070830	-	2.18995e-05	Pvalue	454	T	TCTCA	ok	False
chr19	8955382	8955383	+	7.3999e-21	Pvalue	2301	A	AGACC	ok	True
chrx	158905408	158905409	-	0.0106729	Pvalue	274	T	GCTTA	ok	False
chr1	120047669	120047670	-	0.0295767	Pvalue	235	T	GATGA	ok	False
chr1	86458144	86458145	+	5.23633e-26	Pvalue	3015	A	CAAAG	ok	False
chr1	170957198	170957199	-	3.86058e-13	Pvalue	55	T	CTTAC	ok	False
chr2	10061605	10061606	-	0.0281625	Pvalue	750	T	ATTTT	ok	False
chr2	27426272	27426273	+	0.0362001	Pvalue	174	A	TCACA	ok	False
chr2	121268208	121268209	+	0.000223531	Pvalue	362	A	AAAAG	ok	False
chr2	156715461	156715462	+	0.0265457	Pvalue	392	A	GAATA	ok	False
chr2	162925492	162925493	+	0.00161045	Pvalue	83	A	TCATC	ok	False
chr3	87964062	87964063	-	0.0144289	Pvalue	121	T	GTTTC	ok	False
chr3	94792298	94792299	-	2.88245e-15	Pvalue	823	T	AGTCT	ok	True
chr3	144303256	144303257	+	0.00289365	Pvalue	130	A	TTAAT	ok	False
chr4	42980341	42980342	-	0.0308525	Pvalue	600	T	TTTTA	ok	False
chr4	128905162	128905163	+	0.0369678	Pvalue	232	A	AAATG	ok	False
chr4	140448579	140448580	+	0.00148191	Pvalue	485	A	CAAGG	ok	False
chr5	21961632	21961633	+	0.0326455	Pvalue	111	A	TAATA	ok	False
chr5	122594405	122594406	-	7.64992e-09	Pvalue	264	T	ATTTA	ok	False
chr6	6041423	6041424	-	0.0210954	Pvalue	104	T	TGTCT	ok	True
chr6	86501684	86501685	-	2.46572e-15	Pvalue	438	T	TTTTT	ok	False
chr6	128407745	128407746	-	0.0141135	Pvalue	595	T	CTTCT	ok	False
chr6	137728056	137728057	+	0.0390318	Pvalue	201	A	TCATA	ok	False
chr7	16061332	16061333	-	0.00986441	Pvalue	45	T	GATGG	ok	False
chr7	45071325	45071326	-	0.0185393	Pvalue	217	T	GTTTT	ok	False
chr7	45107642	45107643	-	1.48251e-12	Pvalue	6349	T	GGTTG	ok	False
chr7	110671474	110671475	-	0.000645956	Pvalue	304	T	TTTTT	ok	False
chr8	57967354	57967355	+	0.00332631	Pvalue	285	A	AGATT	ok	False
chr8	71320971	71320972	-	0.0426976	Pvalue	276	T	GATGA	ok	False
chr8	79232038	79232039	-	0.019435	Pvalue	342	T	AATGA	ok	False
chr8	106251466	106251467	-	0.0194282	Pvalue	69	T	AGTGA	ok	False
chr9	20803377	20803378	+	0.01026	Pvalue	197	A	AGATT	ok	False
chr9	40715826	40715827	+	9.50276e-08	Pvalue	2885	A	AGAAG	ok	False
chr9	103227170	103227171	+	0.00359354	Pvalue	9	A	TAAAA	ok	False
chr10	61501242	61501243	+	0.0447772	Pvalue	13	A	TAAAG	ok	False
chr10	80129708	80129709	+	9.0722e-24	Pvalue	8321	A	CAAAG	ok	False
chr10	81018312	81018313	+	1.16648e-22	Pvalue	1917	A	AAACT	ok	True
chr11	4651995	4651996	-	0.00165074	Pvalue	1735	T	ATTTG	ok	False
chr10	127926125	127926126	+	0.00197638	Pvalue	1447	A	ATAAA	ok	False
chr11	23246211	23246212	+	0.0450147	Pvalue	227	A	TAAAA	ok	False
chr11	29692898	29692899	+	0.00175275	Pvalue	583	A	CAATA	ok	False
chr11	86580800	86580801	+	4.484e-06	Pvalue	122	A	GGACT	ok	True
chr11	97519340	97519341	-	0.000410555	Pvalue	24	T	TGTCC	ok	True
chr11	98586533	98586534	+	0.0330195	Pvalue	287	A	AGACT	ok	True
chr11	115913694	115913695	-	0.0146766	Pvalue	124	T	CATTT	ok	False
chr12	8548434	8548435	-	0.0165074	Pvalue	9	T	AGTCC	ok	True
chr11	120451148	120451149	-	6.60486e-07	Pvalue	525	T	ATTTA	ok	False
chr12	28683791	28683792	-	0.0110711	Pvalue	240	T	TTTCG	ok	False
chr12	110657896	110657897	-	4.14365e-09	Pvalue	1259	T	GTTAA	ok	False
chr13	118516885	118516886	-	0.0169712	Pvalue	134	T	TCTCG	ok	False
chr14	34066021	34066022	+	0.00226812	Pvalue	86	A	ACATG	ok	False
chr15	31592505	31592506	-	0.011232	Pvalue	1014	T	AGTCA	ok	True
chr15	36595923	36595924	-	4.37077e-05	Pvalue	910	T	TATTA	ok	False
chr15	102239717	102239718	+	0.00340461	Pvalue	516	A	GAAAT	ok	False
chr16	4758448	4758449	+	0.0149157	Pvalue	52	A	CTAGC	ok	False
chr16	33777219	33777220	-	0.029252	Pvalue	524	T	AGTAT	ok	False
chr17	13143286	13143287	+	0.00360798	Pvalue	1126	A	AAAAT	ok	False
chr17	29260636	29260637	+	0.0381549	Pvalue	153	A	TAATT	ok	False
chr17	36146013	36146014	-	1.85564e-22	Pvalue	2012	T	CGTAT	ok	False
chr17	83809720	83809721	-	1.69374e-05	Pvalue	181	T	AGTCC	ok	True
chr17	88298313	88298314	+	0.00114167	Pvalue	368	A	AAAAA	ok	False
chr18	60910921	60910922	+	3.4314e-11	Pvalue	3757	A	TCAGA	ok	False
chr18	77870251	77870252	+	8.78116e-11	Pvalue	448	A	GGATT	ok	False
chrx	20548917	20548918	+	0.000309932	Pvalue	549	A	TAAAT	ok	False
chr1	59678913	59678914	-	0.0139825	Pvalue	207	T	AGTAG	ok	False
chr1	72864024	72864025	+	7.14168e-05	Pvalue	20	A	CTATC	ok	False
chr1	152650982	152650983	+	0.0024144	Pvalue	108	A	AGACA	ok	True
chr2	25112662	25112663	-	0.000838908	Pvalue	479	T	CATTA	ok	False
chr2	32852615	32852616	+	0.00362476	Pvalue	311	A	CCAAG	ok	False
chr2	34665862	34665863	+	0.0185249	Pvalue	106	A	CTATG	ok	False
chr2	130121282	130121283	-	0.0345342	Pvalue	146	T	ATTTA	ok	False
chr3	32574796	32574797	+	0.041253	Pvalue	27	A	GGACT	ok	True
chr3	90008182	90008183	+	0.0277457	Pvalue	815	A	GAAAT	ok	False
chr3	121251444	121251445	+	0.000682188	Pvalue	415	A	GTACG	ok	False
chr4	89098165	89098166	+	0.00335313	Pvalue	22	A	TAATC	ok	False
chr4	55390573	55390574	+	2.54121e-14	Pvalue	64	A	TTAAA	ok	False
chr4	117011541	117011542	-	1.50732e-15	Pvalue	2256	T	ATTTT	ok	False
chr4	137469093	137469094	-	9.45731e-13	Pvalue	347	T	TTTAA	ok	False
chr5	77114989	77114990	+	0.000683064	Pvalue	273	A	AAATT	ok	False
chr5	115436625	115436626	-	0.0446328	Pvalue	413	T	TGTAC	ok	False
chr5	117517340	117517341	-	0.00101074	Pvalue	310	T	TGTTG	ok	False
chr5	146771877	146771878	+	0.0452725	Pvalue	299	A	CCAGC	ok	False
chr6	39382495	39382496	-	0.0283597	Pvalue	224	T	CATTT	ok	False
chr6	67261295	67261296	+	5.41084e-06	Pvalue	260	A	TTAAA	ok	False
chr6	117902422	117902423	+	0.0141436	Pvalue	546	A	TGAGA	ok	False
chr6	128407655	128407656	-	0.00973567	Pvalue	596	T	AATTC	ok	False
chr7	12764910	12764911	+	3.54238e-14	Pvalue	1820	A	TCACA	ok	False
chr7	44776435	44776436	-	0.000741168	Pvalue	5465	T	AATGC	ok	False
chr7	46504863	46504864	+	0.00963762	Pvalue	1307	A	TAAGT	ok	False
chr7	114304504	114304505	-	0.0471299	Pvalue	1986	T	CTTTA	ok	False
chr7	110671231	110671232	-	0.0143201	Pvalue	584	T	TATAA	ok	False
chr8	70347013	70347014	-	0.0170422	Pvalue	516	T	CATGA	ok	False
chr8	73075190	73075191	+	5.36718e-09	Pvalue	467	A	GGAGG	ok	False
chr8	85560772	85560773	+	0.0426276	Pvalue	341	A	CCACA	ok	False
chr8	108307604	108307605	-	0.00349456	Pvalue	94	T	CTTTT	ok	False
chr9	50508006	50508007	-	3.49745e-05	Pvalue	56	T	TTTCG	ok	False
chr9	44247087	44247088	+	3.21888e-09	Pvalue	263	A	ATACC	ok	False
chr9	65970309	65970310	+	0.0398217	Pvalue	159	A	TCATC	ok	False
chr9	50255807	50255808	-	0.000667772	Pvalue	929	T	CCTTG	ok	False
chr9	57412662	57412663	+	0.00884872	Pvalue	219	A	ACAAA	ok	False
chr9	108442312	108442313	+	0.00140858	Pvalue	259	A	AAAAT	ok	False
chr9	78387155	78387156	-	0.0415596	Pvalue	198	T	TGTTG	ok	False
chr10	75695601	75695602	-	0.0121355	Pvalue	1347	T	TCTTG	ok	False
chr10	79524159	79524160	+	0.00161683	Pvalue	705	A	CCAAG	ok	False
chr10	79547532	79547533	+	0.0200089	Pvalue	307	A	TTACC	ok	False
chr10	81018237	81018238	+	1.92091e-28	Pvalue	2215	A	GTAAG	ok	False
chr10	127924261	127924262	+	0.036899	Pvalue	210	A	CCACT	ok	False
chr11	6369641	6369642	+	1.81305e-07	Pvalue	555	A	TCAAA	ok	False
chr10	128461083	128461084	-	0.0246693	Pvalue	2575	T	TCTGA	ok	False
chr11	53223838	53223839	+	0.0333368	Pvalue	124	A	AAATC	ok	False
chr11	33102544	33102545	-	9.78187e-12	Pvalue	3512	T	TATAT	ok	False
chr11	69558122	69558123	-	0.000182663	Pvalue	1737	T	TTTTT	ok	False
chr11	78181334	78181335	+	0.00330268	Pvalue	96	A	TTACT	ok	False
chr11	120236533	120236534	-	0.0307464	Pvalue	2285	T	TTTTA	ok	False
chr12	66330181	66330182	-	0.0122607	Pvalue	151	T	TCTAT	ok	False
chr12	78889918	78889919	-	0.0104526	Pvalue	83	T	GGTAG	ok	False
chr12	110657481	110657482	-	0.00599747	Pvalue	3954	T	TATTT	ok	False
chr13	86192997	86192998	-	5.48471e-06	Pvalue	329	T	ATTTT	ok	False
chr14	19862178	19862179	-	1.27282e-08	Pvalue	728	T	GGTCT	ok	True
chr14	47013210	47013211	-	4.63582e-12	Pvalue	142	T	AATAC	ok	False
chr14	63380133	63380134	+	0.00126815	Pvalue	135	A	GGACT	ok	True
chr15	31593085	31593086	-	0.0478089	Pvalue	288	T	TGTCT	ok	True
chr15	36596201	36596202	-	4.36768e-20	Pvalue	533	T	GGTAC	ok	False
chr15	98832266	98832267	-	0.00916917	Pvalue	8	T	GGTCT	ok	True
chr16	32451589	32451590	+	0.017611	Pvalue	245	A	TAATA	ok	False
chr17	24383001	24383002	-	0.0495562	Pvalue	19	T	TATAT	ok	False
chr17	27853202	27853203	-	0.0303606	Pvalue	2249	T	CCTCG	ok	False
chr17	34067639	34067640	+	0.0407623	Pvalue	129	A	CCAGG	ok	False
chr17	47086352	47086353	-	2.87875e-06	Pvalue	85	T	AGTCT	ok	True
chr17	88298264	88298265	+	2.0118e-10	Pvalue	372	A	AAAAG	ok	False
chr18	63797320	63797321	-	0.00912568	Pvalue	242	T	AATTA	ok	False
chr18	35070708	35070709	-	0.000239714	Pvalue	467	T	ATTTA	ok	False
chr19	41907033	41907034	+	4.46507e-05	Pvalue	94	A	AGAGC	ok	False
chrx	36062431	36062432	+	1.8102e-05	Pvalue	586	A	AAAAT	ok	False
chrx	135041030	135041031	+	4.66445e-07	Pvalue	166	A	GTATT	ok	False
chrx	158906687	158906688	-	0.0117049	Pvalue	113	T	CTTTT	ok	False
chr1	72891210	72891211	+	0.0123773	Pvalue	191	A	ATACC	ok	False
chr1	120047654	120047655	-	0.00695891	Pvalue	235	T	TTTGA	ok	False
chr1	160030803	160030804	-	0.00073075	Pvalue	299	T	TGTAT	ok	False
chr2	30850765	30850766	-	3.89159e-08	Pvalue	61	T	AGTCC	ok	True
chr2	112092866	112092867	+	0.000323297	Pvalue	395	A	TAAGC	ok	False
chr2	104831659	104831660	-	0.0225399	Pvalue	394	T	GCTCT	ok	False
chr2	148517808	148517809	+	1.08225e-09	Pvalue	133	A	GGACT	ok	True
chr2	154715493	154715494	-	0.0234661	Pvalue	163	T	TCTAT	ok	False
chr2	172857177	172857178	+	0.00806529	Pvalue	116	A	GGACT	ok	True
chr3	95570444	95570445	+	0.0458344	Pvalue	218	A	CTAAC	ok	False
chr3	94792006	94792007	-	0.000991231	Pvalue	910	T	GTTGG	ok	False
chr3	137572236	137572237	+	0.0254649	Pvalue	194	A	GGACT	ok	True
chr4	46472281	46472282	+	0.0489394	Pvalue	573	A	GAATA	ok	False
chr4	55390824	55390825	+	6.03323e-06	Pvalue	42	A	AGAAA	ok	False
chr4	148031252	148031253	+	0.0109312	Pvalue	8	A	GGACT	ok	True
chr4	152411963	152411964	+	0.00355496	Pvalue	1186	A	AAAAA	ok	False
chr4	155917491	155917492	+	7.82041e-08	Pvalue	249	A	CCACT	ok	False
chr5	45668519	45668520	+	0.0257508	Pvalue	176	A	AGATT	ok	False
chr5	108055861	108055862	+	1.22946e-06	Pvalue	592	A	TAAAG	ok	False
chr5	135918203	135918204	+	0.00672373	Pvalue	515	A	TCACC	ok	False
chr5	115700566	115700567	+	9.27222e-05	Pvalue	2819	A	GTACA	ok	False
chr5	147015558	147015559	+	0.000485212	Pvalue	121	A	TTAAT	ok	False
chr5	135814868	135814869	+	0.0328596	Pvalue	115	A	CCATG	ok	False
chr6	29470240	29470241	+	0.00273133	Pvalue	426	A	GCATG	ok	False
chr6	124693904	124693905	+	0.00522421	Pvalue	970	A	AAAGC	ok	False
chr6	144944911	144944912	-	0.00545958	Pvalue	387	T	TTTAA	ok	False
chr7	25367452	25367453	+	0.00348325	Pvalue	240	A	CCACT	ok	False
chr7	4797546	4797547	+	0.0319237	Pvalue	865	A	CCATT	ok	False
chr7	45369750	45369751	+	8.89211e-10	Pvalue	2142	A	GGAGT	ok	False
chr7	46504929	46504930	+	2.09667e-13	Pvalue	1252	A	GGATA	ok	False
chr7	99128116	99128117	-	0.000752121	Pvalue	2196	T	TGTCT	ok	True
chr7	110671520	110671521	-	0.00175414	Pvalue	211	T	AGTAT	ok	False
chr8	71153106	71153107	+	0.0455333	Pvalue	176	A	GAAAA	ok	False
chr8	71321677	71321678	-	0.000155395	Pvalue	67	T	AGTCT	ok	True
chr8	95590256	95590257	+	0.0107099	Pvalue	155	A	TCACG	ok	False
chr8	123829443	123829444	+	0.00847538	Pvalue	477	A	CAAGG	ok	False
chr9	35035731	35035732	-	0.0170054	Pvalue	82	T	TCTCA	ok	False
chr9	59585415	59585416	+	0.000188728	Pvalue	176	A	GTACC	ok	False
chr9	108217522	108217523	+	1.54572e-08	Pvalue	1536	A	ATAAA	ok	False
chr10	29574736	29574737	-	0.00315507	Pvalue	1019	T	TTTTT	ok	False
chr9	78386033	78386034	-	1.08345e-18	Pvalue	8696	T	GCTTT	ok	False
chr10	75695203	75695204	-	6.01695e-09	Pvalue	1042	T	CATTT	ok	False
chr10	79892050	79892051	+	0.0151254	Pvalue	489	A	CTAGC	ok	False
chr10	126858494	126858495	-	0.0332084	Pvalue	138	T	GATCC	ok	False
chr11	3245244	3245245	+	0.00319739	Pvalue	39	A	TCATG	ok	False
chr10	127924967	127924968	+	3.3598e-06	Pvalue	877	A	TCACA	ok	False
chr11	29495860	29495861	-	9.35417e-11	Pvalue	498	T	TTTTT	ok	False
chr11	22951646	22951647	+	0.0116795	Pvalue	236	A	CCATT	ok	False
chr11	59074896	59074897	-	1.41384e-05	Pvalue	285	T	AGTCC	ok	True
chr11	69547926	69547927	-	0.0135424	Pvalue	93	T	GTTAG	ok	False
chr11	58823384	58823385	-	0.000162233	Pvalue	237	T	TATGA	ok	False
chr11	97918735	97918736	+	0.0115931	Pvalue	910	A	GAAAT	ok	False
chr11	100212238	100212239	+	0.0445542	Pvalue	792	A	GAATT	ok	False
chr11	106672611	106672612	-	0.00662896	Pvalue	312	T	TGTCT	ok	True
chr11	115969569	115969570	-	0.0306525	Pvalue	245	T	AATTC	ok	False
chr12	24763295	24763296	+	0.002625	Pvalue	54	A	ACAAC	ok	False
chr13	30724728	30724729	-	0.026014	Pvalue	151	T	ACTAC	ok	False
chr12	110660283	110660284	-	0.00859959	Pvalue	13	T	AATTC	ok	False
chr14	19862063	19862064	-	0.00705884	Pvalue	695	T	CCTTC	ok	False
chr14	47013339	47013340	-	4.19335e-08	Pvalue	135	T	GGTAA	ok	False
chr14	47625443	47625444	-	0.0271518	Pvalue	28	T	ATTTA	ok	False
chr15	11984198	11984199	-	0.0331473	Pvalue	505	T	ATTGT	ok	False
chr15	36596018	36596019	-	2.87176e-06	Pvalue	790	T	AGTAA	ok	False
chr15	81840414	81840415	-	0.00156985	Pvalue	73	T	AGTTG	ok	False
chr15	98935573	98935574	+	6.21215e-05	Pvalue	222	A	GGACT	ok	True
chr16	55790511	55790512	+	0.000302104	Pvalue	2039	A	CAAAG	ok	False
chr16	95923016	95923017	-	0.00019662	Pvalue	1296	T	CCTCA	ok	False
chr17	29469883	29469884	-	8.4343e-05	Pvalue	197	T	CTTGA	ok	False
chr17	34170992	34170993	-	0.000736202	Pvalue	2207	T	TTTAT	ok	False
chr17	57302903	57302904	+	0.0321204	Pvalue	484	A	ACATG	ok	False
chr18	48181385	48181386	+	0.0188607	Pvalue	170	A	CCACC	ok	False
chr18	75135881	75135882	+	0.0060922	Pvalue	735	A	AGATC	ok	False
chr18	77870359	77870360	+	0.00339712	Pvalue	789	A	TAAGT	ok	False
chr19	8954813	8954814	+	0.0178423	Pvalue	1463	A	GAAGA	ok	False
chrx	105247045	105247046	+	0.000315037	Pvalue	299	A	GGATT	ok	False
chr1	60743903	60743904	+	0.0329903	Pvalue	35	A	CCATC	ok	False
chr1	72750842	72750843	+	1.47153e-13	Pvalue	755	A	CCAAG	ok	False
chr1	75192326	75192327	-	0.0159901	Pvalue	530	T	TTTCC	ok	False
chr1	128291581	128291582	-	5.04614e-06	Pvalue	166	T	AATCT	ok	False
chr1	171291462	171291463	+	0.000221184	Pvalue	43	A	AGAGA	ok	False
chr2	34666199	34666200	+	0.0014188	Pvalue	322	A	GAACT	ok	True
chr2	132091437	132091438	-	0.00840438	Pvalue	168	T	AATAC	ok	False
chr2	164406100	164406101	+	9.29292e-12	Pvalue	223	A	CCAGC	ok	False
chr3	87823349	87823350	+	0.00166892	Pvalue	742	A	AAAAT	ok	False
chr3	86045825	86045826	-	0.00255035	Pvalue	3061	T	TCTAA	ok	False
chr3	88228427	88228428	+	0.000133874	Pvalue	1094	A	CTACA	ok	False
chr4	41738893	41738894	-	0.0318762	Pvalue	40	T	GGTGA	ok	False
chr4	63463134	63463135	+	3.28871e-06	Pvalue	31	A	TCAGC	ok	False
chr4	119135329	119135330	-	0.0175997	Pvalue	436	T	TATTG	ok	False
chr5	5832484	5832485	-	0.0189522	Pvalue	14	T	TCTTT	ok	False
chr5	52307715	52307716	-	0.000798694	Pvalue	100	T	TTTTC	ok	False
chr5	115483730	115483731	-	0.0190133	Pvalue	1082	T	ATTTA	ok	False
chr5	129099983	129099984	+	0.000351125	Pvalue	1491	A	AGATC	ok	False
chr5	115699239	115699240	+	1.41566e-48	Pvalue	1072	A	GAAGA	ok	False
chr5	135814886	135814887	+	0.0304708	Pvalue	112	A	CCAAC	ok	False
chr6	131341883	131341884	-	3.11896e-06	Pvalue	490	T	TGTGA	ok	False
chr6	87820344	87820345	-	0.0422383	Pvalue	692	T	AATAG	ok	False
chr7	12764661	12764662	+	0.00319098	Pvalue	1701	A	TGAGA	ok	False
chr7	44480075	44480076	+	0.000687797	Pvalue	163	A	AGATT	ok	False
chr7	44775345	44775346	-	0.00169569	Pvalue	7780	T	CATGA	ok	False
chr7	44772321	44772322	-	2.84442e-42	Pvalue	3849	T	TGTAA	ok	False
chr7	119314532	119314533	-	0.000186227	Pvalue	113	T	TTTTC	ok	False
chr7	110671161	110671162	-	0.0427613	Pvalue	572	T	GATAG	ok	False
chr8	71348036	71348037	-	2.43526e-05	Pvalue	2284	T	TTTTT	ok	False
chr8	73074983	73074984	+	9.21136e-05	Pvalue	449	A	ATAAT	ok	False
chr8	111537273	111537274	-	0.000958448	Pvalue	203	T	ATTAA	ok	False
chr9	44247370	44247371	+	0.000324377	Pvalue	250	A	AAAAA	ok	False
chr9	59586327	59586328	+	4.74392e-05	Pvalue	2307	A	GGACT	ok	True
chr9	108341613	108341614	+	0.0270892	Pvalue	52	A	GGACT	ok	True
chr10	17887028	17887029	-	0.000825684	Pvalue	94	T	TTTTT	ok	False
chr9	114204449	114204450	-	0.0466857	Pvalue	151	T	AGTGT	ok	False
chr10	75773514	75773515	+	0.000360195	Pvalue	1135	A	GGATC	ok	False
chr10	80664922	80664923	+	0.0073173	Pvalue	376	A	TTAGC	ok	False
chr10	88511651	88511652	-	0.0219106	Pvalue	13	T	AGTCT	ok	True
chr10	93697052	93697053	-	0.0387392	Pvalue	208	T	CATGT	ok	False
chr10	128384278	128384279	-	0.00520333	Pvalue	3912	T	CTTTC	ok	False
chr11	29495899	29495900	-	3.17087e-07	Pvalue	518	T	GTTGA	ok	False
chr11	53152565	53152566	-	0.00658118	Pvalue	653	T	CATGT	ok	False
chr11	62443374	62443375	+	0.00566175	Pvalue	164	A	TTACA	ok	False
chr11	72342062	72342063	+	0.0194336	Pvalue	630	A	AAAAA	ok	False
chr11	115071607	115071608	+	0.0497756	Pvalue	42	A	CTAAA	ok	False
chr11	120469184	120469185	-	2.05811e-05	Pvalue	988	T	AATAA	ok	False
chr11	120451176	120451177	-	9.7684e-06	Pvalue	518	T	TATGG	ok	False
chr12	111635816	111635817	-	0.000497042	Pvalue	2239	T	TTTAT	ok	False
chr12	110657569	110657570	-	1.26033e-16	Pvalue	5181	T	TGTTC	ok	True
chr14	4201621	4201622	+	0.000174951	Pvalue	230	A	GGAGT	ok	False
chr14	67253562	67253563	-	6.5068e-07	Pvalue	52	T	AGTCC	ok	True
chr15	34442849	34442850	-	3.66709e-07	Pvalue	271	T	TCTGC	ok	False
chr15	36596157	36596158	-	1.47362e-13	Pvalue	732	T	AGTAA	ok	False
chr15	98847978	98847979	-	0.0218904	Pvalue	442	T	AATCC	ok	False
chr16	13632602	13632603	+	0.00722282	Pvalue	121	A	GAAAA	ok	False
chr16	20362395	20362396	+	0.0338757	Pvalue	79	A	TGAGG	ok	False
chr16	87282472	87282473	-	2.46007e-05	Pvalue	562	T	GATAT	ok	False
chr18	36537154	36537155	-	2.23793e-05	Pvalue	509	T	TTTTT	ok	False
chr18	80265586	80265587	+	0.0319482	Pvalue	429	A	CAAAG	ok	False
chr19	5543649	5543650	+	0.000119434	Pvalue	890	A	TCACC	ok	False
chr19	8955532	8955533	+	1.12231e-06	Pvalue	2244	A	AAAAC	ok	False
chr19	8954713	8954714	+	0.0024187	Pvalue	705	A	GTACT	ok	False
chrx	100492163	100492164	+	0.0135988	Pvalue	343	A	GCATC	ok	False
chr1	59678726	59678727	-	5.06762e-08	Pvalue	265	T	ACTTT	ok	False
chr2	130121089	130121090	+	0.0137206	Pvalue	485	A	TCACA	ok	False
chr5	115236729	115236730	+	0.0135945	Pvalue	108	A	GCACA	ok	False
chr5	129099862	129099863	+	0.0413641	Pvalue	842	A	AGATG	ok	False
chr5	115701364	115701365	+	1.3645e-45	Pvalue	3230	A	CCATC	ok	False
chr5	142958823	142958824	+	0.0148782	Pvalue	1522	A	CCATG	ok	False
chr6	39382515	39382516	-	0.0228005	Pvalue	302	T	TTTTT	ok	False
chr6	67261192	67261193	+	0.038835	Pvalue	722	A	ATAAT	ok	False
chr6	88474521	88474522	+	1.33573e-05	Pvalue	120	A	ATAAA	ok	False
chr6	91499457	91499458	+	0.0233333	Pvalue	417	A	CAAGC	ok	False
chr6	131342216	131342217	-	0.0304564	Pvalue	287	T	GTTGT	ok	False
chr6	122691403	122691404	+	1.04945e-07	Pvalue	597	A	TAAAA	ok	False
chr7	16649393	16649394	-	0.000126314	Pvalue	123	T	GTTTA	ok	False
chr7	19298955	19298956	-	0.00044874	Pvalue	174	T	TGTCT	ok	True
chr7	28439134	28439135	-	6.06323e-05	Pvalue	397	T	ACTGA	ok	False
chr7	4811325	4811326	-	0.00704204	Pvalue	246	T	CCTCA	ok	False
chr7	28671991	28671992	-	0.000187369	Pvalue	1271	T	GCTTA	ok	False
chr7	45370239	45370240	+	0.0425602	Pvalue	2163	A	AAAAA	ok	False
chr7	51397264	51397265	+	0.0233465	Pvalue	87	A	CTACA	ok	False
chr7	46504871	46504872	+	2.13033e-07	Pvalue	1284	A	ATAAC	ok	False
chr7	46472719	46472720	+	0.013347	Pvalue	42	A	ATAAA	ok	False
chr8	96590782	96590783	-	0.00211701	Pvalue	322	T	ATTGT	ok	False
chr9	40716425	40716426	+	7.92027e-94	Pvalue	5283	A	GAAGG	ok	False
chr9	40715824	40715825	+	1.76678e-10	Pvalue	2877	A	TGAGA	ok	False
chr9	78116395	78116396	+	0.0172657	Pvalue	813	A	GAAGT	ok	False
chr9	64083433	64083434	+	1.88755e-08	Pvalue	187	A	TTACA	ok	False
chr9	114586166	114586167	-	0.000170859	Pvalue	179	T	AGTCC	ok	True
chr10	12884897	12884898	+	2.80356e-16	Pvalue	169	A	CCATA	ok	False
chr9	78386009	78386010	-	1.92851e-34	Pvalue	8939	T	GGTAA	ok	False
chr10	75695925	75695926	-	4.75036e-06	Pvalue	695	T	GCTGC	ok	False
chr10	79523967	79523968	+	0.00210898	Pvalue	618	A	TCACC	ok	False
chr10	80240003	80240004	-	0.0234016	Pvalue	653	T	AATCG	ok	False
chr10	81017993	81017994	+	0.00100001	Pvalue	621	A	CTAGA	ok	False
chr10	128328198	128328199	-	0.00414665	Pvalue	417	T	CCTGG	ok	False
chr10	127925909	127925910	+	0.00059304	Pvalue	1594	A	GAACA	ok	True
chr11	6368245	6368246	+	0.0154929	Pvalue	139	A	GCACT	ok	False
chr11	23246522	23246523	+	0.0304606	Pvalue	79	A	GTAAT	ok	False
chr11	55390593	55390594	+	0.0194255	Pvalue	78	A	TAAAC	ok	False
chr11	69557792	69557793	-	0.00703514	Pvalue	1504	T	TTTTG	ok	False
chr11	88815016	88815017	-	0.0405468	Pvalue	68	T	GGTGT	ok	False
chr11	100212320	100212321	+	0.00285002	Pvalue	829	A	GGACT	ok	True
chr11	115914835	115914836	-	0.0242404	Pvalue	77	T	ATTTT	ok	False
chr11	116740870	116740871	-	0.000409305	Pvalue	260	T	ATTTT	ok	False
chr11	115969412	115969413	-	0.0175439	Pvalue	137	T	GTTTT	ok	False
chr11	117746338	117746339	+	2.97649e-10	Pvalue	325	A	GGACT	ok	True
chr12	85273262	85273263	+	0.0139691	Pvalue	214	A	GAAAC	ok	False
chr13	34258523	34258524	-	0.00743306	Pvalue	65	T	GGTAC	ok	False
chr12	110657706	110657707	-	2.71797e-16	Pvalue	4071	T	AATTT	ok	False
chr14	19862293	19862294	-	0.0269651	Pvalue	300	T	ATTAA	ok	False
chr14	4201655	4201656	+	0.0251284	Pvalue	249	A	GAAAT	ok	False
chr14	51164274	51164275	+	2.94993e-05	Pvalue	226	A	GGACT	ok	True
chr14	54804946	54804947	-	0.00331006	Pvalue	87	T	ATTTA	ok	False
chr14	76372408	76372409	+	2.62479e-06	Pvalue	123	A	GAAAA	ok	False
chr15	34441452	34441453	-	3.00412e-11	Pvalue	278	T	ACTGT	ok	False
chr15	43115614	43115615	-	4.79337e-07	Pvalue	275	T	AATCT	ok	False
chr15	36596279	36596280	-	0.000951575	Pvalue	273	T	TTTTT	ok	False
chr15	81925786	81925787	-	0.0132119	Pvalue	248	T	TGTAC	ok	False
chr15	78977555	78977556	+	0.0115088	Pvalue	589	A	AGACA	ok	True
chr15	102003763	102003764	+	0.0182083	Pvalue	127	A	TGAGT	ok	False
chr16	20362382	20362383	+	0.0406752	Pvalue	67	A	GGAGG	ok	False
chr17	13143367	13143368	+	0.00362026	Pvalue	1123	A	GGATT	ok	False
chr17	24043859	24043860	-	0.000611996	Pvalue	1575	T	CATTG	ok	False
chr17	35366264	35366265	+	0.0412373	Pvalue	283	A	TAAAA	ok	False
chr17	56914725	56914726	-	0.000274855	Pvalue	299	T	GCTGG	ok	False
chr18	35071355	35071356	-	9.50174e-05	Pvalue	150	T	AATGC	ok	False
chr19	10607048	10607049	+	0.00802171	Pvalue	741	A	AAACC	ok	True
chrx	73316385	73316386	+	0.00818793	Pvalue	144	A	GAACA	ok	True
chr19	47723745	47723746	+	0.0080092	Pvalue	200	A	TAAAA	ok	False
chrx	158906689	158906690	-	1.26728e-05	Pvalue	102	T	TTTGT	ok	False
